matchId,mapName,gameMode,createdAt,DBNOs,assists,boosts,damageDealt,deathType,headshotKills,heals,killPlace,killStreaks,kills,longestKill,name,playerId,revives,rideDistance,roadKills,swimDistance,teamKills,timeSurvived,vehicleDestroys,walkDistance,weaponsAcquired,winPlace
9c3b2882-2adf-4ce5-9056-e818718f6195,Baltic_Main,solo,2026-01-26T23:41:48Z,0,0,7,170.85225,byzone,1,1,6,1,2,43.184418,Verry94,account.39008c8ee79642f6b422e350d56230bf,0,2256.599,0,0.0,0,1184,0,4067.791,11,20
9c3b2882-2adf-4ce5-9056-e818718f6195,Baltic_Main,solo,2026-01-26T23:41:48Z,0,0,0,397.84018,byplayer,0,0,3,1,4,74.53809,wiuu55_ff,account.6221f63a6ad747b497e731627b15ec02,0,2750.8596,0,0.0,0,1067,0,1568.3281,13,31
9c3b2882-2adf-4ce5-9056-e818718f6195,Baltic_Main,solo,2026-01-26T23:41:48Z,0,0,5,1871.5366,alive,5,4,1,2,21,308.65994,x3xnabi,account.f17258bb29f348fc9152fb694b5c8285,0,5775.3306,4,0.0,0,1511,0,2363.5908,13,1
9c3b2882-2adf-4ce5-9056-e818718f6195,Baltic_Main,solo,2026-01-26T23:41:48Z,0,0,4,1217.2446,byplayer,2,0,2,1,12,286.69388,suk0114,account.50f67a6b5d33425e9bd3cee8e6b7ec75,0,79.235176,0,0.0,0,1480,0,4400.385,8,4
7f63076c-8f55-43a1-8e9d-0135e976a924,Baltic_Main,solo,2026-01-26T23:45:48Z,0,0,5,322.613,byplayer,1,0,8,1,2,261.7395,HK__lee,account.dea35f68864647dc8c059d73d2a16c74,0,3854.556,0,0.0,0,1310,0,1745.0322,8,3
7f63076c-8f55-43a1-8e9d-0135e976a924,Baltic_Main,solo,2026-01-26T23:45:48Z,0,0,9,680.7937,alive,2,0,1,1,7,221.495,e_hansol,account.637b6b3ce24e4cb1ba52eba1a647f868,0,3883.1519,0,0.0,0,1351,0,2451.645,15,1
7f63076c-8f55-43a1-8e9d-0135e976a924,Baltic_Main,solo,2026-01-26T23:45:48Z,0,0,5,202.92502,byplayer,1,0,3,2,4,122.774666,GMP_anuglyPotato,account.771a33bf9fe541bdac70d3b521ed7456,0,4633.842,2,0.0,0,793,0,1280.8557,9,41
ee3a333f-539e-4916-b4ec-ce162c697376,Savage_Main,duo,2026-01-26T23:45:23Z,0,0,4,194.375,byplayer,0,3,9,1,2,26.28303,54237957,account.e2d5df72ee614d9b81ed932d907e592f,1,3443.7183,0,0.0,0,1430,0,2892.0376,9,2
ee3a333f-539e-4916-b4ec-ce162c697376,Savage_Main,duo,2026-01-26T23:45:23Z,1,1,5,650.48486,alive,3,2,2,2,5,139.5951,chs_louis_,account.9a3a39626ec44213812e709e9d875c58,0,0.0,0,0.0,0,1433,0,3796.8245,13,1
ee3a333f-539e-4916-b4ec-ce162c697376,Savage_Main,duo,2026-01-26T23:45:23Z,0,0,0,0.0,byplayer,0,0,99,0,0,0.0,rapstudent20,account.3047f65d7bef4d53b298a71f68eaa69b,0,0.0,0,0.0,0,154,0,193.12973,2,50
ee3a333f-539e-4916-b4ec-ce162c697376,Savage_Main,duo,2026-01-26T23:45:23Z,0,0,0,71.119644,byplayer,0,0,101,0,0,0.0,dbtmdduqqndtls,account.861ef94014c74427a6ec14c4d5449953,0,0.0,0,0.0,0,75,0,42.072514,1,51
ee3a333f-539e-4916-b4ec-ce162c697376,Savage_Main,duo,2026-01-26T23:45:23Z,4,1,8,760.6499,alive,5,4,1,1,7,108.52588,kwonmunsu0618,account.43e71e72c5c44684b5ad3791826733d7,0,0.0,0,0.0,0,1433,0,4137.454,12,1
ee3a333f-539e-4916-b4ec-ce162c697376,Savage_Main,duo,2026-01-26T23:45:23Z,3,0,5,533.7398,byplayer,0,3,4,2,4,320.8944,maekomhangochu,account.92014cc00f9f400b9f2cbe619d87d108,0,3442.3225,0,0.0,0,1430,0,2294.0142,10,2
ee3a333f-539e-4916-b4ec-ce162c697376,Savage_Main,duo,2026-01-26T23:45:23Z,2,0,0,128.88036,byplayer,0,0,100,0,0,0.0,Hi-yeon94,account.f7b1d461bf94493ba02600804be63a55,0,0.0,0,0.0,0,102,0,99.208565,1,50
ee3a333f-539e-4916-b4ec-ce162c697376,Savage_Main,duo,2026-01-26T23:45:23Z,1,2,1,454.8294,byplayer,0,2,5,2,4,26.74027,tjthddn,account.ddced33eff094bd1825c2c10fa754654,0,0.0,0,0.0,0,345,0,677.839,8,42
ee3a333f-539e-4916-b4ec-ce162c697376,Savage_Main,duo,2026-01-26T23:45:23Z,1,0,0,148.0,byplayer,0,0,37,1,1,10.698523,Tycoom0821,account.68e42aaf8e8e4e12b50d603bfb6baa9b,0,185.86307,0,0.0,0,561,0,2002.2631,5,30
ee3a333f-539e-4916-b4ec-ce162c697376,Savage_Main,duo,2026-01-26T23:45:23Z,1,0,2,172.90451,byplayer,1,0,18,2,2,8.308854,copperway,account.01a3475fa3274770963afa768c7b15a6,0,0.0,0,0.0,0,561,0,1906.0459,11,30
ee3a333f-539e-4916-b4ec-ce162c697376,Savage_Main,duo,2026-01-26T23:45:23Z,3,0,2,425.71,byplayer,1,2,3,2,5,53.34043,jsyeon21,account.b9a041d4f5744e0fb2c46ee62d984f59,0,0.0,0,108.36789,0,1199,0,2425.347,9,5
ee3a333f-539e-4916-b4ec-ce162c697376,Savage_Main,duo,2026-01-26T23:45:23Z,2,0,0,169.31787,byplayer,0,4,21,1,2,43.66807,qkrwnsgudaksnfk,account.ae5196d0900d4a6caf3118bbda2f758a,1,0.0,0,0.0,0,345,0,512.3296,6,42
9eaf58e1-06cf-4ca6-892c-45ae17299f9b,Baltic_Main,squad,2026-01-26T23:53:50Z,6,0,8,634.99146,byplayer,1,0,3,2,7,71.84525,DEV_BOSS,account.dbe0f3a536e94d0985417d0e236937d8,0,7485.1216,0,0.0,0,1267,0,1493.4823,10,3
9eaf58e1-06cf-4ca6-892c-45ae17299f9b,Baltic_Main,squad,2026-01-26T23:53:50Z,18,0,7,1978.1644,alive,4,0,1,4,26,128.23091,eldkQnffh,account.c45ded3bc1c4437888552f3939844ab9,0,10327.521,0,0.0,0,1342,0,1828.569,10,1
9eaf58e1-06cf-4ca6-892c-45ae17299f9b,Baltic_Main,squad,2026-01-26T23:53:50Z,0,0,8,60.387657,alive,0,1,35,0,0,0.0,HORANG_2025,account.43859d08d5bd467795348432e58fdd0b,0,7135.9634,0,0.0,0,1342,0,1371.4052,6,1
9eaf58e1-06cf-4ca6-892c-45ae17299f9b,Baltic_Main,squad,2026-01-26T23:53:50Z,6,0,4,818.0741,alive,1,0,2,2,9,97.46649,Creed_JM,account.7a0ee15a0b9d411fb4c86679bd02148e,0,6631.198,0,0.0,0,1342,1,1900.634,15,1
9400bbdb-0981-4659-ba5a-b4f02e6bbae7,Range_Main,solo,2026-01-27T00:09:29Z,0,0,0,0.0,alive,0,0,38,0,0,0.0,ChOnNoM_RaNgKe,account.060870a6e679497dbaf6e22836e40c38,0,0.0,0,0.0,0,1023,0,451.99393,0,1
9400bbdb-0981-4659-ba5a-b4f02e6bbae7,Range_Main,solo,2026-01-27T00:09:29Z,0,0,0,0.0,alive,0,0,36,0,0,0.0,gcgcff,account.96dd8a7476bb4d1e814fe826aa4123c3,0,2433.4983,0,60.19888,0,1197,0,1248.8206,0,1
9400bbdb-0981-4659-ba5a-b4f02e6bbae7,Range_Main,solo,2026-01-27T00:09:29Z,0,0,0,99.0,alive,0,0,41,0,0,0.0,BB_Snitch,account.ee3b88f6397444f299645f5ba739e3a8,0,5.767159,0,0.0,0,929,0,739.25433,0,1
9400bbdb-0981-4659-ba5a-b4f02e6bbae7,Range_Main,solo,2026-01-27T00:09:29Z,0,0,0,0.0,alive,0,0,37,0,0,0.0,Bronze5_,account.87f259d1f6d74181894eab9ab11e6467,0,0.0,0,0.0,0,1026,0,155.60275,0,1
9400bbdb-0981-4659-ba5a-b4f02e6bbae7,Range_Main,solo,2026-01-27T00:09:29Z,0,0,0,0.0,alive,0,0,42,0,0,0.0,Kyun_0910,account.acbe7fa11fc04e028cfe3fd382b7c1d2,0,0.0,0,0.0,0,730,0,996.95905,1,1
9400bbdb-0981-4659-ba5a-b4f02e6bbae7,Range_Main,solo,2026-01-27T00:09:29Z,0,0,0,0.0,alive,0,0,35,0,0,0.0,Yeon_coo,account.4f29070a975f47069cc5af1dc2b09a43,0,0.0,0,0.0,0,1213,0,466.42685,0,1
9400bbdb-0981-4659-ba5a-b4f02e6bbae7,Range_Main,solo,2026-01-27T00:09:29Z,0,0,0,0.0,alive,0,0,40,0,0,0.0,jp5618,account.215c9d3cfffd48019b87801b7ba919ed,0,0.0,0,0.0,0,957,0,3145.9011,0,1
9400bbdb-0981-4659-ba5a-b4f02e6bbae7,Range_Main,solo,2026-01-27T00:09:29Z,0,0,0,0.0,alive,0,0,34,0,0,0.0,Disney_Belle,account.47bfa8d5e1464c098f56323a8ae4212f,0,7601.421,0,11.063432,0,1527,0,2517.5652,0,1
9400bbdb-0981-4659-ba5a-b4f02e6bbae7,Range_Main,solo,2026-01-27T00:09:29Z,0,0,0,567.16,alive,0,0,39,0,0,0.0,kaekae_krong,account.28f1c3715469416792877189cac971d6,0,0.0,0,0.0,0,967,0,562.43005,0,1
9f01b054-01d7-47f8-92d5-a35b19987d4b,Savage_Main,duo,2026-01-27T00:31:05Z,4,1,6,701.8385,byplayer,1,0,7,2,5,80.637375,GIFT_fOu,account.b94042255fff45a5a882bee362f7e04d,0,0.0,0,0.0,0,1118,0,3955.9326,7,1
9f01b054-01d7-47f8-92d5-a35b19987d4b,Savage_Main,duo,2026-01-27T00:31:05Z,3,2,11,731.7799,byplayer,2,4,1,2,8,413.78183,tjthddn,account.ddced33eff094bd1825c2c10fa754654,0,714.23254,0,0.0,0,1363,0,3074.6838,15,2
9f01b054-01d7-47f8-92d5-a35b19987d4b,Savage_Main,duo,2026-01-27T00:31:05Z,0,0,0,0.0,byplayer,0,1,88,0,0,0.0,wang_zzamz1,account.bb1b4d72e3154901a5f20eb2b0b26302,0,0.0,0,0.0,0,164,0,281.07025,1,42
9f01b054-01d7-47f8-92d5-a35b19987d4b,Savage_Main,duo,2026-01-27T00:31:05Z,1,0,0,100.0,byplayer,1,0,39,1,1,1.8276732,ArtShotMin,account.2e5a3295dbd342f39744731053667e55,0,0.0,0,0.0,0,106,0,233.67854,2,51
9f01b054-01d7-47f8-92d5-a35b19987d4b,Savage_Main,duo,2026-01-27T00:31:05Z,3,0,4,399.99997,byplayer,1,1,9,2,4,41.891304,Dokgi__S2,account.8fffa937694441cba6ebac79fbfca763,0,0.0,0,0.0,0,1167,0,3310.291,8,5
9f01b054-01d7-47f8-92d5-a35b19987d4b,Savage_Main,duo,2026-01-27T00:31:05Z,0,2,3,18.0,byplayer,0,1,41,0,0,0.0,BBU__S2,account.2d4d6f6c5ff44224bcb02231cc13bd7f,0,0.0,0,0.0,0,1167,0,3643.6028,10,5
9f01b054-01d7-47f8-92d5-a35b19987d4b,Savage_Main,duo,2026-01-27T00:31:05Z,0,0,0,0.0,byplayer,0,0,100,0,0,0.0,SOSO_PAPA_,account.a12589c65ff94d5aa64e7ad60402f045,0,0.0,0,0.0,0,82,0,44.791622,1,50
9f01b054-01d7-47f8-92d5-a35b19987d4b,Savage_Main,duo,2026-01-27T00:31:05Z,7,0,0,812.3,byplayer,4,0,3,2,7,186.52855,PandaTV_147100,account.2d33faaa1f6a466f99ef590b978b1dc6,0,0.0,0,0.0,0,474,0,1405.0858,4,29
9f01b054-01d7-47f8-92d5-a35b19987d4b,Savage_Main,duo,2026-01-27T00:31:05Z,1,0,0,100.0,byplayer,1,0,36,1,1,7.2153454,MBCEBS,account.92e75f8f469d4116b8ba7a95497d4074,0,0.0,0,0.0,0,241,0,502.26605,2,42
9f01b054-01d7-47f8-92d5-a35b19987d4b,Savage_Main,duo,2026-01-27T00:31:05Z,0,0,0,100.0,byplayer,1,0,37,1,1,35.586594,1997_jg,account.d3f51264e69043d089471889992352f3,0,0.0,0,0.0,0,230,0,330.58508,5,43
9f01b054-01d7-47f8-92d5-a35b19987d4b,Savage_Main,duo,2026-01-27T00:31:05Z,3,0,3,493.62958,byplayer,1,0,2,2,7,117.935165,lilNa_Na,account.4cb34fb23d0f411f80c8b4232faaf98e,0,626.3727,0,0.0,0,737,0,1993.1174,9,16
9f01b054-01d7-47f8-92d5-a35b19987d4b,Savage_Main,duo,2026-01-27T00:31:05Z,0,0,0,19.35,byplayer,0,0,97,0,0,0.0,haeinnnn,account.7d3be5799e9c44548fc6207ef7d7f479,0,0.0,0,0.0,0,160,0,58.318554,1,48
9f01b054-01d7-47f8-92d5-a35b19987d4b,Savage_Main,duo,2026-01-27T00:31:05Z,0,1,0,0.0,byplayer,0,0,101,0,0,0.0,Soyyz1,account.8b44899894e243e483c4981e30d65eee,0,0.0,0,0.0,0,88,0,57.826874,3,51
9f01b054-01d7-47f8-92d5-a35b19987d4b,Savage_Main,duo,2026-01-27T00:31:05Z,5,1,3,380.7209,byplayer,1,1,5,2,6,130.63367,BON_253,account.bcdf7726e5c94965a8489cf904e8d44e,0,631.8779,0,0.0,0,737,0,2312.939,3,16
9f01b054-01d7-47f8-92d5-a35b19987d4b,Savage_Main,duo,2026-01-27T00:31:05Z,0,0,0,0.0,byplayer,0,0,99,0,0,0.0,k_y_chan,account.6ea4b2f452f542048e04bba55783a02e,0,0.0,0,0.0,0,144,0,191.06725,2,48
9f01b054-01d7-47f8-92d5-a35b19987d4b,Savage_Main,duo,2026-01-27T00:31:05Z,1,0,1,128.0,byplayer,0,0,38,1,1,13.259485,2MI_MI,account.e61aae99107f47088d578d9786e2150a,0,0.0,0,0.0,0,117,0,153.03026,1,50
9f01b054-01d7-47f8-92d5-a35b19987d4b,Savage_Main,duo,2026-01-27T00:31:05Z,2,1,4,567.751,byplayer,1,0,4,2,6,57.08878,qkrwnsgudaksnfk,account.ae5196d0900d4a6caf3118bbda2f758a,1,541.32654,0,0.0,0,1363,0,3205.177,16,2
9f01b054-01d7-47f8-92d5-a35b19987d4b,Savage_Main,duo,2026-01-27T00:31:05Z,1,0,3,402.59396,byplayer,0,0,8,2,4,96.27413,ae18just,account.5b0a0aa2e1fd4446a0ff2375d1e33b28,0,0.0,0,0.0,0,1050,0,3324.9792,10,3
9f01b054-01d7-47f8-92d5-a35b19987d4b,Savage_Main,duo,2026-01-27T00:31:05Z,1,1,3,478.32462,alive,1,1,6,1,5,34.393093,fkdldjsqltmxm,account.316de5f48e274f11b7bc9ef08d1ec2c4,0,2334.0918,0,0.0,0,1366,0,4271.277,11,1
9f01b054-01d7-47f8-92d5-a35b19987d4b,Savage_Main,duo,2026-01-27T00:31:05Z,1,1,3,112.240524,byplayer,0,0,19,1,1,9.130277,112_dong,account.995f16449fc74479b937b1085ef774aa,0,0.0,0,0.0,0,968,0,2204.342,10,3
9f01b054-01d7-47f8-92d5-a35b19987d4b,Savage_Main,duo,2026-01-27T00:31:05Z,0,0,0,88.53429,byplayer,0,0,98,0,0,0.0,qodbtjd1,account.faafdcaddd5544da9a9a5d890fdf1ad4,0,0.0,0,0.0,0,160,0,96.97078,5,48
9f01b054-01d7-47f8-92d5-a35b19987d4b,Savage_Main,duo,2026-01-27T00:31:05Z,1,0,0,279.94037,suicide,0,0,18,1,2,9.029791,Essuyer,account.6ad2ec2a158e42eabca2c53994460787,0,0.0,0,0.0,0,143,0,309.46902,3,49
912117e8-37ca-4a84-8fa3-91821aa3690a,Savage_Main,squad,2026-01-27T00:44:16Z,1,1,3,420.5151,alive,0,1,5,2,4,76.42384,simpleace_1mg,account.9e47bb6744eb48e499b5ebaed2e5219d,1,0.0,0,0.0,0,1242,0,3792.9448,10,1
912117e8-37ca-4a84-8fa3-91821aa3690a,Savage_Main,squad,2026-01-27T00:44:16Z,2,2,5,201.9064,byplayer,0,3,30,1,1,124.59863,To-J-Seok,account.78ed41aa69a14ee6a3b6c35dfd8383c6,0,1862.3339,0,0.0,0,900,0,1873.5187,16,10
912117e8-37ca-4a84-8fa3-91821aa3690a,Savage_Main,squad,2026-01-27T00:44:16Z,10,2,6,1268.8816,alive,4,3,1,1,13,212.5341,IVE-An_Yu_Jin,account.37361eb1dd234a36b02f40e3e23a5af2,0,0.0,0,0.0,0,1242,0,4080.3484,8,1
912117e8-37ca-4a84-8fa3-91821aa3690a,Savage_Main,squad,2026-01-27T00:44:16Z,2,1,0,110.0,byplayer,0,0,15,2,2,112.011406,27190,account.900fa0318acb4f1db49d058973cfc00e,1,0.0,0,0.0,0,900,0,2820.4502,8,10
912117e8-37ca-4a84-8fa3-91821aa3690a,Savage_Main,squad,2026-01-27T00:44:16Z,4,1,1,480.637,byplayer,1,0,9,2,3,91.72232,chow-12,account.13d2373467b043bcb768516a91e21622,0,0.0,0,0.0,0,890,0,2024.0306,13,10
912117e8-37ca-4a84-8fa3-91821aa3690a,Savage_Main,squad,2026-01-27T00:44:16Z,5,3,3,568.4409,alive,1,1,2,2,7,209.75168,Lazenca10,account.74c72bacec914da8851ec8498a78b3d2,0,0.0,0,0.0,0,1242,0,4086.448,10,1
912117e8-37ca-4a84-8fa3-91821aa3690a,Savage_Main,squad,2026-01-27T00:44:16Z,5,0,4,377.90558,byplayer,1,2,3,2,5,91.23262,happyjuNhee,account.32604b09d68b4f8c94d4e56d0ec839fd,0,0.0,0,0.0,0,652,0,1800.5979,7,1
b8d8baf5-c702-4ef1-a691-2d86f767a505,Tiger_Main,squad,2026-01-27T00:58:29Z,1,1,0,375.5827,alive,1,0,5,2,4,42.284454,bopwrnpvbjfigorc,account.e8665b02dba44612b63bcb658cf85e7a,0,14011.28,0,0.0,0,1339,0,1128.498,11,1
b8d8baf5-c702-4ef1-a691-2d86f767a505,Tiger_Main,squad,2026-01-27T00:58:29Z,6,1,11,818.60034,alive,3,6,3,2,12,103.56543,mad___bunny,account.a2405ce523954c68a9011caea4b9a801,0,12999.016,0,0.0,0,1339,0,1610.3804,11,1
b8d8baf5-c702-4ef1-a691-2d86f767a505,Tiger_Main,squad,2026-01-27T00:58:29Z,0,0,0,0.0,byplayer,0,0,50,0,0,0.0,milinae1,account.5e5d2d3740684761b9129570ace5ab77,0,3845.753,0,0.0,0,987,0,2650.091,10,8
b8d8baf5-c702-4ef1-a691-2d86f767a505,Tiger_Main,squad,2026-01-27T00:58:29Z,3,0,1,316.51263,byplayer,0,0,8,1,3,31.017967,NAIMDA_1,account.776814014ef04c7f84ebbb64b074e3a1,0,5079.7725,0,0.0,0,907,0,1875.7245,7,9
b8d8baf5-c702-4ef1-a691-2d86f767a505,Tiger_Main,squad,2026-01-27T00:58:29Z,7,0,1,872.5682,byplayer,1,0,4,4,8,110.36084,Unknown_lPLAYERl,account.2f41b5f7333b44d282467defcfd67ff7,0,7379.0786,0,0.0,0,866,1,1474.7637,10,9
b8d8baf5-c702-4ef1-a691-2d86f767a505,Tiger_Main,squad,2026-01-27T00:58:29Z,12,0,4,1348.6455,byplayer,3,2,1,5,14,16.33541,RaquelCristina,account.56be75acc5fe4e0592d6b03ab9bb38f1,0,8921.96,4,0.0,0,922,1,974.1643,20,10
b8d8baf5-c702-4ef1-a691-2d86f767a505,Tiger_Main,squad,2026-01-27T00:58:29Z,1,2,3,150.50932,byplayer,0,0,21,1,1,47.140846,ursa8,account.a310b01332c540ab97b186bf9d216464,0,5728.132,0,0.0,0,938,0,1535.2338,8,9
b8d8baf5-c702-4ef1-a691-2d86f767a505,Tiger_Main,squad,2026-01-27T00:58:29Z,0,0,2,0.0,byplayer,0,0,51,0,0,0.0,ALLROUNDERRRR,account.01b9a6ca175d4477bf27d196e84da8c6,0,3038.699,0,0.0,0,874,0,1908.322,8,8
b8d8baf5-c702-4ef1-a691-2d86f767a505,Tiger_Main,squad,2026-01-27T00:58:29Z,1,0,3,134.5879,byplayer,0,0,20,1,1,12.907832,Wolha-BaekRyun,account.3fc74733f01e47e39de078d2880b0676,0,3626.422,0,0.0,0,864,0,1432.886,12,8
b8d8baf5-c702-4ef1-a691-2d86f767a505,Tiger_Main,squad,2026-01-27T00:58:29Z,3,0,3,305.16568,byplayer,1,2,6,3,4,67.338486,graegraecold,account.211f2dc900f3476683f746fb5c430d68,0,5441.8984,0,0.0,0,938,0,1579.9762,12,9
b8d8baf5-c702-4ef1-a691-2d86f767a505,Tiger_Main,squad,2026-01-27T00:58:29Z,10,5,9,1283.0717,alive,5,1,2,4,13,405.84073,5-_-ddol,account.ae9ca80e245d465b8d230debeb0d1922,0,11936.233,1,0.0,0,1339,0,1273.7865,10,1
b8d8baf5-c702-4ef1-a691-2d86f767a505,Tiger_Main,squad,2026-01-27T00:58:29Z,0,1,3,0.0,byplayer,0,0,52,0,0,0.0,PoPo920,account.7a37c0e895ea43b586d7d96d22fb9709,0,2974.1184,0,0.0,0,872,0,1533.5525,9,8
d79c8ef1-df9f-4956-bd08-bd821cd96d93,Baltic_Main,squad,2026-01-27T01:00:10Z,2,2,1,363.33,alive,0,1,4,2,3,94.94114,choicemam,account.45968c18afd84f6690c5343a5b43b053,0,7798.22,1,0.0,0,1367,0,1906.1816,6,1
d79c8ef1-df9f-4956-bd08-bd821cd96d93,Baltic_Main,squad,2026-01-27T01:00:10Z,6,0,0,662.0651,byzone,2,0,2,5,7,242.28487,1566-8834,account.e18565a474884c77a95445735467e20d,0,985.50073,0,0.0,0,860,0,552.6804,3,22
d79c8ef1-df9f-4956-bd08-bd821cd96d93,Baltic_Main,squad,2026-01-27T01:00:10Z,2,0,2,292.4,byplayer,0,0,7,2,2,11.056388,sdffsaff,account.0c815312ab2e477689a6429386351118,0,2022.7797,0,0.0,0,612,0,750.01636,4,1
d79c8ef1-df9f-4956-bd08-bd821cd96d93,Baltic_Main,squad,2026-01-27T01:00:10Z,4,1,6,544.6819,alive,3,0,1,2,8,265.80548,1pro_,account.7ff795f0d25344cb9c52d5699e868297,0,7445.2495,2,0.0,0,1367,0,1924.6003,10,1
99b39172-07a1-42d2-875f-1b1b49fc4684,Chimera_Main,solo,2026-01-27T01:08:11Z,0,0,9,333.91556,byplayer,0,1,3,1,3,50.017593,PraiseGom,account.705c6450920340cfb5c2a614131606d4,0,0.0,0,0.0,0,1334,0,2742.902,7,2
99b39172-07a1-42d2-875f-1b1b49fc4684,Chimera_Main,solo,2026-01-27T01:08:11Z,0,0,11,730.5999,alive,3,1,1,1,8,186.08641,aka7825,account.f3dcafaa63d7403095fc9f3d01cd984d,0,672.27386,0,0.0,0,1337,0,3092.9673,8,1
99b39172-07a1-42d2-875f-1b1b49fc4684,Chimera_Main,solo,2026-01-27T01:08:11Z,0,0,0,0.0,byplayer,0,0,64,0,0,0.0,rhkdghl1004,account.90ad89a371df4aab9ed7d87ed2402894,0,0.0,0,0.0,0,63,0,31.367302,1,63
99b39172-07a1-42d2-875f-1b1b49fc4684,Chimera_Main,solo,2026-01-27T01:08:11Z,0,0,8,445.29843,byplayer,2,0,2,1,5,122.902306,raaa_oooo,account.622c375ab8834fada1ba979ba23be057,0,879.60736,0,0.0,0,1215,0,2372.8262,7,3
99b39172-07a1-42d2-875f-1b1b49fc4684,Chimera_Main,solo,2026-01-27T01:08:11Z,0,0,0,0.0,byplayer,0,0,60,0,0,0.0,cyc__1,account.a2fcaed4f4cc493eba03aa15b195104d,0,0.0,0,0.0,0,92,0,0.26972875,0,59
4c4e9ee3-2db5-411c-94ca-6a557848d867,Tutorial_Main,solo,2026-01-27T01:31:43Z,0,0,2,0.0,alive,0,1,1,0,0,0.0,BUMESH123,account.04d6415682554dcfa25a667fd75d839b,1,0.0,0,0.0,0,139,0,244.0755,2,1
19e06870-080e-498f-b1d0-1c173a9519bd,Savage_Main,squad,2026-01-27T01:19:53Z,2,0,6,210.06335,alive,0,0,9,1,2,43.02576,YeeeeahSuNim,account.673f4027517445589a1850d89ccbef55,0,2814.305,0,0.0,1,1374,0,3364.9336,10,1
19e06870-080e-498f-b1d0-1c173a9519bd,Savage_Main,squad,2026-01-27T01:19:53Z,10,0,2,1109.9999,byplayer,2,3,2,4,10,53.93518,KMR_wldn,account.9cec9ea584f641b3a465c5cca5e90dcd,0,998.48755,0,0.0,0,645,0,1163.6155,8,12
19e06870-080e-498f-b1d0-1c173a9519bd,Savage_Main,squad,2026-01-27T01:19:53Z,4,0,5,533.99023,byzone,1,0,5,2,5,164.1838,HeadCr4ck,account.8f6b97345a6b44bc87e62025313dbfb6,1,0.0,0,0.0,0,1206,1,3956.4614,8,2
19e06870-080e-498f-b1d0-1c173a9519bd,Savage_Main,squad,2026-01-27T01:19:53Z,9,1,5,964.65454,byplayer,2,2,1,1,11,189.54247,zang216,account.ca9cc8217f3644dda740da61ad406471,1,0.0,0,0.0,0,1371,0,4610.7554,11,2
19e06870-080e-498f-b1d0-1c173a9519bd,Savage_Main,squad,2026-01-27T01:19:53Z,7,1,6,882.1692,alive,1,1,3,3,9,109.20452,ROKATIXX,account.4e8c162db17447ae9832e1103b50f5fd,1,2917.994,0,0.0,0,1374,0,3598.8271,18,1
19e06870-080e-498f-b1d0-1c173a9519bd,Savage_Main,squad,2026-01-27T01:19:53Z,1,3,5,344.37976,byplayer,1,1,6,1,3,120.48079,zex_b,account.e6908d174d3c4c36a847299b2cbc41e8,0,2900.2202,0,0.0,0,1342,0,3934.6992,14,1
19e06870-080e-498f-b1d0-1c173a9519bd,Savage_Main,squad,2026-01-27T01:19:53Z,1,2,7,148.18411,byzone,0,0,24,1,1,33.988876,sinnewsin,account.efead9b4710244829a22fa9f50b0880a,0,0.0,0,0.0,0,1255,0,3971.76,8,3
19e06870-080e-498f-b1d0-1c173a9519bd,Savage_Main,squad,2026-01-27T01:19:53Z,2,0,4,200.0,byplayer,1,0,10,1,2,42.520382,hyun3946,account.c030ca0ed83e4c978f5235ee19474731,0,2918.1262,0,0.0,0,1150,0,2540.9495,9,1
19e06870-080e-498f-b1d0-1c173a9519bd,Savage_Main,squad,2026-01-27T01:19:53Z,1,0,8,100.0,byplayer,0,0,23,1,1,31.650522,loveliveon,account.3cab6f1fe53a4d90948d188af7f279c6,0,0.0,0,0.0,0,1315,0,4019.6584,15,3
19e06870-080e-498f-b1d0-1c173a9519bd,Savage_Main,squad,2026-01-27T01:19:53Z,2,2,6,355.4325,byplayer,1,3,11,2,2,154.05011,todfhfkd,account.bf448a2b5148405ca1d5b535ec96d713,0,0.0,0,0.0,0,1266,0,2958.3167,16,2
19e06870-080e-498f-b1d0-1c173a9519bd,Savage_Main,squad,2026-01-27T01:19:53Z,4,1,3,533.35443,byplayer,2,2,4,1,6,55.28204,bxsxo,account.bb8873c91b884429b9f7519b6f8f2fb6,1,0.0,0,0.0,0,1315,0,3846.6514,14,3
19e06870-080e-498f-b1d0-1c173a9519bd,Savage_Main,squad,2026-01-27T01:19:53Z,3,0,6,241.25383,byzone,1,0,7,1,3,130.50174,HotMinsu,account.b6694beb47024196a742107731f5e6d6,1,0.0,0,45.711666,0,1256,0,4430.822,14,2
19e06870-080e-498f-b1d0-1c173a9519bd,Savage_Main,squad,2026-01-27T01:19:53Z,2,3,8,302.31122,byplayer,0,8,12,1,2,62.200024,BA-TU0_0,account.dd87388c2f4c491cb1305003c5e790b7,0,0.0,0,0.0,0,1260,0,2190.6936,14,3
990db569-d94a-43ae-b7a2-6899a8575208,Range_Main,clansolo,2026-01-27T00:46:31Z,0,0,0,0.0,alive,0,0,1,0,0,0.0,ShuShuShoot,account.84e46b65a5b145ceb7ad02cedf981677,0,0.0,0,0.0,0,3608,0,4749.495,7,1
8053250d-40ef-450d-b1f4-b38056ec29e8,Baltic_Main,duo,2026-01-27T01:26:04Z,2,1,5,413.25568,byplayer,1,3,2,1,5,165.94063,youmom0415,account.8696a49b12454a8ebc1d083ba631ac7d,0,4982.6724,0,0.0,0,1441,0,3637.0205,9,2
8053250d-40ef-450d-b1f4-b38056ec29e8,Baltic_Main,duo,2026-01-27T01:26:04Z,2,1,6,484.16064,alive,1,1,1,2,5,247.86223,y-ve1y,account.7f14ba30e1564123adde07a5924fd969,0,2878.5518,0,0.0,0,1444,0,2011.7507,9,1
8053250d-40ef-450d-b1f4-b38056ec29e8,Baltic_Main,duo,2026-01-27T01:26:04Z,0,0,6,268.83768,byplayer,0,8,6,1,3,136.01631,gyouun0,account.393fbad31ee9434885c0239f73314c39,0,4806.162,0,0.0,0,1441,0,3687.0986,7,2
8053250d-40ef-450d-b1f4-b38056ec29e8,Baltic_Main,duo,2026-01-27T01:26:04Z,1,3,7,409.24042,alive,0,1,5,1,3,203.26295,NOBESSE,account.a9c1b25d69c8439398ac84f91cedc5fc,0,3287.557,0,0.0,0,1444,0,2627.4812,10,1
6099e31e-c8aa-48f2-9882-6425ea95cb3a,Tiger_Main,squad,2026-01-27T01:28:39Z,7,1,1,655.00006,byzone,0,1,4,2,7,13.168068,s2gsch4,account.3e648b7d3ae84bc89f63a5bc52d96338,2,5814.085,4,0.0,0,1019,0,998.5255,7,14
6099e31e-c8aa-48f2-9882-6425ea95cb3a,Tiger_Main,squad,2026-01-27T01:28:39Z,0,0,7,244.03993,byplayer,0,7,10,1,2,150.43385,53215616,account.d024addf20ad4105956e2d0183bc385f,0,7553.563,0,55.818546,0,1318,0,2306.377,8,5
6099e31e-c8aa-48f2-9882-6425ea95cb3a,Tiger_Main,squad,2026-01-27T01:28:39Z,1,0,4,200.0,byplayer,0,2,11,1,2,8.565954,nhgfjpk,account.1b3a12c561d54a02a9340187827ea6a8,0,7543.981,1,0.0,0,1202,0,1198.902,7,7
6099e31e-c8aa-48f2-9882-6425ea95cb3a,Tiger_Main,squad,2026-01-27T01:28:39Z,3,0,6,264.59998,byplayer,2,2,6,1,3,10.786848,Sey892,account.664ee59093c6470194022e9bf4b51ada,0,4719.766,0,0.0,0,1146,0,2428.74,4,7
6099e31e-c8aa-48f2-9882-6425ea95cb3a,Tiger_Main,squad,2026-01-27T01:28:39Z,1,0,0,69.83241,byplayer,0,0,14,2,2,4.65512,Justin_Kambros,account.8f8c06be5c964117bf83e5164f2fd774,0,6528.0586,2,0.0,0,989,0,104.56682,0,14
6099e31e-c8aa-48f2-9882-6425ea95cb3a,Tiger_Main,squad,2026-01-27T01:28:39Z,0,0,0,0.0,byplayer,0,0,65,0,0,0.0,USER_ANDY,account.90b397f3463f4219806e084d61d2d56a,0,2045.5667,0,0.0,0,947,0,2576.1255,11,15
6099e31e-c8aa-48f2-9882-6425ea95cb3a,Tiger_Main,squad,2026-01-27T01:28:39Z,5,1,3,748.2539,alive,1,0,3,3,7,67.395584,fteykr,account.fa1df144e4354a6fa552be3360c45f1d,1,1844.4952,0,0.0,0,1429,0,3680.819,7,1
6099e31e-c8aa-48f2-9882-6425ea95cb3a,Tiger_Main,squad,2026-01-27T01:28:39Z,6,1,5,852.5495,alive,6,1,2,2,7,70.81425,defense__soo,account.71a0a36786a34c22972c9b978efddf59,1,654.6343,0,0.0,0,1429,0,3488.8916,13,1
6099e31e-c8aa-48f2-9882-6425ea95cb3a,Tiger_Main,squad,2026-01-27T01:28:39Z,0,0,0,99.78891,byplayer,0,0,66,0,0,0.0,BIG_ANDY123456,account.e1f770eb968a48479e5349dad31cef80,0,2039.0657,0,0.0,0,918,0,2374.843,8,15
6099e31e-c8aa-48f2-9882-6425ea95cb3a,Tiger_Main,squad,2026-01-27T01:28:39Z,10,1,12,1606.8301,alive,4,4,1,3,17,132.72128,d0b_pet,account.6859bb35d6ae40e090b4c8f457a3d59a,0,2374.8853,0,0.0,0,1429,1,3817.1306,11,1
be1a5008-d0cc-4685-b2ca-89a0e69a04ea,Tiger_Main,solo,2026-01-27T01:38:27Z,0,0,9,75.41553,byplayer,0,0,47,0,0,0.0,BWRPCH,account.ccd61f3d989d40c1ae37eb5c7eae1483,0,1288.4781,0,0.0,0,1101,0,2870.5886,11,17
be1a5008-d0cc-4685-b2ca-89a0e69a04ea,Tiger_Main,solo,2026-01-27T01:38:27Z,0,0,3,986.42224,byplayer,5,0,1,2,10,414.92007,sellbao,account.9af820dbf3f94bdab7dd0b61c94e5739,0,3334.4521,1,0.0,0,977,0,1432.2186,11,23
be1a5008-d0cc-4685-b2ca-89a0e69a04ea,Tiger_Main,solo,2026-01-27T01:38:27Z,0,0,1,259.0,byplayer,1,2,4,1,3,83.92278,9994y,account.09fba5477e5a4d1e888a53700fb87b64,0,4423.984,0,0.0,0,1465,0,3868.0425,8,2
be1a5008-d0cc-4685-b2ca-89a0e69a04ea,Tiger_Main,solo,2026-01-27T01:38:27Z,0,0,10,843.91766,alive,0,8,2,1,6,368.19696,Myb_Blanc,account.29832d1605454346b6147ea3f248a041,0,8478.7,0,0.0,0,1468,0,2451.921,15,1
be1a5008-d0cc-4685-b2ca-89a0e69a04ea,Tiger_Main,solo,2026-01-27T01:38:27Z,0,0,0,0.0,byzone,0,0,52,0,0,0.0,parkdo7871,account.05d3e5206f7f4b7c81423600f54512f8,0,3862.085,0,56.617764,0,894,0,1859.0076,4,27
be1a5008-d0cc-4685-b2ca-89a0e69a04ea,Tiger_Main,solo,2026-01-27T01:38:27Z,0,0,0,0.0,byplayer,0,0,70,0,0,0.0,LORDOFUNJI,account.06e096a283a444b798bf4765507236ed,0,1314.003,0,0.0,0,499,0,556.69434,3,58
be1a5008-d0cc-4685-b2ca-89a0e69a04ea,Tiger_Main,solo,2026-01-27T01:38:27Z,0,0,3,630.86163,byplayer,1,1,3,1,5,262.90112,mnb8227,account.8fcd397335a4487bb07f431077dbe2eb,0,0.0,0,0.0,0,676,0,1127.0693,6,37
be1a5008-d0cc-4685-b2ca-89a0e69a04ea,Tiger_Main,solo,2026-01-27T01:38:27Z,0,0,5,0.0,byplayer,0,4,44,0,0,0.0,1972yearslater,account.fec8b47b136a408d9fdb728d8dd8bbe6,0,8146.533,0,0.0,0,1126,0,1753.4366,10,13
be1a5008-d0cc-4685-b2ca-89a0e69a04ea,Tiger_Main,solo,2026-01-27T01:38:27Z,0,0,1,250.45105,byplayer,1,12,5,1,3,143.00922,MK-METAL-007,account.c84fd340de1a4fedaf3e88bbf7535ba3,0,1482.4722,0,0.0,0,1256,0,4657.8853,5,6
be1a5008-d0cc-4685-b2ca-89a0e69a04ea,Tiger_Main,solo,2026-01-27T01:38:27Z,0,0,0,0.0,byplayer,0,0,94,0,0,0.0,wnrdlwlak0,account.cd32050dd1904821809643a2746622e9,0,0.0,0,0.0,0,98,0,71.238335,1,93
1b96485d-772b-4a6d-adc8-84e491ed1f44,Neon_Main,squad,2026-01-27T01:39:18Z,0,1,11,80.0,byplayer,0,0,16,1,1,16.11547,DIC_Hoyeha,account.e13174588fac4a879a6e1db5b7d85994,1,4510.0327,0,0.0,0,1406,1,2976.5115,13,4
1b96485d-772b-4a6d-adc8-84e491ed1f44,Neon_Main,squad,2026-01-27T01:39:18Z,0,0,3,27.253431,byplayer,0,2,43,0,0,0.0,DIA_lilillilil,account.bbfc7207117945ce897db18d804f7884,0,4425.8657,0,0.0,0,1076,0,2104.1875,14,9
1b96485d-772b-4a6d-adc8-84e491ed1f44,Neon_Main,squad,2026-01-27T01:39:18Z,0,0,6,72.04849,byplayer,0,3,53,0,0,0.0,dlgkrals8,account.2e5aa47dffd14f7dbdbd820e5335832d,0,0.0,0,0.0,0,686,0,1208.7443,7,13
1b96485d-772b-4a6d-adc8-84e491ed1f44,Neon_Main,squad,2026-01-27T01:39:18Z,1,1,8,206.30228,byplayer,1,4,24,1,1,11.5615635,qudtlszjtgnEkfz,account.6350d62967854777b03006bd7dcf206d,0,2259.7117,0,0.0,0,1061,0,1887.0529,10,10
1b96485d-772b-4a6d-adc8-84e491ed1f44,Neon_Main,squad,2026-01-27T01:39:18Z,1,0,5,196.81897,byplayer,0,1,20,1,1,5.832334,TMN_Pushcold,account.228547b4cefe4e10ba446ba3a51f7e07,1,7803.649,0,0.0,0,1183,1,2153.743,13,6
1b96485d-772b-4a6d-adc8-84e491ed1f44,Neon_Main,squad,2026-01-27T01:39:18Z,0,0,1,0.0,byplayer,0,0,44,0,0,0.0,audgh3859,account.74ba67fc414742c896450c6d302b4208,0,322.59683,0,0.0,0,758,0,1359.5072,5,9
1b96485d-772b-4a6d-adc8-84e491ed1f44,Neon_Main,squad,2026-01-27T01:39:18Z,1,0,4,224.9694,byplayer,1,7,7,1,3,20.512295,300_SODAAA,account.b6640807c0e646a282ea165d4f58331e,0,2167.3953,0,0.0,0,1100,1,2084.7664,8,2
1b96485d-772b-4a6d-adc8-84e491ed1f44,Neon_Main,squad,2026-01-27T01:39:18Z,1,0,6,193.57568,byplayer,1,0,19,1,1,8.501863,Y3T_Mandu,account.09ab3a8fc8834aceab4100e84884fb96,1,7525.2036,0,0.0,0,1183,0,2037.175,13,6
1b96485d-772b-4a6d-adc8-84e491ed1f44,Neon_Main,squad,2026-01-27T01:39:18Z,0,0,0,0.0,byplayer,0,0,60,0,0,0.0,Ma-Po-Dae-Kyo,account.fcc0c296534e4ffc8e60344b022ffc86,0,0.0,0,0.0,0,109,0,28.454836,1,15
1b96485d-772b-4a6d-adc8-84e491ed1f44,Neon_Main,squad,2026-01-27T01:39:18Z,0,0,0,24.958374,byplayer,0,0,58,0,0,0.0,Psycho_Tiger,account.2e2d2c8153d241bc9271d1cdfbc25a45,0,0.0,0,0.0,0,275,0,396.33246,2,14
1b96485d-772b-4a6d-adc8-84e491ed1f44,Neon_Main,squad,2026-01-27T01:39:18Z,0,1,7,102.0,byplayer,0,14,46,0,0,0.0,HC_Mk12,account.7bec992d501f44949c59968ccfb31d92,1,3655.4238,0,0.0,0,1007,0,2016.9164,6,11
1b96485d-772b-4a6d-adc8-84e491ed1f44,Neon_Main,squad,2026-01-27T01:39:18Z,2,0,8,290.6993,byplayer,0,0,17,1,1,54.37285,DAF_SxnDxe,account.6352cd557aab44fd8dbc93d62d4c30e5,0,4839.736,0,0.0,0,1402,1,2823.6235,13,4
1b96485d-772b-4a6d-adc8-84e491ed1f44,Neon_Main,squad,2026-01-27T01:39:18Z,0,0,5,26.866928,byplayer,0,1,47,0,0,0.0,DADURUWA_OOOOO,account.c920406cbc334322a49762758165044a,0,6201.045,0,0.0,0,972,0,1845.4668,8,12
1b96485d-772b-4a6d-adc8-84e491ed1f44,Neon_Main,squad,2026-01-27T01:39:18Z,1,1,5,182.56001,byplayer,0,7,21,1,1,26.318514,raniBBOng,account.c78828d4566d40abb9d382bb61e6b5cc,1,5443.7397,0,0.0,0,1040,0,1779.9744,12,7
1b96485d-772b-4a6d-adc8-84e491ed1f44,Neon_Main,squad,2026-01-27T01:39:18Z,0,1,4,94.33359,byplayer,0,1,38,0,0,0.0,Y3T_D9,account.7d4bbb24bd3946db84560ec88aa5057a,0,3855.675,0,0.0,0,868,0,1014.5674,9,6
1b96485d-772b-4a6d-adc8-84e491ed1f44,Neon_Main,squad,2026-01-27T01:39:18Z,0,1,8,196.63298,alive,0,6,33,0,0,0.0,DTT_0214,account.94d64e73ebee42aa8fecbbc10c3aae44,2,3962.258,0,0.0,0,1497,0,2700.895,13,1
1b96485d-772b-4a6d-adc8-84e491ed1f44,Neon_Main,squad,2026-01-27T01:39:18Z,2,0,6,185.13625,byplayer,0,6,13,1,2,160.75763,TokJaeHun,account.7eb81ba3d29a4219849a9d308a5b9ff8,0,2467.281,0,0.0,0,969,0,2190.1116,10,11
1b96485d-772b-4a6d-adc8-84e491ed1f44,Neon_Main,squad,2026-01-27T01:39:18Z,2,2,1,322.84015,byplayer,0,1,15,1,1,212.5867,Lm_Ryu,account.43700c1d9b2d4931b416bc1d50a2d37b,0,7471.443,0,0.0,0,1484,1,3058.0676,17,3
1b96485d-772b-4a6d-adc8-84e491ed1f44,Neon_Main,squad,2026-01-27T01:39:18Z,0,0,7,0.0,byplayer,0,2,35,0,0,0.0,DAF_DALBONG_-v,account.41aa66d5e06745398c865eca60ca2b1f,0,5132.0273,0,0.0,0,1318,0,2935.0486,7,4
1b96485d-772b-4a6d-adc8-84e491ed1f44,Neon_Main,squad,2026-01-27T01:39:18Z,1,0,0,100.0,byplayer,0,0,27,1,1,10.719427,D4_manggo,account.e544db5e3f4d455686b51695347bc755,0,0.0,0,0.0,0,130,0,124.02413,2,13
1b96485d-772b-4a6d-adc8-84e491ed1f44,Neon_Main,squad,2026-01-27T01:39:18Z,0,0,5,125.33914,byplayer,0,3,48,0,0,0.0,han300,account.fb6a04b0783443398c4bd72708925aa2,0,8204.1875,0,0.0,0,972,0,1069.9761,5,12
1b96485d-772b-4a6d-adc8-84e491ed1f44,Neon_Main,squad,2026-01-27T01:39:18Z,0,0,2,120.75612,byplayer,0,1,50,0,0,0.0,Killme0000,account.f37a1ec0dfc04e3dba52377352a03fa0,1,6696.7734,0,0.0,0,935,0,1389.4949,12,12
1b96485d-772b-4a6d-adc8-84e491ed1f44,Neon_Main,squad,2026-01-27T01:39:18Z,1,0,0,89.993546,byplayer,0,0,30,1,1,21.0386,hoooo0-_-,account.6d43057fd515460192222cf93b9ee846,0,0.0,0,0.0,0,176,0,176.53352,1,15
1b96485d-772b-4a6d-adc8-84e491ed1f44,Neon_Main,squad,2026-01-27T01:39:18Z,6,0,4,608.0969,alive,0,4,1,2,7,139.48358,DIC_Guntiple,account.c2db7803bc73470385f6e5cba696d88a,0,5170.3413,0,0.0,0,1497,0,2390.5063,10,1
1b96485d-772b-4a6d-adc8-84e491ed1f44,Neon_Main,squad,2026-01-27T01:39:18Z,2,0,3,296.41998,byplayer,0,5,52,0,0,0.0,flqkdldkzjaks,account.59617d992a7b41c9bfc315f0c00572f9,0,336.82068,0,0.0,0,772,0,1386.5013,8,13
1b96485d-772b-4a6d-adc8-84e491ed1f44,Neon_Main,squad,2026-01-27T01:39:18Z,2,0,4,115.399994,byplayer,0,2,11,2,2,26.40641,WallGang24,account.fc8ec2a1645c42979fdfeb502f72cbaa,1,2966.0273,0,0.0,0,1031,1,1660.6813,13,10
1b96485d-772b-4a6d-adc8-84e491ed1f44,Neon_Main,squad,2026-01-27T01:39:18Z,0,0,4,224.18689,byplayer,0,3,25,1,1,2.0249763,qudtlszjtqurEkfz,account.cb96e1805d7e4603b1064bf851c9df12,1,2304.5767,0,0.0,0,1061,0,2098.7861,8,10
1b96485d-772b-4a6d-adc8-84e491ed1f44,Neon_Main,squad,2026-01-27T01:39:18Z,0,1,8,118.4758,byplayer,0,3,37,0,0,0.0,Jyunnlm,account.499d5477b2ce4bb9a6dc3e4933861fda,0,8138.635,0,0.0,0,1183,0,2069.0112,7,6
1b96485d-772b-4a6d-adc8-84e491ed1f44,Neon_Main,squad,2026-01-27T01:39:18Z,0,0,7,46.617462,byplayer,0,3,42,0,0,0.0,bravomylife12,account.24efa5fc68d840bfae13c0df5a67cdab,1,4257.5444,0,0.0,0,1076,0,2755.0298,9,9
1b96485d-772b-4a6d-adc8-84e491ed1f44,Neon_Main,squad,2026-01-27T01:39:18Z,3,2,3,274.93,byplayer,0,4,22,1,1,41.033463,Taycan4,account.b188279808da42c996b0e855fd5e10a2,2,6824.778,0,0.0,0,1135,0,2213.4097,5,8
1b96485d-772b-4a6d-adc8-84e491ed1f44,Neon_Main,squad,2026-01-27T01:39:18Z,2,0,6,230.36487,byplayer,1,6,3,2,5,90.64261,YuNuBBong99,account.e2824630b9c449e1ad54938da08544c2,0,6057.5723,2,0.0,0,1085,0,1846.0555,11,7
1b96485d-772b-4a6d-adc8-84e491ed1f44,Neon_Main,squad,2026-01-27T01:39:18Z,0,1,4,119.50266,byplayer,0,3,41,0,0,0.0,timebreath,account.e786922071cf4f3484cb9e705cad9fa3,0,5091.8384,0,0.0,0,1017,0,2016.4628,9,8
1b96485d-772b-4a6d-adc8-84e491ed1f44,Neon_Main,squad,2026-01-27T01:39:18Z,2,1,3,283.21478,byplayer,0,1,10,1,2,39.63593,Egg_Dubu,account.5fcda3a4117c46e1a4df9441297ee1c0,0,5141.1924,0,0.0,0,1135,0,2789.4302,8,8
1b96485d-772b-4a6d-adc8-84e491ed1f44,Neon_Main,squad,2026-01-27T01:39:18Z,4,0,4,506.37634,byplayer,0,1,8,1,2,142.52649,lliiilillillil,account.47a94b48a3a34deda7072b067996f6a6,0,9331.322,0,0.0,0,1406,0,2332.851,9,4
1b96485d-772b-4a6d-adc8-84e491ed1f44,Neon_Main,squad,2026-01-27T01:39:18Z,0,0,0,0.0,byplayer,0,0,56,0,0,0.0,Terry_Kim_UHA,account.4502ab2b132948e087d5b183bca32cf2,0,0.0,0,0.0,0,173,0,169.68648,3,13
1b96485d-772b-4a6d-adc8-84e491ed1f44,Neon_Main,squad,2026-01-27T01:39:18Z,4,1,6,781.91943,byplayer,1,2,2,1,5,39.67249,rowlflwl,account.0a41d1e735b44b7f97fb2e6defa1a9d3,0,0.0,0,0.0,0,1300,1,2626.8374,15,2
1b96485d-772b-4a6d-adc8-84e491ed1f44,Neon_Main,squad,2026-01-27T01:39:18Z,1,0,7,317.70825,byplayer,0,3,18,1,1,5.457511,DIC_ZETI,account.9ed7bc5fb6a2429581e3b8cbd7e1c995,0,4736.24,0,0.0,0,1229,0,2968.466,9,5
1b96485d-772b-4a6d-adc8-84e491ed1f44,Neon_Main,squad,2026-01-27T01:39:18Z,0,0,7,92.26254,byplayer,0,5,36,0,0,0.0,choiseunghoo,account.9341921b4a644d1b97c8f54391779e93,0,2517.5767,0,0.0,0,1229,0,2360.2664,18,5
1b96485d-772b-4a6d-adc8-84e491ed1f44,Neon_Main,squad,2026-01-27T01:39:18Z,1,0,6,195.99998,byplayer,1,7,9,1,2,53.742252,DynaO,account.b5717850768c4f5aa227c4564b3585e2,0,6284.5713,0,0.0,0,1156,0,2052.8103,8,7
1b96485d-772b-4a6d-adc8-84e491ed1f44,Neon_Main,squad,2026-01-27T01:39:18Z,0,1,9,46.529995,alive,0,2,32,0,0,0.0,ohbaby_gak,account.b19e9039a113434294b042955a69624b,0,3614.6758,0,0.0,0,1497,1,2853.1963,11,1
1b96485d-772b-4a6d-adc8-84e491ed1f44,Neon_Main,squad,2026-01-27T01:39:18Z,0,0,0,0.0,byplayer,0,0,61,0,0,0.0,wwvvwvvwvwvw,account.98475b7e0b6e42a091a8174fee812abb,0,0.0,0,0.0,0,91,0,46.127384,1,15
1b96485d-772b-4a6d-adc8-84e491ed1f44,Neon_Main,squad,2026-01-27T01:39:18Z,2,1,7,286.4225,byplayer,0,6,12,1,2,24.15854,lIlIllllllIlIIll,account.af2913e5582446b185f5701b99f1698d,0,2608.6553,0,0.0,0,1040,0,1544.288,6,11
1b96485d-772b-4a6d-adc8-84e491ed1f44,Neon_Main,squad,2026-01-27T01:39:18Z,3,2,3,270.21054,byplayer,0,15,26,1,1,12.878052,8282aka,account.b99ca1ff7262482e8b2c0aef9230ef88,2,2873.849,0,0.0,0,1020,1,1360.6166,7,11
1b96485d-772b-4a6d-adc8-84e491ed1f44,Neon_Main,squad,2026-01-27T01:39:18Z,0,0,6,19.785294,byplayer,0,0,54,0,0,0.0,jinilover,account.cdee3c17821f459bba9df20da9f2a047,1,0.0,0,0.0,0,672,0,1401.7642,6,13
1b96485d-772b-4a6d-adc8-84e491ed1f44,Neon_Main,squad,2026-01-27T01:39:18Z,2,3,0,239.95183,byplayer,0,0,51,0,0,0.0,NiiGaG0zARaNi,account.45468792302242cb9f54473be960c048,0,0.0,0,0.0,0,159,0,100.35646,2,12
1b96485d-772b-4a6d-adc8-84e491ed1f44,Neon_Main,squad,2026-01-27T01:39:18Z,4,1,3,569.7445,byplayer,1,2,5,2,4,87.924034,Lm_Jimin,account.e4ba01915ab84b148e1fb4639f23ac8c,0,8838.154,0,0.0,0,1494,0,2448.2964,8,3
1b96485d-772b-4a6d-adc8-84e491ed1f44,Neon_Main,squad,2026-01-27T01:39:18Z,1,0,4,96.599976,byplayer,0,0,23,1,1,4.2095942,klj02070,account.5c610111897f455290c49ca91fe07d16,0,1035.435,1,0.0,0,758,0,1900.5203,10,9
1b96485d-772b-4a6d-adc8-84e491ed1f44,Neon_Main,squad,2026-01-27T01:39:18Z,0,0,0,21.599998,byplayer,0,0,59,0,0,0.0,Psycho_Hyena,account.a00b895b6799485ea728ea9d7fbad571,0,0.0,0,0.0,0,152,0,74.62521,2,14
1b96485d-772b-4a6d-adc8-84e491ed1f44,Neon_Main,squad,2026-01-27T01:39:18Z,0,0,1,0.0,byplayer,0,0,55,0,0,0.0,111111111qw,account.fd789a7ccbd241c1844a7840722c228c,0,0.0,0,0.0,0,312,0,798.84485,5,13
1b96485d-772b-4a6d-adc8-84e491ed1f44,Neon_Main,squad,2026-01-27T01:39:18Z,3,1,1,260.04816,byplayer,1,1,14,1,2,33.311916,TxxBuCWCheillsox,account.87ba54ecae6a4a738137bb1153153c70,0,0.0,0,0.0,0,374,0,1031.5446,16,12
1b96485d-772b-4a6d-adc8-84e491ed1f44,Neon_Main,squad,2026-01-27T01:39:18Z,2,0,0,320.04218,byplayer,0,0,28,1,1,23.995598,WaB_BXXG9,account.f604ffe55bd24ffcab624f27b43b805b,0,0.0,0,0.0,0,349,0,563.9496,2,14
1b96485d-772b-4a6d-adc8-84e491ed1f44,Neon_Main,squad,2026-01-27T01:39:18Z,2,1,6,414.6694,alive,2,2,4,2,4,59.073936,ililliililililli,account.23462378679b4a5cb47e6790c967b3ae,0,3864.1187,0,0.0,0,1497,0,3315.795,8,1
1b96485d-772b-4a6d-adc8-84e491ed1f44,Neon_Main,squad,2026-01-27T01:39:18Z,0,0,4,26.938522,byplayer,0,2,45,0,0,0.0,LTB_XHAMSTER,account.776024995627474abfbf6e5f69d19a82,0,2992.0776,0,0.0,0,1061,0,2082.0107,6,10
1b96485d-772b-4a6d-adc8-84e491ed1f44,Neon_Main,squad,2026-01-27T01:39:18Z,1,0,3,156.9868,byplayer,0,6,40,0,0,0.0,IIlllllIllIllIII,account.6ef046acb2194901978d0f83db3e361f,0,3447.1072,0,10.452026,0,1135,0,2977.7234,13,8
1b96485d-772b-4a6d-adc8-84e491ed1f44,Neon_Main,squad,2026-01-27T01:39:18Z,0,1,5,264.05945,byplayer,0,3,34,0,0,0.0,HellddoddakLM,account.4573add76662491e9163fa490d0f1283,2,7803.8354,0,0.0,0,1494,0,3109.6277,20,3
1b96485d-772b-4a6d-adc8-84e491ed1f44,Neon_Main,squad,2026-01-27T01:39:18Z,2,0,7,489.59637,byplayer,0,2,6,2,4,276.15482,Lm_Aurora,account.a0dbd97385704521bde961e6d791e03d,0,8054.1875,2,0.0,0,1363,0,2034.5165,17,3
1b96485d-772b-4a6d-adc8-84e491ed1f44,Neon_Main,squad,2026-01-27T01:39:18Z,0,0,0,0.0,byplayer,0,0,39,0,0,0.0,SNFNDWL_17,account.ecbc2493d8794e00ad1d27a08af4e230,0,2385.3506,0,0.0,0,676,0,914.85187,11,7
1b96485d-772b-4a6d-adc8-84e491ed1f44,Neon_Main,squad,2026-01-27T01:39:18Z,0,0,0,0.0,byplayer,0,5,29,1,1,2.025091,LESH1230,account.c4e5f95b44b7410fb82d09f3b6843e0d,0,0.0,0,0.0,0,186,0,292.0773,4,15
1b96485d-772b-4a6d-adc8-84e491ed1f44,Neon_Main,squad,2026-01-27T01:39:18Z,0,0,0,71.901726,byplayer,0,0,57,0,0,0.0,Psycho_Redpanda,account.366641dbe4d943818c4ede03f042f93f,0,0.0,0,0.0,0,349,0,407.61456,3,14
1b96485d-772b-4a6d-adc8-84e491ed1f44,Neon_Main,squad,2026-01-27T01:39:18Z,2,0,1,211.62839,byplayer,0,0,49,0,0,0.0,woojoodaddy,account.195b006ad6174b768b0bc2e9924ecb5e,0,6324.7188,0,0.0,0,972,0,1066.2935,8,12
9fd90579-14f5-4982-8f68-4af372f227ea,Savage_Main,squad,2026-01-27T01:46:24Z,0,0,1,0.0,byplayer,0,0,96,0,0,0.0,JustlikethatP,account.1517083d833e4d18a1e7bb7bc87593c6,0,0.0,0,0.0,0,228,0,81.97854,1,25
9fd90579-14f5-4982-8f68-4af372f227ea,Savage_Main,squad,2026-01-27T01:46:24Z,0,0,0,0.0,byplayer,0,0,101,0,0,0.0,MOONSTER11,account.dc6e2f8da55a4574bd574da52367dc43,0,0.0,0,0.0,0,193,0,240.87381,3,27
beab0c3d-49ac-4cb4-b073-8dad48718385,Tiger_Main,squad,2026-01-27T01:51:17Z,2,0,5,151.54764,alive,0,4,2,2,3,44.622303,Delta_RedStar,account.3caaff6c452d488ca3c9b7eaeca13a65,1,5370.73,0,0.0,0,1337,0,1919.1152,15,1
beab0c3d-49ac-4cb4-b073-8dad48718385,Tiger_Main,squad,2026-01-27T01:51:17Z,20,0,10,2514.9849,alive,9,6,1,6,32,291.31543,whatisaug,account.88edd9a97cd54692ad9f93c0d6fc9568,0,3041.7659,0,0.0,0,1337,0,3387.1934,15,1
071ebc9f-bc65-4341-b843-66667a3a7ac3,Baltic_Main,duo,2026-01-27T01:50:05Z,2,4,7,559.1642,alive,1,0,3,1,5,333.52972,Bullsoneshot123,account.ed7f6d59187543d5bcd64a71d91de417,0,4386.3135,0,0.0,0,1499,0,3065.6326,22,1
071ebc9f-bc65-4341-b843-66667a3a7ac3,Baltic_Main,duo,2026-01-27T01:50:05Z,0,0,0,0.0,byzone,0,0,101,0,0,0.0,BALVENIE99,account.9ee8e5154d9d468f8f620cf77556c954,0,0.0,0,1.5826061,0,674,0,137.51234,0,51
071ebc9f-bc65-4341-b843-66667a3a7ac3,Baltic_Main,duo,2026-01-27T01:50:05Z,2,1,4,263.28088,byplayer,0,0,5,1,3,408.5359,minjunja,account.1e7c2b55e4564658bb77200756a0b150,0,8131.4966,0,0.0,0,1495,0,2467.1936,10,2
071ebc9f-bc65-4341-b843-66667a3a7ac3,Baltic_Main,duo,2026-01-27T01:50:05Z,2,1,10,561.8833,alive,4,2,1,2,7,194.86789,5lllililill5,account.80566dbaef064b5d956407103652f92a,0,4086.4465,0,0.0,0,1499,0,3231.6748,20,1
071ebc9f-bc65-4341-b843-66667a3a7ac3,Baltic_Main,duo,2026-01-27T01:50:05Z,0,0,6,188.70749,byplayer,0,0,6,1,3,471.30176,BANGDi1,account.b79217a5aa944de8a7bc9d94964d6eda,0,6946.4575,0,0.0,0,1249,0,1807.1669,8,2
84d7802f-aa89-436d-b74a-13e56733cd04,Baltic_Main,solo,2026-01-27T01:52:22Z,0,0,1,105.23473,byplayer,0,1,19,2,2,80.71415,extra-18,account.1cfe7a1fd27240ac8b21b1567357f625,0,3161.9438,0,0.0,0,497,0,727.2351,6,62
84d7802f-aa89-436d-b74a-13e56733cd04,Baltic_Main,solo,2026-01-27T01:52:22Z,0,0,4,634.5889,byplayer,1,0,2,1,5,312.89627,Lucky_L-M_suk,account.edc4378deaa341159f65e3b3f81b8ed7,0,4385.0815,0,0.0,0,1262,0,2019.7408,6,8
84d7802f-aa89-436d-b74a-13e56733cd04,Baltic_Main,solo,2026-01-27T01:52:22Z,0,0,10,975.2197,alive,1,2,1,2,13,86.347404,Dragon9001,account.7bf31a00fa384a3991741cac493b1167,0,12009.997,0,0.0,0,1467,0,931.25824,21,1
883bcd02-b354-4fd6-a603-694c20e28d7d,Desert_Main,duo,2026-01-27T01:55:02Z,1,0,6,221.71858,byplayer,0,4,11,1,2,6.296756,Phantom4120,account.ac7ecf19e28b4a0c8ab50ab7a2beeefe,0,5222.094,2,0.0,0,1424,0,2314.7827,4,2
883bcd02-b354-4fd6-a603-694c20e28d7d,Desert_Main,duo,2026-01-27T01:55:02Z,4,0,6,658.1974,byplayer,1,0,3,2,5,436.16193,hong12591,account.e15097cb960443a48c366a6905d0019c,0,3551.2593,0,0.0,0,1196,0,2691.0603,8,9
883bcd02-b354-4fd6-a603-694c20e28d7d,Desert_Main,duo,2026-01-27T01:55:02Z,1,0,7,141.99991,byzone,0,2,12,1,2,127.77553,OFFICIALHOLIDAY,account.b061f0f2279941f58783047ec28df697,0,4824.3047,0,0.0,0,1370,0,2796.2383,9,2
883bcd02-b354-4fd6-a603-694c20e28d7d,Desert_Main,duo,2026-01-27T01:55:02Z,1,4,9,427.47592,alive,1,4,10,1,2,43.890644,NOBESSE,account.a9c1b25d69c8439398ac84f91cedc5fc,1,5598.8545,0,0.0,0,1427,1,2923.8574,13,1
883bcd02-b354-4fd6-a603-694c20e28d7d,Desert_Main,duo,2026-01-27T01:55:02Z,4,1,9,558.2484,alive,3,2,1,2,9,467.24277,y-ve1y,account.7f14ba30e1564123adde07a5924fd969,1,5521.6553,0,0.0,0,1427,0,2065.8657,10,1
883bcd02-b354-4fd6-a603-694c20e28d7d,Desert_Main,duo,2026-01-27T01:55:02Z,2,1,4,314.99988,byplayer,0,0,2,1,5,192.60437,bbtonight,account.2cf1dbdc235f466294295af5cff3d11e,0,2476.0156,0,0.0,0,1349,0,3742.9856,5,3
883bcd02-b354-4fd6-a603-694c20e28d7d,Desert_Main,duo,2026-01-27T01:55:02Z,3,1,7,488.18445,byplayer,0,0,15,1,2,189.04451,hibibi666,account.ac87f7b531d34becbb8518a5be883656,0,3368.6658,0,0.0,0,1196,0,2758.8047,11,9
883bcd02-b354-4fd6-a603-694c20e28d7d,Desert_Main,duo,2026-01-27T01:55:02Z,2,1,4,301.00858,byplayer,0,2,5,1,3,39.803226,O_KKILI,account.27ee3390b6624ff2a3742ee89f0da430,0,3211.5735,0,0.0,0,1349,0,1619.811,6,3
3544ba3e-83cd-4671-8f28-13c77a54e302,Savage_Main,duo,2026-01-27T02:08:43Z,7,0,4,1224.9929,byplayer,2,0,2,3,14,97.78892,sobok-,account.a68e8762c1f640d78e1031546c0e7ac7,0,3128.2375,0,0.0,0,1144,0,2759.0293,10,7
3544ba3e-83cd-4671-8f28-13c77a54e302,Savage_Main,duo,2026-01-27T02:08:43Z,0,1,2,0.0,byplayer,0,0,83,0,0,0.0,KANGNURSE,account.d56c2f70da894bf2b149453f66441858,0,0.0,0,0.0,0,390,0,847.841,4,42
3544ba3e-83cd-4671-8f28-13c77a54e302,Savage_Main,duo,2026-01-27T02:08:43Z,4,0,4,966.29645,byplayer,3,7,3,2,10,192.80092,JJuni3,account.c685da02c33f4e0eaefb01c66d38b51c,0,1154.1924,0,0.0,0,1323,0,3761.464,16,2
3544ba3e-83cd-4671-8f28-13c77a54e302,Savage_Main,duo,2026-01-27T02:08:43Z,1,0,1,240.82825,byplayer,0,0,19,1,2,26.224407,Baek_ggu,account.a41f1b1607784b0ba12162567d8b3adf,0,466.70325,0,0.0,0,521,0,1087.1227,14,32
3544ba3e-83cd-4671-8f28-13c77a54e302,Savage_Main,duo,2026-01-27T02:08:43Z,1,1,4,240.49998,alive,2,1,4,1,3,149.19269,nunuzark,account.c55e1c1f9e7f4332a358cba65a69a613,0,0.0,0,0.0,0,1326,0,3749.3455,12,1
3544ba3e-83cd-4671-8f28-13c77a54e302,Savage_Main,duo,2026-01-27T02:08:43Z,0,0,0,17.1,byplayer,0,0,67,0,0,0.0,YangGangstar03,account.ba96cd2e86f54eaca4b21e4b93dc70a8,0,0.0,0,0.0,0,283,0,615.2916,7,32
3544ba3e-83cd-4671-8f28-13c77a54e302,Savage_Main,duo,2026-01-27T02:08:43Z,1,0,0,100.0,byplayer,1,1,35,1,1,21.352625,kangsy1023,account.1f2cea477a2046d1a00c07f912286cd2,0,0.0,0,0.0,0,297,0,592.9616,7,42
3544ba3e-83cd-4671-8f28-13c77a54e302,Savage_Main,duo,2026-01-27T02:08:43Z,1,2,4,261.29993,alive,0,3,5,1,3,176.2657,gwangwangsniper,account.57bd1c77fbcb4f219f104ee96c252dad,0,0.0,0,0.0,0,1326,0,3841.7498,11,1
3544ba3e-83cd-4671-8f28-13c77a54e302,Savage_Main,duo,2026-01-27T02:08:43Z,5,0,10,1263.8087,byplayer,3,0,1,2,14,157.44817,ZKDLFN,account.9f8db7a82b23472092fb335eeffa3807,0,0.0,0,0.0,0,1271,0,4466.838,12,3
3544ba3e-83cd-4671-8f28-13c77a54e302,Savage_Main,duo,2026-01-27T02:08:43Z,0,0,0,0.0,byplayer,0,3,86,0,0,0.0,BBAK_Sniper,account.7a4243cddb024d19bc2b99666cfa297f,0,0.0,0,0.0,0,662,0,966.0386,5,43
d9c9bc49-ff53-4dee-a968-2976d104a5ba,Desert_Main,solo,2026-01-27T02:13:22Z,0,0,12,414.31134,alive,1,1,5,1,5,317.953,Nonoroo,account.746ecfea3a644f1e896fa0128d5ec075,0,1915.6083,0,0.0,0,1622,0,4086.1301,12,1
d9c9bc49-ff53-4dee-a968-2976d104a5ba,Desert_Main,solo,2026-01-27T02:13:22Z,0,0,4,56.23742,byplayer,0,1,30,1,1,78.3512,OppaAppa-,account.dedb63f1e1e9461d9c0c12050f8bcde8,0,3099.6301,0,0.0,0,859,0,2666.8315,6,45
d9c9bc49-ff53-4dee-a968-2976d104a5ba,Desert_Main,solo,2026-01-27T02:13:22Z,0,0,6,119.46414,byplayer,0,2,21,1,1,121.46072,chokchokhai,account.826e6fb41fb34a1e88996096c028950e,0,6179.16,0,0.0,0,1001,0,1543.8191,12,21
d9c9bc49-ff53-4dee-a968-2976d104a5ba,Desert_Main,solo,2026-01-27T02:13:22Z,0,0,7,585.86084,byplayer,1,2,2,2,8,242.41725,Lovel_10,account.b2fc49f1f6f5463581aa2be93050b5f8,0,3368.5713,0,0.0,0,1301,0,2999.9443,6,6
d9c9bc49-ff53-4dee-a968-2976d104a5ba,Desert_Main,solo,2026-01-27T02:13:22Z,0,0,1,127.0,byplayer,0,0,41,1,1,58.259857,cls3502400,account.099fa4f71b4f445e914b6f89eb961513,0,0.0,0,0.0,0,415,0,758.1685,6,80
d9c9bc49-ff53-4dee-a968-2976d104a5ba,Desert_Main,solo,2026-01-27T02:13:22Z,0,0,6,784.648,byplayer,1,2,3,2,8,195.2993,yeomdw_psh,account.4ee173415f3b41c58f531da7b187067c,0,4459.711,0,0.0,0,1189,0,2499.4314,8,13
d9c9bc49-ff53-4dee-a968-2976d104a5ba,Desert_Main,solo,2026-01-27T02:13:22Z,0,0,8,673.27527,byzone,2,2,4,2,7,133.07507,ohoh5980--,account.6ff5fa0b7c304c508f3775245ff0a103,0,3961.3306,1,0.0,0,1192,0,1791.3154,15,11
d9c9bc49-ff53-4dee-a968-2976d104a5ba,Desert_Main,solo,2026-01-27T02:13:22Z,0,0,7,384.8,byplayer,2,2,6,1,4,219.66135,kimkimkimhw,account.bc3edaebc7804da984c66fb5eb135079,0,3786.8235,0,0.0,0,1619,0,2160.8967,11,2
d9c9bc49-ff53-4dee-a968-2976d104a5ba,Desert_Main,solo,2026-01-27T02:13:22Z,0,0,3,1054.8999,byplayer,2,2,1,1,10,195.16832,LWYC_LEE,account.9285261ac1e94afbaf3c242af6d322cb,0,3996.7903,0,0.0,0,1104,0,1360.5602,10,17
d9c9bc49-ff53-4dee-a968-2976d104a5ba,Desert_Main,solo,2026-01-27T02:13:22Z,0,0,4,199.99998,byplayer,0,0,14,1,2,59.64955,P0INT_BREAK,account.50484243a03141a48e92b37398796a6b,0,0.0,0,0.0,0,842,0,1584.7294,12,62
4bb181c1-1b37-4051-b3de-2da13b6984fe,Neon_Main,squad,2026-01-27T02:24:23Z,0,0,0,52.807476,byplayer,0,2,28,1,1,1.0756409,KGM_DUJJONKU,account.89b6e66ead7a44f092296825278240fe,0,0.0,0,0.0,0,125,0,77.65682,1,16
4bb181c1-1b37-4051-b3de-2da13b6984fe,Neon_Main,squad,2026-01-27T02:24:23Z,2,0,0,300.0,byplayer,0,0,15,1,2,15.035624,KGM_V,account.0decad75d9414bf6bd2284674ce3f91c,0,2.6268692,0,0.0,0,125,0,234.99641,4,16
4bb181c1-1b37-4051-b3de-2da13b6984fe,Neon_Main,squad,2026-01-27T02:24:23Z,0,0,1,138.4527,byplayer,0,1,40,0,0,0.0,KO_WING,account.797338977ffd420eb82223d9753bf223,0,0.0,0,0.0,0,269,0,493.19736,3,9
4bb181c1-1b37-4051-b3de-2da13b6984fe,Neon_Main,squad,2026-01-27T02:24:23Z,0,0,0,48.745003,byplayer,0,0,51,0,0,0.0,SSIBZOKBAB_-,account.4863f7cfdfec45f194f6b43faede9685,0,0.0,0,0.0,0,103,0,116.970665,2,18
4bb181c1-1b37-4051-b3de-2da13b6984fe,Neon_Main,squad,2026-01-27T02:24:23Z,0,0,0,21.6,byplayer,0,0,49,0,0,0.0,KGM_OL7LZI,account.9d74a9fb137f46e685fcf6893b51e6f3,1,0.0,0,0.0,0,115,0,178.72363,2,16
4bb181c1-1b37-4051-b3de-2da13b6984fe,Neon_Main,squad,2026-01-27T02:24:23Z,1,0,0,100.0,byplayer,0,0,22,1,1,20.448832,8Swgfl,account.4716f91b5f544b49a17ae112d2ff642e,0,0.0,0,0.0,0,315,0,578.36426,6,8
4bb181c1-1b37-4051-b3de-2da13b6984fe,Neon_Main,squad,2026-01-27T02:24:23Z,0,0,0,0.0,byzone,0,0,62,0,0,0.0,1_2_3_4U,account.76a14b09d2b6419780fb3a11a04db1e0,0,0.0,0,0.0,0,41,0,0.0,0,24
4bb181c1-1b37-4051-b3de-2da13b6984fe,Neon_Main,squad,2026-01-27T02:24:23Z,0,0,1,103.971794,byplayer,0,1,33,0,0,0.0,YES__MAN__,account.a24bd1ad709b459a8f49060a3c46f900,0,4627.926,0,0.0,0,1169,0,2704.2742,8,3
4bb181c1-1b37-4051-b3de-2da13b6984fe,Neon_Main,squad,2026-01-27T02:24:23Z,0,0,0,0.0,byplayer,0,0,48,0,0,0.0,KAR_KIMO,account.fe5d8ee4153f48b88d9d58057e48f72b,0,0.0,0,0.0,0,134,0,119.77085,1,16
4bb181c1-1b37-4051-b3de-2da13b6984fe,Neon_Main,squad,2026-01-27T02:24:23Z,1,0,0,100.0,byplayer,0,0,29,1,1,14.721103,la_manji-,account.f7f0d684071845008a6f7f9f0a10edca,0,0.0,0,0.0,0,94,0,105.59475,2,20
4bb181c1-1b37-4051-b3de-2da13b6984fe,Neon_Main,squad,2026-01-27T02:24:23Z,2,4,8,697.913,alive,2,2,2,2,4,77.30449,P4P_N,account.50eb6cad1ab84eee867d3deb79817f2b,0,5242.7544,0,0.0,0,1338,0,3252.855,12,1
4bb181c1-1b37-4051-b3de-2da13b6984fe,Neon_Main,squad,2026-01-27T02:24:23Z,1,1,0,161.2,byplayer,0,0,39,0,0,0.0,Pola_CrazySense,account.adf7d6d121ae4ac187f13278f882616a,2,0.0,0,0.0,0,269,0,589.6455,6,9
4bb181c1-1b37-4051-b3de-2da13b6984fe,Neon_Main,squad,2026-01-27T02:24:23Z,3,0,0,363.55124,byplayer,1,0,1,3,5,50.37186,aldtjglWkd,account.b209e590284b4885828682d43a87e5b7,0,0.0,0,0.0,0,216,0,566.34595,2,10
4bb181c1-1b37-4051-b3de-2da13b6984fe,Neon_Main,squad,2026-01-27T02:24:23Z,0,0,0,0.0,byplayer,0,0,53,0,0,0.0,x9MIHO_-,account.e3749c45825d489a9575ffc16a42bd18,0,0.0,0,0.0,0,103,0,57.883083,1,18
4bb181c1-1b37-4051-b3de-2da13b6984fe,Neon_Main,squad,2026-01-27T02:24:23Z,0,0,0,17.725758,byplayer,0,0,59,0,0,0.0,andeisxcq,account.ce378c7d23df438e8b70b6e76f952270,0,0.0,0,0.0,0,81,0,47.12782,1,22
4bb181c1-1b37-4051-b3de-2da13b6984fe,Neon_Main,squad,2026-01-27T02:24:23Z,1,0,3,77.25044,byplayer,1,1,18,1,1,5.9382186,TtuBbyKka,account.7a0abbefbe12432a8fbbd95d7eb8db99,1,4657.044,0,25.577492,0,1161,0,1725.6953,13,2
4bb181c1-1b37-4051-b3de-2da13b6984fe,Neon_Main,squad,2026-01-27T02:24:23Z,5,1,1,551.0791,byplayer,2,2,4,2,4,49.96789,Aug_Elite,account.d3e6b0a3051e4ef192004babad2f535f,2,0.0,0,0.0,0,321,0,826.14185,4,8
4bb181c1-1b37-4051-b3de-2da13b6984fe,Neon_Main,squad,2026-01-27T02:24:23Z,0,0,0,0.0,byplayer,0,0,38,0,0,0.0,do_wa_joo_sae_yo,account.9d6d966eceee4e5497e09f240ffd1136,0,0.0,0,0.0,0,210,0,258.31076,2,8
4bb181c1-1b37-4051-b3de-2da13b6984fe,Neon_Main,squad,2026-01-27T02:24:23Z,0,0,1,0.0,byplayer,1,0,25,1,1,12.73006,LTJUNE,account.dba1b935afce4a328f8632c689212cc8,0,0.0,0,0.0,0,192,0,376.48715,2,11
4bb181c1-1b37-4051-b3de-2da13b6984fe,Neon_Main,squad,2026-01-27T02:24:23Z,2,0,4,458.28873,byplayer,0,4,7,2,3,33.34247,KGM_AltF4Plz,account.dc1df11a0bc5442d9f61d79815990dac,0,4119.7593,0,0.0,0,662,0,1470.6556,11,5
4bb181c1-1b37-4051-b3de-2da13b6984fe,Neon_Main,squad,2026-01-27T02:24:23Z,0,0,0,0.0,byplayer,0,0,42,0,0,0.0,zazaza_1111,account.0130da7bb09446ef9b533070c5084216,0,0.0,0,0.0,0,218,0,580.69293,2,11
4bb181c1-1b37-4051-b3de-2da13b6984fe,Neon_Main,squad,2026-01-27T02:24:23Z,0,0,0,68.25,byplayer,0,0,50,0,0,0.0,qh1wlwk2wl,account.7fc1000f23cd4ac2904807f92c342e51,0,0.0,0,0.0,0,120,0,99.939644,3,17
4bb181c1-1b37-4051-b3de-2da13b6984fe,Neon_Main,squad,2026-01-27T02:24:23Z,0,1,0,86.07037,byplayer,0,1,26,1,1,31.073235,KDFSalute,account.d82d41d11ce748ddb67c8098a41b2f74,0,0.0,0,0.0,0,168,0,334.82245,2,11
4bb181c1-1b37-4051-b3de-2da13b6984fe,Neon_Main,squad,2026-01-27T02:24:23Z,0,0,0,33.205452,byplayer,0,0,37,0,0,0.0,Jong_jin_a_ri486,account.0e15505667194a96ae6bc73e90362219,0,0.0,0,0.0,0,143,0,108.96925,2,6
4bb181c1-1b37-4051-b3de-2da13b6984fe,Neon_Main,squad,2026-01-27T02:24:23Z,1,0,1,150.0,byplayer,1,2,11,1,2,31.035688,HanJarry,account.42ef7be219454311b76b94a069a31388,0,0.0,0,0.0,0,358,0,598.42413,8,7
4bb181c1-1b37-4051-b3de-2da13b6984fe,Neon_Main,squad,2026-01-27T02:24:23Z,0,0,0,64.367676,byplayer,0,0,55,0,0,0.0,FBG_LegKing,account.4cf77237aa6e4f24bd78c44a9135c18e,0,0.0,0,0.0,0,94,0,125.99045,1,19
4bb181c1-1b37-4051-b3de-2da13b6984fe,Neon_Main,squad,2026-01-27T02:24:23Z,0,1,6,105.41966,byplayer,0,2,32,0,0,0.0,KJangH,account.15e356e88fc44917970d894daadd7251,0,3719.056,0,9.517577,0,1335,0,3610.466,9,2
4bb181c1-1b37-4051-b3de-2da13b6984fe,Neon_Main,squad,2026-01-27T02:24:23Z,0,0,0,100.0,byplayer,1,0,30,1,1,5.3745556,AGT_BIBIGO,account.819f707de6334fa9b78a7d4561c3601d,0,0.0,0,0.0,0,88,0,102.42084,3,22
4bb181c1-1b37-4051-b3de-2da13b6984fe,Neon_Main,squad,2026-01-27T02:24:23Z,1,2,6,206.63107,byplayer,0,2,20,1,1,16.607471,KIM_KIMBAP,account.2d94ffb4fe6f4660a8b0cfe8d11c926e,0,3119.703,0,0.0,0,1004,0,1981.3457,7,4
4bb181c1-1b37-4051-b3de-2da13b6984fe,Neon_Main,squad,2026-01-27T02:24:23Z,0,0,1,58.5,byplayer,0,0,36,0,0,0.0,znznejr,account.4d9f7648c8b8418cb94165c78c2ea050,0,0.0,0,0.0,0,486,0,1209.5978,7,6
4bb181c1-1b37-4051-b3de-2da13b6984fe,Neon_Main,squad,2026-01-27T02:24:23Z,0,0,0,7.652088,byplayer,0,0,45,0,0,0.0,Thundermeow-,account.c917d9666667427189acd1ac5c712761,0,0.0,0,0.0,0,77,0,60.187283,1,12
4bb181c1-1b37-4051-b3de-2da13b6984fe,Neon_Main,squad,2026-01-27T02:24:23Z,2,0,0,150.27933,byplayer,0,0,16,2,2,6.051396,MonkeySpannerr_-,account.a7913267f7684ab88f4299145baed7e1,0,5.469173,0,0.0,0,125,0,100.67126,1,16
4bb181c1-1b37-4051-b3de-2da13b6984fe,Neon_Main,squad,2026-01-27T02:24:23Z,0,0,3,75.0,byplayer,0,0,17,1,1,5.16694,seongmingood,account.2ded13cca8a74cf7abcf18e900fcf9a9,1,4303.2773,0,16.666456,0,1266,0,2379.6104,7,2
4bb181c1-1b37-4051-b3de-2da13b6984fe,Neon_Main,squad,2026-01-27T02:24:23Z,1,0,0,100.0,byplayer,0,0,23,1,1,2.3466728,chelmadrid,account.63149ce166b5452d8f68612ddefc91ba,0,0.0,0,0.0,0,211,0,418.66208,3,8
4bb181c1-1b37-4051-b3de-2da13b6984fe,Neon_Main,squad,2026-01-27T02:24:23Z,0,0,1,0.0,byplayer,0,0,44,0,0,0.0,KGM_Gireum,account.a868040ae52048329d37bc07439691f4,0,0.0,0,0.0,0,143,0,167.58798,1,11
4bb181c1-1b37-4051-b3de-2da13b6984fe,Neon_Main,squad,2026-01-27T02:24:23Z,2,0,0,275.0,byplayer,0,1,12,1,2,6.164751,1utq,account.dd724f9daf224642a79a1e701295d34d,0,0.0,0,0.0,0,223,0,408.94873,5,11
4bb181c1-1b37-4051-b3de-2da13b6984fe,Neon_Main,squad,2026-01-27T02:24:23Z,0,0,1,38.880005,byplayer,0,0,58,0,0,0.0,wodn1566,account.64ff16a761d84c8698cefd2cba30282b,0,0.0,0,0.0,0,82,0,78.55676,1,22
4bb181c1-1b37-4051-b3de-2da13b6984fe,Neon_Main,squad,2026-01-27T02:24:23Z,0,0,0,60.319626,byplayer,0,0,61,0,0,0.0,ARSGKING,account.e8fc7a42eb0e4001ae90fb6903d4a119,0,0.0,0,0.0,0,70,0,40.387054,1,23
4bb181c1-1b37-4051-b3de-2da13b6984fe,Neon_Main,squad,2026-01-27T02:24:23Z,0,0,2,41.99583,byplayer,0,2,34,0,0,0.0,LunarisHeart,account.c4cb90bf93694e9dbde6f64e985c18c4,0,7410.2183,0,0.0,0,1004,0,1033.2465,7,4
4bb181c1-1b37-4051-b3de-2da13b6984fe,Neon_Main,squad,2026-01-27T02:24:23Z,2,0,2,74.12925,alive,0,0,5,2,3,141.13841,mmddss11,account.8d02eeecb1294d72b511220a931debb0,0,5854.8594,0,0.0,0,1338,0,2822.643,12,1
4bb181c1-1b37-4051-b3de-2da13b6984fe,Neon_Main,squad,2026-01-27T02:24:23Z,1,0,2,159.84879,byplayer,1,0,27,1,1,4.124264,DashiOnda,account.dd5204b013244a5b87b011191d709e13,0,0.0,0,0.0,0,166,0,413.99786,4,13
4bb181c1-1b37-4051-b3de-2da13b6984fe,Neon_Main,squad,2026-01-27T02:24:23Z,0,0,0,31.179827,byplayer,0,0,41,0,0,0.0,o_-Yuriming,account.2c3166d06d574a8aa72ee23c89396d82,0,0.0,0,0.0,0,222,0,447.459,2,9
4bb181c1-1b37-4051-b3de-2da13b6984fe,Neon_Main,squad,2026-01-27T02:24:23Z,0,0,0,0.0,suicide,0,0,47,0,0,0.0,moogiwara,account.5e843ec58c7840ef9c8e0da52233e152,0,260.44708,0,0.0,0,142,0,208.78342,1,15
4bb181c1-1b37-4051-b3de-2da13b6984fe,Neon_Main,squad,2026-01-27T02:24:23Z,0,0,0,16.32367,byplayer,0,0,60,0,0,0.0,785278323,account.a0f6eb44336640a0a7f7147a24514ecd,0,0.0,0,0.0,0,75,0,46.917442,1,22
4bb181c1-1b37-4051-b3de-2da13b6984fe,Neon_Main,squad,2026-01-27T02:24:23Z,0,0,0,0.0,byplayer,0,0,46,0,0,0.0,AYAAYAHAEYO,account.45447dfa2be641258a2d36dc2afc817f,0,0.0,0,0.0,0,153,0,208.34004,4,14
4bb181c1-1b37-4051-b3de-2da13b6984fe,Neon_Main,squad,2026-01-27T02:24:23Z,0,0,0,0.0,byzone,0,0,56,0,0,0.0,sowhatiamBang9,account.24ad96b4c1134fad99e880c4714bf9e3,0,0.0,0,0.0,0,90,0,0.0,0,21
4bb181c1-1b37-4051-b3de-2da13b6984fe,Neon_Main,squad,2026-01-27T02:24:23Z,2,0,0,154.79028,byplayer,0,1,24,1,1,39.988598,o_-Sugom,account.c13950499d4549f793baefdd49b67d05,0,0.0,0,0.0,0,269,0,624.4339,5,9
4bb181c1-1b37-4051-b3de-2da13b6984fe,Neon_Main,squad,2026-01-27T02:24:23Z,2,1,0,215.96977,byplayer,0,0,13,1,2,60.22644,ddung_in_de_yo,account.3203344eaa9a40769f49214e0d307efc,0,0.0,0,0.0,0,178,0,307.17596,4,11
4bb181c1-1b37-4051-b3de-2da13b6984fe,Neon_Main,squad,2026-01-27T02:24:23Z,0,0,0,64.51055,byplayer,0,0,43,0,0,0.0,KGM_K1sOyh,account.0069a3568bb64facbd04405ec5f3ed26,0,0.0,0,0.0,0,170,0,326.91083,2,11
4bb181c1-1b37-4051-b3de-2da13b6984fe,Neon_Main,squad,2026-01-27T02:24:23Z,2,2,8,664.6279,byplayer,1,4,3,1,4,69.88342,R1ON_Faker,account.8866eeaece2049178f2a3ede429c0099,0,7524.7505,0,0.0,0,1296,0,2331.3389,15,1
4bb181c1-1b37-4051-b3de-2da13b6984fe,Neon_Main,squad,2026-01-27T02:24:23Z,1,1,0,100.71548,byplayer,0,3,21,1,1,25.31326,Yu_Nanhee,account.05e9ec78cb6f458cbd50fdf8578bbfb5,0,0.0,0,0.0,0,330,0,695.3275,4,8
4bb181c1-1b37-4051-b3de-2da13b6984fe,Neon_Main,squad,2026-01-27T02:24:23Z,2,1,0,274.62216,byplayer,0,2,14,1,2,23.294102,RDDo3o,account.be5f6d427c8941909aeb1f95890cefbe,0,0.0,0,0.0,0,193,0,417.4308,5,12
4bb181c1-1b37-4051-b3de-2da13b6984fe,Neon_Main,squad,2026-01-27T02:24:23Z,2,1,1,327.88837,byplayer,0,1,9,1,2,11.034381,Terry_Kim_UHA,account.4502ab2b132948e087d5b183bca32cf2,0,902.5687,0,0.0,0,668,0,1098.9764,13,4
4bb181c1-1b37-4051-b3de-2da13b6984fe,Neon_Main,squad,2026-01-27T02:24:23Z,1,0,1,174.6938,byplayer,1,0,19,1,1,9.855107,DG_Dope,account.090dd4e13ff347ef8734daaef7bae742,0,2245.2812,0,0.0,0,1012,0,2387.8665,18,3
4bb181c1-1b37-4051-b3de-2da13b6984fe,Neon_Main,squad,2026-01-27T02:24:23Z,2,0,3,245.08862,byplayer,1,1,10,1,2,116.760056,dbgnstjr123,account.ab88665123d042de954667ef5aa64ee8,0,0.0,0,10.213829,0,486,0,1419.0111,7,6
4bb181c1-1b37-4051-b3de-2da13b6984fe,Neon_Main,squad,2026-01-27T02:24:23Z,0,0,0,21.6,byplayer,0,0,57,0,0,0.0,cacao0928,account.954daed0167f4afca4440a9d45960e0d,0,0.0,0,0.0,0,86,0,49.5938,1,22
4bb181c1-1b37-4051-b3de-2da13b6984fe,Neon_Main,squad,2026-01-27T02:24:23Z,0,0,4,91.59,byplayer,0,0,35,0,0,0.0,puba_99,account.318ad474864643658d68d5a12fbc6a34,0,2423.7056,0,0.0,0,760,0,2207.3894,8,4
4bb181c1-1b37-4051-b3de-2da13b6984fe,Neon_Main,squad,2026-01-27T02:24:23Z,2,1,1,197.75977,byplayer,1,1,8,1,3,54.65898,jonnasinna,account.9d22e88b56904b90bf4f0c45df5907c5,1,2.7057314,0,0.0,0,226,0,565.89056,4,10
4bb181c1-1b37-4051-b3de-2da13b6984fe,Neon_Main,squad,2026-01-27T02:24:23Z,0,0,0,0.0,byplayer,0,0,52,0,0,0.0,rlobll_-,account.91a9353a9dbf48d6aad89e85cd282286,0,0.0,0,0.0,0,103,0,104.07574,1,18
4bb181c1-1b37-4051-b3de-2da13b6984fe,Neon_Main,squad,2026-01-27T02:24:23Z,1,0,0,100.0,byplayer,0,0,54,0,0,0.0,NAERONAMBUL_-,account.aca81df073564900a6e8865d3110ba29,0,0.0,0,0.0,0,71,0,47.607452,1,18
4bb181c1-1b37-4051-b3de-2da13b6984fe,Neon_Main,squad,2026-01-27T02:24:23Z,2,0,5,254.8,byzone,1,2,6,1,3,145.34723,RedCloak_Black,account.b01b07c47f01494bb5f3ae343f5963b2,0,4303.618,0,0.0,0,1025,0,1793.4569,15,1
99f17262-6281-4b00-ae0d-afe46681ca53,Desert_Main,duo,2026-01-27T02:23:14Z,6,0,5,890.0306,byplayer,3,6,1,2,7,586.29565,lsszombiee,account.a215a5dae8634fd18d5142311760378c,0,3316.9238,0,0.0,0,1313,0,2239.2397,11,5
99f17262-6281-4b00-ae0d-afe46681ca53,Desert_Main,duo,2026-01-27T02:23:14Z,1,0,10,483.16663,alive,2,7,2,1,6,41.47192,OFFICIALHOLIDAY,account.b061f0f2279941f58783047ec28df697,0,7392.313,1,0.0,0,1572,0,3103.5334,14,1
99f17262-6281-4b00-ae0d-afe46681ca53,Desert_Main,duo,2026-01-27T02:23:14Z,0,0,2,0.0,byplayer,0,2,45,0,0,0.0,Phantom4120,account.ac7ecf19e28b4a0c8ab50ab7a2beeefe,0,4170.0635,0,0.0,0,944,0,2474.1875,5,1
99f17262-6281-4b00-ae0d-afe46681ca53,Desert_Main,duo,2026-01-27T02:23:14Z,4,0,2,638.3691,byplayer,3,1,7,2,4,45.305138,SCH_0220,account.2334735cd30c4f379a001050694b37fa,0,0.0,0,0.0,0,402,0,755.1327,3,45
e9c02afa-7cf1-4691-828d-8a9e2ea772fb,Savage_Main,duo,2026-01-27T02:30:59Z,4,0,0,798.9911,byplayer,0,1,2,2,8,149.72774,miyouung320,account.1956ca83569e4df49a1d7a3ea04d4517,0,1615.3634,0,0.0,0,929,0,1802.1516,3,18
e9c02afa-7cf1-4691-828d-8a9e2ea772fb,Savage_Main,duo,2026-01-27T02:30:59Z,4,0,7,558.8773,suicide,4,2,1,2,8,69.0054,GOD_IN_Yong,account.5603c2952842417dab4d76234f5d67e4,0,0.0,0,0.0,0,1078,0,3738.8467,7,13
cd8f7218-c4f2-4d2a-9546-6e4204fdffc6,Tiger_Main,squad,2026-01-27T02:33:23Z,0,0,0,0.0,suicide,0,0,101,0,0,0.0,sanawoom,account.c72ba48c5de24787bfc0959449dffc00,0,0.0,0,0.0,0,15,0,0.0,0,26
cd8f7218-c4f2-4d2a-9546-6e4204fdffc6,Tiger_Main,squad,2026-01-27T02:33:23Z,4,0,2,574.99994,byplayer,1,0,3,2,6,67.77282,potteryguy,account.28008cb2ad254638af01b367d7acdfde,0,9840.053,0,0.0,0,975,0,1701.3029,13,9
cd8f7218-c4f2-4d2a-9546-6e4204fdffc6,Tiger_Main,squad,2026-01-27T02:33:23Z,0,0,3,0.0,byplayer,0,3,47,0,0,0.0,DJ_YONG_YONG_E,account.ab0407056c96428d89483a628a0052d4,0,4507.6055,0,0.0,0,960,0,1689.0858,7,4
cd8f7218-c4f2-4d2a-9546-6e4204fdffc6,Tiger_Main,squad,2026-01-27T02:33:23Z,15,2,3,1636.3169,byplayer,0,2,1,6,16,555.8322,ArtShotMin,account.2e5a3295dbd342f39744731053667e55,1,1280.9427,0,0.0,0,953,0,2889.2776,11,11
cd8f7218-c4f2-4d2a-9546-6e4204fdffc6,Tiger_Main,squad,2026-01-27T02:33:23Z,3,1,6,387.80096,byplayer,1,2,4,2,4,94.32079,Potato_-Chips,account.6a88b40c035d4aad8e333f89da96f8b1,0,3270.159,0,0.0,0,1087,0,2536.0852,9,9
cd8f7218-c4f2-4d2a-9546-6e4204fdffc6,Tiger_Main,squad,2026-01-27T02:33:23Z,7,0,6,701.8467,byplayer,3,2,2,1,8,385.59854,Nan_OB_,account.a00ceadffd82450aa78b914fb1d2141d,0,6912.1494,0,0.0,0,1369,1,1983.8394,17,4
cd8f7218-c4f2-4d2a-9546-6e4204fdffc6,Tiger_Main,squad,2026-01-27T02:33:23Z,0,0,0,0.0,byzone,0,0,96,0,0,0.0,HotMinsu,account.b6694beb47024196a742107731f5e6d6,0,0.0,0,0.0,0,643,0,0.0,0,26
cd8f7218-c4f2-4d2a-9546-6e4204fdffc6,Tiger_Main,squad,2026-01-27T02:33:23Z,1,1,1,313.806,alive,0,0,7,2,3,66.6284,zzangddol11,account.4a91061aaa12433899008c743047808d,1,1984.8816,0,0.0,0,1476,0,2290.7227,5,1
cd8f7218-c4f2-4d2a-9546-6e4204fdffc6,Tiger_Main,squad,2026-01-27T02:33:23Z,0,0,1,41.58,byplayer,0,0,57,0,0,0.0,SC-5882,account.957e7e336cc847e99bf82151378bff5a,0,12623.918,0,0.0,0,1127,0,961.2481,9,9
cd8f7218-c4f2-4d2a-9546-6e4204fdffc6,Tiger_Main,squad,2026-01-27T02:33:23Z,2,1,5,207.58241,byplayer,0,3,11,1,2,29.201118,JMT_SONG,account.25708f0d918c480687b430dd1c24f2e4,0,5342.856,0,0.0,0,1251,0,2835.317,7,4
cd8f7218-c4f2-4d2a-9546-6e4204fdffc6,Tiger_Main,squad,2026-01-27T02:33:23Z,2,1,7,360.977,alive,1,2,6,1,3,383.87454,yejinwonsuk,account.6e0fecfc19d14d31a7ab1c4ba2c08db4,0,2174.6736,0,0.0,0,1476,0,2429.3982,7,1
061f6bd1-4851-4e3e-97f0-2cb5c5beb018,Chimera_Main,squad,2026-01-27T02:40:00Z,1,0,5,403.76657,byplayer,0,0,14,1,1,191.96103,mysnopy1245,account.94b474b7097b498e83234fef83382f90,0,0.0,0,0.0,0,1150,0,3227.2043,6,2
061f6bd1-4851-4e3e-97f0-2cb5c5beb018,Chimera_Main,squad,2026-01-27T02:40:00Z,1,1,3,267.71695,alive,1,1,5,2,3,144.4692,hobbangman444,account.ad711fded55144eab6d29b0d7812fbe4,0,0.0,0,0.0,0,1153,0,3790.6416,7,1
061f6bd1-4851-4e3e-97f0-2cb5c5beb018,Chimera_Main,squad,2026-01-27T02:40:00Z,4,1,7,506.3191,byplayer,0,5,4,2,4,8.530673,siwongongjo,account.a15b4eef7bcb4704aeae161b48341902,0,0.0,0,0.0,0,1106,0,3536.5952,10,2
061f6bd1-4851-4e3e-97f0-2cb5c5beb018,Chimera_Main,squad,2026-01-27T02:40:00Z,0,0,7,180.20767,byplayer,0,4,13,1,1,11.20366,hokasonza,account.6a9b9bda9cb147d091200043009b2674,0,0.0,0,0.0,0,1150,0,3757.6816,9,2
061f6bd1-4851-4e3e-97f0-2cb5c5beb018,Chimera_Main,squad,2026-01-27T02:40:00Z,6,0,6,1200.2874,alive,1,3,2,2,8,218.1606,Raviz_rapid,account.76d8479bb50a4e1ba97d558ee91031ce,0,0.0,0,0.0,0,1153,0,3568.9578,7,1
061f6bd1-4851-4e3e-97f0-2cb5c5beb018,Chimera_Main,squad,2026-01-27T02:40:00Z,9,1,6,937.92596,alive,1,2,1,3,10,106.076515,Hi_death,account.77878fba2ba24d5a811e50cab0d5ac45,2,0.0,0,0.0,0,1153,0,3854.3867,7,1
061f6bd1-4851-4e3e-97f0-2cb5c5beb018,Chimera_Main,squad,2026-01-27T02:40:00Z,3,1,4,450.99997,alive,0,9,3,2,5,85.07735,ye_seul0224,account.f262f34f6b3f4d06bcaa0a36d4e50999,0,0.0,0,0.0,0,1153,0,4285.4893,10,1
e33b3b2c-5ec3-49dd-92b0-b9c3f6a32671,Baltic_Main,squad,2026-01-27T02:44:03Z,4,1,5,798.09314,byplayer,0,4,3,2,6,163.70006,Po--roro,account.23bbc62344f8402180dc51d42ff06817,0,3355.8364,0,0.0,0,1581,0,2176.6616,9,2
e33b3b2c-5ec3-49dd-92b0-b9c3f6a32671,Baltic_Main,squad,2026-01-27T02:44:03Z,3,1,7,369.07227,alive,1,2,6,2,3,370.79538,HAHYUNZZZ,account.75592297865244ce9220aeac1aa6e363,0,4490.1987,0,0.0,0,1584,0,3092.0215,11,1
e33b3b2c-5ec3-49dd-92b0-b9c3f6a32671,Baltic_Main,squad,2026-01-27T02:44:03Z,2,2,4,303.91693,byplayer,0,1,9,1,2,49.883495,neverdiepc_1,account.29ef17197adb40149acd089239f94cd1,0,4889.5537,0,0.0,0,1581,1,2547.3157,11,2
e33b3b2c-5ec3-49dd-92b0-b9c3f6a32671,Baltic_Main,squad,2026-01-27T02:44:03Z,6,1,5,746.0161,alive,1,1,2,2,7,79.97549,SHIMANO_STAFF,account.39a9ab094bd34f1586b86d80f3a0c35e,1,5694.3945,0,0.0,0,1584,0,3139.146,9,1
e33b3b2c-5ec3-49dd-92b0-b9c3f6a32671,Baltic_Main,squad,2026-01-27T02:44:03Z,2,0,5,104.56703,byplayer,2,0,10,2,2,50.772373,hurtjd,account.fb70648b8de74b26b933844bbba04462,0,3249.824,0,0.0,0,1577,0,2766.1733,9,2
e33b3b2c-5ec3-49dd-92b0-b9c3f6a32671,Baltic_Main,squad,2026-01-27T02:44:03Z,9,1,3,613.96625,alive,1,0,1,3,8,257.598,JONGMOONI,account.276d6e258c1542288061105285c3ccfc,0,5041.143,0,0.0,0,1584,0,2851.78,6,1
e33b3b2c-5ec3-49dd-92b0-b9c3f6a32671,Baltic_Main,squad,2026-01-27T02:44:03Z,3,2,1,481.47797,alive,1,0,5,2,3,606.281,NSSA1488SS,account.8fff9f355bbe4191af955084b98b9c84,0,5396.2197,0,0.0,0,1584,0,2940.5159,5,1
0eb1b5d6-14ce-429c-8f3b-8c52534e4887,Baltic_Main,solo,2026-01-27T02:46:09Z,0,0,0,0.0,byplayer,0,0,101,0,0,0.0,racer34,account.23bce7fd16f742598b8b29338d77224d,0,0.0,0,0.0,0,95,0,76.12213,2,98
0eb1b5d6-14ce-429c-8f3b-8c52534e4887,Baltic_Main,solo,2026-01-27T02:46:09Z,0,0,0,19.35,byplayer,0,0,99,0,0,0.0,skegogo,account.ddd11339f6ae4fec9cce0a0f1b075845,0,0.0,0,0.0,0,153,0,154.18716,2,96
0eb1b5d6-14ce-429c-8f3b-8c52534e4887,Baltic_Main,solo,2026-01-27T02:46:09Z,0,0,1,125.955315,byplayer,1,0,22,1,1,88.12141,Im_WangJa,account.9e88c250f6cc489a804ed359c74ae0a6,0,0.0,0,0.0,0,370,0,635.2674,1,79
0eb1b5d6-14ce-429c-8f3b-8c52534e4887,Baltic_Main,solo,2026-01-27T02:46:09Z,0,0,1,0.0,byzone,0,7,33,0,0,0.0,onestop4025,account.a95d4cac444647248a4d0106e5119ce6,0,0.0,0,0.0,0,1178,0,503.1802,10,9
0eb1b5d6-14ce-429c-8f3b-8c52534e4887,Baltic_Main,solo,2026-01-27T02:46:09Z,0,0,5,897.0105,byplayer,1,1,2,2,11,181.61879,AceAttacker_hoya,account.f078006338614b3ca80d922fb95902f0,0,769.1024,0,0.0,0,1127,0,3915.4429,14,13
0eb1b5d6-14ce-429c-8f3b-8c52534e4887,Baltic_Main,solo,2026-01-27T02:46:09Z,0,0,0,200.0,byplayer,1,0,15,1,2,19.717642,J_jm9110,account.fc023fbcd9784b84a2f2abe8be8e6fa0,0,2936.5137,0,0.0,0,476,0,970.82227,4,68
0eb1b5d6-14ce-429c-8f3b-8c52534e4887,Baltic_Main,solo,2026-01-27T02:46:09Z,0,0,2,408.0,byplayer,1,0,7,1,4,273.9526,x3xnabi,account.f17258bb29f348fc9152fb694b5c8285,0,31.739262,0,0.0,0,472,0,1099.1167,6,70
0eb1b5d6-14ce-429c-8f3b-8c52534e4887,Baltic_Main,solo,2026-01-27T02:46:09Z,0,0,8,330.41782,byplayer,1,0,6,3,5,126.88825,TRN-300,account.9f5fc36c1502440499179bdd1d2ad4a1,0,5581.562,0,0.0,0,1164,0,1300.793,6,10
0eb1b5d6-14ce-429c-8f3b-8c52534e4887,Baltic_Main,solo,2026-01-27T02:46:09Z,0,0,0,0.0,byplayer,0,0,75,0,0,0.0,PAKU_PAKUYA,account.21403eb107594a588e9418fa7bbfaafb,0,1884.4944,0,0.0,0,495,0,976.7468,5,67
0eb1b5d6-14ce-429c-8f3b-8c52534e4887,Baltic_Main,solo,2026-01-27T02:46:09Z,0,0,7,133.0,byplayer,0,1,8,1,2,71.37085,lIll_Illl,account.23c9ee7c93a8469cb78c0ff4895c101b,0,2804.3958,0,0.0,0,1472,0,2693.8135,6,4
0eb1b5d6-14ce-429c-8f3b-8c52534e4887,Baltic_Main,solo,2026-01-27T02:46:09Z,0,0,2,0.0,byplayer,0,1,42,0,0,0.0,sr_sc,account.b93f979b9a6644eb8566fb502441ff5c,0,1656.2804,0,0.0,0,1048,0,1846.7931,6,22
0eb1b5d6-14ce-429c-8f3b-8c52534e4887,Baltic_Main,solo,2026-01-27T02:46:09Z,0,0,11,1601.9924,alive,6,0,1,2,17,226.10887,MinHyuk--,account.4825061fd28e4df38db7c5ac03c577fe,0,6652.5254,2,0.0,0,1530,1,2962.9368,14,1
0eb1b5d6-14ce-429c-8f3b-8c52534e4887,Baltic_Main,solo,2026-01-27T02:46:09Z,0,0,1,176.27678,byplayer,1,0,12,1,2,26.18122,bongjl,account.4f2beb31b4dc4b2ca4db935dc4aeee7b,0,0.0,0,0.0,0,993,0,1748.542,7,30
0eb1b5d6-14ce-429c-8f3b-8c52534e4887,Baltic_Main,solo,2026-01-27T02:46:09Z,0,0,11,924.8504,byplayer,3,1,3,1,7,159.37637,hsnsasa_gun,account.b56082c4487d4cc4ad549236629c25c9,0,3297.32,0,14.495693,0,1484,0,3353.7021,9,3
0eb1b5d6-14ce-429c-8f3b-8c52534e4887,Baltic_Main,solo,2026-01-27T02:46:09Z,0,0,4,494.0883,byplayer,0,0,5,2,6,205.07483,wboohoozy,account.eeef147df73c4959aaf2608e66ce1d13,0,2566.2576,0,0.0,0,898,0,2962.9756,5,37
0eb1b5d6-14ce-429c-8f3b-8c52534e4887,Baltic_Main,solo,2026-01-27T02:46:09Z,0,0,1,92.11638,byzone,0,0,25,1,1,11.005807,kakao-1JIN,account.460fdd82873c48dabaee613351ac21d4,0,0.0,0,0.0,0,914,0,347.71997,8,82
0eb1b5d6-14ce-429c-8f3b-8c52534e4887,Baltic_Main,solo,2026-01-27T02:46:09Z,0,0,4,200.0,byplayer,0,0,9,1,2,132.53207,hacker78,account.7c978757148246dc91138c61537053f0,0,5045.5376,1,0.0,0,1355,0,1080.0095,8,6
0eb1b5d6-14ce-429c-8f3b-8c52534e4887,Baltic_Main,solo,2026-01-27T02:46:09Z,0,0,6,240.04276,byplayer,0,0,14,1,2,31.846975,AapDul3,account.d0c982d48fa141969af496a04603fd6b,0,5295.406,0,0.0,0,818,0,1125.0737,10,42
0eb1b5d6-14ce-429c-8f3b-8c52534e4887,Baltic_Main,solo,2026-01-27T02:46:09Z,0,0,0,100.0,byzone,0,0,24,1,1,3.7340307,dddddffs,account.32d37433db90434ebccd40ad5037eae8,0,0.0,0,0.0,0,1007,0,721.3022,3,82
0eb1b5d6-14ce-429c-8f3b-8c52534e4887,Baltic_Main,solo,2026-01-27T02:46:09Z,0,0,6,570.28876,byplayer,1,4,4,1,6,98.28377,Soyo_Bulljumuck,account.a0d9344cf86143ee94eb2b38359cb030,0,2004.6786,0,0.0,0,1396,0,2985.159,13,5
35faa91f-1a30-42f5-9588-3f55f59b3d8b,Desert_Main,duo,2026-01-27T03:06:04Z,8,0,12,1886.1472,alive,4,1,1,2,16,219.58208,BUMI_LEE,account.7739ede4d7fd4a31a5cdf71fef3910ba,0,3387.0566,0,0.0,0,1708,0,3493.6174,11,1
35faa91f-1a30-42f5-9588-3f55f59b3d8b,Desert_Main,duo,2026-01-27T03:06:04Z,5,0,3,775.5257,byplayer,3,1,2,2,8,93.66489,he_ss7,account.27e83fab04a0433d885dab9e34379ef9,0,3021.8918,0,0.0,0,695,0,1132.041,6,32
35faa91f-1a30-42f5-9588-3f55f59b3d8b,Desert_Main,duo,2026-01-27T03:06:04Z,1,0,10,297.26807,byplayer,0,0,8,1,2,82.250725,gkswkddnr,account.b0cc081f2f45473fa3a09df5e7d3ff0c,1,3547.8584,0,0.0,0,1274,0,2596.3452,10,2
35faa91f-1a30-42f5-9588-3f55f59b3d8b,Desert_Main,duo,2026-01-27T03:06:04Z,1,0,5,518.74915,byplayer,1,5,7,2,2,50.114624,rudrbghkd,account.7925937a5c464fa0a787bdc5715db39f,0,5124.1587,0,0.0,0,1705,0,3551.173,13,2
35faa91f-1a30-42f5-9588-3f55f59b3d8b,Desert_Main,duo,2026-01-27T03:06:04Z,3,0,8,451.11185,suicide,0,4,5,2,5,35.19164,IRU_MANDOOMON,account.c9f923d033654f4b9652b5d23bbc69f7,0,3380.5535,0,0.0,0,1335,0,2720.6313,11,6
35faa91f-1a30-42f5-9588-3f55f59b3d8b,Desert_Main,duo,2026-01-27T03:06:04Z,0,0,2,56.985672,byplayer,0,6,14,1,1,98.62257,kimjoowon_0703,account.bd1dbb18ded644d1b7b71deade717941,0,5752.023,0,0.0,0,1375,0,1991.5088,3,4
35faa91f-1a30-42f5-9588-3f55f59b3d8b,Desert_Main,duo,2026-01-27T03:06:04Z,2,1,8,680.5262,byzone,2,4,6,1,5,185.36992,KING_bondeal,account.439672d0d66d42a2af70d8c3cd184047,0,3372.888,0,0.0,0,1335,0,2790.921,10,6
35faa91f-1a30-42f5-9588-3f55f59b3d8b,Desert_Main,duo,2026-01-27T03:06:04Z,3,0,4,611.9549,byplayer,1,0,4,2,7,78.7279,whatisaug,account.88edd9a97cd54692ad9f93c0d6fc9568,0,9232.133,2,0.0,0,1096,0,1969.9581,11,15
35faa91f-1a30-42f5-9588-3f55f59b3d8b,Desert_Main,duo,2026-01-27T03:06:04Z,4,1,8,546.4599,byplayer,3,4,3,2,7,186.91148,qkrcksdud0121,account.e342540f53d94b6daaeb8dd098579090,1,5844.0293,0,0.0,0,1449,0,2616.5515,14,4
a71640fa-f891-40fa-8206-5a765ba072ce,Tiger_Main,squad,2026-01-27T03:20:44Z,4,1,1,536.9536,byplayer,2,3,5,1,4,19.947096,shy-from_929,account.3449eed6ebc44dadbf7088672363081d,0,6268.3643,0,0.0,0,1354,0,1871.0636,9,4
a71640fa-f891-40fa-8206-5a765ba072ce,Tiger_Main,squad,2026-01-27T03:20:44Z,4,2,0,594.7433,byplayer,0,0,3,1,6,177.86427,AweHu,account.3c37161bcd364baebedcb3d3eaa6e806,0,524.50586,0,0.0,0,1475,0,4036.8083,12,1
a71640fa-f891-40fa-8206-5a765ba072ce,Tiger_Main,squad,2026-01-27T03:20:44Z,4,0,3,460.33237,byplayer,2,2,6,3,4,45.431835,llliiiillliiil,account.50f0a9be8a844565806d23d34713740b,1,7042.7803,0,0.0,0,1354,0,1686.362,7,4
a71640fa-f891-40fa-8206-5a765ba072ce,Tiger_Main,squad,2026-01-27T03:20:44Z,1,0,1,138.06552,byplayer,0,0,19,1,2,17.67384,gogigo12,account.f91cee1f097e49b4a9a773cb6db45d8a,0,0.0,0,0.0,0,462,0,1009.9728,5,19
a71640fa-f891-40fa-8206-5a765ba072ce,Tiger_Main,squad,2026-01-27T03:20:44Z,0,0,0,0.0,byplayer,0,0,92,0,0,0.0,BEL_MR,account.530d7b49a5ee4bd4a010ce572b315611,0,0.0,0,0.0,0,379,0,532.77954,6,23
a71640fa-f891-40fa-8206-5a765ba072ce,Tiger_Main,squad,2026-01-27T03:20:44Z,4,0,11,758.2337,byplayer,1,4,1,2,7,39.92325,tkdgns88,account.385b3d68b41b4e27828a8d3afe3ca2e0,0,0.0,0,0.0,0,1109,0,2892.1604,8,10
a71640fa-f891-40fa-8206-5a765ba072ce,Tiger_Main,squad,2026-01-27T03:20:44Z,0,0,3,41.406147,byplayer,0,4,24,1,1,12.957715,ddoung_soon,account.9b443702864749b99d13d5ecc8a976b0,2,5482.551,0,0.0,0,1333,0,2104.9915,6,4
a71640fa-f891-40fa-8206-5a765ba072ce,Tiger_Main,squad,2026-01-27T03:20:44Z,3,0,12,107.95137,byplayer,0,8,11,1,3,230.36418,Comfortub,account.d46061b0b9e044988a5d40b166e6c323,0,8949.249,0,0.0,0,1545,0,2682.1726,7,2
a71640fa-f891-40fa-8206-5a765ba072ce,Tiger_Main,squad,2026-01-27T03:20:44Z,4,3,7,628.7976,alive,1,1,2,2,6,145.48045,dsafklasfas,account.94b037214cd64f16b64b9f7455eeee86,0,2316.402,0,0.0,0,1548,0,4466.7896,7,1
a71640fa-f891-40fa-8206-5a765ba072ce,Tiger_Main,squad,2026-01-27T03:20:44Z,5,1,2,499.71393,byplayer,1,1,9,1,4,16.15119,Lunar_Patrick,account.1f29a216ba1e4aa387c8d0a7cd596dcc,1,0.0,0,0.0,0,442,0,1008.2431,7,19
a71640fa-f891-40fa-8206-5a765ba072ce,Tiger_Main,squad,2026-01-27T03:20:44Z,2,2,0,344.77325,byplayer,1,0,10,2,3,67.69226,caesar144,account.3d8c3f9171cf43b1a4c77bb7405ed51d,0,868.19977,0,0.0,0,1362,0,3240.826,5,1
a71640fa-f891-40fa-8206-5a765ba072ce,Tiger_Main,squad,2026-01-27T03:20:44Z,2,2,4,411.1996,byplayer,0,0,21,1,1,18.634373,KimChulHo_9,account.e38ea5a3cb7f45c5a5b77bfefb44db94,0,812.1896,0,0.0,0,1261,0,3171.949,6,1
a71640fa-f891-40fa-8206-5a765ba072ce,Tiger_Main,squad,2026-01-27T03:20:44Z,0,0,2,59.96719,byplayer,0,1,79,0,0,0.0,Dg_bazas,account.dad3c2b84b454110acd1b1ec02934a70,0,0.0,0,0.0,0,482,0,795.0209,6,19
a71640fa-f891-40fa-8206-5a765ba072ce,Tiger_Main,squad,2026-01-27T03:20:44Z,2,1,8,207.43857,byplayer,1,1,23,1,1,119.92079,kor_ysmmm,account.efcd89eca19745109e7ecad890ad3605,0,9245.01,0,0.0,0,1529,1,2002.3787,6,2
a71640fa-f891-40fa-8206-5a765ba072ce,Tiger_Main,squad,2026-01-27T03:20:44Z,1,2,9,539.19604,byplayer,1,0,4,1,4,111.49873,jyj__1104,account.0a8cbdd5615a412f92ac550f37821d2f,0,8565.787,0,0.0,0,1449,0,2203.5159,15,2
a71640fa-f891-40fa-8206-5a765ba072ce,Tiger_Main,squad,2026-01-27T03:20:44Z,3,5,7,548.20636,byplayer,0,1,22,1,1,60.739235,dltkdgns00,account.52205e5d036f43b3aa093a2ba84aab09,0,8972.704,0,0.0,0,1545,0,2867.019,9,2
920b24ef-4436-4cc5-8ff2-badb8170e0b0,Baltic_Main,solo,2026-01-27T03:40:16Z,0,0,7,354.6729,byplayer,0,2,8,1,2,17.477682,Im_WangJa,account.9e88c250f6cc489a804ed359c74ae0a6,0,0.0,0,0.0,0,1409,0,4910.817,7,5
920b24ef-4436-4cc5-8ff2-badb8170e0b0,Baltic_Main,solo,2026-01-27T03:40:16Z,0,0,6,581.185,byplayer,1,1,4,1,6,51.66664,gon-best,account.d4ba6f52801942c8803b72d561bedd45,0,2123.1775,0,0.0,0,1248,0,2435.6106,11,12
920b24ef-4436-4cc5-8ff2-badb8170e0b0,Baltic_Main,solo,2026-01-27T03:40:16Z,0,0,7,864.638,byplayer,1,0,3,1,8,38.185673,HANKKKSSS,account.e921a988886c48e9b81c31696d1fe642,0,4757.2,0,0.0,0,1345,0,2084.2576,18,7
920b24ef-4436-4cc5-8ff2-badb8170e0b0,Baltic_Main,solo,2026-01-27T03:40:16Z,0,0,4,1036.7875,byplayer,4,2,2,1,10,71.44489,Riarok321,account.f390dfce01e0409d960c4eda9e8f59b4,0,2300.8909,0,0.0,0,1150,0,1696.9883,9,18
920b24ef-4436-4cc5-8ff2-badb8170e0b0,Baltic_Main,solo,2026-01-27T03:40:16Z,0,0,0,0.0,byplayer,0,0,100,0,0,0.0,bakadi151,account.a0629f01029e442c88fda60aff0897e6,0,0.0,0,0.0,0,170,0,0.0,0,99
920b24ef-4436-4cc5-8ff2-badb8170e0b0,Baltic_Main,solo,2026-01-27T03:40:16Z,0,0,4,260.13126,byplayer,0,2,7,1,3,70.05592,ksh4083,account.1c9f2597c84e4d188bd29e647e82dd66,0,0.0,0,0.0,0,570,0,967.39935,4,58
920b24ef-4436-4cc5-8ff2-badb8170e0b0,Baltic_Main,solo,2026-01-27T03:40:16Z,0,0,0,0.0,byzone,0,0,48,0,0,0.0,junseok0803,account.c6f05b0dc9164b8cbd125f506ad00ace,0,3176.0542,0,0.0,0,995,0,950.8439,4,29
920b24ef-4436-4cc5-8ff2-badb8170e0b0,Baltic_Main,solo,2026-01-27T03:40:16Z,0,0,3,95.61664,suicide,0,0,25,1,1,104.48646,12er12fr12gt,account.3ac135fee1414aa18413a2590f053fcc,0,3067.543,0,0.0,0,898,0,1514.9012,6,34
920b24ef-4436-4cc5-8ff2-badb8170e0b0,Baltic_Main,solo,2026-01-27T03:40:16Z,0,0,6,75.508514,byplayer,0,7,43,0,0,0.0,akrhkdvy,account.07f4486840ea4466b7456fdb046e6f24,0,8728.044,0,0.0,0,1114,0,1386.2312,3,22
920b24ef-4436-4cc5-8ff2-badb8170e0b0,Baltic_Main,solo,2026-01-27T03:40:16Z,1,0,9,774.9587,byplayer,3,0,1,2,12,177.25644,yudoha0108,account.278309590108444c95f6bbc63a3c0f84,0,4595.655,1,0.0,0,1521,0,2365.7517,13,3
920b24ef-4436-4cc5-8ff2-badb8170e0b0,Baltic_Main,solo,2026-01-27T03:40:16Z,0,0,7,265.0,alive,2,0,5,1,3,58.246826,jake_hero7,account.54189cd7dbf341c8ab1732517c5dc4ce,0,4328.4985,0,0.0,0,1546,0,2369.0317,17,1
920b24ef-4436-4cc5-8ff2-badb8170e0b0,Baltic_Main,solo,2026-01-27T03:40:16Z,0,0,4,100.00001,byplayer,0,0,23,1,1,7.6156206,nigellee,account.91780a9d01b448c99d6e4e097f4c8336,0,716.5979,0,0.0,0,1158,0,1680.18,8,17
920b24ef-4436-4cc5-8ff2-badb8170e0b0,Baltic_Main,solo,2026-01-27T03:40:16Z,0,0,0,44.4,byplayer,0,0,79,0,0,0.0,GD_Gray,account.c10f9aabe9484ed68146818a933bc028,0,326.09586,0,0.0,0,339,0,462.8085,4,75
920b24ef-4436-4cc5-8ff2-badb8170e0b0,Baltic_Main,solo,2026-01-27T03:40:16Z,0,0,4,66.938995,byplayer,0,1,57,0,0,0.0,JONGWON_Fine12,account.5444b6b064a246eca805544593a66921,1,5226.023,0,0.0,0,794,0,1502.0431,5,45
920b24ef-4436-4cc5-8ff2-badb8170e0b0,Baltic_Main,solo,2026-01-27T03:40:16Z,0,0,4,200.0,byplayer,0,3,9,1,2,92.968445,msc12,account.48539b5818b6459fae636e4d774e5f2b,0,2909.9607,0,0.0,0,1362,0,3667.3818,9,6
920b24ef-4436-4cc5-8ff2-badb8170e0b0,Baltic_Main,solo,2026-01-27T03:40:16Z,1,0,8,100.0,byplayer,0,1,21,1,1,2.494561,C9_22,account.ac9c5d58aa8b48a8bf063a5efcff3cd9,0,1877.8177,0,0.0,0,1222,0,2208.177,24,14
920b24ef-4436-4cc5-8ff2-badb8170e0b0,Baltic_Main,solo,2026-01-27T03:40:16Z,0,0,0,61.739998,byplayer,0,1,63,0,0,0.0,dlaQhanfgkgk,account.6c9a798cdc3449a1b00bcbe0d2220dae,0,3913.2034,0,0.0,0,638,0,1466.2522,7,53
920b24ef-4436-4cc5-8ff2-badb8170e0b0,Baltic_Main,solo,2026-01-27T03:40:16Z,0,0,1,72.240005,byplayer,0,0,49,0,0,0.0,RUNNER2601,account.d5282546d07a46c9b9c9fa544f3d4c8b,0,1019.065,0,0.0,0,947,0,1382.7666,12,30
920b24ef-4436-4cc5-8ff2-badb8170e0b0,Baltic_Main,solo,2026-01-27T03:40:16Z,0,0,5,270.6561,byplayer,1,1,11,1,2,150.42165,kangssg,account.cfd9485ba79c4b38b42eb671f24ca48e,0,3725.6023,0,0.0,0,1119,0,2821.352,16,21
920b24ef-4436-4cc5-8ff2-badb8170e0b0,Baltic_Main,solo,2026-01-27T03:40:16Z,0,0,2,100.00001,byplayer,0,0,29,1,1,3.3925128,ks_cy0709,account.9a4eb9e11bf0468d83cb37a224d3c8b8,0,0.0,0,0.0,0,717,0,2123.4143,3,49
920b24ef-4436-4cc5-8ff2-badb8170e0b0,Baltic_Main,solo,2026-01-27T03:40:16Z,0,0,5,166.50377,byplayer,1,1,20,1,1,8.260006,BBongDDDDA,account.918727c330954bd48d33b58c144951c6,0,2950.086,0,0.0,0,1227,0,1870.1174,6,13
920b24ef-4436-4cc5-8ff2-badb8170e0b0,Baltic_Main,solo,2026-01-27T03:40:16Z,0,0,4,116.31938,byplayer,1,2,24,1,1,19.928078,sjw214,account.594ddfe413694776822c281bfa6108ad,0,5263.0386,0,0.0,0,1017,0,2388.4866,11,28
1e0c5d0f-e36b-4c17-9d53-3752cf1ad725,Savage_Main,squad,2026-01-27T03:48:01Z,3,0,0,282.09747,byplayer,0,0,17,1,2,11.262278,wang_zzamz1,account.bb1b4d72e3154901a5f20eb2b0b26302,0,0.0,0,0.0,0,235,0,519.93713,3,25
1e0c5d0f-e36b-4c17-9d53-3752cf1ad725,Savage_Main,squad,2026-01-27T03:48:01Z,0,1,4,26.46,suicide,0,1,46,0,0,0.0,psycho_im,account.ffdcaf5d089241048525aa9f13877411,0,0.0,0,0.0,0,780,0,2434.516,10,8
1e0c5d0f-e36b-4c17-9d53-3752cf1ad725,Savage_Main,squad,2026-01-27T03:48:01Z,0,1,4,93.6,byplayer,0,1,42,0,0,0.0,sjafklefd,account.f26083222bad47c9b115094ee031264f,0,0.0,0,0.0,0,1063,0,4248.7935,14,4
1e0c5d0f-e36b-4c17-9d53-3752cf1ad725,Savage_Main,squad,2026-01-27T03:48:01Z,0,0,3,0.0,byplayer,0,0,50,0,0,0.0,yumny96,account.28ff5b6100d54f4fb331567e8dd35b89,0,1.289326,0,0.0,0,918,0,3649.8792,11,10
1e0c5d0f-e36b-4c17-9d53-3752cf1ad725,Savage_Main,squad,2026-01-27T03:48:01Z,2,0,1,200.00002,byplayer,0,0,14,1,2,4.434863,geun001,account.6ce8d460c79d451b80680e9e75104d2b,0,0.0,0,0.0,0,196,0,298.2233,4,1
1e0c5d0f-e36b-4c17-9d53-3752cf1ad725,Savage_Main,squad,2026-01-27T03:48:01Z,0,0,0,0.0,byplayer,0,0,102,0,0,0.0,THANSAMAR,account.7175e08ecbd84310bb3352d8bf619b12,0,0.0,0,0.0,0,76,0,22.669342,1,29
1e0c5d0f-e36b-4c17-9d53-3752cf1ad725,Savage_Main,squad,2026-01-27T03:48:01Z,0,0,0,0.0,byplayer,0,0,101,0,0,0.0,sboxing,account.c7784e215fc44a639303cecb4cf8c329,0,0.0,0,0.0,0,94,0,38.727833,0,28
1e0c5d0f-e36b-4c17-9d53-3752cf1ad725,Savage_Main,squad,2026-01-27T03:48:01Z,2,0,5,257.4913,byplayer,0,5,11,1,3,206.3551,southpaw3,account.b39cdde3332d4032870f536ea7c17e5f,0,0.0,0,0.0,0,955,0,2259.1182,13,7
1e0c5d0f-e36b-4c17-9d53-3752cf1ad725,Savage_Main,squad,2026-01-27T03:48:01Z,0,0,0,0.0,byplayer,0,0,81,0,0,0.0,Master_Bule,account.219be9ba509742a086599522a2d7ffbd,0,0.0,0,0.0,0,390,0,830.88763,6,21
1e0c5d0f-e36b-4c17-9d53-3752cf1ad725,Savage_Main,squad,2026-01-27T03:48:01Z,3,2,7,464.06854,suicide,1,0,7,2,4,111.97059,llliliiiiliiilll,account.b722606fe6b440e8ac45b1a95890e89d,1,0.0,0,73.31358,0,1195,0,2299.5317,11,3
1e0c5d0f-e36b-4c17-9d53-3752cf1ad725,Savage_Main,squad,2026-01-27T03:48:01Z,0,0,4,105.605835,byzone,0,0,24,1,1,17.342806,audgus5753,account.3e61bbef3bb04ec8b49c007c6d7030bf,0,792.9536,0,0.0,0,1066,0,2869.9504,8,8
1e0c5d0f-e36b-4c17-9d53-3752cf1ad725,Savage_Main,squad,2026-01-27T03:48:01Z,1,0,0,125.0,byplayer,1,1,31,1,1,3.4426782,lovehoon18,account.4d598d2303ed406dad80d1c3166a214c,0,0.0,0,0.0,0,407,0,882.41266,3,20
1e0c5d0f-e36b-4c17-9d53-3752cf1ad725,Savage_Main,squad,2026-01-27T03:48:01Z,1,1,2,140.25824,byplayer,0,5,51,0,0,0.0,just-onetime,account.b74cecd0f0c44e4d93c533e4fd2ee454,0,842.63995,0,0.0,0,907,0,2639.8132,14,10
1e0c5d0f-e36b-4c17-9d53-3752cf1ad725,Savage_Main,squad,2026-01-27T03:48:01Z,0,0,0,0.0,byplayer,0,0,93,0,0,0.0,seboja05,account.a337c4e1839d4683922b3631ff1afbd2,0,0.0,0,0.0,0,200,0,302.91724,4,27
1e0c5d0f-e36b-4c17-9d53-3752cf1ad725,Savage_Main,squad,2026-01-27T03:48:01Z,1,0,0,68.32001,byplayer,1,0,13,1,3,9.01026,MBCEBS,account.92e75f8f469d4116b8ba7a95497d4074,0,0.0,0,0.0,0,235,0,347.841,1,25
1e0c5d0f-e36b-4c17-9d53-3752cf1ad725,Savage_Main,squad,2026-01-27T03:48:01Z,0,1,0,80.390236,byplayer,0,0,78,0,0,0.0,Yeo-Tang,account.98423f03f47649728a99aa92d780bdee,0,0.0,0,0.0,0,412,0,1072.3594,6,20
1e0c5d0f-e36b-4c17-9d53-3752cf1ad725,Savage_Main,squad,2026-01-27T03:48:01Z,1,0,3,83.559044,byplayer,1,10,20,1,1,38.94889,graegraecold,account.211f2dc900f3476683f746fb5c430d68,1,2035.1565,0,0.0,0,1140,0,3201.0464,10,5
1e0c5d0f-e36b-4c17-9d53-3752cf1ad725,Savage_Main,squad,2026-01-27T03:48:01Z,0,1,0,93.1,byplayer,0,0,94,0,0,0.0,U-_Jun,account.b1077916d72943d2b2791fa5ee5804ae,0,0.0,0,0.0,0,200,0,425.44623,2,27
1e0c5d0f-e36b-4c17-9d53-3752cf1ad725,Savage_Main,squad,2026-01-27T03:48:01Z,1,0,0,100.0,byplayer,0,0,97,0,0,0.0,AtCreake,account.e7ad02c1d2f74db8866e15446e47e348,0,0.0,0,0.0,0,175,0,201.61723,2,28
1e0c5d0f-e36b-4c17-9d53-3752cf1ad725,Savage_Main,squad,2026-01-27T03:48:01Z,4,3,2,612.9849,suicide,1,2,9,2,3,93.20837,amadas715,account.576c68d8a29c4809bde03ab4fca47f0c,0,0.0,0,51.797718,0,938,0,2519.5823,9,1
1e0c5d0f-e36b-4c17-9d53-3752cf1ad725,Savage_Main,squad,2026-01-27T03:48:01Z,2,1,4,385.77347,byzone,0,6,16,1,2,8.753109,navysil1,account.586ba56bb4ad405b8163ad28c560b4a0,0,0.0,0,0.0,0,1087,0,3312.3228,7,7
1e0c5d0f-e36b-4c17-9d53-3752cf1ad725,Savage_Main,squad,2026-01-27T03:48:01Z,1,0,2,100.00001,byplayer,0,0,33,1,1,9.168251,qhjshghdg,account.aacaae771aca4bea826dae409c382e6b,0,0.0,0,0.0,0,228,0,482.75653,6,26
1e0c5d0f-e36b-4c17-9d53-3752cf1ad725,Savage_Main,squad,2026-01-27T03:48:01Z,4,0,6,521.6,byplayer,1,0,6,2,5,125.95699,Ss_JinuBit,account.8d7936db33734410a22411a31ad8c144,0,0.0,0,0.0,0,1033,0,3712.1345,13,10
1e0c5d0f-e36b-4c17-9d53-3752cf1ad725,Savage_Main,squad,2026-01-27T03:48:01Z,0,0,4,128.36,byzone,0,1,43,0,0,0.0,rokmc68,account.88a465c3dc9e49d5b4c086fca9ef25dc,0,0.0,0,173.27864,0,882,0,2565.3254,9,4
1e0c5d0f-e36b-4c17-9d53-3752cf1ad725,Savage_Main,squad,2026-01-27T03:48:01Z,3,1,2,661.3587,byplayer,0,4,2,3,6,55.964077,JONGSU_789,account.89c4f868b353402dbf1a0d0900fa8039,1,0.0,0,0.0,0,1195,0,2782.1624,9,3
1e0c5d0f-e36b-4c17-9d53-3752cf1ad725,Savage_Main,squad,2026-01-27T03:48:01Z,1,0,0,6.9000015,byplayer,0,0,34,1,1,13.26069,DARKZUE,account.0c43e6ad5f6b4c57911fb4a7f7c6a779,0,0.0,0,0.0,0,195,0,445.80743,1,27
1e0c5d0f-e36b-4c17-9d53-3752cf1ad725,Savage_Main,squad,2026-01-27T03:48:01Z,0,0,0,52.239883,byplayer,0,0,99,0,0,0.0,libliniti,account.b694c93fceae45548238de660d0dfd27,0,0.0,0,0.0,0,107,0,146.07176,1,28
1e0c5d0f-e36b-4c17-9d53-3752cf1ad725,Savage_Main,squad,2026-01-27T03:48:01Z,0,0,0,159.96024,byplayer,0,1,82,0,0,0.0,winterjjonye,account.796f197c89264d90b83cf97c88a56630,0,0.0,0,0.0,0,322,0,773.9172,5,22
1e0c5d0f-e36b-4c17-9d53-3752cf1ad725,Savage_Main,squad,2026-01-27T03:48:01Z,0,0,5,45.947052,suicide,0,4,45,0,0,0.0,latte_maria,account.57bf06f0af00463e820a65cadda91cd1,1,0.0,0,0.0,0,1087,0,3436.4656,9,7
1e0c5d0f-e36b-4c17-9d53-3752cf1ad725,Savage_Main,squad,2026-01-27T03:48:01Z,6,0,10,1075.9972,alive,3,9,1,2,12,115.52353,SSQTYQQ,account.dbd5bb45c85b4bd2b4abdad0d3909406,2,0.0,0,54.195965,0,1428,0,4666.4673,12,1
1e0c5d0f-e36b-4c17-9d53-3752cf1ad725,Savage_Main,squad,2026-01-27T03:48:01Z,0,1,6,78.96,byzone,0,13,41,0,0,0.0,moko0604,account.6f83845bc55e4e68981f458a51f13ed4,1,0.0,0,68.58466,0,1195,0,2946.5095,8,3
1e0c5d0f-e36b-4c17-9d53-3752cf1ad725,Savage_Main,squad,2026-01-27T03:48:01Z,0,0,0,77.27875,byplayer,0,0,96,0,0,0.0,dsudg121,account.463a2fa86f7f42039cc0020bab1dbb57,0,0.0,0,0.0,0,180,0,312.51306,1,28
1e0c5d0f-e36b-4c17-9d53-3752cf1ad725,Savage_Main,squad,2026-01-27T03:48:01Z,6,0,6,734.11273,byzone,2,2,3,2,6,144.32846,cars_jsy,account.7e819ae28178411386c5320863cd3807,0,0.0,0,0.0,0,1105,0,3871.5713,7,5
1e0c5d0f-e36b-4c17-9d53-3752cf1ad725,Savage_Main,squad,2026-01-27T03:48:01Z,0,0,2,105.59999,byplayer,0,2,79,0,0,0.0,Goranto_,account.fba7b67e12f942d989faa28e25e981b9,0,0.0,0,0.0,0,389,0,669.8804,6,20
1e0c5d0f-e36b-4c17-9d53-3752cf1ad725,Savage_Main,squad,2026-01-27T03:48:01Z,6,1,1,763.607,byplayer,0,0,5,4,5,81.865105,kimsshu0619,account.aeb5d555a4b949f8adecf4abbc196734,0,0.0,0,0.0,0,1066,0,4045.3193,5,8
1e0c5d0f-e36b-4c17-9d53-3752cf1ad725,Savage_Main,squad,2026-01-27T03:48:01Z,1,0,1,135.625,byzone,0,0,29,1,1,28.115723,ghfkdlwps,account.8881d14bb0d44e18a0c25b65c7776f80,0,0.0,0,0.0,0,486,0,1288.5292,10,19
1e0c5d0f-e36b-4c17-9d53-3752cf1ad725,Savage_Main,squad,2026-01-27T03:48:01Z,1,0,0,125.92,byplayer,0,0,95,0,0,0.0,saymyname1107,account.f168232771ec48738208ee33b478d5c1,0,0.0,0,0.0,0,159,0,134.3252,3,27
1e0c5d0f-e36b-4c17-9d53-3752cf1ad725,Savage_Main,squad,2026-01-27T03:48:01Z,0,0,0,55.079994,byplayer,0,0,83,0,0,0.0,yeremiya_,account.038061db886747e1923b1c15f34758b3,0,0.0,0,0.0,0,313,0,900.7889,4,22
1e0c5d0f-e36b-4c17-9d53-3752cf1ad725,Savage_Main,squad,2026-01-27T03:48:01Z,1,0,0,75.0,byplayer,0,1,32,1,1,1.9223053,actionleader,account.e85f2732dbcf42a19d63fea863bc85bc,0,0.0,0,0.0,0,390,0,1152.6377,5,21
1e0c5d0f-e36b-4c17-9d53-3752cf1ad725,Savage_Main,squad,2026-01-27T03:48:01Z,4,0,1,316.7349,byplayer,0,0,12,2,3,23.991348,SSU_JEO,account.3b17e80c9f8a459888a713b70233fa27,0,0.0,0,0.0,0,336,0,895.9775,7,22
1e0c5d0f-e36b-4c17-9d53-3752cf1ad725,Savage_Main,squad,2026-01-27T03:48:01Z,0,0,0,0.0,byplayer,0,0,100,0,0,0.0,jongminman,account.bb889850cb764965af5ec01ce5ec699b,0,0.0,0,0.0,0,106,0,81.4085,1,28
1e0c5d0f-e36b-4c17-9d53-3752cf1ad725,Savage_Main,squad,2026-01-27T03:48:01Z,5,1,6,430.48633,byzone,1,10,4,1,5,112.3502,ncksv1,account.03aa32f53dde4bdb99f2bc44f60ae8ad,1,0.0,0,46.551624,0,1189,0,3015.4,12,1
1e0c5d0f-e36b-4c17-9d53-3752cf1ad725,Savage_Main,squad,2026-01-27T03:48:01Z,0,0,1,55.665035,byplayer,0,0,80,0,0,0.0,jaekwan0000,account.a7d0e63654aa439ca8a6523ec13b0d58,0,0.0,0,0.0,0,390,0,959.9422,6,21
1e0c5d0f-e36b-4c17-9d53-3752cf1ad725,Savage_Main,squad,2026-01-27T03:48:01Z,1,0,0,175.0,byplayer,0,0,30,1,1,3.0475292,kor_Hagiwa,account.3bbb63f7048b482fac88f7b9e91879c2,0,0.0,0,0.0,0,412,0,765.51587,7,20
1e0c5d0f-e36b-4c17-9d53-3752cf1ad725,Savage_Main,squad,2026-01-27T03:48:01Z,2,1,3,424.9,byzone,1,0,8,1,4,78.51699,Ojjang-99,account.f4a90f55a0db4ddcb849dcf95a34af1b,0,0.0,0,0.0,0,1084,0,2372.3306,15,3
1e0c5d0f-e36b-4c17-9d53-3752cf1ad725,Savage_Main,squad,2026-01-27T03:48:01Z,0,0,0,91.2,byplayer,0,0,98,0,0,0.0,coconatmilk,account.1348e55b5166455e943aa70ac5ee81ce,0,0.0,0,0.0,0,111,0,93.239296,2,28
1e0c5d0f-e36b-4c17-9d53-3752cf1ad725,Savage_Main,squad,2026-01-27T03:48:01Z,0,0,0,0.0,byplayer,0,0,92,0,0,0.0,LJoLJ,account.35e853fd780a429fbfdd7d967528fb5d,0,0.0,0,0.0,0,134,0,203.00883,2,25
1e0c5d0f-e36b-4c17-9d53-3752cf1ad725,Savage_Main,squad,2026-01-27T03:48:01Z,1,0,6,152.97,suicide,0,3,19,1,1,22.631737,JinBeom5,account.8643155fe9f14810b9df31ba78ee76c8,0,0.0,0,2.8414042,0,1110,0,3794.1724,13,4
1e0c5d0f-e36b-4c17-9d53-3752cf1ad725,Savage_Main,squad,2026-01-27T03:48:01Z,0,0,4,77.32,suicide,0,4,23,1,1,16.379272,k-84-182,account.25ab46179ece45efbc8a1f8d25b8ce18,2,0.0,0,0.0,0,1087,0,3561.5657,13,7
44d4b788-1306-4ce0-b6aa-91f072f3dab0,Baltic_Main,squad,2026-01-27T03:48:46Z,1,1,0,171.36954,byplayer,0,1,9,1,3,303.6771,ddokkap,account.5b8eeb801c6245488a2fa6ad4da1cabe,0,1454.3225,0,0.0,0,1278,0,3520.155,10,3
44d4b788-1306-4ce0-b6aa-91f072f3dab0,Baltic_Main,squad,2026-01-27T03:48:46Z,2,2,5,503.62823,byzone,1,2,13,1,2,22.69887,wonwonpapa77,account.16f028a71fe84037a96236c9ae30b917,0,2723.5178,0,0.0,0,1340,0,3382.997,9,3
44d4b788-1306-4ce0-b6aa-91f072f3dab0,Baltic_Main,squad,2026-01-27T03:48:46Z,0,2,9,201.32704,alive,0,3,36,0,0,0.0,dvdff134,account.f3593084e139439bb98494c2f3501b6c,0,3835.0303,0,0.0,0,1445,0,2569.0732,8,1
44d4b788-1306-4ce0-b6aa-91f072f3dab0,Baltic_Main,squad,2026-01-27T03:48:46Z,3,2,2,314.61874,alive,2,1,8,2,3,228.75385,AweHu,account.3c37161bcd364baebedcb3d3eaa6e806,0,5076.795,0,0.0,0,1445,0,3447.0417,7,1
44d4b788-1306-4ce0-b6aa-91f072f3dab0,Baltic_Main,squad,2026-01-27T03:48:46Z,1,0,5,154.42001,alive,0,1,11,2,2,89.87131,qoghdcjd,account.c499654103484ee8b7173def7bce5c70,0,6336.0244,0,0.0,0,1445,0,1861.4199,8,1
44d4b788-1306-4ce0-b6aa-91f072f3dab0,Baltic_Main,squad,2026-01-27T03:48:46Z,2,0,14,140.06,byplayer,0,4,12,1,2,47.332043,TOMCURSE1,account.1dcb89ff28b04e66aa422eec06511ff2,0,1645.5221,0,0.0,0,1440,0,3120.9246,11,3
44d4b788-1306-4ce0-b6aa-91f072f3dab0,Baltic_Main,squad,2026-01-27T03:48:46Z,5,3,7,839.07104,byplayer,3,2,2,4,7,299.38074,SIF_HMbbaga-_-,account.a5f09a81eef244f88f4446ca9806e0c4,0,1212.1808,0,0.0,0,1440,0,4271.3457,10,3
44d4b788-1306-4ce0-b6aa-91f072f3dab0,Baltic_Main,squad,2026-01-27T03:48:46Z,3,2,6,459.9004,alive,1,0,4,1,5,49.956596,dsafklasfas,account.94b037214cd64f16b64b9f7455eeee86,0,6516.047,0,0.0,0,1445,0,3332.2122,7,1
44d4b788-1306-4ce0-b6aa-91f072f3dab0,Baltic_Main,squad,2026-01-27T03:48:46Z,1,0,6,671.68384,byplayer,1,0,5,1,4,66.130424,anna515,account.0720a717b69d4f83ad01cda8ec151156,0,6312.9814,0,0.0,0,1442,0,2267.5112,10,2
44d4b788-1306-4ce0-b6aa-91f072f3dab0,Baltic_Main,squad,2026-01-27T03:48:46Z,6,1,5,723.1933,byplayer,2,2,1,3,8,201.59103,Noah_Doni,account.32b1a5e2b6e444509549d7c0760ef1bb,0,4873.2812,0,0.0,0,1385,0,2240.339,14,2
44d4b788-1306-4ce0-b6aa-91f072f3dab0,Baltic_Main,squad,2026-01-27T03:48:46Z,6,1,6,583.7156,byplayer,2,0,3,2,6,107.02293,kickerpark,account.79d5a51bf5a24cc8ada7d29910e70ddc,0,5163.159,0,0.0,0,1368,1,3138.7874,8,2
ae02a324-316d-4c7f-a776-6833769181c2,Chimera_Main,solo,2026-01-27T04:02:01Z,0,0,0,0.0,byzone,0,0,36,0,0,0.0,onedes_78,account.1aca18e50784421aa6b0586e601a887a,0,0.0,0,0.0,0,561,0,1.7662841,0,29
ae02a324-316d-4c7f-a776-6833769181c2,Chimera_Main,solo,2026-01-27T04:02:01Z,0,0,6,861.8732,byplayer,5,6,1,1,9,146.61783,japata,account.fadecb5fa6b94e7ea0167bb5fb9e062b,0,0.0,0,0.0,0,1297,0,3684.3423,6,2
ae02a324-316d-4c7f-a776-6833769181c2,Chimera_Main,solo,2026-01-27T04:02:01Z,0,0,7,592.6986,alive,4,1,2,1,7,142.1419,Elvinevev,account.026049c61c364166944a048cf7b9d5bc,0,0.0,0,0.0,0,1300,0,4262.5493,10,1
ae02a324-316d-4c7f-a776-6833769181c2,Chimera_Main,solo,2026-01-27T04:02:01Z,0,0,4,458.85672,byplayer,1,0,4,1,3,133.3494,eurodisco,account.3178f50c0f634b3fba399653ddbccd3b,0,0.0,0,0.0,0,1042,0,2622.4019,7,7
28ab84fd-3c06-4ba1-833e-2d1dc774343b,Savage_Main,squad,2026-01-27T04:08:27Z,0,0,0,0.0,byplayer,0,0,91,0,0,0.0,xminem,account.1b71759b43e144fcbb155290dc361f9d,0,0.0,0,0.0,0,156,0,205.6782,4,23
28ab84fd-3c06-4ba1-833e-2d1dc774343b,Savage_Main,squad,2026-01-27T04:08:27Z,1,0,3,186.7323,byplayer,0,10,55,0,0,0.0,MEOK_JIMA,account.8c57a2fd03f7462491cccfc7b2b83403,0,0.0,0,0.0,0,1266,0,4582.215,12,5
28ab84fd-3c06-4ba1-833e-2d1dc774343b,Savage_Main,squad,2026-01-27T04:08:27Z,2,1,2,137.20505,byplayer,0,0,17,1,2,53.560585,MEOK_BBackGu,account.113fdd1e42d8430da8c1ce80791eabc2,0,819.7442,0,0.0,0,749,0,1688.8828,9,5
28ab84fd-3c06-4ba1-833e-2d1dc774343b,Savage_Main,squad,2026-01-27T04:08:27Z,0,0,0,0.0,byplayer,0,0,83,0,0,0.0,3Dmermiwinter,account.f7506ea1b20543629dad2de059061fe5,0,0.0,0,0.0,0,79,0,58.077164,1,19
28ab84fd-3c06-4ba1-833e-2d1dc774343b,Savage_Main,squad,2026-01-27T04:08:27Z,4,1,1,408.08002,byplayer,4,0,7,2,4,40.93883,DAF_HWAN2,account.7bcf296581af4ee8934d9e7d9e8a6faa,1,0.0,0,0.0,0,696,0,2471.4272,9,10
28ab84fd-3c06-4ba1-833e-2d1dc774343b,Savage_Main,squad,2026-01-27T04:08:27Z,3,2,7,581.57245,byplayer,1,6,5,2,5,25.445068,01_Mr_Rex,account.b5c0d065388c4364a2f32068617452c7,0,1860.5394,0,0.0,0,1250,0,3035.3506,17,6
28ab84fd-3c06-4ba1-833e-2d1dc774343b,Savage_Main,squad,2026-01-27T04:08:27Z,0,0,3,106.0,alive,0,0,22,1,1,61.33022,a486451,account.39e3acec77c346bfaaa0a2988b92be3d,0,0.0,0,0.0,0,1383,1,4955.2817,9,1
28ab84fd-3c06-4ba1-833e-2d1dc774343b,Savage_Main,squad,2026-01-27T04:08:27Z,1,0,0,160.48,byplayer,0,0,42,1,1,6.622873,Gong10NoMok,account.830dfa50baa844df87fde7e5384dd9a6,0,0.0,0,0.0,0,133,0,168.6935,6,24
28ab84fd-3c06-4ba1-833e-2d1dc774343b,Savage_Main,squad,2026-01-27T04:08:27Z,0,0,0,47.52,byplayer,0,1,73,0,0,0.0,lilil_UPARUPA,account.05348f1eb6e249228c7c3038af5e779f,0,0.0,0,0.0,0,218,0,238.95926,1,17
28ab84fd-3c06-4ba1-833e-2d1dc774343b,Savage_Main,squad,2026-01-27T04:08:27Z,1,1,4,135.68047,byzone,1,4,26,1,1,35.00412,yoonman-12,account.500e2e1b28014862b1babff9ce6723ac,0,0.0,0,0.0,0,1169,0,3661.0603,13,6
28ab84fd-3c06-4ba1-833e-2d1dc774343b,Savage_Main,squad,2026-01-27T04:08:27Z,0,0,0,0.0,byplayer,0,0,88,0,0,0.0,yeehimage,account.e06e42fbdc2e4e7bb5f30eaa879c9406,0,0.0,0,0.0,0,125,0,119.01018,1,22
28ab84fd-3c06-4ba1-833e-2d1dc774343b,Savage_Main,squad,2026-01-27T04:08:27Z,0,0,3,0.0,byzone,0,6,58,0,0,0.0,Maunini,account.a4a6a38ccf294b2cbe4be2fb36a90c9e,0,386.65405,0,0.0,0,1006,0,1570.5786,12,8
28ab84fd-3c06-4ba1-833e-2d1dc774343b,Savage_Main,squad,2026-01-27T04:08:27Z,0,0,0,0.0,byplayer,0,0,87,0,0,0.0,NAGA10SEYA,account.0b4d2ee9757d4afe85d769890c31cf9f,0,0.0,0,0.0,0,157,0,259.98166,3,22
28ab84fd-3c06-4ba1-833e-2d1dc774343b,Savage_Main,squad,2026-01-27T04:08:27Z,2,1,5,343.45032,byplayer,0,8,15,1,2,56.578262,THE_GOD_BIN,account.d4c2c3496fa14f98ace0de2022658e67,1,0.0,0,0.0,0,1013,0,2731.0996,14,4
28ab84fd-3c06-4ba1-833e-2d1dc774343b,Savage_Main,squad,2026-01-27T04:08:27Z,8,2,5,896.5711,byplayer,0,3,4,1,6,28.63479,XY_Riyoshi,account.62ba26ae2eb84f01b16f0c2699f3735e,0,0.0,0,0.0,0,726,0,2431.6577,10,10
28ab84fd-3c06-4ba1-833e-2d1dc774343b,Savage_Main,squad,2026-01-27T04:08:27Z,1,0,0,238.46002,byplayer,0,0,39,1,1,9.614839,Ya_jamgganman,account.837064a5daeb4ee390787b9a26d5232c,0,0.0,0,0.0,0,157,0,147.55923,8,22
28ab84fd-3c06-4ba1-833e-2d1dc774343b,Savage_Main,squad,2026-01-27T04:08:27Z,1,0,6,134.00002,alive,2,1,13,2,2,33.362053,one7055,account.814fc910afaf4b71b2877097897231f5,1,0.0,0,0.0,0,1383,0,4252.9146,13,1
28ab84fd-3c06-4ba1-833e-2d1dc774343b,Savage_Main,squad,2026-01-27T04:08:27Z,1,1,3,199.99998,byplayer,0,1,16,1,2,58.524082,jinsu-3223,account.dcafe65bd2a444a3b76ac2f1ac457ceb,0,2.413896,0,0.0,0,795,0,2802.3552,16,4
28ab84fd-3c06-4ba1-833e-2d1dc774343b,Savage_Main,squad,2026-01-27T04:08:27Z,1,0,1,99.99999,byplayer,0,1,31,1,1,3.0895996,Gennaro_park,account.a6225ddaec80445d9e95c5963a5d6448,0,0.0,0,0.0,0,424,0,1337.5452,8,12
28ab84fd-3c06-4ba1-833e-2d1dc774343b,Savage_Main,squad,2026-01-27T04:08:27Z,2,1,0,265.56134,byplayer,0,0,20,1,2,9.788584,AG_BANA,account.89ae7a614ab2412c863364ec2e821240,0,0.0,0,5.908095,0,449,0,1251.0082,12,12
28ab84fd-3c06-4ba1-833e-2d1dc774343b,Savage_Main,squad,2026-01-27T04:08:27Z,5,1,9,632.6799,byplayer,2,5,1,2,7,199.35095,cha555,account.4c56b13778fb4718b476abe4303f44a1,0,1622.447,0,0.0,0,1355,0,4058.8997,8,3
28ab84fd-3c06-4ba1-833e-2d1dc774343b,Savage_Main,squad,2026-01-27T04:08:27Z,1,0,0,100.0,byplayer,0,0,36,1,1,21.645174,S_J_K_NO1,account.c8e578dda3ce4bb6b3909396362780ff,0,0.0,0,0.0,0,295,0,762.2018,5,15
28ab84fd-3c06-4ba1-833e-2d1dc774343b,Savage_Main,squad,2026-01-27T04:08:27Z,1,0,3,100.0,byplayer,0,0,24,1,1,167.88104,dzdz9940,account.515075fb779a4b38a503e761794e592a,0,0.0,0,0.0,0,836,0,2749.3289,10,4
28ab84fd-3c06-4ba1-833e-2d1dc774343b,Savage_Main,squad,2026-01-27T04:08:27Z,0,0,4,152.8,byplayer,0,6,29,1,1,3.9553623,You-Sleep98,account.496ac6787e154263876b5bf1d3533939,0,0.0,0,0.0,0,627,0,2025.2224,12,11
28ab84fd-3c06-4ba1-833e-2d1dc774343b,Savage_Main,squad,2026-01-27T04:08:27Z,0,0,0,100.00001,byplayer,0,0,35,1,1,5.6939583,hye__ri,account.c183832daabc4efab8d4bbeb01bdad3c,0,0.0,0,0.0,1,213,0,296.71432,3,14
28ab84fd-3c06-4ba1-833e-2d1dc774343b,Savage_Main,squad,2026-01-27T04:08:27Z,0,0,0,0.0,byplayer,0,0,89,0,0,0.0,Ya_Nadu-,account.664948e3c53c4813843dcb55aeb8cada,0,0.0,0,0.0,0,116,0,195.3145,4,22
28ab84fd-3c06-4ba1-833e-2d1dc774343b,Savage_Main,squad,2026-01-27T04:08:27Z,0,0,0,44.86329,byplayer,0,0,69,0,0,0.0,JAY_Zz-,account.02d4679aa5bc48b29af919c7a2f283b1,0,0.0,0,0.0,0,348,0,1001.3381,5,15
28ab84fd-3c06-4ba1-833e-2d1dc774343b,Savage_Main,squad,2026-01-27T04:08:27Z,0,0,0,0.0,byplayer,0,0,74,0,0,0.0,MAGANGDU,account.7a7d7e8feb1c41e18a5649ee8491dae7,0,0.0,0,0.0,0,218,0,362.85284,4,17
28ab84fd-3c06-4ba1-833e-2d1dc774343b,Savage_Main,squad,2026-01-27T04:08:27Z,1,1,3,100.0,byplayer,0,13,25,1,1,1.5781528,MEOK_GOSIBDA,account.8a544643606f410280b8bf680f9c276d,3,782.5328,0,0.0,0,717,0,2322.6597,10,5
28ab84fd-3c06-4ba1-833e-2d1dc774343b,Savage_Main,squad,2026-01-27T04:08:27Z,6,1,7,870.35626,byplayer,1,4,3,2,6,80.0536,Are_DaeGu,account.d95352fe3e8c490c83279b70902e50c7,0,1357.4216,0,0.0,0,1355,0,3745.7322,15,3
28ab84fd-3c06-4ba1-833e-2d1dc774343b,Savage_Main,squad,2026-01-27T04:08:27Z,0,0,0,36.438652,byplayer,0,0,30,1,1,2.5182676,Pep-si7,account.1b821c84d0d14f01a15226493be69661,1,0.0,0,0.0,0,501,0,1230.3606,7,12
28ab84fd-3c06-4ba1-833e-2d1dc774343b,Savage_Main,squad,2026-01-27T04:08:27Z,0,0,2,58.471466,byplayer,0,0,70,0,0,0.0,JAY_Zzz-,account.89b620e750874d67930b7e12d36c1ebd,0,0.0,0,0.0,0,233,0,362.84183,3,15
28ab84fd-3c06-4ba1-833e-2d1dc774343b,Savage_Main,squad,2026-01-27T04:08:27Z,0,0,0,49.35,byplayer,0,0,96,0,0,0.0,so-_-ry,account.11a422a911bc486382b49821cad15cf5,0,0.0,0,0.0,0,139,0,297.76572,2,25
28ab84fd-3c06-4ba1-833e-2d1dc774343b,Savage_Main,squad,2026-01-27T04:08:27Z,0,0,0,52.4,byplayer,0,0,85,0,0,0.0,angangzz,account.7a671043c378474aaef37a4e8eb98fde,0,0.0,0,0.0,0,162,0,122.8536,1,20
28ab84fd-3c06-4ba1-833e-2d1dc774343b,Savage_Main,squad,2026-01-27T04:08:27Z,0,0,0,0.0,byplayer,0,0,71,0,0,0.0,1day1coffee__,account.3efd99ca605d44e48a6bcccd583d31c0,0,0.0,0,0.0,0,185,0,412.28094,3,15
28ab84fd-3c06-4ba1-833e-2d1dc774343b,Savage_Main,squad,2026-01-27T04:08:27Z,2,0,1,341.28003,byplayer,2,0,12,1,3,38.078026,ellesse0772,account.2419a37be39849409f58967021e0af5b,1,0.0,0,0.0,0,483,0,1610.1143,7,13
28ab84fd-3c06-4ba1-833e-2d1dc774343b,Savage_Main,squad,2026-01-27T04:08:27Z,2,2,3,419.03122,byplayer,1,0,9,1,3,17.800392,MEOK_DUNALDU,account.734dc602917f40fc8e5222e8aea410b4,0,750.4187,0,0.0,0,741,0,1973.2539,10,5
28ab84fd-3c06-4ba1-833e-2d1dc774343b,Savage_Main,squad,2026-01-27T04:08:27Z,0,0,0,0.0,byplayer,0,0,79,0,0,0.0,Du-pharmkiler,account.ec770e1efe2142e3a358b52b38796b2b,0,0.0,0,0.0,0,87,0,49.348064,1,18
28ab84fd-3c06-4ba1-833e-2d1dc774343b,Savage_Main,squad,2026-01-27T04:08:27Z,0,0,0,0.0,suicide,0,0,100,0,0,0.0,sdadd2821,account.5882f02213444e6995c3be56026997b9,0,0.0,0,0.0,0,620,0,0.0,0,27
28ab84fd-3c06-4ba1-833e-2d1dc774343b,Savage_Main,squad,2026-01-27T04:08:27Z,0,0,0,0.0,byplayer,0,0,76,0,0,0.0,codydsla,account.7e9f36adbfd142c69f8a351911951a3b,1,0.0,0,0.0,0,208,0,288.30524,2,17
28ab84fd-3c06-4ba1-833e-2d1dc774343b,Savage_Main,squad,2026-01-27T04:08:27Z,1,0,2,285.03232,byplayer,0,1,21,1,2,16.12467,d_xxy0511,account.e888ab440579412492765454dfa8d579,0,0.0,0,0.0,0,339,0,887.3753,5,16
28ab84fd-3c06-4ba1-833e-2d1dc774343b,Savage_Main,squad,2026-01-27T04:08:27Z,0,0,0,0.0,byplayer,0,0,95,0,0,0.0,Rexx_Banner,account.6b5505a752d64550841eec673442dda2,0,0.0,0,0.0,0,78,0,41.04855,1,24
28ab84fd-3c06-4ba1-833e-2d1dc774343b,Savage_Main,squad,2026-01-27T04:08:27Z,1,0,0,96.14356,byplayer,0,0,40,1,1,3.1749563,hun-oh,account.195a14ce6572425fa985417bba527941,0,0.0,0,0.0,0,156,0,146.5712,2,23
28ab84fd-3c06-4ba1-833e-2d1dc774343b,Savage_Main,squad,2026-01-27T04:08:27Z,0,0,1,26.369339,byplayer,0,0,59,0,0,0.0,wANGGASUM__,account.238a40eea329457d892fffd8a1485900,0,0.0,0,0.0,0,946,0,2699.2065,5,9
28ab84fd-3c06-4ba1-833e-2d1dc774343b,Savage_Main,squad,2026-01-27T04:08:27Z,2,0,0,90.45274,byplayer,0,0,33,1,1,52.66519,ParneseAlberto,account.f9824e9b996d4437ac27da46e9afbc67,0,0.0,0,0.0,0,481,0,1385.6398,9,13
28ab84fd-3c06-4ba1-833e-2d1dc774343b,Savage_Main,squad,2026-01-27T04:08:27Z,2,1,8,189.77249,byplayer,0,4,10,1,3,171.28395,Danggo-112,account.2dbfe6ef8f9f443a8fda8f6385882cf2,0,0.0,0,76.55841,0,1218,0,3590.191,17,6
28ab84fd-3c06-4ba1-833e-2d1dc774343b,Savage_Main,squad,2026-01-27T04:08:27Z,2,1,1,304.08395,byplayer,0,1,32,1,1,26.397932,Nowaday_,account.46649fb1bc6d4cb4b9e807a2bbdd3f07,0,0.0,0,0.0,0,500,0,1373.6274,11,13
28ab84fd-3c06-4ba1-833e-2d1dc774343b,Savage_Main,squad,2026-01-27T04:08:27Z,0,0,0,21.6,byplayer,0,0,84,0,0,0.0,d_baeee,account.711366a1ce734a56af909df1220ba693,0,0.0,0,0.0,0,162,0,142.99985,3,20
28ab84fd-3c06-4ba1-833e-2d1dc774343b,Savage_Main,squad,2026-01-27T04:08:27Z,0,1,6,109.74999,byplayer,0,11,23,1,1,276.05627,uhooooooooooo,account.54d0ffbb0315493a8cfeacb8a4abf14f,0,0.0,0,175.69214,0,1338,0,4187.9697,8,1
28ab84fd-3c06-4ba1-833e-2d1dc774343b,Savage_Main,squad,2026-01-27T04:08:27Z,2,0,6,160.94766,byplayer,0,1,28,1,1,82.25735,zang216,account.ca9cc8217f3644dda740da61ad406471,0,2068.961,0,43.198204,0,1190,0,3222.275,12,7
28ab84fd-3c06-4ba1-833e-2d1dc774343b,Savage_Main,squad,2026-01-27T04:08:27Z,0,0,0,44.4,byplayer,0,0,68,0,0,0.0,DooL2-_-,account.11fc55e9b6f4402390e1a69ec2263215,0,0.0,0,0.0,0,315,0,664.49536,3,14
28ab84fd-3c06-4ba1-833e-2d1dc774343b,Savage_Main,squad,2026-01-27T04:08:27Z,0,0,0,0.0,byplayer,0,0,78,0,0,0.0,Du_pham,account.d3d67695b63a4c7ab76b54f910aec3cd,0,0.0,0,0.0,0,184,0,178.65825,1,18
28ab84fd-3c06-4ba1-833e-2d1dc774343b,Savage_Main,squad,2026-01-27T04:08:27Z,2,1,6,267.86935,byplayer,0,3,18,1,2,107.19855,123fvh,account.a8009e780b074b67ac62ec3683eb62b2,0,3166.532,0,68.05587,0,1190,0,3355.0479,12,7
28ab84fd-3c06-4ba1-833e-2d1dc774343b,Savage_Main,squad,2026-01-27T04:08:27Z,0,0,1,30.099998,byplayer,0,2,81,0,0,0.0,hi_ililil,account.51d48a437ff24094806492ef84ec4a8b,0,0.0,0,0.0,0,167,0,243.07405,1,19
28ab84fd-3c06-4ba1-833e-2d1dc774343b,Savage_Main,squad,2026-01-27T04:08:27Z,0,1,0,29.63707,byplayer,0,0,97,0,0,0.0,Tom-_-as,account.0ce05c5cd82840c1b329eb318c6bdc71,0,0.0,0,0.0,0,139,0,126.775925,2,25
28ab84fd-3c06-4ba1-833e-2d1dc774343b,Savage_Main,squad,2026-01-27T04:08:27Z,0,0,0,0.0,byplayer,0,0,98,0,0,0.0,DIC_Quokka,account.52458043b42e41ca91ab24027c53c0eb,0,0.0,0,0.0,0,128,0,227.42085,5,26
28ab84fd-3c06-4ba1-833e-2d1dc774343b,Savage_Main,squad,2026-01-27T04:08:27Z,2,0,0,170.36293,byplayer,0,0,43,1,1,4.2749724,do_rot_th,account.26df338262284885a931ec6a0fbbb509,0,0.0,0,0.0,0,139,0,224.86317,3,25
28ab84fd-3c06-4ba1-833e-2d1dc774343b,Savage_Main,squad,2026-01-27T04:08:27Z,0,0,2,98.09999,byplayer,0,0,60,0,0,0.0,DDAKDABURI,account.b59bfed206624d9483be474fa50bf8e1,0,223.49469,0,0.0,0,939,0,2837.7393,6,9
28ab84fd-3c06-4ba1-833e-2d1dc774343b,Savage_Main,squad,2026-01-27T04:08:27Z,0,0,4,0.0,byplayer,0,14,54,0,0,0.0,YOUNG920918,account.488fd89da54d4db7b32a313e69d0fe1c,0,1445.7286,0,0.0,0,1194,0,3531.1348,7,3
28ab84fd-3c06-4ba1-833e-2d1dc774343b,Savage_Main,squad,2026-01-27T04:08:27Z,0,0,0,88.50516,byplayer,0,0,99,0,0,0.0,1VS1_-The_Kar98,account.2f41818e39ac43d49385ad3f112d07a9,0,0.0,0,0.0,0,128,0,160.49895,1,26
28ab84fd-3c06-4ba1-833e-2d1dc774343b,Savage_Main,squad,2026-01-27T04:08:27Z,0,0,0,31.68,byplayer,0,0,90,0,0,0.0,SIRAS0NI-_-,account.db01ae642d854b06acda3a08df6d9236,0,0.0,0,0.0,0,81,0,59.474724,2,22
28ab84fd-3c06-4ba1-833e-2d1dc774343b,Savage_Main,squad,2026-01-27T04:08:27Z,0,0,1,0.0,byplayer,0,1,66,0,0,0.0,Nz_0202,account.82ab8c0e496b4c2d86f0c3bc82998bce,0,0.0,0,0.0,0,488,0,1513.258,9,12
28ab84fd-3c06-4ba1-833e-2d1dc774343b,Savage_Main,squad,2026-01-27T04:08:27Z,0,0,0,87.56,byplayer,0,0,94,0,0,0.0,DDaraGaori,account.7ccba2c8889c4dcc9cca5782e5a93488,0,0.0,0,0.0,0,154,0,177.95828,2,24
28ab84fd-3c06-4ba1-833e-2d1dc774343b,Savage_Main,squad,2026-01-27T04:08:27Z,1,0,0,100.0,byplayer,0,0,44,1,1,8.8762455,naping0123,account.abf159b5742646b3b6f0cbea66cfab61,0,0.0,0,0.0,0,127,0,205.53053,2,27
28ab84fd-3c06-4ba1-833e-2d1dc774343b,Savage_Main,squad,2026-01-27T04:08:27Z,3,0,4,450.1146,byplayer,0,17,14,1,2,3.3054605,skehfdkrkffo,account.3297c3f783364990a64b0d8056e57724,0,4401.361,2,0.0,0,1380,0,1410.3402,12,2
28ab84fd-3c06-4ba1-833e-2d1dc774343b,Savage_Main,squad,2026-01-27T04:08:27Z,0,0,4,0.0,byzone,0,24,57,0,0,0.0,Maple_Enver,account.82df4baa69b7486c88531afd4365eb5c,0,1368.9059,0,0.0,0,1113,0,2629.1653,15,8
28ab84fd-3c06-4ba1-833e-2d1dc774343b,Savage_Main,squad,2026-01-27T04:08:27Z,2,1,4,381.36823,byplayer,0,0,19,1,2,65.777374,LANDERS_14_S2,account.8e1cbcffa5864a6bb64e2bcaf0d1c497,2,0.0,0,0.0,0,819,0,2882.1968,12,10
28ab84fd-3c06-4ba1-833e-2d1dc774343b,Savage_Main,squad,2026-01-27T04:08:27Z,3,0,8,466.6015,byplayer,2,5,6,2,5,75.99184,XY_TET0,account.0e1a940c5c07411bbc5e8f5cd7a1dd3a,0,0.0,0,0.0,0,819,0,2957.5276,7,10
28ab84fd-3c06-4ba1-833e-2d1dc774343b,Savage_Main,squad,2026-01-27T04:08:27Z,0,0,0,0.0,byplayer,0,0,101,0,0,0.0,slippage-_-,account.51f07992720b44ab9eabae6fe4e9e85e,0,0.0,0,0.0,0,86,0,53.731934,1,27
28ab84fd-3c06-4ba1-833e-2d1dc774343b,Savage_Main,squad,2026-01-27T04:08:27Z,2,0,0,200.0,byplayer,0,0,77,0,0,0.0,ghkdwnsrl123,account.851d419b8ac54147aa0d0f6818552e22,0,0.0,0,0.0,0,184,0,220.22989,4,18
28ab84fd-3c06-4ba1-833e-2d1dc774343b,Savage_Main,squad,2026-01-27T04:08:27Z,1,1,4,93.62413,byplayer,0,3,27,1,1,3.7280066,sptm,account.76ef1a92b10546ada353f4feb1d3e103,2,0.0,0,64.19822,0,951,0,2790.2632,10,6
28ab84fd-3c06-4ba1-833e-2d1dc774343b,Savage_Main,squad,2026-01-27T04:08:27Z,0,0,0,15.303251,byplayer,0,0,72,0,0,0.0,DOZ-19,account.142cda19a66e4cb78ff3afeb94733122,0,0.0,0,0.0,0,245,0,711.14703,4,16
28ab84fd-3c06-4ba1-833e-2d1dc774343b,Savage_Main,squad,2026-01-27T04:08:27Z,0,0,2,0.0,byplayer,0,5,67,0,0,0.0,OSAMABINLALA,account.0450a547aec549e3ba46ba9999781567,0,0.0,0,0.0,0,500,0,1188.0475,5,13
28ab84fd-3c06-4ba1-833e-2d1dc774343b,Savage_Main,squad,2026-01-27T04:08:27Z,0,0,0,100.00001,byplayer,0,0,37,1,1,15.501452,6974_man,account.da15f047cdca435baafac30c4c965ae8,0,0.0,0,0.0,0,251,0,403.5516,4,16
28ab84fd-3c06-4ba1-833e-2d1dc774343b,Savage_Main,squad,2026-01-27T04:08:27Z,0,0,0,0.0,byplayer,0,0,61,0,0,0.0,Florence_12,account.1816a0d0023748e492746e52dc1e52cc,0,0.0,0,0.0,0,907,0,2934.511,9,9
28ab84fd-3c06-4ba1-833e-2d1dc774343b,Savage_Main,squad,2026-01-27T04:08:27Z,0,0,6,0.0,byzone,0,6,53,0,0,0.0,JJe_ly,account.fefbda8cbc8f4e6088c6c93996763241,0,1444.5732,0,0.0,0,1291,0,3480.786,9,3
28ab84fd-3c06-4ba1-833e-2d1dc774343b,Savage_Main,squad,2026-01-27T04:08:27Z,1,0,0,99.99999,byplayer,0,0,38,1,1,4.2543297,arkion_jin,account.83d3acccaee54d8b9c1cdcd7e5a20ffb,0,0.0,0,0.0,0,160,0,131.99995,2,21
28ab84fd-3c06-4ba1-833e-2d1dc774343b,Savage_Main,squad,2026-01-27T04:08:27Z,0,0,0,0.0,byplayer,0,0,80,0,0,0.0,mmck1222,account.7b01b267a4be4437baf76ba75c51f64c,0,0.0,0,0.0,0,167,0,209.09644,4,19
28ab84fd-3c06-4ba1-833e-2d1dc774343b,Savage_Main,squad,2026-01-27T04:08:27Z,0,0,0,0.0,byplayer,0,0,75,0,0,0.0,Lr7rRa_Ll,account.e089b143262741fcae67adf80203ba25,0,0.0,0,0.0,0,212,0,405.30377,4,17
28ab84fd-3c06-4ba1-833e-2d1dc774343b,Savage_Main,squad,2026-01-27T04:08:27Z,2,0,3,248.19469,byplayer,0,9,8,2,3,54.71793,D_o0O0o_NG,account.0f8e1fc7facd4bc98e535ccc9a9a17fb,1,0.0,0,0.0,0,1226,0,4384.865,11,4
28ab84fd-3c06-4ba1-833e-2d1dc774343b,Savage_Main,squad,2026-01-27T04:08:27Z,3,0,2,291.2,byplayer,1,0,11,2,3,65.23721,Re_Bel-Lion,account.d2a56b762d294d9e802e1628743ee4cc,0,0.0,0,0.0,0,570,0,1830.097,12,12
28ab84fd-3c06-4ba1-833e-2d1dc774343b,Savage_Main,squad,2026-01-27T04:08:27Z,1,0,1,100.0,byplayer,0,0,82,0,0,0.0,winfrom,account.d8f86ae83c1e4c25a5ad0cde99ab26bb,0,0.0,0,0.0,0,148,0,183.88773,3,19
28ab84fd-3c06-4ba1-833e-2d1dc774343b,Savage_Main,squad,2026-01-27T04:08:27Z,1,0,0,128.8,byplayer,0,0,41,1,1,2.6643696,rufybutler_0707,account.01b214c86fbe4963934db7d70bcdbcf6,0,0.0,0,0.0,0,135,0,180.43974,2,24
28ab84fd-3c06-4ba1-833e-2d1dc774343b,Savage_Main,squad,2026-01-27T04:08:27Z,0,0,0,0.0,byplayer,0,0,86,0,0,0.0,Orora0269,account.b8e4add48dd8459b85cda76ca804c461,0,0.0,0,0.0,0,162,0,135.88957,2,20
28ab84fd-3c06-4ba1-833e-2d1dc774343b,Savage_Main,squad,2026-01-27T04:08:27Z,0,0,4,23.108755,byplayer,0,11,56,0,0,0.0,TOKKIZA_YO,account.30ba549863364c53ac4b1a2790a8c1e1,0,415.81024,0,40.586887,0,1013,0,3412.357,27,7
28ab84fd-3c06-4ba1-833e-2d1dc774343b,Savage_Main,squad,2026-01-27T04:08:27Z,5,2,7,999.1963,byplayer,1,1,2,2,6,43.776176,Yul2yam,account.7e3bd2c1e04e4a71a31e74c8a2ef2e79,0,0.0,0,0.0,0,1243,0,2687.778,21,1
28ab84fd-3c06-4ba1-833e-2d1dc774343b,Savage_Main,squad,2026-01-27T04:08:27Z,1,0,0,197.2,byplayer,0,1,34,1,1,6.013685,BALVENIE99,account.9ee8e5154d9d468f8f620cf77556c954,1,0.0,0,0.0,0,262,0,353.57916,5,14
28ab84fd-3c06-4ba1-833e-2d1dc774343b,Savage_Main,squad,2026-01-27T04:08:27Z,0,0,0,3.8564382,byplayer,0,0,92,0,0,0.0,korea-chs,account.93fe0b02411c40b684ff6d8ceb14ae2c,0,0.0,0,0.0,0,156,0,355.37994,5,23
28ab84fd-3c06-4ba1-833e-2d1dc774343b,Savage_Main,squad,2026-01-27T04:08:27Z,0,0,0,0.0,byplayer,0,0,93,0,0,0.0,gnlRld,account.ec40a125a8ee403b9d0cd01efb72b3e9,0,0.0,0,0.0,0,136,0,191.4222,3,23
320968b8-9cee-467e-a033-9f5757394fde,Baltic_Main,duo,2026-01-27T04:09:04Z,6,0,7,865.9668,byplayer,3,0,2,2,9,327.77606,MONKEY_S_6EX,account.89d1453334be47d799481edee4f1bea0,0,2771.8606,0,0.0,0,1077,0,2314.8042,16,1
320968b8-9cee-467e-a033-9f5757394fde,Baltic_Main,duo,2026-01-27T04:09:04Z,4,1,5,740.24133,byplayer,4,2,3,2,9,226.0348,newbie_player_,account.afc586b496d44d989d1dd0e9a5843d69,0,1758.5773,0,0.0,0,1176,0,2524.3594,9,9
320968b8-9cee-467e-a033-9f5757394fde,Baltic_Main,duo,2026-01-27T04:09:04Z,4,2,4,888.95496,byplayer,1,1,5,1,7,133.63419,ming_hyeok,account.5bfccfd14cac442bbefd9ef0be7e44f3,0,3690.4448,0,0.0,0,970,0,1516.3835,8,17
320968b8-9cee-467e-a033-9f5757394fde,Baltic_Main,duo,2026-01-27T04:09:04Z,3,0,4,262.33032,byplayer,0,0,12,1,3,85.36416,hoya4525,account.42c723a943d74801b2b7876b13b1ea7d,0,2293.035,0,0.0,0,941,0,1683.8245,18,12
320968b8-9cee-467e-a033-9f5757394fde,Baltic_Main,duo,2026-01-27T04:09:04Z,5,0,9,511.61224,byplayer,0,2,4,2,7,52.914608,holyadc,account.1952ee2ce30c4e519e9315d0c096eb90,0,5482.2617,0,0.0,0,1541,0,3099.1914,12,2
320968b8-9cee-467e-a033-9f5757394fde,Baltic_Main,duo,2026-01-27T04:09:04Z,0,0,4,0.0,byplayer,0,0,47,0,0,0.0,PMC_GOJA,account.cf985889b02e471195e780b24dc47157,0,3805.1472,0,0.0,0,958,0,2583.7874,2,18
320968b8-9cee-467e-a033-9f5757394fde,Baltic_Main,duo,2026-01-27T04:09:04Z,0,6,11,539.5312,byplayer,0,0,8,1,3,111.36649,AWM_-_m24,account.c233f9386bd44477becefde6479f6bb7,0,5692.815,0,0.0,0,1541,0,2829.6694,16,2
320968b8-9cee-467e-a033-9f5757394fde,Baltic_Main,duo,2026-01-27T04:09:04Z,0,2,3,306.045,byplayer,0,0,7,2,5,75.68493,deliciouschina,account.8febe7b98bdc491dae398306ee3449bb,0,3666.2239,0,0.0,0,970,0,2016.5885,8,17
320968b8-9cee-467e-a033-9f5757394fde,Baltic_Main,duo,2026-01-27T04:09:04Z,1,0,0,132.49548,byplayer,0,1,26,1,1,16.746893,cls3502400,account.099fa4f71b4f445e914b6f89eb961513,0,889.77094,0,0.0,0,809,0,2076.43,3,23
320968b8-9cee-467e-a033-9f5757394fde,Baltic_Main,duo,2026-01-27T04:09:04Z,4,1,2,731.9217,byplayer,0,0,6,2,5,153.9259,WooyaHoya_naya,account.3dc313bb90784e6d8e5464c74e968da0,0,0.0,0,0.0,0,1176,0,3002.666,8,9
320968b8-9cee-467e-a033-9f5757394fde,Baltic_Main,duo,2026-01-27T04:09:04Z,4,1,7,903.55023,alive,5,1,1,2,9,154.79941,265-woosu,account.7a4d0a2d782f4cd1a0813a1726809f78,0,2913.3025,0,0.0,0,1544,0,4268.384,11,1
320968b8-9cee-467e-a033-9f5757394fde,Baltic_Main,duo,2026-01-27T04:09:04Z,2,2,4,334.84845,byplayer,0,2,11,2,3,13.894742,ehddnjs1-,account.13640244687f4e71b9657e9779158fd1,0,4293.787,0,0.0,0,1035,0,2265.5579,11,12
320968b8-9cee-467e-a033-9f5757394fde,Baltic_Main,duo,2026-01-27T04:09:04Z,0,0,0,156.0553,byplayer,1,0,27,1,1,116.35087,ytgfgjg,account.c1b4639775f8442595d3355c5331c156,0,1206.2563,0,0.0,0,791,0,1783.6354,6,23
abd400f3-f4bc-4988-82c0-7d5676fd4801,Savage_Main,squad,2026-01-27T04:18:08Z,0,1,0,126.399994,byplayer,0,6,65,0,0,0.0,Sicily_2Km,account.35faff3fddbf41efa38ee45afea15ea1,1,0.0,0,0.0,0,364,0,445.5717,4,13
abd400f3-f4bc-4988-82c0-7d5676fd4801,Savage_Main,squad,2026-01-27T04:18:08Z,0,1,0,25.74,byplayer,0,0,95,0,0,0.0,flowercrab_-,account.2fb7d301da3f4bef94918bbe0ec50bf5,0,0.0,0,0.0,0,104,0,154.15231,2,24
abd400f3-f4bc-4988-82c0-7d5676fd4801,Savage_Main,squad,2026-01-27T04:18:08Z,1,0,0,100.00001,byplayer,0,0,73,0,0,0.0,cool-pepper,account.649b3d76d5b74d219e1deccb27b780ae,0,0.0,0,0.0,0,205,0,171.43117,3,16
abd400f3-f4bc-4988-82c0-7d5676fd4801,Savage_Main,squad,2026-01-27T04:18:08Z,0,0,1,24.946152,byplayer,0,0,66,0,0,0.0,baekmimi79,account.65e0b6604e8146d5b09e507091322a03,0,0.0,0,0.0,0,324,0,360.4372,6,14
abd400f3-f4bc-4988-82c0-7d5676fd4801,Savage_Main,squad,2026-01-27T04:18:08Z,2,0,0,200.00002,byplayer,1,0,37,1,1,12.155043,daegu_daejangs,account.f51bbd1100e1499ca3f868e008f9fb7a,0,0.0,0,0.0,0,169,0,140.40596,2,19
abd400f3-f4bc-4988-82c0-7d5676fd4801,Savage_Main,squad,2026-01-27T04:18:08Z,1,0,0,99.99999,byplayer,0,1,86,0,0,0.0,190000_O,account.780f1baa4b894f549bfe2472e7ab5268,0,0.0,0,0.0,0,144,0,243.41759,6,21
abd400f3-f4bc-4988-82c0-7d5676fd4801,Savage_Main,squad,2026-01-27T04:18:08Z,0,0,0,19.35,byplayer,0,0,91,0,0,0.0,Sexypaeng,account.584246ee1fb54e238a70051b55efdb79,0,0.0,0,0.0,0,112,0,75.745125,1,23
abd400f3-f4bc-4988-82c0-7d5676fd4801,Savage_Main,squad,2026-01-27T04:18:08Z,0,0,0,92.880005,byplayer,0,0,88,0,0,0.0,KOR-ZERO79,account.db94fe8091e54e50bf7bec9d47570e45,0,0.0,0,0.0,0,117,0,140.40155,1,21
abd400f3-f4bc-4988-82c0-7d5676fd4801,Savage_Main,squad,2026-01-27T04:18:08Z,2,0,0,200.0,byplayer,1,0,31,1,1,8.20359,oVa_Cha,account.7b2e48ad7e304fa2b261b98b2de85deb,0,0.0,0,0.0,0,557,0,1967.1617,7,10
abd400f3-f4bc-4988-82c0-7d5676fd4801,Savage_Main,squad,2026-01-27T04:18:08Z,0,0,0,0.0,byzone,0,0,61,0,0,0.0,jesusjiujitsu,account.1cc94b447cb34a5b91655858d4e11126,0,0.0,0,0.0,0,454,0,1219.4418,6,12
abd400f3-f4bc-4988-82c0-7d5676fd4801,Savage_Main,squad,2026-01-27T04:18:08Z,1,1,3,126.4,byplayer,0,2,26,1,1,31.207487,RZ_KABT_,account.fba5e13eb62b487f96634ff34cbcb346,0,0.0,0,0.0,0,1051,0,2867.2043,19,3
abd400f3-f4bc-4988-82c0-7d5676fd4801,Savage_Main,squad,2026-01-27T04:18:08Z,1,0,0,153.55003,byplayer,0,0,35,1,1,20.235775,sehyun_456,account.35e6249487ba429a98a18d0bedfd66de,0,0.0,0,0.0,0,181,0,225.9935,2,18
abd400f3-f4bc-4988-82c0-7d5676fd4801,Savage_Main,squad,2026-01-27T04:18:08Z,0,0,0,0.0,byplayer,0,0,68,0,0,0.0,promise76,account.51c97a66a5084391a0eaf07abe394e8a,0,0.0,0,0.0,0,307,0,403.64868,4,14
abd400f3-f4bc-4988-82c0-7d5676fd4801,Savage_Main,squad,2026-01-27T04:18:08Z,0,0,0,0.0,byplayer,0,0,57,0,0,0.0,56ami,account.698ff5778c304175a4c9a007fe00d313,0,0.0,0,0.0,0,543,0,1149.5768,9,7
abd400f3-f4bc-4988-82c0-7d5676fd4801,Savage_Main,squad,2026-01-27T04:18:08Z,0,1,4,137.04776,byplayer,0,0,27,1,1,14.055567,Daminra_,account.b60fcfab40f6489e821783a8e76f1024,0,0.0,0,0.5883787,0,1078,0,3415.3315,3,4
abd400f3-f4bc-4988-82c0-7d5676fd4801,Savage_Main,squad,2026-01-27T04:18:08Z,1,0,0,100.0,byplayer,0,1,74,0,0,0.0,SoRkGoWnfRp,account.1be41c7771b14c86aea48e7e8d3c8477,1,0.0,0,0.0,0,205,0,286.44724,1,16
abd400f3-f4bc-4988-82c0-7d5676fd4801,Savage_Main,squad,2026-01-27T04:18:08Z,1,0,7,125.20695,byplayer,1,4,17,2,2,7.0762544,bbbbrock,account.a43e31139ae6407ea918db91b5d3414a,1,2164.0325,0,0.0,0,1254,0,2795.7744,6,3
abd400f3-f4bc-4988-82c0-7d5676fd4801,Savage_Main,squad,2026-01-27T04:18:08Z,0,0,0,0.0,byplayer,0,0,85,0,0,0.0,BingBing-_-ba,account.03bd4fad7902464482caf6b278f94457,0,0.0,0,0.0,0,144,0,240.43024,4,21
abd400f3-f4bc-4988-82c0-7d5676fd4801,Savage_Main,squad,2026-01-27T04:18:08Z,3,0,2,321.99988,byplayer,0,1,12,1,3,6.9073024,goononix-,account.42837415da03494d99ec0301c907e2d0,1,0.0,0,0.0,0,486,0,871.47186,7,12
abd400f3-f4bc-4988-82c0-7d5676fd4801,Savage_Main,squad,2026-01-27T04:18:08Z,4,0,0,509.8038,byplayer,0,0,13,1,3,17.057163,IM_PlNK,account.6efaf07b101640dcb91f92fd988a961f,0,0.0,0,0.0,0,309,0,669.61633,8,12
abd400f3-f4bc-4988-82c0-7d5676fd4801,Savage_Main,squad,2026-01-27T04:18:08Z,1,0,0,50.4,byplayer,0,3,34,1,1,19.783075,RoxxxxyZ,account.54f3eb37a5b54021a8f9f80898d28f4f,2,0.0,0,0.0,0,364,0,723.42896,5,13
abd400f3-f4bc-4988-82c0-7d5676fd4801,Savage_Main,squad,2026-01-27T04:18:08Z,0,1,1,72.240005,byplayer,0,2,29,1,1,0.9501768,y_eeeahm,account.60a1caf3e8b04575847e7a2f65ead4f4,0,0.0,0,0.0,0,463,0,862.78754,5,8
abd400f3-f4bc-4988-82c0-7d5676fd4801,Savage_Main,squad,2026-01-27T04:18:08Z,0,0,1,0.0,byplayer,0,1,70,0,0,0.0,Se19_j,account.0f6836b77f5c474aa6f5e6b05af318ba,0,0.0,0,0.0,0,219,0,434.86517,7,15
abd400f3-f4bc-4988-82c0-7d5676fd4801,Savage_Main,squad,2026-01-27T04:18:08Z,0,0,0,0.0,byplayer,0,0,72,0,0,0.0,lkh0721,account.13d1f7efe00d4228bb5a6c5311e314f9,0,0.0,0,0.0,0,162,0,174.16374,2,15
abd400f3-f4bc-4988-82c0-7d5676fd4801,Savage_Main,squad,2026-01-27T04:18:08Z,2,1,1,263.73962,byplayer,0,7,18,1,2,10.745718,bleta_,account.7f9adddf68bf47dcabe796284a0d4683,0,0.0,0,0.0,0,1112,0,3049.176,13,3
abd400f3-f4bc-4988-82c0-7d5676fd4801,Savage_Main,squad,2026-01-27T04:18:08Z,0,0,2,139.86,byplayer,0,2,60,0,0,0.0,milinae1,account.5e5d2d3740684761b9129570ace5ab77,0,0.0,0,0.0,0,547,0,1208.7411,7,11
abd400f3-f4bc-4988-82c0-7d5676fd4801,Savage_Main,squad,2026-01-27T04:18:08Z,3,1,9,546.71533,byplayer,0,1,11,1,3,34.672943,banghodi,account.af72789dbe1345668faa86b25b02ccfd,0,0.0,0,0.0,0,698,0,1807.9565,6,9
abd400f3-f4bc-4988-82c0-7d5676fd4801,Savage_Main,squad,2026-01-27T04:18:08Z,0,0,0,39.6,byplayer,0,0,99,0,0,0.0,RBN_OHH-__-,account.503cf675ec094ad0b50bd55c719adf13,0,0.0,0,0.0,0,78,0,64.60164,1,25
abd400f3-f4bc-4988-82c0-7d5676fd4801,Savage_Main,squad,2026-01-27T04:18:08Z,2,0,1,115.850006,byplayer,0,3,21,2,2,5.7962575,yoonie_92,account.f18bf25b427644889b06d708381f73fa,0,0.0,0,0.0,0,391,0,830.8237,3,12
abd400f3-f4bc-4988-82c0-7d5676fd4801,Savage_Main,squad,2026-01-27T04:18:08Z,2,2,0,75.13251,byplayer,0,0,92,0,0,0.0,abc351,account.f3f81d87a73842229beb4db4e8b16814,0,0.0,0,0.0,0,112,0,84.90928,1,23
abd400f3-f4bc-4988-82c0-7d5676fd4801,Savage_Main,squad,2026-01-27T04:18:08Z,2,0,4,379.39246,byplayer,1,1,6,2,4,17.036661,changmin222222,account.e7b7fad7ee31422cb76a8dcee0136261,1,0.0,0,0.0,0,738,0,1742.9688,7,8
abd400f3-f4bc-4988-82c0-7d5676fd4801,Savage_Main,squad,2026-01-27T04:18:08Z,2,0,0,200.0,byplayer,0,0,81,0,0,0.0,shin-min-jae,account.d877e0d5d6d44d12bb59eac244d9b7c2,0,0.0,0,0.0,0,164,0,255.41704,2,20
abd400f3-f4bc-4988-82c0-7d5676fd4801,Savage_Main,squad,2026-01-27T04:18:08Z,1,0,0,129.77348,byplayer,0,0,87,0,0,0.0,PREAP,account.8d4813bc6f864f0e9fd1ad95d0d87c4e,0,0.0,0,0.0,0,144,0,176.69641,4,21
abd400f3-f4bc-4988-82c0-7d5676fd4801,Savage_Main,squad,2026-01-27T04:18:08Z,0,0,0,0.0,byplayer,0,0,71,0,0,0.0,moonG_Gyul,account.88547bbfdd54487689f3a25610f9e594,0,0.0,0,0.0,0,188,0,386.04758,4,15
abd400f3-f4bc-4988-82c0-7d5676fd4801,Savage_Main,squad,2026-01-27T04:18:08Z,0,0,0,38.78997,byplayer,0,0,79,0,0,0.0,DIC_Verstappen,account.6b644db5d3454795bb86aa96d46327a8,0,0.0,0,0.0,0,165,0,186.60345,5,18
abd400f3-f4bc-4988-82c0-7d5676fd4801,Savage_Main,squad,2026-01-27T04:18:08Z,1,0,2,42.91301,byplayer,1,1,32,1,1,4.1328588,yull0527,account.3698d81c0c934c6bbe00cd4b7b6f80f6,0,0.0,0,0.0,0,486,0,1131.7194,5,12
abd400f3-f4bc-4988-82c0-7d5676fd4801,Savage_Main,squad,2026-01-27T04:18:08Z,0,1,2,0.0,byplayer,0,5,63,0,0,0.0,onetwo_ko,account.308141449da64d7484a70c8780ee2d88,0,0.0,0,0.0,0,377,0,725.89136,6,12
abd400f3-f4bc-4988-82c0-7d5676fd4801,Savage_Main,squad,2026-01-27T04:18:08Z,0,0,0,0.0,byplayer,0,0,77,0,0,0.0,ho0704,account.73647ca90e9f4c39af69d359a1a27f91,0,0.0,0,0.0,0,105,0,71.68873,1,17
abd400f3-f4bc-4988-82c0-7d5676fd4801,Savage_Main,squad,2026-01-27T04:18:08Z,0,0,0,0.0,byplayer,0,0,100,0,0,0.0,Choonsik-_-k,account.70533c90e3c844bca93dfe6cf10ec1f4,0,0.0,0,0.0,0,77,0,41.315304,1,26
abd400f3-f4bc-4988-82c0-7d5676fd4801,Savage_Main,squad,2026-01-27T04:18:08Z,3,2,1,479.42648,byplayer,1,6,14,1,3,26.609516,xminem,account.1b71759b43e144fcbb155290dc361f9d,0,0.0,0,0.0,0,364,0,667.9806,5,13
abd400f3-f4bc-4988-82c0-7d5676fd4801,Savage_Main,squad,2026-01-27T04:18:08Z,0,0,0,51.707684,byplayer,0,3,49,0,0,0.0,Color-_-Winner,account.208d24f0e7dd4292b1ab60806b3c8064,0,0.0,0,0.0,0,1091,0,2820.3242,18,4
abd400f3-f4bc-4988-82c0-7d5676fd4801,Savage_Main,squad,2026-01-27T04:18:08Z,1,0,0,153.54999,byplayer,2,0,15,2,3,9.100931,Gong10NoMok,account.830dfa50baa844df87fde7e5384dd9a6,1,0.0,0,0.0,0,205,0,245.80405,2,16
abd400f3-f4bc-4988-82c0-7d5676fd4801,Savage_Main,squad,2026-01-27T04:18:08Z,1,0,4,100.0,byplayer,0,7,51,0,0,0.0,DOZ-19,account.142cda19a66e4cb78ff3afeb94733122,0,2424.0713,0,5.142372,0,985,0,2240.2422,9,5
abd400f3-f4bc-4988-82c0-7d5676fd4801,Savage_Main,squad,2026-01-27T04:18:08Z,5,0,0,378.99997,byplayer,1,5,7,1,4,69.44932,yonjok1,account.0319453e5e69476880e54c84904ea7f1,0,0.0,0,0.0,0,416,0,687.3937,7,9
abd400f3-f4bc-4988-82c0-7d5676fd4801,Savage_Main,squad,2026-01-27T04:18:08Z,0,0,0,0.0,byplayer,0,0,83,0,0,0.0,young_suu,account.4298f172eb304422994a721748765a6f,0,0.0,0,0.0,0,163,0,272.34958,1,20
abd400f3-f4bc-4988-82c0-7d5676fd4801,Savage_Main,squad,2026-01-27T04:18:08Z,0,0,0,0.0,byplayer,0,0,84,0,0,0.0,CHALLENGER_SRT_V,account.916e443c95424d758027d79dfd8f8771,0,0.0,0,0.0,0,138,0,206.91898,6,20
abd400f3-f4bc-4988-82c0-7d5676fd4801,Savage_Main,squad,2026-01-27T04:18:08Z,0,0,0,0.0,byplayer,0,0,69,0,0,0.0,SEMAGOGI,account.1c818180f4c94cd6af20df75a98438c7,1,0.0,0,0.0,0,219,0,439.99414,5,15
abd400f3-f4bc-4988-82c0-7d5676fd4801,Savage_Main,squad,2026-01-27T04:18:08Z,0,0,0,20.797262,byplayer,0,0,67,0,0,0.0,jy0640,account.9115f6cd2f7d4136a5ddcede13843d3a,0,0.0,0,0.0,0,324,0,383.62125,7,14
abd400f3-f4bc-4988-82c0-7d5676fd4801,Savage_Main,squad,2026-01-27T04:18:08Z,0,0,0,0.0,byplayer,0,0,58,0,0,0.0,Binnao3o,account.64cdc28a5475470da58cf24f62b8ce1d,0,0.0,0,0.0,0,484,0,1091.5603,12,8
abd400f3-f4bc-4988-82c0-7d5676fd4801,Savage_Main,squad,2026-01-27T04:18:08Z,0,0,0,39.6,byplayer,0,0,59,0,0,0.0,YEO2DA,account.d39a09b1c8bf4265b95f9e46e150f3fa,0,0.0,0,0.0,0,546,0,1318.1809,6,10
abd400f3-f4bc-4988-82c0-7d5676fd4801,Savage_Main,squad,2026-01-27T04:18:08Z,0,0,0,0.0,byplayer,0,0,62,0,0,0.0,Angry_noopy,account.cf1ce023b51f4fc0ae98894598e4695b,0,0.0,0,0.0,0,419,0,823.86646,5,12
abd400f3-f4bc-4988-82c0-7d5676fd4801,Savage_Main,squad,2026-01-27T04:18:08Z,0,0,0,48.510002,byplayer,0,0,80,0,0,0.0,JIN_MVP,account.0b56cc36b0e742fcb286c8a9c99fd4e2,1,0.0,0,0.0,0,164,0,203.41382,2,20
abd400f3-f4bc-4988-82c0-7d5676fd4801,Savage_Main,squad,2026-01-27T04:18:08Z,5,0,6,638.24774,alive,0,2,1,2,9,72.74145,SiruSio_-,account.e33c4caa7e854f508b24bb59096ac26a,2,0.0,0,0.0,0,1280,0,5494.762,12,1
abd400f3-f4bc-4988-82c0-7d5676fd4801,Savage_Main,squad,2026-01-27T04:18:08Z,5,4,6,828.59094,byplayer,0,4,3,2,5,34.613823,dyson_-C,account.45c8961498344c59bd7268179eece09e,0,0.0,0,0.0,0,1086,0,3610.0642,18,1
abd400f3-f4bc-4988-82c0-7d5676fd4801,Savage_Main,squad,2026-01-27T04:18:08Z,0,0,0,0.0,byplayer,0,0,78,0,0,0.0,k_moomoo,account.18b69808094e4ef19f91623ddcba0834,0,0.0,0,0.0,0,92,0,51.52328,1,17
abd400f3-f4bc-4988-82c0-7d5676fd4801,Savage_Main,squad,2026-01-27T04:18:08Z,0,0,0,0.0,byplayer,0,0,76,0,0,0.0,seun_ni,account.c163c33b8a074eeebb5005cbaeacc011,0,0.0,0,0.0,0,203,0,142.9977,4,17
abd400f3-f4bc-4988-82c0-7d5676fd4801,Savage_Main,squad,2026-01-27T04:18:08Z,1,1,0,170.56001,byplayer,0,0,39,1,1,33.48654,7yte,account.2d9a6fa3082e45a1b3f41dfbd19aaa81,0,0.0,0,0.0,0,76,0,55.4577,1,22
abd400f3-f4bc-4988-82c0-7d5676fd4801,Savage_Main,squad,2026-01-27T04:18:08Z,3,1,3,443.46857,byplayer,0,3,9,1,3,94.11661,Na_l3bo,account.f0bf07b15d3e4d3584863ac717a31788,0,0.0,0,0.0,0,991,0,3276.5674,21,2
abd400f3-f4bc-4988-82c0-7d5676fd4801,Savage_Main,squad,2026-01-27T04:18:08Z,1,0,0,142.73976,byplayer,0,0,33,1,1,110.38002,pink__DD,account.ea60b7afba064009a7ff1c53055e720e,0,0.0,0,0.0,0,463,0,1525.827,7,12
abd400f3-f4bc-4988-82c0-7d5676fd4801,Savage_Main,squad,2026-01-27T04:18:08Z,1,0,1,85.0,byplayer,0,7,20,2,2,54.81401,DamienCho,account.c86d284a0d284c0081fae48819fba3b0,3,0.0,0,0.0,0,397,0,837.59546,5,12
abd400f3-f4bc-4988-82c0-7d5676fd4801,Savage_Main,squad,2026-01-27T04:18:08Z,0,1,0,170.45749,byplayer,0,0,93,0,0,0.0,Aim_69,account.00e2b2ee53e34bf48da1c29a317836bc,0,0.0,0,0.0,0,105,0,46.354897,1,23
abd400f3-f4bc-4988-82c0-7d5676fd4801,Savage_Main,squad,2026-01-27T04:18:08Z,2,1,4,305.55817,byplayer,0,4,8,1,3,70.7866,7Gokboy,account.3b7f9a2243df462aab145a8616e0517e,0,2334.6223,0,0.0,0,1201,0,3803.0217,11,2
abd400f3-f4bc-4988-82c0-7d5676fd4801,Savage_Main,squad,2026-01-27T04:18:08Z,0,0,2,0.0,byplayer,0,0,30,1,1,4.1037536,sd_hyeon01,account.881fd1a4fa104d98963bd7f3bfe11ef6,0,0.0,0,0.0,0,587,0,1777.4672,9,10
abd400f3-f4bc-4988-82c0-7d5676fd4801,Savage_Main,squad,2026-01-27T04:18:08Z,0,0,0,0.0,byplayer,0,0,102,0,0,0.0,Yaisiki,account.a8f7ce3a1c7c4d3b95b9ceed069499db,0,0.0,0,0.0,0,77,0,74.629555,1,26
abd400f3-f4bc-4988-82c0-7d5676fd4801,Savage_Main,squad,2026-01-27T04:18:08Z,0,1,2,170.37337,byplayer,0,1,28,1,1,11.508925,korean_080125,account.a70feb203a2e47d1800703892ffc4b83,1,0.0,0,0.0,0,779,0,1363.4674,10,7
abd400f3-f4bc-4988-82c0-7d5676fd4801,Savage_Main,squad,2026-01-27T04:18:08Z,1,0,0,29.439999,byplayer,0,0,38,1,1,4.567396,xhxCoxAxxe,account.ed5fe672d71746558c957db35f212425,0,0.0,0,0.0,0,121,0,156.77551,1,22
abd400f3-f4bc-4988-82c0-7d5676fd4801,Savage_Main,squad,2026-01-27T04:18:08Z,6,2,9,735.7065,byplayer,3,2,2,3,8,28.762224,Txnjiro_-,account.b556d7002d634707a28a30db496cea77,2,0.0,0,0.0,0,1267,0,4707.6504,18,1
abd400f3-f4bc-4988-82c0-7d5676fd4801,Savage_Main,squad,2026-01-27T04:18:08Z,1,0,0,179.98,byplayer,0,0,101,0,0,0.0,YOOLXXI_,account.03f3cbfe72e9462d8ea31c53ae3d207b,0,0.0,0,0.0,0,77,0,78.51661,1,26
abd400f3-f4bc-4988-82c0-7d5676fd4801,Savage_Main,squad,2026-01-27T04:18:08Z,0,0,2,0.0,byplayer,0,0,82,0,0,0.0,MOMOK119,account.a268353d80f04765893e3d73014a95f9,0,0.0,0,0.0,0,164,0,153.30498,3,20
abd400f3-f4bc-4988-82c0-7d5676fd4801,Savage_Main,squad,2026-01-27T04:18:08Z,1,0,0,100.0,byplayer,0,0,40,1,1,11.024109,JJoMHaM,account.988f6027a573480fbf812482fd150336,0,0.0,0,0.0,0,77,0,59.4944,1,26
abd400f3-f4bc-4988-82c0-7d5676fd4801,Savage_Main,squad,2026-01-27T04:18:08Z,2,0,4,245.15001,byplayer,0,1,19,1,2,17.8361,d_o111,account.2daf4a0ee4644ef48bbce68b6e8fbb1e,0,0.0,0,0.0,0,779,0,1729.0344,8,7
abd400f3-f4bc-4988-82c0-7d5676fd4801,Savage_Main,squad,2026-01-27T04:18:08Z,1,0,1,200.0,byplayer,0,0,24,2,2,23.202309,NaDuDabDabHae,account.5cbf51f6e5c1420086f282b0979748f0,1,0.0,0,0.0,0,127,0,210.91542,1,22
abd400f3-f4bc-4988-82c0-7d5676fd4801,Savage_Main,squad,2026-01-27T04:18:08Z,4,0,5,414.1544,byplayer,0,1,10,1,3,78.28185,Ne_ZuKo_--,account.b278dc0c05c14ee494f31ac09b60cc01,0,0.0,0,0.0,0,1091,0,3559.8013,14,4
abd400f3-f4bc-4988-82c0-7d5676fd4801,Savage_Main,squad,2026-01-27T04:18:08Z,0,0,0,29.4,byplayer,0,0,94,0,0,0.0,dwhjuqh,account.19a08e4f4e4742e4bf5d53e566e7f0d8,0,0.0,0,0.0,0,128,0,47.523983,1,24
abd400f3-f4bc-4988-82c0-7d5676fd4801,Savage_Main,squad,2026-01-27T04:18:08Z,1,7,4,517.512,alive,0,5,25,1,1,5.5620527,Thorrrrrrr_-C,account.875974cd1942480a9ae0fe966ecdf44e,2,0.0,0,0.0,0,1280,0,4837.1987,14,1
abd400f3-f4bc-4988-82c0-7d5676fd4801,Savage_Main,squad,2026-01-27T04:18:08Z,3,0,4,344.1233,byplayer,1,5,5,1,4,120.793976,KR__DOREMIFA,account.feb8b0ad05014f8884313cfc0b7c3416,0,2302.8918,0,0.0,0,1161,0,3155.5408,12,2
abd400f3-f4bc-4988-82c0-7d5676fd4801,Savage_Main,squad,2026-01-27T04:18:08Z,4,1,6,564.452,byplayer,1,1,4,2,4,62.866615,simba8468,account.1da54184d5874f6c8ef5682dc14dd098,1,2312.6914,0,0.0,0,1273,0,3585.8958,9,2
abd400f3-f4bc-4988-82c0-7d5676fd4801,Savage_Main,squad,2026-01-27T04:18:08Z,1,0,0,103.12,byplayer,0,0,23,1,2,55.800606,JounMinsu,account.f85100aed2244a5ea1296d297c1b8576,0,0.0,0,0.0,0,324,0,356.65567,4,14
abd400f3-f4bc-4988-82c0-7d5676fd4801,Savage_Main,squad,2026-01-27T04:18:08Z,1,0,0,100.0,byplayer,0,0,36,1,1,4.1345744,hyunjin_123123,account.b13d2a1831114f1d95daff54746b3236,0,0.0,0,0.0,0,181,0,284.6452,6,18
abd400f3-f4bc-4988-82c0-7d5676fd4801,Savage_Main,squad,2026-01-27T04:18:08Z,0,0,0,0.0,byplayer,0,0,98,0,0,0.0,Re_Bel-Lion,account.d2a56b762d294d9e802e1628743ee4cc,0,0.0,0,0.0,0,84,0,31.894611,2,24
abd400f3-f4bc-4988-82c0-7d5676fd4801,Savage_Main,squad,2026-01-27T04:18:08Z,0,0,0,31.116625,byplayer,0,0,56,0,0,0.0,ckstns,account.3f7f340cce124c1b875e03d7c45e5c38,0,0.0,0,0.0,0,587,0,1019.6321,11,7
abd400f3-f4bc-4988-82c0-7d5676fd4801,Savage_Main,squad,2026-01-27T04:18:08Z,0,0,0,88.156815,byplayer,0,0,75,0,0,0.0,WindDancer8140,account.b800a2e1f925465c8d0881a1fa64bb48,0,0.0,0,0.0,0,203,0,144.73338,1,16
abd400f3-f4bc-4988-82c0-7d5676fd4801,Savage_Main,squad,2026-01-27T04:18:08Z,0,0,0,0.0,byplayer,0,0,89,0,0,0.0,10_Gae_Ggoltong,account.7db836b4b4b541828c9fea9e63577545,0,0.0,0,0.0,0,119,0,204.67075,2,22
abd400f3-f4bc-4988-82c0-7d5676fd4801,Savage_Main,squad,2026-01-27T04:18:08Z,2,0,0,138.35124,byplayer,0,0,22,2,2,8.311168,Hyeon-JLS,account.a65b5ba160614f9daa3e654f0e786d23,1,0.0,0,0.0,0,364,0,674.45435,6,13
abd400f3-f4bc-4988-82c0-7d5676fd4801,Savage_Main,squad,2026-01-27T04:18:08Z,1,1,0,74.26,byplayer,0,0,96,0,0,0.0,dogajagogossing,account.9fa8ac7f2b9440f28411fb0d68464790,0,0.0,0,0.0,0,104,0,107.20632,2,24
abd400f3-f4bc-4988-82c0-7d5676fd4801,Savage_Main,squad,2026-01-27T04:18:08Z,0,0,0,0.0,byplayer,0,0,90,0,0,0.0,OUNG-TS,account.69b6439d77ef4ef09264ea696f4d3b11,0,0.0,0,0.0,0,77,0,58.716637,2,22
abd400f3-f4bc-4988-82c0-7d5676fd4801,Savage_Main,squad,2026-01-27T04:18:08Z,1,4,3,251.17166,byplayer,0,1,50,0,0,0.0,Hi-_-Gang,account.88e47d9843f9494ba5c8733d70890ed8,0,0.0,0,0.0,0,982,0,2580.6064,19,4
abd400f3-f4bc-4988-82c0-7d5676fd4801,Savage_Main,squad,2026-01-27T04:18:08Z,0,0,0,65.8,byplayer,0,0,97,0,0,0.0,2o25isMylife,account.1ea1686a883747f9ab66dd3b4812c847,0,0.0,0,0.0,1,104,0,152.64003,3,24
abd400f3-f4bc-4988-82c0-7d5676fd4801,Savage_Main,squad,2026-01-27T04:18:08Z,4,0,0,500.0,byplayer,1,0,16,3,3,29.774317,KING_0F_LUCY,account.ebdd27697df44cfba97de1e0c54c3763,0,0.0,0,0.0,0,132,0,234.94746,3,17
abd400f3-f4bc-4988-82c0-7d5676fd4801,Savage_Main,squad,2026-01-27T04:18:08Z,0,0,0,0.0,byplayer,0,0,64,0,0,0.0,sibajombajwu,account.be7ced52c3f94cb9814ef157035729ea,0,0.0,0,0.0,0,351,0,1000.9616,7,12
3c023619-8e95-4d2b-9b2b-198732aa8bb2,Desert_Main,squad,2026-01-27T04:17:15Z,9,0,0,963.62317,alive,2,7,2,3,9,303.85135,APPLES_123,account.fad55e313d6c4362822296375a5293ff,0,3901.9248,0,0.0,0,1374,0,3610.9526,6,1
3c023619-8e95-4d2b-9b2b-198732aa8bb2,Desert_Main,squad,2026-01-27T04:17:15Z,8,0,7,949.1693,alive,2,4,1,4,10,315.199,den_t_1st,account.8070bfce2fef4ccdab3103e70c19c5cc,0,2284.0903,0,0.0,0,1374,0,4030.8933,5,1
3c023619-8e95-4d2b-9b2b-198732aa8bb2,Desert_Main,squad,2026-01-27T04:17:15Z,4,0,0,619.74396,byzone,1,4,3,2,6,64.23997,Crazy_Leemin,account.4fe3132ef8e140349d0bd908ccd064e2,0,1802.582,0,0.0,0,1003,0,1794.7028,3,1
3c023619-8e95-4d2b-9b2b-198732aa8bb2,Desert_Main,squad,2026-01-27T04:17:15Z,0,0,0,0.0,byzone,0,0,38,0,0,0.0,Russia_7,account.b0c5a1effdef455db84a9cd3a35b548b,0,0.0,0,0.0,0,767,0,2.0986385,0,1
094f46b4-1a11-4293-973c-8df4005fb831,Savage_Main,squad,2026-01-27T04:25:51Z,0,0,0,0.0,byplayer,0,0,77,0,0,0.0,ZEVIS2,account.3f4be5cf6682457d8aaf25921d66be9e,0,0.0,0,0.0,0,273,0,612.6935,3,20
094f46b4-1a11-4293-973c-8df4005fb831,Savage_Main,squad,2026-01-27T04:25:51Z,1,0,0,185.57,byplayer,0,0,76,0,0,0.0,JangWuWxn,account.4c891b64bf63425d921ad87731d0aa49,0,0.0,0,0.0,0,273,0,544.3875,3,20
094f46b4-1a11-4293-973c-8df4005fb831,Savage_Main,squad,2026-01-27T04:25:51Z,0,1,0,46.908783,byplayer,0,3,67,0,0,0.0,jy0640,account.9115f6cd2f7d4136a5ddcede13843d3a,1,0.0,0,0.0,0,309,0,445.6735,4,15
094f46b4-1a11-4293-973c-8df4005fb831,Savage_Main,squad,2026-01-27T04:25:51Z,0,0,4,66.0,byplayer,0,0,54,0,0,0.0,jh_s2___,account.845588f267074133b9d66708b5974370,0,0.0,0,0.0,0,720,0,2481.6055,13,9
094f46b4-1a11-4293-973c-8df4005fb831,Savage_Main,squad,2026-01-27T04:25:51Z,0,0,0,32.879288,byplayer,0,0,86,0,0,0.0,508110780100,account.3ba0baa71d2e4b97bdb03faebd1effbf,0,0.0,0,0.0,0,191,0,383.02142,4,23
094f46b4-1a11-4293-973c-8df4005fb831,Savage_Main,squad,2026-01-27T04:25:51Z,0,0,0,23.142506,byplayer,0,0,70,0,0,0.0,yeon__sh,account.6f614afb529147a3b76c13b662179700,0,0.0,0,0.0,0,307,0,755.49927,6,17
094f46b4-1a11-4293-973c-8df4005fb831,Savage_Main,squad,2026-01-27T04:25:51Z,1,0,0,100.0,byplayer,0,0,42,1,1,2.1179237,KOR_SEOUL2022,account.fb90cab27c794140901267d9d51b8478,0,0.0,0,0.0,0,88,0,76.936966,1,28
094f46b4-1a11-4293-973c-8df4005fb831,Savage_Main,squad,2026-01-27T04:25:51Z,0,0,0,0.0,byplayer,0,0,62,0,0,0.0,ks_88,account.7f7f272bdb3f4ba9acf1643fd3a52266,0,0.0,0,0.0,0,77,0,36.13983,1,13
094f46b4-1a11-4293-973c-8df4005fb831,Savage_Main,squad,2026-01-27T04:25:51Z,0,0,0,39.354355,byplayer,0,0,87,0,0,0.0,Aim_69,account.00e2b2ee53e34bf48da1c29a317836bc,0,0.0,0,0.0,0,190,0,339.7572,7,23
094f46b4-1a11-4293-973c-8df4005fb831,Savage_Main,squad,2026-01-27T04:25:51Z,1,0,0,10.0,byplayer,0,0,38,1,1,24.994377,whsle,account.968eae31de4e4d90b2b84c70b215c2dc,0,0.0,0,0.0,0,273,0,546.2855,4,20
094f46b4-1a11-4293-973c-8df4005fb831,Savage_Main,squad,2026-01-27T04:25:51Z,0,1,1,19.8,byplayer,0,0,73,0,0,0.0,Bella1337,account.8a26ff65e8d64f07bc08e79cc555c45b,0,0.0,0,0.0,0,302,0,665.451,6,18
094f46b4-1a11-4293-973c-8df4005fb831,Savage_Main,squad,2026-01-27T04:25:51Z,0,0,4,89.10901,byplayer,0,1,26,1,1,14.209701,Kind_blue_,account.7816c59942f14adfb3be34e2052a7f26,0,453.76248,0,53.573143,0,1101,0,3557.8977,7,4
094f46b4-1a11-4293-973c-8df4005fb831,Savage_Main,squad,2026-01-27T04:25:51Z,0,0,0,0.0,byplayer,0,0,66,0,0,0.0,motherhakhyun,account.f0271ff08ff44ab5a8e97154072c3e7c,0,0.0,0,0.0,0,324,0,945.19916,14,15
094f46b4-1a11-4293-973c-8df4005fb831,Savage_Main,squad,2026-01-27T04:25:51Z,0,0,2,42.4585,byplayer,0,0,32,1,1,21.006855,Domi_Run,account.cfdd0969607a4be2aeaff4b16d1a997b,0,816.75073,0,0.0,0,636,0,1075.5459,6,10
094f46b4-1a11-4293-973c-8df4005fb831,Savage_Main,squad,2026-01-27T04:25:51Z,0,0,3,0.0,byplayer,0,0,48,0,0,0.0,Revetyi,account.3d2042b8d00a4343a9709bb3f324646c,0,0.0,0,0.0,0,1180,0,4528.8086,6,2
094f46b4-1a11-4293-973c-8df4005fb831,Savage_Main,squad,2026-01-27T04:25:51Z,0,0,0,74.310684,byplayer,0,0,68,0,0,0.0,Cozinga-_-,account.ed3f224b8d2e47f58ad90631003157b9,0,0.0,0,0.0,0,308,0,617.7385,3,16
094f46b4-1a11-4293-973c-8df4005fb831,Savage_Main,squad,2026-01-27T04:25:51Z,0,0,6,0.0,byplayer,0,0,52,0,0,0.0,ANG_ANGBBANG2,account.8f77fc2f98164576887e89f3378bf2cd,0,138.91954,0,0.0,0,895,0,3510.8289,10,5
094f46b4-1a11-4293-973c-8df4005fb831,Savage_Main,squad,2026-01-27T04:25:51Z,2,1,2,192.00002,byplayer,0,1,31,1,1,4.506204,alstjss,account.add182c7a7ec4a089341c96f5acdd631,0,0.0,0,0.0,0,720,0,2607.656,10,9
094f46b4-1a11-4293-973c-8df4005fb831,Savage_Main,squad,2026-01-27T04:25:51Z,0,0,6,101.71483,byplayer,0,1,47,0,0,0.0,New_bd,account.01bda64617e24417ae2dc0af82b7876c,0,946.6293,0,0.0,0,1180,0,4259.6567,12,2
094f46b4-1a11-4293-973c-8df4005fb831,Savage_Main,squad,2026-01-27T04:25:51Z,0,0,0,0.0,byplayer,0,0,91,0,0,0.0,jang3153,account.3816886cc9e2453c88c8794fb91f160a,0,0.0,0,0.0,0,122,0,180.43845,1,25
094f46b4-1a11-4293-973c-8df4005fb831,Savage_Main,squad,2026-01-27T04:25:51Z,0,0,0,68.02975,byplayer,0,0,89,0,0,0.0,3_chon_2_da,account.6bf4acbe20e4496d9f193a4f74e31637,0,0.0,0,0.0,0,182,0,273.83438,3,24
094f46b4-1a11-4293-973c-8df4005fb831,Savage_Main,squad,2026-01-27T04:25:51Z,0,0,3,66.0,byplayer,0,8,64,0,0,0.0,wutanbarber,account.1b9930cb98bd43a2af8adbf94a977e18,0,0.0,0,0.0,0,329,0,549.663,4,14
094f46b4-1a11-4293-973c-8df4005fb831,Savage_Main,squad,2026-01-27T04:25:51Z,1,0,0,30.897326,byplayer,0,0,18,1,2,89.60194,WhoLaL,account.877d131d9a6d414bbeca7b155a8233cf,0,0.0,0,0.0,0,429,0,1376.9038,9,11
094f46b4-1a11-4293-973c-8df4005fb831,Savage_Main,squad,2026-01-27T04:25:51Z,0,2,1,122.14922,byplayer,0,0,57,0,0,0.0,choiseokwoo1,account.5890ff1a01ce424e880dcb1bdc287845,1,0.0,0,0.0,0,591,0,1813.8396,10,10
094f46b4-1a11-4293-973c-8df4005fb831,Savage_Main,squad,2026-01-27T04:25:51Z,0,0,0,88.2,byplayer,0,0,98,0,0,0.0,jerry2481,account.3bd89bd5c28546d0937a9362fa9f7e68,0,0.0,0,0.0,0,110,0,116.7383,5,27
094f46b4-1a11-4293-973c-8df4005fb831,Savage_Main,squad,2026-01-27T04:25:51Z,0,0,0,0.0,byplayer,0,1,69,0,0,0.0,Lee_Yu-jin,account.0380fba3328443239ca93d5eecbe763d,0,0.0,0,0.0,0,254,0,297.77493,2,16
094f46b4-1a11-4293-973c-8df4005fb831,Savage_Main,squad,2026-01-27T04:25:51Z,1,0,1,129.1694,byplayer,0,0,71,0,0,0.0,QWEDKWNASD,account.62578893c6c94596be0ab78fa10a915a,0,0.0,0,0.0,0,307,0,738.04285,8,17
094f46b4-1a11-4293-973c-8df4005fb831,Savage_Main,squad,2026-01-27T04:25:51Z,1,0,0,100.00001,byplayer,0,0,63,0,0,0.0,Ko_SeumDoChi,account.a1c28b5e879845e48ebbd295264b9475,1,0.0,0,0.0,0,329,0,630.2166,5,14
094f46b4-1a11-4293-973c-8df4005fb831,Savage_Main,squad,2026-01-27T04:25:51Z,1,0,2,182.79999,byplayer,0,0,33,1,1,9.997586,RBN_OHH-__-,account.503cf675ec094ad0b50bd55c719adf13,0,0.0,0,0.0,0,598,0,1847.194,9,10
094f46b4-1a11-4293-973c-8df4005fb831,Savage_Main,squad,2026-01-27T04:25:51Z,0,0,5,70.58898,byplayer,0,6,53,0,0,0.0,SUGO__RING,account.b7b2e99927d54588aa820f73dba005b4,0,1046.4618,0,7.012433,0,768,0,1675.3552,11,7
094f46b4-1a11-4293-973c-8df4005fb831,Savage_Main,squad,2026-01-27T04:25:51Z,1,0,0,100.0,byplayer,0,6,37,1,1,6.159127,2010_03_29,account.786237708595411ba689769cc3b692ed,0,0.0,0,0.0,0,230,0,263.7221,1,19
094f46b4-1a11-4293-973c-8df4005fb831,Savage_Main,squad,2026-01-27T04:25:51Z,0,0,4,50.25425,byplayer,0,0,25,1,1,1.9416667,Kimsangwan_03,account.a8f6b5eb6f21496cba418b2b686d68ab,1,456.44418,0,0.0,0,1101,0,3813.6074,10,4
094f46b4-1a11-4293-973c-8df4005fb831,Savage_Main,squad,2026-01-27T04:25:51Z,0,0,2,24.290627,byplayer,0,0,55,0,0,0.0,sunyqa,account.6747113a39c44e56bb764b8e643865f4,1,788.4738,0,0.0,0,643,0,1332.4716,11,9
094f46b4-1a11-4293-973c-8df4005fb831,Savage_Main,squad,2026-01-27T04:25:51Z,2,0,0,264.0063,byplayer,1,1,22,1,2,48.40709,DN_Develon,account.b834d9d951c349048ad16726b659e8a0,1,0.0,0,0.0,0,289,0,562.2512,5,19
094f46b4-1a11-4293-973c-8df4005fb831,Savage_Main,squad,2026-01-27T04:25:51Z,0,0,0,0.0,byplayer,0,0,79,0,0,0.0,RoxxxxyZ,account.54f3eb37a5b54021a8f9f80898d28f4f,0,0.0,0,0.0,0,83,0,62.79424,1,21
094f46b4-1a11-4293-973c-8df4005fb831,Savage_Main,squad,2026-01-27T04:25:51Z,0,0,1,188.12573,byplayer,0,0,27,1,1,132.23656,sex585869,account.02f8f330684c454eae8b3bb453d1b313,0,0.0,0,0.0,0,956,0,2448.851,8,5
094f46b4-1a11-4293-973c-8df4005fb831,Savage_Main,squad,2026-01-27T04:25:51Z,6,0,6,842.31244,byplayer,2,5,2,3,7,78.06485,LPB_HANSOL,account.d68be9d9209646168bf5ff8e1906df4b,0,1028.0156,0,0.0,0,1180,0,3411.221,9,2
094f46b4-1a11-4293-973c-8df4005fb831,Savage_Main,squad,2026-01-27T04:25:51Z,0,0,0,0.0,byplayer,0,0,94,0,0,0.0,VERA_Heex,account.eace1f68b67d4fde8d165ad8a8dedb21,0,0.0,0,0.0,0,102,0,134.97534,1,26
094f46b4-1a11-4293-973c-8df4005fb831,Savage_Main,squad,2026-01-27T04:25:51Z,2,0,0,110.00001,byplayer,0,0,17,2,2,53.801792,wlfneldeld1,account.f8ba345ae2ee48bba8134b50d122a268,0,0.0,0,0.0,0,670,0,2302.93,9,9
094f46b4-1a11-4293-973c-8df4005fb831,Savage_Main,squad,2026-01-27T04:25:51Z,4,2,4,747.2,byplayer,1,6,11,2,3,6.666155,XyF1X,account.29665d8fa9cd413c8d4af3dc4a2746fe,0,0.0,0,0.0,0,768,0,2459.1543,8,7
094f46b4-1a11-4293-973c-8df4005fb831,Savage_Main,squad,2026-01-27T04:25:51Z,0,0,0,25.950884,byplayer,0,0,40,1,1,18.2568,Yaasora,account.6fa3d06a1ffd4098ad246883f8c2f11f,0,0.0,0,0.0,1,123,0,300.70773,3,26
094f46b4-1a11-4293-973c-8df4005fb831,Savage_Main,squad,2026-01-27T04:25:51Z,0,0,0,0.0,byplayer,0,0,46,0,0,0.0,Dsdllsdl,account.4e13a635a28d4258a7e0fd3c5ee4ba0b,0,0.0,0,0.0,0,415,0,1433.8712,6,1
094f46b4-1a11-4293-973c-8df4005fb831,Savage_Main,squad,2026-01-27T04:25:51Z,1,0,4,166.47958,byplayer,0,2,28,1,1,211.52565,cocoO_Ov,account.02a3af2cf7364dc1a758e9c4165701e8,0,427.70148,0,1.4155838,0,910,0,3201.7913,6,6
094f46b4-1a11-4293-973c-8df4005fb831,Savage_Main,squad,2026-01-27T04:25:51Z,3,0,2,399.43176,byplayer,1,9,6,2,4,17.120966,TNs-_Seven,account.0263a78d9c544280adfcdb7290bebc57,4,0.0,0,0.0,0,768,0,2204.2856,6,7
094f46b4-1a11-4293-973c-8df4005fb831,Savage_Main,squad,2026-01-27T04:25:51Z,1,1,2,189.17944,byplayer,0,3,29,1,1,18.884739,KOR_SSUI,account.8437d80a2ee34665b0b38e7ba9fe6897,0,0.0,0,0.0,0,762,0,2303.2727,9,7
094f46b4-1a11-4293-973c-8df4005fb831,Savage_Main,squad,2026-01-27T04:25:51Z,0,0,0,0.0,byplayer,0,0,75,0,0,0.0,AXIZ_RUNGAK,account.9d5ad0b2e9924b00ab4d2cff92c38aff,0,0.0,0,0.0,0,273,0,539.0943,4,20
094f46b4-1a11-4293-973c-8df4005fb831,Savage_Main,squad,2026-01-27T04:25:51Z,2,3,3,334.59024,byplayer,0,2,30,1,1,16.858456,dogajagogossing,account.9fa8ac7f2b9440f28411fb0d68464790,1,0.0,0,0.0,0,676,0,2492.773,9,8
094f46b4-1a11-4293-973c-8df4005fb831,Savage_Main,squad,2026-01-27T04:25:51Z,0,1,0,52.800003,byplayer,0,1,72,0,0,0.0,waterpoop2323,account.008d9daa6564420c85c6ca65e70243d1,0,0.0,0,0.0,0,305,0,621.95996,5,18
094f46b4-1a11-4293-973c-8df4005fb831,Savage_Main,squad,2026-01-27T04:25:51Z,1,0,0,164.71344,byplayer,0,0,39,1,1,2.2288947,MMGGU,account.e69c50cfb25e466b8fb32d59ac4d1c6c,0,0.0,0,0.0,0,176,0,214.88266,3,24
094f46b4-1a11-4293-973c-8df4005fb831,Savage_Main,squad,2026-01-27T04:25:51Z,0,0,2,0.0,byplayer,0,0,59,0,0,0.0,bae_baem_bae,account.8740dde602744c4ba1dcf8b3c62cca69,0,0.0,0,0.0,0,582,0,1066.3777,9,11
094f46b4-1a11-4293-973c-8df4005fb831,Savage_Main,squad,2026-01-27T04:25:51Z,1,0,8,170.33072,byplayer,1,0,15,1,2,49.645264,Mari_Maroo_S2,account.e7fd1f0789d44376b7c3360a061ec0e7,0,0.0,0,0.0,0,1155,0,5289.869,15,2
094f46b4-1a11-4293-973c-8df4005fb831,Savage_Main,squad,2026-01-27T04:25:51Z,0,0,0,0.0,byplayer,0,0,92,0,0,0.0,A_BUMP,account.1c9f4823ad8b4924ab090531d4cc7fb6,0,0.0,0,0.0,0,99,0,86.29696,2,25
094f46b4-1a11-4293-973c-8df4005fb831,Savage_Main,squad,2026-01-27T04:25:51Z,0,0,0,0.0,byplayer,0,0,101,0,0,0.0,jjega,account.db9390a28b5d45a29669ef14d6bb2bd5,0,0.0,0,0.0,0,140,0,0.0,0,28
094f46b4-1a11-4293-973c-8df4005fb831,Savage_Main,squad,2026-01-27T04:25:51Z,0,0,4,41.408524,suicide,0,4,49,0,0,0.0,adsfdsa213123,account.91b89538a5ef4fe29c7f928e9a711040,0,0.0,0,0.0,0,1129,0,4747.7456,10,3
094f46b4-1a11-4293-973c-8df4005fb831,Savage_Main,squad,2026-01-27T04:25:51Z,1,0,0,95.72945,byplayer,0,0,84,0,0,0.0,Sexypaeng,account.584246ee1fb54e238a70051b55efdb79,0,0.0,0,0.0,0,192,0,377.20908,7,23
094f46b4-1a11-4293-973c-8df4005fb831,Savage_Main,squad,2026-01-27T04:25:51Z,1,2,5,187.5391,byzone,1,3,24,1,1,124.67788,Foreigner_Mark,account.0ce695bffca44f8394eae3326aa7b615,1,0.0,0,0.0,0,1010,0,3688.8289,22,3
094f46b4-1a11-4293-973c-8df4005fb831,Savage_Main,squad,2026-01-27T04:25:51Z,2,0,6,305.21017,byzone,0,2,10,1,3,97.43604,NEE_GGOCHIDA,account.302031bf447043abaaaf4e157c9b395a,0,1624.6506,0,10.1897,0,1165,0,3169.6125,12,1
094f46b4-1a11-4293-973c-8df4005fb831,Savage_Main,squad,2026-01-27T04:25:51Z,4,0,2,375.32748,byplayer,1,6,8,1,4,86.22869,CXXXYUN,account.0f57b59a4e16455d924e0130dca21395,1,0.0,0,0.0,0,697,0,2573.4365,11,8
094f46b4-1a11-4293-973c-8df4005fb831,Savage_Main,squad,2026-01-27T04:25:51Z,1,0,0,100.0,byplayer,0,0,93,0,0,0.0,BBAK-_BYEUL,account.09532b8cc1564c74bcdea12dd6035b01,0,0.0,0,0.0,0,123,0,182.93358,4,26
094f46b4-1a11-4293-973c-8df4005fb831,Savage_Main,squad,2026-01-27T04:25:51Z,1,0,0,100.0,byplayer,0,0,90,0,0,0.0,ABCDE-ZSDFASF,account.d704d6c7eb80478aa073a6151dc4f308,0,0.0,0,0.0,0,168,0,108.76186,2,24
094f46b4-1a11-4293-973c-8df4005fb831,Savage_Main,squad,2026-01-27T04:25:51Z,0,0,1,0.0,byplayer,0,0,56,0,0,0.0,promise76,account.51c97a66a5084391a0eaf07abe394e8a,0,0.0,0,0.0,0,609,0,1674.2972,11,9
094f46b4-1a11-4293-973c-8df4005fb831,Savage_Main,squad,2026-01-27T04:25:51Z,2,0,4,400.0,byplayer,0,2,7,1,4,208.24298,2o25isMylife,account.1ea1686a883747f9ab66dd3b4812c847,1,0.0,0,0.0,0,698,0,2759.2397,10,8
094f46b4-1a11-4293-973c-8df4005fb831,Savage_Main,squad,2026-01-27T04:25:51Z,0,0,0,0.0,byplayer,0,0,50,0,0,0.0,KSH_CMJ,account.0c7f6e92b40744308af6ae13c1899e16,0,0.0,0,0.0,0,1101,0,4067.8914,14,4
094f46b4-1a11-4293-973c-8df4005fb831,Savage_Main,squad,2026-01-27T04:25:51Z,1,0,0,130.46797,byplayer,0,2,35,1,1,10.858404,pehhhyuk,account.6df9eff0d2af4a228d41612d53e46713,0,0.0,0,0.0,0,384,0,740.05475,4,13
094f46b4-1a11-4293-973c-8df4005fb831,Savage_Main,squad,2026-01-27T04:25:51Z,2,0,1,164.72333,byplayer,0,0,88,0,0,0.0,i-cant-d0-th1s,account.6c37af89e1fb49dd9cf36f9918764ea3,0,0.0,0,0.0,0,182,0,341.7002,2,24
094f46b4-1a11-4293-973c-8df4005fb831,Savage_Main,squad,2026-01-27T04:25:51Z,0,0,0,0.0,byplayer,0,0,102,0,0,0.0,rrs707,account.db2d8b205e1f449cbf947437fe6bf699,0,0.0,0,0.0,0,4,0,0.0,0,28
094f46b4-1a11-4293-973c-8df4005fb831,Savage_Main,squad,2026-01-27T04:25:51Z,0,1,3,159.00894,byzone,0,4,16,1,2,106.11578,Johaegyung,account.90be6ededed34ac5bb8e4b5576983666,0,0.0,0,0.0,0,1123,0,3979.0825,7,3
094f46b4-1a11-4293-973c-8df4005fb831,Savage_Main,squad,2026-01-27T04:25:51Z,0,0,0,0.0,byplayer,0,0,100,0,0,0.0,baekmimi79,account.65e0b6604e8146d5b09e507091322a03,0,0.0,0,0.0,0,194,0,38.71407,1,28
094f46b4-1a11-4293-973c-8df4005fb831,Savage_Main,squad,2026-01-27T04:25:51Z,1,1,0,269.10263,suicide,0,0,34,1,1,0.8006848,Microman77,account.10481ba308d04407b3243b14a3add31d,0,0.0,0,0.0,0,497,0,1318.1405,9,11
094f46b4-1a11-4293-973c-8df4005fb831,Savage_Main,squad,2026-01-27T04:25:51Z,4,2,1,600.60913,byplayer,0,5,14,1,3,9.162158,VERA_SeokPro,account.9cd8aac88f70400eb91d42852b12ad4f,0,0.0,0,0.0,0,354,0,723.84924,6,13
094f46b4-1a11-4293-973c-8df4005fb831,Savage_Main,squad,2026-01-27T04:25:51Z,2,0,0,310.08224,byplayer,0,0,9,2,4,34.524265,flowercrab_-,account.2fb7d301da3f4bef94918bbe0ec50bf5,0,0.0,0,0.0,0,570,0,2290.627,7,8
094f46b4-1a11-4293-973c-8df4005fb831,Savage_Main,squad,2026-01-27T04:25:51Z,2,0,2,215.1181,byplayer,1,1,21,1,2,2.9855435,Bella518,account.15cae17cf30d43de8e9e29c8981ce097,0,0.0,0,0.0,0,302,0,563.7786,6,18
094f46b4-1a11-4293-973c-8df4005fb831,Savage_Main,squad,2026-01-27T04:25:51Z,3,3,7,501.54404,alive,2,2,4,1,4,129.69907,soju_Chamisul,account.8bb943726a3048b789453d933e784044,0,1436.6815,0,0.0,0,1183,0,3859.635,10,1
094f46b4-1a11-4293-973c-8df4005fb831,Savage_Main,squad,2026-01-27T04:25:51Z,0,0,0,52.169556,byplayer,0,0,74,0,0,0.0,llyoungll,account.365d1fec5bd24a58ba63114c1665621b,0,0.0,0,0.0,0,302,0,413.41776,2,19
094f46b4-1a11-4293-973c-8df4005fb831,Savage_Main,squad,2026-01-27T04:25:51Z,0,0,0,0.0,byplayer,0,0,85,0,0,0.0,abc351,account.f3f81d87a73842229beb4db4e8b16814,0,0.0,0,0.0,0,192,0,387.06494,5,23
094f46b4-1a11-4293-973c-8df4005fb831,Savage_Main,squad,2026-01-27T04:25:51Z,0,0,1,0.0,byplayer,0,3,61,0,0,0.0,hayeonEEEE,account.f0edad1f9da5457e878941712323c55e,0,0.0,0,0.0,0,402,0,897.41925,5,12
094f46b4-1a11-4293-973c-8df4005fb831,Savage_Main,squad,2026-01-27T04:25:51Z,1,0,3,125.68932,byplayer,0,1,19,1,2,61.85997,Dokgoyeongmin,account.29d80049bf2c45d9b79c39b2b4f7e36f,0,0.0,0,0.0,0,435,0,1337.3153,5,12
094f46b4-1a11-4293-973c-8df4005fb831,Savage_Main,squad,2026-01-27T04:25:51Z,6,1,6,589.04224,alive,3,5,1,3,7,59.510033,3p_Soony,account.e3631717dc8b4c5ead681205e7723b10,0,1629.3096,0,0.0,0,1183,1,3637.6282,16,1
094f46b4-1a11-4293-973c-8df4005fb831,Savage_Main,squad,2026-01-27T04:25:51Z,2,1,7,666.8945,byplayer,2,1,5,1,4,101.763504,xminem,account.1b71759b43e144fcbb155290dc361f9d,0,0.0,0,0.0,0,1101,0,4047.8005,17,4
094f46b4-1a11-4293-973c-8df4005fb831,Savage_Main,squad,2026-01-27T04:25:51Z,0,0,0,0.0,byplayer,0,0,60,0,0,0.0,bxxrinxxnar,account.21a2b14806ad40a9b8fcd4119933090c,0,1078.1395,0,0.0,0,490,0,1029.2188,10,11
094f46b4-1a11-4293-973c-8df4005fb831,Savage_Main,squad,2026-01-27T04:25:51Z,3,0,2,354.00998,byplayer,0,0,13,1,3,29.36531,7r_G_MA,account.6e3ee918a3ac4ef381ab48f21195259f,1,0.0,0,0.0,0,435,0,1342.916,7,12
094f46b4-1a11-4293-973c-8df4005fb831,Savage_Main,squad,2026-01-27T04:25:51Z,1,0,1,94.33097,byplayer,0,2,36,1,1,36.4814,headshot-_-zz,account.3673f6949bde4270a2e332c06c8a60ef,1,0.0,0,0.0,0,316,0,499.84244,6,15
094f46b4-1a11-4293-973c-8df4005fb831,Savage_Main,squad,2026-01-27T04:25:51Z,0,0,5,0.0,byplayer,0,0,51,0,0,0.0,OSAMABINLALA,account.0450a547aec549e3ba46ba9999781567,0,0.0,0,0.0,0,969,0,2923.4216,17,5
094f46b4-1a11-4293-973c-8df4005fb831,Savage_Main,squad,2026-01-27T04:25:51Z,0,0,0,52.863518,byplayer,0,0,65,0,0,0.0,JounMinsu,account.f85100aed2244a5ea1296d297c1b8576,0,168.80392,0,0.0,0,330,0,254.33191,4,15
094f46b4-1a11-4293-973c-8df4005fb831,Savage_Main,squad,2026-01-27T04:25:51Z,0,0,0,0.0,byplayer,0,0,96,0,0,0.0,kimchizotgga,account.484807706da44620a4bdac2ae27411d6,0,0.0,0,0.0,0,120,0,140.89517,2,27
094f46b4-1a11-4293-973c-8df4005fb831,Savage_Main,squad,2026-01-27T04:25:51Z,7,1,6,610.3707,byplayer,0,7,3,2,6,83.11279,CoRONALDO,account.57fccacebc05435f9c0cb01343d62ec8,0,224.10378,0,0.0,0,1129,0,3776.0093,13,3
094f46b4-1a11-4293-973c-8df4005fb831,Savage_Main,squad,2026-01-27T04:25:51Z,0,0,0,0.0,byplayer,0,0,95,0,0,0.0,sanggi_new,account.1183c0847636426d82d203700ac37b54,0,0.0,0,0.0,0,120,0,166.36537,3,27
094f46b4-1a11-4293-973c-8df4005fb831,Savage_Main,squad,2026-01-27T04:25:51Z,1,0,0,100.0,byplayer,0,0,41,1,1,3.7720933,MOG_Youn,account.0d1697b171524e1f95efb05ced7f9886,0,0.0,0,0.0,0,120,0,179.1801,4,27
094f46b4-1a11-4293-973c-8df4005fb831,Savage_Main,squad,2026-01-27T04:25:51Z,2,1,0,274.0491,byplayer,0,0,23,2,2,6.2745957,YaafuxKing,account.7fd33f5b54ed47c28ea8bd3e6e8a2741,0,0.0,0,0.0,0,120,0,205.84622,1,26
094f46b4-1a11-4293-973c-8df4005fb831,Savage_Main,squad,2026-01-27T04:25:51Z,0,0,0,36.366096,byplayer,0,0,78,0,0,0.0,Hyeon-JLS,account.a65b5ba160614f9daa3e654f0e786d23,0,0.0,0,0.0,0,198,0,189.21909,3,21
094f46b4-1a11-4293-973c-8df4005fb831,Savage_Main,squad,2026-01-27T04:25:51Z,0,0,0,60.629997,byplayer,0,0,58,0,0,0.0,NANHALLAE,account.c56f044a1e0d4c269fadf38c8300fbc6,0,0.0,0,0.0,0,512,0,856.23566,11,10
094f46b4-1a11-4293-973c-8df4005fb831,Savage_Main,squad,2026-01-27T04:25:51Z,1,0,1,136.2867,byplayer,0,1,20,2,2,4.420377,JXXHXX_-,account.f4eb57850d924bdbbb44cc96650d150e,2,0.0,0,0.0,0,393,0,723.8821,11,13
094f46b4-1a11-4293-973c-8df4005fb831,Savage_Main,squad,2026-01-27T04:25:51Z,0,0,0,43.0,byplayer,0,0,99,0,0,0.0,sdadd2821,account.5882f02213444e6995c3be56026997b9,0,0.0,0,0.0,0,94,0,153.26059,2,27
094f46b4-1a11-4293-973c-8df4005fb831,Savage_Main,squad,2026-01-27T04:25:51Z,0,0,0,0.0,byplayer,0,0,97,0,0,0.0,Lihaaz_,account.1c41ef9a78e04f2db8188cf68224aa62,0,0.0,0,0.0,0,118,0,105.63002,3,27
094f46b4-1a11-4293-973c-8df4005fb831,Savage_Main,squad,2026-01-27T04:25:51Z,3,1,3,304.1619,byplayer,0,1,12,3,3,35.580982,found_mycar,account.b11fbf8baa52428caa4dd8f0d567faf1,0,640.7677,0,0.0,0,636,0,1860.0946,7,10
e10e640f-2fac-4dc9-b356-61fbc2f8203b,Range_Main,solo,2026-01-27T04:16:49Z,0,0,0,0.0,alive,0,0,59,0,0,0.0,vs3847kfjfdsh,account.5b468e1f658e4f3e99634e49469a08a9,0,173.80602,0,0.0,0,715,0,992.293,0,1
e10e640f-2fac-4dc9-b356-61fbc2f8203b,Range_Main,solo,2026-01-27T04:16:49Z,0,0,0,789.9542,alive,0,0,57,0,0,0.0,EWAIORUFHEAWF9OU,account.d7adcd10c0eb40bda79c07565be0f4d8,0,0.0,0,0.0,0,1679,0,4472.699,0,1
e10e640f-2fac-4dc9-b356-61fbc2f8203b,Range_Main,solo,2026-01-27T04:16:49Z,0,0,0,0.0,alive,0,0,58,0,0,0.0,HoHo-Father,account.70d0919fbcc54dae9d16b4a5561a203d,0,0.0,0,0.0,0,771,0,1008.57526,0,1
9a0c86c8-3b4f-4881-a5c2-05ae5cb2385b,Desert_Main,squad,2026-01-27T04:23:08Z,1,0,3,165.59575,byplayer,1,1,35,1,1,19.193895,dsafklasfas,account.94b037214cd64f16b64b9f7455eeee86,0,253.55449,0,0.0,0,460,0,1078.828,6,23
9a0c86c8-3b4f-4881-a5c2-05ae5cb2385b,Desert_Main,squad,2026-01-27T04:23:08Z,2,0,4,342.4,byplayer,0,3,13,1,2,170.55893,hotgx2309,account.17859872d26f40609450937b7207115e,0,3851.5327,1,0.0,0,1324,0,2283.3362,12,3
9a0c86c8-3b4f-4881-a5c2-05ae5cb2385b,Desert_Main,squad,2026-01-27T04:23:08Z,3,1,10,627.092,alive,1,5,7,2,3,71.05933,JYP_soso,account.10868cf531ba42b4bff92d691ce0aee7,1,4590.798,0,0.0,0,1515,0,2719.0193,11,1
9a0c86c8-3b4f-4881-a5c2-05ae5cb2385b,Desert_Main,squad,2026-01-27T04:23:08Z,4,2,9,837.27594,byplayer,4,1,3,2,8,299.163,hyunjin_123123,account.b13d2a1831114f1d95daff54746b3236,3,5272.274,0,0.0,0,1461,0,2638.6194,14,2
9a0c86c8-3b4f-4881-a5c2-05ae5cb2385b,Desert_Main,squad,2026-01-27T04:23:08Z,0,0,0,0.0,byplayer,0,0,91,0,0,0.0,AweHu,account.3c37161bcd364baebedcb3d3eaa6e806,1,229.38745,0,0.0,0,501,0,1271.8287,5,23
9a0c86c8-3b4f-4881-a5c2-05ae5cb2385b,Desert_Main,squad,2026-01-27T04:23:08Z,6,1,6,635.3869,byplayer,0,1,4,2,6,97.598694,part0805,account.8f5a14b13823447aa86e21499f3f0b09,0,4674.376,0,0.0,0,1069,0,1892.4076,8,1
9a0c86c8-3b4f-4881-a5c2-05ae5cb2385b,Desert_Main,squad,2026-01-27T04:23:08Z,0,0,4,0.0,byplayer,0,2,92,0,0,0.0,morningscience,account.9fa0bde5a08f4d098ce3ffe6d4bf2807,0,0.0,0,0.0,0,486,0,860.977,5,23
9a0c86c8-3b4f-4881-a5c2-05ae5cb2385b,Desert_Main,squad,2026-01-27T04:23:08Z,0,0,0,11.610001,byplayer,0,0,101,0,0,0.0,S1uMmpM4N_-,account.419c8b07a1a4499cba87d10475bf4603,0,0.0,0,0.0,0,72,0,20.996058,1,28
9a0c86c8-3b4f-4881-a5c2-05ae5cb2385b,Desert_Main,squad,2026-01-27T04:23:08Z,0,0,2,29.60517,byplayer,0,1,90,0,0,0.0,Luv_BlackPearl,account.b9e806bb1cad413ca38e1dab35c1cd85,0,185.70303,0,0.0,0,501,0,1040.503,6,23
9a0c86c8-3b4f-4881-a5c2-05ae5cb2385b,Desert_Main,squad,2026-01-27T04:23:08Z,6,2,2,665.717,byplayer,0,0,36,1,1,36.998802,cake3coke,account.4af30106a6ad4597ab4bdeb1798e06ac,0,0.0,0,0.0,0,331,1,901.7315,8,26
9a0c86c8-3b4f-4881-a5c2-05ae5cb2385b,Desert_Main,squad,2026-01-27T04:23:08Z,7,2,10,944.9457,suicide,2,4,1,2,10,250.75128,DIC_Verstappen,account.6b644db5d3454795bb86aa96d46327a8,0,7216.3433,2,0.0,0,1464,0,2314.2188,11,2
9a0c86c8-3b4f-4881-a5c2-05ae5cb2385b,Desert_Main,squad,2026-01-27T04:23:08Z,1,2,4,282.22586,byplayer,1,2,19,1,1,22.28675,KoreaKaizokuo,account.ea2ea1b03ee541dcbd9396e0c0f5e2cd,2,2087.5156,0,0.0,0,1060,0,2491.4048,12,1
9a0c86c8-3b4f-4881-a5c2-05ae5cb2385b,Desert_Main,squad,2026-01-27T04:23:08Z,0,0,4,110.01325,byplayer,0,5,38,0,0,0.0,Khan_KK7,account.82bd293bd80145b3aff0790fa928dc80,0,0.0,0,0.0,0,1272,1,3670.0457,9,3
9a0c86c8-3b4f-4881-a5c2-05ae5cb2385b,Desert_Main,squad,2026-01-27T04:23:08Z,0,0,0,46.62,byplayer,0,0,39,0,0,0.0,lime0318,account.5285627d85a14b1890908ce0fc192eca,0,1732.193,0,0.0,0,898,0,2212.2393,13,3
9a0c86c8-3b4f-4881-a5c2-05ae5cb2385b,Desert_Main,squad,2026-01-27T04:23:08Z,2,0,3,202.0,byplayer,0,1,18,1,2,16.203783,woalsghd,account.25b3fb9607814ef3a18d2dafc3869cbd,0,0.0,0,0.0,0,388,0,422.6449,5,25
9a0c86c8-3b4f-4881-a5c2-05ae5cb2385b,Desert_Main,squad,2026-01-27T04:23:08Z,8,1,9,892.6643,alive,2,4,2,2,9,286.07034,GGON_Sixxxxxx-_-,account.dabb98e9680b4d6da86744449994893c,0,5504.3433,0,0.0,0,1515,1,3133.1116,13,1
9a0c86c8-3b4f-4881-a5c2-05ae5cb2385b,Desert_Main,squad,2026-01-27T04:23:08Z,0,0,10,299.94733,byplayer,0,2,12,1,2,182.62988,You-Sleep98,account.496ac6787e154263876b5bf1d3533939,0,0.0,0,0.0,0,1454,0,4687.3667,18,3
9a0c86c8-3b4f-4881-a5c2-05ae5cb2385b,Desert_Main,squad,2026-01-27T04:23:08Z,6,1,12,545.109,byplayer,2,8,6,2,5,241.85365,sehyun_456,account.35e6249487ba429a98a18d0bedfd66de,0,5301.7954,0,0.0,0,1512,0,3123.3904,10,2
2b736c07-c2b9-4a8d-9977-d8382b803d41,Tiger_Main,duo,2026-01-27T04:26:19Z,1,0,3,172.30527,byplayer,0,0,11,2,2,28.141613,dsudg121,account.463a2fa86f7f42039cc0020bab1dbb57,0,9614.185,0,0.0,0,1126,0,1902.9214,6,10
2b736c07-c2b9-4a8d-9977-d8382b803d41,Tiger_Main,duo,2026-01-27T04:26:19Z,3,0,10,704.2914,alive,1,0,1,1,8,109.49428,chaniiii1,account.14ac96be98f741629f9e8366860ec438,0,5981.577,0,0.0,0,1394,0,2086.6392,15,1
2b736c07-c2b9-4a8d-9977-d8382b803d41,Tiger_Main,duo,2026-01-27T04:26:19Z,0,0,8,0.0,byplayer,0,0,44,0,0,0.0,13696852,account.6946415596cd4f8dac73d55f68403f9f,0,5199.107,0,0.0,0,1391,0,2778.7898,8,2
2b736c07-c2b9-4a8d-9977-d8382b803d41,Tiger_Main,duo,2026-01-27T04:26:19Z,4,0,5,636.58374,byplayer,1,2,2,2,6,298.93665,TLp_ses,account.a8814f89324f428497cffe934b56682b,1,2758.7087,0,0.0,0,1287,0,3122.6423,11,5
2b736c07-c2b9-4a8d-9977-d8382b803d41,Tiger_Main,duo,2026-01-27T04:26:19Z,0,0,10,0.0,suicide,0,0,45,0,0,0.0,BroS_OTA,account.df3958fd72ab46c9872dcc60deddd7af,0,4841.978,0,0.0,0,1233,0,2666.5784,8,6
2b736c07-c2b9-4a8d-9977-d8382b803d41,Tiger_Main,duo,2026-01-27T04:26:19Z,0,0,0,62.4238,byplayer,0,0,42,1,1,5.278383,mansangiiii,account.b7bb2b44026b490b9fdc2b9265fd5c41,0,0.0,0,0.0,0,358,0,544.7828,2,44
2b736c07-c2b9-4a8d-9977-d8382b803d41,Tiger_Main,duo,2026-01-27T04:26:19Z,1,0,3,100.0,byplayer,0,1,33,1,1,136.8531,iam_zukong,account.e7e1a1c1417041189ba81651c2d991c1,0,2706.3132,0,0.0,0,974,0,2801.3303,7,19
2b736c07-c2b9-4a8d-9977-d8382b803d41,Tiger_Main,duo,2026-01-27T04:26:19Z,2,2,11,396.87167,byzone,0,0,21,1,1,71.38789,GEN_Dopamine,account.26abe1ec2a8a440a96ec422efec67a8f,0,4056.2012,0,0.0,0,1321,0,2964.6443,4,3
2b736c07-c2b9-4a8d-9977-d8382b803d41,Tiger_Main,duo,2026-01-27T04:26:19Z,2,0,7,289.4407,byplayer,0,1,6,1,3,547.21906,Empo_Quilfeed,account.113f0a723970436fa7425e28d00de69b,0,2695.8218,0,0.0,0,1287,0,2945.0596,8,5
2b736c07-c2b9-4a8d-9977-d8382b803d41,Tiger_Main,duo,2026-01-27T04:26:19Z,2,0,2,218.7661,byplayer,0,1,19,1,2,39.781902,wcttpainw,account.9f7c1c167a814960be4defe288c81878,0,0.0,0,0.0,0,358,0,706.09863,3,44
2b736c07-c2b9-4a8d-9977-d8382b803d41,Tiger_Main,duo,2026-01-27T04:26:19Z,0,0,4,55.38963,byplayer,0,0,34,1,1,150.2433,hurminidive,account.c30e9a010a7040639164fe414ff34211,0,2999.6406,0,0.0,0,974,0,2337.1045,5,19
2b736c07-c2b9-4a8d-9977-d8382b803d41,Tiger_Main,duo,2026-01-27T04:26:19Z,1,1,0,285.8511,byplayer,0,1,12,1,2,26.654097,AtCreake,account.e7ad02c1d2f74db8866e15446e47e348,0,10630.79,0,0.0,0,1126,0,2295.2468,7,10
2b736c07-c2b9-4a8d-9977-d8382b803d41,Tiger_Main,duo,2026-01-27T04:26:19Z,1,1,8,335.7233,byplayer,0,2,3,2,4,172.31897,SSEN2003-__-,account.81e395d41a8f452085ca75566e0d8a34,0,4224.582,0,0.0,0,1326,1,2477.8303,11,3
9198cd54-7bbc-4ca6-ab5f-118cb797bd07,Tutorial_Main,solo,2026-01-27T04:49:03Z,0,0,2,0.0,alive,0,1,1,0,0,0.0,sxowanz,account.a87663a4faaa4f1b8f79c173ce79ef3a,1,0.0,0,0.0,0,156,0,155.40913,2,1
2a34e1f0-20a4-4a34-a331-49a04cfa3927,Tiger_Main,squad,2026-01-27T04:33:13Z,3,0,0,209.99998,alive,1,1,1,1,4,308.59323,iimstar,account.074b5d9a2ec9405ca756549374cbc8e8,1,5286.623,0,0.0,0,1442,0,2743.7595,7,1
2a34e1f0-20a4-4a34-a331-49a04cfa3927,Tiger_Main,squad,2026-01-27T04:33:13Z,0,0,1,0.0,alive,0,3,46,0,0,0.0,GUN111201,account.2878b856f9ce4dc99a806bcb4e6fa84d,0,5727.3955,0,0.0,0,1442,0,1885.0759,9,1
ea710a7c-efd9-4373-8b8d-1bc29eea52a9,Baltic_Main,solo,2026-01-27T04:31:49Z,0,0,0,200.89062,byzone,0,3,10,1,2,308.06973,jangkiking,account.89cd67446bc2459b9ce05b3e19d17929,0,0.0,0,0.0,0,1186,0,1817.2642,5,15
ea710a7c-efd9-4373-8b8d-1bc29eea52a9,Baltic_Main,solo,2026-01-27T04:31:49Z,0,0,9,1117.0984,alive,4,1,1,2,13,262.30466,NY-SW_1106,account.7ea2bd2bf77a49819157521dacb43cc9,0,3633.6719,1,0.0,0,1543,0,3689.4177,5,1
ea710a7c-efd9-4373-8b8d-1bc29eea52a9,Baltic_Main,solo,2026-01-27T04:31:49Z,0,0,8,478.83362,byplayer,1,2,2,1,4,214.00453,SOO0616,account.6f289d71039a45c6a443cc0e41268060,0,0.0,0,0.0,0,1540,0,4762.4956,6,2
4a0fb3ee-e1ae-492b-a4a6-7061e5fa2eb8,Chimera_Main,solo,2026-01-27T04:44:12Z,0,0,6,675.0999,alive,1,4,1,2,8,94.35955,jisu4439,account.154a45f29c9743ac851f6eb260d37fbc,0,0.0,0,0.0,0,1331,0,3383.657,7,1
4a0fb3ee-e1ae-492b-a4a6-7061e5fa2eb8,Chimera_Main,solo,2026-01-27T04:44:12Z,0,0,2,177.0,byplayer,0,2,9,1,2,50.231186,ZO_DANG,account.d655353b70554d9d8ea4ae6da0d97bfc,0,397.06012,0,0.0,0,610,0,2109.0989,6,26
4a0fb3ee-e1ae-492b-a4a6-7061e5fa2eb8,Chimera_Main,solo,2026-01-27T04:44:12Z,0,0,1,79.0,byplayer,0,0,18,1,1,4.0289903,eproducer,account.cd61c1d3455143f29bc7b5b96478b83c,0,0.0,0,0.0,0,737,0,1749.1969,5,20
4a0fb3ee-e1ae-492b-a4a6-7061e5fa2eb8,Chimera_Main,solo,2026-01-27T04:44:12Z,0,0,0,0.0,byzone,0,0,36,0,0,0.0,DParis35,account.f179ce9962844a9fb611a7f0bcf30201,0,0.0,0,0.0,0,796,0,59.535748,0,18
4a0fb3ee-e1ae-492b-a4a6-7061e5fa2eb8,Chimera_Main,solo,2026-01-27T04:44:12Z,0,0,1,230.0,byplayer,0,1,13,1,2,30.658005,tmddlfkrhgksek,account.f10d85c9dc96455eb042240731cb90c6,0,0.0,0,0.0,0,343,0,802.6299,9,42
5812aa79-d54d-4ef9-98aa-b9064ecefeaa,Baltic_Main,solo,2026-01-27T04:45:59Z,0,0,7,1283.5105,alive,2,8,1,2,17,247.72238,best7531,account.1234bbcae6da44bf97b13ed43fe447d9,0,1954.431,1,0.0,0,1482,0,2158.3335,16,1
5812aa79-d54d-4ef9-98aa-b9064ecefeaa,Baltic_Main,solo,2026-01-27T04:45:59Z,0,0,2,182.55551,byplayer,1,0,36,1,1,19.27236,gauchogaucho,account.351ee7670df14097ae31e10fde6b761f,0,0.0,0,0.0,0,693,0,786.60925,6,63
5812aa79-d54d-4ef9-98aa-b9064ecefeaa,Baltic_Main,solo,2026-01-27T04:45:59Z,0,0,7,639.9711,byplayer,1,3,2,1,6,84.80944,fgkdfl43,account.b1353822c3544586a07632ac1787d23d,0,0.0,0,0.0,0,1171,0,3808.527,10,25
5812aa79-d54d-4ef9-98aa-b9064ecefeaa,Baltic_Main,solo,2026-01-27T04:45:59Z,0,0,4,591.6,byplayer,1,1,3,1,6,85.70319,arsium_9478,account.29665bee6aa54bacaa8a2f1e68583c32,0,0.0,0,0.0,0,1140,0,1787.2725,6,30
5812aa79-d54d-4ef9-98aa-b9064ecefeaa,Baltic_Main,solo,2026-01-27T04:45:59Z,0,0,1,0.0,byplayer,0,17,54,0,0,0.0,dragon-0710,account.b515044dc3e249709a18890e29c2050b,0,1721.4625,0,0.0,0,1042,0,2373.2927,13,36
919a686b-514f-4acb-9a4f-5b12a483ca43,Tiger_Main,squad,2026-01-27T04:59:20Z,1,3,5,276.79,alive,0,1,18,1,1,12.668871,ursa8,account.a310b01332c540ab97b186bf9d216464,0,3526.1194,0,294.83466,0,1445,0,1386.5066,13,1
919a686b-514f-4acb-9a4f-5b12a483ca43,Tiger_Main,squad,2026-01-27T04:59:20Z,4,2,0,409.96982,byplayer,1,7,4,2,6,51.02485,menny1128,account.205472a8092f4071ba0b296e745fe54c,0,0.0,0,0.0,0,1348,0,4050.8723,7,2
919a686b-514f-4acb-9a4f-5b12a483ca43,Tiger_Main,squad,2026-01-27T04:59:20Z,7,2,12,921.40125,alive,1,0,2,2,8,246.65526,songbyungshin,account.640918557ea5433d80f1fd6ee218f401,0,2666.9333,1,0.0,0,1445,0,3392.4216,9,1
919a686b-514f-4acb-9a4f-5b12a483ca43,Tiger_Main,squad,2026-01-27T04:59:20Z,11,2,3,1242.2926,byplayer,0,6,1,2,17,163.07455,minjieeee,account.83f373fe8eed4c0b8e350bfd581312ac,2,1815.661,0,0.0,0,1402,0,3474.9858,7,2
919a686b-514f-4acb-9a4f-5b12a483ca43,Tiger_Main,squad,2026-01-27T04:59:20Z,6,1,6,780.10565,byplayer,2,4,3,3,8,109.87308,doodoodooYS,account.896b6f26576c47f183665322fdd1a06a,1,0.0,0,0.0,0,1442,0,4579.714,11,2
919a686b-514f-4acb-9a4f-5b12a483ca43,Tiger_Main,squad,2026-01-27T04:59:20Z,4,1,7,636.0405,alive,0,0,6,1,5,166.9158,EunJin-__-a,account.d4e7950b4134413a804c940309d5cdd0,1,3678.591,0,0.0,0,1445,0,3011.7021,11,1
919a686b-514f-4acb-9a4f-5b12a483ca43,Tiger_Main,squad,2026-01-27T04:59:20Z,6,3,2,796.35126,byplayer,2,4,5,1,6,199.7358,sooooo_oo,account.eae600df3cf34179b0b5220a7a6623b4,1,546.2911,0,0.0,0,1286,0,2518.424,8,2
919a686b-514f-4acb-9a4f-5b12a483ca43,Tiger_Main,squad,2026-01-27T04:59:20Z,3,0,0,303.01474,alive,0,0,7,1,4,247.23982,RHSS1234,account.1a6401228d19479fa0bc684cb4f8297b,0,2821.5808,0,0.0,0,1445,1,2133.2778,7,1
de8f8b87-ec77-4937-ba7c-62a7b2c85bf6,Baltic_Main,solo,2026-01-27T04:59:40Z,0,0,6,580.4285,byplayer,3,35,3,1,6,395.28497,JH_00001,account.d54dfb6bbd674a9d80fe4db8ec04da5e,0,0.0,0,0.0,0,1553,0,3595.996,11,3
de8f8b87-ec77-4937-ba7c-62a7b2c85bf6,Baltic_Main,solo,2026-01-27T04:59:40Z,0,0,11,75.18672,byplayer,0,0,18,1,1,96.16149,10452599,account.16b9f4b8c3b143e8af9876a4a2599b04,0,5501.9062,0,0.0,0,1540,0,2744.6484,14,6
de8f8b87-ec77-4937-ba7c-62a7b2c85bf6,Baltic_Main,solo,2026-01-27T04:59:40Z,0,0,8,186.75142,byzone,0,0,19,1,1,3.281843,radem1985,account.2f97f2206c904f67889a2c4a8daac7df,1,3648.4307,0,0.0,0,1294,0,2720.5906,11,9
de8f8b87-ec77-4937-ba7c-62a7b2c85bf6,Baltic_Main,solo,2026-01-27T04:59:40Z,0,0,12,327.86813,byplayer,0,0,5,1,3,133.50134,wpdltm,account.406c7871450843dfb7995ed27ca54c1d,0,0.0,0,0.0,0,1515,0,2320.7961,8,7
de8f8b87-ec77-4937-ba7c-62a7b2c85bf6,Baltic_Main,solo,2026-01-27T04:59:40Z,0,0,7,200.0,byplayer,1,0,7,1,2,16.15,YoungHo9605,account.0748ee39bee8463e9aea1ea2d717e8f4,0,6902.44,0,50.119675,0,1547,0,2923.3113,16,5
de8f8b87-ec77-4937-ba7c-62a7b2c85bf6,Baltic_Main,solo,2026-01-27T04:59:40Z,0,0,7,633.56793,byzone,3,0,2,1,6,46.27101,OppaDokkaebi,account.183c1862d0334036861d2b42533ea628,0,3590.1426,0,0.0,0,1720,0,3768.3125,12,2
de8f8b87-ec77-4937-ba7c-62a7b2c85bf6,Baltic_Main,solo,2026-01-27T04:59:40Z,0,0,6,1068.7864,alive,9,3,1,1,12,325.7765,OOoo00ooOoOoO,account.e99d6e53381748cf9bf3c8817b90a5a9,0,7824.4526,0,0.0,0,1723,0,2472.5806,12,1
de8f8b87-ec77-4937-ba7c-62a7b2c85bf6,Baltic_Main,solo,2026-01-27T04:59:40Z,0,0,2,155.20004,byplayer,1,0,11,1,2,241.04266,mimi19921321,account.be84d9b0bfc24d05be77637cc83effc7,0,4363.575,0,0.0,0,835,0,1490.0884,7,33
de8f8b87-ec77-4937-ba7c-62a7b2c85bf6,Baltic_Main,solo,2026-01-27T04:59:40Z,1,0,6,409.7284,byplayer,1,8,4,1,3,79.82104,HOT8385,account.350c69d1b40f47a7827b482ca1e88640,0,4521.4316,0,0.0,0,1552,0,3066.4827,12,4
bed5177c-3061-486f-a977-d333641386fe,Tutorial_Main,solo,2026-01-27T05:26:57Z,0,0,2,0.0,alive,0,1,1,0,0,0.0,malzachoi,account.eb81659af0a4422aa7683865f8337d9d,1,0.0,0,0.0,0,235,0,300.84256,2,1
d01036c6-ab40-4dfe-b5e6-038dbee46616,Chimera_Main,duo,2026-01-27T05:09:37Z,0,0,6,213.68051,byplayer,1,3,12,1,2,9.018629,KING_HWANG,account.6db42b5316484912ada9cf3e390a99bc,1,0.0,0,0.0,0,1248,0,2787.7522,11,2
d01036c6-ab40-4dfe-b5e6-038dbee46616,Chimera_Main,duo,2026-01-27T05:09:37Z,1,0,9,152.86273,alive,1,2,6,1,3,26.949726,RACKER_o0_0o,account.9fa658b254a94e39b21e63ad6ae6a169,0,0.0,0,0.0,0,1251,0,3751.0178,8,1
d01036c6-ab40-4dfe-b5e6-038dbee46616,Chimera_Main,duo,2026-01-27T05:09:37Z,1,0,0,189.28,byzone,1,4,18,1,1,6.1456976,chaellinge,account.c98267935eff4c998e2e11e0a0f2be1d,1,0.0,0,0.0,0,1127,0,1495.9595,17,2
d01036c6-ab40-4dfe-b5e6-038dbee46616,Chimera_Main,duo,2026-01-27T05:09:37Z,1,2,5,301.8714,byplayer,2,0,11,1,2,130.17705,kkbbbbzz,account.d9326ec6d6d04c149fc2eead90c0e70d,0,0.0,0,0.0,0,897,0,2154.2637,12,1
d01036c6-ab40-4dfe-b5e6-038dbee46616,Chimera_Main,duo,2026-01-27T05:09:37Z,1,0,1,220.62779,byplayer,0,1,15,2,2,44.380306,MokSing,account.de4c371ea5ab48cc80d36ea7d7ba5e10,0,0.0,0,0.0,0,378,0,714.3741,7,21
d01036c6-ab40-4dfe-b5e6-038dbee46616,Chimera_Main,duo,2026-01-27T05:09:37Z,1,0,0,200.0,byplayer,0,4,16,2,2,15.406746,13749250,account.5e655863f13f44258a7d1e1e943f4912,0,0.0,0,0.0,0,189,0,326.02536,8,21
d01036c6-ab40-4dfe-b5e6-038dbee46616,Chimera_Main,duo,2026-01-27T05:09:37Z,1,1,1,196.96463,byplayer,0,1,25,1,1,101.21817,wuu_je,account.a9887cfda421448c8c47123f7c36a6c7,0,0.0,0,0.0,0,426,0,656.0185,6,18
d01036c6-ab40-4dfe-b5e6-038dbee46616,Chimera_Main,duo,2026-01-27T05:09:37Z,2,1,5,445.43805,byplayer,1,2,2,2,4,229.38643,BOW_RPG,account.012543f7d62346edb6ab286ee8968ee7,0,0.0,0,0.0,0,1029,0,2843.9653,5,6
d01036c6-ab40-4dfe-b5e6-038dbee46616,Chimera_Main,duo,2026-01-27T05:09:37Z,2,0,3,406.88647,byplayer,1,1,4,2,4,150.02757,Benz_Actros,account.0fb95fb785f1413f9b3725d494332e2d,0,0.0,0,0.0,0,747,0,2671.0476,7,11
d01036c6-ab40-4dfe-b5e6-038dbee46616,Chimera_Main,duo,2026-01-27T05:09:37Z,0,0,0,59.44111,byplayer,0,0,63,0,0,0.0,1818boy,account.c15bb2ed6d6e46cbb31f5930b7310e65,0,0.0,0,0.0,0,93,0,235.81737,1,33
d01036c6-ab40-4dfe-b5e6-038dbee46616,Chimera_Main,duo,2026-01-27T05:09:37Z,0,0,1,138.03537,byplayer,0,0,14,1,2,137.55847,yons_krrr,account.a6dd98df3233455f831c37d6bdcc956d,0,0.0,0,0.0,0,426,0,786.947,16,18
d01036c6-ab40-4dfe-b5e6-038dbee46616,Chimera_Main,duo,2026-01-27T05:09:37Z,2,0,1,400.90765,byplayer,0,0,5,2,4,20.599089,Bonita-Nieve,account.b23fffa0d3e34b8cab653c9f1611a71f,0,0.0,0,0.0,0,368,0,1051.7595,3,22
d01036c6-ab40-4dfe-b5e6-038dbee46616,Chimera_Main,duo,2026-01-27T05:09:37Z,2,0,3,300.0,byplayer,1,1,8,1,3,36.135582,8481_mang,account.bbf69d4f39e14d238c78ba7c4ff77a24,0,0.0,0,0.0,0,747,0,2853.7266,8,11
d01036c6-ab40-4dfe-b5e6-038dbee46616,Chimera_Main,duo,2026-01-27T05:09:37Z,6,0,4,1059.852,byplayer,4,0,1,2,10,163.20885,jaehak_O_O,account.70536beefdce42709f61c22a8744a4f3,0,0.0,0,0.0,0,1178,0,3948.2156,11,3
d01036c6-ab40-4dfe-b5e6-038dbee46616,Chimera_Main,duo,2026-01-27T05:09:37Z,2,0,0,306.0,byplayer,0,0,17,1,2,13.175709,hsb0927,account.aa4283421cfd448e88b52782c3d2b81b,0,0.0,0,0.0,0,313,0,454.97925,2,23
d01036c6-ab40-4dfe-b5e6-038dbee46616,Chimera_Main,duo,2026-01-27T05:09:37Z,0,0,3,61.744755,byzone,0,1,27,0,0,0.0,kingbeomzzang,account.ce91a5f1c76a448691dcc2733bdcddbb,0,0.0,0,0.0,0,880,0,2325.337,15,3
d01036c6-ab40-4dfe-b5e6-038dbee46616,Chimera_Main,duo,2026-01-27T05:09:37Z,2,0,3,389.13806,byplayer,0,1,3,2,4,151.6473,BOW_BOSS,account.33289f0802b64bdaa401d2dcd898c655,0,348.11957,0,0.0,0,690,0,2086.973,15,6
d01036c6-ab40-4dfe-b5e6-038dbee46616,Chimera_Main,duo,2026-01-27T05:09:37Z,2,0,1,268.59998,byplayer,1,0,7,1,3,51.64648,925x,account.fbcb7aae2f37493886819371cc3ddcae,0,0.0,0,0.0,0,878,0,3037.8682,11,10
d01036c6-ab40-4dfe-b5e6-038dbee46616,Chimera_Main,duo,2026-01-27T05:09:37Z,0,0,0,55.478584,byplayer,0,0,62,0,0,0.0,saladin_01,account.dd697c870a7040c7a5ab1d74edba4f56,0,0.0,0,0.0,0,93,0,201.0821,2,33
bc178170-dbff-4c8a-8f5d-0096747fdd15,Tutorial_Main,solo,2026-01-27T05:40:50Z,0,0,2,0.0,alive,0,1,1,0,0,0.0,Seeex_Good,account.aefb89d76fea43b8a4f8a9775fb9d931,1,0.0,0,0.0,0,125,0,199.95772,3,1
1d2f2921-45a9-4eb6-883c-0400c8f422c4,Neon_Main,squad,2026-01-27T05:16:51Z,0,0,0,0.0,byplayer,0,0,61,0,0,0.0,AIGOSIMJGYANGAA,account.d977390921fc45079b2d21589fb39bfe,0,0.0,0,0.0,0,169,0,239.7321,4,15
1d2f2921-45a9-4eb6-883c-0400c8f422c4,Neon_Main,squad,2026-01-27T05:16:51Z,2,1,4,176.55418,byplayer,1,2,25,1,1,1.9600071,Midnight_Club_,account.f764615e26f14162a62c39dcfbc11c5a,0,6175.13,0,0.0,0,993,0,1962.9017,10,13
1d2f2921-45a9-4eb6-883c-0400c8f422c4,Neon_Main,squad,2026-01-27T05:16:51Z,0,0,2,0.0,byplayer,0,0,59,0,0,0.0,ceo_pak,account.229df1c7c72541dcaad95bdbe1a5397c,0,3506.6023,0,0.0,0,580,0,1560.5608,12,15
1d2f2921-45a9-4eb6-883c-0400c8f422c4,Neon_Main,squad,2026-01-27T05:16:51Z,1,0,3,99.739624,byplayer,0,0,48,0,0,0.0,The_blossom,account.f6ed22a7d3c544c082c7be9dc6814747,1,11401.179,0,0.0,0,1133,0,1535.0406,18,11
1d2f2921-45a9-4eb6-883c-0400c8f422c4,Neon_Main,squad,2026-01-27T05:16:51Z,1,0,3,121.59863,suicide,1,1,21,1,1,32.791904,taengja_97,account.65af741be6c04027aac272916c468b7c,0,9143.582,0,0.0,0,1309,0,1814.4237,7,9
1d2f2921-45a9-4eb6-883c-0400c8f422c4,Neon_Main,squad,2026-01-27T05:16:51Z,1,0,4,231.77922,byplayer,0,2,38,0,0,0.0,kimdaeyong1,account.8ca50e27d373497aa453a56f9e77fcd0,1,7353.2764,0,0.0,0,1405,0,2794.4485,15,6
1d2f2921-45a9-4eb6-883c-0400c8f422c4,Neon_Main,squad,2026-01-27T05:16:51Z,3,4,17,392.50366,byplayer,0,14,8,1,2,83.85611,KKI-KKI--,account.531b5721b4784ffe835c080ca16caa04,1,7951.811,1,0.0,0,1712,0,3839.901,9,1
1d2f2921-45a9-4eb6-883c-0400c8f422c4,Neon_Main,squad,2026-01-27T05:16:51Z,0,1,9,110.51379,byplayer,0,0,18,1,1,640.40924,VICT_MASTER,account.e9d92a6dafe2476cacc7f3c82002d2c9,1,3136.2747,0,0.0,0,1617,0,2769.7666,9,2
1d2f2921-45a9-4eb6-883c-0400c8f422c4,Neon_Main,squad,2026-01-27T05:16:51Z,3,0,2,331.61115,byplayer,1,1,17,1,2,15.5246,Mange--DDuck,account.5351d1b7071443dc8a890d49070d637e,0,2078.7688,0,0.0,0,969,0,2021.753,10,14
1d2f2921-45a9-4eb6-883c-0400c8f422c4,Neon_Main,squad,2026-01-27T05:16:51Z,0,1,4,125.85722,byplayer,0,2,42,0,0,0.0,Osal_ZzangGu,account.a9bcf4351bd84d7794c6bd275e87c6b9,0,224.51791,0,0.0,0,1180,0,3587.386,6,8
1d2f2921-45a9-4eb6-883c-0400c8f422c4,Neon_Main,squad,2026-01-27T05:16:51Z,0,0,3,88.95619,byplayer,0,1,46,0,0,0.0,KOSEN_ONI,account.cc76ca205562447fa9cc0b3c84ac8b95,0,9874.818,0,0.0,0,851,0,1046.307,12,9
1d2f2921-45a9-4eb6-883c-0400c8f422c4,Neon_Main,squad,2026-01-27T05:16:51Z,1,2,12,332.05283,byplayer,0,2,11,1,2,43.523224,mo0n-_-start,account.8279a3a13ce048248a4e370b61f691dd,0,3342.665,0,0.0,0,1403,0,3265.8662,11,5
1d2f2921-45a9-4eb6-883c-0400c8f422c4,Neon_Main,squad,2026-01-27T05:16:51Z,0,2,5,143.14758,byplayer,0,0,37,0,0,0.0,YURA112,account.617768e8a41b4e1bb61adfd43194c715,1,3075.1404,0,0.0,0,1135,0,2346.432,20,5
1d2f2921-45a9-4eb6-883c-0400c8f422c4,Neon_Main,squad,2026-01-27T05:16:51Z,3,0,2,294.48898,byplayer,0,0,7,1,3,61.15439,Kky4ng,account.9219fc8e907c42f982fdbf0a906ec052,0,5252.745,0,0.0,0,1268,1,1986.6746,13,10
1d2f2921-45a9-4eb6-883c-0400c8f422c4,Neon_Main,squad,2026-01-27T05:16:51Z,1,0,5,223.24701,byplayer,1,8,14,2,2,8.00665,snow-shot,account.c73ddd348de1473488d2223a89962f42,0,9284.937,0,0.0,0,1185,0,2140.4592,10,7
1d2f2921-45a9-4eb6-883c-0400c8f422c4,Neon_Main,squad,2026-01-27T05:16:51Z,3,2,12,437.97595,alive,1,13,3,1,5,104.75091,GZ_LeeC,account.bbafac46308b49ba83996b439c0c93cd,2,5852.385,0,17.856348,0,1715,0,3644.549,6,1
1d2f2921-45a9-4eb6-883c-0400c8f422c4,Neon_Main,squad,2026-01-27T05:16:51Z,1,1,0,410.11798,byplayer,0,0,50,0,0,0.0,clevernesss,account.fc7c10d52c6b451d86902741b15207df,0,8230.844,0,0.0,0,864,0,1001.58905,9,11
1d2f2921-45a9-4eb6-883c-0400c8f422c4,Neon_Main,squad,2026-01-27T05:16:51Z,0,0,5,84.644516,byplayer,0,3,54,0,0,0.0,WIC_MIZA,account.9606c56dbcfb479f8d42b52a3353700d,0,5115.8594,0,0.0,0,924,0,2253.6606,10,13
1d2f2921-45a9-4eb6-883c-0400c8f422c4,Neon_Main,squad,2026-01-27T05:16:51Z,0,0,2,98.272415,byplayer,0,8,57,0,0,0.0,KING-_-GOCHUU,account.46321125bf5b4542a11dde51b96e8a3b,0,8908.135,0,0.0,0,882,0,1275.902,5,14
1d2f2921-45a9-4eb6-883c-0400c8f422c4,Neon_Main,squad,2026-01-27T05:16:51Z,1,0,2,173.92,byplayer,0,0,60,0,0,0.0,KFA_6,account.c5a48dcbeefc4820b86936d285d18413,0,0.0,0,0.0,0,464,0,841.829,10,15
1d2f2921-45a9-4eb6-883c-0400c8f422c4,Neon_Main,squad,2026-01-27T05:16:51Z,1,2,6,253.52998,byplayer,0,5,31,0,0,0.0,hundo1120,account.5af7c6b1e791448e8558a0f8df4ab8e8,1,2560.903,0,0.0,0,1341,0,2642.5427,16,1
1d2f2921-45a9-4eb6-883c-0400c8f422c4,Neon_Main,squad,2026-01-27T05:16:51Z,0,0,2,82.90076,byplayer,0,1,36,0,0,0.0,08217v,account.5fce45f37bdf4774b3c4a9b597ad5e55,0,5600.673,0,0.0,0,842,0,1691.4551,8,4
1d2f2921-45a9-4eb6-883c-0400c8f422c4,Neon_Main,squad,2026-01-27T05:16:51Z,2,0,4,205.39276,byplayer,0,0,52,0,0,0.0,BADNAME_251205_1,account.220a2443f3d34e7ca940e087945f45ec,0,7131.1,0,0.0,0,993,0,1864.5739,11,13
1d2f2921-45a9-4eb6-883c-0400c8f422c4,Neon_Main,squad,2026-01-27T05:16:51Z,2,0,2,140.96774,byplayer,0,0,51,0,0,0.0,M4_Red,account.ce14d7ad6450401d92ef94618bf848d2,0,256.42776,0,0.0,0,667,0,1566.632,13,12
1d2f2921-45a9-4eb6-883c-0400c8f422c4,Neon_Main,squad,2026-01-27T05:16:51Z,2,0,3,222.00002,byplayer,0,1,27,1,1,7.1547785,dltmdwo8008,account.18ff4c4b3a574adc9e86ab3c8fdc213c,0,3582.9236,0,0.0,0,618,0,1247.3654,8,15
1d2f2921-45a9-4eb6-883c-0400c8f422c4,Neon_Main,squad,2026-01-27T05:16:51Z,0,0,12,189.30043,byplayer,0,5,32,0,0,0.0,P1_gunman,account.940cc1a6b3e9487c833a2351d4f7adcb,1,4439.7114,0,0.0,0,1619,0,4148.2114,6,2
1d2f2921-45a9-4eb6-883c-0400c8f422c4,Neon_Main,squad,2026-01-27T05:16:51Z,6,1,9,1049.6204,byplayer,2,7,2,2,6,119.08945,Just_HaYul-__-,account.b6f32ed988c94ac5affc46426bbecc6a,0,2898.7156,0,0.0,0,1472,0,2765.4922,9,2
1d2f2921-45a9-4eb6-883c-0400c8f422c4,Neon_Main,squad,2026-01-27T05:16:51Z,2,0,4,160.18756,byplayer,0,2,33,0,0,0.0,jeon0z,account.80c5801da7ce40b6a166044167a93761,3,6775.6987,0,0.0,0,1675,0,3460.516,8,3
1d2f2921-45a9-4eb6-883c-0400c8f422c4,Neon_Main,squad,2026-01-27T05:16:51Z,0,1,4,97.53967,byplayer,0,1,53,0,0,0.0,XX__03,account.2dc67b7f89bd48ada927388ba79423ff,0,7897.3276,0,0.0,0,944,0,1258.1533,13,13
1d2f2921-45a9-4eb6-883c-0400c8f422c4,Neon_Main,squad,2026-01-27T05:16:51Z,0,1,7,157.88553,byplayer,0,1,39,0,0,0.0,SD_OO,account.a07d5606a3cc477088f52e6ea14a528d,1,8008.722,0,0.0,0,1313,0,1690.5972,14,6
1d2f2921-45a9-4eb6-883c-0400c8f422c4,Neon_Main,squad,2026-01-27T05:16:51Z,6,3,10,703.1217,alive,3,10,1,2,6,195.77504,llHwanill,account.c571673c7a9f43269f1023ed58f92ecc,3,8505.954,0,0.0,0,1715,1,2971.2683,11,1
1d2f2921-45a9-4eb6-883c-0400c8f422c4,Neon_Main,squad,2026-01-27T05:16:51Z,5,0,3,509.375,byplayer,0,1,4,2,5,34.17014,RIP_1vs4-x_x-,account.86da633567224c1eab17f6364214a624,0,3802.046,0,0.0,0,684,0,1465.7028,7,15
1d2f2921-45a9-4eb6-883c-0400c8f422c4,Neon_Main,squad,2026-01-27T05:16:51Z,0,0,3,0.0,byplayer,0,0,58,0,0,0.0,iPone13Pro_,account.7019b47ddc91441184f1f3e730cb846a,0,3602.8123,0,0.0,0,583,0,1767.0771,8,15
1d2f2921-45a9-4eb6-883c-0400c8f422c4,Neon_Main,squad,2026-01-27T05:16:51Z,0,0,5,219.92413,byplayer,0,0,47,0,0,0.0,YEEZY_calabasas,account.21da799bfce34605b823fbaba041acce,0,4316.3784,0,0.0,0,1268,2,2609.6357,9,10
1d2f2921-45a9-4eb6-883c-0400c8f422c4,Neon_Main,squad,2026-01-27T05:16:51Z,0,0,0,44.0,byplayer,0,0,64,0,0,0.0,NIMI_l8Ana1,account.9ee7fa34acd646d28dcd9fbd3652fed7,0,0.0,0,0.0,0,171,0,317.61514,5,16
1d2f2921-45a9-4eb6-883c-0400c8f422c4,Neon_Main,squad,2026-01-27T05:16:51Z,1,0,7,127.15695,byplayer,0,3,19,1,1,111.061516,DomDaDi-_-,account.b217cd2bdec245948b97a063bf448d86,0,2850.292,0,0.0,0,1127,0,3143.5132,20,5
1d2f2921-45a9-4eb6-883c-0400c8f422c4,Neon_Main,squad,2026-01-27T05:16:51Z,1,0,7,541.05884,byplayer,0,8,6,2,3,41.70614,gmgm3043,account.0c9f3d4e420c44a983e7cc26863c14fc,2,7883.8086,0,0.0,0,1675,1,3203.206,13,3
1d2f2921-45a9-4eb6-883c-0400c8f422c4,Neon_Main,squad,2026-01-27T05:16:51Z,2,0,9,105.274345,byplayer,1,4,9,1,2,37.32214,gapbu_boss,account.667122e6a07b44f888fbdb055831078d,1,8552.821,0,0.0,0,1489,0,2139.4043,9,4
1d2f2921-45a9-4eb6-883c-0400c8f422c4,Neon_Main,squad,2026-01-27T05:16:51Z,0,1,2,40.635002,byplayer,0,0,55,0,0,0.0,HONGUU-,account.3e47f3315e484b5a960328e898271908,0,4667.8164,0,0.0,0,969,0,1343.5454,14,14
1d2f2921-45a9-4eb6-883c-0400c8f422c4,Neon_Main,squad,2026-01-27T05:16:51Z,0,1,4,286.276,byplayer,0,4,34,0,0,0.0,narnahc_iK,account.50ba2bb6adef42118330b20af8bfcc16,1,7730.876,0,0.0,0,1642,0,3606.5085,11,3
1d2f2921-45a9-4eb6-883c-0400c8f422c4,Neon_Main,squad,2026-01-27T05:16:51Z,3,0,7,500.51102,byplayer,0,3,15,1,2,30.773907,kakao_NoMo,account.4c2ed3592b7040daa5252f14e5e78427,0,0.0,0,0.0,0,1279,0,3715.782,10,8
1d2f2921-45a9-4eb6-883c-0400c8f422c4,Neon_Main,squad,2026-01-27T05:16:51Z,1,0,0,142.57,byplayer,1,0,28,1,1,34.638264,tM_ajunmae,account.df0afd9668d34c9cb39754320a02509e,0,139.67834,0,0.0,0,242,0,372.46942,2,15
1d2f2921-45a9-4eb6-883c-0400c8f422c4,Neon_Main,squad,2026-01-27T05:16:51Z,0,0,0,0.0,byplayer,0,0,62,0,0,0.0,NIMI_l8ZzizZ1,account.b4bf85b1fa514680b0bdd441f591b57e,0,0.0,0,0.0,0,200,0,356.4487,7,16
1d2f2921-45a9-4eb6-883c-0400c8f422c4,Neon_Main,squad,2026-01-27T05:16:51Z,2,1,3,269.64468,byzone,1,4,10,1,2,106.47596,Excavator_Volvo,account.8ec15486caec48738e52f3ba030b8c80,2,7157.765,0,0.0,0,1486,0,2977.217,14,4
1d2f2921-45a9-4eb6-883c-0400c8f422c4,Neon_Main,squad,2026-01-27T05:16:51Z,2,2,13,456.6457,byplayer,1,7,5,1,3,74.61782,kalzaby,account.28ee1fcce5374f2aa1d88d7146752059,3,2836.3372,0,0.0,0,1693,0,4425.7183,11,2
1d2f2921-45a9-4eb6-883c-0400c8f422c4,Neon_Main,squad,2026-01-27T05:16:51Z,0,0,2,41.53875,byplayer,0,0,56,0,0,0.0,SOJUU-,account.80e40255acf54690958f1f0f8a1d6a30,0,4007.0208,0,0.0,0,909,0,1477.7015,20,14
1d2f2921-45a9-4eb6-883c-0400c8f422c4,Neon_Main,squad,2026-01-27T05:16:51Z,4,0,3,357.3809,byplayer,0,0,43,0,0,0.0,tndk33,account.86938d5677864cd286c6c0b377aa9f2a,0,2011.2074,0,0.0,0,1148,0,2364.6375,11,8
1d2f2921-45a9-4eb6-883c-0400c8f422c4,Neon_Main,squad,2026-01-27T05:16:51Z,1,0,8,1.7275887,byplayer,0,6,40,0,0,0.0,seebal111,account.73c73e651d7345cb8287ee32d3b629da,0,10304.581,0,0.0,0,1368,0,2235.466,7,7
1d2f2921-45a9-4eb6-883c-0400c8f422c4,Neon_Main,squad,2026-01-27T05:16:51Z,2,0,7,347.26703,byzone,0,7,13,1,2,10.774115,YB_Player_,account.2048ea4cc4074e53bce8c394e93ef41a,0,6530.819,1,0.0,0,1319,0,2468.6638,7,6
1d2f2921-45a9-4eb6-883c-0400c8f422c4,Neon_Main,squad,2026-01-27T05:16:51Z,0,0,2,62.039997,byplayer,0,6,45,0,0,0.0,SoymilkTvT,account.9c5c0ebbdf3d407f917cb9d4a216913d,0,9426.151,0,0.0,0,1257,0,1309.3551,7,9
1d2f2921-45a9-4eb6-883c-0400c8f422c4,Neon_Main,squad,2026-01-27T05:16:51Z,0,0,0,56.399998,byplayer,0,0,63,0,0,0.0,YMD_CRONG,account.fd81355c1cb1435a837b6408416ddff9,0,0.0,0,0.0,0,198,0,398.0932,6,16
1d2f2921-45a9-4eb6-883c-0400c8f422c4,Neon_Main,squad,2026-01-27T05:16:51Z,0,0,3,0.0,byplayer,0,0,41,0,0,0.0,3G---Spot,account.d0e6c5b469884b6da8a005f28fc336db,0,11789.956,0,0.0,0,1024,0,1268.2872,5,7
1d2f2921-45a9-4eb6-883c-0400c8f422c4,Neon_Main,squad,2026-01-27T05:16:51Z,1,0,7,101.911,byplayer,0,1,20,1,1,57.389626,audgh3859,account.74ba67fc414742c896450c6d302b4208,0,6144.6274,0,0.0,0,1257,0,2628.1018,8,6
1d2f2921-45a9-4eb6-883c-0400c8f422c4,Neon_Main,squad,2026-01-27T05:16:51Z,1,0,4,68.677414,byplayer,0,0,22,1,1,12.395901,LuCiFerJenoa,account.420f8d25c2854a0d993225f00d3cbebc,0,8581.713,0,0.0,0,868,1,1094.2399,5,11
1d2f2921-45a9-4eb6-883c-0400c8f422c4,Neon_Main,squad,2026-01-27T05:16:51Z,1,1,5,147.97653,byplayer,0,3,26,1,1,3.724309,Roshool,account.c32d7ee899d24838b44c5c50156674ab,0,3146.8687,0,0.0,0,949,0,2189.6223,11,14
1d2f2921-45a9-4eb6-883c-0400c8f422c4,Neon_Main,squad,2026-01-27T05:16:51Z,0,0,0,22.911871,byplayer,0,0,44,0,0,0.0,NBG_Ryu,account.4ea4b6e9022b49c185d4aa9468b64549,0,0.0,0,0.0,0,221,0,322.31915,5,8
1d2f2921-45a9-4eb6-883c-0400c8f422c4,Neon_Main,squad,2026-01-27T05:16:51Z,1,0,2,75.28346,byplayer,0,1,24,1,1,162.3109,fkdzld_-,account.fdf50d51a6af418db814413b729bd8fb,0,1076.6459,0,0.0,0,566,0,1091.6338,8,12
1d2f2921-45a9-4eb6-883c-0400c8f422c4,Neon_Main,squad,2026-01-27T05:16:51Z,0,0,3,0.0,byplayer,0,10,35,0,0,0.0,Yun-E,account.8c497812dd89494fa55f2fd9e973ebee,2,6646.751,0,0.0,0,1489,0,2538.0645,6,4
1d2f2921-45a9-4eb6-883c-0400c8f422c4,Neon_Main,squad,2026-01-27T05:16:51Z,0,0,8,27.933456,byplayer,0,3,49,0,0,0.0,ODIGA_a,account.f0c7ac30764d4c138d8f3b545f3f7c88,0,11437.232,0,0.0,0,1133,0,1518.218,5,11
1d2f2921-45a9-4eb6-883c-0400c8f422c4,Neon_Main,squad,2026-01-27T05:16:51Z,2,0,5,690.4804,byzone,0,2,16,1,2,51.85895,Nest_Moomoo,account.44dbd1e0d2894d118a2f8837c0d1c151,0,9906.038,0,0.0,0,1309,0,1435.5164,6,9
1d2f2921-45a9-4eb6-883c-0400c8f422c4,Neon_Main,squad,2026-01-27T05:16:51Z,0,0,0,0.0,byplayer,0,0,65,0,0,0.0,NIMI_SEEP8,account.622a9edbf14f42a0b69292eda93b8832,0,0.0,0,0.0,0,146,0,139.53546,3,16
1d2f2921-45a9-4eb6-883c-0400c8f422c4,Neon_Main,squad,2026-01-27T05:16:51Z,1,1,6,359.84912,byplayer,0,12,23,1,1,15.2447815,W_jin1,account.f5bec5d5fc874925891e7d9c1fefe5af,0,6284.453,0,0.0,0,1091,0,2261.7068,13,12
1d2f2921-45a9-4eb6-883c-0400c8f422c4,Neon_Main,squad,2026-01-27T05:16:51Z,1,0,6,144.79863,suicide,1,2,12,1,2,17.173996,SKL_SWASWA,account.bff6f664a78f40a5a132c4bd355cec9a,2,7470.244,0,0.0,0,1029,0,1998.0751,8,5
b4fd5bc2-a06d-4de3-ae10-9f6b291a9486,Savage_Main,squad,2026-01-27T05:30:22Z,0,0,5,84.96579,byplayer,0,1,49,0,0,0.0,ninety_kr,account.85c1b436c93d44d684ab7a945822060e,0,0.0,0,0.0,0,789,0,2222.162,7,3
b4fd5bc2-a06d-4de3-ae10-9f6b291a9486,Savage_Main,squad,2026-01-27T05:30:22Z,1,0,0,158.21768,byplayer,0,1,51,0,0,0.0,karmabeam,account.97e271a1fcf54d6a81c1b235eb9fdac2,0,1125.2404,0,0.0,0,1136,0,2371.898,12,6
b4fd5bc2-a06d-4de3-ae10-9f6b291a9486,Savage_Main,squad,2026-01-27T05:30:22Z,2,4,6,481.0103,alive,1,10,6,1,4,114.10127,Angry_Dondo,account.7b78859d92d34262832718499d1f60e9,1,2957.6084,0,0.0,0,1370,0,2907.992,13,1
b4fd5bc2-a06d-4de3-ae10-9f6b291a9486,Savage_Main,squad,2026-01-27T05:30:22Z,2,0,0,200.0,byplayer,0,0,73,0,0,0.0,AquaSOL,account.66facdce26ee4fce9b7d40d21c7792eb,1,0.0,0,0.0,0,176,0,161.80956,2,20
b4fd5bc2-a06d-4de3-ae10-9f6b291a9486,Savage_Main,squad,2026-01-27T05:30:22Z,0,0,0,0.0,byplayer,0,0,95,0,0,0.0,wylie-yul,account.967f925a84c0479f85387b4e04e3cec8,0,0.0,0,0.0,0,116,0,56.968895,2,26
b4fd5bc2-a06d-4de3-ae10-9f6b291a9486,Savage_Main,squad,2026-01-27T05:30:22Z,2,0,0,200.0,byplayer,0,0,85,0,0,0.0,HKC_POOZI,account.cf90703f8f52454c9fdac733af56460d,1,0.0,0,0.0,0,139,0,206.62016,2,23
b4fd5bc2-a06d-4de3-ae10-9f6b291a9486,Savage_Main,squad,2026-01-27T05:30:22Z,0,0,0,0.0,byplayer,0,0,58,0,0,0.0,ppuu0_0,account.7d5b5d3b4a3443ddb532bda8c817548b,0,0.0,0,0.0,0,631,0,2045.6738,3,11
b4fd5bc2-a06d-4de3-ae10-9f6b291a9486,Savage_Main,squad,2026-01-27T05:30:22Z,1,0,2,199.02649,byplayer,0,1,52,0,0,0.0,ju-3-yeah,account.c69b7cebf4ad43108e447f5baf959c02,0,722.8441,0,0.0,0,883,0,2289.095,17,7
b4fd5bc2-a06d-4de3-ae10-9f6b291a9486,Savage_Main,squad,2026-01-27T05:30:22Z,2,0,0,200.0,byplayer,0,4,38,1,1,7.704374,SUJIN_xxxxxxx,account.31a6116452184998b60752479ca218b8,0,0.0,0,0.0,0,123,0,150.02917,2,24
b4fd5bc2-a06d-4de3-ae10-9f6b291a9486,Savage_Main,squad,2026-01-27T05:30:22Z,0,0,0,0.0,byplayer,0,0,80,0,0,0.0,A_S_URA,account.dab5cad3fd46401b959a3eae3346739a,0,0.0,0,0.0,0,161,0,340.53424,4,22
b4fd5bc2-a06d-4de3-ae10-9f6b291a9486,Savage_Main,squad,2026-01-27T05:30:22Z,0,0,0,0.0,byplayer,0,0,100,0,0,0.0,WAY4LUV,account.a1c221df155241b8ac7c1ec1a48abc26,0,0.0,0,0.0,0,81,0,26.852488,0,26
b4fd5bc2-a06d-4de3-ae10-9f6b291a9486,Savage_Main,squad,2026-01-27T05:30:22Z,0,0,0,0.0,byplayer,0,0,98,0,0,0.0,peter-rabbit-1HO,account.b29dd9cf3ba14c0bada04db4510ebe92,0,0.0,0,0.0,0,93,0,112.423454,2,26
b4fd5bc2-a06d-4de3-ae10-9f6b291a9486,Savage_Main,squad,2026-01-27T05:30:22Z,0,0,3,64.2738,byplayer,0,1,54,0,0,0.0,MyunghamE,account.864ea8f534cb4b78afadaca8499f0ac4,0,0.0,0,0.0,0,1029,0,3146.4812,10,9
b4fd5bc2-a06d-4de3-ae10-9f6b291a9486,Savage_Main,squad,2026-01-27T05:30:22Z,0,0,4,45.581985,byplayer,0,1,57,0,0,0.0,CHINI_Legends,account.db5baf7cbf5b42e787952fdc1f171f54,0,0.0,0,0.0,0,722,0,1887.7617,9,11
b4fd5bc2-a06d-4de3-ae10-9f6b291a9486,Savage_Main,squad,2026-01-27T05:30:22Z,2,0,6,300.0,byplayer,0,1,16,1,2,24.728132,lAM-Doong2,account.56dc17509e604de59b460c5680ceb419,0,0.0,0,0.0,0,984,0,3526.6665,9,8
b4fd5bc2-a06d-4de3-ae10-9f6b291a9486,Savage_Main,squad,2026-01-27T05:30:22Z,1,0,3,231.07713,byplayer,0,1,27,1,1,5.9207325,Osal_yonghee,account.497fc8ce760b4026b28f7a78f087cc21,0,0.0,0,0.0,0,669,0,1901.6052,9,11
b4fd5bc2-a06d-4de3-ae10-9f6b291a9486,Savage_Main,squad,2026-01-27T05:30:22Z,0,0,0,0.0,byplayer,0,0,84,0,0,0.0,KungFuboysung,account.87e83ad60a1a4ac8ba80f48258f538f7,0,0.0,0,0.0,0,81,0,44.842907,1,22
b4fd5bc2-a06d-4de3-ae10-9f6b291a9486,Savage_Main,squad,2026-01-27T05:30:22Z,0,0,0,0.0,byplayer,0,0,96,0,0,0.0,bumjunseo,account.79c6f9fb2be245d3bc2591355f1d8988,0,0.0,0,0.0,0,102,0,14.473886,1,26
b4fd5bc2-a06d-4de3-ae10-9f6b291a9486,Savage_Main,squad,2026-01-27T05:30:22Z,5,3,4,419.78366,alive,0,10,7,1,4,265.30722,starlingpearl,account.224eddc4160945b9a341b7871cbd8808,1,1581.7651,0,0.0,0,1370,0,3525.2488,9,1
b4fd5bc2-a06d-4de3-ae10-9f6b291a9486,Savage_Main,squad,2026-01-27T05:30:22Z,7,1,6,1004.7155,byplayer,2,10,2,4,10,36.962128,sycom3323,account.13eaa909f0534cbab3126fe0ca445b38,1,0.0,0,0.0,0,1361,0,4649.015,15,3
b4fd5bc2-a06d-4de3-ae10-9f6b291a9486,Savage_Main,squad,2026-01-27T05:30:22Z,0,0,1,0.0,byplayer,0,0,64,0,0,0.0,Korea_2918,account.0cc0c4de28b94f2eac5c9e0a0676c23c,0,0.0,0,0.0,0,298,0,685.88776,7,17
b4fd5bc2-a06d-4de3-ae10-9f6b291a9486,Savage_Main,squad,2026-01-27T05:30:22Z,0,0,0,0.0,byplayer,0,0,88,0,0,0.0,korea-leeper,account.3e4eb79163694f80bc5fc8c5288de06a,0,0.0,0,0.0,0,118,0,127.7288,2,23
b4fd5bc2-a06d-4de3-ae10-9f6b291a9486,Savage_Main,squad,2026-01-27T05:30:22Z,3,1,2,414.78497,suicide,1,2,8,3,4,12.297529,kxn_m_,account.f693352dbe434fb396886ebbaece970e,0,0.0,0,0.0,0,968,0,1770.7554,5,8
b4fd5bc2-a06d-4de3-ae10-9f6b291a9486,Savage_Main,squad,2026-01-27T05:30:22Z,1,0,3,154.21501,byplayer,0,3,17,2,2,19.851376,YOOZANG123,account.3992bce894c0486880c0faf93a4e333f,1,0.0,0,30.218624,1,783,0,2729.8254,9,8
b4fd5bc2-a06d-4de3-ae10-9f6b291a9486,Savage_Main,squad,2026-01-27T05:30:22Z,3,2,1,408.74887,byplayer,0,7,19,1,1,31.36062,Pollux_H,account.ced5e4549f3f4402a46728e5c19fb514,2,0.0,0,0.0,0,1188,0,3392.011,6,2
b4fd5bc2-a06d-4de3-ae10-9f6b291a9486,Savage_Main,squad,2026-01-27T05:30:22Z,0,0,0,0.0,byplayer,0,0,86,0,0,0.0,KimSungYuBangsin,account.7b8aeab1106743708f319b825e078772,0,0.0,0,0.0,0,126,0,118.801315,0,23
b4fd5bc2-a06d-4de3-ae10-9f6b291a9486,Savage_Main,squad,2026-01-27T05:30:22Z,1,1,2,100.0,byplayer,0,5,62,0,0,0.0,Ss_yuju,account.cef354d5f38c46ae85d9f625bcbd436c,1,0.0,0,0.0,0,340,0,621.3918,4,16
b4fd5bc2-a06d-4de3-ae10-9f6b291a9486,Savage_Main,squad,2026-01-27T05:30:22Z,0,0,4,0.0,byplayer,0,7,53,0,0,0.0,Cow_SoGoGi,account.040c570530544bda8e33db30bae10fbf,0,0.0,0,15.614558,0,1030,0,3484.6665,20,8
b4fd5bc2-a06d-4de3-ae10-9f6b291a9486,Savage_Main,squad,2026-01-27T05:30:22Z,1,0,0,100.0,byplayer,0,0,37,1,1,9.912317,bih9151,account.26e47f6f27e943fc9f658b8a322dd7be,0,0.0,0,0.0,0,139,0,152.35715,2,23
b4fd5bc2-a06d-4de3-ae10-9f6b291a9486,Savage_Main,squad,2026-01-27T05:30:22Z,1,0,0,100.0,byplayer,0,0,39,1,1,3.6821728,Mok05,account.6c151f86a97c463bbe0fe751a319b016,0,0.0,0,0.0,0,85,0,85.20774,1,24
b4fd5bc2-a06d-4de3-ae10-9f6b291a9486,Savage_Main,squad,2026-01-27T05:30:22Z,0,0,5,21.033112,byplayer,0,13,48,0,0,0.0,retgolaniywl,account.d2a2ae5e8897489f80ee61fae48705ae,0,1193.7522,0,0.0,0,971,0,2327.7683,8,1
b4fd5bc2-a06d-4de3-ae10-9f6b291a9486,Savage_Main,squad,2026-01-27T05:30:22Z,0,0,0,39.616497,byplayer,0,0,65,0,0,0.0,2SL_Frin,account.6de8a7610f844d0897e740563e2327a2,0,0.0,0,0.0,0,298,0,629.25867,6,17
b4fd5bc2-a06d-4de3-ae10-9f6b291a9486,Savage_Main,squad,2026-01-27T05:30:22Z,1,0,3,200.0,byplayer,1,0,15,1,2,199.87665,seunghee__z,account.05699e0cc40549b9a721273812b3181c,0,747.2207,0,0.0,0,1087,0,3230.154,12,7
b4fd5bc2-a06d-4de3-ae10-9f6b291a9486,Savage_Main,squad,2026-01-27T05:30:22Z,1,0,0,100.0,byplayer,0,0,35,1,1,34.45552,MihailsTals,account.991ef6bc377e422aa3f526141e224922,0,0.0,0,0.0,0,157,0,164.228,3,20
b4fd5bc2-a06d-4de3-ae10-9f6b291a9486,Savage_Main,squad,2026-01-27T05:30:22Z,0,0,1,98.27999,byplayer,0,2,77,0,0,0.0,Lif_of,account.50e5ed1473f54c42896aef95c51fe166,0,0.0,0,0.0,0,169,0,251.75217,4,21
b4fd5bc2-a06d-4de3-ae10-9f6b291a9486,Savage_Main,squad,2026-01-27T05:30:22Z,0,0,0,0.0,byplayer,0,0,87,0,0,0.0,WIN_DSOR17,account.afa6a5372b5d45a1a0e1ee68cc19ff6f,0,0.0,0,0.0,0,124,0,237.8075,1,23
b4fd5bc2-a06d-4de3-ae10-9f6b291a9486,Savage_Main,squad,2026-01-27T05:30:22Z,5,0,2,609.6876,byplayer,3,1,5,3,5,55.1473,For_Sung__1,account.9ee53c0fd0734c36a36e77cc6291b872,1,0.0,0,0.0,0,722,0,1759.8763,9,11
b4fd5bc2-a06d-4de3-ae10-9f6b291a9486,Savage_Main,squad,2026-01-27T05:30:22Z,0,0,0,25.920002,byplayer,0,0,72,0,0,0.0,tmdghks139,account.7f93d1183be64a3f8f55a7c879a8a0a4,0,0.0,0,0.0,0,179,0,397.1366,1,19
b4fd5bc2-a06d-4de3-ae10-9f6b291a9486,Savage_Main,squad,2026-01-27T05:30:22Z,0,0,0,0.0,byplayer,0,0,97,0,0,0.0,2nd_Itembag,account.e6fc45de5e15424f9ba6ef0f93db97b0,0,0.0,0,0.0,0,93,0,45.772476,2,26
b4fd5bc2-a06d-4de3-ae10-9f6b291a9486,Savage_Main,squad,2026-01-27T05:30:22Z,2,1,0,184.0,byplayer,0,1,28,1,1,45.47733,mercenary_Crazy,account.657c324d46004ece9f3ec399e21299b6,0,0.0,0,0.0,0,660,0,2346.8826,5,11
b4fd5bc2-a06d-4de3-ae10-9f6b291a9486,Savage_Main,squad,2026-01-27T05:30:22Z,0,0,0,0.0,byplayer,0,0,79,0,0,0.0,seojj_187,account.b4cc1f1d476d41a1bb6639007f78ea13,0,0.0,0,0.0,0,101,0,156.21545,1,21
b4fd5bc2-a06d-4de3-ae10-9f6b291a9486,Savage_Main,squad,2026-01-27T05:30:22Z,1,1,1,253.51001,byplayer,0,2,20,1,1,29.409904,aO_Qv,account.f673d325b3ab4e64a570d6b8fa3389c5,2,0.0,0,0.0,0,1162,0,3546.2024,12,2
b4fd5bc2-a06d-4de3-ae10-9f6b291a9486,Savage_Main,squad,2026-01-27T05:30:22Z,0,0,0,0.0,byplayer,0,0,61,0,0,0.0,DDAngDDAngMon,account.a0ed851bf9b84095be2d219cc66b6b13,0,0.0,0,0.0,0,332,0,628.95874,6,15
b4fd5bc2-a06d-4de3-ae10-9f6b291a9486,Savage_Main,squad,2026-01-27T05:30:22Z,2,0,2,165.38905,byplayer,0,0,14,1,2,21.41093,01067443xx4,account.a1d25e18476a4704b1f47f2b7df2df6c,0,0.0,0,0.0,0,1001,0,2647.3586,19,4
b4fd5bc2-a06d-4de3-ae10-9f6b291a9486,Savage_Main,squad,2026-01-27T05:30:22Z,1,0,2,176.23848,byplayer,0,0,25,1,1,17.7321,For_taekwondo,account.df180b36a14248ef88c1f364bc4f0ca3,0,0.0,0,0.0,0,722,0,2040.8861,5,11
b4fd5bc2-a06d-4de3-ae10-9f6b291a9486,Savage_Main,squad,2026-01-27T05:30:22Z,0,0,1,0.0,byplayer,0,0,71,0,0,0.0,055_moon,account.9f6d11acb98345feae383ce4a1276a83,0,0.0,0,0.0,0,165,0,253.62025,4,18
b4fd5bc2-a06d-4de3-ae10-9f6b291a9486,Savage_Main,squad,2026-01-27T05:30:22Z,2,0,3,238.11092,byplayer,0,0,13,1,3,177.74188,Kong100ny,account.ab1f1acad1d9447791b78a99bab36fa4,0,0.0,0,0.0,0,954,0,2609.0771,13,6
b4fd5bc2-a06d-4de3-ae10-9f6b291a9486,Savage_Main,squad,2026-01-27T05:30:22Z,2,0,0,167.50795,byplayer,0,0,32,1,1,3.2631414,AJIA_Beer,account.7d66659217c543d69d238a74a0ba2879,0,0.0,0,0.0,0,171,0,258.79205,2,14
b4fd5bc2-a06d-4de3-ae10-9f6b291a9486,Savage_Main,squad,2026-01-27T05:30:22Z,0,0,0,0.0,byplayer,0,0,55,0,0,0.0,qw7361,account.855046d770a2431abf4152a68481738d,0,0.0,0,0.0,0,922,0,2443.1023,8,9
b4fd5bc2-a06d-4de3-ae10-9f6b291a9486,Savage_Main,squad,2026-01-27T05:30:22Z,0,1,1,22.515,byplayer,0,5,56,0,0,0.0,For_MaXx,account.f7c11b537fec46d6be56f1c2b39c2b3b,0,0.0,0,0.0,0,722,0,2048.3335,3,11
b4fd5bc2-a06d-4de3-ae10-9f6b291a9486,Savage_Main,squad,2026-01-27T05:30:22Z,2,1,0,292.172,byplayer,0,1,76,0,0,0.0,Ring-_-gu,account.a034783892d24515af0c917017a5b469,0,0.0,0,0.0,0,166,0,298.69144,2,20
b4fd5bc2-a06d-4de3-ae10-9f6b291a9486,Savage_Main,squad,2026-01-27T05:30:22Z,1,1,0,170.31592,byplayer,0,0,31,1,1,27.422947,AJIA_Soju,account.d4c57a0f4ddd4e28be93c1606489b729,0,0.0,0,0.0,0,376,0,785.49396,5,14
b4fd5bc2-a06d-4de3-ae10-9f6b291a9486,Savage_Main,squad,2026-01-27T05:30:22Z,0,0,0,0.0,byplayer,0,0,101,0,0,0.0,ares99_9,account.ec3c87871c3949dd961ada7bf488d133,0,0.0,0,0.0,0,79,0,31.155754,2,26
b4fd5bc2-a06d-4de3-ae10-9f6b291a9486,Savage_Main,squad,2026-01-27T05:30:22Z,1,0,0,250.10194,byplayer,0,0,66,0,0,0.0,jbe961234,account.2ff3664c77a6471eb34053153f248438,0,0.0,0,0.0,0,298,0,578.84467,5,17
b4fd5bc2-a06d-4de3-ae10-9f6b291a9486,Savage_Main,squad,2026-01-27T05:30:22Z,1,0,2,172.68546,byplayer,0,1,29,1,1,148.23239,soju_Chamisul,account.8bb943726a3048b789453d933e784044,0,0.0,0,0.0,0,568,0,2091.045,7,11
b4fd5bc2-a06d-4de3-ae10-9f6b291a9486,Savage_Main,squad,2026-01-27T05:30:22Z,0,0,0,24.0,byplayer,0,0,63,0,0,0.0,Menestys,account.bba83dd224b047a1ae685e989ba56987,0,0.0,0,0.0,0,133,0,115.21308,3,16
b4fd5bc2-a06d-4de3-ae10-9f6b291a9486,Savage_Main,squad,2026-01-27T05:30:22Z,1,0,0,100.0,byplayer,0,0,36,1,1,3.0449383,N4-N4,account.eb22e009a9de4c43a6f746ab5891014d,0,0.0,0,0.0,0,151,0,221.21835,4,22
b4fd5bc2-a06d-4de3-ae10-9f6b291a9486,Savage_Main,squad,2026-01-27T05:30:22Z,0,0,0,0.0,byplayer,0,0,99,0,0,0.0,Hwang-je-penguin,account.4e785d36810840eab07c595efaba2fce,0,0.0,0,0.0,0,85,0,46.104248,1,26
b4fd5bc2-a06d-4de3-ae10-9f6b291a9486,Savage_Main,squad,2026-01-27T05:30:22Z,0,0,0,0.0,byzone,0,0,59,0,0,0.0,oooopppp0,account.2a7dac7a931d4d998a03416e59803ba4,0,0.0,0,0.0,0,608,0,2.6197221,0,12
b4fd5bc2-a06d-4de3-ae10-9f6b291a9486,Savage_Main,squad,2026-01-27T05:30:22Z,0,0,0,36.863144,byplayer,0,1,68,0,0,0.0,gkwlak18,account.443f7c4d73f04e3086041e5d326d78c9,0,0.0,0,0.0,0,203,0,403.5687,2,18
b4fd5bc2-a06d-4de3-ae10-9f6b291a9486,Savage_Main,squad,2026-01-27T05:30:22Z,3,0,7,541.2492,alive,1,12,3,1,5,76.56485,00PREDATOR00,account.aea777a188e44b30888788d33c9bf325,3,1939.092,0,0.0,0,1370,0,3525.2434,14,1
b4fd5bc2-a06d-4de3-ae10-9f6b291a9486,Savage_Main,squad,2026-01-27T05:30:22Z,0,0,0,46.440002,byplayer,0,0,81,0,0,0.0,yoomingeun,account.3ed2dab3e2194595a8acbf4ea4d47446,0,0.0,0,0.0,0,161,0,291.3173,3,22
b4fd5bc2-a06d-4de3-ae10-9f6b291a9486,Savage_Main,squad,2026-01-27T05:30:22Z,1,0,4,164.34999,byplayer,1,1,26,1,1,5.7177186,B-M-A-66,account.802f6b0afec746f589542d75c87bff36,0,0.0,0,0.0,0,686,0,2188.8499,9,11
b4fd5bc2-a06d-4de3-ae10-9f6b291a9486,Savage_Main,squad,2026-01-27T05:30:22Z,2,0,0,175.0,byplayer,0,0,30,1,1,105.73834,Buss_an,account.a7c0775dd0da4d46b48710864cec7250,0,0.0,0,0.0,0,376,0,514.65027,7,14
b4fd5bc2-a06d-4de3-ae10-9f6b291a9486,Savage_Main,squad,2026-01-27T05:30:22Z,1,1,2,125.08,byplayer,0,0,34,1,1,31.62084,hee-v-,account.6e5090d8438a4662942ff275b5d9defa,0,0.0,0,0.0,0,340,0,437.1616,3,16
b4fd5bc2-a06d-4de3-ae10-9f6b291a9486,Savage_Main,squad,2026-01-27T05:30:22Z,0,0,0,0.0,byplayer,0,0,70,0,0,0.0,EXIT52,account.6187109dcce94e71be8509c29ee11d42,0,0.0,0,0.0,0,167,0,223.76894,5,18
b4fd5bc2-a06d-4de3-ae10-9f6b291a9486,Savage_Main,squad,2026-01-27T05:30:22Z,0,0,0,0.0,byplayer,0,0,82,0,0,0.0,BABY_A_S_URA,account.6ad0e97119994b679618858c7bb29b1d,0,0.0,0,0.0,0,161,0,207.64954,4,22
b4fd5bc2-a06d-4de3-ae10-9f6b291a9486,Savage_Main,squad,2026-01-27T05:30:22Z,1,0,4,158.9005,byplayer,0,1,21,1,1,18.732908,FDksw,account.201b2e55a214445196cf7a83f402325f,1,424.17392,0,0.0,0,1229,0,3566.197,15,4
b4fd5bc2-a06d-4de3-ae10-9f6b291a9486,Savage_Main,squad,2026-01-27T05:30:22Z,2,0,1,255.09999,byplayer,0,0,18,1,2,46.31893,rlawpgus97,account.b0189d8d15ef4de7989516bf471823fc,0,0.0,0,0.0,0,376,0,851.0059,5,14
b4fd5bc2-a06d-4de3-ae10-9f6b291a9486,Savage_Main,squad,2026-01-27T05:30:22Z,0,0,1,0.0,byplayer,0,0,69,0,0,0.0,BAD_SF_Desmond,account.a4b8282567054342ba087d7dc1dc7834,0,0.0,0,0.0,0,203,0,385.62033,5,18
b4fd5bc2-a06d-4de3-ae10-9f6b291a9486,Savage_Main,squad,2026-01-27T05:30:22Z,0,0,0,18.0,byplayer,0,0,89,0,0,0.0,sldoaltlvkffus,account.5f8979bdafcd4ebda9318ae7c0861e53,0,0.0,0,0.0,0,69,0,45.172802,0,23
b4fd5bc2-a06d-4de3-ae10-9f6b291a9486,Savage_Main,squad,2026-01-27T05:30:22Z,0,0,0,0.0,byzone,0,0,93,0,0,0.0,bozibuk,account.3634288a908b41adba34f784a271fe94,0,0.0,0,0.0,0,604,0,0.0,0,26
b4fd5bc2-a06d-4de3-ae10-9f6b291a9486,Savage_Main,squad,2026-01-27T05:30:22Z,1,0,0,166.5421,byplayer,1,1,33,1,1,53.39398,DDaraGaori,account.7ccba2c8889c4dcc9cca5782e5a93488,0,0.0,0,0.0,0,366,0,406.22028,3,15
b4fd5bc2-a06d-4de3-ae10-9f6b291a9486,Savage_Main,squad,2026-01-27T05:30:22Z,1,0,8,260.28564,byplayer,0,4,23,1,1,45.52213,ISFJ_2527,account.dfc2903b5235475b801c3f99ebd9e6ff,0,0.0,0,0.0,0,1183,0,4606.767,10,5
b4fd5bc2-a06d-4de3-ae10-9f6b291a9486,Savage_Main,squad,2026-01-27T05:30:22Z,2,0,4,312.2904,byplayer,2,2,4,1,5,71.581215,1st_SYC,account.36bfd7b700bd4ee68304e1799274e505,0,0.0,0,0.0,0,1083,0,3557.4087,15,2
b4fd5bc2-a06d-4de3-ae10-9f6b291a9486,Savage_Main,squad,2026-01-27T05:30:22Z,0,1,4,312.7315,byplayer,0,3,22,1,1,47.59331,3_chon_2_da,account.6bf4acbe20e4496d9f193a4f74e31637,1,71.10047,0,0.0,0,1051,0,2172.0972,17,4
b4fd5bc2-a06d-4de3-ae10-9f6b291a9486,Savage_Main,squad,2026-01-27T05:30:22Z,0,0,0,37.107,byplayer,0,0,92,0,0,0.0,NNNNNN_WWWWW,account.1378a35f7fa34ba4a3f4846e08ebf009,0,0.0,0,0.0,0,97,0,79.28615,2,25
b4fd5bc2-a06d-4de3-ae10-9f6b291a9486,Savage_Main,squad,2026-01-27T05:30:22Z,0,0,0,0.0,byplayer,0,0,60,0,0,0.0,Jan_ne,account.d5dd291755744702a29b3bf5f1cfb521,0,0.0,0,0.0,0,343,0,495.77548,4,15
b4fd5bc2-a06d-4de3-ae10-9f6b291a9486,Savage_Main,squad,2026-01-27T05:30:22Z,0,0,0,0.0,byplayer,0,0,67,0,0,0.0,1Day10Joral-_-v,account.ca47819a74d64db8af9dbbcc7ff58272,0,0.0,0,0.0,0,262,0,747.86835,8,17
b4fd5bc2-a06d-4de3-ae10-9f6b291a9486,Savage_Main,squad,2026-01-27T05:30:22Z,0,0,0,0.0,byplayer,0,0,75,0,0,0.0,gamja1210,account.84f7b22fc381449b9ea16c5c951ec8ac,0,0.0,0,0.0,0,176,0,151.62175,2,20
b4fd5bc2-a06d-4de3-ae10-9f6b291a9486,Savage_Main,squad,2026-01-27T05:30:22Z,0,0,0,0.0,byplayer,0,0,94,0,0,0.0,potato-0907,account.6753756a0d31436687e2b10397ebe2e7,0,0.0,0,0.0,0,194,0,76.60025,1,26
b4fd5bc2-a06d-4de3-ae10-9f6b291a9486,Savage_Main,squad,2026-01-27T05:30:22Z,3,0,4,560.8232,byplayer,2,1,9,3,4,15.968668,RAZER_VULTURE,account.bf42bf96e27d43e3aff83a2a22c9c82d,0,0.0,0,0.0,0,756,0,2357.4175,12,10
b4fd5bc2-a06d-4de3-ae10-9f6b291a9486,Savage_Main,squad,2026-01-27T05:30:22Z,0,0,0,0.0,byplayer,0,0,74,0,0,0.0,RARAKIM,account.f91651f9297842d985b8b73983fa07ae,0,0.0,0,0.0,0,176,0,135.33977,1,20
b4fd5bc2-a06d-4de3-ae10-9f6b291a9486,Savage_Main,squad,2026-01-27T05:30:22Z,0,0,0,0.0,byplayer,0,0,90,0,0,0.0,kkkkko_okkkkk,account.c4eabcc51408400bbd34c9df385db97e,0,0.0,0,0.0,0,123,0,193.53235,0,24
b4fd5bc2-a06d-4de3-ae10-9f6b291a9486,Savage_Main,squad,2026-01-27T05:30:22Z,6,1,4,995.0762,byplayer,1,5,1,2,10,42.816635,RX4M_,account.de8f14b8af384e42b74a9b3bfe6fe9cf,0,618.68677,0,0.0,0,1367,0,4269.6733,10,2
b4fd5bc2-a06d-4de3-ae10-9f6b291a9486,Savage_Main,squad,2026-01-27T05:30:22Z,1,0,10,307.78256,byplayer,2,5,11,2,3,45.233227,or_183___,account.c881fbb9a20e43e28c87ee2e728a4233,0,0.0,0,0.0,0,1361,0,4960.2417,13,3
b4fd5bc2-a06d-4de3-ae10-9f6b291a9486,Savage_Main,squad,2026-01-27T05:30:22Z,1,2,7,142.16139,byplayer,0,1,50,0,0,0.0,anjsirh,account.e05e64ec8d8f48e5a976b984db1a10cd,0,0.0,0,0.0,0,1173,0,3442.9866,17,6
b4fd5bc2-a06d-4de3-ae10-9f6b291a9486,Savage_Main,squad,2026-01-27T05:30:22Z,2,1,4,182.96606,byzone,1,1,24,1,1,21.4042,jubros,account.624d409ef7fb4cc090f1efd2f5fb3f13,1,0.0,0,33.87617,0,1029,0,3166.369,12,9
b4fd5bc2-a06d-4de3-ae10-9f6b291a9486,Savage_Main,squad,2026-01-27T05:30:22Z,4,1,9,406.17386,byplayer,0,2,12,1,3,57.840836,Ss_Roja,account.a48bc4dedc3b46d5b7bf3f0fe089794b,0,637.5936,0,0.0,0,1173,0,3740.1555,11,6
b4fd5bc2-a06d-4de3-ae10-9f6b291a9486,Savage_Main,squad,2026-01-27T05:30:22Z,3,0,0,357.52945,byplayer,1,0,10,2,4,69.236565,OrOFApaYo,account.66854a45da2645249fa5efceda6a499c,1,0.0,0,0.0,0,340,0,1056.159,5,16
b4fd5bc2-a06d-4de3-ae10-9f6b291a9486,Savage_Main,squad,2026-01-27T05:30:22Z,0,0,0,0.0,byplayer,0,0,83,0,0,0.0,Soo__ang__,account.570aff039aca47e8ae5858e80ebb2439,0,0.0,0,0.0,0,149,0,296.53442,3,22
b4fd5bc2-a06d-4de3-ae10-9f6b291a9486,Savage_Main,squad,2026-01-27T05:30:22Z,0,0,0,23.220001,byplayer,0,0,78,0,0,0.0,MacArthurJangGun,account.de31dc0a5ed9482ca7c494507e8f2e95,0,0.0,0,0.0,0,153,0,108.696526,2,21
6721fc5a-b3c8-4b94-9c4e-be35ad3ba8a0,Tutorial_Main,solo,2026-01-27T05:51:37Z,0,0,2,0.0,alive,0,1,1,0,0,0.0,jxjyng06,account.5a714da0f9594cbd922cf33e3ef08019,1,0.0,0,0.0,0,131,0,195.68446,3,1
73094b0d-edde-4f1c-886a-4317785cacb3,Chimera_Main,solo,2026-01-27T05:32:09Z,0,0,7,489.31372,byplayer,1,1,5,2,5,67.302605,seolkyungdaddy,account.cbd37ced40c14c5a83c5148951530ae2,0,0.0,0,0.0,0,966,0,3056.5625,9,8
73094b0d-edde-4f1c-886a-4317785cacb3,Chimera_Main,solo,2026-01-27T05:32:09Z,0,0,8,725.0637,alive,2,1,2,1,7,235.24274,dydwns3511,account.2947b1718e124d34baf09f38692d70fc,0,0.0,0,0.0,0,1336,0,2287.665,8,1
73094b0d-edde-4f1c-886a-4317785cacb3,Chimera_Main,solo,2026-01-27T05:32:09Z,0,0,0,168.37,byplayer,1,0,29,1,1,7.749618,chow1004,account.3331c073746b48f095d240317ee785f0,0,0.0,0,0.0,0,132,0,137.1386,2,58
73094b0d-edde-4f1c-886a-4317785cacb3,Chimera_Main,solo,2026-01-27T05:32:09Z,0,0,2,145.47406,byplayer,0,0,14,1,1,12.090588,leeal5,account.cddc941bc6e9440787c9a09ea92c8b74,0,0.0,0,0.0,0,860,0,2238.8433,2,15
73094b0d-edde-4f1c-886a-4317785cacb3,Chimera_Main,solo,2026-01-27T05:32:09Z,0,0,5,569.1639,byplayer,0,2,3,2,7,121.74616,GUUIWANG,account.39c6be58d76f41a5bbb57e975c648c7a,0,0.0,0,0.0,0,1021,0,2926.978,11,6
73094b0d-edde-4f1c-886a-4317785cacb3,Chimera_Main,solo,2026-01-27T05:32:09Z,0,0,4,479.0,byplayer,1,0,4,1,5,118.50855,rainbow-unicom,account.e3c0158d1f46444da61ef4ae06891bba,0,0.0,0,0.0,0,1108,0,2647.9683,12,3
73094b0d-edde-4f1c-886a-4317785cacb3,Chimera_Main,solo,2026-01-27T05:32:09Z,0,0,5,316.65,byplayer,0,0,6,1,3,185.01634,spring_cns,account.77870d59d8e549eb80a4f7dc4e17c0a7,0,0.0,0,0.0,0,1059,0,2516.4802,7,5
73094b0d-edde-4f1c-886a-4317785cacb3,Chimera_Main,solo,2026-01-27T05:32:09Z,0,0,9,922.6797,byplayer,1,2,1,1,8,292.2683,BARgi_,account.b602d94a39724f89817539dd2581dec7,0,0.0,0,0.0,0,1333,0,3574.6792,11,2
02458442-fc01-4946-8e01-5f8b082a1c04,Tiger_Main,duo,2026-01-27T05:39:03Z,0,0,4,0.0,byplayer,0,0,65,0,0,0.0,GOGUMA_AY,account.7c6ad1aa9bdd4be1bb7f6ea58708eaf3,0,635.58344,0,0.0,0,633,0,2034.2651,13,28
02458442-fc01-4946-8e01-5f8b082a1c04,Tiger_Main,duo,2026-01-27T05:39:03Z,5,2,8,1235.1913,byplayer,1,1,1,3,11,110.933304,RUNAP___,account.ebc8dd397c8f4c25b45475100c1c9213,0,4685.123,0,0.0,0,1274,0,2181.9639,20,2
02458442-fc01-4946-8e01-5f8b082a1c04,Tiger_Main,duo,2026-01-27T05:39:03Z,0,0,0,87.71999,byplayer,0,0,75,0,0,0.0,guzimin,account.474b78a892024d28a9bd1192f6a1b714,0,0.0,0,0.0,0,462,0,693.64777,5,37
02458442-fc01-4946-8e01-5f8b082a1c04,Tiger_Main,duo,2026-01-27T05:39:03Z,1,0,5,280.1233,byplayer,1,1,5,2,4,123.365974,MEGAAIRPAS,account.44ec60ad3b97448d8789ee78bfbb32e4,0,5665.0166,0,0.0,0,1186,0,2963.4514,4,8
02458442-fc01-4946-8e01-5f8b082a1c04,Tiger_Main,duo,2026-01-27T05:39:03Z,0,0,0,0.0,byplayer,0,0,97,0,0,0.0,skt1554,account.ccb825a8bc7e4a5f86303ed56a4ceb79,0,0.0,0,0.0,0,206,0,363.81525,2,48
02458442-fc01-4946-8e01-5f8b082a1c04,Tiger_Main,duo,2026-01-27T05:39:03Z,0,0,0,39.099792,byplayer,0,1,96,0,0,0.0,yo-ro-rong,account.9623b75a4a7c4137a8f5393ce6e5bcb3,0,0.0,0,0.0,0,206,0,432.18842,5,48
02458442-fc01-4946-8e01-5f8b082a1c04,Tiger_Main,duo,2026-01-27T05:39:03Z,2,1,4,430.00385,byplayer,0,1,8,1,2,20.346561,coex_PFCHANG,account.e3983b56ed584097998cb561be393866,0,2402.1025,0,0.0,0,1450,0,3571.855,11,3
02458442-fc01-4946-8e01-5f8b082a1c04,Tiger_Main,duo,2026-01-27T05:39:03Z,3,0,11,270.90018,byplayer,2,2,4,1,4,79.28047,dongdong487,account.e4bcb2f1d80943b6bc357ed263f34683,0,4913.9805,0,0.0,0,1476,0,2459.6602,13,2
02458442-fc01-4946-8e01-5f8b082a1c04,Tiger_Main,duo,2026-01-27T05:39:03Z,0,0,0,0.0,byplayer,0,0,70,0,0,0.0,dayis_xl,account.6fe2461ff4da475085c8cf0123894acb,0,1177.8553,0,0.0,0,590,0,1374.0486,3,32
02458442-fc01-4946-8e01-5f8b082a1c04,Tiger_Main,duo,2026-01-27T05:39:03Z,0,0,0,66.6,byplayer,0,0,46,0,0,0.0,Bumsu20320,account.69a89b276dcf400aa53f875b26199a87,0,4819.0073,0,0.0,0,551,0,644.9309,7,8
02458442-fc01-4946-8e01-5f8b082a1c04,Tiger_Main,duo,2026-01-27T05:39:03Z,2,2,6,680.09204,alive,0,2,2,1,7,485.59137,CHEONGJU_NAMJA,account.e2552fdb479d4808a9f8569f60c988f6,0,6817.274,0,0.0,1,1479,0,2224.1533,13,1
02458442-fc01-4946-8e01-5f8b082a1c04,Tiger_Main,duo,2026-01-27T05:39:03Z,2,1,9,529.3219,byplayer,2,1,3,2,6,181.41359,MC__HOONI,account.be17eb6a220f4c7aab600b334f4f2580,0,5686.0,0,0.0,0,1362,0,2328.8174,14,1
02458442-fc01-4946-8e01-5f8b082a1c04,Tiger_Main,duo,2026-01-27T05:39:03Z,0,0,0,0.0,byplayer,0,0,76,0,0,0.0,grapesummer,account.d94cdaf072214bb3853ea4a6c915a493,0,0.0,0,0.0,0,457,0,547.1359,4,37
02458442-fc01-4946-8e01-5f8b082a1c04,Tiger_Main,duo,2026-01-27T05:39:03Z,1,0,4,217.87701,byplayer,1,0,17,2,2,50.41182,illlilllillillil,account.f8e75f7bcd3b45cd9c42dca0a2155d8d,0,5887.082,0,0.0,0,839,0,1222.1906,6,23
02458442-fc01-4946-8e01-5f8b082a1c04,Tiger_Main,duo,2026-01-27T05:39:03Z,2,1,4,321.47766,byplayer,0,1,6,1,3,66.150505,ba_boo124,account.ea3b05dfb8cf460e96c51822508357aa,0,3539.7783,0,0.0,0,1278,0,3164.6409,9,3
02458442-fc01-4946-8e01-5f8b082a1c04,Tiger_Main,duo,2026-01-27T05:39:03Z,1,0,4,99.99999,byplayer,0,1,20,1,2,35.261024,badedmonster,account.827af9576528466992f2b3d829d008ce,0,1009.98364,1,0.0,0,576,0,916.4822,8,33
02458442-fc01-4946-8e01-5f8b082a1c04,Tiger_Main,duo,2026-01-27T05:39:03Z,0,1,0,200.0,byplayer,2,0,19,1,2,15.3597975,erert45,account.9c7912296e43444b98d032d40dd87971,0,1010.06,0,0.0,0,576,0,890.72754,4,33
02458442-fc01-4946-8e01-5f8b082a1c04,Tiger_Main,duo,2026-01-27T05:39:03Z,2,2,3,392.41132,byplayer,0,1,7,1,3,59.225487,DalliGoDalliGo,account.a9536d870d754269ad6b5a556b1171b1,0,3629.0906,0,0.0,0,882,1,1731.6614,5,18
02458442-fc01-4946-8e01-5f8b082a1c04,Tiger_Main,duo,2026-01-27T05:39:03Z,0,0,0,0.0,byplayer,0,0,69,0,0,0.0,m1n20o_,account.1d080d27091642f3a3950dfde62571de,0,1177.7545,0,0.0,0,590,0,1168.4797,5,32
02458442-fc01-4946-8e01-5f8b082a1c04,Tiger_Main,duo,2026-01-27T05:39:03Z,1,0,6,137.59375,byplayer,0,3,31,1,1,5.166209,DIC_BlackBox,account.f77785e6c3de42ecb83b652dc4e8160c,0,372.6757,1,0.0,0,661,0,1293.9125,11,26
02458442-fc01-4946-8e01-5f8b082a1c04,Tiger_Main,duo,2026-01-27T05:39:03Z,0,0,2,0.0,byplayer,0,0,66,0,0,0.0,GAMJA_SJ,account.74b12f6042464137ad726f007c08e9d6,0,1278.0219,0,0.0,0,633,0,1322.6725,6,28
02458442-fc01-4946-8e01-5f8b082a1c04,Tiger_Main,duo,2026-01-27T05:39:03Z,1,0,3,82.12298,byplayer,0,0,28,1,1,6.9794397,RonaldoJigi,account.49f984472aa3453fa68006fa8fe3893e,0,6124.0713,0,0.0,0,839,0,1295.9124,9,23
02458442-fc01-4946-8e01-5f8b082a1c04,Tiger_Main,duo,2026-01-27T05:39:03Z,1,2,5,197.68692,byplayer,1,0,13,1,2,21.275602,DolliGoDolliGo,account.422713d74c88406e908c36e759d9596e,0,3708.595,0,0.0,0,882,1,1406.4792,7,18
0143792c-ea7e-409f-a756-51e0dfa3e3b4,Baltic_Main,squad,2026-01-27T05:42:02Z,0,0,2,36.848106,byplayer,0,0,40,0,0,0.0,GUN_KAII,account.87a623b398f1473894d0f34c35996061,0,1302.1088,0,0.0,0,697,0,1213.0026,14,9
0143792c-ea7e-409f-a756-51e0dfa3e3b4,Baltic_Main,squad,2026-01-27T05:42:02Z,0,0,0,0.0,byplayer,0,0,54,0,0,0.0,injk2088,account.711eedbaa32a41f6ac72d28431181f23,0,0.0,0,0.0,0,126,0,51.71686,1,22
0143792c-ea7e-409f-a756-51e0dfa3e3b4,Baltic_Main,squad,2026-01-27T05:42:02Z,1,0,0,183.42001,byplayer,0,0,58,0,0,0.0,GRP_GOM,account.7b09a48fa4a74a5a82943a4b22da5ed4,0,0.0,0,0.0,0,101,0,103.81646,1,23
0143792c-ea7e-409f-a756-51e0dfa3e3b4,Baltic_Main,squad,2026-01-27T05:42:02Z,1,0,2,153.04202,byplayer,0,5,36,0,0,0.0,ko6105,account.f86880609b40420d9293d5cd09ff6e9c,0,9491.9,0,0.0,0,1249,0,2346.6138,8,8
0143792c-ea7e-409f-a756-51e0dfa3e3b4,Baltic_Main,squad,2026-01-27T05:42:02Z,0,0,0,39.274956,suicide,0,0,51,0,0,0.0,AllDieOnce,account.0774fe6dcd1c4dbe90a50d83a89b0fe9,0,0.0,0,0.0,0,187,0,307.7802,6,19
0143792c-ea7e-409f-a756-51e0dfa3e3b4,Baltic_Main,squad,2026-01-27T05:42:02Z,0,0,0,0.0,byplayer,0,0,57,0,0,0.0,Maganda_AE,account.d5e0a3f62a9345a3bafeb2c6818fd8b4,0,0.0,0,0.0,0,126,0,46.276188,1,22
0143792c-ea7e-409f-a756-51e0dfa3e3b4,Baltic_Main,squad,2026-01-27T05:42:02Z,0,0,0,68.369995,byplayer,0,0,56,0,0,0.0,Maganda_ZW,account.031cdac35c104cff9d5ed5e80ebbb386,0,0.0,0,0.0,0,126,0,194.73477,2,22
0143792c-ea7e-409f-a756-51e0dfa3e3b4,Baltic_Main,squad,2026-01-27T05:42:02Z,0,0,2,41.4,byplayer,0,1,43,0,0,0.0,jongpilsbitch,account.4f812ae512764bd1a8250c1a19a11935,0,937.2139,0,0.0,0,542,0,1761.6572,3,10
0143792c-ea7e-409f-a756-51e0dfa3e3b4,Baltic_Main,squad,2026-01-27T05:42:02Z,0,0,6,139.09096,byplayer,0,4,19,1,1,8.746057,happyhappyboy_1,account.1f710ba0de484e308d238f020fec89f1,1,5772.578,0,0.0,0,1440,0,2988.0854,10,6
0143792c-ea7e-409f-a756-51e0dfa3e3b4,Baltic_Main,squad,2026-01-27T05:42:02Z,2,1,11,354.51688,byplayer,0,4,9,2,2,22.15312,Min_ww,account.8596a3f61dde4ae5a9d0d9515a77ef71,0,4014.6345,0,0.0,0,1366,0,2643.5876,15,6
0143792c-ea7e-409f-a756-51e0dfa3e3b4,Baltic_Main,squad,2026-01-27T05:42:02Z,1,0,4,100.0,byplayer,1,0,22,1,1,88.317726,LV_HanNya,account.98272ecfc6bb4e2f9c36f119dc7d2ad1,1,5836.171,0,0.0,0,1158,0,2508.7178,7,8
0143792c-ea7e-409f-a756-51e0dfa3e3b4,Baltic_Main,squad,2026-01-27T05:42:02Z,0,0,0,0.0,byplayer,0,0,48,0,0,0.0,helper8760,account.182d47bc592440aba15522644bb57ed7,0,0.0,0,0.0,0,162,0,393.99753,2,17
0143792c-ea7e-409f-a756-51e0dfa3e3b4,Baltic_Main,squad,2026-01-27T05:42:02Z,1,1,8,222.42278,alive,1,4,15,1,1,35.29489,goodsoldier100,account.45d9e11f8a454b78aa99edf376322534,1,6195.502,0,0.0,0,1632,0,3890.7607,7,1
0143792c-ea7e-409f-a756-51e0dfa3e3b4,Baltic_Main,squad,2026-01-27T05:42:02Z,0,0,6,129.46829,byplayer,0,4,18,1,1,21.349981,star_lucky2021,account.9207b24356774691b760d203fa3bbd33,0,2647.6848,0,0.0,0,1139,0,2365.6895,7,5
0143792c-ea7e-409f-a756-51e0dfa3e3b4,Baltic_Main,squad,2026-01-27T05:42:02Z,0,0,0,38.0,byplayer,0,0,59,0,0,0.0,tactical_won,account.10cce8cb698345e19eb5b018d4b658af,0,0.0,0,0.0,0,93,0,130.71036,2,23
0143792c-ea7e-409f-a756-51e0dfa3e3b4,Baltic_Main,squad,2026-01-27T05:42:02Z,1,0,4,51.225082,byplayer,0,0,21,1,1,48.123016,NSilkRoad,account.c89695ced1664dfb94af5660b1475991,1,7821.1753,0,0.0,0,1245,0,3185.805,5,8
0143792c-ea7e-409f-a756-51e0dfa3e3b4,Baltic_Main,squad,2026-01-27T05:42:02Z,0,0,4,58.153885,byplayer,0,3,31,0,0,0.0,LegendaryTak,account.b4731f002f3f479ea0242c3d916feae7,0,5045.9697,0,0.0,0,1526,0,3695.014,4,4
0143792c-ea7e-409f-a756-51e0dfa3e3b4,Baltic_Main,squad,2026-01-27T05:42:02Z,0,0,0,0.0,byplayer,0,0,29,0,0,0.0,A_SAP,account.09ab648e43c84a38a694bf5cc4fcbc40,0,0.0,0,0.0,0,151,0,83.77078,1,2
0143792c-ea7e-409f-a756-51e0dfa3e3b4,Baltic_Main,squad,2026-01-27T05:42:02Z,0,0,2,199.24911,byplayer,1,1,12,1,2,15.778897,No241_Miltank,account.ed2d35c52ce74a5a9544e94b60d31e9f,0,0.0,0,0.0,0,251,0,469.94635,9,17
0143792c-ea7e-409f-a756-51e0dfa3e3b4,Baltic_Main,squad,2026-01-27T05:42:02Z,4,0,10,489.33823,alive,0,6,1,2,7,84.20337,FOFOGU,account.96621789abd94351b98514ea8fbda95a,0,5206.347,0,0.0,0,1632,0,3450.299,12,1
0143792c-ea7e-409f-a756-51e0dfa3e3b4,Baltic_Main,squad,2026-01-27T05:42:02Z,0,0,0,0.0,byplayer,0,0,60,0,0,0.0,NiceGuy_Ace,account.6608e585a58c44119e9cbfa5aef6de59,0,0.0,0,0.0,0,76,0,52.88618,0,23
0143792c-ea7e-409f-a756-51e0dfa3e3b4,Baltic_Main,squad,2026-01-27T05:42:02Z,0,0,0,0.0,byplayer,0,0,42,0,0,0.0,Asindara,account.d438ced115e943e284f63f2b757c8433,0,1272.3163,0,0.0,0,582,0,1537.0132,6,10
0143792c-ea7e-409f-a756-51e0dfa3e3b4,Baltic_Main,squad,2026-01-27T05:42:02Z,1,0,1,100.0,byplayer,0,0,25,1,1,2.9580157,MB_Baxter,account.79cd71b3b5d44ce789d7f574a60f3018,0,0.0,0,0.0,0,161,0,161.42883,4,17
0143792c-ea7e-409f-a756-51e0dfa3e3b4,Baltic_Main,squad,2026-01-27T05:42:02Z,0,0,5,92.778,byplayer,0,0,30,0,0,0.0,mellow_mm_,account.9aae8954661746f3963721b27b0c90cb,0,7067.703,0,0.0,0,1526,0,2545.3333,7,4
0143792c-ea7e-409f-a756-51e0dfa3e3b4,Baltic_Main,squad,2026-01-27T05:42:02Z,2,0,1,200.0,byplayer,0,1,24,1,1,8.801371,ToT-_BYE,account.91b58db269ef4e4784b076bd3d5869d9,0,0.0,0,0.0,0,278,0,591.2652,6,16
0143792c-ea7e-409f-a756-51e0dfa3e3b4,Baltic_Main,squad,2026-01-27T05:42:02Z,1,0,0,248.0,byplayer,1,5,14,1,2,57.072556,RDDo3o,account.be5f6d427c8941909aeb1f95890cefbe,0,0.0,0,0.0,0,178,0,366.3022,8,20
0143792c-ea7e-409f-a756-51e0dfa3e3b4,Baltic_Main,squad,2026-01-27T05:42:02Z,0,0,0,0.0,byplayer,0,0,52,0,0,0.0,K_hyunsang,account.5c32be807d9a4e4f8b0d6726c81b9de7,1,0.0,0,0.0,0,187,0,193.80673,3,19
0143792c-ea7e-409f-a756-51e0dfa3e3b4,Baltic_Main,squad,2026-01-27T05:42:02Z,1,0,2,182.516,byplayer,0,0,39,0,0,0.0,GUN_MAMMA83,account.8b4cf9db768e4063bacaa74f3da6f3d4,0,2093.0593,0,0.0,0,996,0,2614.5112,6,9
0143792c-ea7e-409f-a756-51e0dfa3e3b4,Baltic_Main,squad,2026-01-27T05:42:02Z,1,0,2,262.8217,byplayer,0,0,7,2,3,25.861086,ARSGKING,account.e8fc7a42eb0e4001ae90fb6903d4a119,0,0.0,0,0.0,0,172,0,327.11456,7,21
0143792c-ea7e-409f-a756-51e0dfa3e3b4,Baltic_Main,squad,2026-01-27T05:42:02Z,0,0,2,0.0,byplayer,0,0,45,0,0,0.0,anystar7793,account.5f6fece13a72462f958543fe7e8a71ed,0,0.0,0,0.0,0,446,0,1027.324,9,12
0143792c-ea7e-409f-a756-51e0dfa3e3b4,Baltic_Main,squad,2026-01-27T05:42:02Z,0,0,0,0.0,byplayer,0,0,55,0,0,0.0,youngsssg,account.62af0e250ccf4b79bb973be9cd9b1de9,0,0.0,0,0.0,0,126,0,203.4238,1,22
0143792c-ea7e-409f-a756-51e0dfa3e3b4,Baltic_Main,squad,2026-01-27T05:42:02Z,0,0,0,0.0,byplayer,0,0,49,0,0,0.0,MB_1130,account.6886c87a8cd44461843c4eb468870062,0,0.0,0,0.0,0,144,0,261.53458,2,17
0143792c-ea7e-409f-a756-51e0dfa3e3b4,Baltic_Main,squad,2026-01-27T05:42:02Z,0,0,7,99.61557,byplayer,0,3,37,0,0,0.0,GT_GAIACTICO,account.c468f59d6eec478f8d745ee6a15f952e,0,8976.402,0,0.0,0,1099,0,1808.0184,8,8
0143792c-ea7e-409f-a756-51e0dfa3e3b4,Baltic_Main,squad,2026-01-27T05:42:02Z,0,0,7,0.0,byplayer,0,6,41,0,0,0.0,KillerJohyeonki,account.d5d1e3cf907246abb592d4ad14f099c9,0,7025.1855,0,0.0,0,959,0,2216.9111,7,10
0143792c-ea7e-409f-a756-51e0dfa3e3b4,Baltic_Main,squad,2026-01-27T05:42:02Z,2,0,1,222.56412,byplayer,1,0,13,1,2,31.173582,bbebbebboo4U,account.ab613facae8646309ef3822fd87c366a,0,0.0,0,0.0,0,240,0,508.50345,5,18
0143792c-ea7e-409f-a756-51e0dfa3e3b4,Baltic_Main,squad,2026-01-27T05:42:02Z,0,0,0,0.0,byplayer,0,0,44,0,0,0.0,jesyim,account.361961aa36734af48dbaab4126c33953,0,0.0,0,0.0,0,446,0,840.1744,5,12
0143792c-ea7e-409f-a756-51e0dfa3e3b4,Baltic_Main,squad,2026-01-27T05:42:02Z,0,0,0,0.0,byplayer,0,0,53,0,0,0.0,Themanjock,account.d419ba40ab7745508dca21d33c192b0d,0,0.0,0,0.0,0,179,0,361.1719,2,19
0143792c-ea7e-409f-a756-51e0dfa3e3b4,Baltic_Main,squad,2026-01-27T05:42:02Z,0,0,0,54.72,byplayer,0,2,50,0,0,0.0,C_Wonwo,account.e43859ebae334a56aa59554ae247dace,0,0.0,0,0.0,0,187,0,288.44806,1,19
0143792c-ea7e-409f-a756-51e0dfa3e3b4,Baltic_Main,squad,2026-01-27T05:42:02Z,1,1,8,150.03378,byplayer,0,1,34,0,0,0.0,h_kj-tow,account.4ab271877cd045e686e9ccfa351abc5f,2,5530.8306,0,0.0,0,1387,0,2430.4705,6,6
0143792c-ea7e-409f-a756-51e0dfa3e3b4,Baltic_Main,squad,2026-01-27T05:42:02Z,3,0,9,770.0817,byplayer,3,2,2,1,5,77.31024,AKmuhyeon_,account.8c705cce295d4dc3bdd2661d893792fd,1,4379.3643,0,0.0,0,1602,0,4254.354,12,3
0143792c-ea7e-409f-a756-51e0dfa3e3b4,Baltic_Main,squad,2026-01-27T05:42:02Z,0,0,2,98.82032,suicide,0,1,11,1,2,8.72281,medalofhoner__,account.c964cee4f0dc4d7f912e85e05c04fb96,0,0.0,0,0.0,0,355,0,744.8056,14,14
0143792c-ea7e-409f-a756-51e0dfa3e3b4,Baltic_Main,squad,2026-01-27T05:42:02Z,0,0,0,31.02183,byplayer,0,1,32,0,0,0.0,VPoPs,account.842888275a3e4b37990f92d5be8351cf,0,5224.979,0,0.0,0,1003,0,1350.8173,9,4
0143792c-ea7e-409f-a756-51e0dfa3e3b4,Baltic_Main,squad,2026-01-27T05:42:02Z,1,1,0,132.75089,byplayer,0,0,62,0,0,0.0,original9999,account.33ccaf333e9e439ebf7fde0f8b020fdc,0,0.0,0,0.0,0,63,0,43.87431,1,25
0143792c-ea7e-409f-a756-51e0dfa3e3b4,Baltic_Main,squad,2026-01-27T05:42:02Z,1,1,9,69.480995,alive,0,3,16,1,1,137.88109,KKONSIGI,account.f84592ca86a843539613a3e121e395e0,2,5117.7666,0,0.0,0,1632,0,3643.7646,10,1
0143792c-ea7e-409f-a756-51e0dfa3e3b4,Baltic_Main,squad,2026-01-27T05:42:02Z,2,0,6,290.18448,byplayer,1,2,5,2,3,26.024775,p-cheolyeong,account.c27c5fb16e9f4337b0882bc776cfbe30,2,4298.6763,0,0.0,0,1481,0,4005.3528,11,5
0143792c-ea7e-409f-a756-51e0dfa3e3b4,Baltic_Main,squad,2026-01-27T05:42:02Z,1,0,4,225.51389,byplayer,1,1,8,1,2,170.36554,Andy-3-,account.5ef74be0a66b4072a00b27f984f93f1a,0,7622.686,0,0.0,0,1501,0,2368.2905,6,4
0143792c-ea7e-409f-a756-51e0dfa3e3b4,Baltic_Main,squad,2026-01-27T05:42:02Z,0,0,3,121.87739,byplayer,0,0,38,0,0,0.0,GUN_JAEHUN,account.643c59a8cc8c4dc9829d3e3c82476cab,0,1886.1508,0,0.0,0,1017,0,3342.0212,9,9
0143792c-ea7e-409f-a756-51e0dfa3e3b4,Baltic_Main,squad,2026-01-27T05:42:02Z,5,0,4,620.61224,byplayer,0,2,3,4,5,21.190393,ahkoes,account.23872f6794914589980159bc60571ed8,0,1317.7986,0,0.0,0,543,0,1609.8011,13,11
0143792c-ea7e-409f-a756-51e0dfa3e3b4,Baltic_Main,squad,2026-01-27T05:42:02Z,1,0,1,106.427444,byplayer,0,0,46,0,0,0.0,SL_HJY,account.020004a5063f47dd9aeafe6cf8049a69,0,0.0,0,0.0,0,446,0,1219.321,9,12
0143792c-ea7e-409f-a756-51e0dfa3e3b4,Baltic_Main,squad,2026-01-27T05:42:02Z,2,1,9,255.35,byplayer,0,4,10,1,2,158.84691,BOGI_69,account.d99d084923d343a4bfd1689ebc23490d,0,3631.6536,0,0.0,1,1236,1,3117.778,11,8
0143792c-ea7e-409f-a756-51e0dfa3e3b4,Baltic_Main,squad,2026-01-27T05:42:02Z,0,0,0,0.0,byplayer,0,3,33,0,0,0.0,WoSu_Hyun,account.7a7a3b5d04c245fbad96a23430a2bb4a,0,3174.3909,0,0.0,0,1165,0,3174.3745,4,5
0143792c-ea7e-409f-a756-51e0dfa3e3b4,Baltic_Main,squad,2026-01-27T05:42:02Z,3,0,3,303.51385,suicide,1,1,6,3,3,15.013297,moogiwara,account.5e843ec58c7840ef9c8e0da52233e152,0,0.0,0,0.0,0,404,0,963.2433,8,13
0143792c-ea7e-409f-a756-51e0dfa3e3b4,Baltic_Main,squad,2026-01-27T05:42:02Z,3,4,4,910.3345,alive,2,3,4,1,4,134.53859,MNN_ttaV,account.c23c758a06074c669de1ecdb8f35abbf,0,5974.6704,0,0.0,0,1632,1,3770.8367,13,1
0143792c-ea7e-409f-a756-51e0dfa3e3b4,Baltic_Main,squad,2026-01-27T05:42:02Z,0,0,0,0.0,byplayer,0,0,61,0,0,0.0,hyeoksri_,account.75df96e896184ba1b682faf6db9e253c,0,0.0,0,0.0,0,67,0,86.89863,0,24
0143792c-ea7e-409f-a756-51e0dfa3e3b4,Baltic_Main,squad,2026-01-27T05:42:02Z,0,0,1,88.326,byplayer,0,0,47,0,0,0.0,sexyking1215,account.0b8c1a1ecb514cbfb67fbd5a2bf2731b,0,0.0,0,0.0,0,418,0,796.21936,7,12
0143792c-ea7e-409f-a756-51e0dfa3e3b4,Baltic_Main,squad,2026-01-27T05:42:02Z,0,1,5,257.9661,byplayer,0,8,17,1,1,11.5322485,harry_doo,account.16ea3ae9abf445919038dfc8bab772de,1,2636.3152,0,0.0,0,1481,0,3642.658,12,5
0143792c-ea7e-409f-a756-51e0dfa3e3b4,Baltic_Main,squad,2026-01-27T05:42:02Z,1,0,0,242.56001,byplayer,0,0,23,1,1,18.611504,FBG_LegKing,account.4cf77237aa6e4f24bd78c44a9135c18e,0,0.0,0,0.0,0,332,0,778.62714,5,15
0143792c-ea7e-409f-a756-51e0dfa3e3b4,Baltic_Main,squad,2026-01-27T05:42:02Z,0,0,6,102.91111,byplayer,0,5,35,0,0,0.0,lllllllJJlllllll,account.c1b925eda515421ea29c59224a8c3f8a,0,5253.477,0,0.0,0,1150,0,2078.037,8,6
0143792c-ea7e-409f-a756-51e0dfa3e3b4,Baltic_Main,squad,2026-01-27T05:42:02Z,0,0,4,173.12856,byplayer,0,0,28,0,0,0.0,cheonan-m4,account.a41536a93d65433f820e9fa4f02dfda8,0,7734.0825,0,0.0,0,1629,0,1019.70575,10,2
0143792c-ea7e-409f-a756-51e0dfa3e3b4,Baltic_Main,squad,2026-01-27T05:42:02Z,1,0,8,75.0,byplayer,1,0,20,1,1,20.216064,1566-8834,account.e18565a474884c77a95445735467e20d,0,2289.8137,0,0.0,0,1320,0,2142.8604,11,7
3a20121d-369c-4d59-98df-d9002642ae59,Chimera_Main,solo,2026-01-27T06:03:13Z,0,0,2,253.00002,byplayer,1,1,4,1,3,34.370335,canam-m,account.9deb4a21d76a4501b8cc65f039f63be1,0,10792.353,0,0.0,0,1026,0,991.3951,9,8
3a20121d-369c-4d59-98df-d9002642ae59,Chimera_Main,solo,2026-01-27T06:03:13Z,1,0,8,752.7116,byplayer,0,1,2,1,7,133.20094,yooki_00,account.c7af8bfe43ce46dd9def146a2b9f8b45,0,0.0,0,0.0,0,1101,0,2592.9167,12,4
3a20121d-369c-4d59-98df-d9002642ae59,Chimera_Main,solo,2026-01-27T06:03:13Z,0,0,3,270.328,byplayer,2,1,5,1,3,115.88066,haenam-97,account.307c22dc0c094e229e2245b96bd26ce9,0,0.0,0,0.0,0,996,0,2273.7422,8,11
3a20121d-369c-4d59-98df-d9002642ae59,Chimera_Main,solo,2026-01-27T06:03:13Z,0,0,0,0.0,byplayer,0,1,51,0,0,0.0,nikger33,account.1459bee1b0e144d2b88bdfd6b97bac2b,0,0.0,0,0.0,0,211,0,464.71384,4,48
3a20121d-369c-4d59-98df-d9002642ae59,Chimera_Main,solo,2026-01-27T06:03:13Z,1,0,4,205.00313,byplayer,1,1,10,1,2,85.79039,dongwook36,account.3261fc10af49448ea87bf9666281543b,0,0.0,0,0.0,0,1000,0,3352.753,6,9
3a20121d-369c-4d59-98df-d9002642ae59,Chimera_Main,solo,2026-01-27T06:03:13Z,0,0,0,275.40002,byplayer,0,4,9,1,2,35.750828,FKQNFFKQ0,account.832389e78db442d6bb71dddf5bd25eaa,0,0.0,0,0.0,0,1049,0,1410.5857,8,7
3a20121d-369c-4d59-98df-d9002642ae59,Chimera_Main,solo,2026-01-27T06:03:13Z,0,0,1,206.2712,byplayer,0,1,11,1,2,47.947506,sura007-2,account.3bd48d5a5e624c05830169f3db17f9de,0,0.0,0,0.0,0,948,0,3093.4927,5,13
3a20121d-369c-4d59-98df-d9002642ae59,Chimera_Main,solo,2026-01-27T06:03:13Z,0,0,4,821.0857,alive,3,2,1,1,8,211.85204,yyyyy_GH,account.77d06d36d96b4f6ba46dba175942ea60,0,0.0,0,0.0,0,1251,0,3445.473,7,1
3a20121d-369c-4d59-98df-d9002642ae59,Chimera_Main,solo,2026-01-27T06:03:13Z,0,0,0,100.0,byplayer,0,0,29,1,1,20.300304,hun_ju,account.6db3e26df66b46baa51a64f5acae73c2,0,0.0,0,0.0,0,93,0,127.107414,2,58
3a20121d-369c-4d59-98df-d9002642ae59,Chimera_Main,solo,2026-01-27T06:03:13Z,0,0,0,228.62341,byplayer,0,0,15,1,2,90.6504,M_tile,account.d07214ac4fda4fa6b4e789b5979caf62,0,0.0,0,0.0,0,462,0,1118.0029,5,33
3a20121d-369c-4d59-98df-d9002642ae59,Chimera_Main,solo,2026-01-27T06:03:13Z,0,0,0,0.0,byplayer,0,0,64,0,0,0.0,kgn5678,account.f524a5b52e044442b5576944e2fb87f8,0,0.0,0,0.0,0,69,0,43.523216,1,63
3a20121d-369c-4d59-98df-d9002642ae59,Chimera_Main,solo,2026-01-27T06:03:13Z,0,0,2,100.0,byplayer,0,1,18,1,1,24.578386,SLAYER-KING,account.87a2eea48d904194bf252747724c9a0c,0,0.0,0,0.0,0,938,0,1658.1469,14,14
3a20121d-369c-4d59-98df-d9002642ae59,Chimera_Main,solo,2026-01-27T06:03:13Z,0,0,10,239.4,byplayer,0,1,7,1,2,94.3719,tmddlfkrhgksek,account.f10d85c9dc96455eb042240731cb90c6,0,0.0,0,0.0,0,1216,0,2680.4224,10,3
3a20121d-369c-4d59-98df-d9002642ae59,Chimera_Main,solo,2026-01-27T06:03:13Z,0,0,0,227.63449,byplayer,0,0,20,1,1,42.870243,ololo11,account.4b4687e92f6b4036a67d8c7ccd3b7c40,0,0.0,0,0.0,0,905,0,1777.4302,11,18
3a20121d-369c-4d59-98df-d9002642ae59,Chimera_Main,solo,2026-01-27T06:03:13Z,0,0,2,117.44777,byplayer,0,1,12,1,2,121.091125,CHLTLQNFJF,account.e2ccc0b1290c4565aedbc58796225d86,0,0.0,0,0.0,0,938,0,1897.4327,7,15
3a20121d-369c-4d59-98df-d9002642ae59,Chimera_Main,solo,2026-01-27T06:03:13Z,0,0,1,371.98315,byplayer,0,0,6,1,3,6.408262,JERRY_710,account.0ed163f198cf40c7adfb184d566210f5,0,0.0,0,0.0,0,775,0,2013.5876,8,21
3a20121d-369c-4d59-98df-d9002642ae59,Chimera_Main,solo,2026-01-27T06:03:13Z,0,0,0,100.0,byplayer,0,0,30,1,1,16.114935,Eun-suk12,account.6ab971ac2dcd49c2b9443dd35ebdcbcd,0,0.0,0,0.0,0,90,0,134.47823,3,59
3a20121d-369c-4d59-98df-d9002642ae59,Chimera_Main,solo,2026-01-27T06:03:13Z,0,0,7,391.0,byplayer,0,4,3,2,4,67.89163,minam_01,account.65f02ccb1c414c479b293f43c04f79fd,0,0.0,0,0.0,0,1248,0,3124.0962,9,2
2240919c-2b48-4673-8c0c-dc16703e9f5f,Savage_Main,squad,2026-01-27T06:01:39Z,0,0,2,44.1,byplayer,0,0,68,0,0,0.0,Oni_Nezko,account.ae9f30e1a295474ba514feff29a8360f,2,0.0,0,0.0,0,250,0,452.71423,2,20
2240919c-2b48-4673-8c0c-dc16703e9f5f,Savage_Main,squad,2026-01-27T06:01:39Z,0,0,1,41.6745,byplayer,0,0,55,0,0,0.0,22222222pac,account.9297c26d02be41ea81092f535a776bc1,0,1082.9861,0,0.0,0,778,0,1578.9108,11,7
2240919c-2b48-4673-8c0c-dc16703e9f5f,Savage_Main,squad,2026-01-27T06:01:39Z,1,0,0,123.22001,byplayer,0,3,29,1,1,23.88468,AWE_36,account.18667b2f866a41548661bd07b439f8eb,0,0.0,0,0.0,0,601,0,1501.4779,10,6
2240919c-2b48-4673-8c0c-dc16703e9f5f,Savage_Main,squad,2026-01-27T06:01:39Z,5,1,10,906.3153,byplayer,2,2,1,2,9,94.812004,1004-___-1004,account.8c036d6fb3824a998ca77692bfc4e311,1,891.0403,0,0.0,0,1357,0,4761.1836,14,1
2240919c-2b48-4673-8c0c-dc16703e9f5f,Savage_Main,squad,2026-01-27T06:01:39Z,0,0,2,25.650476,byplayer,0,0,79,0,0,0.0,Foreigner_Mark,account.0ce695bffca44f8394eae3326aa7b615,0,0.0,0,0.0,0,153,0,210.27798,2,25
2240919c-2b48-4673-8c0c-dc16703e9f5f,Savage_Main,squad,2026-01-27T06:01:39Z,0,0,0,0.0,byplayer,0,0,60,0,0,0.0,YangGGuRRi,account.702862ef352c429799b592f47201ccab,0,0.0,0,0.0,0,98,0,109.000244,3,13
2240919c-2b48-4673-8c0c-dc16703e9f5f,Savage_Main,squad,2026-01-27T06:01:39Z,4,0,6,602.5821,byplayer,1,3,6,2,4,40.571983,rain_bow_0o0,account.f0028c9eab944ccd801b5afa8541522c,0,1317.6693,0,0.0,0,985,0,2573.1448,16,6
2240919c-2b48-4673-8c0c-dc16703e9f5f,Savage_Main,squad,2026-01-27T06:01:39Z,0,0,0,0.0,byplayer,0,0,98,0,0,0.0,awesomekillu,account.459ab52d815f40c99880138e457cd9ac,0,0.0,0,0.0,0,81,0,46.982147,1,30
2240919c-2b48-4673-8c0c-dc16703e9f5f,Savage_Main,squad,2026-01-27T06:01:39Z,0,0,2,0.0,byplayer,0,6,64,0,0,0.0,sowp11,account.0c5c5e4fa4564ef79bb4ad5175bed4b4,0,0.0,0,0.0,0,390,0,918.67236,6,15
2240919c-2b48-4673-8c0c-dc16703e9f5f,Savage_Main,squad,2026-01-27T06:01:39Z,2,3,6,439.76434,byplayer,0,5,27,1,1,16.879314,Veterran_V,account.954b2b78c8694e38be3a7f235c86828c,0,725.7169,0,0.0,0,1292,0,3572.8218,12,3
2240919c-2b48-4673-8c0c-dc16703e9f5f,Savage_Main,squad,2026-01-27T06:01:39Z,1,1,6,102.0,byplayer,0,3,52,0,0,0.0,POS_NEWT,account.c2a2166bfd2446569bed200f1960280e,0,2836.4458,0,0.0,0,1102,0,2390.5686,12,4
2240919c-2b48-4673-8c0c-dc16703e9f5f,Savage_Main,squad,2026-01-27T06:01:39Z,1,0,3,141.98871,byplayer,1,1,19,1,2,36.022312,sunchang012,account.eb5b1ca053bf4b4a947ff4177c5e8a29,0,0.0,0,0.0,0,686,0,665.71747,8,10
2240919c-2b48-4673-8c0c-dc16703e9f5f,Savage_Main,squad,2026-01-27T06:01:39Z,0,0,0,0.0,byplayer,0,0,72,0,0,0.0,seonggukkim007--,account.810b3913e4c74317981161588ae9d602,0,0.0,0,0.0,0,112,0,67.1587,1,22
2240919c-2b48-4673-8c0c-dc16703e9f5f,Savage_Main,squad,2026-01-27T06:01:39Z,0,1,0,0.0,byplayer,0,0,78,0,0,0.0,eirjl,account.65e537a7880a4c2b995abbb6217dcf5a,0,0.0,0,0.0,0,154,0,189.6127,2,25
2240919c-2b48-4673-8c0c-dc16703e9f5f,Savage_Main,squad,2026-01-27T06:01:39Z,0,0,1,74.436905,byplayer,0,7,70,0,0,0.0,6974_man,account.da15f047cdca435baafac30c4c965ae8,0,0.0,0,0.0,0,223,0,335.44955,7,21
2240919c-2b48-4673-8c0c-dc16703e9f5f,Savage_Main,squad,2026-01-27T06:01:39Z,1,2,2,239.885,byplayer,1,4,32,1,1,60.246372,wnsgk4890,account.3d4e7571a2bd40f5bc7a7d1d5b60082f,0,0.0,0,0.0,0,792,0,1833.7181,9,9
2240919c-2b48-4673-8c0c-dc16703e9f5f,Savage_Main,squad,2026-01-27T06:01:39Z,1,0,1,161.44373,byplayer,0,0,34,1,1,12.081867,winfrom,account.d8f86ae83c1e4c25a5ad0cde99ab26bb,0,0.0,0,0.0,0,435,0,1060.7671,5,11
2240919c-2b48-4673-8c0c-dc16703e9f5f,Savage_Main,squad,2026-01-27T06:01:39Z,0,0,0,62.880005,byplayer,0,0,92,0,0,0.0,WH_KANE,account.a65698ad37d3475fb9f238d175b850f7,0,0.0,0,0.0,0,122,0,129.52293,1,29
2240919c-2b48-4673-8c0c-dc16703e9f5f,Savage_Main,squad,2026-01-27T06:01:39Z,2,0,0,309.17325,byplayer,0,0,42,1,1,6.0081964,IlIllIlllIIlIll,account.a41907a4ef9b4347850112a623e5b1f0,0,0.0,0,0.0,0,258,0,445.64206,5,19
2240919c-2b48-4673-8c0c-dc16703e9f5f,Savage_Main,squad,2026-01-27T06:01:39Z,0,0,6,13.129534,byplayer,0,3,54,0,0,0.0,Brother301,account.89d6b0509b074ad983abe3077af1e6f8,0,0.0,0,0.0,0,825,0,2671.7324,11,5
2240919c-2b48-4673-8c0c-dc16703e9f5f,Savage_Main,squad,2026-01-27T06:01:39Z,0,0,0,0.0,byplayer,0,0,73,0,0,0.0,goodluckboygirl,account.4289d49f40ae4d228202c38eb8744d8a,0,0.0,0,0.0,0,90,0,72.59541,2,22
2240919c-2b48-4673-8c0c-dc16703e9f5f,Savage_Main,squad,2026-01-27T06:01:39Z,3,0,5,416.4804,byplayer,1,1,8,1,3,20.523838,wwwwwvwwvvw,account.164a0e8c8e7c4da281974dfdbea9c7b9,1,834.6805,0,0.0,0,997,0,3953.171,11,1
2240919c-2b48-4673-8c0c-dc16703e9f5f,Savage_Main,squad,2026-01-27T06:01:39Z,0,0,0,43.0,byplayer,0,0,81,0,0,0.0,Lihaaz_,account.1c41ef9a78e04f2db8188cf68224aa62,0,0.0,0,0.0,0,148,0,268.25723,4,27
2240919c-2b48-4673-8c0c-dc16703e9f5f,Savage_Main,squad,2026-01-27T06:01:39Z,0,0,0,0.0,byplayer,0,0,76,0,0,0.0,JJaJJangBab,account.b975fca0582b469895a86a6f8039d10d,0,0.0,0,0.0,0,192,0,325.92102,2,23
2240919c-2b48-4673-8c0c-dc16703e9f5f,Savage_Main,squad,2026-01-27T06:01:39Z,0,0,1,100.0,byplayer,0,0,37,1,1,15.535976,ddorai52,account.884cf7b780434894a78560d82d44a288,1,0.0,0,0.0,0,397,0,1115.5258,5,15
2240919c-2b48-4673-8c0c-dc16703e9f5f,Savage_Main,squad,2026-01-27T06:01:39Z,0,0,0,0.0,byplayer,0,0,58,0,0,0.0,chaechat,account.c3d65c50aec343569cf40b0b385c85b5,0,0.0,0,0.0,0,425,0,663.3938,14,8
2240919c-2b48-4673-8c0c-dc16703e9f5f,Savage_Main,squad,2026-01-27T06:01:39Z,0,0,0,0.0,byplayer,0,0,89,0,0,0.0,rain1002,account.e75eb7ca84b3421da0cff7a256eadeb0,0,0.0,0,0.0,0,119,0,91.46166,1,28
2240919c-2b48-4673-8c0c-dc16703e9f5f,Savage_Main,squad,2026-01-27T06:01:39Z,1,1,2,202.15154,byplayer,0,0,18,1,2,36.038296,BK_Jin_H,account.4c91879dfa5c4ba2964891d0e32b6f95,0,0.0,0,0.0,0,792,0,1807.3351,14,9
2240919c-2b48-4673-8c0c-dc16703e9f5f,Savage_Main,squad,2026-01-27T06:01:39Z,3,1,6,293.19995,byplayer,0,4,28,1,1,25.970633,NoGF_NoPB_-,account.412f44ee41d6459aae6766ee84d38022,0,2216.7048,0,0.0,0,1216,0,3475.765,16,4
2240919c-2b48-4673-8c0c-dc16703e9f5f,Savage_Main,squad,2026-01-27T06:01:39Z,1,0,0,10.0,byplayer,0,1,40,1,1,17.332266,GyungBaek,account.d923e67df7054cf1aad6f4ca598bf798,0,0.0,0,0.0,0,262,0,472.102,2,18
2240919c-2b48-4673-8c0c-dc16703e9f5f,Savage_Main,squad,2026-01-27T06:01:39Z,0,0,1,86.4,byplayer,0,0,61,0,0,0.0,suwen-985,account.a2598734f3bf4b678878292f685062b5,0,0.0,0,0.0,0,437,0,384.9912,6,14
2240919c-2b48-4673-8c0c-dc16703e9f5f,Savage_Main,squad,2026-01-27T06:01:39Z,0,0,0,100.0,byplayer,0,0,33,1,1,4.490886,3Dmermiwinter,account.f7506ea1b20543629dad2de059061fe5,0,1055.2526,0,0.0,0,487,1,1131.1072,7,11
2240919c-2b48-4673-8c0c-dc16703e9f5f,Savage_Main,squad,2026-01-27T06:01:39Z,1,1,6,202.69055,byplayer,0,4,10,1,3,124.08673,CaLlum_9,account.266b9287662e4f63b1f6c67308322ff2,0,1817.0068,0,0.0,0,1257,0,2881.5493,6,3
2240919c-2b48-4673-8c0c-dc16703e9f5f,Savage_Main,squad,2026-01-27T06:01:39Z,0,0,0,0.0,byplayer,0,0,82,0,0,0.0,wpwndnfjr,account.d7129deb73ea4d38a80d9e6e744948d5,0,0.0,0,0.0,0,148,0,245.22853,1,27
2240919c-2b48-4673-8c0c-dc16703e9f5f,Savage_Main,squad,2026-01-27T06:01:39Z,7,1,7,712.8289,byplayer,1,9,2,2,8,76.99324,RBN_OHH-__-,account.503cf675ec094ad0b50bd55c719adf13,0,0.0,0,0.0,0,1179,0,3919.5803,16,5
2240919c-2b48-4673-8c0c-dc16703e9f5f,Savage_Main,squad,2026-01-27T06:01:39Z,0,0,0,41.58,byplayer,0,0,69,0,0,0.0,Oni_Kokushibo,account.18ea2bde2e1445d485be6ad16231aa37,0,0.0,0,0.0,0,202,0,266.3976,2,20
2240919c-2b48-4673-8c0c-dc16703e9f5f,Savage_Main,squad,2026-01-27T06:01:39Z,2,0,1,300.0,byplayer,2,1,14,3,3,13.111712,WH_MK47,account.425a08ec97a84eb6aec185e4f2982872,0,0.73874485,0,0.0,0,341,0,821.6667,10,15
2240919c-2b48-4673-8c0c-dc16703e9f5f,Savage_Main,squad,2026-01-27T06:01:39Z,1,0,2,74.542145,suicide,0,8,26,1,1,75.88901,bumjunseo,account.79c6f9fb2be245d3bc2591355f1d8988,0,1941.117,0,0.0,0,588,0,1097.874,8,2
2240919c-2b48-4673-8c0c-dc16703e9f5f,Savage_Main,squad,2026-01-27T06:01:39Z,4,0,2,379.3,byplayer,1,1,3,2,5,4.4848003,01024307245,account.ba063935568f41508d57627d4dc905ba,1,0.0,0,0.0,0,258,0,398.41605,5,19
2240919c-2b48-4673-8c0c-dc16703e9f5f,Savage_Main,squad,2026-01-27T06:01:39Z,2,2,9,322.58185,alive,0,1,4,2,4,65.961525,SB_Hyeon,account.6f6fdc25651b431c9284c2ef9be41509,2,927.1541,0,0.0,0,1364,0,3526.1838,12,1
2240919c-2b48-4673-8c0c-dc16703e9f5f,Savage_Main,squad,2026-01-27T06:01:39Z,2,0,8,148.46762,byplayer,0,2,17,1,2,43.900494,tjsgk1119,account.11a9ca9e167846fb9430cbcec82486a5,1,425.91202,0,0.0,0,1242,1,3303.2546,15,3
2240919c-2b48-4673-8c0c-dc16703e9f5f,Savage_Main,squad,2026-01-27T06:01:39Z,1,0,0,126.2,byplayer,0,0,22,1,2,11.571036,navyho3000,account.fcbfbbf742dc4d18a7f6f1e9f95475e4,0,0.0,0,0.0,0,275,0,593.14197,4,18
2240919c-2b48-4673-8c0c-dc16703e9f5f,Savage_Main,squad,2026-01-27T06:01:39Z,3,0,4,402.92996,byplayer,1,0,12,3,3,22.290955,shinyuhan_0608,account.b36b419f1df44cc9892cef22d900f0d4,0,1169.88,0,0.0,0,871,1,2824.9563,21,7
2240919c-2b48-4673-8c0c-dc16703e9f5f,Savage_Main,squad,2026-01-27T06:01:39Z,1,0,2,175.74768,byplayer,0,1,38,1,1,18.990072,BIGroad96,account.e0f31dd3c399487f87fe8240980aff7f,0,0.0,0,0.0,0,397,0,856.61005,6,15
2240919c-2b48-4673-8c0c-dc16703e9f5f,Savage_Main,squad,2026-01-27T06:01:39Z,0,0,0,54.488018,byplayer,0,0,90,0,0,0.0,GONG_SUNG,account.293d34a911ae487d8b595eb867ab0d57,0,0.0,0,0.0,0,122,0,98.71722,2,29
2240919c-2b48-4673-8c0c-dc16703e9f5f,Savage_Main,squad,2026-01-27T06:01:39Z,1,0,1,100.0,byplayer,0,0,74,0,0,0.0,wanggyu1234,account.51db495549ed4b6a8f9c718dd6a5fd11,1,0.0,0,0.0,0,203,0,410.87515,3,23
2240919c-2b48-4673-8c0c-dc16703e9f5f,Savage_Main,squad,2026-01-27T06:01:39Z,0,1,0,78.0,byplayer,0,5,75,0,0,0.0,nagarobbylo,account.8ffb3047c40f44ca807563e10f8e192e,0,0.0,0,0.0,0,203,0,202.64899,2,23
2240919c-2b48-4673-8c0c-dc16703e9f5f,Savage_Main,squad,2026-01-27T06:01:39Z,1,0,0,165.28001,byplayer,0,0,91,0,0,0.0,YJIN12,account.d34babed47834844ad5e657e3e5eec93,0,0.0,0,0.0,0,122,0,105.27872,2,29
2240919c-2b48-4673-8c0c-dc16703e9f5f,Savage_Main,squad,2026-01-27T06:01:39Z,0,0,2,0.0,byplayer,0,13,51,0,0,0.0,enjoy1125,account.8adf4b1eaaa74cb78090e7d7439f6816,1,2759.3237,0,0.0,0,1128,0,2539.4746,9,4
2240919c-2b48-4673-8c0c-dc16703e9f5f,Savage_Main,squad,2026-01-27T06:01:39Z,1,0,0,100.0,byplayer,0,0,30,1,1,6.8674207,nimidae,account.24dbb1cf919740ccbcd7875f70c78f05,0,1594.6991,0,0.0,0,871,0,2241.0083,9,7
2240919c-2b48-4673-8c0c-dc16703e9f5f,Savage_Main,squad,2026-01-27T06:01:39Z,0,0,0,0.0,byplayer,0,0,101,0,0,0.0,Ay_Adda_seebol,account.e2a430601096426e8cac4c3882cafce6,0,0.0,0,0.0,0,67,0,22.10007,2,30
2240919c-2b48-4673-8c0c-dc16703e9f5f,Savage_Main,squad,2026-01-27T06:01:39Z,0,0,1,82.8,byplayer,0,0,66,0,0,0.0,W_W_Choi,account.63c7aba79a48467ca4e9cde81f77fa6c,0,0.0,0,0.0,0,267,0,607.1697,3,18
2240919c-2b48-4673-8c0c-dc16703e9f5f,Savage_Main,squad,2026-01-27T06:01:39Z,2,1,0,169.39243,byplayer,0,0,24,2,2,13.565482,Vaby_,account.8b3c294f366c4f558bd4b6c46df7f581,0,0.0,0,0.0,0,125,0,171.14337,2,28
2240919c-2b48-4673-8c0c-dc16703e9f5f,Savage_Main,squad,2026-01-27T06:01:39Z,1,0,0,177.0574,byplayer,0,0,71,0,0,0.0,WIN_GEMAT_III,account.340933bd21604c6f950925e8b2fc14df,0,0.0,0,0.0,0,221,0,370.80014,3,22
2240919c-2b48-4673-8c0c-dc16703e9f5f,Savage_Main,squad,2026-01-27T06:01:39Z,0,0,1,251.48573,byplayer,1,0,39,1,1,2.9551291,Playz_tanK,account.565558334cfc4be587a0dade54e261b4,0,0.0,0,0.0,0,340,0,724.92065,14,17
2240919c-2b48-4673-8c0c-dc16703e9f5f,Savage_Main,squad,2026-01-27T06:01:39Z,1,0,0,100.00001,byplayer,0,0,88,0,0,0.0,NobrainPusher-_-,account.a04324093b7948e9a3ff3898ed5b53e9,0,0.0,0,0.0,0,119,0,154.45056,1,28
2240919c-2b48-4673-8c0c-dc16703e9f5f,Savage_Main,squad,2026-01-27T06:01:39Z,2,0,3,330.02734,byplayer,1,1,21,1,2,6.154267,syh0929,account.23b911dab0a446ce9ba0f543b855bea8,0,0.0,0,0.0,0,366,0,652.1273,5,16
2240919c-2b48-4673-8c0c-dc16703e9f5f,Savage_Main,squad,2026-01-27T06:01:39Z,0,0,0,0.0,byplayer,0,0,93,0,0,0.0,Purin_k,account.3de66d3ef60d41108a206f388da5a21a,0,0.0,0,0.0,0,108,0,34.32296,1,29
2240919c-2b48-4673-8c0c-dc16703e9f5f,Savage_Main,squad,2026-01-27T06:01:39Z,1,0,0,22.0,byplayer,0,4,44,1,1,14.639928,Totallybad30,account.0adc7c24caae4864b06f6d8702a20599,0,0.0,0,0.0,0,203,0,357.91702,2,23
2240919c-2b48-4673-8c0c-dc16703e9f5f,Savage_Main,squad,2026-01-27T06:01:39Z,0,0,6,0.0,byplayer,0,2,53,0,0,0.0,JI-Su2,account.58620edd00954dc1880410ff59ee8821,1,1909.796,0,0.0,0,1100,0,2392.581,10,4
2240919c-2b48-4673-8c0c-dc16703e9f5f,Savage_Main,squad,2026-01-27T06:01:39Z,1,2,0,253.01999,byplayer,1,1,45,1,1,3.564107,jominisback,account.99fa146c391b40f9b9afcc0673f56e47,0,0.0,0,0.0,0,197,0,295.27832,4,23
2240919c-2b48-4673-8c0c-dc16703e9f5f,Savage_Main,squad,2026-01-27T06:01:39Z,1,0,0,100.0,byplayer,0,0,43,1,1,2.0801182,Oni_Vongole,account.fd43aae91f5e4bd29bf32f4bf3b54810,1,0.0,0,0.0,0,220,0,274.37726,2,20
2240919c-2b48-4673-8c0c-dc16703e9f5f,Savage_Main,squad,2026-01-27T06:01:39Z,4,0,1,442.33768,byplayer,0,1,7,3,4,22.557564,chubbybadger,account.88d9867c49df4bb3a9cf30b3826e5f5c,0,0.0,0,0.0,0,443,0,1285.9998,13,13
2240919c-2b48-4673-8c0c-dc16703e9f5f,Savage_Main,squad,2026-01-27T06:01:39Z,0,0,3,0.0,byplayer,0,3,57,0,0,0.0,G_NINE99,account.1ef9ea5bc7c5462c83c1c161dd79dc2a,2,2972.3357,0,0.0,0,837,0,1296.7208,8,8
2240919c-2b48-4673-8c0c-dc16703e9f5f,Savage_Main,squad,2026-01-27T06:01:39Z,0,0,0,0.0,byplayer,0,0,100,0,0,0.0,Ring-_-gu,account.a034783892d24515af0c917017a5b469,0,0.0,0,0.0,0,71,0,57.627037,1,30
2240919c-2b48-4673-8c0c-dc16703e9f5f,Savage_Main,squad,2026-01-27T06:01:39Z,0,0,0,0.0,byplayer,0,0,65,0,0,0.0,DDR-best,account.a8d82c3656084e909c98d4fc507f8176,1,0.0,0,0.0,0,366,0,947.0847,5,16
2240919c-2b48-4673-8c0c-dc16703e9f5f,Savage_Main,squad,2026-01-27T06:01:39Z,0,1,0,198.7,byplayer,1,1,41,1,1,36.479557,KWJ157,account.b3fae29d806e4d2bbfee507cde67df35,0,0.0,0,0.0,0,258,0,479.7465,1,19
2240919c-2b48-4673-8c0c-dc16703e9f5f,Savage_Main,squad,2026-01-27T06:01:39Z,1,0,3,93.94482,byplayer,0,3,11,1,3,46.9671,Hyo_KKang98,account.d8535a3339c841298e389c47ae573f2f,0,0.0,0,0.0,0,533,0,1282.7386,7,6
2240919c-2b48-4673-8c0c-dc16703e9f5f,Savage_Main,squad,2026-01-27T06:01:39Z,2,0,4,265.2,byplayer,1,20,9,1,3,28.244326,Ubin1023,account.7410d6c7294b484e9ca237c3da5cd4fe,1,1907.9191,0,0.0,0,1138,0,1964.6488,7,2
2240919c-2b48-4673-8c0c-dc16703e9f5f,Savage_Main,squad,2026-01-27T06:01:39Z,0,0,0,0.0,byplayer,0,0,94,0,0,0.0,ililililllli_,account.ef8d4b3d548b4e0782397fd0e872906c,0,0.0,0,0.0,0,94,0,89.59406,1,29
2240919c-2b48-4673-8c0c-dc16703e9f5f,Savage_Main,squad,2026-01-27T06:01:39Z,2,0,3,241.04535,byplayer,0,0,35,1,1,5.9606237,Alexander-YM,account.198bb15b564b497a9ecbdc5ae0ba2f8d,0,0.0,0,0.0,0,526,0,671.43146,9,12
2240919c-2b48-4673-8c0c-dc16703e9f5f,Savage_Main,squad,2026-01-27T06:01:39Z,0,0,0,0.0,byplayer,0,0,95,0,0,0.0,eric_Han_,account.952d41b8a74e46e3a821c16b2de74ba8,0,0.0,0,0.0,0,110,0,37.88237,1,30
2240919c-2b48-4673-8c0c-dc16703e9f5f,Savage_Main,squad,2026-01-27T06:01:39Z,0,1,6,179.09396,byplayer,0,2,56,0,0,0.0,BoDam2,account.9e45b0009262488b8d2b94f3b8597165,0,2091.0645,0,0.0,0,854,0,2080.3323,12,8
2240919c-2b48-4673-8c0c-dc16703e9f5f,Savage_Main,squad,2026-01-27T06:01:39Z,2,1,5,412.04065,byplayer,1,6,5,3,4,280.0338,RBN_Apple,account.6683aea2dbac4a27b3e8187397ce6454,1,0.0,0,0.0,0,961,0,2575.7507,11,5
2240919c-2b48-4673-8c0c-dc16703e9f5f,Savage_Main,squad,2026-01-27T06:01:39Z,1,0,1,20.868793,byplayer,0,6,62,0,0,0.0,lhc7691,account.fd8015bf86ef4cf487a5af8e2e4b884d,0,0.0,0,0.0,0,437,0,828.9649,5,14
2240919c-2b48-4673-8c0c-dc16703e9f5f,Savage_Main,squad,2026-01-27T06:01:39Z,0,0,1,144.96454,byplayer,0,0,59,0,0,0.0,hi_ililil,account.51d48a437ff24094806492ef84ec4a8b,0,1154.9653,0,0.0,0,546,0,1084.2438,12,11
2240919c-2b48-4673-8c0c-dc16703e9f5f,Savage_Main,squad,2026-01-27T06:01:39Z,2,0,0,200.0,byplayer,1,0,20,2,2,24.62405,Tae-_-Cheol,account.6b05a879eec0481bb7666cd9a90a8d63,0,0.0,0,0.0,0,495,0,1577.5983,9,11
2240919c-2b48-4673-8c0c-dc16703e9f5f,Savage_Main,squad,2026-01-27T06:01:39Z,1,0,0,100.0,byplayer,0,0,80,0,0,0.0,voice_boy_8282,account.dcdafa369b124c7aab312643a440b34c,0,0.0,0,0.0,0,149,0,47.649124,1,26
2240919c-2b48-4673-8c0c-dc16703e9f5f,Savage_Main,squad,2026-01-27T06:01:39Z,0,0,5,86.23992,byplayer,0,2,31,1,1,19.097889,wlsghks333,account.60c0e0fbe825438db00aae3b8ed033a3,0,2083.361,0,0.0,0,805,0,2065.4434,5,8
2240919c-2b48-4673-8c0c-dc16703e9f5f,Savage_Main,squad,2026-01-27T06:01:39Z,0,0,0,0.0,byplayer,0,0,67,0,0,0.0,choi_0-0,account.8070b210e04c49b9acce8410616415fc,0,0.0,0,0.0,0,116,0,165.22935,2,19
2240919c-2b48-4673-8c0c-dc16703e9f5f,Savage_Main,squad,2026-01-27T06:01:39Z,1,1,5,264.5986,byplayer,0,3,25,1,1,17.328716,1st_NAKAMURA,account.a57d10c6c9cb4d59a51affd14d1a1cb8,0,859.44324,0,0.0,0,1018,0,3468.1782,12,1
2240919c-2b48-4673-8c0c-dc16703e9f5f,Savage_Main,squad,2026-01-27T06:01:39Z,4,0,0,310.00003,byplayer,0,0,23,1,2,26.630804,unLuc7y,account.58c35adc4c054106ba37aabfe17c448d,1,0.0,0,0.0,0,196,0,439.12872,3,23
2240919c-2b48-4673-8c0c-dc16703e9f5f,Savage_Main,squad,2026-01-27T06:01:39Z,2,0,4,159.10179,byplayer,0,7,13,2,3,44.800728,wnsgkmother,account.748dfb86d9e04924a0275a821bc06637,0,0.0,0,0.0,0,751,0,1958.6504,12,9
2240919c-2b48-4673-8c0c-dc16703e9f5f,Savage_Main,squad,2026-01-27T06:01:39Z,1,1,1,145.2851,byplayer,0,0,36,1,1,15.0677805,nammins,account.71f7578a239d406cb6f24ff24920dd90,0,0.0,0,0.0,0,443,0,1080.247,2,13
2240919c-2b48-4673-8c0c-dc16703e9f5f,Savage_Main,squad,2026-01-27T06:01:39Z,0,0,0,0.0,byplayer,0,0,97,0,0,0.0,choi02_14,account.73029415d6ed4debab62ab95cba41acc,0,0.0,0,0.0,0,88,0,54.943726,2,30
2240919c-2b48-4673-8c0c-dc16703e9f5f,Savage_Main,squad,2026-01-27T06:01:39Z,0,0,0,0.0,byplayer,0,0,83,0,0,0.0,Mr_ChaChu,account.deedfdab5487411483baaeb1855f6911,0,0.0,0,0.0,0,145,0,158.60637,2,27
2240919c-2b48-4673-8c0c-dc16703e9f5f,Savage_Main,squad,2026-01-27T06:01:39Z,1,0,0,100.0,byplayer,1,0,46,1,1,35.50888,Sang_chu-0,account.8396328927ee4831b786083821149386,0,0.0,0,0.0,0,153,0,29.850218,1,29
2240919c-2b48-4673-8c0c-dc16703e9f5f,Savage_Main,squad,2026-01-27T06:01:39Z,1,0,0,276.60004,byplayer,0,0,77,0,0,0.0,DIA_INPARK99,account.14277351b2d2446385c32b012e7bd673,0,0.0,0,0.0,0,174,0,310.61484,4,24
2240919c-2b48-4673-8c0c-dc16703e9f5f,Savage_Main,squad,2026-01-27T06:01:39Z,3,0,1,193.82,byplayer,1,1,15,2,3,16.559845,Oni_SOJU,account.38f8103fea284a4eb944e936e3b27db5,0,0.0,0,0.0,0,235,0,223.4372,3,20
2240919c-2b48-4673-8c0c-dc16703e9f5f,Savage_Main,squad,2026-01-27T06:01:39Z,0,0,0,0.0,byplayer,0,0,99,0,0,0.0,N4-N4,account.eb22e009a9de4c43a6f746ab5891014d,0,0.0,0,0.0,0,79,0,39.57535,1,30
2240919c-2b48-4673-8c0c-dc16703e9f5f,Savage_Main,squad,2026-01-27T06:01:39Z,0,0,0,0.0,byplayer,0,0,96,0,0,0.0,Twilight_hour_07,account.a0528b080254459da0269ed43a356e75,0,0.0,0,0.0,0,88,0,82.336815,3,30
2240919c-2b48-4673-8c0c-dc16703e9f5f,Savage_Main,squad,2026-01-27T06:01:39Z,1,0,8,148.05608,byplayer,1,8,16,1,2,13.086705,L_e_0n_,account.3a95e0b2e21043158d77917609332038,0,2013.645,0,0.0,0,1140,0,1700.692,16,2
2240919c-2b48-4673-8c0c-dc16703e9f5f,Savage_Main,squad,2026-01-27T06:01:39Z,0,0,0,166.79628,byplayer,0,0,63,0,0,0.0,OlZIoSo_-,account.cb355a2b156c4a7f84afb63529863ea7,0,0.0,0,0.0,0,368,0,645.3401,11,14
1bf21931-c564-4c61-b5a9-bd051cdbc4ae,Savage_Main,duo,2026-01-27T06:05:38Z,3,0,0,240.4912,byplayer,0,0,26,1,2,11.040742,SimGar2_is_KING,account.1b621b76ce5949a3a747ad106145c44c,1,0.0,0,0.0,0,190,0,111.7376,1,40
1bf21931-c564-4c61-b5a9-bd051cdbc4ae,Savage_Main,duo,2026-01-27T06:05:38Z,0,0,0,0.0,byplayer,0,0,76,0,0,0.0,HMS0789,account.9fd31ac55590403f9732341db7876cce,0,0.0,0,0.0,0,109,0,84.15017,2,35
1bf21931-c564-4c61-b5a9-bd051cdbc4ae,Savage_Main,duo,2026-01-27T06:05:38Z,0,0,1,0.0,byplayer,0,3,52,0,0,0.0,Kkyu-tip,account.30950d98ba6a405e8017205e16abc1c7,0,0.0,0,0.0,0,441,0,1167.8116,5,17
1bf21931-c564-4c61-b5a9-bd051cdbc4ae,Savage_Main,duo,2026-01-27T06:05:38Z,0,0,0,0.0,byplayer,0,0,88,0,0,0.0,TLATYD001,account.180e292d17584e9381dab60db7422fb8,0,0.0,0,0.0,0,94,0,56.474663,0,46
1bf21931-c564-4c61-b5a9-bd051cdbc4ae,Savage_Main,duo,2026-01-27T06:05:38Z,1,0,0,99.99999,byplayer,1,1,37,1,1,3.5712633,jhgjwnsrn9,account.84c936064e8445b798a76cb4ad02ea46,0,0.0,0,0.0,0,199,0,353.68945,4,39
1bf21931-c564-4c61-b5a9-bd051cdbc4ae,Savage_Main,duo,2026-01-27T06:05:38Z,0,0,2,48.738346,byplayer,0,1,47,0,0,0.0,Sanhok_Most,account.5951719ae42f4a449409a0ee095e0fef,0,0.0,0,0.0,0,942,0,3311.4116,8,10
1bf21931-c564-4c61-b5a9-bd051cdbc4ae,Savage_Main,duo,2026-01-27T06:05:38Z,1,0,0,109.89444,byplayer,0,0,58,0,0,0.0,slsspdlatlqkf,account.67e3fa23f74f45a3ac0997105f7d0ee0,0,0.0,0,0.0,0,327,0,718.6062,8,24
1bf21931-c564-4c61-b5a9-bd051cdbc4ae,Savage_Main,duo,2026-01-27T06:05:38Z,0,0,0,79.38,byplayer,0,0,97,0,0,0.0,sush5015,account.ac4c2d4370964081b8a23d46f4720a52,0,0.0,0,0.0,0,70,0,53.718582,1,51
1bf21931-c564-4c61-b5a9-bd051cdbc4ae,Savage_Main,duo,2026-01-27T06:05:38Z,0,0,0,0.0,byplayer,0,0,60,0,0,0.0,kukkiwonman,account.e45f789e6b7e4f8b836f91620d1e4f75,0,0.0,0,0.0,0,218,0,467.5938,7,25
1bf21931-c564-4c61-b5a9-bd051cdbc4ae,Savage_Main,duo,2026-01-27T06:05:38Z,1,0,0,100.0,byplayer,0,0,78,0,0,0.0,run_with_feet,account.d47c976dd87c4be0874f7732bc598cdf,0,0.0,0,0.0,0,216,0,248.72073,2,37
1bf21931-c564-4c61-b5a9-bd051cdbc4ae,Savage_Main,duo,2026-01-27T06:05:38Z,0,0,0,0.0,byplayer,0,0,66,0,0,0.0,BSYD_,account.616451042b144e75abaf93e576d83b62,0,0.0,0,0.0,0,273,0,427.80405,3,29
1bf21931-c564-4c61-b5a9-bd051cdbc4ae,Savage_Main,duo,2026-01-27T06:05:38Z,1,1,6,222.57976,alive,2,1,16,1,2,80.29101,jinsong69,account.79c231fa92d64db5a715d0020627e5b2,0,3059.8945,0,0.0,0,1404,0,3371.339,14,1
1bf21931-c564-4c61-b5a9-bd051cdbc4ae,Savage_Main,duo,2026-01-27T06:05:38Z,0,0,0,86.43,byplayer,0,1,75,0,0,0.0,leech6019,account.697cadb555d045c99bd72e07fb6cf0e6,0,0.0,0,0.0,0,226,0,504.38516,5,35
1bf21931-c564-4c61-b5a9-bd051cdbc4ae,Savage_Main,duo,2026-01-27T06:05:38Z,2,0,9,332.87994,byplayer,0,3,6,1,4,59.026318,boy7131,account.6c2abfd5ee7b467faec50b222ad42a3e,1,3642.3855,0,0.0,0,1398,0,3813.8928,16,3
1bf21931-c564-4c61-b5a9-bd051cdbc4ae,Savage_Main,duo,2026-01-27T06:05:38Z,2,0,1,346.08997,byplayer,0,0,25,2,2,6.639016,Hong_Cha_Jang,account.b8bf44383be14bb589144a1f4513574f,0,0.0,0,0.0,0,201,0,263.56226,2,38
1bf21931-c564-4c61-b5a9-bd051cdbc4ae,Savage_Main,duo,2026-01-27T06:05:38Z,0,0,1,0.0,byplayer,0,0,81,0,0,0.0,alahalgay,account.5fbce36788744b77bf6b7515de3245f3,0,0.0,0,0.0,0,190,0,147.79446,4,40
1bf21931-c564-4c61-b5a9-bd051cdbc4ae,Savage_Main,duo,2026-01-27T06:05:38Z,0,0,2,60.723785,byplayer,0,1,50,0,0,0.0,JJU__NAN,account.800b836f62f74a4dbc1d7601f7203787,0,689.85016,0,0.0,0,538,0,1486.8939,10,15
1bf21931-c564-4c61-b5a9-bd051cdbc4ae,Savage_Main,duo,2026-01-27T06:05:38Z,1,1,1,156.59018,byplayer,0,5,34,1,1,0.9786567,Ha_Ru_uu,account.f59d37c864cf408ab6175399b62a70fd,0,0.0,0,0.0,0,270,0,482.92712,4,30
1bf21931-c564-4c61-b5a9-bd051cdbc4ae,Savage_Main,duo,2026-01-27T06:05:38Z,2,2,4,544.15955,byplayer,1,3,7,2,4,39.30974,CreedM1,account.663cba8646874d57941697332da5f2d3,0,471.00385,0,0.0,0,804,0,1984.4359,10,12
1bf21931-c564-4c61-b5a9-bd051cdbc4ae,Savage_Main,duo,2026-01-27T06:05:38Z,0,0,0,28.954578,byplayer,0,0,79,0,0,0.0,wjdgus1302,account.b9db09c1ec6744b99c4108ba758fac97,0,0.0,0,0.0,0,173,0,153.68651,2,37
1bf21931-c564-4c61-b5a9-bd051cdbc4ae,Savage_Main,duo,2026-01-27T06:05:38Z,0,0,1,19.38689,byplayer,0,0,46,0,0,0.0,Agent_GARDEN,account.ecc0a31cc5fb459dad1614583ff84b93,0,310.05057,0,0.0,0,945,0,2747.7898,10,9
1bf21931-c564-4c61-b5a9-bd051cdbc4ae,Savage_Main,duo,2026-01-27T06:05:38Z,1,0,1,198.15239,byplayer,0,0,69,0,0,0.0,won_of_sh,account.06d2438bf1ab4590b272ff9d5ca14cd9,0,0.0,0,0.0,0,238,0,364.35443,4,31
1bf21931-c564-4c61-b5a9-bd051cdbc4ae,Savage_Main,duo,2026-01-27T06:05:38Z,0,0,0,62.941532,byplayer,0,0,59,0,0,0.0,WnqvjWnqtm,account.abfb2e6239954389944d09d092c531ea,0,0.0,0,0.0,0,290,0,689.9746,4,25
1bf21931-c564-4c61-b5a9-bd051cdbc4ae,Savage_Main,duo,2026-01-27T06:05:38Z,1,1,3,272.0,byplayer,2,2,24,1,2,21.405169,dash_24_1,account.5ceb9a12eb9a4027a6842eb2ea40882b,1,0.0,0,0.0,0,411,0,875.63715,8,20
1bf21931-c564-4c61-b5a9-bd051cdbc4ae,Savage_Main,duo,2026-01-27T06:05:38Z,0,0,0,0.0,byplayer,0,0,77,0,0,0.0,gwanggg22,account.d0e66840e82b436faa16285c91a28469,0,0.0,0,0.0,0,226,0,230.78992,2,36
1bf21931-c564-4c61-b5a9-bd051cdbc4ae,Savage_Main,duo,2026-01-27T06:05:38Z,0,0,0,59.219997,byplayer,0,4,53,0,0,0.0,yeon-min911,account.4401ea877b1b42749d1196848beedcf5,0,0.0,0,0.0,0,458,0,871.83234,1,18
1bf21931-c564-4c61-b5a9-bd051cdbc4ae,Savage_Main,duo,2026-01-27T06:05:38Z,0,0,0,0.0,suicide,0,8,51,0,0,0.0,AtCreake,account.e7ad02c1d2f74db8866e15446e47e348,0,0.0,0,0.0,0,500,0,1447.8824,8,16
1bf21931-c564-4c61-b5a9-bd051cdbc4ae,Savage_Main,duo,2026-01-27T06:05:38Z,0,0,3,88.65,byplayer,0,4,29,1,1,36.868824,kiwimang_go,account.2c3c5bf640494b2da257778636f4cc17,1,638.4065,0,9.656566,0,538,0,1263.2142,15,15
1bf21931-c564-4c61-b5a9-bd051cdbc4ae,Savage_Main,duo,2026-01-27T06:05:38Z,0,0,0,83.85,byplayer,0,0,85,0,0,0.0,UZU_pew,account.c2c4632dd07d4fe28990249e903a8df4,0,0.0,0,0.0,0,152,0,232.39442,4,42
1bf21931-c564-4c61-b5a9-bd051cdbc4ae,Savage_Main,duo,2026-01-27T06:05:38Z,1,1,9,389.7043,byplayer,2,12,5,1,4,27.779524,HOLY__RAIN,account.b2c636777a534543b5c17a92009115bb,0,3529.2656,0,0.0,0,1398,0,3400.3804,19,3
1bf21931-c564-4c61-b5a9-bd051cdbc4ae,Savage_Main,duo,2026-01-27T06:05:38Z,1,0,0,200.0,byplayer,0,0,38,1,1,8.773669,GianniVersace-,account.3fe737f1c57449dd8a47c5e3d568f542,0,0.0,0,0.0,0,132,0,139.14377,2,45
1bf21931-c564-4c61-b5a9-bd051cdbc4ae,Savage_Main,duo,2026-01-27T06:05:38Z,0,0,0,0.0,byplayer,0,1,74,0,0,0.0,fullmoonfly,account.4b916e518a63416e99ebaf14a734f465,0,0.0,0,0.0,0,230,0,331.66235,4,34
1bf21931-c564-4c61-b5a9-bd051cdbc4ae,Savage_Main,duo,2026-01-27T06:05:38Z,0,0,1,0.0,byplayer,0,0,48,0,0,0.0,yo_honey,account.4dcd2d2e20614b13836acc1a4ea3a100,0,0.0,0,0.0,0,616,0,2344.974,10,11
1bf21931-c564-4c61-b5a9-bd051cdbc4ae,Savage_Main,duo,2026-01-27T06:05:38Z,0,0,6,105.134995,byplayer,0,5,41,0,0,0.0,Dragon__-CHEOL-,account.a6e41f0b803c49e2adf7207cfb4a7871,0,2077.8923,0,0.0,0,1401,0,2000.4473,12,2
1bf21931-c564-4c61-b5a9-bd051cdbc4ae,Savage_Main,duo,2026-01-27T06:05:38Z,1,0,7,100.0,byplayer,0,1,28,1,1,6.9736133,smreo1112,account.0a6964d8181f4c78ac20dca48d9cb2f1,0,0.0,0,0.0,0,1210,0,3556.8452,7,6
1bf21931-c564-4c61-b5a9-bd051cdbc4ae,Savage_Main,duo,2026-01-27T06:05:38Z,3,0,3,617.9278,byplayer,0,1,11,2,3,57.772472,harbang-,account.9120f090cd894479baefc6e54b4fe6c9,1,0.0,0,0.0,0,698,0,2191.1904,12,14
1bf21931-c564-4c61-b5a9-bd051cdbc4ae,Savage_Main,duo,2026-01-27T06:05:38Z,0,0,0,336.49905,byplayer,2,0,15,1,3,10.69335,myojinan,account.18ce8bad0b2e494da4ff8da859d5245c,1,0.0,0,0.0,0,270,0,586.37036,4,30
1bf21931-c564-4c61-b5a9-bd051cdbc4ae,Savage_Main,duo,2026-01-27T06:05:38Z,4,0,6,518.6854,byplayer,2,6,3,2,6,64.835846,siesta_______,account.a6e33bfa15a54432adb2d1a2b393b747,3,809.99347,0,0.0,0,1210,0,3241.019,15,5
1bf21931-c564-4c61-b5a9-bd051cdbc4ae,Savage_Main,duo,2026-01-27T06:05:38Z,0,1,2,196.20332,byplayer,0,1,31,1,1,42.95394,qbeenq1,account.b013be8df3a64e329c0570dc96e71fc2,0,0.0,0,0.0,0,340,0,709.71606,15,23
1bf21931-c564-4c61-b5a9-bd051cdbc4ae,Savage_Main,duo,2026-01-27T06:05:38Z,0,0,0,0.0,byplayer,0,0,87,0,0,0.0,mingvely_95,account.dafd4aa7cf3a419ebcd421cd48cb05bd,0,0.0,0,0.0,0,132,0,48.241196,0,45
1bf21931-c564-4c61-b5a9-bd051cdbc4ae,Savage_Main,duo,2026-01-27T06:05:38Z,1,0,0,100.0,byplayer,0,0,96,0,0,0.0,DDDD_717,account.17d8cd4328ca499bb760acae916bef74,0,0.0,0,0.0,0,71,0,82.98455,1,50
1bf21931-c564-4c61-b5a9-bd051cdbc4ae,Savage_Main,duo,2026-01-27T06:05:38Z,0,1,0,72.693,byplayer,0,1,54,0,0,0.0,beongyuk,account.a1008432191a4706a8de9a0b1d115ca8,0,0.0,0,0.0,0,249,0,176.64972,2,19
1bf21931-c564-4c61-b5a9-bd051cdbc4ae,Savage_Main,duo,2026-01-27T06:05:38Z,2,0,4,328.38,byplayer,0,1,9,2,3,126.048515,Sanhok_Ghost,account.40bc2293b67541a6af19fe29f8afb727,0,596.1618,0,0.0,0,919,0,2144.7222,11,10
1bf21931-c564-4c61-b5a9-bd051cdbc4ae,Savage_Main,duo,2026-01-27T06:05:38Z,0,0,0,0.0,byplayer,0,0,64,0,0,0.0,kim_gw02,account.a47448a893844399a324f48bd34ba69f,0,0.0,0,0.0,0,277,0,726.15906,3,28
1bf21931-c564-4c61-b5a9-bd051cdbc4ae,Savage_Main,duo,2026-01-27T06:05:38Z,4,0,8,621.2199,byplayer,3,1,4,2,6,26.516787,P0RSICKZA,account.5319b37479d040c3a9a6b8a18648f633,0,0.0,0,23.996515,0,1176,0,4672.6284,7,7
1bf21931-c564-4c61-b5a9-bd051cdbc4ae,Savage_Main,duo,2026-01-27T06:05:38Z,4,0,4,525.0,byplayer,0,9,2,2,6,25.906082,SNAKE__-HWAN-,account.1669f0f845134de5a28e22e31d877cd7,1,2077.7917,0,0.0,0,1401,0,1555.1527,9,2
1bf21931-c564-4c61-b5a9-bd051cdbc4ae,Savage_Main,duo,2026-01-27T06:05:38Z,0,0,0,0.0,byplayer,0,0,92,0,0,0.0,lee7050,account.73e4ae01b1a44516b90bf6057b6b9d36,0,0.0,0,0.0,0,80,0,56.01552,1,48
1bf21931-c564-4c61-b5a9-bd051cdbc4ae,Savage_Main,duo,2026-01-27T06:05:38Z,0,0,1,190.68054,byplayer,1,0,30,1,1,157.2135,Hell_Chang_MS,account.2c25d27c92e8452fb4012ada3c53f67b,0,0.0,0,0.0,0,487,0,1083.7007,7,17
1bf21931-c564-4c61-b5a9-bd051cdbc4ae,Savage_Main,duo,2026-01-27T06:05:38Z,0,0,0,0.0,byplayer,0,0,71,0,0,0.0,young_suu,account.4298f172eb304422994a721748765a6f,0,0.0,0,0.0,0,235,0,549.4398,3,32
1bf21931-c564-4c61-b5a9-bd051cdbc4ae,Savage_Main,duo,2026-01-27T06:05:38Z,0,0,0,23.220001,byplayer,0,0,86,0,0,0.0,justice0290,account.bf3b7e6b8bee4deb84fd1e7fd885ec81,0,0.0,0,0.0,0,139,0,156.3469,2,44
1bf21931-c564-4c61-b5a9-bd051cdbc4ae,Savage_Main,duo,2026-01-27T06:05:38Z,1,0,6,204.5825,byzone,0,2,8,2,3,12.592878,DKQOW,account.9698342c7aa940f49a32d2f27b10b9b0,0,0.0,0,0.0,0,1087,0,3001.8174,19,8
1bf21931-c564-4c61-b5a9-bd051cdbc4ae,Savage_Main,duo,2026-01-27T06:05:38Z,1,0,0,278.15344,byplayer,0,1,27,2,2,4.4657106,Kim-DH-,account.8f347c1b498946609edc6dd2c27bda2c,0,0.0,0,0.0,0,154,0,300.48578,3,43
1bf21931-c564-4c61-b5a9-bd051cdbc4ae,Savage_Main,duo,2026-01-27T06:05:38Z,0,0,0,0.0,byplayer,0,0,57,0,0,0.0,RYU_YOUNGHAN,account.3622d25ce86f462286822e80e3a31ec0,0,163.309,0,0.0,0,381,0,726.60065,6,21
1bf21931-c564-4c61-b5a9-bd051cdbc4ae,Savage_Main,duo,2026-01-27T06:05:38Z,2,0,1,263.1737,byplayer,0,0,32,1,1,91.11959,shoo5854,account.d517a83139c34b4f86ae1693ef371439,0,0.0,0,0.0,0,327,0,696.25836,6,24
1bf21931-c564-4c61-b5a9-bd051cdbc4ae,Savage_Main,duo,2026-01-27T06:05:38Z,0,0,0,0.0,byplayer,0,0,83,0,0,0.0,kimkimkimhw,account.bc3edaebc7804da984c66fb5eb135079,0,0.0,0,0.0,0,188,0,261.90558,4,41
1bf21931-c564-4c61-b5a9-bd051cdbc4ae,Savage_Main,duo,2026-01-27T06:05:38Z,0,0,0,0.0,byplayer,0,0,55,0,0,0.0,dsudg121,account.463a2fa86f7f42039cc0020bab1dbb57,0,0.0,0,0.0,0,140,0,186.30638,0,20
1bf21931-c564-4c61-b5a9-bd051cdbc4ae,Savage_Main,duo,2026-01-27T06:05:38Z,0,0,0,0.0,byplayer,0,0,72,0,0,0.0,sungmin0227,account.7a3fafc58e224936834090e22df6a970,0,0.0,0,0.0,0,230,0,608.2949,5,33
1bf21931-c564-4c61-b5a9-bd051cdbc4ae,Savage_Main,duo,2026-01-27T06:05:38Z,1,0,0,47.914425,byplayer,0,0,36,1,1,54.85871,gudfhrWkd,account.9811ff54359b4a2e936398d18ca08810,0,0.0,0,0.0,0,226,0,333.54047,4,36
1bf21931-c564-4c61-b5a9-bd051cdbc4ae,Savage_Main,duo,2026-01-27T06:05:38Z,1,0,5,178.0,byplayer,1,0,20,2,2,53.33151,OBBAYASALIDOANG,account.b4ace88893d54d27b4be3503f52da61b,0,0.0,0,0.0,0,838,0,2763.7407,13,11
1bf21931-c564-4c61-b5a9-bd051cdbc4ae,Savage_Main,duo,2026-01-27T06:05:38Z,0,0,0,43.68,byplayer,0,0,91,0,0,0.0,godori98,account.7c05ef13490c484384e52598023aeaaf,0,0.0,0,0.0,0,93,0,30.79658,1,47
1bf21931-c564-4c61-b5a9-bd051cdbc4ae,Savage_Main,duo,2026-01-27T06:05:38Z,1,0,0,143.29276,byplayer,2,1,23,2,2,134.3111,kmg1202,account.cbcf156640b542c1a53605031abd76af,1,0.0,0,0.0,0,458,0,710.4672,10,18
1bf21931-c564-4c61-b5a9-bd051cdbc4ae,Savage_Main,duo,2026-01-27T06:05:38Z,1,0,6,200.0,byplayer,1,0,17,1,2,226.38078,creditto__,account.4c55f136c90a42c6871f17b8b5af128a,0,0.0,0,0.0,0,1350,0,4203.5303,8,4
1bf21931-c564-4c61-b5a9-bd051cdbc4ae,Savage_Main,duo,2026-01-27T06:05:38Z,0,0,0,0.0,byplayer,0,0,101,0,0,0.0,minddok1004,account.85aeb52651e6455f9564ca7da0bb51dd,0,0.0,0,0.0,0,352,0,0.0,0,52
1bf21931-c564-4c61-b5a9-bd051cdbc4ae,Savage_Main,duo,2026-01-27T06:05:38Z,0,0,1,19.296642,byplayer,0,0,45,0,0,0.0,IU_RIVER,account.ebd8d51e488e40af998912be9b720daf,0,918.0149,0,0.0,0,945,2,2791.3254,14,9
1bf21931-c564-4c61-b5a9-bd051cdbc4ae,Savage_Main,duo,2026-01-27T06:05:38Z,0,0,2,0.0,byplayer,0,0,56,0,0,0.0,LEE-TTTTT,account.386bd777a2b043c9adea5d990656eccc,0,0.0,0,0.0,0,381,0,871.63696,7,21
1bf21931-c564-4c61-b5a9-bd051cdbc4ae,Savage_Main,duo,2026-01-27T06:05:38Z,2,1,6,629.8874,alive,1,1,1,2,6,85.721085,MuBalGi_-SaJung,account.1354f90cbfe3406d840fa981e264ae89,0,3211.4302,0,0.0,0,1404,0,3931.5361,9,1
1bf21931-c564-4c61-b5a9-bd051cdbc4ae,Savage_Main,duo,2026-01-27T06:05:38Z,0,1,2,65.24717,byplayer,0,0,49,0,0,0.0,eojjolago0127,account.d0337478bb1c44368e50ba3ef38e4ab4,0,0.0,0,0.0,0,712,0,2273.4634,4,13
1bf21931-c564-4c61-b5a9-bd051cdbc4ae,Savage_Main,duo,2026-01-27T06:05:38Z,1,0,2,175.0,byplayer,0,0,18,1,2,24.262371,kkotbae,account.7d1940bea4c5471bbc39b9898921d611,0,274.89575,0,0.0,0,790,0,2174.4712,6,6
1bf21931-c564-4c61-b5a9-bd051cdbc4ae,Savage_Main,duo,2026-01-27T06:05:38Z,0,0,0,6.393134,byplayer,0,1,80,0,0,0.0,Lotso_0_0,account.6de6c76f60584163a0bdbe2eb4b0023c,1,0.0,0,0.0,0,201,0,255.13681,3,38
1bf21931-c564-4c61-b5a9-bd051cdbc4ae,Savage_Main,duo,2026-01-27T06:05:38Z,0,0,0,0.0,byplayer,0,0,94,0,0,0.0,milkyboy1215,account.186b164f92274cc393e9c796596decf7,0,0.0,0,0.0,0,78,0,46.55012,0,49
1bf21931-c564-4c61-b5a9-bd051cdbc4ae,Savage_Main,duo,2026-01-27T06:05:38Z,0,0,4,0.0,byplayer,0,0,42,0,0,0.0,comet_04,account.127e0991aca540c785dab9942a63a6c0,0,0.0,0,2.8091993,0,1350,0,4156.8945,7,4
1bf21931-c564-4c61-b5a9-bd051cdbc4ae,Savage_Main,duo,2026-01-27T06:05:38Z,1,0,0,160.07666,byplayer,1,0,14,2,3,42.114098,shyboynam,account.eb5c74360f1e4d6b928ab4f773ce4a6e,0,0.0,0,0.0,0,340,0,944.3848,7,23
1bf21931-c564-4c61-b5a9-bd051cdbc4ae,Savage_Main,duo,2026-01-27T06:05:38Z,0,0,1,140.63458,byplayer,0,1,33,1,1,35.60889,chir-min,account.5a00f70906b04a439603ce807184f3a4,0,0.0,0,0.0,0,285,0,805.0494,4,26
1bf21931-c564-4c61-b5a9-bd051cdbc4ae,Savage_Main,duo,2026-01-27T06:05:38Z,0,0,0,0.0,byplayer,0,0,67,0,0,0.0,park712,account.67444b78045b40a786cdd16234088448,0,0.0,0,0.0,0,249,0,355.46216,2,29
1bf21931-c564-4c61-b5a9-bd051cdbc4ae,Savage_Main,duo,2026-01-27T06:05:38Z,0,0,0,0.0,byplayer,0,0,95,0,0,0.0,MichaelFloweR-,account.f2766cc3007840cbbf8b1d3717446472,0,0.0,0,0.0,0,78,0,52.109966,1,49
1bf21931-c564-4c61-b5a9-bd051cdbc4ae,Savage_Main,duo,2026-01-27T06:05:38Z,0,0,0,48.307835,byplayer,0,0,89,0,0,0.0,wjdgusdn0812,account.d28ab0cbc8184ef6b1bf70e5f1fb72ea,0,0.0,0,0.0,0,94,0,113.55195,1,46
1bf21931-c564-4c61-b5a9-bd051cdbc4ae,Savage_Main,duo,2026-01-27T06:05:38Z,0,0,0,0.0,byplayer,0,0,63,0,0,0.0,capluckyy,account.5ca23554406b4f85ba4c4d3022c8bb8d,0,0.0,0,0.0,0,246,0,101.835686,2,27
1bf21931-c564-4c61-b5a9-bd051cdbc4ae,Savage_Main,duo,2026-01-27T06:05:38Z,0,1,3,140.90323,byplayer,0,0,44,0,0,0.0,playboii1i1ii1,account.335c7e0e108d43b68540973d8c8b9881,0,0.0,0,0.0,0,890,0,3004.3792,16,8
1bf21931-c564-4c61-b5a9-bd051cdbc4ae,Savage_Main,duo,2026-01-27T06:05:38Z,2,0,0,174.894,byplayer,0,0,35,1,1,58.369015,gunmuljoo,account.339f833ce9754156800dc235db89575f,0,0.0,0,0.0,0,230,0,457.38644,10,34
1bf21931-c564-4c61-b5a9-bd051cdbc4ae,Savage_Main,duo,2026-01-27T06:05:38Z,0,0,0,62.039997,byplayer,0,0,82,0,0,0.0,GGGAAA__,account.ad48c2bb4c484bd79e7db1298d50c77e,0,0.0,0,0.0,0,188,0,203.11813,3,41
1bf21931-c564-4c61-b5a9-bd051cdbc4ae,Savage_Main,duo,2026-01-27T06:05:38Z,0,0,2,0.0,byplayer,0,0,62,0,0,0.0,jwnn112,account.3defb8fe15f241bea9b7d4c49484e691,0,0.0,0,0.0,0,282,0,525.1951,2,27
1bf21931-c564-4c61-b5a9-bd051cdbc4ae,Savage_Main,duo,2026-01-27T06:05:38Z,0,0,0,0.0,byplayer,0,0,90,0,0,0.0,ayul_2,account.0f33bde2648c43a6a489fa4e28049895,0,0.0,0,0.0,0,93,0,53.218853,1,47
1bf21931-c564-4c61-b5a9-bd051cdbc4ae,Savage_Main,duo,2026-01-27T06:05:38Z,1,1,5,115.293945,byplayer,0,0,10,2,3,125.91514,Coke_Riser,account.f112866bcd174c5da01232398c4d4a5f,0,476.11642,0,0.0,0,804,0,1986.2347,9,12
1bf21931-c564-4c61-b5a9-bd051cdbc4ae,Savage_Main,duo,2026-01-27T06:05:38Z,0,0,0,103.5,byplayer,0,0,61,0,0,0.0,2S2_yougleeS2,account.94070cd7ee92421eb811143a0e4234a3,0,0.0,0,0.0,0,285,0,871.41797,5,26
1bf21931-c564-4c61-b5a9-bd051cdbc4ae,Savage_Main,duo,2026-01-27T06:05:38Z,0,0,0,0.0,byplayer,0,0,84,0,0,0.0,Yo_jjikkeuregi,account.e1f783f17fde4e3386a5272e542af786,0,0.0,0,0.0,0,171,0,185.02037,2,42
1bf21931-c564-4c61-b5a9-bd051cdbc4ae,Savage_Main,duo,2026-01-27T06:05:38Z,1,0,0,100.0,byplayer,0,0,68,0,0,0.0,planan1,account.2d09d665d16b44009519fabf968f94cd,0,0.0,0,0.0,0,238,0,329.6098,4,31
1bf21931-c564-4c61-b5a9-bd051cdbc4ae,Savage_Main,duo,2026-01-27T06:05:38Z,2,1,4,385.33566,byplayer,1,12,22,2,2,23.303276,V_R_T-no1,account.216fad9c2fbe409495a18da750a1f4ca,0,501.3786,0,0.0,0,698,0,1442.5603,11,14
1bf21931-c564-4c61-b5a9-bd051cdbc4ae,Savage_Main,duo,2026-01-27T06:05:38Z,1,0,0,280.1718,byplayer,1,0,12,2,3,36.00077,N1ghtmare_1,account.98a1b7217aca45f0b10b7eb22a7e650d,0,0.0,0,0.0,0,454,0,592.14905,6,19
1bf21931-c564-4c61-b5a9-bd051cdbc4ae,Savage_Main,duo,2026-01-27T06:05:38Z,0,0,0,0.0,byplayer,0,0,98,0,0,0.0,clsw160416,account.b6fd5d5f8d874969a72f10221ff0daf6,0,0.0,0,0.0,0,67,0,31.464891,1,51
1bf21931-c564-4c61-b5a9-bd051cdbc4ae,Savage_Main,duo,2026-01-27T06:05:38Z,1,0,1,235.16263,byplayer,0,1,13,1,3,37.166733,Gooooo__,account.43945c623e104634a4e4e2daeda12d95,1,0.0,0,0.0,0,411,0,978.09485,10,20
1bf21931-c564-4c61-b5a9-bd051cdbc4ae,Savage_Main,duo,2026-01-27T06:05:38Z,0,0,0,0.0,byplayer,0,0,65,0,0,0.0,aldald_9,account.186a4f99eb944498bc09a37a837d6f11,0,0.0,0,0.0,0,266,0,525.76917,5,28
1bf21931-c564-4c61-b5a9-bd051cdbc4ae,Savage_Main,duo,2026-01-27T06:05:38Z,1,0,4,182.0,byplayer,0,0,19,1,2,50.1744,zooO_Ob,account.f8056fddead144afa09b0b08d160d767,0,0.0,0,0.0,0,1176,0,4955.6807,14,7
1bf21931-c564-4c61-b5a9-bd051cdbc4ae,Savage_Main,duo,2026-01-27T06:05:38Z,1,0,1,168.99138,byplayer,1,3,21,1,2,20.640226,13715971,account.13f39edeb58a488393d3e893d17be2c0,0,0.0,0,0.0,0,712,0,2155.566,7,13
1bf21931-c564-4c61-b5a9-bd051cdbc4ae,Savage_Main,duo,2026-01-27T06:05:38Z,0,0,0,30.90331,byplayer,0,0,93,0,0,0.0,lee7053,account.51d3e4999f3741509b1b90279f43f9c9,0,0.0,0,0.0,0,77,0,25.293009,1,48
1bf21931-c564-4c61-b5a9-bd051cdbc4ae,Savage_Main,duo,2026-01-27T06:05:38Z,0,0,0,0.0,byplayer,0,0,73,0,0,0.0,livinglegend87,account.da524120ea884efe8cec60b84e4388ed,0,440.71066,0,0.0,0,204,0,378.3692,5,33
1bf21931-c564-4c61-b5a9-bd051cdbc4ae,Savage_Main,duo,2026-01-27T06:05:38Z,0,0,0,29.105999,byplayer,0,0,70,0,0,0.0,shin-min-jae,account.d877e0d5d6d44d12bb59eac244d9b7c2,0,0.0,0,0.0,0,235,0,217.80574,6,32
1bf21931-c564-4c61-b5a9-bd051cdbc4ae,Savage_Main,duo,2026-01-27T06:05:38Z,0,1,2,166.03676,byplayer,0,3,43,0,0,0.0,Link_kf,account.39580f8423094b9c9c6bbcaa7de18aa4,0,0.0,0,0.0,0,784,0,1773.7924,11,5
df41efef-e84b-4c13-90d4-85a7f2db5d13,Savage_Main,squad,2026-01-27T06:15:56Z,1,0,6,217.86137,byplayer,2,0,16,1,2,71.33762,yeon_080,account.6fc5ad80f5204e269334b626ba4507c4,0,2092.992,0,0.0,0,1343,0,3213.8235,7,4
df41efef-e84b-4c13-90d4-85a7f2db5d13,Savage_Main,squad,2026-01-27T06:15:56Z,2,1,0,200.0,byplayer,0,0,93,0,0,0.0,7__-XXX,account.e4585a72a014427a8641461e16f3aa41,0,0.0,0,0.0,0,88,0,52.126785,1,28
df41efef-e84b-4c13-90d4-85a7f2db5d13,Savage_Main,squad,2026-01-27T06:15:56Z,2,1,6,386.16998,byplayer,2,2,9,1,3,259.08572,wpwndnfjr,account.d7129deb73ea4d38a80d9e6e744948d5,0,3495.5623,0,0.0,0,1299,0,2516.3882,10,5
df41efef-e84b-4c13-90d4-85a7f2db5d13,Savage_Main,squad,2026-01-27T06:15:56Z,1,0,4,69.60001,byplayer,0,2,33,1,1,15.892425,NATI_ParkHaSu,account.57798bd907e34ba3b6dc3a59d28d87b3,1,542.87646,0,0.0,0,868,0,2740.831,9,10
df41efef-e84b-4c13-90d4-85a7f2db5d13,Savage_Main,squad,2026-01-27T06:15:56Z,1,0,3,62.40004,byplayer,0,4,35,1,1,72.79214,eeeeeeeeeeeeden,account.c56b4909a866416d8b5cb03ef1d515e1,0,3703.9036,0,0.0,0,880,0,1513.001,4,11
df41efef-e84b-4c13-90d4-85a7f2db5d13,Savage_Main,squad,2026-01-27T06:15:56Z,0,0,2,21.6,byplayer,0,0,57,0,0,0.0,Angjuhyeong,account.c212da60694a4ef69c5abdee95e6ac17,0,2717.157,0,5.2051597,0,962,0,2676.372,7,11
df41efef-e84b-4c13-90d4-85a7f2db5d13,Savage_Main,squad,2026-01-27T06:15:56Z,1,0,0,100.0,byplayer,0,0,78,0,0,0.0,eatchicken12321,account.dcbe8cce13414a3b89465ad5a79d8883,0,0.0,0,0.0,0,260,0,710.87964,5,22
df41efef-e84b-4c13-90d4-85a7f2db5d13,Savage_Main,squad,2026-01-27T06:15:56Z,0,0,2,0.0,byplayer,0,0,68,0,0,0.0,kjh13_,account.c983df08abb64cb696e0aa9be92131f5,0,0.0,0,0.0,0,300,0,730.67175,7,16
df41efef-e84b-4c13-90d4-85a7f2db5d13,Savage_Main,squad,2026-01-27T06:15:56Z,1,0,1,173.13678,byplayer,0,2,37,1,1,6.822806,Chi_wa_wang,account.fc63288c67e44465884411953a22b4d1,1,0.0,0,0.0,0,624,0,1388.4636,9,13
df41efef-e84b-4c13-90d4-85a7f2db5d13,Savage_Main,squad,2026-01-27T06:15:56Z,0,0,0,48.4,byplayer,0,0,89,0,0,0.0,NiceMHJ,account.fe1039a26dfa4f98815790e133b48ab8,0,0.0,0,0.0,0,190,0,249.67749,4,26
df41efef-e84b-4c13-90d4-85a7f2db5d13,Savage_Main,squad,2026-01-27T06:15:56Z,1,0,4,112.200005,byplayer,0,3,18,1,2,10.318009,OCKDI,account.58979f853fdb4f76bd8f68d9bc32d058,2,0.0,0,0.0,0,719,0,2606.529,8,12
df41efef-e84b-4c13-90d4-85a7f2db5d13,Savage_Main,squad,2026-01-27T06:15:56Z,6,0,8,637.16644,byplayer,2,3,4,1,5,80.280365,sunchang012,account.eb5b1ca053bf4b4a947ff4177c5e8a29,2,0.0,0,0.0,0,1269,0,4405.8584,13,6
df41efef-e84b-4c13-90d4-85a7f2db5d13,Savage_Main,squad,2026-01-27T06:15:56Z,2,2,9,657.32043,alive,0,3,3,3,5,71.35605,gu_ru0,account.29d449052ddb4babb18771fe7a046a6e,0,0.0,0,0.0,0,1440,1,5107.781,13,1
df41efef-e84b-4c13-90d4-85a7f2db5d13,Savage_Main,squad,2026-01-27T06:15:56Z,2,0,2,273.28333,byplayer,0,1,67,0,0,0.0,050520_,account.0d9b060229624f8c93f91f66a163aefe,0,0.0,0,0.0,0,440,0,1102.6317,6,16
df41efef-e84b-4c13-90d4-85a7f2db5d13,Savage_Main,squad,2026-01-27T06:15:56Z,1,1,1,189.8,byplayer,0,1,44,1,1,116.186485,urii5962,account.8a7ffa685b7346f79d31d68100148232,0,0.0,0,0.0,0,228,0,444.04355,3,24
df41efef-e84b-4c13-90d4-85a7f2db5d13,Savage_Main,squad,2026-01-27T06:15:56Z,1,0,0,124.90404,byplayer,0,0,80,0,0,0.0,creativedrosip,account.2ba0a3fc138e4792a2f0de52e8f3a2f3,0,0.0,0,0.0,0,231,0,519.9969,5,23
df41efef-e84b-4c13-90d4-85a7f2db5d13,Savage_Main,squad,2026-01-27T06:15:56Z,2,1,6,237.0756,byzone,0,2,27,1,1,10.064747,llliliiiiiiiiii,account.f02bdd281f2f4f89a746ed6878aad576,0,258.57236,0,0.0,1,1366,0,3734.4,11,5
df41efef-e84b-4c13-90d4-85a7f2db5d13,Savage_Main,squad,2026-01-27T06:15:56Z,0,1,4,143.40282,byplayer,0,2,63,0,0,0.0,parktaegeun,account.f6a3d1d718cc4d0e944734c41cc8c2f2,0,0.0,0,0.0,0,452,0,751.726,3,14
df41efef-e84b-4c13-90d4-85a7f2db5d13,Savage_Main,squad,2026-01-27T06:15:56Z,1,0,1,300.0,byplayer,1,0,13,1,3,50.297523,bongzxc,account.c8e2552f22324681a800220a80e63f31,2,0.0,0,0.0,0,225,0,427.76736,3,25
df41efef-e84b-4c13-90d4-85a7f2db5d13,Savage_Main,squad,2026-01-27T06:15:56Z,3,0,8,165.73006,byplayer,1,1,8,1,3,11.926478,bjkwon81,account.287657600b224e88a92d04883ccffd58,0,2142.3062,0,0.0,0,1353,0,3071.547,12,4
df41efef-e84b-4c13-90d4-85a7f2db5d13,Savage_Main,squad,2026-01-27T06:15:56Z,0,0,0,103.024574,byplayer,0,0,71,0,0,0.0,IM_PlNK,account.6efaf07b101640dcb91f92fd988a961f,0,0.0,0,0.0,0,363,0,494.90912,4,18
df41efef-e84b-4c13-90d4-85a7f2db5d13,Savage_Main,squad,2026-01-27T06:15:56Z,0,1,0,22.140001,byplayer,0,0,46,0,0,0.0,dunh-ill66,account.d0fd3304c8fa4ce5a1d242e48aa83ceb,0,0.0,0,0.0,0,1087,0,4311.874,9,1
df41efef-e84b-4c13-90d4-85a7f2db5d13,Savage_Main,squad,2026-01-27T06:15:56Z,5,0,2,369.82434,byplayer,0,3,12,2,3,115.553535,KoreaGuardian,account.51b2aeceb0e84204b4799c11bbd071e9,0,0.0,0,0.0,0,604,0,1674.419,8,14
df41efef-e84b-4c13-90d4-85a7f2db5d13,Savage_Main,squad,2026-01-27T06:15:56Z,0,0,0,0.0,byzone,0,0,65,0,0,0.0,1st_bbanggu,account.c6595c78631547b4a9a3545a9d6d77f4,0,0.0,0,0.0,0,565,0,1.7955916,0,15
df41efef-e84b-4c13-90d4-85a7f2db5d13,Savage_Main,squad,2026-01-27T06:15:56Z,1,1,5,145.8476,byplayer,1,3,28,1,1,322.67538,americantrailer,account.1b84ea1fbb914fe98a51a2ba4a655934,1,0.0,0,0.0,0,1354,0,4484.6313,10,5
df41efef-e84b-4c13-90d4-85a7f2db5d13,Savage_Main,squad,2026-01-27T06:15:56Z,0,0,2,17.476942,byplayer,0,0,48,0,0,0.0,Leejunghyeok1,account.13473e68831e4507b43f8e1cfb2dd86b,0,0.0,0,0.0,0,815,0,2735.4185,10,2
df41efef-e84b-4c13-90d4-85a7f2db5d13,Savage_Main,squad,2026-01-27T06:15:56Z,0,0,3,37.67634,byplayer,0,1,66,0,0,0.0,Foreigner_Mark,account.0ce695bffca44f8394eae3326aa7b615,0,646.879,0,0.0,0,539,0,1331.2072,9,15
df41efef-e84b-4c13-90d4-85a7f2db5d13,Savage_Main,squad,2026-01-27T06:15:56Z,2,0,1,200.41861,byplayer,0,0,19,1,2,46.99729,N4-N4,account.eb22e009a9de4c43a6f746ab5891014d,0,0.0,0,0.0,0,700,0,2759.2732,9,12
df41efef-e84b-4c13-90d4-85a7f2db5d13,Savage_Main,squad,2026-01-27T06:15:56Z,0,0,0,84.233795,byplayer,0,0,90,0,0,0.0,goni123456,account.0f0d26d76021429aa286fc5a2988840c,0,0.0,0,0.0,0,189,0,206.516,2,26
df41efef-e84b-4c13-90d4-85a7f2db5d13,Savage_Main,squad,2026-01-27T06:15:56Z,6,0,2,488.98312,byplayer,2,5,20,1,2,46.127316,Fckas1,account.312fe85214904c219f0e597d5ca6b549,0,0.0,0,0.0,0,452,0,1269.8224,4,17
df41efef-e84b-4c13-90d4-85a7f2db5d13,Savage_Main,squad,2026-01-27T06:15:56Z,0,0,0,82.05491,byplayer,0,0,73,0,0,0.0,v0__0v0__0v,account.4f5ecb5be62a4b8dae5c3c1f15cf4f2d,0,0.0,0,0.0,0,135,0,294.9248,4,19
df41efef-e84b-4c13-90d4-85a7f2db5d13,Savage_Main,squad,2026-01-27T06:15:56Z,2,1,5,200.0,byzone,0,7,15,2,2,30.788202,busa_kor,account.72c9781bbf9f490fa2eb4d56270ac722,0,2327.77,0,0.0,0,1373,0,2455.4504,10,4
df41efef-e84b-4c13-90d4-85a7f2db5d13,Savage_Main,squad,2026-01-27T06:15:56Z,2,0,3,291.60004,byplayer,0,2,11,1,3,24.126991,Jan_ne,account.d5dd291755744702a29b3bf5f1cfb521,1,0.0,0,0.0,0,624,0,1079.804,10,13
df41efef-e84b-4c13-90d4-85a7f2db5d13,Savage_Main,squad,2026-01-27T06:15:56Z,1,0,0,161.90399,byplayer,0,0,92,0,0,0.0,ohjunhojjang,account.32505555f01a461aa97a3a6ba3ace310,0,0.0,0,0.0,0,146,0,284.16855,3,27
df41efef-e84b-4c13-90d4-85a7f2db5d13,Savage_Main,squad,2026-01-27T06:15:56Z,1,2,2,279.6784,suicide,0,0,30,1,1,2.6855035,CHOONSIK_721,account.4057d25e2ac448cf97edffd4d9393db3,0,628.8147,0,0.0,0,930,0,2326.2039,9,6
df41efef-e84b-4c13-90d4-85a7f2db5d13,Savage_Main,squad,2026-01-27T06:15:56Z,0,0,1,0.0,byplayer,0,5,72,0,0,0.0,IVE-An_Yu_Jin,account.37361eb1dd234a36b02f40e3e23a5af2,1,0.0,0,0.0,0,210,0,304.62756,2,19
df41efef-e84b-4c13-90d4-85a7f2db5d13,Savage_Main,squad,2026-01-27T06:15:56Z,0,0,0,65.10492,byplayer,0,0,84,0,0,0.0,Unkn0wn_04,account.4f86a248a684406ca82db415e5b41e48,0,0.0,0,0.0,0,228,0,493.37698,6,24
df41efef-e84b-4c13-90d4-85a7f2db5d13,Savage_Main,squad,2026-01-27T06:15:56Z,2,0,0,258.93448,byplayer,1,2,38,1,1,42.622787,MalrangDooBoo,account.4a1fa9de3eaa4bd78e90d3c274d86028,0,0.0,0,0.0,0,509,0,1296.9158,9,13
df41efef-e84b-4c13-90d4-85a7f2db5d13,Savage_Main,squad,2026-01-27T06:15:56Z,1,2,5,333.83682,byplayer,0,1,17,1,2,41.478184,bgw2726,account.66008ddd1c5f45a3a8dd2e0e40456528,1,585.30237,0,0.0,0,1339,0,4544.59,20,6
df41efef-e84b-4c13-90d4-85a7f2db5d13,Savage_Main,squad,2026-01-27T06:15:56Z,2,0,0,208.94,byplayer,1,0,22,1,2,30.715456,fantasystar7,account.49ff227302a84b598df3403bb06127a5,0,0.0,0,0.0,0,307,0,572.5834,5,21
df41efef-e84b-4c13-90d4-85a7f2db5d13,Savage_Main,squad,2026-01-27T06:15:56Z,4,3,1,388.16638,byplayer,0,3,7,1,4,39.07875,Honey_Sin,account.2c1e7e3c7a2e4bb1a6060dee6a891b51,4,661.3577,0,0.0,0,728,0,1993.3607,8,12
df41efef-e84b-4c13-90d4-85a7f2db5d13,Savage_Main,squad,2026-01-27T06:15:56Z,0,0,0,0.0,byplayer,0,0,70,0,0,0.0,ZI__WON,account.f8950cd58e304f64886231dbee92dbfb,0,0.0,0,0.0,0,363,0,1057.7771,4,18
df41efef-e84b-4c13-90d4-85a7f2db5d13,Savage_Main,squad,2026-01-27T06:15:56Z,0,0,2,72.0,byplayer,0,0,47,0,0,0.0,als_hyeok,account.83f26d8e759f4e54944c049affb1cbba,0,0.0,0,0.0,0,863,0,2825.041,9,2
df41efef-e84b-4c13-90d4-85a7f2db5d13,Savage_Main,squad,2026-01-27T06:15:56Z,0,0,0,18.9,byplayer,0,1,77,0,0,0.0,CHOIS_OSND,account.b23a825f0ac4495c82b7468c3ea2b8e9,2,0.0,0,0.0,0,282,0,475.6485,5,21
df41efef-e84b-4c13-90d4-85a7f2db5d13,Savage_Main,squad,2026-01-27T06:15:56Z,0,0,3,0.0,byplayer,0,2,59,0,0,0.0,IEIEIEIEIEIEII,account.e8eec68bf7374ed8be83eab6bdc4d6cc,0,0.0,0,0.0,0,650,0,2035.532,15,11
df41efef-e84b-4c13-90d4-85a7f2db5d13,Savage_Main,squad,2026-01-27T06:15:56Z,1,0,1,83.0,byplayer,1,2,39,1,1,23.953503,SGANG9,account.c6a07aa0f96a4aee8b15f16308a666cb,0,0.0,0,0.0,0,473,0,985.3721,7,13
df41efef-e84b-4c13-90d4-85a7f2db5d13,Savage_Main,squad,2026-01-27T06:15:56Z,3,0,3,403.42377,byplayer,0,11,6,2,4,81.70293,NATI_DOK2,account.0e6becc81b724709a3f3df519359411c,0,688.6863,0,77.153175,0,888,0,1953.8264,14,10
df41efef-e84b-4c13-90d4-85a7f2db5d13,Savage_Main,squad,2026-01-27T06:15:56Z,0,1,2,86.3165,suicide,0,8,55,0,0,0.0,NATI_lulu_truck,account.277344f17ad547379612087674e8b2f3,0,0.0,0,0.0,0,1088,0,3245.2683,5,10
df41efef-e84b-4c13-90d4-85a7f2db5d13,Savage_Main,squad,2026-01-27T06:15:56Z,4,1,5,469.60992,byplayer,2,2,5,1,4,87.481865,IM_NA-JOO,account.7c410f5ca0fd44f0accc827f16bcb6ff,4,52.555252,0,0.0,0,1434,0,4429.392,14,3
df41efef-e84b-4c13-90d4-85a7f2db5d13,Savage_Main,squad,2026-01-27T06:15:56Z,4,0,2,639.37665,byplayer,1,3,1,5,9,58.284317,AKKY_DB,account.21e4b13962e042df9469e1315816f780,3,0.0,0,0.0,0,759,0,2520.4246,8,12
df41efef-e84b-4c13-90d4-85a7f2db5d13,Savage_Main,squad,2026-01-27T06:15:56Z,0,0,0,0.0,byplayer,0,0,100,0,0,0.0,youngguns2,account.4c6754519cda4c9abc3b7dc54f5b8cb5,0,0.0,0,0.0,0,100,0,27.81075,0,31
df41efef-e84b-4c13-90d4-85a7f2db5d13,Savage_Main,squad,2026-01-27T06:15:56Z,2,1,3,288.0,byplayer,1,1,36,1,1,11.143825,Ring-_-gu,account.a034783892d24515af0c917017a5b469,0,0.0,0,0.0,0,756,0,2713.5842,8,12
df41efef-e84b-4c13-90d4-85a7f2db5d13,Savage_Main,squad,2026-01-27T06:15:56Z,0,0,6,21.236214,byplayer,0,5,50,0,0,0.0,kimchobo1313,account.1248cfac2b064d34a770661636e7f230,0,2614.797,0,0.0,1,1190,1,3207.4978,13,7
df41efef-e84b-4c13-90d4-85a7f2db5d13,Savage_Main,squad,2026-01-27T06:15:56Z,0,0,0,0.0,byplayer,0,0,81,0,0,0.0,health12,account.6e5aedf1f3b647a7b989819e49ef4faa,0,0.0,0,0.0,0,203,0,378.25018,8,23
df41efef-e84b-4c13-90d4-85a7f2db5d13,Savage_Main,squad,2026-01-27T06:15:56Z,1,0,3,285.02826,byplayer,0,2,40,1,1,10.624541,ysw1106,account.a50cdca6cb4a45b3ae3f899d0119abef,0,0.0,0,0.0,0,488,0,1303.1713,15,16
df41efef-e84b-4c13-90d4-85a7f2db5d13,Savage_Main,squad,2026-01-27T06:15:56Z,2,0,5,455.29883,alive,0,2,2,2,5,56.433754,ghdus2,account.44f94b579c2c431d93dc730b3f5f207d,1,0.0,0,0.0,0,1440,1,5685.8613,12,1
df41efef-e84b-4c13-90d4-85a7f2db5d13,Savage_Main,squad,2026-01-27T06:15:56Z,1,1,0,100.0,byplayer,0,0,99,0,0,0.0,PeakHead_V12,account.2cfcd5616c754e428a6773370b3cbc90,0,0.0,0,0.0,0,84,0,78.478966,1,30
df41efef-e84b-4c13-90d4-85a7f2db5d13,Savage_Main,squad,2026-01-27T06:15:56Z,1,1,1,97.68,byplayer,0,0,74,0,0,0.0,MIIINIIII,account.226a5f5af6c84de3bafd3ec193b4f26b,0,0.0,0,0.0,0,321,0,516.54755,5,21
df41efef-e84b-4c13-90d4-85a7f2db5d13,Savage_Main,squad,2026-01-27T06:15:56Z,1,3,5,346.11374,byplayer,0,3,60,0,0,0.0,RexXRexX_-,account.bc0e65c6ed8a4b4f9f7d8a36c71cf305,0,559.36676,0,0.0,0,696,0,1575.2642,5,12
df41efef-e84b-4c13-90d4-85a7f2db5d13,Savage_Main,squad,2026-01-27T06:15:56Z,0,1,0,67.782,byplayer,0,0,64,0,0,0.0,DRAGONFC10,account.257532ccd8f14ac6bce5f1d12a4d24f9,0,0.0,0,0.0,0,427,0,1045.2727,6,14
df41efef-e84b-4c13-90d4-85a7f2db5d13,Savage_Main,squad,2026-01-27T06:15:56Z,0,0,6,0.0,byzone,0,17,56,0,0,0.0,NATI_YeoNi,account.3a29b566a4574b389247a52b3909ad1a,0,0.0,0,0.0,0,1088,0,3156.233,10,10
df41efef-e84b-4c13-90d4-85a7f2db5d13,Savage_Main,squad,2026-01-27T06:15:56Z,1,1,7,334.55234,byplayer,1,1,25,1,1,48.186348,eutttttuti,account.d6045f16e632444a9e7d749c2370011b,0,0.0,0,0.0,0,1437,0,3253.2854,12,2
df41efef-e84b-4c13-90d4-85a7f2db5d13,Savage_Main,squad,2026-01-27T06:15:56Z,1,0,2,245.49728,byplayer,0,1,26,1,1,97.4052,ares99_9,account.ec3c87871c3949dd961ada7bf488d133,0,0.0,0,0.0,0,1119,0,3381.9146,13,3
df41efef-e84b-4c13-90d4-85a7f2db5d13,Savage_Main,squad,2026-01-27T06:15:56Z,0,0,0,18.9,byplayer,0,0,95,0,0,0.0,BoNowoou,account.74c43d8a570741ccbf162f274709a60b,0,0.0,0,0.0,0,106,0,148.34006,2,29
df41efef-e84b-4c13-90d4-85a7f2db5d13,Savage_Main,squad,2026-01-27T06:15:56Z,1,0,0,100.0,byplayer,0,0,97,0,0,0.0,kxn_m_,account.f693352dbe434fb396886ebbaece970e,0,0.0,0,0.0,0,96,0,76.97269,1,29
df41efef-e84b-4c13-90d4-85a7f2db5d13,Savage_Main,squad,2026-01-27T06:15:56Z,1,0,0,210.6449,byplayer,0,0,69,0,0,0.0,Angry_noopy,account.cf1ce023b51f4fc0ae98894598e4695b,0,0.0,0,0.0,0,391,0,875.4706,10,18
df41efef-e84b-4c13-90d4-85a7f2db5d13,Savage_Main,squad,2026-01-27T06:15:56Z,3,1,1,210.00002,byplayer,0,1,24,1,2,5.830529,7ure_-,account.bf45fb8c3ac44f66911266d0530ce803,0,0.0,0,0.0,0,127,0,97.17567,3,28
df41efef-e84b-4c13-90d4-85a7f2db5d13,Savage_Main,squad,2026-01-27T06:15:56Z,0,1,0,28.38,byplayer,0,0,76,0,0,0.0,shottaquack,account.bb23df6586e54e7dbfcb71307808a41e,0,0.0,0,0.0,0,299,0,474.62628,4,21
df41efef-e84b-4c13-90d4-85a7f2db5d13,Savage_Main,squad,2026-01-27T06:15:56Z,2,2,8,213.44995,byzone,0,2,14,1,2,18.967514,Discovery_Paduk,account.67d4ee9f3708411a93f575280824c0c8,1,0.0,0,0.0,0,1186,0,4040.5095,11,3
df41efef-e84b-4c13-90d4-85a7f2db5d13,Savage_Main,squad,2026-01-27T06:15:56Z,0,0,0,0.0,byplayer,0,0,83,0,0,0.0,BickDicTennis,account.a08a1c170bb140eaabba07a2bb9d7e1d,0,0.0,0,0.0,0,197,0,269.82498,3,23
df41efef-e84b-4c13-90d4-85a7f2db5d13,Savage_Main,squad,2026-01-27T06:15:56Z,1,0,2,124.33254,byplayer,0,2,54,0,0,0.0,lAM-Doong2,account.56dc17509e604de59b460c5680ceb419,0,712.96094,0,0.0,0,779,0,2304.967,9,9
df41efef-e84b-4c13-90d4-85a7f2db5d13,Savage_Main,squad,2026-01-27T06:15:56Z,0,0,0,0.0,byplayer,0,0,88,0,0,0.0,Jinhyunhozz6,account.b06fdbe0900e44c4ace9a3adf8502657,0,0.0,0,0.0,0,190,0,261.74164,6,25
df41efef-e84b-4c13-90d4-85a7f2db5d13,Savage_Main,squad,2026-01-27T06:15:56Z,0,0,0,58.192947,byplayer,0,0,96,0,0,0.0,jmt_1017,account.0f77d01ecf074443991d448767a49658,0,0.0,0,0.0,0,102,0,200.864,2,29
df41efef-e84b-4c13-90d4-85a7f2db5d13,Savage_Main,squad,2026-01-27T06:15:56Z,0,0,0,0.0,byplayer,0,0,82,0,0,0.0,E201601022,account.7fc67e9469a14fd0bdb3e3eb79f9ed2e,0,0.0,0,0.0,0,201,0,381.06625,5,23
df41efef-e84b-4c13-90d4-85a7f2db5d13,Savage_Main,squad,2026-01-27T06:15:56Z,0,0,0,28.413,byplayer,0,0,86,0,0,0.0,hyejjoojjoo,account.c9ae46b9186e4a788f32bb3c04612ca9,0,0.0,0,0.0,0,225,0,311.32748,3,25
df41efef-e84b-4c13-90d4-85a7f2db5d13,Savage_Main,squad,2026-01-27T06:15:56Z,1,0,3,99.99999,byplayer,0,2,42,1,1,21.322495,cheonsongii,account.428d62d58679440999d09f87ee9011ab,0,0.0,0,0.0,0,352,0,592.3281,6,19
df41efef-e84b-4c13-90d4-85a7f2db5d13,Savage_Main,squad,2026-01-27T06:15:56Z,2,0,1,201.0,byplayer,0,0,43,1,1,92.18463,oct29th99,account.925a2b5fed814a33a144af4f86168b4e,0,0.0,0,0.0,0,260,0,399.26956,4,22
df41efef-e84b-4c13-90d4-85a7f2db5d13,Savage_Main,squad,2026-01-27T06:15:56Z,0,0,0,0.0,byplayer,0,0,91,0,0,0.0,diguda1,account.9f7b517aa8d647c6abc27b1c7dcb0628,0,0.0,0,0.0,0,171,0,55.025307,0,26
df41efef-e84b-4c13-90d4-85a7f2db5d13,Savage_Main,squad,2026-01-27T06:15:56Z,1,0,5,103.0,byplayer,0,1,34,1,1,15.121512,NamsanTelescope,account.1a4910a4336246a7a8664a748ce4c709,0,992.04736,0,0.0,0,917,0,2597.1108,9,11
df41efef-e84b-4c13-90d4-85a7f2db5d13,Savage_Main,squad,2026-01-27T06:15:56Z,0,0,1,0.0,byplayer,0,1,62,0,0,0.0,lgit1,account.fc03336662d94a179506af916d0ac1cc,1,0.0,0,0.0,0,469,0,707.85223,4,14
df41efef-e84b-4c13-90d4-85a7f2db5d13,Savage_Main,squad,2026-01-27T06:15:56Z,1,3,5,190.91913,byplayer,0,1,49,0,0,0.0,Thierry_Henryy,account.7ddfd9a339314ab8b2dbbe2c8efe3161,1,2176.1794,0,42.74259,0,1353,0,3135.032,15,4
df41efef-e84b-4c13-90d4-85a7f2db5d13,Savage_Main,squad,2026-01-27T06:15:56Z,0,1,5,186.38812,byplayer,0,0,29,1,1,9.753937,SEM0_-,account.b54590a8a80840cb805385c64479cf0e,0,0.0,0,0.0,0,1280,0,4416.2505,11,5
df41efef-e84b-4c13-90d4-85a7f2db5d13,Savage_Main,squad,2026-01-27T06:15:56Z,0,0,2,0.0,byplayer,0,5,87,0,0,0.0,And_Cartier,account.8ad14eee34694ade906d26b99cdef346,0,0.0,0,0.0,0,225,0,212.20297,2,25
df41efef-e84b-4c13-90d4-85a7f2db5d13,Savage_Main,squad,2026-01-27T06:15:56Z,0,0,4,0.0,byplayer,0,0,61,0,0,0.0,Achilleus_9,account.5cddf7dbc3f64de0b52b213b8194e3f1,0,0.0,0,0.0,0,676,0,1959.2595,7,12
df41efef-e84b-4c13-90d4-85a7f2db5d13,Savage_Main,squad,2026-01-27T06:15:56Z,0,0,0,0.0,byplayer,0,0,94,0,0,0.0,pppttz,account.3a100fdbdd694617bbc7dff668fb33a1,0,0.0,0,0.0,0,77,0,31.352036,1,28
df41efef-e84b-4c13-90d4-85a7f2db5d13,Savage_Main,squad,2026-01-27T06:15:56Z,0,0,1,22.242744,byplayer,0,3,58,0,0,0.0,saxgamja,account.97436bfec4174307968e7bb7b9c89c46,0,3151.1758,0,1.6280994,0,902,0,1831.7914,8,11
df41efef-e84b-4c13-90d4-85a7f2db5d13,Savage_Main,squad,2026-01-27T06:15:56Z,1,1,1,344.5961,byplayer,0,1,41,1,1,31.865086,kimjw0109,account.9af35aa5b08a4ec99fdf3b7313f0c904,2,0.0,0,0.0,0,487,0,1075.1361,5,16
df41efef-e84b-4c13-90d4-85a7f2db5d13,Savage_Main,squad,2026-01-27T06:15:56Z,2,1,2,243.47641,byplayer,1,3,10,1,3,88.21791,sebastian1220,account.9cdcbbbf918b4c7bb5c553038b46c159,0,0.0,0,0.0,0,1092,0,4172.107,8,9
df41efef-e84b-4c13-90d4-85a7f2db5d13,Savage_Main,squad,2026-01-27T06:15:56Z,0,0,0,26.4,byplayer,0,0,79,0,0,0.0,DH1862,account.4db6311e363042ebb84387594a908c7f,0,0.0,0,0.0,0,235,0,351.60947,2,22
df41efef-e84b-4c13-90d4-85a7f2db5d13,Savage_Main,squad,2026-01-27T06:15:56Z,1,0,0,36.407555,byplayer,0,0,23,1,2,22.287996,GAYAZI_CEun,account.25db64a0870f4e08826a358f87739592,1,0.0,0,0.0,0,228,0,408.07327,4,24
df41efef-e84b-4c13-90d4-85a7f2db5d13,Savage_Main,squad,2026-01-27T06:15:56Z,0,0,0,65.835,byplayer,0,0,101,0,0,0.0,NewJeans_Cookie,account.21b5c7ebe3014774ab610fa4f3d06fa6,0,0.0,0,0.0,0,77,0,44.974583,1,31
df41efef-e84b-4c13-90d4-85a7f2db5d13,Savage_Main,squad,2026-01-27T06:15:56Z,0,0,1,40.0,byplayer,0,4,75,0,0,0.0,Hotsmith,account.b6bf32f23ad548de95d4997245ccb3bc,0,0.0,0,0.0,0,312,0,494.14673,7,21
df41efef-e84b-4c13-90d4-85a7f2db5d13,Savage_Main,squad,2026-01-27T06:15:56Z,1,0,5,131.4,byplayer,0,0,31,1,1,57.12202,daeooNAVIoobak,account.25463d3acd9d42d2ae7ea474831be364,1,1119.636,0,0.0,0,1190,0,3644.5674,9,7
df41efef-e84b-4c13-90d4-85a7f2db5d13,Savage_Main,squad,2026-01-27T06:15:56Z,2,0,1,200.0,byplayer,0,0,21,1,2,24.829025,Alexander-YM,account.198bb15b564b497a9ecbdc5ae0ba2f8d,0,0.0,0,0.0,0,350,0,740.00354,6,20
df41efef-e84b-4c13-90d4-85a7f2db5d13,Savage_Main,squad,2026-01-27T06:15:56Z,0,0,0,21.450508,byplayer,0,0,98,0,0,0.0,BBakee2231,account.9f01a05e11e245c887428d3c37735655,0,0.0,0,0.0,0,84,0,56.671078,2,29
df41efef-e84b-4c13-90d4-85a7f2db5d13,Savage_Main,squad,2026-01-27T06:15:56Z,1,0,6,65.79985,byplayer,1,5,32,1,1,90.20108,ShinWooSuk,account.56dee711af7a45c5b0d680e543aa0aef,0,0.0,0,0.0,0,1040,0,3769.6565,7,10
df41efef-e84b-4c13-90d4-85a7f2db5d13,Savage_Main,squad,2026-01-27T06:15:56Z,0,1,0,157.57318,byplayer,0,4,85,0,0,0.0,korea-chs,account.93fe0b02411c40b684ff6d8ceb14ae2c,0,0.0,0,0.0,0,228,0,504.7183,5,24
4723122b-4721-431b-96af-724a11f247bd,Savage_Main,squad,2026-01-27T06:27:30Z,1,1,6,216.3913,byplayer,0,2,33,1,1,30.07645,DDUHWAN-E,account.e4c3511e57514d728e9bbcd3441c53ad,0,0.0,0,0.0,0,1285,0,4650.5347,9,4
4723122b-4721-431b-96af-724a11f247bd,Savage_Main,squad,2026-01-27T06:27:30Z,3,0,5,267.99994,byplayer,0,5,22,1,2,68.25296,YangGGuRRi,account.702862ef352c429799b592f47201ccab,0,0.0,0,0.0,0,824,0,2849.6106,10,9
4723122b-4721-431b-96af-724a11f247bd,Savage_Main,squad,2026-01-27T06:27:30Z,0,0,6,69.66,byplayer,0,3,52,0,0,0.0,rxxt,account.00a8a6c163f54cfd97e60d3a1cf3d248,0,0.0,0,0.0,0,1234,0,4095.8406,19,6
4723122b-4721-431b-96af-724a11f247bd,Savage_Main,squad,2026-01-27T06:27:30Z,0,0,0,62.84291,byplayer,0,0,61,0,0,0.0,PP_CASS,account.b69613811d3541229dcd929fb1252200,0,0.0,0,0.0,0,432,0,825.15405,5,13
4723122b-4721-431b-96af-724a11f247bd,Savage_Main,squad,2026-01-27T06:27:30Z,1,0,0,135.36226,byplayer,0,0,77,0,0,0.0,MANISPINK,account.7283b4ea2f6d4dc88d52a23803806649,0,0.0,0,0.0,0,222,0,531.0787,9,21
4723122b-4721-431b-96af-724a11f247bd,Savage_Main,squad,2026-01-27T06:27:30Z,0,0,0,24.0,byplayer,0,0,99,0,0,0.0,fresh-gyelanmal-,account.555e2360e8024d80b09bf5fce5988a8f,0,0.0,0,0.0,0,118,0,131.75735,2,29
4723122b-4721-431b-96af-724a11f247bd,Savage_Main,squad,2026-01-27T06:27:30Z,2,1,4,252.87688,byplayer,1,1,20,1,2,53.1615,soxndjd,account.1c2f824281c34638a7e8bc788bd3ff24,0,0.0,0,0.0,0,998,0,3165.8433,10,5
4723122b-4721-431b-96af-724a11f247bd,Savage_Main,squad,2026-01-27T06:27:30Z,0,1,2,24.6,byplayer,0,0,39,1,1,7.727397,Soo__ang__,account.570aff039aca47e8ae5858e80ebb2439,0,187.5359,0,0.0,0,444,0,1216.3967,4,12
4723122b-4721-431b-96af-724a11f247bd,Savage_Main,squad,2026-01-27T06:27:30Z,0,0,0,0.0,byplayer,0,0,73,0,0,0.0,nimidae,account.24dbb1cf919740ccbcd7875f70c78f05,0,0.0,0,0.0,0,182,0,378.16696,4,19
4723122b-4721-431b-96af-724a11f247bd,Savage_Main,squad,2026-01-27T06:27:30Z,1,0,3,115.49315,byplayer,0,2,34,1,1,28.239527,nasuy_0110,account.637ea8cfad4f4c1f911798b9af7cabb6,0,0.0,0,0.0,0,1156,0,3014.145,14,5
4723122b-4721-431b-96af-724a11f247bd,Savage_Main,squad,2026-01-27T06:27:30Z,0,1,0,36.170757,byplayer,0,0,94,0,0,0.0,urii5962,account.8a7ffa685b7346f79d31d68100148232,0,0.0,0,0.0,0,146,0,236.04123,6,27
4723122b-4721-431b-96af-724a11f247bd,Savage_Main,squad,2026-01-27T06:27:30Z,2,0,1,233.74745,byplayer,1,1,26,1,2,4.789825,smreo1112,account.0a6964d8181f4c78ac20dca48d9cb2f1,0,0.0,0,0.0,0,278,0,544.6648,4,15
4723122b-4721-431b-96af-724a11f247bd,Savage_Main,squad,2026-01-27T06:27:30Z,0,0,0,0.0,byplayer,0,0,85,0,0,0.0,2na-_-v,account.20f8ea22fce243708acc26fa6f967672,0,0.0,0,0.0,0,171,0,122.96046,0,25
4723122b-4721-431b-96af-724a11f247bd,Savage_Main,squad,2026-01-27T06:27:30Z,0,0,0,106.78314,byplayer,0,0,54,0,0,0.0,cestxoi_,account.e891d8a5a84b4c07be85233804e1dada,1,0.0,0,0.0,0,801,0,2386.3853,9,10
4723122b-4721-431b-96af-724a11f247bd,Savage_Main,squad,2026-01-27T06:27:30Z,1,2,7,140.93443,byzone,0,3,18,1,2,19.829052,SANTAFEJUIN,account.8ee4ba5be72e4f9eb13fa8def9f87e50,0,161.97182,0,0.0,0,1288,0,4678.86,13,4
4723122b-4721-431b-96af-724a11f247bd,Savage_Main,squad,2026-01-27T06:27:30Z,0,0,0,46.409996,byplayer,0,0,88,0,0,0.0,Novaride_3,account.5cb9c477cf064f3687a4ad458e1f8c1f,0,0.0,0,0.0,0,98,0,30.17295,1,26
4723122b-4721-431b-96af-724a11f247bd,Savage_Main,squad,2026-01-27T06:27:30Z,2,0,2,174.18225,byplayer,0,3,59,0,0,0.0,MulBaSipal_umA,account.c1a2fd47b03d4e048e3099dd61dd350e,1,0.0,0,0.0,0,432,0,782.72266,6,13
4723122b-4721-431b-96af-724a11f247bd,Savage_Main,squad,2026-01-27T06:27:30Z,1,0,1,100.0,byplayer,0,1,49,1,1,1.4883173,bxxrinxxnar,account.21a2b14806ad40a9b8fcd4119933090c,0,0.0,0,0.0,0,150,0,269.845,3,27
4723122b-4721-431b-96af-724a11f247bd,Savage_Main,squad,2026-01-27T06:27:30Z,0,0,0,0.0,byplayer,0,0,79,0,0,0.0,DRAGONFC10,account.257532ccd8f14ac6bce5f1d12a4d24f9,0,0.0,0,0.0,0,217,0,298.2105,6,22
4723122b-4721-431b-96af-724a11f247bd,Savage_Main,squad,2026-01-27T06:27:30Z,1,1,0,190.45,byplayer,0,0,72,0,0,0.0,d----o_o----b,account.5c0230f4fe89429dbf117d32c5e248ab,0,0.0,0,0.0,0,96,0,83.211426,1,18
4723122b-4721-431b-96af-724a11f247bd,Savage_Main,squad,2026-01-27T06:27:30Z,1,1,2,161.15607,byplayer,1,2,41,1,1,28.215029,ll9llil1lill8il,account.0ab0368907034daa8c9ba90e82585c2f,1,0.0,0,0.0,0,416,0,852.0609,4,13
4723122b-4721-431b-96af-724a11f247bd,Savage_Main,squad,2026-01-27T06:27:30Z,1,0,0,100.0,byplayer,0,0,68,0,0,0.0,KOR_kkomada,account.c7ffbf60356f4c4ab1bb498964634575,0,0.0,0,0.0,0,261,0,581.5713,4,16
4723122b-4721-431b-96af-724a11f247bd,Savage_Main,squad,2026-01-27T06:27:30Z,0,0,0,0.0,byplayer,0,0,67,0,0,0.0,ILLHYHL__81,account.b2057094518d4756bccde1e96b2d64d1,0,0.0,0,0.0,0,269,0,528.37933,5,16
4723122b-4721-431b-96af-724a11f247bd,Savage_Main,squad,2026-01-27T06:27:30Z,0,0,1,0.0,byplayer,0,0,81,0,0,0.0,LuckyDayGo,account.5b53652c9d6c4828beab248cc3d4a19c,0,0.0,0,0.0,0,215,0,428.6669,5,23
4723122b-4721-431b-96af-724a11f247bd,Savage_Main,squad,2026-01-27T06:27:30Z,3,1,8,593.9751,byplayer,3,5,3,2,4,36.399197,LCW_SINA,account.423c836ae939428dbde76cb6c4c61a3d,0,440.23013,0,0.0,0,1210,0,4504.498,13,4
4723122b-4721-431b-96af-724a11f247bd,Savage_Main,squad,2026-01-27T06:27:30Z,0,0,2,48.30771,byplayer,0,1,56,0,0,0.0,ALSRL-GUS,account.806c55a1cc2749c498fce033aa8ef735,1,930.34467,0,0.0,1,589,0,1435.1906,11,11
4723122b-4721-431b-96af-724a11f247bd,Savage_Main,squad,2026-01-27T06:27:30Z,0,0,0,0.0,byplayer,0,0,101,0,0,0.0,ilta1,account.79205e8de8274547ac340505e932a213,0,0.0,0,0.0,0,88,0,25.168894,1,29
4723122b-4721-431b-96af-724a11f247bd,Savage_Main,squad,2026-01-27T06:27:30Z,2,1,5,234.68222,alive,1,2,9,2,3,41.006626,seungmooppa,account.fb706de2fe0f46a59579cdab54237bb3,0,3313.399,0,0.0,0,1392,0,2467.5447,6,1
4723122b-4721-431b-96af-724a11f247bd,Savage_Main,squad,2026-01-27T06:27:30Z,0,0,0,52.0,byplayer,0,0,57,0,0,0.0,yeong26,account.b9cba0c4dd9e45b3972588b126b7f986,0,0.0,0,0.0,0,494,0,1085.9014,6,11
4723122b-4721-431b-96af-724a11f247bd,Savage_Main,squad,2026-01-27T06:27:30Z,3,1,6,522.02405,byplayer,0,2,5,2,4,37.07335,BingBing-_-ba,account.03bd4fad7902464482caf6b278f94457,1,0.0,0,12.58685,0,955,0,2923.2012,6,8
4723122b-4721-431b-96af-724a11f247bd,Savage_Main,squad,2026-01-27T06:27:30Z,3,1,1,361.35605,byplayer,1,0,13,2,3,55.931374,shinyuhan_0608,account.b36b419f1df44cc9892cef22d900f0d4,0,0.0,0,0.0,0,250,0,463.946,3,19
4723122b-4721-431b-96af-724a11f247bd,Savage_Main,squad,2026-01-27T06:27:30Z,1,0,3,15.232676,byplayer,0,0,21,2,2,72.61148,BK_Jin_H,account.4c91879dfa5c4ba2964891d0e32b6f95,0,0.0,0,0.0,0,1043,0,3443.8315,13,7
4723122b-4721-431b-96af-724a11f247bd,Savage_Main,squad,2026-01-27T06:27:30Z,0,0,4,0.0,byplayer,0,1,55,0,0,0.0,WANT-SXX,account.834d343bc6634ecea84bb35aef1543c7,0,0.0,0,0.0,0,801,0,2896.4731,11,10
4723122b-4721-431b-96af-724a11f247bd,Savage_Main,squad,2026-01-27T06:27:30Z,1,0,3,232.05212,byplayer,0,1,23,1,2,90.54368,SalsalsswA_,account.692bcc6ddbd843fb8b407bc5f5d92115,0,0.0,0,0.0,0,580,0,2227.7595,10,11
4723122b-4721-431b-96af-724a11f247bd,Savage_Main,squad,2026-01-27T06:27:30Z,0,0,3,73.08342,byplayer,1,13,37,1,1,3.7121782,nammins,account.71f7578a239d406cb6f24ff24920dd90,0,0.0,0,0.0,0,836,0,2752.952,7,9
4723122b-4721-431b-96af-724a11f247bd,Savage_Main,squad,2026-01-27T06:27:30Z,1,0,0,209.62549,byplayer,0,0,76,0,0,0.0,S_GYS,account.e9df491333e04f2f8e7d77db1b6f2fd1,0,482.14026,0,0.0,0,222,0,383.8588,3,21
4723122b-4721-431b-96af-724a11f247bd,Savage_Main,squad,2026-01-27T06:27:30Z,1,0,0,100.0,byplayer,0,0,93,0,0,0.0,GAEGOYA,account.f888cc0cb6974512a7074e6492c79bfe,0,0.0,0,0.0,0,154,0,209.16927,2,27
4723122b-4721-431b-96af-724a11f247bd,Savage_Main,squad,2026-01-27T06:27:30Z,5,3,3,719.7012,byplayer,1,4,1,2,6,51.27003,LUZ_GENE,account.1d9a1001a4d3455bb920d9909e9c7c81,0,0.0,0,0.0,0,1363,0,3559.0825,15,3
4723122b-4721-431b-96af-724a11f247bd,Savage_Main,squad,2026-01-27T06:27:30Z,2,0,0,202.92877,byplayer,0,1,24,2,2,8.836278,sevallnon,account.d53f29f9c1a74a4e88e833802cb12cf8,0,0.0,0,0.0,0,249,0,569.2534,2,12
4723122b-4721-431b-96af-724a11f247bd,Savage_Main,squad,2026-01-27T06:27:30Z,1,1,0,16.609562,byplayer,0,2,62,0,0,0.0,oppa__here112,account.76bf45bad03849a38eb18a87d2e0fb51,0,1.5423924,0,0.0,0,393,0,524.12994,5,13
4723122b-4721-431b-96af-724a11f247bd,Savage_Main,squad,2026-01-27T06:27:30Z,3,0,0,210.0,byplayer,2,0,28,1,2,27.100786,o_Mh_o,account.573a5a7a3128438caba46cb9353b196c,0,0.0,0,0.0,0,256,0,610.1537,4,18
4723122b-4721-431b-96af-724a11f247bd,Savage_Main,squad,2026-01-27T06:27:30Z,0,0,0,100.0,byplayer,0,0,36,1,1,43.439316,wnsgkmother,account.748dfb86d9e04924a0275a821bc06637,0,0.0,0,0.0,0,1000,0,3626.7878,12,7
4723122b-4721-431b-96af-724a11f247bd,Savage_Main,squad,2026-01-27T06:27:30Z,1,0,2,100.0,byplayer,0,0,38,1,1,50.9112,055_moon,account.9f6d11acb98345feae383ce4a1276a83,1,232.77855,0,0.0,0,590,0,1583.1334,7,11
4723122b-4721-431b-96af-724a11f247bd,Savage_Main,squad,2026-01-27T06:27:30Z,0,2,4,113.98775,byplayer,0,2,53,0,0,0.0,chubbybadger,account.88d9867c49df4bb3a9cf30b3826e5f5c,0,0.0,0,0.0,0,836,0,2346.1355,12,9
4723122b-4721-431b-96af-724a11f247bd,Savage_Main,squad,2026-01-27T06:27:30Z,1,0,1,167.11165,byplayer,1,1,47,1,1,19.715734,HHKbig,account.ea991da5492c401692aeeba738a54672,0,0.0,0,0.0,0,215,0,496.4851,5,23
4723122b-4721-431b-96af-724a11f247bd,Savage_Main,squad,2026-01-27T06:27:30Z,0,0,2,0.0,alive,0,2,30,1,1,62.888126,dldbtls2001,account.3173e2877dee4bac8f2c4d7869c0f895,2,2335.116,0,0.0,0,1392,0,3085.3027,18,1
4723122b-4721-431b-96af-724a11f247bd,Savage_Main,squad,2026-01-27T06:27:30Z,0,1,0,18.9,byplayer,0,1,70,0,0,0.0,IIIIIIIOOIIIIII,account.bb084ecbfa5b426190dad38f0434995b,1,0.0,0,0.0,0,264,0,427.07944,2,17
4723122b-4721-431b-96af-724a11f247bd,Savage_Main,squad,2026-01-27T06:27:30Z,1,0,0,100.00001,byplayer,0,0,43,1,1,7.045957,August_lucy,account.54efc5b291424ed994c17ad1090d8e2f,0,0.0,0,0.0,0,214,0,170.13533,2,15
4723122b-4721-431b-96af-724a11f247bd,Savage_Main,squad,2026-01-27T06:27:30Z,0,0,0,0.0,byplayer,0,0,63,0,0,0.0,mapogukarina,account.00c429c5bf7a448090999e06ac93e7df,0,0.0,0,0.0,0,196,0,454.23373,4,14
4723122b-4721-431b-96af-724a11f247bd,Savage_Main,squad,2026-01-27T06:27:30Z,1,0,0,143.24797,byplayer,0,0,91,0,0,0.0,WhoLaL,account.877d131d9a6d414bbeca7b155a8233cf,1,0.0,0,0.0,0,165,0,322.12527,3,27
4723122b-4721-431b-96af-724a11f247bd,Savage_Main,squad,2026-01-27T06:27:30Z,0,0,0,67.54649,byplayer,0,0,90,0,0,0.0,bae_baem_bae,account.8740dde602744c4ba1dcf8b3c62cca69,0,0.0,0,0.0,0,165,0,268.71313,2,27
4723122b-4721-431b-96af-724a11f247bd,Savage_Main,squad,2026-01-27T06:27:30Z,0,0,0,21.6,byplayer,0,0,89,0,0,0.0,ehdgus2327,account.325b558e64db4ea283acfeaa83993839,0,0.0,0,0.0,0,172,0,148.7311,1,27
4723122b-4721-431b-96af-724a11f247bd,Savage_Main,squad,2026-01-27T06:27:30Z,2,1,3,700.8353,byplayer,0,1,4,1,4,42.15775,LIVE-CM,account.591d59c705c946f993adf5436eb48514,1,0.0,0,0.0,0,1105,0,2919.998,14,5
4723122b-4721-431b-96af-724a11f247bd,Savage_Main,squad,2026-01-27T06:27:30Z,0,0,0,0.0,byplayer,0,0,87,0,0,0.0,zasdasdad,account.ad6ac098fbb94512b11097a0e80b604b,0,0.0,0,0.0,0,148,0,204.36703,1,25
4723122b-4721-431b-96af-724a11f247bd,Savage_Main,squad,2026-01-27T06:27:30Z,3,0,6,418.90768,byplayer,0,2,16,1,2,50.790054,bohyun_0,account.f972127fe0c7462e9bc494a7f29439fc,1,0.0,0,0.0,0,1364,0,3772.119,9,3
4723122b-4721-431b-96af-724a11f247bd,Savage_Main,squad,2026-01-27T06:27:30Z,0,0,1,0.0,byplayer,0,0,64,0,0,0.0,kkotbae,account.7d1940bea4c5471bbc39b9898921d611,0,0.0,0,0.0,0,190,0,207.21904,2,15
4723122b-4721-431b-96af-724a11f247bd,Savage_Main,squad,2026-01-27T06:27:30Z,2,0,0,287.80347,byplayer,0,0,11,2,3,14.022744,KorPark-,account.8fc601d9ca414b0c98e673082456c863,1,0.0,0,0.0,0,401,0,1301.5579,5,14
4723122b-4721-431b-96af-724a11f247bd,Savage_Main,squad,2026-01-27T06:27:30Z,1,0,0,163.36,byplayer,0,0,35,1,1,6.957959,wnsgk4890,account.3d4e7571a2bd40f5bc7a7d1d5b60082f,0,0.0,0,0.0,0,1081,0,3527.0374,9,7
4723122b-4721-431b-96af-724a11f247bd,Savage_Main,squad,2026-01-27T06:27:30Z,3,0,7,248.79991,byplayer,1,8,10,2,3,23.571133,KOR_NALARI,account.fef876aa8fa440b1b5584b992b1bb696,1,0.0,0,0.0,0,1197,0,4350.317,19,4
4723122b-4721-431b-96af-724a11f247bd,Savage_Main,squad,2026-01-27T06:27:30Z,0,0,0,0.0,byplayer,0,0,71,0,0,0.0,YTK_JINN,account.0f7a59d800fd4029a5f85ba01bd7e230,0,0.0,0,0.0,0,223,0,258.9634,2,18
4723122b-4721-431b-96af-724a11f247bd,Savage_Main,squad,2026-01-27T06:27:30Z,2,2,5,174.48358,byplayer,0,2,19,1,2,13.399548,rufybutler_0707,account.01b214c86fbe4963934db7d70bcdbcf6,0,0.0,0,0.0,0,1198,0,3524.0579,12,5
4723122b-4721-431b-96af-724a11f247bd,Savage_Main,squad,2026-01-27T06:27:30Z,2,0,1,117.26779,alive,0,8,14,2,2,19.981712,lllllllllll-_-1,account.80e80f1b0b4a4a88b80f3319c8efdeb4,1,2892.4927,0,0.0,0,1392,0,2583.8726,12,1
4723122b-4721-431b-96af-724a11f247bd,Savage_Main,squad,2026-01-27T06:27:30Z,0,1,2,0.0,byplayer,0,0,82,0,0,0.0,zzzzpO_Oqzzzz,account.dd744bc9c58347828c9c8e76e3b2a96f,0,0.0,0,0.0,0,206,0,272.9743,4,23
4723122b-4721-431b-96af-724a11f247bd,Savage_Main,squad,2026-01-27T06:27:30Z,1,0,0,100.0,byplayer,0,0,84,0,0,0.0,lgit1,account.fc03336662d94a179506af916d0ac1cc,0,0.0,0,0.0,0,152,0,282.9577,3,23
4723122b-4721-431b-96af-724a11f247bd,Savage_Main,squad,2026-01-27T06:27:30Z,1,0,0,189.24393,byplayer,0,0,86,0,0,0.0,FuckCWS,account.da8850581dab4fab9095719e6678fcdc,0,0.0,0,0.0,0,171,0,232.56638,4,25
4723122b-4721-431b-96af-724a11f247bd,Savage_Main,squad,2026-01-27T06:27:30Z,2,1,7,207.79506,byplayer,1,3,31,1,1,36.22244,A0_GANGNEUNG,account.8529f0515a164cdf94a845200f1cf41a,1,0.0,0,0.0,0,1389,0,5438.215,13,2
4723122b-4721-431b-96af-724a11f247bd,Savage_Main,squad,2026-01-27T06:27:30Z,2,2,2,388.59998,byplayer,0,2,17,1,2,17.488605,Laser_Ystar,account.7725e1b0be9b473db47796ab641c9bd3,1,344.4411,0,0.0,0,1015,0,2941.4875,6,3
4723122b-4721-431b-96af-724a11f247bd,Savage_Main,squad,2026-01-27T06:27:30Z,1,0,6,161.97176,byplayer,0,2,15,2,2,36.505367,KTH_THTH,account.b2055086d01946f69bcc2b305f475722,0,0.0,0,0.0,0,1389,1,4978.915,11,2
4723122b-4721-431b-96af-724a11f247bd,Savage_Main,squad,2026-01-27T06:27:30Z,1,0,0,137.91725,byplayer,0,0,48,1,1,61.715332,agitorrigongju,account.bc6189b01cdc4955948606b27ef82cfe,0,0.0,0,0.0,0,169,0,407.29465,2,26
4723122b-4721-431b-96af-724a11f247bd,Savage_Main,squad,2026-01-27T06:27:30Z,2,0,1,236.95999,byplayer,0,0,29,2,2,8.168081,NNNNNN_WWWWW,account.1378a35f7fa34ba4a3f4846e08ebf009,0,0.0,0,0.0,0,188,0,461.60236,8,24
4723122b-4721-431b-96af-724a11f247bd,Savage_Main,squad,2026-01-27T06:27:30Z,0,0,0,0.0,byplayer,0,0,74,0,0,0.0,dmsco212,account.845673c98d5e4d7b87de9baf2deb817f,0,0.0,0,0.0,0,249,0,462.1759,6,20
4723122b-4721-431b-96af-724a11f247bd,Savage_Main,squad,2026-01-27T06:27:30Z,3,1,6,446.77667,byplayer,0,3,6,3,4,27.35936,190000_O,account.780f1baa4b894f549bfe2472e7ab5268,2,0.0,0,0.0,0,885,0,2519.0454,18,8
4723122b-4721-431b-96af-724a11f247bd,Savage_Main,squad,2026-01-27T06:27:30Z,2,1,4,467.48874,alive,1,1,8,2,3,61.593037,EAGLESHOOOOT,account.a62de69e9a1a4c05aef92e8e4499d9fc,0,2805.4724,0,0.0,0,1392,0,2717.2837,13,1
4723122b-4721-431b-96af-724a11f247bd,Savage_Main,squad,2026-01-27T06:27:30Z,0,0,2,0.0,byplayer,0,0,65,0,0,0.0,BGM_BigMouse,account.a0eea850df1d4ab687bb27152dcc2de5,0,0.0,0,0.0,0,269,0,588.5472,6,16
4723122b-4721-431b-96af-724a11f247bd,Savage_Main,squad,2026-01-27T06:27:30Z,0,0,0,33.944366,byplayer,0,0,100,0,0,0.0,Fckas1,account.312fe85214904c219f0e597d5ca6b549,0,0.0,0,0.0,0,117,0,170.17026,4,29
4723122b-4721-431b-96af-724a11f247bd,Savage_Main,squad,2026-01-27T06:27:30Z,0,0,2,81.78901,byplayer,0,2,40,1,1,15.451574,Korea_2918,account.0cc0c4de28b94f2eac5c9e0a0676c23c,2,0.0,0,0.0,0,438,0,1180.9233,8,12
4723122b-4721-431b-96af-724a11f247bd,Savage_Main,squad,2026-01-27T06:27:30Z,0,0,1,44.347393,byplayer,0,0,58,0,0,0.0,Hyundai-Military,account.16e4970f7ae546508e5e1233818764e6,0,0.0,0,0.0,0,470,0,512.54504,4,11
4723122b-4721-431b-96af-724a11f247bd,Savage_Main,squad,2026-01-27T06:27:30Z,2,1,1,103.29124,byplayer,0,0,27,1,2,9.263126,S2X_COW,account.4a04043a9c564a8ea1217741e6aa0cab,0,0.0,0,0.0,0,256,0,599.546,5,18
4723122b-4721-431b-96af-724a11f247bd,Savage_Main,squad,2026-01-27T06:27:30Z,4,1,4,553.6321,byplayer,0,1,7,2,4,36.69423,PREAP,account.8d4813bc6f864f0e9fd1ad95d0d87c4e,0,0.0,0,33.035492,0,733,0,2202.8838,16,8
4723122b-4721-431b-96af-724a11f247bd,Savage_Main,squad,2026-01-27T06:27:30Z,0,0,0,23.238903,byplayer,0,0,44,1,1,6.640399,22222222pac,account.9297c26d02be41ea81092f535a776bc1,2,0.0,0,0.0,0,247,0,463.99255,4,19
4723122b-4721-431b-96af-724a11f247bd,Savage_Main,squad,2026-01-27T06:27:30Z,1,0,0,170.46,byplayer,0,1,60,0,0,0.0,GJWNSDUD0207,account.c5024bca16404c73bfbc0ededec433f3,0,0.0,0,0.0,0,432,0,730.6204,6,13
4723122b-4721-431b-96af-724a11f247bd,Savage_Main,squad,2026-01-27T06:27:30Z,0,0,0,0.0,byplayer,0,0,80,0,0,0.0,sw041100,account.73f1e9e85b714a04babced9ae539fba6,0,0.0,0,0.0,0,217,0,434.1932,3,22
4723122b-4721-431b-96af-724a11f247bd,Savage_Main,squad,2026-01-27T06:27:30Z,3,1,5,509.91522,byplayer,1,1,2,4,4,38.045853,A0_Makpan,account.c3854b2a5e034c42861386a64e9a4aa2,0,0.0,0,0.0,0,1288,0,4767.1553,9,2
4723122b-4721-431b-96af-724a11f247bd,Savage_Main,squad,2026-01-27T06:27:30Z,1,0,0,138.76337,byplayer,0,0,46,1,1,134.44489,Ru_Sa,account.34f5ed1270ac422fbb7a489c891ed7a6,0,0.0,0,0.0,0,249,0,747.115,5,20
4723122b-4721-431b-96af-724a11f247bd,Savage_Main,squad,2026-01-27T06:27:30Z,0,1,0,23.76,byplayer,0,0,83,0,0,0.0,Angry_Dondo,account.7b78859d92d34262832718499d1f60e9,0,0.0,0,0.0,0,204,0,465.76215,7,23
4723122b-4721-431b-96af-724a11f247bd,Savage_Main,squad,2026-01-27T06:27:30Z,1,0,0,100.0,byplayer,0,0,66,0,0,0.0,JEEP_____,account.c1bb289352014ae3867cb44f98ef1f3a,0,0.0,0,0.0,0,269,0,553.36554,5,16
4723122b-4721-431b-96af-724a11f247bd,Savage_Main,squad,2026-01-27T06:27:30Z,0,0,0,0.0,byplayer,0,0,92,0,0,0.0,Microman77,account.10481ba308d04407b3243b14a3add31d,0,0.0,0,0.0,0,165,0,130.42184,2,27
4723122b-4721-431b-96af-724a11f247bd,Savage_Main,squad,2026-01-27T06:27:30Z,0,0,0,0.0,byplayer,0,0,78,0,0,0.0,gjds15,account.e1d55dc8755c4fc29c43f1f33aedf229,0,0.0,0,0.0,0,160,0,347.4799,4,21
4723122b-4721-431b-96af-724a11f247bd,Savage_Main,squad,2026-01-27T06:27:30Z,4,0,0,394.13995,byplayer,0,3,12,1,3,12.501692,OMJ_Rolex,account.e1ccdee0030d455ca9fb8b907ce03505,1,0.0,0,0.0,0,265,0,518.4485,5,17
4723122b-4721-431b-96af-724a11f247bd,Savage_Main,squad,2026-01-27T06:27:30Z,1,0,0,100.0,byplayer,0,1,45,1,1,61.816235,KR_BBBB_,account.61bf3547c1c1400b86bf833dd51bbb3f,0,0.0,0,0.0,0,268,0,557.08466,5,20
4723122b-4721-431b-96af-724a11f247bd,Savage_Main,squad,2026-01-27T06:27:30Z,0,1,5,147.79903,byplayer,1,1,32,1,1,15.276994,LUZ_QUEEN,account.7ab389bd5d6845b9833181c55fc5e56e,4,0.0,0,0.0,0,1364,0,3122.9053,7,3
4723122b-4721-431b-96af-724a11f247bd,Savage_Main,squad,2026-01-27T06:27:30Z,0,0,0,0.0,byplayer,0,1,69,0,0,0.0,GadKo2,account.b416ae9f50d2446d9694de43009ba3a7,0,0.0,0,0.0,0,264,0,356.32703,1,17
4723122b-4721-431b-96af-724a11f247bd,Savage_Main,squad,2026-01-27T06:27:30Z,1,0,0,100.0,byplayer,1,0,42,1,1,53.275772,tjsgk1119,account.11a9ca9e167846fb9430cbcec82486a5,0,0.0,0,0.0,0,336,0,1095.7795,7,14
4723122b-4721-431b-96af-724a11f247bd,Savage_Main,squad,2026-01-27T06:27:30Z,2,1,2,390.57874,byplayer,0,3,25,1,2,30.148203,tmdghks139,account.7f93d1183be64a3f8f55a7c879a8a0a4,0,0.0,0,0.0,0,404,0,1305.8126,5,14
4723122b-4721-431b-96af-724a11f247bd,Savage_Main,squad,2026-01-27T06:27:30Z,1,1,0,132.66426,byplayer,0,0,75,0,0,0.0,rswrsw,account.5c77325aea844f7ba99f6b56e9a97688,0,0.0,0,0.0,0,249,0,411.57153,4,20
645baa1a-a887-4fee-881e-570efd67fb5c,Desert_Main,duo,2026-01-27T06:23:48Z,1,0,1,296.2772,byplayer,0,0,17,1,2,5.9088435,Cyrix777_Star,account.f6511f1dd4da415ead1901b0f7e1a0ec,1,0.0,0,0.0,0,333,0,484.44046,4,46
645baa1a-a887-4fee-881e-570efd67fb5c,Desert_Main,duo,2026-01-27T06:23:48Z,4,2,10,331.4486,byplayer,1,1,5,2,4,177.00299,Korea166944215,account.2fe99e7275484f5385bca1ed60334b25,1,6851.0327,0,0.0,0,1477,0,2882.5825,7,2
645baa1a-a887-4fee-881e-570efd67fb5c,Desert_Main,duo,2026-01-27T06:23:48Z,1,1,2,340.12024,byplayer,0,0,12,1,2,231.91763,ez_heantai,account.0d0e9dfeef014aa390aeca7a14183d13,0,3458.4988,0,0.0,0,1088,0,2358.2107,8,13
645baa1a-a887-4fee-881e-570efd67fb5c,Desert_Main,duo,2026-01-27T06:23:48Z,0,0,3,0.0,byplayer,0,2,45,0,0,0.0,kumekim,account.1a859735b6d94ea48a6e4581bd65466a,0,5530.205,0,0.0,0,1196,0,2006.1685,10,7
645baa1a-a887-4fee-881e-570efd67fb5c,Desert_Main,duo,2026-01-27T06:23:48Z,5,0,8,945.30817,byplayer,3,7,1,3,11,210.0175,Name_JiWooN,account.c86cc461a51948d0b3e844d46c26c798,1,5906.103,0,0.0,0,1487,0,2291.8892,12,3
645baa1a-a887-4fee-881e-570efd67fb5c,Desert_Main,duo,2026-01-27T06:23:48Z,2,0,3,373.44064,byplayer,1,6,7,2,4,222.50594,Hong_Chun,account.bfd7e65163644717a213cc3b39f8902d,0,5215.0493,0,0.0,0,765,1,1179.2579,8,29
645baa1a-a887-4fee-881e-570efd67fb5c,Desert_Main,duo,2026-01-27T06:23:48Z,2,0,0,215.12,byplayer,0,2,40,1,1,2.3961778,SHINDONG23,account.64278c86631541b49c76d846b002486a,0,0.0,0,0.0,0,228,0,307.8186,1,48
645baa1a-a887-4fee-881e-570efd67fb5c,Desert_Main,duo,2026-01-27T06:23:48Z,3,1,4,646.8949,byplayer,1,4,10,1,3,97.09763,LOV3_ac8,account.334c575488d04fc0ab17cd3a910ccb2b,0,0.0,0,0.0,0,1077,0,2852.291,10,15
645baa1a-a887-4fee-881e-570efd67fb5c,Desert_Main,duo,2026-01-27T06:23:48Z,2,2,12,671.765,alive,1,6,4,2,4,298.90662,PRESSO-PARK,account.9a3adf01492a41bca429da07e022b676,1,3831.3206,0,0.0,0,1673,1,3704.8867,4,1
645baa1a-a887-4fee-881e-570efd67fb5c,Desert_Main,duo,2026-01-27T06:23:48Z,1,0,4,100.0,byplayer,0,2,31,1,1,17.45264,dbswndhkdwksla,account.7b0bcdc2b85f454380e7e5e9a0e2d978,0,2467.5713,0,0.0,0,916,0,1632.0219,12,25
645baa1a-a887-4fee-881e-570efd67fb5c,Desert_Main,duo,2026-01-27T06:23:48Z,2,1,5,286.44904,byplayer,0,0,20,1,1,237.77353,hmllll,account.e1f31c4eabda4199917787466a3d45eb,0,3197.8176,0,0.0,0,1254,0,2230.082,11,8
645baa1a-a887-4fee-881e-570efd67fb5c,Desert_Main,duo,2026-01-27T06:23:48Z,1,0,6,102.68768,byplayer,0,1,11,1,2,283.40836,shinanmuhyeon,account.e8c6a6d419aa466ebb928dd645603c6b,1,4794.6787,0,0.0,0,1332,0,3116.613,11,7
645baa1a-a887-4fee-881e-570efd67fb5c,Desert_Main,duo,2026-01-27T06:23:48Z,2,1,9,560.3758,byplayer,0,0,6,2,4,26.780024,KAKAO_Nr,account.dc39a903044b435288c1e42c8cfa936b,0,3652.0022,1,0.0,0,1250,0,2319.934,11,8
645baa1a-a887-4fee-881e-570efd67fb5c,Desert_Main,duo,2026-01-27T06:23:48Z,0,0,0,0.0,byplayer,0,0,92,0,0,0.0,nowwin0916,account.5b48fd4924de4b6ca5155aef247af710,0,0.0,0,0.0,0,436,0,705.01733,4,45
645baa1a-a887-4fee-881e-570efd67fb5c,Desert_Main,duo,2026-01-27T06:23:48Z,1,0,0,100.0,byplayer,0,0,39,1,1,70.80327,leejutjae,account.afcf8edbcd404d0b8b70f537fbdbb672,0,0.0,0,0.0,0,381,0,646.7722,3,45
645baa1a-a887-4fee-881e-570efd67fb5c,Desert_Main,duo,2026-01-27T06:23:48Z,0,0,2,0.0,byplayer,0,1,62,0,0,0.0,namyunju07,account.0b4a56340eb34c5d9af7cce02f4d6e80,1,2479.1687,0,0.0,0,916,0,2652.527,6,25
645baa1a-a887-4fee-881e-570efd67fb5c,Desert_Main,duo,2026-01-27T06:23:48Z,0,0,1,0.0,byplayer,0,0,80,0,0,0.0,PMMTOP,account.33e61343d0d34fcf9f54e8269550d9f4,1,0.0,0,0.0,0,484,0,1070.0933,10,38
645baa1a-a887-4fee-881e-570efd67fb5c,Desert_Main,duo,2026-01-27T06:23:48Z,0,0,2,0.0,byplayer,0,5,81,0,0,0.0,PMM_DRAGON,account.ada9a874e80549e1b416952a5c50165f,0,0.0,0,0.0,0,484,0,912.1194,8,38
645baa1a-a887-4fee-881e-570efd67fb5c,Desert_Main,duo,2026-01-27T06:23:48Z,3,0,9,635.3084,byplayer,3,3,3,2,6,371.14664,JunHOng95-_-,account.deab794bbdec437aabe5966598538ece,0,6412.2236,0,0.0,0,1408,0,2162.3154,11,5
645baa1a-a887-4fee-881e-570efd67fb5c,Desert_Main,duo,2026-01-27T06:23:48Z,0,0,5,0.0,byplayer,0,0,42,0,0,0.0,siwongongjo,account.a15b4eef7bcb4704aeae161b48341902,0,956.47723,0,0.0,0,899,0,1946.3254,9,4
645baa1a-a887-4fee-881e-570efd67fb5c,Desert_Main,duo,2026-01-27T06:23:48Z,1,0,2,240.52002,byplayer,1,2,16,1,2,6.939081,wxo8,account.1c915314979d4586bd18afe8c6ed9067,1,1.9221765,0,0.0,0,333,0,512.82007,4,46
645baa1a-a887-4fee-881e-570efd67fb5c,Desert_Main,duo,2026-01-27T06:23:48Z,0,0,13,141.50793,byzone,0,11,19,1,1,3.8261929,hokasonza,account.6a9b9bda9cb147d091200043009b2674,0,6865.3247,0,0.0,0,1467,0,3281.3467,10,4
645baa1a-a887-4fee-881e-570efd67fb5c,Desert_Main,duo,2026-01-27T06:23:48Z,0,1,8,216.55995,byplayer,0,8,18,1,1,310.95096,Name_SEOKZIO,account.5928568d720a42b5bbbada48c03e2a96,0,2788.9797,0,0.0,0,1109,0,1381.3524,10,3
645baa1a-a887-4fee-881e-570efd67fb5c,Desert_Main,duo,2026-01-27T06:23:48Z,1,2,2,121.359344,byplayer,0,2,33,1,1,192.20854,rlarldnr1,account.6474ff68fc4c46bda9a2dcb336ddaead,1,5306.4395,0,0.0,0,778,0,1268.0073,9,29
645baa1a-a887-4fee-881e-570efd67fb5c,Desert_Main,duo,2026-01-27T06:23:48Z,2,2,14,563.94904,byplayer,0,4,8,1,3,142.23515,sdfgasdgasgsag,account.1e795dd1f2ba45fb97effa3000407594,0,6693.641,0,0.0,0,1670,0,3474.32,9,2
645baa1a-a887-4fee-881e-570efd67fb5c,Desert_Main,duo,2026-01-27T06:23:48Z,0,0,0,27.000002,byplayer,0,0,95,0,0,0.0,cho-_-sw,account.e67301b734124c5880602d6f8d0abf3b,0,0.0,0,0.0,0,76,0,33.53886,1,48
645baa1a-a887-4fee-881e-570efd67fb5c,Desert_Main,duo,2026-01-27T06:23:48Z,3,1,6,630.6416,byplayer,0,3,9,1,3,281.52582,KOR_HongSalute,account.3c2e06ecf05c44509ac6add8f9ca70e9,0,2932.0042,0,0.0,1,1092,0,2480.1313,10,13
645baa1a-a887-4fee-881e-570efd67fb5c,Desert_Main,duo,2026-01-27T06:23:48Z,4,0,8,874.9339,alive,1,1,2,2,8,287.7418,PPaksal_Chan,account.801034f198324311b79327f5e7135ecc,0,4180.4937,0,0.0,0,1673,0,3756.6052,8,1
19041fe8-d5a2-4e7d-9546-99970c5ab3f2,Tiger_Main,squad,2026-01-27T06:22:57Z,0,0,7,182.73558,byplayer,0,2,33,0,0,0.0,Albothyl-,account.18a09c2151aa4bd4affa48a93af95da4,0,4339.534,0,0.0,0,1401,0,2209.4468,11,4
19041fe8-d5a2-4e7d-9546-99970c5ab3f2,Tiger_Main,squad,2026-01-27T06:22:57Z,2,0,0,274.90692,byplayer,0,0,26,1,1,31.227798,7Hanggoo,account.59581c98271b48febf64eda80e304bd4,0,0.0,0,0.0,0,197,0,329.70615,2,14
19041fe8-d5a2-4e7d-9546-99970c5ab3f2,Tiger_Main,squad,2026-01-27T06:22:57Z,1,0,0,100.0,byplayer,0,0,50,0,0,0.0,NaCuel,account.80cf8638287547429b22123f9cc38ee3,0,4372.067,0,0.0,0,495,0,530.1004,5,13
19041fe8-d5a2-4e7d-9546-99970c5ab3f2,Tiger_Main,squad,2026-01-27T06:22:57Z,1,1,11,329.02008,byplayer,1,1,21,1,1,233.67545,INX_f4nti,account.efa4e61da2644d2399218dd5f7fb0756,0,9263.644,0,0.0,0,1120,0,1877.4196,9,6
19041fe8-d5a2-4e7d-9546-99970c5ab3f2,Tiger_Main,squad,2026-01-27T06:22:57Z,0,0,5,0.0,byplayer,0,4,44,0,0,0.0,DDA_RA_WA,account.d9bc475849ff412980d8bddecf4ef4e5,0,9917.7295,0,0.0,0,847,0,1464.7845,8,10
19041fe8-d5a2-4e7d-9546-99970c5ab3f2,Tiger_Main,squad,2026-01-27T06:22:57Z,1,1,0,152.1627,byplayer,1,0,19,1,1,240.89789,NUsogeum,account.f5e71c42ad5f4693a0281f3aff326295,0,4612.051,0,0.0,0,1615,0,1361.4832,7,2
19041fe8-d5a2-4e7d-9546-99970c5ab3f2,Tiger_Main,squad,2026-01-27T06:22:57Z,2,1,11,711.6076,alive,0,7,6,2,3,73.28668,GGuLBurbur,account.e63d1b70b87d471eb8770c1c3033366a,0,5523.199,0,0.0,0,1837,1,3732.3225,16,1
19041fe8-d5a2-4e7d-9546-99970c5ab3f2,Tiger_Main,squad,2026-01-27T06:22:57Z,0,0,2,0.0,byplayer,0,2,45,0,0,0.0,ysysgkgk,account.3ba38e9a28484e5e8ddd99e07b934e3f,0,1009.22565,0,0.0,0,685,0,1854.6058,12,11
19041fe8-d5a2-4e7d-9546-99970c5ab3f2,Tiger_Main,squad,2026-01-27T06:22:57Z,0,0,5,0.0,byplayer,0,1,40,0,0,0.0,OWL_-R,account.865a96d7bbd340e1a09bb697d05488d7,0,10316.152,0,0.0,0,1004,0,1216.4813,13,8
19041fe8-d5a2-4e7d-9546-99970c5ab3f2,Tiger_Main,squad,2026-01-27T06:22:57Z,0,0,0,0.0,byplayer,0,0,60,0,0,0.0,pepper-kim,account.c36fdbaaef0b43189ed497c77fa97dd0,0,0.0,0,0.0,0,90,0,40.398888,1,15
19041fe8-d5a2-4e7d-9546-99970c5ab3f2,Tiger_Main,squad,2026-01-27T06:22:57Z,1,0,0,100.0,byplayer,0,0,63,0,0,0.0,s2xpushs2x,account.6c819fa2cbe8429d9f759c33561ff657,0,0.0,0,0.0,0,106,0,72.74844,3,16
19041fe8-d5a2-4e7d-9546-99970c5ab3f2,Tiger_Main,squad,2026-01-27T06:22:57Z,0,0,0,42.0,byplayer,0,0,38,0,0,0.0,2002X666,account.3d71c89545714386ac6b3fab0ae0a47c,0,3916.5322,0,0.0,0,585,0,872.83765,12,7
19041fe8-d5a2-4e7d-9546-99970c5ab3f2,Tiger_Main,squad,2026-01-27T06:22:57Z,1,0,2,189.28,byplayer,0,0,55,0,0,0.0,HwanyToc-,account.5425747938344d1c93e7326e3be928cc,0,0.0,0,0.0,0,293,0,500.04816,3,14
19041fe8-d5a2-4e7d-9546-99970c5ab3f2,Tiger_Main,squad,2026-01-27T06:22:57Z,0,0,5,0.0,byplayer,0,0,46,0,0,0.0,8280150,account.5a42310bfc6d4f78a560011d4eabf423,0,1516.3481,0,0.0,0,685,0,1372.4736,7,11
19041fe8-d5a2-4e7d-9546-99970c5ab3f2,Tiger_Main,squad,2026-01-27T06:22:57Z,8,1,9,1023.72156,byplayer,2,3,2,2,5,196.45688,angkatory,account.43092068818946d4b984c76200e1fb20,0,4876.507,0,0.0,0,1834,0,4000.7505,16,2
19041fe8-d5a2-4e7d-9546-99970c5ab3f2,Tiger_Main,squad,2026-01-27T06:22:57Z,2,1,4,273.64532,byplayer,0,1,15,1,2,45.680355,SG_ShotGun,account.20f7f0b45510424e9a5d779ca4adac60,1,5512.0107,0,0.0,0,861,0,1490.0554,13,9
19041fe8-d5a2-4e7d-9546-99970c5ab3f2,Tiger_Main,squad,2026-01-27T06:22:57Z,0,0,0,22.555773,byplayer,0,0,62,0,0,0.0,lillllillllilil,account.e8da6b3593884023b2b827f92919e6ea,0,0.0,0,0.0,0,107,0,71.23687,2,16
19041fe8-d5a2-4e7d-9546-99970c5ab3f2,Tiger_Main,squad,2026-01-27T06:22:57Z,0,0,0,60.947052,byplayer,0,0,52,0,0,0.0,rmflsgud,account.0763e5f6ad634c76aa518505b28567f6,0,3521.483,0,0.0,0,433,0,511.68274,3,13
19041fe8-d5a2-4e7d-9546-99970c5ab3f2,Tiger_Main,squad,2026-01-27T06:22:57Z,2,0,6,342.37134,byplayer,0,5,14,1,2,12.74015,ClanMozip,account.7056342dfe0b4263a08449bdfa50ecfd,1,10258.881,0,0.0,0,1371,2,1851.2603,10,6
19041fe8-d5a2-4e7d-9546-99970c5ab3f2,Tiger_Main,squad,2026-01-27T06:22:57Z,0,1,1,107.97801,byplayer,0,1,48,0,0,0.0,2dayBamBi,account.d7d2ec1bf1244417903dfb408dedcaed,1,842.61053,0,0.0,0,544,0,1242.7621,9,12
19041fe8-d5a2-4e7d-9546-99970c5ab3f2,Tiger_Main,squad,2026-01-27T06:22:57Z,1,1,5,243.02467,byplayer,0,10,20,1,1,39.019875,bboqqqbbanghee,account.8306db4d0ff044218bb32efedc23de11,1,5583.4634,0,0.0,0,1695,0,2150.3618,9,4
19041fe8-d5a2-4e7d-9546-99970c5ab3f2,Tiger_Main,squad,2026-01-27T06:22:57Z,0,0,0,77.399994,byplayer,0,0,58,0,0,0.0,Yu_RI_DOG,account.6073edba62b241cfa553c7636498a94d,0,0.0,0,0.0,0,203,0,403.11194,3,15
19041fe8-d5a2-4e7d-9546-99970c5ab3f2,Tiger_Main,squad,2026-01-27T06:22:57Z,1,4,7,532.59784,byplayer,1,2,13,1,2,23.255163,Nami-_S2,account.b9388114b686457b965a97f3bdfc7e83,1,3181.1528,0,0.0,0,1123,1,1686.7976,15,5
19041fe8-d5a2-4e7d-9546-99970c5ab3f2,Tiger_Main,squad,2026-01-27T06:22:57Z,2,0,0,177.44423,byplayer,0,1,28,1,1,3.2581213,talentXhardwork,account.0ebb0f54796947979b2244bb30a0317f,0,0.0,0,0.0,0,109,0,97.78176,1,16
19041fe8-d5a2-4e7d-9546-99970c5ab3f2,Tiger_Main,squad,2026-01-27T06:22:57Z,0,0,1,192.58722,byplayer,0,0,56,0,0,0.0,buchim7h,account.ec401dd1280f492d8ebc2ce65a089d13,0,0.0,0,0.0,0,220,0,374.09433,5,14
19041fe8-d5a2-4e7d-9546-99970c5ab3f2,Tiger_Main,squad,2026-01-27T06:22:57Z,1,0,0,118.0,byplayer,0,0,53,0,0,0.0,djajfus2rktpdyfk,account.005ab52a51e24feaa955c3b67d9fb585,0,3142.3972,0,0.0,0,416,0,456.476,6,13
19041fe8-d5a2-4e7d-9546-99970c5ab3f2,Tiger_Main,squad,2026-01-27T06:22:57Z,1,2,12,281.537,byplayer,0,6,9,1,3,61.820904,23S7,account.c066b95eae204564a23f00fc7b81b298,2,5305.4756,0,0.0,0,1827,2,2571.16,17,4
19041fe8-d5a2-4e7d-9546-99970c5ab3f2,Tiger_Main,squad,2026-01-27T06:22:57Z,0,0,6,0.0,byplayer,0,1,42,0,0,0.0,OWL_040,account.8417ab29d2d24438a2b5620e408ecf99,0,8637.665,0,0.0,0,891,0,1328.0045,13,8
19041fe8-d5a2-4e7d-9546-99970c5ab3f2,Tiger_Main,squad,2026-01-27T06:22:57Z,0,4,4,322.0164,suicide,0,5,12,1,2,36.41483,BGP_Ge5ba,account.c2623bfae7ec4a3daa2e2a0e329234f8,4,5969.71,1,0.0,0,1812,1,2268.2478,13,3
19041fe8-d5a2-4e7d-9546-99970c5ab3f2,Tiger_Main,squad,2026-01-27T06:22:57Z,1,1,1,123.759995,byplayer,0,1,24,1,1,16.017315,BamBi_Need,account.7b66e0af31934d1a84b1bef79dbbd149,0,1016.6302,0,0.0,0,544,0,1249.113,12,12
19041fe8-d5a2-4e7d-9546-99970c5ab3f2,Tiger_Main,squad,2026-01-27T06:22:57Z,2,3,5,622.438,byplayer,0,2,31,0,0,0.0,MxTheMoney,account.a7ed1c806c8c441084b0ce25804eb6e2,0,9143.76,0,0.0,0,1460,1,2154.453,12,2
19041fe8-d5a2-4e7d-9546-99970c5ab3f2,Tiger_Main,squad,2026-01-27T06:22:57Z,1,0,1,104.0,byplayer,0,0,22,1,1,79.32632,2CN_0114,account.2ea3382cd2d34c8a967bbd04b31aaf50,0,2897.4338,0,0.0,0,587,0,924.0275,12,9
19041fe8-d5a2-4e7d-9546-99970c5ab3f2,Tiger_Main,squad,2026-01-27T06:22:57Z,0,0,3,57.749733,byplayer,0,1,41,0,0,0.0,AzumaiOWL,account.c437073443d94cf1b28797abb1a1ef79,0,10524.596,0,0.0,0,1004,0,1174.0964,10,8
19041fe8-d5a2-4e7d-9546-99970c5ab3f2,Tiger_Main,squad,2026-01-27T06:22:57Z,1,0,3,119.8,byplayer,0,2,37,0,0,0.0,Min_JotBangMang2,account.9ec0c848ea31472eb9191c67d7c74377,0,4588.557,0,0.0,0,705,0,1047.825,9,7
19041fe8-d5a2-4e7d-9546-99970c5ab3f2,Tiger_Main,squad,2026-01-27T06:22:57Z,4,2,9,319.70398,byplayer,2,5,4,2,4,49.588364,AFTV_Shoe,account.d61a67b66a6649ff8f11fb2e0afdc002,1,5995.28,0,0.0,0,1304,0,2071.8882,13,5
19041fe8-d5a2-4e7d-9546-99970c5ab3f2,Tiger_Main,squad,2026-01-27T06:22:57Z,1,0,5,511.15756,byplayer,0,2,18,1,1,78.87175,WPC5m0ke,account.5b3e4972a0404947a3d8605a77d06028,0,6452.616,0,0.0,0,1421,1,2047.254,11,1
19041fe8-d5a2-4e7d-9546-99970c5ab3f2,Tiger_Main,squad,2026-01-27T06:22:57Z,7,1,8,795.261,byplayer,0,4,5,1,4,114.97625,LM-WIN19,account.14fd0d641925411dacb1d65258a1aaca,1,12559.66,0,8.564157,0,1371,1,1623.7059,12,6
19041fe8-d5a2-4e7d-9546-99970c5ab3f2,Tiger_Main,squad,2026-01-27T06:22:57Z,0,0,6,24.395239,byplayer,0,1,39,0,0,0.0,TalzuNinzaOWL,account.d26caa1b34eb49ff92b39d3f60755f2b,0,10520.432,0,0.0,0,1004,0,855.7235,13,8
19041fe8-d5a2-4e7d-9546-99970c5ab3f2,Tiger_Main,squad,2026-01-27T06:22:57Z,1,0,0,187.16296,byplayer,0,1,59,0,0,0.0,ttagtta9li,account.5e7d8047cac44ae38fec3f6f97c6b581,0,0.0,0,0.0,0,110,0,98.43074,4,15
19041fe8-d5a2-4e7d-9546-99970c5ab3f2,Tiger_Main,squad,2026-01-27T06:22:57Z,0,0,0,0.0,byplayer,0,0,57,0,0,0.0,Hae98Toc-,account.13a59bb1894f450381b2e5123cdafcf5,0,0.0,0,0.0,0,78,0,47.920662,1,14
19041fe8-d5a2-4e7d-9546-99970c5ab3f2,Tiger_Main,squad,2026-01-27T06:22:57Z,3,0,5,550.82227,byplayer,2,1,1,3,6,213.74884,RoidRage--,account.2f9ab75f08c7405189821f66d80b23ce,1,6020.4893,0,0.0,0,1226,0,2162.1038,9,5
19041fe8-d5a2-4e7d-9546-99970c5ab3f2,Tiger_Main,squad,2026-01-27T06:22:57Z,0,0,1,48.664986,byplayer,0,0,47,0,0,0.0,jundol_6203,account.4d2bafbff9134db0990e1015f94fdbdc,0,780.93854,0,0.0,0,685,0,1534.1501,9,11
19041fe8-d5a2-4e7d-9546-99970c5ab3f2,Tiger_Main,squad,2026-01-27T06:22:57Z,0,0,0,0.0,byplayer,0,0,61,0,0,0.0,djrmdpazpdl,account.169d0bfaf6bc4c4eae49292a71d8610b,0,0.0,0,0.0,0,109,0,66.56238,2,16
19041fe8-d5a2-4e7d-9546-99970c5ab3f2,Tiger_Main,squad,2026-01-27T06:22:57Z,1,0,6,84.06232,byplayer,0,1,35,0,0,0.0,JohnNa_shiba,account.08e40001eba84815928a0e278592cb83,0,4549.85,0,0.0,0,1081,0,2334.1694,11,7
19041fe8-d5a2-4e7d-9546-99970c5ab3f2,Tiger_Main,squad,2026-01-27T06:22:57Z,2,0,2,200.00002,byplayer,0,1,25,1,1,3.1845868,GJR_Fentanyl,account.b9db7e859222447fb973405c5e003dfd,0,0.0,0,0.0,0,432,0,764.76544,5,12
19041fe8-d5a2-4e7d-9546-99970c5ab3f2,Tiger_Main,squad,2026-01-27T06:22:57Z,3,2,7,813.4245,byplayer,1,5,3,2,4,55.408867,panty_strength,account.1e031ed8c8a04d7aa1ee225b411dad0b,1,5856.1743,0,0.0,0,1828,0,3249.6807,7,3
19041fe8-d5a2-4e7d-9546-99970c5ab3f2,Tiger_Main,squad,2026-01-27T06:22:57Z,0,1,6,99.45479,byplayer,0,7,32,0,0,0.0,chdahtTHsmstkfka,account.7a9ce5e780aa432c81fd2d07e6a89d1c,0,6245.073,0,0.0,0,1319,0,2228.6118,9,3
19041fe8-d5a2-4e7d-9546-99970c5ab3f2,Tiger_Main,squad,2026-01-27T06:22:57Z,0,1,7,21.6,byplayer,0,3,43,0,0,0.0,2CN_HyeogKking,account.56f2657779964b2e80d46e9fb8f4bb81,1,6872.1387,0,0.0,0,861,0,1245.6377,9,9
19041fe8-d5a2-4e7d-9546-99970c5ab3f2,Tiger_Main,squad,2026-01-27T06:22:57Z,0,0,0,0.0,byplayer,0,0,51,0,0,0.0,coaals,account.c9faa503b4f342ddade963b1e6f1dc8a,0,3271.478,0,0.0,0,455,0,571.31616,6,13
19041fe8-d5a2-4e7d-9546-99970c5ab3f2,Tiger_Main,squad,2026-01-27T06:22:57Z,0,0,0,0.0,byplayer,0,0,49,0,0,0.0,GJR_MySon,account.a6cfb0dc3ff84a6e94e6560d63551e36,0,0.0,0,0.0,0,198,0,243.61488,3,12
19041fe8-d5a2-4e7d-9546-99970c5ab3f2,Tiger_Main,squad,2026-01-27T06:22:57Z,3,0,2,264.50998,byplayer,0,1,16,1,2,27.531822,BamBi_KangWxx,account.29c80399d5b240889608b8bea62756c5,1,1154.3822,0,0.0,0,544,0,1044.9938,11,12
19041fe8-d5a2-4e7d-9546-99970c5ab3f2,Tiger_Main,squad,2026-01-27T06:22:57Z,2,0,7,169.47185,byplayer,2,2,7,3,3,22.33859,NUSALMUSA,account.f4debfaff05c4cf3abdcb3209b120b3f,0,4338.022,0,0.0,0,1135,0,1698.5135,9,2
19041fe8-d5a2-4e7d-9546-99970c5ab3f2,Tiger_Main,squad,2026-01-27T06:22:57Z,0,0,7,123.15607,byplayer,0,3,30,0,0,0.0,TTaeng_S2,account.35de44e793284803b2626c445f11fbb6,2,6032.352,0,0.0,0,1464,0,2271.217,11,1
19041fe8-d5a2-4e7d-9546-99970c5ab3f2,Tiger_Main,squad,2026-01-27T06:22:57Z,0,0,0,100.0,byplayer,0,1,23,1,1,38.813587,BamBi_9ssistPLZ,account.bc29ea86d8424df4926d17fc754b70da,0,1341.9073,0,0.0,0,544,0,1310.3071,7,12
19041fe8-d5a2-4e7d-9546-99970c5ab3f2,Tiger_Main,squad,2026-01-27T06:22:57Z,3,1,13,357.72046,byplayer,0,11,10,1,3,103.78195,Qkdglrhdwndizzzg,account.288f138667ce4f3cb1ddae3503b6b256,0,4999.6196,0,0.0,0,1795,0,2318.2358,11,4
19041fe8-d5a2-4e7d-9546-99970c5ab3f2,Tiger_Main,squad,2026-01-27T06:22:57Z,0,0,5,54.989994,byplayer,0,0,36,0,0,0.0,rkdrkddirdir,account.e9556746e68740cd8dea0e3d8480d982,1,5041.1147,0,0.0,0,1081,0,2560.5015,10,7
19041fe8-d5a2-4e7d-9546-99970c5ab3f2,Tiger_Main,squad,2026-01-27T06:22:57Z,3,1,5,603.33167,alive,0,0,17,1,1,38.066784,Watcherb,account.9be2124a0d3d419bbe3609a239955ef9,2,4794.9565,0,0.0,0,1837,1,3379.2478,16,1
19041fe8-d5a2-4e7d-9546-99970c5ab3f2,Tiger_Main,squad,2026-01-27T06:22:57Z,0,2,2,28.082022,byplayer,0,2,34,0,0,0.0,whatthefuxxxxk,account.5e542c727b784a3fb01996ff5b8f35b6,0,9575.788,0,0.0,0,1123,0,1677.4333,9,6
19041fe8-d5a2-4e7d-9546-99970c5ab3f2,Tiger_Main,squad,2026-01-27T06:22:57Z,0,0,1,0.0,byplayer,0,0,54,0,0,0.0,sang_uni,account.ea94f7aae94f4e9e842fa5f1ee3e57fb,0,0.0,0,0.0,0,246,0,503.24173,4,13
19041fe8-d5a2-4e7d-9546-99970c5ab3f2,Tiger_Main,squad,2026-01-27T06:22:57Z,0,0,1,0.0,byplayer,0,0,27,1,1,9.896558,NoRANG_HB,account.0436ce033bdd4f25b2726ff6cc4480bb,0,0.0,0,0.0,0,203,0,240.4336,3,15
19041fe8-d5a2-4e7d-9546-99970c5ab3f2,Tiger_Main,squad,2026-01-27T06:22:57Z,2,1,9,433.2294,byplayer,0,5,11,1,3,180.02524,Jyunnlm,account.499d5477b2ce4bb9a6dc3e4933861fda,0,4206.7866,0,0.0,0,1226,0,2039.3375,16,5
19041fe8-d5a2-4e7d-9546-99970c5ab3f2,Tiger_Main,squad,2026-01-27T06:22:57Z,3,2,13,395.9509,byplayer,1,19,8,2,3,48.957935,dlEnfn,account.31f0ce6302b043fb8b5bbad78203752b,2,6142.481,0,0.0,0,1828,2,3206.318,13,3
413d736c-d047-4e1b-bad5-b20a4d1128e9,Tiger_Main,squad,2026-01-27T06:26:14Z,2,0,0,171.2,byplayer,0,3,18,1,2,6.6389537,NAERONAMBUL_-,account.aca81df073564900a6e8865d3110ba29,1,0.0,0,0.0,0,180,0,218.55861,2,19
413d736c-d047-4e1b-bad5-b20a4d1128e9,Tiger_Main,squad,2026-01-27T06:26:14Z,1,0,4,100.0,byplayer,0,0,22,1,1,3.7242856,ISTP-F,account.2cb9406a363041ff90ac4d4f229e86eb,0,5412.1997,0,0.0,0,678,1,1037.9211,12,10
413d736c-d047-4e1b-bad5-b20a4d1128e9,Tiger_Main,squad,2026-01-27T06:26:14Z,0,0,7,78.25607,byplayer,0,1,35,0,0,0.0,Ji_Young_Min4885,account.4632e6a6aed747279b62eeeec26a1662,0,2103.846,0,0.0,0,1164,0,2877.176,16,8
413d736c-d047-4e1b-bad5-b20a4d1128e9,Tiger_Main,squad,2026-01-27T06:26:14Z,2,1,9,395.07166,byplayer,1,4,9,1,2,65.63211,by1900,account.7f94d91b106e447bab55f549c4bd9d36,1,3630.3223,0,0.0,0,1743,0,4232.6733,8,3
413d736c-d047-4e1b-bad5-b20a4d1128e9,Tiger_Main,squad,2026-01-27T06:26:14Z,0,1,9,87.30774,byplayer,0,3,28,0,0,0.0,AGT_kaba1004,account.c33577b53c2842c68c326263f3fc8a19,0,6256.0615,0,0.0,0,1220,0,2246.671,11,4
413d736c-d047-4e1b-bad5-b20a4d1128e9,Tiger_Main,squad,2026-01-27T06:26:14Z,0,0,1,40.68314,byplayer,0,0,44,0,0,0.0,76_SFC,account.50dbabefa08549d8a208572a0094c7b6,0,0.0,0,0.0,0,498,0,818.8477,7,12
413d736c-d047-4e1b-bad5-b20a4d1128e9,Tiger_Main,squad,2026-01-27T06:26:14Z,0,0,0,0.0,byplayer,0,0,45,0,0,0.0,playtown,account.884a88e76bbf495e81bf9c379d6c1c27,1,0.0,0,0.0,0,289,0,337.4906,3,12
413d736c-d047-4e1b-bad5-b20a4d1128e9,Tiger_Main,squad,2026-01-27T06:26:14Z,0,0,3,143.1585,byplayer,0,1,24,1,1,2.5041933,roadsholl,account.58d19eedb67b4b6f9e7f6697765bee9d,0,0.0,0,0.0,0,465,0,735.06366,8,14
413d736c-d047-4e1b-bad5-b20a4d1128e9,Tiger_Main,squad,2026-01-27T06:26:14Z,2,0,1,200.0,byplayer,0,2,15,1,2,2.5487862,XixaXseeeX,account.c644b404db494baf8fb11d6fdef1d95a,0,0.0,0,0.0,0,382,0,852.8864,8,16
413d736c-d047-4e1b-bad5-b20a4d1128e9,Tiger_Main,squad,2026-01-27T06:26:14Z,0,0,3,0.0,byplayer,0,2,36,0,0,0.0,hmgosu,account.d25dbad30a0249b584400e23cd183e83,0,1176.5481,0,0.0,0,1112,0,1970.2384,12,8
413d736c-d047-4e1b-bad5-b20a4d1128e9,Tiger_Main,squad,2026-01-27T06:26:14Z,2,0,0,377.8636,byplayer,0,6,43,0,0,0.0,Spoi2,account.ab439873e6514799a5203bdc733707a9,1,0.0,0,0.0,0,507,0,509.7906,4,12
413d736c-d047-4e1b-bad5-b20a4d1128e9,Tiger_Main,squad,2026-01-27T06:26:14Z,3,0,9,306.6551,byplayer,0,12,12,1,2,33.448112,1Jin_Man,account.519ce119d48746d69ed725290ae54aa9,0,8022.488,0,0.0,0,1267,0,1546.0764,13,7
413d736c-d047-4e1b-bad5-b20a4d1128e9,Tiger_Main,squad,2026-01-27T06:26:14Z,0,1,7,147.55482,byplayer,0,4,27,0,0,0.0,SpecialRed,account.dfa03d33f1f648ae8531deda449e4db1,0,2146.6392,0,0.0,0,1630,1,4538.61,15,2
413d736c-d047-4e1b-bad5-b20a4d1128e9,Tiger_Main,squad,2026-01-27T06:26:14Z,0,0,0,91.3151,byplayer,0,1,50,0,0,0.0,Sugar_1000_MAX,account.13d59490e70b45629eba487c4d132826,0,0.0,0,0.0,0,322,0,626.5923,4,15
413d736c-d047-4e1b-bad5-b20a4d1128e9,Tiger_Main,squad,2026-01-27T06:26:14Z,0,0,0,0.0,byplayer,0,1,49,0,0,0.0,W00GGIGGI_MN,account.cd6bcad3aa26487688df7c0f687c402a,0,0.0,0,0.0,0,381,0,954.53,5,15
413d736c-d047-4e1b-bad5-b20a4d1128e9,Tiger_Main,squad,2026-01-27T06:26:14Z,3,1,10,978.6465,alive,1,4,2,2,4,30.366613,AK_Devil-gu,account.51506e3829b8499c875da51cccbd5c2c,0,4479.429,0,0.0,0,1810,0,3834.7952,11,1
413d736c-d047-4e1b-bad5-b20a4d1128e9,Tiger_Main,squad,2026-01-27T06:26:14Z,2,1,12,356.0722,byplayer,0,2,7,1,2,67.93917,wkdwndus1,account.fd9af83b9e8c4b49a469401df6a4955d,1,3611.6533,0,0.0,0,1627,1,3510.308,14,1
413d736c-d047-4e1b-bad5-b20a4d1128e9,Tiger_Main,squad,2026-01-27T06:26:14Z,0,0,2,0.0,byplayer,0,0,40,0,0,0.0,nf_paralyzed,account.a0f0bf9c9f15413d9065d4a0a9c5a2ec,0,2782.493,0,0.0,0,590,0,1706.8539,10,10
413d736c-d047-4e1b-bad5-b20a4d1128e9,Tiger_Main,squad,2026-01-27T06:26:14Z,0,0,0,0.0,byplayer,0,0,58,0,0,0.0,DrrrXX,account.49baf07c3f794fb5b9ba81f4d8cdb993,0,0.0,0,0.0,0,159,0,178.70616,2,19
413d736c-d047-4e1b-bad5-b20a4d1128e9,Tiger_Main,squad,2026-01-27T06:26:14Z,0,0,2,0.0,byplayer,0,1,55,0,0,0.0,OnePoinT_XX,account.a43b72fc9e5e418f9b934681e307ad2f,0,0.0,0,0.0,0,197,0,284.84372,4,18
413d736c-d047-4e1b-bad5-b20a4d1128e9,Tiger_Main,squad,2026-01-27T06:26:14Z,4,0,10,657.0994,alive,1,5,1,2,7,63.748672,DIC_Prime,account.f68a4f49b377445bb1a19f14d4ec61dd,1,3846.823,0,0.0,0,1810,0,4536.83,12,1
413d736c-d047-4e1b-bad5-b20a4d1128e9,Tiger_Main,squad,2026-01-27T06:26:14Z,0,0,0,0.0,byplayer,0,0,59,0,0,0.0,E_H_E_H_E_H_E_H_,account.cd08e5e5509341498ef398c0c9c0b3dc,0,11.464092,0,0.0,0,114,0,64.76474,0,19
413d736c-d047-4e1b-bad5-b20a4d1128e9,Tiger_Main,squad,2026-01-27T06:26:14Z,1,0,4,158.2718,byplayer,0,1,31,0,0,0.0,sragoa,account.3d7e1d08b0fa4f12ad3b7762b2884ba5,0,8384.795,0,0.0,0,1212,0,1580.6844,6,6
413d736c-d047-4e1b-bad5-b20a4d1128e9,Tiger_Main,squad,2026-01-27T06:26:14Z,0,0,0,191.31403,byplayer,0,0,47,0,0,0.0,ilike_song,account.c65cbd49d9f34ba78f193e238e1efd49,0,0.0,0,0.0,0,125,0,136.9725,2,13
413d736c-d047-4e1b-bad5-b20a4d1128e9,Tiger_Main,squad,2026-01-27T06:26:14Z,1,0,9,0.09221041,byplayer,0,2,20,1,1,2.5756118,AGT_BBANGCUTAN,account.9cc9217e91964aebab7ae3eadd7c4c4b,1,6167.459,0,0.0,0,1394,0,2991.443,9,4
413d736c-d047-4e1b-bad5-b20a4d1128e9,Tiger_Main,squad,2026-01-27T06:26:14Z,0,0,0,0.0,byplayer,0,0,48,0,0,0.0,Nizoral-,account.a837505b1a654810bb799b4be28872b6,0,0.0,0,0.0,0,384,0,963.4361,4,15
413d736c-d047-4e1b-bad5-b20a4d1128e9,Tiger_Main,squad,2026-01-27T06:26:14Z,0,0,4,194.0,suicide,0,1,14,1,2,3.0203707,Nawa_Bari,account.f3c5c96a24f7436f91c96448b6538b4b,0,0.0,0,0.0,0,465,0,1121.8274,13,13
413d736c-d047-4e1b-bad5-b20a4d1128e9,Tiger_Main,squad,2026-01-27T06:26:14Z,0,0,3,50.4,suicide,0,5,42,0,0,0.0,PUBG_SJ_Yong2E,account.19d00ccf4bc74cf19f543667239ddb7e,0,2105.4832,0,0.0,0,605,0,1072.737,9,11
413d736c-d047-4e1b-bad5-b20a4d1128e9,Tiger_Main,squad,2026-01-27T06:26:14Z,2,0,0,198.46066,byplayer,1,0,16,2,2,34.299305,lllllllllll_0317,account.2e454848ad7548af8c74a71cdd754f7c,1,0.0,0,0.0,0,312,0,470.41782,7,17
413d736c-d047-4e1b-bad5-b20a4d1128e9,Tiger_Main,squad,2026-01-27T06:26:14Z,1,0,0,186.1324,byplayer,0,0,60,0,0,0.0,gamejokkachiplay,account.479d45ff7a7746659b7b45096cbe34e2,0,0.0,0,0.0,0,134,0,272.66946,4,20
413d736c-d047-4e1b-bad5-b20a4d1128e9,Tiger_Main,squad,2026-01-27T06:26:14Z,0,0,8,0.0,byplayer,0,3,33,0,0,0.0,8Swgfl,account.4716f91b5f544b49a17ae112d2ff642e,0,1240.6703,0,0.0,0,1170,0,2898.2969,11,8
413d736c-d047-4e1b-bad5-b20a4d1128e9,Tiger_Main,squad,2026-01-27T06:26:14Z,1,0,2,218.082,byplayer,0,3,23,1,1,54.30969,asedfe,account.26ef379a6c3244dcb9aefd0838e0a6b1,0,0.0,0,0.0,0,509,0,805.66254,6,12
413d736c-d047-4e1b-bad5-b20a4d1128e9,Tiger_Main,squad,2026-01-27T06:26:14Z,0,3,0,113.18565,byplayer,0,1,54,0,0,0.0,kiki8735,account.639a3c7b212d4966adf82f3313ab4c60,0,0.0,0,0.0,0,249,0,376.46582,6,17
413d736c-d047-4e1b-bad5-b20a4d1128e9,Tiger_Main,squad,2026-01-27T06:26:14Z,1,1,0,148.0,byplayer,0,0,61,0,0,0.0,GO_GO_YUN_JEONG,account.9002294d0e7e483590e3e1437a46a260,0,0.0,0,0.0,0,91,0,28.161016,1,20
413d736c-d047-4e1b-bad5-b20a4d1128e9,Tiger_Main,squad,2026-01-27T06:26:14Z,0,0,2,0.0,byplayer,0,1,34,0,0,0.0,mngosu,account.3198c0ca69384a879a7efb06f12ce3e7,0,1275.2689,0,0.0,0,1170,0,3596.9014,13,8
413d736c-d047-4e1b-bad5-b20a4d1128e9,Tiger_Main,squad,2026-01-27T06:26:14Z,1,0,5,134.78082,byplayer,0,23,37,0,0,0.0,anystar7793,account.5f6fece13a72462f958543fe7e8a71ed,0,8686.755,0,0.0,0,1143,0,1604.6193,12,9
413d736c-d047-4e1b-bad5-b20a4d1128e9,Tiger_Main,squad,2026-01-27T06:26:14Z,0,0,3,85.34056,byplayer,0,1,30,0,0,0.0,fkfkfk1121,account.3bbf240fccee4a74b51c7e67d22fe986,1,8074.772,0,0.0,0,1285,0,2377.3987,6,6
413d736c-d047-4e1b-bad5-b20a4d1128e9,Tiger_Main,squad,2026-01-27T06:26:14Z,1,0,5,131.56235,byplayer,0,1,11,1,2,19.531002,AGT_NALRARI_KIM,account.20a73ac8401e415fb8d06bbfb03f6ac0,1,7364.7007,0,0.0,0,1178,0,2056.524,11,4
413d736c-d047-4e1b-bad5-b20a4d1128e9,Tiger_Main,squad,2026-01-27T06:26:14Z,2,0,0,110.0,byplayer,0,0,17,2,2,34.614796,maru05018,account.5f895589781e46beb461fbca04065474,0,0.0,0,0.0,0,143,0,229.53523,3,17
413d736c-d047-4e1b-bad5-b20a4d1128e9,Tiger_Main,squad,2026-01-27T06:26:14Z,0,1,0,28.8,byplayer,0,0,57,0,0,0.0,SSIBZOKBAB_-,account.4863f7cfdfec45f194f6b43faede9685,0,0.0,0,0.0,0,159,0,126.03557,2,19
413d736c-d047-4e1b-bad5-b20a4d1128e9,Tiger_Main,squad,2026-01-27T06:26:14Z,1,0,5,86.39993,byplayer,0,0,39,0,0,0.0,PRAEMIER,account.44ddb6f0942a4e9bb12d453af25bf16a,1,6241.628,0,0.0,0,794,0,1137.501,12,10
413d736c-d047-4e1b-bad5-b20a4d1128e9,Tiger_Main,squad,2026-01-27T06:26:14Z,0,0,2,225.87546,byplayer,0,11,29,0,0,0.0,YUN_CS__,account.fed5ddb042824096844d86a96dc8dcc2,0,10109.05,0,0.0,0,1315,0,1581.6671,8,6
413d736c-d047-4e1b-bad5-b20a4d1128e9,Tiger_Main,squad,2026-01-27T06:26:14Z,0,1,3,23.779432,byplayer,0,2,38,0,0,0.0,Iloveyou3402,account.c1f896a981a443f094d6401ad0894ee7,0,6437.83,0,0.0,0,834,0,1197.395,6,10
413d736c-d047-4e1b-bad5-b20a4d1128e9,Tiger_Main,squad,2026-01-27T06:26:14Z,3,0,6,257.58148,byplayer,0,1,6,1,3,50.81257,Bro_Una,account.03d287998c1141758a864c88a2568ca0,1,0.0,0,0.0,0,1017,0,1256.0839,11,5
413d736c-d047-4e1b-bad5-b20a4d1128e9,Tiger_Main,squad,2026-01-27T06:26:14Z,5,0,8,693.7623,byplayer,0,7,3,2,4,47.807762,DOLJINGYU,account.195c37bf908a486e96c2ddf275bf1e7b,0,5471.0083,0,0.0,0,1743,0,4101.0103,11,3
413d736c-d047-4e1b-bad5-b20a4d1128e9,Tiger_Main,squad,2026-01-27T06:26:14Z,1,1,8,331.4372,byplayer,1,4,10,1,2,75.27355,AGT_SHIPDA,account.02c796f342214dbd91c05f11c8f6aec0,0,6848.2905,0,11.398044,0,1394,1,2488.3535,14,4
413d736c-d047-4e1b-bad5-b20a4d1128e9,Tiger_Main,squad,2026-01-27T06:26:14Z,1,0,1,200.77,byplayer,0,3,53,0,0,0.0,GRP_Monster,account.b7c4cf34d36e4d61b3fe15f768cef59d,0,0.0,0,0.0,0,319,0,685.651,4,16
413d736c-d047-4e1b-bad5-b20a4d1128e9,Tiger_Main,squad,2026-01-27T06:26:14Z,1,0,0,100.0,byplayer,0,1,56,0,0,0.0,CZ9_allright,account.25c9b05ae036491085f6afac2981fa6b,0,0.0,0,0.0,0,180,0,330.77393,2,19
413d736c-d047-4e1b-bad5-b20a4d1128e9,Tiger_Main,squad,2026-01-27T06:26:14Z,3,1,13,299.90253,byplayer,0,3,19,1,1,3.0646582,DIBLEE,account.c4a933105cb0474294ebd701b71250be,0,3786.9775,0,0.0,0,1807,0,4306.848,17,2
413d736c-d047-4e1b-bad5-b20a4d1128e9,Tiger_Main,squad,2026-01-27T06:26:14Z,1,0,1,98.0,byplayer,1,0,25,1,1,30.385727,sd6a5s,account.1474423ad416461fb8f0f552b681d633,0,0.0,0,0.0,0,410,0,1022.47144,5,15
413d736c-d047-4e1b-bad5-b20a4d1128e9,Tiger_Main,squad,2026-01-27T06:26:14Z,0,0,1,35.043236,byplayer,0,0,51,0,0,0.0,YYYY_-,account.40eba28b3135409ea487f1b6e64fee4f,0,0.0,0,0.0,0,344,0,1057.1349,2,16
413d736c-d047-4e1b-bad5-b20a4d1128e9,Tiger_Main,squad,2026-01-27T06:26:14Z,0,0,0,78.95999,byplayer,0,0,46,0,0,0.0,ItsTheLEE,account.1dd9e6908c884c0eb6047dedd8b29442,0,0.0,0,0.0,0,204,0,144.57242,1,13
413d736c-d047-4e1b-bad5-b20a4d1128e9,Tiger_Main,squad,2026-01-27T06:26:14Z,2,0,12,379.96817,byplayer,1,8,13,1,2,25.156292,fxkingfoking,account.2a1217a7bbc842bca1530e1584e02df0,0,8200.038,0,0.0,0,1267,0,1932.0876,11,7
413d736c-d047-4e1b-bad5-b20a4d1128e9,Tiger_Main,squad,2026-01-27T06:26:14Z,0,0,5,56.42961,byplayer,0,2,32,0,0,0.0,tozhagkspdy99,account.33d5d1e025e04b9fbbae370642f5e91c,2,8211.954,0,0.0,0,1267,0,1794.3254,7,7
413d736c-d047-4e1b-bad5-b20a4d1128e9,Tiger_Main,squad,2026-01-27T06:26:14Z,0,0,0,0.0,byplayer,0,0,52,0,0,0.0,ben3263,account.51e603936c134650bbf668f3caf05b68,0,0.0,0,0.0,0,321,0,531.62775,9,16
413d736c-d047-4e1b-bad5-b20a4d1128e9,Tiger_Main,squad,2026-01-27T06:26:14Z,0,0,0,0.0,byzone,0,0,41,0,0,0.0,S2HoiS2,account.bbeb2712779540a58d03308eee2c020d,0,0.0,0,0.0,0,646,0,364.79797,3,11
413d736c-d047-4e1b-bad5-b20a4d1128e9,Tiger_Main,squad,2026-01-27T06:26:14Z,1,2,12,399.37213,byplayer,0,1,8,1,2,23.046621,JNS_Ox97,account.1a2532f1fc5d4f7791f41fd8e7117c5a,3,1674.3246,0,0.0,0,1807,2,4244.7324,23,2
413d736c-d047-4e1b-bad5-b20a4d1128e9,Tiger_Main,squad,2026-01-27T06:26:14Z,2,1,8,255.992,byplayer,0,4,4,1,3,172.67767,Coepi,account.f4e8302496804100bff1c623741ce519,0,4469.205,0,0.0,0,1807,0,3049.6257,12,2
413d736c-d047-4e1b-bad5-b20a4d1128e9,Tiger_Main,squad,2026-01-27T06:26:14Z,1,0,8,184.17685,suicide,0,17,21,1,1,17.812983,BROTHERWINNERS,account.dfcd0eaf31e44fa3ad5252bbe2247eeb,1,6240.292,0,0.0,0,1020,0,1789.6371,10,5
413d736c-d047-4e1b-bad5-b20a4d1128e9,Tiger_Main,squad,2026-01-27T06:26:14Z,1,0,7,418.86865,byplayer,2,0,5,1,3,122.85162,JUNBIGALWALLYO,account.1d209326c118433d8b44e59ae514b988,0,4006.4756,0,0.0,0,1681,0,3403.5886,13,3
b2389be4-a265-41af-b755-23aff1bda9ef,Savage_Main,squad,2026-01-27T06:33:41Z,0,1,0,110.85542,byplayer,0,0,28,1,1,245.54292,IQQ4,account.56220345a7904169a425ee09ebc5e699,0,1759.8145,0,0.0,0,903,0,3466.298,7,7
b2389be4-a265-41af-b755-23aff1bda9ef,Savage_Main,squad,2026-01-27T06:33:41Z,1,1,0,100.0,byplayer,1,0,39,1,1,39.015,HYHY0824,account.656e124accbc4d19bf8c9bd767e9b042,0,0.0,0,0.0,0,247,0,228.44295,4,21
b2389be4-a265-41af-b755-23aff1bda9ef,Savage_Main,squad,2026-01-27T06:33:41Z,0,0,0,0.0,byplayer,0,0,88,0,0,0.0,kdfkoaw,account.635ffbdf418443628db590cdfa98ade3,0,0.0,0,0.0,0,197,0,11.258184,1,22
b2389be4-a265-41af-b755-23aff1bda9ef,Savage_Main,squad,2026-01-27T06:33:41Z,0,0,3,0.0,byplayer,0,7,60,0,0,0.0,203LineMan,account.cfc2fe98d2024f4cb8ed4fb118fcb294,1,17.326487,0,0.0,0,677,0,2014.7191,11,5
b2389be4-a265-41af-b755-23aff1bda9ef,Savage_Main,squad,2026-01-27T06:33:41Z,0,0,0,0.0,byplayer,0,0,99,0,0,0.0,Superppackgosu,account.9dc6e988ad1b4f14942d5af5d9d0dfd1,0,0.0,0,0.0,0,117,0,99.493614,1,27
b2389be4-a265-41af-b755-23aff1bda9ef,Savage_Main,squad,2026-01-27T06:33:41Z,1,0,0,100.0,byplayer,0,0,46,1,1,3.5077105,Ieenuri09,account.956b612196af468ea20390e0a2b45b3a,0,0.0,0,0.0,0,129,0,237.92474,4,24
b2389be4-a265-41af-b755-23aff1bda9ef,Savage_Main,squad,2026-01-27T06:33:41Z,0,0,0,23.76,byplayer,0,0,68,0,0,0.0,ILLHYHL__81,account.b2057094518d4756bccde1e96b2d64d1,0,51.25072,0,0.0,0,374,0,1007.8323,10,13
b2389be4-a265-41af-b755-23aff1bda9ef,Savage_Main,squad,2026-01-27T06:33:41Z,0,0,5,0.0,byplayer,0,1,61,0,0,0.0,BB0_rang,account.fb5aa9f13be24724b0c95db052d0c005,0,0.0,0,0.0,0,1037,0,3418.2458,6,6
b2389be4-a265-41af-b755-23aff1bda9ef,Savage_Main,squad,2026-01-27T06:33:41Z,1,1,5,285.82706,byplayer,1,2,17,2,2,16.636368,in-_-out,account.074bbed64b41451e9806dc8da158ae2f,2,0.0,0,0.0,0,854,0,1904.84,8,8
b2389be4-a265-41af-b755-23aff1bda9ef,Savage_Main,squad,2026-01-27T06:33:41Z,1,0,0,100.0,byplayer,0,0,41,1,1,1.9854854,GadKo2,account.b416ae9f50d2446d9694de43009ba3a7,0,0.0,0,0.0,0,190,0,277.67035,4,23
b2389be4-a265-41af-b755-23aff1bda9ef,Savage_Main,squad,2026-01-27T06:33:41Z,1,0,6,215.24767,byplayer,1,3,11,1,2,46.78821,Ram_Bo111,account.6eff0c95a05642328996fa140e3f6dbd,0,3506.6504,0,0.0,0,1448,0,2894.348,11,2
b2389be4-a265-41af-b755-23aff1bda9ef,Savage_Main,squad,2026-01-27T06:33:41Z,1,0,0,100.0,byplayer,0,0,73,0,0,0.0,XXO_DDeok_s,account.f074f6b253be486595315f83dcea8611,0,0.0,0,0.0,0,226,0,348.91824,3,15
b2389be4-a265-41af-b755-23aff1bda9ef,Savage_Main,squad,2026-01-27T06:33:41Z,0,0,0,0.0,byplayer,0,0,92,0,0,0.0,asdsadasdassadas,account.7adec72850354aaeb9e5b6ac5d0f48eb,0,0.0,0,0.0,0,163,0,165.99045,4,23
b2389be4-a265-41af-b755-23aff1bda9ef,Savage_Main,squad,2026-01-27T06:33:41Z,0,0,0,0.0,byplayer,0,0,79,0,0,0.0,HOTDKD,account.0331a526c2ba40c5a22729f37276e6c3,0,176.60277,0,0.0,0,285,0,547.7114,6,17
b2389be4-a265-41af-b755-23aff1bda9ef,Savage_Main,squad,2026-01-27T06:33:41Z,0,0,0,55.199997,byplayer,0,0,87,0,0,0.0,ghkddbswh1,account.f722e633b7c843329189f0356574580f,0,0.0,0,0.0,0,236,0,584.17114,6,20
b2389be4-a265-41af-b755-23aff1bda9ef,Savage_Main,squad,2026-01-27T06:33:41Z,0,0,0,0.0,byplayer,0,0,74,0,0,0.0,XXO_JIMA,account.7251604ffe404111b8cc6b0ad40a62c0,0,0.0,0,0.0,0,172,0,246.83548,4,15
b2389be4-a265-41af-b755-23aff1bda9ef,Savage_Main,squad,2026-01-27T06:33:41Z,0,0,0,0.0,byplayer,0,0,75,0,0,0.0,XXOZA,account.92f5bde7cce04f0eb093852ad376efa4,0,0.0,0,0.0,0,162,0,237.55646,5,15
b2389be4-a265-41af-b755-23aff1bda9ef,Savage_Main,squad,2026-01-27T06:33:41Z,0,0,1,32.571,byplayer,0,1,80,0,0,0.0,nimidae,account.24dbb1cf919740ccbcd7875f70c78f05,0,0.0,0,0.0,0,300,0,460.47415,5,18
b2389be4-a265-41af-b755-23aff1bda9ef,Savage_Main,squad,2026-01-27T06:33:41Z,7,1,12,1059.0093,alive,6,11,1,2,9,152.97543,CYCL_BUTTER,account.4cf60a6d77da498c82355cde4590542f,1,2873.683,0,0.0,0,1451,0,3129.8484,12,1
b2389be4-a265-41af-b755-23aff1bda9ef,Savage_Main,squad,2026-01-27T06:33:41Z,1,0,0,185.45807,byplayer,0,0,95,0,0,0.0,tjdpwns1234564,account.2495f47cc3264d8cb2e345df914d0c94,0,0.0,0,0.0,0,126,0,78.19739,1,25
b2389be4-a265-41af-b755-23aff1bda9ef,Savage_Main,squad,2026-01-27T06:33:41Z,2,0,0,186.99998,byplayer,0,0,21,1,2,27.566326,S2X_COW,account.4a04043a9c564a8ea1217741e6aa0cab,0,0.0,0,0.0,0,210,0,556.6276,4,20
b2389be4-a265-41af-b755-23aff1bda9ef,Savage_Main,squad,2026-01-27T06:33:41Z,1,0,0,100.0,byplayer,0,0,97,0,0,0.0,leewjin_05,account.241dc0bcdd194a3abffef305ddd1d382,0,0.0,0,0.0,0,119,0,62.755074,2,26
b2389be4-a265-41af-b755-23aff1bda9ef,Savage_Main,squad,2026-01-27T06:33:41Z,1,0,0,100.0,byplayer,0,0,44,1,1,9.104822,IIIIIIIOOIIIIII,account.bb084ecbfa5b426190dad38f0434995b,0,0.0,0,0.0,0,123,0,98.76399,2,23
b2389be4-a265-41af-b755-23aff1bda9ef,Savage_Main,squad,2026-01-27T06:33:41Z,1,0,3,150.78687,byplayer,0,2,33,1,1,9.818511,DIOR_BBAKGU,account.83313612ab0148419e257a7fff3c4c3f,0,0.0,0,0.0,0,567,0,1708.7949,6,12
b2389be4-a265-41af-b755-23aff1bda9ef,Savage_Main,squad,2026-01-27T06:33:41Z,1,3,7,476.6814,byplayer,0,5,9,1,2,217.5694,CYCL_MASTER,account.7fb7a53ff0824d648a67b2b171940bdc,3,2874.4297,0,0.0,0,1408,0,3305.8713,13,1
b2389be4-a265-41af-b755-23aff1bda9ef,Savage_Main,squad,2026-01-27T06:33:41Z,1,0,2,100.0,byplayer,0,2,34,1,1,52.290226,MMABEAST,account.57f9b26307ae48b5b5b0d5742538a364,1,0.0,0,0.0,0,366,0,876.03613,8,16
b2389be4-a265-41af-b755-23aff1bda9ef,Savage_Main,squad,2026-01-27T06:33:41Z,0,0,0,105.44155,byplayer,0,4,62,0,0,0.0,DB19920925,account.258acd2816914469b355905935e6a0a7,0,0.0,0,209.32321,0,675,0,1506.1359,13,11
b2389be4-a265-41af-b755-23aff1bda9ef,Savage_Main,squad,2026-01-27T06:33:41Z,2,1,3,305.55777,byplayer,1,2,7,2,3,215.75877,ddo_o7,account.cfafc72b807b4204931270e229ef7808,1,0.0,0,0.0,0,668,0,2144.0894,7,10
b2389be4-a265-41af-b755-23aff1bda9ef,Savage_Main,squad,2026-01-27T06:33:41Z,0,0,4,0.0,byplayer,0,6,58,0,0,0.0,YoonD_Dal111,account.033f981e38274b6daa80150fcad18d29,0,3452.2292,0,0.0,0,1169,0,3248.9307,14,2
b2389be4-a265-41af-b755-23aff1bda9ef,Savage_Main,squad,2026-01-27T06:33:41Z,0,0,0,49.6,byplayer,0,3,36,1,1,2.4773316,22222222pac,account.9297c26d02be41ea81092f535a776bc1,1,0.0,0,0.0,0,301,0,538.6441,4,18
b2389be4-a265-41af-b755-23aff1bda9ef,Savage_Main,squad,2026-01-27T06:33:41Z,0,0,2,25.144733,byplayer,0,0,69,0,0,0.0,JEEP_____,account.c1bb289352014ae3867cb44f98ef1f3a,0,220.47853,0,0.0,0,344,0,1002.51135,4,13
b2389be4-a265-41af-b755-23aff1bda9ef,Savage_Main,squad,2026-01-27T06:33:41Z,0,0,0,0.0,byplayer,0,0,64,0,0,0.0,IU_RIVER,account.ebd8d51e488e40af998912be9b720daf,0,0.0,0,0.0,0,81,0,43.829998,0,11
b2389be4-a265-41af-b755-23aff1bda9ef,Savage_Main,squad,2026-01-27T06:33:41Z,1,1,0,175.59999,byplayer,0,0,42,1,1,14.56748,OMJ_Rolex,account.e1ccdee0030d455ca9fb8b907ce03505,0,0.0,0,0.0,0,190,0,320.97833,3,23
b2389be4-a265-41af-b755-23aff1bda9ef,Savage_Main,squad,2026-01-27T06:33:41Z,1,0,2,44.437424,byzone,0,2,65,0,0,0.0,Ru_Sa,account.34f5ed1270ac422fbb7a489c891ed7a6,0,0.0,0,0.0,0,568,0,1827.2483,6,12
b2389be4-a265-41af-b755-23aff1bda9ef,Savage_Main,squad,2026-01-27T06:33:41Z,1,1,7,164.2319,byplayer,0,10,8,1,2,20.281902,HubZEA,account.6699a24969ca485bbec5890c2c8fc2a6,1,2956.9631,0,0.0,0,1437,0,3276.2954,8,1
b2389be4-a265-41af-b755-23aff1bda9ef,Savage_Main,squad,2026-01-27T06:33:41Z,0,0,0,0.0,byplayer,0,0,84,0,0,0.0,SeungJunK,account.dd13e6b56595419eb6ebd9d6da43797e,0,0.0,0,0.0,0,256,0,631.7147,5,20
b2389be4-a265-41af-b755-23aff1bda9ef,Savage_Main,squad,2026-01-27T06:33:41Z,0,0,0,0.0,byplayer,0,0,100,0,0,0.0,1st_zzang2,account.260abb028e42444fa65bbb2f8650bbc7,0,0.0,0,0.0,0,117,0,36.090057,1,27
b2389be4-a265-41af-b755-23aff1bda9ef,Savage_Main,squad,2026-01-27T06:33:41Z,1,0,2,125.19486,byzone,1,2,30,1,1,48.27706,Ne_Jeu_KO,account.74949af7b45c4c929b84c4294c1904b5,0,0.0,0,0.0,0,649,0,1913.1299,5,10
b2389be4-a265-41af-b755-23aff1bda9ef,Savage_Main,squad,2026-01-27T06:33:41Z,0,1,0,55.510284,byplayer,0,0,89,0,0,0.0,rswrsw,account.5c77325aea844f7ba99f6b56e9a97688,0,0.0,0,0.0,0,152,0,110.91425,3,22
b2389be4-a265-41af-b755-23aff1bda9ef,Savage_Main,squad,2026-01-27T06:33:41Z,2,1,7,318.81946,byplayer,0,3,5,1,3,24.039223,NAmeless97t,account.bb02f3e426354619b11a7ba9c9b9d912,0,3257.7107,0,0.0,0,1448,0,3730.348,9,2
b2389be4-a265-41af-b755-23aff1bda9ef,Savage_Main,squad,2026-01-27T06:33:41Z,0,0,1,49.056,byplayer,0,0,76,0,0,0.0,bky4356443,account.fe96c5f3a25e4ed0b295deb56d56382e,0,822.5167,0,0.0,0,357,0,572.46545,5,17
b2389be4-a265-41af-b755-23aff1bda9ef,Savage_Main,squad,2026-01-27T06:33:41Z,7,0,6,823.37006,byplayer,2,2,2,4,8,77.69662,Gae_Dal_DA,account.fd9456191a25407b9e900cdf213e75e3,0,0.0,0,0.0,0,1055,0,3821.4639,9,6
b2389be4-a265-41af-b755-23aff1bda9ef,Savage_Main,squad,2026-01-27T06:33:41Z,2,0,0,144.48972,byplayer,1,0,25,2,2,20.69406,dmsco212,account.845673c98d5e4d7b87de9baf2deb817f,0,0.0,0,0.0,0,230,0,183.23941,4,22
b2389be4-a265-41af-b755-23aff1bda9ef,Savage_Main,squad,2026-01-27T06:33:41Z,2,0,4,630.003,byplayer,1,5,16,1,2,66.596985,dokgo_yun,account.f69cb3306d2147669b9da5c0a1b933eb,0,0.0,0,0.0,0,869,0,1886.3759,5,8
b2389be4-a265-41af-b755-23aff1bda9ef,Savage_Main,squad,2026-01-27T06:33:41Z,1,0,0,145.17606,byplayer,0,0,45,1,1,2.7736154,LINGBOOK,account.e3ed251afe3d4737a228dc80dc82d837,0,0.0,0,0.0,0,141,0,86.885895,2,24
b2389be4-a265-41af-b755-23aff1bda9ef,Savage_Main,squad,2026-01-27T06:33:41Z,0,0,0,0.0,byplayer,0,0,101,0,0,0.0,1st_Or7r-3-,account.b16422da7b2c445eaedba64841b290ed,0,0.0,0,0.0,0,113,0,51.40603,1,27
b2389be4-a265-41af-b755-23aff1bda9ef,Savage_Main,squad,2026-01-27T06:33:41Z,0,0,0,0.0,byplayer,0,0,86,0,0,0.0,bbobbo333333,account.2b82e0b4727944db9749012bb43151f1,0,0.0,0,0.0,0,246,0,483.84576,6,20
b2389be4-a265-41af-b755-23aff1bda9ef,Savage_Main,squad,2026-01-27T06:33:41Z,3,1,7,254.16516,byplayer,0,19,13,1,2,21.2967,0Killing_Star0,account.fdf73c7f28d74bf5870eb170e19abafb,0,2228.0242,0,36.39967,0,1386,0,1074.0875,9,4
b2389be4-a265-41af-b755-23aff1bda9ef,Savage_Main,squad,2026-01-27T06:33:41Z,0,0,4,0.0,byplayer,0,7,59,0,0,0.0,CHc___89,account.1024b7fff1764280ac5a7b8ba1951cc9,0,0.0,0,0.0,0,760,0,2231.4504,10,5
b2389be4-a265-41af-b755-23aff1bda9ef,Savage_Main,squad,2026-01-27T06:33:41Z,1,1,1,162.14072,byplayer,0,1,23,2,2,6.2759356,thing_ho_,account.9d471c19b9e44bd08a09c06db2ac52aa,1,0.0,0,0.0,0,245,0,300.07645,3,22
b2389be4-a265-41af-b755-23aff1bda9ef,Savage_Main,squad,2026-01-27T06:33:41Z,0,1,7,264.81097,byplayer,0,1,6,1,3,341.23135,KoreaGuardian,account.51b2aeceb0e84204b4799c11bbd071e9,0,0.0,0,87.30897,0,1233,0,4438.328,20,3
b2389be4-a265-41af-b755-23aff1bda9ef,Savage_Main,squad,2026-01-27T06:33:41Z,1,0,8,184.64331,byplayer,2,9,10,1,2,73.0648,KAKAO-_-RYAN,account.0f5ce6c9940a403b96fdce0a00f80ce2,2,3060.8755,0,0.0,0,1242,0,2737.2349,9,1
b2389be4-a265-41af-b755-23aff1bda9ef,Savage_Main,squad,2026-01-27T06:33:41Z,0,0,0,0.0,byplayer,0,1,85,0,0,0.0,ssssssss159,account.d07a36f367e34d40a4b8d53728234a73,0,0.0,0,0.0,0,256,0,640.151,6,20
b2389be4-a265-41af-b755-23aff1bda9ef,Savage_Main,squad,2026-01-27T06:33:41Z,1,0,0,100.0,byplayer,0,0,43,1,1,5.7310243,Rexx_Banner,account.6b5505a752d64550841eec673442dda2,0,0.0,0,0.0,0,127,0,164.16063,2,23
b2389be4-a265-41af-b755-23aff1bda9ef,Savage_Main,squad,2026-01-27T06:33:41Z,1,0,0,131.94495,byplayer,0,1,72,0,0,0.0,XXO_KKoYa,account.964608cecc1142c2b6dc16b38e484955,0,0.0,0,0.0,0,394,0,467.48172,7,15
b2389be4-a265-41af-b755-23aff1bda9ef,Savage_Main,squad,2026-01-27T06:33:41Z,3,1,4,333.86774,byplayer,0,3,15,1,2,61.98044,sh9wtty,account.cd34c72b62554a22852abf151fb05a5a,0,648.7364,0,0.0,0,880,0,3580.4736,10,7
b2389be4-a265-41af-b755-23aff1bda9ef,Savage_Main,squad,2026-01-27T06:33:41Z,1,0,3,95.19999,byplayer,0,5,31,1,1,16.132349,032z,account.57fd5b7b65284ae19e7ac953420b2bd1,0,447.67752,0,0.0,0,635,0,1995.6013,7,10
b2389be4-a265-41af-b755-23aff1bda9ef,Savage_Main,squad,2026-01-27T06:33:41Z,0,0,0,0.0,byplayer,0,0,98,0,0,0.0,Baerin_DreamTree,account.54def8efc0be464aa84645ef086125ec,0,0.0,0,0.0,0,117,0,156.99715,3,27
b2389be4-a265-41af-b755-23aff1bda9ef,Savage_Main,squad,2026-01-27T06:33:41Z,0,0,0,10.8,byplayer,0,0,82,0,0,0.0,jmh3290,account.90ba2aa030e943e9af4459ba220b5533,0,0.0,0,0.0,0,264,0,712.4244,5,19
b2389be4-a265-41af-b755-23aff1bda9ef,Savage_Main,squad,2026-01-27T06:33:41Z,0,0,3,153.90614,byplayer,0,1,32,1,1,81.81377,SWS_HW04,account.2ff74df9ffe04385b2cbf0c7046377d5,0,0.0,0,0.0,0,567,0,2221.1213,9,12
b2389be4-a265-41af-b755-23aff1bda9ef,Savage_Main,squad,2026-01-27T06:33:41Z,1,0,0,154.0,byplayer,1,0,38,1,1,92.6731,OOOOO0O0OOOOOOO,account.36910fb290b54bf6a7859dba5dd44b95,0,0.0,0,0.0,0,264,0,661.0349,7,20
b2389be4-a265-41af-b755-23aff1bda9ef,Savage_Main,squad,2026-01-27T06:33:41Z,0,1,0,297.54062,byplayer,0,0,37,1,1,3.9381385,shinyuhan_0608,account.b36b419f1df44cc9892cef22d900f0d4,0,0.0,0,0.0,0,212,0,252.50586,3,18
b2389be4-a265-41af-b755-23aff1bda9ef,Savage_Main,squad,2026-01-27T06:33:41Z,3,0,4,265.7913,byplayer,1,4,18,2,2,91.88113,hol_lys,account.e312cf4c290145949e41c79170a7860b,0,156.2908,0,0.0,0,685,0,1972.7128,7,10
b2389be4-a265-41af-b755-23aff1bda9ef,Savage_Main,squad,2026-01-27T06:33:41Z,0,0,0,0.0,byplayer,0,0,91,0,0,0.0,Taylormade_QI10,account.cf103ca179244dc783d4a525d29c9b1a,0,0.0,0,0.0,0,165,0,159.99228,3,23
b2389be4-a265-41af-b755-23aff1bda9ef,Savage_Main,squad,2026-01-27T06:33:41Z,0,1,0,60.629997,byplayer,0,0,81,0,0,0.0,voice_boy_8282,account.dcdafa369b124c7aab312643a440b34c,0,0.0,0,0.0,0,237,0,302.50412,2,18
b2389be4-a265-41af-b755-23aff1bda9ef,Savage_Main,squad,2026-01-27T06:33:41Z,1,0,2,172.39642,byplayer,0,0,19,1,2,57.498505,DIOR_JABGU,account.b53a67e435e24f80999d097e86068794,1,0.0,0,0.0,0,567,0,1732.1957,11,12
b2389be4-a265-41af-b755-23aff1bda9ef,Savage_Main,squad,2026-01-27T06:33:41Z,0,0,5,0.0,byzone,0,1,57,0,0,0.0,killer__zoe,account.1b22217cfb964ace9edab90a00e01a05,0,3088.6558,0,0.0,0,1201,0,3695.9016,15,2
b2389be4-a265-41af-b755-23aff1bda9ef,Savage_Main,squad,2026-01-27T06:33:41Z,1,0,5,99.99999,byplayer,0,0,27,1,1,12.85901,CECHOI,account.a0e18a444fd24c6cb30b47375efb72ef,0,977.6183,0,126.90021,0,1288,0,4369.094,10,5
b2389be4-a265-41af-b755-23aff1bda9ef,Savage_Main,squad,2026-01-27T06:33:41Z,1,0,0,100.0,byplayer,1,0,40,1,1,11.308623,sex585869,account.02f8f330684c454eae8b3bb453d1b313,0,0.0,0,0.0,0,247,0,121.99114,3,21
b2389be4-a265-41af-b755-23aff1bda9ef,Savage_Main,squad,2026-01-27T06:33:41Z,0,0,0,0.0,byplayer,0,0,93,0,0,0.0,juteahong,account.ce043f0ff3af4a2b8be5ce8bb69d44a1,0,0.0,0,0.0,0,130,0,169.28595,1,24
b2389be4-a265-41af-b755-23aff1bda9ef,Savage_Main,squad,2026-01-27T06:33:41Z,0,0,0,0.0,byplayer,0,5,66,0,0,0.0,BGM_BigMouse,account.a0eea850df1d4ab687bb27152dcc2de5,0,0.0,0,0.0,0,472,0,1479.1929,6,13
b2389be4-a265-41af-b755-23aff1bda9ef,Savage_Main,squad,2026-01-27T06:33:41Z,0,1,0,44.1,byplayer,0,0,90,0,0,0.0,GiSang25,account.dc7bf09e851e46de8aff2ae0594128c7,0,0.0,0,0.0,0,187,0,316.2501,2,23
b2389be4-a265-41af-b755-23aff1bda9ef,Savage_Main,squad,2026-01-27T06:33:41Z,2,0,0,266.4053,byplayer,0,0,22,1,2,4.41277,br_almondbonbon,account.20d70e41abbb4ea2b7134abc5549bdcf,0,0.0,0,0.0,0,247,0,205.88792,2,21
b2389be4-a265-41af-b755-23aff1bda9ef,Savage_Main,squad,2026-01-27T06:33:41Z,1,0,7,377.3338,byplayer,1,3,4,1,4,69.64436,Heyim_XXX4,account.2001035f2cd4440782354378f266d9cf,0,4250.894,0,0.0,0,948,0,2474.7432,12,7
b2389be4-a265-41af-b755-23aff1bda9ef,Savage_Main,squad,2026-01-27T06:33:41Z,0,0,0,0.0,byplayer,0,0,94,0,0,0.0,doyoon071010,account.698c112223994a6a8459bcb376b014c8,0,0.0,0,0.0,0,131,0,244.44882,2,25
b2389be4-a265-41af-b755-23aff1bda9ef,Savage_Main,squad,2026-01-27T06:33:41Z,1,0,0,100.0,byplayer,0,0,35,1,1,154.58487,Yonghwazz,account.218a04ebea4b40a29933d49459278658,0,0.0,0,0.0,0,337,0,560.5049,5,16
b2389be4-a265-41af-b755-23aff1bda9ef,Savage_Main,squad,2026-01-27T06:33:41Z,0,0,0,0.0,byplayer,0,0,96,0,0,0.0,hs-1221,account.f6938a0315174e629f6987d30a4f36c3,0,0.0,0,0.0,0,90,0,72.04023,3,25
b2389be4-a265-41af-b755-23aff1bda9ef,Savage_Main,squad,2026-01-27T06:33:41Z,0,0,0,0.0,byplayer,0,0,78,0,0,0.0,BBI_-YAK,account.5458231c1a7e4f6f8514bfb27ae1cb91,0,0.0,0,0.0,0,333,0,787.9915,9,17
b2389be4-a265-41af-b755-23aff1bda9ef,Savage_Main,squad,2026-01-27T06:33:41Z,2,2,5,288.37512,byplayer,1,1,14,1,2,163.31831,Sasukx,account.13ba5a01f4db41339870bb71e5a7b7dc,0,1843.7715,0,0.0,0,981,0,3522.6865,13,7
b2389be4-a265-41af-b755-23aff1bda9ef,Savage_Main,squad,2026-01-27T06:33:41Z,0,0,0,0.0,byplayer,0,1,67,0,0,0.0,KOR_kkomada,account.c7ffbf60356f4c4ab1bb498964634575,0,0.0,0,0.0,0,392,0,1261.8696,4,13
b2389be4-a265-41af-b755-23aff1bda9ef,Savage_Main,squad,2026-01-27T06:33:41Z,0,0,0,26.46,byplayer,0,0,63,0,0,0.0,Agent_GARDEN,account.ecc0a31cc5fb459dad1614583ff84b93,0,0.0,0,0.0,0,285,0,458.5488,4,11
b2389be4-a265-41af-b755-23aff1bda9ef,Savage_Main,squad,2026-01-27T06:33:41Z,4,3,5,320.59747,byplayer,1,1,12,1,2,71.34597,viola_94,account.84450452e2094d9686630f9bb050801b,2,0.0,0,0.0,0,1311,0,3242.4148,14,3
b2389be4-a265-41af-b755-23aff1bda9ef,Savage_Main,squad,2026-01-27T06:33:41Z,0,0,0,0.0,byplayer,0,0,83,0,0,0.0,Roumoto2,account.2e7ddbbdb49347db8095b43d005b37b1,0,0.0,0,0.0,0,240,0,476.5138,4,19
b2389be4-a265-41af-b755-23aff1bda9ef,Savage_Main,squad,2026-01-27T06:33:41Z,2,1,1,237.85927,byplayer,0,1,24,1,2,2.8958566,DDDEDDE4,account.fc8e66df82ea4dffb7f725282a5dc84b,0,0.0,0,0.0,0,245,0,257.4423,3,22
b2389be4-a265-41af-b755-23aff1bda9ef,Savage_Main,squad,2026-01-27T06:33:41Z,1,2,2,349.752,byplayer,0,1,26,1,1,15.443389,Sa_ZZanGgu,account.838d07111d7d4655b00967e75160b5f8,0,177.41806,0,6.990022,0,1218,0,3272.2017,13,3
b2389be4-a265-41af-b755-23aff1bda9ef,Savage_Main,squad,2026-01-27T06:33:41Z,1,0,0,100.0,byplayer,0,0,77,0,0,0.0,Guitar010,account.6eba231cf28b491494ec6fffb467fa90,0,0.0,0,0.0,0,352,0,864.003,5,17
b2389be4-a265-41af-b755-23aff1bda9ef,Savage_Main,squad,2026-01-27T06:33:41Z,5,3,7,490.2525,byplayer,3,3,3,1,4,75.8373,teatreetime,account.717f7fda02a24032b5bb33ca13258c96,0,0.0,0,0.0,0,1320,0,3763.0945,12,4
b2389be4-a265-41af-b755-23aff1bda9ef,Savage_Main,squad,2026-01-27T06:33:41Z,1,1,0,200.0,byplayer,0,2,20,1,2,30.379847,WIN_Guu_uuG,account.ac63d3cc92a649db93ff2a7893f126f4,1,0.0,0,0.0,0,366,0,816.1241,6,16
b2389be4-a265-41af-b755-23aff1bda9ef,Savage_Main,squad,2026-01-27T06:33:41Z,3,0,2,542.45294,byplayer,0,5,29,1,1,3.455924,SeungDDING,account.a74017f3e9c64187ac51b45b77bbd8bb,0,0.0,0,0.0,0,717,0,909.9546,5,9
b93b2adc-610f-4081-86a9-962efbb0ab69,Desert_Main,squad,2026-01-27T06:31:14Z,0,0,0,0.0,byzone,0,0,101,0,0,0.0,popperchoi,account.83e2b75d122f48f5983cbf2f60dcfe7d,0,0.0,0,0.0,0,655,0,98.535675,0,26
b93b2adc-610f-4081-86a9-962efbb0ab69,Desert_Main,squad,2026-01-27T06:31:14Z,8,2,9,813.6632,alive,1,1,3,1,8,634.99554,LEEEDOOO,account.c657f2e1de3f431396ecf1ac19ba6435,0,0.0,0,0.0,0,1622,0,4793.157,11,1
b93b2adc-610f-4081-86a9-962efbb0ab69,Desert_Main,squad,2026-01-27T06:31:14Z,1,0,0,101.0,byplayer,0,1,48,0,0,0.0,Dany_HILL,account.e0e590a36db540fd918837beb3906fcd,0,2958.8306,0,0.0,0,1106,0,2934.7805,7,8
b93b2adc-610f-4081-86a9-962efbb0ab69,Desert_Main,squad,2026-01-27T06:31:14Z,12,2,6,1641.8484,byplayer,4,2,2,4,14,87.79569,YujinDaseulDaeun,account.2369ad04fef94b43ac38dbd71e413415,1,4791.0093,0,0.0,0,1353,0,2621.067,9,3
b93b2adc-610f-4081-86a9-962efbb0ab69,Desert_Main,squad,2026-01-27T06:31:14Z,4,0,5,524.0547,byplayer,2,2,5,3,6,322.91953,Footsize_300,account.9518c5eab6194e6689b7f9efdbe839dc,0,10044.405,0,0.0,0,1619,0,2575.7402,8,2
b93b2adc-610f-4081-86a9-962efbb0ab69,Desert_Main,squad,2026-01-27T06:31:14Z,1,2,9,194.46158,alive,0,2,6,1,3,73.39295,songbureng2,account.4695d9fccc224355bb90104098473afb,0,0.0,0,0.0,0,1622,0,5061.8433,6,1
b93b2adc-610f-4081-86a9-962efbb0ab69,Desert_Main,squad,2026-01-27T06:31:14Z,4,4,6,732.83136,alive,0,3,4,2,8,84.90248,junanacomeon12,account.3c5dd68bb857481d970e8193692ccd89,3,0.0,0,0.0,0,1622,2,4586.3857,7,1
b93b2adc-610f-4081-86a9-962efbb0ab69,Desert_Main,squad,2026-01-27T06:31:14Z,2,1,6,280.90747,suicide,0,6,10,1,1,19.049793,dj9299,account.3105ee89613a4b84afeaa8eef83088e1,0,0.0,0,0.0,0,1332,0,3492.5283,9,1
b93b2adc-610f-4081-86a9-962efbb0ab69,Desert_Main,squad,2026-01-27T06:31:14Z,1,2,6,207.10858,byplayer,0,6,11,1,1,302.86972,Hofmann005,account.838967254623493aa7e1f9e04ce98af7,0,9902.845,0,0.0,0,1619,0,1754.9911,6,2
b93b2adc-610f-4081-86a9-962efbb0ab69,Desert_Main,squad,2026-01-27T06:31:14Z,1,3,9,237.31567,byplayer,0,3,34,0,0,0.0,obuobba,account.71ba83e976ee49059a0b66b4ac1f69ba,0,9927.596,0,0.0,0,1586,0,2376.9258,10,2
b93b2adc-610f-4081-86a9-962efbb0ab69,Desert_Main,squad,2026-01-27T06:31:14Z,11,3,7,1440.5095,byplayer,0,4,1,4,15,185.95593,e-cha-sik,account.6dfc7c9376ec458e938fb86a98a7a9b3,1,4306.898,0,0.0,0,1365,0,3029.4084,13,3
19c51ede-0035-496c-9d53-ac7bd1cb45cb,Tiger_Main,duo,2026-01-27T06:37:15Z,0,0,6,100.1185,byplayer,0,1,43,0,0,0.0,fullmoonfly,account.4b916e518a63416e99ebaf14a734f465,0,6474.3667,0,0.0,0,1326,0,1743.6278,7,5
19c51ede-0035-496c-9d53-ac7bd1cb45cb,Tiger_Main,duo,2026-01-27T06:37:15Z,2,0,3,378.35052,byplayer,2,3,10,3,3,37.21101,NCNJ_ZeroMoon,account.598ca2c14aac46d0ab1b780d8bd46d66,0,1050.0729,0,0.0,0,723,0,1469.8004,9,29
19c51ede-0035-496c-9d53-ac7bd1cb45cb,Tiger_Main,duo,2026-01-27T06:37:15Z,5,0,9,990.53424,byplayer,3,3,2,2,9,246.25897,khm0629,account.caf6e9cb315c47cab9b5345dfad33829,1,5416.7725,1,0.0,0,1490,0,2780.5188,7,2
19c51ede-0035-496c-9d53-ac7bd1cb45cb,Tiger_Main,duo,2026-01-27T06:37:15Z,3,0,6,645.4951,byplayer,2,1,7,2,4,382.80286,OngS2,account.cdeabbd752b84d41849ef4c51a7fd7e3,0,1673.9459,0,0.0,0,950,1,2180.8591,14,20
19c51ede-0035-496c-9d53-ac7bd1cb45cb,Tiger_Main,duo,2026-01-27T06:37:15Z,1,0,6,211.2955,byplayer,0,0,20,1,1,24.490637,gunmuljoo,account.339f833ce9754156800dc235db89575f,0,6542.4385,0,0.0,0,1326,1,2228.8054,9,5
19c51ede-0035-496c-9d53-ac7bd1cb45cb,Tiger_Main,duo,2026-01-27T06:37:15Z,0,0,6,0.0,byplayer,0,1,57,0,0,0.0,team_rNv_Melody-,account.361c725939414ec18e0faf62739b8684,0,4623.2764,0,0.0,0,950,0,1735.8794,12,20
19c51ede-0035-496c-9d53-ac7bd1cb45cb,Tiger_Main,duo,2026-01-27T06:37:15Z,1,1,10,901.5074,alive,2,5,3,2,6,115.71461,Chunbaeyang,account.15140da402224480bf356ac5fd9bb838,0,11086.819,0,0.0,0,1493,1,2726.1992,19,1
19c51ede-0035-496c-9d53-ac7bd1cb45cb,Tiger_Main,duo,2026-01-27T06:37:15Z,0,0,3,0.0,byplayer,0,0,70,0,0,0.0,TTUKBAEGI_TWO,account.d2814aafed24410b936b3ddba3e9912b,0,3260.3423,0,0.0,0,668,0,1157.0753,10,30
19c51ede-0035-496c-9d53-ac7bd1cb45cb,Tiger_Main,duo,2026-01-27T06:37:15Z,0,0,3,13.58719,byplayer,0,2,42,0,0,0.0,scy0227,account.0002622f2ef34530817d5b4ffe235942,0,5426.662,0,0.0,0,1457,0,1825.8627,5,2
19c51ede-0035-496c-9d53-ac7bd1cb45cb,Tiger_Main,duo,2026-01-27T06:37:15Z,1,0,9,186.58676,byplayer,0,9,11,1,2,7.113669,china-2768,account.5c0e737f17614dcab58e44da31230937,1,9153.933,0,0.0,0,1340,0,2479.9958,9,3
19c51ede-0035-496c-9d53-ac7bd1cb45cb,Tiger_Main,duo,2026-01-27T06:37:15Z,2,1,9,514.24817,byplayer,0,15,4,2,5,53.941284,China-2767,account.d8268444a244471ca19a411cacb1d33a,1,8891.725,0,0.0,0,1447,1,2880.6917,22,3
19c51ede-0035-496c-9d53-ac7bd1cb45cb,Tiger_Main,duo,2026-01-27T06:37:15Z,8,0,9,1314.1152,byplayer,3,2,1,3,14,144.64964,cnsqoditkfkdgo,account.63c9ee715573473ba7bf642ce5302f57,2,10659.029,1,0.0,0,1280,0,2426.731,11,1
19c51ede-0035-496c-9d53-ac7bd1cb45cb,Tiger_Main,duo,2026-01-27T06:37:15Z,4,2,10,598.1665,byplayer,0,9,6,1,4,48.321415,SSEN2003-__-,account.81e395d41a8f452085ca75566e0d8a34,0,3248.9424,0,0.0,0,1400,0,2326.6777,14,4
19c51ede-0035-496c-9d53-ac7bd1cb45cb,Tiger_Main,duo,2026-01-27T06:37:15Z,1,1,3,370.68146,byplayer,0,0,31,1,1,19.705046,NCNJ_ZeroBean,account.d1248e9a3515454db3dfc7641120dd02,0,955.1034,0,0.0,0,753,0,1564.8921,6,29
19c51ede-0035-496c-9d53-ac7bd1cb45cb,Tiger_Main,duo,2026-01-27T06:37:15Z,0,0,5,28.37211,byplayer,0,1,71,0,0,0.0,EsToQue_Chae,account.b231cf086c2d4239882147bbb3671922,0,3457.7756,0,0.0,0,668,0,1071.1029,9,30
19c51ede-0035-496c-9d53-ac7bd1cb45cb,Tiger_Main,duo,2026-01-27T06:37:15Z,2,1,11,765.1604,byplayer,2,4,5,1,4,229.67137,GEN_Dopamine,account.26abe1ec2a8a440a96ec422efec67a8f,2,2840.244,0,0.0,0,1412,0,2923.4307,7,4
80ffa20c-c6d7-4d13-9b1d-d9edec28b9f6,Baltic_Main,squad,2026-01-27T06:44:32Z,2,1,0,281.12415,byplayer,0,0,34,1,1,216.07109,HR_X10,account.91e28999c2fa473f9227b696b8169a2f,0,2003.323,0,0.0,0,727,0,2274.543,7,17
80ffa20c-c6d7-4d13-9b1d-d9edec28b9f6,Baltic_Main,squad,2026-01-27T06:44:32Z,0,0,0,27.106632,byplayer,0,0,100,0,0,0.0,siwonhanmool,account.558e6efe756341ccabdbbdeedca0c484,0,0.0,0,0.0,0,125,0,74.38922,1,25
80ffa20c-c6d7-4d13-9b1d-d9edec28b9f6,Baltic_Main,squad,2026-01-27T06:44:32Z,12,2,10,1648.6292,alive,2,0,2,3,16,449.9641,1je01234,account.da66ed42ebca4bc9b3efddb90c99fb2b,1,3079.7073,0,0.0,0,1420,1,3000.7334,29,1
80ffa20c-c6d7-4d13-9b1d-d9edec28b9f6,Baltic_Main,squad,2026-01-27T06:44:32Z,0,0,0,0.0,byplayer,0,0,42,0,0,0.0,Grimi_Ung,account.caaa0057c464474fa9dea38706b6cfcf,0,0.0,0,0.0,0,117,0,50.496754,1,1
80ffa20c-c6d7-4d13-9b1d-d9edec28b9f6,Baltic_Main,squad,2026-01-27T06:44:32Z,5,0,0,638.58716,byplayer,0,0,3,1,5,16.767927,YR_X10,account.a282280d3d2b4e8db15a5a61489047ad,0,2047.4501,0,0.0,0,727,1,2141.4412,9,17
80ffa20c-c6d7-4d13-9b1d-d9edec28b9f6,Baltic_Main,squad,2026-01-27T06:44:32Z,1,0,0,100.0,byplayer,1,0,35,1,1,7.013994,napolly0,account.987c6bbd876e46ec8c31dd919551824e,0,1921.8575,0,0.0,0,727,0,2224.9631,5,17
80ffa20c-c6d7-4d13-9b1d-d9edec28b9f6,Baltic_Main,squad,2026-01-27T06:44:32Z,13,0,5,1299.165,alive,1,2,1,3,17,272.37183,ghkddbswh1,account.f722e633b7c843329189f0356574580f,0,2240.9553,0,0.0,0,1420,0,3494.374,10,1
7c095ec4-500d-4b29-a5e5-1c9d871e613c,Savage_Main,squad,2026-01-27T06:46:18Z,0,0,0,0.0,suicide,0,0,39,0,0,0.0,6H0B_ssosso,account.c6520a21d37542ae98ae3dd27320ea15,0,0.0,0,0.0,0,879,0,1445.5424,4,1
7c095ec4-500d-4b29-a5e5-1c9d871e613c,Savage_Main,squad,2026-01-27T06:46:18Z,8,0,8,1249.0775,alive,1,6,1,3,13,264.1425,jellylang,account.596534dae8a44528a0cdd0072dd1f0b5,0,0.0,0,0.0,0,1345,0,3750.3645,9,1
7c095ec4-500d-4b29-a5e5-1c9d871e613c,Savage_Main,squad,2026-01-27T06:46:18Z,0,0,0,0.0,byplayer,0,0,94,0,0,0.0,gkgkgk12_,account.7b281ed7850f45ecb6d2377becf51308,0,0.0,0,0.0,0,465,0,551.0567,3,26
7c095ec4-500d-4b29-a5e5-1c9d871e613c,Savage_Main,squad,2026-01-27T06:46:18Z,1,1,0,224.5173,byplayer,0,2,93,0,0,0.0,heyjulie654,account.4452ccc8caf2419d8fc8d5724646de50,0,0.0,0,0.0,0,476,0,634.28754,6,26
7c095ec4-500d-4b29-a5e5-1c9d871e613c,Savage_Main,squad,2026-01-27T06:46:18Z,0,0,0,0.0,byzone,0,0,90,0,0,0.0,You_-die,account.e82d7ff01a5c42bba69de3d266b51ecc,0,0.0,0,0.0,0,562,0,1.7835494,0,24
7c095ec4-500d-4b29-a5e5-1c9d871e613c,Savage_Main,squad,2026-01-27T06:46:18Z,0,0,0,0.0,suicide,0,0,92,0,0,0.0,YouTube04,account.563ca8093acd4c22adb7b0ba1bdec752,0,0.0,0,0.0,0,523,0,1192.2429,22,25
7c095ec4-500d-4b29-a5e5-1c9d871e613c,Savage_Main,squad,2026-01-27T06:46:18Z,0,0,0,0.0,suicide,0,0,91,0,0,0.0,you_-die_,account.2e6ffceab9a54472a2fa734bf5b69f6f,0,0.0,0,41.38831,0,142,0,3.1647294,0,24
7c095ec4-500d-4b29-a5e5-1c9d871e613c,Savage_Main,squad,2026-01-27T06:46:18Z,1,0,0,76.01499,byplayer,0,0,36,1,1,66.31272,dolomity,account.5d2a6ed156bd4d73a3c1b61261fc2075,0,0.0,0,0.0,0,476,0,711.8877,4,26
7c095ec4-500d-4b29-a5e5-1c9d871e613c,Savage_Main,squad,2026-01-27T06:46:18Z,1,0,2,99.99999,byplayer,0,2,16,1,1,20.661383,wcheaf,account.c542fd664f28474bb5bf4cfca7569748,0,0.0,0,0.0,0,1155,0,4002.0361,5,5
b8063cdd-ed80-473f-a9ca-d87720c74b58,Desert_Main,solo,2026-01-27T06:45:20Z,0,0,7,325.26028,byplayer,0,2,8,1,3,315.15048,skyhong4654,account.9175175668f74cea8356bc30ed6e6f3f,0,1993.9048,0,0.0,0,1045,0,2017.0045,7,20
b8063cdd-ed80-473f-a9ca-d87720c74b58,Desert_Main,solo,2026-01-27T06:45:20Z,0,0,11,434.41113,byplayer,2,3,5,1,4,289.94138,syc891028_,account.9d7f9ff93e3645e8b50bc88daf2ee942,0,10467.491,0,0.0,0,1708,0,2319.6885,9,2
b8063cdd-ed80-473f-a9ca-d87720c74b58,Desert_Main,solo,2026-01-27T06:45:20Z,0,0,3,0.0,byzone,0,5,39,0,0,0.0,dugidugi75,account.98522d06f83d4269883189db860472c2,0,5589.995,0,0.0,0,1350,0,1997.8784,5,7
b8063cdd-ed80-473f-a9ca-d87720c74b58,Desert_Main,solo,2026-01-27T06:45:20Z,0,0,8,126.25834,byplayer,0,1,15,1,2,20.385948,crazypol,account.c769984ad0904b80b2b77bba7d5917a7,0,1742.3281,0,0.0,0,1411,0,1881.3126,6,6
b8063cdd-ed80-473f-a9ca-d87720c74b58,Desert_Main,solo,2026-01-27T06:45:20Z,0,0,1,430.68756,byplayer,0,0,11,1,3,179.42877,cowl0,account.b190a637af8941cea22447705a150fcc,0,0.0,0,0.0,0,666,0,2096.999,9,49
b8063cdd-ed80-473f-a9ca-d87720c74b58,Desert_Main,solo,2026-01-27T06:45:20Z,0,0,2,382.10004,byplayer,0,1,7,1,4,232.66083,hojini_01,account.ba096646bea94af6af22d48d3aada9ff,0,8564.677,1,0.0,0,857,0,646.78705,10,34
b8063cdd-ed80-473f-a9ca-d87720c74b58,Desert_Main,solo,2026-01-27T06:45:20Z,0,0,5,100.0,suicide,0,1,31,1,1,239.33745,250423,account.ebe8dfa113a44dd98347117553258b64,0,1658.5272,0,0.0,0,856,0,2261.3093,7,35
b8063cdd-ed80-473f-a9ca-d87720c74b58,Desert_Main,solo,2026-01-27T06:45:20Z,0,0,9,183.22,byplayer,0,5,12,1,2,120.52039,ololo11,account.4b4687e92f6b4036a67d8c7ccd3b7c40,0,5727.078,0,0.0,0,1636,0,2701.8684,6,3
b8063cdd-ed80-473f-a9ca-d87720c74b58,Desert_Main,solo,2026-01-27T06:45:20Z,1,0,8,557.6186,alive,2,1,2,1,7,201.26889,movib777,account.dd3492e8d9474b92bf5ff9c09149755e,0,0.0,0,0.0,0,1711,0,4724.535,10,1
b8063cdd-ed80-473f-a9ca-d87720c74b58,Desert_Main,solo,2026-01-27T06:45:20Z,0,0,7,598.99994,byplayer,0,3,3,1,6,82.32098,beneso,account.272ddda3113d42f984e8d1fb7db9ff00,0,1817.1777,0,0.0,0,1297,0,2555.4683,14,8
b8063cdd-ed80-473f-a9ca-d87720c74b58,Desert_Main,solo,2026-01-27T06:45:20Z,0,0,7,1202.4932,byplayer,3,1,1,2,12,343.8997,CCH_3842,account.1b1f7456fa40407b84251d243efbbe5d,0,3098.3281,0,0.0,0,1195,0,2852.214,15,9
b8063cdd-ed80-473f-a9ca-d87720c74b58,Desert_Main,solo,2026-01-27T06:45:20Z,0,0,1,355.27283,byplayer,1,0,9,1,3,176.44623,CHLTLQNFJF,account.e2ccc0b1290c4565aedbc58796225d86,0,3549.193,0,0.0,0,950,0,1364.1871,5,29
9d45cad7-06a3-4dfb-8628-bb4bbd6f5145,Baltic_Main,squad,2026-01-27T06:57:21Z,2,0,5,195.26254,byplayer,0,15,9,1,3,77.658356,sand07,account.9291cc435ff247afb76522c5ec045df5,0,7456.99,0,0.0,0,1133,1,763.94354,9,8
9d45cad7-06a3-4dfb-8628-bb4bbd6f5145,Baltic_Main,squad,2026-01-27T06:57:21Z,1,1,3,463.87692,alive,1,0,3,1,5,117.08019,lynah,account.6cc450a3bc8a4208b3d900af61ab0990,1,1416.2626,0,0.0,0,1315,0,4296.8833,4,1
9d45cad7-06a3-4dfb-8628-bb4bbd6f5145,Baltic_Main,squad,2026-01-27T06:57:21Z,11,1,7,1117.5286,byplayer,5,2,2,2,11,187.12961,98minsu,account.18aeca8738f14d389ef0e8aaa6222516,0,9058.153,2,0.0,0,1311,0,1488.8844,5,2
9d45cad7-06a3-4dfb-8628-bb4bbd6f5145,Baltic_Main,squad,2026-01-27T06:57:21Z,3,1,3,339.44073,alive,0,1,6,1,4,329.55603,CHUUGU,account.169fc8ca81a644628f0ba73243d830c9,0,867.44543,0,0.0,0,1315,0,3795.042,16,1
9d45cad7-06a3-4dfb-8628-bb4bbd6f5145,Baltic_Main,squad,2026-01-27T06:57:21Z,3,2,4,388.2692,byplayer,1,2,5,1,5,133.90697,vip-sex,account.9a07748975fd4dea82a6351f9ee352f4,0,8613.43,0,0.0,0,1285,0,1114.6813,12,2
9d45cad7-06a3-4dfb-8628-bb4bbd6f5145,Baltic_Main,squad,2026-01-27T06:57:21Z,9,0,3,1038.3685,byplayer,0,1,1,4,12,173.76732,simwoobin74,account.4d93db94784947acb861085ac42982f2,0,3410.395,0,0.0,0,907,0,1849.4576,5,10
9d45cad7-06a3-4dfb-8628-bb4bbd6f5145,Baltic_Main,squad,2026-01-27T06:57:21Z,4,2,3,416.23776,alive,0,1,7,2,4,130.15338,JA2_ROOT,account.f8310e4102ac450298e67aeba2eaccf2,0,1740.693,0,0.0,0,1315,0,3332.4927,7,1
9d45cad7-06a3-4dfb-8628-bb4bbd6f5145,Baltic_Main,squad,2026-01-27T06:57:21Z,2,0,1,283.98618,byplayer,1,0,4,2,5,256.72525,yunza_97,account.d06d46af41e54f1ba41bb8a19fd1db93,0,1367.0052,0,0.0,0,1298,0,2919.0938,5,1
eb9b3b49-ada0-4568-b83e-867fc2be45f8,Savage_Main,squad,2026-01-27T06:59:24Z,0,0,6,0.0,byplayer,0,8,29,1,1,61.82573,kimefsfsd,account.0314a9fbae974b75982e2507e1a2a797,1,4015.4038,0,0.0,0,1090,0,2424.4246,12,9
eb9b3b49-ada0-4568-b83e-867fc2be45f8,Savage_Main,squad,2026-01-27T06:59:24Z,0,0,2,36.6421,byzone,0,4,54,0,0,0.0,Ruppie,account.059c32b087cb476ea45a945649851ada,0,0.0,0,58.336514,0,595,0,1338.7433,7,4
eb9b3b49-ada0-4568-b83e-867fc2be45f8,Savage_Main,squad,2026-01-27T06:59:24Z,1,0,3,100.0,byzone,0,1,35,1,1,4.7430744,KAWAII-ALOHA,account.b2d0e8f54985457c8d59dd3700b48a28,0,0.0,0,0.0,0,569,0,1355.9774,2,16
eb9b3b49-ada0-4568-b83e-867fc2be45f8,Savage_Main,squad,2026-01-27T06:59:24Z,2,1,4,493.26337,byzone,1,3,7,2,4,69.8801,itsmedbcks,account.f0d59666359d4f3295b3f569bf649364,1,1436.5363,0,0.0,0,1239,0,3158.4429,6,3
eb9b3b49-ada0-4568-b83e-867fc2be45f8,Savage_Main,squad,2026-01-27T06:59:24Z,0,2,2,93.15509,byzone,0,1,66,0,0,0.0,10865911,account.1db68514dfcc4d6784820e9f66cf5aac,0,395.849,0,0.0,0,831,0,2150.6257,11,11
eb9b3b49-ada0-4568-b83e-867fc2be45f8,Savage_Main,squad,2026-01-27T06:59:24Z,1,1,3,127.93,byplayer,0,0,28,1,1,98.72547,Hi_CRAZYDOG,account.000ddfe3e8e144d1ba12a963642eab8e,0,0.0,0,0.4297699,0,770,0,3229.617,11,7
eb9b3b49-ada0-4568-b83e-867fc2be45f8,Savage_Main,squad,2026-01-27T06:59:24Z,0,0,0,0.0,byplayer,0,0,93,0,0,0.0,dolmangstrong_10,account.78f569748fa746c89644aa699c3e5390,0,0.0,0,0.0,0,118,0,168.89177,1,27
eb9b3b49-ada0-4568-b83e-867fc2be45f8,Savage_Main,squad,2026-01-27T06:59:24Z,0,0,0,53.1,byplayer,0,0,95,0,0,0.0,ms-1211,account.bd7e391cab324ab5a33f23804b24363a,0,0.0,0,0.0,0,104,0,142.76816,2,27
eb9b3b49-ada0-4568-b83e-867fc2be45f8,Savage_Main,squad,2026-01-27T06:59:24Z,1,0,2,119.4142,byplayer,0,2,33,1,1,6.782785,kos1230,account.f139b7b5fa93498892434471bfc0cadf,0,1.6081233,0,0.0,0,759,0,1937.8442,7,12
eb9b3b49-ada0-4568-b83e-867fc2be45f8,Savage_Main,squad,2026-01-27T06:59:24Z,1,0,4,124.61,byplayer,0,0,27,1,1,27.097445,5PPASERVICE3MWON,account.28ba0f0760274247891f104f9341b2f9,0,0.0,0,0.0,0,1005,0,2248.0308,10,6
eb9b3b49-ada0-4568-b83e-867fc2be45f8,Savage_Main,squad,2026-01-27T06:59:24Z,1,1,2,279.94458,byplayer,0,1,37,1,1,94.61624,als_hyeok,account.83f26d8e759f4e54944c049affb1cbba,0,0.0,0,0.0,0,528,0,1065.7172,5,16
eb9b3b49-ada0-4568-b83e-867fc2be45f8,Savage_Main,squad,2026-01-27T06:59:24Z,0,0,1,12.75695,byplayer,0,1,68,0,0,0.0,RAUL8756-,account.00aa51f1cf674e1eb8d52ad555aed61e,0,0.0,0,0.0,0,755,0,2028.3344,14,12
eb9b3b49-ada0-4568-b83e-867fc2be45f8,Savage_Main,squad,2026-01-27T06:59:24Z,0,0,1,44.065132,byplayer,0,0,67,0,0,0.0,Star_OkDark,account.9b3be9d0d6dd4ed3bdc03da4bd899e9e,1,0.0,0,0.0,0,759,0,2201.874,9,12
eb9b3b49-ada0-4568-b83e-867fc2be45f8,Savage_Main,squad,2026-01-27T06:59:24Z,1,0,0,85.19529,byplayer,0,0,79,0,0,0.0,JMT_RosePasta_,account.e0e05ea83b174ae7829fb35ff22bf400,0,0.0,0,0.0,0,260,0,567.14374,3,20
eb9b3b49-ada0-4568-b83e-867fc2be45f8,Savage_Main,squad,2026-01-27T06:59:24Z,1,1,6,325.01627,byplayer,1,18,15,1,2,50.04532,Hi_Dolphin,account.e31f271d04684a16a1fa58ca214e77b5,1,290.0764,0,0.0,0,1178,0,3048.5103,8,7
eb9b3b49-ada0-4568-b83e-867fc2be45f8,Savage_Main,squad,2026-01-27T06:59:24Z,0,0,2,34.108448,byzone,0,1,53,0,0,0.0,Kyungjiny,account.d6ab6617d4c64a16bddbbc7a32d404f1,0,0.0,0,68.667015,0,726,0,1589.9199,8,4
eb9b3b49-ada0-4568-b83e-867fc2be45f8,Savage_Main,squad,2026-01-27T06:59:24Z,0,0,0,0.0,byplayer,0,0,89,0,0,0.0,hertoung,account.c2d6c7cf14644a45aa043d8c5c66e746,0,0.0,0,0.0,0,152,0,64.865814,1,25
eb9b3b49-ada0-4568-b83e-867fc2be45f8,Savage_Main,squad,2026-01-27T06:59:24Z,3,1,7,301.2834,byplayer,1,6,5,4,5,12.568473,limsuhyeok,account.22e5cc97a8064a939004f33bae0eb40c,0,1929.969,0,0.0,0,927,0,2203.0217,12,10
eb9b3b49-ada0-4568-b83e-867fc2be45f8,Savage_Main,squad,2026-01-27T06:59:24Z,1,2,6,217.66858,byplayer,0,2,63,0,0,0.0,okkang_X-X,account.b0296c46b25c48efa475e7bb43a6d9f3,1,2137.1384,0,0.0,0,1089,0,3005.9834,9,10
eb9b3b49-ada0-4568-b83e-867fc2be45f8,Savage_Main,squad,2026-01-27T06:59:24Z,0,0,2,0.0,byplayer,0,1,72,0,0,0.0,050520_,account.0d9b060229624f8c93f91f66a163aefe,0,1546.8329,0,0.0,0,505,0,1428.4227,14,13
eb9b3b49-ada0-4568-b83e-867fc2be45f8,Savage_Main,squad,2026-01-27T06:59:24Z,1,0,3,78.87283,byzone,0,3,19,2,2,7.468582,kimsian042,account.aae7b212000c49c8ad3ae59ac6ef729c,0,0.0,0,201.56303,0,940,0,3347.7207,10,11
eb9b3b49-ada0-4568-b83e-867fc2be45f8,Savage_Main,squad,2026-01-27T06:59:24Z,0,0,0,82.409996,byplayer,0,0,88,0,0,0.0,0O00OO0OOO0,account.78798af35dad4954a43156cc1f6d7e7d,0,0.0,0,0.0,0,152,0,156.66655,2,25
eb9b3b49-ada0-4568-b83e-867fc2be45f8,Savage_Main,squad,2026-01-27T06:59:24Z,0,0,0,0.0,byplayer,0,0,86,0,0,0.0,YTK_JINN,account.0f7a59d800fd4029a5f85ba01bd7e230,0,0.0,0,0.0,0,155,0,308.38632,4,24
eb9b3b49-ada0-4568-b83e-867fc2be45f8,Savage_Main,squad,2026-01-27T06:59:24Z,0,1,0,74.63025,byplayer,0,0,65,0,0,0.0,Ram_Bo111,account.6eff0c95a05642328996fa140e3f6dbd,1,265.0222,0,0.0,0,1042,0,2351.7048,5,11
eb9b3b49-ada0-4568-b83e-867fc2be45f8,Savage_Main,squad,2026-01-27T06:59:24Z,0,0,4,0.0,byplayer,0,5,55,0,0,0.0,yongjae93,account.1c9ab1f0c59947e485ac1b8b4baa332c,0,1769.3877,0,23.042452,0,914,0,2567.678,7,5
eb9b3b49-ada0-4568-b83e-867fc2be45f8,Savage_Main,squad,2026-01-27T06:59:24Z,0,0,0,96.6,byplayer,0,0,87,0,0,0.0,BAD_SF_Desmond,account.a4b8282567054342ba087d7dc1dc7834,0,0.0,0,0.0,0,84,0,32.244335,1,24
eb9b3b49-ada0-4568-b83e-867fc2be45f8,Savage_Main,squad,2026-01-27T06:59:24Z,2,1,0,178.27962,byplayer,0,0,36,1,1,10.877716,Leejunghyeok1,account.13473e68831e4507b43f8e1cfb2dd86b,0,0.0,0,0.0,0,528,0,1263.6428,5,16
eb9b3b49-ada0-4568-b83e-867fc2be45f8,Savage_Main,squad,2026-01-27T06:59:24Z,0,0,1,0.0,byplayer,0,0,91,0,0,0.0,das1vader,account.83c66f02c175469f8cb23cec3703085a,0,0.0,0,0.0,0,119,0,167.99127,2,26
eb9b3b49-ada0-4568-b83e-867fc2be45f8,Savage_Main,squad,2026-01-27T06:59:24Z,1,0,0,99.40004,byplayer,0,0,69,0,0,0.0,Break1818,account.47a9a03e74e8470b83730368b83d2080,0,0.0,0,0.0,0,754,0,1766.681,6,12
eb9b3b49-ada0-4568-b83e-867fc2be45f8,Savage_Main,squad,2026-01-27T06:59:24Z,0,0,0,0.0,byzone,0,0,52,0,0,0.0,ch_wallper,account.2a71a91394e841eab403b2f7c2da3044,0,0.0,0,0.0,0,645,0,203.03526,4,1
eb9b3b49-ada0-4568-b83e-867fc2be45f8,Savage_Main,squad,2026-01-27T06:59:24Z,0,0,1,0.0,byplayer,0,0,73,0,0,0.0,kimjw0109,account.9af35aa5b08a4ec99fdf3b7313f0c904,0,1512.1819,0,0.0,0,498,0,987.8612,7,13
eb9b3b49-ada0-4568-b83e-867fc2be45f8,Savage_Main,squad,2026-01-27T06:59:24Z,4,1,6,488.06793,byplayer,1,7,3,1,5,172.18521,EEBLEES,account.24e552dc9e9242f0ae11160eff39c2e8,1,0.0,0,0.0,0,1356,0,4173.824,12,2
eb9b3b49-ada0-4568-b83e-867fc2be45f8,Savage_Main,squad,2026-01-27T06:59:24Z,2,0,2,397.3,byplayer,1,3,20,1,2,42.115654,little_Extra,account.c0d4f6db0e354edf93b8d90ff669d1e2,0,0.0,0,0.0,0,368,0,1026.9948,2,17
eb9b3b49-ada0-4568-b83e-867fc2be45f8,Savage_Main,squad,2026-01-27T06:59:24Z,0,0,0,0.0,byplayer,0,0,92,0,0,0.0,hyunpark1292,account.1636355421fb4cbf8c8b9b0d4576ca69,0,0.0,0,0.0,0,114,0,159.86627,2,26
eb9b3b49-ada0-4568-b83e-867fc2be45f8,Savage_Main,squad,2026-01-27T06:59:24Z,0,1,1,167.62,byzone,0,0,31,1,1,85.27308,2010_03_29,account.786237708595411ba689769cc3b692ed,0,1168.391,0,19.18479,0,510,0,1138.4647,7,11
eb9b3b49-ada0-4568-b83e-867fc2be45f8,Savage_Main,squad,2026-01-27T06:59:24Z,0,0,0,84.42,byplayer,0,0,96,0,0,0.0,baebae_0147,account.0c3d0b2fe0124c6e8d76b6ec89e9850c,0,0.0,0,0.0,0,85,0,57.804768,1,27
eb9b3b49-ada0-4568-b83e-867fc2be45f8,Savage_Main,squad,2026-01-27T06:59:24Z,1,0,0,100.0,byplayer,0,0,39,1,1,25.667818,in-_-out,account.074bbed64b41451e9806dc8da158ae2f,0,0.0,0,0.0,0,243,0,396.49625,4,16
eb9b3b49-ada0-4568-b83e-867fc2be45f8,Savage_Main,squad,2026-01-27T06:59:24Z,2,0,4,387.26663,byplayer,0,1,18,1,2,120.518684,NAmeless97t,account.bb02f3e426354619b11a7ba9c9b9d912,2,320.6722,0,0.0,0,1043,1,2842.4568,10,11
eb9b3b49-ada0-4568-b83e-867fc2be45f8,Savage_Main,squad,2026-01-27T06:59:24Z,5,0,5,567.1851,alive,2,5,1,2,7,62.10588,seokjun66,account.2001d83666c14c72b47f25c14de3ed42,1,0.0,0,95.1211,0,1359,0,4143.8213,17,1
eb9b3b49-ada0-4568-b83e-867fc2be45f8,Savage_Main,squad,2026-01-27T06:59:24Z,0,0,0,58.8,byplayer,0,0,94,0,0,0.0,KR__DOREMIFA,account.feb8b0ad05014f8884313cfc0b7c3416,0,0.0,0,0.0,0,106,0,154.20268,3,27
eb9b3b49-ada0-4568-b83e-867fc2be45f8,Savage_Main,squad,2026-01-27T06:59:24Z,1,0,0,100.0,byplayer,1,0,40,1,1,24.966436,OUT_KYNG,account.44967e1da4534e8790f251c925283e4b,0,0.0,0,0.0,0,366,0,685.3875,7,18
eb9b3b49-ada0-4568-b83e-867fc2be45f8,Savage_Main,squad,2026-01-27T06:59:24Z,4,2,7,708.39716,byplayer,0,4,11,1,3,83.46101,OEG_MoJJi,account.045616eb962a4f979dc8981e45ddbe54,2,0.0,0,0.0,0,1356,0,4298.221,15,2
eb9b3b49-ada0-4568-b83e-867fc2be45f8,Savage_Main,squad,2026-01-27T06:59:24Z,1,0,0,100.0,byplayer,0,0,97,0,0,0.0,Nerd_Connection1,account.2ea0f81acdcf423f8c52a5fae8ca3404,0,0.0,0,0.0,0,78,0,58.54582,1,27
eb9b3b49-ada0-4568-b83e-867fc2be45f8,Savage_Main,squad,2026-01-27T06:59:24Z,0,0,0,83.520004,byplayer,0,0,80,0,0,0.0,Miaong__,account.1148c620601749fab51417824e23cf69,0,0.0,0,0.0,0,244,0,393.3317,3,20
eb9b3b49-ada0-4568-b83e-867fc2be45f8,Savage_Main,squad,2026-01-27T06:59:24Z,5,0,7,585.3157,byplayer,2,7,4,2,5,120.37487,Blac_L,account.ec5483d0ba3e4d7f954f47919354e6f3,2,0.0,0,0.0,0,1178,0,4045.889,9,7
eb9b3b49-ada0-4568-b83e-867fc2be45f8,Savage_Main,squad,2026-01-27T06:59:24Z,0,0,4,0.0,byplayer,0,0,61,0,0,0.0,KR_Lemona,account.4fae13c04fbb4b8c8442945cdc565c96,0,5127.107,0,0.0,0,718,0,1278.3854,10,9
eb9b3b49-ada0-4568-b83e-867fc2be45f8,Savage_Main,squad,2026-01-27T06:59:24Z,1,0,5,105.602844,byplayer,1,8,14,1,2,107.43425,popkonTV236,account.03c45406ca8c421ea7c881913875a67e,1,976.6196,0,1.272412,0,1251,0,4556.2095,11,5
eb9b3b49-ada0-4568-b83e-867fc2be45f8,Savage_Main,squad,2026-01-27T06:59:24Z,1,0,2,300.0,byplayer,2,1,10,2,4,70.29966,Elva_da1,account.9314c19b4974404ea30767a6cdb490f1,0,0.0,0,0.0,0,252,0,607.8794,9,21
eb9b3b49-ada0-4568-b83e-867fc2be45f8,Savage_Main,squad,2026-01-27T06:59:24Z,1,0,1,15.579998,byplayer,0,2,17,2,2,8.40132,HwaRangHon,account.6843d90bc0d1412bafed6f8bbc840608,0,2297.8071,0,11.440536,0,669,0,1250.1188,5,8
eb9b3b49-ada0-4568-b83e-867fc2be45f8,Savage_Main,squad,2026-01-27T06:59:24Z,2,1,2,483.3172,byplayer,0,1,64,0,0,0.0,YoonD_Dal111,account.033f981e38274b6daa80150fcad18d29,0,301.3737,0,0.0,0,1046,0,3239.1946,13,11
eb9b3b49-ada0-4568-b83e-867fc2be45f8,Savage_Main,squad,2026-01-27T06:59:24Z,3,1,6,334.52765,byplayer,1,1,9,1,4,127.863106,killer__zoe,account.1b22217cfb964ace9edab90a00e01a05,1,307.83173,0,0.0,0,1006,0,2381.5654,10,11
eb9b3b49-ada0-4568-b83e-867fc2be45f8,Savage_Main,squad,2026-01-27T06:59:24Z,2,0,2,219.47096,byplayer,1,0,38,1,1,45.653603,eutttttuti,account.d6045f16e632444a9e7d749c2370011b,0,0.0,0,0.0,0,528,0,978.14594,10,16
eb9b3b49-ada0-4568-b83e-867fc2be45f8,Savage_Main,squad,2026-01-27T06:59:24Z,1,0,1,119.8101,byplayer,0,0,44,1,1,8.849109,Deep_bluedia,account.a0f79ad3497347659c12b583dc864cad,0,0.0,0,0.0,0,230,0,373.8864,5,23
eb9b3b49-ada0-4568-b83e-867fc2be45f8,Savage_Main,squad,2026-01-27T06:59:24Z,0,0,0,0.0,byplayer,0,0,74,0,0,0.0,Precious-Korea,account.81bb06f310724583be58bafc357d114e,0,0.0,0,0.0,0,221,0,333.06516,3,16
eb9b3b49-ada0-4568-b83e-867fc2be45f8,Savage_Main,squad,2026-01-27T06:59:24Z,0,0,0,0.0,byplayer,0,0,90,0,0,0.0,byhbysk,account.0b3aeaf65af04234a14c83f31c62e9a4,0,0.0,0,0.0,0,114,0,70.56044,1,25
eb9b3b49-ada0-4568-b83e-867fc2be45f8,Savage_Main,squad,2026-01-27T06:59:24Z,0,0,0,0.0,byplayer,0,0,62,0,0,0.0,AK_CHHO,account.86d97ef923bf4f0fa4e9f0f814d241db,0,0.0,0,0.0,0,239,0,187.43611,0,9
eb9b3b49-ada0-4568-b83e-867fc2be45f8,Savage_Main,squad,2026-01-27T06:59:24Z,2,2,3,504.5535,byplayer,0,2,24,1,1,23.97826,HAN_0425,account.160cd0a082454a009ea93c87e5770d1f,1,1842.4915,0,0.0,0,1282,0,3192.3118,11,3
eb9b3b49-ada0-4568-b83e-867fc2be45f8,Savage_Main,squad,2026-01-27T06:59:24Z,0,1,0,55.086037,byplayer,0,0,76,0,0,0.0,OUT_gOzA,account.1a4e7775498c46339b4bd0ed9cf252b4,0,0.0,0,0.0,0,344,0,771.6704,5,18
eb9b3b49-ada0-4568-b83e-867fc2be45f8,Savage_Main,squad,2026-01-27T06:59:24Z,1,0,4,100.0,byplayer,0,2,34,1,1,133.09303,min__030709,account.3012ede94dff4051988a3d0ac12782d6,0,0.0,0,0.0,0,569,0,1695.1702,10,15
eb9b3b49-ada0-4568-b83e-867fc2be45f8,Savage_Main,squad,2026-01-27T06:59:24Z,2,1,2,188.30858,byplayer,0,3,13,1,2,114.43063,Lr7rZr-Ll7r,account.59fe20929d6442288a71030fe4293d6e,1,0.0,0,0.0,0,1202,0,3868.2405,8,2
eb9b3b49-ada0-4568-b83e-867fc2be45f8,Savage_Main,squad,2026-01-27T06:59:24Z,1,1,0,181.84,byplayer,1,0,32,1,1,20.25733,INX_pinkvenom,account.b99e384b53c145b49ccae2c619f98f55,0,0.0,0,0.0,0,370,0,600.4437,6,11
eb9b3b49-ada0-4568-b83e-867fc2be45f8,Savage_Main,squad,2026-01-27T06:59:24Z,0,0,0,0.0,byplayer,0,0,82,0,0,0.0,Leasexmaster,account.2aebaa59eb6a4ca091b68f4cbd627ede,0,0.0,0,0.0,0,90,0,38.331364,1,20
eb9b3b49-ada0-4568-b83e-867fc2be45f8,Savage_Main,squad,2026-01-27T06:59:24Z,1,1,1,187.80563,byplayer,1,0,26,1,1,33.44197,FT_TWT,account.f2be5540cc154593b2c5316a886c3c71,0,0.0,0,64.281845,0,555,0,1551.8892,5,4
eb9b3b49-ada0-4568-b83e-867fc2be45f8,Savage_Main,squad,2026-01-27T06:59:24Z,0,0,0,0.0,byzone,0,0,98,0,0,0.0,llliliiiiliiilll,account.b722606fe6b440e8ac45b1a95890e89d,0,0.0,0,0.0,0,594,0,0.0,0,28
eb9b3b49-ada0-4568-b83e-867fc2be45f8,Savage_Main,squad,2026-01-27T06:59:24Z,3,2,2,444.62418,byplayer,1,7,12,1,3,24.28835,qoop_S2,account.40611c13e311474e84797cbf9dc213c3,2,1916.8478,0,0.0,0,914,0,2461.923,8,10
eb9b3b49-ada0-4568-b83e-867fc2be45f8,Savage_Main,squad,2026-01-27T06:59:24Z,0,0,0,55.440002,byplayer,0,0,75,0,0,0.0,OUT_ZiSu,account.ee7546a5289649e3a19a4f44b80b9ecc,0,0.0,0,0.0,0,366,0,775.5554,6,18
eb9b3b49-ada0-4568-b83e-867fc2be45f8,Savage_Main,squad,2026-01-27T06:59:24Z,1,0,0,100.0,byplayer,0,0,43,1,1,28.716482,Y_Jun1118,account.bf28fea37e7e45aab40f72083d956c3c,1,0.0,0,0.0,0,217,0,329.33765,2,22
eb9b3b49-ada0-4568-b83e-867fc2be45f8,Savage_Main,squad,2026-01-27T06:59:24Z,0,0,0,0.0,suicide,0,0,99,0,0,0.0,IcedAmericano__,account.dd242608beee4bf3a52442ab7b21bc27,0,0.0,0,0.0,0,594,0,0.0,0,28
eb9b3b49-ada0-4568-b83e-867fc2be45f8,Savage_Main,squad,2026-01-27T06:59:24Z,0,0,0,0.0,byzone,0,0,100,0,0,0.0,Agzak_Purple,account.2ba75a017cad45fab2d3b298740aef36,0,0.0,0,0.0,0,593,0,0.0,0,28
eb9b3b49-ada0-4568-b83e-867fc2be45f8,Savage_Main,squad,2026-01-27T06:59:24Z,1,0,0,52.12,byplayer,0,5,83,0,0,0.0,phmxn,account.7fa91412166d42c09aca214e77d8a473,0,0.0,0,0.0,0,246,0,465.90668,2,22
eb9b3b49-ada0-4568-b83e-867fc2be45f8,Savage_Main,squad,2026-01-27T06:59:24Z,1,2,0,179.2,byplayer,0,0,84,0,0,0.0,KoreaGuardian,account.51b2aeceb0e84204b4799c11bbd071e9,0,0.0,0,0.0,0,90,0,75.013336,1,22
eb9b3b49-ada0-4568-b83e-867fc2be45f8,Savage_Main,squad,2026-01-27T06:59:24Z,3,0,3,356.61182,byplayer,0,2,8,2,4,31.905258,diflwlaktpdy,account.e7f1217943e4490494fe3baf65905031,0,559.322,0,0.0,0,551,0,1183.8529,8,5
eb9b3b49-ada0-4568-b83e-867fc2be45f8,Savage_Main,squad,2026-01-27T06:59:24Z,1,2,1,237.45665,byplayer,0,1,41,1,1,10.546438,Yu1chiro_-,account.97b7f75342e04a6e962a9df0467d3398,0,0.0,0,0.0,0,311,0,558.3587,7,19
eb9b3b49-ada0-4568-b83e-867fc2be45f8,Savage_Main,squad,2026-01-27T06:59:24Z,1,1,1,269.55325,byplayer,1,0,45,1,1,2.9268181,yolo_1216,account.302dc637d0c648a3924d493e2995eccb,0,0.0,0,0.0,0,170,0,330.524,5,24
eb9b3b49-ada0-4568-b83e-867fc2be45f8,Savage_Main,squad,2026-01-27T06:59:24Z,1,0,0,149.61165,byplayer,0,0,46,1,1,5.5092125,GEUMJJ0Kl,account.2909dc6f7a074e2384f5c9a502af6f30,0,0.0,0,0.0,0,118,0,173.902,2,27
eb9b3b49-ada0-4568-b83e-867fc2be45f8,Savage_Main,squad,2026-01-27T06:59:24Z,0,0,3,0.0,byplayer,0,1,71,0,0,0.0,ysw1106,account.a50cdca6cb4a45b3ae3f899d0119abef,0,1547.7844,0,0.0,0,627,0,1834.8992,9,13
eb9b3b49-ada0-4568-b83e-867fc2be45f8,Savage_Main,squad,2026-01-27T06:59:24Z,3,1,3,401.99997,byplayer,0,6,16,1,2,27.034645,asdw2eqe,account.418ff25fc59847ada60c0df5a496da11,2,0.0,0,0.0,0,878,0,2689.852,6,7
eb9b3b49-ada0-4568-b83e-867fc2be45f8,Savage_Main,squad,2026-01-27T06:59:24Z,0,0,0,66.2,byplayer,0,0,59,0,0,0.0,southpaw3,account.b39cdde3332d4032870f536ea7c17e5f,0,0.0,0,0.0,0,667,0,1610.7501,8,6
eb9b3b49-ada0-4568-b83e-867fc2be45f8,Savage_Main,squad,2026-01-27T06:59:24Z,2,0,0,206.20464,byplayer,0,0,42,1,1,47.902103,DILrZI,account.ea37c45fcb28441199cdc94be54efb29,0,0.0,0,0.0,0,246,0,401.46213,3,22
eb9b3b49-ada0-4568-b83e-867fc2be45f8,Savage_Main,squad,2026-01-27T06:59:24Z,1,0,11,302.53165,byplayer,0,3,23,1,1,135.20186,young_1918,account.450fc7723d27480fa5886702d667544a,0,0.0,0,70.98886,0,1327,0,4371.861,9,1
eb9b3b49-ada0-4568-b83e-867fc2be45f8,Savage_Main,squad,2026-01-27T06:59:24Z,0,0,5,0.0,byplayer,0,1,60,0,0,0.0,imrove-1,account.f77a9228546d4cd796e09f3100e4efd1,0,4019.8535,0,0.0,0,993,0,2617.6255,7,9
eb9b3b49-ada0-4568-b83e-867fc2be45f8,Savage_Main,squad,2026-01-27T06:59:24Z,3,0,8,378.95096,byplayer,1,2,6,2,4,87.543655,HanuL0611,account.42b28d11f0724bee83c94bcc290663d2,0,1439.5992,0,0.0,0,1284,0,3546.0654,12,3
eb9b3b49-ada0-4568-b83e-867fc2be45f8,Savage_Main,squad,2026-01-27T06:59:24Z,0,1,4,138.89482,byzone,0,3,25,1,1,50.59686,dohyyunn,account.394ccbad9b45485cad140824f9ea8edd,2,1890.3473,0,0.0,0,1242,0,3762.5122,10,3
eb9b3b49-ada0-4568-b83e-867fc2be45f8,Savage_Main,squad,2026-01-27T06:59:24Z,0,0,0,0.0,byplayer,0,0,85,0,0,0.0,BAD_SF_Dino,account.b6ebda806c69499597071f6088dc2c35,0,0.0,0,0.0,0,207,0,105.50614,4,23
eb9b3b49-ada0-4568-b83e-867fc2be45f8,Savage_Main,squad,2026-01-27T06:59:24Z,0,0,2,0.0,byplayer,0,1,57,0,0,0.0,krhockey000,account.67ce3d809709486487fb67e408487aa2,0,0.0,0,0.0,0,1180,0,2697.292,5,6
eb9b3b49-ada0-4568-b83e-867fc2be45f8,Savage_Main,squad,2026-01-27T06:59:24Z,0,0,4,84.961685,byplayer,0,0,58,0,0,0.0,chu_ingo_o,account.10059d2f401c40dca6511ab0bc4ac965,0,0.0,0,0.0,0,1180,0,3305.3381,11,6
eb9b3b49-ada0-4568-b83e-867fc2be45f8,Savage_Main,squad,2026-01-27T06:59:24Z,2,0,0,219.80002,byplayer,0,6,56,0,0,0.0,FC__0nline,account.d31a59636f44496291cc5904ee2fbff6,0,949.2294,0,88.15725,0,599,0,1108.1628,9,5
eb9b3b49-ada0-4568-b83e-867fc2be45f8,Savage_Main,squad,2026-01-27T06:59:24Z,0,0,0,0.0,byplayer,0,0,78,0,0,0.0,Honey-_-Bun_NIM,account.253d325f856543b18d6548299b57b1d7,0,0.0,0,0.0,0,263,0,475.8145,6,19
eb9b3b49-ada0-4568-b83e-867fc2be45f8,Savage_Main,squad,2026-01-27T06:59:24Z,3,2,6,265.14517,alive,0,1,22,1,1,22.9684,gyulbaek,account.335e88f01f49454286c0767fc5fd3636,2,407.0403,0,61.73127,0,1359,0,4264.18,13,1
eb9b3b49-ada0-4568-b83e-867fc2be45f8,Savage_Main,squad,2026-01-27T06:59:24Z,1,0,0,134.70123,byplayer,0,0,81,0,0,0.0,Deulbakgaza,account.413696fc59594002abac2dd70f272c4b,0,0.0,0,0.0,0,228,0,390.857,3,20
eb9b3b49-ada0-4568-b83e-867fc2be45f8,Savage_Main,squad,2026-01-27T06:59:24Z,1,0,1,135.75224,byplayer,0,0,77,0,0,0.0,NAN_-M249,account.7d68b56c96b348199c3322ce4d44536c,0,0.0,0,0.0,0,310,0,699.4692,9,19
eb9b3b49-ada0-4568-b83e-867fc2be45f8,Savage_Main,squad,2026-01-27T06:59:24Z,0,0,4,85.2,byplayer,0,1,70,0,0,0.0,kjh13_,account.c983df08abb64cb696e0aa9be92131f5,0,1542.8932,0,0.0,0,731,0,1809.9194,12,13
eb9b3b49-ada0-4568-b83e-867fc2be45f8,Savage_Main,squad,2026-01-27T06:59:24Z,3,1,7,750.75995,byplayer,2,6,2,2,6,50.141163,aube__-,account.37a6ff4ee5d14a32873bd6298622c1d3,0,1225.9985,0,97.47185,0,1259,0,3180.6287,10,4
eb9b3b49-ada0-4568-b83e-867fc2be45f8,Savage_Main,squad,2026-01-27T06:59:24Z,1,2,5,183.44757,byplayer,0,0,30,1,1,6.021413,kth0215,account.7dfc855ae0534009bd38428b6d4a49a5,2,2163.3171,0,0.0,0,1089,0,2951.5586,6,10
eb9b3b49-ada0-4568-b83e-867fc2be45f8,Savage_Main,squad,2026-01-27T06:59:24Z,1,0,0,138.4,byplayer,0,0,21,1,2,28.355698,69-_-NBUN,account.359d74297ca74cfebac2c931a33ade37,0,0.0,0,0.0,0,254,0,657.6374,5,19
eb9b3b49-ada0-4568-b83e-867fc2be45f8,Savage_Main,squad,2026-01-27T06:59:24Z,0,0,0,11.610001,byplayer,0,0,101,0,0,0.0,k1gs,account.302c49a325864097a7cbcfed136c5f1b,0,0.0,0,0.0,0,71,0,22.802168,2,28
a18678e0-a4c3-4774-b664-a98f7ef9c1ee,Baltic_Main,squad,2026-01-27T07:01:59Z,0,1,1,99.17984,byplayer,0,0,22,1,1,128.19603,duthf,account.5346477d7aff40b1954f50445efe483d,0,1947.1626,0,0.0,0,1144,0,2752.8389,5,9
a18678e0-a4c3-4774-b664-a98f7ef9c1ee,Baltic_Main,squad,2026-01-27T07:01:59Z,3,3,4,493.1735,alive,1,3,8,1,3,118.39206,bo-ki_5,account.973173b279624c11842e8feab3a73b2a,1,1906.5879,0,0.0,0,1536,0,3113.0225,13,1
a18678e0-a4c3-4774-b664-a98f7ef9c1ee,Baltic_Main,squad,2026-01-27T07:01:59Z,5,1,4,584.7517,byplayer,1,1,6,3,4,302.7232,suwan_SoEun,account.5f9ca23202a44bc2ac134eb8e35c8a0d,0,2012.8726,0,0.0,0,1144,0,3190.2415,7,9
a18678e0-a4c3-4774-b664-a98f7ef9c1ee,Baltic_Main,squad,2026-01-27T07:01:59Z,3,0,6,466.32108,byplayer,0,0,2,2,5,212.25957,31bingqilin,account.be0f7dd4538d422fb30ae7a456c9eb0d,2,3040.0398,0,0.0,0,1429,0,3678.711,11,4
a18678e0-a4c3-4774-b664-a98f7ef9c1ee,Baltic_Main,squad,2026-01-27T07:01:59Z,5,1,12,615.0074,byplayer,0,2,4,2,4,375.32507,steachzz,account.46e2d47cc4e748279c6ca896818895a9,0,4065.3728,0,0.0,0,1429,0,3329.2627,11,4
a18678e0-a4c3-4774-b664-a98f7ef9c1ee,Baltic_Main,squad,2026-01-27T07:01:59Z,0,0,0,55.574993,byplayer,0,0,87,0,0,0.0,dbsxogh12,account.c8bc72ea3f2045dcbaf3f4cc1e35910e,0,2719.8286,0,0.0,0,622,0,850.1104,5,23
a18678e0-a4c3-4774-b664-a98f7ef9c1ee,Baltic_Main,squad,2026-01-27T07:01:59Z,6,1,5,745.3839,alive,1,2,1,2,8,237.41313,prince_soso,account.f79b9e5bf3c4435f894168d23acfa325,1,2094.3213,0,0.0,0,1536,0,3672.7375,4,1
fad2a854-2a92-49d4-8b9d-4de722ef8b39,Savage_Main,solo,2026-01-27T07:06:35Z,0,0,0,0.0,byplayer,0,0,94,0,0,0.0,Kang1303,account.7d5cc647c3404b308b114c32042a3f9f,0,0.0,0,0.0,0,151,0,340.12286,4,92
fad2a854-2a92-49d4-8b9d-4de722ef8b39,Savage_Main,solo,2026-01-27T07:06:35Z,0,0,0,100.0,byzone,1,0,19,1,1,1.728604,CrazyTeddyBear,account.4729337ee74c4280bb42e857077d330a,0,0.0,0,0.0,0,1188,0,3201.639,5,6
fad2a854-2a92-49d4-8b9d-4de722ef8b39,Savage_Main,solo,2026-01-27T07:06:35Z,0,0,3,190.1938,byplayer,1,0,14,1,3,90.38202,dksrlcjf7408,account.fdc6130e1bf3492f8442f565b7393761,0,1539.9783,0,0.0,0,604,0,1429.1637,12,45
fad2a854-2a92-49d4-8b9d-4de722ef8b39,Savage_Main,solo,2026-01-27T07:06:35Z,0,0,2,344.8157,byplayer,1,1,13,1,3,14.576864,MyHeArt_SiEon,account.000943b6a5ec48bd9dfaf821a3529350,0,0.0,0,97.313545,0,1022,0,2809.8394,12,17
fad2a854-2a92-49d4-8b9d-4de722ef8b39,Savage_Main,solo,2026-01-27T07:06:35Z,0,0,4,619.16833,byplayer,1,14,5,1,5,114.809296,kimminchull1999,account.e9279884058349c7a0ff603e6387c38d,0,0.0,0,32.85237,0,1115,0,3808.7466,14,11
fad2a854-2a92-49d4-8b9d-4de722ef8b39,Savage_Main,solo,2026-01-27T07:06:35Z,0,0,8,421.3856,byplayer,2,0,9,1,4,128.93301,wcghost83,account.55f8b7c8146948e3a4b9d18644bf61fe,0,0.0,0,0.0,0,1392,0,4330.5,9,3
fad2a854-2a92-49d4-8b9d-4de722ef8b39,Savage_Main,solo,2026-01-27T07:06:35Z,0,0,4,576.8031,alive,3,1,2,1,6,208.07777,kor-haribo,account.515f6df2fcef4194b571a8897d1c7353,0,2417.6477,0,0.0,0,1416,0,2655.519,14,1
fad2a854-2a92-49d4-8b9d-4de722ef8b39,Savage_Main,solo,2026-01-27T07:06:35Z,0,0,3,555.8,byplayer,2,0,7,1,5,76.65272,GaUWN,account.d947d94777904ab3a272ab5d20f5800c,0,0.0,0,0.0,0,668,0,2472.9678,14,40
fad2a854-2a92-49d4-8b9d-4de722ef8b39,Savage_Main,solo,2026-01-27T07:06:35Z,0,0,6,492.80002,byplayer,0,3,6,1,5,72.0163,agegoarmyTT,account.d8ea28e13d0f486eba911dbd09089e5a,0,0.0,0,0.0,0,896,0,2799.9497,9,27
fad2a854-2a92-49d4-8b9d-4de722ef8b39,Savage_Main,solo,2026-01-27T07:06:35Z,0,0,7,517.17786,byplayer,3,1,3,1,6,95.04845,GGuMi22,account.dc255cfa00474a19b68c162bdc557b06,0,770.15784,0,0.0,0,1009,0,3111.322,13,19
fad2a854-2a92-49d4-8b9d-4de722ef8b39,Savage_Main,solo,2026-01-27T07:06:35Z,0,0,1,112.12839,byplayer,0,4,30,1,1,13.987265,k_k6009,account.f7d7eff16a444f39bcc7cc4d0557bf47,0,0.0,0,0.0,0,425,0,555.9005,8,61
fad2a854-2a92-49d4-8b9d-4de722ef8b39,Savage_Main,solo,2026-01-27T07:06:35Z,0,0,2,609.99994,byplayer,0,0,4,1,6,146.36678,lukepark99,account.3d6d01965ea84592937425416636c5d2,0,0.0,0,0.0,0,941,0,2807.9639,7,22
fad2a854-2a92-49d4-8b9d-4de722ef8b39,Savage_Main,solo,2026-01-27T07:06:35Z,0,0,0,95.04001,byplayer,0,0,101,0,0,0.0,IIIIIIU9,account.a68ed646b4b94d02985d013b3fb828ff,0,0.0,0,0.0,0,70,0,86.621284,1,99
fad2a854-2a92-49d4-8b9d-4de722ef8b39,Savage_Main,solo,2026-01-27T07:06:35Z,0,0,0,0.0,byplayer,0,0,78,0,0,0.0,iankim0812,account.421c4e1938434b0ea1695b3c976f06fc,0,0.0,0,0.0,0,283,0,515.1384,8,74
fad2a854-2a92-49d4-8b9d-4de722ef8b39,Savage_Main,solo,2026-01-27T07:06:35Z,0,0,2,301.23987,byplayer,0,0,18,1,2,23.363298,SEADOO-JIYOUN23,account.31e5e6201552477bb05d5bf855b5f1db,0,0.0,0,0.0,0,896,0,1576.0101,11,28
fad2a854-2a92-49d4-8b9d-4de722ef8b39,Savage_Main,solo,2026-01-27T07:06:35Z,0,0,7,276.20068,byplayer,1,2,12,1,3,89.589806,Choco_Mojji,account.777fbb985c914c4fa63946e5becac674,0,0.0,0,16.063843,0,1033,0,2993.3452,11,16
fad2a854-2a92-49d4-8b9d-4de722ef8b39,Savage_Main,solo,2026-01-27T07:06:35Z,0,0,9,463.51312,byplayer,2,3,8,1,4,92.16341,swishagain,account.48c9605586b9467298ac8b41c8d74699,0,385.50784,0,0.0,0,1413,0,4651.3833,19,2
fad2a854-2a92-49d4-8b9d-4de722ef8b39,Savage_Main,solo,2026-01-27T07:06:35Z,0,0,6,158.59995,byzone,0,5,16,1,2,109.96212,tjehdgo89,account.e45b1bc889824e668430031b9f344a84,0,0.0,0,0.0,0,1128,0,4579.9067,12,9
fad2a854-2a92-49d4-8b9d-4de722ef8b39,Savage_Main,solo,2026-01-27T07:06:35Z,0,0,9,910.06006,byplayer,3,1,1,1,9,357.03604,se2y_king,account.50a7e69a66ce4e53b15c61ecbf6b971b,0,0.0,0,0.0,0,1152,0,3106.1846,14,8
fad2a854-2a92-49d4-8b9d-4de722ef8b39,Savage_Main,solo,2026-01-27T07:06:35Z,0,0,3,307.9641,byplayer,2,4,10,1,4,145.2126,dlwjdasls_12,account.325f635f22ed4165945da7d08043a997,0,659.0598,0,0.0,0,1268,0,3378.9763,8,4
efd91c5e-5acd-4b64-9bfe-97d0fac141dc,Desert_Main,duo,2026-01-27T07:05:53Z,0,0,0,42.75,byplayer,0,0,73,0,0,0.0,PiliPinxiller_1,account.5ffb4b1d236343cb8829db320fafcc2d,0,1076.6234,0,0.0,0,650,0,1903.576,11,33
efd91c5e-5acd-4b64-9bfe-97d0fac141dc,Desert_Main,duo,2026-01-27T07:05:53Z,2,0,5,673.54974,byplayer,0,7,6,2,4,159.17184,T_JohnWick,account.cea7a05bf8e74a2b9021e919662d311f,0,2317.7454,0,0.0,0,1251,0,1735.0803,4,7
efd91c5e-5acd-4b64-9bfe-97d0fac141dc,Desert_Main,duo,2026-01-27T07:05:53Z,0,0,2,58.095577,byplayer,0,2,72,0,0,0.0,ejang_1573,account.1329c4353f1844dab7c6fa55b1e02ca4,0,1988.5378,0,0.0,0,674,0,1841.3503,8,33
efd91c5e-5acd-4b64-9bfe-97d0fac141dc,Desert_Main,duo,2026-01-27T07:05:53Z,0,0,3,17.966599,byplayer,0,5,46,0,0,0.0,L-BOBO_o,account.2bb78c1949fe41ba8d66e7f7f6baebff,0,2420.4307,0,0.0,0,1256,0,1565.7018,5,7
efd91c5e-5acd-4b64-9bfe-97d0fac141dc,Desert_Main,duo,2026-01-27T07:05:53Z,2,0,8,494.85925,byplayer,0,4,2,2,7,270.80435,SEXY_HD,account.ea929816e4f34624bff1d938753434f3,1,2345.407,0,0.0,0,1393,0,2517.6384,7,3
efd91c5e-5acd-4b64-9bfe-97d0fac141dc,Desert_Main,duo,2026-01-27T07:05:53Z,2,2,8,490.68845,alive,0,4,3,2,6,315.0191,fafakaka,account.5d99740bf3a34904b56e329872d90a04,0,7705.98,0,0.0,0,1498,0,2586.838,5,1
efd91c5e-5acd-4b64-9bfe-97d0fac141dc,Desert_Main,duo,2026-01-27T07:05:53Z,1,1,4,281.3645,byplayer,0,0,11,1,2,54.822685,EkqEmdm01,account.a2c284dc15cf450eba5bcb019b95d791,0,6838.702,0,0.0,0,1472,0,2245.1853,9,2
efd91c5e-5acd-4b64-9bfe-97d0fac141dc,Desert_Main,duo,2026-01-27T07:05:53Z,3,1,11,519.0549,byplayer,1,2,8,1,3,92.040436,Onkihoddi,account.7ab9b427d96845be848194e3b138860e,0,6568.2407,0,0.0,0,1495,0,2639.0417,13,2
efd91c5e-5acd-4b64-9bfe-97d0fac141dc,Desert_Main,duo,2026-01-27T07:05:53Z,1,1,3,100.0,byplayer,0,0,26,1,1,69.479706,NSstars,account.9583ab86be3047b18acfe0eeb5507d07,0,5169.8154,0,0.0,0,1196,0,1713.6475,11,10
efd91c5e-5acd-4b64-9bfe-97d0fac141dc,Desert_Main,duo,2026-01-27T07:05:53Z,3,2,9,864.43256,alive,0,4,1,1,8,215.52031,zzizziofthesexy,account.71e0894ae8224285beb724cca9315abb,0,6411.5903,0,0.0,0,1498,0,3050.0354,9,1
efd91c5e-5acd-4b64-9bfe-97d0fac141dc,Desert_Main,duo,2026-01-27T07:05:53Z,1,0,5,305.99997,byplayer,0,1,10,2,3,25.842964,Yashin97,account.71aaa542d38743a089639448091687cc,0,4710.7266,0,0.0,0,1196,0,1890.4222,10,10
efd91c5e-5acd-4b64-9bfe-97d0fac141dc,Desert_Main,duo,2026-01-27T07:05:53Z,1,2,8,480.24902,byplayer,1,4,9,1,3,167.60394,dodidi_,account.3130a4291b8e4892b7b8f9040e1aaee5,0,2261.958,0,0.0,0,1351,0,3253.089,10,3
97b61b9e-c258-4c4e-a954-e4e142508f79,Neon_Main,squad,2026-01-27T07:06:17Z,0,0,0,0.0,byplayer,0,0,62,0,0,0.0,CHJ_99,account.911f9d6bfef14904958af6759e1d1813,0,0.0,0,0.0,0,147,0,169.3931,1,18
97b61b9e-c258-4c4e-a954-e4e142508f79,Neon_Main,squad,2026-01-27T07:06:17Z,0,0,0,120.122154,byplayer,0,0,63,0,0,0.0,ss_0331,account.265e5d98fa674ede965ab60d75e25760,0,0.0,0,0.0,0,144,0,143.93991,2,18
97b61b9e-c258-4c4e-a954-e4e142508f79,Neon_Main,squad,2026-01-27T07:06:17Z,3,0,5,311.53735,byplayer,0,5,5,2,4,118.196686,BOSS_DOGGGGGGGGG,account.df53ef23222341e6abab83a67e519737,1,5933.4727,0,0.0,0,1117,0,2021.4814,9,8
97b61b9e-c258-4c4e-a954-e4e142508f79,Neon_Main,squad,2026-01-27T07:06:17Z,0,1,0,73.92,byplayer,0,0,44,0,0,0.0,S_GGOMU,account.f634488a4136437e91f2722dd9cbafd3,0,0.0,0,0.0,0,125,0,95.232605,3,12
97b61b9e-c258-4c4e-a954-e4e142508f79,Neon_Main,squad,2026-01-27T07:06:17Z,0,0,3,70.5878,byplayer,0,0,52,0,0,0.0,Zeus_MN,account.0a9f69723ec44a09a65e52a1a88a3fa0,0,0.0,0,0.0,0,309,0,658.32874,3,15
97b61b9e-c258-4c4e-a954-e4e142508f79,Neon_Main,squad,2026-01-27T07:06:17Z,2,2,3,199.99998,byplayer,0,1,20,1,1,2.8574085,SKL_ZENA,account.fd4034e6663e4c45b9f33d8b0f20b2d2,0,4585.0303,0,0.0,0,1002,1,1814.4344,15,6
97b61b9e-c258-4c4e-a954-e4e142508f79,Neon_Main,squad,2026-01-27T07:06:17Z,0,0,5,109.45665,byplayer,0,5,43,0,0,0.0,KIMJAPCHO,account.80d02ce722944e8e997576c81e28b9d2,0,5471.052,0,0.0,0,936,0,1698.7366,9,11
97b61b9e-c258-4c4e-a954-e4e142508f79,Neon_Main,squad,2026-01-27T07:06:17Z,2,0,4,183.8886,byplayer,1,1,9,2,3,325.80472,mephistoWo,account.d9655bd34c4e46aa9bceba2df71ca922,1,6443.96,0,0.0,0,936,0,1912.145,14,11
97b61b9e-c258-4c4e-a954-e4e142508f79,Neon_Main,squad,2026-01-27T07:06:17Z,0,0,0,36.376457,byplayer,0,0,59,0,0,0.0,Shin-Nohara_-,account.89c6337f3e94493189dba015ee3944bd,0,0.0,0,0.0,0,173,0,218.6204,2,18
97b61b9e-c258-4c4e-a954-e4e142508f79,Neon_Main,squad,2026-01-27T07:06:17Z,1,0,0,100.0,byplayer,0,3,29,1,1,6.6290736,Shin-Chan_Suji,account.c81fd8e4d4cd467eaba0cf6984f69dd4,0,0.0,0,0.0,0,173,0,167.61282,1,18
97b61b9e-c258-4c4e-a954-e4e142508f79,Neon_Main,squad,2026-01-27T07:06:17Z,0,0,1,77.63876,byplayer,0,0,57,0,0,0.0,GT_GAIACTICO,account.c468f59d6eec478f8d745ee6a15f952e,0,0.0,0,0.0,0,144,0,171.20195,6,17
97b61b9e-c258-4c4e-a954-e4e142508f79,Neon_Main,squad,2026-01-27T07:06:17Z,1,0,0,100.0,byplayer,0,0,55,0,0,0.0,brrr_zerocola,account.274c2da7a99e477c8f79be6c9ab37e3d,0,0.0,0,0.0,0,195,0,356.41467,2,17
97b61b9e-c258-4c4e-a954-e4e142508f79,Neon_Main,squad,2026-01-27T07:06:17Z,0,0,2,146.24226,byplayer,0,0,25,1,1,123.83699,VSS-OR-DBS,account.2d655c8700fa404ab6face3b59541da0,0,531.8158,0,0.0,0,740,0,2157.9062,9,10
97b61b9e-c258-4c4e-a954-e4e142508f79,Neon_Main,squad,2026-01-27T07:06:17Z,2,1,2,324.33438,byplayer,0,8,27,1,1,48.466396,JJUNDA_OBBA,account.33d8950e6f00419f803ca671bdc96327,0,0.0,0,0.0,0,876,0,1948.661,5,12
97b61b9e-c258-4c4e-a954-e4e142508f79,Neon_Main,squad,2026-01-27T07:06:17Z,0,0,4,50.561253,byplayer,0,4,46,0,0,0.0,cha___n,account.6d58b43d9cde40ea9c5c2bcadef7b619,0,3727.7927,0,0.0,0,771,0,1588.6852,11,13
97b61b9e-c258-4c4e-a954-e4e142508f79,Neon_Main,squad,2026-01-27T07:06:17Z,3,0,7,409.50418,byplayer,1,6,7,2,3,14.202742,Tae_Gi-t,account.ce35505201b94f8484f9014b81e974e4,2,4701.1934,0,0.0,0,1330,0,3433.5598,9,4
97b61b9e-c258-4c4e-a954-e4e142508f79,Neon_Main,squad,2026-01-27T07:06:17Z,0,0,3,42.042824,byplayer,0,4,23,1,1,34.283375,Lilggochu,account.e16251149eb642f8a392e6d0d00237f4,0,1374.462,0,0.0,0,1035,0,2248.0845,13,9
97b61b9e-c258-4c4e-a954-e4e142508f79,Neon_Main,squad,2026-01-27T07:06:17Z,1,0,3,101.2,byplayer,0,0,45,0,0,0.0,OneShot_J-hyun_,account.9df549ab5b254fc18538129ed571e8c4,0,4334.661,0,0.0,0,784,0,1711.324,5,13
97b61b9e-c258-4c4e-a954-e4e142508f79,Neon_Main,squad,2026-01-27T07:06:17Z,0,0,6,118.84765,byplayer,0,5,33,0,0,0.0,adfqer,account.7742a88414744945826774a77edebb93,0,7989.108,0,0.0,0,1300,0,2501.926,7,5
97b61b9e-c258-4c4e-a954-e4e142508f79,Neon_Main,squad,2026-01-27T07:06:17Z,1,0,1,231.98616,byplayer,0,1,40,0,0,0.0,Maganda_AE,account.d5e0a3f62a9345a3bafeb2c6818fd8b4,1,1085.5942,0,0.0,0,974,0,2597.9602,8,10
97b61b9e-c258-4c4e-a954-e4e142508f79,Neon_Main,squad,2026-01-27T07:06:17Z,2,3,8,303.35574,byplayer,0,14,16,1,1,184.55157,KimMin-kyo,account.860c16f2e9ab4c7db75d24a2c66d01d9,1,4335.67,0,0.0,0,1330,0,2983.3845,11,4
97b61b9e-c258-4c4e-a954-e4e142508f79,Neon_Main,squad,2026-01-27T07:06:17Z,2,1,7,295.70782,byplayer,1,7,8,1,3,56.333878,ND_Christian,account.6037f3902a744340a60b3d75f2f0825d,0,6143.7627,0,0.0,0,1202,0,1911.5923,5,6
97b61b9e-c258-4c4e-a954-e4e142508f79,Neon_Main,squad,2026-01-27T07:06:17Z,0,1,4,0.0,byplayer,0,1,38,0,0,0.0,BOSS_CATTTTTTTTT,account.f1b8335891e34c9c9bb829d37111eb9f,0,5207.809,0,0.0,0,904,0,1363.8384,8,8
97b61b9e-c258-4c4e-a954-e4e142508f79,Neon_Main,squad,2026-01-27T07:06:17Z,2,0,2,302.67877,byplayer,0,0,26,1,1,25.280432,Whereismybicycle,account.04f63a849b4f4bb18679b4f28e59e9ad,0,6132.0947,0,0.0,0,936,0,1749.6046,10,11
97b61b9e-c258-4c4e-a954-e4e142508f79,Neon_Main,squad,2026-01-27T07:06:17Z,2,0,4,176.14635,byzone,0,3,11,1,2,112.047165,ND_DaLong,account.43e39676a42c47ce9951aaed089fbd76,1,5493.808,0,0.0,0,1169,0,1934.1616,6,6
97b61b9e-c258-4c4e-a954-e4e142508f79,Neon_Main,squad,2026-01-27T07:06:17Z,1,0,0,154.33307,byplayer,0,0,50,0,0,0.0,godgodwogus,account.0b70d17e62554095a7e9b932a69140b9,0,0.0,0,0.0,0,357,0,300.29767,3,14
97b61b9e-c258-4c4e-a954-e4e142508f79,Neon_Main,squad,2026-01-27T07:06:17Z,2,0,1,303.97397,byplayer,0,2,53,0,0,0.0,HTC_Oni_San,account.d04c200763bb463f82f09c216abf0398,0,0.0,0,0.0,0,215,0,363.18372,6,16
97b61b9e-c258-4c4e-a954-e4e142508f79,Neon_Main,squad,2026-01-27T07:06:17Z,1,0,3,1.3134575,byplayer,0,7,39,0,0,0.0,hashSngWan,account.34cb88e02acc4dc5a9d26a88b7f38590,2,1385.9027,0,0.0,0,1034,0,2765.043,9,9
97b61b9e-c258-4c4e-a954-e4e142508f79,Neon_Main,squad,2026-01-27T07:06:17Z,0,0,0,0.0,byplayer,0,0,56,0,0,0.0,MISSB0NG,account.d095f78dccaf4d2993f41694f0c5c2da,0,0.0,0,0.0,0,186,0,498.36655,4,17
97b61b9e-c258-4c4e-a954-e4e142508f79,Neon_Main,squad,2026-01-27T07:06:17Z,1,1,9,134.4273,byplayer,0,7,17,1,1,7.992505,eco-friendlly,account.ec6d0dacd0504d48bfcce892259809b5,1,4444.746,0,0.0,0,1330,1,2743.9849,7,4
97b61b9e-c258-4c4e-a954-e4e142508f79,Neon_Main,squad,2026-01-27T07:06:17Z,1,2,11,349.08554,byplayer,0,1,15,1,1,43.239487,ohwujoo,account.62e87975261d47e3bbbb086e26d771b9,1,3153.6655,0,0.0,0,1546,0,3520.0303,10,2
97b61b9e-c258-4c4e-a954-e4e142508f79,Neon_Main,squad,2026-01-27T07:06:17Z,1,0,5,144.13315,byplayer,0,0,41,0,0,0.0,T_-Ung,account.60e9b451613a442bb95d116a69a02fee,0,2148.9534,0,0.0,0,974,0,2903.3455,10,10
97b61b9e-c258-4c4e-a954-e4e142508f79,Neon_Main,squad,2026-01-27T07:06:17Z,1,1,5,192.40001,byplayer,0,7,37,0,0,0.0,kyykyky,account.366cf6ec86d94e99b091e9691e3c397e,0,5428.974,0,0.0,0,909,0,1412.3743,6,8
97b61b9e-c258-4c4e-a954-e4e142508f79,Neon_Main,squad,2026-01-27T07:06:17Z,0,0,2,36.237305,byplayer,0,0,48,0,0,0.0,OneShot_MRWOO,account.fa1cb430647443f9bc87537a1a5df738,0,3847.115,0,0.0,0,682,0,1462.4845,9,13
97b61b9e-c258-4c4e-a954-e4e142508f79,Neon_Main,squad,2026-01-27T07:06:17Z,1,3,3,264.27008,byplayer,0,4,32,0,0,0.0,0wall-,account.c3f4a3b1af5b486381f93fdad401e2ae,1,3992.4204,0,0.0,0,1424,0,3197.144,20,3
97b61b9e-c258-4c4e-a954-e4e142508f79,Neon_Main,squad,2026-01-27T07:06:17Z,1,0,4,249.55447,byplayer,1,2,6,1,3,33.73882,HwnagJunSig,account.33eda9a1ac1c4be8807a77c6f43b530d,3,4532.731,0,0.0,0,1452,0,3604.6147,16,3
97b61b9e-c258-4c4e-a954-e4e142508f79,Neon_Main,squad,2026-01-27T07:06:17Z,1,0,7,90.2124,byplayer,0,6,14,1,1,48.3659,bbackgga,account.1fd461a36bd5469382dbaf871ce2bf7b,1,2792.9954,0,0.0,0,1581,0,3387.492,6,2
97b61b9e-c258-4c4e-a954-e4e142508f79,Neon_Main,squad,2026-01-27T07:06:17Z,1,0,5,243.5287,byplayer,0,1,24,1,1,10.960584,22chul,account.bf3f28ee84fe49f49f0ef95cf91eda7c,0,1445.4347,0,0.0,0,1025,0,2596.2441,9,9
97b61b9e-c258-4c4e-a954-e4e142508f79,Neon_Main,squad,2026-01-27T07:06:17Z,0,0,3,32.113895,byplayer,0,3,47,0,0,0.0,10BIRD_Y,account.9e0106bd0e9648a7af66a5a634719151,0,4105.5166,0,0.0,0,720,0,1488.9838,9,13
97b61b9e-c258-4c4e-a954-e4e142508f79,Neon_Main,squad,2026-01-27T07:06:17Z,0,1,6,242.55695,byplayer,0,3,10,1,2,22.880188,ND_LemaenBea,account.21465fc6e7564b7e824540c7f125f915,1,5920.831,0,0.0,0,1202,1,2208.4119,13,6
97b61b9e-c258-4c4e-a954-e4e142508f79,Neon_Main,squad,2026-01-27T07:06:17Z,0,0,0,0.0,byplayer,0,0,31,0,0,0.0,simondominick,account.24517ffc06a44d8192aa14f8c89b30d6,1,3010.2761,0,0.0,0,861,0,1776.432,6,1
97b61b9e-c258-4c4e-a954-e4e142508f79,Neon_Main,squad,2026-01-27T07:06:17Z,4,1,9,677.9423,alive,0,4,3,2,4,55.18195,JJ_Mojito,account.8af575e790274a7d8d75122c44e1ed34,0,4662.32,0,0.0,0,1584,2,3780.964,18,1
97b61b9e-c258-4c4e-a954-e4e142508f79,Neon_Main,squad,2026-01-27T07:06:17Z,0,0,0,66.35999,byplayer,0,0,51,0,0,0.0,LaminYangmal_,account.e49c0c680f564ff5936e2f630dc3b520,1,0.0,0,0.0,0,350,0,521.0688,6,14
97b61b9e-c258-4c4e-a954-e4e142508f79,Neon_Main,squad,2026-01-27T07:06:17Z,0,0,0,0.0,byplayer,0,0,54,0,0,0.0,785278323,account.a0f6eb44336640a0a7f7147a24514ecd,0,0.0,0,0.0,0,195,0,347.21652,3,17
97b61b9e-c258-4c4e-a954-e4e142508f79,Neon_Main,squad,2026-01-27T07:06:17Z,0,0,0,0.0,byplayer,0,0,58,0,0,0.0,C--jinhun,account.908611626b2b418bb487dbc97f510ed8,0,0.0,0,0.0,0,113,0,96.37925,1,17
97b61b9e-c258-4c4e-a954-e4e142508f79,Neon_Main,squad,2026-01-27T07:06:17Z,1,2,13,280.04337,byplayer,0,1,13,1,1,56.7764,BuSanAzae,account.6c2b4de240dd4316b835ec435be1336f,1,2756.4438,0,0.0,0,1581,0,4528.1064,13,2
97b61b9e-c258-4c4e-a954-e4e142508f79,Neon_Main,squad,2026-01-27T07:06:17Z,0,0,2,33.781982,byplayer,0,1,42,0,0,0.0,SKL_22B-STI,account.5a7ad29af2454b1ea5434f28841bf209,0,725.61707,0,0.0,0,707,0,1551.5342,14,10
97b61b9e-c258-4c4e-a954-e4e142508f79,Neon_Main,squad,2026-01-27T07:06:17Z,2,0,1,200.0,byplayer,1,1,28,1,1,4.9705133,K1llQi,account.e2277273962d447a828a0d3c3a295aba,0,0.0,0,0.0,0,441,0,908.9756,4,12
97b61b9e-c258-4c4e-a954-e4e142508f79,Neon_Main,squad,2026-01-27T07:06:17Z,2,0,2,276.32468,byplayer,0,1,12,2,2,15.271541,JJanggu_SEKKl,account.18f324debac94caf94030b2cf1aac6cb,2,0.0,0,5.9919267,0,407,0,1145.0667,5,12
97b61b9e-c258-4c4e-a954-e4e142508f79,Neon_Main,squad,2026-01-27T07:06:17Z,0,0,2,93.0475,byplayer,0,2,35,0,0,0.0,181105,account.f111e794ebff4289bdcde9fa0405c683,0,4361.15,0,0.0,0,1167,0,2686.9175,18,7
97b61b9e-c258-4c4e-a954-e4e142508f79,Neon_Main,squad,2026-01-27T07:06:17Z,0,0,1,0.0,byplayer,0,1,49,0,0,0.0,97-seok,account.ed342bb3a9bf4d06b4cc2935d78a6ff4,0,0.0,0,0.0,0,385,0,295.8702,4,14
97b61b9e-c258-4c4e-a954-e4e142508f79,Neon_Main,squad,2026-01-27T07:06:17Z,1,0,8,126.78999,byplayer,0,8,22,1,1,6.2097664,gao_nono,account.82e13e205d4c4664ab9fc92843fa2326,1,1373.8141,0,0.0,0,1053,0,3192.4963,5,9
97b61b9e-c258-4c4e-a954-e4e142508f79,Neon_Main,squad,2026-01-27T07:06:17Z,1,0,4,129.47835,byplayer,1,11,18,1,1,36.33617,BEA-JIN_NAM,account.fc830e3c6c134f4aa323368613a5fecf,0,8625.131,0,0.0,0,1301,0,2707.6057,9,5
97b61b9e-c258-4c4e-a954-e4e142508f79,Neon_Main,squad,2026-01-27T07:06:17Z,1,0,7,196.90755,byplayer,0,3,34,0,0,0.0,rlatnqhjjan,account.cc85b25a800b48ea93bc970c08ea582a,0,5910.814,0,0.0,0,1114,0,2487.701,12,5
97b61b9e-c258-4c4e-a954-e4e142508f79,Neon_Main,squad,2026-01-27T07:06:17Z,2,1,0,224.8404,byplayer,0,0,60,0,0,0.0,oops_Weak,account.8cc143c5f86b452f99586cc88b6fb8f7,0,0.0,0,0.0,0,173,0,335.3214,2,18
97b61b9e-c258-4c4e-a954-e4e142508f79,Neon_Main,squad,2026-01-27T07:06:17Z,5,1,5,874.1721,byplayer,3,5,4,2,4,168.88203,oral_emu,account.6a64338f10384221bdca97442b1c92a8,1,3692.4346,0,0.0,0,1452,1,2786.6462,7,3
97b61b9e-c258-4c4e-a954-e4e142508f79,Neon_Main,squad,2026-01-27T07:06:17Z,0,0,4,23.079966,byplayer,0,7,19,1,1,127.18059,seattle123,account.d24ab40ecd054370965e6d9be8328b54,0,5921.662,0,0.0,0,953,0,1664.2878,7,5
97b61b9e-c258-4c4e-a954-e4e142508f79,Neon_Main,squad,2026-01-27T07:06:17Z,0,0,0,23.923166,byplayer,0,0,61,0,0,0.0,VictoryRush-,account.c3b9c41dcbb14a8ba0ee3017dec5626e,0,0.0,0,0.0,0,173,0,246.20853,2,18
97b61b9e-c258-4c4e-a954-e4e142508f79,Neon_Main,squad,2026-01-27T07:06:17Z,6,3,8,976.0157,byplayer,5,11,1,2,8,169.07225,SSXMIN,account.e5921137882e4e93b4d072b32a40403e,1,5070.401,0,0.0,0,1452,1,2508.0994,10,3
97b61b9e-c258-4c4e-a954-e4e142508f79,Neon_Main,squad,2026-01-27T07:06:17Z,0,1,3,45.71791,byplayer,0,4,36,0,0,0.0,GOD_Gigantes,account.2f87ebcc3e66478bbf3db743088242a5,0,5402.373,0,0.0,0,913,0,1299.3159,7,8
97b61b9e-c258-4c4e-a954-e4e142508f79,Neon_Main,squad,2026-01-27T07:06:17Z,2,0,9,228.413,byplayer,0,2,21,1,1,49.96755,DOG__PARK,account.467c4191c2e74756bb70e91241b192bd,0,4783.4517,0,0.0,0,1167,0,2669.496,15,7
97b61b9e-c258-4c4e-a954-e4e142508f79,Neon_Main,squad,2026-01-27T07:06:17Z,5,0,3,723.1233,alive,2,1,2,2,6,98.875046,Blanc-__-V,account.f994042020fa41c891eaf5f0d20ab0c3,0,4766.2324,0,0.0,0,1584,0,3728.1309,15,1
f7dd427e-3849-43db-bd87-1a2d56b87567,Baltic_Main,squad,2026-01-27T07:24:06Z,12,0,9,1546.9686,alive,3,4,1,4,18,100.03596,Pit_a_Pat_King,account.1b1e108873774041ab4935a37dd9f654,0,5783.0225,2,0.0,0,1181,0,2190.6777,12,1
f7dd427e-3849-43db-bd87-1a2d56b87567,Baltic_Main,squad,2026-01-27T07:24:06Z,1,1,3,247.77606,byplayer,1,1,22,1,1,10.6161,euniyo1,account.213178b135f04b619df9176b4914ab12,0,4350.04,0,0.0,0,844,0,1143.2494,10,10
f7dd427e-3849-43db-bd87-1a2d56b87567,Baltic_Main,squad,2026-01-27T07:24:06Z,0,0,0,92.142166,byplayer,0,0,100,0,0,0.0,TR_Bosssssssssss,account.4171847d4f654028be45d8501695c7eb,0,0.0,0,0.0,0,143,0,180.25693,2,27
f7dd427e-3849-43db-bd87-1a2d56b87567,Baltic_Main,squad,2026-01-27T07:24:06Z,3,0,2,363.81146,byplayer,2,1,4,1,3,34.37236,Dong-jinsexy,account.0f80aa4ff9e743788dd55bd4654931df,0,4402.715,0,0.0,0,844,0,1323.0568,7,10
f7dd427e-3849-43db-bd87-1a2d56b87567,Baltic_Main,squad,2026-01-27T07:24:06Z,6,3,5,523.72845,alive,2,5,3,3,8,78.40976,zzibap,account.195e40abf0bb4f229867adbc75c6cf91,1,6175.7046,1,0.0,0,1181,0,2093.9111,9,1
f7dd427e-3849-43db-bd87-1a2d56b87567,Baltic_Main,squad,2026-01-27T07:24:06Z,0,1,4,130.84468,alive,0,1,6,1,2,4.909253,qrrating,account.afdb95ebaa344c1890caaee0ef6af00a,0,6388.3022,2,0.0,0,1181,0,1646.7139,10,1
f7dd427e-3849-43db-bd87-1a2d56b87567,Baltic_Main,squad,2026-01-27T07:24:06Z,1,2,5,123.06688,alive,0,5,17,1,1,72.71433,rhtn9_,account.fee5927381ca40d3878d0ee7eb6c970c,0,3391.7566,0,0.0,0,1181,0,2842.5037,10,1
f7dd427e-3849-43db-bd87-1a2d56b87567,Baltic_Main,squad,2026-01-27T07:24:06Z,1,4,2,213.55168,byplayer,1,2,21,1,1,268.3429,tongtong1318,account.10dd48893fec4d07a634ab3208b4edfa,0,2622.6877,0,0.0,0,879,0,1853.9779,8,9
f7dd427e-3849-43db-bd87-1a2d56b87567,Baltic_Main,squad,2026-01-27T07:24:06Z,9,1,5,995.1108,byplayer,1,1,2,3,11,223.31549,choiyoda1004,account.cdec0a9b445a4e6a89ffc85e5458db3e,0,3379.652,0,0.0,0,948,0,1600.7601,16,9
787f7c94-3551-4c1e-ad11-c62b57fa79d9,Savage_Main,squad,2026-01-27T07:30:17Z,3,1,6,348.02542,byplayer,0,3,10,2,3,51.847813,luckyyeki,account.5d54f6e378f143dfac384e9c44fd5bfd,0,7.0358286,0,0.0,0,1253,1,3300.3806,19,1
787f7c94-3551-4c1e-ad11-c62b57fa79d9,Savage_Main,squad,2026-01-27T07:30:17Z,0,0,0,0.0,byplayer,0,0,96,0,0,0.0,ssojimara_plz116,account.acff168381e44e2bbe4bae0bfd6d9fa8,0,0.0,0,0.0,0,171,0,119.540146,2,27
787f7c94-3551-4c1e-ad11-c62b57fa79d9,Savage_Main,squad,2026-01-27T07:30:17Z,0,0,0,29.04,byplayer,0,0,91,0,0,0.0,BGPG_RAY,account.0dd8d85386ab4dbe82c8d260fc65d8ad,0,0.0,0,0.0,0,159,0,125.0068,2,24
787f7c94-3551-4c1e-ad11-c62b57fa79d9,Savage_Main,squad,2026-01-27T07:30:17Z,0,0,0,0.0,byplayer,0,0,67,0,0,0.0,inpuyng,account.3cdc29691f5e4c91bd527c3d6fbec62b,0,0.0,0,0.0,0,312,0,448.10602,4,16
787f7c94-3551-4c1e-ad11-c62b57fa79d9,Savage_Main,squad,2026-01-27T07:30:17Z,1,0,2,124.560005,byplayer,0,4,27,1,1,28.721172,gangnamfufu,account.143c45f912f1433db3430ac4301107fa,1,0.0,0,0.0,0,975,0,3541.427,14,7
787f7c94-3551-4c1e-ad11-c62b57fa79d9,Savage_Main,squad,2026-01-27T07:30:17Z,0,0,4,0.0,byplayer,0,1,57,0,0,0.0,TM-champion,account.bf50c65688d5478ba4b2ef52a55d2008,0,0.0,0,4.3436213,0,1115,0,4306.321,6,6
787f7c94-3551-4c1e-ad11-c62b57fa79d9,Savage_Main,squad,2026-01-27T07:30:17Z,3,1,1,441.17645,byplayer,0,0,16,1,2,27.84171,iVoryKr,account.9eeeb9e2161d4c748ded837d396e3ca9,0,0.0,0,0.0,0,975,0,3474.5483,10,8
787f7c94-3551-4c1e-ad11-c62b57fa79d9,Savage_Main,squad,2026-01-27T07:30:17Z,1,0,0,115.471725,byplayer,0,1,82,0,0,0.0,200_DDARI,account.2053264afa9e41d98713acecb7c2ea0c,0,0.0,0,0.0,0,209,0,163.50491,6,21
787f7c94-3551-4c1e-ad11-c62b57fa79d9,Savage_Main,squad,2026-01-27T07:30:17Z,0,0,0,0.0,byplayer,0,0,68,0,0,0.0,kth0215,account.7dfc855ae0534009bd38428b6d4a49a5,0,0.0,0,0.0,0,265,0,530.9784,3,16
787f7c94-3551-4c1e-ad11-c62b57fa79d9,Savage_Main,squad,2026-01-27T07:30:17Z,1,0,4,187.47293,byplayer,0,1,26,1,1,42.776905,beggar-shot18,account.2854b2f3cb9d46119a1bd1b5de7cf0e9,0,0.0,0,0.0,0,985,0,2468.2478,14,7
787f7c94-3551-4c1e-ad11-c62b57fa79d9,Savage_Main,squad,2026-01-27T07:30:17Z,1,0,1,164.25183,byplayer,0,0,18,1,2,37.099693,NOGADA_OYT,account.a46416c58b0a4ddebd927ac4d7ac43f8,0,0.0,0,0.0,0,547,0,1495.7347,11,10
787f7c94-3551-4c1e-ad11-c62b57fa79d9,Savage_Main,squad,2026-01-27T07:30:17Z,0,0,0,104.10268,byplayer,0,0,76,0,0,0.0,dongho_oo,account.f2e94a9daf54485eb2dcb88214b90550,0,0.0,0,0.0,0,330,0,282.90695,3,20
787f7c94-3551-4c1e-ad11-c62b57fa79d9,Savage_Main,squad,2026-01-27T07:30:17Z,0,0,1,0.0,byplayer,0,1,73,0,0,0.0,SANTAFEJUIN,account.8ee4ba5be72e4f9eb13fa8def9f87e50,0,0.0,0,0.0,0,341,0,865.5787,8,19
787f7c94-3551-4c1e-ad11-c62b57fa79d9,Savage_Main,squad,2026-01-27T07:30:17Z,0,0,0,126.7,byplayer,0,0,43,1,1,32.463642,jaedeok1231,account.ac4d266db06f4ee4b67c970f6a7fb73e,0,0.0,0,0.0,0,263,0,543.0225,9,22
787f7c94-3551-4c1e-ad11-c62b57fa79d9,Savage_Main,squad,2026-01-27T07:30:17Z,0,0,0,72.189255,byplayer,0,0,72,0,0,0.0,ddalddalz,account.02dd21eba31342d79a11744fa746f0c3,0,0.0,0,0.0,0,327,0,917.2819,5,17
787f7c94-3551-4c1e-ad11-c62b57fa79d9,Savage_Main,squad,2026-01-27T07:30:17Z,0,0,1,49.58564,byplayer,0,7,64,0,0,0.0,BOeggLE_,account.55f2d10c98484a2799f9877fa0e61914,0,0.0,0,0.0,0,518,0,1274.3917,8,13
787f7c94-3551-4c1e-ad11-c62b57fa79d9,Savage_Main,squad,2026-01-27T07:30:17Z,1,2,7,203.34988,byplayer,0,3,24,1,1,15.389807,DIOR_BBAKGU,account.83313612ab0148419e257a7fff3c4c3f,1,285.4704,0,0.0,0,1049,1,3492.2788,10,4
787f7c94-3551-4c1e-ad11-c62b57fa79d9,Savage_Main,squad,2026-01-27T07:30:17Z,3,0,4,310.63,byplayer,1,0,28,1,1,35.392532,MILY_Needles,account.5568a97a6b3e4a34acb637449448d916,0,0.0,0,0.0,0,974,0,2839.245,12,7
787f7c94-3551-4c1e-ad11-c62b57fa79d9,Savage_Main,squad,2026-01-27T07:30:17Z,0,0,6,0.0,byplayer,0,1,58,0,0,0.0,Soo__ang__,account.570aff039aca47e8ae5858e80ebb2439,0,0.0,0,0.0,0,1108,0,4655.0205,17,6
787f7c94-3551-4c1e-ad11-c62b57fa79d9,Savage_Main,squad,2026-01-27T07:30:17Z,0,0,2,0.0,byplayer,0,3,97,0,0,0.0,k98m24112,account.5ffbe973edce4d609a9ce6c26e93166b,0,0.0,0,0.0,0,167,0,335.95993,5,27
787f7c94-3551-4c1e-ad11-c62b57fa79d9,Savage_Main,squad,2026-01-27T07:30:17Z,0,0,0,0.0,byplayer,0,0,86,0,0,0.0,bookbook2q6,account.7867fd2152764a2597f5bf8880a9b619,0,0.0,0,0.0,0,225,0,618.96844,3,23
787f7c94-3551-4c1e-ad11-c62b57fa79d9,Savage_Main,squad,2026-01-27T07:30:17Z,1,0,1,305.2481,byplayer,1,2,19,1,2,49.98368,Snoopy_TV,account.e740ab77d90b433b8d9b164058255049,0,0.0,0,0.0,0,642,0,732.8768,9,11
787f7c94-3551-4c1e-ad11-c62b57fa79d9,Savage_Main,squad,2026-01-27T07:30:17Z,1,0,0,154.2485,byplayer,0,0,33,1,1,48.977642,Twk_Lucy2,account.0c27637d648644c8ac4789d493f71be0,0,0.0,0,0.0,0,207,0,235.01419,3,12
787f7c94-3551-4c1e-ad11-c62b57fa79d9,Savage_Main,squad,2026-01-27T07:30:17Z,0,1,0,48.0,byplayer,0,0,81,0,0,0.0,kunjun0,account.22fd88f938774967b3dfa5f25326ccde,0,0.0,0,0.0,0,259,0,508.08865,4,21
787f7c94-3551-4c1e-ad11-c62b57fa79d9,Savage_Main,squad,2026-01-27T07:30:17Z,1,0,0,149.97414,byplayer,0,0,88,0,0,0.0,slowplayere,account.f25dee78f40042ffb0425cba1555f5c9,0,0.0,0,0.0,0,226,0,228.76105,2,24
787f7c94-3551-4c1e-ad11-c62b57fa79d9,Savage_Main,squad,2026-01-27T07:30:17Z,4,0,4,817.32776,alive,0,5,1,2,8,42.72222,13804238,account.020bdf5174ce47f4ae8f0202fad5514b,0,0.0,0,0.0,0,1458,0,3731.253,19,1
787f7c94-3551-4c1e-ad11-c62b57fa79d9,Savage_Main,squad,2026-01-27T07:30:17Z,1,0,0,73.6,byplayer,0,0,42,1,1,13.95078,palhogwangjang,account.0000fe87ed9f4c23aa03ea7a64e9db1e,0,0.0,0,0.0,0,257,0,191.82574,1,21
787f7c94-3551-4c1e-ad11-c62b57fa79d9,Savage_Main,squad,2026-01-27T07:30:17Z,0,0,0,76.37028,byplayer,0,0,98,0,0,0.0,Yu1chiro_-,account.97b7f75342e04a6e962a9df0467d3398,0,0.0,0,0.0,0,129,0,169.26653,2,28
787f7c94-3551-4c1e-ad11-c62b57fa79d9,Savage_Main,squad,2026-01-27T07:30:17Z,2,1,4,263.91672,byplayer,0,4,30,1,1,6.602772,oduduluv,account.ff2ab56b69f743869cbb2d153bd52b49,0,0.0,0,0.0,0,639,0,1828.5149,7,9
787f7c94-3551-4c1e-ad11-c62b57fa79d9,Savage_Main,squad,2026-01-27T07:30:17Z,1,0,2,322.3955,byplayer,0,2,23,1,2,26.687233,HoHe_,account.0e085355ddea4a73a2d95ba9d43d3ba1,0,0.0,0,0.0,0,196,0,309.4459,8,25
787f7c94-3551-4c1e-ad11-c62b57fa79d9,Savage_Main,squad,2026-01-27T07:30:17Z,0,0,0,0.0,byplayer,0,0,65,0,0,0.0,limsuhyeok,account.22e5cc97a8064a939004f33bae0eb40c,0,0.0,0,0.0,0,261,0,202.34875,2,15
787f7c94-3551-4c1e-ad11-c62b57fa79d9,Savage_Main,squad,2026-01-27T07:30:17Z,0,0,0,0.0,byplayer,0,0,101,0,0,0.0,NanLunaNan,account.58a8db9c1e1c4029a9576436c0316791,0,0.0,0,0.0,0,106,0,16.218096,0,28
787f7c94-3551-4c1e-ad11-c62b57fa79d9,Savage_Main,squad,2026-01-27T07:30:17Z,3,1,0,357.91998,byplayer,0,1,90,0,0,0.0,BABO_TONG,account.95d515717f5f476e80d864aef150df7b,0,0.0,0,0.0,0,197,0,271.00812,6,24
787f7c94-3551-4c1e-ad11-c62b57fa79d9,Savage_Main,squad,2026-01-27T07:30:17Z,1,0,0,77.00236,byplayer,0,0,44,1,1,4.6595216,wogns_e,account.51d157bda3bf4d0990677dbed876ebe8,0,0.0,0,0.0,0,263,0,345.4322,5,22
787f7c94-3551-4c1e-ad11-c62b57fa79d9,Savage_Main,squad,2026-01-27T07:30:17Z,0,0,0,0.0,byplayer,0,0,83,0,0,0.0,qkdgmlcks,account.770110e8c89d4e5698c9b1b6c4457893,0,0.0,0,0.0,0,263,0,572.4076,3,22
787f7c94-3551-4c1e-ad11-c62b57fa79d9,Savage_Main,squad,2026-01-27T07:30:17Z,1,0,1,100.0,byplayer,1,0,37,1,1,6.2906713,xDEVGRUx,account.0162023d9598446ab6038cf0215500a4,0,0.0,0,0.0,0,191,0,255.52077,3,15
787f7c94-3551-4c1e-ad11-c62b57fa79d9,Savage_Main,squad,2026-01-27T07:30:17Z,0,0,0,0.0,byplayer,0,0,87,0,0,0.0,sibarsebar,account.59550113f86443e4a182fb0387590247,0,0.0,0,0.0,0,197,0,309.90848,3,23
787f7c94-3551-4c1e-ad11-c62b57fa79d9,Savage_Main,squad,2026-01-27T07:30:17Z,2,0,0,147.26115,byplayer,0,0,41,1,1,4.102024,lobotor,account.b9042181e7a9458ea95f11e0d2748209,1,0.0,0,0.0,0,265,0,508.1651,4,21
787f7c94-3551-4c1e-ad11-c62b57fa79d9,Savage_Main,squad,2026-01-27T07:30:17Z,1,1,6,260.5138,byplayer,0,5,11,1,3,19.66987,DIOR_JABGU,account.b53a67e435e24f80999d097e86068794,1,0.0,0,0.0,0,1275,0,4878.4194,9,4
787f7c94-3551-4c1e-ad11-c62b57fa79d9,Savage_Main,squad,2026-01-27T07:30:17Z,1,0,0,75.0,byplayer,0,0,45,1,1,4.931214,SUAS_M00,account.d48d66b5c0564586a05418a03065024b,2,0.0,0,0.0,0,226,0,374.92087,2,24
787f7c94-3551-4c1e-ad11-c62b57fa79d9,Savage_Main,squad,2026-01-27T07:30:17Z,0,0,0,26.4,byplayer,0,0,84,0,0,0.0,YUN_SOO1,account.2b6a2059a7694d2f866b6e703b26f1aa,0,0.0,0,0.0,0,248,0,681.75885,2,22
787f7c94-3551-4c1e-ad11-c62b57fa79d9,Savage_Main,squad,2026-01-27T07:30:17Z,2,0,0,329.79123,byplayer,0,0,35,1,1,6.548296,Seongsu_89,account.5ab3392309e14067b1c8145d71d38dd4,0,0.0,0,0.0,0,429,0,703.36914,8,15
787f7c94-3551-4c1e-ad11-c62b57fa79d9,Savage_Main,squad,2026-01-27T07:30:17Z,0,1,0,89.869995,byplayer,0,0,66,0,0,0.0,kim_yuri_,account.a9b157ede7a94cd7bad874c09447c7d3,0,0.0,0,0.0,0,173,0,174.10115,3,15
787f7c94-3551-4c1e-ad11-c62b57fa79d9,Savage_Main,squad,2026-01-27T07:30:17Z,0,0,0,0.0,byplayer,0,0,95,0,0,0.0,dolmangstrong_10,account.78f569748fa746c89644aa699c3e5390,0,0.0,0,0.0,0,130,0,120.0421,3,26
787f7c94-3551-4c1e-ad11-c62b57fa79d9,Savage_Main,squad,2026-01-27T07:30:17Z,1,0,4,107.77843,byplayer,0,2,31,1,1,51.164234,KMG3874,account.b731889487014b549a4b294edc6775e1,0,0.0,0,0.0,0,583,0,1857.905,6,11
787f7c94-3551-4c1e-ad11-c62b57fa79d9,Savage_Main,squad,2026-01-27T07:30:17Z,2,0,2,254.91156,byplayer,0,1,39,1,1,13.472378,Shield_555,account.4b8ed11e7a4447dba1a848f4b03bc546,0,0.0,0,0.0,0,366,0,525.52515,3,18
787f7c94-3551-4c1e-ad11-c62b57fa79d9,Savage_Main,squad,2026-01-27T07:30:17Z,1,0,0,130.03148,byplayer,0,1,40,1,1,5.215421,LCW_SINA,account.423c836ae939428dbde76cb6c4c61a3d,1,0.0,0,0.0,0,341,0,977.77765,4,19
787f7c94-3551-4c1e-ad11-c62b57fa79d9,Savage_Main,squad,2026-01-27T07:30:17Z,0,1,3,35.748184,byplayer,0,1,61,0,0,0.0,nredom_xx,account.e8733f3c605f413e906afb7e25d4c525,0,0.0,0,0.0,0,582,0,1712.2888,8,10
787f7c94-3551-4c1e-ad11-c62b57fa79d9,Savage_Main,squad,2026-01-27T07:30:17Z,1,0,0,231.54834,byplayer,0,0,89,0,0,0.0,bori_1020,account.3dca7bf212254a5c8afdea1e83519072,0,0.0,0,0.0,0,214,0,236.50627,2,24
787f7c94-3551-4c1e-ad11-c62b57fa79d9,Savage_Main,squad,2026-01-27T07:30:17Z,0,0,2,0.0,byplayer,0,1,71,0,0,0.0,dongsanoba,account.dad36b50c4b847609f32733adbee25f3,0,0.0,0,0.0,0,329,0,932.52924,7,17
787f7c94-3551-4c1e-ad11-c62b57fa79d9,Savage_Main,squad,2026-01-27T07:30:17Z,6,0,8,654.31866,byplayer,0,8,3,2,4,48.709854,ffefeef,account.c487c008135249848749f2c5457d3bdf,1,0.0,0,0.0,0,1455,0,4886.4775,13,2
787f7c94-3551-4c1e-ad11-c62b57fa79d9,Savage_Main,squad,2026-01-27T07:30:17Z,0,0,0,25.8,byplayer,0,0,93,0,0,0.0,ms-1211,account.bd7e391cab324ab5a33f23804b24363a,0,0.0,0,0.0,0,192,0,248.68141,3,26
787f7c94-3551-4c1e-ad11-c62b57fa79d9,Savage_Main,squad,2026-01-27T07:30:17Z,1,0,0,199.93091,byplayer,0,1,22,1,2,24.695623,CHM_1207,account.a7c6341f367f4548aede2b5101558ad9,1,0.0,0,0.0,0,420,0,1238.1819,8,16
787f7c94-3551-4c1e-ad11-c62b57fa79d9,Savage_Main,squad,2026-01-27T07:30:17Z,0,0,1,87.3463,byplayer,0,0,62,0,0,0.0,dellosa,account.3f815f8c9123468381334526b359d74d,1,0.0,0,0.0,0,546,0,1645.589,6,11
787f7c94-3551-4c1e-ad11-c62b57fa79d9,Savage_Main,squad,2026-01-27T07:30:17Z,0,0,0,0.0,byplayer,0,0,100,0,0,0.0,69-_-NBUN,account.359d74297ca74cfebac2c931a33ade37,0,0.0,0,0.0,0,129,0,177.63138,3,28
787f7c94-3551-4c1e-ad11-c62b57fa79d9,Savage_Main,squad,2026-01-27T07:30:17Z,0,0,0,0.0,byplayer,0,0,79,0,0,0.0,Un_known4,account.bbed476cf40540e799b461f8cbb95fcc,0,0.0,0,0.0,0,220,0,600.2878,7,20
787f7c94-3551-4c1e-ad11-c62b57fa79d9,Savage_Main,squad,2026-01-27T07:30:17Z,1,0,0,25.130001,byplayer,0,0,36,1,1,4.511985,pang-_-_-,account.d56c9b25e0d04eb3911653e181c7c69c,0,0.0,0,0.0,0,267,0,344.43417,5,15
787f7c94-3551-4c1e-ad11-c62b57fa79d9,Savage_Main,squad,2026-01-27T07:30:17Z,0,0,0,0.0,byplayer,0,0,94,0,0,0.0,A_B_C-Dang,account.40352cdd9f3e471dae6a90017036c6d9,0,0.0,0,0.0,0,179,0,381.70514,8,26
787f7c94-3551-4c1e-ad11-c62b57fa79d9,Savage_Main,squad,2026-01-27T07:30:17Z,1,0,0,100.00001,byplayer,0,0,46,1,1,26.591734,GEUMJJ0Kl,account.2909dc6f7a074e2384f5c9a502af6f30,0,0.0,0,0.0,0,192,0,301.21585,4,26
787f7c94-3551-4c1e-ad11-c62b57fa79d9,Savage_Main,squad,2026-01-27T07:30:17Z,0,3,2,205.39366,byplayer,0,11,32,1,1,8.559103,Quinzi_0,account.82aac48c8f434666b0cbd380024609be,1,0.0,0,0.0,0,421,0,873.08093,6,12
787f7c94-3551-4c1e-ad11-c62b57fa79d9,Savage_Main,squad,2026-01-27T07:30:17Z,2,1,5,498.16672,byplayer,0,7,15,1,2,12.980137,Dori_5Club,account.1743fbc593ba4de68a25a0c80cccd0c8,1,242.41281,0,0.0,0,1267,0,4282.826,13,4
787f7c94-3551-4c1e-ad11-c62b57fa79d9,Savage_Main,squad,2026-01-27T07:30:17Z,1,0,2,197.38062,byplayer,0,1,21,1,2,15.017866,hoya4525,account.42c723a943d74801b2b7876b13b1ea7d,2,0.0,0,0.0,0,420,0,1052.1901,4,16
787f7c94-3551-4c1e-ad11-c62b57fa79d9,Savage_Main,squad,2026-01-27T07:30:17Z,2,1,3,178.68118,byplayer,0,0,54,0,0,0.0,ILYPJS,account.40538d4d5c0041999b4f70b0dadd84d1,1,0.0,0,0.0,0,687,0,1967.7019,11,1
787f7c94-3551-4c1e-ad11-c62b57fa79d9,Savage_Main,squad,2026-01-27T07:30:17Z,1,0,0,75.0,byplayer,0,0,34,1,1,31.10229,Seok_eya,account.e91ed21957b8460884f6b651af8d4d5d,0,0.0,0,0.0,0,476,0,926.0034,3,14
787f7c94-3551-4c1e-ad11-c62b57fa79d9,Savage_Main,squad,2026-01-27T07:30:17Z,2,0,4,274.4633,byplayer,1,4,6,1,4,45.545956,MedicX,account.58ca04c05f1942398768ffcc2ac899f1,5,0.0,0,0.0,0,804,0,2149.208,12,9
787f7c94-3551-4c1e-ad11-c62b57fa79d9,Savage_Main,squad,2026-01-27T07:30:17Z,3,1,2,364.81317,byplayer,1,8,20,1,2,24.715454,FiVE_SuN_CaStlE,account.1760b7c3388b495aab1118c217bf4584,1,0.0,0,0.0,0,547,0,1401.8477,7,12
787f7c94-3551-4c1e-ad11-c62b57fa79d9,Savage_Main,squad,2026-01-27T07:30:17Z,0,0,0,29.04,byplayer,0,3,75,0,0,0.0,KOR_NALARI,account.fef876aa8fa440b1b5584b992b1bb696,0,0.0,0,0.0,0,299,0,778.53534,7,19
787f7c94-3551-4c1e-ad11-c62b57fa79d9,Savage_Main,squad,2026-01-27T07:30:17Z,2,1,6,269.94998,byplayer,1,2,14,1,2,70.33643,nobasonic,account.5a999914b6544625a5e3f049e707094c,1,0.0,0,0.0,0,1281,0,4025.8228,7,3
787f7c94-3551-4c1e-ad11-c62b57fa79d9,Savage_Main,squad,2026-01-27T07:30:17Z,3,1,5,367.1246,byplayer,1,5,4,2,4,86.512024,SalsalsswA_,account.692bcc6ddbd843fb8b407bc5f5d92115,1,0.0,0,0.0,0,1362,1,4946.6694,12,3
787f7c94-3551-4c1e-ad11-c62b57fa79d9,Savage_Main,squad,2026-01-27T07:30:17Z,2,1,9,243.79994,byplayer,1,2,13,1,2,244.69373,2na-_-v,account.20f8ea22fce243708acc26fa6f967672,2,0.0,0,0.0,0,1388,0,5021.243,15,3
787f7c94-3551-4c1e-ad11-c62b57fa79d9,Savage_Main,squad,2026-01-27T07:30:17Z,0,0,0,0.0,byplayer,0,0,85,0,0,0.0,lll_kg,account.79d1e4ffe483400e963dc8af9034ee07,0,0.0,0,0.0,0,244,0,583.47614,2,23
787f7c94-3551-4c1e-ad11-c62b57fa79d9,Savage_Main,squad,2026-01-27T07:30:17Z,1,1,4,147.61707,byplayer,0,1,29,1,1,32.728336,MoMaMungKinRell,account.3dfeec815b9f4fa6bd0d9c80c45d7883,1,133.60892,0,0.0,0,938,0,3630.466,18,7
787f7c94-3551-4c1e-ad11-c62b57fa79d9,Savage_Main,squad,2026-01-27T07:30:17Z,4,0,2,419.6246,byplayer,0,2,8,3,4,52.15846,K1ller_Tsuna,account.7d62585df3c74e1e9ffb4db60883fb9d,0,0.0,0,0.0,0,396,0,992.81134,2,12
787f7c94-3551-4c1e-ad11-c62b57fa79d9,Savage_Main,squad,2026-01-27T07:30:17Z,0,0,0,20.677221,byplayer,0,0,69,0,0,0.0,ehddnjs1-,account.13640244687f4e71b9657e9779158fd1,0,0.0,0,0.0,0,121,0,216.64058,2,16
787f7c94-3551-4c1e-ad11-c62b57fa79d9,Savage_Main,squad,2026-01-27T07:30:17Z,0,0,1,0.0,byplayer,0,0,63,0,0,0.0,hhye___,account.6cbb1e81f4184bc68f48c4bdcf4d03d6,0,0.0,0,0.0,0,482,0,1421.8585,12,11
787f7c94-3551-4c1e-ad11-c62b57fa79d9,Savage_Main,squad,2026-01-27T07:30:17Z,0,0,0,0.0,byplayer,0,0,99,0,0,0.0,Honey-_-Bun_NIM,account.253d325f856543b18d6548299b57b1d7,0,0.0,0,0.0,0,129,0,261.37656,2,28
787f7c94-3551-4c1e-ad11-c62b57fa79d9,Savage_Main,squad,2026-01-27T07:30:17Z,5,0,2,533.85834,byplayer,2,1,7,1,4,45.32366,mrzazi,account.61708b5f2b3a4243a8c63bd11416d8ba,1,0.0,0,0.0,0,664,0,2103.2305,3,10
787f7c94-3551-4c1e-ad11-c62b57fa79d9,Savage_Main,squad,2026-01-27T07:30:17Z,2,0,1,169.56369,byplayer,0,1,77,0,0,0.0,ZZIN_Korr,account.148ca1cf874d484e81e7fc72729e1be9,0,0.0,0,0.0,0,330,0,515.5269,6,20
787f7c94-3551-4c1e-ad11-c62b57fa79d9,Savage_Main,squad,2026-01-27T07:30:17Z,3,1,2,357.62827,byplayer,1,3,5,2,4,81.60707,s_umo,account.ca29300f8da74b1f9b9a1b4b1a0a6d94,5,499.50443,0,0.0,0,1272,0,4947.179,9,4
787f7c94-3551-4c1e-ad11-c62b57fa79d9,Savage_Main,squad,2026-01-27T07:30:17Z,5,0,8,987.82965,byplayer,1,3,2,2,7,165.54459,Grove_to_Alright,account.8625c6c07c834f929d8d3bc14e3b86c7,0,0.0,0,0.0,0,1228,0,2726.929,15,5
787f7c94-3551-4c1e-ad11-c62b57fa79d9,Savage_Main,squad,2026-01-27T07:30:17Z,0,0,0,0.0,byplayer,0,0,80,0,0,0.0,HF_TGX_KOREA,account.eeb06cafe7474ef19c57ef501172bfb7,0,0.0,0,0.0,0,184,0,305.0522,4,20
787f7c94-3551-4c1e-ad11-c62b57fa79d9,Savage_Main,squad,2026-01-27T07:30:17Z,0,0,0,0.0,byplayer,0,0,78,0,0,0.0,minsu0011,account.626e0377e77045338dbc0531b28ecfed,0,0.0,0,0.0,0,243,0,587.9609,4,20
787f7c94-3551-4c1e-ad11-c62b57fa79d9,Savage_Main,squad,2026-01-27T07:30:17Z,1,0,0,164.43407,byplayer,1,0,48,1,1,6.7746997,NAN_-M249,account.7d68b56c96b348199c3322ce4d44536c,0,0.0,0,0.0,0,129,0,225.24217,3,28
787f7c94-3551-4c1e-ad11-c62b57fa79d9,Savage_Main,squad,2026-01-27T07:30:17Z,1,0,4,230.42,byplayer,0,2,17,1,2,79.53926,New_SseulgiGod,account.34a3bd93f7564e78a976495ae613d1c2,0,0.0,0,0.0,0,611,0,1929.4022,6,9
787f7c94-3551-4c1e-ad11-c62b57fa79d9,Savage_Main,squad,2026-01-27T07:30:17Z,0,0,5,394.08463,byplayer,0,3,12,1,2,33.677967,TOP_SWEET,account.3d721eed0a3f4e57badecaf2f62410d0,0,0.0,0,0.0,0,1418,0,4209.854,23,2
787f7c94-3551-4c1e-ad11-c62b57fa79d9,Savage_Main,squad,2026-01-27T07:30:17Z,0,0,4,0.0,byzone,0,0,59,0,0,0.0,www642,account.8d928f0b37a14c72ba6955b3b7835fff,0,0.0,0,0.0,0,1022,0,3942.8164,8,6
787f7c94-3551-4c1e-ad11-c62b57fa79d9,Savage_Main,squad,2026-01-27T07:30:17Z,0,0,3,150.67569,byplayer,0,0,56,0,0,0.0,TM-RIM,account.96185e8fdc974edcb0e1c0d476bcba00,0,0.0,0,0.0,0,1120,0,4721.1226,9,6
787f7c94-3551-4c1e-ad11-c62b57fa79d9,Savage_Main,squad,2026-01-27T07:30:17Z,0,0,0,0.0,byplayer,0,0,92,0,0,0.0,jmt_1017,account.0f77d01ecf074443991d448767a49658,0,0.0,0,0.0,0,157,0,277.71597,5,24
787f7c94-3551-4c1e-ad11-c62b57fa79d9,Savage_Main,squad,2026-01-27T07:30:17Z,2,0,5,273.9476,byplayer,0,0,25,1,1,10.538361,pooksin_,account.d96921fb0fd14f1ab6070dd10cff2356,0,0.0,0,0.0,0,1228,0,3348.508,8,5
787f7c94-3551-4c1e-ad11-c62b57fa79d9,Savage_Main,squad,2026-01-27T07:30:17Z,7,2,2,800.5358,byplayer,0,4,9,3,4,24.051315,DDUCK-__-,account.0e7f6df5864a428dacc593832e3868e3,0,0.0,0,0.0,0,382,0,742.66705,5,16
787f7c94-3551-4c1e-ad11-c62b57fa79d9,Savage_Main,squad,2026-01-27T07:30:17Z,0,0,0,0.0,byplayer,0,0,70,0,0,0.0,qkrgyqls00,account.da76478ccd2048b4b824f7e705daa031,0,0.0,0,0.0,0,383,0,1082.0447,4,17
787f7c94-3551-4c1e-ad11-c62b57fa79d9,Savage_Main,squad,2026-01-27T07:30:17Z,1,0,1,100.00001,byplayer,1,0,47,1,1,14.464089,Omyun-Sara,account.95132a3c4785478080ff13ff9e4ab3bb,0,0.0,0,0.0,0,169,0,207.46843,3,26
787f7c94-3551-4c1e-ad11-c62b57fa79d9,Savage_Main,squad,2026-01-27T07:30:17Z,0,0,1,184.415,byplayer,0,2,38,1,1,39.059296,qoop_S2,account.40611c13e311474e84797cbf9dc213c3,0,0.0,0,0.0,0,375,0,663.4471,7,16
787f7c94-3551-4c1e-ad11-c62b57fa79d9,Savage_Main,squad,2026-01-27T07:30:17Z,0,0,0,152.45999,byplayer,0,1,74,0,0,0.0,DDUHWAN-E,account.e4c3511e57514d728e9bbcd3441c53ad,0,0.0,0,0.0,0,341,0,845.41473,2,19
787f7c94-3551-4c1e-ad11-c62b57fa79d9,Savage_Main,squad,2026-01-27T07:30:17Z,0,1,8,45.472496,byplayer,0,3,55,0,0,0.0,KR__DOREMIFA,account.feb8b0ad05014f8884313cfc0b7c3416,0,1235.8639,0,0.0,0,1359,0,4202.703,12,3
787f7c94-3551-4c1e-ad11-c62b57fa79d9,Savage_Main,squad,2026-01-27T07:30:17Z,0,0,0,0.0,byplayer,0,2,60,0,0,0.0,JINI--__--,account.654b58d229fe4b4eaee1664bfa0b92cc,0,0.0,0,0.0,0,305,0,362.9321,4,9
9a4c7ac3-5a83-44e0-9392-c846ffc99412,Desert_Main,duo,2026-01-27T07:30:10Z,0,0,0,0.0,byplayer,0,0,96,0,0,0.0,koreamma1,account.965086d446e348068c50f03c106d3b9c,0,0.0,0,0.0,0,209,0,470.43875,6,48
9a4c7ac3-5a83-44e0-9392-c846ffc99412,Desert_Main,duo,2026-01-27T07:30:10Z,1,0,2,232.73447,byplayer,0,0,10,1,2,6.331894,cccc41122,account.4b7e1f5682e44b98962deca64f227544,0,5614.6187,0,0.0,0,1308,0,2578.0298,5,3
9a4c7ac3-5a83-44e0-9392-c846ffc99412,Desert_Main,duo,2026-01-27T07:30:10Z,1,1,8,255.94908,byplayer,1,3,8,1,2,68.05527,banana3853,account.40cfddf28c89478a9b9ebdfe544a0668,1,6472.889,0,0.0,0,1561,0,2495.4194,7,2
9a4c7ac3-5a83-44e0-9392-c846ffc99412,Desert_Main,duo,2026-01-27T07:30:10Z,0,0,0,90.0,byplayer,0,0,101,0,0,0.0,Yashin97,account.71aaa542d38743a089639448091687cc,0,0.0,0,0.0,0,89,0,59.22911,1,50
9a4c7ac3-5a83-44e0-9392-c846ffc99412,Desert_Main,duo,2026-01-27T07:30:10Z,1,0,4,81.327614,byplayer,0,1,23,1,1,289.5367,VESPARK_,account.e5ac5ffd6ba349afa3440f0561d6d923,0,6461.473,0,0.0,0,1459,0,2455.2375,8,2
9a4c7ac3-5a83-44e0-9392-c846ffc99412,Desert_Main,duo,2026-01-27T07:30:10Z,3,0,6,1219.966,alive,4,1,1,2,11,199.82036,green0408,account.0eeb60d380cb4acf9900966a7e7d7c5a,0,1346.6694,0,0.0,0,1564,0,3639.7556,7,1
9a4c7ac3-5a83-44e0-9392-c846ffc99412,Desert_Main,duo,2026-01-27T07:30:10Z,2,0,5,280.01147,byzone,0,8,3,2,4,204.4683,duwndlgusdn,account.59fc4026e5f34d228b76746a0c00438e,1,6601.9595,0,0.0,0,1359,0,3625.0876,9,4
9a4c7ac3-5a83-44e0-9392-c846ffc99412,Desert_Main,duo,2026-01-27T07:30:10Z,2,0,4,439.20114,byplayer,1,2,4,2,4,107.24251,Ch00nsik_Ryan,account.3c58111f956a459294f109156e72e2c1,0,5779.535,0,0.0,0,1314,0,2460.3997,8,5
9a4c7ac3-5a83-44e0-9392-c846ffc99412,Desert_Main,duo,2026-01-27T07:30:10Z,0,0,0,0.0,byplayer,0,0,38,0,0,0.0,blue_buldak,account.2121614126384b36b0f1cabda6becfad,0,2718.8618,0,0.0,0,1195,0,1735.107,4,7
9a4c7ac3-5a83-44e0-9392-c846ffc99412,Desert_Main,duo,2026-01-27T07:30:10Z,0,0,4,285.20142,byplayer,1,1,9,1,2,84.08598,GalidaCor,account.8560d5da17b240c19dea0421ef30276a,0,8139.5522,0,0.0,0,1474,0,2368.6865,11,3
9a4c7ac3-5a83-44e0-9392-c846ffc99412,Desert_Main,duo,2026-01-27T07:30:10Z,0,0,0,0.0,byplayer,0,0,100,0,0,0.0,NSstars,account.9583ab86be3047b18acfe0eeb5507d07,0,0.0,0,0.0,0,89,0,59.134064,1,50
9a4c7ac3-5a83-44e0-9392-c846ffc99412,Desert_Main,duo,2026-01-27T07:30:10Z,3,0,10,624.8949,alive,1,1,2,1,5,210.38918,horang-_e,account.98c702613bdd4aeb8529ae5ba458e9a4,0,2759.505,0,0.0,0,1564,1,3465.7893,19,1
9a4c7ac3-5a83-44e0-9392-c846ffc99412,Desert_Main,duo,2026-01-27T07:30:10Z,1,0,0,100.0,byplayer,0,0,97,0,0,0.0,lilboi99,account.4c7cbfad982d4d28bdf07430ae5ab274,0,0.0,0,0.0,0,192,0,244.00761,4,48
9a4c7ac3-5a83-44e0-9392-c846ffc99412,Desert_Main,duo,2026-01-27T07:30:10Z,1,0,1,228.43372,byplayer,0,0,6,2,3,128.88194,burgundy_buldak,account.1374eec9496d47f3b2fdd398f1637e07,0,2720.7039,0,0.0,0,1240,0,2599.787,7,7
9a4c7ac3-5a83-44e0-9392-c846ffc99412,Desert_Main,duo,2026-01-27T07:30:10Z,3,2,6,217.74243,byzone,0,7,24,1,1,132.209,ayomiya_98,account.6c8f55088d6a4e0db0777b9080ea3606,0,6701.952,0,0.0,0,1336,0,3098.4004,11,4
0d8e5d95-afe8-4fd0-9edf-c782a78823c1,Chimera_Main,squad,2026-01-27T07:37:44Z,4,0,4,540.7289,byplayer,4,1,2,3,7,145.31337,sinjukuking,account.1cd42e290dcd47c489192732c9cc6979,0,0.0,0,0.0,0,1250,0,3823.2517,6,2
0d8e5d95-afe8-4fd0-9edf-c782a78823c1,Chimera_Main,squad,2026-01-27T07:37:44Z,1,1,3,99.57571,alive,1,1,15,1,1,94.25189,v030b,account.09c2f9adc1454ecc8a95d98d8be2b367,0,0.0,0,0.0,0,1253,0,3476.025,11,1
0d8e5d95-afe8-4fd0-9edf-c782a78823c1,Chimera_Main,squad,2026-01-27T07:37:44Z,0,0,0,0.0,byplayer,0,0,57,0,0,0.0,qmffnqkefqlc,account.97ff609ddefc403c998c3d1c29400787,0,0.0,0,0.0,0,483,0,2317.2327,4,14
0d8e5d95-afe8-4fd0-9edf-c782a78823c1,Chimera_Main,squad,2026-01-27T07:37:44Z,1,0,0,179.93295,byplayer,0,0,22,1,1,2.1233842,MINJI_106,account.2402eaa8567c45ea907f82f7ebeb35f0,0,0.0,0,0.0,0,647,0,1968.7289,5,13
0d8e5d95-afe8-4fd0-9edf-c782a78823c1,Chimera_Main,squad,2026-01-27T07:37:44Z,1,0,7,267.32376,byplayer,1,8,3,1,3,15.190188,phoenix-pjh,account.7c2f40e8f2f941288d580fc2173c95e9,0,0.0,0,0.0,0,1167,0,3187.4062,11,3
0d8e5d95-afe8-4fd0-9edf-c782a78823c1,Chimera_Main,squad,2026-01-27T07:37:44Z,5,1,8,934.6811,alive,3,6,1,2,9,141.5362,cocaine_lover123,account.9060406ce27e46dcb61eda38f2b53142,0,2.3659756,0,0.0,0,1253,0,2858.578,8,1
0d8e5d95-afe8-4fd0-9edf-c782a78823c1,Chimera_Main,squad,2026-01-27T07:37:44Z,1,0,0,146.2,byplayer,1,0,24,1,1,34.25638,dlstjdqhth,account.321f40d09c164b1499ca1167d35e8c00,0,0.0,0,0.0,0,492,0,2018.4186,4,14
bcb6eaac-42ee-4678-a4bf-f239e8d66e23,Tutorial_Main,solo,2026-01-27T07:57:40Z,0,0,0,0.0,logout,0,0,1,0,0,0.0,Logan_0927,account.18a92cb1dbae490a8f9871b987043381,0,0.0,0,0.0,0,161,0,10.306934,0,1
