createdAt,name,playerId,currentRankPoint
2026-02-11T09:53:28Z,HongSam-,account.a07411051de94274ba021acc7e258463,0
2026-02-11T09:53:28Z,kook008ljo,account.b1760adb2b4e478db3749ba78090dd0d,0
2026-02-11T09:53:28Z,tapang0129,account.46264a1645cb43ac89f212edf1f2c474,0
2026-02-11T09:53:28Z,gkendgh,account.e5a23ed7f1284d87ba76ac596aeeaa9f,0
2026-02-11T09:53:28Z,lg_bl,account.4bdaa63ca44541adb4d1ae6a9478e262,0
2026-02-11T09:53:28Z,Ares_captain,account.4e1f9c13e9f945b2b37e5a9ece3a8785,0
2026-02-11T09:53:28Z,baebaemin,account.280ba9854f2c4143b79800303ffaa7c3,0
2026-02-11T09:53:28Z,hyobeen_,account.a9f76a3a9f254eed9d2f6a3bb43dcea0,0
2026-02-11T09:53:28Z,jsepsh_0,account.0b623caf456b4233a0f6b5b27bb03401,0
2026-02-11T09:53:28Z,tkdska14,account.284a8f83474f4cf1926aa36d0ad1a23a,0
2026-02-11T09:53:28Z,Benz_0054,account.0812a259407847969a964675034484a5,0
2026-02-11T09:53:28Z,Notaison6974,account.beff6afc46eb4ae281886da2cfa5ec0c,0
2026-02-11T09:53:28Z,hyunb_E,account.b0442c60c7984e54a65cb1aae8ab2327,0
2026-02-11T09:53:28Z,KorPark-,account.8fc601d9ca414b0c98e673082456c863,0
2026-02-11T09:49:17Z,giyomi2_,account.d86f76192d7a459a8f1867087e331da8,0
2026-02-11T09:49:17Z,nandemonaiya,account.e252caf948584dd38bf08d9897c765d3,1666
2026-02-11T09:49:17Z,NXXGOO-__-,account.9eef14c155504ff79d9ef8f1ac522483,0
2026-02-11T09:49:17Z,Av_S1Bala,account.1cca22224e6341619e236061e5f8f09f,0
2026-02-11T09:49:17Z,1st_hs00,account.b7d5e82a952c439eba7d9f4bb424d30f,2213
2026-02-11T09:49:17Z,dlwlsdl1997,account.f88ed919393c415fbc4d7e38a24bf728,0
2026-02-11T09:49:17Z,pp_ko0,account.dd29bc4c092c4974a277a63388981625,0
2026-02-11T09:49:17Z,Hangosin,account.6b6fdff35d8849dd80d88d103c2b2879,0
2026-02-11T09:49:17Z,ggg000000,account.44d3450e15cf4c6396e7a129800cedaa,0
2026-02-11T09:49:17Z,Dori_5Club,account.1743fbc593ba4de68a25a0c80cccd0c8,2086
2026-02-11T09:49:17Z,sillyghost,account.773ee16a47404bc8ac5e5cfe0017593f,0
2026-02-11T09:49:17Z,honeyD_Y,account.9180a51c3a5e43a1af893f223fb04e23,0
2026-02-11T09:49:17Z,emong_jingoo,account.48bc3441252f437ab64f3bb14901bcf0,0
2026-02-11T09:49:17Z,SHADOW-LOGKI,account.3dac1baaab014387b4cb0967b08bc900,0
2026-02-11T09:49:17Z,InBark_,account.696db4fd99bb4fb3901c4ab2d04582ec,0
2026-02-11T09:49:17Z,NT_wxnjxn94,account.45c16e0e7bdc4f4fae0b302bdae55889,2288
2026-02-11T09:49:17Z,xxxxJinxkxxxx,account.d7765461d32346108dba1bc5738f717e,0
2026-02-11T09:49:17Z,GGeonYoug,account.e1bdd73c28ae4dcabd2dfef96dbd1cb9,0
2026-02-11T09:49:17Z,CB_KONG,account.0233aa0f575d4c38be1c0ffd61ced0c9,0
2026-02-11T09:49:17Z,SNK_SONG,account.e5cf7c3a78ed4ef98427c8b56b19d7b3,0
2026-02-11T09:49:17Z,Gugl_-,account.a51b19831e85477c8771433edc6a330a,0
2026-02-11T09:49:17Z,MAS0917,account.251b449f850e470b9b92552aa20e6535,0
2026-02-11T09:49:17Z,T_Moo0,account.3bfe8b79bb8147a3b79358b172722813,0
2026-02-11T09:49:17Z,rkdalsrl23,account.eed3677e67dc49f8915a896a700fbdd4,0
2026-02-11T09:49:17Z,aaappsd,account.382bb94359c34710b700cabd2ad35a62,1077
2026-02-11T09:49:17Z,Teddy__S2,account.42e43a4dc4534ab59e21087f8f0db377,0
2026-02-11T09:49:17Z,PPPPOOS,account.3e6f6a7ad4a24c52af96b8bb90fd1290,0
2026-02-11T09:49:17Z,GAON1994,account.9f774418e2224ea888395afddcb1bdb6,0
2026-02-11T09:49:17Z,sonamuS,account.512ffba4768449ed821fe83054c178f0,0
2026-02-11T09:49:17Z,muunsukjong,account.109645d7e6904f919af4195a2f450984,0
2026-02-11T09:49:17Z,NAMSEVEN,account.cbd7fcde757746588f9ce85eb33965f3,0
2026-02-11T09:49:17Z,mypey,account.f3a33fe976de49659081a0d4ec6005a4,0
2026-02-11T09:49:17Z,T_Center,account.33828838225c4ffcb7663b57f419eb9d,2023
2026-02-11T09:49:17Z,1st_Nokattack,account.2f3af62e475e4481944a2ada5e61b04d,0
2026-02-11T09:49:17Z,sannam_gest,account.bd365554882a474fa7c8cdabb77c1cdf,0
2026-02-11T09:49:17Z,yue_guang18,account.00e87b1ff3bc4138affd849328059f84,0
2026-02-11T09:49:17Z,GZ_LeeC,account.bbafac46308b49ba83996b439c0c93cd,2017
2026-02-11T09:49:17Z,SOONDAE__b,account.7c541d73c44748bbbb7804fc681d264d,0
2026-02-11T09:49:17Z,Evil_Danpung,account.9237813ab8ae478b91bf508a4cdfa597,0
2026-02-11T09:49:17Z,user000234,account.39b2b3200fef41f6b5392eaafb5d4b51,0
2026-02-11T09:49:17Z,gustjr-_-,account.0abe8cac08aa4b27abb8027f963d15e2,1813
2026-02-11T09:49:17Z,GIYOMI_3,account.fa4a25a4ec0f4030acb993989b107372,0
2026-02-11T09:49:17Z,95_yongmin,account.51138b44779e4051a5ccdcd5501078f5,0
2026-02-11T09:49:17Z,Give_me_plz,account.3b9898f73af14223869926ee7c1aecad,2092
2026-02-11T09:49:17Z,OrOiOn,account.4fb75ca2d0cc4af2ab9756ef49f4b8c8,0
2026-02-11T09:49:17Z,D4_manggo,account.e544db5e3f4d455686b51695347bc755,2264
2026-02-11T09:49:17Z,9_Pen_guin_9,account.f05d8de67ebe42aea87c19b3dd7748e0,0
2026-02-11T09:49:17Z,sungeunJJang,account.66cb3c60e1d545dc988b7ee2fd824621,0
2026-02-11T09:49:17Z,KMSWJS,account.f9cb3360796a42178bab583f2724713b,0
2026-02-11T09:49:17Z,kweon1206,account.b42602037d2e4869aa8c5b1e24b241d2,0
2026-02-11T09:49:17Z,BCcow21,account.25aea0c2669a41b396a69c98d092173c,0
2026-02-11T09:49:17Z,buena0621,account.3301bb68dd4e40e6b21c5268663c1e14,0
2026-02-11T09:49:17Z,wobfs,account.086ae673148c40f49cf68473fbd44da5,879
2026-02-11T09:49:17Z,KKVV8391,account.f3e80f1af6c14d2db0b1919dd0674d54,0
2026-02-11T09:49:17Z,JJaJangbeom_Bok_,account.dc42ca8369144281adbf16026cd72ade,0
2026-02-11T09:49:17Z,01079132702,account.a1e63584ec304d80885a70fe36b771e2,0
2026-02-11T09:49:17Z,PFe_00,account.ecaacbd4f3174ff5bad41079d7736eff,0
2026-02-11T09:49:17Z,rlfwnsdud,account.a1d1aa15fd644606a3aa75ae3634608f,0
2026-02-11T09:49:17Z,G2Y_BING,account.c0fbe8bc08d0448ca300f968d6a068f0,0
2026-02-11T09:49:17Z,NAVI99,account.72ba1ecb3b494876a0d173290e7d1435,0
2026-02-11T09:49:17Z,Horyu0909,account.edd4eb45a9a94495949d4c0515ab9201,0
2026-02-11T09:49:17Z,BANG_JIU-JITSU,account.d7a4cc9962044421aa60f9014ba87c74,0
2026-02-11T09:49:17Z,Shy7Boy,account.b7d67913b2c84ef197691bd800bcfa64,0
2026-02-11T09:49:17Z,JoJaeBong,account.30fc10005df246fb8a2ebd4844768846,0
2026-02-11T09:49:17Z,uo_ou11,account.cbb36cb1770648d8a34ca3ec9b8876f0,0
2026-02-11T09:49:17Z,ChilChil_,account.dbdaf934695a437580fbc2919a3f67a1,0
2026-02-11T09:49:17Z,MazzingaZ_-,account.68011c395b894c7aa0f47b30c8900ad7,0
2026-02-11T09:49:17Z,Joo_cg132,account.362415e9b21748b9b5583456a15063cf,0
2026-02-11T09:49:17Z,NT_HYEUK,account.17541237142e4e3fb4b2cb3ac86a59b2,2270
2026-02-11T09:49:17Z,Eum-Yummy,account.d0af4bdeb1d34a5e9b6cc24101fb5bfa,0
2026-02-11T09:49:17Z,saxmaxtar,account.39cdeba2e88e44a2b3e212cac33af369,1772
2026-02-11T09:49:17Z,CHUN_SIX_MOM_gak,account.8e9d0c5ce71d4980a666a272a2cc1a09,0
2026-02-11T09:49:17Z,Xiaopighao,account.7aff0670b0374d489cca610ed135aa81,0
2026-02-11T09:49:17Z,WOLGOKHWARANG,account.dbc7fdd8f7124c47827479b41a6ac458,0
2026-02-11T09:49:17Z,KIKI_B0SS,account.cfd289cb5c23451f89e47e02864a94c1,0
2026-02-11T09:49:17Z,GHOST__HYUK,account.2218b24af12346539dc28a8e22d44339,0
2026-02-11T09:49:17Z,SNK_GON,account.8a9c39d06426403db730b9277d78ff69,0
2026-02-11T09:49:17Z,wwwsj-_-,account.0d52bbe8360a4990b6a27f79e2b6c270,714
2026-02-11T09:49:17Z,Av_Siba,account.b787136e7b0145ef884e7e371a235a48,0
2026-02-11T09:49:17Z,bbibbi-is-cat,account.f62e6dc4559c4dc7a7ea42a97c3ace66,0
2026-02-11T09:49:17Z,you__jun_,account.d642d85ea7344249866ae7570567a244,0
2026-02-11T09:49:17Z,dksgurcks01,account.25795dc7845d40ce83ec818b4f7e2c47,1064
2026-02-11T09:49:17Z,K2C1_2084053,account.49078547a66041b8b5891a514bec2dd2,0
2026-02-11T09:49:17Z,Av_tara,account.00638977de3b47e3984dec9ee56ec6fd,0
2026-02-11T09:49:17Z,msss11,account.2a570de786084e659f6ff43241a2c591,0
2026-02-11T09:11:01Z,HID_GONI,account.c2472e78f4404b0c964e3b6caa8a4dd2,2207
2026-02-11T09:11:01Z,AR_arrrr,account.77d54d81088b4b91aa26a39747ec4c1f,2492
2026-02-11T09:11:01Z,CutyCHUU,account.33b22a2050024aeeb618f6d555b13feb,2262
2026-02-11T09:11:01Z,yoonagain-_-,account.d2625d670f1c4f9fbfbc3d29696b2916,2453
2026-02-11T09:11:01Z,TBAR_zZzZ,account.d7ec05eb7ba24704b1f826ad308fda47,2120
2026-02-11T09:11:01Z,TBAR_Ssabar,account.d88e1fe70379453b8c0d4b9186429a0b,1902
2026-02-11T09:11:01Z,BanYeo_,account.c02e44214ef045179ba9f8846f43376f,2173
2026-02-11T09:11:01Z,PVP-Kraken,account.639b5ab30b3f49178bdb39a944f346cd,2077
2026-02-11T09:11:01Z,dprpsskaekwnrdj,account.627b852ec196451b918e55f0cee3289b,2717
2026-02-11T09:11:01Z,H0LD_-,account.cef00d66534f4943aa22f24657b53f17,1753
2026-02-11T09:11:01Z,SIC_H,account.de6ede4514514e8098565038c957a922,2273
2026-02-11T09:11:01Z,TBAR_Troll,account.1985c408ae65402f9dcdaf3e487d3b52,1907
2026-02-11T09:11:01Z,INX_Technologia,account.c778135b7b70449daec712cb914acfaa,1898
2026-02-11T09:11:01Z,Cuty_CHAEYOUNG,account.d4eca90823a7453bab81aa8b891c9fa2,2050
2026-02-11T09:11:01Z,SIC_GD,account.1cff992bc14b46b5b2b57642e3082b54,2381
2026-02-11T09:11:01Z,MeGa_PeAce,account.cd86dea1fdd14cd785e6cf4fa777f17d,2068
2026-02-11T09:11:01Z,jaejaeEya,account.9aab2e129df042cb893fd8a9c127794e,2126
2026-02-11T09:11:01Z,mmnm1234,account.a5c24264595a4078b6adbd123c31dce2,1988
2026-02-11T09:11:01Z,dkdrlahdxkr77,account.7dd36ab3c38a4d5e913ae5dc33ec593a,1671
2026-02-11T09:11:01Z,Squirting_-,account.c728ed71a5124ed58aec8748bde34bd2,2201
2026-02-11T09:11:01Z,CutyYuJimin,account.cd12bd213d71478dbe2d229775884c64,2246
2026-02-11T09:11:01Z,SIC_NU,account.15464d5ee38849308b5eeeae365115c2,2794
2026-02-11T09:11:01Z,KawaiPark,account.2adfa8639bc54efe803ad56b2eccd891,2310
2026-02-11T09:11:01Z,INX_CXXN,account.fee44509ca354156b1e9a715a49012be,2112
2026-02-11T09:11:01Z,MEV_Globin,account.b62c4703156246048f0d27309d6f53cf,2002
2026-02-11T09:11:01Z,GPROX2U,account.10f5ea65be4945c58990d3a01ab1ffc1,1815
2026-02-11T09:11:01Z,FUKATA_SO,account.c01b2077aa2d44f0aae729de96cca71d,2104
2026-02-11T09:11:01Z,GwangjuTank_-,account.c82f0412a8474842bba6056e3f6e0252,2016
2026-02-11T09:11:01Z,Drug_Dope,account.2cf3765cf0c9460a88e553bbc9893c9c,2450
2026-02-11T09:11:01Z,TVdouyu287923,account.c0bd860e212f42ef996ff0021ed2b10c,2292
2026-02-11T09:11:01Z,HYOBIN____,account.e9cb75877c2c45fb8bce87ccb33df936,1954
2026-02-11T09:11:01Z,SIC_7xMRoad,account.dfdadd7b47624290b134e179979f3860,2487
2026-02-11T08:44:47Z,Hwowon2,account.c7be48dfc4e74702836d924ac84da31f,2043
2026-02-11T08:44:47Z,GEON_HEEEEEEEE,account.807e88029c934aae985abe80703214a6,2069
2026-02-11T08:44:47Z,Tiki_Umapyoi,account.ae8c45044c944a0c8d21d9a5a3523072,1897
2026-02-11T08:44:47Z,Sosa7ro,account.79c0edbee8b2441d8755ceb32851c83c,2017
2026-02-11T08:44:47Z,YOU_EMI_DIE,account.86ca80e37ba943e2a6d03bca7d0a0fe0,2067
2026-02-11T08:44:47Z,teto_bin,account.b31639e90776448ba80d8e0b9837cdbb,2122
2026-02-11T08:44:47Z,KDA_Psal,account.04ceec8ab2b64514b6f46a81f9df02d2,2143
2026-02-11T08:44:47Z,qpflfvlffy,account.7b5cbfc6043846d3a44703e5f387d3e7,3146
2026-02-11T08:44:47Z,th_05,account.ec579b1959cf4c68a9a26e8da81d11ad,2077
2026-02-11T08:44:47Z,JINJJARO-_-,account.cbf4f98c53724c1cba8a3aa8ca841533,2088
2026-02-11T08:44:47Z,csc_58828926969,account.ffb0bac05191454db233f32a243866e7,1751
2026-02-11T08:44:47Z,HeHe_Ohzumbalsa,account.71adf0a89794454481a585dafec69996,1860
2026-02-11T08:44:47Z,ORMA0622,account.5a7cd2bd912b451ea5d86abdcb5fbb01,2036
2026-02-11T08:44:47Z,YSL-_UB,account.ac0deae8eeda4368b90c9262e2e8fb66,2246
2026-02-11T08:44:47Z,Ez_Gxngu,account.b72116415eb04fba9b0101431796057e,2590
2026-02-11T08:44:47Z,YSL-_5NAMI,account.18b2c4e6590d4157a0eade0432738e4c,2389
2026-02-11T08:44:47Z,Ez_Hulk,account.cdc3bf60e1094a229e4261516c8d7683,2608
2026-02-11T08:44:47Z,rlaxofl1,account.70944ab2bd87478f89e5a7ee71f0220f,1966
2026-02-11T08:44:47Z,HeavyPing,account.65eaaeadafb34a4c8d2d18d212ef9f75,2083
2026-02-11T08:44:47Z,BXXXXDX,account.a380b1226db145318301aefe260d424c,1900
2026-02-11T08:44:47Z,5G9xxG29,account.6953d4435e674a4d83c7bde18d0c0d27,2200
2026-02-11T08:44:47Z,DouceDouce,account.7ae1b8c7d667416ba8d1aed163807522,0
2026-02-11T08:44:47Z,YSL-_Sia,account.0c870c3a028d480ab31866e3cb7dffeb,2398
2026-02-11T08:44:47Z,castle_ll,account.177c5aee67b043ff8b5965b97a4cb32e,1539
2026-02-11T08:44:47Z,Ro_Naga,account.d0afaada2840490883d0505e0c80910f,2086
2026-02-11T08:44:47Z,Yeti_zzang,account.c92da62609ea44528081e8f338cf816f,1541
2026-02-11T08:44:47Z,POL_GU,account.8ae667ee5f714d449e484ee0f7225e3c,2054
2026-02-11T08:44:47Z,blackjjindda4,account.f5ec4b3a555a47888f462a4490af7bd7,2245
2026-02-11T08:44:47Z,Bro_-youjinLove,account.e6538fb94f0e4306b2d7b6d3f9df9897,2485
2026-02-11T08:44:47Z,DIC_Dhoon,account.6268d86a47f74f4880e01a44d191a43f,2353
2026-02-11T08:44:47Z,GEON-JOOOOOOO,account.ebbb87b7fe154ce0a5c842fe88fbb2ee,1943
2026-02-11T07:54:54Z,Pizzamukgosipdaa,account.51cff50b5e8741fd9fb08932e61ec614,2224
2026-02-11T07:54:54Z,13771048,account.2202d51e9930454d9ca99bdcffbb359d,2201
2026-02-11T07:54:54Z,pink_jin_gu,account.6c631f28664b43cc8209361323d9497d,1803
2026-02-11T07:54:54Z,niM2_ddaraga,account.58a7ad6165944ac285a68db2e4488514,2415
2026-02-11T07:54:54Z,DDG_GurI,account.0961f59814dc42649a584246abae1762,2048
2026-02-11T07:54:54Z,ITW_Ruru,account.7fd1658a69d54fd28bb03f0ec9bb030c,2099
2026-02-11T07:54:54Z,AgentChang_,account.4e4f34015f654ef5be8adc71242d8e71,1903
2026-02-11T07:54:54Z,Godmin_00,account.cd3ba52a6bd24485b73f3067ba41d211,2254
2026-02-11T07:54:54Z,ghswhaskffo,account.dca4d5cebeb142ed9dd5ad9636fdee76,2781
2026-02-11T07:54:54Z,miniwale1,account.2125e4d1e82f476cbc0d854f236041e8,2013
2026-02-11T07:54:54Z,mylifeiswets,account.6e1d2e7c6f324a92a576315c996916bb,1603
2026-02-11T07:54:54Z,Hwan2ttuk,account.1659df897747414099e4b7bf260fb7b8,2201
2026-02-11T07:54:54Z,Okely_,account.7ce7f12364b642b89f3c80be8d994391,2288
2026-02-11T07:54:54Z,HDH_ACE,account.d38ebe4c1ef249d88c80359ff87d1920,2373
2026-02-11T07:54:54Z,Gwangyangboy,account.cae54d40eafa4babab15fe5e0004e7a3,2338
2026-02-11T07:54:54Z,tM_Hansel,account.fd02d2d438d54cdaae2035332d58af72,2304
2026-02-11T07:54:54Z,DIC_go_urrr,account.383affe1df4c4430b29f1c0bdf5512a1,1839
2026-02-11T07:54:54Z,dkrkflanrsua,account.1e3990aa41bc4b659a2b62cc6e02143d,2330
2026-02-11T07:54:54Z,ITW_Rosy,account.ee658f76a22a42b9adae8fd57ab1ecdf,1977
2026-02-11T07:54:54Z,Gen_z_,account.1dda08233f554f62b5fb294db8d01ea2,2313
2026-02-11T07:54:54Z,Givemesmokebomb,account.7f2aa0d0917d42439963f3a95b44c346,3385
2026-02-11T07:54:54Z,ABCBAL123456,account.2fb17db0a9f64993b441c7818f796176,1342
2026-02-11T07:54:54Z,FM_SUB,account.ad16f038673f45ce891abbf03f41e08b,2751
2026-02-11T07:54:54Z,AkaneToc-,account.0cea8b5b8c6143a7a6d3729340eb6fa2,2715
2026-02-11T07:54:54Z,bulregi,account.8f9e1cfdfb1a41be9adfdd63a283f525,2089
2026-02-11T07:42:49Z,PRFFFFFFFFFFFFFF,account.98abaafbbdec42a48c00307c0584dfb8,3460
2026-02-11T07:42:49Z,Yeong_hee_S2,account.b20d457278c242dabd6cbfb9f33894c7,2094
2026-02-11T07:42:49Z,algPqkqh,account.ed7ef65e10124d559c27e3a17656bb7f,2083
2026-02-11T07:42:49Z,DL_Psych_o,account.a504ad54c148484c9600c5a66f194da7,1880
2026-02-11T07:42:49Z,destinydanger,account.ec040cd9237a40e79c2579def8937cd4,2082
2026-02-11T07:42:49Z,3ZJT,account.7835597a69ff4be38cfacba2fc931582,2696
2026-02-11T07:42:49Z,BGT_Namaste,account.0a609bfd074344d483b0fdcc9b635c35,2155
2026-02-11T07:42:49Z,VeenX__-,account.919b954b04894d248ad9462e3a148d80,2952
2026-02-11T07:42:49Z,SeHyxN_,account.f0c3ea7fc055473495c4a0e8f6e1450d,1856
2026-02-11T07:42:49Z,Yeongbbak_99,account.afbb586a489b422aadbd849fe04907dc,2219
2026-02-11T07:42:49Z,sdwdsdz,account.db08567b799c417bbaacb349dbe8750d,2420
2026-02-11T07:42:49Z,Creamnoodlesoup,account.1cf4fbd731984545be0f3a35f7bb2273,2278
2026-02-11T07:42:49Z,Zoe_Pepsi,account.a42e7860902e4e3ab44056e143e4094d,1847
2026-02-11T07:42:49Z,BaBoOnDel,account.57634df6830f4aa4a46ddb2f4612c718,1927
2026-02-11T07:42:49Z,Mm_kim01,account.e5a57b87b7e944498aa4ff92797f405d,2038
2026-02-11T07:42:49Z,Zoe_hoon2,account.c85e7b4dd18b4d7f9a622db653db083c,2078
2026-02-11T07:42:49Z,DES_CHAEN2,account.c24d07ad36c94e72a490caf018de550a,1890
2026-02-11T07:42:49Z,rlatofhrtofhr,account.8630af6e447741aea1fd8029d831b61e,2359
2026-02-11T07:42:49Z,h-hnnn,account.a8544a4d229c41088051f07a709351a1,1950
2026-02-11T07:42:49Z,wkfrkqudtlsdk,account.e93134b3c8004b728e8d7f56d697ae07,1558
2026-02-11T07:42:49Z,Master_Eco,account.88e8c55b1df14195a4cbf2a9a4419929,2063
2026-02-11T07:42:49Z,Liamarmy,account.83ed872532fc4f3eb6bc9b583c006ec5,2047
2026-02-11T07:42:49Z,02_1020,account.0b0ff11c6ba9415fb056ee5348d298d0,2831
2026-02-11T07:42:49Z,BGT_VVook,account.34cfe066987d45b1a27c313309fad863,2245
2026-02-11T07:42:49Z,HxxAx_chu,account.4356284ac9574e2d8900cb721020b9a1,1994
2026-02-11T07:42:49Z,Psycho_bin,account.4b41b47cea3d407b9e8b5d86e9f0cd62,2187
2026-02-11T07:42:49Z,L_mon_e,account.2b4dad174a1e4d8bb77db76821aab3c1,2070
2026-02-11T07:42:49Z,FD_baer,account.fe8113d39ec84b96995bc19b16e1fa18,2109
2026-02-11T07:42:49Z,XheaObbb,account.06b2ef124c7946879cafd09f48d672dc,1875
2026-02-10T09:15:13Z,know_wave,account.358ff9aa7bbc4735ab5f51c2f9472c96,1537
2026-02-10T09:15:13Z,LUCK2930,account.b43767a3a99a4cc2be481fda0523a9ac,1993
2026-02-10T09:15:13Z,Lee-mn,account.5b5cf78fd1a547eea0d54e8b4b164b9f,1835
2026-02-10T09:15:13Z,DH_GaMja,account.593c8c7d6b084069bb6b261419ef0626,2203
2026-02-10T09:15:13Z,kwonstar49,account.23f3285d63bb489a9c2f9795f7f6df8f,2053
2026-02-10T09:15:13Z,AZ_J0KER,account.b293071d983b447f9c16d8bf46e2b004,1649
2026-02-10T09:15:13Z,Genesis_Gc,account.787ca49a18e64d2eac0d92bac05ffce6,2014
2026-02-10T09:15:13Z,rlatjrals123,account.559af97e7ec4458a8d491933c665d498,1914
2026-02-10T09:15:13Z,NEWZEALAN_D,account.0ef079b9426d4a1a81aa45b54d161308,1903
2026-02-10T09:15:13Z,HonTTo_NaGariDa,account.7bd78107290147cd8ac3a62d2fb30745,1870
2026-02-10T09:15:13Z,Seo_mj1210,account.adf108c92b03401f991e6c01d45271f4,1926
2026-02-10T09:15:13Z,gksoatodnddl,account.4ea7ac990558440eae85abaa9d806838,1828
2026-02-10T09:15:13Z,gangsul,account.22f610f444564a51ae6b90cb886e92b9,1775
2026-02-10T09:15:13Z,satanbro,account.def0dfa529484a4ba73fd9f85b098152,1662
2026-02-10T09:15:13Z,22ndARMYCOOK,account.19375ba7ea484c5d81b2aabe2c25a2c4,1927
2026-02-10T09:15:13Z,Hae_Ju0813,account.04560aa3d5fd439fb288b7533db222da,1592
2026-02-10T09:15:13Z,X4_Nyok,account.8ee1239a87dd4567a634001a6441aa43,2604
2026-02-10T09:15:13Z,Why_BuJuckJul,account.8850f5ba9fc74f78b1346b8e730d07cc,1335
2026-02-10T09:15:13Z,dongjun_kim,account.94da5021e3fc4cc6895e1ebb05132ee1,1516
2026-02-10T09:15:13Z,suck_master,account.9df0d8b542be4c47a90fbba944e30650,1960
2026-02-10T09:15:13Z,ppugggu,account.7a4e0cfcd78e430a813407cb74470c4d,1696
2026-02-10T09:15:13Z,MarioandRuizi,account.354d7ccd317b42f29403dd9b4974bfb1,1624
2026-02-10T09:15:13Z,JaeDragonE,account.6d6993adcfd84a009dbb4d9ed8f6dcb5,1634
2026-02-10T09:15:13Z,18-76005964,account.bdb42b6212c7468eac3075d970a8fac7,1625
2026-02-10T09:15:13Z,09oppa,account.b09b30170e9b485e98342ed2e018269e,1615
2026-02-10T09:15:13Z,GongJuyaa__,account.54a9649d3d5447e7afbe3b452570b611,1864
2026-02-10T09:15:13Z,Axxgxx,account.930c401a628b446e9cd6af5f56180380,1740
2026-02-10T09:15:13Z,X4_JUUNJI,account.bd789f1bbfd8492dbdb0aeaed7d5575b,2288
2026-02-10T09:15:13Z,PhaM-3-,account.32c7258edda049f5baeb04876702218f,1486
2026-02-10T09:15:13Z,araregon,account.83a9bc14690e4865a470fd14444604d9,1925
2026-02-10T09:15:13Z,DOOLY_00_,account.f8ba48cf268b4a24b8199a202548e920,1889
2026-02-10T09:15:13Z,09buin,account.fc1cbe5f20b64a678897fe91fdec06ff,1681
2026-02-10T09:15:13Z,srcv,account.539bde99b6894865ae9595e97d742d08,1619
2026-02-10T09:15:13Z,Mi__Noo,account.5478c1b89aaf4a9c8a251c10675c122c,1291
2026-02-10T09:15:13Z,Park_J-B,account.c3f9327604b745c8a931e8cecc1aa54c,1868
2026-02-10T09:15:13Z,X4_XXXXXXXXXXXXX,account.f0396997e68b4609bba7ceeda9974dc0,2060
2026-02-10T09:15:13Z,Lee_GT0711,account.0f109ec50e1f4d65acbfec2aa85eaa64,2086
2026-02-10T09:15:13Z,bongbonggimoring,account.79868a652be049f6806f7f1ab2183f65,2062
2026-02-10T09:15:13Z,CHEMI-LENS,account.fcfad41baadc47c08b7ebfcb03ff8bbe,1484
2026-02-10T09:15:13Z,sspringk,account.10e0c408bdc84350ad92b517a2fb5f4a,1960
2026-02-10T09:15:13Z,12345221w,account.db10c305d1f845779297226662708836,1486
2026-02-10T09:15:13Z,Murutuf_,account.b4e4510ddce747328b532ecdfbdd05c8,2390
2026-02-10T09:15:13Z,PP_We1less,account.968467a22c87414fbcef5d80b763257b,2147
2026-02-10T09:02:08Z,officially_Rance,account.2503653e3b414d439bd04e6fc6a33fe1,2924
2026-02-10T09:02:08Z,fewwae,account.357369ebf08446aaa8a59759a2e5df7c,2214
2026-02-10T09:02:08Z,SeoGuim,account.81c2405edd1d40fb9d8bee01b467d226,1930
2026-02-10T09:02:08Z,lillillliilill,account.81f665adeda74ff48ff880ff143d2b9f,2135
2026-02-10T09:02:08Z,JOT_BAB_CUT0_0,account.5223d71228674f2fbaebff9a01ec6ce7,2290
2026-02-10T09:02:08Z,Jaechi_KR,account.ee0ae90996b34ec0bf96aa164f852c3a,2205
2026-02-10T09:02:08Z,LOHA-,account.6474e583b12c42faa55e06dd9a2ff636,2322
2026-02-10T09:02:08Z,DesperaBlack,account.0a8f6a767cf143228b998ef533192aec,2804
2026-02-10T09:02:08Z,illiiiliilliiili,account.17c171a8490b442ba93c5dc396ab7aab,2608
2026-02-10T09:02:08Z,PGA_lllllillllil,account.f9bf2665134b4f95b284e740b19a2c65,2408
2026-02-10T09:02:08Z,Sapphlre_Zz,account.d6d5747291e14062ad69e52ba723d755,2227
2026-02-10T09:02:08Z,Golapa_Duck,account.33d7103175f743e4b88aae8916a221b9,2389
2026-02-10T09:02:08Z,Torres--__--,account.5f0230cbe32440ae9fc3299329c58916,2878
2026-02-10T09:02:08Z,TimeToc-,account.09c7523488a6456abbee4404309fa9b4,2849
2026-02-10T09:02:08Z,seomoksoo,account.7ed96f60d18945bdbc3efe2707efe017,2139
2026-02-10T09:02:08Z,Olly_MASTER,account.5e953196471f4440a433f418694ed070,2126
2026-02-10T09:02:08Z,tlqkfdjflrhtlvek,account.2481975597d04563a98cc2e86414cb65,3000
2026-02-10T09:02:08Z,EscQuartz,account.85a764d913cd4d56882eceabbbf7b585,0
2026-02-10T09:02:08Z,SGC0820,account.bedea97d24654c44aae637c697528653,1832
2026-02-10T09:02:08Z,DDubuck_Cho_,account.f59f1b3712ba4141811b78b46c8c7eff,2283
2026-02-10T09:02:08Z,NU_MING,account.8a7983b597a14ed1952fc835ba2dbff6,2188
2026-02-10T09:02:08Z,2CN_llliliiilil,account.a154af2622314f8e8cfeb471849de11e,3546
2026-02-10T09:02:08Z,MinKoo99,account.64bb55940ca144f1bf606ca54a76704e,2267
2026-02-10T09:02:08Z,IIIIllllliiliill,account.4747f9907bb6431cb1fcfb1a5f89d3bd,3163
2026-02-10T09:02:08Z,sa4sa3,account.862b0e22abf04560bba381957e3009b4,2283
2026-02-10T09:02:08Z,IamHackVssssssss,account.e4c5be103286473c87e9e28540cd10a7,3359
2026-02-10T09:02:08Z,DDoDo_Gas_,account.1deba94c2ecd4385802c71efe84d03f4,1941
2026-02-10T09:02:08Z,HwanyToc-,account.5425747938344d1c93e7326e3be928cc,3028
2026-02-10T09:02:08Z,smh_0717,account.7f0a77a8a70a4912aea96a2fde139f88,1876
2026-02-10T09:02:08Z,2CN_PCM,account.a9da6a120bbb4ca6808bb0266a6c29d7,2745
2026-02-10T09:02:08Z,SH_VERA,account.237cc954be7a4c9fa20e0e44971b1505,2108
2026-02-10T09:02:08Z,INX_MangCi,account.cc7da244c7b34f16bf3cf98192b71763,1866
2026-02-10T09:02:08Z,IKerbereos,account.0a029bb4cc0b429bb1da746ff720c897,1908
2026-02-10T09:02:08Z,kingka123123,account.6dc0b5b379304c2db0b7e1ce61868bcf,2203
2026-02-10T08:38:45Z,lxuzini,account.e7df941cbe4548bca253b173c6b16092,1565
2026-02-10T08:38:45Z,a_B159,account.621d9e4fc31948be8e20fc46981dd872,1800
2026-02-10T08:38:45Z,kim-s2,account.00c8fd197fb545d88bc38fcb703bf9bc,1664
2026-02-10T08:38:45Z,eception,account.ca6a0bd6826244709450ab54d72a5337,1985
2026-02-10T08:38:45Z,99_JP,account.f5ec0cfc0a4e43a6abe00af9c5dec2da,1329
2026-02-10T08:38:45Z,2gu_a_na,account.26e2189afc404008b2db3951a55ccd96,1681
2026-02-10T08:38:45Z,SexyguyHJunwon,account.403d4f718c8d4c288cc8dbb89d3da951,1964
2026-02-10T08:38:45Z,SparklesGenesis,account.e61955125935436dbf4dc97feaaefc6b,1999
2026-02-10T08:38:45Z,X4_JUUNJJ,account.9d9a9876724844b7a6248dcc595e2b1c,1548
2026-02-10T08:38:45Z,vachel0,account.0888dcfa31b2477a8a097c8a807d653e,1800
2026-02-10T08:38:45Z,iam_sik,account.73abb056993947d1a4510cbe1447c6bd,1816
2026-02-10T08:38:45Z,YS_Laser,account.13d93247b09f4c88bf1cd305d86cf9ba,1625
2026-02-10T08:38:45Z,JungHak2,account.5707dcb6705e4a7284ae8fb931e40e2e,1748
2026-02-10T08:38:45Z,ehdbs0404,account.b86aeaf82ee246639b2c4a9be7de00bb,1937
2026-02-10T08:38:45Z,choihmin,account.55384aaf5e014e03bb10d89d9a870811,1595
2026-02-10T08:38:45Z,Hyun_GI-,account.71af24653c5444f1a915d27baa1b3abd,1952
2026-02-10T08:38:45Z,99_WY,account.9c74d289b8ed47dc9be09efb0ff4a40f,2334
2026-02-10T08:38:45Z,wh_wwwwww,account.55dc6574965e4de7a03c347bf1a9c374,1874
2026-02-10T08:38:45Z,SIS_Hoon,account.6f9af62a0ea047338de2057fe0ae3552,1557
2026-02-10T08:38:45Z,Ahyeon_love,account.ed135a084f2045ca872e32caef8f26be,1707
2026-02-10T08:38:45Z,abco9,account.16d232a0b7ee42889fc98b288e2cee4d,2027
2026-02-10T08:38:45Z,1akejw13kwq,account.48e9a53108d94c0ca5b2b91e112f6c12,1414
2026-02-10T08:38:45Z,Parad0xxxxx,account.6bca14b77c44418d8cb3779f1ed31700,1958
2026-02-10T08:38:45Z,ms_315,account.5e047cbc7a994e62b1d85c7d5a29af25,0
2026-02-10T08:38:45Z,oppayamasidda,account.8adb0b3de6d34f91888c08bb872933f5,2000
2026-02-10T08:38:45Z,Akatoshi-,account.823eef859aa044d196446a5384be7b35,2038
2026-02-10T08:38:45Z,kunhisu,account.207c85f77bb5475f965b3e3cad48e2b7,2021
2026-02-10T08:38:45Z,CIVA_UDT,account.9cd962fa6a234c14b3a8f169710297f6,1990
2026-02-10T08:38:45Z,PSM0606,account.6d6abbfffe2c45269e273deba7bcb585,1650
2026-02-10T08:38:45Z,AGT_BABAMBAR,account.ae00e107ea794f6e88c062dcfff767b0,2001
2026-02-10T08:38:45Z,ANSIMI2,account.5855f8242c26478e9e3a353416787351,1899
2026-02-10T08:38:45Z,99_YS,account.3890cf1604194c3a920315f4c249d9d3,1860
2026-02-10T08:38:45Z,Hanwha_Viper,account.2a9fa28fc2264648a8b479062697d247,1565
2026-02-10T08:38:45Z,gOod_mister,account.c2b5c5d8b9204c89a57f3f1c07771e8a,1823
2026-02-10T08:38:45Z,Krurung,account.f85f869bfb4b4421bc87d47290f42ee8,1945
2026-02-10T08:38:45Z,ungrye_,account.9b8b2e1701fe4ee3b0a1f421a83e031b,1043
2026-02-10T08:38:45Z,e_9_a_na,account.af67dd1bfeb04b6cb567323b14d190f6,2046
2026-02-10T08:05:11Z,DIC_Sinuu,account.dd158154b8d84cbc8dd82da514d04c06,1538
2026-02-10T08:05:11Z,kr-janghyo,account.4237bed779444195acb2b9cf07e022ec,1618
2026-02-10T08:05:11Z,Gaboong_,account.c64f71ddfcbc44309997ae664a8e62a4,1959
2026-02-10T08:05:11Z,KG_Pui,account.15957676628545d88d67c399745c1b67,1938
2026-02-10T08:05:11Z,woong_eee,account.149242a9c143441394f1ed09520b8eb0,1668
2026-02-10T08:05:11Z,SecheongBio,account.15ac226c4663498ab1eaf2b39307b043,812
2026-02-10T08:05:11Z,Wandoo_daddy,account.71fb1d5d313c4192813d1f1f65cb7a3e,1979
2026-02-10T08:05:11Z,KYN_V_V,account.e52be585d6724f94b0146bcbd21e8143,2307
2026-02-10T08:05:11Z,minhyeokk-_--_-,account.da1421d49c2c4a07aa6878c15972207f,1877
2026-02-10T08:05:11Z,grrrrgrrrgrrr,account.ca95eabc6e394ab2a9aaaa2d19f03476,1611
2026-02-10T08:05:11Z,DIC_Bimbab2,account.aa6c2f233430424f88bc3bfd5c57c318,2026
2026-02-10T08:05:11Z,DIC_Daehyuk,account.4d26f7221e204690babd17f8403e76f8,2132
2026-02-10T08:05:11Z,RECOACOLA,account.5aa139be765c46adbebf36042e776dc4,0
2026-02-10T08:05:11Z,Woop0,account.8617ec2f593d430197ef37df1a3f2288,1885
2026-02-10T08:05:11Z,PpPpingggu,account.ac6784402fe240f2893cd94c241c2826,1933
2026-02-10T08:05:11Z,sinsaimdangg_,account.58cd138554984263b814856e2102277e,1900
2026-02-10T08:05:11Z,kjdsv2,account.ed833a22566446c2a83b5743caac2358,1815
2026-02-10T08:05:11Z,GGUEGGUEGGAGGA,account.4371a9277c77452f8814791c10e59c67,1738
2026-02-10T08:05:11Z,aaaaa_777,account.69a46325c83d45469a4681e4d0acc5fb,2213
2026-02-10T08:05:11Z,Yongja-082,account.d14eb0e0de394eb3a23a7b82338617ba,1648
2026-02-10T08:05:11Z,nowmorning,account.44f7792e92174d56ae9b823df5aab9e1,1140
2026-02-10T08:05:11Z,hoshi1047,account.06c916233b8644dcb07c473115cb3537,1950
2026-02-10T08:05:11Z,Zzsw_DH,account.c05a009debe442d98fb32d8603ac20ac,1967
2026-02-10T08:05:11Z,Minam_of_Minam,account.fcf556d72eb0404ea64f763206471c0a,1860
2026-02-10T08:05:11Z,Incheon_BerinE,account.8df5ecf9e1024adf8dd6b432ede8cecb,1838
2026-02-10T08:05:11Z,Gombibibibi,account.b88531c045cf48fc8df729e994e76cfc,1889
2026-02-10T08:05:11Z,MOYO_MORAGU,account.cb985d4b877b4a1aa497e4d49c5eec32,1579
2026-02-10T08:05:11Z,SolderDoG,account.81099f3b0e3840eea9aefd1b8f24dff8,1897
2026-02-10T08:05:11Z,JIHEON0209,account.7b5ca9b2aec24983a0239e5f456298fc,2000
2026-02-10T08:05:11Z,ZG_Fell,account.b467755907f242489a62fce333774536,1641
2026-02-10T08:05:11Z,jiho137,account.fbbb68111da84a5d996d3d14816ffee6,1684
2026-02-10T08:05:11Z,nimiddong55,account.e057c9dfcf724690bceda2b100ce406b,1950
2026-02-10T08:05:11Z,LOTTERIA_BUCK,account.ab639a7ba9224f878bd73893c901e9be,2128
2026-02-10T08:05:11Z,Samgyeopsal_180g,account.49f2b7d1a954450caa59c63176d97aeb,1826
2026-02-10T08:05:11Z,Eunl0VEHyuk,account.cd8ff1bd8c184cb99af00dc3a1f7c5a5,1714
2026-02-10T08:05:11Z,george_lee_lee,account.acd09a5176fa4d5f8955607bd5137a22,1854
2026-02-10T07:05:11Z,SaTan95,account.702add138cc34f5485876ea84561dc61,1878
2026-02-10T07:05:11Z,MEV_JUNGHUN,account.6b2ae6804c2e4fa68da956389762bd89,2331
2026-02-10T07:05:11Z,WOONYA_GO,account.0aac7a6952ec4898b9edd22e7598118f,2169
2026-02-10T07:05:11Z,SsamBaGz,account.dbee35efee65448f9718f39702888a9a,3404
2026-02-10T07:05:11Z,PiCaSong93_x_x,account.bf10e73fc52e43d281e3f8a174b6ff17,2371
2026-02-10T07:05:11Z,ZPZGI_Dooly,account.15b57b2f6e854ffb8e766642a9723abe,1972
2026-02-10T07:05:11Z,HXD_Jung,account.4fcea6fd558c4674a5de9b59b602b698,2216
2026-02-10T07:05:11Z,13592346,account.5cbd1a93cb964f5ebbc2e8a297b554ae,2200
2026-02-10T07:05:11Z,Leeeeend,account.5f607ca7310840748ec338fefd432d59,1931
2026-02-10T07:05:11Z,k_hxrix,account.2597362005324833a4797c0d20f53c1a,1829
2026-02-10T07:05:11Z,H_H_AT,account.1fad566f77e94fa681a845741124a1d5,2310
2026-02-10T07:05:11Z,RZ_Sibongsseu,account.535b4e5c27c44dd98225fb0d4bf9dfac,2244
2026-02-10T07:05:11Z,HXD_BackGa,account.156a114d90554eda869202c15125a392,1616
2026-02-10T07:05:11Z,BunHong_jjing,account.833f665fd6314b44ae25f09807613f7a,2182
2026-02-10T07:05:11Z,RZ_Zenod,account.57001188d6484a0caeb7068c34c40830,2400
2026-02-10T07:05:11Z,MEV_Vincent,account.2b977bfd43cb4bd9ace99254c27921b0,1982
2026-02-10T07:05:11Z,Gz_SW,account.d4293a1aefe04b03bc3d96474ffb06a2,1885
2026-02-10T07:05:11Z,Gz_NaBL,account.a7b53f04f5024ad098747897c049113b,2543
2026-02-10T07:05:11Z,O-Jun,account.29024de606e54ce0b93c8ee9678bb22c,0
2026-02-10T07:05:11Z,MEV_LUX,account.a82dfa3473194a12943232d6f48e3d77,2016
2026-02-10T07:05:11Z,cutemunchkin,account.d113a87ac1af4ad582ead5ae291f7f32,2023
2026-02-10T07:05:11Z,ZONE_H,account.1da0e8bb7eda48ec97381585ef754fde,2160
2026-02-10T07:05:11Z,matjoah,account.8c7311dad8d245e59e52ea35d522390e,2332
2026-02-10T07:05:11Z,MEV_AGGong,account.9f3382c451c04b3ea839efdeebf69d58,2752
2026-02-10T07:05:11Z,yongggzz,account.f47800c0fb5a42b78d88c1ef15e35780,2215
2026-02-10T07:05:11Z,sik_gak,account.410fd74198db45039ead672ae2e87c6b,1991
2026-02-10T07:05:11Z,Jae_you,account.88d54ba0df6a46c6933469c7e1c369bc,2013
2026-02-10T06:28:42Z,TemuTanVuu,account.b526dc34d4a24de49429af44c6a13289,3303
2026-02-10T06:28:42Z,HNB_WANGBAE,account.a0e537ee44824410a127722dc8a7244b,2615
2026-02-10T06:28:42Z,SaGoYa_Junee,account.516afdd72232488db6cdb8dbcccfbcba,3423
2026-02-10T06:28:42Z,2CN_500661,account.146133dae97545c1b7aa93749ea1d1a3,2300
2026-02-10T06:28:42Z,ArtisanHienMID,account.91507f2c1cea4a32943d1e2c10a7aa18,2200
2026-02-10T06:28:42Z,INX_Mandu,account.74a65ee564294e9f9b8860fb09509833,2490
2026-02-10T06:28:42Z,CTSM_WaPan,account.cd7dc29df3e84a3596f229f1b573b7e0,2901
2026-02-10T06:28:42Z,LJooH_,account.adc898682a9d4bbaadfaa138cee87dcb,1583
2026-02-10T06:28:42Z,2CN_jungjaebari,account.e436f4b1fe2a45eaa816fda18b125af8,2129
2026-02-10T06:28:42Z,AKC_ITACHI,account.5b4c45b5ff1843e8b43d12b09a36ff11,2063
2026-02-10T06:28:42Z,Geon2_Nim,account.db0bb321ae5e4b67aaae29d9b7fb5232,2409
2026-02-10T06:28:42Z,AmourS4KU,account.a78dab92e59148349fec32a818fa2df7,2887
2026-02-10T06:28:42Z,L_Leepriest,account.5f4d3db5032145b1a0dbe51c01db084f,2352
2026-02-10T06:28:42Z,WC97_,account.7891b784df0746118a448c33db5597c6,2200
2026-02-10T06:28:42Z,T_endo,account.cb3a9c14564b4cff99d88407d41b0f4b,1976
2026-02-10T06:28:42Z,AFTV_Buzz,account.a426067ff5e046a2a3baab29a834d3ea,2457
2026-02-10T06:28:42Z,L4DO_RyuZaki,account.ff53ef012cd442368a5a357e622b7ee2,1935
2026-02-10T06:28:42Z,PRF_BACK,account.68c72d567fd54041aa60de72d5521d0f,3851
2026-02-10T06:28:42Z,d-__-bABBAM,account.b7dbbb6e04454c67a1c118292506d623,0
2026-02-10T06:28:42Z,3SP_QuieT,account.136c98b1b1784936a7177608b5dcd40a,2361
2026-02-10T06:28:42Z,AKC_ZeTsu,account.ecf779b567a2429a81ca8ac80e523c83,1748
2026-02-10T06:28:42Z,Cxtwoman,account.3c4f4fba6c9643eeb5ebd89b417f31e8,2671
2026-02-10T06:28:42Z,HNB_XD,account.ed48690f01bc44b6ac2d3ff2d77738a3,3400
2026-02-10T06:28:42Z,NU8goya,account.3b2c45c548fe4bcfaea42341efa4b6ac,3000
2026-02-10T06:28:42Z,Gowing_,account.4ee70f82df1c407790de2bdc317c84b7,2695
2026-02-10T06:28:42Z,3SP_WxxDy,account.f2b6f0cb7fd44b17a35dc7e7271a5cf2,2369
2026-02-10T06:28:42Z,dkgusdlRj,account.bd9f39687a924ed4a93a3d4a71ac6151,2586
2026-02-10T06:28:42Z,MOGUM0GU_,account.de3c4503154b47b3b20013f8eccacbf1,2645
2026-02-10T06:28:42Z,AKC_OBITO,account.6c1f7ce0cab34b039ff2421294ff5729,2068
2026-02-10T06:28:42Z,2CN_juje,account.fee234a97fbf427a878e271a9c5b9a4b,1893
2026-02-10T06:28:42Z,3SP_BangG,account.5f6a5699f44848cba004407f9696cc43,2364
2026-02-10T06:28:42Z,L4DO_Jae0,account.e6092612f2014a02a644ad19811c70a7,1987
2026-02-10T06:28:42Z,X-V-H-F-L-X,account.4c8587da0ada4b428e6483ebf91ed45c,2821
2026-02-10T06:28:42Z,RAON_Zest,account.502c0b89c2c34700932d35e13dfc2c0c,2216
2026-02-10T06:28:42Z,NU0906,account.054846c1e4754aa8a1c8c2d17f295209,2101
2026-02-10T06:28:42Z,FADEFADEFADE-,account.b75f6186dd0345ecbbbda25aed0ed78d,3718
2026-02-10T05:59:17Z,kinakdl,account.8d8f4a258b0141c0aeb9e0a13ab0ca0c,2342
2026-02-10T05:59:17Z,WaB_GG,account.8bc58d8279b543bd946866e2c70a554f,1751
2026-02-10T05:59:17Z,Rf_Mutal,account.e22b76fcf08642da8d4c0ff65ffc2ba7,2260
2026-02-10T05:59:17Z,WaB_ITACHI,account.bd11feedfa53439fbd3ccd53f8017a1d,2118
2026-02-10T05:59:17Z,10_SE77I,account.f24e2b09d76a48cc8c4765e60dc76b88,1955
2026-02-10T05:59:17Z,seongwoohunnam,account.30bc31d174854a18b2e9190d811ecff2,1972
2026-02-10T05:59:17Z,Juwangprincess,account.89768bc3e249422599aa6519f308fcf5,2204
2026-02-10T05:59:17Z,Giveme-1,account.5a9149add30345d98e4ae9d331456194,1923
2026-02-10T05:59:17Z,JongGre,account.05cc422e7c434ce0871b0c2b5e53737c,2309
2026-02-10T05:59:17Z,Rf_ViviGo,account.dc04b7c3c35a4f9caa47c08d2aba2c22,1970
2026-02-10T05:59:17Z,666mementomori,account.01e03f59909c4106ba3e4c651fe8149d,1874
2026-02-10T05:59:17Z,Aromatic_707pro,account.145a0130d7734640bb26b22f276ec868,2601
2026-02-10T05:59:17Z,WG_PxxKSxxL,account.7dc7f28f3aaf49ec95b2c33ed71c6df6,2404
2026-02-10T05:59:17Z,RAZE_ON,account.0002c07c29ca4c76997c173bef7653ac,1991
2026-02-10T05:59:17Z,kjb_95,account.c63835dcd98c4694bb286fa9b789e6c3,2143
2026-02-10T05:59:17Z,JungMalJaeMiSseo,account.3bc6c76f13634c8b9614c04baf832c96,2154
2026-02-10T05:59:17Z,thksdl,account.1ba3eff752c0461aba307cc34c02c2f1,1975
2026-02-10T05:59:17Z,Rf_BeOm,account.b4fa9cdd8a854136a72a717092a0c3c4,2200
2026-02-10T05:59:17Z,Mococo_XD,account.09381caf0afb4e8c9123d71a039028fa,2127
2026-02-10T05:59:17Z,IIllllIlllllllII,account.47941f1cbd334ec48b4fff7d47641503,2318
2026-02-10T05:59:17Z,0__0ing,account.262e458d804043ceb7fdd4d827cd92c7,2264
2026-02-10T05:59:17Z,Jon___Jones,account.61349d41cd9840bca66d7cff31f2c554,2250
2026-02-10T05:59:17Z,PPUMPMAN,account.b966198dd7e544eda3cb931c03049224,2091
2026-02-10T05:59:17Z,JungMalDalKomHae,account.bcb6a26768164032b908edf5d6f74498,1918
2026-02-10T05:59:17Z,Oni_Doyu,account.87b427e6d5834ba188127ea9ec69c475,2204
2026-02-10T05:59:17Z,IL0VE_Y0U,account.0e0e386cbff54876b24ec39bbcfaffef,1710
2026-02-10T05:59:17Z,kanu95,account.eb7117156965460ca70d6d0d63178763,1982
2026-02-09T10:17:58Z,VF_SSS,account.71457a09b1a449c8b33d63f68ab65d47,2367
2026-02-09T10:17:58Z,NuNaiM,account.cbc3d65ef2ee462f891edb2eef13b2ad,2032
2026-02-09T10:17:58Z,Anonymous_-H,account.b152e49d75b54db79afe6a2b3b178bea,2414
2026-02-09T10:17:58Z,daepotris,account.d6abfff6e7fd43c584c2204d7ae57221,2032
2026-02-09T10:17:58Z,EntegrisKorea,account.9e4b931f8eca4b98ba45b4dfcaceb393,1620
2026-02-09T10:17:58Z,coconutyogurt,account.d38e7a43ed734f36a3db306e49e52e76,2291
2026-02-09T10:17:58Z,code_DionySos,account.896c9bf4da47486ca12fd371efca1b13,1947
2026-02-09T10:17:58Z,WINS_CRongX_X,account.950ef8220c8e451b8cdce77d282f2c29,1800
2026-02-09T10:17:58Z,3ZR_UDI,account.fe08e8dcae3b45b2b90b65bfe256157c,1939
2026-02-09T10:17:58Z,onlysxxybrain,account.4452f83b7e1345439926ae556027ac63,2328
2026-02-09T10:17:58Z,SIRU_EASY,account.5335cf4486664ddaa9e87bcda3d56038,2249
2026-02-09T10:17:58Z,BBONGx3,account.66f0c9e717934a61957e9dfdaf0ec96b,2200
2026-02-09T10:17:58Z,DUSH_100,account.df6aecc330b84ade8a7b31e02ceb30ac,2391
2026-02-09T10:17:58Z,seokyan,account.93619f17e75d4a9dbe6d6464ae5b0aff,2026
2026-02-09T10:17:58Z,BBUNGx3,account.01ff8a26231549548a3aab7e74ac7c6e,2030
2026-02-09T10:17:58Z,BBSNGx3,account.f0ec678e96c64d03b326c2347db496f3,1870
2026-02-09T10:17:58Z,D_TATA,account.b7b61d80b17b479b9596542565996ae3,1782
2026-02-09T10:17:58Z,BGP_CICCICCIC,account.4d556a94a81a4bf7aae634d90fe85037,2333
2026-02-09T10:17:58Z,X9T_Dopamine,account.e7bc10398b744a90bcec0a05676dc107,3098
2026-02-09T10:17:58Z,X9T_Endorphin,account.2ff7f74ace7c474d86aa9719d8152420,2708
2026-02-09T10:17:58Z,AKVMFrJDI,account.5093287064954a5bade4593c6e7881f6,2200
2026-02-09T10:17:58Z,BGP_7Tani,account.4a8d8bfe52294611952ff9c146b5df65,2351
2026-02-09T10:17:58Z,catnip_joa,account.7ff6d77e1ab7425c8e4ef5ca6794ac4a,2287
2026-02-09T10:17:58Z,WINS_DDoRongX_X,account.66fc316c1b4b4e3bbedb70a0658dd8ed,1895
2026-02-09T10:17:58Z,IamRunAway,account.c9eacbcf41d0459fa91ca7fec5da334e,2068
2026-02-09T10:17:58Z,Jookji--,account.632b61c80b17478281fc57798a5363a1,2331
2026-02-09T10:17:58Z,Himjjan_,account.ed4d83ccee3d4f289e6ffb690702323d,1970
2026-02-09T10:17:58Z,won_K2,account.8ae3757c21f34fbb99d3a0cdace5f25a,2326
2026-02-09T10:17:58Z,VF_XXX,account.238bb89158ca426aac427ec636090427,2151
2026-02-09T10:17:58Z,XxEchoshadexX,account.6e52b4177e0640e69f9a12cbbf9191d0,1909
2026-02-09T10:17:58Z,GGUGIGI,account.def421a7eff543c196aaa98a42365bbd,2099
2026-02-09T10:17:58Z,D_Xixxxxx,account.a50f715f27674ede8758a6c18382929e,2748
2026-02-09T10:17:58Z,INX_Dobby,account.8f97aa450e0c48bc830d0e6338bee60b,2684
2026-02-09T10:17:58Z,X9T_Marijuana,account.efa480c057794668b5a9f1ea6736784d,2344
2026-02-09T10:17:58Z,code_CrazyDog,account.c097caf4f32544e18b53442fb0a202c0,2614
2026-02-09T10:17:58Z,key131,account.b9df573a332543509bd8352b366de3f4,1893
2026-02-09T10:17:58Z,ZorDic-3ZR,account.bed3482ca1fc44dc90328707035e1a13,2204
2026-02-09T10:17:58Z,leechinnom,account.8ab3da8ae98e4277b8693be08523766b,2203
2026-02-09T10:17:58Z,mmiinn_1,account.0d898acc614845bc832f85ee567d1249,1536
2026-02-09T10:17:58Z,0412__-,account.e5cf24ba766d49e698149444745662b6,2377
2026-02-09T10:17:58Z,D_TAMADE,account.b773eb801c244fa5a03c195e8207ff7d,2053
2026-02-09T10:17:58Z,XD_OwO,account.6bf1fb5d0283429bba5bfb7c879c60e4,2155
2026-02-09T10:17:58Z,SIRU_JANG,account.871d3435ec214c1fa1e2a7dad600d9e4,2309
2026-02-09T10:17:58Z,2Txo_-,account.11d6728cccfd401db90cf0435154ece9,2237
2026-02-09T10:17:58Z,code_Oppasalido,account.250dde71f22341b6895a578a3d9e9f84,1821
2026-02-09T10:17:58Z,WINS_MacaRongX_X,account.e55bfa930ada4d81831caad6a6153c58,2093
2026-02-09T09:45:40Z,FIK_Skrr,account.50c1aa25ea2d446a80a04a3c36b881c3,2170
2026-02-09T09:45:40Z,LGG_Byeongsin,account.ff4da3628289422a916335c32f1c3b7a,2241
2026-02-09T09:45:40Z,LMNOP_portgas,account.7fe69e3180d54b38b22864e43fe692d3,1875
2026-02-09T09:45:40Z,F0RCE_b,account.eb22aa74e97d479f9130d4b0ef539a3a,3237
2026-02-09T09:45:40Z,machojay,account.7cf7cb7b2f874a4b85054ecfe82cd4b0,1443
2026-02-09T09:45:40Z,sosoTAS,account.ac445987f5474f0ba11b256cc674d27d,2673
2026-02-09T09:45:40Z,Nofilm,account.37ab51300cbc42e1886b2bf5d2825769,2390
2026-02-09T09:45:40Z,INX_190215,account.96b2a476b5544943a6e82f471d2c9967,2298
2026-02-09T09:45:40Z,LGG_Satan,account.cb3e14fb23a24122b9532c5eb57ddb98,2063
2026-02-09T09:45:40Z,unknown_v9,account.cdea1ed430094ad1bd8dd29dd91c8710,2061
2026-02-09T09:45:40Z,JT2de2,account.6dc903da12cb46bb970109c3094ef8b3,1241
2026-02-09T09:45:40Z,FIK_SON,account.6a0eec09ba9a42d0a9d2c9543cd07182,2200
2026-02-09T09:45:40Z,qqllllllllllpp,account.a0be659d37d5447981b732ec697a56b6,2205
2026-02-09T09:45:40Z,GOLD_GoBliN_TAS,account.847b753469a742cb86cba70c8f28fd01,2690
2026-02-09T09:45:40Z,9-4-0-5-0-2,account.34af1f5f8d92423b812376642de64643,3261
2026-02-09T09:45:40Z,YouTube_official,account.2ba5d7d80a38432198d303520ed67337,1966
2026-02-09T09:45:40Z,LWYC_GA,account.8e6ebd3fd9ef4344bdab984307bad50a,1955
2026-02-09T09:45:40Z,amoreterno_SH,account.d278a18f1bc842d2bc0b71d744b181d5,2020
2026-02-09T09:45:40Z,Gz_RyomA,account.71070f3dce964eaabd34cc394a896856,2711
2026-02-09T09:45:40Z,Rozaaa-,account.12aa9b19b6fa438e933f3632a399f888,2222
2026-02-09T09:45:40Z,GUN_NAYEON,account.a6c76681d9474d6ea3b39d1b6b1df161,2230
2026-02-09T09:45:40Z,FIK_ZoRal_,account.15540a96cfcf47d286cee7e239999927,2134
2026-02-09T09:45:40Z,DIC_Jeonju,account.2793d2276c2a4d63b8534e20dd5cfd59,2375
2026-02-09T09:45:40Z,eGo_-hoya,account.c178493bf10b41c88a85d2f7703672a2,2520
2026-02-09T09:45:40Z,Poby-x-,account.ca7aed73a5a440beba621d3f225d83cc,2021
2026-02-09T09:45:40Z,Ato-x-,account.494f7d37680347109e2f1fb9fad9583b,2144
2026-02-09T09:45:40Z,Besoft_,account.86ee30aefeb34e5eb2fa75760f041146,2471
2026-02-09T09:45:40Z,AimForge-_-,account.6fe11eb51b77442dbff0b2fcae1c7994,2200
2026-02-09T09:45:40Z,Psycho-_x,account.3c139dc4d3854de8beaa3f2129ec94fc,2243
2026-02-09T09:45:40Z,SM_zzic,account.2e9b9dcd6d8044f8b878e0d071c2a66f,2360
2026-02-09T09:45:40Z,sexxxxx2,account.3caffa104ee74c2cbaf63b6802ace0e4,2375
2026-02-09T09:45:40Z,GUN_BBANG_MAN_BS,account.86faaac6d21541269c6a00b320f3995c,1754
2026-02-09T09:45:40Z,momkey_D__luffy,account.82224a1d8f964905bd6079df8ed6e0bb,2365
2026-02-09T09:45:40Z,NME_MEAT,account.4708ff2fc14140eb9e2599a738420b72,2137
2026-02-09T09:45:40Z,PelicanA-_,account.8e35b4b9831946d1883d1c564b97c138,2811
2026-02-09T09:45:40Z,9-4-0-9-2-9,account.ae0303dd44fc41dd89933f5a2378c794,2842
2026-02-09T09:45:40Z,FAMILY_SAN,account.353ddf90b2e847c0aa1c538995517c86,1966
2026-02-09T09:45:40Z,FIK_OSAL,account.284c7c64c00c4473837d2c8068165d63,1993
2026-02-09T09:45:40Z,LBC_Hotdog,account.c9f2ae9415eb4c09808d9fdbcf49bd44,2155
2026-02-09T09:45:40Z,M_mura,account.be7d790e66504b2c93aea3dcab69db7a,2082
2026-02-09T09:45:40Z,medinet3822,account.94ec323a9c4c4de98e4eb1d640368d4e,2030
2026-02-09T09:45:40Z,DA_BingDol,account.698c8a3fa3384a35981c0b7a151b164e,2021
2026-02-09T09:45:40Z,SRP_woojoo,account.9bfd84578d304d7aa38a4eb39c0f5056,2342
2026-02-09T09:45:40Z,DUBBLEJJJ,account.e03b197b678d4414821e741f09ec442b,1986
2026-02-09T09:45:40Z,LBC_OSSIN,account.f978e6f28edf4faea8ab209046ffb943,2038
2026-02-09T09:45:40Z,Water_dog123,account.8eaba0b2917147c5819d347ffe9988a3,2422
2026-02-09T09:45:40Z,moungsill,account.f99df947fd1b4af7b288c3515ac167f5,2423
2026-02-09T09:45:40Z,ZPZG_YOLO_,account.54de2b8870254f83a34c43c554091f44,2282
2026-02-09T09:45:40Z,wangbangi,account.921fcc51083e4f758ac7baca7a3170bf,2200
2026-02-09T09:17:03Z,L_A_M_I_N_E,account.349ef6f9fa1b484a93ccce3cb8acac0e,2101
2026-02-09T09:17:03Z,BalSaMic2_,account.cdbd38c7787041d0827506412420500d,1979
2026-02-09T09:17:03Z,HaeJeokBoy,account.9129e0066d6a4038a9f39b04b1608de3,2794
2026-02-09T09:17:03Z,RLTJR7000,account.88b68e5b6faf41328248612a3a6946a2,2021
2026-02-09T09:17:03Z,WowO_0721,account.e69ecb4bc8d24784b81f2761b61d8258,2110
2026-02-09T09:17:03Z,jye00,account.bdcc163368d34e6e863a1505674e4fe0,2018
2026-02-09T09:17:03Z,limjihun2,account.940c03a7b11e4d0fa45dda8cbaf3545e,1800
2026-02-09T09:17:03Z,qhsrPdlsepdyq,account.81c5465c30074835b4c2891d9dc27bcb,3179
2026-02-09T09:17:03Z,apppaapppa,account.672e5fc24fc64901b510a046c897e4c3,2061
2026-02-09T09:17:03Z,IRON_0228,account.9f73a5097a97476388e1b248a6227fa6,2258
2026-02-09T09:17:03Z,Asd_ApDo,account.4fb044d0ae314bd7819a5b7e3fbc3838,2238
2026-02-09T09:17:03Z,Ez_HaAng0_0,account.848fa7b3a8294c7995242d9c17326fd6,2131
2026-02-09T09:17:03Z,CHUPACHUPS-o-,account.a1b310ca5b654a3983e5e354f6be8582,2447
2026-02-09T09:17:03Z,esirhc,account.ff4586ba89864c52ae10afca4306ff13,2066
2026-02-09T09:17:03Z,CK-HAITAI,account.89c7e80d4a2144adb6a8e195181c89fa,1843
2026-02-09T09:17:03Z,mirmiso,account.67abf9cc8c394efbb45c258b8ae0505e,2296
2026-02-09T09:17:03Z,652-o-,account.299f6e4418614f199e7250571c1ed8e4,2308
2026-02-09T09:17:03Z,D4EDAE,account.e60706868a1f4414b2220574530e8a6b,3092
2026-02-09T09:17:03Z,1game2smoking,account.cc239d541a4a41e2941924f81eb00ed3,2172
2026-02-09T09:17:03Z,hhnnnnn,account.b3dbd493157944fcb039cd56e079cedc,1849
2026-02-09T09:17:03Z,yoon_MC,account.0b47e790afd145e986c4707b9356ac47,2265
2026-02-09T09:17:03Z,HyeonYong-P,account.850dc229085b4b8184fddebf8ba61910,2364
2026-02-09T09:17:03Z,michin-y,account.cb88c088048541968bceff26325c111d,1802
2026-02-09T09:17:03Z,CK-wWw,account.80b4875751ec4b09a19d5ed19352d11e,2621
2026-02-09T09:17:03Z,CK-OMG,account.0943fd84271b4bbda76123d86cf3c5eb,2283
2026-02-09T09:17:03Z,HIT_xpfk,account.0c2af9f99725429abf8f0bc6eb980ae9,3157
2026-02-09T09:17:03Z,KYN_4vs1save,account.2d5bcb7788d74735b6dc5dbcc0b7b521,2291
2026-02-09T09:17:03Z,rkdxs,account.a7a8d8a4760e4eda8361d0095ab46aac,2158
2026-02-09T09:17:03Z,WG_lastttttttt,account.ec2813879c3640f081b68d22f1adcf61,2349
2026-02-09T09:17:03Z,ttagtta9li,account.5e7d8047cac44ae38fec3f6f97c6b581,2274
2026-02-09T08:53:29Z,PMC_JUN,account.dcda5ea6bc094253952c9a8033b3a4bd,1840
2026-02-09T08:53:29Z,R_Jini,account.7083227d3e0b48e38ad2b644eb368bd5,2033
2026-02-09T08:53:29Z,IAM_NFR,account.b604cf90d4de4d76afa58b9c75ea40f4,2030
2026-02-09T08:53:29Z,P4P_N,account.50eb6cad1ab84eee867d3deb79817f2b,1891
2026-02-09T08:53:29Z,HD_HST,account.9afe982eb34d4e6db10aeccb9a47fbae,2000
2026-02-09T08:53:29Z,Barosallyeo_-,account.36b3a2354c564e98a8023ecd01d869d0,1857
2026-02-09T08:53:29Z,Milkichange1,account.0dc5ca6d5e42494a85f6bf7907b6a8ff,2227
2026-02-09T08:53:29Z,jujuheedong,account.7029d079962240eba13efaf6c934cf74,1993
2026-02-09T08:53:29Z,taeyeon94-_-,account.e5e25a4269bc4a4e9f729e177217a6ec,1972
2026-02-09T08:53:29Z,Jilli_Kimbbolock,account.c16a4fb08a32413093bad53fc25a9b70,1800
2026-02-09T08:53:29Z,yoonxx_,account.9b8d3fc89e084ca79ae27ddfea15d27a,1862
2026-02-09T08:53:29Z,dhfzlfdlek,account.874e0ace933d4896aeceb5d629f7401e,1800
2026-02-09T08:53:29Z,wonhalmeonibossa,account.6711131f310c4330bb5edeb0d8ecde0d,1821
2026-02-09T08:53:29Z,TooToo_headShot,account.7a0f9ef941114485aac89e1043f02b58,1990
2026-02-09T08:53:29Z,BJTAEMIN98,account.f4627bf05f1f4c3797f1165d0f478809,772
2026-02-09T08:53:29Z,PMC_GOJA,account.cf985889b02e471195e780b24dc47157,1765
2026-02-09T08:53:29Z,hxqr,account.8dccbc5545ff4d2e91aa420d13ef87f5,1946
2026-02-09T08:53:29Z,chosanEE,account.20d9a730116947e4a15f84e933ad4d31,1130
2026-02-09T08:53:29Z,BUCHEON_CHOI,account.ca70d59d165e4ff1a8a6f3f1b0dbdb71,2001
2026-02-09T08:53:29Z,Queen_vely,account.687dd12d37f7402f98f1b841d904a1dc,1876
2026-02-09T08:53:29Z,jeongji9,account.d92d5d02838b4edbbebb14b6bdba65b2,1980
2026-02-09T08:53:29Z,TTTTTTFT,account.c623d64fe8644f5bacef9cbb030d2290,1764
2026-02-09T08:53:29Z,hwangZZZ,account.0922737214ce4e729a2926f147f7e42c,0
2026-02-09T08:53:29Z,snowroade12,account.93bde6a04326449696f9d795d85fe2ac,1982
2026-02-09T08:53:29Z,Big_ssong2,account.fac97e54bc6647979b7c74c84512c9f3,1845
2026-02-09T08:53:29Z,tngur200238,account.4cb1595d435045d48bc4379764af92e1,1852
2026-02-09T08:53:29Z,M_Rini,account.de5ddf6861454e5580229b8eccf3cc36,1940
2026-02-09T08:53:29Z,sky_ti,account.58c07e20fcad455ca44e101a214416b4,1747
2026-02-09T08:53:29Z,iS_Kowai,account.45e1c4a49a104e89bcd3d35a1ab8d3e0,1520
2026-02-09T08:53:29Z,gok__s,account.f286975831c0445591bc5b9128d466fc,2056
2026-02-09T08:53:29Z,alsrhks_1212,account.cbb208a2b8c247cca032eec0626fc178,1679
2026-02-09T08:53:29Z,UnnieYa_Nada,account.80240eae7996495983ce42f93f3b3eea,1979
2026-02-09T08:53:29Z,GODE_YOUNGGUN,account.bdf5ce40c1b04099883ab2e42cbdabd9,1714
2026-02-09T08:53:29Z,ZIP1141,account.c7f6e07325bc48db9a7965d5f3467a7e,1795
2026-02-09T08:32:37Z,MaxDowman,account.e92917d5921845aca318975e77942cb6,1835
2026-02-09T08:32:37Z,redhotcpeppers0,account.49bb31170ad842a28c5fa9d554b664a2,2055
2026-02-09T08:32:37Z,Geosoo_,account.1d71361bf2b04f6ab6bdad651f555895,2018
2026-02-09T08:32:37Z,B2gii,account.3249af6b6fec4e9d9f6e1eaacb42f9fc,2120
2026-02-09T08:32:37Z,Allahu_pyk,account.6f7e0e607ced4aaea189da8bc37dc1a7,2021
2026-02-09T08:32:37Z,Ra__bbit,account.48e3f8a486eb493fa69a6258d908c57c,1271
2026-02-09T08:32:37Z,bumbumcbum,account.8922c35547ab466fa6021df1247f0811,1724
2026-02-09T08:32:37Z,wwwupbitcom,account.dc61fae1b60f414686edbb28f025cc87,1800
2026-02-09T08:32:37Z,A-liilliil,account.e5b8d1244c7e4fee83e80bb60f778894,2153
2026-02-09T08:32:37Z,A-teaming,account.70ef6a33350c4406a74b792955e453c2,1880
2026-02-09T08:32:37Z,SxxHnxMxx,account.ea72c1bb653648c6877ae1bd79c9af1a,2097
2026-02-09T08:32:37Z,johnwick0704,account.7e63a56d328743e681db72de556920ad,1670
2026-02-09T08:32:37Z,umcunsik,account.f29c9f406f7f4dcd89ce671243fce480,2013
2026-02-09T08:32:37Z,gksdnfo,account.6a1719c4159441aab0fd53967c195dce,1874
2026-02-09T08:32:37Z,injikkang,account.e35b3d7ed2014de8bf70e651f556c2e0,2033
2026-02-09T08:32:37Z,Plz_DoNotPush-No,account.fbe37b96f30c47c89754dbe97c5dbc70,1924
2026-02-09T08:32:37Z,h_su00,account.5af57892010b44bb9e0fdade8ac97f8e,2026
2026-02-09T08:32:37Z,hobal67,account.ce31b571ae6a4cd7969cebaabc5dec8a,1586
2026-02-09T08:32:37Z,iiiiiooiiiiioo,account.330f04fd065a4245a8f6bd0ca7d3d9f2,1978
2026-02-09T08:32:37Z,NJS-TaE2F0ur,account.4c6168cd0770422d87541a37a0b3168c,1916
2026-02-09T08:32:37Z,NJS-Neo,account.111ed646cf4a4ab6ad06cf81da21a713,2479
2026-02-09T08:32:37Z,youudonthavemom,account.6cd69a93ab7f4fc19730c59f34134261,1960
2026-02-09T08:32:37Z,vl-l-lc,account.ce603c4b56574f96b6fa79ec0e0992ea,1800
2026-02-09T08:32:37Z,NJS-BBangShuttle,account.2ffb0454011049a7bd32cfeff90d2798,2094
2026-02-09T08:32:37Z,Joonnni,account.0aaf6ce3bf964f1c80e314442d586807,1977
2026-02-09T08:32:37Z,dokki-salinma,account.e1fd548bdcb3402e9b7e36e5ca93b101,2243
2026-02-09T08:32:37Z,ZERO_CALORIE,account.4fa227365f1d4a90951573e58d9a259f,1886
2026-02-09T08:32:37Z,JiZone_EngHun,account.21056ff24a4543f083bd1724cc1ea75e,1876
2026-02-09T08:32:37Z,ulululululull,account.f90f2932338d4de9a40520315045cfda,2120
2026-02-09T08:32:37Z,ltM_SH,account.bc59002153d34e42989103ec9c72d968,2332
2026-02-09T08:32:37Z,67HJANG,account.2f5dcc3defd74c8aaa60651b93a1ff5e,1944
2026-02-09T08:32:37Z,andyhug1,account.14550900e74c461bbae9759cef2f8cc6,1825
2026-02-09T08:32:37Z,20200816S2,account.abedd7d23e93477cab038d10be962708,1909
2026-02-09T08:32:37Z,hyangvely-_-,account.73f564a2ea4641f483833abf952c74dc,1984
2026-02-09T08:32:37Z,XiaoPongPongDad,account.ba4f0cadacaa47af849ed6f576bed002,1744
2026-02-09T08:32:37Z,YEEZY_calabasas,account.21da799bfce34605b823fbaba041acce,1986
2026-02-09T08:32:37Z,Sponsor_DS,account.bf8339e9f8ae466892ca5d4350faed49,2064
2026-02-09T08:32:37Z,2002__2002,account.b24bff34132e44bd8882637e162cfd1c,2051
2026-02-09T07:14:11Z,PTSD_K,account.80a05e1c7923452a91aad3196d6da10f,1864
2026-02-09T07:14:11Z,BGP_Jiuming,account.7857f2e7e7434c89ad0aba950a8db6ba,2340
2026-02-09T07:14:11Z,KOR_zzunnu989,account.ea5178d510a54da2b7f4d71bae00b553,1440
2026-02-09T07:14:11Z,xiexieohjj,account.9b305b83f9cb4459924a2ba5c89e6cec,2345
2026-02-09T07:14:11Z,Oldshcool_x_x,account.28b85286d4de44a5b95e14468147eeae,2092
2026-02-09T07:14:11Z,Ngorongoro-___-,account.87270ef6706c4b5ca26b4d7357d70f93,1965
2026-02-09T07:14:11Z,AKRSKRKFRJDI,account.611099532d874abb939d8382eac5aaa8,2317
2026-02-09T07:14:11Z,OHJJ_Beryl,account.512dd5c1fbf5435f953af7fce3b310ca,1937
2026-02-09T07:14:11Z,aka-Greed,account.06b7b8f49a8d42ad8ac35b4458d9f7d2,2014
2026-02-09T07:14:11Z,captain_yeojin,account.28ef1955bd014e19b10a467c060249ac,1994
2026-02-09T07:14:11Z,Minominoma-__-,account.48415b6450ef45e2b1f2ca8fef75b6ca,2024
2026-02-09T07:14:11Z,MOONJINSOL-,account.dc08afe902db44559f8c4419a7f6e17d,2382
2026-02-09T07:14:11Z,2CN_ahfmsekrndu,account.848eb5a4b089419aa31af71b0dd4b413,2337
2026-02-09T07:14:11Z,BGP_Movie,account.ca92e63983244507a76f796cd7029422,2524
2026-02-09T07:14:11Z,FA_blue-seed,account.96c12dcb6e4a46a9b9e5d9c6c6af7974,2200
2026-02-09T07:14:11Z,Lv5_DG,account.97d47ec6988946998efb489c10645a3a,2257
2026-02-09T07:14:11Z,I_n_o_s_u_k_e,account.4ff5d88c724c424491e82fdc6e97ba31,2647
2026-02-09T07:14:11Z,PTSD_ClanMozib,account.bd00c7df056742fbb11e7f6aa28870e9,2290
2026-02-09T07:14:11Z,NL_EnOo,account.67dcde148afe4877983327769fae5360,2302
2026-02-09T07:14:11Z,PTSD_Eren,account.6d6ee05e21444ef39eb68de76963ec48,1717
2026-02-09T07:14:11Z,PTSD_OHTANI,account.73a7351cce7e41ca8cde1c4f4cbad988,2566
2026-02-09T07:14:11Z,bin_o_,account.50d2e03881384664b511cc61d3f8dfb1,2203
2026-02-09T07:14:11Z,BomindaeyongHNB,account.f6f57d10bdd646f3953a431be3eb9b68,2580
2026-02-09T07:14:11Z,dlgkrals8,account.2e5aa47dffd14f7dbdbd820e5335832d,2080
2026-02-09T07:14:11Z,BGP_Daeyong,account.624b59d71e7749568e8cc11a982d7a5a,2778
2026-02-09T07:14:11Z,Pexx_-,account.e252cdaa589f49b4981df1f64be44be4,2012
2026-02-09T06:50:37Z,1Day_Peachzzizzi,account.644b8519bc2e4acbb4269688ed929b31,1960
2026-02-09T06:50:37Z,HES_DDADAK,account.99798767f3cb4bc4a950bd53b1daa853,2891
2026-02-09T06:50:37Z,LlOr7l,account.aa043bbc1b49418cbd92a27ea2e4c2a1,2030
2026-02-09T06:50:37Z,911mint,account.70d45ae78a0b45eeb97e56cb08e394eb,2784
2026-02-09T06:50:37Z,KDT_DUBU,account.3c33906a7b014d5c8df6a568e947cedf,1739
2026-02-09T06:50:37Z,CASA_Zer0,account.935371dc2ed54f4383bce69054ec16c6,2422
2026-02-09T06:50:37Z,CASA_Mung9,account.d0d2e559c6304de78190c5713cf7ab07,2133
2026-02-09T06:50:37Z,SAHALII,account.d34ca62b838a4867b90358561753e867,2148
2026-02-09T06:50:37Z,DTT_TT,account.6007d9674e6140359a84126756a1a039,2413
2026-02-09T06:50:37Z,whsskRhfhagkwld,account.65dab8f6c92040b39a799bdb4e257e8c,2942
2026-02-09T06:50:37Z,ShiBaSeKl,account.b435ca4f3d6b42fba04d06e89a2ad28d,2332
2026-02-09T06:50:37Z,DAF_ssomeak,account.9f8e89e916f1496fb3ce42ffa2dae215,2040
2026-02-09T06:50:37Z,AcD-_-Mascot,account.84ab95ac93c74ba18491fba92eb568ab,2369
2026-02-09T06:50:37Z,Yeosu_JH,account.26f35d80fa1946209a38e4b4dad8e027,2270
2026-02-09T06:50:37Z,MK_Destroy,account.832d97cb189c4b6f9021037d77f0b9cc,1969
2026-02-09T06:50:37Z,DTT_Y,account.096b2165170f4de88e56cba38935b1bb,2229
2026-02-09T06:50:37Z,3somependa_-,account.680e30aacd0b4e22bfacd82c6504f9f1,2247
2026-02-09T06:50:37Z,kungkideok,account.757bdc47616444e5b4625aa46015b361,2303
2026-02-09T06:50:37Z,Holic_JJJ,account.778af72f8c7d4425b31db0d61850b6df,1911
2026-02-09T06:50:37Z,Ju_nony,account.2b960d5c701a4606a2a3f5c862101dd2,2210
2026-02-09T06:50:37Z,ha_gyun02,account.7a4d43a30a874eeb911ea2281ef720db,2090
2026-02-09T06:50:37Z,EHS_DDuBi,account.0bd4f91b5d3744a695b6bcf3faec4e0f,2208
2026-02-09T06:50:37Z,CheonHo-__-,account.5fff6636e9a840f2991278ae0aa50e7e,2597
2026-02-09T06:50:37Z,heedong2010,account.7945b9baa0ce49a480985e18fe47d03f,2007
2026-02-09T06:50:37Z,zzan_g_doll,account.b6d25acc97f84b158f57f8db5201446c,1908
2026-02-09T06:50:37Z,whsskRhfhagkwlz,account.8a04bd0a83f945e885a5443131ff8012,3037
2026-02-09T06:50:37Z,CAKE_PINKBERRY,account.d7af319f901045adac7f709758381021,1634
2026-02-09T06:50:37Z,CASA_PanDa,account.c570e24a38f946c69fac69c380b62aa2,2084
2026-02-09T06:50:37Z,EHS_Sun,account.6a906f9b60bb43628ad0961450f0bd8e,2327
2026-02-09T06:50:37Z,Yeosu_EJ,account.c194f6478cab4900ab085de9ea3a7149,2197
2026-02-08T09:05:30Z,X4_X4X4X4X4,account.c3fe4edb1c204062a70c366e414df9bf,2168
2026-02-08T09:05:30Z,18-71023751,account.7852f4145af84fb6a2efe80c72044004,1899
2026-02-08T09:05:30Z,SUNGHOKINGS,account.2093bf01cab845a4903f5c5d5faebc95,2414
2026-02-08T09:05:30Z,HeKo_03,account.02ada904218d4014a18bb6992179cffd,1997
2026-02-08T09:05:30Z,1777114,account.6d1ed5b4599b4b63bec8b7f2aba0392a,1656
2026-02-08T09:05:30Z,OKKOREA,account.c8cff3b5a23f4768877484c5839a16ce,1651
2026-02-08T09:05:30Z,Devil---JIN,account.8675db642fe44c3ea3d225545196a8e0,1860
2026-02-08T09:05:30Z,IAN87,account.9266e7c9a8404f2ea02604d80f1d28a4,1909
2026-02-08T09:05:30Z,DangW0on-_-,account.ffea70677d6c4366a1b9257e78c89731,2118
2026-02-08T09:05:30Z,kr_road_,account.7e403989845e4ea387e0b1634f00dd62,1852
2026-02-08T09:05:30Z,sleepovv,account.ea19b8fb3ca243de982fe60388a5592f,2219
2026-02-08T09:05:30Z,Taejoonkorea,account.929e55e8a0a241bf92454b5bef36314c,1904
2026-02-08T09:05:30Z,PK_GGang2,account.306aa2f667a14654b70f18f43a1b5225,2072
2026-02-08T09:05:30Z,tiger2580,account.7dc170ce241245eebd27f24e9fabe4f7,1434
2026-02-08T09:05:30Z,2YATHO_JUN_-,account.8fc61abb8aed4082a6937a592ca8ba99,2230
2026-02-08T09:05:30Z,YEEKO_21Q,account.ab5c5b011fed49bbb1164bc1b7e9d411,1845
2026-02-08T09:05:30Z,4u_DeadZone,account.b8533f74706843c8a0388dfa2e070d6a,1741
2026-02-08T09:05:30Z,artmarine,account.82ca4e85915f49ae92983c543c63ba1e,1871
2026-02-08T09:05:30Z,whdnjswls,account.e41b31110df74bc8b14986431b3c717b,2060
2026-02-08T09:05:30Z,minocrazyguy,account.5c731097672c40359168e25d5f3631c8,1988
2026-02-08T09:05:30Z,PROV_B,account.f2adf4ff53bd423e9376aa4d612d0ad4,1025
2026-02-08T09:05:30Z,13559992,account.b19dd54257754af180a3e4dae7bb2e91,2200
2026-02-08T09:05:30Z,Zr_Brabus,account.a9fbbeea9de845639cf783ca22c86eb0,2013
2026-02-08T09:05:30Z,RomaBoy_,account.50b401c0b7654076a2ca328e71a5de67,2003
2026-02-08T09:05:30Z,DDDDDDDDDDDAL,account.73b67fb3884e4cbda8b847cc69e9d350,1828
2026-02-08T09:05:30Z,Seasung_,account.cf992ac89cb74075b4089545440f40b7,1944
2026-02-08T09:05:30Z,V_Ddubi,account.f779bf5ad0d349e1a61e528fd4944595,2619
2026-02-08T09:05:30Z,Jelly_Park,account.2dabb669fdd941318b823bfee9de1cb1,1957
2026-02-08T09:05:30Z,MERONG_WonHae,account.5321877a4fe44e33ae2f7db1c600e354,2071
2026-02-08T09:05:30Z,intaejaji,account.052ce9336afa4393b6679efa320f03bc,1677
2026-02-08T09:05:30Z,Blis_Boss,account.58ed12572daa474990684e362dda0395,2024
2026-02-08T09:05:30Z,kimchi_7633,account.65296f8d646843de82f087107367d248,1978
2026-02-08T09:05:30Z,torrysorry,account.4e2dd66e656b425191be2ecf9569b405,1273
2026-02-08T09:05:30Z,ori3kki2,account.82863405e6d440a983252a5adc334d0f,2382
2026-02-08T09:05:30Z,yarrr_07,account.4957c1bca50c4646b8998214f27fd9d8,1800
2026-02-08T09:05:30Z,Luh_Luh,account.6330a728f3164970a21f0e79d0fab273,2332
2026-02-08T09:05:30Z,LOV3_meeeeeejjjj,account.486ea8981f2d428491fcdd4888271ecf,1500
2026-02-08T09:05:30Z,Lyn-3-,account.f94f343521c547b1829b9c0930305d66,1842
2026-02-08T09:05:30Z,PK_GambleR,account.01da15654e7c4ec697a800f7825d2c30,1865
2026-02-08T09:05:30Z,SaitamaKN,account.a67660a147294df0a000cc29b7b52f95,2161
2026-02-08T09:05:30Z,ghlfud0830,account.08d8f29ac31b4c76b07118624ae71588,1800
2026-02-08T09:05:30Z,l-_-l_l-_-l,account.2ad2799f33f44bbeb3ad063858870942,1766
2026-02-08T09:05:30Z,decdece,account.1d114920b9be443da14f1bfddc5df89b,2125
2026-02-08T09:05:30Z,PARKJAEHEUNG,account.f9f6e5a937824b2eb8df11e5b60ac78d,1668
2026-02-08T09:05:30Z,kr_mt,account.f34a517684c34d0fbc13cc029c197a0b,1849
2026-02-08T09:05:30Z,ZZucchini__,account.930782c542da49198e395ff90bd554a4,1825
2026-02-08T09:05:30Z,LOV3_PIO,account.2588bfd9cb0640b3b4401d20f9c71ce5,2049
2026-02-08T09:05:30Z,LOV3_Yul,account.30dfb764924c47d6b3dc137647bc46bd,0
2026-02-08T09:05:30Z,NPP_DARK,account.cb3513f602e047b9b4f97fcae2ca2c2e,1400
2026-02-08T09:05:30Z,Gang_J0,account.80fad4e31a0f47a190df247956139dd0,1179
2026-02-08T08:34:34Z,SomangFamily,account.c3ede224bb474befad0b04e6218ebb88,1853
2026-02-08T08:34:34Z,X_XSXXY,account.0b8fcd6d344f46a790a9d7fd752816c3,1966
2026-02-08T08:34:34Z,KR_0RE0,account.2fce16fb92c043aaa7cc2b2ce6727bf2,1760
2026-02-08T08:34:34Z,DN_black,account.641610dd33ff4f7e80d3373a4c35a9e4,1875
2026-02-08T08:34:34Z,aimrlahEL,account.65a0a9b68d644a9aaab8eaeacf80f605,1867
2026-02-08T08:34:34Z,yakiniku_chef,account.693fb56bebf8468a8183bb0ebdd9d6ea,1982
2026-02-08T08:34:34Z,3040_SINFE,account.807d0b1c885743a49b6f2c0c63931b66,1676
2026-02-08T08:34:34Z,iNox_iscream0515,account.c8fd84e86f48426397c354b83bd9c4b5,2014
2026-02-08T08:34:34Z,Kakutar,account.4b7276b41239480a993c67862b9b9a35,1621
2026-02-08T08:34:34Z,o_myeonsal_ryeo,account.aeae6e0eb7364a39b1afc9acadbadd38,2005
2026-02-08T08:34:34Z,OSAL1233,account.2de61b18dbf54916b578a8871ecc5782,1671
2026-02-08T08:34:34Z,4337171a,account.d9572f829af14cc0a8e629b5fd51b67f,1875
2026-02-08T08:34:34Z,jieunns,account.bac46bc5212e42e2a78e0d112386c05a,1638
2026-02-08T08:34:34Z,LIoH_BE2,account.956c232aae8847d1b523aec44af91c30,1588
2026-02-08T08:34:34Z,DLADNWLS3001,account.c3b48acd60b74e818260bbb8896c249e,1680
2026-02-08T08:34:34Z,BILLBILL_KMS,account.61b8055166224b888c4b4872c8cc4889,1597
2026-02-08T08:34:34Z,sonbbang-,account.a227bcc248d34a18b39490db6027d221,2156
2026-02-08T08:34:34Z,LloH_ME2,account.6ddaf68e145e4113b74c5f19763ed238,1951
2026-02-08T08:34:34Z,ParkCelle,account.9a3eff0e55db45c79d74f6cfc61b9fa6,1713
2026-02-08T08:34:34Z,Bul_BangmangE,account.bd70096ea31b49e294a10e59ae2bf65f,1428
2026-02-08T08:34:34Z,takeup_,account.7559d0f593c041c98ab9d0e5239cda7b,1178
2026-02-08T08:34:34Z,cutesexy69,account.725c30934d044a56821f69def4d22d40,1705
2026-02-08T08:34:34Z,changmynem,account.db7ba06497634a24a25385218ea31ed6,2048
2026-02-08T08:34:34Z,Mot_Nyeon_Dam,account.a6bbea8040c44f4eb3767a6fbbe08b3d,1607
2026-02-08T08:34:34Z,Cho_Dwlucky511,account.c78fa153100d4f6a80ad07ad288ad17e,1326
2026-02-08T08:34:34Z,chanchanlee,account.12ee6cc11f274d329f87b28b5caff510,1820
2026-02-08T08:34:34Z,heavyroider,account.15c4bf7203414125ba109e389678dcb4,2042
2026-02-08T08:34:34Z,TwoMics,account.3f1a606dce72418f9410e7911928dccb,2104
2026-02-08T08:34:34Z,DORIXD,account.a91386bf5f794f689ba07f9bcd509dba,1766
2026-02-08T08:34:34Z,chodan1015,account.883cd363722d43f6ac0cacbb1f20d687,1833
2026-02-08T08:34:34Z,RK_hyerin__0216,account.bddf7404acc74fd7a0dbef48508d3d70,1367
2026-02-08T08:34:34Z,1n_wo,account.41765a2431f04775a44396ca93c01d8d,1487
2026-02-08T08:34:34Z,JoseonjeIgum,account.635997e9afcf49d18ad9c59ea85773b0,2153
2026-02-08T08:34:34Z,young1045,account.6d964fdad80d4bafaed5017e33cb3e3f,1501
2026-02-08T08:34:34Z,Bieup_Siot,account.c570d13f59674517ae7caa2f0b337933,1908
2026-02-08T08:34:34Z,Chick5rita,account.737813b0970b4c0fb193937c01380786,1986
2026-02-08T08:34:34Z,1_2-3-_4-_-5,account.bc718594691944839888ee7f2532e010,1976
2026-02-08T08:34:34Z,GgR_maple-NARO,account.1c813dcf406641409ed62bf50278a803,1778
2026-02-08T08:34:34Z,Zeruel414,account.ce3760e2391a4a0283516d65d496d0fa,1632
2026-02-08T08:34:34Z,KoR__AUGAWM_,account.c6fa6dbc297a4720b5f5c1aef9422151,1730
2026-02-08T08:34:34Z,sweet__white,account.8bf7881374ea47a89574cd925bf5aed2,1510
2026-02-08T08:34:34Z,P1_GG,account.12564146c2ba4c37a40a9382337c8ae5,1618
2026-02-08T08:34:34Z,KOR_DDDD____,account.f89263a232164c0cae06d7be22f051fd,2096
2026-02-08T08:34:34Z,ssungminy,account.d57e4ea9a8534b4ca13a7b965e2dd349,1781
2026-02-08T08:34:34Z,PPM_susemi,account.0c392b6bbaf94923b63571a35d686161,1597
2026-02-08T08:34:34Z,GgR_ODIN,account.47ed74bf1ae14745877adffd8367bc62,1959
2026-02-08T08:34:34Z,dDONGHYUNb,account.ed49ddf7ec5343ff97e6497d6cc246a2,0
2026-02-08T08:34:34Z,Gra_yson,account.12f638d9e5fe4b7cb0d64d1f73ed322f,529
2026-02-08T08:10:40Z,JJ0MSALLYEOJWO,account.00dd0f259f1e4f09b40010fb323c7db7,1711
2026-02-08T08:10:40Z,UXZD,account.ad882bf307884ba8a250e4249efc1dc8,1990
2026-02-08T08:10:40Z,wncks3312,account.191eed169a794af7ad899139d249a3b3,1917
2026-02-08T08:10:40Z,Balnk_JS,account.f29ff9d8740743b8960f071c81099667,2114
2026-02-08T08:10:40Z,Lus5L27,account.f6ee92d39b984e058c3e6930420d1625,1678
2026-02-08T08:10:40Z,KR_OnGee,account.f69d6cf696e54de894c2b9f6d461111a,1899
2026-02-08T08:10:40Z,Salja_jebal,account.4b82513fa7ea488c8f8be4951cf2f9a4,2075
2026-02-08T08:10:40Z,yang970929,account.ce6fce9c49ad42cd879dedaed33146a1,1947
2026-02-08T08:10:40Z,23-502043,account.dce0cd2268994910906d0c8c04421dd4,2317
2026-02-08T08:10:40Z,anjfqhk28,account.e0f5f38290b540098ed72414482fa9f6,1714
2026-02-08T08:10:40Z,AkaZaHakuZi,account.8c40ee7d9f8446838c00b7069027ccc4,1904
2026-02-08T08:10:40Z,a-neung_din,account.ad2e777cf360428ab3d6eeb7d28c59e9,1800
2026-02-08T08:10:40Z,primary_99,account.81fd31fa6c3a4e23ad106542131908a3,1699
2026-02-08T08:10:40Z,quadranglehead,account.041516d853c74df7b28a9d5d537ff5ba,1925
2026-02-08T08:10:40Z,Campus_PIG,account.b328bf44d858463f84a995c364b7d428,2340
2026-02-08T08:10:40Z,JinHyoung__,account.a9188c97cf5c44fe9ab4270954517559,0
2026-02-08T08:10:40Z,minchang123,account.3c022ac6e3344f27b155b9227ad69c85,1665
2026-02-08T08:10:40Z,BaBo00900,account.705f5e8899324f08807a8b899aba786c,1883
2026-02-08T08:10:40Z,KHSHACK_98,account.70b9c6b3033d498693520d9ddadf75db,0
2026-02-08T08:10:40Z,ooasd2,account.eae629ca00474b4c9971b2870329412c,0
2026-02-08T08:10:40Z,Hari-LI1,account.a7305732f3554419a99b64d3fba735b2,1927
2026-02-08T08:10:40Z,ej_love_mw,account.bb38f862aa6d4f36b4d8ac9419e7affa,1820
2026-02-08T08:10:40Z,GOODNAME_2407021,account.d7cbd51daee0405f8d4ae6fa21bc4e30,1932
2026-02-08T08:10:40Z,leoleuo_o,account.65e8cc721d054717ada8bdeaac588656,1515
2026-02-08T08:10:40Z,x_xSATTOx_x,account.6fef6064111b4531a8ae4d112dbe6e4f,1230
2026-02-08T08:10:40Z,sophia0805,account.3034e501b7ae4f92af54b2c8d535f9de,1526
2026-02-08T08:10:40Z,Gz_GOYARD,account.1641ae000865412b9424b8c4dfb156f2,2589
2026-02-08T08:10:40Z,wpqkfqhkwntpdy,account.7ddfbf127a1e42a19cffb3340512cbd6,2290
2026-02-08T08:10:40Z,RedHakSal,account.90ed50dfe6b042848d2c6c5d395c5839,1498
2026-02-08T08:10:40Z,GOLF_No4_Tany,account.5bca12ccfd6b44ba8107d62f3d06b98d,1921
2026-02-08T08:10:40Z,NegroGirl,account.616dc496899b47deb1aa2ceffb82c282,1851
2026-02-08T08:10:40Z,PA-I-RI,account.aa454074a0364388863cb1cb5b919278,1505
2026-02-08T08:10:40Z,Gz_MD,account.e036d4ab9fba413e88b55d92d136c5a4,2150
2026-02-08T08:10:40Z,JAEHYUNG-xxxxxxx,account.ece51219284c4d189186cdb24ba1788a,1872
2026-02-08T08:10:40Z,BJ_hanmee,account.2c83a7ef9624434fbd605bbf81182c89,2002
2026-02-08T08:10:40Z,imtherealdeal-,account.82dc5c5d00c9479faff1b52e18f2e0bd,2321
2026-02-08T08:10:40Z,palgae92,account.6a2eb1bce89a491ab296ba79f74f9b30,1935
2026-02-08T08:10:40Z,Doopx,account.b1c13016ff434770841a08b4257742b1,1805
2026-02-08T08:10:40Z,JohnWickGz_,account.e037dabd24e54f63a31d95ef0561256f,2383
2026-02-08T08:10:40Z,Only_3Chang,account.916ed6a0fd09405ab85d0afe281c9d14,1740
2026-02-08T08:10:40Z,dhrtntnqhrtnddk,account.2836aa0b4e9143bf9465925ee958aa27,1461
2026-02-08T08:10:40Z,wonvely1019,account.fc682461d587435494e39c68973cef2c,716
2026-02-08T08:10:40Z,Montblanc1356,account.35fc3a11794e46ad950c6bea8f3ef212,1633
2026-02-08T08:10:40Z,Sonyongjin,account.b5686ac9c42a411eb9e342876b6d3283,2010
2026-02-08T08:10:40Z,BBongChyoo,account.35990091895c4577af5d976e47af139c,1746
2026-02-10T09:07:00Z,godbinudfsdf,account.23f9dd206c77409aaaf1105c98cddc46,0
2026-02-10T09:07:00Z,pom8913,account.cdf1be71482f46d69bba9b3aaf90e7b2,0
2026-02-10T09:07:00Z,vO-Qv,account.e1c73969658d44be88f8a8f873bb435e,0
2026-02-10T09:07:00Z,leewyid,account.371991f27ac34e009a1b5815421448d9,0
2026-02-10T09:07:00Z,bigdick011,account.fd5f520efe4146b49492c5fd74f38e79,0
2026-02-10T09:07:00Z,doosen12,account.01302aaeb8414ec8bdbc4a142fb9992d,0
2026-02-10T09:07:00Z,INI_Beeee,account.26eb09e40f7947a3ad2bac3c89203a19,2483
2026-02-10T09:07:00Z,12123324,account.5da00c32afa84cbe8f4350aaa5c37196,0
2026-02-10T09:07:00Z,ak69748585,account.44ff901f6ef143bc87ed5b20e87f1ab2,0
2026-02-10T09:07:00Z,dnqlsdl12345,account.efc512e156484e878aadc41d612ff5bd,0
2026-02-10T09:07:00Z,INI_Uri,account.6ad574197b7342088c2b35d412324783,2286
2026-02-10T09:07:00Z,Marvinnn_-,account.c952999a6ae1403a94566ecfd6f42a6b,2386
2026-02-10T09:07:00Z,Aoji-T,account.f5cde95766f6455195184114f0d36384,0
2026-02-10T09:07:00Z,RS4_ASUS,account.52bbadca3efa49c28aba334088cf7b46,0
2026-02-10T09:07:00Z,msh5783,account.5f013cd82823481aaad3bc24e1fca518,0
2026-02-10T09:07:00Z,PJWSNIPER,account.ff79d596dad84be08e823ddf98e1bd60,0
2026-02-10T09:07:00Z,Abuji_Mohashino0,account.9bc25ec3b8694fac80725b3212fc432d,0
2026-02-10T09:07:00Z,LIOHDI_OI7IOF,account.716b778db90c493c8f48200b65874e29,0
2026-02-10T09:07:00Z,erroer,account.bd0ce3b52c4c42959d6a3bca6ab41e61,0
2026-02-10T09:07:00Z,wnduddlqudtls,account.1fd4a87fb5d0454fb7a311c77d008591,1527
2026-02-10T09:07:00Z,1Day_Aggie,account.e62a702aaed14436b883eb7600516cdc,1861
2026-02-10T09:07:00Z,BULALA_TV,account.665f9ee9996242a0aea3c7c37b9f3d05,1931
2026-02-10T09:07:00Z,boricha_99,account.449b0c2a6d114aca8fabd5085eeeb28a,0
2026-02-10T09:07:00Z,hyun_5347,account.0e4d0d5d86fa4bde89808009828f464c,0
2026-02-10T09:07:00Z,p9bao,account.eff8f5091d894765993f8184e334c561,0
2026-02-10T09:07:00Z,JeyRody,account.8c50b2f328d34395b01405afc596e79b,0
2026-02-10T09:07:00Z,jot_bbooji,account.abc78c0374ee4ee59d4b8f58358ef4b9,0
2026-02-10T09:07:00Z,DIC_EGO,account.751b1e97daf94a2aa048d3a089f5a5a7,0
2026-02-10T09:07:00Z,godgyeongmin13,account.6b97d6391a894108a056178caad71c1b,0
2026-02-10T09:07:00Z,fuck9095,account.44e98879f35f47e897f7ad0b8d68ef63,0
2026-02-10T09:07:00Z,GWAN-S,account.06ee776dafbe438abb0f4db065d12336,0
2026-02-10T09:07:00Z,qkrwlsgus_,account.15613f8dfc6e43919276514c0038f03d,0
2026-02-10T09:07:00Z,sexycuty_eunho,account.6f02390fe8304b48becbcda33508be56,0
2026-02-10T09:07:00Z,ix__gyeong,account.50dd096d1e494f16991714ca3a43e5e6,0
2026-02-10T09:07:00Z,choissum,account.94bbedba89c74ca6999724372ff46ddb,0
2026-02-10T09:07:00Z,NM7__SON_7,account.3cecd6d957744d0f8546df34f8bb26b6,865
2026-02-10T09:07:00Z,292ceO,account.c1f3e6dbb9974af69a84160af8468282,0
2026-02-10T09:07:00Z,FP_Hodling,account.98e44848d34f43ab9064315cfba5daea,0
2026-02-10T09:07:00Z,MooonClooo,account.e21a069f2f454b6da925a31c91edd60a,0
2026-02-10T09:07:00Z,davidpig1,account.53909be5c62d4bf783a11f0706efd905,0
2026-02-10T09:07:00Z,Snoopy_TV,account.e740ab77d90b433b8d9b164058255049,0
2026-02-10T09:07:00Z,9_Mutal,account.60073df12395499386158e4bd1675f54,0
2026-02-10T09:07:00Z,seonmin1217,account.6f16976a593142b6869fb67f07616ab5,0
2026-02-10T09:07:00Z,tae_tae_hyeon,account.539decd9fa7a4386a5c1620b6715bb5b,0
2026-02-10T09:07:00Z,1killzam,account.2b521ef1205647b7a7d3dff179bae132,0
2026-02-10T09:07:00Z,gx_nxx,account.972546b0b2b542fcb093cf96b3d11891,0
2026-02-10T09:07:00Z,whitegood02,account.07255927587d4a518b8a8d1fddabf44f,0
2026-02-10T09:07:00Z,BJ_Harisu,account.95fde918ec9d4c74867553e7e0f60e2f,1880
2026-02-10T09:07:00Z,OMG_Yuki,account.390c7d579b07426e80ef8276b14e75b2,0
2026-02-10T09:07:00Z,ER_korea0,account.bd359b5ed230433e96654b933f4df47c,0
2026-02-10T09:07:00Z,Whysosxrious_-,account.a6c41477529948178e8741c461ed6ae0,2615
2026-02-10T09:07:00Z,hoon_s-,account.b97d5848865f4894b873ec065421d310,0
2026-02-10T09:07:00Z,S_4RNO_TV,account.a0acb7b719f742869825a51848f20b05,0
2026-02-10T09:07:00Z,youhi777,account.df32e0beb1c84bebb26b0c368530ce39,0
2026-02-10T09:07:00Z,choucrexmbbang,account.bde688449b974115a49b79721b54f4c0,0
2026-02-10T09:07:00Z,Mxntra,account.0328087c78cc45d3bc63a01557bd56ad,0
2026-02-10T09:07:00Z,yumi_faen,account.323658ffed7d4bbfb8e9cab0a991a29a,0
2026-02-10T09:07:00Z,Nex_96,account.f6628770cba44c07be95bc47710329e4,0
2026-02-10T09:07:00Z,7r7r7r7r7r7r,account.0778448091be4dbabefaea6e2afbf033,1301
2026-02-10T09:07:00Z,fuckthatnigxer,account.655936862c714972aed496d71261fe93,0
2026-02-10T09:07:00Z,rudvkf-55,account.e8013f871dbb4da5b1e9b244a5e04753,0
2026-02-10T09:07:00Z,olzr89,account.7c787a52c7f546529cae7a0ea2bb4be6,0
2026-02-10T09:07:00Z,HAnS2s,account.90db2a30856c4af8b08e67a4b748bafb,1894
2026-02-11T11:44:58Z,Dizuss,account.f6e78a4e9c0a4a5c87d6b1aa60ad4cbb,1944
2026-02-11T11:44:58Z,NUtxam,account.62785b4ed5ac484fba5021a973bdec68,2664
2026-02-11T11:44:58Z,Han__sy,account.af5b7c5024e048f38da71103c7cd83bb,1910
2026-02-11T11:44:58Z,TEAM-3-,account.c72129896406494a8e73a8624c300245,1856
2026-02-11T11:44:58Z,SuzuYaki,account.f2ebe021ec8b491e96c0020aef4914a8,2356
2026-02-11T11:44:58Z,x1_9mnQ,account.90be9c8d083f4d21b9b28301d7725557,1987
2026-02-11T11:44:58Z,dydwn9494,account.88341f2a51cb4c89956c2ec0d88855ca,1889
2026-02-11T11:44:58Z,0_0_0o1,account.17fa679b540a4a62abadece9d2858a2b,2417
2026-02-11T11:44:58Z,NBG_Super,account.96c5ef285fb3438aaf9d9a4840be7067,1820
2026-02-11T11:44:58Z,01YAKI,account.1354846af51548ae9db49d8a2d7acc72,2206
2026-02-11T11:44:58Z,kakaobgjotmang,account.c2af12824f3842bdb97a7fd784a233eb,1997
2026-02-11T11:44:58Z,lll---lll_PRESS,account.7497e22d1e6b48089aa0d2426b61bbaf,2101
2026-02-11T11:44:58Z,lll---lll_SLR,account.0239ff6180e347b59659161a1c29f482,1688
2026-02-11T11:44:58Z,Y_W00_o,account.ad6b091b76b04316a82993cbca6dde7a,2077
2026-02-11T11:44:58Z,Beer_Kelly,account.93349a9971d94da99a3c175319110289,2062
2026-02-11T11:44:58Z,CN_Y_y_y_y_y_Y,account.3ec94cb8ada24982a2ac78c80a8ab77b,1923
2026-02-11T11:44:58Z,CKrush_GUCCI,account.baeabc798c7b409c9abaa376650fc339,1972
2026-02-11T11:44:58Z,NU_WARANG,account.3969bcd012b743d89c334538b0db79db,2447
2026-02-11T11:44:58Z,Xi-yang_xiao-hu,account.a3c05fb8c4b94344abea423ba95f836a,2412
2026-02-11T11:44:58Z,zkzl-__-vv,account.893c09c0971846f1a882f0c3c991c70c,1983
2026-02-11T11:44:58Z,CN_RYU,account.10ca6f62228840bda895284409aa0d25,1925
2026-02-11T11:44:58Z,ccc666222,account.073a4928f7c9436987a95828dadcc668,2118
2026-02-11T11:44:58Z,45774577,account.7c2a9885854c447e974bbb247f0bd10f,2156
2026-02-11T11:44:58Z,OH-SAL4,account.b0a02d4c427546f6ba072a9a6e1f2d2c,0
2026-02-11T11:44:58Z,BigMacYar,account.160a82f699dd42dcbc2c4a7e5135f921,2373
2026-02-11T11:44:58Z,BGS_DIOR,account.05a489e0ccbe4c25a8250aeffbe9ff8a,2301
2026-02-11T11:44:58Z,3DDouK,account.344db8400852435ca14ee7bd7e2e8bca,1946
2026-02-11T11:44:58Z,SBM_DG97,account.37a1ccf9a0934c8292db978d06b9d219,2092
2026-02-11T11:44:58Z,SIC_R,account.cf02df4628f242e2b873ce2c42eac9bf,2076
2026-02-11T11:44:58Z,PrettyGirlJoa,account.c3c7da1d0db84caf87c34780b1e6f654,2064
2026-02-11T11:44:58Z,Lupin__-,account.6d517294cbe840bcbfe3f9cbb75090f5,1628
2026-02-11T11:44:58Z,79metalheart,account.65d1d4fdffac4d388005ca7b6951ab14,1883
2026-02-11T11:44:58Z,SBM_JBG,account.c4afb91dcaf0426182518f875b99dc3c,2605
2026-02-11T11:44:58Z,SBM_TettoGuy,account.c96c16f1ce2d4fb99b4d4ce08b8218bf,2292
2026-02-11T11:44:58Z,RIP_HER0,account.b4c2115034404e0ea78cc19034378604,2357
2026-02-11T11:44:58Z,Taco__PIZZA,account.871790c8370f48d0904f21116953ec45,2083
2026-02-11T11:44:58Z,DIC_YardMan,account.39936feffa6c42898a5485b4f384c9e2,2215
2026-02-11T11:44:58Z,dkrmaos,account.de8a4c5c974b48679c166dd97c800ef3,1638
2026-02-11T11:44:58Z,back-__-vv,account.a0db27c776874af386e0cb9ac10fd7ce,2215
2026-02-11T11:44:58Z,Ella_Ryu_,account.4bb5093deb334192b5b11ec08d2ecc26,2218
2026-02-11T11:44:58Z,OH-SAL2,account.82debf4f362640a2a19920f760446d3a,0
2026-02-11T11:44:58Z,MANJUYAKI,account.438bf5e2ca5641afbe664e7840b65c02,1909
2026-02-11T11:44:58Z,hwwaanni,account.ab6c78869f25479db7e5646f3ddb39d0,2098
2026-02-11T11:44:58Z,lll---lll_SQUAT,account.57376b7ce80b4914a58b20882d364f32,2387
2026-02-11T11:44:58Z,Park-Gandhi,account.d59be9ff1019428cb8c4e8956740ccd7,1997
2026-02-11T11:44:58Z,NUBORI,account.56b7690a4bfe41fc9aeac7142c6eb36a,2107
2026-02-11T11:44:58Z,superpigheewon,account.f8e046c5270646058195e7b4909571b3,2302
2026-02-11T11:44:58Z,sexrealgod,account.9a1fa624821f4c798c961e44056b0808,1874
2026-02-11T11:26:30Z,psychopathx_X,account.94b5e77585c8484f86ba0917fd5bcbe1,2030
2026-02-11T11:26:30Z,ji---mang,account.ba7096a8630d4005b90f9df676cc86d7,2314
2026-02-11T11:26:30Z,sangdoreeeee,account.042a0c87bf6445b28cf06a466caaa144,2200
2026-02-11T11:26:30Z,wlekdms1,account.871747ea45eb4dc29c795e00ced0cd89,1182
2026-02-11T11:26:30Z,DWN_OSTEOPOROSIS,account.fa7462da21254a75b676f1318c999715,2412
2026-02-11T11:26:30Z,PUBG_CraCK,account.6fced134b7e44db4b51726493b9381d4,2453
2026-02-11T11:26:30Z,KR_ddooksim,account.d3a01d972021431f99aeea8bc022058f,2757
2026-02-11T11:26:30Z,Donghiskan,account.faad6ac986534ed0b8abc453ac403988,2266
2026-02-11T11:26:30Z,YonongKing,account.2d5c00843aa849febd9a8361fc25fe03,2148
2026-02-11T11:26:30Z,uKnow94,account.4d90890c5fe945d68eaddbf592084383,2015
2026-02-11T11:26:30Z,AXuaxx-,account.2e55d1c2a7b84a31888716f42309df41,2230
2026-02-11T11:26:30Z,min-very,account.1477842215214c4bac1614fe95bae3d2,2126
2026-02-11T11:26:30Z,Cheeeze_SaucE,account.63d32c91e4a9440a9cc88017f41aaad9,2178
2026-02-11T11:26:30Z,ApeLShothing,account.a627b64092de4d4d815f1c70849c3f31,2376
2026-02-11T11:26:30Z,23649808,account.fc195ff0b80f4b5abf05f7f106386c96,1946
2026-02-11T11:26:30Z,TTOlll,account.e0ceafa66c9d42258b56de8195889b80,2072
2026-02-11T11:26:30Z,seungbomy,account.b2093f2a41b64a7c87fedca11037ddf1,2507
2026-02-11T11:26:30Z,bongsunS2,account.16a16f2fccd84dbf952dfe5c8d0d7cf8,1234
2026-02-11T11:26:30Z,SEXAWM,account.0aebbde3ee62462288ccd8b50940d7a6,1880
2026-02-11T11:26:30Z,iGo_help,account.ae65db344b6746e290c686ca15497b7b,2123
2026-02-11T11:26:30Z,ak-ak2,account.4384c610afdf446a86e6aa0cf4e66db9,2022
2026-02-11T11:26:30Z,Coolguy_-,account.37b144b274014c4e944f42207a31c548,2093
2026-02-11T11:26:30Z,SIS_MIUMIU,account.2aba2c257d804b989b128ea3f7ee3ae6,2259
2026-02-11T11:26:30Z,SIS_Qui,account.41d359ba34de435e99f013d0f4d0a589,2261
2026-02-11T11:26:30Z,FOX-0_0a,account.bd20d89c87e84ec8af41c203e3e682b8,2576
2026-02-11T11:26:30Z,Ulsan_Holiis,account.da15b0403be943caa4782d1e35697acf,1965
2026-02-11T11:26:30Z,peek_a__boo,account.9fbebab074ad4d978b37ff42b18d8e74,1669
2026-02-11T11:26:30Z,SIS_Syuleg,account.ca9aafa969ae4939b138cbfab6eb43c2,2200
2026-02-11T11:26:30Z,SIS_Warrior,account.e86b8bfe51af451a9481c5069b041693,1527
2026-02-11T11:26:30Z,Q-Qbb,account.96d03a01173c4cfb98072912fe0377ac,2167
2026-02-11T11:26:30Z,K_0228,account.2c729583069a451e911d0324a63a971c,2026
2026-02-11T11:26:30Z,sexyboyz_z,account.bcf70fa1255f49e094131474996eb760,2735
2026-02-11T11:26:30Z,qethgwetg,account.327562dbed4642f89a9a90fa6239c3ca,2097
2026-02-11T11:26:30Z,jilmoonjil-,account.e15667bc3cea4e13865346308cdf996c,1930
2026-02-11T11:26:30Z,parkbaronsex,account.552bda781fe64251969c69a8b30c2748,1758
2026-02-11T11:26:30Z,PUBG_WooN,account.27041aa3c0304d68a006d34e1836c01b,2628
2026-02-11T11:26:30Z,hyohyojo,account.61a8e11faa694fa59c9597272121538a,2330
2026-02-11T11:26:30Z,pourchera,account.7d794c27a3794e36806a3c1ac02ac497,1688
2026-02-11T11:26:30Z,qkrrhkdwls,account.0b900e620556457fae870fb019d69cfb,2358
2026-02-11T11:26:30Z,jinpuran,account.72ebb1e951604274baccced5c1a7cf73,1838
2026-02-11T11:26:30Z,lllIIIIllllIlIl,account.6f5ad03f85b04718ae4b36746ca10864,2254
2026-02-11T11:26:30Z,P_0922,account.2883b1234929423e8b6ec0fe0da467f2,2460
2026-02-11T11:26:30Z,Adorable_DDUN,account.0e3b07dceab54773b568dd75229eb0d1,2157
2026-02-11T10:54:20Z,giL_9,account.39c6bf002f1d42edb96feaf8c594fe4c,1282
2026-02-11T10:54:20Z,CK-HakSal,account.ee8972cca1344e4f8bfc3434ed976f8b,2326
2026-02-11T10:54:20Z,NL_Ungcha,account.44f067a73b2a496e94b5b7bbbb78ff24,2260
2026-02-11T10:54:20Z,GD_Gray,account.c10f9aabe9484ed68146818a933bc028,2413
2026-02-11T10:54:20Z,LYS2_GOD_baek_ho,account.18a0bf8642574e8fa8b27db61f1302ee,1857
2026-02-11T10:54:20Z,RIP_YOUME,account.bc2c3c4eedb042b4aeceada22de1baba,1860
2026-02-11T10:54:20Z,musasi777,account.8afc833d15d64ab18daa989d09c18241,1951
2026-02-11T10:54:20Z,RIP_Linzhaoming,account.b597ca52c13f4b20a7b8208517ad99a7,2357
2026-02-11T10:54:20Z,PTINDA_,account.91bae572730144efa7876a2461e8b3b2,1817
2026-02-11T10:54:20Z,Rf_DonTan,account.45c24d1dd1524e7282c2985c78072dcf,2240
2026-02-11T10:54:20Z,Aromatic_1000pro,account.1f507c2baf47439b8e57243c79ac2ba4,1967
2026-02-11T10:54:20Z,Sibaryeona-x-,account.b0d9e26c891649569a15c192334e61e7,2200
2026-02-11T10:54:20Z,DIC_Ghost,account.76ee334708e84c7e9f5cce44b9179a10,1907
2026-02-11T10:54:20Z,ML_KAMSEONGNYANG,account.f51d46cced2a4c678bff9a53bcd913e8,1992
2026-02-11T10:54:20Z,NTT_Chocoemon,account.7820a49f1e1a45feababe5a34b713b66,2654
2026-02-11T10:54:20Z,Gucci-__-,account.2f3d0ce4458142c895cf6452aebe5cc7,2102
2026-02-11T10:54:20Z,GORANI_ireeon,account.a9a835d8ccf443c2944fe9d12261b6d9,1837
2026-02-11T10:54:20Z,MOZZI-BULGU,account.92f446360b6c450ab6d5db1f96e8e378,1781
2026-02-11T10:54:20Z,Lrpoleon,account.1cac01da3332476d99c8606a63226e24,2068
2026-02-11T10:54:20Z,LlOHMl_O-O_,account.64fc4a55ee81496789a03ad200b8aca2,2132
2026-02-11T10:54:20Z,jh__max,account.e815ea34c6a54290a75f100a399b0f56,1734
2026-02-11T10:54:20Z,minjunsv-v,account.bbbc5b798275401e99719b45d2c32a57,1596
2026-02-11T10:54:20Z,z-Struggle,account.8b038fc44fdc4eda87d0135ca59998fa,1954
2026-02-11T10:54:20Z,bbong_zzi,account.22323e4841a349b2b648dad5073c829f,1825
2026-02-11T10:54:20Z,18ninano-3-,account.157f93d7b7264f88b9b4f286064dd6f4,2603
2026-02-11T10:54:20Z,RIP_Nomodic,account.60e22e08fa0f490a919a5ae9eba96994,2130
2026-02-11T10:54:20Z,Mr_Duuuu,account.82a47d6ccba74f5d84bd064c4c2bd538,2035
2026-02-11T10:54:20Z,HAMJANG_5,account.fe7441fae3fd4b2fa90138eef784f319,2116
2026-02-11T10:54:20Z,CHUUUNY,account.13921390a0b346fd82dd5ff58d0477b1,2035
2026-02-11T10:54:20Z,Bullet0010,account.31892e04327e4748a2f5e099e2d15fcf,1922
2026-02-11T10:54:20Z,Aromatic_7pro,account.86bcd2a9c5944ee39f8955c7aae41591,1469
2026-02-11T10:54:20Z,hanulhanul91,account.a76f24cc959246dfb206380b9d6fcf58,1978
2026-02-11T10:54:20Z,bud_x_x,account.3c8e10c20f014426a7d33aac9b26c19c,2374
2026-02-11T10:54:20Z,X3Z_H,account.cb93fee2b2c844baa4ffcfd8389f3660,1782
2026-02-11T10:54:20Z,Dr_dong_9,account.4b5968b2627b4ccb9066b2e3e809800a,1960
2026-02-11T10:54:20Z,S2yulvelyS2,account.08e5dd8107c24eac91397253af5d87bd,1773
2026-02-11T10:54:20Z,CK-Babbo,account.c6c917f040a34f5bb05b4e8f0e2f13ca,2279
2026-02-11T10:54:20Z,RIP_Ori,account.510c43336b844845b82b3a5f7cda37f3,2302
2026-02-11T10:54:20Z,oxx_x_x,account.5016744dc1a14bb9a1184af3f3bbcb8c,1771
2026-02-11T10:54:20Z,18MAMMa-3-,account.b57ca6e72e794f88baf8f3b58dcef7dc,2573
2026-02-11T10:54:20Z,Pride_BAE-BAE88,account.ccce3e6cca4d4eb1bacee1cdd63511de,2302
2026-02-11T10:54:20Z,congji2,account.826e6fda0c8c437794704e75e2af028f,2278
2026-02-11T10:40:30Z,38813674,account.cb8109055c6045e7b4eba3a8c263a13e,1909
2026-02-11T10:40:30Z,ZZINDG98,account.9d3a2d0888c044f19975fe96434d2dee,2354
2026-02-11T10:40:30Z,AFTV_nigeme,account.671ae42a2fe14904bd86f9490e7a5576,2093
2026-02-11T10:40:30Z,gouniangyangdezz,account.6f81d3b271f44040a0ec0c94f12ab3c5,2330
2026-02-11T10:40:30Z,01077513931-,account.b49233efb4a8409cbbe0a99dd7621a46,2154
2026-02-11T10:40:30Z,BGP_9ukan,account.dcc7005c0fb746828baed3e0adeedebb,2464
2026-02-11T10:40:30Z,ojm-SB,account.f86f2feb1bf144aba8ecabf70e27a63f,1749
2026-02-11T10:40:30Z,Yerina00,account.9488c98d28914a30bfd1123854066bc3,2088
2026-02-11T10:40:30Z,Grimi_XXXXXXXXXX,account.6715d3e63f6744138ccf9e56fcd84498,2007
2026-02-11T10:40:30Z,ejsglfdlsepdy,account.774a0af3b1224c8aae41135a6590d95a,2812
2026-02-11T10:40:30Z,dQ__Qjb,account.7b6eca613176406db6c4c43d1ceebd2f,2401
2026-02-11T10:40:30Z,P5_SunZ,account.af353a1dca0245af831f3ee70666fb63,2827
2026-02-11T10:40:30Z,Zzanmul_lung,account.b62cb6324853468a88517e51dd207235,1828
2026-02-11T10:40:30Z,FIH_27_Thousand,account.06a27a4f6e84400ba75e29487ec8cecf,1807
2026-02-11T10:40:30Z,VIBE007-_-,account.7e34c190a922407196537282ac401a92,1979
2026-02-11T10:40:30Z,KitsuneDG92,account.b14073e5dc304b6baf3cc7f134c77445,2015
2026-02-11T10:40:30Z,sexy_junwoo1,account.82d681dc7a944c0b8d679ad7cc24a410,1997
2026-02-11T10:40:30Z,Kyun_0910,account.acbe7fa11fc04e028cfe3fd382b7c1d2,1985
2026-02-11T10:40:30Z,CP6iX_,account.fe8379ae749b4ff284e1115c42804bb8,2233
2026-02-11T10:40:30Z,Grimi_63,account.3593c0521c5c4712819272c755548a7f,2452
2026-02-11T10:40:30Z,MEV_Help,account.b2a322322c9e4bbcb6ea0fe3f77f941b,2013
2026-02-11T10:40:30Z,Zzanmul_Attack-,account.1d98e1f6557f437e8ba907e55abc1c79,2200
2026-02-11T10:40:30Z,Hyuxnnnn,account.1ab8504b85cf4a9c9c4ab9a9e9bbd3fe,2279
2026-02-11T10:40:30Z,dQ__Ojb,account.7f795ff1583a48c3bfaa19419648c11e,1161
2026-02-11T10:40:30Z,ltM_Tanjiro,account.d572f4ef8eb04fb0b69c2c8fd1e6f7e6,1335
2026-02-11T10:40:30Z,SBJUNGBY,account.73f9e0cfe4cf48d690db1c0ac5b32bd8,1027
2026-02-11T10:40:30Z,dO__Ojb,account.add0469955b24ef88a0c8ffa9623493d,2285
2026-02-11T10:40:30Z,JCN_Number3,account.18c6e45322194b61a0bf727368d4a420,1997
2026-02-11T10:40:30Z,BGP_LORY,account.1ddc03c6c5dd49e7bc4561e0ce615c6f,2016
2026-02-11T10:40:30Z,PHT_01093434560,account.d8cec66bf5fa4ac79049ccde88ddb8b3,2224
2026-02-11T10:06:26Z,O-sal69,account.00cf05ce2c8a4a249314e8fdd1ac1dc4,1852
2026-02-11T10:06:26Z,YAXX_UNI99-_-,account.852c888f54bb4baaa2c97e133466805d,2216
2026-02-11T10:06:26Z,minqwertyuio,account.32c4272798af4861b8c046b46cc3315f,2128
2026-02-11T10:06:26Z,Illlllliiiiiiili,account.f2bdde751fe44b259fc4d37e83be36f1,2294
2026-02-11T10:06:26Z,ra1nmaker-_-o0o,account.ea0d0c9f7bc2416fae0fe41b7aabe014,2318
2026-02-11T10:06:26Z,600dpiar,account.b8c4b7ad8d624e7ab25b82249133d38e,2324
2026-02-11T10:06:26Z,ATTACKER91,account.b5f65684135c4ed1aac5bf3e084ef2c6,1915
2026-02-11T10:06:26Z,BGFUzz,account.f7288c92bf8e4ed897bc4730e9c67395,1935
2026-02-11T10:06:26Z,qnfxl-,account.3e3a4667dee34e50934a2fb737adf1a0,2382
2026-02-11T10:06:26Z,Dhrtmxmaos,account.02e219b192d2477eb9611436dad2a43d,2276
2026-02-11T10:06:26Z,pink-__-pig,account.cbfe3933b6194556b5122f013b44d6fb,3034
2026-02-11T10:06:26Z,DDQNG_GALOO,account.99f93ceb238f4ea7887c1d1bdf0d88e4,2200
2026-02-11T10:06:26Z,junba2,account.5a04ed3bc7014595aa214c6ab61f991e,2424
2026-02-11T10:06:26Z,DAF_Luminous,account.0e711c5231f34b078d38a8b11986df17,2022
2026-02-11T10:06:26Z,um_ma-mia,account.d227745a1c554d1fab6d42f485a3a011,2243
2026-02-11T10:06:26Z,X4_XXXXXXXXXXXX2,account.61ad2fe9dcc04955a9fd4f621a3593d5,1700
2026-02-11T10:06:26Z,pakobulls,account.cf4a4d0581f4432cbaa145673411e510,2325
2026-02-11T10:06:26Z,Guninzing,account.1bfcda31084f48c38917f3c069ef3284,2403
2026-02-11T10:06:26Z,H4RDY-_-,account.1e210ff20bbe4c9da0d363ab3a3b9a0d,2386
2026-02-11T10:06:26Z,NAMBAAA,account.d3f8f9123ba64b80a00ab0bbe5daefc4,2271
2026-02-11T10:06:26Z,Asan_boss,account.616cab08592d43638ae93fe1aa093af7,1647
2026-02-11T10:06:26Z,2SL_Ja-Ryong,account.eb3a48f42af84e6eaf466e4acd647de7,2265
2026-02-11T09:59:00Z,PEARZOONO,account.edb1fcc1a64649f2ba520beb4d2bb5c6,2178
2026-02-11T09:59:00Z,Porter---Nam,account.42017e99e3d34ce29c02be7e8a70d9f9,2428
2026-02-11T09:59:00Z,DNA_ET,account.bc2d0cc4833e492c978adcfaca3c61f3,2060
2026-02-11T09:59:00Z,Giyoungs2,account.942249bb246543a2a08eef2f877756fd,2238
2026-02-11T09:59:00Z,DDUKJEBGP,account.e06c49eb1baf4a15b4a596b8baa5d118,2481
2026-02-11T09:59:00Z,IN-FighterASU,account.49912b480138459b9bcaa10860c97161,1917
2026-02-11T09:59:00Z,alsrbwlgl,account.d3331cba8d444732acf95b096a9e996f,2064
2026-02-11T09:59:00Z,WINS_HEERongX_X,account.c3017973012f4cf39563fe42bb418943,2398
2026-02-11T09:59:00Z,ICE_Zoah,account.23dd02007c6f470d893b6c64c0d697c3,2119
2026-02-11T09:59:00Z,bionda1190,account.09248ae385d84d28a954bd49237e72b6,1987
2026-02-11T09:59:00Z,MS_CSM,account.960b679369e94fd5aca49d767b772a42,2042
2026-02-11T09:59:00Z,ApDo_S2,account.0f53862f53414c758839352a3bc8aa48,1711
2026-02-11T09:59:00Z,ApDo_bAqu,account.15d659fac5124514a83fb46d763a6c62,2390
2026-02-11T09:59:00Z,LS32DG800SKXKR,account.492662b7834a42458f54e2b067b34337,2279
2026-02-11T09:59:00Z,SG_ShotGun,account.20f7f0b45510424e9a5d779ca4adac60,2134
2026-02-11T09:59:00Z,Hoodt-__-,account.ffdf9706c2ad4cfeab806f903bb65e1b,2383
2026-02-11T09:59:00Z,DonKey_x4,account.82c1544dd3e943a098555c252bbf92c6,2142
2026-02-11T09:59:00Z,kunyoungjaji,account.d8af968dbd7343a094a77c23eede38e1,1649
2026-02-11T09:59:00Z,SM_rmaAK18,account.f35768260463458ea71bb77397810ff4,2284
2026-02-11T09:59:00Z,WINS_BestOfHan,account.a50781a64dd64e2eba6e07192ad5dc9d,1819
2026-02-11T09:59:00Z,starmarketS2,account.0375f955ba2b42de989c9ee02964215b,1609
2026-02-11T09:59:00Z,Secret_Sexy,account.68e97126e73249f3b39723b0b6468d70,2345
2026-02-11T09:59:00Z,VAVAP_JSM,account.efa31be40a774d0c9d0059e28368ba67,1411
2026-02-11T09:59:00Z,ApDo_YJD,account.2dbf53801a394a40a1c362fd501618ad,1787
2026-02-11T09:59:00Z,DIC_WOWO,account.9d4454da3fb04279bd0d2fd01ff2ce33,1961
2026-02-11T09:59:00Z,iillliiiIIIIllII,account.6a3903aa2530495598df1b4bb222c630,0
2026-02-11T09:59:00Z,hotsoojong,account.480b7617036d401ba38b4515d9d0b1e9,2264
2026-02-11T09:59:00Z,oGGo_Taegyo,account.8506a5ce3b594f54a4f1d9d36f15df10,2148
2026-02-11T09:59:00Z,byeol_o_o2,account.f0e24bc935ac43e2b55c4e1e214b4505,1893
2026-02-11T09:59:00Z,K4osuke,account.3d2048cf3dab4204924bc6015fe81fa8,1695
2026-02-11T09:59:00Z,ApDo_ET,account.990413c11b0545748046c02b4db571e2,2177
2026-02-11T09:59:00Z,ASU_sury,account.9590aba65674426abff9b4a25957d4aa,2243
2026-02-11T09:59:00Z,rhkrqkrcjf12,account.a89e9fc098dd468cbf0bba2743a432a8,1594
2026-02-11T09:59:00Z,WINS_HaeRongX_X,account.54101d46a796426598c8d863f4918cd1,2003
2026-02-11T09:19:20Z,94_Tae,account.9290ad268b694a58938055a70d675937,1988
2026-02-11T09:19:20Z,uNL_Coorong,account.2041a7c1f4c54785a2f39bf5a8c8c2db,2408
2026-02-11T09:19:20Z,OHJJ_Doorumi,account.5a97fb7f5b9646788a3e7c82aad1ebd2,2535
2026-02-11T09:19:20Z,Baguri8926969,account.0698b962ea964c0dabe11870bdf116dc,1860
2026-02-11T09:19:20Z,G_D-SANAI,account.fd970429bc1444408430154930443bbf,1934
2026-02-11T09:19:20Z,18J_CEO-3-,account.7ca687ca34204e14934dc72e1361aad8,1819
2026-02-11T09:19:20Z,Ahni_-Young,account.06bbef60c9c946168c95f8d47d89db5f,2136
2026-02-11T09:19:20Z,seojeongbin_,account.cdd853464c2b4ccd8d71c2ed5e1bdaaa,1784
2026-02-11T09:19:20Z,Omoplata_choke,account.4fab79bcbf5442309a1423e6de5b2a03,2110
2026-02-11T09:19:20Z,XENA_Helix,account.0ec82c78e851478b81c213a4b976d39d,2320
2026-02-11T09:19:20Z,qormwhsskeasy,account.c3a15690f19f4ecc8d46d93f72fb1b2b,2223
2026-02-11T09:19:20Z,AYA_MERLIN,account.af521de434fa4b72a27a67febc604547,2075
2026-02-11T09:19:20Z,Heooo96,account.bf32ac0fcfb94f8cadb28da407fe2930,1878
2026-02-11T09:19:20Z,AFTV-HAN,account.5363ef559f504fe8a0fcdc430e2bf721,2061
2026-02-11T09:19:20Z,nayur-0-,account.f5aa20e9a7f0474f98d655a65e0834c4,1837
2026-02-11T09:19:20Z,wlrhrjatorss,account.cfa740b1af994abca2b72f31b70ab788,2213
2026-02-11T09:19:20Z,Ai_Ai_Ai_Ai_A,account.75c7d2b1125a49d195bddaacb4bb68dc,2086
2026-02-11T09:19:20Z,36_17,account.0f28a9a02f8742e883736c4e5ea0a8b3,2287
2026-02-11T09:19:20Z,XENA_OSAL,account.bad031f1414b4f2684c5f9354f5484ae,2376
2026-02-11T09:19:20Z,YONE_-L,account.283095dcc5ef4a05947bbdf1256f48a1,2071
2026-02-11T09:19:20Z,Wang_gu_96,account.bb0f956e1f3f4851a16b413b15b738b6,2311
2026-02-11T09:19:20Z,XENA_KuKBoB,account.7f6846bea82d484b8f9079bde24267ae,2140
2026-02-11T09:19:20Z,4-CUSING,account.b09b2cb13fbc4978b3e828d82dfaa712,2450
2026-02-11T09:19:20Z,My_Blue_Bee,account.b59ce0496a274e4e906d5aef3cba4329,1957
2026-02-11T09:19:20Z,Oh-min-seok,account.a213474c2b1e4133b61ec26e40cae0df,1941
2026-02-11T09:19:20Z,BulGoGiMAYOX_X,account.b9e9ffde807e46e293ffa949c2ce13ff,2153
2026-02-11T09:19:20Z,ICNS-rungz2,account.16602ee55cbf40dc9647a0302822f280,2065
2026-02-11T09:19:20Z,NotClosed,account.e8bbfdcf12b7404c872f5d5e6ff3f85b,2450
2026-02-10T12:40:22Z,InonicSu,account.f664888d9ef44f4b9170cb9912a15a7a,2786
2026-02-10T12:40:22Z,S1LPH_Hentai,account.982cd8dc11204e0592f91724aa4b1a7f,2140
2026-02-10T12:40:22Z,Ghost_IU,account.5967575b8c5444319b79cdd4bde0f370,1929
2026-02-10T12:40:22Z,9PM_LUNA,account.157e39ffc7d54c54b6c26a2620797a59,1752
2026-02-10T12:40:22Z,LikepK_Hyo,account.71b89397ddf54061af1cb1ce649ccd6b,2133
2026-02-10T12:40:22Z,KOR_SEXY_HOLIC,account.95868cab9bb0441aba4853620536083e,2031
2026-02-10T12:40:22Z,jsm2800,account.4618dc30c4a04c9b978020d0b273fb67,2161
2026-02-10T12:40:22Z,Dior_off,account.85767aa7a9884480a4ac20f6a0eb45e8,2228
2026-02-10T12:40:22Z,ONESHOT_HARU,account.ccfbbd46c1fc45fa8393a806aa29f386,2164
2026-02-10T12:40:22Z,JYPKOR-_-,account.f9eeaa6014c440ea82b56ab1be53a75d,2072
2026-02-10T12:40:22Z,9PM_Aurochs,account.11880d09b5354ee48383eaf95ef44a61,2200
2026-02-10T12:40:22Z,9PM_Dok2,account.1f28206f94224e57be55c2d0312f003b,1890
2026-02-10T12:40:22Z,HoZen_o,account.14782e8571d0452288ba1ef13055f6a3,2080
2026-02-10T12:40:22Z,sky9462004,account.7b8aa1fe90454dfb83bdc5961b1db7d2,2202
2026-02-10T12:40:22Z,Bong_misun_52,account.f667a95060044691ad85bf3a05e851b4,1863
2026-02-10T12:40:22Z,beichaoxianren,account.b73a2a8fb96b477c9fdbaf93a9fe7b96,2271
2026-02-10T12:40:22Z,LikepK_Bio,account.4a828f33522d49a6ba35cf71b5d0dc1e,2286
2026-02-10T12:40:22Z,1st_CoreaAce,account.10a60a47842347449fc174f3fb37b82d,1864
2026-02-10T12:40:22Z,svaromang,account.99512f157bb74b73ba34d0e3be93aefd,1456
2026-02-10T12:40:22Z,zzzhonggouren,account.7eccd316e8d04e4db61b0534614bc004,2024
2026-02-10T12:40:22Z,iaaui,account.460b96a4ac9c4d0589f82eae70f14920,1828
2026-02-10T12:40:22Z,Hwaneizzang,account.070ac74973dd4fd986448518ed2cee24,1742
2026-02-10T12:40:22Z,Ghost_KBS,account.8d8be54202e74067aff677463083c77d,2438
2026-02-10T12:40:22Z,Ghost_Ferry,account.23639435ac934853a62e52263891ad01,1555
2026-02-10T12:40:22Z,fwb_banggu,account.cdccbf540e034dddb928bb07a6f7b2be,2212
2026-02-10T12:40:22Z,0305-___-,account.338fc852ce734b889a6c30713ee5b861,2111
2026-02-10T12:40:22Z,bboombboom12,account.fb5ff8cb94e64fa19947ee8ee522ac1c,1829
2026-02-10T12:40:22Z,Mercedes_YES,account.242c00007cc3428bbee8082c4624d706,1940
2026-02-10T12:40:22Z,zozorara,account.1f799dc490e24b65b921dd1f98b38f39,2124
2026-02-10T12:40:22Z,100KG_94,account.15ad521cde2648b68b47a99413532120,2355
2026-02-10T12:40:22Z,KaktweO_x,account.274bcd01d1564a5dad0bf14e77b91faf,1804
2026-02-10T12:40:22Z,LEEINHA-_-,account.90822bc7dc284a429d17654ed6c269a1,2232
2026-02-10T12:40:22Z,sindong17777,account.1846edb6f03f424bb864eebfa61d92f5,1892
2026-02-10T12:40:22Z,unboxlng_,account.2b6adbeb913e496da41977233f1bb83c,1831
2026-02-10T12:40:22Z,xinjiaporen,account.0af0ee56abd7481fb5a02fc2d26fb8b3,1849
2026-02-10T12:40:22Z,deok-b,account.205372e3d0e542b7bab7ae27ee19d283,2113
2026-02-10T12:40:22Z,Moon_len,account.b6375c13e8f340d68e5ce03eaae96aa5,2200
2026-02-10T12:40:22Z,ACE32_18,account.8e147bf03f11426081faacf75aec82c2,1864
2026-02-10T12:40:22Z,SSong-_--,account.45c130a5b3024797bcf59d0f3c7e000d,1922
2026-02-10T12:40:22Z,yunu1998,account.2893214268244f45a34ee5861c3b297b,2012
2026-02-10T12:40:22Z,IM_JA_,account.7c5e26a7054747acbb1ab4b5b0df9e09,1958
2026-02-10T12:40:22Z,Rizz_Noxx,account.3ebf0a3029c64aef819e6d5e71adff8d,1934
2026-02-10T12:40:22Z,January____,account.4ac5ca1fb82b4319848e5925a80ef1cb,1844
2026-02-10T12:40:22Z,Ghost_EBS,account.8ff0e3703dde40028da2a62e03fc0fcc,1980
2026-02-10T12:40:22Z,KIM-CHOBO-,account.b7ac528091ed495b984a00ded4894685,1853
2026-02-10T12:40:22Z,JJanbong2,account.e37e28f03c9046eda6bdc43136b7ff77,1832
2026-02-10T12:40:22Z,taeggouren,account.722f292d065f4483adfba3f631c9fff2,1962
2026-02-10T12:40:22Z,9PM_Cynthia,account.2407ced8ac80455baf443cc4be518d34,2271
2026-02-10T12:16:30Z,BJ_LUFFY,account.705011568588408bad4d2222d8e716f6,1471
2026-02-10T12:16:30Z,BADs7,account.c9b7a93df6564ce68925612c597e2433,1934
2026-02-10T12:16:30Z,TiMoASU,account.adfe1514c33d4e8cacb5ecbae07abd74,2200
2026-02-10T12:16:30Z,Goyang_Hyo,account.361730d7e63740c8a2f30a3de14f625c,2087
2026-02-10T12:16:30Z,Mang_GOT,account.84a071cf4ae14f3c93dead1f6fcfab01,1764
2026-02-10T12:16:30Z,NX_Salza,account.0298a75ebaed404b86fe1633f7c467a6,2080
2026-02-10T12:16:30Z,EUNJAI_,account.b419f26dc560473c95d77523ae9b5516,1675
2026-02-10T12:16:30Z,Nemo_Owner,account.3b90628040ab456d97082b17f5b9a109,2434
2026-02-10T12:16:30Z,KOR_JY98,account.944689772c3d4e7c971fd1eb0dc8eab1,1981
2026-02-10T12:16:30Z,ESFJ_PAMING_JUN,account.612e10efc7634012807bdcf5ad26c3d2,2228
2026-02-10T12:16:30Z,Janbari_order,account.2147d44711184db78dabcbf6d140796b,2053
2026-02-10T12:16:30Z,Sung_line,account.41942f07a08a4378908745d3385bd0ae,2063
2026-02-10T12:16:30Z,SALLEEROWHATDA,account.84bc441af4124be0af220ee3b9ab394a,2200
2026-02-10T12:16:30Z,9SaNGASU,account.796786d4ca7d4d6eaf8751c324afef6f,2380
2026-02-10T12:16:30Z,Karina_Owner,account.0eac6160aa4f41409b6b545ebfac7005,1995
2026-02-10T12:16:30Z,CHUCHU_ASU,account.883c106321744b92882907f53b6edde3,2051
2026-02-10T12:16:30Z,tM_Law,account.73cd1a9902a7420baca7e700aa6f24f0,2163
2026-02-10T12:16:30Z,IKEYO__,account.1204e83a2602443a882ac18ca1a4b1ee,1950
2026-02-10T12:16:30Z,TSR_BlackCow,account.40b6c1ae0ac5453a9fb369fe2717ac1a,1737
2026-02-10T12:16:30Z,S-P_sniper,account.b316d217c9344cacafff37534668b3c2,2066
2026-02-10T12:16:30Z,TSR_TLDDAK,account.43f148351e81401fa7e286226740698a,1773
2026-02-10T12:16:30Z,KIM_Da_0111,account.9823ea9050824084a28727755c5ab10c,1726
2026-02-10T12:16:30Z,ISTP_SoUmGiPILYO,account.c22dd0292f54454fb6e19f1b991f4b36,2028
2026-02-10T12:16:30Z,Noct_Bn,account.43eb5af18fe24c4795465798e5733bf7,2092
2026-02-10T12:16:30Z,1st_ash,account.bf55a668e1404cb4a432abc6e464a546,1875
2026-02-10T12:16:30Z,Reve2288,account.dfd36d6148a1486694e175ca1467daf9,2112
2026-02-10T12:16:30Z,Chul_GOT,account.fb7eae6b004b4d67ba0aff61396a2183,2137
2026-02-10T12:16:30Z,CASA_LastTime,account.2208fc2c084240f8af169e49d26d64b4,2215
2026-02-10T12:16:30Z,mingmong-_-_,account.7711a658bd54448d98e7d1d3ff4c0c73,2076
2026-02-10T12:16:30Z,1st_chillguy,account.e4ee8d2c41be4fa6a67119783a2ad0b6,1869
2026-02-10T12:16:30Z,250501,account.e221a01c79ed4a8d82d4c24ed4a7e4b1,2219
2026-02-10T12:16:30Z,StimpackMarinee,account.8c45c30f33584ec3b28b61ed38a1ab5a,0
2026-02-10T12:16:30Z,dukman13256,account.c9770cd01b014ace84f4af328df2a142,2085
2026-02-10T11:52:24Z,challengehouse,account.adca7ca8e9664c42b5856294ddc52a9e,2053
2026-02-10T11:52:24Z,NH_Jannng,account.6709de154c0c4369903e747e34a27f26,2235
2026-02-10T11:52:24Z,Happy_Twins,account.dd125f2b324949d78744caa19519c130,2085
2026-02-10T11:52:24Z,CK-SOL,account.f0a6f8d1e24c4b1881bb826ac3d82fd0,2083
2026-02-10T11:52:24Z,JunSoeng,account.7cd9d7087e804961bfc90af22f2c0144,2295
2026-02-10T11:52:24Z,CB_-_SAX,account.c574dcb53f284c5f95d0fe8a6d55b6f4,2113
2026-02-10T11:52:24Z,CB_-_Rex,account.c83e24aafe9c480191da61b02926e25a,2463
2026-02-10T11:52:24Z,JSG_Chef,account.62bc35d79a604ecab847a5e9edeb263a,1870
2026-02-10T11:52:24Z,CUTEhaneyo,account.b286aea5cc5d41e19ee83519100d59d9,2189
2026-02-10T11:52:24Z,CK-CHECKMATE,account.477c5d8bc78042e48369c7fb004c7362,2030
2026-02-10T11:52:24Z,INI_HYUK1,account.22d0bc4fe05a4b76ba84150de914fb0d,1854
2026-02-10T11:52:24Z,gaesikham,account.5b7905f032d740178d28b87bfb4a58cd,2072
2026-02-10T11:52:24Z,seowonS2,account.678b3e4729ad4bb19b74cd4783393e53,2222
2026-02-10T11:52:24Z,mungdangii,account.fc82643a63044f54a99dbfea0ff9ea90,0
2026-02-10T11:52:24Z,Si_Hoo_,account.2758471f390d4e758fd204728ef21618,2007
2026-02-10T11:52:24Z,RoadKill-_-,account.6520098dac134e63b4eb19855a386db8,2056
2026-02-10T11:52:24Z,ROkiKILL,account.92ccab143f5647f3a5d003293987af66,2074
2026-02-10T11:52:24Z,GwonHyukJun,account.e2aeeb1a48ca4dd8849dedddb6b7eeb6,1771
2026-02-10T11:52:24Z,CK-ManE,account.0093e8a2515e44e8908a2084f05ab514,2183
2026-02-10T11:52:24Z,SD_Shennn,account.1d6103db6e174d6db2c86bf665293c31,2277
2026-02-10T11:52:24Z,Cuttyblack_,account.88c4e40b2f264e9baf04b2d946efa689,2303
2026-02-10T11:52:24Z,Fy_Viper,account.4b940e617a8d491283649f8b8c325af4,2210
2026-02-10T11:52:24Z,Fy_Titan,account.ec1c5d4efce54af0a9cfd37db4e37d37,2029
2026-02-10T11:52:24Z,Gz_SeungE,account.ccdb6169626f4a5599e2cf2762b47ea1,2369
2026-02-10T11:52:24Z,CB_-_Dex,account.c206d4fb93694aeb97707942eee4a004,2605
2026-02-10T11:52:24Z,PockyBalBaDak,account.7fe3492136dc46d48e74f3d0e160365a,2163
2026-02-10T11:52:24Z,BW-KIBANG,account.5e2a020745af47278f6458ec4ebeb383,2076
2026-02-10T11:52:24Z,lightkim,account.3747b180a3c945e5843a9021b1fdb745,1989
2026-02-10T11:52:24Z,nafla_x,account.c156273ed5df492896c8609d2a5e5079,2504
2026-02-10T11:52:24Z,INI_Sohyun,account.c312cb33cdf140bbb86ea2b6409787e5,2217
2026-02-10T11:52:24Z,BitCoin_88K,account.2e857a79c9904ea1b1f49e7363289f74,2200
2026-02-10T11:52:24Z,2CN_DDOVE,account.464043f09e9046a09f55c7b40d21fb42,2488
2026-02-10T11:42:19Z,JJHwan93,account.8ae9d59d10d5409ab452158244e93e69,2103
2026-02-10T11:42:19Z,T_T_O_O_Q_Q,account.74a601fb4e5a485cabafeff74b395715,2192
2026-02-10T11:42:19Z,iilliiilllililll,account.315566c528934541a5cbe649a2ddc2b7,1927
2026-02-10T11:42:19Z,kLu_MD,account.e1ce435171f547c0a4d940d381d21967,2399
2026-02-10T11:42:19Z,SALRIGOSIPO,account.7e8a912efd3a42a5bfbecf6b949c4fa7,1845
2026-02-10T11:42:19Z,SH_Seok2,account.1a275ca8a80e4b169f2ce4f5cbf9b9d0,2234
2026-02-10T11:42:19Z,Rotifer,account.371617f1c499476b9143c9005e3175aa,2241
2026-02-10T11:42:19Z,TK_CongDengE,account.e7e04571d39d491583c6b9b9f1281a55,2112
2026-02-10T11:42:19Z,Gwo_ong1,account.0a1f55caf3ca4405b42f613e47366b58,2214
2026-02-10T11:42:19Z,WOW_AIBOT,account.b7333549031e4dadb4abe59f7aed4a49,2201
2026-02-10T11:42:19Z,Damn-_-b,account.a441d39ebbb543fa8aafcd719569e3c9,2109
2026-02-10T11:42:19Z,NachoGodsex,account.0aa4a3298d6147478eb4281dca087e80,2035
2026-02-10T11:42:19Z,GT_Juno,account.062743c0329c404d8eab365f485a18e7,0
2026-02-10T11:42:19Z,Athuro,account.e00a0ece918c4c57b60cafda239b155d,1890
2026-02-10T11:42:19Z,roikang_,account.a103c22186a14121b7a61238b94abc98,1949
2026-02-10T11:42:19Z,ef909597,account.d31775bd53e84baa9b8a18139e76d4a7,1835
2026-02-10T11:42:19Z,parkmeovv,account.1da118e1d7bb4e199c9e1751d61f18a0,1862
2026-02-10T11:42:19Z,5Z_SDQ,account.73db0e5ff62e4088bc7330894eb4a656,2720
2026-02-10T11:42:19Z,1st_Horoshiki,account.3b4d2db7f2e54457a0ba9025a375392e,2551
2026-02-10T11:42:19Z,shhdpp,account.386cfc81986d4a2a9754b2f4685b3c4b,2107
2026-02-10T11:42:19Z,backtothe5959,account.526a2d7c649d4eae9fa46c96addf27ad,2397
2026-02-10T11:42:19Z,OEG_12Gauge,account.1d8620de79df43ea8f2e062ce7099ac5,1931
2026-02-10T11:42:19Z,9PM_Dadam,account.113e0d8c4d5f460085f6d3f225b019da,2301
2026-02-10T11:42:19Z,Nest_SNAR,account.0d9b869af1274c458ad4e23b07fa6d3e,2087
2026-02-10T11:42:19Z,songsoo36,account.11929718edad49d9808baecb7660dcfc,1958
2026-02-10T11:42:19Z,My_name_Barin,account.eeed60188b334df09fd6624d93cb26bf,2126
2026-02-10T11:42:19Z,TW99_,account.ca56c42decba4345b7535e0ff37ee5a0,1656
2026-02-10T11:42:19Z,WINS_Sun,account.6dbc3e034eb44a09ae3b7f10392eadb1,1936
2026-02-10T11:42:19Z,v--lO__Ol--v,account.acd189b4975042aba83af227bd90f1c5,2166
2026-02-10T11:42:19Z,K-2MCH,account.2ee0687b684748c3a82a793d9d9e1366,2437
2026-02-10T11:42:19Z,0ne_upper,account.dd52f4bef27a47a3b0a1f6a807f20ffd,2210
2026-02-10T11:42:19Z,v--lc_ul--v,account.61a34cd64710474391bedfd0e8db87ae,2042
2026-02-10T11:42:19Z,v--lOoOl--v,account.522683590f164004b97ddc60a748b69c,2089
2026-02-10T11:42:19Z,qndksdlsepdy,account.20de599278df4ae3b303c29f5ff7dee4,2600
2026-02-10T11:42:19Z,bellpp,account.b216c27ac8fa49c2a78d07eb1b1b45d2,2068
2026-02-10T11:42:19Z,OEG_MoJJi,account.045616eb962a4f979dc8981e45ddbe54,2296
2026-02-10T11:42:19Z,sjun04,account.988e9d5fc9ed41d1819cad8bb202be14,2109
2026-02-10T11:42:19Z,ililllliiliillll,account.9ef0741f919a419980acbe949e1956cb,2487
2026-02-10T11:42:19Z,o_sseung-_-7,account.8fd54709cada45c78063d6aab7dde875,1561
2026-02-10T11:42:19Z,cha4613,account.d2943f24b7554d089251927dbfe83599,2334
2026-02-10T11:42:19Z,RO--WON,account.76785c8db339478393a071ac42f33536,1800
2026-02-10T11:42:19Z,SHEBAKNOM,account.9a554f4a5b3c4db596fe24b11512fe42,2095
2026-02-10T11:21:49Z,wndQyBodyguard,account.8db054d12b2a42e485019a6dfc279411,2200
2026-02-10T11:21:49Z,kwakao,account.1e63fada765b48c187fe394f21d726ba,1968
2026-02-10T11:21:49Z,Gz_GGoGieNuNa,account.c0bfe09835e54bd4b8a456a0d3492a00,2523
2026-02-10T11:21:49Z,AGT_Pororo,account.8831ab55a78f44bd8d74cb82e5c216d7,1533
2026-02-10T11:21:49Z,motmachugejji,account.6db34987719e4bbb9aef112a46d53dfc,2067
2026-02-10T11:21:49Z,OX4444,account.732bea7451754cbd833dad80b1a47614,2049
2026-02-10T11:21:49Z,noonnoo-nanna98,account.258661b48a0e4b8dbe032cee4c488224,2200
2026-02-10T11:21:49Z,Esher_GaJo,account.e81d412ae4ea4631b41ae0ffe68f1e61,2094
2026-02-10T11:21:49Z,Gz_Pierrot,account.828785c04f1844928026027424013521,2466
2026-02-10T11:21:49Z,Gz_EunMyo,account.98057c2be28840418c088fc19ed65a0c,2412
2026-02-10T11:21:49Z,dhwjddmsEhd,account.ad1721cc0025440a8d2459ef8eccdc62,2231
2026-02-10T11:21:49Z,WWCD_PYOPYO,account.947b7c68a44845caa7d252972d097887,2340
2026-02-10T11:21:49Z,VEX_YG,account.7b938f9eb3db4415bdd64655bc9751b1,2309
2026-02-10T11:21:49Z,KWOO_LEE,account.6d0134980f044a27ba5260c575b0121b,2052
2026-02-10T11:21:49Z,VEX_KSH,account.9a52382e03a8423fb01b57a146848804,2048
2026-02-10T11:21:49Z,ppu_yang,account.6902396b2c854513bb940990ae1b3aab,2400
2026-02-10T11:21:49Z,RZ_Zoro,account.1eeb619f6dfb4b508849e51fb2c7cf23,2395
2026-02-10T11:21:49Z,AS-AXT,account.550e7925ac184b3982f186f753f6a20b,1948
2026-02-10T11:21:49Z,RZ_y0ring,account.3057d857e68d4fff8af102e01813b723,2496
2026-02-10T11:21:49Z,RZ_Luffy,account.9118d24bf04c4d04993df482a2164bc9,2205
2026-02-10T11:21:49Z,CK-DDOROROPANG,account.73c1fdaf7f8944e38a4caab02d390f9c,2397
2026-02-10T11:21:49Z,Gz_Warden,account.4323e17bd5f04ba187ae648b59faa335,2455
2026-02-10T11:21:49Z,sangnamjadai,account.e395a7156816440289d6060d897759b4,1025
2026-02-10T11:21:49Z,HagssiAnTtaeLyeo,account.ca54fe696e2d42699a140c9edec73c6b,2002
2026-02-10T11:21:49Z,NL_CEO,account.e87e55f218e74057b2f0c1d862f56bb1,2522
2026-02-10T11:21:49Z,BYUK_Yong__s,account.341637cc38194f8baeee3a58d5383f0d,1864
2026-02-10T11:21:49Z,CK-SH,account.d5e4e28f998341f3acb8b59a86d52284,1574
2026-02-10T11:21:49Z,UnP_Mini,account.ace8fa171198474286bede0aed101739,1661
2026-02-10T11:21:49Z,Aug3bae_-,account.99e911d05159413bb0056bdcb532176d,2249
2026-02-10T11:21:49Z,Udings,account.b428b4f63cc944ca92dd04ef6bcbe026,2125
2026-02-10T11:21:49Z,Shurato_VX,account.4140b6efc9e64df8807e3272eabdd384,2291
2026-02-10T11:21:49Z,SNIPER-SUZY,account.08a9b867bf9441329a6dd1c78416d55c,1947
2026-02-10T11:21:49Z,RZ_winbell,account.74f700bbdd444ebab1a937c64347bcda,1800
2026-02-10T11:21:49Z,AGT_DOKGO,account.ac02b8b82da546dabc4d0593674a9c8b,1553
2026-02-10T11:21:49Z,WG_YoungHon,account.fea8948ec05e44c3add459367f75f831,2238
2026-02-10T11:21:49Z,WWCD_RoA,account.28eea2baee63480eb549bb4d7700e274,2220
2026-02-10T11:21:49Z,BlackLie0326,account.ece9fd86fdd4488f84b44534e3b9b745,1936
2026-02-10T11:21:49Z,xsde,account.222120e07e2848358651ae623de25ce2,2338
2026-02-10T11:21:49Z,OTL_PogeunHe,account.8feccbe86aa84d08920e733e8fe76c27,1795
2026-02-10T11:21:49Z,Junibari,account.f83f0e411abf48eba52b8afb4938c904,2413
2026-02-10T11:21:49Z,AGT_AllokDallok,account.dd0015e8dd284caea9dbc308dabc142f,2640
2026-02-10T11:21:49Z,WWCD_SSUB,account.f93f77b8baed4ae38ea3942b0bba39d3,2088
2026-02-10T11:21:49Z,SNIPER-WINTER,account.634c10eaf55f4807a4064537601b2f65,2228
2026-02-10T11:21:49Z,yeongamgun,account.bd9eeeb581d94d5e99175d4c4d754bd7,2105
2026-02-10T11:01:25Z,DAF_GomTang,account.d5e7a137696340f1bad712b45e4b3066,2898
2026-02-10T11:01:25Z,Fy_Ivory,account.06e8cb3300f747f09ce1af37ecd863b1,2049
2026-02-10T11:01:25Z,090_CurryRice,account.7afdd3b5227d4bd991f3f1105ea1678a,1992
2026-02-10T11:01:25Z,DIC_valiant,account.99e3221d230345c792782f71a3cdb215,2772
2026-02-10T11:01:25Z,HyunRVN,account.c83d653d4a724edda73967397ff542b7,2467
2026-02-10T11:01:25Z,WT_Maru,account.f0dc6cc3a03847858d8a71cc6de016ea,2021
2026-02-10T11:01:25Z,XENA_ShivaInu,account.e3b0b827500143c78ad02f02527c9795,2200
2026-02-10T11:01:25Z,RVN_Xiha,account.ef122c30683e46a784cff3a38f1298da,2532
2026-02-10T11:01:25Z,MEV_AtoZ,account.64c56f399a2a40489f35317d92560dd1,2409
2026-02-10T11:01:25Z,condornplayRVN,account.5c2e9b4596d042be955225b933fef24e,2640
2026-02-10T11:01:25Z,givemehackplz,account.3c871eebeb6643158e2b91c3271f4bf1,2327
2026-02-10T11:01:25Z,NT_SupremeDK,account.b41c7416f66343b1be5db8fb110e6673,2344
2026-02-10T11:01:25Z,tkfkasla,account.fdbe2a85644244afa820dcc2741febb8,2156
2026-02-10T11:01:25Z,M24_USER-,account.74ab7294e2c444849ce1296b0498b586,2200
2026-02-10T11:01:25Z,MEV_z4eu,account.0ac78f96c2e74985951d346aab0714ee,2355
2026-02-10T11:01:25Z,MEV_Jello,account.a0690c0888a644be9ccf7b8a1401344d,2287
2026-02-10T11:01:25Z,WT_LEESOO,account.8955c20cbd9047909bc8111e51239a94,2392
2026-02-10T11:01:25Z,man_d-u,account.9e4f034650684c188f58fa105f61d5c9,2182
2026-02-10T11:01:25Z,NT_GyuN,account.853d01f229864ad68d97e0770cf4826c,2200
2026-02-10T11:01:25Z,JK_junseo,account.b439c5f3d88141bb9bc278b22021d4a4,1971
2026-02-10T11:01:25Z,CB_-_SIBA,account.95b4d5acf72e4f92a77be617c9ee0c4e,2524
2026-02-10T11:01:25Z,zZ_DOYAZEE,account.615522ae04214ca2a6a8ca4c25e7a349,2385
2026-02-10T11:01:25Z,WT_KKIKKI,account.0d592f87e7274cc3af95802890d45121,2422
2026-02-10T11:01:25Z,WT_BLACK,account.eb51ad9ba1d34b1a97ba2d2bb8082e69,2493
2026-02-10T11:01:25Z,A__Pache,account.c1dc8c86f7ad4df4b27be48dc1f3f687,2382
2026-02-10T11:01:25Z,ChanHong2,account.1790ccd7480949d69c98ca2aa55e38e2,2456
2026-02-10T11:01:25Z,BUS_owner,account.6ed64a871b68405eaf4bc5dc647a7ddc,2045
2026-02-10T11:01:25Z,Bus_YaTa,account.f7d064e1321949dbab717fbb20feb872,2062
2026-02-10T11:01:25Z,zZ_BBANGZEE,account.625ae42c48bd4826ae70133251f5258a,1637
2026-02-10T10:38:58Z,GOSLOWBGP,account.b21354eeadc3435a8164a039e9cbb9da,2548
2026-02-10T10:38:58Z,Rxi707,account.5fd0506ff8a04652bfb84970f69d8e53,2688
2026-02-10T10:38:58Z,Corsa_sports,account.265801b84d494b1dab35e9f234d0e360,1927
2026-02-10T10:38:58Z,h_ell_o0514,account.11a1a426051548fb8bb70fcaa000e80d,1664
2026-02-10T10:38:58Z,S2O_o_OS2,account.89fbc7a39aff4c30a3c11792fb9a3799,2275
2026-02-10T10:38:58Z,dnftkstksmssha,account.67a9d03836f74f8285d882033b49d0b6,1775
2026-02-10T10:38:58Z,JUNG_10,account.2b7e67fa537148f08b6f30b1861ed5e1,2321
2026-02-10T10:38:58Z,UMM_OISHI,account.ee789da74e8040fc886d4fde64550aaa,2361
2026-02-10T10:38:58Z,akffkdrktma,account.d797462890e54bceb0ed2df7b5300cb7,2195
2026-02-10T10:38:58Z,sjh5458,account.c783e6e4fbe44a3080e95d09f0d8d4ef,2512
2026-02-10T10:38:58Z,BOSS_CHOPPER,account.8e7e1f7767ea4ccf8e97708735270fa4,1721
2026-02-10T10:38:58Z,kyull00,account.c1010076cdfd48c1b482fa74677eb3d6,1908
2026-02-10T10:38:58Z,DIC_Obba,account.1a44dcde677640d0b3339b4ffc9db32e,2269
2026-02-10T10:38:58Z,BGP_SungHyexn,account.e1651d46817c48128e075bf6e20e5ff2,1946
2026-02-10T10:38:58Z,SuPre_DDong,account.f3ae875c8c774754ae93f0fea37912f0,1985
2026-02-10T10:38:58Z,NME_SIBA,account.94a1524d5607425c92a2d8f1801e2bad,2109
2026-02-10T10:38:58Z,Gaksital-__-,account.ab6b0908f67c4386ba7f2ccd76f28b15,2334
2026-02-10T10:38:58Z,NME_CHIZZ,account.d119ec784f4248a58d7a761dd74550a1,1558
2026-02-10T10:38:58Z,sangvely77,account.33f5060d9faa4c82857b10437b0ab881,2024
2026-02-10T10:38:58Z,NME_JB,account.4640b6c3bc3b4799904fa18c1d00595c,1863
2026-02-10T10:38:58Z,ryu2h,account.25f3774a22a1449786cd6ad0280cae28,1976
2026-02-10T10:38:58Z,jisung1208,account.4553318fd3184995b57196ce446c155a,1957
2026-02-10T10:38:58Z,o_r_e_o_,account.45a6c23578994ef68a963be1fa83ce23,2092
2026-02-10T10:38:58Z,001115,account.23e01818b64b4964af6c551f9b64c8e6,1621
2026-02-10T10:38:58Z,HIDAEYONG,account.9e47419a74024e929f1dc88d6f1cbfc2,1894
2026-02-10T10:38:58Z,SSEM_mungchisem,account.4d3c645a35d8445a9e163fc279663b7c,2444
2026-02-10T09:58:17Z,TBAR_Loma,account.1298b80603b346baa50f611742ac759b,2234
2026-02-10T09:58:17Z,Lin_Edge,account.c8f6c555806049f7810a55ef7749ae74,2261
2026-02-10T09:58:17Z,Ez_MulKimchi,account.428a5899310f4f889923de0dc4254498,2608
2026-02-10T09:58:17Z,OFF----KHAKI,account.ba69c3a490e94fdb82b7e73dd7d04796,2544
2026-02-10T09:58:17Z,BRILLIANT_11,account.ba23c79e796d4421b351ea012162a0a1,2210
2026-02-10T09:58:17Z,YP_Cha-Pop,account.6ae95bd8cf2d45f0ad11a5f2e9267029,2084
2026-02-10T09:58:17Z,U_Just_Ended,account.fe26a010cb4d4525abbb79f2308d08b9,2038
2026-02-10T09:58:17Z,kys120120,account.de09d6783f0f45fc96b003cc0b7144ec,2069
2026-02-10T09:58:17Z,Ez_241216-,account.a717d6b17a4042dcb9a4f08f14e3b6df,2608
2026-02-10T09:58:17Z,I_Topuria_,account.9a80abc3737e486d94922505ea26c46c,2256
2026-02-10T09:58:17Z,Eclipse_Wasabi,account.704f02bdba244ca5bd617174cde2c901,2410
2026-02-10T09:58:17Z,Hara_-Mara,account.52cdc84052744a5a914be2df21d734ba,2072
2026-02-10T09:58:17Z,zlzkwkd,account.bc4f8eb29e9247ad87f133d294df0103,1846
2026-02-10T09:58:17Z,DGG_Marin,account.2c42cb1d7f3f439dbcb252d7bb4db28f,1763
2026-02-10T09:58:17Z,Ez_BARA,account.100591377230432fa0aba870b9f39e0f,2720
2026-02-10T09:58:17Z,SIS_HAE_EUNG,account.530fca9b5b03423bb91780a13a793659,2065
2026-02-10T09:58:17Z,Stun-_x,account.94fd2ab54fa54f4d97d9ec8f47a0f189,1913
2026-02-10T09:58:17Z,300_dora,account.f7f80a127d914f919fe64ea933edba1b,3400
2026-02-10T09:58:17Z,qnjjjjjnp,account.3a9f8ea45908402b9a611fb19c346d10,2310
2026-02-10T09:58:17Z,wpc159,account.28e353d0f89f4c70acc884027b0b2489,1963
2026-02-10T09:58:17Z,HAAAAAA-3-,account.6426a49512604cd697bf8bb930478ddf,2950
2026-02-10T09:58:17Z,Ez_soddevil,account.cd75c1013ee04f1aad86475ba65bf336,2200
2026-02-10T09:58:17Z,3to450,account.a7af585465534381acbff4d2d2a7cfa0,2130
2026-02-10T09:58:17Z,EGAL_sara,account.41da88217558400394d247ab006ae686,1933
2026-02-10T09:58:17Z,BRILLIANT_053,account.519c340a65404bacac894774a738e478,1755
2026-02-10T09:58:17Z,choiddong23,account.8fc16dd7290d40c19e8a6b72c52a48a9,1980
2026-02-09T12:00:19Z,Well_Mannered,account.b7fddb7d6a5f4369b979d2355f2c82f8,2033
2026-02-09T12:00:19Z,Th8ory,account.cbcdab33e05e4f5795018e12b4a9ce3d,1801
2026-02-09T12:00:19Z,PTSD_manzuu,account.04acf668d80e47b29b24a7619d2d7deb,1815
2026-02-09T12:00:19Z,CK-Pengsu,account.12e8c78c4458482288f01d55ae5a53ff,2032
2026-02-09T12:00:19Z,FLR_JW,account.54bea16775bc4613ac2a6c04f3465820,1852
2026-02-09T12:00:19Z,Rf_Mudra,account.5097831bcc3a4f25ae311d20ae3fc74a,2011
2026-02-09T12:00:19Z,RVG_SILLP,account.1ee39d65571b4562b7a6f8f206affb09,2066
2026-02-09T12:00:19Z,simturbo,account.d419d6be9aff4b39a35ec3f5c79aef56,2385
2026-02-09T12:00:19Z,FLR_henjy,account.a35c407290544352af6aee4d5445dea7,2356
2026-02-09T12:00:19Z,ParkAbum,account.f0334d3bcd174ed1a48650bbd97ed0ae,1863
2026-02-09T12:00:19Z,SOL_KUBI,account.ebec39ac383a43b3a67d9180adf1579c,1837
2026-02-09T12:00:19Z,killjongwoo,account.57c4db5c3625431ebf22855ed2f68f91,2081
2026-02-09T12:00:19Z,hjjhhjjhhjjhhjjh,account.be93f21f79e24c27ad2a47e9f280417f,2629
2026-02-09T12:00:19Z,ShinShen_JJANGGU,account.4956a9a75b1c4196ab170cb06c2fcbfa,2689
2026-02-09T12:00:19Z,DDDDDBBBBBDDDDD,account.31df5015c80d41779eca5b79ed0a38a6,2449
2026-02-09T12:00:19Z,FLR_XVideos,account.aef8c3dc281d470988185b080ca5fe82,2409
2026-02-09T12:00:19Z,BOSS_PiNoKiO,account.0259f12c67ba48db8f723aa32de1c545,1966
2026-02-09T12:00:19Z,DGZ_NIMI,account.b2f4dcbbbfb64f42b8dd86c8a9bd3fd3,2600
2026-02-09T12:00:19Z,Rf_KSUN,account.50fcb317cb36482f945ce0b9351f488a,1913
2026-02-09T12:00:19Z,Sweet_socks,account.d0a04610d4ed4476b7682086a4dc4775,2025
2026-02-09T12:00:19Z,Dancingmama,account.a42b20757e0e4ac0bc304005b382d343,2025
2026-02-09T12:00:19Z,Rf_Zizigo,account.0517432f899a4fff84c61fedd5e9cbdd,2365
2026-02-09T12:00:19Z,UWA-WOW,account.2792392affb64d6bbadbae749422fac9,2368
2026-02-09T12:00:19Z,BGT_Dolphin,account.595f159da2cb4df6bc5c465c02e6546c,1524
2026-02-09T12:00:19Z,SIMSIMHANIKKA,account.5f153cfccc374b6287bd0e3c9b9bf0f6,2238
2026-02-09T12:00:19Z,WA_Zzzzz,account.231aaea4de6040008a2fe9272efcaf78,817
2026-02-09T12:00:19Z,HANKINGKING91,account.63d6f82efe364d0b9bd8bf73600c627b,1987
2026-02-09T12:00:19Z,min_kkong,account.8c83a954aa9e464e98d8299a45669792,1980
2026-02-09T12:00:19Z,ST_SI96,account.90418a8e5c8a4ade965216f021a20b87,2077
2026-02-09T12:00:19Z,DdolgDdak,account.4ebfcabb6aad48408aff1725a4ee401f,2145
2026-02-09T12:00:19Z,MOONONIX,account.db931259964d4636b7d89a2e22675c7e,2228
2026-02-09T12:00:19Z,The_05820,account.20150fd0bdea425197dd7f58a396ef65,1874
2026-02-09T12:00:19Z,KWANG84,account.8548cec4ff4a4a2991c710728dd4e635,1880
2026-02-09T12:00:19Z,gan_deu_gi,account.aea7bdf894754a068de60babe9954a41,2193
2026-02-09T12:00:19Z,Rf_Shiba,account.be2d596dee6b49c3a5ec6bc82c779e0b,1948
2026-02-09T12:00:19Z,GOAT_TOMHARDY,account.43d8219963a44ba792b961db83691033,1963
2026-02-09T12:00:19Z,rr230216,account.cbf7cfc9416840ce9b794a9faab8a442,2120
2026-02-09T12:00:19Z,ShinShen_miu,account.e44d3726bfba442f98a18ba362cb37b4,2225
2026-02-09T12:00:19Z,ST_MH96,account.104830437bc448d1919a5975982dccf5,2436
2026-02-09T12:00:19Z,wickedplay,account.b5360d6372a14bf59b875ff1ccf2cb51,2689
2026-02-09T12:00:19Z,DIE-KNOWLAND,account.23103c13c7574f0c8d725a527fb17030,1983
2026-02-09T12:00:19Z,BOSS_B_O_S_S,account.b60339153af7401f9d20825f1c11fa02,2157
2026-02-09T12:00:19Z,OTL_Bye_NextGAME,account.ddf49067ee7d4e1eb8f0e86ff26fd54d,2128
2026-02-09T12:00:19Z,CK-Zenitsu,account.9e9f7fe9706442dbab67d2ae0808a928,2171
2026-02-09T11:31:25Z,Whip_86,account.d8940bbc46944474ad7f91c10dc88e31,2100
2026-02-09T11:31:25Z,Wa_GGu,account.0a5a61e0e291495dbad72387b5442232,2200
2026-02-09T11:31:25Z,TheEpilogue7,account.13dbbe0dbbed4bed9d2450c970cd2742,2946
2026-02-09T11:31:25Z,Giriu27,account.7380fb5a9dc84f2786902dd53190912d,2061
2026-02-09T11:31:25Z,berino-,account.37067ac6985b4da5ba470d45b961b848,1988
2026-02-09T11:31:25Z,seung_soo62,account.d2a399a8ce72438f99a879a2eac40d8e,1941
2026-02-09T11:31:25Z,7mmlove,account.835af6f1a15a47d89ccadc5c57551d30,1857
2026-02-09T11:31:25Z,INX_BAKO,account.64f4e668ae9844d78bff914522f835e1,2424
2026-02-09T11:31:25Z,INX_NIKKROW,account.69c3c4dc105a4c73a996dc40bf0fc87d,2331
2026-02-09T11:31:25Z,DIC_USSG,account.5490916965284618b9d404837a4d433a,2400
2026-02-09T11:31:25Z,Yeon-Duck,account.663e31df303042d88d50ebd509f06112,2311
2026-02-09T11:31:25Z,SIS_Pinocchio,account.53b1b266b7ca4078b320fa9311151d88,1521
2026-02-09T11:31:25Z,Almond-_-Breeze,account.54da99140daf4492a08529c075d172e4,2052
2026-02-09T11:31:25Z,Lullaby_55,account.767ad000a3494f42b6c7a5a59cc7fd80,1843
2026-02-09T11:31:25Z,US_15G9,account.2774825691894f9f90fc7fbd8f057b8a,1908
2026-02-09T11:31:25Z,JIH00N7,account.bfd39a3619f64846b26c78a9948dabbe,1884
2026-02-09T11:31:25Z,XXO_DDeok_s,account.f074f6b253be486595315f83dcea8611,2025
2026-02-09T11:31:25Z,MU_TOP,account.3f73d00852fa49a191b593280d1995c5,2337
2026-02-09T11:31:25Z,bradycardiac,account.7cdb17e042f540209cdefe2c9121770f,2050
2026-02-09T11:31:25Z,Ez_BUNNY,account.1e1038c5ca4648a0b5904f38ce8f4036,2694
2026-02-09T11:31:25Z,YG_TOP,account.f5ac791486de4048a9ff4af8d6ab5240,2089
2026-02-09T11:31:25Z,Tae_SSeong,account.63c648d1d8fe4d15ad120b8e0f9e8d4c,2103
2026-02-09T11:31:25Z,8888888888m,account.8c5dd99be4654811a5d0773f2436be74,816
2026-02-09T11:31:25Z,khh_0808,account.7b39a74de184485aab7755e9ca0e9c76,1991
2026-02-09T11:31:25Z,Ez_Hihi,account.aaa33a0cbf854f52acf51d86a728edb6,2434
2026-02-09T11:31:25Z,Ez_Rage-,account.8f93df335ae64ed5b06c3800a9c57f3e,3344
2026-02-09T11:31:25Z,FAkE_Vaerene_,account.5f289dab18f74ce693ac251e35c9ecbc,2332
2026-02-09T11:31:25Z,2CN_BBIkatory,account.966a18458e29486990ef39da767c9c69,2865
2026-02-09T11:31:25Z,kingfishing,account.0bb163ece7ac471e949d4957f8e97908,2354
2026-02-09T11:31:25Z,AI_TOP,account.540ed19cbd874e4a9161165b25c2d91f,1668
2026-02-09T11:31:25Z,DDUN_DDUN_E,account.0bdadeecd9e54607ba89881ed76c19bd,2279
2026-02-09T11:31:25Z,seongho0_0,account.fc661618f7ca44d6a122083dddcbbc9d,2221
2026-02-09T11:07:38Z,Chihuahua_KJ,account.694e2509dfdc43209f7736a9f70bc6a2,2231
2026-02-09T11:07:38Z,DIC_bongbong,account.1ab305ba92f74170b1881f7c5cb7d6ed,2605
2026-02-09T11:07:38Z,kyh0309,account.474fe07f59774c8c84fa592fb9ae5f8b,2446
2026-02-09T11:07:38Z,NUAK_crab,account.6e1bb249dbab43d795264af0025bbff6,1650
2026-02-09T11:07:38Z,MinsuBryant,account.6c0d5a00bb2448ba8a39069122efaf1d,2265
2026-02-09T11:07:38Z,CS_E-Clas,account.2fcf214b70b9446aac95e6d25227958e,2305
2026-02-09T11:07:38Z,out_haengbae,account.4b475ee8776440bab59ffb97ff83c2e1,1654
2026-02-09T11:07:38Z,NATI_7HAH77IOF,account.04199271ad66498ab14fcc59581994ff,2044
2026-02-09T11:07:38Z,KABI_97,account.914ef528b2bb4616a8b3efc076a4884f,2253
2026-02-09T11:07:38Z,grrrrrrtgak,account.da8ab4bf0b1b47869039391d934df645,2005
2026-02-09T11:07:38Z,RMAZHAL,account.a57fdac3b5a446a59dfa0a5cd6174fe6,3000
2026-02-09T11:07:38Z,sEnsEmakEr-__-,account.7b2fa5f9b9d74f8585daed147f6cd6b5,2465
2026-02-09T11:07:38Z,D1_HIPPIE,account.869364861a8d4f8bb6be6dd0f3bccd5e,1850
2026-02-09T11:07:38Z,bbangdi_-o-,account.0c535e7446314a3f839d9716d1b76050,2454
2026-02-09T11:07:38Z,KDT_hyun2,account.dd13046e6f724b939cfdadc38ea8a4f1,2171
2026-02-09T11:07:38Z,The_1pro,account.edbe329d89554c678085b4ebdfc9532e,2080
2026-02-09T11:07:38Z,INX_UN9AM,account.ab3866d462f94687917230d5399bfc25,2492
2026-02-09T11:07:38Z,DIC_Potato,account.4373fac1646649b089ce23821f10aa54,2226
2026-02-09T11:07:38Z,OZMA_U,account.5325cf3558cf413cbc582905220e880b,2410
2026-02-09T11:07:38Z,OZMA_P,account.e87e159de2a94adb8636d35d1e4fbcca,2087
2026-02-09T11:07:38Z,HES_Hyun,account.10503601ff09477d86af74156ee68ad8,2630
2026-02-09T11:07:38Z,Dcupmid,account.e63b725b56ed49f8af282afc9e849424,2278
2026-02-09T11:07:38Z,hymotors,account.8d4c8440de4c4f4da3de08e899b70706,1937
2026-02-09T11:07:38Z,Khan_HIPPIE,account.a83d98510ccb4ba3af01401ced52d46b,2209
2026-02-09T11:07:38Z,Out_Boxerda,account.8bcb83650237415f9123aa3fb5f0ff53,2330
2026-02-09T11:07:38Z,OZMA_D,account.b57b392300f64dfe8254bac6a6d4cd0d,1991
2026-02-09T11:07:38Z,Xero_cola,account.4adbe9900e6f4a368d5cfed209cdf92c,2415
2026-02-09T11:07:38Z,NU_SAJA,account.53f0382bd2234403b27d3b7b61193032,2237
2026-02-09T11:07:38Z,QTQT_JUSLO,account.aa19b3518c484b1b98aad430ec555ca4,2032
2026-02-09T11:07:38Z,Out_HeeYa,account.d0b8f89bc3fe43668cda7f7e43ac9aa5,1676
2026-02-09T11:07:38Z,RX_HIPPIE,account.c1f4e9cdabbd4ba2a37552e0e9ab56a2,1826
2026-02-09T11:07:38Z,OZMA_S,account.63409842e23644a88b235487f4e00f06,2233
2026-02-09T11:07:38Z,M-SIUK,account.9cbfbfb780834716b09502340e2bf9c6,1949
2026-02-09T11:07:38Z,Alpha_XoX,account.b27f7ae9de1c4055be7e2aae1ba46562,2032
2026-02-09T11:07:38Z,Alpha_zEx,account.d773aaf8e4164f4baeeda017ebb54043,2200
2026-02-09T10:51:34Z,Mev_veM,account.074520abb9094213be158c670e77228a,1928
2026-02-09T10:51:34Z,Gae_Dal_DA,account.fd9456191a25407b9e900cdf213e75e3,2376
2026-02-09T10:51:34Z,DDCZDH,account.42c91806e1e84504a45130e2dafdcb1f,2573
2026-02-09T10:51:34Z,SunSam2,account.f6a97840b7a34aa6ae4682f61d742c6c,1918
2026-02-09T10:51:34Z,psj1997,account.4249f3de683f4ef1984632dfb1c601e6,1977
2026-02-09T10:51:34Z,mualbaX_X,account.87eeece8bd1e4f819d1b89d70c638477,2514
2026-02-09T10:51:34Z,mango_ooo,account.37f85888c8234049be4dd1d1f218ad35,2047
2026-02-09T10:51:34Z,FPXHSK11,account.955028d71c2f497e9e4b054f1a8c3f9e,1929
2026-02-09T10:51:34Z,mualbaSaekkiya,account.8842cb7e647b4a13818f6c212f596166,2395
2026-02-09T10:51:34Z,dkdlelsm,account.48a90cbb22014eb38f7cb7842b986778,2009
2026-02-09T10:51:34Z,KWONPYO--,account.5598ac187d3a4ae7956d9cab064ae9ed,2075
2026-02-09T10:51:34Z,DoHoon--_--,account.6250dc843dc9431b8d5f50943697bad9,2186
2026-02-09T10:51:34Z,Wnsrbek,account.72f1f28500ac45168d20b4a217431a6f,2002
2026-02-09T10:51:34Z,jotgosu22,account.35c2488d946945ec877fe5e90ddeb593,1923
2026-02-09T10:51:34Z,BxxrKoxxL,account.75ebdd6e605041c8bcbc954bbf45af06,2200
2026-02-09T10:51:34Z,chow-chow_,account.dfb293708e1a4a1cbfb60d686788e333,1816
2026-02-09T10:51:34Z,VOVO_HongHaLBAE,account.282d6288d35c4e03aedda83e6b70a23c,1980
2026-02-09T10:51:34Z,V_HARIN,account.3d4274123a73407cb190aae0a2a7d423,2234
2026-02-09T10:51:34Z,M416_USER-,account.2bbcf319b4924a489e57251698b5ee4b,2417
2026-02-09T10:51:34Z,DTT_M16A4,account.fcfe825aad274825ba19a7fb1bcf99cd,2344
2026-02-09T10:51:34Z,SSAP_Ing,account.955fda9e35964ae49207cd3d25511744,2632
2026-02-09T10:51:34Z,2heart222,account.a762788bb6e045faa680bf74570efbc6,1973
2026-02-09T10:51:34Z,fana_ya,account.047e791ec8e74fedbcdc92c8d95e8a03,2018
2026-02-09T10:51:34Z,090_EUNJI,account.4b145d7553d148aa89ec1a3e9bf09a28,2081
2026-02-09T10:51:34Z,DFN-salt,account.9cf7b2a42f0847bb9d94a2512b65e928,1971
2026-02-09T10:51:34Z,LBC_5Tan,account.b499524815b54c98a024292571f12626,2383
2026-02-09T10:51:34Z,maha2854,account.b97cf4230fce4792966175e9e7df0c95,1847
2026-02-09T10:51:34Z,YONGYONG_BUTCHER,account.d3350ad837fc49ab82180da3d17fa804,1836
2026-02-09T10:51:34Z,DIC_AQOA,account.6309805e148c42b6aac67e0c38fb1145,2200
2026-02-09T10:51:34Z,YunJiho-,account.757df3d22e7b41f896211bf4eb67729b,1978
2026-02-09T10:51:34Z,13792157,account.fe33843ec97946c19b5988c911817d4d,1603
2026-02-09T10:51:34Z,DFN-chilipowder,account.01a5bee7498646a29a94604dac2172e9,2083
2026-02-09T10:51:34Z,Real_Dragon-,account.3a03260763e54ab8820de6bd8f5894d9,1958
2026-02-09T10:34:32Z,TPX_Aiim,account.62878aa272a94fb9be70e95801a3d882,2242
2026-02-09T10:34:32Z,LBC_taebong,account.b5290781e8c4420484a905e99cf357f6,1913
2026-02-09T10:34:32Z,Kira_2No,account.4ef628c5597f47c0ae4c2682f26027fc,2628
2026-02-09T10:34:32Z,kosu19,account.d71c49c1892f4578b30aff27ced86e43,2418
2026-02-09T10:34:32Z,woohyunseong,account.bb6987fda7324c1998df332b33af01fc,1936
2026-02-09T10:34:32Z,Lr7ro,account.8830d4ca3b2c40909be3118d44d0b956,2383
2026-02-09T10:34:32Z,Tp_Lucy_,account.8d6d9ed271ad43e784fc9ce9dd9d4552,2360
2026-02-09T10:34:32Z,JJuB4L_-,account.634c25b1a9e04e238129da692c45b807,2109
2026-02-09T10:34:32Z,WPLE5,account.8cb5489775a14a1a933933ca564bdce3,2097
2026-02-09T10:34:32Z,18tsu,account.688e42237de74fed881c6f5ba4adf6b1,0
2026-02-09T10:34:32Z,Chanuk_Love,account.fe722c14e5494d80a84b3e2d5a200991,1905
2026-02-09T10:34:32Z,XoX_DuBOO,account.cf5bcbdf464e4a2d997781b85ed64348,1447
2026-02-09T10:34:32Z,3040_AimBot2,account.8af313ea821c482080a99fd7c7bd3df8,2526
2026-02-09T10:34:32Z,Ol-LlOF,account.be0bfd1ed50840cfa8aac4295294579f,2032
2026-02-09T10:34:32Z,10Jotthatskrrr,account.9fcd6b8fa6ad45bf9326afba256aee01,2717
2026-02-09T10:34:32Z,babmeogja-,account.83ecf34310cf41b294f93ee2ab84c0fb,2127
2026-02-09T10:34:32Z,MEV_LLLL,account.2f888a0c089f448991df08bf1f5dac4b,2077
2026-02-09T10:34:32Z,hye-chu_,account.995a9992f29a43dcabce9a9d86c7e6a5,1772
2026-02-09T10:34:32Z,MATOO-_-,account.c87931fff80f40a3b2a8a4a0c222aec5,0
2026-02-09T10:34:32Z,ltM_Luffy,account.9e68f3eb371c4beb8ccf4cb222a03f9d,2649
2026-02-09T10:34:32Z,Jotthatskrrr,account.4a9be5fbfb7b49bfad2c5e3c53393df9,3081
2026-02-09T10:34:32Z,pppppp_o,account.a1e7466a21bc4c7fa3de1b1a952e1259,1015
2026-02-09T10:34:32Z,qkfhdkv,account.33fe902fd45a4bed8f90af0049e1a08f,1948
2026-02-09T10:34:32Z,DDalP_MaYo,account.7d275ce51bcf4cdf8a2fd92c0f00d870,2010
2026-02-09T10:34:32Z,Supercar_Jongsun,account.3fcd4502e00e460a9fed6564b7c536a7,2162
2026-02-09T10:34:32Z,AOJ_BBQ,account.70e7e16e4dea43a3bf22557206c23cae,2265
2026-02-09T10:34:32Z,Gao_HaRu,account.6c43e063329e46cebd53f2f5acc63dea,2136
2026-02-09T10:34:32Z,HADES_0__0,account.e820c8bec7ec4ae2a6d07e0be5218ca9,2525
2026-02-09T10:34:32Z,aZ_HwiSeoRyn,account.fa2461c590124e43b5f4b32ec376f87c,1836
2026-02-09T10:34:32Z,HeadT_T,account.d5bb30d2abef47b38170fbe929cc9096,0
2026-02-09T10:34:32Z,HanReFill_,account.e25a327b68ca441cb87e6a5ff6691b33,1609
2026-02-09T10:34:32Z,aimbotdlsep,account.b13664bc320544f081ee856d197cf559,2293
2026-02-09T10:34:32Z,Ahni_-D,account.3f23aa7e06ce483bbc8cd8c757eaebff,2226
2026-02-09T10:10:58Z,JOOJUNG-,account.21394281e4f14868ac5faddfde865869,2184
2026-02-09T10:10:58Z,DDaJJinTV,account.cb5b4576c7c84cdcb3aa35245b92c447,2207
2026-02-09T10:10:58Z,Hyosunggguu,account.da73ace8b804478da7b8ac466fd02c1c,1860
2026-02-09T10:10:58Z,10HASUHNB,account.88188cea5beb4fdc8fa6621725e9cb69,4343
2026-02-09T10:10:58Z,Dae_line,account.483e09986fb34df5843730a73c2b8ad5,2115
2026-02-09T10:10:58Z,BENOHNB,account.c6025605406947b0a8d73192eabcdfbd,3942
2026-02-09T10:10:58Z,lLLELLA,account.8223625505ee4710bd3027c6bcb95b0e,1981
2026-02-09T10:10:58Z,parkhyojin1,account.95e3b17a408d43e099dbedac25c50f10,0
2026-02-09T10:10:58Z,CAFE_BENE,account.ea5d624a7b2145c7a3094de4f9444bfd,1766
2026-02-09T10:10:58Z,OKSUSu____,account.5b46597d500f48bba135d398b7df3c7f,1780
2026-02-09T10:10:58Z,SaGoDa_Dotoring,account.963677584a764ad0ad2d835219a3af4f,2193
2026-02-09T10:10:58Z,illliillliliilil,account.b730d312733d46d6bbf0cf9043627ae4,2379
2026-02-09T10:10:58Z,princess_heedong,account.d61c5448ce9147aa97dcdd9f32fab061,1888
2026-02-09T10:10:58Z,NT_DAlBONG,account.2ab93c03249647a58d776436cfa06bb1,2169
2026-02-09T10:10:58Z,052qwe,account.a92896dae1644a46bf34feed5f73b743,0
2026-02-09T10:10:58Z,WTF1799,account.23d785a1edcd436a8928cce550ba1075,1722
2026-02-09T10:10:58Z,SooJiTaSan,account.c3613ff2c37148bcb6f4d1c4db0bc143,2515
2026-02-09T10:10:58Z,HNB_YJYJYJYJ,account.c7b1abe1c5c14b9a98c5cab3aa173d55,4018
2026-02-09T10:10:58Z,Ong_Ong_Ong_Ong,account.9a15aae757c44feeb87852e3572a1c94,2020
2026-02-09T10:10:58Z,myshotyoucuT_T,account.a2cd0f4699a7453aab1e6ad321f8541e,2908
2026-02-09T10:10:58Z,PTSD_Dhack,account.3effc32d7a424637a183ad98b8506e4d,1845
2026-02-09T10:10:58Z,Har1boHNB,account.a3ceb85b25fc407a9ed8ad713d8723c6,3416
2026-02-09T10:10:58Z,ML-Im_a_troll_-7,account.84629e97a8e542d58da68c7d6e8188e6,1708
2026-02-09T10:10:58Z,DDGDDGDDGDDGDDG,account.15fd57c4e60546888dd72db1729bf6bb,3036
2026-02-09T10:10:58Z,tprtmchrhtn,account.f3ee698b126b44be85aff1dab3f673f5,2200
2026-02-09T10:10:58Z,zR_GYEOLMEN-C,account.386ba0757bbf44fc9312c3e23e803e49,2385
2026-02-09T10:10:58Z,tae6e,account.8c659f53209642efadd6d1c510312f0c,1939
2026-02-09T10:10:58Z,ML-NaulFriend_-7,account.97e325e9c5b5495ea4731eb7b2c41a74,2232
2026-02-09T10:03:51Z,K_A_M_U_S_A_R_I,account.a74c12c1171c4af98dcda2d1a4282e20,3143
2026-02-09T10:03:51Z,INX_YJYAM,account.83e2f1e60898462ca7f921f46b6b0161,2660
2026-02-09T10:03:51Z,WRYOOP,account.7c851391491640e791762f0f98dcc445,2359
2026-02-09T10:03:51Z,Ys_tlqkfLEEJJJJ,account.9f3cd14d739b407cb38bf11352e85ce1,2412
2026-02-09T10:03:51Z,out_x_x,account.d8f5dd8bec624bc0a4d10a4b83b7e094,2200
2026-02-09T10:03:51Z,SoonOkSon,account.45508324fbd54b6aab7984acb69096f9,2226
2026-02-09T10:03:51Z,NOMO_99,account.0b0284bf0cd04f69b45bf173eca38ea5,2139
2026-02-09T10:03:51Z,MNN_WY,account.17d7cf9b00ee409aaad42d50d70792de,2338
2026-02-09T10:03:51Z,xxo_x_x,account.844b2f9a892f482b8d1c87bbb2cb3e5f,2242
2026-02-09T10:03:51Z,BO_OMAX,account.f6d7ea0e60d44d15b998616a4677cfd4,1838
2026-02-09T10:03:51Z,Anthropology_L,account.4fc19924583f4b88aed808e26cf52d36,2161
2026-02-09T10:03:51Z,TRAP_Ray,account.c3e970601a5845d495f2bb496f412e7c,2373
2026-02-09T10:03:51Z,VeXASU,account.cfad3be722be42d0aa5e8673877f6641,1878
2026-02-09T10:03:51Z,JxxgTAS,account.f18c87a933134918911e49067e77e688,1900
2026-02-09T10:03:51Z,son_pig,account.8a4963cec6724227b1cf8c83844b232c,2032
2026-02-09T10:03:51Z,MANSE_MANDUCK,account.3fbb1333b72f4b04bf1224e7819909d6,2269
2026-02-09T10:03:51Z,DaeJuYub,account.9460bdd0d0c84a6cbbd47c90cc343325,2136
2026-02-09T10:03:51Z,swmom2,account.f590bba34efc4779890c3ba44f1faf6a,1622
2026-02-08T12:09:30Z,Guardian_Mercy,account.be188172bde14383ba76a69ec53338a0,2048
2026-02-08T12:09:30Z,mwonde_-,account.48fff0729ac04bb2a38a55788df49242,1986
2026-02-08T12:09:30Z,ICE_CCT,account.69f1fda650b34fc39e39962a1022db9f,2422
2026-02-08T12:09:30Z,ICE_CaramelLatte,account.46ace8b9b90d4c32be4d84a7d4b128ed,1513
2026-02-08T12:09:30Z,BLC_STRONG,account.ac0eeec8fcc84b698fcfa55d2e3725fd,2200
2026-02-08T12:09:30Z,DSCI_PushMan,account.0b3a138218b849b5bf1c5c7c02216082,2216
2026-02-08T12:09:30Z,BBoguel__,account.b1c8d69aff4d452ba181aea8229f7741,2147
2026-02-08T12:09:30Z,wait_plz_bro,account.12ddde2e5fec4688ad5a3b10abfe8d59,2370
2026-02-08T12:09:30Z,Os_DahaeDDo,account.4c7bedc18ac84529b7b70f5eb5660b90,2120
2026-02-08T12:09:30Z,YSL-_Mvp,account.1ce964e813eb4b34bfc6b0af41b7b448,2019
2026-02-08T12:09:30Z,m1ChElin3sTAr,account.a9e2b4c7a0d44dc69bff4f7deaf56320,2095
2026-02-08T12:09:30Z,T_Bnb-DDDD,account.87fe0673147b4570a0e74291f9d178da,2058
2026-02-08T12:09:30Z,1-pp-1,account.0b4cfd8091ad422590160c40a1624378,2104
2026-02-08T12:09:30Z,heart_--_,account.78e86872a7b04f4085b161fb754d383d,2269
2026-02-08T12:09:30Z,DSCI_A_Man,account.f296eafefad84cba858ea69be7dd2b12,1971
2026-02-08T12:09:30Z,hahazzzzzzzz,account.e807b124ae994a97a45147b9b77c4044,2239
2026-02-08T12:09:30Z,1591591523,account.4da85381fd32406284eb7ff1c8eb7af7,2538
2026-02-08T12:09:30Z,exco0408,account.f7f0538e093940c39f876358d3ac3a45,2469
2026-02-08T12:09:30Z,Os_ZONE,account.5f7d6fbd2b014a23acec266391a1d469,2044
2026-02-08T12:09:30Z,BLANC_Ming,account.90ebb7bbbb2445519553f3c01a5a98df,2286
2026-02-08T12:09:30Z,lllllIllIllIIIII,account.cebfced763c34dd4a3ac3b656acd6594,2239
2026-02-08T12:09:30Z,TBH-Sia,account.e78770098f9a4b96959a3b4a35a8534b,2259
2026-02-08T12:09:30Z,IT_SSS,account.67492deebd3747b5aab65e1af43fc4e6,2059
2026-02-08T12:09:30Z,HAKHAKHAKHAKHAKH,account.c5549b3df07d46b39c74c2af6215ed2f,2105
2026-02-08T12:09:30Z,YoungJJ-_-,account.df3c1a5cb049421c8a7532eb182ff1d2,1804
2026-02-08T12:09:30Z,kyukniii,account.c29a2961f6304100b18651ecc7c057ad,2393
2026-02-08T12:09:30Z,Duzzi_-,account.ee8cfa9a910c4e6eb1358a0efac09fe9,2115
2026-02-08T12:09:30Z,ICE_Excellent,account.7f0069b1592040daaec53a6524175258,2353
2026-02-08T12:09:30Z,BLANC_Dong,account.6ee96577726b4ff49e1b630bc7283343,2726
2026-02-08T12:09:30Z,Np_Nope,account.0aded8dc37104c2f9dac1dcfbfc74718,2241
2026-02-08T12:09:30Z,ICE_Hwasani,account.0a05289990f3401685266a92ec53c46b,2212
2026-02-08T12:09:30Z,sooheny-,account.92249a41511b4b30980171ca57c8383c,2425
2026-02-08T12:09:30Z,llii1il1iill,account.db34f1ca81844da8ab425645900704e8,2418
2026-02-08T12:09:30Z,WG_Princess,account.12afe247a93f43dc9549f1c7bff842b5,1912
2026-02-08T12:09:30Z,Twitch_BBongkki,account.3c240e179bae4ab48329318a792e1be8,2481
2026-02-08T12:09:30Z,Os_GGingMo,account.f84f3be4322b40a3b1cca29181199690,2495
2026-02-08T12:09:30Z,T__FORCE,account.af72c2d672fc4c1f83fee3cae69e6858,2083
2026-02-08T12:09:30Z,BGP_Hmm,account.69f932692f484eecbdeb49eb8fb6a533,2070
2026-02-08T12:09:30Z,AFTV_iIIiIIiIIiI,account.3a7a42027ed94536acc8d3b5754955ae,2331
2026-02-08T12:09:30Z,hwa-rr,account.3147212f1295480e95b59cbdadfb28f5,1976
2026-02-08T12:09:30Z,NimiRAL_HIT,account.3766c1a1a0224ad4a014b3e32fdfafca,1826
2026-02-08T12:09:30Z,SCR_KimJeaHo,account.9707b77a8fe549909136e0983e65fa75,2263
2026-02-08T12:09:30Z,Ace__LJW,account.2475ea78154b483b850d9f473b29c1da,1947
2026-02-08T12:09:30Z,SWEETPAPA1,account.06327037be944c57ab000e5c2c1734c3,1962
2026-02-08T12:09:30Z,Able_CHuls,account.2f274b107e814e6c927597ac34ffec1c,2082
2026-02-08T12:09:30Z,YSL-_Nari,account.65a6eb6a40494313a8d12b89837c348d,2121
2026-02-08T12:09:30Z,YSL-_JIN,account.8193a6692ebf4b2680619545ebfd32e6,1997
2026-02-08T12:09:30Z,sooheny,account.c8f25be2bc10425e9b281979d2dc09d0,2277
2026-02-08T12:09:30Z,1hyej_uu,account.d53c3c149c774903aa1807fa167a177e,1825
2026-02-08T12:09:30Z,ETS_qpqp,account.9ff397c1c7ba40d1a0fd688f5749fc14,2401
2026-02-08T12:09:30Z,S-pace_rabbit,account.5a3b2d1c8c6b496280194731195f5354,2218
2026-02-08T11:54:28Z,UDT_ShenOwO,account.9c1263dcf21a4a68adb5c323ac3efa1f,2334
2026-02-08T11:54:28Z,DiorHNB,account.6bde32d3965548c38f459d301e34a3cf,2516
2026-02-08T11:54:28Z,joopyroze_,account.662362b0a2814d2fbb8b9d25c658b584,2412
2026-02-08T11:54:28Z,UeharaAi_-,account.e2e2d8b141ae40458b2ad6dec650222b,2240
2026-02-08T11:54:28Z,LINJAOMINGMING,account.e2128dccafd5444bbf16b6d4f2c33793,2456
2026-02-08T11:54:28Z,DTT_Taeki,account.31fd2cbecf8447c5b9f53f539b247c74,2093
2026-02-08T11:54:28Z,AD_MAENGKI,account.b667373bd8d646ebb7447ad1b1021d6c,2010
2026-02-08T11:54:28Z,Mountaln_Dong,account.6361ae0d9e8a487c9646792c31a8ddbe,2084
2026-02-08T11:54:28Z,gochuKlng,account.c6c192ab6e0d42f3aa34bcaf6d7efc12,2672
2026-02-08T11:54:28Z,www_SPOTV,account.bdbe605ba6c34976a8bec90e1f590b7c,2174
2026-02-08T11:54:28Z,AMBULANCE1_19,account.763ebfadb20a4409809d52f09f30f2e1,2425
2026-02-08T11:54:28Z,DTT_Chulsoo,account.448b3b289e174af3b716eb03ea8c658f,2370
2026-02-08T11:54:28Z,NU1049,account.d6e6ce16aefb4513a4a69c35b49f1d99,2219
2026-02-08T11:54:28Z,NL_Hvely,account.5b97019038464a7fa0d50faccdbf3d93,2312
2026-02-08T11:54:28Z,CB_-_Bae,account.36f8bc03fbf840aab56cc6836cd987a2,2173
2026-02-08T11:54:28Z,DTT_Umai,account.b8b1fa23d50a46729735c6bda822c9ab,2269
2026-02-08T11:54:28Z,13725627,account.0d3f984039ed4e7191dddfb73c0eaaad,2643
2026-02-08T11:54:28Z,BANG__GU-,account.5a6b32696c354d6ea04ecfde1eae574f,2332
2026-02-08T11:54:28Z,sebori123,account.9434919da0e44c1f85ab731588d64637,2073
2026-02-08T11:54:28Z,FLR_DDUKDDARK,account.6f5611648b5b40718a0d58cb516f1219,1811
2026-02-08T11:54:28Z,Skrrr-_-GiiK,account.3e8339cb58514eb9898f2eb29d4d98bf,2243
2026-02-08T11:54:28Z,F3_SSIK,account.ba703f4af7374c66bfe08e255caa0f7f,2414
2026-02-08T11:54:28Z,BALENCIAGA__KR,account.fae3d7a7cf48453a98936c931f906a13,2271
2026-02-08T11:54:28Z,goome313,account.5666655f5e564507a74f2180d6e24eab,2178
2026-02-08T11:54:28Z,muyaho9,account.193e6a5f823a42ddbafd14e5953d5827,2245
2026-02-08T11:54:28Z,Und2ad-,account.4638931a81484bfaa513c90da6ebcdab,2916
2026-02-08T11:54:28Z,xx_justice,account.345a5a22534348a9a0c7a69d7bb1712b,2048
2026-02-08T11:54:28Z,CB_-_Bus,account.ebdf0e336e9c45378820b3fd75e45635,2090
2026-02-08T11:54:28Z,focus_hyo,account.66e5a3cb12324b1fa39579dbe8cbcdba,2265
2026-02-08T11:54:28Z,DTT_SukHa,account.2f13d59733624580a501b2a644cf84f3,2717
2026-02-08T11:35:26Z,slclqQorksek,account.9e5da568790648a0be903ac564db24f2,2522
2026-02-08T11:35:26Z,DD_aengdu,account.fc769a0f91be4dbea75fd858bd228f5e,2520
2026-02-08T11:35:26Z,DAF_Attacker,account.a9d0c49c332a43c2ab10260853fe2356,2109
2026-02-08T11:35:26Z,bbaNaNoniNa4U,account.a8bacd3de96c49639da71a5e92315b1b,1920
2026-02-08T11:35:26Z,gyujinmom,account.69cf345670b44191897e3d9a0301607d,1807
2026-02-08T11:35:26Z,G0gilD0on,account.66c15f9a1e1c41658a22a73397bea846,2502
2026-02-08T11:35:26Z,Choic_You,account.4df7b6c7c1ab41a4bc124c29bdb44189,2372
2026-02-08T11:35:26Z,SandBoX-_,account.d411399aeebf4ac583cde211365e31ce,1695
2026-02-08T11:35:26Z,BLUESTARMP,account.3703360c796b4f948288ec9e4cf9105e,1888
2026-02-08T11:35:26Z,Choice_Go,account.72cc1aaafa334828ae16ba735779aa59,2056
2026-02-08T11:35:26Z,Layhan,account.331f9183075f401788f093b93c738c44,2241
2026-02-08T11:35:26Z,5Yazi,account.1117f323fce94cb284008ee33d4a62ba,1604
2026-02-08T11:35:26Z,GSJMC00,account.a2a44ed03afb4e8992ebf005b9330986,2418
2026-02-08T11:35:26Z,aegoduya_,account.ca13b6869a074d38801b5b7af081d02a,1841
2026-02-08T11:35:26Z,slclqQofrptlqkfk,account.3f2ab063a3d64cc2bc0efd3a434f9b37,2503
2026-02-08T11:35:26Z,Pride_Director,account.de5c8f702a9e4993a526e399ca49ec6e,2409
2026-02-08T11:35:26Z,NP_ParaPhilic,account.d1cb0fa46ee0474e8d99a9720e1f3d95,2304
2026-02-08T11:35:26Z,fffect,account.8497c6a4d43442ba96f267a64e4ea55d,1739
2026-02-08T11:35:26Z,HYYEN_,account.454308065b1546e18ab0d464a5b152e6,2666
2026-02-08T11:35:26Z,GGUL-GGUL-,account.1e704c7017f24cbca0b9aec864e7b9cd,1924
2026-02-08T11:35:26Z,dkfflzndzhkd,account.0add8935a33b4010a6f26f8d577166f0,2537
2026-02-08T11:35:26Z,JH_King_,account.cb41c741335046f78b0fcf58f080c830,2286
2026-02-08T11:35:26Z,NP_Phobia,account.2a652a5190de44a4a29b7196cfd6d183,1611
2026-02-08T11:35:26Z,sadsf1,account.116945de559e4bfa99a01acf6fa0f6f8,2381
2026-02-08T11:35:26Z,iliilllilililill,account.16c4d6619bc840e7b12fea3d2daff97f,2441
2026-02-08T11:35:26Z,euxuHNB,account.41a954c5bc534a22abb664f4d93b09eb,2598
2026-02-08T11:35:26Z,KR_JONGJA,account.8ce84088fe3947c09b1ffaa00532d864,1765
2026-02-08T11:35:26Z,CS_METEOR,account.f7c1a82603b74a159f51a34b15baee3b,2428
2026-02-08T11:35:26Z,G0DYeongJun,account.af36d0c69b7d495a993ad5efba37d1ef,2353
2026-02-08T11:35:26Z,hyuk___i,account.195884512f1f4df3a01a1417cc226889,2222
2026-02-08T11:35:26Z,JiIn0000000,account.af37c6bb72bc4e9490e061dfdece441b,1756
2026-02-08T11:35:26Z,DD_KingFootMaxim,account.32d521ee45e440c5904479b5d658dc1b,2037
2026-02-08T11:35:26Z,X-X-M-S-X-X,account.a86019cdccac40e08603cb4e68710543,2477
2026-02-08T11:35:26Z,DRF_Andrew,account.2dd1d31ee44648b1a97c6cb983c88da8,2448
2026-02-08T11:35:26Z,wukympyo,account.a187651ea4cf4ac89070321fc15f0286,2037
2026-02-08T11:35:26Z,01025057925,account.be6e5f2952ba43748606c2faea380588,2201
2026-02-08T11:11:02Z,asassasaddrt,account.777006983aeb47208fd29712ba8db732,2277
2026-02-08T11:11:02Z,INI_SaintPaul,account.cac28a7087c94edca55717dd5d5e9f2b,3140
2026-02-08T11:11:02Z,KOREA-YANGHYUN,account.1a9dcad0ef6b4a06bcdf2a85bf1879d4,1981
2026-02-08T11:11:02Z,xkrtmdvlf,account.62e8d5c05d5f475e82dff7e76b977f61,2148
2026-02-08T11:11:02Z,handsomenoma,account.38e50df5022d4b5c9b3d699b42b2dd0f,2592
2026-02-08T11:11:02Z,dbwls2138,account.546a826bfda0435f8fd61f1d627d7d35,2044
2026-02-08T11:11:02Z,WhereverY0uAre,account.865b74711b6a4004b7d42de69aaa25e1,2253
2026-02-08T11:11:02Z,sungdint,account.5030311df2284636b7dbce256727399d,1800
2026-02-08T11:11:02Z,Riky-__-,account.e40a7c38926b4625993cd28352e34616,2836
2026-02-08T11:11:02Z,INI_BakSalute,account.ea52a2a580654fd88f8b377a46231b34,2963
2026-02-08T11:11:02Z,KIN_jajee,account.5d7e514beed044b494b7ef9b0d55d4bf,2039
2026-02-08T11:11:02Z,KwanJJokE,account.b25b3be3d5e04d1180244f88aba697d0,2328
2026-02-08T11:11:02Z,Binzon_,account.dec799b9babf468686a2b07bb1e889fc,1264
2026-02-08T11:11:02Z,bbaxkyou,account.663fd9c88ffc4ef4b30cbb96df4ea346,1877
2026-02-08T11:11:02Z,INI_Park-I,account.9eef987e8f4d42eba79c7eaecf098ef0,2139
2026-02-08T11:11:02Z,YH_Happiness,account.955fdeb1122b4119a8cdc884184338d5,2251
2026-02-08T11:11:02Z,LBC_ENFJ,account.303259e3b3824bdfaf051b54ef1e85f9,1715
2026-02-08T11:11:02Z,hellojjobab__,account.88aadce7a83c4c12b03e44e8fe03974d,2397
2026-02-08T11:11:02Z,Os_Os-sO,account.d6085a5cbdba4756b58f493c046c4068,3047
2026-02-08T11:11:02Z,Ppakko_-,account.664bc68a7aff489d8f9ad25fac8a99fa,1776
2026-02-08T11:11:02Z,NuNaGz,account.1803adf66af544718d19da359fcac606,1889
2026-02-08T11:11:02Z,SinJJanGgu-o-,account.ae83259b17b04ca78678f7bc13796cc4,1861
2026-02-08T11:11:02Z,GopchangS2,account.1beae1bde7584c16a6f49b02abf74f61,1606
2026-02-08T11:11:02Z,GaeZalHaGoYo,account.dac7e23c20ea45ddbff6f0920552b177,1955
2026-02-08T11:11:02Z,Im__baerin2,account.bc5898668dc24828ad9878b2e7519454,2212
2026-02-08T11:11:02Z,QuickLobby_Joker,account.5fba5466d95542cebfdca3208a4ebe18,2209
2026-02-08T11:11:02Z,LBC_HARIBO,account.6002eedf3ee446f98ff8f4597f434444,2504
2026-02-08T11:11:02Z,BGP_Vine,account.658aef999f554238a9b1870720af46a3,2052
2026-02-08T11:11:02Z,OWL_Maekom,account.afaa95eded254b84b2ef9a1442f5487f,1948
2026-02-08T11:11:02Z,KIN_VIOLET,account.fa4e8c9cf56b4d05afb9cb1a0b4e1412,2178
2026-02-08T11:11:02Z,OWL_GOD_YUL,account.560ed739637f47b6b4ae74dfc8bcf2d6,1989
2026-02-08T11:11:02Z,1KiIIManOWL,account.1ef0d973f44a4a9c8d50ed016c508e7e,2073
2026-02-08T11:11:02Z,KIN_BLACK,account.08315df8c0d3470282cdffce2d69907a,2305
2026-02-08T11:11:02Z,DaechangS2,account.bd62156a29854569bfbcffe4eabeef88,2567
2026-02-08T11:11:02Z,Os_Pooky,account.57ec4b475e7041759f3d40b10e66dcec,2057
2026-02-08T11:11:02Z,LBC_Sky,account.1a2031b58d964d47b103d0cb0a9d40c0,2244
2026-02-08T11:11:02Z,columbia2,account.6ddcfcab2f3249bdb2b8ae6678049d7c,2414
2026-02-08T11:11:02Z,AzumaiOWL,account.c437073443d94cf1b28797abb1a1ef79,1774
2026-02-08T11:11:02Z,HSKC_623,account.a205c3d012d8407b8e2257cc9cf3f103,1699
2026-02-08T11:11:02Z,KIN_RM,account.af5d4f9cfd7c437da15fea5846b2de91,1889
2026-02-08T11:11:02Z,lililOlilill,account.70fc8db2b3ee4b139580dbb232ac28fa,1726
2026-02-08T11:11:02Z,INI_BN2,account.daa1fc9b48634a91a9d89f3a904ab524,2613
2026-02-08T11:11:02Z,Mecik,account.876d51dc540c4d35b829304a2a931f46,2012
2026-02-08T11:11:02Z,K1LL_SHOT,account.bb305c5ee10a444fa721a1838a3cfd17,2028
2026-02-08T11:11:02Z,LBC_JaeHun,account.764373cbacd443ada0676631cf41b8c4,2690
2026-02-08T10:45:10Z,991120__,account.9afe33cbc75e4995a7d6d82f5da63d1e,1852
2026-02-08T10:45:10Z,4s_qq,account.61a5bc66cb4c4b8ea63d766bb9810c9a,2361
2026-02-08T10:45:10Z,GUN_AHMUL,account.ae1be35bb7054d47a39e54dbedf40d8f,1560
2026-02-08T10:45:10Z,Black_Nobing,account.8bc395c2cb954ef8b051306dd88b4a87,2026
2026-02-08T10:45:10Z,ZUK___GI___O,account.b4c72c586d5d457fbcd2ff81edb59380,1837
2026-02-08T10:45:10Z,FFG-826,account.5dbc728c28684e599e27d132f30feab0,2158
2026-02-08T10:45:10Z,HwanseokJJAng,account.f7cc90005ac140d9a00d415c202989ad,2426
2026-02-08T10:45:10Z,neOHMECRAM,account.20e88fa71b8c4a25b775db4c9379b033,2373
2026-02-08T10:45:10Z,GSD_SsongZzok2,account.d58907fde025434394f46a8fd4ba85d4,2476
2026-02-08T10:45:10Z,REDADELA,account.2c21558454b947ef83d6be6d8df87972,1502
2026-02-08T10:45:10Z,Aromatic_8008pro,account.7ad16e336ef541169f12af5cd3ba13f5,1402
2026-02-08T10:45:10Z,GUN_1000,account.0a4b4a758928458fa08699a14a93e20b,1961
2026-02-08T10:45:10Z,W00_CRAB,account.2679b0c8ca674298979910340ed93754,1833
2026-02-08T10:45:10Z,PIGDREAM_HIPPIE,account.996465e8ef6a469c91d2a171917444b6,2459
2026-02-08T10:45:10Z,lalabla,account.ecba20b80888479eb5c19188bb692185,2218
2026-02-08T10:45:10Z,x_x_jw,account.e864d79aa707468693ee6c40d66f13b8,2075
2026-02-08T10:45:10Z,Archer_HIPPIE,account.ad4857c84c384f5f9ae4a9b9088b14c1,2088
2026-02-08T10:45:10Z,JMT-BOY-67,account.a0cb840b2a46469bb86f285db9a2b2c3,2071
2026-02-08T10:45:10Z,971009_,account.d634aace6ff14c6f83253336c2bfc1bb,2200
2026-02-08T10:45:10Z,On1onMom,account.b27e6f1267ac4aec8f013ab411d4b7aa,2300
2026-02-08T10:45:10Z,971006_,account.ed25fce994f340db838f4224480a36cb,1961
2026-02-08T10:45:10Z,ingkyooo,account.653ffa63aaae4818b4062de1241742c9,1202
2026-02-08T10:45:10Z,Woo___ri,account.0c370ff73fd04ea481e70dbba7442bb5,2190
2026-02-08T10:45:10Z,GUN_YESOL_E,account.6f68f557e3bd43a78cbe71488a330c86,1961
2026-02-08T10:45:10Z,ToT-_mini,account.164e58e2c65040c880d3dc3f1012cd44,2451
2026-02-08T10:45:10Z,PvP_CCCCC,account.d2be929e82344863b43fa04714836e48,2063
2026-02-08T10:45:10Z,J-A-E-W-O-N-1,account.a5b9888215564f508d1867b27d772397,2685
2026-02-08T10:45:10Z,faker82,account.d0ea5e70d8cf4d98a573a2b0cd44b937,2024
2026-02-08T10:45:10Z,MintCChocolate,account.7ad088c300a34d829aadc94f16c06b24,2249
2026-02-08T10:45:10Z,eogk0701,account.1e74d02cea324f7794c74440cb6d29e0,1653
2026-02-08T10:45:10Z,NBG_Jeju,account.6c31b32747b5486187de9eecb8d4c36e,1656
2026-02-08T10:45:10Z,Jun12445,account.9d95b50671134ea5a077ba9b23660944,2314
2026-02-08T10:45:10Z,Jammanbo--_--,account.abbdf066b29a4ef9ab145986108c5948,2715
2026-02-08T10:45:10Z,SPlKER,account.b7de0354fa704cdf83bf6b31c69ce117,2028
2026-02-08T10:45:10Z,Llsianthus_S2,account.1d5bdfd4cf854c13b9d6a5a3319c97e1,1734
2026-02-08T10:45:10Z,Aromatic_222pro,account.676f64ebb299498b87b6d6d9768257a1,1400
2026-02-08T10:45:10Z,monheadya-_-,account.75888677e9534776a4fd263b058cfa1f,1808
2026-02-08T10:45:10Z,Axelrush_sw,account.b27f101c764243a8b4085557e28e12b8,2629
2026-02-08T10:45:10Z,j_j_ik,account.fa6e458859d3433eaf743a1b59c357a1,1930
2026-02-08T10:45:10Z,KR_SilentStrike,account.775c567270e24c758a822ea353daa118,2044
2026-02-08T10:45:10Z,7777456,account.e2221adb2b2d4531b880154b3b7525f6,2341
2026-02-08T10:45:10Z,JinDeokbae,account.1b6424e0b3ec4b4a939f5266db11d902,2402
2026-02-08T10:16:48Z,ENFJ_Captain,account.373e05d39aee410a8ac0f8cb1bc49eb2,0
2026-02-08T10:16:48Z,Aromatic_5959pro,account.9fbd5970e8884637a3e06c8342de791e,2346
2026-02-08T10:16:48Z,From-_-,account.d5521eb3609f4d83bfdb6c741cea6277,2600
2026-02-08T10:16:48Z,Kohdi_,account.6b8f8dcfc5fb47428158b3255b4bc23f,2127
2026-02-08T10:16:48Z,4Out_MOMO,account.a55cbe78d9e8459ea4090f7bbe9c17f0,2253
2026-02-08T10:16:48Z,0ne-Punch-King,account.60f046f876a34754834295828ea88d11,1936
2026-02-08T10:16:48Z,ODImilk,account.7077baebbdf74932b64347cd3c49e77a,2116
2026-02-08T10:16:48Z,soccer1477,account.a012d1fea5744ff899bb1b3a2d503b14,2148
2026-02-08T10:16:48Z,XIXIXIIXXIIX,account.09d8455ff7484cd19679fe26ec28bf72,2264
2026-02-08T10:16:48Z,DNA_Alice,account.fb6c3b1b18f343fea92e0198764dda07,2238
2026-02-08T10:16:48Z,kor_8,account.87118476c52b4bba8bfe8051acf2aed4,2645
2026-02-08T10:16:48Z,DNA_YWENG,account.8bce150519fc4daebb1f1e9649cd3ac8,2137
2026-02-08T10:16:48Z,SIyeon-_,account.73017a36c01e4bb1aa96be369d79a44e,2695
2026-02-08T10:16:48Z,4Out_AFa_Suya,account.103860566ab4480aa19cd8b81a8c105a,2667
2026-02-08T10:16:48Z,JUNBGP,account.e0b3cd56490941118f51ac0e6bfdd3b7,2101
2026-02-08T10:16:48Z,OFF----WHlTE,account.12f339afdce341e1b74e93dda39c9873,2200
2026-02-08T10:16:48Z,NASLU-_-,account.71e457ab394e4023a1a538da3fcf9020,1825
2026-02-08T10:16:48Z,SeDollz,account.b7d50def90224d269ec961a37cb0ce02,1597
2026-02-08T10:16:48Z,ZoneBully,account.602c33be72bb4de4aa6f705954b4a235,2493
2026-02-08T10:16:48Z,Os_Grooming,account.d6c0e84c2ac04e2698a8f13236fa12a7,1500
2026-02-08T10:16:48Z,HERMES_Hyeon,account.736cc548744e49c0ba8b0b809d8bcdd2,2158
2026-02-08T10:16:48Z,yeosu_mcDonald,account.970a1a9638ff40d0a04e892e66973002,2156
2026-02-08T10:16:48Z,4Out_Nandr,account.eef554c226d849f59a9f15c741b2d737,2001
2026-02-08T10:16:48Z,Iwanttosmokeweed,account.6546eea80e5d4d799c12c97c4e9f1f1b,2069
2026-02-08T10:16:48Z,Bebe_Artio,account.a10ea33202374027ad3a93718f3b22ce,1919
2026-02-08T10:16:48Z,pyo__zzang,account.d29c85849f014f09ab694bc112c1f670,2314
2026-02-08T10:16:48Z,OFF----jinsol,account.30c72548c7ba45e9a3738ab4dda0e78a,2538
2026-02-08T10:16:48Z,saka_si,account.52a7478ad1c1488389d3aac6f2e5f07f,2510
2026-02-08T10:16:48Z,magenta__-,account.4f2f1d158ea24c3583386a3668e26b0c,2286
2026-02-08T10:16:48Z,DSWK-YOON,account.8d3f25c28f3b469b803572c48af61540,1873
2026-02-08T10:16:48Z,Os_Akai,account.2b95c3db97cd4a3ebd1808c2cb1bb09e,2378
2026-02-08T10:16:48Z,exia_-,account.d830a1d5b662472bad1032f58e1193f9,2099
2026-02-08T10:16:48Z,BCN_DalCome,account.0745ef074f1b4deaa851a0667b1bec2d,2118
2026-02-08T10:16:48Z,DNA_Enrqorl,account.b210a45f76f94b5f9cb92b2ca2fe9600,2022
2026-02-08T10:16:48Z,Trapalace_,account.ddaf8a54bbb34cf4b8ffd1e0116804c2,2009
2026-02-08T10:16:48Z,ParkJungHee-Tank,account.785e4a2a5cd9423fbc4e15fc9ba449f6,2057
2026-02-08T10:16:48Z,zzapageti_i,account.9c1439fa93bc4acbae0dd7fead6dec0e,2118
2026-02-08T10:16:48Z,kor_27,account.3da1819154be4476af5ebe4ddd8a45dc,1836
2026-02-08T10:16:48Z,BGP_Jxxg,account.327a3fc2813243c7ab5abb039d6acd20,2316
2026-02-08T10:16:48Z,ROULBGP,account.6c3d325919894bfdb2fb9bf2fa51bb56,1660
2026-02-08T10:16:48Z,chodan_-,account.24e58fb73b0442278c799ded498dec65,2669
2026-02-08T10:16:48Z,ChunDooHwan-Tank,account.2c928c0285dd43ddad3b466e23eb47af,2394
2026-02-08T09:45:17Z,INI_Mosa,account.e3d3ad7befaa49b9ae0832c79e84cf82,2211
2026-02-08T09:45:17Z,yeong_040,account.c8bb20bd410a4b1882673cec98a45503,1845
2026-02-08T09:45:17Z,DANI5ASU,account.953fd95519cc41b2b142780b80515a6f,2076
2026-02-08T09:45:17Z,o_opss-,account.a64093239ff24d6590a5fc152e359797,2132
2026-02-08T09:45:17Z,Yo_Galbi,account.db40e56a130848199513aca1e1261589,0
2026-02-08T09:45:17Z,C4Run_X_X,account.c46df6c139334d00862526bdb33ba83c,2135
2026-02-08T09:45:17Z,DIC_BlackBox,account.f77785e6c3de42ecb83b652dc4e8160c,2448
2026-02-08T09:45:17Z,VVV_DoubleE,account.0746e992b2f94ef398239dbeeca8fe67,1752
2026-02-08T09:45:17Z,yemin-_-,account.6af45bbd8acb44e389daa43ed593afac,2077
2026-02-08T09:45:17Z,1killGamsa,account.34e930619395460c801316035476a256,1672
2026-02-08T09:45:17Z,sering98,account.d36df3f5a1de4bc58c11c45a1c39c5aa,1800
2026-02-08T09:45:17Z,ARUSH-_-JS,account.001cba7986a146cba567c54ce39049a2,1685
2026-02-08T09:45:17Z,Hellku,account.f1aae676322b481db2b870f8aa24158e,1908
2026-02-08T09:45:17Z,C4Run_RRRR,account.a609152819ad4b48900dc24534264d7d,2103
2026-02-08T09:45:17Z,MANGSUK-2,account.c4062b57a1494da9a29d2ef62bbceebd,1985
2026-02-08T09:45:17Z,Yo_EgenMan,account.02ad05c28160415287472b64875b108d,2084
2026-02-08T09:45:17Z,No3ASU,account.b1ec23ae0ce04be2af3ce1e23c366b15,2416
2026-02-08T09:45:17Z,BGP_Pilke,account.7f91fa2c054d4464a4641d6a0a2c44bf,2497
2026-02-08T09:45:17Z,Yo_jjikkeuregi,account.e1f783f17fde4e3386a5272e542af786,0
2026-02-08T09:45:17Z,oFOXSTARo,account.537c41c39dcc44fe84844a898d229260,1835
2026-02-08T09:45:17Z,VVV_OKSUSU,account.23a6b977a99a4f03832eb44e4ccf777b,1843
2026-02-08T09:45:17Z,kungmanhanki,account.3bf84fce6d1944b588d4163eff34b2f5,2106
2026-02-08T09:45:17Z,RQWE-,account.0afa64e38d59455dbf76ca6c00ad93e3,2485
2026-02-08T09:45:17Z,MUNYOR_666,account.af1ecc1a7dec46e08d28db301c72f4c7,2464
2026-02-08T09:45:17Z,LeeChanYoung97,account.2c5cb44a751c4bbf93b746df433ae677,0
2026-02-08T09:45:17Z,kakao_T_,account.968a358c31c8496aabc0b13149705dfe,2225
2026-02-08T09:45:17Z,Alpha_kamusary,account.7591b55e204146e2a6dcfc47e5566f52,2313
2026-02-08T09:45:17Z,TOSILTOSILTOSIL,account.c7aa2e2aad3a4361bea35106d818039d,1651
2026-02-08T09:45:17Z,VVV_Yesam,account.4c897e1b091545a297fd96832c295498,1892
2026-02-08T09:45:17Z,ROSE-APT,account.16f56aa43d9442c19392dbae24523a32,1357
2026-02-08T09:45:17Z,RETURN-_--_--_-,account.cfd58a5027424675971b7b2dc47377e6,1846
2026-02-08T09:45:17Z,Ah-kaza,account.9234dcbd1fcb49ce9122f8275eab1351,2444
2026-02-08T09:45:17Z,alstjqrla123,account.c3a081ee27494c48aad6eeadf0313cff,2008
2026-02-08T09:45:17Z,x__x___x__x___x,account.1d9c458e36134fbd8552dd2e266c7a27,2200
2026-02-08T09:45:17Z,Han-ten9,account.405ab23e621645fdb5462ea852f77665,2200
2026-02-08T09:45:17Z,SHOTBOX_JOJINSE,account.c84e3f2bd7d34686b088402a8ad22dc6,2320
2026-02-08T09:45:17Z,DIC_Jin2,account.efef594b6bc8445d9f271831bf5d9adf,1582
2026-02-08T08:01:20Z,0_987654321,account.e76ba3eed4d4499bbed1d61784899e22,1947
2026-02-08T08:01:20Z,hyunkyuek,account.f25e6a65a3724a56bb790f24ac3c6b8a,2003
2026-02-08T08:01:20Z,kyung_joo,account.9a6efd89e67241709bc933b9ba956f97,1741
2026-02-08T08:01:20Z,DJYANG88,account.04e864e5966a44e8b05c727a369ddbcf,1748
2026-02-08T08:01:20Z,OISHI_______,account.a2b9c911df434431be72b9e9cb5be3cd,2120
2026-02-08T08:01:20Z,2SL_Frin,account.6de8a7610f844d0897e740563e2327a2,1379
2026-02-08T08:01:20Z,Bulldog_Sando,account.31da769620d040148567854d20ec82a2,2049
2026-02-08T08:01:20Z,qkzkfkRKdRkd,account.017465b977f743f49f35c674c2834092,1912
2026-02-08T08:01:20Z,Tree_Run,account.b7dda9e552354ccca9707568adbba579,2154
2026-02-08T08:01:20Z,js030423,account.89a7697f60d9431aa730b394b9dbf5e4,2253
2026-02-08T08:01:20Z,BackZZangS2,account.8d042e8fe1964abf9a5f50a193d737b6,2175
2026-02-08T08:01:20Z,DNA_CJY_S2,account.3ef6afb141954d71a2598225403be25c,2083
2026-02-08T08:01:20Z,AJ_Gon,account.c292b913db604c3cba75527e0104b49f,2141
2026-02-08T08:01:20Z,718_MBBaMasTer,account.394989da1e6246df8ce4350f7461f729,1460
2026-02-08T08:01:20Z,VVWVWWVWWWVWVW,account.b6ff11952b5243818d353d6853d41d42,2200
2026-02-08T08:01:20Z,ddoongbo__1,account.ac13e748d3d14688b48c733509de3f0b,1853
2026-02-08T08:01:20Z,SheRIFF92_-,account.096ca995c73a45db9d5ad1023d539583,2324
2026-02-08T08:01:20Z,kwonjjang333,account.85f6d4f9cc604b8bb9fa70e9bc12de54,1894
2026-02-08T08:01:20Z,BaeRin____0,account.38c3d9d07c5c42c4a66caf5db0e429e8,2054
2026-02-08T08:01:20Z,lllbaramlll,account.67942f1d640142acac21f947641b9406,1706
2026-02-08T08:01:20Z,djstjrdlek,account.cb23fa2fe9054132ad57e10ac776db0b,1927
2026-02-08T08:01:20Z,txxsik____0,account.ececc3383782452bb263789cd5805e53,1901
2026-02-08T08:01:20Z,DNA_KKosu,account.808d28ec2a6045c5be2fd3624ed0ba6f,1915
2026-02-08T08:01:20Z,Ba_guette_-,account.0b91d369b29a4f3ba531448d4e820239,1484
2026-02-08T08:01:20Z,Zoe_Shot,account.cee5aac401644cddb384ff5f232ffe4d,1925
2026-02-08T08:01:20Z,EH_FULL_FULL,account.a12a649e68584f4ea7b27096cbcb9c4b,1971
2026-02-08T08:01:20Z,kiyting,account.a19b0cd95139448a840d70008ea53801,2120
2026-02-08T08:01:20Z,sibgan,account.7887bdef078f4a579f2594a17772f80a,1545
2026-02-08T08:01:20Z,END_NEWGAME,account.8e0b3e24ab7a4232bad4f3e1af9eb296,2064
2026-02-08T08:01:20Z,Y90s_HW,account.d3bf0b86fb284d73a4e48ec837fa6d61,2030
2026-02-08T08:01:20Z,RocknRollstr,account.211689c278a64beb9bf0dce26d6d5ca4,1482
2026-02-08T08:01:20Z,SHIP8ar,account.08f554a2d2b646219995b50b1039aa20,1849
2026-02-08T08:01:20Z,rbghd12,account.45281788ae694f2a93fe101ca507e9b2,2132
2026-02-08T08:01:20Z,Kangnamjoo,account.c7c47703c9a7440dba413f417de48851,2636
2026-02-08T08:01:20Z,Tooniverse_JJun,account.d0d7054c8bd24a7eb3a3e96f30817618,2009
2026-02-08T08:01:20Z,co_oozy,account.499423b26dca47dba14fb7c5ce577f76,1682
2026-02-08T08:01:20Z,Zoe_biho,account.1837a8c6dd0242fc9f49213cb5054e5c,1626
2026-02-08T08:01:20Z,v0_0-v,account.96ad479b07c84819a7bdfb02ef0f13b6,2116
2026-02-08T07:47:30Z,Black-Zone_Min,account.ceb913d5522d4ad698c708844f0e0e76,1649
2026-02-08T07:47:30Z,SinHyeongBOOBY,account.2c03db547770429a9408e0007e3090e5,1741
2026-02-08T07:47:30Z,S2xy__bo,account.cd0b021fb905468a9fe6b4d8d216cfee,1735
2026-02-08T07:47:30Z,Model-24,account.8c0a75ed303b454391dcf5c58ee29baf,2090
2026-02-08T07:47:30Z,OWL_BIGMAMA,account.5da00fcac7e14351bb730f0c56bdd062,2129
2026-02-08T07:47:30Z,Hanbin7963,account.14dbb8c4dcc54d649f7206a83ae5beaa,0
2026-02-08T07:47:30Z,Black-Zone_Jin,account.eb31ba1800304656a1304aed9a6254b8,2200
2026-02-08T07:47:30Z,MGM-JOEN_DE,account.5b4ae3011a8d43c0886d88392591ed53,2029
2026-02-08T07:47:30Z,WT_PIL,account.d77e4e2fdf084a2bb214d2e9b748825a,2003
2026-02-08T07:47:30Z,SinHyeongBOZY,account.258b9a947a0444a18cfb799dc2e709e8,2200
2026-02-08T07:47:30Z,OWL_peanut,account.344349d5bb134fc3b9e3d7a35984b52d,1998
2026-02-08T07:47:30Z,CW_JJoji,account.3a3fa583eabc49c2a108ea245bd020cc,1913
2026-02-08T07:47:30Z,coo320,account.58d3ff256a94404eb25e19e80d1c5ded,1912
2026-02-08T07:47:30Z,WT_Flip,account.9d3b178682014d188137e2ce4823943d,2249
2026-02-08T07:47:30Z,007513,account.ef60576960fe402da8ad1340a9814961,2272
2026-02-08T07:47:30Z,OWL_NaGa,account.2840ba8463c24cf7bc4b3dd28d027904,1958
2026-02-08T07:47:30Z,ohaeun,account.976511727d874438902b956f8c26e0a4,1623
2026-02-08T07:47:30Z,P3EMOvillain,account.cc78a9f5c9054c0696a53ac91ebf9379,1443
2026-02-08T07:47:30Z,taeuk94,account.14e4011075e44587adca4e5bdd563da8,1954
2026-02-08T07:47:30Z,MGM-BEER,account.549708789f3e49b486aa4e1278be9f2d,2075
2026-02-08T07:47:30Z,N1ceTryDude,account.b95bb0db06de43018e1ac0d5b0b10c38,1844
2026-02-08T07:47:30Z,Crack-_-V,account.8e3ba3e0e8324b42a4fd5f6d466eef71,2023
2026-02-08T07:47:30Z,OneShokBaby,account.8d7f83ca150d419f87acf32f6f26e9e5,2386
2026-02-08T07:47:30Z,UNSTOP__HN,account.cc198258831c437586a4206dcf4c4718,1866
2026-02-08T07:47:30Z,CLS_Forever,account.919f6df6c2ac431f89757cb5a6f6c589,2340
2026-02-08T07:47:30Z,Chaos_X_-S2,account.f274258639844ae19725f6e8de4785af,2411
2026-02-08T07:47:30Z,Vt_444,account.6382f162d1cc4116857128f1f8f1bb9c,2311
2026-02-08T07:47:30Z,Aegis-Lee,account.1c2c343da0a04d78a9e37379dcc2cab0,1835
2026-02-08T07:47:30Z,SB_VSS_X2,account.da74324b9fc9454281ab3b4d857df82e,1324
2026-02-08T07:47:30Z,BB_PIKACHU,account.65a51bafce5f4dc7bfb661ccf5affcdd,2154
2026-02-08T07:47:30Z,JIB_KoK,account.6c8ab55065de48fd8b7b70d8af9ae0f4,1937
2026-02-08T07:47:30Z,MGM-IIX,account.36e6f2a8d9f145e0884e82dc49129a39,2012
2026-02-08T07:47:30Z,15-73052228,account.17d7887110204223b21e2bcf1ad93350,2045
2026-02-08T07:47:30Z,Haksal_Kwan,account.8a27af870d834ffc85c568323227fb9f,2422
2026-02-08T07:47:30Z,sghistory_,account.0e8d296b761f4865b02e9ac47fdf3a41,1975
2026-02-08T07:47:30Z,BEBEYAO_O,account.4539f3d49fc04e75895d0ed0c05b2c46,1607
2026-02-08T07:47:30Z,MEV_G,account.35d18d755f374bfa9044f27824b34f3d,2200
2026-02-08T07:47:30Z,gunhee0912,account.7df763ad2e2141b690e37b9c4fcc5de7,2205
2026-02-08T07:47:30Z,cooooooooooooook,account.1876e60fbaaf477f905b0a4b273e92ec,1666
2026-02-08T07:47:30Z,Vt_VTVTVTVT,account.2b3dc6dfb4224aa6be284599bd729f5e,2155
2026-02-08T07:36:55Z,minjihyeon-u,account.993f2f415f4d44b3bc75d8fbd8957414,2254
2026-02-08T07:36:55Z,CHOI_DODO_,account.86e1adaf5a944095a6b64c853eea4140,1679
2026-02-08T07:36:55Z,D_D-Va,account.a8dc9afade494ac7ad968a3e027f0f35,1873
2026-02-08T07:36:55Z,19xx_07_24,account.f330e1b42c664aafbacb60bfe587d073,1983
2026-02-08T07:36:55Z,Rev_BS,account.3f8bcd0e6fa145d89cb8fa5f86c2ba2d,1800
2026-02-08T07:36:55Z,B_gangchan,account.6ce349bfc1bd4b46aeb8e370f737f412,2167
2026-02-08T07:36:55Z,Chuu-__-,account.a5180e9def5043fb94ff7412f6517b55,1953
2026-02-08T07:36:55Z,J0zi,account.a11211c85b0e406b896dbcbd03994034,2408
2026-02-08T07:36:55Z,CK-OKing,account.97a5a7088f0a4b92bc4f2b685cab00f0,2386
2026-02-08T07:36:55Z,2CN_Pyo,account.13488e1f8b9b4438ad282a9189e5f6fc,1347
2026-02-08T07:36:55Z,1TK_JUN2,account.7bc99f0f6c2a4a19a4b3d94e3e0bccdb,1919
2026-02-08T07:36:55Z,VK_DMRK1NG,account.72482be829554b399ed50a296609d3ee,2159
2026-02-08T07:36:55Z,UlsanNamJa_-,account.5fdbcf9216d5435081506c4a41830036,2030
2026-02-08T07:36:55Z,wkddmstjr69,account.4e3653e8c91a4ef094162e8052a5d314,2224
2026-02-08T07:36:55Z,F_LaFerrari,account.ca307c19148d4014b983fd22edc68c56,1551
2026-02-08T07:36:55Z,19xx_10_10,account.2c155a4a13da4cbe8cf2ca21df54bb7f,2224
2026-02-08T07:36:55Z,CK-444HB,account.ce45c79d1516477aa7d9913addd0920e,1926
2026-02-08T07:36:55Z,gmdcltqja_97,account.5931971b00b14744ab3a009e9bff24f0,2093
2026-02-08T07:36:55Z,D_A_J_A_V_A_CLAN,account.f548fa713aeb4785b586336797104007,2133
2026-02-08T07:36:55Z,KIN_SCIPIO,account.9a772f73e5134185b1d42dd5d426abc5,2118
2026-02-08T07:36:55Z,CK-MOKOKO,account.fcf56a2ecbd44cf29e5eda0cf32dd85b,1948
2026-02-08T07:36:55Z,SIK-3-,account.f9f57e3bf6fd45b99d8935bddbf72d3a,2456
2026-02-08T07:36:55Z,Bae_Jun_Woo,account.7626b4877bfe458b9e74f5b1c0a4859a,2662
2026-02-08T07:36:55Z,Fuckin-_-c,account.f8e9a447a0ae452bbc1618bc4a32108d,2552
2026-02-08T07:36:55Z,Rev_Joon,account.a9675cf57132410f83b2d2d2ae9dbd3c,2281
2026-02-08T07:36:55Z,SQUID_456,account.fc9ef90820b44e02b8502cf68a98bdbf,2067
2026-02-08T07:36:55Z,GEN_inonixsu,account.2ed8ec0bb8834c23a0706da5c8103084,1638
2026-02-08T07:36:55Z,BGP_hung2,account.d026b5385a71447383ce7b7fbf80ca18,2027
2026-02-08T07:36:55Z,IlIIIllIIIlllIlI,account.7782fefe7df54665938d5757ec0105ce,2244
2026-02-08T07:36:55Z,e7724,account.449ad2340ade466abca654b5b325cc84,2206
2026-02-08T07:36:55Z,dohyun831k,account.656898bf92a94a31b11c6e38aedfc563,2332
2026-02-08T07:36:55Z,ky10_,account.059c358f7d8c4716a335342bbd3e504b,2036
2026-02-08T07:36:55Z,GUN_OHHHDAENG,account.f27f8042e0ee4450a07d5ff9a37a8187,1761
2026-02-08T07:36:55Z,18MASALRIDO,account.9d06553e740d43aeb57d2546e8ba0287,2162
2026-02-08T07:36:55Z,Asrada_V8,account.1086ce6c34074a89b0405f5dc7b1e527,1871
2026-02-08T07:36:55Z,ELSangtachSniper,account.ad2cd8ca2ece4e70b04bc6b5a593a930,2259
2026-02-08T07:36:55Z,D_Hol_In_Won,account.7709662f931d4ab2ad77aea8801d6886,1730
2026-02-08T07:21:34Z,A_N_G_E__L,account.e7d0bfb01685496daa16d56939dfcae5,2271
2026-02-08T07:21:34Z,HMNA84,account.37eea255c5aa4c56bfff0894e126a86f,1815
2026-02-08T07:21:34Z,Nunggal-a,account.7f94d065aede471e8a8b6b3c707da642,2039
2026-02-08T07:21:34Z,Cherish97_,account.144e656239f6430b9ebf5c0185c63491,2143
2026-02-08T07:21:34Z,PANToNE_JetBlack,account.43adf87e98ab4d90836ea1a203c6f858,1999
2026-02-08T07:21:34Z,PGT_NaBro,account.fab0052eb46e46e888e52a7c15c020b8,2115
2026-02-08T07:21:34Z,PNS-Namevalue,account.57475652769448ccaa426450a14b2643,2064
2026-02-08T07:21:34Z,D_DRRU,account.6e9bb943ec3f4e1d90dfdd2eff58bccd,2406
2026-02-08T07:21:34Z,8003811,account.ebd0753933b840c9bf8bbf5fee1d99dc,0
2026-02-08T07:21:34Z,chdoch,account.51cadafbc28c48b6a5339b7e2a05e05b,2252
2026-02-08T07:21:34Z,Q_OPIRUS,account.170c6ec30c624b80894973b2370fb95e,2068
2026-02-08T07:21:34Z,jinkyungnam,account.b2211e74c8554ea0bb9d3197615f6355,2110
2026-02-08T07:21:34Z,ToT-_Shen,account.1523c209e15847c3a193287b4f3d2100,2230
2026-02-08T07:21:34Z,cadentak,account.1edea07f53a74f13a88de7bd47ae4884,2205
2026-02-08T07:21:34Z,Toeicishard,account.eae2ef9917054b47b0c24f85152f38a0,2144
2026-02-08T07:21:34Z,unbender_-,account.b33db517e0a54729aadb5037524187b6,0
2026-02-08T07:21:34Z,gazette5,account.5dba472d2a27437eade4eb54ba6f5bc2,2220
2026-02-08T07:21:34Z,wqdccccc,account.70bf7813636b44e4868f4d5aac69bbcf,1986
2026-02-08T07:21:34Z,jjisu-_-,account.6865d41c55444e108a639280ae3fa9db,2226
2026-02-08T07:21:34Z,PNS-Ki,account.b7ce6c6b76fc4c36a531d59e11f1156d,2200
2026-02-08T07:21:34Z,XiaoZhuTangTang,account.21dd0fb1c47b40b9afc3429a7af058bd,2576
2026-02-08T07:21:34Z,asdjxnmz,account.ca7ab2a0534943379626754e7992d0c9,1442
2026-02-08T07:21:34Z,ITS_ME_ZLS,account.8a24fb1353c74e9cb991c901a58ffadf,2354
2026-02-08T07:21:34Z,PNS-Alan,account.74673b837c4b4b159745f8d24a34735e,2361
2026-02-08T07:21:34Z,Q_OOTD,account.b3f799f0f0e84ea7a4e47a95cf98d446,2122
2026-02-08T07:21:34Z,GUEMJJOKE,account.e041758c8c56461ead290dab449d73c2,1887
2026-02-08T07:21:34Z,bo2ru3723,account.5c0cb28c66374c68882b2668d1b9039f,2200
2026-02-08T07:21:34Z,YeonFork,account.57998c0cc2b3467c860c629cb086e99c,2019
2026-02-08T07:21:34Z,7sadan-_,account.36fc22df5dd64cad9dcf4af917844229,2137
2026-02-08T07:21:34Z,nopama,account.c0b12cd5b1564465a5ba9d64f8a57f11,2327
2026-02-08T07:21:34Z,loki-_-,account.a4ffdfb956c04e8c8558ff2ffb890bd5,0
2026-02-08T07:21:34Z,AXIZ_ODDDDDDDDDD,account.b422de7c1214480487a386bf671f2c63,1960
2026-02-08T07:21:34Z,woopyo__,account.b472844e55064e66b36a945885fd56ca,2094
2026-02-08T07:21:34Z,Ang-ki-mo-ddi,account.ca6183520a584de6ad9dc5bc85131807,1813
2026-02-08T07:21:34Z,sweetpotatopiza,account.454882d447a943b5a583554ef25621c6,2310
2026-02-08T07:21:34Z,ITS_ME_ALOHA,account.68342a247b95468483ca3024b79a1259,2407
2026-02-08T07:21:34Z,V9_Meang9,account.173a36d664bc4653a103484b1c6a68dd,2267
2026-02-08T07:21:34Z,BBYEO_zziM_,account.e5cc57ca0a6741cb85d1e061cb3760af,1771
2026-02-08T06:48:16Z,PandaSea,account.cd634236f1d44fabb14b15b525cab9ec,2121
2026-02-08T06:48:16Z,Great-Koo,account.8997c235df7745d1ac1732dc651bcd54,2268
2026-02-08T06:48:16Z,Gz_Seok,account.a5f709c2e6744dd192f769038b5f2874,2278
2026-02-08T06:48:16Z,Izr_changyu,account.2fb4e5e0caa048ff9415ebb4c179f453,1856
2026-02-08T06:48:16Z,CK-Lyra,account.5781830579414f16a4b577c791d11b06,748
2026-02-08T06:48:16Z,NoRANG_HB,account.0436ce033bdd4f25b2726ff6cc4480bb,2278
2026-02-08T06:48:16Z,ShinShen_H-BBang,account.cb5ca0aef64b4880b403df38aa895e35,2276
2026-02-08T06:48:16Z,hanibmam-_-,account.e1cdb00fe8b84037a0bede37b64bbd4d,1800
2026-02-08T06:48:16Z,UvixMaster,account.c848545830744b9caa1e98403ed8e7c4,1949
2026-02-08T06:48:16Z,Koggiri_big_bro,account.2d76d559a96d430d9e5c17b14d5cd08d,2052
2026-02-08T06:48:16Z,HongsiASU,account.36eb8cb458604fc68bf6403a45ce6802,1592
2026-02-08T06:48:16Z,Gz_COLD,account.e00fab6b04704e58a8fa62494c95fc1a,2069
2026-02-08T06:48:16Z,under_Amen,account.0b8687edbd6f41fdb00525bc125ed474,1998
2026-02-08T06:48:16Z,yaminam-_-,account.78940fb4cead416d8730916dbbea0823,2200
2026-02-08T06:48:16Z,OH_BBangduk,account.cecf7c82a038440da128456e2fc45c1f,2159
2026-02-08T06:48:16Z,Bolivar-AG,account.795f543007cf43078a88866a91c7a840,1854
2026-02-08T06:48:16Z,qwezxcf3,account.86d085a4ba6740be99a287f9d570f791,2217
2026-02-08T06:48:16Z,Zzanmul_Guddak,account.9563f9513f074a26a97570d1c81ccd86,1632
2026-02-08T06:48:16Z,Zzanmul_Smash,account.74ee32f1f1264db6a9de942b2c6560fa,1860
2026-02-08T06:48:16Z,ASU_HUNI,account.55e5683b2edb412fb09d2bae1fb8fff6,1964
2026-02-08T06:48:16Z,Gz_YongwonGay,account.134fdff22e0f45d4a5f7309220404851,2446
2026-02-08T06:48:16Z,JOBONGPPO,account.ed285ab1fd1a4595b8e3568ab01a55ff,1486
2026-02-08T06:48:16Z,JIN-___-B,account.e5e9703ee31f4ab08535e7b87808f451,2123
2026-02-08T06:48:16Z,CK-Conan,account.cae71045d53a4860bd1d8e26d98e7781,1851
2026-02-08T06:48:16Z,11225599,account.a37e019114d3470587fcab50206eb70f,2058
2026-02-08T06:48:16Z,CK-XXXXXXXXXX,account.067e860d1fb34c6d8e772ccd2c30696b,2038
2026-02-08T06:48:16Z,Zzanmul_Army,account.aa9e5f6e102444a79484dfa3784a915c,1821
2026-02-08T06:48:16Z,Nang_E,account.41c5423e6b544a0eab4974be6dc41834,1902
2026-02-08T06:48:16Z,kfimeas_lrknk,account.55747fc8ac0e446f9607ab6d61671cdc,2580
2026-02-08T06:48:16Z,ShinShen_J-BBang,account.1bd83b3f8bc440958d8563a7044ff3de,2305
2026-02-08T06:48:16Z,ShinShen_HeaDz,account.94d87dc46dbc4299b2a5a0abcd0f7138,2236
2026-02-08T06:36:17Z,goombbangboyzz,account.e86b7781ac224bb18d038e351f926f68,1570
2026-02-08T06:36:17Z,GoRAPADuCK_-,account.6cecbc5dd6204fd5991c035196ba80b4,2170
2026-02-08T06:36:17Z,WG_Nell,account.116a4984a9804621a8ff9bbd9a26e660,2464
2026-02-08T06:36:17Z,Incheon_GAMBLER,account.c32f060d8fcd460ca52b050bc171484f,1872
2026-02-08T06:36:17Z,DV_Jazzz,account.7b958bbce69142b6a23bc523ace633a8,2044
2026-02-08T06:36:17Z,Botanik_jin,account.f1a11654fcd544408c909a2976feb786,2100
2026-02-08T06:36:17Z,BellSilver-_,account.1139167548514af6b085228060eb587e,2304
2026-02-08T06:36:17Z,ENOM_PANGYA,account.657f14d19dd54805a0124b6fa78baa44,2035
2026-02-08T06:36:17Z,Incheon_HaSooGoo,account.33d913d5016a4eb699d0bee4c96cfc17,1803
2026-02-08T06:36:17Z,Tactics00,account.e8e9207be46a41af8a4d1dd28ff966f9,2090
2026-02-08T06:36:17Z,DAF_Azak,account.f0357c29618d4f3b9de7786e16ad2ec1,2162
2026-02-08T06:36:17Z,gamja-goguma-,account.3cdab7b5a9d8486192b1c8286212488c,2166
2026-02-08T06:36:17Z,Marvel_Than0s,account.44c3254c37154468a24f0098d6a8993e,2330
2026-02-08T06:36:17Z,PBADA_SW,account.916790141dab45548cc3a991df7c7b46,2268
2026-02-08T06:36:17Z,PBADA_TH,account.1c4a58eea2d34bb3a534a1eed580bcea,2250
2026-02-08T06:36:17Z,PBADA_MJ,account.ec3285239ee24c28b4e13e7d90043948,1698
2026-02-08T06:36:17Z,NAVY_651,account.cecd9a471327484ba9f65c9b79924af2,1912
2026-02-08T06:36:17Z,DAF_DAK93,account.de0672ec2c434866b8124f1f77af1aba,2378
2026-02-08T06:36:17Z,LOV3_TO,account.b3ba40dd342440fe91c28fcdcee538ee,2200
2026-02-08T06:36:17Z,DJJC_SECYAMA,account.22ff882b5e9040f8ade29d7eea5c6513,2397
2026-02-08T06:36:17Z,roksf_kth,account.48153b1a8f9e48fe9dafa95f470a64c8,1903
2026-02-08T06:36:17Z,Pupurynnn,account.2418c3cfc33e45a8b7590fa19ff311d5,2458
2026-02-08T06:36:17Z,KACHU23,account.678d6683a70548bcb808ebf0ef7e222b,1823
2026-02-08T06:36:17Z,ByeByeGame,account.cfb3c0df219445b195d2ff0c9f7a5746,2017
2026-02-08T06:36:17Z,0001001110,account.bff5a04600e84f1a8f5389bf0502c9a3,2148
2026-02-08T06:36:17Z,JJ_ANG_GU_,account.f931e5e5fb8e4e0d9e25f5bd0e048e9c,1973
2026-02-08T06:36:17Z,emojio3o,account.5f67f9693d00472481285169677e590c,2279
2026-02-08T06:36:17Z,D2CK_Skrrrr,account.41de24332eb54ec98b5d5611e442069d,1853
2026-02-08T06:36:17Z,WG_SOJU,account.ebb0712d6c244f68b4e0bc0c3fddb145,2457
2026-02-08T06:36:17Z,YL-DEAGUN,account.c7691beeb164490f812355e42d91a00a,2079
2026-02-08T06:36:17Z,WG_NemesisKyo,account.1f9243bdf7fb408f94e9112c929b1f4b,2056
2026-02-08T06:36:17Z,PepsiColaPlease,account.cd795bd1de2c4b41a3251d9a437b3247,2639
2026-02-08T06:36:17Z,GGoChu_XXL,account.b31ab1a47013432d82e6d6517735a03d,2618
2026-02-08T06:36:17Z,Sos_Atonn,account.ad2f36f51d1c4dc2a68988dcc35deb1d,2360
2026-02-08T06:22:07Z,AosKabixxx,account.a20f03712ebe4fe4accbbdd089478634,3264
2026-02-08T06:22:07Z,xvxvxvxvxvxvvxvx,account.45eb3df285b04d52b5c503e1d59dd11e,2984
2026-02-08T06:22:07Z,DH_WellC,account.8a795b6f4afb4061aa87ff54962194aa,2662
2026-02-08T06:22:07Z,DH_Nogyeon,account.5d0a086e71964fd08ab66d0d058ab872,2503
2026-02-08T06:22:07Z,INX_todtodn,account.9291aef74299473d8810958cada2a8e2,3004
2026-02-08T06:22:07Z,0OO031,account.0218b907bb7d4b568a9449eea46b75ec,2147
2026-02-08T06:22:07Z,INX_Jaebro,account.b54800bc5bdb4be193a975b7a7e776f5,2365
2026-02-08T06:22:07Z,chrongs,account.9f0f7edbb49f46ed86af576c811cb54d,1232
2026-02-08T06:22:07Z,Child_U,account.1df66b96f0764865b3b8ef0b4f404bf7,2099
2026-02-08T06:22:07Z,Augustoo_o,account.cda1f8bef3414002807e8ec413556239,2371
2026-02-08T06:22:07Z,1vs4_Lilghost,account.386ae60db0e94044a7330ebcb3947cb8,2584
2026-02-08T06:22:07Z,iiiiilllllilllll,account.ce75965010074b26aed041ca3a603d40,3210
2026-02-08T06:22:07Z,KR_Ssapae,account.c1a12d66e1964c7c8f8b65423efbe93a,2029
2026-02-08T06:22:07Z,DAF_Aiming,account.d041f081350e448987048e83e1f2655d,1537
2026-02-08T06:22:07Z,rudrjsgksakdma,account.3b93e273b16649b9929b6fbce4453b63,2595
2026-02-08T06:22:07Z,sihoo_bot,account.5e2a84a909304974896a67b570fc89e1,2124
2026-02-08T06:22:07Z,DIC_Sugar,account.b10ba688a2fc421f8e4f4dba7b17a699,1746
2026-02-08T06:22:07Z,KR_Chump,account.c6d6fbfb82be4149a037bdbb8979164a,1800
2026-02-08T06:22:07Z,KR_Tuffy,account.97e1fec7a95d4ea08106f62d1a31aeaa,2242
2026-02-08T06:22:07Z,thdalthdalthdal,account.faa2d69a4bd94a2eb02594de65218118,2886
2026-02-08T06:22:07Z,TWIS_8,account.99461d82d65245c1bc2587aed649ecb0,3112
2026-02-08T06:22:07Z,Ilovezcoba,account.bbc15365a13d45c9a206f5eda12e64f1,2131
2026-02-08T06:22:07Z,1vs4_TYREX,account.78cffbe6e213468d942e76d4da56e919,2318
2026-02-08T06:22:07Z,911Hathaway,account.c5bcba2817484992886e7e3e12620131,3409
2026-02-08T06:22:07Z,FuxxxxxxxYou,account.c9383af269fd4228ae7f4f4ed908d320,1055
2026-02-08T06:22:07Z,DH_CoKker,account.b86000c1931b4dd38b9f9ec6c6241be1,1747
2026-02-08T06:22:07Z,Obbazzazeungna,account.990f1a20977d41e28f1c0af98238afa8,3314
2026-02-08T06:22:07Z,zigg1e,account.3a6ee1c81e8e4b32942bca25e65ad05c,2651
2026-02-08T06:22:07Z,INX_1111,account.e3ca2571664046fe8120d12b14465cb5,2815
2026-02-08T06:22:07Z,DAF_zzang9,account.e9741b893b244977b79b5a5c834eb8dc,1922
2026-02-08T06:22:07Z,BIGboss-_0,account.06a96d23bdc949da849cf61a3a13caa7,1827
2026-02-08T06:22:07Z,suxkmybiceps,account.64196f194ce54951a5735d23d8a38c88,3040
2026-02-08T06:22:07Z,DH_Hellhound,account.2d97c9e5640f473d85fdef5960276a09,1400
2026-02-08T05:56:35Z,JANG_Lokki,account.03f409a52d6c44ccaa2081b574c5bee8,2043
2026-02-08T05:56:35Z,kinghwan21,account.df542772f98a4b668bdd58bdd609b151,0
2026-02-08T05:56:35Z,OWL_GONZAL,account.9c2226bd27f84d7caa59b06f7b571f00,2389
2026-02-08T05:56:35Z,Level_Tango,account.b3ab6346d11540e69e14f9112d7df090,0
2026-02-08T05:56:35Z,hop-hip2,account.d3d4a025fcff47d0ab43db830e6e47b1,0
2026-02-08T05:56:35Z,CK-MyWay,account.1224d5e6242840ec87af21f76304a73c,1993
2026-02-08T05:56:35Z,dhflqnfrhrlDD,account.6e635a9127eb486d8602df4e21cbebfe,2126
2026-02-08T05:56:35Z,Ssoyyy,account.5b251bad560e4353bfe37fcf8d59432f,2015
2026-02-08T05:56:35Z,CK-Charls,account.82ae95fe75144546b54c0f2b5a1602d5,2230
2026-02-08T05:56:35Z,2dORyuOWL,account.0706bd9ed52c4f99bb3b403597198121,2344
2026-02-08T05:56:35Z,CK-Kr_FLY,account.8d8bda48f5e24b108053e47c4aafe3c9,1846
2026-02-08T05:56:35Z,Zaber172,account.596d0cb6de9542b9ae95ec882c8b5d66,2249
2026-02-08T05:56:35Z,BYONGARI_ppiyakp,account.30d3809c1e324fa18e9cd3e343f56d18,2302
2026-02-08T05:56:35Z,Jun_1ne,account.0cd5454fee5e4fc9bf3cab98a918cb56,1975
2026-02-08T05:56:35Z,1_Svan2,account.63967cf406f64d5297532ad9027fa74b,2349
2026-02-08T05:56:35Z,Valen-jaegun,account.8eeab91ce60140178a4d9c82ff7dbfd7,1946
2026-02-08T05:56:35Z,Lr7rZr_whwqkqdk,account.8a635be65c5e46afb255a585624c2ddb,3126
2026-02-08T05:56:35Z,ililillllliliiil,account.2550665572dc449ea3b5989e04d95580,2298
2026-02-08T05:56:35Z,sunjokAze,account.66086a76f8754fba9691139f13018be7,1880
2026-02-08T05:56:35Z,a33256,account.4e8ea77f3979488b8c7ed6fa66bc147d,2131
2026-02-08T05:56:35Z,ppuutin_LoVeR,account.f2a3f9af0de247278c0ce53eafc0ef4c,2084
2026-02-08T05:37:43Z,wltntlqkfdk,account.60414e70d522440b96ebf9fab9934ac9,2557
2026-02-08T05:37:43Z,McN_LEFT,account.47ba3074df9c4679aeb2026ae185d7a7,2412
2026-02-08T05:37:43Z,Honey_Bee-_-,account.45b54f0de3e4428cbf1dd7f1debf28ee,1561
2026-02-08T05:37:43Z,Bo9ming-,account.dd07c3b1d0a64cffb33406a349c3ab78,1967
2026-02-08T05:37:43Z,DN_Gom,account.783af92e0e3d4df9a71a6a5557e37bd9,1607
2026-02-08T05:37:43Z,WG_Raviboy,account.82b771d32e7f45ad9490f6265f9c88fa,2725
2026-02-08T05:37:43Z,babJulgxNy-,account.bd357208afeb4708a35b0d6086befa02,1972
2026-02-08T05:37:43Z,HNB_LUPANG,account.4f125167b45d43adb4f72cef9007b70b,2699
2026-02-08T05:37:43Z,wjswls0116,account.ebfce6e9b18446c7bc5c13eb99ddfef5,1962
2026-02-08T05:37:43Z,Ez_Exho,account.48b97a0654024bd8bf29d7e43da65309,2218
2026-02-08T05:37:43Z,akumaBBAK,account.72f42b41f1214fd6a8825820de15fb51,2622
2026-02-08T05:37:43Z,WGC_MENG,account.43bbb103bce1495884f57733aa9062f0,3265
2026-02-08T05:37:43Z,Pancher_Faust,account.9f9326d8112a4f3581521fdc70413503,2737
2026-02-08T05:37:43Z,feelwhy12,account.0feb49cf1fcc4666be0476dda9957e59,2245
2026-02-08T05:37:43Z,HNB_Pizza10PAN,account.b3ec8395036f4dbcb7223fdc27dec182,2677
2026-02-08T05:37:43Z,BLK_Psychopomp,account.87a0c8c0e1bf42d1bfef0886690d436c,1903
2026-02-08T05:37:43Z,HaaaisaekiHNB,account.a3b0c700df5741ebb631c97c2e2e1a94,2661
2026-02-08T05:37:43Z,McN_RIGHT,account.7cabd4e2c39b400f8f2964eb9c8edd2a,2294
2026-02-08T05:37:43Z,HNB_JINRI,account.05aa71008382409b8e156478e5750722,2371
2026-02-08T05:37:43Z,Ez_ChangJun2,account.9c80a47f020242d5a7220bfc0b2d9029,2351
2026-02-08T05:37:43Z,Ez_Hoqhkfk,account.d6083325b11e4ec79bcabfb2c0ccf90d,1990
2026-02-08T05:37:43Z,McN_ManXINO,account.f6a94da914914844ae156cea66d17aac,2264
2026-02-08T05:06:47Z,CANE838,account.85ddb1c94b354d94b3631783b9b37e28,2129
2026-02-08T05:06:47Z,HO9_Sapiens,account.10a03596d4564a06b5cddba6fa44ebaf,2256
2026-02-08T05:06:47Z,KAKAO_HyeonE,account.9d7646d6225643fba576eb35c6987a6c,2278
2026-02-08T05:06:47Z,WT_SaGA,account.6dd6a78e4c5d49fb89416bcd667abfbb,1931
2026-02-08T05:06:47Z,PSC_Sacro,account.d287eed13fd54cd4a171cb4c5d82431b,1830
2026-02-08T05:06:47Z,CAV_Captain,account.c73936a840134dca951c8f125eba9ea4,2003
2026-02-08T05:06:47Z,SKL_SWASWA,account.bff6f664a78f40a5a132c4bd355cec9a,2019
2026-02-08T05:06:47Z,MinAsiN_,account.9a731f27c35c4836be56f99cd1a91caf,1660
2026-02-08T05:06:47Z,Revolyx_-,account.68b913342fe7473c843c9b70ea93b44c,2294
2026-02-08T05:06:47Z,HNB_BinKong,account.44a6a38d36ac4a33beb5fe9b8c760798,2845
2026-02-08T05:06:47Z,WT_HAN,account.9e266616d78f4d2a93e1ec17a15d8a9f,2035
2026-02-08T05:06:47Z,WT_Sookatory,account.482ab1028e8140f988a72f4b8e1d75b9,2523
2026-02-08T05:06:47Z,LBC_7Tan,account.f1575a67a693447998cfd6a7685b590a,2143
2026-02-08T05:06:47Z,DECURIE,account.e89fa2c3dfb745f08e03065bc39cd623,2038
2026-02-08T05:06:47Z,FM_Ricky,account.d2423c35e2974ed0994520f808c39fde,2172
2026-02-08T05:06:47Z,DXX_BI,account.e111ad2096554d4d8381594664648447,2434
2026-02-08T05:06:47Z,INX_BananaKor,account.65b1e9adc04e4a39ae3829bb45940d2d,2740
2026-02-08T05:06:47Z,Yoon-__-v,account.3fec56a15f9c44749aa9775c390a6cfc,2525
2026-02-08T05:06:47Z,mogwapetHNB,account.f1e3f29e97ac4b719dbec745d77e056f,2651
2026-02-08T05:06:47Z,DDukSang-,account.ea864fa6c71a4581a505498cf52759f9,2126
2026-02-08T05:06:47Z,MisterChu-,account.81786f94d7524b09a7e91265a3da002f,3038
2026-02-08T05:06:47Z,910930_BZN,account.9f1deb621db549c5ae8eecf6643bf429,2884
2026-02-08T05:06:47Z,LBC_POKGOON,account.17ec152f21644cb78f4e39a54baac316,2089
2026-02-08T05:06:47Z,HO9_Japhim,account.1ce0894c90e14859ad7939ae84e4701e,2200
2026-02-08T05:06:47Z,or-black-or,account.7997d2a40d934109b204131e8ebb6ba0,0
2026-02-08T05:06:47Z,HO9_Dang,account.c4aaac13be8944a6b3a296d29f6fd5d0,2024
2026-02-08T05:06:47Z,INX_parkchan,account.fbffd56ffcf74174a5445b587d9b6b30,2382
2026-02-08T05:06:47Z,kanghyeong1,account.baa81653a26941fb847238ab2deed99d,2185
2026-02-08T05:06:47Z,CTY_GamJaTang-v,account.89351fee1db8485d9583613c55ebe9e5,2043
2026-02-08T05:06:47Z,LK_Makne,account.eb77eb87665b4eabbaf90cd7e91d7577,1843
2026-02-08T05:06:47Z,BAMGGAMAGWI,account.7e3c6e0ce2a94d42ab5bb572140364d3,2552
2026-02-08T05:06:47Z,HNB_Lee,account.725c4c22483b49e8a2e73b069318ca1b,3635
2026-02-08T05:06:47Z,Ez_HUNTER-,account.62be03a0cfd844ebb324dd02d08ce837,2408
2026-02-08T05:06:47Z,HO9_Warts,account.50a2762f8695464da4f91ba0acecdaac,1612
2026-02-08T04:48:13Z,DIC_ChiefPetty,account.d4abc63703f84505acefa07d08bb736e,3238
2026-02-08T04:48:13Z,T0YBox-__-,account.1953d2ed1b6e4d57ab0046974a8465ca,3400
2026-02-08T04:48:13Z,2CN_Heezzi,account.96f6e439770d45b2a18e5fe70105f43b,2403
2026-02-08T04:48:13Z,dorlwnsgud,account.2a16dcee230f4fde9f67910c3790a494,3185
2026-02-08T04:48:13Z,giokki,account.9188b1083cde4c53a0873bc74ad328a9,1976
2026-02-08T04:48:13Z,DIC_SCD,account.2c4f42856e154eb58c7d0a5f8a0d72f1,3000
2026-02-08T04:48:13Z,2CN_lamdm4n,account.e934586cc37b4b439ff8fd5728e19823,2623
2026-02-08T04:48:13Z,2eEe2No,account.e011e109497c481ca73ca9b8c07a9779,2961
2026-02-08T04:48:13Z,MYMOM_DRIVE_KIA,account.ec5620187e1841dbb1aa45298f587ed4,2053
2026-02-08T04:48:13Z,JORAL_TumBung,account.e16661e463774bdd9475e78d81cb2218,1865
2026-02-08T04:48:13Z,ohyeon-kwon,account.05de3f8176434758a091a7125d4ab369,2234
2026-02-08T04:48:13Z,Hxxzxx_yam,account.84b5b1410ff44978b402c8048369943b,2377
2026-02-08T04:48:13Z,AJQN_MIN,account.1651251184ae40169e442878da2b5134,2287
2026-02-08T04:48:13Z,JORAL_SSaMa,account.95e975527ba94a23b9dde344e38dd81f,1975
2026-02-08T04:48:13Z,x_x5sal,account.5f995bf866d24126960502be7a51e540,2242
2026-02-08T04:48:13Z,ETG_K,account.120393953d7c4ef287db18aadc569ab0,2235
2026-02-08T04:48:13Z,SIRU_KICK,account.e2808729802e4ac28924b2feb336c7c3,1314
2026-02-08T04:48:13Z,SIRU_Uuu,account.e4d3e72b5a28412e962266c9e0d18491,2356
2026-02-08T04:48:13Z,2CN_novissime,account.9c37695142284a40a2affebf6c014675,2834
2026-02-08T04:48:13Z,DIC_NaYaNa,account.984bb21fb56e4fdaaf5d2e6677e00a50,3161
2026-02-08T04:48:13Z,korean_no_69,account.400ac420d10f4815a3fee0c5f91e23a3,2046
2026-02-08T04:48:13Z,ChopaChopa-,account.7e772aeadb824e98b5541df88051c2c5,2415
2026-02-08T04:48:13Z,Ez_Zidori,account.06287cd8e8d94c84a0df43e20c477f51,0
2026-02-08T04:48:13Z,HyunbinToc-,account.ba46e4fd90014a73834b9b4a690ab143,3001
2026-02-08T04:48:13Z,MY_DAD_HAS__GTR,account.63d2cc04d5d940d695f713bb80f2bbbc,2255
2026-02-08T04:48:13Z,shinkiseuk,account.e1fd0ed81f8247c4b388e119f7183c6f,1775
2026-02-08T04:21:45Z,Snoop-__-,account.83491d2fbf394029b9ffd37f550ad4eb,2212
2026-02-08T04:21:45Z,hama1208,account.7a11d92ed7144ca88e7cdca34e81c338,2008
2026-02-08T04:21:45Z,GwangYongshin,account.67ab36fbd97c4d7daae2aad8514ed2b5,2055
2026-02-08T04:21:45Z,imjunseok-p,account.40a58a12aa674af08cea17900bd5b97e,1979
2026-02-08T04:21:45Z,H0tZZI_,account.da9639fef0da478ba7a9213e273b5a8b,2638
2026-02-08T04:21:45Z,Crazyassarabiyax,account.4a2259b1cbe445dcbfeecbf00ffcf57f,2303
2026-02-08T04:21:45Z,GgR_WeRo_A,account.b33f07cde7b247e9bc369e72ad7d8fac,2417
2026-02-08T04:21:45Z,ETG_GGUL-DANJI,account.bebee03c57a44e35a99cc388b23153b7,1780
2026-02-08T04:21:45Z,Bunnies_Hanni-,account.225ff54d7e21460082fe7ea1bdf60951,1985
2026-02-08T04:21:45Z,Min_SEKKl,account.5b8f84e598c249e395aa5e699d2cb5d8,2075
2026-02-08T04:21:45Z,imseungrae,account.cc29d8cecbfb476c8c5cc7df86cc643c,3099
2026-02-08T04:21:45Z,Sw_JunJunJun,account.af4aaf951ba64153a54b19a692a51924,2096
2026-02-08T04:21:45Z,LI_Me_98,account.d81ef0fcfe6844f0804e6784e418b1f3,2426
2026-02-08T04:21:45Z,VR_Ryu,account.0a02b1a02f4b42c68687eac47bc2f527,2050
2026-02-08T04:21:45Z,Bario_MOON,account.65d85c54ec5d432389b3d28338af790b,2422
2026-02-08T04:21:45Z,TBI_GyeLAsUK,account.e2d317f692ac46a18f8b1a6d45a5dcaf,2167
2026-02-08T04:21:45Z,K9_JWAJIN,account.8cc5d3d8f9ee49e1b8b8170d30f7fb8d,2019
2026-02-08T04:21:45Z,FPG_Minem,account.cce6b8dab8ea4f22b2d0ae19d39da2d2,1824
2026-02-08T04:21:45Z,Yupduk5TanCombo,account.bb050d9a446a46c79c7501873cf50194,2531
2026-02-08T04:21:45Z,immyeongcheol,account.a7a9b0a8a6384da19c7b655d03904420,1674
2026-02-08T04:21:45Z,ASU_BANG,account.1e6454df1c334b9396ef9364aca87dd1,1875
2026-02-08T04:21:45Z,GEONHEE00000,account.6cb14d3def2d4ccdbaf80a3fdae20480,2170
2026-02-08T04:21:45Z,dlffndhkTLqkfdk,account.00076433b487488584e4ba523d9bd1db,2426
2026-02-08T04:21:45Z,FPG_Baek,account.7a8a1ca4906b4ebbb8ed7a669a4670e2,1991
2026-02-08T04:21:45Z,jungwonkyooo,account.6d4aae0321f24baebc8fe26150178539,1991
2026-02-08T04:21:45Z,JUNG-PRO1,account.8693241e44924b1ab6ed0f7e35a0e8fc,1800
2026-02-08T04:21:45Z,KOR42CO,account.3c737f69a54d43f18a58049f37abc3e6,1997
2026-02-08T04:21:45Z,HongKakaka,account.0084c138e22e4d228e7ad59cdee0a67a,1694
2026-02-08T04:21:45Z,Ez_HyoJun-,account.4c63df4e8979471ba5d0d613bd4f87bb,2618
2026-02-08T04:21:45Z,TBI_YUL,account.65dad891962346a4b50c973b01b23a38,2320
2026-02-08T04:21:45Z,777BigGochu,account.fedf19d66a464d899c0f54a5aa88c36f,2285
2026-02-08T04:21:45Z,liliCrazyilil,account.00be83f45fc04db5972091ee8f341fca,2010
2026-02-08T04:21:45Z,NONOASU,account.3d0cc81b519e488ab44da717bb83d53d,1900
2026-02-08T04:21:45Z,Named_Jaeng2,account.8cc6a45acd0541d5ad0775e97a426e98,2272
2026-02-08T04:21:45Z,VR_GIMO,account.9cc6b885fb524987b463876d5b1f6b61,2200
2026-02-08T04:21:45Z,Ez_n2M-,account.960d7110c19c4044910e423b89d130a1,2013
2026-02-08T04:21:45Z,COPY_ASU,account.9a715ed4687647a7b442142292ab3e09,1668
2026-02-11T17:57:09Z,Dorodong_,account.01ed43e0167b4e70bbccef25b5ed1ab8,1511
2026-02-11T17:57:09Z,llllililililliil,account.d4d7dfa5312b467e902fdad2bb7a63fa,2677
2026-02-11T17:57:09Z,HBD_715,account.bd28abbd323d48bbaf729044d1166a7f,2436
2026-02-11T17:57:09Z,yuheepetHNB,account.812d4d82240f4bf3b8f07b6c1c43503e,2600
2026-02-11T17:57:09Z,Ll7r-Lr7r,account.90e5c023131b4280b98342e07f4caf4b,0
2026-02-11T17:57:09Z,ZhuoXuanXu666,account.8c801f69305d4a849d1aca8bf25a5a25,2233
2026-02-11T17:57:09Z,Kaminari_i,account.262428ad82524d5cafd806a4d0fff8d8,2292
2026-02-11T17:57:09Z,CHXEMXN_-,account.9a93ab4dbed9495cb74a85f0b4464417,2989
2026-02-11T17:57:09Z,qhwlEOflrl,account.870c0d45b03042c7bea634e63e445327,2927
2026-02-11T17:57:09Z,lliilliiilllliil,account.f8ab75f34fcc40828d30cbe4c76318ea,2355
2026-02-11T17:57:09Z,Aplus_xpsxps,account.42e472ee72a943e2b1ca229b78978dae,2356
2026-02-11T17:57:09Z,NU_23,account.214f5adc1ba0491aba473e8e0b49e7f3,2963
2026-02-11T17:57:09Z,TeamBadGers,account.9a44a90085ad4986b123b5fd514acc94,2819
2026-02-11T17:57:09Z,JY_ES,account.393a5efaf76f4019bb5bf5d195dedd57,2327
2026-02-11T17:57:09Z,sksmsvudelf500,account.c2015eebd39349538a4287c19cbb9407,2558
2026-02-11T17:57:09Z,wavcl,account.284c10f864c44b74a4e787a0aa8d77ed,2060
2026-02-11T17:57:09Z,Aplus_Jikerker,account.b3d2c8fb9bc74823934fd4a59b4f44b4,3155
2026-02-11T17:57:09Z,HNB_TangGam,account.c46c4d8c7dd24f42a804f6a32eca8822,2448
2026-02-11T17:57:09Z,MonKeyHNB,account.156883e8270746f1b7cb6bd4cc0cdf2f,2658
2026-02-11T17:57:09Z,14K-YJ,account.3ead3f1bfafd476fbd75754ec71746d3,2910
2026-02-11T17:57:09Z,PGC_Lv555,account.21fa0da94b574955abcb4ca728a41ac2,2666
2026-02-11T17:57:09Z,xo2rhqnrvofaksrk,account.2d497b044c814a74bc0a9930d57624f9,3144
2026-02-11T17:57:09Z,LEEJAEHXNG,account.57ed046dc89a4aa898fdfbf80924f907,3095
2026-02-11T17:57:09Z,1st_Master-_-,account.71d79d0f65db48a594b1d12ebf37a1ec,2565
2026-02-11T17:57:09Z,Ez_G_-Linda,account.ab6fae9cf5a448bd96b4e771fd94f8b0,2059
2026-02-11T17:57:09Z,Ez_DanE,account.9257090dc93a42709e899fa62f0e2c96,2527
2026-02-11T17:57:09Z,YellowSonic,account.59d812c00b0246658f3ca94e536a5d63,2600
2026-02-11T17:57:09Z,2CN_HOHO,account.edacc43ede4a488da928058851c38b9f,2706
2026-02-11T17:57:09Z,tytekflHNB,account.c3ef1e47308a4d8ca221ba196f60d70d,1952
2026-02-11T17:57:09Z,newjinmyeon,account.3f692a30ea6a484fb8c78bc1f89498c7,2688
2026-02-11T17:57:09Z,w1cked-w1cked,account.09f42467aee745569ffd055a5145514c,2873
2026-02-11T17:57:09Z,Hazel_Nut-Latte,account.864ecb34f52446eeb5a24c74b4ed721e,2758
2026-02-11T17:37:16Z,POG_A,account.66f2774d5106412a83ab963866a38480,2054
2026-02-11T17:37:16Z,VR_Shark-0-,account.88788d639b40477aa97b1cc4d3314cc6,2375
2026-02-11T17:37:16Z,NUIiIiIiiiiiIII,account.ab92b84c50d240bd90b6fd3ac81cd6ee,3125
2026-02-11T17:37:16Z,716_H,account.b4f47011cb95495cab24becf217e7eb0,2941
2026-02-11T17:37:16Z,2girlscantwin,account.50446a84d95e4eb895edecd36952e0e3,2613
2026-02-11T17:37:16Z,112_K,account.5b4db329864a4e9a9798df9494db8d9f,2889
2026-02-11T17:37:16Z,NU_Mudryk7,account.1ab0ce663c1a42bea1d4a88b16c1918b,2300
2026-02-11T17:37:16Z,Ez_Qhxb,account.7444e31af2374d40bee480494033d6c5,2660
2026-02-11T17:37:16Z,POG_Akaza-_-,account.f95dceee75af45689df704539f7a84be,2133
2026-02-11T17:37:16Z,VR_TORI,account.c19619116d70411d95798ca13e723eea,2802
2026-02-11T17:37:16Z,AXIS_YOSI,account.b00870eaead2442bbfc3534025f61ecd,2276
2026-02-11T17:37:16Z,VR_anjfdifu,account.81917071f3824664a57148a7b93cd3d1,2328
2026-02-11T17:37:16Z,TLrTLrqhdl,account.8ce865e91ef64f0aad6f77ffaaf96e0d,2302
2026-02-11T17:37:16Z,tnlqsi,account.516a21e8f41c417d9566f45f90b0c771,2562
2026-02-11T17:37:16Z,SungRVN,account.a4bc825578db49aa966834f34a488390,2758
2026-02-11T17:37:16Z,Ziri_Zirigo,account.a37dbb2d87ec4fdd9e4104b03a5c0aff,2221
2026-02-11T17:37:16Z,D4EKWAN,account.9763818f9a7048019aa46cfaf20b7d63,0
2026-02-11T17:37:16Z,Ez_Hazi,account.9011617f47ef40b6833286e7619a862a,2503
2026-02-11T17:37:16Z,WGC_SanTaFe_TAYO,account.57f4466b338d4216a21eb8df1c29f70b,3051
2026-02-11T17:37:16Z,TemuSalute,account.7c17afd620c646a78735a7315b94256d,3587
2026-02-11T17:37:16Z,PKOwO,account.a9636a8c41774151b81607c5b1d97303,2088
2026-02-11T17:37:16Z,NxCXnPlay,account.2c83fe7dfa3d4c438148d25f9afa9546,2512
2026-02-11T17:37:16Z,97_1230,account.efc65c2f7bd04df99065c4c11deee0b5,2902
2026-02-11T17:37:16Z,SS_YeTee,account.ffc71e0d3391460885d1c158f30f521e,1836
2026-02-11T17:37:16Z,HaNeulPOG,account.04fe3ced43844b08b5d9e7695b04f972,2714
2026-02-11T17:37:16Z,BamBi_SSSSSSSEEE,account.4aceb88e7d784b5ab364dfd24ad5bfa0,1824
2026-02-11T17:37:16Z,merongmerongzzdg,account.dce0892d91f54dcc9e566649f3a2341e,2651
2026-02-11T17:37:16Z,mangoyogurt,account.a2c1e6e9f81445928d05268d1f95fd81,0
2026-02-11T17:37:16Z,rokpangHNB,account.1605fd64b5c242978a992b30d0f43a54,2694
2026-02-11T17:37:16Z,bbangddoah_,account.43679bb70d8c4800b4e27d7499e973d1,2901
2026-02-11T17:37:16Z,vldhwldlsepdy,account.f0ae5051f1504c748f99ecfe176a8896,2929
2026-02-11T17:37:16Z,kor_54,account.297f06b4123644f7b6b8e711a78a951c,2796
2026-02-11T17:37:16Z,SM_LausxeS,account.5c0d6dbb1fe742cf9d78b01408618774,3116
2026-02-11T17:37:16Z,INX_Topnotch,account.6950e3a547a94b5c957752f6b92dd34d,2905
2026-02-11T17:37:16Z,Ttaengi_,account.344502b3371f4dccb5618101c2aca2f5,2610
2026-02-11T17:37:16Z,WPC_BB,account.dcab26915dea4284aa864593061bb9ab,2148
2026-02-11T17:37:16Z,5cla,account.3dc04060f3fa496c81983f7b54a39d7e,2402
2026-02-11T17:37:16Z,212_L,account.d1bb6ce7f2454d14a893d934f280321a,2803
2026-02-11T17:16:01Z,WDKJASOFIHAWLK,account.4946368d206842c9ade0e0f0f7fb1978,2122
2026-02-11T17:16:01Z,ByeMyRose,account.697aacdc404f459badd864244eb2b682,2424
2026-02-11T17:16:01Z,ma_c_a_rong,account.d04866314b4a4e618e8e09ee035124c3,2952
2026-02-11T17:16:01Z,Mangm1ng,account.4f1f88998873477fa7e8535d5a8c158b,3276
2026-02-11T17:16:01Z,HES_Regu1ar,account.7ae168076f04418fa842e819c545878e,2814
2026-02-11T17:16:01Z,SXX_KingJuGeun,account.c6b1aa06b9a3438da6dec0f8c548d5bd,3191
2026-02-11T17:16:01Z,INUNEYOON,account.344be7bbd4fc4dffbea96c2349e3d2c7,2648
2026-02-11T17:16:01Z,800123kms,account.d8688ba520dd450fb8b9259941b606a1,2883
2026-02-11T17:16:01Z,DaeguTaemin_,account.7b61ba8a7e94433aaee87674be69ddd0,3301
2026-02-11T17:16:01Z,tookrypan,account.30750c84f5c0479ebc0b99a46dae1e34,3037
2026-02-11T17:16:01Z,MangosteenYogurt,account.eae98cc07d374bc1b04d91a66fb7f0e2,3285
2026-02-11T17:16:01Z,DGG_T,account.c558827f31894f469015e4a880494e12,2562
2026-02-11T17:16:01Z,Naega_Gojarany,account.5f65a1ed0f3d4493a5698ae24ffb2f1d,2500
2026-02-11T17:16:01Z,INUNEPONG,account.336d76410b8b48f8a0fc9321da4f629e,2837
2026-02-11T17:16:01Z,apeuzinabbanghee,account.a19a2873ba694717a5d835af338f8752,3008
2026-02-11T17:16:01Z,KingPooh-_-,account.5cc15993bec341be9082e03a1aee0e42,1921
2026-02-11T17:16:01Z,1_sonic,account.85cf628238ce496fa803fe0735971d53,2530
2026-02-11T17:16:01Z,SunHoHNB,account.d59e9ab348ec4aa2918ea43e448f7d79,2600
2026-02-11T17:16:01Z,dusakgkqmfpdlzj,account.c6dc3fc35a4946519b2e816301d0ab8b,2830
2026-02-11T17:16:01Z,T2CN_KDS,account.606311592fb642f89e2c4faf06a607bc,3000
2026-02-11T17:16:01Z,3Seohee,account.8696653f16aa4740b2ad8c61fc819b6f,2710
2026-02-11T17:16:01Z,JJeongRae-_-,account.d2c9a7fb80204135885aa12dcbc3efe8,2619
2026-02-11T17:16:01Z,uNL_Plum,account.0e474668210b43b9a306664653ad470c,2448
2026-02-11T17:16:01Z,DGG_J,account.77209a640e40461b83541722b6c14531,2209
2026-02-11T17:16:01Z,Jinbxri,account.59cb556367e941e888c8db225721f7e5,1798
2026-02-11T17:16:01Z,INUNE_,account.971245c1624747229007279d282021d5,3004
2026-02-11T17:16:01Z,bboqqqender,account.55e6542c6f274a64b040dc8e1dfb41d6,2921
2026-02-11T17:16:01Z,rok_antjd,account.46498c0d57a54fa1b1cfc5f787c141f1,3157
2026-02-11T17:16:01Z,HNB_M9,account.89e1d3898cf64c22aab5754f90cb01d3,2746
2026-02-11T17:16:01Z,roWjsp,account.c1cbe6950f7940ef99e9051ec2d35d94,2926
2026-02-11T17:16:01Z,Yxngs,account.60297441a55346879e8c3fddb6fa89e8,3039
2026-02-11T17:16:01Z,JunyaPING,account.dd85dc4b56aa4e5a870a498321b2e488,2684
2026-02-11T17:16:01Z,tozhaekfzhaHNB,account.bf8025deb07147e08732f8549d8cbc73,2602
2026-02-11T17:16:01Z,sldjaakqmffnclq,account.99e18ebc043445139acd460c28c14f93,2437
2026-02-11T17:16:01Z,Jokobeach,account.64af452e6dfb4496beee8bcf2dfce453,2499
2026-02-11T17:16:01Z,ASAP_Stone,account.88f5ec088eb74591a3a6f93ac48458ed,2213
2026-02-11T17:06:19Z,zhjunn_,account.1c678c339d3d494f9a3019fd09c4f005,2200
2026-02-11T17:06:19Z,Gom_Bang_Wa_,account.cce06ea7d46c4c2496fa21e8ad83c731,2713
2026-02-11T17:06:19Z,Rozalllin,account.bda4feb8d4134304a6d31ad87e5536d7,2844
2026-02-11T17:06:19Z,lliillllillliiil,account.517cb90c5f56401da87fbc4d8400a5b7,3729
2026-02-11T17:06:19Z,SeoNo_88,account.8e8c9f443ca547938e29b46fee53f19c,2086
2026-02-11T17:06:19Z,DAF_YW,account.e01e991819a84a898bb3a7ed2b8076e8,2416
2026-02-11T17:06:19Z,5sal_18ryeon,account.78adf60f868b419482f33bf9f6791fea,2218
2026-02-11T17:06:19Z,moon100_2,account.35bf46f68c424a65b0150a1c8be3ece6,2533
2026-02-11T17:06:19Z,BLUECHIPBYEBYEYO,account.e0f6d233e827443ab896116690e63361,3035
2026-02-11T17:06:19Z,ANGZNGGIRLMAXIM,account.3e837a8381514ee988c63ac62973b388,3093
2026-02-11T17:06:19Z,Ez_dotnlqnzo,account.5ed559cf79c24c5ab2208b13f34b6dd9,2728
2026-02-11T17:06:19Z,Tako_yaki_Buu,account.9dafa3f31a0640fda446287eb9d7514a,2132
2026-02-11T17:06:19Z,BBang_Seok_,account.b3efd776ca2f4ed6a81c56910a794a0f,2706
2026-02-11T17:06:19Z,BBang_Mi_,account.72399aba7d514a5b94d962d3c95f536e,2731
2026-02-11T17:06:19Z,HND_x3no,account.0af15c9a72f0446cadb434a172b3fa39,2554
2026-02-11T17:06:19Z,2CN_Nayeon,account.d8169351880e4af99c9428cafeded47c,2816
2026-02-11T17:06:19Z,Yangmo-,account.3eb4d57f91cf4aee8404216189dd26ce,2533
2026-02-11T17:06:19Z,JEJU_Winter,account.dedcfa3031724b6383fdc5a4f2dffbd3,2229
2026-02-11T17:06:19Z,DAF_Ux,account.b37229c94551446da0f90ee95d297670,2825
2026-02-11T17:06:19Z,Ez_GarlicSCS,account.32581d8a5a26462b8cf3e2d0fccdd062,2663
2026-02-11T17:06:19Z,S1897-PUSHPUSH,account.8369857be27b499ea4c2097f9f36755c,2541
2026-02-11T17:06:19Z,DAF_dd,account.7835ff01e6dd41a8b5a2573f7d9066d0,3176
2026-02-11T17:06:19Z,Ez_BXX,account.c06db73432ec4363a93aef2ec68ef292,2406
2026-02-11T17:06:19Z,DAF_SoooO,account.dfc38836150144ce83072b3cf3ca8da3,2347
2026-02-11T17:06:19Z,Gz_DxxxH,account.3815fffb482a4758a24143ece4091406,2919
2026-02-11T17:06:19Z,zafergold,account.8e8717bc456e499d9c9a9c123c925bf5,2492
2026-02-11T17:06:19Z,qkrpro,account.abb1ca167eaa4aa8aae74bc5eafb30f4,2531
2026-02-11T17:06:19Z,JeGuki,account.86b5ef5f9d234ad09abd50ee929663b8,2527
2026-02-11T17:06:19Z,MIREUNGI,account.49a117025dba4bbcb0d98507bc07c5ac,2049
2026-02-11T16:32:03Z,Ziri_Gochu,account.7679fbfc4a504a74881e4dca70a49958,2096
2026-02-11T16:32:03Z,akfdkckrl,account.df129f39e7ca41178f5acc329ab1c372,2733
2026-02-11T16:32:03Z,NUJoonAeng,account.23cbcd4f5c2745098a76eafe597c99c7,2255
2026-02-11T16:32:03Z,ESFPTAS,account.b9fcdbc79c224034ae156068e0d1edaf,3044
2026-02-11T16:32:03Z,CCH_JB,account.abf69b38fe4e48f480e3a752d6a68e81,2639
2026-02-11T16:32:03Z,TTIlIlIlIllI,account.c6ecf999276344d7a3c15afc965d2962,2443
2026-02-11T16:32:03Z,TeamTAS-,account.510a5202ecd945058d34b59b7142008e,2956
2026-02-11T16:32:03Z,MujukLGTWINS,account.e7429fcfdefc4168a1df584b7f0415e5,2409
2026-02-11T16:32:03Z,INX_ruaenddl,account.84b17088757c4ead997ab48515815c4b,2494
2026-02-11T16:32:03Z,SiK2-__-,account.b9c7a343ee4a4bf5a838dad6393db9dc,2522
2026-02-11T16:32:03Z,DecadeTAS,account.45f79b39b3db4734944884e88a17c96a,2660
2026-02-11T16:32:03Z,qlsxmadmltlf-,account.1f84a53aa5c94ae6b0816478c19f340d,2600
2026-02-11T16:32:03Z,Ami_hyper,account.c1fbcba47a39493a9e67751b75d9aeee,3304
2026-02-11T16:32:03Z,SRDPS-,account.f151736da0854d04a7ea731054ffcba6,2088
2026-02-11T16:32:03Z,DuckGu-__-,account.cf1753fde0604e72851fe717625af3d7,2443
2026-02-11T15:53:14Z,ORION_BIGPIE,account.307dbc544da1474a80570e8e39a529e6,2643
2026-02-11T15:53:14Z,prayhxx,account.88a393343d604edd981cd7ce7c69ec57,2713
2026-02-11T15:53:14Z,Daeypro,account.159bfa57a2894044b37cdd6b901c6892,1846
2026-02-11T15:53:14Z,JOBK0REA-,account.2bec7bb716194c0d883f8f26d04db675,2727
2026-02-11T15:53:14Z,illiiliiiliilil,account.25dd805f4e984a6b8549aa39d2aed7ec,2285
2026-02-11T15:53:14Z,834304,account.90ecfb6e446143af83c010769decd680,2759
2026-02-11T15:53:14Z,20131021,account.0761a8bf833641f3a17cb0290e33afff,2291
2026-02-11T15:53:14Z,MEV_DieCow,account.a3e017d703c74246871384633f8e6e39,2581
2026-02-11T15:53:14Z,dkvkdyrmaksgody,account.b8e83180eea24c30955344bbed045f60,2714
2026-02-11T15:53:14Z,INX_DAMY,account.4934e29d45194fcfa87377d53e0d6c00,2343
2026-02-11T15:53:14Z,tbqndwhdk,account.8532738cd36045c5b77057a3244c50a3,2768
2026-02-11T15:53:14Z,AsibarsapleJom,account.4baae2e3555f48d89f738e6d114284d1,2236
2026-02-11T15:53:14Z,2025HappyNew2ear,account.b6fdf5d554be47db9d7d9a7da14024a5,2438
2026-02-11T15:53:14Z,IIllIIlIIIIIllII,account.c0582102da744eeb999c9f0767f971be,2600
2026-02-11T15:53:14Z,code_yeonmak,account.00ba0d93702441f08639f13a52ccd61a,2120
2026-02-11T15:53:14Z,DRDRDRDRDR_-,account.dfa23e5d493b4db98b1987d1a0e1350c,2443
2026-02-11T15:53:14Z,ETS_Waye,account.cf6eef7766774325b17a254179813099,2325
2026-02-11T15:53:14Z,YxxHxeog_,account.272e5a2867cb4e498b3e334361d0e079,3045
2026-02-11T15:53:14Z,Kon_Ni_Zzi_Wa,account.8790fe6b857a41fa8d8dbb77a4969496,2446
2026-02-11T15:53:14Z,DAF_Stealth,account.68de38468b33427fb47f9b05bb0080e4,2304
2026-02-11T15:23:24Z,vvvnvvvnvvv,account.7ee9d9bd589042d6b55d831db1b4f0cd,2314
2026-02-11T15:23:24Z,Loveahyeon2,account.6896682ad7c3445d81b954dfa7325929,2306
2026-02-11T15:23:24Z,2CN_SIXER,account.04f5a834f96b4984b7d97ae04d5c236d,2171
2026-02-11T15:23:24Z,RVGE_Seob2,account.c22aa9bd56d54347af7d12f33ee7a610,2605
2026-02-11T15:23:24Z,HXXVELY_-,account.5fe53cdeaf8a4f768d0321d81bf9335b,2691
2026-02-11T15:23:24Z,S2_sh0t,account.5bfcdbc52c6243189cc40113618f53b9,2293
2026-02-11T15:23:24Z,enmich1nnom,account.a00fb4f13dc14e88b4dfff0aed0fbab9,2772
2026-02-11T15:23:24Z,lllIIlIlIlIlllIl,account.5d8ae3b7ce314760ac8fdb8edc407f04,1955
2026-02-11T15:23:24Z,dkssudfhdns,account.86c897bf783a4fda9babc0841ef34ff1,2338
2026-02-11T15:23:24Z,BB0-3-,account.7cc0ee0019fc4035a1a1b81b9acf2bf9,1963
2026-02-11T15:23:24Z,JustOneStory_,account.1c03cf69257b4c3a98d5f5f9cc9d7805,2259
2026-02-11T15:23:24Z,nobbanjjju,account.5a1196cba0e8401daebd1234ee5bcfaa,2919
2026-02-11T15:23:24Z,SIC_SAEND,account.767b20fc36f2400cbc73e2d7198b8e12,2867
2026-02-11T15:23:24Z,2CN_RINNNN,account.31c3b8abdbc6478f9e56a5cc87a78348,2167
2026-02-11T15:23:24Z,story_ACE,account.864eb833527a462082a7a6d2ea80041c,1715
2026-02-11T15:23:24Z,BZN_FullQuad,account.8e04a27f9bb84970aa651ec5644d48a3,2706
2026-02-11T15:23:24Z,strawberrysmud,account.924936b25b1047f28e04e570b6cdfef3,2842
2026-02-11T15:23:24Z,SIC_N,account.5762fb1dea5340189674d7a99496f8ef,2200
2026-02-11T15:23:24Z,IIlIIIIlIIlIIIII,account.6718cbdfcf43439d95bb49fb4cb8bc78,3162
2026-02-11T15:23:24Z,SaGoYa_XIAXlA,account.9668619b1a094601a17f1a662f7c3d3c,2828
2026-02-11T15:23:24Z,NuNu_junglechai,account.7f0bbe47b5564f1fa764ff0be5efa1e6,2373
2026-02-11T15:23:24Z,bznbnz,account.81b5dde311ed4d2187e5aea98188c990,2245
2026-02-11T14:44:02Z,Gz_Byurak,account.2449c31afc244f3d91826ec4d1e7ff29,1755
2026-02-11T14:44:02Z,CASA_EUN-JIN,account.d4584da61a4b42579ec9539a506ad03a,2208
2026-02-11T14:44:02Z,VR_JoralMaster,account.42f8d8edb96c4e5bae12e708ef712fc1,2523
2026-02-11T14:44:02Z,s3owon,account.0cd960b28c824bb39f20bb6ae7dae856,1994
2026-02-11T14:44:02Z,hyeino__o,account.1a3e4157c12644da9ab64eb746e7140f,3027
2026-02-11T14:44:02Z,AXIS_AXISKJH,account.b168fcf81f5f4ed9987920544f7a543b,3573
2026-02-11T14:44:02Z,Ez_SoluTion,account.131b1a94c1ec4b6994baf5e6a3b86849,2596
2026-02-11T14:44:02Z,Hye0nse0-_-,account.dd924b496fb94004bcf38a75e84a817d,2008
2026-02-11T14:44:02Z,NcrGz,account.f1e032aa49c640369ae6d70ea9a97f1f,2330
2026-02-11T14:44:02Z,Ez_EEEing,account.9bafcd6509a04096bc53bc3a4ffe22f7,2600
2026-02-11T14:44:02Z,Kahneki_,account.7a582a5acfcb446a95a2da475326d927,2627
2026-02-11T14:44:02Z,RX_2bunman,account.8306b75c1231455584cc75525820d2ef,2131
2026-02-11T14:44:02Z,GOGI_MOKSAL,account.4bfa5886923749ea9d3b04a014af1154,2375
2026-02-11T14:44:02Z,sorkrjaenddl,account.b6ffb712abde4b3c9a21de9cfe9ab8f1,3039
2026-02-11T14:44:02Z,Hazelnutice2shot,account.6cfdc568b263437fb713c307188fd54b,2788
2026-02-11T14:44:02Z,Ez_anfxltbgkfrp,account.9b4a2db45ae9487cadbc552164566170,2138
2026-02-11T14:44:02Z,GOLDSPOON-JSA,account.4ad8ad37e44540c9b9620eab65b96c91,2083
2026-02-11T14:44:02Z,DIC_whatisNEXT_-,account.03748a1e6daf494f9bdb8d990a76ff2d,2836
2026-02-11T14:44:02Z,NamGZ,account.c5529890704e4b4089911cd9f8c5234a,2936
2026-02-11T14:44:02Z,zxzxzxzxzxzi,account.eb6acef5a380458cb167f1b06afc0bba,2689
2026-02-11T14:08:40Z,0827HID,account.09f9a52778214ad6b54ea6d134aa1534,2886
2026-02-11T14:08:40Z,HNB_Inosuke,account.eb9ba343699c4db1816b4a8d619c0c7d,3293
2026-02-11T14:08:40Z,Otas1k,account.ba6331ebd5b442b781a1e5250bf46e25,3008
2026-02-11T14:08:40Z,Hoooooo__ni,account.3f2512eb8b8244b4bcdd2741f110154e,2457
2026-02-11T14:08:40Z,JuHwanP,account.88407c92fd01472d95a7712192509f44,2543
2026-02-11T14:08:40Z,H0830S,account.40a4ed08b89d45378ff27de00ce7a9e3,2661
2026-02-11T14:08:40Z,23S7,account.c066b95eae204564a23f00fc7b81b298,2652
2026-02-11T14:08:40Z,se0nHNB,account.ee647669af0343c89542da1a6a90b42d,2368
2026-02-11T14:08:40Z,killerkaie,account.c3ad9d257ab64f04b18cd7defb010d9f,2438
2026-02-11T14:08:40Z,Ez_silvikimchi2,account.d3721cfc5d534a4da137cec6d9fcd70e,3213
2026-02-11T14:08:40Z,sksmsqoflsdldla,account.350e5356ab364f07987000c310024347,2526
2026-02-11T14:08:40Z,Happy_Balloon_zz,account.2c8880917b1348b5a21abf870a1505d8,2600
2026-02-11T14:08:40Z,Nuhmoo_dara,account.a5a074148c424a079e721c4527176f8e,2114
2026-02-11T14:08:40Z,akjang-in,account.973ab143255341c19e719de253cf965f,2336
2026-02-11T14:08:40Z,Dead_Sniper_A,account.4f778caf5f3547b1bdd45f21467338ff,1995
2026-02-11T14:08:40Z,o7oo3,account.5023819e76fe426cbaf72efdc4fb4b0c,3422
2026-02-11T14:08:40Z,4s_Free_piece_,account.9b1936cb0ebf4f679e4e5037b22716e7,2393
2026-02-11T14:08:40Z,MSI_BREAD,account.9514037259254005b611c7ca7bfb6d98,2715
2026-02-11T14:08:40Z,ansqjawn,account.33206cacae3d4a8d96017600643cb833,2684
2026-02-11T14:08:40Z,AhnCheny-3-,account.51e3d57e17e44e168e4d002e69b59ff4,2456
2026-02-11T14:08:40Z,SxRxN_-,account.13826841cbcf4421b4abea782949ebc7,2937
2026-02-11T14:08:40Z,L2ft,account.8f01697ec9fc41bfa993a590283d6db5,2814
2026-02-11T14:08:40Z,S0518M,account.43c9746b5c614fbe8e0bd8dbe99f7252,2780
2026-02-11T13:41:51Z,jookdari,account.4676c0db2ea74cea8edde32579205328,1994
2026-02-11T13:41:51Z,KitsuneTnT,account.5437ea5e01a849ae8002fb43719d8e62,3277
2026-02-11T13:41:51Z,sungjunzz,account.99c0b0e4361d4f00a1df020c4ce2c48b,2071
2026-02-11T13:41:51Z,Ez_10moo,account.5577ae100cd84c3cbe20c2c8c4f1717f,2550
2026-02-11T13:41:51Z,ND_Christian,account.6037f3902a744340a60b3d75f2f0825d,2426
2026-02-11T13:41:51Z,Hitmxn__-,account.a1c29f3306a14dbeb9e02fc261f69884,2709
2026-02-11T13:41:51Z,MARGHERITAAA,account.36626b720e8d4652b6ac542661f757ca,2537
2026-02-11T13:41:51Z,liiilillliiliill,account.0afd3dd4b9264487a1ef23a0016f9d1f,2600
2026-02-11T13:41:51Z,ND_DaLong,account.43e39676a42c47ce9951aaed089fbd76,1948
2026-02-11T13:41:51Z,ALLIED_Iykyk,account.b6037dfba9a24aac8094ae89663d374b,1996
2026-02-11T13:41:51Z,Dommangcha,account.61652083119c42b88101cd89dca751f2,2200
2026-02-11T13:41:51Z,ATT_M416,account.b2c576d974fe47839b44bfce9fc04b9e,2269
2026-02-11T13:41:51Z,JJuNing_-,account.46881061067248e8aa53cc6199620b7f,1907
2026-02-11T13:41:51Z,EU_AX,account.1b0a28fe427447988df4e53983c2b37f,2628
2026-02-11T13:41:51Z,jae_yom2,account.480276c5313144e19e8017a99cd5bd14,2540
2026-02-11T13:41:51Z,HNB_Lauv,account.3dea3d417d434dd4b46fb9882deeeb97,2573
2026-02-11T13:41:51Z,MAX_MARVEL,account.0b8ae2cecd5c4251aff1accbfd2a9365,2630
2026-02-11T13:41:51Z,7Hanggoo,account.59581c98271b48febf64eda80e304bd4,2768
2026-02-11T13:41:51Z,LS_Ve,account.8233c10e6ef54b92930081e85899f03d,2655
2026-02-11T13:41:51Z,WGC_Jung,account.fd78eece331346fd9ecbbd92b8303963,2488
2026-02-11T13:41:51Z,U_K_M4master,account.2e1efc11bf7a4119b9ec9808f6eadaf9,2928
2026-02-11T13:41:51Z,topgogi,account.f1cf08a533fb4ac78be54ca26dc85b5b,1977
2026-02-11T13:41:51Z,HyeongMin-K,account.2d53ee7d80f641ddaa7ec5140c915265,3040
2026-02-11T13:41:51Z,KimChunbae2e,account.895f8dfb90c24dd694c50448db0feba8,2411
2026-02-11T13:41:51Z,WG_06GOSU,account.21215146bbfb40d6b259fe881c8d135d,2908
2026-02-11T13:41:51Z,aegiHNB,account.079c4c180fa3447ea250ce12e3753139,2270
2026-02-11T13:41:51Z,Goat-_-98,account.53eb55e409ac4683b1a43b31543259de,3048
2026-02-11T13:41:51Z,TeamLASER,account.fed0a60412ee4c2f8973b820b8a0b278,2872
2026-02-11T13:41:51Z,Ez_oizza,account.a0e7c69f138c429fa659fd582eff000b,2710
2026-02-11T13:41:51Z,Sungmin-Y,account.2fffbaacaa3f44f4a448d9dd44901005,2312
2026-02-11T13:11:42Z,SIRU_RAZE,account.687f0b479b97496b88a68724bfcf4ed3,2152
2026-02-11T13:11:42Z,No035_bbibbi,account.9491ab91a6644e94804667cc20864b80,2984
2026-02-11T13:11:42Z,byebyekikiki-,account.291ffb6fe27249aeb02e9c399b9cd4ed,2236
2026-02-11T13:11:42Z,wodlfwodlfwodlf,account.359b68ba3a514b2e845efbaa0c33f707,2677
2026-02-11T13:11:42Z,RockGomLM,account.5ebefe27c5664eb38266efe8297d0f04,2214
2026-02-11T13:11:42Z,Ez_umjigripPilYo,account.f7fab625992643fdaa0f2cb272059d7e,2556
2026-02-11T13:11:42Z,GGOL2JOA-__-,account.d76e421162084c41afcc29fc97756c7a,2228
2026-02-11T13:11:42Z,wodlftmfjdnj,account.002915f127644da1bbe73a5b1fd39fb0,2784
2026-02-11T13:11:42Z,heejaapetHNB,account.6da73accbc114e7f8c932d81e0537565,2044
2026-02-11T13:11:42Z,but_x_x,account.5ccd840e648346149c52cae94e72ee2d,2405
2026-02-11T13:11:42Z,ZenistuPOG,account.ee074df4275b464c9c5298f9f192a9f4,2348
2026-02-11T13:11:42Z,L7Z_HOHO,account.30a1590f622142c182f00807ea8e0859,2428
2026-02-11T13:11:42Z,L7Z_Logitech,account.53c70615b69e4b38826929dae9f50c43,2477
2026-02-11T13:11:42Z,TWIS_9,account.b6290f5dc87f4f2894adb4d2b242af95,2473
2026-02-11T13:11:42Z,Xicari0,account.2b432803f8dc4a5ab9f9018e6fdee546,2772
2026-02-11T13:11:42Z,MichinyunaPOG,account.6662c2e40cbf48d6a001d22c0cd37390,2489
2026-02-11T13:11:42Z,Jalga_-U,account.24bf9fe4afd44ea6a4f00268b7344a82,2117
2026-02-11T13:11:42Z,ANK_KMS,account.0ddf1216ac8b42eca52dd0739f48b245,1112
2026-02-11T13:11:42Z,Wooje0208,account.936f03d4df674712bf5253d5be8c965e,0
2026-02-11T13:11:42Z,WPC2nue1n,account.89bf3fc350bc478ba83b1a9acad13e04,2618
2026-02-11T13:11:42Z,TigerX77,account.6f33a7e7c8a44d559100b368091a6193,2586
2026-02-11T13:11:42Z,5KingToc-,account.9e7861c56eaa45459af439eaca4fbbb7,2119
2026-02-11T13:11:42Z,Gz_QWER,account.1582f769476243449e2cf4ab3d70fa37,1622
2026-02-11T13:11:42Z,gomsemaliga,account.e6ab1cfc81cd4c30885935a1c54eadbf,1560
2026-02-11T13:11:42Z,watashiwabbumeda,account.2d843c3e68234c33967e684c485a314c,2003
2026-02-11T13:11:42Z,Ez_ClanMozip,account.33d00e79987e45f5817f143b3868ea62,2646
2026-02-11T13:11:42Z,norangmaengchal,account.c6e3405eacfe4ec39357edb04a61f803,2658
2026-02-11T13:11:42Z,POG_GAMJAx,account.edcd4f1fe58c4074a4618648f33f54fa,2305
2026-02-11T13:11:42Z,Ez_Jiney,account.cd538770c29649989f1a6ae0a7fb66c1,2782
2026-02-11T13:11:42Z,L7Z_HOTDOG,account.8e8b41ba9b244331943ee197335aaa93,2382
2026-02-11T13:11:42Z,CB_-_SINJUKONG,account.d40498f2ff674466b646df4215d0d816,2200
2026-02-11T13:11:42Z,CN_Consigliere,account.a592eaaff1b04c319b808d511a36fd5a,1965
2026-02-11T13:11:42Z,Gz_AloHang25,account.298fa3ae96d04f9a883d9ac8c18a3e3e,2386
2026-02-11T13:11:42Z,ANK_LEE,account.0e26abc92e55491f9c85587ff45619a7,2102
2026-02-11T13:11:42Z,GGGGGGGGGGaeGGuL,account.780e24890a364570ae7fa2b7f0b76e33,1854
2026-02-11T12:36:18Z,Yunjiniiiii,account.92433e0746f34912aaf1b45c555f4eff,2389
2026-02-11T12:36:18Z,SR-SIN,account.a3ddfc36e856434f94e9beb8e27c6adc,2871
2026-02-11T12:36:18Z,MMMMJ_-,account.f00cfb0900904c1db72d1b4e98c2c183,2811
2026-02-11T12:36:18Z,Doraemxn,account.6ff91122a9804108855d6303b29411eb,2596
2026-02-11T12:36:18Z,159cm_18cm,account.20c9bf696c9b4f14bf5c7c5b07f9af56,2587
2026-02-11T12:36:18Z,5EunYeongToc-,account.fa730c2dc6bf4a469309d70d64b16dba,2287
2026-02-11T12:36:18Z,WG_109,account.7dc39949d5c24f0f8d2a19f094665cb4,2660
2026-02-11T12:36:18Z,SSi8arErdiyaVss,account.d42f15a5a8c94ad4b90f720b8faa88f8,3028
2026-02-11T12:36:18Z,300_llllllllll,account.72695e9be068411ab198a40880d2521c,2551
2026-02-11T12:36:18Z,DDG_Simbbaku,account.11232838286e42cab753a80e7d67dbef,2245
2026-02-11T12:36:18Z,nomve_FADE,account.6bf008e1eac14dd2956bd727f945096a,3106
2026-02-11T12:36:18Z,lillilllillilik,account.b9d3b2dbf0794c5c910a11965699f9b2,2489
2026-02-11T12:36:18Z,815213209,account.b40f6bb8ecb54ee9b4dfbe23787d7727,3074
2026-02-11T12:36:18Z,Sunglitter0_0,account.522c7bc00cfc4af88e42326fb2942435,2522
2026-02-11T12:36:18Z,M2penda_-,account.0008205416eb47cb9d747c7d67532fa5,2903
2026-02-11T12:36:18Z,DDG_hye9ing,account.7e5b6ed24cb94e7485c6f7f3d8625b20,2448
2026-02-11T12:36:18Z,Ez_Codu,account.e1d4065b49244318b1e5552a62ad41c4,3333
2026-02-11T12:36:18Z,PxxKSxxL,account.7dc7f28f3aaf49ec95b2c33ed71c6df6,2404
2026-02-11T12:36:18Z,WG_JAEUP,account.3ed91ea0cf1b413db8f4526cc933de5a,2351
2026-02-11T12:36:18Z,WG_Maeng,account.aab3f83c0bdf424295f2a73d88955d0d,1985
2026-02-11T12:36:18Z,WG_rush,account.4a9ab09d176047cc96d27daab692cd98,2345
2026-02-11T12:36:18Z,300_Turret,account.9066e9fad5cc4e86a3dd86ec5bed6907,2606
2026-02-11T12:36:18Z,BxrackObama,account.8c586a4353ce4d0882a120f09628fa74,2997
2026-02-11T12:12:40Z,kkapchigimara,account.4f73e257a37e4be7ad61e888b24d1586,2144
2026-02-11T12:12:40Z,HYE2N1,account.bf2d6e97487f4a5292a24b7837edb984,3321
2026-02-11T12:12:40Z,hourminsec,account.df18a2e38d7b4543aa5bd9fa925e7665,3333
2026-02-11T12:12:40Z,10GOSUHNB,account.7d408fde0b5e4cbca11059165bfe2787,4371
2026-02-11T12:12:40Z,SIMBBAKK,account.a3407fa60df64d6186d9047cbe4d4090,3063
2026-02-11T12:12:40Z,Ez_saebyeok,account.35e5ca5e56544d0090e1c25c39763b64,2272
2026-02-11T12:12:40Z,GaeGuJangE-_-,account.a1083c9c79a44fbd80241ae02e826722,2804
2026-02-11T12:12:40Z,CES_euNchaN,account.0d55028441ad481da80d9806867defa5,2511
2026-02-11T12:12:40Z,9s9m9,account.1a991ec44b6a42eebd9990004df768df,2640
2026-02-11T12:12:40Z,Overwhelm__WJ,account.a5253f6f93fc4fda86ad20481b5dd34b,2268
2026-02-11T12:12:40Z,CK-Linxiaoming,account.02bf796e1b774b7db7b6379373acfc61,2893
2026-02-11T12:12:40Z,PxxPxx__,account.f0d3c4aaa34142eeb9535ba6e8142e35,3083
2026-02-11T12:12:40Z,eehgnas,account.659cdb4015ea4c64b77eb9de5ada55e8,3233
2026-02-11T12:12:40Z,noseogefil,account.67100db1b0844184a7648bdc7f46e6ff,3994
2026-02-11T12:12:40Z,lIIllIllIlIlll,account.d4db2d59bd9d4bf29bb02e421761eb4f,2634
2026-02-11T12:12:40Z,Bohmm_6Bae,account.7354c6a20556462fa0d98a117c6857b4,2110
2026-02-11T12:12:40Z,whytoriHNB,account.dec03d97271c426ea2744b8654c82d8c,2296
2026-02-11T12:12:40Z,Overwhelm__HJ,account.a5f92f1753c345a0aca913fb918bbee2,2842
2026-02-11T12:12:40Z,Overwhelm__TH,account.076cf6997cdc4393b045ebe6485ad844,2478
2026-02-11T12:12:40Z,FC-08,account.6c99cf530c454b5dad39230f7d115fab,2364
2026-02-11T12:12:40Z,iiiililililiiil,account.d56884492acc4913b22948bbf80cda9f,2726
2026-02-11T12:12:40Z,huemul-5282,account.cc9d33075b254b2b9cdcc02ae732b12b,2761
2026-02-11T11:35:30Z,2CN_DamBeeS2,account.1146915be2534e8fa659267dea6e9f37,1792
2026-02-11T11:35:30Z,RmwlfkWha,account.9d8c407006044a3989d9551b88703d01,3238
2026-02-11T11:35:30Z,INX_INXINXINX,account.5a721f89dc9c4fb0b5afed8aa01de4ce,2943
2026-02-11T11:35:30Z,2CN_SSHY,account.7caa53e2fd724f32ab9b0b554791ba44,2649
2026-02-11T11:35:30Z,chihyeon-,account.c1265f39362a4ec8bded13214f625e58,2600
2026-02-11T11:35:30Z,BLC_3ee,account.3b22ccd04e2b4c238b0116de0b755955,2225
2026-02-11T11:35:30Z,backtothe2OOO,account.67e0474ee65c4d93bce18d52aafe0473,2678
2026-02-11T11:35:30Z,1004AI,account.5ff6d8d8e0fd408e88892afb95af577a,2649
2026-02-11T11:35:30Z,wlfkfgksekwlsWk,account.e805bcc4170b4665a08d68f20d358205,2638
2026-02-11T11:35:30Z,2CN_OxO,account.0c60ec674d6c4438902bb4b78cfc6523,2251
2026-02-11T11:35:30Z,liilliilliil4MI,account.d921c73c4e3a4790b5f02e80087ae6a4,2338
2026-02-11T11:35:30Z,Psycho_Foxx,account.a9c09c5c619d4b16a94805ba44fa9223,2403
2026-02-11T11:35:30Z,DTT_illillillill,account.4ea3abf74cd247bc87bb3fe1b82c34b2,2623
2026-02-11T11:35:30Z,SAEDUNG2,account.da84a3a6ea9d47349b66efd8ed2a4c4e,2340
2026-02-11T11:35:30Z,Gz_JOSS,account.2dd99c07525e4cce82ed1107116d77b7,2220
2026-02-11T11:35:30Z,1019Gz,account.fe6a388ae71545f99438c15750f695cd,3135
2026-02-11T11:35:30Z,2CN_7272BANGBANG,account.74f6ca4602de4a62ac0580d1a7ddee4f,2025
2026-02-11T11:35:30Z,DAF_DUCK,account.c38addb137314c82859a00330329b730,2133
2026-02-11T11:26:39Z,rbfwhaqjtruwb,account.db9cd514458b4e72a4fa75badcf04b08,2725
2026-02-11T11:26:39Z,moresojuplz,account.e717f9c5b37d486d83f12b497bdc9bd3,3224
2026-02-11T11:26:39Z,PSS_TianMing,account.0ebdf1396ee64bf1acde0ac5084cfcb1,2601
2026-02-11T11:26:39Z,dlstoddlwrkxek,account.e8e16aaf36af485eb67f8a0d4b840a4f,2753
2026-02-11T11:26:39Z,tkfantk,account.4e550380fff4416087f55d2b9a86fe5e,2274
2026-02-11T11:26:39Z,Sweet_Dodari,account.62c8c7e92f6a4be99fe5c40a2e59987c,2215
2026-02-11T11:26:39Z,INX_Vooby-_-,account.ae33de9cc837404ea5ad1678598b6c6b,2777
2026-02-11T11:26:39Z,BAZZI_-7,account.b0428bd46e024c55993baf3ff4df614a,2338
2026-02-11T11:26:39Z,rokLOVEnoma,account.870c0d45b03042c7bea634e63e445327,2927
2026-02-11T11:26:39Z,ZZ_Jessie,account.afbfa90db23340d485e9ce538472133e,2495
2026-02-11T11:26:39Z,INX_JackSparrow,account.1f309359865d45bfadb946c8d9cc4113,0
2026-02-11T11:26:39Z,alcls5xksdbwj,account.f4a51ca52f0644cea4a97924f5e91ea0,3119
2026-02-11T11:26:39Z,ZZ_Ravi,account.75b41bd9f09e49a1a2d53f358968ae88,2002
2026-02-11T11:26:39Z,ZZ_Jang,account.d2435328ea4543ddae60d0faf160430e,2634
2026-02-11T11:26:39Z,o327ovo,account.bcff18a86f3544cba58e22b121cd806b,2316
2026-02-11T10:53:58Z,TQTQ_wfwf_DUCK,account.46fb34b126964e399f0006180173c16e,2125
2026-02-11T10:53:58Z,djdksdlqjdqjd,account.52517f21d914404880b6918167b7ff80,2045
2026-02-11T10:53:58Z,BUPY_sa2ren,account.41cefd24d4bb4730ba6f94e86d2266d5,2416
2026-02-11T10:53:58Z,TeamWonpiece,account.9cec2dd74cf84003bb5e72fea03aa74f,2600
2026-02-11T10:53:58Z,lAB_Picasso,account.7fd50afa762b430eabd1e6938e20ac71,1917
2026-02-11T10:53:58Z,Chanii_00,account.b93ff31368fe43f19e39fe61e78c2693,3022
2026-02-11T10:53:58Z,BUPY_ZZARO,account.7fee3e9e6539446ca8c279815174c313,2764
2026-02-11T10:53:58Z,BUPY_rrrrrrrrrrr,account.294ae1cb13d94c21a0a930aa733abec9,2351
2026-02-11T10:53:58Z,Ez_Chacha,account.7d4f490ab3c047aa9a394c37820ddb9f,1918
2026-02-11T10:53:58Z,Wxtchxr_,account.7654b4a07a734f64bde681623a53def2,2922
2026-02-11T10:53:58Z,MB_JJIN,account.5ab3509987bf48b69eb3cc2229de9897,3077
2026-02-11T10:16:54Z,Firefly_4_,account.826eb3d3552d425299fc492d1445f64d,2245
2026-02-11T10:16:54Z,PIGLET_00_,account.25fed51945bf401e9a8e8b8d50f7ff29,2274
2026-02-11T10:16:54Z,xXXxX4shotXxXXx,account.53f3dc413bf14ba9893f55074163e012,2510
2026-02-11T10:16:54Z,mjinn_1124,account.00c84c1a290b4f1e9c33f24d7e213e92,1872
2026-02-11T10:16:54Z,2CN_8001,account.ad13c8774d4c4d389a33eb070b61dad7,1738
2026-02-11T10:16:54Z,JANGKIlIlIlIlIlI,account.279e905c3a0147ec93a5aa52d29ed7e0,2654
2026-02-11T10:16:54Z,hohohar,account.f3aa321c6eb949c4bdeb532e0c4e46aa,2189
2026-02-11T10:16:54Z,SSAP_Jun,account.9083394246af4e3c8c9f2ee20a21e909,2021
2026-02-11T10:16:54Z,AnimeAoba,account.ee0cce3f3fb94339a53b21dac2585b33,2066
2026-02-11T10:16:54Z,FRO_2stek-,account.b2f4d8f611fb41e48ecdac28c00bbe1f,2283
2026-02-11T10:16:54Z,Lemon-s2-,account.a46b072ad048417f9cfba2dd7a112b93,1932
2026-02-11T10:16:54Z,EX_IMG,account.81e6b7ba119d4a80b68f14dd7198dd03,0
2026-02-11T10:16:54Z,OHsaekkicut,account.1523fddf8295404189ec44d732babe24,1861
2026-02-11T10:16:54Z,FRO_HooLa,account.30fe8673e27145ae8c19587ad3ce19d6,2051
2026-02-11T10:16:54Z,EZR_NIMI,account.6f8cea2538974e4783077793b62e085b,2214
2026-02-11T10:16:54Z,KBG990621,account.fbc4996e1829476bb774a096134fdf46,2038
2026-02-11T10:16:54Z,k_-o-_ng,account.e63c624acba74ed1848db90f13fd9cb5,1910
2026-02-11T10:16:54Z,GGGOOODDDD1,account.7bc046100e684a4e93294ecf819088fb,2144
2026-02-11T10:16:54Z,DESBBAK,account.3c3ca686021947848c324044f7cb3dbb,1840
2026-02-11T10:16:54Z,llilliiiillilll,account.c5d28ec3f85a44558d8ff6445f78d74a,2310
2026-02-11T09:43:21Z,top800,account.bb7b13c5be2d448abd3413bc682aa745,2019
2026-02-11T09:43:21Z,siyoi,account.271a06ed92cd462eb7580204426781e0,2820
2026-02-11T09:43:21Z,Mutantang,account.2f6e921507494c20a976ba1701026ec6,2200
2026-02-11T09:43:21Z,DooJH,account.c353425f1f2d48caa6466de60ad6aebc,2390
2026-02-11T09:43:21Z,Nagarago_Lobbyro,account.9c4964dc9592473095ae7b113d7b2082,2220
2026-02-11T09:43:21Z,WG_HYUNW00,account.417fe02c82eb43b7a1857c053630c51c,2301
2026-02-11T09:43:21Z,GangChan97,account.1b06ab46eb0d49d7b5452c076984acda,2933
2026-02-11T09:43:21Z,Out_YeongJu,account.b4e5aa49a2754d6b91f12984c1e477df,2368
2026-02-11T09:43:21Z,GAEWOON,account.864738c52cf4454aa16160b170b038b2,2319
2026-02-11T09:43:21Z,WallGang24,account.fc8ec2a1645c42979fdfeb502f72cbaa,1996
2026-02-11T09:43:21Z,Myeong__gyu,account.4dcd73596ad44242852f5c5afdec6ff4,2331
2026-02-11T09:43:21Z,WG_ANJU,account.960d6cd69d244ec1b45c0fdecad6012c,2509
2026-02-11T09:43:21Z,TTukbaegihan1dae,account.9e22212a2baf42038c1648f380084a4d,1654
2026-02-11T09:43:21Z,Bye-_-yomm,account.b45588b49bb848b1ab579488037a26dc,2200
2026-02-11T09:43:21Z,BZN_MalrangH,account.b47435adc6ca4b2fb4d15d671d345d66,3000
2026-02-11T08:36:16Z,INX_971029,account.bef2f37b4f184a638a8cbab57aa60602,3152
2026-02-11T08:36:16Z,ALSAEUCHIP,account.a3268423a9eb4a56b566a0b754a00aea,2084
2026-02-11T08:36:16Z,T1_Xiaqsz,account.59b8bf1d2e224d6687d2692724b50e48,2169
2026-02-11T08:36:16Z,sejinluv,account.e7caa7f400d2432593a56e096bf0823d,3219
2026-02-11T08:36:16Z,ar2soRh,account.216d335356c84907812575757db1f44f,2103
2026-02-11T08:36:16Z,G-hxxgggggggg,account.ee39d4b0337f4087bdc9f91555c3f80f,2670
2026-02-11T08:36:16Z,salza_please,account.d30486ef633044ddbc0e886d680b2562,2001
2026-02-11T08:36:16Z,NX_MinE,account.4c7c7661e76842ed82fe56e7fa8ab1a3,2076
2026-02-11T08:36:16Z,wlfkfehquddla,account.fdd53096a28744ada202c9111446793e,3000
2026-02-11T08:36:16Z,fly-kangwon,account.ba45bc5641884ef39e13bcddbf24adcf,1988
2026-02-11T08:36:16Z,oFol7HAH771oF,account.8815ec99f1384d1a93e250f3ef020a23,2563
2026-02-11T08:36:16Z,SongjiHoon__1,account.4c7a0db5b8724e42a9c4dd14f7917859,2156
2026-02-11T08:36:16Z,Trip1eK,account.60cecf27344f45ac902d1bef9ffd1de2,1962
2026-02-11T08:36:16Z,Mercedes_Yeminc,account.2ca0a5269d054a75af8b5dd32cffecb5,2525
2026-02-11T08:36:16Z,lover231,account.360dd87d35e24de9aa9c23deb10ed485,1205
2026-02-11T08:36:16Z,NUNXX99,account.e0812d37342f4f2a8bbe8db190fdac9a,3280
2026-02-11T08:36:16Z,Down-_v,account.29a223de489246b79764210445cce7b0,2053
2026-02-11T08:01:44Z,Celestial_Cita,account.22e9dadfab59457b922b8a4b217e876b,2412
2026-02-11T08:01:44Z,S_ZEST,account.d04ebcc4fde049a29b2f399a644e0c2f,1867
2026-02-11T08:01:44Z,Cookie_Panda,account.2f92432356f64484a9753e159bd8e470,0
2026-02-11T08:01:44Z,F5_Neptune,account.efb005454efc43bda7c5a4a9b26cf1f5,2335
2026-02-11T08:01:44Z,Mi_The_Duck,account.bb43bfeab2b9434f81b48414fcbcbb89,2147
2026-02-11T08:01:44Z,k0ngchan,account.3d9dc4f4eebb4ca0947a25dc1784bf3b,2011
2026-02-11T08:01:44Z,H_ZEST,account.e4418c7bd42542fd8777bcbae35917c6,2233
2026-02-11T08:01:44Z,BBO_MG,account.5043a1e3e21f473e8a48d8158f4f684a,3141
2026-02-11T08:01:44Z,E_YESE,account.f7022a9793af442494f6dc4327cbca38,2214
2026-02-11T08:01:44Z,ENTP-DA,account.ca1dda62470c468d8453f51edb2c3ed8,2205
2026-02-11T08:01:44Z,IM_PIGG,account.4d48fedeefaf47f8a772570c9d7950e0,2000
2026-02-11T08:01:44Z,Crazy_-Boy_LlMl,account.ea23e79f5ea3412c87d7a0a1ae5d08fb,2278
2026-02-11T08:01:44Z,YangYangwi,account.03df2dec8cea4600a7532c0ea15a9a69,1988
2026-02-11T08:01:44Z,DAF_Malrangping,account.3048887c21034dd48b3f1f0c0ac4e39a,2155
2026-02-11T08:01:44Z,K_-judori,account.c721b323ebad4619a282002b895c9106,2357
2026-02-11T08:01:44Z,holle_T,account.0fa04c7aaf074ebea7b91489fa8902f2,1851
2026-02-11T08:01:44Z,VT_TyrannusRex,account.00f6a0775f774cd28e6efe06190556d6,2166
2026-02-11T08:01:44Z,SHINJJH,account.cf833634a4994816a9e7f0d1640a3628,2371
2026-02-11T08:01:44Z,RZ_GUNSTAR,account.228f071793f1408ba81db46b57a47b99,2228
2026-02-11T08:01:44Z,justcitizen,account.b46738918b054e1b85544646231134b2,1989
2026-02-11T08:01:44Z,DONAL_D_TRUMP,account.150ee9ad26f54e1abd492a7ea0f90234,1729
2026-02-11T08:01:44Z,chickenparte,account.f49d72795fe94599bc9e7f1c33549c7d,1882
2026-02-11T08:01:44Z,2remm_e,account.0ae51f0e171a4bb7be7cde8faf8f9d4f,2200
2026-02-11T08:01:44Z,I_-OORION,account.3cf30cae4a8f47648a5041cde0900f3c,2172
2026-02-11T08:01:44Z,D_Putto,account.cba658be1cb9499d84aef61af0ad5f71,1977
2026-02-11T07:25:43Z,topuria___,account.f4f93b69f36540d69e4e9727c8699813,1907
2026-02-11T07:25:43Z,ProJect_Xenon,account.35a809d4ebf74f1f836f380a235c5724,2032
2026-02-11T07:25:43Z,ASU_SHIN,account.493b6f3f893b4963affb11f76a186ecd,2168
2026-02-11T07:25:43Z,Ez_Owen,account.1265308c446946f28f5279025eeeb740,2363
2026-02-11T07:25:43Z,NDD_YAMA,account.e131e50059d9490b9978a426df0708b9,2867
2026-02-11T07:25:43Z,asd_1_asd_asd,account.7e0ad994136a41f984d0bea41d353357,2029
2026-02-11T07:25:43Z,wlalsdk1,account.a53b4a3a366f46cda0635cc0cb245590,2169
2026-02-11T07:25:43Z,3004_db_JIN,account.8d21fb8875b24876828c3bb56f7e1270,2200
2026-02-11T07:25:43Z,TY_JongGwan,account.2a14c15d87e54a7e88315f93a8388822,2020
2026-02-11T07:25:43Z,JunJalNam,account.4005f4b6ac2c4185a3764ce818d8f7c0,2031
2026-02-11T07:25:43Z,lynoom,account.b35044e63b084ed4b03a4bb3110b90e2,2110
2026-02-11T07:25:43Z,DG98_98,account.986936482d2b47279856955a04f70abe,2229
2026-02-11T07:25:43Z,USUL__,account.0aaa46410e5045be8a66306933f25155,2004
2026-02-11T07:25:43Z,sowkda1,account.bb25970e8e2f43de82ed15ec85db75c9,1713
2026-02-11T07:25:43Z,DIA_G80,account.4831a403a39a42b09a72b81a38e5a149,2929
2026-02-11T07:25:43Z,9699_O7,account.6d808f645ccf44a98a5a696a4ee3496f,2095
2026-02-11T07:25:43Z,10201204,account.00f05927d9a64ea0bcdbce27b038e567,2200
2026-02-11T07:25:43Z,moogaun,account.2db00ce628e84e24927feadea768897e,2309
2026-02-11T07:25:43Z,Best_JJiJJiBong,account.ce4d933b34964160b099e68692d5717b,1966
2026-02-11T07:25:43Z,YOUMOOROOP,account.10bacc2c97c44077a683193c3e7fa49a,1976
2026-02-11T07:25:43Z,10BIRD_SSABUM,account.379c0433be2846d5a047383599acc092,2073
2026-02-11T07:25:43Z,2x_xiaoyang-_,account.695e1b1a915945dd8f48a473020dfa7e,1671
2026-02-11T07:25:43Z,Mr_Oral,account.2eba77c303e1443b9ab499c286ff5927,2121
2026-02-11T07:25:43Z,henzzy,account.2f5f0b4f2ae342fa95dbfd22cb22e963,2278
2026-02-11T07:25:43Z,seokjanggoon,account.42b4bfeebc3e4d46bfebf927b031688e,1940
2026-02-11T06:48:04Z,oops_Weak,account.8cc143c5f86b452f99586cc88b6fb8f7,2265
2026-02-11T06:48:04Z,SSSSSVVIP,account.4e7dcfc76a0b41b882e04302cf693433,2138
2026-02-11T06:48:04Z,joonhee3,account.d5467be9570c4ad599ecb14002988204,2043
2026-02-11T06:48:04Z,EunH0-0,account.1a13c16890d0498f92a6d75d00e6d267,1885
2026-02-11T06:48:04Z,NUhoon,account.1ae9d391fb594503960e58e923554b72,2306
2026-02-11T06:48:04Z,BGP_suby,account.d60424ba32474ac89208543a3998a663,2400
2026-02-11T06:48:04Z,SNL_JunZzang,account.f1a970069a534b6fb65fa8b04f32126e,1908
2026-02-11T06:48:04Z,tjdghrudWkd,account.e7ab30c0997b45ffbbb42ff96f03be5d,1641
2026-02-11T06:48:04Z,minsik__e,account.22c68ea6222445dd90806417d4ec3162,2115
2026-02-11T06:48:04Z,SUSRSR,account.e7a193ca38304856beb7388c8cf86085,2040
2026-02-11T06:48:04Z,You52c,account.51e08b56e7334725a96dab92ec8f4343,2078
2026-02-11T06:48:04Z,Kira_2noo,account.25e1ffad023342c49bcd9222b665fda0,0
2026-02-11T06:48:04Z,GeumjjokToc-,account.7b79b03c4f70462b9fb182f1025c1151,2447
2026-02-11T06:48:04Z,tM_GGoSNG_2,account.1d5e4071b5a645a3a9bcd636f7725f9f,2383
2026-02-11T06:48:04Z,SKL_JH,account.c39ea8d0fae54c87883b6674d211eeb2,2200
2026-02-11T06:48:04Z,gom0546,account.3c8b587368a1472fb1ef6e6b4fef17c6,1826
2026-02-11T06:48:04Z,BGP_UUUUUUUUUUUU,account.d7bb55cc206747d3bd93e1e951c33a1d,1900
2026-02-11T06:48:04Z,Him4ss,account.aee80fe6614345f2bef593b789df6109,2343
2026-02-11T06:48:04Z,dbsehddlf21,account.0d97972954ad434fbf061f55bf63c431,2030
2026-02-11T06:48:04Z,Pillager719,account.698b422335ab4b46bfaa5420a7394c74,2138
2026-02-11T06:48:04Z,ABC-MART_Chan,account.c994a1dec5ea44c896b4e556e2457aa7,1644
2026-02-11T06:48:04Z,IamHacK-_-,account.89f1cbf4df304f06a524d0ebb7ad8692,2539
2026-02-11T06:21:16Z,SOMI-_________-2,account.1f9ac91e6cb04425a061adf554c21201,2536
2026-02-11T06:21:16Z,DAF_Veil,account.306c5b80e7a8486faa908685a6842564,2269
2026-02-11T06:21:16Z,Goguma------,account.12a6aba1f53d4c009bbe656df1b4db9b,0
2026-02-11T06:21:16Z,Ez_Jangsungeon,account.8284c06097b14e34baf092e34176b1dd,2600
2026-02-11T06:21:16Z,BGP_NOPRO,account.967cc6761ec041509aae3aa19e907c77,2089
2026-02-11T06:21:16Z,FC__0nline,account.d31a59636f44496291cc5904ee2fbff6,1579
2026-02-11T06:21:16Z,Ohdeng_p,account.7ec463092ad44d01924bec425123d143,2337
2026-02-11T06:21:16Z,AbcibalRom,account.233c0c80ba314f14ac2fc3a05d10f1f0,2600
2026-02-11T06:21:16Z,Oni_Nezko,account.ae9f30e1a295474ba514feff29a8360f,1950
2026-02-11T06:21:16Z,c_ggyu,account.078dd13668cc42c09e3d9af41f742642,2114
2026-02-11T06:21:16Z,qwnrklqwndfl,account.9c9e46bbe0154c1ca390d558ff405eb0,1981
2026-02-11T06:21:16Z,HpSsCi_,account.acaadb016b5047608ec94532a62ee363,2344
2026-02-11T06:21:16Z,shujjaem,account.20ead2e9f0cf480dbcd79306218466b6,1890
2026-02-11T06:21:16Z,OWL_Under,account.b20367511a19485ca747d76932dff8a2,2242
2026-02-11T06:21:16Z,3jack0,account.b3fb3ce84d5c426fa93559fe2e457caa,2334
2026-02-11T06:21:16Z,1st_Psychopomp5,account.e106ad74b07e43d9a870d473337a5062,2280
2026-02-11T06:21:16Z,DAF_Blood,account.ae3a08df728b4f91a925aa57098b0dfe,2252
2026-02-11T06:21:16Z,popkonTV236,account.03c45406ca8c421ea7c881913875a67e,2629
2026-02-11T06:21:16Z,BIG_HOT6,account.a633102f254241c0bb1b8f9c84e07f21,2471
2026-02-11T05:36:13Z,liilillilliillil,account.3a4e199dc8fa43c5be0a24cbf6dc9610,2011
2026-02-11T05:36:13Z,KDT_Banni,account.5a8cdde49a38444388eed087b1aae132,1937
2026-02-11T05:36:13Z,HaoHao_Lala,account.77bc396e00b44f3a8d84d76b4a653707,2286
2026-02-11T05:36:13Z,YouDonthavePeek,account.19cb5d659a734ceeb66f451bf10ccb52,0
2026-02-11T05:36:13Z,ASU_LuckyVicky,account.906ddc1f864d4a889b81965330e6ce49,2283
2026-02-11T05:36:13Z,Epikaron,account.048fc1f66ed445d6ba12d6034d798619,1977
2026-02-11T05:36:13Z,v0_0vBello,account.5ca7f721da2a4d2c800343649603d461,2029
2026-02-11T05:36:13Z,LuvYihyun,account.07e1be32aa4940de8e80a2b66bf403f4,2104
2026-02-11T05:36:13Z,abecut,account.093c5dba99b14212b37989ca2f4cc9dd,2213
2026-02-11T05:36:13Z,akrcla,account.709305a3c15844aa944eb615e1ec08a0,1893
2026-02-11T05:36:13Z,OX_Tomo,account.746d795964c04ae3a1dd8a537d7bb105,2175
2026-02-11T05:36:13Z,SkT_DDDD,account.887454489a1e407d978a6548b3346f9c,2003
2026-02-11T05:36:13Z,CK-Root,account.b4fb164849984510afbbcd40348134fd,2135
2026-02-11T05:36:13Z,DIC_ninano,account.b9bc2dc4006c4f88adc1731828f507d7,1865
2026-02-11T05:36:13Z,Mercedes_HS,account.5c1b4f4a4fe343ea8a6144c947e50586,2320
2026-02-11T05:36:13Z,X4_BaccaraTyson,account.9d2251cc3f8045dba3ab621a813685ad,2281
2026-02-11T05:36:13Z,X4_SPA,account.61379c7270854b60b2d37becb911a222,2054
2026-02-11T04:56:36Z,VRTX_NAKJI,account.3191e68c8b0f4707b91fbb34e2a102c6,2396
2026-02-11T04:56:36Z,2NA_S2_,account.43549bacee704265a97cd92c3c5631d9,2198
2026-02-11T04:56:36Z,seoung119,account.10d0fc8bce7845d5ad4cb0787e3129af,2203
2026-02-11T04:56:36Z,JueLyogurt,account.0b4a17f0567f4a22b245a2043ac89af2,2916
2026-02-11T04:56:36Z,HK-XHIN,account.02de335310c6455e94f7ae6b67ccc1a6,2353
2026-02-11T04:56:36Z,HID_99th,account.a9eb854ac8564807b659370f221766c1,1825
2026-02-11T04:56:36Z,ODOG_BowWow,account.49c0bc454fe7404d83191c7608a15b6a,2290
2026-02-11T04:56:36Z,MynameisSIC,account.5e3956c087a84d66b93a350ad1291e83,2034
2026-02-11T04:56:36Z,KAKAO-_-RYAN,account.0f5ce6c9940a403b96fdce0a00f80ce2,2031
2026-02-11T04:56:36Z,tkfdkaksdlTdjwy,account.4d48d752c177429b9d1cd6e678726ba3,2258
2026-02-11T04:56:36Z,PSGSHJ1014,account.35dafcc7b48c49e2839c36bdd385388d,1983
2026-02-11T04:56:36Z,JoWooJu,account.d61d4f37265f4ea0a7f7431318062bcb,2170
2026-02-11T04:56:36Z,BGP_Eunseol,account.331a607604624834a14a4f31d9c34bb4,2096
2026-02-11T04:56:36Z,Robot185,account.ca283b9c66b2417486cd696728423a3f,2385
2026-02-11T04:56:36Z,Busut09,account.6c16cb57024e4f74a2b2b7a6105a58b2,1940
2026-02-11T04:56:36Z,SIRU_EX,account.49538758c44846238739337ae623b6ad,2106
2026-02-11T04:56:36Z,GOLD_GoRIlla_TAS,account.860d8992978b43369c47feba0965c4df,2684
2026-02-11T04:56:36Z,HID_80th,account.8623e4fca3a4440c8ec41142a514ab23,0
2026-02-11T04:56:36Z,JeulGem_User,account.9852f219167a4e37b7298666ec69d4d4,2600
2026-02-11T04:56:36Z,PUB_WING,account.3d4fa951e66c444cae1698b78f201342,2148
2026-02-11T04:56:36Z,Triggeeer,account.37901c1a82ea46cdb927e740774f48bb,2125
2026-02-11T04:56:36Z,sexyddonghe,account.43cd4ab803654d72a328cc7d1322601a,2398
2026-02-11T04:56:36Z,HaziyoTAS,account.9c8709120d51496b9254e8a8debb0840,2605
2026-02-11T04:56:36Z,ASSIRTIVE,account.056e3467ddab42a4b25fcd70b04beb6a,1793
2026-02-11T04:20:36Z,yeon-woo--,account.a5d53bc461a54a85a6bac0061e4eb5e5,2247
2026-02-11T04:20:36Z,POHANG_Ratel,account.288ee3ee445f46f1b107a3025a55b6a4,2245
2026-02-11T04:20:36Z,Ctrlcvv,account.a2da5898bed4461f9cc048297832b5e9,1989
2026-02-11T04:20:36Z,CS_XingLie88,account.de950c51570346a695a88916a13f7caf,2386
2026-02-11T04:20:36Z,OJD_Terry,account.e050395c93794846a6b756071ef6cac2,2200
2026-02-11T04:20:36Z,AyaAyawak,account.c34d6b2b96534bcd8db40a787c0f1195,2335
2026-02-11T04:20:36Z,02-800-0000,account.09f5706e38c54395883cb5ddf169a1fd,1951
2026-02-11T04:20:36Z,VP-VP,account.5892763f955049e69ba9af02ff7283c1,2534
2026-02-11T04:20:36Z,lIllIlllllllIll,account.2aec473a04d04bdbafea83fcd193159f,2200
2026-02-11T04:20:36Z,RAON_gomdoll,account.291c3ce1a94446bda62bddd9de4942b6,2011
2026-02-11T04:20:36Z,luck50045004,account.a914f686565f4ea294c3acef1cc08fbb,2135
2026-02-11T04:20:36Z,MsBiBim,account.9cb7735eb2e04ab783c061deff97493d,1842
2026-02-11T04:20:36Z,Park-JN,account.b9e1d49bfe1c4264b55769b716c3d61e,2016
2026-02-11T04:20:36Z,ju_joo_,account.9ce4f156d3d04ac88af180d32bb38f50,1872
2026-02-11T04:20:36Z,SNL_BBANGE,account.7c1b6e8362424297b1db6ef837b82a60,2246
2026-02-11T04:20:36Z,L-II-L-II-L-II,account.bb3662b6b7d54858b9207c0043d77c59,2021
2026-02-11T04:20:36Z,BB_Hessy,account.56255f5f5504415aa8ae74819b7173d4,2324
2026-02-11T04:20:36Z,qkrrltnsla,account.dd9b002401c2427e94cd615e59769dc8,2091
2026-02-11T04:20:36Z,FC2-PPV-4470851,account.8e72a4e0e1a64cb795863944d1423a47,2101
2026-02-11T04:20:36Z,VP-VAPE,account.273c23d1501749f9ab6bb99d7a083fbf,2655
2026-02-11T04:20:36Z,P_sw123,account.47e64f8e79fc41fe8f360eecf1ca0617,2014
2026-02-11T04:20:36Z,NY_Smin2,account.e9e35f45885c4b62b7a6cf52277923e7,2308
2026-02-11T04:20:36Z,RV_POCARI,account.6acd00cb9c614434a8afcf8c4bb89ffc,1981
2026-02-11T04:20:36Z,iillliiiilllii,account.a3f60308ea3749e28201911d39da1447,2032
2026-02-11T04:20:36Z,7IMA_-Pssong,account.70c83323a0044f5fa8874ccd4204284a,2536
2026-02-11T04:20:36Z,VP-MIIX,account.4cd9a79d623a4737bd88daed0cb791f9,2365
2026-02-10T09:12:21Z,Orangwootan-_-,account.6d37b97bb36d469eb427876830c7997e,0
2026-02-10T09:12:21Z,SSaJiMa0,account.4d162781f4f449b99246eade644f805f,2077
2026-02-10T09:12:21Z,JeonjuMatdolEee,account.1fb8ebb95a244d888eaf49e7fa904177,2227
2026-02-10T09:12:21Z,MI6_MI6_MI6_M,account.dd4bdd2386764157ad902d353333eed4,1911
2026-02-10T09:12:21Z,HotGuy_YM,account.c83cd60799f74ba6987d17c69d50c1b6,1826
2026-02-10T09:12:21Z,ppikkippikki_,account.351ffeb9d27d4814a45d5806a4e2cb77,2016
2026-02-10T09:12:21Z,Dinghiskanh,account.f1786db776364689b9624a9b1e465c4e,1946
2026-02-10T09:12:21Z,qka1124,account.fcf03569159a4d83a53c32ef2ae2ddfa,2102
2026-02-10T09:12:21Z,ming__-z,account.5b7e0010371946ab91655c7dd7417941,2526
2026-02-10T09:12:21Z,0rzlz6,account.c3e9d676bcca498e8645ab84837e7780,2004
2026-02-10T09:12:21Z,CCH_Kyojuro,account.913eefa073364eb5b7b1dde8dcba9a2a,0
2026-02-10T09:12:21Z,insta-1__jung,account.8635ff96e7ee47418783080be284d156,1858
2026-02-10T09:12:21Z,BBalJiMa0,account.62acefe0578843159c48f43ffc86791e,2023
2026-02-10T09:12:21Z,geodongganzi,account.fc41997ab1a542378de2987d6e9a1d65,2026
2026-02-10T09:12:21Z,1995-11-01,account.d7230fd3933945fb968390292bcc04e1,2542
2026-02-10T09:12:21Z,M1CHAElllllll-_-,account.6da38c7d23a1460b9f3775cca48fb1cc,2321
2026-02-10T09:12:21Z,ililiilliliilli,account.7533427f7cb54eb3b11c5b5242182f31,3188
2026-02-10T09:12:21Z,Dinn_Dinn_Dinn_D,account.e58c49d51dbf4d82a3088127f18303c2,1894
2026-02-10T09:12:21Z,MaxHolloway--,account.7fdb53ee8a964c249db49530a470790d,2851
2026-02-10T09:12:21Z,SSOSIJIMAYOX_X,account.78c56341e2cc4554bc44713510f1c508,2058
2026-02-10T09:12:21Z,s1gmaboy_-,account.61d717ffc05140c08f5d1dda5e97b7c6,1690
2026-02-10T09:12:21Z,GGOMIGANSIK,account.b6a752d7eda84b40b5385f41b063b154,2166
2026-02-10T09:12:21Z,NUCCl,account.1b494eb4df5d42c1868fa8cd1cab53ff,2600
2026-02-10T09:12:21Z,oksksxx,account.3045eafe0d7a4c3fad21cf6c979548b3,0
2026-02-10T09:12:21Z,00-000-892,account.2fd74d1a2a774c148100824806513849,1922
2026-02-10T09:12:21Z,JoBabX_X,account.01766de04f184f67ab7801c00e88d6fe,1916
2026-02-10T09:12:21Z,05060421S2,account.8e7b0adb84c245ceadee33046c009f3c,2851
2026-02-10T09:12:21Z,KFC_JingerBurger,account.5bcc645147064d82ae4154bbb856809f,2003
2026-02-10T08:29:39Z,Osal_ZzangGu,account.a9bcf4351bd84d7794c6bd275e87c6b9,2188
2026-02-10T08:29:39Z,dxxDx-_-,account.82df2dd335d3475db922c4c14800e601,3168
2026-02-10T08:29:39Z,yy_rimee,account.b1b5a14a8985454c993caab64fd39a9d,1995
2026-02-10T08:29:39Z,xd_pillar,account.10b82c64941c4d2ca998733b680cf758,1914
2026-02-10T08:29:39Z,hh_rinee,account.9cdbb1f66a0644f0a46111788421dbda,2072
2026-02-10T08:29:39Z,Parasoljompizza,account.0ce8a02d37ef40138dd36a7512cdbc2a,2570
2026-02-10T08:29:39Z,P-T-Y-0103,account.f22996ab9778487e98570423831c7273,2138
2026-02-10T08:29:39Z,O_yn_X,account.a82962d7afcb44f8ae30c977d017dbc5,1924
2026-02-10T08:29:39Z,DomDaDi-_-,account.b217cd2bdec245948b97a063bf448d86,2024
2026-02-10T08:29:39Z,0ee1,account.bbf78a80db61481b81047e8edf804680,2304
2026-02-10T08:29:39Z,KOREA-86,account.efbd350f82bd42b9b127e202218713f3,2068
2026-02-10T08:29:39Z,roQkrdlwl,account.aeff5029abff40d08b6c94c10baebb2e,3175
2026-02-10T08:29:39Z,hjhjhhjj,account.970b52e5b0f6485ba61026b69878c556,2062
2026-02-10T08:29:39Z,V9_6003836,account.558dbce8c3024669b219d941ab30fa50,1800
2026-02-10T08:29:39Z,TAEDA_won,account.302c031bc75941bc93a4082891b73f62,2344
2026-02-10T07:41:15Z,Excavator_Volvo,account.8ec15486caec48738e52f3ba030b8c80,1706
2026-02-10T07:41:15Z,lawnFAN,account.c89546234c2a4c8b8574dd7210802587,2940
2026-02-10T07:41:15Z,CAL_Jxsxx,account.183bfd036a9948e4944045cc51db3276,2200
2026-02-10T07:41:15Z,BiBiMC5,account.1a87e7c013654476bc3c2760e1a94efc,1944
2026-02-10T07:41:15Z,SFfireman,account.4b19005c2b3e431089a03b82ed91f50b,2118
2026-02-10T07:41:15Z,Holy_Moly_Saveme,account.bc79f878db254b9dae512066cca9ba23,2223
2026-02-10T07:41:15Z,JJ0KeR__-,account.ab31ac2ca442420d8b219657cbd510d4,2116
2026-02-10T07:41:15Z,o_okjw,account.63554b8cf9a34457ae16b3b7fc51126e,2025
2026-02-10T07:41:15Z,1000jaeeeeeeee,account.07a67dc6a0654b89893c5eda9ef4c367,3214
2026-02-10T07:41:15Z,CAL_BABY,account.c8d7a8bfade54788bc41545acb92c0f3,1587
2026-02-10T07:41:15Z,ycm94,account.49e23cd01321479e9032adf15284b98d,1653
2026-02-10T07:41:15Z,Ez_DuckBae,account.82baffc20b9b4d24ba6cd1820b2818b0,1688
2026-02-10T07:41:15Z,PaengDol-i_,account.d385ac3dab95426ca0a4cc11a1c17b00,3672
2026-02-10T07:41:15Z,CAL_Crash,account.9bfa0966d00344f99906f52e4a737483,0
2026-02-10T07:41:15Z,INUMANDOU,account.75b6c5506d654bad81264053b2407c7c,2305
2026-02-10T07:41:15Z,JooHyungKwang,account.3b67c45efd5e4782a629e2fcbacdd830,2200
2026-02-10T07:41:15Z,SBS_SR,account.b5715e34d4864ce9941aebe45dc449df,1939
2026-02-10T07:41:15Z,justdoit00,account.83e3f55e67db43db81e2615e9f586753,2525
2026-02-10T07:41:15Z,CAL_GGOBUGI,account.e3327dde12e647edaff0f7baff7ff9af,1479
2026-02-10T07:41:15Z,dbsckdals,account.ea825a4d327c4f5095718884baf72158,2159
2026-02-10T07:41:15Z,iui0820,account.3488b7c6b60f49f587b25b92fe756760,2075
2026-02-10T07:08:21Z,1u1u1a1a1u1u1a1a,account.dccb5dc5f0894b7fade02f362b4fe225,2212
2026-02-10T07:08:21Z,xiyeonah,account.a2b8c83a138b47b38bebead8e6efeeed,1955
2026-02-10T07:08:21Z,WonjuPolice,account.7ebb0f7e138d4763b8947711e15c1f6f,2200
2026-02-10T07:08:21Z,otter_o3o,account.62e04dde206941bcb65fdafe5182fb01,1895
2026-02-10T07:08:21Z,Ez_Hyeon2,account.c6178f91336c49f4a2332bfdc39a5d02,2360
2026-02-10T07:08:21Z,tjdrmd,account.88f561035e1a419583b4d548013808c8,3459
2026-02-10T07:08:21Z,AVEC_Kim_j_i,account.b14acc2296444354b115037db6675d4f,0
2026-02-10T07:08:21Z,180428_BZN,account.cb818fab88be48259bc06fa45988ac4c,3099
2026-02-10T07:08:21Z,Sun_BBng,account.f6dfa80d2b984f9991e6140b52dc3f14,1982
2026-02-10T07:08:21Z,iiiiiiiiiiiiDEOK,account.35a0b81dcc444561ab65c310898f3dc7,2086
2026-02-10T07:08:21Z,LuCiFerJenoa,account.420f8d25c2854a0d993225f00d3cbebc,2065
2026-02-10T07:08:21Z,gsdafw,account.dae72b3813524b7dba8604efdb6149c7,1736
2026-02-10T07:08:21Z,MK_GGACHI,account.122e497be50944fca8e551965e3911a8,1779
2026-02-10T07:08:21Z,The_blossom,account.f6ed22a7d3c544c082c7be9dc6814747,2137
2026-02-10T07:08:21Z,iiiiiiiiiiibread,account.c4fef03e630840f0935d9981829db99b,1983
2026-02-10T06:37:49Z,WaB_JNK,account.ad0321f017d248d196dfdaac6038bf6b,1730
2026-02-10T06:37:49Z,REDF_ZOMBIE,account.4fe9f7f4303c49a2b23c2225b974e6b0,2055
2026-02-10T06:37:49Z,ssummerhot,account.b1bde47efe674f6f9697c9fe848ed035,2091
2026-02-10T06:37:49Z,fkrmvlftn,account.fe20c20858814b68a00275e4c1be1cce,2841
2026-02-10T06:37:49Z,BARABARABARABAM_,account.6687709d8be6484489d98efc1e6e446a,2171
2026-02-10T06:37:49Z,yoGo_-,account.67aac4dc1fa34085aa1247ea51ae24f5,1577
2026-02-10T06:37:49Z,tmxmfptmqkerp,account.4fafc63450c148a8b0c03aeb3ed3569e,2230
2026-02-10T06:37:49Z,WaB_BXXG9,account.f604ffe55bd24ffcab624f27b43b805b,1858
2026-02-10T06:37:49Z,Dkiz_CHANG98,account.8921e009b3f14e40b74f0c1e672ffd7e,2381
2026-02-10T06:37:49Z,PR_SURA,account.5a4fa850ada242d39bddf47c83bae16a,2153
2026-02-10T06:37:49Z,Ez_Thswm,account.00e03822377b47b5b2ae0ca0bc6898ad,3231
2026-02-10T06:37:49Z,Thosoon,account.6491b514bf41481488b61ba5a68e0477,2528
2026-02-10T06:37:49Z,woojin0224,account.95b0c6c5c83d4fcea6c395b390f6fb48,2012
2026-02-10T06:37:49Z,10_Shenki,account.b2c4fa5737554735a9b6ed04f624ec46,2300
2026-02-10T05:39:35Z,Nop----93,account.531b0416985e4fb7a6ca0298f168e3b2,2054
2026-02-10T05:39:35Z,INX_BlackBear,account.0f567c4b1a87481180c89e804844c4e7,1999
2026-02-10T05:39:35Z,Gz_sibar,account.38cbe9ce043045cd9676bff9151a6577,2090
2026-02-10T05:39:35Z,2CN_JYE,account.e32f77c6cde2461eb42e81361c4b1bf1,3003
2026-02-10T05:39:35Z,DIC_JAKO,account.f54aaf14429943cbab09c30ebc66812b,2248
2026-02-10T05:39:35Z,NAGARI-__i__-,account.e9c13c0ecb9b4aa2a591289b32e15bde,2013
2026-02-10T05:39:35Z,DTT_Incheon00,account.e9b488acacc041d2a8f181afc1f29812,1867
2026-02-10T05:39:35Z,CK-Lobby,account.1fd783f817684966b544680f4a1df300,2151
2026-02-10T05:39:35Z,Survivor500_IX,account.69cffd7ceb9a4b8f968dafd931b0013e,2116
2026-02-10T05:39:35Z,At_Ohamma-,account.b0794887953247d1b2495d19a9a77ffd,2599
2026-02-10T05:39:35Z,CpN_RooKIE,account.96c05e48713045e7801d20ab277866cb,2253
2026-02-10T05:39:35Z,2CN_pot4to,account.1d7a5513a1ce46bfa42489e6397f7bda,2613
2026-02-10T05:39:35Z,TCN_man,account.e0818362272f4d8cba82c51e1e8efcd9,2774
2026-02-10T05:39:35Z,IC_No13424325623,account.59d072b4596a498d9b4bc87ad37ff8b7,1989
2026-02-10T05:39:35Z,DTT_A2kan,account.c7c529dfc8324f53acb1a7c998c75607,1897
2026-02-10T05:39:35Z,RoidRage--,account.2f9ab75f08c7405189821f66d80b23ce,3435
2026-02-10T05:39:35Z,CK-dorae,account.d2a250058f534dfd9e80e27064ba42c3,1197
2026-02-10T05:39:35Z,PewPew-__-,account.f0d3c4aaa34142eeb9535ba6e8142e35,3083
2026-02-10T05:39:35Z,At_Gi9-,account.cc1ce30d7517425789dbd2f7eff00af8,2890
2026-02-10T05:39:35Z,At_one-,account.c7071b5570a847fa8224976be0941851,3005
2026-02-10T05:39:35Z,UFor_DANCE,account.4884a5a914974894b2e96fd4c35bce2f,2201
2026-02-10T05:11:38Z,Got_ChoCo,account.a8c8daed1f984f1d81e869f409093a69,1880
2026-02-10T05:11:38Z,SSG_valetparking,account.5d5d320e658541acbbb11508edfad5e8,2237
2026-02-10T05:11:38Z,SSG_EiD3R,account.77400d0b22564ae497f492a4f9f140e0,2381
2026-02-10T05:11:38Z,LastHoldman,account.f3b5c491fd2d4275ae682586c36099fb,2076
2026-02-10T05:11:38Z,assdf62,account.83fc8c127e864fdda05a411eb1d41670,1996
2026-02-10T05:11:38Z,SP_red,account.e6e3b1e1e1044c58883fa9124e8c4701,2000
2026-02-10T05:11:38Z,SP_pink,account.eafc3e8ad43d4617bde3df1aae8173f3,2214
2026-02-10T05:11:38Z,Janbari_janbari,account.ebd3a6b8ce5a4b48b2a754114047728c,2150
2026-02-10T05:11:38Z,joy_Min1,account.d7a009ed0c034fdea61830c489637942,1876
2026-02-10T05:11:38Z,sana2kimseobin,account.0bef6fc18adb4fd493b0739a04a79b9b,2017
2026-02-10T05:11:38Z,lsw960408,account.ec02b136052d43739e319c492e2ca53e,1978
2026-02-10T05:11:38Z,Mz_Indeyo,account.16700d167fa0411db51817504ed728b0,2868
2026-02-10T05:11:38Z,SSG_GUCCI,account.4068391563744392b60cb8383253e0b3,2613
2026-02-10T05:11:38Z,Ohmy1,account.c603401687444b28833602ed6863a625,2600
2026-02-10T05:11:38Z,Shot-o-Genesis,account.096f844d1bb942eda6d55c66dd9c0af3,2241
2026-02-10T05:11:38Z,Got_PaQu,account.786f73d2e2294d879aa0749c20c6956f,1940
2026-02-10T05:11:38Z,DA_Choi,account.84b4dfb60934405ca05c55d4eb74a344,2207
2026-02-10T05:11:38Z,igo_Baeya,account.597bd3b7f77f4beea645e2b913d10746,2200
2026-02-10T05:11:38Z,whdtmd0202,account.2b2e602a3f6743728e1cb561806023bc,2180
2026-02-10T04:28:55Z,ICE_Achi,account.d3dae2a797fa425591ba8fa66db2cb72,1899
2026-02-10T04:28:55Z,ICE_Kkaekkodak,account.88b118a846374a2798fc2a70ffb4bbd1,1098
2026-02-10T04:28:55Z,Gz_llliiiilll,account.3a157c8b91ae41e3bd4df0e64ff7bf6d,2200
2026-02-10T04:28:55Z,sdfasdfgs,account.dff1f454fd4844148c939604ad01e805,2084
2026-02-10T04:28:55Z,ICE_Maru,account.bda0e8faadd2410595af890ade1fe803,2412
2026-02-10T04:28:55Z,h___jin,account.46678ef9b01d48d38fe3880f1daeae03,2600
2026-02-10T04:28:55Z,FLX_D,account.b28856ecaf53423b8ab07806400eb14e,1890
2026-02-10T04:28:55Z,FLX_Q,account.e68fc5e7d7924225968a956a56a52621,2042
2026-02-10T04:28:55Z,KMZ_GEON,account.baf4e2f42c0c4c1ea74df527339c3ec3,2310
2026-02-10T04:28:55Z,ICE_Nebula,account.d8f278b841bb451790b90434e1ff3f16,1893
2026-02-10T04:28:55Z,AGF_Vss,account.5918a0fd1d0c4beb875d0d00aeac326b,2044
2026-02-10T04:28:55Z,01066603115,account.1127f8ef278745b983c49acaff92a221,1655
2026-02-10T04:28:55Z,rockpccafe2,account.87d232793d3a4e5091145d65733a954d,2007
2026-02-10T04:28:55Z,NoBBakGuPush,account.220529fc82024caaae8cf1a2a1173c62,1040
2026-02-10T04:28:55Z,kim_han____gyeol,account.411ab14b006f4c339b5acc38dc623976,2236
2026-02-10T04:28:55Z,X4C_DDOJUN,account.7b7729d58e00455799b9e32f6968c0fc,1744
2026-02-10T04:28:55Z,ZERO_PROTEIN,account.dee6a7d1b87142058121aef7489821dd,2136
2026-02-10T04:28:55Z,ERR0R503,account.a1dbf325c2424d73994823255b496e10,2290
2026-02-10T04:28:55Z,ZrR_GamDong,account.232d8ac8f9044326ad67338281731f65,2247
2026-02-10T04:28:55Z,43eee,account.72b9e0930a0d4c69b3bc0f171940ddaa,2505
2026-02-10T04:28:55Z,si_2bar,account.38cbe9ce043045cd9676bff9151a6577,2090
2026-02-10T04:28:55Z,AFTV_Reverb,account.ac1f888dddaa4f5699d70b18565659ec,2175
2026-02-10T04:28:55Z,Mylife_LKM,account.3981700feb2c4d26b18e0d8ae8d02e22,2023
2026-02-10T04:28:55Z,vrvrgood,account.7b8deb9367c24f1caf6cccb1048e27a8,2045
2026-02-08T18:40:29Z,junhyuk99999,account.676d7a523e664e528c90cd6a819c21a7,2351
2026-02-08T18:40:29Z,NT_RIDER,account.5218e5c780364440a1cf7c802817aa48,2448
2026-02-08T18:40:29Z,hatnim_dad,account.0c2ff88d00a94988b0984410d8d14366,2229
2026-02-08T18:40:29Z,mintoribabo,account.f3bcbcb5f6f24e26b88ce06cdfd52f25,1923
2026-02-08T18:40:29Z,HJ_HYOTTI_JH,account.366ee67490634054a73ab3a5ae83c093,1635
2026-02-08T18:40:29Z,WG_BiJou,account.c8cf9b8a82d24845bc1ccadacde2e055,2571
2026-02-08T18:40:29Z,TemuCC108,account.1850650f4bf440b2a4a9f2173d8a2024,2868
2026-02-08T18:40:29Z,Jryuhwa,account.84d751244bfa4d88ab57fd8ff4cbe822,2019
2026-02-08T18:40:29Z,ESTJ_JUN,account.e14620fc6de34dae9a9c1b3b0a76b250,2001
2026-02-08T18:40:29Z,Leo_SinhyeongMan,account.914955dfa90749fc90f69003410b7850,2241
2026-02-08T18:40:29Z,joominggoo,account.3513950c4bba4445b3300e005ec98840,2878
2026-02-08T18:40:29Z,angPochaco,account.0fa845d1a20e4a10a1ec12b3b28106e8,2302
2026-02-08T18:40:29Z,POG_GoNi-_-,account.899406b64a7a47079ff061078fc089c3,2957
2026-02-08T18:40:29Z,POG_PJoN-_-,account.0942007120364185a482d176ec0d5d7f,3416
2026-02-08T18:40:29Z,kongjujjang,account.4878f29470ea4bbe8816da53ed460f90,2056
2026-02-08T18:40:29Z,imVictoria_-,account.31f7049c0a0347b89f11f1463d4277d1,2207
2026-02-08T18:40:29Z,q1aen04,account.41f77b56021d49849991a08c40a22ccb,2473
2026-02-08T18:40:29Z,Adios_Lr7r,account.f056b5663e064bda8dd79cc2bad24a33,2030
2026-02-08T18:40:29Z,Tsugikuni-x-,account.fc786bfd1dc74694ac30f608cda809dd,2727
2026-02-08T18:40:29Z,SowhatimDH,account.e0f656b84b85444586b18fed659f138e,3082
2026-02-08T18:40:29Z,Meow-Punch-,account.a94db133f50a4e4daa0d0207c2cc3a8a,2030
2026-02-08T18:40:29Z,TemuBatulinS,account.ba2389a89b2d40b09796a64264ce66ff,2424
2026-02-08T18:40:29Z,dbrudalsa,account.7cd3fe04b3b546e59630253c04d785f9,2079
2026-02-08T18:40:29Z,9DDangz,account.197d48b9dd854b20954af92b2bbb11c6,2123
2026-02-08T18:40:29Z,NT_CrazyDog,account.872db2b8919644b8b4d6334f6535bbf8,2210
2026-02-08T18:40:29Z,JHee0,account.b5e2b21e99b64689b09f78d9551a8bae,1726
2026-02-08T18:40:29Z,3Pingnim-,account.bc5a068a7d024190bb744db9bdb276a7,2285
2026-02-08T18:40:29Z,rarlo,account.2655cd9bd36e43b480c7b0adb25eab81,2412
2026-02-08T18:40:29Z,Mc-Mongsil,account.c564c9c71e8f4cfbafc3f17dcce68976,1956
2026-02-08T18:40:29Z,paiyy,account.38eb42f7236045f2acb1e30153a6e4cc,2051
2026-02-08T18:40:29Z,BARIBARIJINBALI,account.fda336c8baff4135988bde7fb7dc38e9,3290
2026-02-08T18:40:29Z,Maximum118,account.422e4d4ac8204d93ba0b3354b759fa14,2040
2026-02-08T18:40:29Z,GAMSU-_-,account.264d15bfaba94a3a92f0405123b4b358,1913
2026-02-08T18:40:29Z,DO-YOUNG8586,account.4c6bd940a3cf48a2a89e3a99b12b7862,2212
2026-02-08T18:40:29Z,LaserYUKI,account.6b66c50e63ce45a28338170f6fabbd5c,2065
2026-02-08T18:40:29Z,KingGodBoNo-_-,account.40ea72ce248d4630871f395e773c5fbf,3420
2026-02-08T18:40:29Z,Hacknim-,account.6ceb9957820e4dbb96191dfdbd6998ab,2394
2026-02-08T18:40:29Z,DN_Salute97,account.60f743dd02b94a8cad6f0b0574f38771,2751
2026-02-08T18:40:29Z,qjfjr,account.2eb56a977f43446daf67100257f1a9bf,2221
2026-02-08T18:40:29Z,Gang_DoDo__,account.d41e713a9cb042ca95f804b995db6408,2128
2026-02-08T18:40:29Z,Ain_zzang-zzang,account.812c2878daf54b4690db2d17b137f595,2329
2026-02-08T18:40:29Z,lillliliillXD,account.f5cb9154ed3a4e35937971c4012875e6,1990
2026-02-08T18:20:57Z,DFD_Gucci,account.50977d49fc7249f48a288df4d8e6fe64,2075
2026-02-08T18:20:57Z,BEST_GYUMIN,account.c843650c7d4c43ba9c83adfe74de52ce,2513
2026-02-08T18:20:57Z,Syaaa-_x,account.128599dd3c6e4b7398e07f7eb9ac00ea,1683
2026-02-08T18:20:57Z,DIC_Selenophile,account.bc7c3b77b32c4d1980bd4b7c9af7fdf9,2474
2026-02-08T18:20:57Z,ARSGKING,account.e8fc7a42eb0e4001ae90fb6903d4a119,2817
2026-02-08T18:20:57Z,AM_Song2,account.d2265dd938474e529d98ead079dbc9ff,2150
2026-02-08T18:20:57Z,yamXBBong,account.68b5621f03924f9497501c6d09af433e,2092
2026-02-08T18:20:57Z,JHS_1999,account.aaeb36b184f34adfb3c124a1df1bf2c5,1680
2026-02-08T18:20:57Z,4AM_yeeunzzang,account.f410ac3a370042218a566f747322e22b,2948
2026-02-08T18:20:57Z,BBalR2Jimalja,account.60e9b7cb0d7c45f7a603d520663c6430,2950
2026-02-08T18:20:57Z,OKzziyam_1024,account.c6caf2c01b434259a9325edf806a976b,1800
2026-02-08T18:20:57Z,INX_1253,account.7d4b9cfbac884f569c234f88c5797fcf,2786
2026-02-08T18:20:57Z,INY_FURY,account.9127fd1b64bf420d8db7fa8fd4f7492e,2040
2026-02-08T18:20:57Z,JANG_EI_SU,account.a4000fdf48774a7abead319c00535ad9,2124
2026-02-08T18:20:57Z,D0NGKlM,account.7ba996b5a75c4349a48fcc20598582cc,1745
2026-02-08T18:20:57Z,TaeHoonTSA,account.a5e414d8d5614905982b648925fabe43,2565
2026-02-08T18:20:57Z,HJ_0619,account.631b7e998bdb40b982eb4c23146d585f,1847
2026-02-08T18:20:57Z,NxHwan_94,account.9950b17e7fe1440395a3165176f57370,2671
2026-02-08T18:20:57Z,Team_XIT,account.f20b3cfd93334701a77a10ef9a67b126,2631
2026-02-08T18:20:57Z,Sin-a-,account.f7a463e3a49d4f00ae065b238c1c097e,2321
2026-02-08T18:20:57Z,NUDouner,account.468b786fd9b34b199a5b4e9a76c33561,2314
2026-02-08T18:20:57Z,20230533,account.287779d125da490fb5be55b425a4d278,1820
2026-02-08T18:20:57Z,tongdak_1,account.e00cd0c16c19471c93a7dd67c87ded96,1587
2026-02-08T18:20:57Z,jjuyamii__,account.e531659eafb04f4b96d35193380ff8b9,2114
2026-02-08T18:20:57Z,AnjungDrive,account.47d6b9971d824f91abd2d47f6794c439,2097
2026-02-08T18:20:57Z,AoiS2_-,account.eb59bfe4c1c9496784579e68018c425e,2299
2026-02-08T18:20:57Z,46119466,account.96539cd9169a44d4bde3259f62064336,2102
2026-02-08T18:20:57Z,hs_sw0513,account.42b700c4b1c04f09ab62aff574c556c7,2200
2026-02-08T18:20:57Z,DIC_BullNaBang,account.ce845cd7aed349a890191c8db561f638,2055
2026-02-08T18:20:57Z,skay-k-,account.c287d500ee0d46bba6a6fd0684d262e2,2357
2026-02-08T18:20:57Z,NaterTSA,account.cc80a6b277f844a28ff09fc1ff920c7a,3287
2026-02-08T18:20:57Z,TurningP0int,account.72d65a85f130414c8a690059d66bbe13,2438
2026-02-08T18:20:57Z,HyunXIT,account.9673869f97de4d6f8edb1326653f63cd,2092
2026-02-08T18:20:57Z,Hoonbay-,account.697fabe8ede14b13915a6bb24a0b5e06,2200
2026-02-08T18:20:57Z,caomi-_-,account.3a911dc963fa4eda90b4b68ca63e2e5e,2809
2026-02-08T18:20:57Z,xxxxxhyeokxx,account.b6cb4bcab58f47f48f0a258a8605088c,2387
2026-02-08T18:20:57Z,bae9pa,account.0ab971130c4d4706b8685f06a51ccfb0,2325
2026-02-08T18:06:47Z,SOOP_Roar,account.baf36eab64784a548a4b7f3188ddeb78,2776
2026-02-08T18:06:47Z,Haksal-3-,account.6fcaf04e77fa4674885f4439ad3697c2,2367
2026-02-08T18:06:47Z,GOAT_VSS_S12K,account.d54aff2db14f42ec9bb785eb2301d9d3,2216
2026-02-08T18:06:47Z,DGZ_Haneul,account.6ff3be3d18fd4706883b3a5b10fd93c6,2784
2026-02-08T18:06:47Z,17xkq,account.c44ca68d1e594b3aa7931813c3701721,2506
2026-02-08T18:06:47Z,SOTAC_FADE,account.62f3232646cc4e5d99db26925a149af9,3399
2026-02-08T18:06:47Z,DAYUN_SUNW00,account.8496bfba9db64a39989332fa7a7c4040,2200
2026-02-08T18:06:47Z,Gumi_Beom,account.c1f910615f0d4bb4b76c5d619e352267,2457
2026-02-08T18:06:47Z,SongKang_Min,account.0b11cdebf49f4f56b5b2289a0a544cfd,2336
2026-02-08T18:06:47Z,RARAo_ov,account.ab79d8a754d244e38d8df93c2e1aa1e7,2204
2026-02-08T18:06:47Z,lddurnt,account.1310c8510ab24066becbf491e467d59a,2200
2026-02-08T18:06:47Z,aeaf,account.97e148bb805d409498772b3e8148de6a,2319
2026-02-08T18:06:47Z,Lee_Geun_Hyeop,account.4311052aa2dc4769987af48c922669c3,1823
2026-02-08T18:06:47Z,Ma_GaeGul,account.f9b7159d767f4b758c220008e8138dcc,2213
2026-02-08T18:06:47Z,Museong_FADE,account.0f069f8d65d942d28ef1da4912b78115,3206
2026-02-08T18:06:47Z,Canoe_7HOrLr,account.9ad8b63d036e4b26a895c6fcf29e2091,2003
2026-02-08T18:06:47Z,HYEONIc_cv,account.15700228bc7146c7b6ab7b98ca71b63e,2206
2026-02-08T18:06:47Z,Gumi_Chan,account.b85a5bcee0234e02886516b25c300d9a,2600
2026-02-08T18:06:47Z,AK47-SRL,account.3cce248515bc404b97fe769abb84bb75,2015
2026-02-08T18:06:47Z,Cho_Bab_Wang,account.53a1b9e8eb05415b9a024feefa4d26fc,2008
2026-02-08T18:06:47Z,Jupiter-_--,account.6566de5f622742349b39a2156fb7a10c,2309
2026-02-08T18:06:47Z,0S5H0L5,account.6c282a37118b46ceb2dc159c23d87c30,2347
2026-02-08T18:06:47Z,se9yu,account.2721ba76bafd4906a2290f261302cbdf,1695
2026-02-08T18:06:47Z,PUBG_Nigger,account.535e4144a7d94ed2826d05486ae46423,2417
2026-02-08T18:06:47Z,2SL_HiHi,account.b7568995a49f41b19ac977f8ba548e9c,1295
2026-02-08T18:06:47Z,tlqkf102,account.007717543a3d4ed4bd05bb24b3857747,2225
2026-02-08T18:06:47Z,lliiilliiiiliii,account.0ec7948a26744c5daf9e60d64458474f,2467
2026-02-08T18:06:47Z,INX_Serendi,account.85edc94072864942aba5720526133578,2013
2026-02-08T18:06:47Z,m1njoo__,account.6959f0c6241c4394b0b2da39766a58ad,2123
2026-02-08T18:06:47Z,llililiilllilili,account.be8ca125d8094e478eda4994e0e64475,0
2026-02-08T18:06:47Z,707_-Giro,account.39ab584f7e214cba90d18f6282891a34,2674
2026-02-08T18:06:47Z,PUBG_Killpoint,account.ab8e9cd02e64480d8eb54c398fb350ce,1928
2026-02-08T18:06:47Z,INX_Phoenix,account.08f55f85d6db456b9949c2509042a56d,2550
2026-02-08T18:06:47Z,AFTV_JinHyuck,account.30c9990aa69149539a3d912e13b642a5,2401
2026-02-08T17:29:34Z,INX_ddangkong,account.5be79fb2032a4a1caa0bc825e4e75791,2665
2026-02-08T17:29:34Z,GIMOCHAN,account.8b6a73e2427140798a679bcde408a2e5,1831
2026-02-08T17:29:34Z,Ez_DDoK,account.c7d52cf9cd704edfb3ead6c8ac392ce7,2536
2026-02-08T17:29:34Z,BaRamPiJiMa,account.6b9cf626c9a8467f98485109a823eddd,2803
2026-02-08T17:29:34Z,XihanX___x,account.46f68ff16faa4cddbb129135c3d61283,2491
2026-02-08T17:29:34Z,No158_Riako,account.985a4f9366494323973afafc25e46d39,2210
2026-02-08T17:29:34Z,Feyerist45,account.15bb7f589a1e4c5cae209c95779d2420,2736
2026-02-08T17:29:34Z,Thunder-Lionking,account.f7bac4d802ba42f38e664c47218c2814,2552
2026-02-08T17:29:34Z,mattcco_1996,account.963ace63f62c4bbda8a356a79c32f805,2039
2026-02-08T17:29:34Z,No487_Giratina,account.fbbd7135ab9243c1951d7c64e7d86b1a,2441
2026-02-08T17:29:34Z,716_M,account.b4f47011cb95495cab24becf217e7eb0,2941
2026-02-08T17:29:34Z,INX_BALKAN,account.b41f0c7b42be4ba082d158c3923a05ae,1952
2026-02-08T17:29:34Z,DTT_DORA,account.59e3cf6c40264278bfe90e8cf09e00ad,0
2026-02-08T17:29:34Z,DTT_TIGER,account.5246a813e50c42099c630bcce315f07c,2331
2026-02-08T17:29:34Z,iliiiiiililillii,account.dc6b68dce3f946f9b636f03fa68b920c,3075
2026-02-08T17:29:34Z,Klux_1029,account.7f8a116e4c70451aac17c62cae278e2e,2439
2026-02-08T17:29:34Z,mokmallang,account.f28b9ccc78fd4737a470f3dd3c55ce78,2711
2026-02-08T17:29:34Z,misso97,account.ed330781ac7a4547bfb8471ee6b55161,1685
2026-02-08T17:29:34Z,AXIS_MakCho,account.7ed3c6ad8a4e4901b0dbf0743fda37c2,3234
2026-02-08T17:29:34Z,No199_Yadoking,account.8966d1bdaae94547bd02fbb84f730a0f,3000
2026-02-08T17:29:34Z,JW94_,account.6971a99b75e9457ab54ee4a64accb4aa,2306
2026-02-08T17:29:34Z,SSOZIMASHEpr,account.71b0b8db8d5441039f7fa1aca7357ec4,2948
2026-02-08T17:17:31Z,9614_TW2,account.f431b9a7d32f4f25bffe79bc372f1c46,2683
2026-02-08T17:17:31Z,NAJONJASANDA,account.52470b3eca1e4750a834e0a4cef8660b,2618
2026-02-08T17:17:31Z,sjrjaak1818,account.36440c0c2bcc4a3e8ddb3d8d28ec227f,2389
2026-02-08T17:17:31Z,eaJgnaSmiK,account.82266002900243a783476b41e59fa8b2,2638
2026-02-08T17:17:31Z,tlqkfwhwrkxmdsrj,account.05d6a4ccdfbc41dc899c972edffd1b88,2295
2026-02-08T17:17:31Z,JJu_BGP,account.ab0c1ff65def4f91839b57334572534c,2530
2026-02-08T17:17:31Z,SPU_MOZZI,account.b98b4ae267784c17961997063a1d1475,2325
2026-02-08T17:17:31Z,Drug_Trip,account.7ac45ecd49e64b5a919884ad93b30d42,1987
2026-02-08T17:17:31Z,KIRSHwan,account.c85123d5a2ab4c29a79fc221a2da0954,2393
2026-02-08T17:17:31Z,HaGoJabE-_-,account.62fd7ea43b3f450099db6e2b13940c6f,3246
2026-02-08T17:17:31Z,Motti-_0,account.4aa5b33e88bc44e0ae6ce056d300f464,2600
2026-02-08T17:17:31Z,VIC_MangJa,account.2394119593c847e3af702773360d0868,2047
2026-02-08T17:17:31Z,Drug_High,account.afb3de1f41c5464c91f05fbc8e013bd8,2286
2026-02-08T17:17:31Z,Dooly_skrrr,account.cb72129272fc446c840cb77476474098,2330
2026-02-08T16:39:48Z,wlshdsoRJ,account.82f58b72d99b4686b96f2653c4df87fc,2276
2026-02-08T16:39:48Z,ZZZZZ-_-MMMM,account.0537385ee1554252993ad4ece1ae7c18,2264
2026-02-08T16:39:48Z,motssono,account.c66fdfac6f6947758df5431444e05ccf,2526
2026-02-08T16:39:48Z,sleorkfldpgksqkf,account.e539eab8457847c1863cbaf8d1b0e3a6,1738
2026-02-08T16:39:48Z,MetchaKawai-i,account.7d0f314329854e12969839483bb8b5ad,2843
2026-02-08T16:39:48Z,5VERCOME-o-,account.a304ff0caec84e4f93f4259e7b89473a,2448
2026-02-08T16:39:48Z,B-JIONYSUS,account.a20b12720aa341c6a55312cc439784ee,2914
2026-02-08T16:39:48Z,WangXinXhen,account.aad3bd9078424d30a5d2bfc8e146b1d9,2447
2026-02-08T16:39:48Z,ML-HANA_-7,account.44b661205c0c49c395ae14c481f59739,2538
2026-02-08T16:39:48Z,No151_Mew,account.0f865b66052a45d79c529a3386e093df,3310
2026-02-08T16:39:48Z,ZZZZ-_-MMMMM,account.8eb8010633ed485f8c6ed33d3c58134e,2711
2026-02-08T16:39:48Z,magsae_,account.82fb68b5609941ce834008db76e2f75f,2872
2026-02-08T16:39:48Z,Ys_Malkang,account.1cd28b084c844f84b34a1999beeae9d1,2278
2026-02-08T16:39:48Z,cbfn_-,account.317d7258f29149579a734c37a0350dc1,2484
2026-02-08T16:39:48Z,fevrez_downy,account.c786af121cee49c09c3223c7b707d7f4,2275
2026-02-08T16:39:48Z,shgywjd1,account.d8abdfec747f47d899c80d891deda31b,3095
2026-02-08T16:39:48Z,SIC_M_K,account.c39e1ebfa3294bd18bd8aecff5cae277,2307
2026-02-08T16:39:48Z,heo_oJ,account.3827512129b54d4ab2da3d556ef2b756,2756
2026-02-08T16:39:48Z,SIC_HO,account.bd1ed73e8c3f42d8ae6f437e89ee63ca,2488
2026-02-08T16:39:48Z,hyunsik5959,account.ad223467b1344e8aa17dcc3e7549534e,2650
2026-02-08T16:19:05Z,KimChunsam3e,account.86fe69d58bf04070845bc0dfdc6b273a,2577
2026-02-08T16:19:05Z,777FWANG,account.f6e538ff30c84fc79054430664ad7ed0,3026
2026-02-08T16:19:05Z,19930423-,account.7efd1b38d9984d95b1692f2f75d84a8a,2867
2026-02-08T16:19:05Z,Ansan_Buljumuck,account.5313272842f043be89dd0ad9595b3563,1717
2026-02-08T16:19:05Z,DNW_JOA69,account.a5573532b38441708aefcbe87a96288a,2331
2026-02-08T16:19:05Z,KimChunpal8e,account.579044f27e8c40f18b6e0e00b57cd90e,2280
2026-02-08T16:19:05Z,NOINTER-____-DES,account.ef745c61b7864591ae31d04c600d9e0b,2618
2026-02-08T16:19:05Z,kimbongnam2e,account.18cf01f3fc274f9fa2190bc0a6f53da4,2831
2026-02-08T16:19:05Z,mich1n_3kki,account.9f49c320197b41fc9aba16fb11f74ce3,2267
2026-02-08T16:19:05Z,X4C_BuSanggil,account.e544a43469544c9b96c223210af447f7,2587
2026-02-08T16:19:05Z,AliHakatory_KSM,account.47a40a3fc92346e6a455545f57ddddfb,1587
2026-02-08T16:19:05Z,INikite,account.3a442fa4290d4266b20dda0250d3cb89,2491
2026-02-08T16:19:05Z,GMG_WKinRun,account.02a5702c73c846528a38da3aed37f7fd,2351
2026-02-08T16:19:05Z,AVEC_Kings1234,account.fc12f25dcbd248f9b67967275733046e,2913
2026-02-08T16:19:05Z,XSungD1X,account.0ab07c78c69f4d82924d4c66058e1776,1895
2026-02-08T16:19:05Z,XDDa5eX,account.72bee84758ec4d8393d285a2fb4ef7f8,2015
2026-02-08T16:19:05Z,XXXX_Doublelift,account.d8aa7da9043c4532ba6599435c63acb8,2405
2026-02-08T16:19:05Z,DYH_Han,account.f64f585bbb164978915f62d7a00ed1a4,2380
2026-02-08T16:19:05Z,RK_Moria,account.8a492f71e10a470c9a02af4a0ab58a32,2200
2026-02-08T16:19:05Z,BZNBZNBZNBZN,account.0efe9ece7aa24bd18d578d9a9f88f2b0,2924
2026-02-08T16:19:05Z,0sunbzn,account.01daaf0f433b46d98c664bb09042a240,3063
2026-02-08T16:19:05Z,INX_250716,account.2f02c0d7abd34435821268c2707a6101,2595
2026-02-08T16:19:05Z,JullyUwU,account.1a0025ae401740649f5ccfa788eabafe,2017
2026-02-08T16:19:05Z,xxxTT_TTxxx,account.1d872ac0bc9842a4ac22a6213f3bd434,2308
2026-02-08T16:19:05Z,AZA_SUCKGGA,account.39fc6ec49cf940a5b6e88eff08d942cc,2936
2026-02-08T16:19:05Z,Tic_AUGMKPILYO,account.9f7ddc79e0a94aea9bb12823416ee132,2303
2026-02-08T15:47:54Z,Ez_heungmini,account.a59394fe22494c29a8524a3627e8652d,3445
2026-02-08T15:47:54Z,08010523,account.b3f268eeb09044f7b3cf890d33e9341d,2038
2026-02-08T15:47:54Z,JUHOMlN,account.5c391f16275c4837a08f5b2c0e12bc0d,3034
2026-02-08T15:47:54Z,guddnr2v,account.893f5f661e9c4d1db3b7a92f899cb5ee,2295
2026-02-08T15:47:54Z,holroc,account.e4ce45622ffe4987847455780c985614,2161
2026-02-08T15:47:54Z,YeomXy,account.f4fefd21e3204ed4ae1f1350afb0b172,2401
2026-02-08T15:47:54Z,BIXXXH,account.5aad677e23f7481c8b8d082e8457f406,2090
2026-02-08T15:47:54Z,txilixxx,account.7eeeb13b6224456e8806cf537dcd4a71,2509
2026-02-08T15:47:54Z,ToKki_Limit,account.565a41b7f3c64e5ab31e793f32d110e6,2413
2026-02-08T15:47:54Z,xihyxxn,account.8fd01cf9ebdc4d8889ae406b8b9602ca,1739
2026-02-08T15:47:54Z,andy0u_-,account.7a50647b76744dbd9e52a64dfd6aa074,2864
2026-02-08T15:47:54Z,Lm_Wony,account.89f19094d8864dd58a728d063254b67a,3342
2026-02-08T15:47:54Z,ehowltoRl2,account.a3ca5788d786412c8668a48164d89820,2429
2026-02-08T15:47:54Z,VR_baeseon,account.3865ca0af33c4a22bad23903ea410f66,3033
2026-02-08T15:47:54Z,liillililllliii,account.b709afa9fc364b59ae87de8579cd4c16,2606
2026-02-08T15:47:54Z,alwll,account.9d999b8be5944177ab45deb7096805c9,2079
2026-02-08T15:47:54Z,Pushcold,account.5086dc8c577b4cc2a831c4ef42a5a083,2401
2026-02-08T15:47:54Z,XXXXXXXXXXX-___-,account.73807f64d37f471b86435080d5cb55e0,2391
2026-02-08T15:47:54Z,NOXUXYUNXXX,account.6dcf11d2f4ff47ffbf9005bcffcb4ab8,2220
2026-02-08T15:47:54Z,DTT_mariko2,account.7ff271d4cdef46ca95cb435c0a71ca57,2567
2026-02-08T15:14:49Z,KQ_KQKQKQKQKQKQ,account.a0e1e3a404984046997874b5633d71c3,2884
2026-02-08T15:14:49Z,Ruepi,account.951b9e9e83ae4b93874d7b1eb7ff8eb0,2921
2026-02-08T15:14:49Z,Cha_O_reum,account.425daf34d3244eaeab7903f2df41d74f,1942
2026-02-08T15:14:49Z,wodlfrhcn,account.52232a7b72dd4b7c9c5654248f63c579,2308
2026-02-08T15:14:49Z,Heeya_N,account.af39b474a1c34ddbbef660fd1cc56083,2717
2026-02-08T15:14:49Z,llllIIlIlIIlIIl,account.e56fd6d71c524558833d1a46bc5f2479,2805
2026-02-08T15:14:49Z,wodlftnwkd,account.424c481ca73f4c1f827973be58f0ec9f,1996
2026-02-08T15:14:49Z,EZR_ElZl,account.fa7d025f66f14589a448c03f6ea7ac24,2351
2026-02-08T15:14:49Z,BMS_Fuxx,account.f0323af063fa4f408811400125ff463d,2554
2026-02-08T15:14:49Z,Gz_Madmax,account.7c0299d6a4844598b97c64f9738f95e0,2467
2026-02-08T15:14:49Z,EZR_VIVI,account.94b8e36493684281afc94bca7164802f,2286
2026-02-08T15:14:49Z,yugam-3-,account.ce7042f052aa41e58318a5a301cb66f9,2718
2026-02-08T15:14:49Z,Gamground,account.2d0165c9fc8e4984b5f66c09ddb65281,2403
2026-02-08T15:14:49Z,NUsunil,account.5d8b4adc349b44ee9607072613a3d97e,3021
2026-02-08T15:14:49Z,Naythanpro,account.7e408e6da3044921be06c1591f31b933,2760
2026-02-08T15:14:49Z,KQ_Master,account.ee0258376e9f47a49d00b13993fb6a4b,3250
2026-02-08T15:14:49Z,C9-NonSan,account.8712ae30c6b34dc38aa0063f6ca79220,2817
2026-02-08T15:14:49Z,Bms_PhyTo,account.78459c2b90e34bb6a5066504e027f333,2619
2026-02-08T15:14:49Z,BMS_DejaVu,account.f2eb64ac68cb4b669486bde48de7fef2,2235
2026-02-08T15:14:49Z,Pxgground,account.7fed8077c73f4a0d8acf5b11853171d1,2652
2026-02-08T15:14:49Z,tprtmwbd,account.39733477fee94703be59a02a6186a5d7,1848
2026-02-08T15:14:49Z,NoSkinUmai,account.8af235f1c7e340208bb2bcae61645e56,3121
2026-02-08T15:14:49Z,BMS_YS98,account.288285717fd545b89e4fda4b30065604,1611
2026-02-08T14:47:28Z,Ez_Diingo,account.81b1e056012d4a96ad8b4e5374a762e4,2781
2026-02-08T14:47:28Z,lZO8,account.62c303f4196f427fad1e8da672bf627e,2659
2026-02-08T14:47:28Z,tlqkfmuleo,account.1ae3a9c8e7cd413ca0823fa5751b8090,2200
2026-02-08T14:47:28Z,INX_HZ,account.3f1722dd92f14bde9bdcf84ee89d70e4,3057
2026-02-08T14:47:28Z,AKA_-Okzzi,account.882bfca305b649f59ef602ca4d12f612,1868
2026-02-08T14:47:28Z,JuFu_Xiaowei,account.45adf8a0893c4bddad23b9c7a84196e3,2552
2026-02-08T14:47:28Z,G-yam,account.b0345c8101024ddaa9f3b1ba98a4e211,2524
2026-02-08T14:47:28Z,hyeseon2land,account.7c32e05e7cb24de980626fb236709986,2366
2026-02-08T14:47:28Z,s2wlswns2,account.3cd150cdb5694d3ba7a63cc07b9795e2,2894
2026-02-08T14:47:28Z,Ez_Xavi-,account.b54d685f987a454b9fbafcf730cc90dc,2148
2026-02-08T14:47:28Z,rok_Naul,account.e2a14bb892624c7691d733824bf60faf,2726
2026-02-08T14:47:28Z,INX_Destiny,account.924f806b9b9c42cf8498ef60e2083c4b,3406
2026-02-08T14:47:28Z,porchita,account.bde821dc628b40a6b5e7c96576d7a7e5,2606
2026-02-08T14:47:28Z,Ez_Gunner2,account.beaefdaee159466b9583fff3ec0a53e2,1800
2026-02-08T14:47:28Z,sorksnrnrpINX,account.03baba7cb0f7448fbc88c816363c025c,2519
2026-02-08T14:47:28Z,JuFu_Yuwei,account.31994f9bbe02408fa7e9b264bf40cee5,2637
2026-02-08T14:47:28Z,robot872,account.cd0bf1ea71c74ad78a9365e163b9e676,2296
2026-02-08T14:47:28Z,B-TBTBTB,account.ce436c98888c49399548b006c2855124,2759
2026-02-08T14:47:28Z,Fochita-_-,account.d5512fc251fd42ffa833c2b953ca940e,2638
2026-02-08T14:47:28Z,rlawkdgns,account.d650d6fc14854ff8b6bfbbe761efccf2,2481
2026-02-08T14:47:28Z,JuFu_XiaoJin,account.538b9f8dcc2f40e6b825e42f6a5a285c,3045
2026-02-08T14:22:43Z,WG_MME,account.987277d0ab9f438fa02590fa4f276618,2374
2026-02-08T14:22:43Z,JEG94,account.cac1599ecdf64a1e98eec1e5feea948c,1825
2026-02-08T14:22:43Z,KingDooBang,account.98b02e5b9fa6457495a92175b862b0cd,2207
2026-02-08T14:22:43Z,tmdwls2509,account.06bb43edcac447869ce4bfe64ed1a696,1453
2026-02-08T14:22:43Z,2CN_920622,account.925f38c706234a1385ee298d6b16c71c,2670
2026-02-08T14:22:43Z,LK_JJunny,account.fcf20159ac754ceeb2033420d36fc099,2984
2026-02-08T14:22:43Z,WGC_Gonzo,account.befcdba87e3f4bbe88d653b25d823cc2,3163
2026-02-08T14:22:43Z,CUTE_COVI,account.1e07096ab26a459ab62b6374f6ecf401,1878
2026-02-08T14:22:43Z,INX_Asher,account.a0746ab2d6dd4e5d8df501b22fa39dc7,2879
2026-02-08T14:22:43Z,zkvlqkfkrnldudnj,account.072de96587914319b1f7d1dd25e4d6a5,2399
2026-02-08T14:22:43Z,CDC_4Ping,account.1c47ddeb16b7475da9a1a1ef3e1a56d7,2354
2026-02-08T14:22:43Z,roQkrtpwlC5,account.b1bc5818d4de4a05a227c264c05c145f,2810
2026-02-08T14:22:43Z,PyojeongjomPizza,account.1f7be130c45449228605ce3256cd7d7d,2519
2026-02-08T14:22:43Z,BGP_GOA,account.726a0893e31b4fd4adf9991c53ec183c,2800
2026-02-08T14:22:43Z,BlueChipBommb,account.ee94e6a0d61c4676a1261bb5e77d0467,2175
2026-02-08T14:22:43Z,JYChoi-,account.f845e87d54614e0a853f7740649a94c1,2379
2026-02-08T14:22:43Z,NU_jisope,account.0d0b6255dd104c969e4a12a64ce34554,2903
2026-02-08T14:22:43Z,WGC_HJ,account.3b6b1c2a0b764657bd01e15f63eed39b,2695
2026-02-08T14:22:43Z,Ol_7l_El,account.07539319ed86433bb4ac7af361d069fb,2600
2026-02-08T14:22:43Z,p-yong2,account.5ec7f1ad318d41abb931a83e92083f47,3000
2026-02-08T14:22:43Z,NUSUNGMIN,account.88dd7ae4856e4dcf824b3992d619cfbe,3025
2026-02-08T14:22:43Z,19999966666BGP,account.2bc09acb68334a4daa65a4471160921b,2727
2026-02-08T14:22:43Z,Only_LastONE,account.a5c52ef47c82475ba9b33c6c524273a0,1835
2026-02-08T14:22:43Z,XIKoxg,account.08685f1ab68b4944b611f6a195f910b1,1981
2026-02-08T13:45:21Z,Hoon__veeely,account.acb71ef91bfe4a16806a068252634567,2827
2026-02-08T13:45:21Z,dianfEKrwla,account.bc211c4771314bc8bf54ca7c64356cf5,2200
2026-02-08T13:45:21Z,230613-,account.e07dc9f823e446b18b410786327292ed,2677
2026-02-08T13:45:21Z,Ez_DDotori,account.5ded3bf4fb4044278a04cf89478350cc,2321
2026-02-08T13:45:21Z,sowhatkffleh,account.5d3f630501bf4cc2a576eec62419cec3,2675
2026-02-08T13:45:21Z,DONSHOOT_T_ME,account.a6c31a80fbe4450a9baffddec93f9d1c,2266
2026-02-08T13:45:21Z,nosta1gia_1,account.cf6437b35919441e8b92032f973801cc,2172
2026-02-08T13:45:21Z,Ez_Who,account.075e7334fce54e93a45162a38811eafc,2611
2026-02-08T13:45:21Z,woshiDDuDDu,account.944c8d9011004098be67977ce03dd396,2382
2026-02-08T13:45:21Z,Jooak9-,account.c82e6a22140043b9a31b2751cecd31bd,2072
2026-02-08T13:45:21Z,uooman,account.18ef0ba09ab64358a1cb383809bb6670,2686
2026-02-08T13:45:21Z,2CN_RANG,account.034fff764a6a4e66a898cbc5375bb999,2439
2026-02-08T13:45:21Z,eGo_Cute3xnuri,account.e03bbe4e529c4272a9b2b68171c8f5a9,2334
2026-02-08T13:45:21Z,Akatsukiki,account.587b1d1424c740999d9f7a688a10d794,2939
2026-02-08T13:45:21Z,Ez_Sorento,account.097056989c8c4d2bacd899cdbbc55306,2347
2026-02-08T13:45:21Z,INUNESalute,account.7ff607e568a94ecc890f64f63bcd809d,2880
2026-02-08T13:45:21Z,NU_yoon,account.dd5a687c616b4421b65ed775da90698a,2497
2026-02-08T13:45:21Z,H3ESE,account.959b66110f2342b4b9e9587b54f25593,2780
2026-02-08T13:45:21Z,Sucktsuki,account.490d507452f74375a5f852482a079661,2656
2026-02-08T13:45:21Z,NUPitt,account.2662bc15dcf446cd881cc2e3742f418f,2776
2026-02-08T13:45:21Z,rhavm,account.5b6e46877d3d4e92aa0fc71220c23a4e,2155
2026-02-08T13:45:21Z,W00NYA_Poppy,account.f8e3e4bed67a4001a9cc516d836070a4,2406
2026-02-08T13:07:37Z,jangjane_,account.ec0e7960372f4aebb2ef1a4f25358801,2919
2026-02-08T13:07:37Z,NX_LATTE,account.3a9ccf06ca294524b715247e71fa8c94,2680
2026-02-08T13:07:37Z,NX_5JJORAGU,account.a6941751c8b847cb9dc507128399ddbe,2384
2026-02-08T13:07:37Z,SJKB-,account.24a61f18553f417cb833d4c57c91f2f7,2383
2026-02-08T13:07:37Z,BongQuad,account.aa63e712e1424d96a90a89207572a081,2713
2026-02-08T13:07:37Z,Lr7rZr,account.7278ef5f03fe420bb8c1d9d8be1be01e,2898
2026-02-08T13:07:37Z,EunwolGz,account.4b6c252528384140a569f40b9e8ad589,2683
2026-02-08T13:07:37Z,2CN_Bluehands,account.37179a0029d24886b0dc6d8821de4962,2854
2026-02-08T13:07:37Z,2CN_HAEMI,account.cf4a71499f0d48dfafe1ca73128a6a61,1852
2026-02-08T13:07:37Z,Gan_G_Ai,account.1f7b08bf6a604e4193b00e53dc815ba6,2155
2026-02-08T13:07:37Z,NU-Godhell,account.19a96bcf27984467bef07daa3251c76b,2800
2026-02-08T13:07:37Z,NX_BanSeok,account.f7ae5d767d1145048fd1224079b45aa8,2258
2026-02-08T13:07:37Z,noonPilYo,account.f51e7eefc13440fd87493e6594c1d9c7,2116
2026-02-08T13:07:37Z,NX_SANGJIN,account.36842175238c43c1975981793dc4c2a5,2465
2026-02-08T13:07:37Z,8baeyulPilYo,account.63b7e3c0d07540cbb1678956e628a4e8,2520
2026-02-08T12:29:33Z,INX_balo,account.49b024f135704415b220c34696b92207,3060
2026-02-08T12:29:33Z,GGOCHIGUI,account.18819e3e74af4edcb38bf61202e9911b,2354
2026-02-08T12:29:33Z,Rxxnkxxxa,account.5a90054765cf42659cb6f99fd5f54519,2340
2026-02-08T12:29:33Z,hachuHNB,account.e6dd42ed0b854ffa89250e08ac73fcf3,1765
2026-02-08T12:29:33Z,llllililliiiill,account.c5d02af3aed9437ebf380ba51d521dde,3058
2026-02-08T12:29:33Z,TOGGIGUI,account.2ff31569f7344a75a0f1b68037d8a166,2519
2026-02-08T12:29:33Z,302Whsskwkfgp-,account.501e82211bde49f4a3419593f3d58ae5,2549
2026-02-08T12:29:33Z,GT_Lavi,account.7c1384d972e34855bb82a23d6c2116b1,2634
2026-02-08T12:29:33Z,HORONGGUI,account.b8c3cba7bae14852a27a2242da9afd23,2466
2026-02-08T12:29:33Z,HINGDD,account.fdac3a7f1eb34c7fbd51338bb31920c2,2743
2026-02-08T12:29:33Z,NATI_7HAH77l,account.e907ad932c014b459a9b7ea3f44b142a,2792
2026-02-08T12:29:33Z,IIlIilililiIilII,account.15cf3afd7e8e47158ba2804eed8e187c,2763
2026-02-08T12:29:33Z,LanlGz,account.bcd08ed346854da6afcac4e9eb1389b0,2503
2026-02-08T12:29:33Z,DTT_MURU,account.d0b770b90587467cb217b55766a4d479,2384
2026-02-08T12:29:33Z,Az-Gwangmin,account.4440074a6c2a4a66a8816fc29d43522d,2039
2026-02-08T12:29:33Z,BMS_LUCIA,account.38902a6d2f2e4229a326fa5140cd4770,2382
2026-02-08T12:29:33Z,INX_Heynckes,account.ad2e3d6b6fa4450485ccbcefb170e31e,2398
2026-02-08T12:29:33Z,INX_MORIMORI,account.29ef0e0becbe4c6dad4d3781ef9b0513,2880
2026-02-08T11:57:54Z,sadfasdf25,account.aa724e26ac2a41868552421789ceb47c,2157
2026-02-08T11:57:54Z,apda10saeya,account.f060eb547c594a6386268ba12793347f,3253
2026-02-08T11:57:54Z,shonibalrom,account.69a7e4488ce8478fb7310a78169842b4,1602
2026-02-08T11:57:54Z,BGP_LUCY,account.7615bd9f6a9a4cd086c3192ec3017ac8,2704
2026-02-08T11:57:54Z,joker-_-o,account.e6db3bf5d6a540d2b764097c9212c8da,2719
2026-02-08T11:57:54Z,NoohIjGnuj,account.15af7752ac76462cacfc90a5903f1f94,2755
2026-02-08T11:57:54Z,BGP_Lizard,account.6d7dc75233c545a08451db52125f6a0b,2235
2026-02-08T11:57:54Z,BGP_L0K1,account.180ad153ccf94121aef25e86d12f3fed,2537
2026-02-08T11:57:54Z,sung__sik__,account.896f3752d8134708b74ec1221e3bd419,1748
2026-02-08T11:57:54Z,2CN_1zzAng,account.5a31cc910cf149e89568b3f35cb24b81,2459
2026-02-08T11:57:54Z,STOneTool,account.23ff7106516c4c27a23c8a1efa6bdf91,2533
2026-02-08T11:57:54Z,DDOZZIYO,account.6838af528e5741b3a41f2e66a22e77a7,1296
2026-02-08T11:57:54Z,BGP_White,account.2415428b46df421eb14a83ac299b2f6f,2823
2026-02-08T11:57:54Z,2CN_JuChongVssYo,account.5ca276f256d245eda7d8dacfda4647c1,2100
2026-02-08T11:57:54Z,2CN_JJunhyeong,account.fc40caaa66bd4d80ae9a22c4122d50ef,2233
2026-02-08T11:57:54Z,JB_KingJun,account.db734c9e0481401b801208aa536f12a5,2127
2026-02-08T11:57:54Z,2S2_Hamhakka,account.be2db1fc01ae480d8c7b12b2a139d386,2572
2026-02-08T11:57:54Z,GUK_IM,account.06e4a95bea4b4034b738b5dcdf31b6a5,2253
2026-02-08T11:57:54Z,kimyiSUCK,account.dd4bc7776bc84ca291de7268fb7e651a,2479
2026-02-08T11:57:54Z,10GOA_DDakja,account.73356be783804ac8a419fb79f26a846b,2600
2026-02-08T11:57:54Z,chuuzilla,account.c623772f7ebc4c7cb411aff48c4625f8,2787
2026-02-08T11:57:54Z,IFTY_V7,account.f943134852444d28bfbf23d7f5a2adac,2708
2026-02-08T11:57:54Z,DDOZGOD,account.7b2621fc584644cfb1a0309319b045b3,2206
2026-02-08T11:57:54Z,KANGXXGON,account.f87c82556f1640f899545dabccb774d7,2337
2026-02-08T11:57:54Z,YongGarPING,account.fa6d595a6ba34bbb8adf07081f729d0c,2720
2026-02-08T11:57:54Z,mintoriHNB,account.0a31c055bc17407ea66bcf85e2864c16,2360
2026-02-08T11:57:54Z,2CN_SeongAh,account.005c491a583640e6b1a777a7a2b846a0,2873
2026-02-08T11:57:54Z,IFTY_Y9,account.807b3e43c4f6493ca17e5f37ceefe1ab,3301
2026-02-08T11:57:54Z,TemuHeaven,account.cea6448aeb264406938ffd36e8108605,2288
2026-02-08T11:57:54Z,MDR_MDRMDRMDRMDR,account.58ef6e94982a4335a43942c12770afe1,3080
2026-02-08T11:57:54Z,yksang203,account.93ec049836aa48b68a0ddf7e414d6675,2917
2026-02-08T10:58:48Z,NUFuRY,account.dd9ee1e39e474fd19054f074cd7bbc64,3306
2026-02-08T10:58:48Z,Ryul0607,account.9efc7e23edf04337b13821fa82fc50f0,3491
2026-02-08T10:58:48Z,h0llym0lly__-,account.d51a82b4315e401b8c74b3de4cd31aae,1801
2026-02-08T10:58:48Z,NUhyeok,account.df644e1d81844e6ebe83a17a4df94267,2736
2026-02-08T10:58:48Z,2CN_PeanutLatte,account.77181a9da21d4e07a3c7b8a2672d5a73,2730
2026-02-08T10:58:48Z,TimeToProve,account.b5603c47cf47446597cf19fff300eca3,2878
2026-02-08T10:58:48Z,ACLS-VF-Asystole,account.247ba17741dc416889afdbd10220bd55,2238
2026-02-08T10:58:48Z,chocolatechiip,account.00ae636f3f29443490716d28017686d2,2792
2026-02-08T10:58:48Z,PSC_bbogle,account.a0f5ef9252c942f49b75b2c57626dc65,2477
2026-02-08T10:58:48Z,YONG2NE,account.ef1083542fa34449917c3f1235544729,2600
2026-02-08T10:58:48Z,Xinsia,account.3cd179e3522c4226923504ba1d9c3c23,2879
2026-02-08T10:58:48Z,Tltmxk,account.8fff17c55b064fe689119f39eab7c62a,2472
2026-02-08T10:58:48Z,N1kaboy,account.dc5ff63898d946e996c018e88fbb38f0,2535
2026-02-08T10:58:48Z,HOSAUG,account.0d129a5b6d3f40f481008c98143f5cf0,2252
2026-02-08T10:58:48Z,Nyx_Kyu,account.d1503fc917fb4489a1b524f91465e0ea,2847
2026-02-08T10:58:48Z,8COUNTPLANK,account.a05c96a5394d41239e56046547db3880,2288
2026-02-08T10:58:48Z,HNB0124,account.d463316e49684330b47b3b2711aef447,2841
2026-02-08T10:58:48Z,T2CN_JaechanE,account.e5af3b58944c482f903e3a736bca1fd1,2850
2026-02-08T10:58:48Z,4001145,account.3002d1b22f504d59863b9977e72db21f,2373
2026-02-08T10:58:48Z,gangsterhulk,account.afa153629f894f27838b4c34b66affcf,2737
2026-02-08T10:58:48Z,VOLT_SEKKl,account.150ed84abdcf4902912cb12c7dcde7e0,2545
2026-02-08T10:08:27Z,yoonjinyoung9330,account.94d74b96515b4326b32cd7fd6976262e,2741
2026-02-08T10:08:27Z,1_MMJJ,account.17e18ee2c4aa4b1aa7310cd94cf98d16,2936
2026-02-08T10:08:27Z,PFMC_SON,account.64cf5e109ab843fd9278c1b76d589f20,2549
2026-02-08T10:08:27Z,Dobbyxxxxxxx,account.ff6064653bab43fb9d7d3a8efb44980c,2600
2026-02-08T10:08:27Z,simtaeeee,account.e2ede5f2bc2242389a2bd16b48574e42,2454
2026-02-08T10:08:27Z,AnotherGwiHyeon,account.3fa0455a769046d0a33df2d662c3d51b,2255
2026-02-08T10:08:27Z,llliiilll_-k,account.c118a3bb77fa485190d7c74b004b7bf1,2356
2026-02-08T10:08:27Z,JangLim__,account.58a097974a534f11b4eafdc5cb5de19e,2761
2026-02-08T10:08:27Z,sori_ddiye,account.4a2f9fbe58884bcbb7e35e79f2ac4e0d,2743
2026-02-08T10:08:27Z,BKKOxxxxxxx,account.51c9cf5bb7a441898cd6f45dd64c54e0,1971
2026-02-08T10:08:27Z,2_GYUBOY,account.476fa009cfd045d99f623a8aa4d67716,2114
2026-02-08T10:08:27Z,Dorannao,account.4721cb0743a0478182800e997b54e14c,2200
2026-02-08T10:08:27Z,160cm_18cm,account.58c3be0efa774ad3ab05bfaa095d166a,2643
2026-02-08T10:08:27Z,WGC_YOON,account.cb38a5936d37482489ca0cfb59389356,3162
2026-02-08T10:08:27Z,WG_Cheol,account.fb746d1ba5974bfb9eae707d1471176b,0
2026-02-08T10:08:27Z,1_ik92,account.8893d56c306f454baa16a91d25043f43,2852
2026-02-08T10:08:27Z,SUAS_Lee,account.c8832a153401453bbc61253f44cacb63,2255
2026-02-08T10:08:27Z,hyo1100,account.36d783c80d844ab1a01e882d8445624e,2203
2026-02-08T10:08:27Z,1_SKIBOY,account.d90d51e8936743abb87bd7e3d8111a7a,2249
2026-02-08T10:08:27Z,0_Hyun_FADE,account.a71aa2567c91450aa64f4896262c5d71,3006
2026-02-08T10:08:27Z,ApexSana2,account.91cd68c83ef54657b18d9edae24b51d5,2368
2026-02-08T10:08:27Z,gunriburi,account.8a8a854bf9fe4e25b57342a8cdab377e,1585
2026-02-08T10:08:27Z,inoC5,account.a186202e79cb4f1ba2af7f951cd87a32,2564
2026-02-08T10:08:27Z,kimtae7325,account.da14f5c41b1d4166a57abf1b1875f7a9,3146
2026-02-08T10:08:27Z,handsomeRagi,account.a682c902a12542f6a22fb351ebb184be,2352
2026-02-08T10:08:27Z,Na_PhysicalJirim,account.062f233e9db64e60936c4090369dc2d7,1803
2026-02-08T10:08:27Z,xxoxxxoxxoxx,account.d90ce6bdbf7944d1baf7282d24650edd,2128
2026-02-08T10:08:27Z,Onlyu_hwa,account.a41dc3b127a141289e9f4e2879948fb8,2667
2026-02-08T10:08:27Z,SUI_hamsue,account.d5f0674197a843d596ab48e719cb3fe9,2527
2026-02-08T10:08:27Z,NUPOCRAIN,account.7c477dbb1bc94f8c99e52d45cd1e2d43,2591
2026-02-08T10:08:27Z,1ms-new,account.db538f1e3fb94f6c820600048f1deed3,1320
2026-02-08T09:35:24Z,ffubyffi,account.1c908dec065f416da5ccc438dba420df,2703
2026-02-08T09:35:24Z,HNB_PoJo,account.29149506aa0342edad06ece24b7a006b,2370
2026-02-08T09:35:24Z,Tetkai-,account.9e3728bad7e0495794fe69640e92e107,2415
2026-02-08T09:35:24Z,molbajjinttaya,account.e6274084d2e849fd972e3d1fb3050aa8,1128
2026-02-08T09:35:24Z,HNB_NoBrain,account.5cf4585c1fca4e5e87f09cc310e9a45a,2509
2026-02-08T09:35:24Z,LLMP--_--Rascal,account.b6724746b67b42d8a51ce4742da2b8b9,1573
2026-02-08T09:35:24Z,TemuDIEL,account.1dddc3f005d441ec97df7ef4b0b6afbe,3031
2026-02-08T09:35:24Z,Jeong9BarlBal,account.f67e51003def4d83829bd9af96594c74,2528
2026-02-08T09:35:24Z,HNB_HO,account.d08adce7b0e94a369d2dee581abf58e7,2889
2026-02-08T09:35:24Z,LLMP--_--WaRning,account.e32f3871203e4f11ad92b0451bfea68b,1305
2026-02-08T09:35:24Z,V_Ladoong,account.57e4a3a40fc64ed9b645bfe9055149c6,2312
2026-02-08T09:35:24Z,HNB_danbi,account.c5987bbea6fe4fae8f96307dbcdf8cc8,2135
2026-02-08T09:35:24Z,LLMP--_--Kakarot,account.b8694c8d627b460b9083bd48ebe06a44,1822
2026-02-08T09:35:24Z,TIANzpyan1,account.8fadbfb393b94885a93a953541e5f0f5,2125
2026-02-08T09:35:24Z,ssosijiyo,account.7802555d75a64f948e145f3d676ca7b9,2039
2026-02-08T09:35:24Z,SE0JE,account.dc190f8808c9412ba56eb80de7446b96,0
2026-02-08T09:07:36Z,Ez_Raeun,account.970908d197c54792a55abc986fb2769c,2937
2026-02-08T09:07:36Z,Yangjxrry,account.2d9db819278d4f4d8eb4b2db9c419bc3,2782
2026-02-08T09:07:36Z,INX_0rdin,account.360c61eee32c43859a00df508e46f9ab,2800
2026-02-08T09:07:36Z,tM_GINUDA,account.0d9a7e7a6ecb4d5e8a9fd3f650dc794d,2316
2026-02-08T09:07:36Z,77r_BI,account.05ba392d3e7e47aaaaf914c9923bd504,2401
2026-02-08T09:07:36Z,VP-akffhdksgo,account.09f7717f1a0d4d7b864191a8ad92ccd1,2058
2026-02-08T09:07:36Z,Ez_hyomo,account.0cdd8d7558a04c84969096efa8e8d759,2882
2026-02-08T09:07:36Z,SR-Yangpa,account.efef9dd393f2413198605d47ef96e23a,3049
2026-02-08T09:07:36Z,VP-PinBar,account.c525caddcdb64be4beee5295e3b77052,2946
2026-02-08T09:07:36Z,Ez_heungminiUP,account.4ccb55854f3e4249b9ba71058f5831d0,2729
2026-02-08T09:07:36Z,xeung__1,account.505cd833faff474cb6fa403972b6a541,2721
2026-02-08T09:07:36Z,whwqkqdlqslek,account.1a795aae257244d980a25b6a4c3fee4f,2338
2026-02-08T09:07:36Z,777UNO,account.b958097926f14e1eacaffee1d724b3cb,2240
2026-02-08T09:07:36Z,Ez_dmdcjwkd,account.55cdd8b7ef0445098ff8d6489df66339,2892
2026-02-08T09:07:36Z,892halgoNy-,account.5f6984d11cb24d4ab0c8821a91d3ee62,2600
2026-02-08T09:07:36Z,SADO_TaDaeO,account.630012289b174e7ba190c7333f28268a,2493
2026-02-08T08:37:53Z,BACK_BBO,account.f3fe1663bfcb466e8fa18a30894a75ca,2371
2026-02-08T08:37:53Z,7IMA_-hope,account.1e86f42eece546ae8b2d2720dcdb53a1,2623
2026-02-08T08:37:53Z,QKFFLEMFDJDHK,account.51afd3ab7b0548e6a7a91cac7f56d4bb,2642
2026-02-08T08:37:53Z,Out_MOS,account.0f871201f8864768b53843642f749a74,2236
2026-02-08T08:37:53Z,KKHC5,account.5946a59851904d6894a472c89c740187,2456
2026-02-08T08:37:53Z,goguma-_-vv,account.a3787a6896f540328c27fe47490ab694,2372
2026-02-08T08:37:53Z,7IMA_-Hippia,account.e1455998901547e4aad944ade6eda257,2731
2026-02-08T08:37:53Z,JUN2C5,account.1772e000050d449db3a709b86f37f1c8,2006
2026-02-08T08:37:53Z,7IMA_-DDaN,account.bd8a8c3199b54ff1af4b538f0656d2dd,2502
2026-02-08T08:37:53Z,R10N_G___X,account.99642195f3f942f6b45c0d76051c5856,2405
2026-02-08T08:37:53Z,zR_TOPDOG,account.082cb98ebc5d4d9ba352c50ca9279fd3,2786
2026-02-08T08:37:53Z,HUPE5OPTIC,account.bc87d0ebda7a4660870175ca74790af3,2059
2026-02-08T08:37:53Z,iS_Eoflausdkvkdy,account.f4906a59c3eb44629b4bacdf8f10ff79,2238
2026-02-08T08:37:53Z,PRFCLANMOZIP,account.8925905c626442da9fa21e5748b9688f,2768
2026-02-08T08:37:53Z,RAON_1s,account.34f91b49e1de47b1a864a28fb95abc8b,2324
2026-02-08T07:30:30Z,spectreLHF,account.3a03f0630fd34265a4cf323d9a530662,2481
2026-02-08T07:30:30Z,SAVE-ing,account.547a56dc2a534781bc2fdaa7f9d0c521,2341
2026-02-08T07:30:30Z,ckxkausBBANGgka,account.db34f6a0a5c34a408eb8a9bca66756cb,2200
2026-02-08T07:30:30Z,godqhrgoqhwkMM,account.2ec75ccdeab343f6a9b59c3978d5deeb,3448
2026-02-08T07:30:30Z,152cm92kg,account.491f9eb537f5411eb24322c9b6977f42,2533
2026-02-08T07:30:30Z,ltM_Fnat1cxxxx,account.75e11b0288e84c67ad8005c54272ac71,2854
2026-02-08T07:30:30Z,ChuHyoung,account.5d21c5571ddf4f519ed6257c90b09e77,2201
2026-02-08T07:30:30Z,DDMZE,account.45016826141d467eba35860835598488,2200
2026-02-08T07:30:30Z,SIBASEIKIA,account.254ea51c46474cf2a7e1a88aba215d14,2005
2026-02-08T07:30:30Z,JAMS1Lpro,account.b560824508d94e9c89c53230f1ae6d3e,2461
2026-02-08T07:30:30Z,CodeName_DY,account.9ad42475c11649ad88c4371dad9c4177,2503
2026-02-08T06:47:41Z,OmijaSMOOTHIE,account.31c9ffd305c3422997582e65ad136665,2676
2026-02-08T06:47:41Z,INX_GoSoonJo,account.0262bd4dbb064474bbaa700760a99e25,2955
2026-02-08T06:47:41Z,E2SYBRO-,account.abd0bfcb861a4372b6bdab86dd64a12c,2638
2026-02-08T06:47:41Z,INX_monstar,account.03bb66c882f8449dbac2521101e1ded0,2291
2026-02-08T06:47:41Z,INX_ESTP,account.825e8d5722b64a438c850805cc20b7a9,2737
2026-02-08T06:47:41Z,You_easy_x,account.6d500ea33ec846dca9f7436abc2f761c,2944
2026-02-08T06:47:41Z,BBang-BBang-_-ee,account.066e4896024c4c8fa974226648fc9b29,2763
2026-02-08T06:47:41Z,022591,account.da59b8174cdf482ca959cbba21355714,3022
2026-02-08T06:47:41Z,SOXKINGKING,account.f407e04f845f49478151c843e84dd50e,0
2026-02-08T06:47:41Z,SPG_Hyunvely,account.6d40bf37fef9442bb198ce60fd97e694,2670
2026-02-08T06:47:41Z,DflashUser-,account.de54d3c2d85f49dc8c436c1673d61b66,2505
2026-02-08T06:47:41Z,DeletedUser-,account.e7edb7c02e914a389f5073e0b2d46f7f,2354
2026-02-08T06:47:41Z,HES_928,account.2afa377fde9e4298b7debc2e9b0c157b,2422
2026-02-08T06:12:38Z,seung_world,account.ea80e3d8875b48f69e2c6e457c6034a7,1395
2026-02-08T06:12:38Z,Juding-__-,account.8bc9a68e72cb4d05acf1f486db35a37a,2280
2026-02-08T06:12:38Z,ZG_D00ngti,account.97ff18bb4a3d433281ea92e3af5415f4,2176
2026-02-08T06:12:38Z,GNOEYOHGNOS,account.51ec7390d2db4708baf8edb4f37bab33,2478
2026-02-08T06:12:38Z,HuGuxx,account.99e76c4fd06f42299caa226c299110a5,3295
2026-02-08T06:12:38Z,INI_Zziya,account.f977ffabae954d4e9f72da632ad9e210,1866
2026-02-08T06:12:38Z,MhyeokGood,account.fcd9d771a7ab447995c79839387c75a7,2013
2026-02-08T06:12:38Z,INI_MaGi,account.f615c7bc55dd4dffa87b60855bf7b37f,2254
2026-02-08T06:12:38Z,JMJAJI,account.fdc4c3d902a24ebebdf228acbd44a4c8,1983
2026-02-08T06:12:38Z,parsing,account.2266598efdd649d7950262a78d20e4a6,2251
2026-02-08T06:12:38Z,GT_BaDoog,account.ef23af80a8e64bebabd1bd9a86933daf,1944
2026-02-08T06:12:38Z,kohanhyun,account.d2fbd285085d4c1cbcf5b60e8c299ed5,2515
2026-02-08T06:12:38Z,GT_incheon_JI,account.5dd36695da6944649dc0906b1ce45988,1792
2026-02-08T06:12:38Z,HALLO_BLUEANGEL,account.a4a88abee1e8481db13150893f75c605,2047
2026-02-08T06:12:38Z,jojungrae,account.a931c1aa9fa840e39e128ec6a008b06d,1856
2026-02-08T06:12:38Z,NTT_ShaDow,account.6fa5e1fd15d44a4cb4c0289a5ff7df38,2162
2026-02-08T06:12:38Z,KINGXX18,account.bf6dbe9b24ed48d689435289ab2841d1,2945
2026-02-08T06:12:38Z,Gamma_JxNx-_-,account.5b361a22db2d4a68ab169443498fa068,2270
2026-02-08T06:12:38Z,INI_Mafu,account.36318408e4664f3f820ac04dd8de59af,2543
2026-02-08T06:12:38Z,Ban_Mango-_-,account.fafc098d993b4262be5906c54d0c71c3,1927
2026-02-08T05:02:40Z,TURKEYGUI,account.fc4533065e59406da258e8c9a0857345,2102
2026-02-08T05:02:40Z,GUN_YESOL,account.60869ade34e8489bb233161c2f5c5bc5,1977
2026-02-08T05:02:40Z,HTD_Wu-_-,account.5a0f6e9ebb28472ab05264dc51765bba,1849
2026-02-08T05:02:40Z,tweety---,account.83f4306e40a4422ca179a02e7d35c9d3,1938
2026-02-08T05:02:40Z,vivid---,account.5cb31fa503a34e4eba3c7aefaabc62dc,2386
2026-02-08T05:02:40Z,PerfectMan-_-,account.7537df7cb6fc4fbdadf8e42d37306ba1,2076
2026-02-08T05:02:40Z,TheEquipment,account.698352332ac8415fb5ceb998914ec249,1929
2026-02-08T05:02:40Z,GUN_DYSON,account.90f33a2d8cfa48c4a7db17c5f70c177d,2286
2026-02-08T05:02:40Z,B-Gings,account.fdaa757f403348408486ad0eb748a644,2845
2026-02-08T05:02:40Z,WhiteWalls,account.77f9aa6ff24a4d7daa2ca45b322ef242,1922
2026-02-08T05:02:40Z,TTEOKGUI,account.0085633b53524f25a97497e3ffebb7d6,2140
2026-02-08T05:02:40Z,BBAK_-AYARO,account.4cf56e3f34b0450f9568098d5cd442eb,1910
2026-02-08T05:02:40Z,02min,account.3dd0d97ed7374e409a9b74b38dd5eda5,2071
2026-02-08T05:02:40Z,rudfkrWld,account.3108cad15e684a2fb7a271164e2717f4,1031
2026-02-08T05:02:40Z,nha0312_,account.2501a1407bc74b3494278de99743236d,1587
2026-02-08T05:02:40Z,yys_2006,account.a7e11abb036448a18c326c1a099379b2,2238
2026-02-08T05:02:40Z,GUN_SIMGYU,account.18f4e8871e4a4103b085276e129c13db,1956
2026-02-08T05:02:40Z,neverseeme_-,account.00591c4792c44766bcfc8236eb7320d1,1834
2026-02-08T05:02:40Z,HTD_OwnerZeff-_-,account.d23fb3485bd24aa9b093fd0fb0df919c,2412
2026-02-08T05:02:40Z,UDTT_Backya,account.4f7f4a199a7142268e0d72a1b0043544,2137
2026-02-08T05:02:40Z,I__CUJO-_-,account.78ee4801f0d54d0f8ddc710a3fda6796,1866
2026-02-08T05:02:40Z,HAMCHEESEGUI,account.61614a221cbc464c951db4be5c6144d6,1960
2026-02-08T05:02:40Z,WKNNNDDD,account.572b44a1e4fe4337a38b8c0ebdfd124d,2220
2026-02-08T05:02:40Z,KC_SIN,account.396c1bd66cfe431f9eddf55690883ac4,2492
2026-02-08T05:02:40Z,suckerSSStresss,account.8857364b68b94f3797d92f6b99b2e5d3,2124
2026-02-08T05:02:40Z,sss_PRO_,account.aeb231c5ee4741f49dc35baec9a39178,1726
2026-02-08T04:25:26Z,DMN_ARtist,account.b57b14c1b7cc406390cc6681be756bbf,1882
2026-02-08T04:25:26Z,Hu_bao777,account.eb53224b7ecb4491b6eb428ed97aa1a0,2692
2026-02-08T04:25:26Z,ddukbaeks,account.ecc914df9ae7408cb7449d739e2d0f04,1988
2026-02-08T04:25:26Z,BABY_UK,account.57de3e29d0474a71a50bdd398bcfe26f,2079
2026-02-08T04:25:26Z,yoo___lo,account.72ef53d5efd1477596ffacfc08e6ab45,2028
2026-02-08T04:25:26Z,gonaudo1,account.ba215f02b68b462c91a02d1abe371981,2265
2026-02-08T04:25:26Z,DAJABA_Jokk,account.2350d0c052374109ad6fca08b0982720,1937
2026-02-08T04:25:26Z,RN_gongju,account.09b0b9e3ed2d4bc9ad0ea42caf608ab5,2007
2026-02-08T04:25:26Z,Princess_ingeon,account.01167b73a7164ada9251710510d97d76,2052
2026-02-08T04:25:26Z,M24_SHIN2,account.122e6029da1141d393cf883fb2e8ae63,2306
2026-02-08T04:25:26Z,DMN_Sn1per,account.18543ffb9bc14c1e993be79e84547013,1438
2026-02-08T04:25:26Z,FocuS_KaKa,account.9feaca5584524576ba4971e24a57ccd4,2370
2026-02-08T04:25:26Z,95zzzzang,account.43bee607429a44afb811fd1f151ee0d3,2278
2026-02-08T04:25:26Z,Tangguriii,account.77a58a9348ce4aa8a9b02f663a406211,1220
2026-02-08T04:25:26Z,ARMY_0126,account.887ffb44edc84248bd998782a1984184,1719
2026-02-08T04:25:26Z,Thewally-_,account.1870505e54bd4560b868c4bb2917ccc1,2124
2026-02-08T04:25:26Z,tM_BeBe,account.03ebfbbf290145c9b043a5ad7f803994,2369
2026-02-08T04:25:26Z,ye-ju0720,account.b1e13a7da27f456aa205d32cc0f0cb08,2349
2026-02-08T04:25:26Z,T_Twangki,account.15db70fcd8d44353b89736c84c14f534,2121
2026-02-08T04:25:26Z,l_xxJxxWxx,account.3621c360a68d4a0eb8b926d76c4f700d,2270
2026-02-08T04:25:26Z,Beach-I_am-Solo,account.8fb03d7336e749af99819e2d3b2537b9,2452
2026-02-08T04:25:26Z,T_TGUNNER,account.fbeca43ae2db480d86c28eb3201c3aa3,1870
2026-02-08T04:25:26Z,DAJABA_Exit,account.8d044d02a56b4aca98ed6ff0092c3ba8,1773
2026-02-08T04:25:26Z,Lxxsxxxxkxx,account.b9111e5421214aed9782d71c42cf7b5e,1632
2026-02-08T03:47:11Z,BOOM_LeBron,account.62231d9454f349b7ad069389b4c6ae3b,2041
2026-02-08T03:47:11Z,WT_Rabin,account.0b6ab2c9431c4671a2c7277686af9fb2,1560
2026-02-08T03:47:11Z,iffysssssssssssh,account.59f7d8de962a42de90193fa9db5dbe75,2445
2026-02-08T03:47:11Z,2SL_zzilong2,account.3c4eef5662a24766a62fd3cb5ee8be33,2411
2026-02-08T03:47:11Z,Sun2_-,account.bf447de3680244fa91c3109908a84c71,2728
2026-02-08T03:47:11Z,13794091,account.25f3705562734418a883c9ab8067f092,2238
2026-02-08T03:47:11Z,Iwantyourfoot,account.41157466a1b146a499836f2749f7ec5a,2512
2026-02-08T03:47:11Z,KKI-KKI--,account.531b5721b4784ffe835c080ca16caa04,2200
2026-02-08T03:47:11Z,with_Rock,account.63ceb6d9491548ee91b1b9bb9f60cf5c,2278
2026-02-08T03:47:11Z,G0YounJung-_-s2,account.91c0c9cf7ced4045bfd4d2687182dc09,2220
2026-02-08T03:47:11Z,PioNix98,account.3a660cb6636f4ff5a0bf5bba3b5da5fa,1946
2026-02-08T03:47:11Z,pilza_,account.9fd3714e3e0b4713ac1caedcef6bba15,2078
2026-02-08T03:47:11Z,100-zii,account.9a13f694743940038239bb30b8c45544,715
2026-02-08T03:47:11Z,WT_Root,account.58ec7217bb0c4fffac992c8ee8973fa5,1897
2026-02-08T03:47:11Z,ada-98,account.e48b6514d13c49bd82f87c01f6db5027,2200
2026-02-08T03:47:11Z,Dusvek,account.6fb9577cf0004a2da2b2543c4abdab00,2302
2026-02-08T03:47:11Z,11985430,account.9842b63bcbee4357b8ff6d9aca06aba5,1977
2026-02-08T03:47:11Z,JEJU_CK,account.81cd7b99742d4729906580d2084268f3,2090
2026-02-08T03:47:11Z,Nest_Monica,account.e03aaeb5089b43a585c931d1eec2a9be,1867
2026-02-08T03:47:11Z,GGyaaa-,account.3949450d02b84375950fc730bdc98582,2908
2026-02-08T03:47:11Z,Luzr__,account.05f528988e604b44afe631107768e0be,1972
2026-02-08T03:47:11Z,z25478,account.d9246d816de540a7b128f7d07f28647b,1865
2026-02-08T03:47:11Z,WT_DoPinG,account.de8f928f0af24a5281c2fa42646bd414,1627
2026-02-08T03:47:11Z,Nike_M4,account.23ca52d8775d41ef91e14d1528966c42,2138
2026-02-08T03:47:11Z,DJ_TITANXP,account.82d65cf01d2142ca91aa2cd1eabee9dd,3220
2026-02-11T14:43:41Z,KD_PyoSeon,account.2d8614ab7b724ffb872ef808149378d9,1866
2026-02-11T14:43:41Z,CHOOSARANGZZANG,account.6b2c05da57f749f2be575198b50009f9,1882
2026-02-11T14:43:41Z,JM-KKK_ILER,account.4288d29893534456ba169693440ce8c8,1328
2026-02-11T14:43:41Z,JeoSeoMi,account.a351413a5e2f4291bc63366e0b8bfe6c,1714
2026-02-11T14:43:41Z,JS_ssbomg,account.6d36e4d0cf4a4a7d9a563dfc363cdc9b,2007
2026-02-11T14:43:41Z,kimab89-3,account.6b8a726f46a546b5af9722decc1e2b76,1757
2026-02-11T14:43:41Z,Ace_ro_Down,account.a61bfd519547433d9956b046925b4bad,2246
2026-02-11T14:43:41Z,dlxkehfldbwl_,account.55b70628e8e741fa9f6d47d45d51ba6e,1547
2026-02-11T14:43:41Z,INX_ROXY,account.ef73ea049a8241e2a62facc113a2c661,2128
2026-02-11T14:43:41Z,JS_jihoo,account.1324b35462b445709af238d155bad235,1950
2026-02-11T14:43:41Z,94_Yonggari,account.589b95bebda84374b8d1cc14ca984fb1,1949
2026-02-11T14:43:41Z,Aimmomless,account.dbf49923c81541bc808ed32552164e1f,1825
2026-02-11T14:43:41Z,DDUKBAEGI_CUT2,account.75c2d325fb8146dcafdbe2de85438af0,2057
2026-02-11T14:43:41Z,llllllIIlllIlll,account.48d4e5761ed3484e80e37526daf5d71f,1848
2026-02-11T14:43:41Z,H00CHU-,account.aa01c3d2e25c45f08fb12bd4a2a5f420,1854
2026-02-11T14:43:41Z,ChangJunNi,account.b0bc23a6088e445c84284712bd79e5a1,2200
2026-02-11T14:43:41Z,ScottMctominay,account.f6c1da075c4f46ae84fe859aba8473db,1507
2026-02-11T14:43:41Z,Cute_p1g,account.4d34035495f84ff9a8a7e4a293366390,1956
2026-02-11T14:43:41Z,T_Bnb-Samsung,account.db3d085a385e481e903c452483cd4cef,2019
2026-02-11T14:43:41Z,pigyeonjun,account.30dc614aadcb4e02a59f69f4d349c56a,1871
2026-02-11T14:43:41Z,suckmadic__,account.6038af2b77844725bf28b147ef81870c,1800
2026-02-11T14:43:41Z,94_CHOIJINWON,account.84ecb520a509433e9ad9f5f2f34492dd,1915
2026-02-11T14:43:41Z,94_HeeBum,account.aef27b0dc047475791a9894064e5aa9c,1867
2026-02-11T14:43:41Z,ddon_0x0,account.f7aed7f5c9934c9f8bd3e737dda61a3d,1602
2026-02-11T14:43:41Z,JSBD_Levi,account.cf19f289a41f49d58c722bda78d9b29e,2520
2026-02-11T14:43:41Z,asd1380913,account.078ae0100ab5486794acb6d5e0ea9f44,1702
2026-02-11T14:43:41Z,309009,account.07d92b993cbf480aad15f94821c7fc44,1839
2026-02-11T14:43:41Z,WG_Duckbae,account.41b26e46069b4991a30b07b52229c3d2,2131
2026-02-11T14:43:41Z,Kjunon,account.7eaad277ad9c46ba92a0e990ffc22580,1880
2026-02-11T14:43:41Z,KillDollar,account.d9a37bdbea6c45019fb0907dffdd215c,1910
2026-02-11T14:43:41Z,siyeon_04,account.e814a6cc4abc4d828d60439b30eb7917,1520
2026-02-11T14:43:41Z,PizzaBoss,account.398c58ceb45b4fb5bc881adb266d6797,2009
2026-02-11T14:43:41Z,hyeonjinhuk,account.ae3a2259e511415087cef656bc983d6e,1702
2026-02-11T14:43:41Z,S_an1,account.b25912f03ecd4c499d67df076dfe8021,1550
2026-02-11T14:43:41Z,711149,account.e485f4c8559a45748e1dd0d1bdc33ae8,1798
2026-02-11T14:43:41Z,codefish0622,account.6a60e4fbe1a843e89759f09d117ec93f,1735
2026-02-11T14:43:41Z,JS_piggy,account.fd018e920c7340abb6bf91dc869f7139,1792
2026-02-11T14:43:41Z,lIIllIlIIllIIll,account.e90a6ffb64084792b6bc680540929595,2231
2026-02-11T14:43:41Z,dduksom,account.5433f93d02e14b10bf470e5ef1392ccd,1800
2026-02-11T14:43:41Z,12-71000207,account.2c93525202434bcb9b1dc5ecbd1ddd18,1705
2026-02-11T14:43:41Z,yin9hye,account.42d738ded826426588505590e75f80cf,2050
2026-02-11T14:43:41Z,Myeongdonggood,account.92cdb5bb158e459fa8d78d4baa76aa7a,1911
2026-02-11T14:43:41Z,PilSa-JeukSaeng,account.3477ed3df1ef44ef93dea6c99459c581,1869
2026-02-11T14:43:41Z,MIN-02,account.3f67c2b650984b2f9bb6b51a39c8ded7,2105
2026-02-11T14:43:41Z,jg1541,account.36fd6588a58a47148e47f888e04625c1,1545
2026-02-11T14:43:41Z,sazasi,account.f78fd1b3114049b2b6c9478487c6db8e,1570
2026-02-11T14:43:41Z,CHANYE--,account.b5dd4a0eb02041db94cacc9520db0888,1971
2026-02-11T14:43:41Z,JEJUDAKJIP,account.81f84d2dadff4ad1b3436f0b95f32362,1103
2026-02-11T14:43:41Z,JSBD_Cleria,account.cacb2e3c5eaa4a9d98a9a8834ad184a3,1113
2026-02-11T14:12:47Z,Ssong_95,account.7b6f1280da374f1485a5785e6a0a47b1,1750
2026-02-11T14:12:47Z,Who-seak,account.5e60c45cd31c4a39ad2aaffd8a56e29a,1917
2026-02-11T14:12:47Z,rkdalsrbqkqh_MN,account.4025ca94e6724c6d8d432620dd27991c,1960
2026-02-11T14:12:47Z,STORM_JK,account.9b621377fb4d4852b9283c3685e54705,1749
2026-02-11T14:12:47Z,co-lder,account.129eb401d51246cab6fbfbb3b7ab7b88,1800
2026-02-11T14:12:47Z,cha_yeon_ho,account.ebbe482c81cc48f48dfb065755d3c2a6,1825
2026-02-11T14:12:47Z,date211030,account.7d4f291614da49338adaea7a37c53bb7,2112
2026-02-11T14:12:47Z,Smart_Fate,account.4d99862c85764b819b13dcaceb39a135,1801
2026-02-11T14:12:47Z,Ez_hooooon,account.19187e013df54fa3852aacbf9b4ffa03,1945
2026-02-11T14:12:47Z,SBD_Hoo,account.17192668b2e6474c8f5f04153ff55794,1768
2026-02-11T14:12:47Z,murumumung,account.f53ed7bb1ade479dbe89c8ad3553d001,1758
2026-02-11T14:12:47Z,FakerHW,account.a0ae0f3ac97b40e1a47b403a3095383e,1450
2026-02-11T14:12:47Z,cuntryman,account.5fcdf13f72e2406f86dc2e5428dd5894,1735
2026-02-11T14:12:47Z,WONSOJU_BANG,account.6f5e808665774f24909b79422bd80308,1648
2026-02-11T14:12:47Z,mingkyung,account.041e8b8c4243411381a263992c4ffa25,1952
2026-02-11T14:12:47Z,WG_HEESU,account.a3ea56fae00746f28658ec8e6c79eb62,2042
2026-02-11T14:12:47Z,Host_QPAIZM,account.e09b71bd3dc74c8c8ccb52cbe47a14c8,1868
2026-02-11T14:12:47Z,Ruuuun_-,account.2f7bfc1e5a1c48a9936cd910fac001a5,2271
2026-02-11T14:12:47Z,Goonus,account.b15f02de8729482e8ad0c4656081e149,2024
2026-02-11T14:12:47Z,Ybsss_,account.f35b503f1833416db4a62a6224fc9cf1,2234
2026-02-11T14:12:47Z,HND_Chaos,account.64e3a13518ba4a0d945926f7108ddafb,1825
2026-02-11T14:12:47Z,exeinthewxxxxds,account.78c9aaa508694a58b05b38a981ae489c,1660
2026-02-11T14:12:47Z,tom_08023,account.61b1b801b3b5451096d3260d33d28aaa,1740
2026-02-11T14:12:47Z,Yaru_MN,account.493e0a694d3c431183d2596de6745c77,1886
2026-02-11T14:12:47Z,W00H_-,account.3cf41298f1a846128954d975de55bf2b,1992
2026-02-11T14:12:47Z,MAC_HoooooN,account.3790a3d5d2c14d11b5343510d5ce9037,1950
2026-02-11T14:12:47Z,GGoMa_MN,account.4cecff1c2aec4fdca62c754db74fd06f,1709
2026-02-11T14:12:47Z,Nadaniel_MN,account.2208fc4a51e74fc1865a1935d9148dfd,1826
2026-02-11T14:12:47Z,2SL_Jabcho,account.c94f00bd1c3449bf9212c35ca0b4639e,1259
2026-02-11T14:12:47Z,2SL_SeoJun,account.4c6d6879af0247fa85296f4938f70da3,2022
2026-02-11T14:12:47Z,BENZ_G96Amg,account.2b6a2850e9024a1895346b5935bcdfd5,2039
2026-02-11T14:12:47Z,MAC_PoooooH,account.6e0ab6e0f1fe4a3491be2ad844006c5b,954
2026-02-11T14:12:47Z,steam_enho,account.ac277d6c717d4e8196cd3f033f4f52b1,1952
2026-02-11T14:12:47Z,NATI_EEEZEE,account.8aea97041fe546edbe0d9aa8ad06e4c4,2047
2026-02-11T14:12:47Z,MellMelll,account.0ae675d3a5df4ff28bad178fee8f7c6d,1924
2026-02-11T14:12:47Z,dsgjg,account.39d796b8b8024e24940cab8e468ee648,1813
2026-02-11T14:12:47Z,BLIT2,account.13d807f2f1064448b975886f0d325f79,1569
2026-02-11T14:12:47Z,dydwlr1030,account.941888151f354722acdb39866684db6a,1642
2026-02-11T14:12:47Z,Jennyworld,account.5ae9f82b0caf49ff879e262439cc6e4e,1951
2026-02-11T14:12:47Z,jamjiparty,account.904b77569fdc45019ba24bb93b9a3d95,1303
2026-02-11T14:12:47Z,NJZ_PLAYLIST,account.98334b2556c748949108497e48877c54,1900
2026-02-11T14:12:47Z,HaZiMa_Hack,account.6e663452492741c999cf8863bd5dded7,2160
2026-02-11T14:12:47Z,ppa_bbi,account.b7f56948b0da4d9390dd9ca0bcb0a124,1560
2026-02-11T14:12:47Z,DD_-XXD,account.ff0c0beb55b1413180cb738339f1d87c,1800
2026-02-11T14:12:47Z,hwi8967,account.ebaedcfb2dd04e999a21bc27012630cb,1837
2026-02-11T14:12:47Z,SSENSTAMMER-__-,account.dee7558c5f34460b8b372a9ada9987f3,2116
2026-02-11T14:12:47Z,Deli_boX,account.53579866b5724472a501068c2e1fdeba,1875
2026-02-11T14:12:47Z,Macallan_Joon,account.a79b1a5188ab43c88c45b529fff10f28,2008
2026-02-11T14:12:47Z,Crebmeat,account.444b36aea2ae499fbad421c3c2c2f759,1800
2026-02-11T14:12:47Z,satellite_hoon,account.fff7ef62285c44a9a2caba93507e65e2,1064
2026-02-11T13:02:37Z,heojiwoong24,account.99c5c5bc62dd49ddaa83e8eac1c310cb,1800
2026-02-11T13:02:37Z,OZZI-S2,account.fc958fb230f242478bcf5c9f53bf1ffe,2008
2026-02-11T13:02:37Z,Ghost_QWER,account.86a961ba83df402ab82f6d8a5de5e8e6,2261
2026-02-11T13:02:37Z,nomseok,account.abb1ba29aea946a384b6dfbfaf7dd2e1,1800
2026-02-11T13:02:37Z,AEAEAE--,account.cf738acd787642ad9fe1d968123f3923,2035
2026-02-11T13:02:37Z,VUAUV,account.b603fbbb05aa437fa90cf3cc54fe44b8,1835
2026-02-11T13:02:37Z,COLA5L,account.05b9504c81644ff6be08ca01718af1ac,1718
2026-02-11T13:02:37Z,dduck10000,account.d1a54adf9c684a779351a5016bc7f215,1865
2026-02-11T13:02:37Z,KFA_6,account.c5a48dcbeefc4820b86936d285d18413,2012
2026-02-11T13:02:37Z,Go_Rip_,account.1573d7040c4a4b749ad9a4c4d1f278cd,1804
2026-02-11T13:02:37Z,1995kobro,account.28fa62c0690f44608e1be4a01129e7a6,2274
2026-02-11T13:02:37Z,INI_RADO,account.a3eee257527945fa9280a1d7ccf92926,2195
2026-02-11T13:02:37Z,Domangchija_,account.c03ebdc4bd334299ac7ce9c69919be17,2046
2026-02-11T13:02:37Z,15978y,account.44123728b9044bb1a4122b8afdb3f3c5,1835
2026-02-11T13:02:37Z,DeadshotSSu,account.d016d7bc3158430d9529eea3a51e53d5,1980
2026-02-11T13:02:37Z,Hye_in__,account.4b904fb1740d4783a3e9a7d92496a927,2009
2026-02-11T13:02:37Z,hyunyummy_,account.892765453b984a7e8813913aae82b7eb,2059
2026-02-11T13:02:37Z,cherubim9,account.bcd672aa38cd4a38ae84f6bc5769b820,1940
2026-02-11T13:02:37Z,NORI-S2,account.8176bc0391404fd6a789983358724713,1917
2026-02-11T13:02:37Z,Ghost_Netflix,account.9502ce8d92a84f4da6adfedc2ced7757,1914
2026-02-11T13:02:37Z,Kshot-DOPAMIN,account.5fb6659f9cbc4bd2993fca6e4fbd39e2,1941
2026-02-11T13:02:37Z,Ghost_Bang-luck,account.642d60911a4a40dba3b0d70370cd071b,1418
2026-02-11T13:02:37Z,suqohh,account.acaa7744982440389d6603366017d103,1906
2026-02-11T13:02:37Z,XiaoTian_Gurney,account.de6eaaf1212942d1a90411a43c8b7609,707
2026-02-11T13:02:37Z,Chobo-RED,account.6da4e769897748949dff0e2176b7eef9,1681
2026-02-11T13:02:37Z,RALO-95,account.f2ee9db22b164d3597a1f3d3ae4a7c83,1996
2026-02-11T13:02:37Z,Topless89,account.61a33673c0fb45cca9b997815ebee246,1943
2026-02-11T13:02:37Z,B_ILLION,account.7de8c108e30f493db8878f22f5276338,1800
2026-02-11T13:02:37Z,rok_rokrokrokrok,account.138a3c6a6de848e4abf95366296a9b49,2083
2026-02-11T13:02:37Z,K-JY_0215,account.e47fa57762bd46dd8af556f1bb92df3f,2151
2026-02-11T13:02:37Z,SSEAL_JAKAL,account.e9d970fec83f455cb06585ca0a28a7c5,2002
2026-02-11T13:02:37Z,dolsotbibim9,account.bdf621d304844bc8841eb61ea5f05e85,2264
2026-02-11T13:02:37Z,tulip2,account.bcc1638dc2cc4a3892f047837d2f1295,1816
2026-02-11T13:02:37Z,GONZO_MOM_,account.72b09567dc704ea39721b719c00993f2,2132
2026-02-11T13:02:37Z,xxwjun,account.f983bcec4fab4fe28dcfb294012fd33b,2063
2026-02-11T13:02:37Z,ZERO_VITA,account.daaf548a96e844118730755cac86e143,0
2026-02-11T13:02:37Z,Mt_sacrifice,account.77b057026b554980adef8fc0c69b5496,2200
2026-02-11T13:02:37Z,thdgusdntlqkffha,account.b7e2581cbdd440dcaea73806fb7a5fb0,1806
2026-02-11T13:02:37Z,PFK_ANGEE-__-,account.7ac15db8beaf49ee870fc4e54d9d16ef,2031
2026-02-11T13:02:37Z,YUNBUGGY,account.0ec9f408b7f64a74a1b25e40e3ddccb6,1984
2026-02-11T13:02:37Z,dhkdtlqflJoker,account.edb1dd5e4677494e9c9daa5440564d04,1661
2026-02-11T13:02:37Z,hseoke_y,account.9511d6c797a0430d94441cb35aaf7461,1821
2026-02-11T13:02:37Z,navykim2421,account.d52af9b128df4297ba33b2e85cc26e5b,1564
2026-02-11T13:02:37Z,Chobo-Gold,account.7850cb5ca50346b1b87d141c593f1d89,1985
2026-02-11T13:02:37Z,kyibs_1995,account.29596d2d86ef4174936cc7ec8c52f4b2,2022
2026-02-11T13:02:37Z,KMZ_Myeongjun,account.39a0f31f25274fb59f026f4a775cca99,1968
2026-02-11T13:02:37Z,rmsgur2,account.87c7c5101c8b4d95a6eb847d0ac97d3b,1797
2026-02-11T13:02:37Z,BEBEBE-,account.927462f3f0a74324a228de0257b4ff77,1811
2026-02-11T13:02:37Z,GT_spongebob,account.fb13f671e50a4596a33c73bd1133e870,1782
2026-02-11T13:02:37Z,GGU_DDANG,account.7e88411c656c48cf8a5e91517ac58abd,1932
2026-02-11T13:02:37Z,GBEGBE--,account.80061d381ef44c74bc08e80fc3437c38,2018
2026-02-11T13:02:37Z,hajimasaem,account.c06389381175484db0a7ad1e602f8772,1895
2026-02-11T12:33:27Z,CB_-_Roxnar,account.fd1d8561423a4c31884701471f767202,1808
2026-02-11T12:33:27Z,ssoxx__,account.77870c70e73b414d937ee3896d2c5180,1961
2026-02-11T12:33:27Z,GD_HS,account.1e158b0444954cc2857790dec882db72,2200
2026-02-11T12:33:27Z,THUG-CLUB2,account.0fad841b2fb4405db1a7ae1844b60e83,1522
2026-02-11T12:33:27Z,syexnnie,account.92711ed574184cdc8c84ebda6d5efd30,0
2026-02-11T12:33:27Z,R_Cullinan,account.1a7f671d44934ef6ae5c0ed6348684f4,1930
2026-02-11T12:33:27Z,BananaAim_,account.4f4b0402df904d64b8c50f22a00af93b,1482
2026-02-11T12:33:27Z,PDR_Kiki,account.c61ae6981fdf480e8c3c7ce50828f071,1400
2026-02-11T12:33:27Z,Big-H-Seok,account.3cdb0434b45142b291527a13b15b63c8,2198
2026-02-11T12:33:27Z,D0xe-_,account.653eb0d4f51342a885a3001dc7bf8548,2080
2026-02-11T12:33:27Z,PDR_Rude,account.e3700addc72d447ea63abc02f5ad1895,2031
2026-02-11T12:33:27Z,PDR_Zin,account.b881f3546dab41999450e892b5e345c1,981
2026-02-11T12:33:27Z,jymo0313,account.1149cca543054278ba0108c3a9c13de1,1451
2026-02-11T12:33:27Z,PDR_Arki,account.15c6f227d6394d6da979159b725b3a34,1997
2026-02-11T12:33:27Z,THUG-CLUB1,account.a6a076e3fda94f1b988fcce6d7cb7e0f,1933
2026-02-11T12:33:27Z,Qo__oQ,account.db94aff47cdc47aa8ecc8e47983fbd5e,2022
2026-02-11T12:33:27Z,Big-S-Hee,account.48a2920de3b34c16aac57d704ed20624,1504
2026-02-11T12:33:27Z,alsgur685,account.cb70308bbf96491e990facdedbc3ad0c,2002
2026-02-11T12:33:27Z,Arongsattae,account.32ee19d3f0df44afb2f26246f618cad0,2350
2026-02-11T12:33:27Z,UDAEGALBEE,account.45922d2a838b452ca4f446ef8b1dd744,1915
2026-02-11T12:33:27Z,Master_Lr7r,account.b34abd4b98bd4d72b89b179f7c15bbf2,1847
2026-02-11T12:33:27Z,police2345,account.70163eb44b724730b8f74aeb20645cd1,1985
2026-02-11T12:33:27Z,Bottle-Groud,account.07ded27f6e1a4070b7e1be973e99c6db,1655
2026-02-11T12:33:27Z,MEGA_OSJ,account.2d6d872d1da144038824a4d7c7c3f6ab,1652
2026-02-11T12:33:27Z,chaya_dy,account.68aecb20eeb34ea3871d4c35be9fa477,2175
2026-02-11T12:33:27Z,lleeeunsung,account.447b710f75ca4d3188fedbc928ee7d14,2071
2026-02-11T12:33:27Z,pigba_Hot,account.06266aa29c4c46089197610a2676ef30,1975
2026-02-11T12:33:27Z,ggigggig,account.bcab146677e6414ab6ac4a6677190d95,1738
2026-02-11T12:33:27Z,MIR_Zipsa,account.8ab94aebb3ea4827b41fca9a1226e5d6,2010
2026-02-11T12:33:27Z,Big-D-Woo,account.cb571de8077142d58df6cfb5bdb1d118,1791
2026-02-11T12:33:27Z,byeongsinah,account.efca4b579e184bd9acd74284e551e495,1525
2026-02-11T12:33:27Z,165HZ-__-,account.3f5d61e9a7694efd9a746ad4f1bcba87,2075
2026-02-11T12:33:27Z,KIMTAEPANG,account.f853e2e37a8b49fd9c344acca806921e,1819
2026-02-11T12:33:27Z,jungbin-1ho,account.b9ad23bef11045d58d4399b559e35fe3,1897
2026-02-11T12:33:27Z,Seori_0__0,account.ee191f4a505e44c1b2f26dba0f9813f2,2118
2026-02-11T12:33:27Z,chicken_D-1,account.61620e328a304b7a8bdab3460cb47f7a,1918
2026-02-11T12:33:27Z,god6in,account.90509109f1074361b55818e642181454,1940
2026-02-11T12:33:27Z,seunghyunddong,account.e8c45da0051c46958c8d8c837b2d62cc,2056
2026-02-11T12:33:27Z,Ar_Blaze,account.8a2482692121467cb0dfe486aa52dc37,1980
2026-02-11T12:33:27Z,TpX_Dior,account.e8b2296de96949b8bce27d0f22ce081e,1835
2026-02-11T12:33:27Z,KONOYARO_U,account.a3a368cf6bf34fb2bd4e32c8204eb93d,1876
2026-02-11T12:33:27Z,Stitch_lover_O,account.8e8aa35bbb10409e86f13ede7728ac15,1800
2026-02-11T12:26:30Z,LOGOS9,account.0fd4b24790854f23bf0d972f20da3ccd,2234
2026-02-11T12:26:30Z,x_XOXXXXXX,account.0e16c4ef4cbf49b885ca6b8cb8f5daad,2046
2026-02-11T12:26:30Z,Jyaaa-_u,account.d2eaf05b1f9b4f37a7f0631501e6083d,2055
2026-02-11T12:26:30Z,TAC_Hokatory,account.53949e79fb454f82bff790c67de3059d,1927
2026-02-11T12:26:30Z,DAF_UJ,account.284cba0df99b47bfb0d26d94adeba972,2148
2026-02-11T12:26:30Z,Shin-Chan_Suji,account.c81fd8e4d4cd467eaba0cf6984f69dd4,1950
2026-02-11T12:26:30Z,brrr_zerocola,account.274c2da7a99e477c8f79be6c9ab37e3d,1878
2026-02-11T12:26:30Z,Oh_My_God_Jesus,account.fa53712938aa4645805cf52d11db87e1,1939
2026-02-11T12:26:30Z,CJ0902,account.d5a8b485edd343a79e8582b4aee897f5,1992
2026-02-11T12:26:30Z,u2qua,account.117acf4e316240a0a9b1b8bd1f515c65,1745
2026-02-11T12:26:30Z,c0ntinue,account.1360f35aa16c427a91851a509f3c1a69,1826
2026-02-11T12:26:30Z,HanNam_DDR,account.0f1da6e113844208abfdee3b56bec2fc,2168
2026-02-11T12:26:30Z,VRTX_AUGPLEASE,account.bfe4a51ab33143bf838a1857351b6da7,2107
2026-02-11T12:26:30Z,tkdkstk,account.361b31d12b7e457f89242ec6ea491730,1951
2026-02-11T12:26:30Z,Chu_0_0_,account.6423ed1bc2804dadbee04a5fe35598a2,1840
2026-02-11T12:26:30Z,GroovyONI-,account.7622c4090399439392abcfb2ed937557,2412
2026-02-11T12:26:30Z,LV4_Dopamine,account.717bcbae919a41f59ab79aed5b245a75,1915
2026-02-11T12:26:30Z,RIP_TiranoK,account.c0fe07247fc24777846e4f8bbf1c7537,2236
2026-02-11T12:26:30Z,nununanna123,account.b744c721551e4a60a9f7d8f7efbf77b8,1972
2026-02-11T12:26:30Z,sub_byung,account.5ebed3e476cf446fa66cc9faf2c990ed,1708
2026-02-11T12:26:30Z,ROKMC-363,account.cecdf6622ef448f697343f91caa9c493,2043
2026-02-11T12:26:30Z,Pexk-,account.488fd7830c3d4b77bcdbcd07f40f4c69,1832
2026-02-11T12:26:30Z,HC_SR,account.ce6d140ea60843bc9edccc895ab406ed,2232
2026-02-11T12:26:30Z,moonha42,account.33a7f7cea7c247ea8329141a6c8e0b5f,2166
2026-02-11T12:26:30Z,Pinocchio__-,account.68d101380a854790913c1a62e6142554,2104
2026-02-11T12:26:30Z,MMG_PODO,account.df8701da48d24a77892cef6ca90086df,1677
2026-02-11T12:26:30Z,SimoHayha2002,account.92cda2a74b8e4652861e297cfec8df88,1629
2026-02-11T12:26:30Z,INX_Vely,account.eedb126da56c4663a98146d91b838604,1718
2026-02-11T12:26:30Z,h8chu4ever__-,account.fa8ea6ce44ac42cb929d06ed568debd4,1656
2026-02-11T12:26:30Z,VRTX_STAUROLITE,account.78a84083f6e64f26952bd6b2d50101fa,1913
2026-02-11T12:26:30Z,RTZ_817,account.49988c88eacd457b8a536c2b31247ab4,1475
2026-02-11T12:26:30Z,L2in-,account.b9866cb44973423595aa911c5ddeeb6e,2054
2026-02-11T12:26:30Z,hs_vely,account.df954a33c8e54ed5bfb95cd07865b91e,1874
2026-02-11T12:26:30Z,kimzettt,account.fc4a4d9e6f5546ac81f89b7ce86e9bbf,2211
2026-02-11T12:26:30Z,Rigetti_MN,account.b2822393f9af456eb4dd9a73cd1b514d,1860
2026-02-11T12:26:30Z,s__jeonggggg,account.55944a608703435b9a57afe1953b7db0,1576
2026-02-11T12:26:30Z,M4_SA,account.e465dc8133f64a778756168b3953ed5a,1756
2026-02-11T12:26:30Z,andari,account.b56b420ce0b240f0bab7e81e4ebc6c3c,2311
2026-02-11T12:26:30Z,XGKK_RDDs,account.9e6c862bf46c4f0ba0cd4ce78db9280f,2250
2026-02-11T12:26:30Z,LastRambo_,account.88fd1d48230a47bca8db158e01eb4cd2,1518
2026-02-11T12:26:30Z,TWICE__-,account.5c7e61269c7644c8a71cc6be32874ffc,1704
2026-02-11T12:26:30Z,J__JOON,account.b95969ed2bd3471c822c28c5959b9a6e,1717
2026-02-11T12:26:30Z,Hakssi_MN,account.a07f9364916e4e10b491d31d30fa8e2b,2134
2026-02-11T12:26:30Z,50039kg,account.250d050052574644aa7eac58978e4fb0,1948
2026-02-11T12:26:30Z,DDP_KING,account.a078ccfa386e4743b6d3c90039f73e41,2132
2026-02-11T12:26:30Z,pilipon,account.a92b57b8d47d4df18cedc22f9750a863,1942
2026-02-11T12:26:30Z,wnstkddlTlqoffja,account.a20c4a0832d849be86c17f4005135eee,1471
2026-02-11T12:26:30Z,LV4_WING,account.089fef247b664ff18051294393be6bb0,1909
2026-02-11T11:55:37Z,ZzangGa18,account.91eefed712ac4c66865cb84b1868465b,2014
2026-02-11T11:55:37Z,FUN_JC,account.0913e376c24f40ad845d790ef97aa31a,2051
2026-02-11T11:55:37Z,BOBO__007,account.856a99f97d63463390a5adc279c93cea,1948
2026-02-11T11:55:37Z,MMMMNM_,account.f430f94b9abb420aa82e08285ee45bb6,1967
2026-02-11T11:55:37Z,ssk987654,account.de22a7dea7174c8297ee152ec7e3346b,1981
2026-02-11T11:55:37Z,JAEHWIPARAM,account.a2a0179d284f4d14bc628f29cecf5f26,1855
2026-02-11T11:55:37Z,XueXian_-3-,account.e4e244ceabea4665b1b41507af36572b,1847
2026-02-11T11:55:37Z,PHYS1C4L,account.d7eea18cfecb48889010a41399436c0f,1934
2026-02-11T11:55:37Z,taehum2,account.dd89d7d834e64502b6e4ecf811c131e3,1910
2026-02-11T11:55:37Z,DNA_ggochooggaro,account.6aef5dc12f3f4661b50ce4d697b055ac,2045
2026-02-11T11:55:37Z,iamhoooon,account.866395fe207e4cbab9c52a1b01b6bc29,2054
2026-02-11T11:55:37Z,wefancybj,account.f10bf835191e40f5a5ea1cb65c1a2bb2,2216
2026-02-11T11:55:37Z,cogucogu,account.d662a5686df342eeb3ca952ec6d1498c,1915
2026-02-11T11:55:37Z,FUN_SH,account.f742801981ff4f79a3ca26e0da0cc4f0,1500
2026-02-11T11:55:37Z,bboo3o,account.300fad7ce6ba4787a13ee025907286cf,1835
2026-02-11T11:55:37Z,JuHyeon_4U,account.313e51cbeb2848d08ccbb1c35c5e73b0,1936
2026-02-11T11:55:37Z,Uzinun,account.4e21465074204d95b8ee553f044a1a87,1780
2026-02-11T11:55:37Z,SWP_sw04,account.6b3986eec0484e078a0a0c204924078d,2200
2026-02-11T11:55:37Z,FUN_sin,account.05711cbde91e49b88ba3b988a26478de,1875
2026-02-11T11:55:37Z,jinjogoh,account.b3e1424bd2e64e9494461cf9356afe74,1987
2026-02-11T11:55:37Z,TETO_AlphaMale,account.80b0c1af9823488ba8b45c1c9e386170,1987
2026-02-11T11:55:37Z,kr_codnrqudtls,account.62983c3931354b97bfd10cc0d48c83a0,1812
2026-02-11T11:55:37Z,wpqkfwhady2,account.c4d7569144574ebe80d554ab0b983c73,1860
2026-02-11T11:55:37Z,01091225650,account.5f7d9161a09347ce9bca97baedf19dfd,2042
2026-02-11T11:55:37Z,lYxxxxJxxl,account.c62cb44887b8429f976c69f227b48422,1970
2026-02-11T11:55:37Z,BamBi_Dk96,account.6b069bccb9054b62887acf45ee7c508e,2211
2026-02-11T11:55:37Z,Jaeil_06,account.d8615793916746c1814c2f49d72b63c3,1832
2026-02-11T11:55:37Z,navii2,account.92c39e8066164c6785c50724ba48d77d,1892
2026-02-11T11:55:37Z,JxxxSxxxUx,account.c2d1243774b94bc19a3fc3892fbba78b,1568
2026-02-11T11:55:37Z,IIIITcTIIII,account.9ae9104b3c2444db91759d57954ef958,1880
2026-02-11T11:55:37Z,Secret_aXe,account.e4d21003412b4370a37a47ea45d86bbf,2141
2026-02-11T11:55:37Z,HWIDDORI,account.5788e19e0441467288497346b9dffe68,2099
2026-02-11T11:55:37Z,OcO_77r77r,account.752a9f8cff2546af925a622ed0540a32,1782
2026-02-11T11:55:37Z,JustbornLucky,account.2adcd32645e7447496221d3c58055e91,1894
2026-02-11T11:55:37Z,5saL_-_-,account.9ae940f8c4944e178c3a8da6ecfe39f3,1687
2026-02-11T11:55:37Z,FUN_light,account.8d60663f1a214d0ab7b45b63d9244576,2151
2026-02-11T11:55:37Z,5saL_Hurry_Up,account.8c0a17b3e3234355aded347691d409a4,1844
2026-02-11T11:55:37Z,yoonbo86,account.adb6d91cf6af4ccfb5faa611d74ff8ac,1690
2026-02-11T11:55:37Z,chohayoung--,account.959d8e9c3da548458a9bb71fe019f76b,2033
2026-02-11T11:55:37Z,Just_Bobby,account.c510c365229a4807ae5d58e3def8ab34,2049
2026-02-11T11:55:37Z,Goseong-,account.d7c05b68a20148bc99f38e20df9684c4,2028
2026-02-11T11:25:54Z,BSB_Zeus,account.472daddd1b7c4f3d8571a337e4bd0281,1667
2026-02-11T11:25:54Z,gun_1125,account.7512a2a867cc49cdbaa1bcee49cafd49,1988
2026-02-11T11:25:54Z,NoJamzz,account.bff1b2963d5b4248b128771e56c51b13,2123
2026-02-11T11:25:54Z,BTJ_JJupJJup,account.6bbd312b0eb94efc8ebe8d3db5bdbdd0,1628
2026-02-11T11:25:54Z,WIN_BOPE,account.481201c74f50445b9af9cddcb54896fe,1802
2026-02-11T11:25:54Z,dpwns7837,account.6da2233edf644926be1d7fb289c0e923,2071
2026-02-11T11:25:54Z,KOR_DEL_Lee,account.a8e6d209ddd1412bae0447af267a23ad,1872
2026-02-11T11:25:54Z,DIC_JoJo,account.9cf7edad23bc4502bfa14f9d9d658111,2034
2026-02-11T11:25:54Z,M41A_MASTER,account.c7dadb3edb7e4adb8815c9546429df73,1861
2026-02-11T11:25:54Z,taejin1987,account.7095eda029ce49acb7f7dc0f3bfee36f,1905
2026-02-11T11:25:54Z,DW_JOOPRO,account.1ee67428d8b44685a8d5406e2a066255,1844
2026-02-11T11:25:54Z,7lYOMl,account.9d766065b8da4fee91e11fdc0e52b34f,1893
2026-02-11T11:25:54Z,BSB_BSBBSB,account.8675a8232fbb4df2a75627d7420be393,2027
2026-02-11T11:25:54Z,DDS_T,account.3577f777e3eb460e8a93b7fdc125ec84,1905
2026-02-11T11:25:54Z,Jugle_Land,account.fda60c0a9edf4cc6ba0126830ffed7c2,2397
2026-02-11T11:25:54Z,ade32,account.1d0fde4ac4184e768befb112d349e920,2024
2026-02-11T11:25:54Z,jangsukyong12,account.e67b6ac60ab64aae8b6161874b908cdb,2060
2026-02-11T11:25:54Z,story829,account.a98caa89343842b6a60893ae8cd96d25,1620
2026-02-11T11:25:54Z,ksi820824,account.42c8f6f49d7b48e5bff766aac364b25d,1841
2026-02-11T11:25:54Z,ZNVYE,account.1284e6b636ee45659fc8a6efaac43c68,1400
2026-02-11T11:25:54Z,BigglasesH,account.8e4a8b3c8fe14a83b1b6c314438da1af,1544
2026-02-11T11:25:54Z,DIC_HYOHYO,account.c02765b332fc4cbdbcc27d41e219c10a,1963
2026-02-11T11:25:54Z,on-it-voss,account.fcc0182c86004fa495e0b3743f123ca8,1935
2026-02-11T11:25:54Z,ksj_8698,account.80e9d47b62434332abf5827c80c7523b,1883
2026-02-11T11:25:54Z,ChanMo_S,account.3a8e40319b624410a7751fadab8310bb,1698
2026-02-11T11:25:54Z,MEV_NANAPAPA,account.702b195f829c41fd8dd4a39d88c46c33,1707
2026-02-11T11:25:54Z,5hyun-mok,account.b1905e7dcf744cd6b7b98e0dc4db7b5c,1873
2026-02-11T11:25:54Z,Dijil_Land,account.93bd1f1747b848bb8b49c4e4cebb3666,2133
2026-02-11T11:25:54Z,BTJ_GGulGGuk,account.20fdfc0846c64587869561e6544eea35,1923
2026-02-11T11:25:54Z,kimdongeun0,account.e3ba367ec37b42e69b8800af4053178d,897
2026-02-11T11:25:54Z,EzazingE,account.871c35335fce4c519703865255019d85,1878
2026-02-11T11:25:54Z,Hisakiy,account.62598536ecb84624a8ff5ae566db021a,1800
2026-02-11T11:25:54Z,HyunSub_,account.b5e1862fa48a47a5a72c5c53537daf57,1560
2026-02-11T11:25:54Z,Food_Mulhoe,account.d5cf27a97a754da7b498a3168afde2fc,1772
2026-02-11T11:25:54Z,wmfrpafjzz,account.aa6c8898542a479b91bc2463fef4147f,1670
2026-02-11T11:25:54Z,soldiertype_,account.73cab0ee8a0a4195b0c0a00b350da79c,1716
2026-02-11T11:25:54Z,BSB_AMONDZZANG,account.f4729b27b97949c19546e19bd1ae1efb,1801
2026-02-11T11:25:54Z,dkdodm,account.3626ec11b870455b9d86570eae4baa49,1801
2026-02-11T11:14:04Z,kdzero_TK,account.1c9cf6c63f7b46479c50b6ca23f06891,1589
2026-02-11T11:14:04Z,rnjsrudxor,account.82fe3d190c324da48abb6c2d7ceb1b97,1407
2026-02-11T11:14:04Z,nuyhxs,account.5f1cbfd87c8e4303b36c7493396f5ec3,1862
2026-02-11T11:14:04Z,KMARK-1,account.38fa5ec9fa5e4551af60bd92f1c814bb,1951
2026-02-11T11:14:04Z,Jemzil456,account.a0b8d7be9478471ab2dd7b66c82c9f6f,1800
2026-02-11T11:14:04Z,TATA-PA,account.1d46ee78e8004074b027adef45222c38,1919
2026-02-11T11:14:04Z,TEMPO_93,account.717f3f8cc2ed427f912d5fd0c736d0a6,1647
2026-02-11T11:14:04Z,Maganda_hunter,account.302ced497d174dee9ae08b4a1138c212,1924
2026-02-11T11:14:04Z,MONGGLE_HS,account.e0d1b12577714f1c95601f13d21d328c,1874
2026-02-11T11:14:04Z,H1ghrGG,account.49363354da6c48ce87c0e702d189ba5e,1848
2026-02-11T11:14:04Z,Jaeil_Doogie,account.1090c82a3dba42beb4fa3d3f8a414fc4,1862
2026-02-11T11:14:04Z,wjavld,account.cf5c7fe6730342ab8b03ec11d6abbdf2,2147
2026-02-11T11:14:04Z,dfk1513,account.34dcce7c665a4cd2917f8fed529a4d46,1723
2026-02-11T11:14:04Z,OPPA666,account.f958e9291eb04e9fa90423e8f0b574e2,1603
2026-02-11T11:14:04Z,Iloveseexsomuch,account.bf02715bda3b4a939b3ba973b3918a9d,1911
2026-02-11T11:14:04Z,HYO_PRO,account.217b98a449f247f2937dfbf15050586c,1543
2026-02-11T11:14:04Z,SPDR_SPY,account.3c86f5cc1e204146b3356ecbd5af8a59,1773
2026-02-11T11:14:04Z,dyddnrdl,account.98e529b22b83451c91c9340c2eadaaa1,1966
2026-02-11T11:14:04Z,tkrhandcl,account.a09e2b9f814b4e91b58ba67062fe4b91,2029
2026-02-11T11:14:04Z,WASD_CZCZ,account.452a5512535443fb927a549c2f94ab75,1965
2026-02-11T11:14:04Z,MA-2-JJU,account.5e3545af9c19441d9156e7dac3fdabab,2178
2026-02-11T11:14:04Z,NICESHIP,account.c95132b7a7aa417888523c775829c3ae,1892
2026-02-11T11:14:04Z,ksivp8,account.fc7567a08b9c4f9da2898836c21449d5,1884
2026-02-11T11:14:04Z,AustinFurniture,account.e4d6d41ca37d487594201861a029bceb,2001
2026-02-11T11:14:04Z,Espresso_B,account.f8f7b82de24a44108a2481d7232247d1,1855
2026-02-11T11:14:04Z,SSALMEOK_,account.850372d5614f4d0483b0a718f0fe5f5b,1948
2026-02-11T11:14:04Z,sang-_-genius,account.2d26044cd31d4527aed0d2a7257db8db,2092
2026-02-11T11:14:04Z,70bunhyul,account.c714f045eca44daaa6cda2d5779a6d90,1800
2026-02-11T11:14:04Z,getyou18,account.bd53280684dd42f1b4d9cbe977c4c139,2283
2026-02-11T11:14:04Z,ming_key_,account.cddffbcc6725469e808f652a1e7c24ab,1831
2026-02-11T11:14:04Z,BMW_XM_Label,account.472e5d4410584ce380da90239d2077af,1829
2026-02-11T11:14:04Z,bomber0,account.02d518bce9154b978faf123c7857ad83,1924
2026-02-11T11:14:04Z,Merze,account.78b2db4291774a6c834c637ce8f97cf3,1666
2026-02-11T11:14:04Z,HwanEE1,account.4f094064c7684a04996467aed27c8743,1824
2026-02-11T11:14:04Z,TRG_LOZ,account.0a8260792e8b43c19f34076d4d6c37ab,1957
2026-02-11T11:14:04Z,YGirl,account.1366d3df0cd94411b57770ff0170f7b2,1872
2026-02-11T11:14:04Z,monkeydick12,account.e6959849e6664c3797ef8f04b47bb42d,1800
2026-02-11T11:14:04Z,CB_-_bbb,account.d35dd4e9948344859f4a34d2cb4631c4,0
2026-02-11T11:14:04Z,SeungAni_,account.99a528745c744d8a8d836a4d24b314b9,1860
2026-02-11T11:14:04Z,tmdxls,account.d0fff877997d40c5b79c4f6d069b8830,1746
2026-02-11T08:52:36Z,qegfrgd,account.8f9c856ecff54b05b914e35d2d337cef,2609
2026-02-11T08:52:36Z,xxx69_,account.f39c0e9e67ee4c5b9c1b54fa9649ae2b,2241
2026-02-11T08:52:36Z,window10thousand,account.94419ee24a1049b9a4220e5224c79ee2,2872
2026-02-11T08:52:36Z,M762pearL_-,account.eb176a812ca34768b9a3a8252bb9cb2b,2200
2026-02-11T08:52:36Z,WT_BakSal,account.b1441da2704e4241978c531182c62f66,1927
2026-02-11T08:52:36Z,ddalba_Tap,account.83c63c3c4da94a9d8bf74dbfe38032a1,1866
2026-02-11T08:52:36Z,sooot3,account.ba334a9abd0c411fa1dce2cdb6893824,1909
2026-02-11T08:52:36Z,KOR_LOUISIAN,account.8ff800c40ce649f18f29050efb9db85a,2148
2026-02-11T08:52:36Z,GGanBu_CEO,account.6410009333d6429b8c03cee538cca9c7,2015
2026-02-11T08:52:36Z,tw1ce_dahyuns,account.1279f9e101264eb3a4be949687f55922,2264
2026-02-11T08:52:36Z,WT_33,account.52e0786df16049838d83a308b1598031,2061
2026-02-11T08:52:36Z,godgodwogus,account.0b70d17e62554095a7e9b932a69140b9,2200
2026-02-11T08:52:36Z,WT_VULture,account.d82f0e2ee19f416a9f31f3086f143a7b,2414
2026-02-11T08:52:36Z,X_men-_-,account.250b313e0b5d439bbf636883e11ab4fc,2053
2026-02-11T08:52:36Z,maaaaaae_rong,account.3ea55963d82347dd80993582dfafff70,2095
2026-02-11T08:46:19Z,Fuxk_Hawk,account.63a0ff281e9f4ac98042ed030e0a3a31,2022
2026-02-11T08:46:19Z,wocjs1004,account.21cd3d92636d410685915884aae1c0e7,1867
2026-02-11T08:46:19Z,KJYF,account.ff0a9217182548a6a1758043de425cb5,1630
2026-02-11T08:46:19Z,CQC_Roha,account.637f6ad787de40cf807fda267e5aa09a,2200
2026-02-11T08:46:19Z,kshyunn,account.c497af91a22542c09d7c853da52d0874,2002
2026-02-11T08:46:19Z,2cn_dbsdud,account.7ff607e568a94ecc890f64f63bcd809d,2880
2026-02-11T08:46:19Z,2CN_CarPlayer,account.c60e101e432b420ba159fdde04f80800,2362
2026-02-11T08:46:19Z,Y_Jun_o,account.44a86657ec534d7f8da440b109a132dc,2453
2026-02-11T08:46:19Z,XXXXXXXXXXXXebec,account.3552a0958cab462e94a8d64eeb99016c,1313
2026-02-11T08:46:19Z,MONMAL_R,account.f44b03bc19cf487abe6e6b9d10629fea,2755
2026-02-11T08:46:19Z,Ha_JaeHyung,account.1880b321bb5f444bb4388891fb1ecd85,2301
2026-02-11T08:46:19Z,thanks24,account.fb1b92c877b94f9588f3966ddb03b348,1961
2026-02-11T08:46:19Z,jinsky112,account.58ee60572c714241ad300b2dae37bc78,1888
2026-02-11T08:37:42Z,Alphaca_-,account.1be439bf022945d9a74c83baed6ac49e,2194
2026-02-11T08:37:42Z,hx_xxxxxxxxxxx,account.84aa666db4264479aaa79be95672e8f3,1720
2026-02-11T08:37:42Z,cornch1p,account.9d480aef257f4acc9c55e169cab3e6c4,2372
2026-02-11T08:37:42Z,Aug_Elite,account.d3e6b0a3051e4ef192004babad2f535f,2414
2026-02-11T08:37:42Z,L_OREAL10042,account.f083fbb08afc458d8c2556edf898eeaf,1938
2026-02-11T08:37:42Z,hyeck0508,account.5b0647f412844731b9f732e501ac2d61,2200
2026-02-11T08:37:42Z,NoJeSu,account.5c16b8363987471ea4fb83449d99a9e3,2013
2026-02-11T08:37:42Z,HolyMolyWTF,account.fa99f4b6ce8e4030889b14c522a9c1bd,2307
2026-02-11T08:37:42Z,Swap-_,account.dd6d6626f93444d383ac143ccadba25c,1805
2026-02-11T08:37:42Z,WG_joonhee,account.3bb72322c0c44101aa7258a03c5d49cd,2128
2026-02-11T08:37:42Z,Girl-_-,account.f6b931f2c3b74361bb01671076f5b34f,2038
2026-02-11T08:05:13Z,WGC_Mozi,account.5361f3291b694132b480a0d7712c2660,2361
2026-02-11T08:05:13Z,JINTONICCC,account.f85fdd3e156a41f495f8caa97eebc2f6,2106
2026-02-11T08:05:13Z,WG_JoeE,account.8f93b1b3a388431bb26d6a44aa00db79,0
2026-02-11T08:05:13Z,WGC_Jung2,account.8a158a5c72eb4724bc04af95cffd53e6,2581
2026-02-11T08:05:13Z,dog_killer99,account.d4c4e969fc444b798325926c31d1ed59,1616
2026-02-11T08:05:13Z,Chu_-SingMiyeok,account.8ef8fb0d20914025b6c264f78387799f,1835
2026-02-11T08:05:13Z,BGP_TAek2,account.2b171b064c8943a4823197aecfaee755,3029
2026-02-11T08:05:13Z,M00NXXI,account.653380870e764de586c7ae33b736fe17,2037
2026-02-11T08:05:13Z,Nu_Drug,account.956c3413eda244618a5ec06f81fea47f,2818
2026-02-11T08:05:13Z,NinjaR2,account.e8ed6ef40eaa48cea2872cb25694ed03,2095
2026-02-11T08:05:13Z,Seize_the_day-,account.9724b105da3c4b8bbe88644393ba6614,2684
2026-02-11T08:05:13Z,YS_GwonOh,account.34a36748bc834be5828e7554f1ddcd30,2461
2026-02-11T08:05:13Z,Ancha-,account.cd8b8dc72f944daa8ece0229f4036d84,1919
2026-02-11T07:53:21Z,WUWU_YA,account.f3c578c9f09a4555bcfdc3086fafbed8,1800
2026-02-11T07:53:21Z,GUN_JAEHUN,account.643c59a8cc8c4dc9829d3e3c82476cab,1975
2026-02-11T07:53:21Z,Nag-Nag,account.be547e1a87c34abc83c7ac8044c6e9a5,1807
2026-02-11T07:53:21Z,Busan_Soju,account.1a50e96f6c2241828a68e9f770bf6f35,2056
2026-02-11T07:53:21Z,siballol,account.fb6b82691e3e4dc698b70328adbec044,1925
2026-02-11T07:53:21Z,rxndezvous,account.edc9a23d243f414cbe265e3dad9688f0,291
2026-02-11T07:53:21Z,GUN_KAII,account.87a623b398f1473894d0f34c35996061,1258
2026-02-11T07:53:21Z,hyerimvv,account.06d9b7c3f5ed4bb4aa61d4a338e33472,1814
2026-02-11T07:53:21Z,Dope_rich_y,account.bdf61c5087cc446692669f26ba091f25,1782
2026-02-11T07:53:21Z,o_o_ggg,account.193cdf41ce7347cea1ae0f0229a9c193,1825
2026-02-11T07:53:21Z,qwer6489,account.af3ad9dccb1242daaa790e71eca3e7f7,1110
2026-02-11T07:53:21Z,o_-p_q-_o,account.84036d679fd54e5ab19e43b143e8c2be,2078
2026-02-11T07:53:21Z,Coffee_Everyday,account.0ffb96a609e041a49d5724c9c0754a21,1531
2026-02-11T07:53:21Z,KR_070,account.742f8809dd7942c3b60e50de2b1bfde7,2200
2026-02-11T07:53:21Z,kue-dragon,account.24b7f365ec3845c7990f0e58ee1a2e0a,1689
2026-02-11T07:53:21Z,naneunjino,account.9e7a9c0e195a4970aca335faa7c443b8,1441
2026-02-11T07:53:21Z,balin_e2,account.d2e665065cce4a3c8e8e4786996381ad,924
2026-02-11T07:53:21Z,hyunwooiii,account.c4fec90dab674f05a016c6f6419b7559,1800
2026-02-11T07:53:21Z,Os_Dozing-,account.fce67143eaa94ea89263b8542ffc37b1,1648
2026-02-11T07:53:21Z,aaaaaaa1285,account.522c83dfb5974c32a6a305e53ba9cda6,1800
2026-02-11T07:53:21Z,MUCK_GO,account.8cd714ff18ca4075ac3f5abd1d6c632f,2063
2026-02-11T07:53:21Z,DDDD-go,account.0349f12c3102461b8b90fb69e967450a,1837
2026-02-11T07:53:21Z,smrmaak1116,account.5c3386c1527247cc97b652fa26177d62,1326
2026-02-11T07:53:21Z,MGT_XvX,account.6eda17f97485485fa32807a85d013b98,1837
2026-02-11T07:53:21Z,ARR_DESIGN,account.a3ffc61e5b824b2393276d97ffffa598,1597
2026-02-11T07:53:21Z,Ry002200,account.9903efce57964214b9b056f0122ab461,1835
2026-02-11T07:53:21Z,JIYOON_INJAE,account.296ec8bc649e4c5e9ab4662fd2521ecd,2050
2026-02-11T07:53:21Z,wjddnd01,account.98b300fa9053493f96e632d74116734b,2034
2026-02-11T07:53:21Z,kpopcorn,account.435c7d11fb1d423eb5e924595be82e39,1233
2026-02-11T07:53:21Z,aktmxjrkqslek_00,account.5d6a9de2100d40e180e3c06c0d198397,1339
2026-02-11T07:53:21Z,cexyoon_02,account.9fc30bc16147458e853548944d9d12cb,365
2026-02-11T07:53:21Z,wkddbeowkd,account.f28f8fa186e74078ab3e5adfc573caab,896
2026-02-11T07:53:21Z,BU_GO,account.7788ff91561145b2985a937e894aeed6,1814
2026-02-11T07:53:21Z,KSV_Faker,account.715cf7d80e744aaf95c94622e2d65c14,0
2026-02-11T07:53:21Z,s_oez,account.56988e43958d4f8f970ac3da5e0dcd6e,910
2026-02-11T07:53:21Z,JBMHJY,account.97bf9a69dccb419eb084a81f82f2a4fd,1617
2026-02-11T07:48:20Z,WINTER_BLOOM,account.6a9cbc0898e6466d872392c1a3ea2b5b,1863
2026-02-11T07:48:20Z,CS_Mozzi,account.bf3b0e3f01dc4ba3a32d03b9e1572b20,2204
2026-02-11T07:48:20Z,liliiilliillllii,account.36f077344a514b5ebacd94305f0cf5d5,1724
2026-02-11T07:48:20Z,Zunian-jun,account.b9f98183f57c43559b6999ea954d2ed6,1993
2026-02-11T07:48:20Z,glgdae,account.478150e635674f6b8a9e073f3da93f7f,1878
2026-02-11T07:48:20Z,GBC_Pig98,account.b944ae5de56e41f0a16f82f01a0c9cf1,173
2026-02-11T07:48:20Z,namkung_2,account.ed40e4c580194c38934041dd30d175df,0
2026-02-11T07:48:20Z,GBC_MaMa,account.ba11ee1b95654db0bb3a6a04dbbaf69c,350
2026-02-11T07:48:20Z,WHAEYO,account.7170e93934474e13a7bfad3b584729b8,2071
2026-02-11T07:48:20Z,GBC_9tier,account.4984def2cc3743e5b2876b93f720a170,783
2026-02-11T07:48:20Z,NuDuDadDadHae,account.1124a57fe7854ae6a39443604665acf8,1576
2026-02-11T07:48:20Z,Erika_Dubu,account.0cf2a42bf058473e98519343a7ddcdc4,1899
2026-02-11T07:48:20Z,DTT_lillliiilili,account.c7b3fe5992d542c7a29e40575f9903d8,1987
2026-02-11T07:48:20Z,RooRangdan,account.78dca46f284d47c187093b9f6394a9e8,0
2026-02-11T07:48:20Z,Last-out,account.9d474520350c4e52b2e84e5626626169,1837
2026-02-11T07:48:20Z,geunwoo-_-,account.c3cc028f4bf7402fbb1e947c5269b7c1,2365
2026-02-11T07:48:20Z,leejw051613,account.ee3f8eae13504c1981aedc7eadc1f59a,1902
2026-02-11T07:48:20Z,yoy1renc,account.8f16965b3b934fbca78cb88ccdbf56fb,0
2026-02-11T07:48:20Z,moogend,account.5cc4719a0e864965932f1b7de5449b4c,2076
2026-02-11T07:48:20Z,HongBanJeom-,account.af64ff1a0f1640eda8a2de063ce39d96,1997
2026-02-11T07:48:20Z,9PM_dong,account.53cd1e52068242648ddd4aad38ceda15,1373
2026-02-11T07:48:20Z,jjongmo12,account.db6f9573491e444abf16212c77dcf94d,1893
2026-02-11T07:48:20Z,bon456,account.1794463681c14a70b8e520dc34014ac4,1416
2026-02-11T07:48:20Z,Bonggu_SL,account.2b1f15a821354ba7924e330f3f8804db,1683
2026-02-11T07:48:20Z,IceBlackWater,account.f150da02b66846018040f1cf7ae3f01e,1891
2026-02-11T07:48:20Z,C-TaeKyung,account.1781d3188f6740ae91379dd6fb98ec49,1619
2026-02-11T07:48:20Z,Mild_Seven97,account.25a1d398f1e3421782c7d746f511573e,1987
2026-02-11T07:48:20Z,HogyeJugong,account.763dba3d04ec4da4b1e4afb88c8d4b45,1712
2026-02-11T07:48:20Z,goorayagooraya,account.f63522cf96c142a385814be24e69143d,0
2026-02-11T07:48:20Z,dec_12_07,account.30fbe74a95d14d998266fe6139118a43,1128
2026-02-11T07:48:20Z,potato1234566,account.a80e6af31e8f445ab863e4eff84375f6,1805
2026-02-11T07:48:20Z,BMW_77,account.8c0e49bece9249eb8d92fe31400f3b8d,1729
2026-02-11T07:29:56Z,see1_see,account.e52bd441ab99448196daca45aa99d991,1694
2026-02-11T07:29:56Z,2002X666,account.3d71c89545714386ac6b3fab0ae0a47c,1661
2026-02-11T07:29:56Z,Tp_mooNgye,account.4cc846ddb7914257b14d88efa6d837c8,1400
2026-02-11T07:29:56Z,999X666,account.aa312f79fb784ff5a930b6bfd2a40366,2014
2026-02-11T07:29:56Z,aLTX_X,account.b3af102187914fc197e6ad069a0285fa,873
2026-02-11T07:29:56Z,P5_GGAKDDUGI,account.b1651df36c524118ab2d31465ac4101f,1453
2026-02-11T07:29:56Z,dlejrgus__,account.341c8361a652418aa7a825cfae286a30,1749
2026-02-11T07:29:56Z,kkk1027_,account.c204d5b6a95d4a769cafaf773ca16db5,0
2026-02-11T07:29:56Z,thuglifeX666,account.24035dadbb3b4c178ba538559d6a06b3,1712
2026-02-11T07:29:56Z,tjsrb9502,account.9665f57bd0d34a26b32cda54d8f73309,1679
2026-02-11T07:29:56Z,showmin98,account.a6f20a9c64c9492ea6aedb3522ff042b,1899
2026-02-11T07:29:56Z,Vite500,account.382060b427b141deb51c89cbc039b2ba,1868
2026-02-11T07:29:56Z,sAn_YamYam,account.993582b395de47c595548aa5d867185a,2101
2026-02-11T07:29:56Z,hony_12-0,account.013f76c13a004a379e6e4eb30ecbb1f8,1647
2026-02-11T07:29:56Z,z1zonwon,account.b1eaaaf8993e4e8194239bc91e191ca7,2251
2026-02-11T07:29:56Z,AGT_BIBIGO,account.819f707de6334fa9b78a7d4561c3601d,1532
2026-02-11T07:29:56Z,dltmddn1120,account.8768816a9b444f6ab5aea2420562c719,0
2026-02-11T07:29:56Z,pd52,account.2e9fca6e86504b8099f1f1b2633011ea,1321
2026-02-11T07:29:56Z,2FLEET-UDTSEAL,account.fc1723c01a2b416e9c1a13bb7156f8c0,1442
2026-02-11T07:29:56Z,Ll-OF_Hyuk2_s2,account.1a9b9b2c644d4c79951500ce0f33816c,2019
2026-02-11T07:29:56Z,DOGMEATS,account.00dea8afb363466ea029d620712f3a00,2002
2026-02-11T07:29:56Z,WHO_MenTal,account.e04974a0fb9e4d1caf2ae43b9325fda4,1566
2026-02-11T07:29:56Z,seungwm,account.8701b79f201648b18575d1b63a58ee03,1584
2026-02-11T07:29:56Z,juliet3321,account.9115163ce37340ae999a857c0993baa8,1688
2026-02-11T07:29:56Z,Q-260101257,account.2f589f546195470faea1e60743110335,1595
2026-02-11T07:29:56Z,SJN_Rani,account.81ea80901edd4f3b9e35814def05f28f,1836
2026-02-11T07:18:12Z,NanLunaNan,account.58a8db9c1e1c4029a9576436c0316791,1753
2026-02-11T07:18:12Z,silver33333_,account.847a548ed8474d27a7bb0df0d49b4e28,1994
2026-02-11T07:18:12Z,taktoksss,account.d5ec2d67fba44587950a7cb9cbb5b896,1935
2026-02-11T07:18:12Z,Giken-__-,account.c3b04a8db2ab4dbd91dabb7b47416e01,1515
2026-02-11T07:18:12Z,GangMin-_-,account.baf69714ae544373a7e49e1dfa4f12b3,1596
2026-02-11T07:18:12Z,SEXYJU_69,account.cc9f9b5443dc438a906022b308e3a88e,2026
2026-02-11T07:18:12Z,rlawhdgns2890,account.1f8e11e0fd0e4c78be9d44dc416a6f41,1658
2026-02-11T07:18:12Z,jaji__king1,account.e114b8e19fb0426da87189b2a55f9791,1742
2026-02-11T07:18:12Z,weweweyee,account.ad1509aa196542d28f6e7cad740b75b8,1849
2026-02-11T07:18:12Z,leesex15,account.5569a7fd54754272b945b60e8596c17b,979
2026-02-11T07:18:12Z,sinclairS-_-,account.98c99c5af535425f8badbb7f997fa48b,1209
2026-02-11T07:18:12Z,laba_01,account.c82f2b077049436e93b32ea3afb4a61d,1683
2026-02-11T07:18:12Z,Yuzin-___-,account.b6360148c33a49d784a71a2d6552b82e,1980
2026-02-11T07:18:12Z,ZEUS-_-MIN,account.094cc73899c64cad9da4adfbe6759d47,2067
2026-02-11T07:18:12Z,minhyuka0303,account.cf6bd25d1b6f4ca990293ce288b2da8d,1573
2026-02-11T07:18:12Z,CrossFit7776,account.dafc116783cd41099544e7c78ac90daf,1530
2026-02-11T07:18:12Z,HeadHunTer81mc_,account.af16070053b247a4b6a3f1c8c68f9f9f,1627
2026-02-11T07:18:12Z,BipPia,account.f487db25eb7b4e9cb7bc000b8b9de713,1705
2026-02-11T07:18:12Z,NX_bean,account.41df2f7b95974cc882e4d74ecaf8890b,1144
2026-02-11T07:18:12Z,Songhyeon_6974,account.aff9669242854daaa7f0a5ab48eec3cf,1602
2026-02-11T07:18:12Z,ClownApex,account.4a26debcf5814874bbe379497f76c22a,1520
2026-02-11T07:18:12Z,SaviOrKSY,account.bde6d25589874a1890b87cbe7d50dbac,2200
2026-02-11T07:18:12Z,UniHong,account.43c6e48f31b54275aafbcaaf10e9f4de,1146
2026-02-11T07:18:12Z,dong0337,account.89f8dacfbf4a4cf4990c9d26a477db7f,1276
2026-02-11T07:18:12Z,sihanukvil,account.843b020f43af4c20baa2b696a62a732d,1201
2026-02-11T06:49:21Z,Good_night124,account.507c9fbc051741c1821f29f9eb6da35f,804
2026-02-11T06:49:21Z,DIDEJREHD,account.8d8d1b382b164e3fb12b3504eb994c7e,1898
2026-02-11T06:49:21Z,To_Min,account.da03c5c2597346faac2e8741d86355b4,1962
2026-02-11T06:49:21Z,1tissue_lover1,account.5cf4ab520d0342fc87f1be0da0126204,0
2026-02-11T06:49:21Z,whsqjrormrgua,account.7751ea13373144cab861545af0e44cc4,1
2026-02-11T06:49:21Z,Sponge_Bob_07,account.c3bcac1862aa45579bcd29d12a95c155,1149
2026-02-11T06:49:21Z,52-TANGTANG-2,account.613ee4c6524e4febbb5d687a6ed1ea69,1800
2026-02-11T06:49:21Z,OPPA_2ACE,account.9dfc597f794e4a58938aef9fa18be8a6,1569
2026-02-11T06:49:21Z,holyhair,account.bb111b921ad5419e8801fc2da1d864a7,0
2026-02-11T06:49:21Z,Rlamsrjss,account.37bf76fce4954a3286c19677a01df4a6,989
2026-02-11T06:49:21Z,Winter_OHS,account.7e2492f789be43f7b6f005443c7b6b41,1891
2026-02-11T06:49:21Z,DO_NOT_MIC,account.6df00fad02b747368d5d5e9d240820e4,1220
2026-02-11T06:49:21Z,Eul_moS2,account.bedc848b8fac462a82268d59fa827b66,2076
2026-02-11T06:49:21Z,JUM5_PangPang,account.6107fe36e79b42da98ca6ff295e07152,1621
2026-02-11T06:49:21Z,960107,account.7d818b0f544846bd8ac66b659cd64193,1703
2026-02-11T06:49:21Z,mo0n-_-start,account.8279a3a13ce048248a4e370b61f691dd,1242
2026-02-11T06:49:21Z,wjrmdkf,account.04a0b32aff0e49c1bdeafac801b36bb6,1879
2026-02-11T06:49:21Z,DNWInonix-06,account.1c43c2eb413a498aa3061b21ef0c9867,1744
2026-02-11T06:49:21Z,TR_DBS,account.4a2de0c456724a36ad0930cf4881cb9b,2159
2026-02-11T06:49:21Z,1b_hb_ksb,account.85ad0146a3dc45f09e037fb153c4eda8,150
2026-02-11T06:49:21Z,Ulsan_End,account.ad22e7f5a248404e9ad0dcb727460a64,881
2026-02-11T06:49:21Z,JUM5_GGILGGIL,account.c6a60766c4054eb7b26dc4ccf6f0135b,1694
2026-02-11T06:49:21Z,seoperstar,account.dbfb15372c60499d84b699d0fdffee0c,1228
2026-02-11T06:49:21Z,Tomparkss,account.0178ee092a4a4e3b89005881f656558b,1616
2026-02-11T06:49:21Z,SMU_Alpha,account.cd52d4b6b20241159bd90f59100ee126,1951
2026-02-11T06:49:21Z,MagmaGT,account.efb07cdfe41c4a98898774980a0f31f8,2027
2026-02-11T05:19:51Z,o5o5o5o5o5o5,account.c7c61b976a5544dabdd2ac5f1088c397,2032
2026-02-11T05:19:51Z,For_Crush,account.27d2749976454dd0922668564c553ad4,2236
2026-02-11T05:19:51Z,Hermes_Paris_,account.a94d91b04e974dbb884072c4a7a7752f,2145
2026-02-11T05:19:51Z,Hoshui-,account.54f2153400584c32a186a6f0ee2afa1f,2241
2026-02-11T05:19:51Z,minseungyo,account.e03194683bc4494580402391ae786bca,2111
2026-02-11T05:19:51Z,background10000,account.7abaf97d881f48218171d8a206f78bb7,2098
2026-02-11T05:19:51Z,heeyazgd,account.dc7a9fb8f3b246239cd1e3941018b1ac,1063
2026-02-11T05:19:51Z,KR_Doo8,account.58ec9ea1520b4059aabc19a33fb1af97,1729
2026-02-11T05:19:51Z,For_MaXx,account.f7c11b537fec46d6be56f1c2b39c2b3b,1877
2026-02-11T05:19:51Z,ahJamMan_-,account.58f53b9c1a864d10878271b50c7962e4,2132
2026-02-11T05:19:51Z,GTO_Q,account.d3a6cf08f40a48a78cbbfca32ee79ccf,2639
2026-02-11T05:19:51Z,For_Sung__1,account.9ee53c0fd0734c36a36e77cc6291b872,2337
2026-02-11T05:19:51Z,INX_Metdol,account.b02a6c935ae74726a563f104fb2b9668,1900
2026-02-11T05:19:51Z,XXX_INFJ,account.d5f1961f83064ffd890b37706a2e6b51,2029
2026-02-11T05:19:51Z,CHOCOLATE_JETTY,account.1f5727ea5be14b86a737c32870895e53,2047
2026-02-11T05:19:51Z,N_E_X_O_N_,account.eb63b272dc324ec4a4090e463228fb2c,2303
2026-02-11T05:19:51Z,hxxnjxn,account.7415f80434cd4177b9b46ea8d9dfe4de,2535
2026-02-11T05:19:51Z,05090114,account.188b3595501c402b8e54afb9d1a08cd7,2449
2026-02-11T05:19:51Z,H1tH3AD,account.9e427a5e39cb4597a2e2ecb968b798f0,2090
2026-02-11T05:19:51Z,limjoker,account.4729e210850d4c6d9ace9ee9c623f569,2085
2026-02-11T05:19:51Z,wanju23,account.ecca32ecfb65428bbc3dec17129bc56e,2140
2026-02-11T05:19:51Z,ToT-_ChooNo,account.9b411f90e0bd4de28d362df6ae9850d2,2237
2026-02-11T05:19:51Z,housebong,account.3496daf6456241a39a623f476452ff56,2167
2026-02-11T05:19:51Z,For_Nova,account.dead3fd8c60e462ca4ed97c0158da0da,2017
2026-02-11T04:58:19Z,iffy_loopy,account.c6822778ffeb4fee9644a3067b5880d4,2233
2026-02-11T04:58:19Z,ssee2xx,account.7d3b5b5e37444ee6886275674141b2dc,2103
2026-02-11T04:58:19Z,MSC_NewJeans,account.ea8d995146794743b8be13c2029e519a,1840
2026-02-11T04:58:19Z,Ez_Rapunzel,account.dee1ceaad3124ad6951e654e217c7d52,2070
2026-02-11T04:58:19Z,ililiiillllliili,account.46984aa23b074ac0b45d094b4b5f7cb1,2328
2026-02-11T04:58:19Z,Angry-KB,account.556d09e2d9e841a68f3e0792a5aa7f17,2229
2026-02-11T04:58:19Z,DaeJ_Typhoon,account.5b730dc6204a492faf24f9be524f13e8,1889
2026-02-11T04:58:19Z,Ha-Da-Sung,account.20285380cef44a5cb15f7e70f3da00ee,2147
2026-02-11T04:58:19Z,Y0GIY0,account.b621a4d1ad4a4bffa7f810683bb8dc07,1889
2026-02-11T04:58:19Z,ASU_B,account.d5fe765833bc4b7c94efb54f9a4078f6,2076
2026-02-11T04:58:19Z,UmHong-gil,account.fead086d5752435baab48985d0aa1cfc,2249
2026-02-11T04:58:19Z,SKL_lililililil,account.6dd4e9b14b8c41c1af26b6a416ed685f,1848
2026-02-11T04:58:19Z,no1tensai,account.7af4e7b934c646d6ba467bc4d5e828fc,2277
2026-02-11T04:58:19Z,Kongtae707,account.e95eb9d9d50e439ebd96e2a30146a0e4,1965
2026-02-11T04:58:19Z,danho-2,account.f9062f4030bd440a8805ed9890a9589f,2068
2026-02-11T04:58:19Z,MINMIN_S2,account.8a951eced6c340e3a70f18f41ff6d495,2065
2026-02-11T04:58:19Z,Ez_ssss,account.206948d5a4f9429195a5bb050fa93a63,1987
2026-02-11T04:58:19Z,GABBARI_YONG,account.cbb25cb14f914f52930c0a985ded69ec,2180
2026-02-11T04:58:19Z,GABBARI_MAN,account.17e57b7754f74915a58e4196aab7c8cc,2161
2026-02-11T04:58:19Z,RAMRAM_S2,account.46d59cdbbb0a478b90ebc0cf315e3545,1742
2026-02-11T04:50:59Z,lamisaFanT,account.a7a9400f05c4494b874f609c7ea85ad5,2811
2026-02-11T04:50:59Z,BamBi_Gomdol,account.73212a285d184e9c9e435db75b0d42aa,2266
2026-02-11T04:50:59Z,shingungi,account.40090c066aab41e691d8ed09f74f3774,2267
2026-02-11T04:50:59Z,RAON_TC,account.b66525d2d4564adfaf71f95f74ada0b4,2461
2026-02-11T04:50:59Z,hjs4759,account.509624ef0d174b8aa41b46c3982805ea,1722
2026-02-11T04:50:59Z,iiiliilillllil,account.c891511688014aeab9f13e60bdb19687,2600
2026-02-11T04:50:59Z,jotbob_nyeona,account.563d4bcf44c14bc7b85897a0e765d9a2,2793
2026-02-11T04:50:59Z,Nest_yerae,account.a28f50ff50da4bb296984196ea54a2db,1840
2026-02-11T04:50:59Z,Nest_Moomoo,account.44dbd1e0d2894d118a2f8837c0d1c151,2134
2026-02-11T04:50:59Z,king-_jun,account.612ca63449764fca882c806c175b034d,2159
2026-02-11T04:50:59Z,f1owerground,account.7d34c8ec98fa49359f99c1b4c5458953,2536
2026-02-11T04:50:59Z,INX_ryangzzzz,account.8bb78904360342178de2a11c3c0561b9,2414
2026-02-11T04:50:59Z,Chopper-_-T,account.8932bfff3063436b980fe73e29723302,1904
2026-02-11T04:50:59Z,king-_jin,account.40cbdee700ac4e76a122b29acf2e5b6e,1891
2026-02-11T04:50:59Z,BamBi_BIGBOSS,account.658f91761fb9400eafa649c879cffdab,2030
2026-02-11T04:50:59Z,Ma1ikUN,account.d649888da91c4afa8f5d8a4217b33b10,3488
2026-02-11T04:17:59Z,The_Bro_,account.9aac582cf2e043d88f6145c858a13303,2312
2026-02-11T04:17:59Z,Luccy_9442,account.971769285e8b45739f2212a76939446d,1992
2026-02-11T04:17:59Z,C8HackMOMDIE,account.18d41c7f237849e9aea01df767ae69f1,2378
2026-02-11T04:17:59Z,tjremfjrWKD,account.d2a6fc5e2d504be4bb273e82043eddbf,3601
2026-02-11T04:17:59Z,INI_M249,account.b237b90481e349ae8454caa2ca935a96,2200
2026-02-11T04:17:59Z,CLFCLFCLFCLFCLFL,account.4b122698112a44abaf8dcb5eb48c26c5,2344
2026-02-11T04:17:59Z,SadMovie-,account.3bdd72deb3c543e285d8dc03d6544745,2071
2026-02-11T04:17:59Z,SH_SIX18,account.5198d6b0df8a4753abd87f1802934989,2148
2026-02-11T04:17:59Z,NF_MasterChoi,account.1cbff482378b4db29a4f1aa830887759,2290
2026-02-11T04:17:59Z,INGING_SooBbong,account.259770432a844ca99790d3f9ae4ade35,2148
2026-02-11T04:17:59Z,RF_MIR00,account.1d61aaadb23444ce8c1f9547b743bdc6,2078
2026-02-11T04:17:59Z,5B4CK,account.536bce0a1d0e48a0a6d215c5906305dc,0
2026-02-11T04:17:59Z,hyang_dol,account.227743af8024463aae16e3d125bc4466,1899
2026-02-11T04:17:59Z,w1ckedNahyun,account.46aefbdaaa8b4eaa93bab45cc6f2854e,3285
2026-02-11T03:14:16Z,MJHN_,account.f664f32797584d24b75c7f5d0895bcbf,1836
2026-02-11T03:14:16Z,arangsboy1106,account.a48989b925734d5b9cb9390aab98f89d,1314
2026-02-11T03:14:16Z,jjongssa,account.50da92d4071b4e51856c722c44856de7,1257
2026-02-11T03:14:16Z,didalstjr_rr,account.a79f5bd8297c4d9698017515a1810bae,1860
2026-02-11T03:14:16Z,DDong-_-Uk2,account.d34f628d86af4d3e872166ea4e73000d,1800
2026-02-11T03:14:16Z,tkdrud123,account.325af0ff99e04094bf0915901a38ec8f,767
2026-02-11T03:14:16Z,Aipple25,account.b8815885dc544fabbbb59f0cd60a60c9,1461
2026-02-11T03:14:16Z,cakejoha_96,account.db078abe72db458aa48ef192e2edb791,0
2026-02-11T03:14:16Z,iho1dong,account.91653799ba3943e6a708f677abdc2e61,42
2026-02-11T03:14:16Z,zexmosin,account.a699bd866d2042758251583e9c616c46,1976
2026-02-11T03:14:16Z,TetoGirl_-,account.5af6bb58865f445eb8157bcbcff55143,174
2026-02-11T03:14:16Z,ROKMC_ROKMC,account.f38db0b042b54446ac4560a1b4dcdcb1,1748
2026-02-11T03:14:16Z,MICHINNYE0N,account.eff7ecd7d98a48f090a69b8873a832f3,2304
2026-02-11T03:14:16Z,F_IREMAN,account.085ae20e072647a382c8befa5490160b,917
2026-02-11T02:50:09Z,AJQN_KUM,account.f294ffcbb7fc43a6b8889e65cd53f00f,1980
2026-02-11T02:50:09Z,AntTAS,account.f80e759b8bb4403995b791e1baea0719,2102
2026-02-11T02:50:09Z,onlyheadshots2,account.ed2b4c96d7ea4706a647c2faaf36c6b7,1639
2026-02-11T02:50:09Z,BaeRinEy0,account.d84ec4175bfb478da76e4fc7cae5d2e6,1832
2026-02-11T02:50:09Z,Moong-Taeng2e,account.db7b8f5ba27d4af49d70ac5de553bd27,2362
2026-02-11T02:50:09Z,Ace_Astrick,account.45531598b1e14b4784e1af3f2e56135f,1772
2026-02-11T02:50:09Z,mxxhx_,account.8007fbc2f45f4a8abc3376bdc222e05f,1662
2026-02-11T02:50:09Z,foglover,account.6c8835579cb2499199c454f91b4db237,1091
2026-02-11T02:50:09Z,Benzoner,account.ea8423c4cde243f3bb94d48d5036c4e0,1620
2026-02-11T02:50:09Z,DOKI_MousE,account.8b4bd7f45bb444a7a635e03440234498,2010
2026-02-11T02:50:09Z,bagmakjang,account.e16b06d793974b5d979fda3eb2b1a683,1631
2026-02-11T02:50:09Z,HC_BLACKJU,account.11a5596543844c2bb808985646b81315,1912
2026-02-11T02:50:09Z,KookMinDaeChool,account.9a778a67f6164d95b5db79927b971966,1708
2026-02-11T02:50:09Z,kimss88,account.ce1ad02df1d74cd6bcb86631f9d904d8,1495
2026-02-11T02:50:09Z,a2kung-,account.01417b1af5cb47b8b89e7bbed2b2cf58,1981
2026-02-11T02:50:09Z,fund__,account.5d866e1e82b24ce9afccfe04210107a7,1288
2026-02-11T02:50:09Z,mildc0,account.6db41af1ecf04d4cb9b3e7416028f118,1949
2026-02-11T02:50:09Z,STSON,account.588d09cb4f1f4303888ee9ff2c140c7c,1707
2026-02-11T02:50:09Z,12552896,account.fdf2a7cbcb5347abbc9bfb6c793b5671,1786
2026-02-11T02:50:09Z,BADNAME_251205_1,account.220a2443f3d34e7ca940e087945f45ec,2027
2026-02-11T02:30:10Z,mucius777,account.e657f4887b2949b4bacfce14e80bfb62,1882
2026-02-11T02:30:10Z,OlErl,account.6a1aa1b77df14e4ca96be36e8f141fcd,1558
2026-02-11T02:30:10Z,tae_wo_030-,account.f9fdc553482c41bea3f87e7fd4774dfd,1263
2026-02-11T02:30:10Z,LOWSTREET23,account.9f892a1b104e410b825e4b75c90f674d,1289
2026-02-11T02:30:10Z,ICE_MadCow,account.6c983bfde67f49a1ae6bdd62f2cbe104,1987
2026-02-11T02:30:10Z,kasi159,account.bef8db23f0634135a58c1d2f88f1818d,1159
2026-02-11T02:30:10Z,Yad0_ran,account.8ffa658dea9947eb86948ce661e80065,2243
2026-02-11T02:30:10Z,PatrickDroney,account.fc1a877ec4c34b24bc82560481866f09,886
2026-02-11T02:30:10Z,rmfjcp,account.55f243c3ced14962a62a839f6be55726,1468
2026-02-11T02:30:10Z,1st_unoob_,account.08be2be0ad3e49009b66cca3b165243b,1585
2026-02-11T02:30:10Z,Urvashi,account.50ab6e3b1c6d451dbd49c473965625ae,2219
2026-02-11T02:30:10Z,bo_mi_030,account.9659eeed5ac64c32bdf15bd261f2f06a,1430
2026-02-11T02:30:10Z,HyeTler,account.8aa0e0dbd4ef43a1bca387ab822b7c01,819
2026-02-11T02:30:10Z,ZG_Lama,account.2362d6e05fcf490b9ddf4527be628754,1958
2026-02-11T02:30:10Z,SALT_CAT,account.53b8b9aff8cf4b7bb44906faf486bf17,1212
2026-02-11T02:30:10Z,SSQTYQQ,account.dbd5bb45c85b4bd2b4abdad0d3909406,1452
2026-02-11T02:30:10Z,DAEGU__DAEGARI,account.857693cd92354f19adc3daff7e6ba0ef,1014
2026-02-11T02:30:10Z,DIETCOKK,account.d71773d3364f49a88da346dadac9d618,1587
2026-02-11T02:30:10Z,ADHD_RIP,account.002d32fc05e3417f9d7f42d3c629a149,1762
2026-02-11T02:30:10Z,Az_Machine,account.61a5b4ad1d5b4168ba79caf05d578d7d,1844
2026-02-11T02:22:54Z,jbro0620,account.00e8a666cb2b422394da351514808559,2042
2026-02-11T02:22:54Z,vvhisper-_-,account.f2ad59be3879406f81845bd10ffe9c94,1324
2026-02-11T02:22:54Z,yamnaewaddang_,account.f628aa94d1744b85a0a8ddcbd2c184ae,2291
2026-02-11T02:22:54Z,BGP_HotBoyyy,account.2ba0aa0647f8414eb39b48a2f3c7da7d,2388
2026-02-11T02:22:54Z,partsoon,account.6aac3fca575348d58f2a4b3224460249,2334
2026-02-11T02:22:54Z,himsen02,account.1a217a5538cd4f45af16d9a62d96d5be,1948
2026-02-11T02:22:54Z,R_Roza,account.3e40cf97ab1a47e28668e2d191755a02,2401
2026-02-11T02:22:54Z,ITERO-,account.b93f6b64300845149f62efe089aaf3ca,1966
2026-02-11T02:22:54Z,nArUC5,account.ddde9dd994244bec9ea6374ae725222a,2281
2026-02-11T02:22:54Z,Hwang_Ji_PIL,account.10d4b2e9080648509a1fef12c8e3def3,1869
2026-02-11T02:22:54Z,VTM_horolro,account.cc388c954fab4822bb9ed0c8f1ed8899,2231
2026-02-11T02:22:54Z,Tree_OYO,account.1676c2a98273421882ae10656f3ecf0a,2305
2026-02-11T02:22:54Z,C_build,account.a7643abdd6db44618e37bd7dabc0f9fc,2005
2026-02-11T02:22:54Z,KUmasji-_-,account.7fe9118c7bb34d81a1fcc80c493371fd,2600
2026-02-11T02:22:54Z,0_Ham_MA,account.c92772ca2c494e809a0265147713d15d,2465
2026-02-11T02:22:54Z,H2ND,account.b123b516f7a04dccbfa907c64a2dffde,1979
2026-02-11T01:55:55Z,jihyeongmom_yarr,account.02c4b33ace984ead90b280f36fdbb743,1187
2026-02-11T01:55:55Z,Spaec_X--_,account.94fbc8463c05472cb020268af3db5078,2054
2026-02-11T01:55:55Z,LeeBBangKorea,account.02ff57788f0646f2a7782987b381545c,1694
2026-02-11T01:55:55Z,Bangsil_K,account.a5078cb407634f64911f966e763bcb8e,1934
2026-02-11T01:55:55Z,vhdeb0424,account.483c2f91279e4298926d079616f9e212,1262
2026-02-11T01:55:55Z,CTY_san2,account.1b8273fa5f2b45149b18021bc4835392,1755
2026-02-11T01:55:55Z,tigersnaker,account.eb75ef7dc08f4514944fd12d711062ea,1703
2026-02-11T01:55:55Z,13886623,account.427d862df7c14d6490cb47bc2eafa4c8,1991
2026-02-11T01:55:55Z,4624379,account.3d65882b98824f788c2fee623628464f,1826
2026-02-11T01:55:55Z,poolang_02,account.2acf2578bda8427abc9120bfb1f29e04,297
2026-02-11T01:55:55Z,H_-JinGeun,account.0f809f348f1e4b349f657df6f8d28da0,2272
2026-02-11T01:55:55Z,jue_ch0i,account.6c7cd4fc63ed44f098c7a008436c2be9,1311
2026-02-11T01:55:55Z,parkdongok,account.6499a9c41d4b48d885f4cd0a2adc7997,387
2026-02-11T01:55:55Z,Space_X--_,account.4f3c0b0c9cbc4d96b2cb026df660e100,2052
2026-02-11T01:55:55Z,c-insong,account.07dac93416ab4cd781741d7bc741e127,1899
2026-02-11T08:51:24Z,seoktani-_-,account.ed172409f70c4fc78eb229dafefa441e,2703
2026-02-11T08:51:24Z,1221122121122121,account.d880144707744639b532f1e5f9d0cc12,2148
2026-02-11T08:51:24Z,monchoni-_-,account.a5cb1e4645a44257836c3f567cf6083b,2159
2026-02-11T08:51:24Z,Kimyonghee_,account.30571af9d3a346e4a18912282136df9a,2790
2026-02-11T08:51:24Z,lee2171,account.a7140031ee364a3a8232405845993335,0
2026-02-11T08:51:24Z,J4eKw0nCONG,account.10e3d128456d46a296733fecb66d5fe2,1814
2026-02-11T08:51:24Z,Infighting_08,account.e98fd611157242ed9dc7284ce3fa7c5b,2221
2026-02-11T08:51:24Z,Kr_Dong-1,account.fbc091dec15046b0a289a401eb2389ef,1755
2026-02-11T08:51:24Z,maseok_dxx,account.e39a9932f811462ba0d872c95df1636e,1646
2026-02-11T08:51:24Z,iracop_gbn,account.ea849055e8ca49239d6ffe33e7e12e53,2111
2026-02-11T08:51:24Z,sx2xng_,account.bf78bc5401eb4666bcedeb384ae8d02f,1717
2026-02-11T08:32:09Z,PerManGod,account.b3f715062fd245728102d88213d03069,1931
2026-02-11T08:32:09Z,dwbwhj727,account.4114adad409345a6971a8f615d03c1d1,2097
2026-02-11T08:32:09Z,MALANGCOW-,account.f92da8cc67be475081739966e6bdca3c,2307
2026-02-11T08:32:09Z,bro_sss,account.896529480dbc4faaa1772ba0708740da,2205
2026-02-11T08:32:09Z,BBR_MaiMus,account.5e2b91657dd24ba6bce117186ee70a2e,2310
2026-02-11T08:32:09Z,miac__,account.dae35c004f6040e6a71b3cc3d4333cb2,2139
2026-02-11T08:09:44Z,ssoLdlsepduf,account.22fc501c63134c468a51048ec97bc0be,2105
2026-02-11T08:09:44Z,VeilKKang,account.d69eb1226c5e45d2b6ac9087e06a64e7,2101
2026-02-11T08:09:44Z,Go_Yard_,account.a573ad64e1364b43865e2a742ca4a3cf,1922
2026-02-11T08:09:44Z,Dkzz0-,account.23f2fa2b19814fb5b50998e53e87c364,2022
2026-02-11T08:09:44Z,Robot903,account.8d3e4e27282e40f694ad28f23d53aedc,2748
2026-02-11T08:09:44Z,Go_Chuter,account.2c955c86361041818248e942bc9d29b1,2159
2026-02-11T08:09:44Z,Go_KIM_,account.0830769f7df14a44b01b022f65d7e78f,1712
2026-02-11T08:09:44Z,Dec10thpro,account.bc92df15f23c40e5b10acfcb80fe0ec1,2199
2026-02-11T08:09:44Z,frypanGOAT,account.b60f8970fc964e2e94d34e9670797dfb,2525
2026-02-11T08:09:44Z,Go_Dori_5,account.92efb1e01dc24d42b4aeec7005aefc9a,1993
2026-02-11T08:09:44Z,Lin-Zhao-Ming,account.9566f3f5b617414a955d46c84544c875,1878
2026-02-10T22:36:13Z,Joseeker----,account.0727831da5424726a6f2c936c924e89a,2424
2026-02-10T22:36:13Z,100-_EWoL,account.42aba1ce0ebd4845b1a2ac9f8681f39f,2200
2026-02-10T22:36:13Z,HooNee-_-a,account.67bbcadf699349a799140755ce7c91f0,1978
2026-02-10T22:36:13Z,Yummy_yummy-,account.dbf6d06b1af74fbe833c8a3208242243,2068
2026-02-10T22:36:13Z,S-o-S-o-H-a-e,account.2ddac7eaad624a11a5affdb538c257dc,2916
2026-02-10T22:36:13Z,LeeSoSim,account.dd997dd291864e7ea3f67da0ca928b2e,1912
2026-02-10T22:36:13Z,Tree_One,account.85f0a0f49c634b479f45057d26b779d5,2442
2026-02-10T22:36:13Z,DesperaBXX,account.376712e0fcc341e9b7eb499219556eae,2312
2026-02-10T22:36:13Z,AngGabeoRyeot_-,account.6a7bb8b42bf340c6b8e3d60dc8b4f74d,2687
2026-02-10T22:36:13Z,Tree_OAO,account.150f3c04ea624f19a000547650cf7209,1992
2026-02-10T22:36:13Z,Juno__Ex,account.8b768e53aecd4b8da3b2e7c95836b35a,2045
2026-02-10T22:36:13Z,Nest_Jedoong,account.fef735f8277541acadd3f447cb5da92a,2288
2026-02-10T22:36:13Z,CocaColaAMS-,account.27d2453073aa42ae9b26341eda1f20c8,2257
2026-02-10T22:36:13Z,kos3662,account.f50c86e1c0404d2187684f5854dfbd36,1821
2026-02-10T22:36:13Z,ELchun100,account.b1a6591651334197aec52e7960a6cdd2,3275
2026-02-10T22:36:13Z,XiaoJinTai,account.9f19323c172e4a99bae847b19647334e,2105
2026-02-10T22:36:13Z,DanielRoh,account.f6763f4c5fb04b42951325c11db105de,2039
2026-02-10T22:36:13Z,BGP_eunstar,account.53b8fd0b42a943c28cb0945e273f33ba,2295
2026-02-10T22:36:13Z,dwaeji9ugbab,account.ab15d02afd0f4d82bfa8c6f467f39851,1800
2026-02-10T22:36:13Z,DaeguOhamer,account.5e4db5088a9f4d7eb5325427982bf8d4,2238
2026-02-10T22:36:13Z,JUNH_j1n,account.2b7c6f6157514d3581a0be8341bfacc0,2345
2026-02-10T22:36:13Z,BrookPOG,account.44a06665641d4d339afe02cbde7b931c,2706
2026-02-10T22:04:57Z,PilotJihoon1,account.4816843bcc6c4aaf8ef11ff196af159e,1965
2026-02-10T22:04:57Z,haruxsinx,account.524b81a6a4614b01aeaa9b3ff537e605,2276
2026-02-10T22:04:57Z,weasel__7,account.1d0aba61727a4686a103627d79f46afa,1926
2026-02-10T22:04:57Z,bagesa,account.a7009731c19d4ebaae0b39e6f1ad33d2,2404
2026-02-10T22:04:57Z,wnsghks26,account.3a7d9370c2564fe49de638950c497590,2241
2026-02-10T22:04:57Z,luv_yeonhu,account.7d863586abf447a19119d5ce9aa2fb7c,1926
2026-02-10T22:04:57Z,DK_GODZILLA,account.bf5c8fc6e40346fc9249bc09675a6a93,2329
2026-02-10T22:04:57Z,POG_Joy,account.3c48296da7c84dbb8d2b53463e2b69c2,2329
2026-02-10T22:04:57Z,llIIlllIl,account.95541a3abb6b48edb061b246114af182,2700
2026-02-10T22:04:57Z,PHT_BreaKer,account.ef48928bfce342109e3a21b954d8117b,2037
2026-02-10T22:04:57Z,KING-OF-MP5K,account.beb9cd2806604d96b0aaa6f8e45bd58f,2155
2026-02-10T22:04:57Z,88076393,account.bf8eb87c7f1a469aa660004e8437c5bf,2521
2026-02-10T22:04:57Z,GABBARI_TAM,account.3ac6209fde8840d9bbddbeff9f4219f3,1992
2026-02-10T22:04:57Z,SOOP_Inonix,account.98dfeb9ed3be4b64ab673e5336c6817c,2364
2026-02-10T22:04:57Z,ShinraKusakabe-,account.f1ba5b002d5842d483050c2fb4e01c94,2264
2026-02-10T22:04:57Z,tlgnsqkr,account.a4cf0fb8a2ed451db9f7aab56a3cc738,2077
2026-02-10T22:04:57Z,ACE_32_X,account.8e848f94a062416a8ab15892a1dbc07a,2168
2026-02-10T22:04:57Z,Lowestys,account.348f376a23114b14a2ca3775675621e0,2033
2026-02-10T22:04:57Z,llIIIIllllIIlI,account.6f7341dabad34d0faba7d0893de98b65,1980
2026-02-10T22:04:57Z,R1ON_3DDUK,account.f5c755d6f32b4f108c2caaeefd5c61b2,1672
2026-02-10T22:04:57Z,D_is_ney,account.a4ecff2886fd477c89080c52cfc54932,1890
2026-02-10T22:04:57Z,Tana_ST52,account.f835299ba9d846158845d278343bd6a9,2207
2026-02-10T22:04:57Z,Mwol__Bwa,account.4c02c1ec251246cc88ea5c973a140455,1641
2026-02-10T22:04:57Z,DD_AL,account.2c9fa65d62f94957b9293e2bdf57c5a9,2200
2026-02-10T21:31:46Z,TT-KHJ,account.b6b3a7f202374811b66e68e4d5f91deb,2056
2026-02-10T21:31:46Z,DMS_Baphomet,account.2e3c687f0342402d9e917092236eac46,1946
2026-02-10T21:31:46Z,1s-e-x-y1,account.d768d1cc4a7d4efd999b7109613c8730,2231
2026-02-10T21:31:46Z,TT-KSH,account.d4de33026c94455f846f3dcc04c867c5,2226
2026-02-10T21:31:46Z,kingdsBaby,account.1035cc576db54635bc9b447f5e1b8bce,3111
2026-02-10T21:31:46Z,ryoikitenkai_-,account.94495d6ab7624faf8be38f90e78c0edf,1629
2026-02-10T21:31:46Z,buyeon94,account.abe2b41e2060487686c8b86d6694f34e,2505
2026-02-10T21:31:46Z,llldmdrkguslll,account.aac88686f8744cbfb60e043f28aea989,2639
2026-02-10T21:31:46Z,KTV_Yeon-gil,account.4c10d9e9fb3f478695e5f5b080102db0,2042
2026-02-10T21:31:46Z,Chun_SamE,account.8647c4d925824c4dabf8df587be0b095,2143
2026-02-10T21:31:46Z,VVIP_KIM,account.d3c4f09b002742ed972466f164eadfc1,1835
2026-02-10T21:31:46Z,109Va2a,account.9a5af10a065a46f79921f85085d374dd,2146
2026-02-10T21:31:46Z,DTT_ZETTA,account.963efa83aea5431e94c4e31aabcea134,1800
2026-02-10T21:31:46Z,Rhfdkqkrsmsek,account.51ad0d36a54e4256957a899569a65e49,2395
2026-02-10T21:31:46Z,Psycho_Bear,account.a6ce7d3fdaa04e91a74f74c406cf12f5,2776
2026-02-10T21:31:46Z,comradeship98,account.4cb1dd407ca5429c93a15a9cc78bc90a,1631
2026-02-10T21:31:46Z,R1ON_B-21,account.84a95f60839f49a2b24f9f971bd99632,2039
2026-02-10T21:31:46Z,5-_-ddol,account.ae9ca80e245d465b8d230debeb0d1922,2484
2026-02-10T21:31:46Z,dndbtlfgdj,account.a73617818ca8421e9f68a0e75500e817,1482
2026-02-10T21:31:46Z,UnLock_H,account.f228687cc0ce46afbba208a36cea98dd,3000
2026-02-10T21:31:46Z,U_Face_Tresh,account.3bddc4d46e674606ac93d0829630b844,2224
2026-02-10T21:31:46Z,1004923,account.4e3e1b8d24dd4e63a23e373c55c2bd7c,2736
2026-02-10T21:31:46Z,KlIlN,account.2a7808443fea4bb4a38fec13b330c180,2255
2026-02-10T21:31:46Z,18-76073014,account.7beecb53ebbe4983ab52cd936b156a91,2028
2026-02-10T21:31:46Z,OH7lOF_S2,account.a7f08e36fb2f4631b601451ec13f4e44,2040
2026-02-10T21:31:46Z,FuxxxxkyouBaby,account.e0451e0bdc7347b9a8e753b7e2287716,2058
2026-02-10T21:31:46Z,NagaLobilokk,account.79c8270be370441bb1fa44c6112304ea,2296
2026-02-10T21:31:46Z,ilillliiiliilii,account.fd49d7eeb71542aebbfd50f8c6506d42,2219
2026-02-10T21:31:46Z,109Ren2,account.f1c0165a68bd49a2a831253612e7e9d9,3044
2026-02-10T21:31:46Z,M_ARIN_E,account.509614ee71864be0979a7a3116f9e034,2168
2026-02-10T21:31:46Z,rmakswnrrhtlvdj,account.fd48cb2fdb654aa38cb633eafb16c28b,2641
2026-02-10T20:57:44Z,Jeju-__-Samdasoo,account.3891d3f3e4784d5e9e7473ac3e8a61a4,2600
2026-02-10T20:57:44Z,BLUECHIP_BOMB_NO,account.122a3dcbfef44223a68c3f7851093466,2061
2026-02-10T20:57:44Z,zzzzzzeun_-,account.7bc6d13341c041f48f2ea78cadfbddaf,2342
2026-02-10T20:57:44Z,Y__nh_ng,account.c10d40bb2a51462387d29a29ecf7649a,1925
2026-02-10T20:57:44Z,fantastical-Girl,account.d11a57ad38604f819558d30e087ed348,2033
2026-02-10T20:57:44Z,Seunghae-_-,account.2418245ed8b64a56b911fd9fd3837ecf,2056
2026-02-10T20:57:44Z,TITE-BaekGu,account.7b57109670734449b70e9da11231cf5c,2123
2026-02-10T20:57:44Z,DoRa2_SEKKl,account.e1b1b513109346d8bc83049a2c05857a,1879
2026-02-10T20:57:44Z,suvely--,account.deac0fd5783b4cf6bdd33488731343d7,1943
2026-02-10T20:57:44Z,Jeju-_-Hanrabong,account.7a31e2efbaab4a6c8358a0b4f5fed100,2443
2026-02-10T20:57:44Z,w_sr0009,account.9844191770184cd29d9269abbd06329e,2145
2026-02-10T20:57:44Z,1kill_Yammy,account.29b14c5164d74068ad0c889ee64debe7,2060
2026-02-10T20:57:44Z,Ami_Xvideo,account.d06fa6ad8f434218b5e5aa31b6d6cadc,2240
2026-02-10T20:57:44Z,KST_2HEAT,account.8f2f770dba0b4e8999622efe806944b4,2267
2026-02-10T20:57:44Z,D_Hxxxxx,account.c88005f5b68146d9bf91096fcdb9bfb3,1970
2026-02-10T20:57:44Z,syuk_man_god,account.264ed694a18b4f55a00dbb5309bbb7ba,2450
2026-02-10T20:57:44Z,2LSON-,account.23572375879048f69f81f635acff29dd,2060
2026-02-10T20:57:44Z,S_M02,account.fef866f883ce4ba69a56f4eabc46be56,2453
2026-02-10T20:57:44Z,LS_Sosim2,account.937f1bea5f354c3f93d328dbd8b1f3c4,2122
2026-02-10T20:57:44Z,cooooc_,account.e90598d7b6dd4e3da592b459a6122f6e,2470
2026-02-10T20:57:44Z,apcoa,account.2a56d600ec544572a490eda9bfd51621,1925
2026-02-10T20:57:44Z,astermusicc,account.afbbdfc9c6664aa59f640ffd789d1ed1,2044
2026-02-10T20:57:44Z,Stellar_960717,account.8e9aaa90903444268d7b2bf764f266cd,2393
2026-02-10T20:57:44Z,Noyarrrrr,account.0db9b3581ba246e585feb12282c64037,1800
2026-02-10T20:57:44Z,DAF_Hideyoshi,account.d69c3f0bc09f4c7a9a21ba927a5be92d,1885
2026-02-10T20:57:44Z,Ami_Psycho,account.709a795093004355b4169497689950e8,1820
2026-02-10T20:28:30Z,Macao-_-,account.e0d770249eb249a4b00f9d961a547f74,1483
2026-02-10T20:28:30Z,KTX_KDH,account.bdc86a8cf1ae4bbaae147e5e1fc11e7c,2375
2026-02-10T20:28:30Z,DeVeloPing0_v,account.0cf5cf8fb7ff4539ae4d284849a164b3,1823
2026-02-10T20:28:30Z,01_03_2025,account.3af1b332489b49e68584ef081ee3938c,1625
2026-02-10T20:28:30Z,YouTube-Don9_9al,account.56396a1615ce4ff885be7e5b56747d19,2046
2026-02-10T20:28:30Z,LeeZaiMing_OUT,account.62e110a5e30c4dc7aa5e4493051e51a1,2001
2026-02-10T20:28:30Z,chlrjs12,account.3587ac6c95644029a3e2d5ae53de116f,2113
2026-02-10T20:28:30Z,Urrr-_-,account.05ffbd1f7b18487f9e78be8ab8541f22,2260
2026-02-10T20:28:30Z,fhlqfhrktpdyg,account.87f234a6136b4690aecc2b1d20e9467f,2349
2026-02-10T20:28:30Z,Taek__77,account.821c413fa37f472188e9ae0ed109ee3f,2617
2026-02-10T20:28:30Z,SOOPIz,account.e0313116b75d4b739ed1ea974a4260e6,2220
2026-02-10T20:28:30Z,Himyfriend_,account.c73d6c7ae6f645879ff864f5d8377ee4,2092
2026-02-10T20:28:30Z,WeiHong-__-,account.1e7c221fc39c4cff840cb8700093d13a,1968
2026-02-10T20:28:30Z,UGLY_MINAM,account.81cc4b0ae9664bd5a90ca3af322e68c6,2225
2026-02-10T20:28:30Z,skrkfkqudtlsemfd,account.f4cb9ba34eca49db8a31a205035335d2,2284
2026-02-10T20:28:30Z,Land_Ruler,account.35732f94f42749e79e333953b4648d74,2115
2026-02-10T20:28:30Z,01-03-2025,account.78f840793c7f4f2db95fd24ab32e1a7b,1910
2026-02-10T20:28:30Z,S2RlNVELYS2,account.8babf13c9f6e408b9f8625798154769b,1525
2026-02-10T20:28:30Z,YB_Exxxtreme,account.aebe2d43878f4374b181d6389e6e4c13,2278
2026-02-10T20:28:30Z,HES_TAKI,account.6cf474fda97149ba9489e6e840cafdbd,2221
2026-02-10T20:28:30Z,ZzZz_s2eo,account.edd1d3ca1b0041db9b266202dd90a5ec,2164
2026-02-10T20:28:30Z,lilililiolo,account.1f25dfc2da3c4273977561754fec7235,2236
2026-02-10T20:28:30Z,JaAxxxxxxx,account.5c16c80fe0bf42f79584938206705874,1990
2026-02-10T19:54:30Z,OM_daegar,account.73cc37eca23847dcb0f349aa1fd57b12,1760
2026-02-10T19:54:30Z,jaegyu-_-,account.4b73eaa422ef4f57bf90514ead3bb3cd,2011
2026-02-10T19:54:30Z,Jonni_zirim,account.e1119faeee9d4187b8b354e1e7671ad5,1960
2026-02-10T19:54:30Z,OFF----WH1TE,account.7211a44806df415f86e3524e7f35199e,1514
2026-02-10T19:54:30Z,godbeome2,account.21f1baccde5644bfb3d3714f27181218,1977
2026-02-10T19:54:30Z,HWB_4411,account.9884ccf95a264aa0a1a58322469c53eb,2027
2026-02-10T19:54:30Z,bigpotato_97,account.a54c43656a4249bbb4b207fd11a0f889,1748
2026-02-10T19:54:30Z,OO_NG,account.a6fc68053f5f4248ad1784e76f738c5a,1908
2026-02-10T19:54:30Z,jjun_jjun92,account.3b6c60f0a9da42dbafe32e65f9330e4f,2120
2026-02-10T19:54:30Z,yhw4220,account.0bf9ed4f28754f25b7fcfcd70477fac1,1021
2026-02-10T19:54:30Z,slrhaak,account.37622ba96170428c88dabef60a89dcd0,1984
2026-02-10T19:54:30Z,homeExY,account.f877e198b2894c8a93dbf32b2e9ea62e,1998
2026-02-10T19:54:30Z,15Unknown15,account.35be2480769045b1914ae20fe3dfdeca,1474
2026-02-10T19:54:30Z,GreeNLaVel,account.0e47bdaa9d4b4566b9ab94521fb4b902,1694
2026-02-10T19:54:30Z,munmun_2,account.52f7236146ac40f7acab49636544ad79,1956
2026-02-10T19:54:30Z,X_Xlli,account.c5098231e0754b22822e9dce627c06ca,56
2026-02-10T19:54:30Z,HN6974,account.b3fdf43ec4c04426a760abd7d6e84bd6,800
2026-02-10T19:54:30Z,KINGDENT-,account.a275503cd0644863936133b23fbf2506,1859
2026-02-10T19:54:30Z,95LS_,account.f4699178f6d243c49554aba01545aac9,2055
2026-02-10T19:54:30Z,Momo_1223,account.03ba4b3f94d54874bc7a3ab9b24912cc,1772
2026-02-10T19:54:30Z,hunter0018,account.cae44dcee75040bcabcdc4b51fefdaed,741
2026-02-10T19:54:30Z,96SYD,account.f6c56a5b4d9241459033b9bc243001ff,1387
2026-02-10T19:54:30Z,um7822,account.2ea1619e7ef24befa1b28e60d0b703f2,446
2026-02-10T19:54:30Z,LegendaryTak,account.b4731f002f3f479ea0242c3d916feae7,1612
2026-02-10T19:54:30Z,ansekdus1122,account.65369ca309f24d33a82b1dbfc3fbc8f6,2217
2026-02-10T19:54:30Z,95HJL,account.874f6ea09b014e95aa95216ef7e82c31,1444
2026-02-10T19:54:30Z,0osama0,account.cfd1874c4add41a985f5624933d6b120,1927
2026-02-10T19:54:30Z,Viviz02,account.23d50d47ed8b42b7a3c4dc2f98857158,1501
2026-02-10T19:54:30Z,1shot1killyou,account.1ffcdfa9e2404683a6b7a0a0e2c4f4c7,1501
2026-02-10T19:54:30Z,HAKUNAMATATATA-,account.8c18b7ae0b9c4f8a9faf08bfc0b7f302,1890
2026-02-10T19:54:30Z,StrongHwanE,account.bd26a7ef53cf4827b892e31a15389c1d,2027
2026-02-10T19:54:30Z,Dukstar1,account.48df493474b34674ac613469fd586a52,1455
2026-02-10T19:54:30Z,zlflxh0220,account.d35e2b15b45040c0ab466a1147ca490b,2045
2026-02-10T19:54:30Z,Apayo13,account.1d9444a43abd4717b4999f61e2dd6d9e,2058
2026-02-10T19:54:30Z,qO_Op_Ez,account.0991a07c11374cbc8dc6bdbd8d97751b,1608
2026-02-10T19:54:30Z,dy9554,account.b2cd0445a86c485d9b717e9f237c07f2,152
2026-02-10T19:54:30Z,SSENKONG-__-,account.7755b805ec6f4a81af25ca33a825c79c,1660
2026-02-10T19:54:30Z,GO_Seok-hyun,account.76a254259c11416ba73fbe757d208fb7,1184
2026-02-10T19:54:30Z,RIP_BBO,account.be5d326bb699482bb93142d30865ba70,2057
2026-02-10T19:37:14Z,160324,account.d581a43dda9647a98e3df6854369ae44,0
2026-02-10T19:37:14Z,OP_Poseidon,account.09bfdeac96c9413fb188473008669bff,1862
2026-02-10T19:37:14Z,hukgu-_-,account.8b3e0d3742d74896b8869c45993618d1,0
2026-02-10T19:37:14Z,FM_Mintory,account.2632df5e737948799c340a4c8819a09e,0
2026-02-10T19:37:14Z,ROKMC_V_V,account.c39b2f1ed83f41c4b07dc933573dfaa6,0
2026-02-10T19:37:14Z,Holywalk_-,account.39cef4a3072e4694990aef95240ae96c,0
2026-02-10T19:37:14Z,VWVWXWVWV,account.0e13cc6fcb2d490a8b76b5ac92f47727,0
2026-02-10T19:37:14Z,B_KTS,account.3b4c70e595c1485c95fdffae0a195b45,0
2026-02-10T19:37:14Z,Seraphim011017,account.5b4265fa454e405cb66eb79b8165e725,0
2026-02-10T19:37:14Z,as3651647,account.093ab4a87c234b8fbdb966be202ab4e2,0
2026-02-10T19:37:14Z,wosow_,account.1c44284645f94fe6ac0e0609920d8499,0
2026-02-10T19:37:14Z,02xx04,account.d69f29b805b3492e96b72c81a0bf6a96,1838
2026-02-10T19:37:14Z,jinseo1125,account.a376284341114be59a37c38abb1ceb26,0
2026-02-10T19:37:14Z,alawoaala,account.e98057d66d0a4912818270996fcba296,0
2026-02-10T19:37:14Z,Epo_Kine,account.2d713782568b48688e0914c2123e3dda,0
2026-02-10T19:37:14Z,DN_miny,account.567f8f3a68244ea9bbeb01b8f74c8f5c,0
2026-02-10T19:37:14Z,onbiased,account.b2c6918bfe234718a18d10bb88bcef2f,0
