createdAt,name,playerId,currentRankPoint
2026-02-11T11:01:45Z,V9_Arcana_--,account.54a025a8f8fb48a7b15471ef5b1bf753,1989
2026-02-11T11:01:45Z,Ez_4ddajunhyun,account.36f0d06aabb74122afff90a46b409a30,2275
2026-02-11T11:01:45Z,zhwpf_-,account.420c63e7132c40fca4d986cb6a878f3f,2425
2026-02-11T11:01:45Z,komitground,account.fce0821ceb9a4559b813fbbc7535ced5,2372
2026-02-11T11:01:45Z,MYOZ_Mudaeppo,account.5bc5cdac49f9472285dda46fbcc58d36,1929
2026-02-11T11:01:45Z,RN_7HAH77I,account.03e1a9b5418a475b9bc1532688c9da93,1833
2026-02-11T11:01:45Z,rlcks5214,account.bdfbe0e6b31a4ff08ab58433a7e8d10c,2040
2026-02-11T11:01:45Z,Bapool_King,account.e823cc0e7bf44b5e908e0f33bb65e302,2336
2026-02-11T11:01:45Z,Eop_1pk,account.f8d328ed9f1547528730bfd3b344d8d4,2620
2026-02-11T11:01:45Z,BBANS-RUNNS,account.058b83d50a6b40cb9a615936da41a4fc,1517
2026-02-11T11:01:45Z,junsuddonggo,account.9faede27b85242c082d9c6f56b36736f,0
2026-02-11T11:01:45Z,imtherealdeal-,account.82dc5c5d00c9479faff1b52e18f2e0bd,2521
2026-02-11T11:01:45Z,XY_Touch,account.9603a82f532c4e7a9b31610003ca2bee,1853
2026-02-11T11:01:45Z,Piracy_Aug,account.ec0fe7153d424574a71138c562e7e120,1822
2026-02-11T11:01:45Z,PORMJ,account.d027fd175bac4754a4b540091347e307,1766
2026-02-11T11:01:45Z,beki-,account.be6b523e82864cd8898cafc9e1f101bd,1988
2026-02-11T11:01:45Z,Ssdh2,account.83b4e9f24887440ea1b42f0d3f272e88,1916
2026-02-11T11:01:45Z,juuun_le,account.f2f6096e07b0427b8e2319a0cc0d9f62,2274
2026-02-11T11:01:45Z,MYOZ_Tank,account.83e77a659bc343a2a918c5226b015dd0,1932
2026-02-11T11:01:45Z,GOGIGUKSU-,account.f87bbb12c7224ab3807485071eaf1b76,2187
2026-02-11T11:01:45Z,SIRU_EX,account.49538758c44846238739337ae623b6ad,2309
2026-02-11T11:01:45Z,swpuppy,account.429733f25afe4325a066a3800e4e133a,1999
2026-02-11T11:01:45Z,B_BANGTaemiN,account.2ef725083620409fb600475e0ad1002e,1933
2026-02-11T11:01:45Z,WF_BADA,account.027107198dfd4820970be7b40ddc8ed4,2332
2026-02-11T11:01:45Z,EunchaeOwO,account.62a953fe3e614e60ade80ccb0d5e8db2,1863
2026-02-11T11:01:45Z,JIi0_2222,account.0f27658ad58e4af38c4510be7b78bee1,2115
2026-02-11T11:01:45Z,Levi_Ackerma_94,account.7f00eb3f2b914e7bab06c561024cd07d,2418
2026-02-11T11:01:45Z,MYOZ_TAK,account.dbdef810de1c436784950bf9c2cbacca,2482
2026-02-11T11:01:45Z,RN_GOSICK,account.2fabc26d25da46f9976520918759c367,2043
2026-02-11T11:01:45Z,GGamJaOwO,account.4c9577f6cfc24de1b0e07854db878dcc,1920
2026-02-11T11:01:45Z,DA_Dalha,account.5871ce5076994e98a9c8a3f4514a0503,2079
2026-02-11T11:01:45Z,minmanizm,account.bacd4595fe194c7aa2f87e16ddc97984,0
2026-02-11T11:01:45Z,bramssi,account.d50ba051198e4d77be2996eb2c891a96,1848
2026-02-11T11:01:45Z,Kx_xHyeong,account.6ee99c43b6b843d3a56f2dabb97167d0,1973
2026-02-11T11:01:45Z,EaglesOwO,account.a577a54ff051496cafa0abd123a702df,2101
2026-02-11T11:01:45Z,LG_phoy,account.7251d1e8b5c8417f85e793b195b4781c,1959
2026-02-11T11:01:45Z,Aromatic_7pro,account.86bcd2a9c5944ee39f8955c7aae41591,1469
2026-02-11T11:01:45Z,Aromatic_1000pro,account.1f507c2baf47439b8e57243c79ac2ba4,1958
2026-02-11T11:01:45Z,MYOZ_Liar,account.74ffe707d63546498bffa58fc6749547,2137
2026-02-11T11:01:45Z,yyyyyeah,account.6484d952d70d43b8816aebe36b59d09b,1979
2026-02-11T11:01:45Z,taenguground,account.d905031e0f884858b3133696b97513fd,2716
2026-02-11T09:38:08Z,RNB_JAZZ,account.ed65330cc99e46bead56eaf826414461,2031
2026-02-11T09:38:08Z,Shin-Chan_Suji,account.c81fd8e4d4cd467eaba0cf6984f69dd4,2142
2026-02-11T09:38:08Z,Hwan2dat,account.f02b84a492934db0b2b626111c7f9af9,2364
2026-02-11T09:38:08Z,Pride_BAE-BAE88,account.ccce3e6cca4d4eb1bacee1cdd63511de,2335
2026-02-11T09:38:08Z,kkang_dougie,account.be8fc40f699442c28591c7d6c0b5b480,1991
2026-02-11T09:38:08Z,QoQ-a,account.fa513aec5f2c46648c2c0f8a90ef5331,2239
2026-02-11T09:38:08Z,JonnaSexy_-,account.8dc3b677cbbf47d28387c58acbaef016,2065
2026-02-11T09:38:08Z,kshyunn,account.c497af91a22542c09d7c853da52d0874,2002
2026-02-11T09:38:08Z,iililliiliiiiii,account.3854b497caa64d8d85cb5ec6285c4c9f,1898
2026-02-11T09:38:08Z,fmmmmbmm,account.67534ac2566b41428699c8e616ab29a1,2371
2026-02-11T09:38:08Z,Fuxk_Hawk,account.63a0ff281e9f4ac98042ed030e0a3a31,2022
2026-02-11T09:38:08Z,Y_Jun_o,account.44a86657ec534d7f8da440b109a132dc,2453
2026-02-11T09:38:08Z,X1bao-_x,account.dc51ba30d0c34d93bd530fac91f04ba0,2299
2026-02-11T09:38:08Z,PEARZOONO,account.edb1fcc1a64649f2ba520beb4d2bb5c6,2200
2026-02-11T09:38:08Z,VictoryRush-,account.c3b9c41dcbb14a8ba0ee3017dec5626e,1928
2026-02-11T09:38:08Z,tjdrmb,account.0c894014c3e74280a4d7a2a15a65064d,3622
2026-02-11T09:38:08Z,Shin-Nohara_-,account.89c6337f3e94493189dba015ee3944bd,1873
2026-02-11T09:38:08Z,1_Pointer,account.e55ea577aaa843169d6dbe567ed1994e,1819
2026-02-11T09:38:08Z,HTD_DoraEMong-_-,account.e2dd80a7415a4d71843c385ffd40f96f,2222
2026-02-11T09:38:08Z,semoya_,account.c7a576468ad246298e7d7dae40cc93cc,2179
2026-02-11T09:38:08Z,HTD_hachuping-_-,account.0ad5882456ea412ba25323a62aa9fa4a,1857
2026-02-11T09:38:08Z,Dorazip_,account.38e6cce4754d4e6b91df63a960adff9e,3266
2026-02-11T09:38:08Z,HTD_JeonTank-_-,account.366dafc4a54941abb70659c0d56432cf,2168
2026-02-11T09:38:08Z,Secret_Sexy,account.68e97126e73249f3b39723b0b6468d70,2393
2026-02-11T09:38:08Z,Giveme8xplz,account.e4f70e7841f34aa0b4030476d1dd5319,2419
2026-02-11T09:38:08Z,DG98_98,account.986936482d2b47279856955a04f70abe,2229
2026-02-11T09:04:49Z,Hyuk--E,account.a173de106e7141c9b6a0e50b8bedcb94,2028
2026-02-11T09:04:49Z,WG_ANJU,account.960d6cd69d244ec1b45c0fdecad6012c,2509
2026-02-11T09:04:49Z,WG_HYUNW00,account.417fe02c82eb43b7a1857c053630c51c,2301
2026-02-11T09:04:49Z,ImMINO_,account.42ea9f5281394e44a84d5a28e5a9b444,1579
2026-02-11T09:04:49Z,shujjaem,account.20ead2e9f0cf480dbcd79306218466b6,1890
2026-02-11T09:04:49Z,WG_SOJU,account.ebb0712d6c244f68b4e0bc0c3fddb145,2457
2026-02-11T09:04:49Z,hechuping_do00,account.31a34facb56d482389b945f1fa5eece8,1636
2026-02-11T09:04:49Z,FC__0nline,account.d31a59636f44496291cc5904ee2fbff6,1579
2026-02-11T09:04:49Z,GzKitty-__-,account.c8c88eb51a55406b83b84b8035e82aee,2207
2026-02-11T09:04:49Z,hxx_xu,account.265367680a9d4af2bd3cf926a0a8a0b3,2070
2026-02-11T09:04:49Z,Hyung_Ballum,account.d4725973b2a14c79ad2a1aae069855ad,1930
2026-02-11T09:04:49Z,popkonTV236,account.03c45406ca8c421ea7c881913875a67e,2629
2026-02-11T09:04:49Z,BGT_Namaste,account.0a609bfd074344d483b0fdcc9b635c35,1977
2026-02-11T09:04:49Z,MINT_KSH,account.99129428c49647f69a17ac11a159797c,2071
2026-02-11T09:04:49Z,Mc_LinCherry,account.001849b697c24dbfac0ad86785ee1c42,2222
2026-02-11T09:04:49Z,Gz_Madmax,account.7c0299d6a4844598b97c64f9738f95e0,2488
2026-02-11T09:04:49Z,2nans_97,account.d663507e616849389bd4721dd613f62a,2401
2026-02-11T09:04:49Z,algPqkqh,account.ed7ef65e10124d559c27e3a17656bb7f,2038
2026-02-11T09:04:49Z,Able_Unkown,account.ad158b4619574443b943d6b73ea265cf,2020
2026-02-11T09:04:49Z,Ji-Nen,account.06ed1c53e9694230a8e7fb8d51f58961,2200
2026-02-11T09:04:49Z,WallGang24,account.fc8ec2a1645c42979fdfeb502f72cbaa,1990
2026-02-11T09:04:49Z,SoLoDDI,account.52a6bdf690de4a36b598edb38255eb48,1915
2026-02-11T09:04:49Z,Galsajang,account.6650d288698545d0aa729f72b1591636,2381
2026-02-11T09:04:49Z,yongjae93,account.1c9ab1f0c59947e485ac1b8b4baa332c,1429
2026-02-11T09:04:49Z,IMNOTMAST1NG,account.86c37cbb61f941519bcdbfa0a55003c3,1506
2026-02-11T09:04:49Z,Xijixping-666,account.e5136dc500354c20abc5d4a5bd2ae330,2212
2026-02-11T09:04:49Z,ilovecarb,account.f07443f3da65497f922d83f790a33676,2407
2026-02-11T09:04:49Z,kwon_kwon_,account.98abbae2278144c7ba4df6b2eb523166,2631
2026-02-11T09:04:49Z,4B_GURAPING_V,account.f9c14d61a8da4ea687cbcedbcf17c5de,2006
2026-02-11T09:04:49Z,i7NnErdlsj,account.15f968c5b1294b139ae5d1acb1d840f3,2345
2026-02-11T09:04:49Z,BGT_VVook,account.34cfe066987d45b1a27c313309fad863,1988
2026-02-11T09:04:49Z,In_188cm,account.89e9d9598a074f87aa0f74a2f2911fce,1965
2026-02-11T09:04:49Z,Xero_G2ckgi,account.efefb287b631417c8d81168aacbd11a6,2166
2026-02-11T09:04:49Z,ens0704,account.142ea3397b9f4b8680a439ec65d348c7,2136
2026-02-11T09:04:49Z,ImKitae,account.dff6c937721a4edeabe7924bf1585ea0,2297
2026-02-11T09:04:49Z,MlYeok-_-,account.8fc42a3cd5174c598fb0e076e9e77479,1955
2026-02-11T09:04:49Z,wkfrkqudtlsdk,account.e93134b3c8004b728e8d7f56d697ae07,1563
2026-02-11T09:04:49Z,DAF_1544-9030,account.128b8370cbf54d29bba5ec9af52f34e6,2688
2026-02-11T08:59:19Z,devilish-_-,account.e4a80f125d2a492f9a24e8218a60b26e,2123
2026-02-11T08:59:19Z,go_chu94,account.7bbd188931b34446810c88aaebe34948,2085
2026-02-11T08:59:19Z,JoWooJu,account.d61d4f37265f4ea0a7f7431318062bcb,2170
2026-02-11T08:59:19Z,21377,account.8e22c1005c364612b453f3c24633854c,1906
2026-02-11T08:59:19Z,CQC_KIMCEX,account.7d1ec2fbd8544ccf8fcd367982bc1fc6,1622
2026-02-11T08:59:19Z,INUMANDOU,account.75b6c5506d654bad81264053b2407c7c,2298
2026-02-11T08:59:19Z,sbhan2,account.2e59afb299d4490aa7d66d293c496b76,2014
2026-02-11T08:59:19Z,OOSJM,account.0ef87cffb67a408f824306164eb61fae,2474
2026-02-11T08:59:19Z,Shotpar,account.4e99e5191bb0429a96d6df252aa9f741,2242
2026-02-11T08:59:19Z,dbtjd6055,account.e08e0229deeb4a7da70e893aae0c366e,2162
2026-02-11T08:59:19Z,DIC_eunwo,account.56f803f887664403b66221a4a65ac923,1903
2026-02-11T08:59:19Z,SUSRSR,account.e7a193ca38304856beb7388c8cf86085,2034
2026-02-11T08:59:19Z,Ll-OF_Hyuk2_s2,account.1a9b9b2c644d4c79951500ce0f33816c,2138
2026-02-11T08:59:19Z,DaeHun12a,account.7f88510230d84f82b54d3a93de92f15e,2268
2026-02-11T08:59:19Z,iui0820,account.3488b7c6b60f49f587b25b92fe756760,2075
2026-02-11T08:59:19Z,2SL_Ja-Ryong,account.eb3a48f42af84e6eaf466e4acd647de7,2265
2026-02-11T08:59:19Z,kd9yu,account.e71fdaff230447f191bad5c6b1e49000,2000
2026-02-11T08:59:19Z,DAF_DAK93,account.de0672ec2c434866b8124f1f77af1aba,2378
2026-02-11T08:59:19Z,rlaxofl1,account.70944ab2bd87478f89e5a7ee71f0220f,1966
2026-02-11T08:59:19Z,Yi___Jin,account.acea338c9ad74cfcaf38234f1add967c,2006
2026-02-11T08:59:19Z,o_okjw,account.63554b8cf9a34457ae16b3b7fc51126e,1993
2026-02-11T08:59:19Z,miii86,account.c6f3be625e284859ad6185372e998401,2200
2026-02-11T08:59:19Z,OH7IOI,account.424e813fdcb34ef4a3c50a32ea5e7109,2007
2026-02-11T08:59:19Z,KingGod_Se,account.e4e66e5bd4224944a16b79620be69c27,1985
2026-02-11T08:59:19Z,JIMAN_9999,account.9b9e7cf148844a34adbd1b7e6c812f67,2288
2026-02-11T08:59:19Z,DIC_Narangd,account.a1c0d6b4c1354b698125f886c010d67b,2219
2026-02-11T08:59:19Z,Triggeeer,account.37901c1a82ea46cdb927e740774f48bb,2062
2026-02-11T08:59:19Z,R_Performante,account.12c4b5e26e594960b7a96a2c810bce2e,2238
2026-02-11T08:59:19Z,NoJeSu,account.5c16b8363987471ea4fb83449d99a9e3,1994
2026-02-11T08:59:19Z,ODOG_BowWow,account.49c0bc454fe7404d83191c7608a15b6a,2290
2026-02-11T08:59:19Z,bleta_,account.7f9adddf68bf47dcabe796284a0d4683,2322
2026-02-11T08:59:19Z,DAF_Ames_-,account.1d6811e2f0f24c52ae7f80837485a629,2412
2026-02-11T08:49:04Z,q---0_0---p,account.e6178317688c4c969bdcddc8ef691303,2132
2026-02-11T08:49:04Z,Flex_won,account.2406681a5f0a4381af25da5fd0a69143,2370
2026-02-11T08:49:04Z,SSALjomDAO,account.ff5ac29c688743b2a209d6b4fa1365af,2242
2026-02-11T08:49:04Z,SASw0w,account.b3e92133cd44484bb7ae303a2ebf0f71,2102
2026-02-11T08:49:04Z,asdzxcqweasd1,account.d5791d12f02446709d25d10a14673411,2029
2026-02-11T08:49:04Z,Nami-_S2,account.b9388114b686457b965a97f3bdfc7e83,3587
2026-02-11T08:49:04Z,Pika_Chu_0_0,account.3780084e2d9b4098963a09547b6b9ce6,3081
2026-02-11T08:49:04Z,CelestiqueenXENO,account.0559bc1e32414bafa43190a27bda68dd,2302
2026-02-11T08:49:04Z,jominyoung-,account.d8b4375c7e7242ff849b956999895a41,2003
2026-02-11T08:49:04Z,fpej12,account.bb407ad7c429406ba04e07c903cde284,2001
2026-02-11T08:49:04Z,kimki76,account.7f855c63304c417eafb770a229a8e9bd,2217
2026-02-11T08:49:04Z,gouniangyangdezz,account.6f81d3b271f44040a0ec0c94f12ab3c5,2358
2026-02-11T08:49:04Z,SKL_illllllli,account.e41b4bd4316b4645a7345b7e8b570838,1868
2026-02-11T08:49:04Z,Thursday__Party,account.4423f66c629c408796af328007dd024d,1933
2026-02-11T08:49:04Z,bornagki,account.e5c131e46b6e4d5899f1fff9e9c1cf1d,2053
2026-02-11T08:49:04Z,liililllilliili,account.f888b8f8ed3e412b9bd3b27669869f07,2424
2026-02-11T08:49:04Z,whgusrl66,account.fde43b44c8e3462eba2bc3f5dc705722,1737
2026-02-11T08:49:04Z,NU1049,account.d6e6ce16aefb4513a4a69c35b49f1d99,2266
2026-02-11T08:49:04Z,Sxxxnim,account.df6cd7f0c2564f8ba411c493b1cb1887,3313
2026-02-11T08:49:04Z,F1_Unknown_-,account.17f2cb7ac29b4cb39939c7de8473ba2a,2647
2026-02-11T08:49:04Z,ojm-SB,account.f86f2feb1bf144aba8ecabf70e27a63f,1749
2026-02-11T08:49:04Z,Yerina00,account.9488c98d28914a30bfd1123854066bc3,2044
2026-02-11T08:49:04Z,yssergent,account.906d11f7d44d43499e112ee984d4c40b,2278
2026-02-11T08:49:04Z,Drug_Dope,account.2cf3765cf0c9460a88e553bbc9893c9c,2450
2026-02-11T08:49:04Z,o_Mh_o,account.573a5a7a3128438caba46cb9353b196c,1605
2026-02-11T08:49:04Z,leeseung_ki,account.3d86400f027341d0a2f37110a1a6b490,1993
2026-02-11T08:49:04Z,Di_Tommaso,account.4a879ccacf5f4d859eb86e17caa8fb8f,1846
2026-02-11T08:49:04Z,ODOG_RICH,account.3782cd32540c4293b3680907959df4e9,2200
2026-02-11T08:49:04Z,SoloLevel999,account.b28c7cc87d9449cabd3597c2498d0208,1939
2026-02-11T08:49:04Z,sunhungmom1,account.e9bc6fea3c3a4e8d8766648bf42b33d8,2279
2026-02-11T08:49:04Z,kimmin_jea,account.e2de624775a64fa6aadbe79cc3491d2b,1789
2026-02-11T08:30:01Z,feelwhy12,account.0feb49cf1fcc4666be0476dda9957e59,2306
2026-02-11T08:30:01Z,MINMIN_S2,account.8a951eced6c340e3a70f18f41ff6d495,2200
2026-02-11T08:30:01Z,tM_get_out_Lobby,account.c9e77e753ef54f3e9ec3a4dd5c7d985c,2433
2026-02-11T08:30:01Z,Hwan2ttuk,account.1659df897747414099e4b7bf260fb7b8,2345
2026-02-11T08:30:01Z,honggeun2,account.f5a25993771b41d28dc0c48a254178b4,1804
2026-02-11T08:30:01Z,Mendelsohn_,account.c490bb395b0b493aa25545e8cfa9c0c6,1838
2026-02-11T08:30:01Z,xnxyxwxn,account.f92df730bbf74cbe98ced230eea1d225,2003
2026-02-11T08:30:01Z,MohamedSalaq,account.45e92145b15c4319b00f78ef8fc3d79c,2519
2026-02-11T08:30:01Z,cutemunchkin,account.d113a87ac1af4ad582ead5ae291f7f32,1966
2026-02-11T08:30:01Z,RAMRAM_S2,account.46d59cdbbb0a478b90ebc0cf315e3545,1878
2026-02-11T08:30:01Z,fvomiehg4uigt8,account.a3ec2b2af6a74dd192cd9c2ff43a6ed1,1810
2026-02-11T08:30:01Z,wjdqhrals123,account.b4b81fda863848459dc91f109b579855,0
2026-02-11T08:30:01Z,Luna_000000,account.245eb4f6e2ee48b5965ed6eea2d78aee,0
2026-02-11T08:30:01Z,kwxx_531,account.59cb7dcc1f4347eeaa50a6bb3c55f8f2,1761
2026-02-11T08:30:01Z,DNW_Rokie,account.ca21c1fc09434660b501c8ccac56505e,2094
2026-02-11T08:30:01Z,ehdrnekantjqwl,account.bdf82df4b0184c38a0b5813c8cfe1051,1937
2026-02-11T08:30:01Z,tkfdkaksdlTdjwy,account.4d48d752c177429b9d1cd6e678726ba3,2258
2026-02-11T08:30:01Z,zuzi6cm,account.0654e292cd464913af2d09907c727b1f,2267
2026-02-11T08:30:01Z,SNAKJI,account.f6643ec167a04d7a85c0372f7ba0632b,2178
2026-02-11T08:30:01Z,PG_PIZZA,account.329583b73b4d4ec19a53cf7187d058c4,1543
2026-02-11T08:30:01Z,SeongJinPark-_-,account.c78edd4af7fb4954b0039245d9242c4d,2013
2026-02-11T08:30:01Z,NBG_PANGPANG,account.6fdb3f7a4fd145b680154393043a1ac1,2146
2026-02-11T08:30:01Z,SeunghunO_O,account.4d5c7a458231475aba90eb67154e668c,2390
2026-02-11T08:30:01Z,Goyounjung0416,account.96c317dcbd6e4e549944e2ba353f4c32,2007
2026-02-11T08:30:01Z,DWCR_Mi1k,account.406b35b190474e658a3b107d0d38bf0f,2511
2026-02-11T08:30:01Z,Lr_7r--_--,account.2c3c6fc0bbbe47229e99231cacac863f,1970
2026-02-11T07:39:34Z,Best_JiJiBe,account.f2664a95b331432b9f595374c1df671d,2487
2026-02-11T07:39:34Z,WG_JoeE,account.8f93b1b3a388431bb26d6a44aa00db79,0
2026-02-11T07:39:34Z,WGC_Jung2,account.8a158a5c72eb4724bc04af95cffd53e6,2581
2026-02-11T07:39:34Z,ICNS-rungz2,account.16602ee55cbf40dc9647a0302822f280,1997
2026-02-11T07:39:34Z,Nah_z1,account.74c902b91caa463492ec32a44b11d7d3,1877
2026-02-11T07:39:34Z,toakxh,account.f46645dc8109442a88230fa8b1302b13,2260
2026-02-11T07:39:34Z,WGC_Mozi,account.5361f3291b694132b480a0d7712c2660,2361
2026-02-11T07:39:34Z,HELCO3031080,account.5de060b5daf44447816f7eb7cbcad958,1833
2026-02-11T07:39:34Z,K_-judori,account.c721b323ebad4619a282002b895c9106,2357
2026-02-11T07:39:34Z,Qkfflgkwk1,account.f176a031007049ceb8877e79e73a13b7,2217
2026-02-11T07:39:34Z,NUNXX99,account.e0812d37342f4f2a8bbe8db190fdac9a,3277
2026-02-11T07:39:34Z,RM_Neeed,account.d781158e43f242fe8a266cef128b46a5,2366
2026-02-11T07:39:34Z,Gz_Garden,account.9cc5cbb17b5640518826d460936e23ac,2114
2026-02-11T07:39:34Z,S_ZEST,account.d04ebcc4fde049a29b2f399a644e0c2f,1867
2026-02-11T07:39:34Z,HooNi9502,account.a30f51cb356d462084deb9906bf49670,2089
2026-02-11T07:39:34Z,aldkfjckvcjaiqld,account.b78f54b00a2e4e8c80ef8c0747694576,2313
2026-02-11T07:39:34Z,InfernoDKD,account.d1b5fa5524594a89aca8110609c0902d,2612
2026-02-11T07:39:34Z,Best_JJuJJuBa,account.b589c07e7ff24d0e87f9aa9c8e49516d,2024
2026-02-11T07:39:34Z,Safe_Black,account.5503ac579edd4808bee01fb7dd683ab4,2265
2026-02-11T07:39:34Z,RAoN_CHARDDUCK,account.f82a0029c6b348eb834d43d5bb7a9597,1926
2026-02-11T07:39:34Z,RAoN_HaNeul,account.3e239d44526f4079ac30ef8e90bf8d6d,1963
2026-02-11T07:39:34Z,Gil-Yang,account.4cfc0f0d41314f19b523e2092ba428e3,2122
2026-02-11T07:39:34Z,Gao_HaRu,account.6c43e063329e46cebd53f2f5acc63dea,2119
2026-02-11T07:39:34Z,HDH_Noix,account.d24f656c412d4e46b4bc448666fb93db,2206
2026-02-11T07:39:34Z,special__warrior,account.e4d5dfdbdba3491ea1b6f58a0a9a5b09,2683
2026-02-11T07:39:34Z,Best_JJiJJiBong,account.ce4d933b34964160b099e68692d5717b,2062
2026-02-11T07:39:34Z,I_-OORION,account.3cf30cae4a8f47648a5041cde0900f3c,2172
2026-02-11T07:39:34Z,NU_seung2ya,account.8ffaabcfdd4443e2a747de5133becd7b,2833
2026-02-11T07:39:34Z,H_ZEST,account.e4418c7bd42542fd8777bcbae35917c6,2233
2026-02-11T07:39:34Z,DomDaDi-_-,account.b217cd2bdec245948b97a063bf448d86,2024
2026-02-11T07:39:34Z,cjdokgodie,account.89f50487d5d84edcb805b792b09e23d2,2209
2026-02-11T07:39:34Z,INX_Shark,account.2d11b52f1b9a40d783fed366ed7cedc0,2644
2026-02-11T07:24:02Z,Ez_ssss,account.206948d5a4f9429195a5bb050fa93a63,2112
2026-02-11T07:24:02Z,1SC_GYUYOMI,account.87599e7f26b943c0a722388a9fe58516,2217
2026-02-11T07:24:02Z,Ez_Rapunzel,account.dee1ceaad3124ad6951e654e217c7d52,2070
2026-02-11T07:24:02Z,TTaeng_S2,account.35de44e793284803b2626c445f11fbb6,3432
2026-02-11T07:24:02Z,SSG_levis,account.ac24cd33b25040fa94baeea5fc52bc79,2270
2026-02-11T07:24:02Z,Ma1ikUN,account.d649888da91c4afa8f5d8a4217b33b10,3462
2026-02-11T07:24:02Z,v-Geun-v,account.b581fcd0928d41ccbeef53d1af02e2e1,1759
2026-02-11T07:24:02Z,2-Motep,account.718b0f111a5948c0bec8c6c0deb3956e,1972
2026-02-11T07:24:02Z,DES_CHAEN2,account.c24d07ad36c94e72a490caf018de550a,1890
2026-02-11T07:24:02Z,Givemesmokebomb,account.7f2aa0d0917d42439963f3a95b44c346,3385
2026-02-11T07:24:02Z,DaeJ_Typhoon,account.5b730dc6204a492faf24f9be524f13e8,2044
2026-02-11T07:24:02Z,SJ_seon_,account.fbdb7b556f2c426ca45b14833f5ccbda,2028
2026-02-11T07:24:02Z,Ez_WhyeoN,account.ab13cd951de644a1b2bdf34bc843452c,3060
2026-02-11T07:24:02Z,pano25,account.eefc94df70464f8b9579dd531b5b37ca,2094
2026-02-11T07:24:02Z,sksmsqhadl,account.e4c1bfc522fa4aeca67f3b4f2a908285,2304
2026-02-11T07:24:02Z,Ez_Zeri-,account.6a7c75943a244d3f9f99e05f3e93702f,2859
2026-02-11T07:24:02Z,NX_RAK,account.f336a6e11e884f939650ed65c046f6e7,1919
2026-02-11T07:24:02Z,inventote,account.7cf991bfe7fa4694a6536d173092c8ad,2517
2026-02-11T07:24:02Z,IguroS2Mitsuri,account.45cc7d555e904bcebc182af7a97403c8,1985
2026-02-11T07:24:02Z,dong_yeon_,account.0a5ec9cf832b4a5e8d0cacb805ae53d6,2000
2026-02-11T07:24:02Z,MUST_East,account.ea7522d2756946fbb04a09f50ed86c1d,1602
2026-02-11T07:24:02Z,lllilillililiill,account.e66ba6e39be948fb8a65857a0a1b7bd9,3531
2026-02-11T07:24:02Z,Breeze_Snake,account.81dec3de61a44da88347e38c79eb9383,2055
2026-02-11T07:24:02Z,yangkim_,account.bde47b9c06ec47a6a5a508ccbb84c515,2200
2026-02-11T07:24:02Z,2cooyoitASU,account.1e7e190633b845c59c56ba8a81576777,2123
2026-02-11T07:24:02Z,SSG_GUCCI,account.4068391563744392b60cb8383253e0b3,2613
2026-02-11T07:24:02Z,PRF_BACK,account.68c72d567fd54041aa60de72d5521d0f,3851
2026-02-11T07:24:02Z,Yoonk_k,account.6cc97387128043499e523f8197725dd1,1531
2026-02-11T07:24:02Z,pey_z,account.eb137ad623d74da691cdea775855b1a9,2094
2026-02-11T07:24:02Z,lIilIliilIIll,account.b7c3dd8477934d2ea6b3d355768592da,1891
2026-02-12T23:48:06Z,j_jonmattang,account.9f2ff103ccc94ec39b8e8344fb9f72ad,2437
2026-02-12T23:48:06Z,XGKK_TRIX09,account.2f093b9dd5f84d828760186b9376eade,2749
2026-02-12T23:48:06Z,TLGN_DDAK,account.9890dc206d56472f8fefb62d75649015,2200
2026-02-12T23:48:06Z,eGo_-Jooya,account.367b40828a374794b120d5e62368fedf,2348
2026-02-12T23:48:06Z,AFTV-JIWOOG,account.9ed137a0daac47a8b9082aabbef306f3,2113
2026-02-12T23:48:06Z,LC_Aura,account.21e367fefc544113a2655cdcc9ce3bfc,0
2026-02-12T23:48:06Z,BMO_Been,account.326d70ab87b44eb084b022ab87ee7237,2200
2026-02-12T23:48:06Z,DDADUDDA,account.750939543e3940e18bd4ae92dbc33a62,2706
2026-02-12T22:53:09Z,buljokbalirinbun,account.b582a575a9864b2483fb664c7bad777a,1668
2026-02-12T22:53:09Z,KO_WING,account.797338977ffd420eb82223d9753bf223,1621
2026-02-12T22:53:09Z,ZooCaps,account.c178f7ea7f754eb693e5069301c34cfd,1563
2026-02-12T22:53:09Z,DPI400-GPROX,account.02c0f1964eed49369afa796a6e0a3c01,1869
2026-02-12T22:53:09Z,Dulumii,account.d8f9d2ba6d1f471985cd80608a7b0223,2047
2026-02-12T22:53:09Z,zktldp,account.260c921b67e9468e8c04fa8c90e783f5,1959
2026-02-12T22:53:09Z,qasdSDV,account.7a2aa91d9ac54d8f98e8f9fabab37227,1840
2026-02-12T22:53:09Z,hi90,account.e5bcbf5d7eba4259b0b409bc3ea66cce,0
2026-02-12T22:53:09Z,dopamine2001,account.77449baa1380451f87e8650fe2203409,15
2026-02-12T22:53:09Z,sldoaltlqkfdkzz,account.1fd38e739bf647bb91c862da81d04241,1280
2026-02-12T22:53:09Z,choiminsick_,account.9bb44e5884fa4704adb724f3e968ec2b,1575
2026-02-12T22:53:09Z,You_Die_Im_Soo,account.b966630c480c48fe98269c6fd53aa333,2277
2026-02-12T22:53:09Z,NXEXN_TIRE_CURE,account.2f3e27fbcd6440c09bce8b2aac1893d5,1492
2026-02-12T22:53:09Z,nyoung_O3O,account.e38e74e3e77644cca11a09d05aa98e91,1854
2026-02-12T22:53:09Z,x_xGreen,account.c50144a1c55e48c4994c56e5eebc2a0d,1663
2026-02-12T22:53:09Z,Scissor-fishing,account.6205010f455a4432ade8af2911248f8e,1498
2026-02-12T22:53:09Z,hanlong-1973,account.016075b7f5ae41dcbb1dab601ca6083a,1800
2026-02-12T22:53:09Z,Torchyo,account.b7b496e001a341a2b95a08541be04a31,0
2026-02-12T22:53:09Z,JUNBAS_,account.6be4ec59f3074c7aa0907453e7d9b459,1800
2026-02-12T22:53:09Z,namy02,account.d6e544fe22f54d228632c2eac0794d0a,1017
2026-02-12T22:53:09Z,P-gon_v,account.f4932feb72904baf82f8c6e5a8bba1a3,1579
2026-02-12T22:53:09Z,jeongyi-Hong,account.f7e3830338fd4226ad0a100714dfa2bd,1741
2026-02-12T22:53:09Z,GoreaGoraeBAP,account.16dfe82de9f7448a83641ca57ac2e5be,2179
2026-02-12T22:53:09Z,baeyu_b_o,account.5d1cbde041b245c9a4e3c0a57b1ccf9a,1757
2026-02-12T22:53:09Z,ACKEE2,account.f9773cc19ba44608a9e6c2332916cd16,1435
2026-02-12T22:53:09Z,AXE_DG98,account.7fdb858909424b7c9b3709df9f985465,1744
2026-02-12T22:53:09Z,mmnmn4u,account.3ea690b56fe64547af214ff081340885,1587
2026-02-12T22:53:09Z,STG12,account.675c6e0ae3914ea899742a4886f5fe57,1845
2026-02-12T22:53:09Z,moungga6,account.62e208c25b3a4981b10dabf7e892e514,1730
2026-02-12T22:53:09Z,sso_yummy,account.a167f7c9ee7844fdb1d758f6fd89814d,1512
2026-02-12T22:53:09Z,Luer-fishing,account.948c0c8b19284e47a590362b5b2abb93,1670
2026-02-12T22:53:09Z,IRIS_PS,account.65ec67b1646c4242a0238ca127610d9e,1573
2026-02-12T22:53:09Z,risa_husband_,account.00095823376f48eda302534fbc70fcdb,1002
2026-02-12T22:53:09Z,kim-doyeong,account.a1b20a69f46245b49e28ccbe14a59d11,1314
2026-02-12T22:53:09Z,appahh,account.c497036b084a4e96bb1ee29b035dd42a,19
2026-02-12T22:53:09Z,ZIAN-,account.485c63267c634e0b84de60fe916cf260,1662
2026-02-12T22:53:09Z,GBC_DaeJi98,account.1a27b08091254f1697de188e61406056,2066
2026-02-12T22:53:09Z,NAERONAMBUL_-,account.aca81df073564900a6e8865d3110ba29,1825
2026-02-12T22:53:09Z,sqex4,account.ee6e9e55367148fdbe0302faa20b74e4,44
2026-02-12T22:53:09Z,adhdARMY,account.7db42997d94348a9af811900fc34c243,1735
2026-02-12T22:23:18Z,KINGBOOS-,account.791c4791fee2427b87e1d5317f284c0e,1888
2026-02-12T22:23:18Z,oohhaannaa,account.a1bec332e41d48f59c023b00e8db9fd0,2110
2026-02-12T22:23:18Z,Legendary_JM,account.875c245841dc4c5896a5fd44321bc405,1800
2026-02-12T22:23:18Z,Baegi90,account.65d788c675b24945b8621f6b202e5136,1800
2026-02-12T22:23:18Z,KGM_OL7LZI,account.9d74a9fb137f46e685fcf6893b51e6f3,712
2026-02-12T22:23:18Z,nijugineuntime,account.a63cf4c476e04273b4aeacf48e76fea3,1756
2026-02-12T22:23:18Z,MEV_He2,account.ca8e0e3322e44c55b01bb034a95d48dd,1967
2026-02-12T22:23:18Z,LunarisHeart,account.c4cb90bf93694e9dbde6f64e985c18c4,1734
2026-02-12T22:23:18Z,fjti,account.0b9edd030ae747deb98529a3b71622ed,1242
2026-02-12T22:23:18Z,do_wa_joo_sae_yo,account.9d6d966eceee4e5497e09f240ffd1136,1226
2026-02-12T22:23:18Z,SSQTYQQ,account.dbd5bb45c85b4bd2b4abdad0d3909406,1729
2026-02-12T22:23:18Z,Sojima_18roma,account.d4ffbca91b3348f1a3b622766ec9bfe2,1661
2026-02-12T22:23:18Z,asfmjb,account.df24fde038af498188b32afda8b48488,1916
2026-02-12T22:23:18Z,KINGDENT-,account.a275503cd0644863936133b23fbf2506,1841
2026-02-12T22:23:18Z,young719,account.fc74f83aac8f47f4bc46c55601c4cbe0,1800
2026-02-12T22:23:18Z,KGM_YamYamE,account.63226f45e05f4f18bce8ad971b8045b4,796
2026-02-12T22:23:18Z,MA_Snn,account.e6f5b1c7a7f844a5ae1349104038848a,1715
2026-02-12T22:23:18Z,IIllIlIllllIIlll,account.0d17a43fadf442078ea6ce2cfaaf0a53,1400
2026-02-12T22:23:18Z,Rng_co,account.e0dcf439525046fb8e3eb00dd2918be5,1579
2026-02-12T22:23:18Z,Pro__kiM1006,account.d4960cdf235c4ce0864786943b13267f,1089
2026-02-12T22:23:18Z,GEN_lonex,account.4a44281191ec4b5b9774465b13cbb94a,1564
2026-02-12T22:23:18Z,CK-PKT,account.8810b56c97ce4200ad82b5be18adc255,0
2026-02-12T22:23:18Z,7HboKcHi-__-,account.a4eaa4c1dff74e1c87c507cce29ce8e5,786
2026-02-12T22:23:18Z,2hearttttt,account.54c67d4d1bb04b398b448146c47ccf2c,1975
2026-02-12T22:23:18Z,Durandal-_-,account.88716c6c04664f47aa41c3698a354102,1574
2026-02-12T22:23:18Z,Xx_J0Y,account.ad2fc98b261a4d029cfcee25231e47b1,1533
2026-02-12T22:23:18Z,DooJJonkoo-,account.2b9cdf0b171d4af6ad2ee764da695205,1822
2026-02-12T22:23:18Z,KGM_Busansaram,account.2eac9050d0cd4e189384397c362ef77b,1068
2026-02-12T22:23:18Z,BokHeeD4NG,account.71385f6fdc2740c1afaf5aa3a2ef3b5c,1700
2026-02-12T22:23:18Z,Eunl0VEHyuk,account.cd8ff1bd8c184cb99af00dc3a1f7c5a5,1655
2026-02-12T22:14:05Z,H_RIMRIM,account.9ebeedfb57624f378b6aa323eb247cae,1394
2026-02-12T22:14:05Z,koo1787,account.2a212f46e653444697325e604c6323b0,1614
2026-02-12T22:14:05Z,KEEPNAMHYEON_,account.30fb2a4c607543dc8e8bf2244c86285a,1680
2026-02-12T22:14:05Z,Moo-hyeonCity4U,account.7670cc22b20549a190f42a4febb39fda,2031
2026-02-12T22:14:05Z,DogVoji,account.8af70924c6fc44c0a8479929cdcb6eb2,1623
2026-02-12T22:14:05Z,BlazerBlazer,account.1a5694f25adf46a2ba406116837805cf,1524
2026-02-12T22:14:05Z,CK-Lana,account.1d3baf4bb3324237a4406efff301c8e7,1829
2026-02-12T22:14:05Z,Mommy_HoneyPunch,account.cde20b7dc100410687d521f97e16a21c,1927
2026-02-12T22:14:05Z,OM_daegar,account.73cc37eca23847dcb0f349aa1fd57b12,1879
2026-02-12T22:14:05Z,WUWU_YA,account.f3c578c9f09a4555bcfdc3086fafbed8,1667
2026-02-12T22:14:05Z,KGM_AppleJuice,account.cf8fa11c1a084026b90e58cfd49505b7,49
2026-02-12T22:14:05Z,5sal_PochAco,account.0361613c48a549ea8c23d8a106df8a29,1918
2026-02-12T22:14:05Z,misosonim,account.ed4a64a937254806b4ca690596e2091f,829
2026-02-12T22:14:05Z,Rumiyam,account.5d63568d63544ed9b2227aa5938b7992,1945
2026-02-12T22:14:05Z,BoretNaru12,account.301ce1808b1c4fc0b92b5ba1f8dad29a,1989
2026-02-12T22:14:05Z,doazh,account.84ef9eb762614c10adbe2d006a25897e,787
2026-02-12T22:14:05Z,ToT-_Lee,account.434cbe402f854d72b80e8f48042f89b3,1
2026-02-12T22:14:05Z,Hari__S2,account.85400e1380154de0871fd4b3fc4786cb,1598
2026-02-12T22:14:05Z,Dalchesom,account.6cada9ffcb624707825eac537e33faa3,593
2026-02-12T22:14:05Z,4624379,account.3d65882b98824f788c2fee623628464f,1891
2026-02-12T22:14:05Z,deasung123,account.55a147bfef0c4e44b4563e5e9586fd75,1293
2026-02-12T22:14:05Z,Im_baerin,account.4397697d42304e42a424a66221c90241,1913
2026-02-12T22:14:05Z,bbozzi_4485,account.1904a8f59a7f4313915b5d4619de554d,996
2026-02-12T22:14:05Z,BR_GOAT,account.b0453697041041f585e53558dbd786d1,1400
2026-02-12T22:14:05Z,jini0_,account.fe4095fdca484869a0dde4896e9706fc,1630
2026-02-12T22:14:05Z,KGM_YxxxR1,account.4e73e008e70e446a95231ab6a39818ea,1183
2026-02-12T22:14:05Z,Balotelli-__-,account.a98ae24d24e146a09cc3d15f9c30ae75,0
2026-02-12T22:14:05Z,K1M_Y_M,account.3fe9eb02d8e04a4fafb3b295e73a1a93,0
2026-02-12T22:14:05Z,PUBG-SOlO-_-,account.791ec720af9149eb96eb4c686bce5c0c,1294
2026-02-12T22:14:05Z,dlasltn35,account.8bc3c8c4e5d74646a3393cba3548936d,1340
2026-02-12T22:14:05Z,jjun_jjun92,account.3b6c60f0a9da42dbafe32e65f9330e4f,2200
2026-02-12T22:14:05Z,onlydoa,account.4e5d4db0ba3e4c08be3506ca34011d62,1219
2026-02-12T22:14:05Z,Maild_AJ,account.0422ae617e9d4780919d26be6a0f1688,1781
2026-02-12T22:14:05Z,whw_hwan,account.0d2143f0369d4c3995f83bf657a3b3e2,2024
2026-02-12T22:14:05Z,VectorVssPingPlz,account.24f375059ab44b669b4052cbb0ca0863,1983
2026-02-12T22:14:05Z,Uwid,account.8eb5ddc5b764450a8177ad365fdf9b0c,1883
2026-02-12T22:14:05Z,hyojunking69,account.07fbcf74de4a4394a428639ec11912bf,1079
2026-02-12T22:14:05Z,sexyjeahong,account.66dbad5df607489c880c001017cd5095,1844
2026-02-12T22:14:05Z,jonnaNadae,account.6073ac5d806e47cca612f3d9bfe77ff9,1852
2026-02-12T22:14:05Z,bbebbebboo4U,account.ab613facae8646309ef3822fd87c366a,655
2026-02-12T22:14:05Z,Ivory_TnT,account.a50c0e7f521e44a6b38169a03ceeb148,1957
2026-02-12T22:14:05Z,Berly_gak,account.7cc3c3354c9c409981a568bc6388ffa5,727
2026-02-12T22:14:05Z,iS_Psycho,account.a9084cb17e9e49489e807e7c977ca02a,1963
2026-02-12T22:14:05Z,FM_wANG,account.d1bb3aa9da354902a6eeaa0cd6f79468,1994
2026-02-12T22:14:05Z,SejinLoveTo,account.29dc1bcf05dd47518e2ea7bab598fafe,1846
2026-02-12T22:14:05Z,PhoeNix1439,account.972bad2e535141faa2b4c64de092533c,1737
2026-02-12T22:07:54Z,HE_HotGirl,account.f355a0054f564905b4acadf2dddaafc3,2158
2026-02-12T22:07:54Z,KIM-HA-MIN,account.20a12884318a4554bbf88cd36ad6f127,1662
2026-02-12T22:07:54Z,May-21,account.8432b6a99a25441492c5071bbc645c51,1596
2026-02-12T22:07:54Z,CSG_1728,account.f7829931139a480f910c12ed3fa4280c,1365
2026-02-12T22:07:54Z,SupRemE4HW,account.1ab9d15e07e54ea8a4d653ab3abd7657,1784
2026-02-12T22:07:54Z,dlekfws,account.5ee714389d444ffdb53b265d32688c3b,1961
2026-02-12T22:07:54Z,vearin,account.bf91d32a25f8410a85278510010ca5c1,1646
2026-02-12T22:07:54Z,T-_-Ryun,account.76f56e541cac45c1bfb3f0cd2e4c430c,1933
2026-02-12T22:07:54Z,JoKer--JH,account.230ba2ef9c9f4e89886bc88e2c0cd16c,1467
2026-02-12T22:07:54Z,Nogirim,account.e0691443ceaf4ba7bcc03903a463a6b3,1753
2026-02-12T22:07:54Z,leeki_ki,account.9dd9471f2ce54ffea9199a0f8ef03199,1849
2026-02-12T22:07:54Z,jjjj1207,account.96f56358388748728d5b616a6b2c7b3d,1865
2026-02-12T22:07:54Z,J_DDDHHH,account.c87b8af1fc3a469791f115eb689fa6a5,1913
2026-02-12T22:07:54Z,masidda_zz,account.206efa07e8eb477e931589cf751cdf10,863
2026-02-12T22:07:54Z,VINSLAY,account.385809a1ef504376b40453873ef850ef,1909
2026-02-12T22:07:54Z,jja-233,account.05ea31d0eafe4a0f829b7e342692025b,1894
2026-02-12T22:07:54Z,wapozls,account.dbcc796e6a0f4902af3471cfef7a3995,1801
2026-02-12T22:07:54Z,TWIS_NlXZYEE,account.7aa513e2befa40f98c687e7e185df75d,2029
2026-02-12T22:07:54Z,ROSE_707,account.98c303752bdb42f981889a3ea4161ddb,1299
2026-02-12T22:07:54Z,FeNdi4HW,account.81bf89111bb5495aaf24ecd0b818853c,1951
2026-02-12T22:07:54Z,Te_To_man,account.cf44183c07434895b6e31b16d036e7ea,2287
2026-02-12T22:07:54Z,Mapia-Cha,account.ede8900229a84babaa0018fb7df70d33,1353
2026-02-12T22:07:54Z,Egen_man,account.52f525e98e844ea184ce887e1c5e6918,1672
2026-02-12T22:07:54Z,Beth_tsaida_,account.7f5a895789414715b4d4c8e25a3f45ed,759
2026-02-12T22:07:54Z,PJ_PARK_,account.0706d497effe42a1a0a081563ed838d3,1748
2026-02-12T22:07:54Z,JoBBaSeKi_Naga,account.91c3ca0077354d8c99574d17fc26ad33,1
2026-02-12T22:07:54Z,radio__head__,account.6611d37926ab41cda871d3d9cc96813d,1396
2026-02-12T22:07:54Z,Xovhx,account.0f90dc508b5b412fa2da36a34eac62fd,2257
2026-02-12T22:07:54Z,Abel_Redzone,account.6a7615172dfd46c1b98da363d4918553,2036
2026-02-12T22:07:54Z,96SYD,account.f6c56a5b4d9241459033b9bc243001ff,1783
2026-02-12T21:57:12Z,TSG_cosyharu_--,account.8dca8d9093d546f0a562646e1965657d,2430
2026-02-12T21:57:12Z,Beom_SIUUUUU,account.3317cff24ad341aa924d5569930af0e5,1981
2026-02-12T21:50:12Z,Soo_BalBalTa,account.99d7715e60814ff4bc30440349a66cf5,1964
2026-02-12T21:50:12Z,Safe_GgoongDoll,account.7eb22ed4a37249c1bcb8acf2e181c556,2207
2026-02-12T21:50:12Z,tptkdTmfprl,account.2cad086ed0bd4b62bb492c415fda61ac,2248
2026-02-12T21:50:12Z,Shxxtime,account.20bef2edde844447bbcd9ffc35b4d914,2167
2026-02-11T14:36:47Z,Moongle_i0,account.f070a9b80ebb4f22a54b6a684fda6718,0
2026-02-11T14:36:47Z,arcoinc2,account.99ad60363f4f4ba6819abcab7f6e02c8,0
2026-02-11T14:36:47Z,JJangA_ASU,account.60dcf942b1a34892984822775c132855,1626
2026-02-11T14:36:47Z,Ga-CHa,account.bba0a3f8e448458f984843d4ec50ba25,0
2026-02-11T14:36:47Z,1st_Ogam,account.69b030688a2e4e4c87d1bb4f4e47bf37,0
2026-02-11T14:36:47Z,k_ba_nana,account.dc94d64d821349d18734ac545eb299f9,0
2026-02-11T14:36:47Z,BGP_1nTellecTkr,account.4fc6895f3dbd4ac8be010b9c67232fe1,0
2026-02-11T14:36:47Z,NNNNNN_WWWWW,account.1378a35f7fa34ba4a3f4846e08ebf009,0
2026-02-11T14:36:47Z,YongsanKatusa,account.37c8d3aa5881469e839f6020e40324d3,0
2026-02-11T14:36:47Z,MaRinCoRPS3,account.bfb55826f5b342c29bf430edabb41413,0
2026-02-11T14:36:47Z,uszz90,account.e1e619bc6bc34037ad46e647054a8fba,0
2026-02-11T14:36:47Z,g1baaaa,account.993cac2198354da6812c43f4b37655a7,0
2026-02-11T14:36:47Z,GJGT_FAM,account.6a37d93311e14826a8fb54cf12090f1f,0
2026-02-11T14:36:47Z,parkmanduck_,account.b4eebff9549340d584d2d7a17f77b05b,1947
2026-02-11T14:36:47Z,himynamestar,account.1922a47d3c744f04a43277c84f1795e6,0
2026-02-11T14:36:47Z,MinBilly,account.07741b6a7be545d580d55961fd2f0717,0
2026-02-11T14:36:47Z,pretty_ruru,account.5b32f844f5b04f4d9eda99d71791743a,0
2026-02-11T14:36:47Z,yabyab_05,account.78bf3e8e017f46f4a21f92d63e419677,1149
2026-02-11T14:36:47Z,vvvvvo12,account.3575dfea7ed74def8a7ee9a9c3435a69,0
2026-02-11T14:36:47Z,mexicoggang,account.b2ed1c1a787240389547f2f2c6efb07a,0
2026-02-11T14:36:47Z,NICOROBIN0,account.648266b58b0b48d89f5ff542e14b0709,0
2026-02-11T14:36:47Z,4Lever_Legend,account.c8a24d7185374a6a96472fc2d380d398,0
2026-02-11T14:36:47Z,ppwanjong,account.898cf0b7c91141609524edd024c8797c,0
2026-02-11T14:36:47Z,1st_helloapm,account.bf37e3ca121149c8a10e6bdd7815c6d4,1695
2026-02-11T14:36:47Z,yun2346yun,account.817799f2d77649cbb0108ff2af949318,0
2026-02-11T14:36:47Z,gkffooo-_-,account.aee69fb50da94f8e8e76ba2857635210,0
2026-02-11T14:36:47Z,LilacWish,account.443ffcf05d6a4014b73609d84823e7fe,0
2026-02-11T14:36:47Z,WG_Baeng,account.2c1e443b043e419eabb29b6a99784463,2190
2026-02-11T14:36:47Z,1st_SoJuQueeN,account.03e2b74445f543979a590eb3ff8e9b88,1338
2026-02-11T14:36:47Z,kangdolsexxxx,account.11ac0c30209c47dab43c1dde47a309d1,1939
2026-02-11T14:36:47Z,B2RO,account.5cbd8253e78940a59a24a77f2e9e309e,1881
2026-02-11T14:36:47Z,Young_Hoon30,account.f47cbca052a94b8f9faeaafbe0f9abd3,0
2026-02-11T14:36:47Z,SIVA_DOK,account.b09251a4cb764fc6bbb5659d656c552d,0
2026-02-11T14:36:47Z,princekkyue,account.2aa48e01d77749c18ca11f5f7b63fb02,1864
2026-02-11T14:36:47Z,Bernardo_sliva,account.d75746987d144debab9797d7eb515f8f,0
2026-02-11T14:36:47Z,GONGJU_ASU,account.f042584c4603492ea211c7503bf17543,0
2026-02-11T14:36:47Z,TiMoASU,account.adfe1514c33d4e8cacb5ecbae07abd74,2133
2026-02-11T14:36:47Z,hxunjxn_-,account.6c8dc66ead2a4d928a9fb1dc4cef42bf,1791
2026-02-11T14:36:47Z,YODANGANGGAJA,account.ef41bfe28aec4c89a3c6882dcdca7968,0
2026-02-11T14:36:47Z,JONDEGANA,account.548b652c78d14fedaf53b31d59b7fb8b,0
2026-02-11T14:36:47Z,SLayerS_MarinE,account.40069f1a15a64924a6bfdeb89322a8d9,0
2026-02-11T14:36:47Z,KCPK_02,account.32d125f5c222452ebd012303969b15b0,0
2026-02-11T14:36:47Z,oopt,account.5eb3482a86654539b6110bbfe877745f,0
2026-02-11T14:36:47Z,Joli_Pappilon,account.6e565b95e540411d89edd383567ba5cd,0
2026-02-11T14:36:47Z,WG_JAEUP,account.3ed91ea0cf1b413db8f4526cc933de5a,2385
2026-02-11T14:36:47Z,chaeju9118,account.150c99891a564c41aa4a461e0c06fcf2,0
2026-02-11T14:36:47Z,celljjok,account.cf32d8f98cb34d428049bd020f499973,2007
2026-02-11T14:36:47Z,qhssmd21,account.add986396d454a7db566e99ef3003a17,0
2026-02-11T14:36:47Z,Soonfell,account.c47dd32a66f845b0be61a5ea54521f5d,0
2026-02-11T14:36:47Z,Desperado_77,account.142607ef5cdb488e975d15b58a22104a,0
2026-02-11T14:36:47Z,DAEDAE_JANG,account.acae803afbd341b6834c0d2fa0c142b1,0
2026-02-11T14:36:47Z,creamy_BB,account.41bc381961fa4e63a86cf541c29f9b66,0
2026-02-11T14:36:47Z,UKe_e,account.4350a4f4bb4648bbb52eb14a138c2d6f,0
2026-02-11T14:36:47Z,csm010,account.91cc99e882ce46aaa8e5270cbf86c239,0
2026-02-11T14:36:47Z,ibhnjufgvdxzx,account.44936a5588ce4ccfa37aed369f08464d,0
2026-02-11T14:36:47Z,llliiiiiilill,account.214b6f062e09414b902535af68446524,0
2026-02-11T14:36:47Z,WG_109,account.7dc39949d5c24f0f8d2a19f094665cb4,2700
2026-02-11T14:36:47Z,CDolmang,account.0597904ec5d3404dacc326629a3b7974,1751
2026-02-11T14:36:47Z,OoO_in,account.7a39121a33f74423b5046536f96e9c25,0
2026-02-11T14:36:47Z,yu_3112,account.e9bdd4d8c4654bda9c97e9a28339685f,0
2026-02-11T14:36:47Z,Yxnxs,account.e9c5d7d9c7e04722973f0c4ecc604741,0
2026-02-11T14:36:47Z,hhayomi_,account.19a5e0fa89e94907af55901b9cf0f0fc,0
2026-02-11T14:36:47Z,GGOKZZI_DonDA_18,account.d7f2252ffd614d78acfa025f3e667bc0,0
2026-02-11T14:36:47Z,XnunX,account.1c49f0f4947b4ff0afb02957d88b21f6,0
2026-02-11T14:36:47Z,YangJu-_,account.cc7984bccb7e4fc1bab30d588fb6ca4e,0
2026-02-11T14:36:47Z,vip7466,account.5726491f07004c05bd428ad8109d595b,0
2026-02-11T14:36:47Z,qkrwngus_,account.37cf8aed84ea42359a904b1425ab48aa,0
2026-02-11T14:36:47Z,TkdnwlakfkgoTek,account.e1d4b5c262874782930e435798eb4c04,0
2026-02-11T14:36:47Z,xDEVGRUx,account.0162023d9598446ab6038cf0215500a4,1776
2026-02-11T14:36:47Z,i_mjihoon,account.aaffe831f41849109000657807650586,0
2026-02-11T14:36:47Z,WG_rush,account.4a9ab09d176047cc96d27daab692cd98,2262
2026-02-11T14:36:47Z,kimminion,account.158de210d2b843488365cdf3775b1e42,0
2026-02-11T14:36:47Z,KIM_0809,account.faa583ef7f944179b11e99a41bf74402,0
2026-02-11T14:36:47Z,JOBABJEE-0-,account.1369043bedb74906be56d7eba84a5a55,1878
2026-02-11T14:36:47Z,kwsl_,account.f20ce68e6a814a3492818a2d486b7d06,0
2026-02-11T14:36:47Z,borinuna_00,account.d3319f908f334c42bb74dcbf7815113d,0
2026-02-11T14:36:47Z,o-oO_Oo_o,account.f213b9655397404aafaefc90c1483599,0
2026-02-11T14:36:47Z,WTF_Vary,account.1e1ca118ebdf4cfe815cc25fa6e30b96,2166
2026-02-11T14:36:47Z,M0nlonghaeYo_-,account.b2c157d868f24d45b0893fd9b61d2695,1919
2026-02-11T14:36:47Z,owo_yong,account.40e1e1e1272448ce89ee73c9f0ce46e6,0
2026-02-11T14:36:47Z,Sun__ee,account.7f41c813555e41fbab90bdebce14636c,0
2026-02-11T14:36:47Z,ToMo_02,account.964e562ee11d4c69b12e28f3e11bd25a,0
2026-02-11T14:36:47Z,hannam100,account.cdee82f414974fc8bf33f13cac37bbe6,1588
2026-02-11T14:36:47Z,meooyong_,account.c23a18b271ba4562a78f9a956993d1ed,0
2026-02-11T14:36:47Z,KimJinGu_-,account.ba739c83a1764742ab45eb8ce284f1f1,1985
2026-02-11T14:36:47Z,depo-3-,account.236d00fc54e64fccad1a39d1df182939,0
2026-02-11T14:36:47Z,GR22NK1NG,account.b2efa32c179c4fefb71be226cfcd9b12,0
2026-02-11T14:36:47Z,jonghunggung,account.4fc153cf67ab4d2abab748ef83c904f8,0
2026-02-11T14:36:47Z,OODOODODOD,account.e6416e78321b469db801fff921a40bc2,0
2026-02-11T14:36:47Z,17CHAAAA,account.40a9c3108a534c4a9269b971b220e740,0
2026-02-11T14:36:47Z,XnumX,account.860d37ae95834a1db5de343f75e804e4,0
2026-02-11T14:36:47Z,Sub-missive,account.34769d6b84ef46a18c09903fdc5f8e09,0
2026-02-11T14:16:12Z,dO_yusung,account.6445adae0205419981128794650da594,0
2026-02-11T14:16:12Z,Thestay05,account.6c234a0aae004910854768fcfd5c06c3,0
2026-02-11T14:16:12Z,Vaseline_mint,account.d1f8ea84febc40669c0b7278ca480b6d,0
2026-02-11T14:16:12Z,29_Gang,account.0762bbc95b6f450eab90ca575b548e37,0
2026-02-11T14:16:12Z,DOCTOR_KR1,account.c68bd5d404cb40b1a4e434217e6e68b2,1728
2026-02-11T14:16:12Z,TaeOuO,account.0aa0eabc5e764c73aad844e12ce2cce7,1947
2026-02-11T14:16:12Z,syssys28,account.45d4b0942f7e46f396efe46688dab6f6,0
2026-02-11T14:16:12Z,EEHEAJ,account.a4d8cc87578c43028d644b68c1836b96,0
2026-02-11T14:16:12Z,11985430,account.9842b63bcbee4357b8ff6d9aca06aba5,2032
2026-02-11T14:16:12Z,xiabi-_-,account.2c82493a9eeb435584c56e995ad614df,0
2026-02-11T14:16:12Z,J_EAST-_-,account.a4fba1e1bdef4c6481279b8cc9032490,0
2026-02-11T14:16:12Z,JJunh1,account.95a9174d69774a74bd53df039a279a19,0
2026-02-11T14:16:12Z,sperman_,account.f745560189ff431b948f812b2223324e,0
2026-02-11T14:16:12Z,EGEMO_G,account.b86f35d040ef48bbb31697bae6e7ae8a,0
2026-02-11T14:16:12Z,VRTX_AimBaby,account.e852828ccfba4a4e8b4e665fcf6726fa,1802
2026-02-11T14:16:12Z,Mickey-Mouse_,account.7e5173711cd74a11a5373d8d887d9329,1400
2026-02-11T14:16:12Z,YaG_DRAGON,account.81fb03249a9f4a59a078be2b17fb3326,0
2026-02-11T14:16:12Z,Yaafxxxxking,account.e659cdf1bc454e8f8872898051d5ffec,0
2026-02-11T14:16:12Z,yeonkong_e,account.099bab68f0204bf38e98c60a566a112c,0
2026-02-11T14:16:12Z,Orehwaakumada,account.507c27811df94df69506c6d89ca427d3,0
2026-02-11T14:16:12Z,NUB_W__Geon,account.9cb197b2ebd544c7b2c5c989a2ec7382,0
2026-02-11T14:16:12Z,RTG_bbamsu,account.742c4a7edf9d4cef92c5a1e386c580ae,0
2026-02-11T14:16:12Z,BBangH0,account.3b9e350aba5e434599c21b8fba732bd7,0
2026-02-11T14:16:12Z,yoruyoruyoruyoru,account.567650ba5e0f4fefa0c2af9de1a38f8b,0
2026-02-11T14:16:12Z,RealJaziman24,account.f7d8b6b8361b4e2194ed9d130d52b3fd,0
2026-02-11T14:16:12Z,HOOPOOG,account.fcbfd887735a4e65b52bd9bcc73efbab,0
2026-02-11T14:16:12Z,Smoothie--__--,account.8c4a9e21f05a4be68109e32f9b20cd64,0
2026-02-11T14:16:12Z,NUB_So,account.27fe68b5d6304e9d857ab0e75677c31e,0
2026-02-11T14:16:12Z,Hongdan7,account.5c9e45e05655437b9221e96e9301701c,0
2026-02-11T14:16:12Z,261129,account.2228802b3e9a43d2a797672336230055,0
2026-02-11T14:16:12Z,nO_chanheume,account.ccc77f09f9f145559c28937645db4983,0
2026-02-11T14:16:12Z,HJCG31,account.36d7cf21e5ea406791db401a6f07d472,0
2026-02-11T14:16:12Z,NUB_ME,account.df5d656fbf6b49fb937f7ce441fdc364,0
2026-02-11T14:16:12Z,i___mad,account.1dfbc7ab2eee4533a23cdd97bcc8f6da,0
2026-02-11T14:16:12Z,sssss_kim,account.228cc0152902483eb502eeb73c5e7ca1,0
2026-02-11T14:16:12Z,MBTI-_-ENFP,account.93a7b88c36d64a2da345ae6768a9e42a,1922
2026-02-11T14:16:12Z,Bebjugeok,account.4292b74f56e74b00b4d7a6f77481726d,0
2026-02-11T14:16:12Z,potato_n,account.7018f05e159843f98e0fb92902030625,0
2026-02-11T14:16:12Z,Heyimhambookfan,account.0d29eb6845ca47239dc4b451100e0ba0,0
2026-02-11T14:16:12Z,YAK_O_RU_JI,account.3c34d5bc06b04621aa979dfedaa2fbe3,0
2026-02-11T14:16:12Z,XAND_-,account.77c56ce0e64b4417a7faa1754efb6c5f,0
2026-02-11T14:16:12Z,NUB_AB,account.25ecffba3acf416f8a8580ffe1f099f0,0
2026-02-11T14:16:12Z,anbu2306,account.beacbd99d7644395911278841acf4728,0
2026-02-11T14:16:12Z,gustn031211,account.6c74995210c540a797363dcf9cee558b,0
2026-02-11T14:16:12Z,Flame_Ahgu,account.210e4904ad5149abb47cc78d54857bee,2264
2026-02-11T14:16:12Z,HEUx2,account.b39f264930094085b8adb6e3504015d6,0
2026-02-11T14:16:12Z,i3ai3o,account.c326b7958475401eba5c3597f5312bd0,0
2026-02-11T14:16:12Z,zxcx_v,account.f0c24fccab2d4f92b1104c3991d5f97d,0
2026-02-11T14:16:12Z,QTS2XY,account.d27ea54f5436405aa9a4adf5a97ea6a9,0
2026-02-11T14:16:12Z,Yagupata,account.20a55898f433439a993688809f837d9f,0
2026-02-11T14:16:12Z,Myunje-,account.89ff263dab134bdf9bd17504e294729d,0
2026-02-11T14:16:12Z,Iwannadoooo,account.95544237b2ce4691a107d2c6aca463a3,0
2026-02-11T14:16:12Z,Flame_Pest,account.5a783f15815f4d76b15abb0ade4a786f,2322
2026-02-11T14:16:12Z,EbebebeebQ_Q,account.d602bc6313f84d09a9f5a9da877e3244,0
2026-02-11T14:16:12Z,2_-rrrr,account.fee22b3e88264f02b846603062667f63,0
2026-02-11T14:16:12Z,GallaeMallae,account.2e7b458ec1bb4ed891409d34aa346afb,2085
2026-02-11T14:16:12Z,Error404-MMMMM,account.ef2679d52ddc4e07bc025c74254aca68,0
2026-02-11T14:16:12Z,ZZANG_-9u,account.a6cef8818eb443338ff1d0771e924da9,1459
2026-02-11T14:16:12Z,Is4c_Yussaeng,account.9a7d915adc744b9b8c49ed8ec0e7a6a9,0
2026-02-11T14:16:12Z,QTG2RL,account.490eb0ceab84423191c79e22d1f96b30,2338
2026-02-11T14:16:12Z,ddangddop_,account.f7e0ad30b41e4f22b48cd919318994f1,0
2026-02-11T14:16:12Z,DDR_RobiroGetout,account.cac133f0f6fe43be8a730ef28bf87af4,1263
2026-02-11T14:16:12Z,19durhtod,account.ee809a67618b42a9842903d3800303ad,1688
2026-02-11T14:16:12Z,Lxxxil,account.78f01443e2304b2894ea777cb6523a0d,0
2026-02-11T14:16:12Z,nO_youngkeun,account.c59846e453464d43bc2b982d8b571893,0
2026-02-11T14:16:12Z,XG_Jun,account.1283766decd442388e7f558a1af61dd6,2154
2026-02-11T14:16:12Z,K1LLBASA,account.a1dfd0c257f4449893eb7e102bb5da5a,2316
2026-02-11T14:16:12Z,dagarijosim,account.390c2a0e13cd47828bafd9448eb03e68,0
2026-02-11T14:16:12Z,pink-bo892,account.c5a29e5193a04b439bc681cd060e5952,1936
2026-02-11T14:16:12Z,CEXOOSUNG,account.60970a5524ad4bc0adb53a1f1c61a365,0
2026-02-11T14:16:12Z,JeeOwO,account.9c78fbeed72941a583039f2e9140cb9d,1631
2026-02-11T14:16:12Z,sanghoi,account.78338ca67d634a5fa291cb59498e9164,0
2026-02-11T14:16:12Z,Hwachaelin,account.d655ee57d9f04cce9b0a20b00a43a4f5,0
2026-02-11T14:16:12Z,qhdlaussnqglfrp,account.68a3e9eb429f4333930623cfbe6bbf2d,0
2026-02-11T14:16:12Z,hserenity,account.d697c4ecb7b042d8bd13e22cb1dd13e6,0
2026-02-11T14:16:12Z,Error404-ASol,account.b3eddf8e7312482eae2eafb6473595a1,0
2026-02-11T14:16:12Z,PO_Kko__,account.af4f4ca032e2432ba8b7c32bd332f2af,0
2026-02-11T14:16:12Z,B_oRaMi,account.21ab33abf2864e679a9fb0d19a2612db,0
2026-02-11T14:16:12Z,Puxxi_-,account.f25e5fbdf265444986907fed587140bc,0
2026-02-11T14:16:12Z,Flame_7HLrZI,account.596acc7f98144bfab02cd97aa6b7f4b3,1571
2026-02-11T14:16:12Z,sanbonDriller,account.99ef2bf1a8fc4c6a9d9819f30480d759,0
2026-02-11T14:16:12Z,VRTX_Yxxng,account.080e1ebaa14d43e9937b17292efa736f,0
2026-02-11T14:16:12Z,bonggangE,account.329640ba74e542ed90d5e0cb37246002,0
2026-02-11T14:16:12Z,OtakaGokisawa,account.499faa48c5654714bdb47ddcbd5250f2,0
2026-02-11T13:58:54Z,SYxng_-,account.6ab5566fe7e8465ca3d7fe06674932b5,0
2026-02-11T13:58:54Z,yukbongchoen,account.b4ed2e99cb714c4ab5f4d3b170d72504,0
2026-02-11T13:58:54Z,Mireille_-,account.6c00d8a356204a83b1a5b28a04b03d88,0
2026-02-11T13:58:54Z,XXXXJH_-,account.e6e133af32f84572a1048c4156d2fb60,0
2026-02-11T13:58:54Z,shark_kr,account.010b94541a3c4b3a8a255e141a05a3e8,0
2026-02-11T13:58:54Z,s1nyk,account.7d8d097b644546aba30e00763def5f68,0
2026-02-11T13:58:54Z,1_2young,account.47bb584f52f8442dbe3915951b613d64,987
2026-02-11T13:58:54Z,MNN_Longtou,account.ee6138f24d184691b966929351863868,0
2026-02-11T13:58:54Z,Homi_Young,account.1bf1493901e64633a1fd3a3e09a6fc42,2428
2026-02-11T13:58:54Z,Project_West,account.41d1c0f858ec41ab814cd89343b13cf0,0
2026-02-11T13:58:54Z,HOBBANG_M,account.2ef2ffa280f44fe78b4477153cfb337e,1981
2026-02-11T13:58:54Z,Wls_ggm,account.58c02972ef2e4995a2feb219739556b0,0
2026-02-11T13:58:54Z,Mango_Yogurt_JMT,account.09bf193b0c8b46978d4bb563948b90fd,0
2026-02-11T13:58:54Z,ehsauddPrnjsfur,account.438beb8c63ff4d14a514ff3d4946b807,1942
2026-02-11T13:58:54Z,Homi_DecoBoco,account.130e421f62bc4b4f83876ce14c5d2c70,2571
2026-02-11T13:58:54Z,yoongongagjunim,account.dbfea0874fb84d30af078d1c6f5b09b9,0
2026-02-11T13:58:54Z,Superstar_Song,account.26e2e9c0938b4879bc30d04e1be936b0,1863
2026-02-11T13:58:54Z,zeilZzang,account.fd9e178968314981af114e027744bfc5,0
2026-02-11T13:58:54Z,JJAMAJAE_M,account.70157e172d9f4572b3973895179f1696,2281
2026-02-11T13:58:54Z,saewo_n,account.a7367a6c04284cecb6df496a9dd5ca42,1437
2026-02-11T13:58:54Z,Woodley70,account.0a77d1addba1421289d8375dff2020b4,0
2026-02-11T13:58:54Z,J_free-,account.7aa15456933141c791cebd8b35ea26e6,1446
2026-02-11T13:58:54Z,ililiililiilllil,account.695730d6b13d4b129c6929c0cfc859b0,0
2026-02-11T13:58:54Z,HANIKHWAN1,account.42303f311b7a44e697bf12f2f5133ef3,0
2026-02-11T13:58:54Z,naya-_-kimsan,account.fb92c4ca6fd745229e2a4a20dcdb3bde,0
2026-02-11T13:58:54Z,Dokev_,account.10f10a8a2d6c44c18c2c782a10f4872d,0
2026-02-11T13:58:54Z,Homi_DOO8,account.68924a5ea2324b9fb175b1b7d8bdb4a8,1727
2026-02-11T13:58:54Z,True_0319,account.8cb48184985f4675892b2a4cc3fe5097,0
2026-02-11T13:58:54Z,SICKBBANG_M,account.2e2e5089b9914fc9aac96842919fc7b7,2000
2026-02-11T13:58:54Z,Ka__ron__,account.d06dc8f4f8284a39a174bf88d870f243,0
2026-02-11T13:58:54Z,play_y,account.0d59a786b6584de5b0cbe7a95da00c26,0
2026-02-11T13:58:54Z,yyyyy11mm11,account.75b202853c6c4c7c8870ed2c4219d502,0
2026-02-11T13:58:54Z,2SANGHEON,account.b3780279d90a46a8ab0f8aee7cb548d9,0
2026-02-11T13:58:54Z,SFT_Shroud,account.00ae10d4a2474a48b1b16217f5252f0a,0
2026-02-11T13:58:54Z,WM___BAB,account.f099c33e1d4b4a10ace2b517ba630378,0
2026-02-11T13:58:54Z,0_0minsu,account.6a3e7c10f899473e9c9e8853a3249af7,0
2026-02-11T13:58:54Z,binxnnn_-,account.59482d0bc91d4305b530fff6adf3663c,0
2026-02-11T13:58:54Z,gaegyeojum,account.d81fc6a5ae1d43868b98eeb3d5cb3a9e,2256
2026-02-11T13:58:54Z,kimsungtae_00,account.63c347e2b9bb438aa9bfd949039cf3ab,0
2026-02-11T13:58:54Z,Aixleft_-v,account.c71979df8fda435887052f83e301d35e,2242
2026-02-11T13:58:54Z,ddd_cream,account.7d8eea0f26714442a510a4528af94ba1,0
2026-02-11T13:58:54Z,NIXX-_-,account.5acca9bfbe2a4d01a27a4db3e8c483d5,0
2026-02-11T13:58:54Z,HOOLIGAN_HO,account.4a62a9e8e61f49b4b56cc99ad9e2a0b7,0
2026-02-11T13:58:54Z,remaker11,account.f71298898f684163bf83ed6b1d8ebb0e,0
2026-02-11T13:58:54Z,2coKimdh,account.c886dc92b035408b8afc4b1fee1086ee,0
2026-02-11T13:58:54Z,INI_Kimble,account.e8615c92c17041b680e06772acd9cbdc,0
2026-02-11T13:58:54Z,iliIlIlilillIlI,account.7d16b95ba86b4d71b5a919484bdd4b03,0
2026-02-11T13:58:54Z,Mana-0-,account.ebafe97bc9614eb8baaf7a71cd49730c,0
2026-02-11T13:58:54Z,HxnGyeol_-,account.22e560c6b33846199b6c9dbe45b64799,0
2026-02-11T13:58:54Z,WM___BIGTIGER,account.f492a21e0f0d4e7784ad998c54b6efb4,0
2026-02-11T13:58:54Z,J-min___,account.8968c475b4a4417d906c1243d1aaf187,1028
2026-02-11T13:58:54Z,NH_ddakdae,account.b61f88785f2545c79e84e8211894f336,2305
2026-02-11T13:58:54Z,KINGBAAATCHU,account.e73e807308bc4398a4ce54fddd90082b,0
2026-02-11T13:58:54Z,SungJln_God,account.a0c64eae676d43c2a5ef0e78ec1622dc,0
2026-02-11T13:58:54Z,DDIBAB,account.61626594c55c4501857016cf51bd738c,0
2026-02-11T13:58:54Z,sunghwa0624,account.c5b281397e154df4a8a4c495d985fbed,0
2026-02-11T13:58:54Z,INI_suGOman,account.65a29243f0664d4894898e11e7439fa0,1933
2026-02-11T13:58:54Z,WM___CORE,account.423288cd524540f79f90f733b162a65e,0
2026-02-11T13:58:54Z,1995_157,account.2f8c4d8b5f9449c3a71fc3ef94ddc667,0
2026-02-11T13:58:54Z,heuppDia,account.4680abffd18f426299d2e1af758f86df,0
2026-02-11T13:58:54Z,qudwkdrlawowns,account.efe564f02ed84260a42169330467819a,0
2026-02-11T13:58:54Z,AL_BAM_,account.f4816380639e42bea65e1c2050e5167f,0
2026-02-11T13:58:54Z,YoungSooZZang,account.981717300a434a5684895c42a7b24e5a,0
2026-02-11T13:58:54Z,PO_ABCD,account.0cb406ea88864c4fa2c2c1a400845bcf,1870
2026-02-11T13:58:54Z,CHIP_GAMJA,account.869244f179704ed5b0ca6e04b7751c57,0
2026-02-11T13:58:54Z,King_PoLory,account.baeba4a962d04814a765dae21d3e66a2,0
2026-02-11T13:58:54Z,oh-bin-,account.de3e36df4ccd4ec786eddcbb7d49849b,0
2026-02-11T13:58:54Z,bBaksuk,account.4e5118b4256440b7a9e16f8a1405e69e,0
2026-02-11T13:58:54Z,nobbaccu2024,account.0608fb5951fe4ed8a1dd7fdce8b9dd2a,0
2026-02-11T13:58:54Z,EMT_NAMYANGHONG,account.dd7a2938e8824aecb9555e3c4e7655e8,2022
2026-02-11T13:58:54Z,ZORO_2MAT2GO,account.16cdc9c2ee8746d5abb1297c11aa9e20,0
2026-02-11T13:58:54Z,Bananabait-,account.0d545e160926451081003a5cac4514c7,0
2026-02-11T13:58:54Z,mV_ISOI,account.931ac71864b0447ea2f9f5c1a48764d8,0
2026-02-11T13:58:54Z,HALO_11Team,account.52df5427a4504619a739defc01d6b67e,0
2026-02-11T13:58:54Z,Ez_HT,account.fe8e89fe61f34e89a6ae3cd422be3294,1607
2026-02-11T13:31:58Z,ttthho_98,account.6eff8befb16d4bfdb7aa0a0c62715991,0
2026-02-11T13:31:58Z,LIZ_JH,account.5fb49fcc6bd84dc2b255e99fd8abe891,0
2026-02-11T13:31:58Z,o_oO_Oo-o,account.9648ae3e0cf74fe09ade8b04079181a5,0
2026-02-11T13:31:58Z,JUST_AHEGAOoO,account.73f8326133af4365b10a47d8519664ea,0
2026-02-11T13:31:58Z,HSD_Lacetti,account.3bfcd8f9f6b941b086dc2b7d3ff17218,0
2026-02-11T13:31:58Z,sunizmountindog,account.64e85e9403804546a49a30fd3f9c8009,0
2026-02-11T13:31:58Z,INI_DH,account.996fcf3cb90848b8a8c691202731cbba,0
2026-02-11T13:31:58Z,EhHey_geocham,account.51f369fa561f476090a978e835f3f465,2483
2026-02-11T13:31:58Z,9RD_WB,account.7ff595b87fa94c3fbb391bee2c535e24,0
2026-02-11T13:31:58Z,jamgganman1co,account.4ad321021dbf42999bfe3dc088e18837,0
2026-02-11T13:31:58Z,MAXIMXM,account.46287f406c004d39a2f9cba7ffc4b9fa,0
2026-02-11T13:31:58Z,ULSAN__KIM,account.5d93244778a94eae97f4e52d3918d1d8,0
2026-02-11T13:31:58Z,11Do-,account.2462b3a56c7e45199fae830a87bbb251,0
2026-02-11T13:31:58Z,sm5466,account.4bd16132f5c247bfbd5539e8bcd8741a,2063
2026-02-11T13:31:58Z,WF_MOT,account.683e85aed0d442129b40c8481e59137d,1842
2026-02-11T13:31:58Z,SJHwanE,account.9009a23c842445cd9e4957a7f691935a,0
2026-02-11T13:31:58Z,Oni_Yoriichi,account.bafc8041df184c9d952db50628e24781,0
2026-02-11T13:31:58Z,119_119_119_119,account.d9ee3226d2cb43c8967ebab6d558065f,0
2026-02-11T13:31:58Z,LEEYJ-,account.15e1284133b64a65b553944b0f4ecabd,0
2026-02-11T13:31:58Z,Yonezu_KEN,account.2e14db6fd32f4e9584131bf2ed0e9cfb,0
2026-02-11T13:31:58Z,Ahni_-Vaco,account.27cd32e8da9b4022aab0d76c09e8e6e8,1747
2026-02-11T13:31:58Z,M249DUDUDUDUDUDU,account.5e0e14f430f74dabb92a9bc8d80bebe9,0
2026-02-11T13:31:58Z,AMOND_JJOCCO,account.ce5db704fe084954b91362889445e4b8,2065
2026-02-11T13:31:58Z,NUCiRcle,account.11631bb20dbe4562afd3c818461dd5c6,2342
2026-02-11T13:31:58Z,Oppaya_Salidora,account.17aa917f0234481faa04043bf1e42981,0
2026-02-11T13:31:58Z,iililililiilliil,account.8a906b360b064a1a92e991f6cd99ffe0,0
2026-02-11T13:31:58Z,9xY4wk1c6Xqz,account.d07890be246a4092add339c9fcf230ac,0
2026-02-11T13:31:58Z,Squid_DOTORY,account.50b3a32560d347e0a10d8283bd449c7b,1967
2026-02-11T13:31:58Z,Gaemossone,account.bddf9c319733485d97342d7589947903,0
2026-02-11T13:31:58Z,kubota_kx060,account.05d07724b901497988a82e8116abb4fc,0
2026-02-11T13:31:58Z,PPARKJOO_,account.d4f20715f6164896bff403ef36041f27,0
2026-02-11T13:31:58Z,YXUNGioi,account.53e15b219512447689c780dfa9baf67d,0
2026-02-11T13:31:58Z,Ho_Booong,account.c8b97c73e05c4a9cb7eb0fc5581b137c,0
2026-02-11T13:31:58Z,JungTaeHo93,account.2d62d7c946f4409ca8fad12ba94972d2,0
2026-02-11T13:31:58Z,RNR_HAriB0,account.1217be239d7c44c4b2cb1cd838138daf,0
2026-02-11T13:31:58Z,qweqrdf1,account.716ab47841e949918994b49a6856e940,0
2026-02-11T13:31:58Z,GANGBANDD,account.0e44de12963a493fade0ff8b166f9558,0
2026-02-11T13:31:58Z,iilililliiilili,account.1d1f97b4eb814bb1a5c6a1f5228a6a64,0
2026-02-11T13:31:58Z,AmericanM4,account.6efc96424f304c7c8b3cbabff8dd17e1,1551
2026-02-11T13:31:58Z,baeinjoo,account.d3aa1074f2264f319f901a50364d1fe1,0
2026-02-11T13:31:58Z,leesj4458,account.08118f9ca80e416196e085a46d83a05d,0
2026-02-11T13:31:58Z,Xhir,account.8c7118176c3f48df8ba639641004e5bc,0
2026-02-11T13:31:58Z,Say-H00,account.2e66bd53226c4047af433098c848fa2b,0
2026-02-11T13:31:58Z,BATTLETAG_LOG,account.43c9cff0fccb4b11b2cb5b7ab002ac50,0
2026-02-11T13:31:58Z,POOONGSAN-DOG,account.248e9b8828b54570885d3e3e7a23d36e,0
2026-02-11T13:31:58Z,Oni_ZoHaKuTen,account.8c1c9c6bb2b147999bb5e336444ed155,0
2026-02-11T13:31:58Z,ArtisanOtsu,account.69284463ea5d4c3ab83bde0277c39f7e,0
2026-02-11T13:31:58Z,Grandma-Beer,account.1f522450341745d3acf7f90cc97f0b5a,0
2026-02-11T13:31:58Z,0mn_nm0,account.55a4307be7de41708a3905de0bf86f33,0
2026-02-11T13:31:58Z,Oni_rang,account.9e9c1564a973487daae5f0619ba4f643,0
2026-02-11T13:31:58Z,WalchDog,account.acc958d5c4a64ffbb3af1bbc5fe3f3b3,0
2026-02-11T13:31:58Z,kon_dom_pil_su,account.bb35c064d2eb40768d988fce579c222d,0
2026-02-11T13:31:58Z,HaeM_0_0v,account.6f2bcf04ae5b43bcbf589b68ac18c550,0
2026-02-11T13:31:58Z,rabuu__u,account.a9e800bbc4ce4c65b0abd05bbaf96262,0
2026-02-11T13:31:58Z,INI_ttodini,account.5ee6a72002d94bc8a034e804af0dc24f,2303
2026-02-11T13:31:58Z,INI_cGGaGo,account.dbec2331339747ee9b80cd55c9f967fe,2460
2026-02-11T13:31:58Z,JuFu_XiaoMing,account.235a0bf4077f476283a3520503ea669b,0
2026-02-11T13:31:58Z,chickenparte,account.f49d72795fe94599bc9e7f1c33549c7d,1882
2026-02-11T13:31:58Z,INI_Nachori,account.22ed223e566c4fe298e85414422f5e99,0
2026-02-11T13:31:58Z,Oni_Onslow,account.eec939e9c10c491b9b3c816304e473de,1592
2026-02-11T13:31:58Z,Ri_jangcheol,account.c6eddfdbfac04baca8873acfa006a8d3,0
2026-02-11T13:31:58Z,INGING_BangPro,account.c78b5ccd80574d36abb18dc9243741a0,0
2026-02-11T13:31:58Z,JXEHXUN-,account.2d4d631fd7854e4d8d49dbcf60865f44,0
2026-02-11T13:31:58Z,PISTA_Salt,account.c931b627a2cb4f9db97f85624a19a19d,1967
2026-02-11T13:31:58Z,XheaObbb,account.06b2ef124c7946879cafd09f48d672dc,1953
2026-02-11T13:31:58Z,VeryNiceboy,account.7b269824f6ce4a83bdedc45f7fb68312,0
2026-02-11T13:31:58Z,wojumemdolE,account.8fe4f3c675bf4e97a70c6a9462744132,0
2026-02-11T13:31:58Z,ajaeamsal,account.872d3b7c7fd546d4aa23a3b164249075,0
2026-02-11T13:31:58Z,Gangtipoo,account.3141507368824cdf8f40120cf7bd9d17,2600
2026-02-11T13:31:58Z,ChaGuRing,account.d40012cf5f104977905d7f5b0b209d20,0
2026-02-11T13:31:58Z,GangHann,account.63aaa279a9ab4fb2b211d675b28720aa,0
2026-02-11T13:31:58Z,NORISKFULLPUSH,account.2de7a2f9afaa4ad18cf8f04568e8f0fb,0
2026-02-11T13:31:58Z,skghksktek,account.d2332d01cc2a41b4a80247ad94aa334a,1964
2026-02-11T13:26:07Z,KizerJF,account.328aa78872c44b65b3e71028a3786beb,0
2026-02-11T13:26:07Z,yansu0621,account.35eec68c33b14b65b1ea6bb08ba05aa7,0
2026-02-11T13:26:07Z,leessangmin2,account.d85bf1dc2d774d78b08ad0e455411f1f,0
2026-02-11T13:26:07Z,Zoe_Hell_Cat,account.e55064edc5214d36b1d80bb99c703c81,0
2026-02-11T13:26:07Z,SSUSEMIE,account.83991e0429954d96aec4f5715f2c95c6,0
2026-02-11T13:26:07Z,sellxe,account.ad950138d86f4a7f9641ae1eb0af6291,0
2026-02-11T13:26:07Z,SC_GENTRYS,account.6647f735c22648e2b4ab10abb25b5764,0
2026-02-11T13:26:07Z,JunyoungWangja,account.b7d35322c7674abd92fdd712c5c28e08,0
2026-02-11T13:26:07Z,rjawjdtkdlek,account.965e73bb06d7444592278db0caf33096,0
2026-02-11T13:26:07Z,Zoe_S_tarter,account.c266377a8fbf42a293d0d3c2a7e27a3f,0
2026-02-11T13:26:07Z,aronix__,account.b79eb10ccbd64c238d8aab42925ed8d4,0
2026-02-11T13:26:07Z,Gum-GumJetPistol,account.b2dd2a9d34dd4b589fb70e4a81987ec5,0
2026-02-11T13:26:07Z,BBangBBungs,account.06b3d01da302428dbc43766def634580,0
2026-02-11T13:26:07Z,Viper_2217,account.5f21119402ee44dab7e89aa075668e10,1534
2026-02-11T13:26:07Z,One_piece_ksh,account.6cd7693d89824febafd88e368358f077,0
2026-02-11T13:26:07Z,MK12-_-Master,account.5668285fe2084fd886d64014b170f3bd,0
2026-02-11T13:26:07Z,mandoo0703,account.9f150ec355d943f686d6a6ac1a6977ec,0
2026-02-11T13:26:07Z,eifnel,account.e952fecb05554615a8163f82046460a1,0
2026-02-11T13:26:07Z,yooyj6352,account.8b205519f6f24f2a9d8bd62d009726d5,0
2026-02-11T13:26:07Z,audrnwy,account.603c1926ec7d4f16a3fae37c6c3c4a96,0
2026-02-11T13:26:07Z,MullBa-_-,account.8a86e751afd3492eacf073483aa9ab60,1590
2026-02-11T13:26:07Z,KRCWjss94,account.daadc3318047498cbe9d6fd7938e6dae,0
2026-02-11T13:26:07Z,vitamlm1004,account.8eacc0136d4a489eb619dd1039c9f9d7,0
2026-02-11T13:26:07Z,pringles0243,account.819d22eb320b414abc9a56f1b8a8c623,0
2026-02-11T13:26:07Z,pockpungganzi,account.02b4f859551e42029cc8c3752af8bbf3,0
2026-02-11T13:26:07Z,KORBOOMBA,account.f2b06dd2af144d078171a5307ff245b4,0
2026-02-11T13:26:07Z,dkd96,account.9c3e35e415064b0d9c353fdc2de767ea,0
2026-02-11T13:26:07Z,JIHOONJIHOONJIHO,account.e8363176b0b741c6b0afd629305b39cd,0
2026-02-11T13:26:07Z,estoylaputamadre,account.1cd4c108f0ec40e0a95d7e576a71d03c,0
2026-02-11T13:26:07Z,Jhonstillmen,account.378569082def436791dd8e68aab30aaa,0
2026-02-11T13:26:07Z,NEE_GGOCHIDA,account.302031bf447043abaaaf4e157c9b395a,0
2026-02-11T13:26:07Z,iWantKAC,account.53f25ffba46e4ae7b3bc674edbe666e6,0
2026-02-11T13:26:07Z,seo__ri,account.e02b2f99b0d64f21975bdc7dc809f549,0
2026-02-11T13:26:07Z,NaeApeSaram-,account.0148e664665f44a99c845f078c558d93,0
2026-02-11T13:26:07Z,jjmm32,account.d4124f5263d24d69834a8a7aff941121,0
2026-02-11T13:26:07Z,gomteng_2e,account.1c15987316c34f5ead00b90c548fc696,0
2026-02-11T13:26:07Z,lllbaramlll,account.67942f1d640142acac21f947641b9406,1706
2026-02-11T13:26:07Z,zzura_123,account.4167ae4dd46d48b0acbe3e4cb4f72726,0
2026-02-11T13:26:07Z,BA_NANA_KICK,account.d9fff10b2bc54f89b3177265fa746543,0
2026-02-11T13:26:07Z,13803315,account.0d4f36f47e984eeb8d58edbe80451c15,0
2026-02-11T13:26:07Z,park_hyeonwo,account.6be3ec13a5c54bf6a65ebd2462e9cbcb,0
2026-02-11T13:26:07Z,DOTO_Orca,account.3756c2dc326b4642a7a88e3508444ece,1938
2026-02-11T13:26:07Z,Kungsman_KAKAO,account.b5053312167142f98c10733131229539,1265
2026-02-11T13:26:07Z,1ruyoes,account.64f117bef4df40d8bc58c3740c11da52,0
2026-02-11T13:26:07Z,ChAnY0ung12,account.57f6c9484b4c49cbba53c1423d6408e9,0
2026-02-11T13:26:07Z,redsun2__,account.5f4e089063824cdd8633c05e7272dcf0,0
2026-02-11T13:26:07Z,MEL0NKICK,account.e327e846edf746a8906eed2b92b14216,0
2026-02-11T13:26:07Z,sy_1313,account.d7203438e8cc487faaff9c60535ccee0,0
2026-02-11T13:26:07Z,eun_dy9,account.16a0eba0aec8459c80acb5a95681b825,0
2026-02-11T13:26:07Z,Jotmanhannom,account.6bcb86e1f6a048cbaa4e5afe203f150a,0
2026-02-11T13:26:07Z,GE_miniO_O,account.078cfc075e814014b915e039983210a1,0
2026-02-11T13:26:07Z,Sbob725,account.476c5755269a4ac9b0e933d1fac990d3,0
2026-02-11T13:26:07Z,KoYNaeae,account.cedeb7553c3a4b389762be89e69643ee,0
2026-02-11T13:26:07Z,seong_uki,account.e23c1f74331b4445a337687cf2fe1587,0
2026-02-11T13:26:07Z,Sal_Mo_Sa,account.b9f1e21775c540208dd6e498a643edab,0
2026-02-11T13:26:07Z,kimdaehwan_999,account.0d108dd558014647a42aa160da8225a7,0
2026-02-11T13:26:07Z,HWSSYN,account.7736aa49f55a45fe899a6a81dffbf39f,0
2026-02-11T13:26:07Z,Ming_sae,account.e9a3fa583d7840988ded6727dea9cec9,1405
2026-02-11T13:26:07Z,yoo-pierrot,account.8fbf487aae90451693120c9fd9c5dc30,0
2026-02-11T13:26:07Z,aslrewew,account.285ac6d3825d420dbb7780c606218f48,1400
2026-02-11T13:26:07Z,mooooooo_ooooon_,account.fe9a13f93cf345bd8e25687d67feb4a2,0
2026-02-11T13:26:07Z,zizi626,account.cf864360fd964b0f96f427c3f3445eb0,0
2026-02-11T13:26:07Z,jong-sung-mom,account.67d50db184b448e5bf2ebd3e932999d8,0
2026-02-11T13:26:07Z,so_zzzi,account.9a5953a88abd4014b41c87b758650829,0
2026-02-11T13:26:07Z,haejin_jimin,account.3fe3cb1a10914f5b9795648a56153dc6,0
2026-02-11T13:26:07Z,GamJa___Tang,account.a2b4d1af2f0e4553852ff29c5eaea27d,0
2026-02-11T13:26:07Z,Ubiquitous_robin,account.09626e972b83444596bc9560f7904675,0
2026-02-11T13:26:07Z,Groza-_-Master,account.8d795839ae54457f81bf37f3bf9ad399,0
2026-02-11T13:26:07Z,tackfeel,account.bcee1e4763a34513a4c8d1ea42c5db98,0
2026-02-11T13:26:07Z,sunghoon92,account.6f08996e9d324abdae611e51d383e8c1,0
2026-02-11T13:26:07Z,SC_leeTng,account.9a187adc2bf8425fb70616695dc25734,0
2026-02-11T13:26:07Z,YoBom_,account.0e1e9a0bb76449eab6ef4271083769d4,0
2026-02-11T13:26:07Z,K_K_JS,account.bed6525621f84ea5a9cf5aa84c658af6,0
2026-02-11T13:26:07Z,nadoyoyo,account.41f707527a8a455081d9b3b6d76c8cab,1921
2026-02-11T13:26:07Z,Whoruru87,account.d23f36514e8a4fedb1dfe18fce436a17,0
2026-02-11T13:26:07Z,DOTO_ORDER,account.a5eb07f7cca342a8a8acdf3ae207488e,1856
2026-02-11T13:26:07Z,gocigicic2,account.880f66a9b22145bd82a4a1017a17ae74,0
2026-02-11T13:26:07Z,BBang___BBang__2,account.f3d6bbd26b174fa690743cf32cd8a3f7,0
2026-02-11T13:26:07Z,CHAT_IS_NOT_GOOD,account.73251d18771c4821abeac8ccf804d960,0
2026-02-11T13:26:07Z,Czlass,account.8713576f297247ee828520c7438edb2e,0
2026-02-11T13:26:07Z,Hui_moo,account.1a0952576c254f7886ed6aa9c2c5db2e,1402
2026-02-11T13:26:07Z,Yyongsoo,account.ced0fc51c636459db35857ae2556a4aa,0
2026-02-11T13:26:07Z,IED93,account.f72ecf2bf57146fe8699583ae50bd6f2,0
2026-02-11T13:26:07Z,chukchukchuck,account.b9f5d59f0aed41229d58e05310bde850,2222
2026-02-11T13:26:07Z,MinH_X,account.f84daf2100cc4d6890f9097da6968c50,0
2026-02-11T13:26:07Z,crowkyh,account.1fb37b5455bb473b8bf6bea6389cc12b,0
2026-02-11T13:26:07Z,3p_Soony,account.e3631717dc8b4c5ead681205e7723b10,0
2026-02-11T13:26:07Z,DOTO_DDUDDU,account.7d839831fc3244d3aaceed32065bcab2,1526
2026-02-11T13:26:07Z,RYUNG-_-eee,account.bc0068d070914b619248da930d80d146,0
2026-02-11T13:26:07Z,uSp_-Grrr,account.370712dd100c4b8b91dc1b8d1484bb00,0
2026-02-11T13:00:21Z,mincr,account.37f36c1db899456886e13bcf4c95dda9,0
2026-02-11T13:00:21Z,WG_Lash,account.e3a935f5cbac42d9af2d2beb276ce791,2935
2026-02-11T13:00:21Z,bag-kinggkong,account.3606349f8670441a8c87de4b45eeaa1b,918
2026-02-11T13:00:21Z,gyumigyum2,account.e22513ed43bb45029b331365331f8f34,0
2026-02-11T13:00:21Z,garion789,account.b6fe8b236d6a427d8c677d8ed3f4a023,1616
2026-02-11T13:00:21Z,babomandu0o0,account.1229cdf7e9274913abc0297348084ac3,0
2026-02-11T13:00:21Z,seuljk,account.86260b3cea384d7187c4fb4ef904caea,0
2026-02-11T13:00:21Z,alwmzkxk,account.03166eeb80724f4ea0348e8cc08bbc65,0
2026-02-11T13:00:21Z,ptsan,account.67bc822e71be4988814d1e9304f9bd0a,0
2026-02-11T13:00:21Z,S22Z22,account.20fa6467b88442b09c39fae20ff9d833,0
2026-02-11T13:00:21Z,SRGTM,account.b432b8aad3a64db99b9eaafc20681deb,1331
2026-02-11T13:00:21Z,An_chanhee_,account.6e3ed421f71e48489a13c533368ad88e,0
2026-02-11T13:00:21Z,XXT_MalaXiangGuo,account.16ab9ac553d24dd896b738a34b7d4023,0
2026-02-11T13:00:21Z,chaniiiiiiiii,account.c52a646774ce469c991e2645aa1a3fa4,0
2026-02-11T13:00:21Z,GEFORCE_-_-_RTX,account.9f124540b484469188b2a612e6c61c51,0
2026-02-11T13:00:21Z,cahn6305,account.edfbcd57a4604853a504d9dbd1db0620,0
2026-02-11T13:00:21Z,junetattoo,account.88553ee33fac40f8bab7694a424ba8d4,0
2026-02-11T13:00:21Z,ifun5844,account.cff80228d5e04369a803b7f7e0f57695,0
2026-02-11T13:00:21Z,ChongSonny,account.06a2298d6e694f22ac74365a9f0fe33e,1808
2026-02-11T13:00:21Z,helpmeeeeeeeee,account.5b8ab073c14a42c1a4cbc148c705adda,0
2026-02-11T13:00:21Z,bigaejangin,account.f452ec5c932149228e2fc8b402c4c436,0
2026-02-11T13:00:21Z,Lee-thx,account.1d8ce7bca81349949e42b853b0e3a3e9,2032
2026-02-11T13:00:21Z,MiNions___zz,account.cd9facfe6b784c148db5313529a025fc,0
2026-02-11T13:00:21Z,Like_Cheon,account.587dd85c86f64a769b459185e268c3ed,1304
2026-02-11T13:00:21Z,xpxpxp123,account.e400215ab3fb450689a3d37962e16816,0
2026-02-11T13:00:21Z,Shimiken_TV,account.e66cdfbb71cc4de68f360130b208f679,0
2026-02-11T13:00:21Z,Makita_CMS,account.944cee1499c246deb13afbc231c0a345,880
2026-02-11T13:00:21Z,Skrrr_0220,account.87839c6af8544f63ba8cf114db0f44ba,1348
2026-02-11T13:00:21Z,JANGSUDOLL,account.e1de35146e9b47fc99e34ede3c72950a,0
2026-02-11T13:00:21Z,downforce_,account.40e8ca220d514940b902d07824691692,0
2026-02-11T13:00:21Z,Shin_Shou,account.a414fd79b12d4637a0635c5016f9b498,0
2026-02-11T13:00:21Z,SH_515,account.e30a338d8ec341e0a82eabf6837b0595,0
2026-02-11T13:00:21Z,goodgood151,account.d2aeadf03b9242cfa89c88ee341597d3,0
2026-02-11T13:00:21Z,Zzeomi,account.e2d70accf93d419d904e080a2ad6a6c0,0
2026-02-11T13:00:21Z,Makita_CPVC,account.74d356b01aeb4e64b3ba925b3e9f1e9f,922
2026-02-11T13:00:21Z,mingang-ok,account.9a206009e46a44b094ff55a7cf5fee34,0
2026-02-11T13:00:21Z,dysd7894,account.c84b77955a1e467097dfed15be5e087b,0
2026-02-11T13:00:21Z,ZER0_100,account.73ab78e3325d4cfbb9f2101683736830,0
2026-02-11T13:00:21Z,TKF_VSS,account.d3334d4eeeeb4d19943498ac28f34c13,0
2026-02-11T13:00:21Z,Mexicano_chicken,account.c73f69badf96433799ae274150a6d5c1,0
2026-02-11T13:00:21Z,no_emi_sungkyu,account.c4831bfdb8074fbaa4f33468544cb90e,0
2026-02-11T13:00:21Z,Bgggg_999,account.526c7d9a64fc4bc4b8fcc214a89231fe,0
2026-02-11T13:00:21Z,whfggoa_,account.6b067afc4fed4fb799242e51125f44df,0
2026-02-11T13:00:21Z,rlagusdn-1234,account.66e25d26fa254667a04e614ca36b45a2,0
2026-02-11T13:00:21Z,bbibbo-__-,account.e6eee989eb2041b28a6ee841ed0399e9,0
2026-02-11T13:00:21Z,lizamongzzab,account.4a4e5c107e4e4d3eb0c84fab9e9e6831,2056
2026-02-11T13:00:21Z,Fabled-Sniper,account.0b331b027743405b996ee58067550687,0
2026-02-11T13:00:21Z,KimuDDie,account.b042ad70e6d8475ea2fb313b0ff7f88e,0
2026-02-11T13:00:21Z,JabagomGentleman,account.3e0f3ebe72dd43c3ad6fb6717b3f235a,0
2026-02-11T13:00:21Z,god_doeun,account.e08c25d9219940b9ba8f6d81af3907dc,0
2026-02-11T13:00:21Z,gimoddi7295,account.b939565d82714003bf693eee1aac9142,0
2026-02-11T13:00:21Z,oh7821,account.49107985b15e48f0b68e19683bfdf10d,0
2026-02-11T13:00:21Z,hiru65,account.b93792ee2e2749c3b0b66229af54d896,0
2026-02-11T13:00:21Z,binny25,account.827fcded06364f57b9bdee4cf32a1c9a,0
2026-02-11T13:00:21Z,ye_linii,account.4b5f778189384f41a32e790c5a603052,0
2026-02-11T13:00:21Z,Makita_4MF,account.92f487ed377f430399112b35663bc1ac,0
2026-02-11T13:00:21Z,paikmingi,account.8b3fb8bcc6d247cbaec437116bc9ccfc,1431
2026-02-11T13:00:21Z,VIPchan,account.d23cea44047f4c3db4283e284d9e0e3e,0
2026-02-11T13:00:21Z,Heoo_rey,account.958ed06357b945e9906c67eab1f2c925,0
2026-02-11T13:00:21Z,jun951202,account.9678c32b8f9843fba9487115174b9b6e,0
2026-02-11T13:00:21Z,Gom_ChnagHo,account.950958de7b6d45c9b1d90910072f4a6e,0
2026-02-11T13:00:21Z,rnwnstn07,account.04fcb177bd134894a36dca8fa17dc272,0
2026-02-11T13:00:21Z,ukpakr2,account.fa7aab810acc4f11bb4637727fd48322,1062
2026-02-11T13:00:21Z,A-H92_30TF,account.62698b0ceeca4a45b12a3e5251c882ae,0
2026-02-11T13:00:21Z,CHECKS_GOD,account.961688ff8d7544388cc4a77ec570c550,2352
2026-02-11T13:00:21Z,horseraceaddict,account.8e4843e3eee44e5087aa261d0509552a,0
2026-02-11T13:00:21Z,siuuuu999999,account.752771181d58407bb4fee9c1109f0b43,0
2026-02-11T13:00:21Z,woo0102,account.976472bb73c44efc98dc5cae7af2ef6b,0
2026-02-11T13:00:21Z,KR_JunnnJaKinng,account.a55ce438e62747dda7bbc20d0efa895c,0
2026-02-11T13:00:21Z,did_dms_wl__0,account.d0a1af781942481ea0a5888d02304b49,0
2026-02-11T13:00:21Z,Hanzumuk-gury,account.08a4ae93225640808c24c330a48415f4,0
2026-02-11T13:00:21Z,Oppa_gay,account.d73750e8c91347648240fff2854cddb0,0
2026-02-11T13:00:21Z,Makita_Acid,account.c9be66fde37a4dcf9b0f81309fa70153,0
2026-02-11T13:00:21Z,M2MIADONG,account.9ff74c49277f46e793dfcc3b6b3d9ba1,0
2026-02-11T13:00:21Z,VVV_Cocoball,account.6c80697243244f06a7bb3b16afc348bd,0
2026-02-11T13:00:21Z,hungry_Hulk,account.6c5939978c1e4721a249825fb5e13ae0,0
2026-02-11T13:00:21Z,HongCacoLa_TV,account.ebd347a24c514b6dab7973e0a6123ca1,0
2026-02-11T13:00:21Z,HEPSTOY,account.9e4a3317a9b44562bd40b72b1823d595,0
2026-02-11T13:00:21Z,bloteza,account.dda28c1111504dc2830a3681fd618d48,0
2026-02-11T13:00:21Z,kr1taehyeon,account.f1afa32fdc4d4f4780b98cc63f8410d6,0
2026-02-11T13:00:21Z,Stealthboy_,account.443c6c42d6504e3d8ab4411fa8ff6c11,0
2026-02-11T13:00:21Z,RAAAAA_A,account.1cd0ec5f0008420e9e77a0eafefe9279,0
2026-02-11T13:00:21Z,paulpark90,account.de450da5160148c2be54efe7d8305ff2,0
2026-02-11T13:00:21Z,mozzi_chuurrr,account.ce7077e76dc64a8cb42aed13579e04f7,0
2026-02-11T13:00:21Z,oChewing,account.082152c1398447878e6d2e1554697583,0
2026-02-11T13:00:21Z,mongchi85,account.9b50f729995a4d6a841c61afb4068738,1946
2026-02-11T13:00:21Z,sungjinzaazi6974,account.a85e071e5e95417e8ef0c8958e224a84,0
2026-02-11T12:34:43Z,Euph-_-,account.7d3582ac99274bcd99b47b7b2c710e9a,1746
2026-02-11T12:34:43Z,dokyungkobo,account.f7cacf1664f343d6b2baf0b884b19d87,0
2026-02-11T12:34:43Z,duckbox1,account.1b8c5f5c9f1f4ca8bf5fe6e9ba42a096,1537
2026-02-11T12:34:43Z,DIE_A_B_C_Choco,account.198a7f698b7049a28dacf86b033f4224,1663
2026-02-11T12:34:43Z,RE_VAKO,account.585d04239ba2418c8edb7019649c5a18,0
2026-02-11T12:34:43Z,kimcheMANDO,account.67ce8c04bef7464b962abc99e621cd1a,0
2026-02-11T12:34:43Z,eJJeRaGu,account.e63e8f7bb16b4d0fa855d452596cd8ae,0
2026-02-11T12:34:43Z,Hanpaka,account.465b6480717046258bae0bc32e23ab1d,0
2026-02-11T12:34:43Z,DDAZZZZ,account.a8d75059d3c1461ab546d40a82cf008e,0
2026-02-11T12:34:43Z,DoYeung,account.b00e4009145c41cf87193b6d92f40860,0
2026-02-11T12:34:43Z,sheep09011,account.468633b1fc8943d682b30726a617c8a4,0
2026-02-11T12:34:43Z,LTNS_Akaza_-,account.2ea57e71dfb847cfb82acc31c13417a7,0
2026-02-11T12:34:43Z,Pangsili,account.be46c1a59c4a487e94a6815734977d86,0
2026-02-11T12:34:43Z,dsdddddsd,account.1ea40fccc2524fc5872e5be9c6bb2d04,1598
2026-02-11T12:34:43Z,Mariano--,account.4d6abae1576848519d54b9db98b89a06,0
2026-02-11T12:34:43Z,Lara-___-,account.8a8afed26c2c4be89c9cd0a7841088ca,2012
2026-02-11T12:34:43Z,lililHHBMAOlilil,account.66b1fdf82ad1486e9156eef4a7c4610e,0
2026-02-11T12:34:43Z,AH-0101,account.3f94d4e6a78741968d94123a973785ce,0
2026-02-11T12:34:43Z,0892489,account.939b03fcf79c437fbd842abf297330c5,0
2026-02-11T12:34:43Z,dkrkfl2,account.40eccb96033f4ee19fd13f7b36cb6f9b,1482
2026-02-11T12:34:43Z,E--Myungbak,account.4f219cac11fb4a2690b32ade44e6d435,0
2026-02-11T12:34:43Z,NVIDIA_juju,account.49bb789f80f34839895e742e20fafa98,0
2026-02-11T12:34:43Z,lliillilllilllil,account.8c958aaf9f354cbb867cd10221e14584,0
2026-02-11T12:34:43Z,BanSeol_,account.9371744440dc46fdb13f041fb60c2333,0
2026-02-11T12:34:43Z,dododkim,account.418f6c316eb442958c413700f88fa846,0
2026-02-11T12:34:43Z,M_e_y_M_a_n,account.663a042ff38e47d2a1a50b262edc0804,0
2026-02-11T12:34:43Z,teawook_,account.e384aa6b7e7041afb06295c68ad06dba,0
2026-02-11T12:34:43Z,zlzlzlzlzla,account.9df27a853b044b7c81c35dbe7a2b7284,0
2026-02-11T12:34:43Z,REVEL__Fox,account.7c24590c1093492fa3243a4a09f26b71,0
2026-02-11T12:34:43Z,Gogalbimandu,account.c12b57e481504fdd9f01116cdfe1a78c,0
2026-02-11T12:34:43Z,Du_jjonku,account.133fc6b61131426cbcc5e2086c425492,0
2026-02-11T12:34:43Z,DIE_AMD-9800X3D,account.f7bedbf8c8b345f4a4486dd773b75bde,2134
2026-02-11T12:34:43Z,overwatco,account.b2a31ae287974eacbfb4e0f1cb351872,0
2026-02-11T12:34:43Z,DIE_Jyobu,account.6a60b2708c34436b80e23f8b1be4957d,1996
2026-02-11T12:34:43Z,iskk12,account.d02fa72b2371488d8e664fba37058240,0
2026-02-11T12:34:43Z,jiwoon000,account.180ce73638454337b2ac8e885708669d,0
2026-02-11T12:34:43Z,Nexarius_,account.b25ca0abe11f4bb1a49fb1cb06ff417a,0
2026-02-11T12:34:43Z,DW_ws,account.47b25416e4b6409ebb08ac5beef2ac67,0
2026-02-11T12:34:43Z,BBang-DY,account.a93fd1fedbc8439ebd5e9866f1bc468c,1739
2026-02-11T12:34:43Z,fishjongyeon,account.e37861c08a8e4d5c8c52599c22d17ba3,0
2026-02-11T12:34:43Z,D4_-love1023,account.f94b3856f3fe4a18bdbd4c6dbeb649dc,0
2026-02-11T12:34:43Z,kwon3shl,account.e76ccf306e944035b088c3aa8ea9361b,0
2026-02-11T12:34:43Z,Te-rea,account.c26b4d73d17c4eb49cce64beee689da8,0
2026-02-11T12:34:43Z,UngJaa,account.a875c4bbf83548ed8ffccde9bede5c1c,0
2026-02-11T12:34:43Z,ApelSY,account.7b237c322ac445268e36227a771dea4a,0
2026-02-11T12:34:43Z,98Seung-rae,account.47ee03d0b4a04627995e2753ebf62c97,0
2026-02-11T12:34:43Z,keonjuice,account.67b72fc66284426bae73253b62814434,0
2026-02-11T12:34:43Z,d_erun,account.315c4a4f8696451b9c410935abb70aa2,0
2026-02-11T12:34:43Z,kr2526,account.0da3712032eb4b0e8578394dab2b911e,0
2026-02-11T12:34:43Z,terrapinjelly,account.d97f0ad1ba53497a96a961e25b30af16,0
2026-02-11T12:34:43Z,anhyowon,account.2cfe6038fe0e4bddafac8a6d5ebf6bda,0
2026-02-11T12:34:43Z,18chan-3-,account.9b2ad5934b614cb481a7a111e5f05c68,0
2026-02-11T12:34:43Z,Orion_PoCaChip_0,account.544c39f087aa41149fe2c572a323d89d,0
2026-02-11T12:34:43Z,cnu24,account.e1fa01cd303244bfad35a04343f20631,0
2026-02-11T12:34:43Z,LTNS_Psycho_-,account.f8cd90931d8b4109bfda5f02782f1e12,0
2026-02-11T12:34:43Z,CIVA32,account.4eb7b9a07ba2480f9b0104727e8214cd,0
2026-02-11T12:34:43Z,SeongHyo0480,account.7cafc6b830dc4605ad4a7bee23ccd1d8,2167
2026-02-11T12:34:43Z,Nobland-__-,account.db8cde8d4f54438f9895fcecc61fe162,0
2026-02-11T12:34:43Z,GOD_Mors,account.1c63a8efd22e4d708515b4952a80e35b,0
2026-02-11T12:34:43Z,tmdgml2048,account.b3da4d5fbc4f418db74289c085fb6db6,1501
2026-02-11T12:34:43Z,HoonNam_Player,account.eabbe8e33edb43558c4dbe5b61b3d9e5,1977
2026-02-11T12:34:43Z,kibonnn,account.b8d5e3da08c444e79be21014580b92dc,0
2026-02-11T12:34:43Z,JJunBBeoM,account.e2ed5b74a5094ed497fb4d6acf5cffd8,0
2026-02-11T12:34:43Z,2seungzae,account.3e27aca3553042e1a6ee9f2126ebde42,1924
2026-02-11T12:34:43Z,jamminxseo,account.c6208fbe9ab3464a844e2f7841af55b4,0
2026-02-11T12:34:43Z,chonsickE,account.7ff89d7970ea4271b7cd9bd760ed9723,0
2026-02-11T12:34:43Z,DIE_OWNER,account.71143285fde541cd9ea620c767363035,2200
2026-02-11T12:34:43Z,Inferiorrrr,account.bb847b2f1155498ba5b832072e23bc49,0
2026-02-11T12:34:43Z,IVY-_Anais,account.656ab9a7a1ed4d58b01c8bf2bf1670f2,0
2026-02-11T12:34:43Z,JungRyeokWang,account.df6df5ac3d194081b2ab65f8e7033a5b,0
2026-02-11T12:34:43Z,Cheonanchip,account.6b128cb37aa1479ebe1f02cd8e75e3c7,0
2026-02-11T12:34:43Z,Bugi2_,account.23058a5bba8247b7a1ccd94f1b5cdddb,0
2026-02-11T12:34:43Z,HANYOU_A,account.5652d6afe97644dabf7a2b75bef7801d,0
2026-02-11T12:34:43Z,Seol_a_94,account.ab1ee1f336d340e291356e4d340667ac,0
2026-02-11T12:34:43Z,Tlempo__,account.6de4e57ee7c44b7e9764b92c88fa91ed,0
2026-02-11T12:34:43Z,ACT_Bokk,account.3774471b78a14940a5c44383811bd763,1613
2026-02-11T12:34:43Z,Y_small,account.820e2cad22634e0896fbd7ac3bc10f95,0
2026-02-11T12:34:43Z,tkaektjtenf,account.8651d3598ec64b1ca2aa15a2b72da5aa,0
2026-02-11T12:34:43Z,RE_DXDO,account.f1b4368b5ece44e6893aa0785e530a17,0
2026-02-11T12:34:43Z,RE_KIMCHI,account.c3f44b4dad2c4be4bfe77e8f635fe923,0
2026-02-11T12:34:43Z,zT_jihwan,account.1064d2800f3f48bcba06519bccd74ee9,0
2026-02-11T12:34:43Z,hang_9998,account.a9e2a0c1d0f049ccb117416ace00878a,0
2026-02-11T12:34:43Z,YUNIKING03,account.05bac006b55e443a9b9a018e77f7301c,0
2026-02-11T12:34:43Z,steam_bam,account.1a07ddde46114fe6ab79be383cce5172,0
2026-02-11T12:34:43Z,heung-boy,account.833f0001b5a945958346dbd121d4eed8,0
2026-02-11T12:34:43Z,parkjuhyeong_,account.87be63cca3b0482f8199d1b774c1ed3f,0
2026-02-11T12:34:43Z,TEN_quitting,account.b14ee2eb6c234958917f15b7c7d8fbb4,0
2026-02-11T12:29:02Z,SUCWkdWkdman,account.0d088c6263bf4a7fb78dc5a762efa32a,0
2026-02-11T12:29:02Z,ts2m-,account.5ace952ca51a44c5851b69e0d99ef7a0,0
2026-02-11T12:29:02Z,fasghsdf123,account.8fdd57b92b9e451ca57f0678d08514a1,0
2026-02-11T12:29:02Z,go19888go,account.21432799cd00435d83d3cff0fda810b0,0
2026-02-11T12:29:02Z,StandUp_FLUX,account.3f48cefbf32a449da0cc2c2d02c3bb79,0
2026-02-11T12:29:02Z,BGJake,account.f2961d02285b43ba8d65782aead32173,0
2026-02-11T12:29:02Z,h_w0923,account.801569dcf59447a1abeb0f02c05476e0,0
2026-02-11T12:29:02Z,THE-_-YACHA,account.43585bab0e244c0b8f42d6a15d824706,0
2026-02-11T12:29:02Z,roTlqkfxla,account.dde79a4c545c4540bba2bc9ed2032200,2050
2026-02-11T12:29:02Z,AZA_MIZZ,account.1888183866db45328e19bfe4ffa88f22,0
2026-02-11T12:29:02Z,Al-Get-Yya,account.1859763a84ed40fa9f4c54c0217a6cf6,0
2026-02-11T12:29:02Z,ikuuzo,account.c1e35ad584d74a078e8795f57e75c7c1,0
2026-02-11T12:29:02Z,ddazzin26214,account.fd6721de3f2e40d189070b61e1304666,0
2026-02-11T12:29:02Z,Bongmiseon__-,account.f881d135af2a41c18567454b3a2b52eb,1414
2026-02-11T12:29:02Z,Ribbit_Gagul,account.62d5f74f17ac49b988171912fe21eb21,0
2026-02-11T12:29:02Z,Zogo1,account.d331408fa7134c618e42cba391a4d454,0
2026-02-11T12:29:02Z,SOOP_RAKKUNG_,account.bb795a9748794b408fc3731b94ca4ce6,2502
2026-02-11T12:29:02Z,ehdrnfl_99,account.92792077ee244e8a9512dd420155cbaf,0
2026-02-11T12:29:02Z,GC_rlfwlstjd123,account.d153f772224d408285d0db3352792e2f,0
2026-02-11T12:29:02Z,SinieJ,account.01d2f4587bdf4d419d241cd23ef88f7d,0
2026-02-11T12:29:02Z,Chunbae_01,account.2a311d13e6c2457bbd1567c4d26c82c6,0
2026-02-11T12:29:02Z,Gxxdjieun,account.6a3c5dc7abc8469ca9313a3e4805c8a7,0
2026-02-11T12:29:02Z,DAG_Loopy,account.a43339cf700f4d32b7af061617423a80,1435
2026-02-11T12:29:02Z,HanHUNS,account.9631c7eb6e5f404dbc07feaac4066943,0
2026-02-11T12:29:02Z,7HO77l,account.8f90407b0fb14a4ebe274ab68e84c5b0,0
2026-02-11T12:29:02Z,DDooCHI__-,account.5cf42280dfc44f599972e406611e270c,0
2026-02-11T12:29:02Z,Mu-Zan,account.aecd78f4d16040968dcbac5e9a3f1718,0
2026-02-11T12:29:02Z,11Ki-,account.449a85d6aec046508368f9f460e671a9,0
2026-02-11T12:29:02Z,Color-_-Dandan2,account.489376b858904ecfa859bd82dcfabd60,0
2026-02-11T12:29:02Z,GcB_GaeDDak,account.e8c9e211766041189fa24a00957897ad,0
2026-02-11T12:29:02Z,wpdlfrnldudnj,account.4109cd19329941619bb0a0450707249e,0
2026-02-11T12:29:02Z,ENyoSuc,account.e2689917af29435bb765c7869efcc8c2,0
2026-02-11T12:29:02Z,sucoran_c,account.cf89b9eb7fc44fa59546adfe81e5dc0d,0
2026-02-11T12:29:02Z,chao_ni_ma-_-,account.d1b8e6d5a5fc40ed9975552ed1686230,0
2026-02-11T12:29:02Z,x1_da24u,account.869d130a391444ff81195a39b49bddf7,0
2026-02-11T12:29:02Z,aaaa111222aa,account.196d8180d0334dd2a29a5ed5828e16db,0
2026-02-11T12:29:02Z,BYUK_Waru,account.898d68639ba64973acace5818bd36071,0
2026-02-11T12:29:02Z,WANYA_FLUX,account.3649b3fa1fed4a72afb99cbf35f9acc3,0
2026-02-11T12:29:02Z,JIJI0289,account.c1167c8d70e44d44875055ee62d5d5d8,0
2026-02-11T12:29:02Z,1st_Starry,account.b42862b321d44b8ab0fcfeba7c51ccec,0
2026-02-11T12:29:02Z,WAGGU_TOP,account.69885c051ff04b9cbf8024472c507f26,1899
2026-02-11T12:29:02Z,fromis9_Chaeyeon,account.57c72c3b6d084b4e9e3e333f15f0a53c,0
2026-02-11T12:29:02Z,Color-_-BK,account.1fe8dc9679c94edab9b4add7201d0a9d,0
2026-02-11T12:29:02Z,FOT__-K,account.3cb40ca5cf9042c28023bd311d401f83,0
2026-02-11T12:29:02Z,SURA_SUN,account.7761d02205084a26aad0f167aa067cd9,0
2026-02-11T12:29:02Z,PJX2,account.bea84b758f6f46dc8f25e495b4f00ed7,0
2026-02-11T12:29:02Z,dnjsjdnsj130,account.8fb67d175d134054b299767b7990c5d5,0
2026-02-11T12:29:02Z,OldboySUC,account.7f38713f8b8b4330afe0728b225d1a07,0
2026-02-11T12:29:02Z,lillllllllil4MI,account.8a1fa1d4f6264b5a8ce7861c058e218f,0
2026-02-11T12:29:02Z,dbwjd0411,account.5528e2d4974846c698e49ac3f5d307b0,0
2026-02-11T12:29:02Z,KYUL_FLUX,account.1f86d9fee89f49f89f789c68d898ba1f,0
2026-02-11T12:29:02Z,t-_-t429,account.d4711ae48c544995bf12f9634daa9cb2,2400
2026-02-11T12:29:02Z,SupermxN-__-,account.c02b34b20f1c4a8488cd5a094885899b,0
2026-02-11T12:29:02Z,s1tumeamas,account.c4ba55de54fc44c6814fd7e9ee73ed1f,0
2026-02-11T12:29:02Z,MARUO0O,account.dfb04f60b13b41b99b550aa64666c3c7,0
2026-02-11T12:29:02Z,TEAMQT-__-,account.d6bcea1499ec48adae27f18265f0bc9c,0
2026-02-11T12:29:02Z,NANANA25,account.fcc63cf1f9f7416b85ba6696973766f3,0
2026-02-11T12:29:02Z,nova_js,account.0ed5b5fce35c4ad38c40db12e148caf9,0
2026-02-11T12:29:02Z,cdexswzaq7,account.5e9ac6079f584db3a8afb4ae6a50b0c9,0
2026-02-11T12:29:02Z,kimin2241,account.2abd73ef653e434cb29b464cc66690c9,1560
2026-02-11T12:29:02Z,U_taeheee,account.876cf59e75f04616a6f2d2370fd5dd2f,0
2026-02-11T12:29:02Z,95_Marlboro,account.827359a2c42a4e0285fbd759c2d3853a,0
2026-02-11T12:29:02Z,inggo_,account.7d0056977edb4736813bed09c38b142a,0
2026-02-11T12:29:02Z,SSA_GAR,account.3662139645c04742b27c27821ad001dc,0
2026-02-11T12:29:02Z,WAGGU_KIN,account.768d3e8a4b8b48ad9a4dc6209a08db8a,2243
2026-02-11T12:29:02Z,ronaldo-bum,account.bae7ddc6b4584c5abc48ae2b9e406ef2,1201
2026-02-11T12:29:02Z,Serious_3,account.d12fc4119888433fbb1f27f38b6e6761,0
2026-02-11T12:29:02Z,He_TaL,account.fc0f2a52ea9a4c49a23a11f158990e8c,0
2026-02-11T12:29:02Z,ARTAGP_Fairy,account.e3529e4586a7402cb70aead158807937,1930
2026-02-11T12:29:02Z,MlNlNG,account.712295c990c445638b91c7f97e96571f,0
2026-02-11T12:29:02Z,KMS-98,account.954fbb819b0449b2b939c959c11b898c,0
2026-02-11T12:29:02Z,korea_yeol,account.4941f43228344f3d97c8046ccc72f728,0
2026-02-11T12:29:02Z,KN_TMDHKTXM,account.1abc82d218464246b3376d57dc2a66b7,2168
2026-02-11T12:29:02Z,5bey-__-,account.b18e6162dd6d4d5abf0b8827ef896ab7,0
2026-02-11T12:29:02Z,Dobby__1s_Free,account.c034d68eb862497bb35fd7f6227978d1,0
2026-02-11T12:29:02Z,Public_agent_kr,account.33cf5a5654594457991be62b33521214,0
2026-02-11T12:29:02Z,minnie-mouse-,account.1e5a58e754844b53bac3356afbfc5f8d,0
2026-02-11T12:29:02Z,1st_kangyama,account.e821073fce4e4d1386c44f64fa3906e2,0
2026-02-11T12:29:02Z,DogyuFanz,account.bc6730ca00c448b49065d7603d023792,0
2026-02-11T12:29:02Z,SURA_ZAR,account.d30c582eb22c4987a098ead69b96a151,0
2026-02-11T12:29:02Z,mickey-mouse-,account.8963d29df2cc4f428a0e68bbe80e8ce0,0
2026-02-11T12:29:02Z,WAGGU_WANG,account.b06eb4c056f54a6da4bd4936884881b6,1891
2026-02-11T12:29:02Z,pizzandcoke,account.adfde6c3f8bb4b2d97cd7fbb571e38b0,0
2026-02-11T12:29:02Z,MILE_Captain,account.960d1d23b072444aa62b10c2e673ddc1,0
2026-02-11T12:29:02Z,Haru_hazz,account.46c282374d054f3ea09a769a7a3c5016,0
2026-02-11T12:24:29Z,melter-,account.a7e172522e9a4ddb8556f98e8ffc8fd0,0
2026-02-11T12:24:29Z,Cheonggaegul,account.46e49894d9f141f6a2a0994af6bacef0,0
2026-02-11T12:24:29Z,DDAEJANG,account.5fadd4d40aaa4e49944aa571514ade2f,0
2026-02-11T12:24:29Z,1vs1_-S,account.5e1d9177aa5542bbaa8b4f28a766daa1,0
2026-02-11T12:24:29Z,teto_bin,account.b31639e90776448ba80d8e0b9837cdbb,2189
2026-02-11T12:24:29Z,lmvip,account.2eb657903c6b4ed58e7a7487a5237088,0
2026-02-11T12:24:29Z,hs_hj0703,account.bf4b34b85755462297f334c7536a74a5,0
2026-02-11T12:24:29Z,SibaEnu4,account.9dee123a1cc74c27883d9805e1556c94,0
2026-02-11T12:24:29Z,SOONDAE__b,account.7c541d73c44748bbbb7804fc681d264d,0
2026-02-11T12:24:29Z,LBT_ADAM,account.3535fb40f53848568668d54ecf0ea803,1926
2026-02-11T12:24:29Z,DoNot_Trust,account.133456d333df4f48a1edc21d3b2d74e1,0
2026-02-11T12:24:29Z,INFERNO_ORION,account.46ad2c1ec35840249a3e4cddc6a40a85,0
2026-02-11T12:24:29Z,sr-ar-dmr,account.e472c5d9cb3a475581cec039384a4910,0
2026-02-11T12:24:29Z,youngguns2,account.4c6754519cda4c9abc3b7dc54f5b8cb5,0
2026-02-11T12:24:29Z,ayuemo,account.f19ee6ad682b4478b6c2582f1b8ba184,0
2026-02-11T12:24:29Z,Av_Siba,account.b787136e7b0145ef884e7e371a235a48,0
2026-02-11T12:24:29Z,Sunroooooooooof,account.b4ee78f90a4842d2a86c9925d76ae1bb,0
2026-02-11T12:24:29Z,doche_09,account.f4a05e1c26494a44beac806b30ef32b6,0
2026-02-11T12:24:29Z,aeon_VSS,account.b8ab113250674486b327042988b0d522,0
2026-02-11T12:24:29Z,wild_gyu,account.3f67f8b3fc8e44b78a10c5f50e0d8585,0
2026-02-11T12:24:29Z,1541-8282,account.4606fafd1eef4b0bb4231cb01bd0e997,0
2026-02-11T12:24:29Z,didwlsaks,account.b15aff54a55c47f6817b180468b3f490,1933
2026-02-11T12:24:29Z,cute_nam,account.cb515ba6a71847f0955fe9398c304a0d,0
2026-02-11T12:24:29Z,sweetpotatochip_,account.9f61954974dc4882b1cbcb694f179247,1753
2026-02-11T12:24:29Z,kimdohwan12,account.e0b7f98d93f04170ac0fecf09f22a7dc,0
2026-02-11T12:24:29Z,zizon_insoon,account.15dc57e9fd1644d88d1f190811c54bbb,0
2026-02-11T12:24:29Z,SxxHxxx-,account.1284b7016f1043ffae8097e16dd30757,0
2026-02-11T12:24:29Z,mellllong,account.12f5eab5e9504871b7b06184c009d5e8,0
2026-02-11T12:24:29Z,Choi-Wonbin,account.ade883f1a6b94ad79b4ad3868587e1db,0
2026-02-11T12:24:29Z,White-VSS,account.e426f6aa8b324de3a12c0ed00fe3be8a,1984
2026-02-11T12:24:29Z,YSJayLee,account.8033256bbb6740bd9a3a36617390a72e,0
2026-02-11T12:24:29Z,HELL0K1TTY_-,account.5de42df697e342289cd537f2d0460074,0
2026-02-11T12:24:29Z,Kill--gak,account.e0b0c66223dd422b9745f3bf4f5d954f,0
2026-02-11T12:24:29Z,John_Weak_-_-,account.29625479325e443fa46ff20e75623e15,0
2026-02-11T12:24:29Z,Lauv-_-,account.97ca8909fab547cda8a284334b527a76,0
2026-02-11T12:24:29Z,T_Bnb-Chris,account.e71d3e607ad44afa8489520944c7c5e5,1454
2026-02-11T12:24:29Z,ak477382,account.95c7f60a8e964406a4ec9a2979b862a3,0
2026-02-11T12:24:29Z,xx2su,account.08d9746776e04d3d9c52fb63cee66816,1511
2026-02-11T12:24:29Z,Jeon_joonseung,account.97cbd9f9b7a44aedbf9ff39e2b6c402e,0
2026-02-11T12:24:29Z,1vs1_-IIllIIllII,account.b5358c52692545469bdc3db454a09bee,0
2026-02-11T12:24:29Z,1vs1_-Okhee,account.9aa39cd20be0423881d850d305274f8a,0
2026-02-11T12:24:29Z,117happy,account.47f905a5453342698f97bcaa3c18e777,3121
2026-02-11T12:24:29Z,Av_Braza,account.3237e663bfb94316a9d5522d8a2bd685,0
2026-02-11T12:24:29Z,sicarIo_-y,account.880b632b407e450ba160fbfff158bbc2,1895
2026-02-11T12:24:29Z,hM_Hermod,account.99e59a6d80194caba61133e631c1eef6,2073
2026-02-11T12:24:29Z,Villena_,account.717e1448ea4e4c3ea0702d8ff9dbf89c,0
2026-02-11T12:24:29Z,admin_zzzz,account.69ec18d9303a47e58fd38c5eddd52897,1868
2026-02-11T12:24:29Z,onepunch_1013,account.5ab1e20a4e9b4b3d8f747e596b5900c2,0
2026-02-11T12:24:29Z,GR_Lobby,account.398227c479fa45318702250a19493254,1875
2026-02-11T12:24:29Z,LeHye0n,account.f822bd5c94c04b37a0697be9b8347d06,1104
2026-02-11T12:24:29Z,shino226,account.1ad2c2cd116045bf8317a9be756db567,0
2026-02-11T12:24:29Z,bgdog91,account.3f4d15333835452ebec49b3d6d2c2fb2,0
2026-02-11T12:24:29Z,KR-Gumtae,account.ab170cb57ae14836bde9e5dafc2054e7,0
2026-02-11T12:24:29Z,Khao_S2,account.2772c64ffd4a408da0a35834bb2a9907,0
2026-02-11T12:24:29Z,kkalchigu_e,account.1778438cfa8641b1b74a53af5cea4d96,0
2026-02-11T12:24:29Z,RZ_Yido,account.7c1d8e49c3a74117b83ee2d6c0a785c1,0
2026-02-11T12:24:29Z,xsczd,account.2961fb0a44264c1997d0e17dc580c906,1762
2026-02-11T12:24:29Z,Jo_Ha_,account.b5cdad1fbd674f5d91713ffe13b840ee,0
2026-02-11T12:24:29Z,Ramen__b,account.c1a28ed357ae456e9c0c93e5cf6ff698,0
2026-02-11T12:24:29Z,A_tokGAY,account.0a1833b2fe0a453685a63db1289fa301,0
2026-02-11T12:24:29Z,1st_Medusa,account.2813ef57ebd143ea9be24309cb1b4c66,0
2026-02-11T12:24:29Z,KamPong_S2,account.af5f182ab6fe4f75bdfef42ab3bc1fda,0
2026-02-11T12:24:29Z,DINO_Rocky,account.0d6a499c523743328567178d583c71af,0
2026-02-11T12:24:29Z,leedaehogood,account.39f13dd6c3d14287bed02e5b96bdadbc,0
2026-02-11T12:24:29Z,Yaoming4NG,account.299d7804b2f44f37a55688a717389b68,0
2026-02-11T12:24:29Z,HaTinh_S2,account.a34c6e35c3b14becb885f8be2c5fb86b,0
2026-02-11T12:24:29Z,Helius_90,account.c2df98f4636441df930f9d878713a5af,0
2026-02-11T12:24:29Z,melllllong,account.dc6b3a40c1764785929a1e615e717411,0
2026-02-11T12:24:29Z,Ambasa_-kya,account.c1950ee8a4a74ad19df9344164d4123e,0
2026-02-11T12:24:29Z,KONG_GAROO,account.44463fa7affe43e680c8f4f5c5de191c,0
2026-02-11T12:24:29Z,Av_DIRDS,account.4ac9560b8f5e4a78a53ea81b0e7c8cdf,0
2026-02-11T12:24:29Z,LAMYUDI,account.eec88d10bdc148b6acdf662a2cc8e17f,1488
2026-02-11T12:24:29Z,Av_tara,account.00638977de3b47e3984dec9ee56ec6fd,0
2026-02-11T12:24:29Z,remem_b,account.18f8bc08eef34a378b8e0dc331dbc02b,0
2026-02-11T12:24:29Z,Irin_7,account.7c77cb1c611f45109d631857c08ab566,0
2026-02-11T12:24:29Z,RZ_MK,account.4cee818724c94dc6876be5871b2791e9,0
2026-02-11T12:24:29Z,ddodde2,account.a42c55893b624d2fade585922e19bc4e,0
2026-02-11T12:24:29Z,SalsalsswA_,account.692bcc6ddbd843fb8b407bc5f5d92115,0
2026-02-11T12:24:29Z,BGP_qusrudeh,account.f468f60bdd2348db968666118e3ab0a9,1638
2026-02-11T12:24:29Z,safhaskj,account.82a640b9f23342b8b43c3bad6c75ecc0,0
2026-02-11T12:24:29Z,INFERNO_MASTER,account.27813c809dbb4bd9bdae61dfc0d5cf85,0
2026-02-11T12:24:29Z,Doberman4,account.768eea1b4ab04d32b3e987520be0d355,0
2026-02-11T12:24:29Z,BR_BuRnOuTsPiN,account.abdf99b9fc15410fa8c7f057644febe0,0
2026-02-11T12:24:29Z,GalBi__b,account.cf5f6f61db844ee682bd5cf5a4bb8c72,0
2026-02-11T12:24:29Z,RAE_DDONG_E,account.c0de586f16f24ced96f484596521093d,0
2026-02-11T12:24:29Z,HanJongsuk,account.045d3eb54aaa448b8cc9a93dfd3d459b,0
2026-02-11T12:24:29Z,BBANGYA-o-,account.b229b533bee64de39253b9045a2bd7bb,0
2026-02-11T12:08:15Z,HopangYumYum,account.12b7335abc224356b3e34a71999b1b1b,0
2026-02-11T12:08:15Z,lotte_mart_,account.8209db83a6974e9e948cd0c1649d62c6,0
2026-02-11T12:08:15Z,HYOPARK--2,account.4724bcbc443f4d328f86dad6081c8eef,0
2026-02-11T12:08:15Z,no_smoking--_,account.5fef5ff8ad084b17879dd4e95c8512d8,0
2026-02-11T12:08:15Z,H_dal_e,account.51998c5b1b354afb81b972f7e96dbfff,0
2026-02-11T12:08:15Z,Eh_duso22,account.e10febc9e08043f7a98b1746196c26d7,0
2026-02-11T12:08:15Z,Positivegame,account.d03ff3ce10c64f749c37b95b2549ed52,0
2026-02-11T12:08:15Z,captain_yeojin,account.28ef1955bd014e19b10a467c060249ac,2023
2026-02-11T12:08:15Z,misO_Hb,account.1a880f9c196f4a98815114bdaaffc60e,0
2026-02-11T12:08:15Z,mnem0syne___,account.76e60aa1af194a62b7934132af3def58,0
2026-02-11T12:08:15Z,AltF2,account.69f3a415687b4b8498d887d4406ef6bc,0
2026-02-11T12:08:15Z,TETO_LEE,account.1d0110f555254b95bcdd48bbfcca0cda,1463
2026-02-11T12:08:15Z,TJDGUS1006,account.fca3d7724b574ff0b62053c7f10945d0,0
2026-02-11T12:08:15Z,Robiro_ga,account.fd7a1e5ab0f2451099d981603b89ded2,0
2026-02-11T12:08:15Z,Kangchoon3,account.db098b39907b4163be7c5d9fe5c1207f,0
2026-02-11T12:08:15Z,parkkahee,account.63a918320feb45c6824e1cf47b09c1b6,1554
2026-02-11T12:08:15Z,YNG_OwOb,account.c089e7c49f1744a9a6a427474d524997,0
2026-02-11T12:08:15Z,daebari-,account.72891620747142ae94e26f3e415f5884,0
2026-02-11T12:08:15Z,NICEMAN1021,account.58c36f61413d402aa6f7df3bf65497fe,0
2026-02-11T12:08:15Z,Sooloss,account.2cda7101de5f485aa2bc84815cad29ab,0
2026-02-11T12:08:15Z,stastu,account.e1ae524597f14708985b52a35b57b54c,0
2026-02-11T12:08:15Z,Rotem_Ok,account.f3790f36eddb486fa9ef663e65f08eaa,0
2026-02-11T12:08:15Z,O_sal_e_yo_,account.b6de83a07f5d4d8a8822cd07704f6262,0
2026-02-11T12:08:15Z,sm5zk01,account.5ba74bf121a040019f6f835cd752e053,0
2026-02-11T12:08:15Z,JMT_velocity,account.bff809df4b144c68acb75959f6d6b317,1946
2026-02-11T12:08:15Z,yul_kkong,account.f52b6987cea14e558728dacf65a92606,2200
2026-02-11T12:08:15Z,GOD_SIKK,account.d30849a24ce04db79ec3020a26c9f2ba,0
2026-02-11T12:08:15Z,BBackGuOX,account.2403541a2889453789810e54231755b5,0
2026-02-11T12:08:15Z,Fake-edu,account.634d4c594ece47369d26e4e97aaee871,0
2026-02-11T12:08:15Z,JANGARONACKS,account.8ef926cc535941e8b7eb49d085d40ede,0
2026-02-11T12:08:15Z,kimchi12034,account.b91c33d9df054d998aafe36455b75aac,0
2026-02-11T12:08:15Z,Ka2indaeyo,account.9323bd15ab8d4d61922df5ee1beb364c,0
2026-02-11T12:08:15Z,NYOARK,account.b109ed7aa17047a7b7de9983263651eb,0
2026-02-11T12:08:15Z,busgisag,account.ca6bb5e8c47949958e88cdf4a86e1cff,0
2026-02-11T12:08:15Z,Resell_FLUX,account.90e90ecd1b064585abe2b5428f8ea157,0
2026-02-11T12:08:15Z,Muduk_2022,account.c012c616e926418fae44cf03d3b10692,0
2026-02-11T12:08:15Z,11st_SiNiOF,account.7190605c4e494d4fb9d9bf3a75883cb4,0
2026-02-11T12:08:15Z,tmqk021,account.9e96fa3067a34e48b6a2671fda949a7a,0
2026-02-11T12:08:15Z,6757381,account.4e3c7ac84457448e8ac409a70ca0c0e5,0
2026-02-11T12:08:15Z,CJS2SH1022-,account.ed2f770709174cc798531c39f0abad9b,0
2026-02-11T12:08:15Z,AC8_ikba,account.2df20ee9257c4d85aae2f22892adfae1,2010
2026-02-11T12:08:15Z,ChangE_R,account.86a7412ae08545559cc6a2512588fc4e,0
2026-02-11T12:08:15Z,CLIMHTSE,account.ce20cdc0918d4d6d868b39915c129757,0
2026-02-11T12:08:15Z,tangtang0205,account.9bbe84c2865d4fc3b7c7fa10c3978f27,0
2026-02-11T12:08:15Z,S_SEOKH,account.05695e2833f84440a8d96804ac1eafbf,0
2026-02-11T12:08:15Z,Veluna_a,account.9cc6bdfee09240349559a0a6eabdbe33,0
2026-02-11T12:08:15Z,jo_kkong,account.0e2eb3f6766a46ba8d3b7120d454624d,2057
2026-02-11T12:08:15Z,oh_Jessi,account.943c545dec7b418eb0f814a434037b58,0
2026-02-11T12:08:15Z,zzanggolra,account.55e129dc154749cabfa50a448a3ec1ce,0
2026-02-11T12:08:15Z,leeoil,account.ac1f3207d52f462b81d1f73747ff400f,0
2026-02-11T12:08:15Z,AC8_chunghwan,account.85f4e8a0d54e4362b2663793cd4c687d,0
2026-02-11T12:08:15Z,leggong,account.b393c62bd56c4a088f3fab0e5a0c7afd,0
2026-02-11T12:08:15Z,yongsanFerrari,account.355ab5c4a4054824979a9abd172eb762,0
2026-02-11T12:08:15Z,bin_o_,account.50d2e03881384664b511cc61d3f8dfb1,2222
2026-02-11T12:08:15Z,heegyeong_,account.1c702fac8a294a3c918260e8d9f859e9,0
2026-02-11T12:08:15Z,JMT_Bin,account.2ff85768916e4219bf9f52fe015c8d33,1779
2026-02-11T12:08:15Z,yeeee001,account.082a010259bd4a64ae5dfaa1858a3b61,0
2026-02-11T12:08:15Z,soondoriy,account.fe56308e429648719b9ddadea66088b0,1571
2026-02-11T12:08:15Z,CLUB_Frog,account.f4b5441839284852b5655ebd0c2a7626,0
2026-02-11T12:08:15Z,miracle10041004,account.d1a472d08e914b5f8089d4a88073087c,0
2026-02-11T12:08:15Z,NY_Faker,account.82a20990bce74b35b62dae2d9fa72109,0
2026-02-11T12:08:15Z,nab0ngpal,account.4ff67fd5c268458aa62d06ecdd274160,1916
2026-02-11T12:08:15Z,Kkamakun_v,account.1271274183734e889137f562cf131436,1964
2026-02-11T12:08:15Z,tlstkekqrp123,account.fa9f60888d33405db93dddedbd968a95,0
2026-02-11T12:08:15Z,YJHFace,account.cff725f252734948802b4598f55876bb,1643
2026-02-11T12:08:15Z,maratonerr,account.948729ad96584326bfa8881e011c563a,1294
2026-02-11T12:08:15Z,chicken_669,account.8d45a2a650a3464eb5d4d8726f2727da,0
2026-02-11T12:08:15Z,YSC_Roo,account.75a09fc95dea47b7a317b4fbbb8fc128,0
2026-02-11T12:08:15Z,JKB_123,account.2656d2aaccd0403aa4da08f2feca7879,0
2026-02-11T12:08:15Z,alcbi,account.ed4c37a93e7b487f97a4c06006bce8ae,0
2026-02-11T12:08:15Z,imjiq,account.3567bf4523294ba8a0de5909d5c22ff8,0
2026-02-11T12:08:15Z,grouch123,account.5c0b12dd167048d9979cd7eff6348b06,0
2026-02-11T12:08:15Z,thdus2044,account.7e520b63f742416387ba9b10fd8ce39e,0
2026-02-11T12:08:15Z,BR_Lucy,account.2ae5c81534924a53851b8f9add413330,0
2026-02-11T12:08:15Z,qodbswl3_,account.a31a81a7ec86421db6a2e58710a859c0,0
2026-02-11T12:08:15Z,Torsen_,account.463959b10d5e427a8e1720650bf2d18d,0
2026-02-11T12:08:15Z,kyra0506,account.b68a005cf62149dba58a09468b315f60,1588
2026-02-11T12:08:15Z,lilililililiDli,account.488450e0acab45cca3ab2def37712f35,0
2026-02-11T12:08:15Z,LESSA77,account.14ba64e3908e4dd9bfa62933d67c578d,0
2026-02-11T12:08:15Z,Tyrannosaurus310,account.111bd579621d4756b1505d7e941d2547,0
2026-02-11T12:08:15Z,ZNEEEE,account.e5a1972af9734a2499b627ae4a32e541,0
2026-02-11T12:08:15Z,JUNI_PING,account.8c8ef69fd0fc4250950481918f440968,0
2026-02-11T12:08:15Z,SSaBoLyutni,account.31bdcdc126b04153b2e8d5fd8dc0c9e6,0
2026-02-11T12:08:15Z,shibalom1,account.bf5cd636ee56418a922729aa90943f97,0
2026-02-11T12:08:15Z,water_hye0n,account.a8ff3042814b4f648db3dd414b305737,0
2026-02-11T12:08:15Z,kim52620077,account.0ce7307b803e4c5b9f9f9384bfc2d04a,0
2026-02-11T12:08:15Z,YeoNi_FLUX,account.3b5aa0aff6fe44098036691107efaa12,0
2026-02-11T12:08:15Z,sokain,account.2455781a773340acb1d492f8d71cfd93,0
2026-02-11T12:08:15Z,kimotti1233,account.e7da32b1bc78498481c573e30b478cf8,0
2026-02-11T12:08:15Z,BonGu_S2,account.749d38e180534a32a0d183833ea4935c,0
2026-02-11T12:08:15Z,ByungGunBreast,account.76213c156f46429aba7188c61f17a9b0,0
2026-02-11T12:01:01Z,yunjjung2,account.362295c834504d1e9761cbf12d838790,0
2026-02-11T12:01:01Z,INI_VOID,account.b5517b6ae5ee4b1284eee38e4d4c3d45,0
2026-02-11T12:01:01Z,GMP_Gmanbar,account.f8055f3b93dc4e9a8302ba9370379ca0,0
2026-02-11T12:01:01Z,INI_sexy_Hoyyy,account.e75b6bfb743a496ea803e69d1e1febf9,0
2026-02-11T12:01:01Z,JMJKHAN-_-,account.516ce16b09404262b6d8690b6c67f46c,0
2026-02-11T12:01:01Z,INI_Leooo,account.c9cd3691c5b44fc4b1f9cad51a7c1307,1821
2026-02-11T12:01:01Z,gimozziman5,account.5d81ca3292644b62bbe82752120cc617,0
2026-02-11T12:01:01Z,Hoshizra,account.5e8ef197dfc1457ea662e6ac4e3acbe3,0
2026-02-11T12:01:01Z,Y0UNGT,account.1179368f1d794ffb99dd67d3c71bf51a,0
2026-02-11T12:01:01Z,INI_Sgeun01,account.9ddef40db1e54431938675b9c4a686d0,1572
2026-02-11T12:01:01Z,JIN_sh02,account.1c0d0c0479c04c4399a5b9a5dd42c5ba,0
2026-02-11T12:01:01Z,wobfs,account.086ae673148c40f49cf68473fbd44da5,879
2026-02-11T12:01:01Z,KJS909090,account.d8d12f7658af4ee08f41d9af7502ca2a,0
2026-02-11T12:01:01Z,INI_DDooNG2,account.4022fc05ed8242a28c6f87b61d5276b8,2243
2026-02-11T12:01:01Z,hanvit_start,account.7a6b15f6242c47dc997412b9f48c5351,0
2026-02-11T12:01:01Z,minnny1,account.cfd03bde166f46738c253a7f468224ba,0
2026-02-11T12:01:01Z,Dardungs,account.2fb8f89ff19d414db50476e1e4aeb748,0
2026-02-11T12:01:01Z,h__j1015,account.f12829edc4b14227a282f6912ea9b27c,0
2026-02-11T12:01:01Z,akalsdjifoq,account.0ca49a675f6943a380945b32b1a496a6,0
2026-02-11T12:01:01Z,INI_Siuuuuu_-,account.0f00bcc48f9742f4bf7dfe4d88e62b1a,0
2026-02-11T12:01:01Z,R_yu2,account.dfc768d313134397843ce71b5851e620,1629
2026-02-11T12:01:01Z,GMROG,account.19fcf06e795d4f39b2ea2749ef007578,2045
2026-02-11T12:01:01Z,KR_Viking_,account.bf7c48f18055458d84ca57a1c4e4507c,1471
2026-02-11T12:01:01Z,heejungcute,account.7f885a0622c84ea399dd42e4a71efa61,0
2026-02-11T12:01:01Z,GMP_SUYOUN,account.95a4dbea61f849159da0d6a2c405d1e1,0
2026-02-11T12:01:01Z,kimbyeong-kuk,account.fb3f9640f56f40818624bce7d8d6d130,0
2026-02-11T12:01:01Z,INI_Beeee,account.26eb09e40f7947a3ad2bac3c89203a19,2436
2026-02-11T12:01:01Z,YEONGJU-_-,account.e8b623708dd54675b96a979ce467e065,0
2026-02-11T12:01:01Z,hyuckjin--,account.8b46c8c3997f4542b955c74c2e8754a0,1723
2026-02-11T12:01:01Z,INI_wOw_Huiii,account.7d7583d792b343559cece4b565ba7ccc,0
2026-02-11T12:01:01Z,sam_sung_lions,account.9bb05095759b4f64aecc8aa3c8271680,0
2026-02-11T12:01:01Z,gwangrye01,account.7d6aead0f0594adab71923685850875c,0
2026-02-11T12:01:01Z,INI_estp_Ozoo,account.16a61384f50249ce895b343d33cdba68,0
2026-02-11T12:01:01Z,sygeon3758,account.e5b02af6316944d99c58d724494fe6e7,1560
2026-02-11T12:01:01Z,INI_KimGGuDDe,account.c798f2a5e8db475d904ece7b37aee8aa,0
2026-02-11T12:01:01Z,INI_PARO,account.59e966380566456f81c3b07a6d670157,0
2026-02-11T12:01:01Z,PNW_ESSE,account.e2c5b9e8a425402f8f25b56196f106df,0
2026-02-11T12:01:01Z,jaming01,account.b19794498eae4c63b0794c60963b0229,0
2026-02-11T12:01:01Z,rndkd_,account.658969cdd36649b0bc8a5b256964dce1,1731
2026-02-11T12:01:01Z,GMP_Kuma,account.795085928d734b509615412bea2b3202,0
2026-02-11T12:01:01Z,iS_SeeSaw,account.c721043f1dca48f1acf6ecfe4a517dac,0
2026-02-11T12:01:01Z,Reinildo,account.a2b61b71865d4cf0989c9bef162005e5,0
2026-02-11T12:01:01Z,7rBoJaliliiliROG,account.08fada0c79064d8d8692c3357eb54551,0
2026-02-11T12:01:01Z,INI_Reonidasc,account.c88a3d48db14454296c9770e2942a920,2239
2026-02-11T12:01:01Z,iS_Mayday,account.a9463d9747c943cab3ad90841c0da663,356
2026-02-11T12:01:01Z,INI_InfJ-Hugo,account.cc9257836e0449f9a0bf35f87cd18dd0,1886
2026-02-11T12:01:01Z,iS_DOKGO,account.73a62f2df05a4eee850fa0205e178b08,351
2026-02-11T12:01:01Z,PRO_YeSu,account.76cef63fb5c94cf2a025340c8130df48,0
2026-02-11T12:01:01Z,uuiuuiuuiuui,account.d2f51350040140e6b2ff1a45f19b2858,0
2026-02-11T12:01:01Z,1234489,account.170adec1375b43d0b622b5e2f320183e,0
2026-02-11T12:01:01Z,nowon5hamma,account.63e4cddf56c849e581bb7d6b356dd8b2,0
2026-02-11T12:01:01Z,carin16,account.320f890167a34ebf929fba626d4e3647,0
2026-02-11T12:01:01Z,PPAKHI,account.d94f0d8629944b0b803ee5b526662841,0
2026-02-11T12:01:01Z,chaewoooooo,account.2dfe1281a66d48be8fabf0b9dc406d90,0
2026-02-11T12:01:01Z,bonextdo_taesan,account.5ee766ee582a45a5b1eafd08617a11d1,1620
2026-02-11T12:01:01Z,INI_enfJ-BOOng,account.2906d9b2d618466a92ef74d0213b36f2,1827
2026-02-11T12:01:01Z,WOLFSYUL,account.a1c8b42d32b5439293b7f8a7e8c3865f,0
2026-02-11T12:01:01Z,GoAndPing,account.715e2da906a6446aadc385427888da63,0
2026-02-11T12:01:01Z,INI_lipse,account.4c3ad911d0ac4722857d88646b55f955,1940
2026-02-11T12:01:01Z,INI_intj_Hwan,account.7baa42a0122f404aa99198e2dd6e547a,2283
2026-02-11T12:01:01Z,bsm0204,account.8df91063c3374dc2b6ef53c2ec3b832e,0
2026-02-11T12:01:01Z,INI_estj_HoYa,account.237748a4329748d4aee3cd9d3c89379c,0
2026-02-11T12:01:01Z,Ladyer,account.57c7f768f4fd4e169791877079559f94,0
2026-02-11T12:01:01Z,GMP_RED,account.1306785458e14cac94cc358aa2c52b98,0
2026-02-11T12:01:01Z,Baby__jae,account.1dd8234789b045f6b770ffed98bb2caf,0
2026-02-11T12:01:01Z,INI_DAEYANG,account.5cf8554ed8f342f69dcaabc812828ec3,0
2026-02-11T12:01:01Z,JupyterW00,account.181f75e374c34965ad779dff34d87411,0
2026-02-11T12:01:01Z,daeguminihana,account.86b2cb5ba8f0467cbf13de1a01d85232,0
2026-02-11T12:01:01Z,INI_KIKI,account.82e0054b34984d7ab82ade3b51eeab33,0
2026-02-11T12:01:01Z,Geromon,account.6d50aad024eb491a9bb30df53dad59c6,0
2026-02-11T12:01:01Z,mimo1004mm,account.a29ab1f0cf8f434e9cdd289a6ff1e01b,0
2026-02-11T12:01:01Z,kgb_5463,account.7bfbfbf451594a8b8c39f9eb830a9e90,0
2026-02-11T12:01:01Z,jxhxoxn,account.595cb7d8e42d402587995a4beeabc38f,0
2026-02-11T12:01:01Z,JUNIROG,account.3387ba4cf9ec4044bb5779078c36bddd,0
2026-02-11T12:01:01Z,INI_Park-I,account.9eef987e8f4d42eba79c7eaecf098ef0,2387
2026-02-11T12:01:01Z,MountKreznic,account.bead2ff9a54e402b8d70d355ce17e9c9,0
2026-02-11T12:01:01Z,INI_KoMon,account.2f51bed74bb74362b0509a083c2b089c,2013
2026-02-11T12:01:01Z,INI_Bok,account.104bf19dd8d34eeaab9a084741550714,2484
2026-02-11T12:01:01Z,SGn1CHO,account.4ce4a4f4ea5745019ae347d7a00e8435,0
2026-02-11T12:01:01Z,JJUNGHIJJANG,account.4f9cbbd51cb24a7585105ee739bd68a7,0
2026-02-11T12:01:01Z,ClippingPlane,account.7b706dd1cd464d02a177495dec72aa9e,0
2026-02-11T12:01:01Z,NN_NEON,account.a9effe348217430995bbe30c5f8a0ecd,483
2026-02-11T12:01:01Z,ACOROG,account.727a778d042b4e92abb587ea0d9e0477,0
2026-02-11T11:23:53Z,JMT_TAMSzero,account.de70c9e1f32c47538eb8162ac824b20d,0
2026-02-11T11:23:53Z,NAIMDA_28,account.fd2e8b50204f4185bc2dd46cafe42402,0
2026-02-11T11:23:53Z,kyd0_0,account.c8f2ff43683e418587372766d4448519,982
2026-02-11T11:23:53Z,Tsundere_BG,account.9f05d75a94de48748e0006bbd5c9887a,0
2026-02-11T11:23:53Z,LINGCLANLOVE,account.c9d06cc338584d89b2ffb3af276f29a7,2723
2026-02-11T11:23:53Z,UZI_hm,account.a8ac39ce2d2e4cf6983470d5c5396411,2091
2026-02-11T11:23:53Z,Hit_the_book,account.24c00f40a2fc4cfaad819872189c09b6,0
2026-02-11T11:23:53Z,200926jsh,account.ed3dff4132114dadbe169cf08e328bbf,0
2026-02-11T11:23:53Z,h00ney_,account.bf62cf6196ac40b995143b0320947c56,0
2026-02-11T11:23:53Z,SniperSleep,account.cc22ac265fca4fbe9b96f400733a021a,0
2026-02-11T11:23:53Z,BK-_-HONG,account.74586954b4704450abf6722125d8765f,2127
2026-02-11T11:23:53Z,NAIMDA_2,account.bfc5942a2047434b9539c2074db7872c,2010
2026-02-11T11:23:53Z,ER_korea0,account.bd359b5ed230433e96654b933f4df47c,0
2026-02-11T11:23:53Z,NAIMDA_1,account.776814014ef04c7f84ebbb64b074e3a1,0
2026-02-11T11:23:53Z,A-a00Z-z,account.a7e3214e7d38432a93889d0f880be221,0
2026-02-11T11:23:53Z,bluebead92,account.c9118d46dc0e46728078da7767d5bd34,0
2026-02-11T11:23:53Z,Kingcharge,account.78415252a61d4522acc659a92c71fa2a,0
2026-02-11T11:23:53Z,YeniLove_,account.d5173f5b7ae34ec58ba5d61770329bf0,0
2026-02-11T11:23:53Z,Heyimseonho,account.47a0e0540ee34501a3fa4fcf179dc47b,0
2026-02-11T11:23:53Z,Biddo_1,account.1e0ef45293fc494bab4e22e3d020b08c,0
2026-02-11T11:23:53Z,HamZzi_Bee,account.5ef9f692fcc742ed8d2fd3e7a447090b,0
2026-02-11T11:23:53Z,dmsal_12,account.66b4203ae44748ee89ee159345b802b4,0
2026-02-11T11:23:53Z,Heyimsihyun,account.fa584164ffc442e7ac651f7640a9eb1a,0
2026-02-11T11:23:53Z,8ATTL3GR0UND5,account.666464ddf2e24a5b895f27412f4d0ca5,0
2026-02-11T11:23:53Z,KKUKAKA,account.72d1335a99de48219690f560abd04814,0
2026-02-11T11:23:53Z,huibali,account.70c1e66f5d57427cbc11eb70fa2c87fe,0
2026-02-11T11:23:53Z,Heyimdog,account.f4e3ae14ede949bcb1ad2d11507c484a,0
2026-02-11T11:23:53Z,KIM_DAE_H,account.881e340f394845d4bcf4322506069581,1895
2026-02-11T11:23:53Z,grrrkackbang1,account.4685ace34a1947e1a8c2abb27f33a33d,0
2026-02-11T11:23:53Z,bjh021212,account.2dfaf55c8be44541ac0d9795419fdd52,0
2026-02-11T11:23:53Z,YEON_CPT,account.05dd3db90e684c9cb0b834a8940448e2,0
2026-02-11T11:23:53Z,olzr89,account.7c787a52c7f546529cae7a0ea2bb4be6,0
2026-02-11T11:23:53Z,Lman_Do,account.4d12b53367334e10978c30923da44d49,2114
2026-02-11T11:23:53Z,122x_x,account.dea0194b18404e098d6cc4c328bc1e6d,0
2026-02-11T11:23:53Z,Hwangyongmin,account.9608552953b541679bd0aebb08a15262,1979
2026-02-11T11:23:53Z,OhaShiMiKu_X_X,account.68b7c0f1dc4b40c7843fb8ae64c75689,1927
2026-02-11T11:23:53Z,INI_KKANG_2,account.459870c74ef24f288630e8edf96c5f3d,2402
2026-02-11T11:23:53Z,SpeedYoonSukyeol,account.135b43167e88433497d19afe33487d8e,2334
2026-02-11T11:23:53Z,S_GIL_TV,account.0d14571baca84d98be7902dbde039909,1904
2026-02-11T11:23:53Z,leewj98,account.7ea804fef62c47aca4da40628be83b98,0
2026-02-11T11:23:53Z,NAIMDA_18,account.c808b4f91ddb4603935349773a490405,0
2026-02-11T11:23:53Z,Fat_zokzebi-_-,account.0bae0e4e92714340b5dd3a463b025f32,0
2026-02-11T11:23:53Z,Shinnosuke__01,account.1d9037b13f4c47038313adccf24c7609,0
2026-02-11T11:23:53Z,Hun__2001,account.2693550a027c417189483f40c4ace81b,1478
2026-02-11T11:23:53Z,Klux_3d0l,account.e4e2fd41e9294df2be2dc0390ebc1baa,0
2026-02-11T11:23:53Z,trapper319,account.2a6550f7482f473d871016ebe799be42,0
2026-02-11T11:23:53Z,Qncl,account.59de72cfbaa64d888ae5d99dad48e493,0
2026-02-11T11:23:53Z,Fb_Perfectk1ss,account.ba3713a6d0a641249d751f5e6bcd4f74,0
2026-02-11T11:23:53Z,BKKOxxxxxxx,account.51c9cf5bb7a441898cd6f45dd64c54e0,1971
2026-02-11T11:23:53Z,Mv_beeee,account.b3bb01600f9445619a602380d5217671,1629
2026-02-11T11:23:53Z,GGo_yo,account.2a8a38c60f3b4c698efa9cbb28af01c8,0
2026-02-11T11:23:53Z,MVP_KIMOZZI_OPPA,account.7becd20eb6c74129b9cf3468f8593a18,0
2026-02-11T11:23:53Z,TOTOJI_,account.aa51f1e8f6bd4257a29c7b1710e6ba39,0
2026-02-11T11:23:53Z,ix__gyeong,account.50dd096d1e494f16991714ca3a43e5e6,0
2026-02-11T11:23:53Z,battlesimpson,account.85a66708c01c441db66b5fc2251d628f,0
2026-02-11T11:23:53Z,todfhfkd,account.bf448a2b5148405ca1d5b535ec96d713,0
2026-02-11T11:23:53Z,00salgutree00,account.b84b1511c746488a8049905202d47f0e,0
2026-02-11T11:23:53Z,dailywo,account.0295c293cd0b4707a8fe2a2df19b8be2,868
2026-02-11T11:23:53Z,K1ng_Gamja,account.ccebb335c31248cba0a87d43dabc9674,0
2026-02-11T11:23:53Z,SU_Uji030,account.78153ee3a3604372bb412f5a928cb42e,0
2026-02-11T11:23:53Z,DogHoon_,account.8eff481f6c48469daef4c44d73a683eb,2420
2026-02-11T11:23:53Z,Parafire,account.36c11c2e339f4c36b14c217ac275722d,0
2026-02-11T11:23:53Z,oasis-11,account.3021354585624c9ea0ad5624a70a8849,0
2026-02-11T11:23:53Z,PUBG_Late_Access,account.699777a2e0894f528dd343e6545bdc24,0
2026-02-11T11:23:53Z,LJH_123,account.bc9dbf6a8a704d6592538eb655ffb95f,916
2026-02-11T11:23:53Z,1ililliillii,account.d6dc43a2a8014976afa96bd65d9f3b2d,2413
2026-02-11T11:23:53Z,shrimp-head,account.d2f2a0d9c8f94f7db2fc747ee761e2cb,1473
2026-02-11T11:23:53Z,to_oo_t,account.a49e22c5c7b946908a19253389e5d267,2007
2026-02-11T11:23:53Z,JSI_Veron,account.f75297235c3b45f6a37e63882aba8ff1,0
2026-02-11T11:23:53Z,SoJu_8D,account.09a2be74859d4e51ba1881996ad0faa9,0
2026-02-11T11:23:53Z,alscksckscks,account.85e7ec5c1b914ea5bdca3670deb7a252,0
2026-02-11T11:23:53Z,BuriX2_DeaMaKing,account.72be0109ca6e4eb68adc64a38515189c,0
2026-02-11T11:23:53Z,WiseOuO_Bee,account.161a408a6ac44e57b3ac6a9de297a8f2,0
2026-02-11T11:23:53Z,gginie_01,account.79fe64cd2d9a483aa7102bed0ad1d4a2,0
2026-02-11T11:23:53Z,SexyKimSangHwan,account.e7e3c17c1cc84e4ca5615e3758a6fcb6,0
2026-02-11T11:23:53Z,taekmy,account.c0640965d664448b867adf09330535b2,0
2026-02-11T11:23:53Z,seonmin1217,account.6f16976a593142b6869fb67f07616ab5,0
2026-02-11T11:23:53Z,Nobbaggu-11,account.c16b1ebe61bc4d799c0e0005372ae3d2,2546
2026-02-11T11:23:53Z,KKANDOL_TV,account.2bbfb38be8674b57886ec099785374db,2009
2026-02-11T11:23:53Z,DND_ZiOn,account.d1e1144256204ee891ad3df2f491cf43,0
2026-02-11T11:23:53Z,lambo80,account.73af98045db44bbb9e07aca6eeaf92f7,0
2026-02-11T11:23:53Z,KBoatRacer,account.b056e64fb3fc474594036a3986522475,0
2026-02-11T11:23:53Z,MongTa1,account.d3e7195ffb3b46c1a74e9835a56d68f9,0
2026-02-11T11:23:53Z,kingjaehun2,account.107a70ccfe764efabbeeb88bee3b3b13,0
2026-02-11T11:23:53Z,Achieve_H-zz,account.6b006211be1c40159e5cf27a99155257,0
2026-02-11T11:23:53Z,4soosang5soo,account.84d3e6fd31b343149875dfea592f0403,0
2026-02-11T11:23:53Z,policman,account.edecc550c92e42cf81880d3fa4671406,0
2026-02-11T11:12:30Z,Clubganda,account.660700d1e37f4a16aad41ff842d3b4a2,0
2026-02-11T11:12:30Z,XxxY__YxxX,account.59ba67942b864886b18694133f51faaf,0
2026-02-11T11:12:30Z,W00NI__,account.a6cb762417fb4ecd890f9c86af7de4a9,0
2026-02-11T11:12:30Z,wory_gyo,account.72e9121fcc9a4084b02a776b69e3a552,0
2026-02-11T11:12:30Z,AVEC_YUN_K_H,account.4bf3bde9c06b4afcb26f9468fa3d6d3d,0
2026-02-11T11:12:30Z,llllIllIIIlllll,account.e1733c43a74e411599f6b30bb90ba974,0
2026-02-11T11:12:30Z,Kissu1,account.5d0f4021e52545e086a3ca7d4846a4f7,0
2026-02-11T11:12:30Z,JYP_com,account.d3c18f0a342c451fa8bd052fb68e205f,1903
2026-02-11T11:12:30Z,DIBLEE,account.c4a933105cb0474294ebd701b71250be,1651
2026-02-11T11:12:30Z,Pu__rin_,account.0dc7446864be4bbe8776057bb09939b7,0
2026-02-11T11:12:30Z,blackpeople-_-,account.a551fa4ddd144422b81e8d7db13b7be8,1951
2026-02-11T11:12:30Z,imrespect,account.0b66b2789b51433283eca998bab75dad,0
2026-02-11T11:12:30Z,Kinghorang-,account.9fa0aaafffe8473794573b0ba45a84d8,0
2026-02-11T11:12:30Z,Yongyongth222,account.a71b21ac1bc74799a2b372f35762f3d6,0
2026-02-11T11:12:30Z,liiiilililiilili,account.f52e69285f46494c8376598b183ae6d2,0
2026-02-11T11:12:30Z,RZ_Sibongsseu,account.535b4e5c27c44dd98225fb0d4bf9dfac,2244
2026-02-11T11:12:30Z,Ham-Boogie-Yom,account.fb98f8996aa64a14ab0c193ce4ca4ba7,0
2026-02-11T11:12:30Z,EZ_kch,account.169031515aee447c950e116ca0bfe09a,0
2026-02-11T11:12:30Z,KingBooker-,account.bb99a38320614c12b33f1429c08598f9,0
2026-02-11T11:12:30Z,SOL_LEE_00,account.18dfff24a4af4f5da15b398034328210,1807
2026-02-11T11:12:30Z,haerabo12,account.cded9b591498498584e0e5bc96c384d8,0
2026-02-11T11:12:30Z,dsjdiosjdis,account.7f1fc80932614569910c9bda4dd770f5,0
2026-02-11T11:12:30Z,NLP_DORI2,account.4bf639c216e34e90b6328a52281bab83,0
2026-02-11T11:12:30Z,TLV_GiniPig,account.44b8b4fbc9ae4dda9db1bcdff7804df8,0
2026-02-11T11:12:30Z,haeeeee_,account.f812ad5daa2f44f8a21faa23951b850f,833
2026-02-11T11:12:30Z,honeybetter123,account.3f98353d3a4f48158ed37b8a996e686a,0
2026-02-11T11:12:30Z,sohh__,account.a80b7c5547434bda9dd288224fe735f1,0
2026-02-11T11:12:30Z,jaeDDaengmon,account.27975ae2185b4427900adb28d07c2ee7,0
2026-02-11T11:12:30Z,1st_Nokattack,account.2f3af62e475e4481944a2ada5e61b04d,0
2026-02-11T11:12:30Z,AVEC_Lucky_,account.ef5b8cf834f84f19935af3d8ada5b387,0
2026-02-11T11:12:30Z,TLV_TanK,account.cc4c69bdb2da4710aa3c55b6f2cdd47a,0
2026-02-11T11:12:30Z,1bin_e,account.8b2fb56564e442908fd8738fea4d131e,1970
2026-02-11T11:12:30Z,SLPSLPSLP,account.157b3e4042594cda8ae16c919ec78561,0
2026-02-11T11:12:30Z,qwsa4-2,account.4133f63fc72645a9b57d0a5bb2d89ae9,0
2026-02-11T11:12:30Z,Cheol_2_,account.3fadbeec52654683ae186dcfcdd8233f,0
2026-02-11T11:12:30Z,PIRIN-,account.4b81d37535314c4e9afc26b11adfe662,2310
2026-02-11T11:12:30Z,kimoring23,account.ce3a243bca7c418b9c25409daddd372b,0
2026-02-11T11:12:30Z,yanghakang,account.7304b07456284a44ab32afbe44ce7888,0
2026-02-11T11:12:30Z,AURORA_Juni,account.cb50f165b4f84baca4e2dd1610790b1f,0
2026-02-11T11:12:30Z,son-kwang-ji,account.80cf55bb81d4460daeb9b672d29d1173,0
2026-02-11T11:12:30Z,XO__TT,account.ea3978fcf4e347f7ab0aac4db5675d40,0
2026-02-11T11:12:30Z,NOCAP-_-_,account.af690fab64e749f898c7b08b7481e886,0
2026-02-11T11:12:30Z,mach_jsk,account.20142a22c00c4a7db5d5e0900ae3808e,0
2026-02-11T11:12:30Z,ramune3700won,account.4fd96e80a7e24e199291afc2349cbde3,0
2026-02-11T11:12:30Z,AVEC_USArmy,account.83014a67f0bb45f782575057845b0a0f,0
2026-02-11T11:12:30Z,aKKung_-,account.ecd8244b2f8442aaa31a34f9e03ea0a4,0
2026-02-11T11:12:30Z,RZ_AloSoup44,account.8a06597bbdc14e8db23dfec0d837183a,0
2026-02-11T11:12:30Z,Seung-Tak,account.0a1527418e9e4519a0a63b7309248878,0
2026-02-11T11:12:30Z,Dregon_BBells,account.afadd5c844e74ffa94a42827d34a519a,0
2026-02-11T11:12:30Z,yzmsfrv,account.0f5e7adaca3a496fbabf9a521f375aa0,0
2026-02-11T11:12:30Z,haemin5877,account.18a89c21a7824e62b16b0d0ea42af3ff,1024
2026-02-11T11:12:30Z,Ham-_-cheeze,account.670e1a7c63d34e58b96ea1de8181b3f1,0
2026-02-11T11:12:30Z,J1soo_o0,account.8b299b2ea3c54988bf7f15721f27eeb2,0
2026-02-11T11:12:30Z,Bunny_zia,account.b41de37859114ace9521bed8598cef6d,0
2026-02-11T11:12:30Z,wldrPrkrdlek,account.ddc132e203284f08b1ce798a225e5041,0
2026-02-11T11:12:30Z,unhaP_Py,account.9ffb7df15dea47e4bb1e084397006731,0
2026-02-11T11:12:30Z,gochusibal,account.db92a0b88f3342998e89fd3a03f1f9d3,1895
2026-02-11T11:12:30Z,xminem,account.1b71759b43e144fcbb155290dc361f9d,0
2026-02-11T11:12:30Z,choithegarden,account.71893f625a994950bb7e944168034cb4,0
2026-02-11T11:12:30Z,XxXT__TXxX,account.7256bf04c1594fe68beb4a4d3bf89df3,0
2026-02-11T11:12:30Z,V8_Coby,account.93c6c9a1a6da48a1ae975cfd239a3a84,0
2026-02-11T11:12:30Z,MCMIND,account.82147e8708a240ea8ce05d905e351396,0
2026-02-11T11:12:30Z,c6h3r8i4s,account.0dfb0d459b0b4d2e8fc145be542d2b8a,0
2026-02-11T11:12:30Z,sexy_2020_10_08,account.5a4dbd63d37d418eadd979f866996cda,0
2026-02-11T11:12:30Z,marong_e_lo_ol,account.8c6bd2c51f234e16853e5b3d6e0a9dc4,0
2026-02-11T11:12:30Z,leeerak,account.3e33ef2ef1fa49f3ae113c1f03ff6758,0
2026-02-11T11:12:30Z,ttakyu,account.9b47391341ed4c539e6e0ba43725efa6,2098
2026-02-11T11:12:30Z,Mu_myeong,account.cebc8bca8b6d41d1936fb8da0d00d151,0
2026-02-11T11:12:30Z,Zero_Soix-3-,account.2d46440008bb42cc8aae12580256b433,0
2026-02-11T11:12:30Z,seok_jj_ew,account.cfbd9a587feb4f5c990fc9634c3295a3,1161
2026-02-11T11:12:30Z,KingTukang,account.ac871e581cb243fa81ec44f4dfa2a55d,0
2026-02-11T11:12:30Z,howns97,account.eb2352ed02eb4f31898e53338861c4d0,0
2026-02-11T11:12:30Z,mozziron,account.fbb2d796a1394c2fb6e17202dcd33d4d,0
2026-02-11T11:12:30Z,hkj8177,account.77de65d3c196425386afa904c3975644,959
2026-02-11T11:12:30Z,Ashbrowny,account.ab065e718b78439b85aeff7d2e1f1b84,0
2026-02-11T11:02:16Z,Code4043,account.b43e6384b0c74cbab32877365243732e,0
2026-02-11T11:02:16Z,kogxe,account.80e24e77666646c698a89f84c89939fb,0
2026-02-11T11:02:16Z,0ehddnr0,account.f491dc6a2ed440db9cdd1731722fade1,0
2026-02-11T11:02:16Z,1st_ssap,account.d736461c5df947a3b8b843f38e8cd6c2,0
2026-02-11T11:02:16Z,SGJ92,account.f617fc03f8884dfd84ea9d2101c42e47,0
2026-02-11T11:02:16Z,yehobokkang,account.f320c4daaef547da8c78b7e2801dcb13,0
2026-02-11T11:02:16Z,TPC_AK-47,account.3a3971c49bb742de980c3617c532e07e,0
2026-02-11T11:02:16Z,Lee_Summer-_-,account.933e0b85ecb94541b4f984f8e05d14d6,0
2026-02-11T11:02:16Z,Zoo_ping,account.bb1da32981944a8e86d54634a4c8dd07,0
2026-02-11T11:02:16Z,CodenameDude,account.ff2a5cce6c20411a89ff0cefa51ae3c2,0
2026-02-11T11:02:16Z,WHHM_HYEMI,account.05feb38ecb43472c91528666558a4564,0
2026-02-11T11:02:16Z,jsh3480s,account.cd179a2056b44df2b89c1ade3d79cf47,0
2026-02-11T11:02:16Z,NOVA_Why,account.33cc952291f54175a3db5cd27bbd103b,0
2026-02-11T11:02:16Z,mmmmnmmmmnmmmnnm,account.f4f03b6a220741cbae062287ad7004bd,0
2026-02-11T11:02:16Z,COC_Blackkid,account.0d217364273248c495b663448568444a,0
2026-02-11T11:02:16Z,kmj042900,account.f9f2595fc87644b99cc8c1d2474a1d12,0
2026-02-11T11:02:16Z,PPPPOOS,account.3e6f6a7ad4a24c52af96b8bb90fd1290,0
2026-02-11T11:02:16Z,eun_b-,account.c0ecfd7ba9f2408eb995ef500773c9d7,0
2026-02-11T11:02:16Z,HYEONvV,account.ab206fe721804dc4a5a49c84774dffbc,0
2026-02-11T11:02:16Z,BaLveNIe_--,account.f982dedc34b24ac49be048a3eb72e17d,1930
2026-02-11T11:02:16Z,dalja_king,account.1a1f87048f404fe496811e3754154b18,0
2026-02-11T11:02:16Z,iamnotrobott,account.f81b55fa1951475b9032afc293db6239,0
2026-02-11T11:02:16Z,RooKi2,account.15bdb2de98384386a704279c6dd80878,0
2026-02-11T11:02:16Z,jh409326,account.f85dc61c00954983921cc59bea1d8338,0
2026-02-11T11:02:16Z,asdfjkl-363,account.9606dc87b13f4dfe8e0ee26c06d5a035,0
2026-02-11T11:02:16Z,YEONH_CHEON,account.441ad393a10546b18317d1f357e824bf,0
2026-02-11T11:02:16Z,gamoooza,account.0d3081c55cca4db29d0fd35bb475100e,0
2026-02-11T11:02:16Z,PICK_UP_TOOL,account.ff4ad1a63cc343a3bbb292d9c389ed73,0
2026-02-11T11:02:16Z,hihiwlsdnr,account.9ea8f648e73e497b80bb3e26e0cde5ec,0
2026-02-11T11:02:16Z,ohdogie,account.54a49f76e83048cfab4387e807ba3e49,0
2026-02-11T11:02:16Z,p_hoose,account.1d92cdae77d1473ea687f4d012c7325c,0
2026-02-11T11:02:16Z,OllooollO,account.19e5d6ee46924ddba46e854cd14701f6,0
2026-02-11T11:02:16Z,BartBrew,account.82a0cb55384942e8aea004e3a18e99df,0
2026-02-11T11:02:16Z,slayers_ghost,account.23561cb9f6a9432dbf0b57491496026c,0
2026-02-11T11:02:16Z,DIS_SIMDODDACK,account.31f4904a6d704d95bca0debb187604ce,0
2026-02-11T11:02:16Z,JJungping,account.c38bbc90dc484540bbcf5bf28a4aeffa,0
2026-02-11T11:02:16Z,INCHON_VECTOR,account.78d3f2814ea645e2b2b272b4b5be4c52,1594
2026-02-11T11:02:16Z,GMP_CHO-A,account.e481c6d25c7442c4bbcfbacc74696b79,0
2026-02-11T11:02:16Z,D_essert39,account.84e55f56bc614b2b88d1bebf64575a28,0
2026-02-11T11:02:16Z,20241121,account.d13b7955aeca4da88063ee566a1f96c9,0
2026-02-11T11:02:16Z,kai030706,account.bb6ea68602c9472887fa4ee70103c62b,0
2026-02-11T11:02:16Z,Re-Trying,account.6ce8ae51f0e249f899c6b9466b2042da,0
2026-02-11T11:02:16Z,Bangdrick,account.afd85ff500154f0cb16aef765b1642eb,0
2026-02-11T11:02:16Z,young9-_-,account.efbb3e2c9fae4826a7d3722e5ddb60c3,0
2026-02-11T11:02:16Z,Jong_ping,account.9456f96178a84b9eb45ba8dd666eb17a,0
2026-02-11T11:02:16Z,hammer_curl_man,account.2a2e30d422a74913b2e43a4cdf84d85d,0
2026-02-11T11:02:16Z,hdsung123,account.10c2770e66744d53ada4f76af7c7d190,0
2026-02-11T11:02:16Z,tottozz6,account.58978a10c5434c6c80271eaefe10299c,0
2026-02-11T11:02:16Z,gaegulgaegulee,account.483ffea3e8294a8a9f5c7e3a1611d8c5,0
2026-02-11T11:02:16Z,Taboms,account.1046d61b274f4ca294a4819644c9acb5,0
2026-02-11T11:02:16Z,GMP_SsuSso,account.0d27cd9abb1d4de38023c105bbe0473f,0
2026-02-11T11:02:16Z,Surpri3e-Kill,account.9d07cab41cf34c7c840270081691ed05,0
2026-02-11T11:02:16Z,rjsdn2230,account.dd670d8621df4839b6c2d0ff85f47dc5,0
2026-02-11T11:02:16Z,leonsolo78,account.1af887f545084491b04ba597c72a20ef,0
2026-02-11T11:02:16Z,BigDoo0,account.124f602f668a4283ac0271480a508ba6,0
2026-02-11T11:02:16Z,nitallyk0715,account.812655e6aee844ec93d75c2a19772ad8,0
2026-02-11T11:02:16Z,1st_0u07,account.3fbb9d015c15422cb9f1fb80d3a1b598,0
2026-02-11T11:02:16Z,kim-ki-soo,account.d4a43b78053b4ad58d30cb4fbc7ed4bd,0
2026-02-11T11:02:16Z,EncaraMessi_,account.4c66e3c1633345a8bdf7fe918dc63139,0
2026-02-11T11:02:16Z,Jo_S7H15,account.550b61260e2540489981b5ebb3074252,0
2026-02-11T11:02:16Z,ist2817,account.d01c484fb4f64c4898d03cc29f7a6d58,0
2026-02-11T11:02:16Z,NITTO-KORENO,account.4fbb201ba7ba4c6a82276475b92dec0d,0
2026-02-11T11:02:16Z,WOOK_BOSS,account.c987a1ba91214a219fa4f4fe66b452dc,0
2026-02-11T11:02:16Z,dhdmstj,account.02fc785a028b41518aa2ef90e630bd1c,0
2026-02-11T11:02:16Z,rkdgus0124,account.e885888d23024c9aa851f4db69c3fad4,0
2026-02-11T11:02:16Z,ChoiKU,account.ae61b7e3ec814569a39e284bae667296,0
2026-02-11T11:02:16Z,sos0119,account.5c1e4ef5704248c182e50fa7dec2cd8e,0
2026-02-11T11:02:16Z,dkagmrzlf123,account.c8bfb7aa56c941c39645f04e73ac0772,0
2026-02-11T11:02:16Z,tkdgus2925,account.8f9a369b37c5435f951bf072e97bbc58,0
2026-02-11T11:02:16Z,good3087,account.8b6c945b116b4237a33956442a8832f5,1529
2026-02-11T11:02:16Z,QQ_QQQ_1,account.9bd5092e546c468a83371b087aa3bbd6,0
2026-02-11T11:02:16Z,Linux_KR,account.dda4ed8e8f0248f4acc4b8fba45a212d,0
2026-02-11T11:02:16Z,HotDo0,account.9bffbed4c47d45c9872745a131a81598,0
2026-02-11T11:02:16Z,dayping,account.b37a021a236942f2b3c68ba8e0ba2402,0
2026-02-11T11:02:16Z,BEEN_02,account.7641ac259ef64cad8b5e87e175ca3060,0
2026-02-11T11:02:16Z,OrOlKu,account.9c4a0a3af1474580909dd615d8f9d670,0
2026-02-11T11:02:16Z,Ehddud1005,account.7bd704d896ed47d4a9cd9d3ab668f419,0
2026-02-11T11:02:16Z,OranGe--ade,account.a0f490a25b81415a9388d4a6d7f73472,0
2026-02-11T11:02:16Z,haekong_0,account.a0e7d6088ae64788ab7d515012906f39,0
2026-02-11T11:02:16Z,zz_99_j,account.f4af223e7b044283be0f3a2eb9504fae,0
2026-02-11T11:02:16Z,qpdlql12,account.9014b7db75014b9591e71d6ff1a98d4d,0
2026-02-11T11:02:16Z,WHHM_W00HYUN,account.495039bb3efd49c5a7ffdec244b0dcd6,0
2026-02-11T11:02:16Z,king-jisung,account.a72e792766234597a6a72ee175e7334a,0
2026-02-11T11:02:16Z,Bonggil_Doberman,account.584675f3a2634646ba4b405dfd8fd9bd,1789
2026-02-11T11:02:16Z,lliili_iliill,account.43408c53fc4a4fb28d463fd8d9864b5a,0
2026-02-11T11:02:16Z,KSHTLQKF,account.aeb2583108c0448aa8cb0ee5632ad7d1,0
2026-02-11T11:02:16Z,JAE_JlN,account.e8bd033fe9eb490791fd54bfdbb67594,0
2026-02-11T11:02:16Z,govlxkxk,account.152a4a0b1cba43cf9c86b82c78ecbaba,0
2026-02-11T11:02:16Z,con999,account.4ee360d0ab324377b8511f08bbcb638a,0
2026-02-11T11:02:16Z,tostartfromakiss,account.2b7d9e9d143a4f608313f3a6db95215f,0
2026-02-11T11:02:16Z,imhanwhaeagles,account.d4362c71124443b2b960ee49184dbf2c,0
2026-02-11T11:02:16Z,ngm-1234,account.ff690307c3064576921a92d0cba4c837,0
2026-02-11T11:02:16Z,GMP_siah,account.0a3e35a8e8084b6c91e5d2488788b47d,0
2026-02-11T11:02:16Z,ChiMc_,account.8ce21f6548b1416bb8de241c5495b093,0
2026-02-11T11:02:16Z,les_z1,account.93b194fb00bb40bab9cb119f859346c8,0
2026-02-11T11:02:16Z,CUTE_BA,account.04459b7ce62f464dacddf01a5a7f96cb,0
2026-02-11T10:51:12Z,tars300,account.a159b86fc5e14b4d8685679e5dc37624,0
2026-02-11T10:51:12Z,andesar,account.04e64bb74d7f4ae3a752079253d0444d,0
2026-02-11T10:51:12Z,Z1NKUK,account.9cf75e368d824bb3a2d909178416dcde,0
2026-02-11T10:51:12Z,XIAOYUN_2,account.894442612bb441a68e72d5df91853436,0
2026-02-11T10:51:12Z,Limgangsan,account.d0fd4a94f62a4cec922655ca16f49025,0
2026-02-11T10:51:12Z,yj-chae,account.8c45974d95de44f8956a9954214f46e8,0
2026-02-11T10:51:12Z,zonzargooooo,account.a544f4c12d56421fa841658a135dc868,0
2026-02-11T10:51:12Z,wlwhs15,account.f9e09840038e4eefb80646861df8de02,0
2026-02-11T10:51:12Z,Twodfi,account.a3a52c8ef4544688858e76f9011a6412,0
2026-02-11T10:51:12Z,nepussy-,account.15c15690eb2643198fca8fbecf56812e,0
2026-02-11T10:51:12Z,TEMERAIRE-,account.268aaac5299f49399d4987d5ad3c8b2a,0
2026-02-11T10:51:12Z,kiheuk,account.ee38387a8d074168842a0d6dc277688d,0
2026-02-11T10:51:12Z,WKDWORHKS,account.c3ee2b5b47584dd6816c9bbd9633d730,0
2026-02-11T10:51:12Z,PPOSONGU9_S2,account.21f761b4c4db430e875c4da22d576046,0
2026-02-11T10:51:12Z,lg_bl,account.4bdaa63ca44541adb4d1ae6a9478e262,0
2026-02-11T10:51:12Z,33_CEO,account.e939de9bdac4481f9c3cf0eea79d2db6,2204
2026-02-11T10:51:12Z,slear0115,account.396e5f3dcd3844c99d4061b235c31cc6,0
2026-02-11T10:51:12Z,yeon_0619_,account.610d9b9c9a64403d8a577aae684a47e6,0
2026-02-11T10:51:12Z,changsik9959,account.29682514b9b14bbebf975129387e4c57,0
2026-02-11T10:51:12Z,K_JEoN_WIcK,account.a18c8146518647c5a22beda6c97f74a4,0
2026-02-11T10:51:12Z,Oops_OOoops,account.20a4984a57cd4f528ec0a69a4a6a59c3,0
2026-02-11T10:51:12Z,EGhada,account.833f8292428c49e883ec5bc79308bb40,0
2026-02-11T10:51:12Z,gunman_geunhye,account.8add7b64598c4352af60a4e29120cdee,0
2026-02-11T10:51:12Z,Harrington_S,account.19ab242614764fdeb86143a438bc6de2,0
2026-02-11T10:51:12Z,yl_821,account.6d3f7a0e00a340fdbad8befb163a590e,699
2026-02-11T10:51:12Z,noh3133,account.82425639e3cf4398a943932f63225fdc,0
2026-02-11T10:51:12Z,NoLzA_YoRi,account.2269d6f5b67740fca7d3b2c815090064,1931
2026-02-11T10:51:12Z,qqnpddl,account.78430ef2a39a496cab20b9b670b54938,0
2026-02-11T10:51:12Z,gura7gima,account.6a794258dbac4869bfa3d55970fd7aa2,0
2026-02-11T10:51:12Z,qkrrjsdn0910,account.6f930897435d46aa9819f53754d86a5c,0
2026-02-11T10:51:12Z,LOTTEWORLD_K,account.7f540269b50946d18ef689ab633abca8,0
2026-02-11T10:51:12Z,hyxnyomi,account.d14a3525891146ceadf58c68e7e2af35,0
2026-02-11T10:51:12Z,yamakashi999,account.b0662a0c061e4ec0a10fe8fc1cda1351,0
2026-02-11T10:51:12Z,Z_E_P_H_Y_R_,account.6aca9c99e930416fbbbdf4963dce2940,0
2026-02-11T10:51:12Z,JJAZZI_,account.b432e4b79dd5438b88aaec34c895b4c9,1825
2026-02-11T10:51:12Z,aLT_bo5ri,account.3b262fa61e0d495aab2280a4140cf6b9,0
2026-02-11T10:51:12Z,BRE_xhakxh3000,account.a01aacc7576148be94c74c31a092bfff,0
2026-02-11T10:51:12Z,eunbi0847,account.89fe3512ac424480a35da3fdb8eff595,0
2026-02-11T10:51:12Z,Curry_201,account.7499f5f8d63f40ef84d220b1f11c2124,0
2026-02-11T10:51:12Z,GWANG_SUNI,account.80064660e9bb4f3cbf96088bc4a67cdc,1854
2026-02-11T10:51:12Z,CAU_UNIV,account.eef957ab66274c6681c34c842bca6d2f,0
2026-02-11T10:51:12Z,August_lucy,account.54efc5b291424ed994c17ad1090d8e2f,2190
2026-02-11T10:51:12Z,WonSukTT,account.78fa0b698df647b28232ff4a5d13f9e6,0
2026-02-11T10:51:12Z,fuyourface,account.c439a03626a84fd2928383edf4673b52,0
2026-02-11T10:51:12Z,JiChun-ki,account.eff32c79ba8648bfa2dc7206e510e594,0
2026-02-11T10:51:12Z,ROKMCKGW,account.c3a3c0b1ddcc46328acdf312f91ccede,2093
2026-02-11T10:51:12Z,BB0_Head,account.44cd66ebd90b41338cd389374b1c70a9,0
2026-02-11T10:51:12Z,DAVID_KOO,account.f9eeaa732d77470d8bf339c57b59da9b,1300
2026-02-11T10:51:12Z,MSI_GarlicDiping,account.4afa4c27cafa43d08d4af4d0aeb1861f,1042
2026-02-11T10:51:12Z,jjm4858,account.14dcc5789d9d4cf782d2572bf38ff420,0
2026-02-11T10:51:12Z,ghkdlxldls,account.42ebc95808d74b3c8bdfd4c907cc1994,1266
2026-02-11T10:51:12Z,arrl6344,account.a25881436c694095ac116d085fb3c81f,0
2026-02-11T10:51:12Z,Merong_yam-yam,account.b5bcb8ecd3234ad09e7238d61c66b1b6,0
2026-02-11T10:51:12Z,Marlboro_Mdu,account.53589c6273cf4b04b435734a3a998709,0
2026-02-11T10:51:12Z,TIGER_0223,account.b77e12ec2b724153bc115aa2f38c561a,1399
2026-02-11T10:51:12Z,wpwndhkdeorkf_-,account.ab95e7823cb945fc998610a8bd4f179d,0
2026-02-11T10:51:12Z,48_75,account.469b306c22e04b43a293a36cf8b939a7,0
2026-02-11T10:51:12Z,zissuda,account.4114a475311447818d7b7450c3c70aea,0
2026-02-11T10:51:12Z,BRE_J05,account.58b35a59da4a446c87f8898efcb1450c,0
2026-02-11T10:51:12Z,031vide,account.8ae2344309ae43d5b3138ae9d62059dc,0
2026-02-11T10:51:12Z,KongKongKun,account.0f2b90f15d50488484376583653732ae,0
2026-02-11T10:51:12Z,1000__H,account.6d275845aa5644e0ad752fa2ec0d52b4,0
2026-02-11T10:51:12Z,DuliveIch,account.76991412f1f2408c99783e93baf70ab9,0
2026-02-11T10:51:12Z,weqneq12,account.6b143ab5a2c540b48a7592347e6ea567,0
2026-02-11T10:51:12Z,xxunxo,account.42b12dfdd950425e97c1bf9918f1f60a,0
2026-02-11T10:51:12Z,aLT_Launos,account.d2f3c25d4c234edca1541780359b3c7f,0
2026-02-11T10:51:12Z,seongtaeyong,account.5179e9abfbcf4430aabc5878d20ba634,0
2026-02-11T10:51:12Z,hwwwwwwi,account.551a360847ca4b2bba3cb51acdb9e91b,0
2026-02-11T10:51:12Z,lulbbomom,account.09c6ab948890437cb71d7c78ad3dc1b0,0
2026-02-11T10:51:12Z,OTC_Insadol,account.b12c07a8d66e46d498dc301e7cb19bf9,0
2026-02-11T10:51:12Z,GWANG_OGI,account.73479c53299e41cf983590df6006ee50,1972
2026-02-11T10:51:12Z,CPS38,account.cfa0301daf6b409db08e50078a6b5b0e,0
2026-02-11T10:51:12Z,Adel-SH,account.ff5f6bdd57e04307b74dc9ee96447f83,0
2026-02-11T10:51:12Z,JSPuppy,account.4a9e45b30d464c0ca681db496731bd5d,1920
2026-02-11T10:51:12Z,aLTX_X,account.b3af102187914fc197e6ad069a0285fa,873
2026-02-11T10:51:12Z,qwerzo22,account.e49e7e17640d438c8cfaf261e0236770,0
2026-02-11T10:51:12Z,L7Z_777,account.14a9c181c80e42789886845174074e71,0
2026-02-11T10:51:12Z,Suwon_Boss,account.a74c83d066634fc4ab7dfbbf0911bf77,0
2026-02-11T10:51:12Z,wlrjs1234,account.89e1a786960544e890bdcc716bb04c7c,0
2026-02-11T10:51:12Z,jamsilmimoonetop,account.6a815251767b4425b45d6b3874e06bf3,0
2026-02-11T10:51:12Z,SBear_27,account.7bf16a412a4a4ccdaff525088a74bc31,0
2026-02-11T10:51:12Z,HyeokEui_i,account.7e02eb8ea85f4c4c9dd727a86d4a4f42,0
2026-02-11T10:51:12Z,WIN_TIGER613,account.c2aad89a77914aa6a9f79380c923b940,0
2026-02-11T10:51:12Z,qkrrjsepd,account.5a6cb98e4d2f4bfc9366e019061885fd,0
2026-02-11T10:42:35Z,GGUDOK_PAPA,account.c7e7a7354d004f25b902289184352210,0
2026-02-11T10:42:35Z,05__06,account.97d097e491894fe79ab4800775d37f60,0
2026-02-11T10:42:35Z,MINONGIIING,account.324acdf3f5b448349a1459a88b624ddd,0
2026-02-11T10:42:35Z,GUN_tlet,account.61fe84fdd8f341cf904fdba5b6e0923b,0
2026-02-11T10:42:35Z,New_cCDdan486,account.8f710453ff5f4e88a37a8932b4fe7bc8,1799
2026-02-11T10:42:35Z,WHTMDGHT,account.8f9d11cc14e346ebb4f63a2c2c490588,0
2026-02-11T10:42:35Z,Uaz_stealer,account.7fc190cf9a1844e0bb049c8f451a625f,0
2026-02-11T10:42:35Z,kakaoimseac,account.396294fd54aa4ef9b025a8e0c7cb7e4a,0
2026-02-11T10:42:35Z,GoldenGoblelyn,account.fbbf526a7ca8458bbf1cf2bfffa87c86,0
2026-02-11T10:42:35Z,boksilsangho,account.9cc3409ac3ee430db80e2e06885dff47,0
2026-02-11T10:42:35Z,boomboom_7HDOL,account.982c27ed34394cbd8fbfdd8154cf55f0,0
2026-02-11T10:42:35Z,shi_wn,account.7e224fceb0fc48e3bd5d174728928cd4,0
2026-02-11T10:42:35Z,gurcks0776,account.e021ed71c0e549be829e8897aa1cd76c,1253
2026-02-11T10:42:35Z,A-STARRY-SKY-25,account.379f82e38095439babe94aa9b2843553,0
2026-02-11T10:42:35Z,MrSon09,account.35976fbe89b24690bdbf2debc9bb76ec,0
2026-02-11T10:42:35Z,WooBBBB,account.625b7cb457de4abfa2b4838b8a026fac,0
2026-02-11T10:42:35Z,kar__99,account.8c43de6b037840b4a3bfe73ed21dc598,0
2026-02-11T10:42:35Z,U_DDANG_,account.7ef3ac146b8b48ef8caa560d1d4074af,0
2026-02-11T10:42:35Z,rbfltjd3,account.058c449b184649279c3a3a9c42adfcb1,0
2026-02-11T10:42:35Z,jonnalove,account.24de5f9003474bb2b2a41f7965f6a2c2,0
2026-02-11T10:42:35Z,indigo_sushi,account.627935d6d04f4f44994d217a3b241334,0
2026-02-11T10:42:35Z,CrazyJOON-,account.a57a97cc9f394d3e85419c42b0aa4016,0
2026-02-11T10:42:35Z,chshahaha,account.3da982f03c4b47cd948855d3e807d352,0
2026-02-11T10:42:35Z,Alexis_Sanchez_,account.b24d2fff96604089a39122b514bb18f0,0
2026-02-11T10:42:35Z,CW_Chang,account.2d26110f0d814e4fb65a9ad5e9a15fc6,0
2026-02-11T10:42:35Z,geonho_21,account.d7eb9ed0b3de4f0585c2970033eb9deb,0
2026-02-11T10:42:35Z,GUN_Tudori,account.761452396a2f4887aac5ac216a6b2805,0
2026-02-11T10:42:35Z,GUN_BBoss,account.cf592d56e99c4c61bde79944a2f2e2aa,0
2026-02-11T10:42:35Z,SRD__MINSEO,account.17202ac0e5314b0da09a2a91fe2f46d5,0
2026-02-11T10:42:35Z,Coffee0320,account.c634b37d985f496099179c14e8be3d1e,0
2026-02-11T10:42:35Z,evenoa_,account.32bf04efcdfb46dd91a055515ec4edf2,0
2026-02-11T10:42:35Z,zoza7459,account.ecde9594c3f84b03ba51588ac8f2a3db,0
2026-02-11T10:42:35Z,CW_JJuny,account.c78a335a6c4444f498601a81e05e9d9c,0
2026-02-11T10:42:35Z,icecreamlove__00,account.9af08e3f1482434eb70ccb9b5eaa5cb6,0
2026-02-11T10:42:35Z,ONLYESPRESSO,account.9d78b6dc380c4f61b981e84cc3d627a7,0
2026-02-11T10:42:35Z,vgjkawhb123,account.1506deece8344a679050ddadd36ba968,0
2026-02-11T10:42:35Z,Whereisnoin,account.57ca8106cf7e4e2192abc4ffc1300f60,0
2026-02-11T10:42:35Z,DevilStyle-,account.722015d29f8d4a049bea5c8ff7d09a2e,0
2026-02-11T10:42:35Z,zangryo1,account.bd4aca2212d94228af8c4e48359266b6,0
2026-02-11T10:42:35Z,EATYOUR_MOM1,account.e8de2c6581b74c2c84a3b5542e17eee6,961
2026-02-11T10:42:35Z,Shibayam_,account.62e3ca58b1b049b8b0e77db244a36e98,0
2026-02-11T10:42:35Z,wiwvnivwniw,account.2558ba288d3b40448827e51c58506ed6,0
2026-02-11T10:42:35Z,11i1li111lilili,account.2e5de2b94dc4482ab990853fbce2f380,1114
2026-02-11T10:42:35Z,ju_yung123,account.31af8f7bdd8d431d9bb4bfaf301ae86a,1479
2026-02-11T10:42:35Z,muje_son,account.c2515e62dd7f4482a50e85fb1e92da3d,0
2026-02-11T10:42:35Z,cndcndal911,account.086725f4c2eb41fa9640df3f92161e4e,1379
2026-02-11T10:42:35Z,ANG_AJY,account.82419cb66ed74e36967d67a9f8c97c31,1455
2026-02-11T10:42:35Z,maker-__,account.49b5971b1e72453a9af02d9e47548da3,0
2026-02-11T10:42:35Z,t3xtkr,account.4d8e7fba181041f9a3b5ec62d01b366e,0
2026-02-11T10:42:35Z,8ROMI_SSOJU,account.9fa9125317e24173ba997f96c43a9401,0
2026-02-11T10:42:35Z,rlwns1324,account.40e8e42f80b34d0e9c12468cbff73c6d,0
2026-02-11T10:42:35Z,AnGayGGo3,account.69625f0dec3d4ac781debda72e6c85c7,0
2026-02-11T10:42:35Z,luyo0o,account.634cd63ec6d24f02b9d0dc446f519ed3,0
2026-02-11T10:42:35Z,jjayes,account.888b0a5abbd04b6f8721113d28659e8a,0
2026-02-11T10:42:35Z,sansconda,account.455d83e9c4034d3493e3a826b51216c4,0
2026-02-11T10:42:35Z,HY_Beakingeol,account.08f31c68876f4d1ea947392f245ae131,1151
2026-02-11T10:42:35Z,S4KJE,account.e46c73a8c10c4eeca07691857d2fb9fb,0
2026-02-11T10:42:35Z,young_bye_ll,account.536dcf6d721343abb53cf9415fe856df,0
2026-02-11T10:42:35Z,ralolove2400,account.d1e3522cf02540b5a06b32468ce34540,0
2026-02-11T10:42:35Z,6bong_1,account.0615fda916d943458d93086e4047aecc,1757
2026-02-11T10:42:35Z,AeVVoong_2,account.5eb6901f69314de58071b699ebbca0eb,0
2026-02-11T10:42:35Z,s_o_donggo,account.dee76755395849d6b0ef58e55102502b,0
2026-02-11T10:42:35Z,xrpcate,account.ba5ef03a8bcc404fa70db53b198db0ee,0
2026-02-11T10:42:35Z,diddudwlsv123,account.fa1da13a4ec5410aa5d361fc4b954673,0
2026-02-11T10:42:35Z,winter_aspa,account.83dfc2883bc240fb938ee4b2a36ac287,0
2026-02-11T10:42:35Z,akakakakaqkqk,account.168de09d382348509d5ef3b2deec6a70,0
2026-02-11T10:42:35Z,B1eGouJ1a,account.cc2b164808f745908e43c656af4b1cf7,0
2026-02-11T10:42:35Z,F3_M4,account.8843f5903dbf4ad8a4f9a6df9c600b2d,0
2026-02-11T10:42:35Z,chaaaaa_0719,account.f1d7d244c1ed401cb58eef2249711b51,0
2026-02-11T10:42:35Z,bbulingkles,account.27fcdae9480442f698fcf04ca4229cf8,0
2026-02-11T10:42:35Z,jopoklea,account.4bd4ad8a56e7479885885a6e37f7c766,0
2026-02-11T10:42:35Z,Q1679842285,account.4f0c4fe3dc754f7e927873f5fc906e09,0
2026-02-11T10:42:35Z,Japan_host_boy,account.bc19b67d0be44d5d81a904549407a97b,0
2026-02-11T10:42:35Z,mapohitman,account.71220ee79337474782eefbf93f566899,0
2026-02-11T10:42:35Z,taeho9587,account.7b588d8d13d34340ac67f6c6ae1d0d9f,0
2026-02-11T10:42:35Z,Kidney_bean1,account.a61a490ac66b4aabb66eb8f8fa7247fb,1888
2026-02-11T10:42:35Z,100mw,account.bc66b9f9e8fe405ab76eebed600256fb,1137
2026-02-11T10:42:35Z,SHUTUPNOMIKE,account.09313b911a9441eea4b7fc9992157f5e,0
2026-02-11T10:42:35Z,Ham-buk-2,account.5a519365b517470b8d4863798cbf19b9,1733
2026-02-11T10:38:55Z,Y__O_O__N,account.37b5da79e229470c939595874f9fef51,0
2026-02-11T10:38:55Z,Semi_Castle_00,account.9f912affc309474e9e178d567a15d98a,0
2026-02-11T10:38:55Z,KKuroomi,account.b7253cc98c274236aa2e90062a13a76d,0
2026-02-11T10:38:55Z,HPL_ZAEMiN,account.b4783911e13a448d851877e0480a3b21,0
2026-02-11T10:38:55Z,18_Lr7r,account.6dd9b63074ac4519a37157cd902f4471,0
2026-02-11T10:38:55Z,P5_GGAKDDUGI,account.b1651df36c524118ab2d31465ac4101f,1453
2026-02-11T10:38:55Z,TQTQ_wfwf_HWAN,account.a8de58d7fa0e44f5ab9f4caebed8fcf3,0
2026-02-11T10:38:55Z,Nxng_mxn,account.c6a0abf578d94f5d8cf76b6e4a148c5a,0
2026-02-11T10:38:55Z,ijijiiijijjjjiij,account.75826f1fbba34cb399889952e13e54cf,0
2026-02-11T10:38:55Z,sth0996,account.533c27cc38f54a288a5a1050319be0d2,0
2026-02-11T10:38:55Z,tlsdmlths7,account.34759892e95e41e584ac295568b30c2a,1809
2026-02-11T10:38:55Z,kyungko,account.754b6110d37f427d9e7b98bf16d0b053,0
2026-02-11T10:38:55Z,La_charmeuse,account.1606ab6d41314d6db15eb50c872c3758,0
2026-02-11T10:38:55Z,dial02,account.4fd5b6913c1048a6a8918a6394fdef23,0
2026-02-11T10:38:55Z,ekduddlzzang,account.3b97db97ced344f4aec324f39f9ca23b,0
2026-02-11T10:38:55Z,dosikki,account.d81ddbf4088e47b2861b8b69a38a112b,0
2026-02-11T10:38:55Z,wandocong0,account.75d51480f3d84f88988245784f4692f1,0
2026-02-11T10:38:55Z,hhye___,account.6cbb1e81f4184bc68f48c4bdcf4d03d6,1597
2026-02-11T10:38:55Z,DDoDoDok,account.026ee5d87d8e422d83a4d5e0aa802b42,2109
2026-02-11T10:38:55Z,GCJIN,account.e574c99299bd43ed92d3dd24b0c39453,0
2026-02-11T10:38:55Z,Two_circle_02,account.26e83cca2e7e445599a4803fbac9bbc8,0
2026-02-11T10:38:55Z,JUNE700,account.d83e4ca24d374c3888ee6bd71460a781,0
2026-02-11T10:38:55Z,MungMoongkong,account.044d57a5b3234639a2b071b765b6d4ef,1950
2026-02-11T10:38:55Z,HDK----19,account.818a919530f74f9b8ba4dcc535758c00,1750
2026-02-11T10:38:55Z,ueueueu_1,account.97a657e013e742d38662ad0877422040,1904
2026-02-11T10:38:55Z,SsolQuadKong,account.b7955d68c04b486ea2f48b0fd39bf234,1910
2026-02-11T10:38:55Z,Ares_captain,account.4e1f9c13e9f945b2b37e5a9ece3a8785,0
2026-02-11T10:38:55Z,welldone20,account.8ae0d397a9e747848eb54bd062b87e48,0
2026-02-11T10:38:55Z,Ez_Eranz,account.ee5d424c6df5412090c2dcabc196b3d0,0
2026-02-11T10:38:55Z,dud0_min,account.31205782aa2c43439a3cbb3bb21e0a30,0
2026-02-11T10:38:55Z,woo_weal,account.1a3c59a693c7494c969158eb0afe4b20,0
2026-02-11T10:38:55Z,SA2CO_SinSa,account.ede77befb44f47a6862baf19c4d8e399,0
2026-02-11T10:38:55Z,Hrnnn,account.0315deff31804411830bb0218110aa9f,0
2026-02-11T10:38:55Z,whgdkTlqkffusdk,account.76f654f08fed4622a381f549c06cfc63,1950
2026-02-11T10:38:55Z,KkingKking_2,account.c4f9d0e94adb4ea090ac1b3bb8f10c18,0
2026-02-11T10:38:55Z,uo_ou11,account.cbb36cb1770648d8a34ca3ec9b8876f0,1479
2026-02-11T10:38:55Z,subinsu,account.dd7d87cfd41e45b49908ecf14c092d55,0
2026-02-11T10:38:55Z,Nan_Hee_,account.fc43726ad1ba459cae821d74c66a246d,0
2026-02-11T10:38:55Z,KING_BONG_AL,account.552aa27b4bb643a4bb3818032b3c510e,0
2026-02-11T10:38:55Z,minjjanggood,account.b8a13de99ea5492486aa6aba5411d1aa,0
2026-02-11T10:38:55Z,HU_ALA,account.b6f8079ab991441cb36ab88dbda8031e,0
2026-02-11T10:38:55Z,PAPAzz6,account.f9006991632549388bd73382c03b0d6d,1861
2026-02-11T10:38:55Z,iN_S2_UNiVERSE,account.e2ed68e6d52e4c29a9f233cd55f98051,0
2026-02-11T10:38:55Z,bgolds3891,account.c2d986618f92470ba8c2b0f79942e587,0
2026-02-11T10:38:55Z,Mingmin_00,account.930d087aad4648dc861912fb4a9d078a,0
2026-02-11T10:38:55Z,23-76042706,account.bdd259096f424f80aa04574170031a6d,0
2026-02-11T10:38:55Z,TQTQ_wfwf_DOHA,account.a64af0921678472c970b4d279733e904,0
2026-02-11T10:38:55Z,dkqksi,account.8df4387de7ad4c33b1e92070f1ca3ba7,0
2026-02-11T10:38:55Z,LAF_seubarasi,account.75d1f7924c1e4e8fa15786218018fce2,1980
2026-02-11T10:38:55Z,SNK_GON,account.8a9c39d06426403db730b9277d78ff69,0
2026-02-11T10:38:55Z,Gakbuk_hyun2,account.5590d23c3293463cae5d3c03a6cd6d28,1863
2026-02-11T10:38:55Z,rlahrlahEl,account.35c1203198ca4111824aa73bdb51e29c,0
2026-02-11T10:38:55Z,Jangwonyoung_S2,account.7db2029e6f494c3d840540b460228b3e,0
2026-02-11T10:38:55Z,0_Saple_0,account.a903fc32e39547fbaf01b2cd6eb711f8,0
2026-02-11T10:38:55Z,i8_Lr7r,account.fd5033f4029d496b8c672108f191efb3,0
2026-02-11T10:38:55Z,HELLZONE_,account.8ef2a17b262a45198cffd782851baa9a,1963
2026-02-11T10:38:55Z,Ah_BackUp_JJoM,account.c8b5b54c758640bfbd99e72052f65264,0
2026-02-11T10:38:55Z,I-like--chicken,account.9c8b5ed4545048a6834972a7cbbc257d,0
2026-02-11T10:38:55Z,ARUSH-_-MACHO,account.170f945db0334883a9cfacb8052e77ac,1259
2026-02-11T10:38:55Z,SNK_SONG,account.e5cf7c3a78ed4ef98427c8b56b19d7b3,0
2026-02-11T10:38:55Z,0512--,account.3479c0275ed1403ea7873a773cc75c49,1827
2026-02-11T10:38:55Z,ShinunogaE_Wa,account.855d66de15764277be16ef0a0f760d77,0
2026-02-11T10:38:55Z,18__Lr7r,account.501fc1e3cf4045aca8d52f7fea848f54,0
2026-02-11T10:38:55Z,Madecasso1,account.24785c8e7cb9403aa0ebd3afa6d389bd,0
2026-02-11T10:38:55Z,MlitaryWarrier,account.78903b36b58b4c6cb12050d8823d3086,0
2026-02-11T10:38:55Z,CUTCUTKATKAT,account.0cc028f5aca44b29a965d3c934876f8d,0
2026-02-11T10:38:55Z,GenG_JJUBAL12,account.8a183282788940c1b19c077dd9adede5,0
2026-02-11T10:38:55Z,707_sasin,account.3660e8ef1140487a990bc134bb24e224,1508
2026-02-11T10:38:55Z,park-123,account.233d0d7a6bf74474a485867e8dcc0b1a,0
2026-02-11T10:38:55Z,songsick7,account.c9e40bb1c7d34af3996a6dfb19d851c6,0
2026-02-11T10:38:55Z,4AM-zzoon,account.1fe8459f8b584e06beb5839aaab4f2d1,0
2026-02-11T10:38:55Z,jmj73234,account.b7ad9d3c64c943a8bdb7fa62db12435d,1950
2026-02-11T10:38:55Z,MunANa1220,account.aa30c8bc0cf24d629aee5631294c59d1,0
2026-02-11T10:38:55Z,DAEDONGKING,account.f03774ad48a74815b904acdcadd072c2,0
2026-02-11T10:35:08Z,1304rokmc,account.f85fdbd90b59478799ecd764ca64c292,0
2026-02-11T10:35:08Z,jinpotopo,account.f63d96af152147c1afd459a07b9aefb6,0
2026-02-11T10:35:08Z,Killberos_NOAH,account.b5a48c0fb65c4c3b8f5396065630a5f2,0
2026-02-11T10:35:08Z,0_0sky,account.ad9a3773aa5a42f6b515056c99e3d7b7,2097
2026-02-11T10:35:08Z,Drav_Yjin,account.33e92a6e40584191918ed3da5bc31b5f,2153
2026-02-11T10:35:08Z,grk456,account.d543a505bdb54762ad5f3d711ff7d2f2,0
2026-02-11T10:35:08Z,justxuck_,account.471767ac2bf940bda88aa385134042f2,0
2026-02-11T10:35:08Z,Ag_g8-8,account.2fa00426cb42454680e9ab80121980c4,0
2026-02-11T10:35:08Z,ddung12-,account.36e2de73cdb64bc592e34c7587a4e426,0
2026-02-11T10:35:08Z,9_Mutal,account.60073df12395499386158e4bd1675f54,0
2026-02-11T10:35:08Z,BulkHeadUnion,account.85a3f2d37020469bba4f73e3934497e5,0
2026-02-11T10:35:08Z,cutysanghyuk,account.ee34c71c5f93403c9ee9400515814b17,1899
2026-02-11T10:35:08Z,LIM_STEAK,account.ec853746ebde4cc4800a31d55fb63229,0
2026-02-11T10:35:08Z,sexy_soyoon,account.2889a3b7d4e24f179dbb891e707920eb,0
2026-02-11T10:35:08Z,D_J_S_O_D_A,account.31b117abb00f4169905c022b7c2cfc86,0
2026-02-11T10:35:08Z,DAE8GOOD,account.5599140439c74981839381c2fa415629,0
2026-02-11T10:35:08Z,QORTDMGNS,account.279b2fd0505347b88bde5cc07f4b7d36,797
2026-02-11T10:35:08Z,hyobeen_,account.a9f76a3a9f254eed9d2f6a3bb43dcea0,0
2026-02-11T10:35:08Z,najom_sallido,account.ecba9aa696e74ecab899ac4803b52a7d,0
2026-02-11T10:35:08Z,DDu_-Bi,account.2775a2db49444359b19d520f366c513a,0
2026-02-11T10:35:08Z,ELP0Z0,account.6178cfc8d35548a9abb14a032d5acc9e,0
2026-02-11T10:35:08Z,Gore_1k,account.ffd7d892f8d1436cad9547cf7624460c,0
2026-02-11T10:35:08Z,Soongmorning_XD,account.f62aadd3f687401e9be973e4a660ba49,0
2026-02-11T10:35:08Z,HaKa_MaxPro,account.461c83031f714b39a7bc1d893be6e9e9,0
2026-02-11T10:35:08Z,Dr_Pepperrrrrrr,account.3266566a289f416eb5039a4505db3a75,0
2026-02-11T10:35:08Z,ays-95,account.637a8cf0059e46d58b79bbb7d7a8f6d1,0
2026-02-11T10:35:08Z,jjunizalli,account.cac6dc5db73a4f38bdde232c90d65bef,0
2026-02-11T10:35:08Z,aeuaco,account.c75da5d91c194119978ab9f0c83c2d4a,0
2026-02-11T10:35:08Z,wokisgood,account.e3110e05d5c74fddb448d1c87ea8ce94,1837
2026-02-11T10:35:08Z,kovokovo,account.e4a7a0c425f24132915fc7dbbc4a9399,0
2026-02-11T10:35:08Z,yeeensu,account.2ec6786631ff431c8eeffa805cc7869d,0
2026-02-11T10:35:08Z,Masterbxtion_,account.d065abe9b74b44a598fd41c60e19eef0,0
2026-02-11T10:35:08Z,UlsanRock,account.c24f82e75d0a4fce917b2dadfcd8f4ea,0
2026-02-11T10:35:08Z,sixno8888,account.9242180213b44bd49060ff34b681317b,0
2026-02-11T10:35:08Z,Bears_in_a_house,account.3696a3c4b3674d7aa23e2944136ed2fe,0
2026-02-11T10:35:08Z,MCGISELLE,account.40e53e7afe7b4f5294bd2becbdc854a6,0
2026-02-11T10:35:08Z,minyounglovely,account.160510944de242978e8624647c0bc047,0
2026-02-11T10:35:08Z,hun1202,account.ffad8af641b84b919aced4ec4472cf7f,0
2026-02-11T10:35:08Z,subin_____,account.9e666aeb298b414b9ea092705f3b3f43,0
2026-02-11T10:35:08Z,lihab2000,account.da1f14669e1e425ba751fc4a5b3d456d,0
2026-02-11T10:35:08Z,Bab1016,account.968ac9577b0a4f5cb707a641a0dbcc44,0
2026-02-11T10:35:08Z,KIMDOVE__,account.7f629ecc90814fa4a9a275cf6dd93d4f,1641
2026-02-11T10:35:08Z,MNMNMNNMNMNM_-,account.a392605286bb4fb191cab5970d59cb24,0
2026-02-11T10:35:08Z,Jin980502,account.d7e2515b083e4e798f84c6c453d36854,0
2026-02-11T10:35:08Z,soldier1-4,account.f6fe1600685e4191853e882ad753f844,0
2026-02-11T10:35:08Z,haanxv,account.6d32e8828fcf4052affaae449e6f0cb4,0
2026-02-11T10:35:08Z,JMT_Beom,account.1bf979375d244d45a0083f43de05518b,0
2026-02-11T10:35:08Z,Toguro-_-,account.a6ad8acc97044aa19b5fac197cac81e4,0
2026-02-11T10:35:08Z,koreaisking,account.e830a3fe4c00458e9c77650662c35aae,0
2026-02-11T10:35:08Z,19910121_,account.19be06239a3e4989936257770437a1bf,2600
2026-02-11T10:35:08Z,gho-_-st,account.fb587274574b4e2f9bc0eebae6e12e68,0
2026-02-11T10:35:08Z,Osshun_Waves,account.7468fbb2406e42b8bb42ee26467bee8d,1585
2026-02-11T10:35:08Z,HN_HAM,account.3c1452db5e1c4e42b0cd3c0b8d048fb5,2293
2026-02-11T10:35:08Z,mangooh_,account.b38ee8263923421397c6bdcce7cb1450,0
2026-02-11T10:35:08Z,kim_combo,account.3e20811e516c4eee847b5cce11264a63,0
2026-02-11T10:35:08Z,dinghowa,account.4bd4c8c618fc44babe6828a4d0726f9d,0
2026-02-11T10:35:08Z,ohda5315,account.2d9e9818a02e490997c9dbd3444d4f37,0
2026-02-11T10:35:08Z,wangdoggudoggu,account.34b941661ab94610a89a0cdea750feca,0
2026-02-11T10:35:08Z,U_Nyong,account.2781b3fc08324fa5bddb96ad845583b3,0
2026-02-11T10:35:08Z,ArK_Hyun,account.492260d296b44360a590245e446105e9,0
2026-02-11T10:35:08Z,wmem9--9,account.27cb4897d98d483496233daefd5d6ff7,0
2026-02-11T10:35:08Z,Drav_One,account.ec7129dc3b5a44c9a27546dfe9fbfd6c,1752
2026-02-11T10:35:08Z,lysnue,account.5f29585bdfa442d5b19daae4ac281b83,0
2026-02-11T10:35:08Z,Zalza_yo,account.526aca00c7d84e029bb603533065605b,0
2026-02-11T10:35:08Z,kingtitle12,account.83e746fea9ca43e9b8cd7dad39698af2,2370
2026-02-11T10:35:08Z,jj_0126,account.397670033d6b474d9a3206fd1acba9c7,0
2026-02-11T10:35:08Z,ShiaLabeouf18,account.ff2227b0cbde4da4855e1ff21cbd2cd6,0
2026-02-11T10:35:08Z,NINETY_S,account.b001a81a47d545eb971d39d23ac3de65,0
2026-02-11T10:35:08Z,Seungto_Kim,account.be31c559c34d402698f7e34598dc2d94,0
2026-02-11T10:35:08Z,myname481,account.b8d86a83e2844c9bb225177f1cc60197,0
2026-02-11T10:35:08Z,mvp8374,account.5d9d383e4ced4c35a755bed95f18d9e8,0
2026-02-11T10:35:08Z,GREENSHILED,account.99bea0761fb749e2b935c8a4a54560f7,0
2026-02-11T10:35:08Z,hojunwoo,account.aa04cf822d684b8cb0b0c720c09fefcd,0
2026-02-11T10:35:08Z,juhokka,account.925db16732274468b0597c11eacbb02c,1942
2026-02-11T10:35:08Z,santana123,account.e59783d0216147fa9f12a00e8fad6a84,0
2026-02-11T10:35:08Z,3Brothers_Abuzi,account.2df7b788c5f8433187fe90c674e301cc,0
2026-02-11T10:35:08Z,BBTAN_goodshot,account.663544175e3d4ca6b629ffaafe5c584d,0
2026-02-11T10:35:08Z,DogFighter_2,account.3c3efbd55a4846749dea78f9851d93dc,0
2026-02-11T10:35:08Z,I_sc1,account.64e1f8e13f884adda873923e9bd303d0,0
2026-02-11T10:35:08Z,HyeNii_,account.988ccd5f8da248dc9e37018159ab02b1,1768
2026-02-11T10:35:08Z,Tongyeong29,account.84b8506725144ca8959eff09ad943c62,910
2026-02-11T10:35:08Z,Rody_won,account.b600fbb115d5442a8574463d96c732b3,1432
2026-02-11T10:35:08Z,0r7l760rZl,account.9cf2f3c4c8b7479ab9f00154b48d79cc,0
2026-02-11T10:35:08Z,Drav_Dalsu,account.809267a5ca294f7baa6baa2e313d1873,0
2026-02-11T10:35:08Z,dokyungYODO,account.5a58a2b9e84c4c889a09b34e67fac34a,0
2026-02-11T10:35:08Z,Keum_E,account.57f8c2dc2f3240eb83e00f5df68eef81,0
2026-02-11T10:35:08Z,god5168,account.56b4d540fe594cb293cd85eb4897281d,0
2026-02-11T10:35:08Z,KIRINKOKKIRI,account.63fe518b2c4d4252992789a90978382d,0
2026-02-11T10:35:08Z,woals3856,account.36f5342aaf9149ae972457f0e80887a4,0
2026-02-11T10:35:08Z,cleaning--man,account.d8e2b8a03fe44b40bbf0f20fcb8b2598,0
2026-02-11T10:35:08Z,Drav_55,account.5df7e5bdffce4fec801756b7be440d81,1684
2026-02-11T10:35:08Z,NOMX_,account.e284f613e4bf47e686610b01c8d4a9ec,0
2026-02-11T10:30:26Z,sex-guys,account.220fbd3706ef486aae4b4aa2bdfcedee,0
2026-02-11T10:30:26Z,BATTLEGROUKDS,account.7fe28bc430eb40d2be79e7bbbd5beca5,0
2026-02-11T10:30:26Z,OlJungHot,account.e33808aa11a0466aab29168377ab3491,0
2026-02-11T10:30:26Z,DLOr_ZZ6,account.992c6c1ea3ff4a5d94b4440df06a2fa4,0
2026-02-11T10:30:26Z,EuNx_x,account.e675a53819784e94830d3f24661a5303,0
2026-02-11T10:30:26Z,poiulkjh1853,account.c5d0d330817d4b758945e6f4ebe92806,0
2026-02-11T10:30:26Z,kingdong1597,account.e327b1b012c84563b37820cb277bafe9,0
2026-02-11T10:30:26Z,hyeoksu7,account.e69c9bcc9222455d97c50895a3408759,0
2026-02-11T10:30:26Z,3LV__GABANG,account.d5d34c1ef17848aeb84268cc728f88b6,944
2026-02-11T10:30:26Z,AXEL_MB,account.3b4c8ccac9d84246999b8fd72661f41b,0
2026-02-11T10:30:26Z,1O30S2,account.a9f3a32319824b97ab445212f30f355e,0
2026-02-11T10:30:26Z,FIR_KK,account.3003c4dbdbdb4d1581c69eaf630f0bbe,1755
2026-02-11T10:30:26Z,moleupin,account.65fba372444f4c25ab0f4a9ac717e781,0
2026-02-11T10:30:26Z,Nowe1992,account.e1a7ab464c0545a895ef40d48a85a8c8,0
2026-02-11T10:30:26Z,Da_G_Gi_BBoo_Ri,account.3896332a0f7b4293b1f60eb36a805a7b,0
2026-02-11T10:30:26Z,rlatjrals123,account.559af97e7ec4458a8d491933c665d498,1876
2026-02-11T10:30:26Z,PPPPPPPirli,account.a52c9ed5746146b6acfb9c26ed93747c,0
2026-02-11T10:30:26Z,Mcd1minutes,account.69aab9aee66340568de4900c04284c4d,0
2026-02-11T10:30:26Z,Sb_x__x,account.66e0be719f064799b2986404fb85fc46,1814
2026-02-11T10:30:26Z,ckrWkdwnrWkd_,account.bba17c53405d4bb998851948d4fd81a4,0
2026-02-11T10:30:26Z,Gems_Domi,account.8c4b0497586c44d8bd61cad1a8148e93,1644
2026-02-11T10:30:26Z,KMU_SEOK,account.4bf45b1baed345d7806d18d19f050bc7,0
2026-02-11T10:30:26Z,DIC_AJIYA,account.72bdb42458b54e47b5ded82b54bf46b8,0
2026-02-11T10:30:26Z,IlIlIllIllIIllIl,account.0e5359c4df824064a55cc58a8997a62d,0
2026-02-11T10:30:26Z,dlwotjd__07,account.87b1625f174f48f3b8105c4cba93b901,0
2026-02-11T10:30:26Z,qwedsafwe,account.94e4a98e30024a0182c996d90765a325,0
2026-02-11T10:30:26Z,redpig0354,account.e8ee579afa4a48eea4deecc473d04069,0
2026-02-11T10:30:26Z,9YOM_ZZ6,account.a421776a17ea4be18e09323d80ee23ca,0
2026-02-11T10:30:26Z,Ru_Rang,account.4e93f16bdea8481c8fe68bd8d0eaf582,0
2026-02-11T10:30:26Z,1OO4_ZZ6,account.5bba977fa0de43b6b9e0a354f1835d46,0
2026-02-11T10:30:26Z,JUNGAG,account.8ba1304cd8da428190964de965cff581,0
2026-02-11T10:30:26Z,DoriDoriSsoo,account.7cbd19b1e7634429aa5d35d70ebcc9ca,0
2026-02-11T10:30:26Z,MO_EE,account.f5a07e1f1ff14819994aa81cf07061ed,0
2026-02-11T10:30:26Z,M1_Mortar,account.9beb89c16fec4fa1ae8b3b42255b362e,0
2026-02-11T10:30:26Z,gkejrgh115,account.ebf0762759154b9a861077af6da564ff,0
2026-02-11T10:30:26Z,ANI_ILDAN_OSAL,account.b419895f8b4d4eaaaef7a01c403e0d4f,1978
2026-02-11T10:30:26Z,Fuxking_ililil,account.aa77dd9bb2cb4b7ca632ff5f4885b27f,0
2026-02-11T10:30:26Z,mok2two,account.fe7debebc1964d73b5b325286cfd6074,0
2026-02-11T10:30:26Z,IKZPRO,account.a6eda243c1b64f09b01e06333865311b,0
2026-02-11T10:30:26Z,bood03,account.7a53373699004b868753c921d1bc6f43,0
2026-02-11T10:30:26Z,Cucumber-Party,account.de2a37257d4d4f79a5ab81253d9ce839,0
2026-02-11T10:30:26Z,DIC_Aju,account.f19ca55e6e7845899d54efb637bead88,0
2026-02-11T10:30:26Z,Mostlnapple,account.241c716b7c8a466d861736c088129b75,0
2026-02-11T10:30:26Z,MZ_KJMIN,account.e6e053b81d7f42a8b7a184648a438fb3,0
2026-02-11T10:30:26Z,blancpapa_,account.543b68805f5142de8346baeea0f909c4,0
2026-02-11T10:30:26Z,ckdgusWkd97,account.498928e495934a56a1bb7c536a2b4ba9,0
2026-02-11T10:30:26Z,12123324,account.5da00c32afa84cbe8f4350aaa5c37196,0
2026-02-11T10:30:26Z,0zaki_-,account.b68ea0c33f8847a8a5817a7fd7006745,0
2026-02-11T10:30:26Z,aruzzing,account.914c212022d749248ddd44b0a46e9ee4,0
2026-02-11T10:30:26Z,Ez_Yum,account.ea115ccfa55244b3b193556c7d3568ab,0
2026-02-11T10:30:26Z,suminhong123,account.05419ec72cdb40d49b8923d83a05e94d,0
2026-02-11T10:30:26Z,sanggyu1030,account.098e08b43c994d2b852b27fa7ffa4e82,0
2026-02-11T10:30:26Z,48s59,account.f8f5a46e57ef483aa73634b7c390efa6,0
2026-02-11T10:30:26Z,Geonict,account.1557cf31e77e4e679d317d280ce5f573,0
2026-02-11T10:30:26Z,NUB_GOGUMA,account.c4ae57dc8e8a42e986e62145eef23482,0
2026-02-11T10:30:26Z,shangnyon,account.1b4e83748ae44eeaba46da1bdb2e5b92,0
2026-02-11T10:30:26Z,j___seon,account.f8cae1dc1325446483f8d32a313b73b3,0
2026-02-11T10:30:26Z,He_x__x,account.a5284cb2c9a04a83a81b4529f390ba98,1800
2026-02-11T10:30:26Z,hahaetet,account.5b21f7317d054e97959eb7d0be3098f5,0
2026-02-11T10:30:26Z,EHOlGO,account.68e0daaab9c941d6ac519ed534b26600,0
2026-02-11T10:30:26Z,YANGBAN_K,account.c4f4473c298d4156b3ad363d8763fdc2,0
2026-02-11T10:30:26Z,SeHyxN_,account.f0c3ea7fc055473495c4a0e8f6e1450d,1856
2026-02-11T10:30:26Z,Ez_GaToT,account.5ef784160294441784c77aef7367c4da,0
2026-02-11T10:30:26Z,R_omantics,account.7dd3308722ba4d0e991f63a89090f4c5,0
2026-02-11T10:30:26Z,1vs1_-RICH,account.b5e67e6fb18246f48d635e135f38f9c2,1887
2026-02-11T10:30:26Z,MO_dackbull,account.61a4c6c63eed4661acee78857ce09ded,0
2026-02-11T10:30:26Z,OJKPRO,account.b25b2b4d79ed4b28a2baeed8b45dea60,0
2026-02-11T10:30:26Z,Xiao_Meiy,account.17137e9f9bb044d28795628c8521b8a7,2148
2026-02-11T10:30:26Z,jun-speed,account.39319291a69143128246c604b47fa61f,0
2026-02-11T10:30:26Z,BBangYa_S2,account.fa388d60d44c4851a289116243223399,0
2026-02-11T10:30:26Z,Flex_Chan,account.5299acf503c94a4e957b5aa151dddaa3,1835
2026-02-11T10:30:26Z,YOISPQ,account.87635479c7b34c0dbe1fc1b4b0b96f8a,0
2026-02-11T10:30:26Z,NUB_PuHaHa,account.f901343a76fb47a48485f553f755acbe,0
2026-02-11T10:30:26Z,0_0_DoDo,account.2e571995b8af49278c907952d0921798,0
2026-02-11T10:30:26Z,illilllliillilli,account.0404087252e844ebb8f406941fcad0c9,0
2026-02-11T10:30:26Z,Mo_GaJiTtam,account.756870d2c6d6430e9ed033652167b5e0,0
2026-02-11T10:30:26Z,Lime-Fizz0,account.327871588a964324a1f5c52395517652,0
2026-02-11T10:30:26Z,sibulnyon,account.90bfae2e7c9845c5be4d5d6fe3e1bbc7,0
2026-02-11T10:30:26Z,Maxim_-o,account.b5da82454acc4f7597b58cecf4e6e985,0
2026-02-12T22:58:23Z,khh_0808,account.7b39a74de184485aab7755e9ca0e9c76,2056
2026-02-12T22:58:23Z,Dwaezibasazuseyo,account.d51a18ea049d4f4d84fb5609e47f8fd5,2260
2026-02-12T22:40:40Z,GaSiTaL,account.11972586977d45f1aa788a408440df77,1183
2026-02-12T22:40:40Z,KGM_ZIZIZIZIZIZI,account.ef7dbedf844944d9a1d2e17770a8c2f1,1091
2026-02-12T22:40:40Z,NUAK-,account.e1bf35b3ebf442b6a408c0d6c0ffd759,848
2026-02-12T22:40:40Z,JUFUCLANMOZIP,account.216091606deb4843be912a08c4151ff1,723
2026-02-12T22:40:40Z,YU2A,account.914b15764da94e52a429a9ff76be845c,1902
2026-02-12T22:40:40Z,NATO-HIM,account.f44a8ab2b0ff4a54963d5febb2632394,1914
2026-02-12T22:40:40Z,kkemd,account.bed51703b64e4fbeac651df98d81b109,1513
2026-02-12T22:40:40Z,1eemyeongsan,account.5999b1df68d441bb94ff316c5490f535,1519
2026-02-12T22:40:40Z,i888888888k,account.b9283957bfac4b11be58b2296e5d2134,1654
2026-02-12T22:40:40Z,KGM_K1sOyh,account.0069a3568bb64facbd04405ec5f3ed26,1103
2026-02-12T22:40:40Z,lI1l1llIlll,account.778328022503458bb9d7d43b867ba607,2006
2026-02-12T22:40:40Z,hyeonee_ee,account.80b95d5e46c641f2b1e93f4228371f5e,1535
2026-02-12T22:40:40Z,leesangik0803,account.909478aa21f64067aba396393f18c427,1433
2026-02-12T22:40:40Z,3Lev_BAG_JooS2,account.4b4548897b2e46d3bab6973f2a52d725,1656
2026-02-12T22:40:40Z,SMG-004,account.f98b3d42414e42b0af7781fdbb8cc123,1499
2026-02-12T22:40:40Z,3_SHANEL,account.a32303f561e749fdb45a83aed31163d6,0
2026-02-12T22:40:40Z,XiongdiNc,account.71e593cf9c20472caa1dd1960184e374,1256
2026-02-12T22:40:40Z,BLM_x73en,account.7c48801d0e604acea36ca3235d85a51b,2075
2026-02-12T22:40:40Z,Thornapple-_-,account.a9fd40b764744dfcbb49d6182996e74d,1847
2026-02-12T22:40:40Z,kim-sung-no1,account.b9606c28ef4f4e9c80071782aecb177b,1246
2026-02-12T22:40:40Z,Squid_Huter,account.1a6504de3853455ba080939118c6b24c,934
2026-02-12T22:40:40Z,uki-pink04,account.e5f041319fbd423ca347d5c169926b51,0
2026-02-12T21:18:00Z,CPCL-_-Orochi,account.50327452f60d411fb6efa67e7eecb733,1848
2026-02-12T21:18:00Z,CPCL-_-Yasopp,account.7c7867e888624df59417ca323d9dc818,2226
2026-02-12T20:44:16Z,Drav_Cheonmu,account.cb7109218ed34f53aa3e4eed444cf8b0,1930
2026-02-12T20:44:16Z,killer__ko,account.37d5102e5bdc47159892f29a5e5050b5,1982
2026-02-12T20:44:16Z,warry17,account.afbdd0c7205c44adb1d7567c68f1e52f,2158
2026-02-12T20:44:16Z,uoomsn,account.b0c76c5ec5d14feeb6d88ced5c8ee4ce,2255
2026-02-12T20:04:16Z,ODOG_Yummy,account.7dc3f62b9b154de48ecedce5ae4f96e2,2079
2026-02-12T20:04:16Z,NANOql,account.9af5b6be735c48fbaa827ca07c019969,2524
2026-02-12T20:04:16Z,JUKJUKJUK,account.1900bcc4d8fc4b2281d37240394896b7,2605
2026-02-12T20:04:16Z,ODOG_RAN,account.63b22acc30744057a1c29325aaf053f3,2692
2026-02-12T20:04:16Z,Y0URTURN,account.71812d2690fb42b4ba27980f947f8281,2340
2026-02-12T19:35:00Z,min7699,account.18701e998c554679b8b88f8a97e8604f,1893
2026-02-12T19:35:00Z,Bayer_Vitar,account.f7b8fdd7604b4771bd76fb8a521f284b,2486
2026-02-12T19:35:00Z,Olsson-_-,account.ffa139ed791d4bcb9320b23f92288a07,1856
2026-02-12T19:35:00Z,wldtmrldpdy,account.e7693336d7314b349995565c70163f8a,2111
2026-02-12T19:35:00Z,Hoon__E-,account.00736851de00456a9e54b5cb0d68a0e3,2435
2026-02-12T19:35:00Z,SB_Minsigi,account.05223e7aa42542deb323bed2337c66ca,2371
2026-02-12T19:12:28Z,kakao_T_,account.968a358c31c8496aabc0b13149705dfe,2079
2026-02-12T19:12:28Z,OFF----BORADOL,account.e086a0fc658e43f19672e2ef66ff9c41,2319
2026-02-12T19:12:28Z,ActionMask-,account.1847930cd9534011b763ed1c47459f8d,2340
2026-02-12T19:12:28Z,lopri-_-,account.22e85cd996684a66a5103293670ea247,1891
2026-02-12T18:51:13Z,NUNdefined,account.a2283cf5e2ad42659d30dac3947f10de,2693
2026-02-12T18:51:13Z,1-pp-1,account.0b4cfd8091ad422590160c40a1624378,2200
2026-02-12T18:51:13Z,seolsein,account.7faf111b5c6a43a39b45625a72511e1a,1949
2026-02-12T18:51:13Z,Alpha_XoX,account.b27f7ae9de1c4055be7e2aae1ba46562,2126
2026-02-12T18:51:13Z,RAZzzzzzzzzzzzzz,account.523e5a03fc534228a04366c247efd39e,2022
2026-02-12T18:51:13Z,ganzissambbong-,account.6b514cb566b64264802bae6bb8f3df4c,1925
2026-02-12T18:51:13Z,luceNt_Joker,account.c8265a14583b4db299dce09d3a2930e6,0
2026-02-12T18:51:13Z,NU119,account.f6e30d014665480e93612a7fd28b7b4f,2409
2026-02-12T18:51:13Z,Tile-ToT,account.47c8991fe10643eda0b885618e1a03a1,2509
2026-02-12T18:51:13Z,NAMEGlory,account.019000a31f7d448fb329e8b8b7bd1726,2707
2026-02-12T18:21:45Z,zizonmyenkyeng,account.8d6b1f8aad4d49b1a674eac54ac76f18,1675
2026-02-12T18:21:45Z,HN_Dam,account.c45ca75250d548048704e408777bc4b0,1957
2026-02-12T18:21:45Z,PYJ6635,account.b81acdcc8c9c43aaab562ba9dc96a4e4,1435
2026-02-12T18:21:45Z,hogeol1,account.8f26435fa75c49a9ac844cda1336daa4,1886
2026-02-12T18:21:45Z,Yoshimitsu_TK,account.fff4617d73de4b809a17f32c9a78b17f,1761
2026-02-12T18:21:45Z,EKL_Jomsen,account.03b3538ca31a4daa9d53c7e16f04b95d,2153
2026-02-12T18:21:45Z,Bugatti__owner,account.c15b60fdc2d84f12b434638a59025dee,2240
2026-02-12T18:05:13Z,m_m1ni,account.3e6f065eb0124c4fb04c364f26f444ec,1700
2026-02-12T18:05:13Z,Zoe_Jodeng,account.8f1eccc67dae46b395d2c95a65dde52d,1983
2026-02-12T18:05:13Z,Premium-kor,account.db433c7bd67f495fba10368f09ac28ba,1959
2026-02-12T18:05:13Z,zzik_2,account.c1618d05104f480094698d94f57b200d,1870
2026-02-12T18:05:13Z,illilBlilli,account.a32439f3c13d4061ac57a172d458d37c,2205
2026-02-12T18:05:13Z,SWCsehun,account.71cb7e99079744bebe3035607b9a9a37,2149
2026-02-12T18:05:13Z,hoon_cc,account.3e41cb5b5dcb4ed2b6e1536d40880a35,2110
2026-02-12T18:05:13Z,bearmango,account.36af685cd4954b1482a5d6bf53df2b29,1936
2026-02-12T18:05:13Z,JotSunnamja,account.d659845533354c0484012faea77aa284,1981
2026-02-12T18:05:13Z,lIllIlllllllIll,account.2aec473a04d04bdbafea83fcd193159f,2076
2026-02-12T17:55:53Z,JS_jihoo,account.1324b35462b445709af238d155bad235,2023
2026-02-12T17:55:53Z,iillllliiiiillil,account.e63062d1c2c34e60b7841618a4cbf63a,2069
2026-02-12T17:55:53Z,KIFF_dori,account.0036ef0592344f4fa49c1f801fbf0d86,2425
2026-02-12T17:55:53Z,MEV_ithing,account.d9c8618f5ba047ea92e6b02f93d7fc84,2038
2026-02-12T17:55:53Z,Bay_karisma,account.85ab640000e340089e5d0ef48a801c35,1900
2026-02-12T17:55:53Z,JS_ssbomg,account.6d36e4d0cf4a4a7d9a563dfc363cdc9b,2026
2026-02-12T17:55:53Z,DDoras,account.3f0307a16ace4eb7828a111b92a1ed15,2370
2026-02-12T17:55:53Z,Park-Gangmin,account.8cad8aff5107421285de8a9d58b80689,2134
2026-02-12T17:55:53Z,chaonimaXD,account.3ca91080def64d9b8c783c54c19d13fa,1795
2026-02-12T17:55:53Z,GLX_Na_Yeon22_-,account.978a3df24e1941a79c35a8d3605ce842,1072
2026-02-12T17:55:53Z,Bay_O,account.1849fedfe4544802b0cc576c2e573854,2340
2026-02-12T17:55:53Z,DaeGGoal0min,account.be5b27c131a145b4a1e05f1422e8ea20,2178
2026-02-12T17:55:53Z,JS_piggy,account.fd018e920c7340abb6bf91dc869f7139,1901
2026-02-12T17:55:53Z,JS_sungwon,account.a1da40537a3b4dd7aa861565b836c04a,2233
2026-02-12T17:55:53Z,NBS_GanD,account.2ee3d98d0a434be29783009e3ca15129,1920
2026-02-12T17:21:06Z,Trip1eK,account.60cecf27344f45ac902d1bef9ffd1de2,1800
2026-02-12T17:21:06Z,protoking,account.4a4d1dcfbf6347ca9e103e4646563145,1988
2026-02-12T17:21:06Z,Ukk_1118,account.a3732ddbd4f7473483cb92ca0392e80b,1639
2026-02-12T17:21:06Z,240HZ-__-,account.692c31fbdf2b46ab8b33a5ec8d71890e,1791
2026-02-12T17:21:06Z,I-LOVE-CHAE-RIN,account.579bbfb0d9aa4cea88203b77ae799618,2302
2026-02-12T17:21:06Z,naoya88,account.4a3a4f81b01d4c5b86da6fb6919cbb0e,1988
2026-02-12T17:21:06Z,puckseosan,account.a34e72668dd84f559435aa6c0ee3f7c8,1674
2026-02-12T17:21:06Z,BROBABAYAGA,account.e6a1aa9b958e4c01946275d0a3ff792f,2055
2026-02-12T17:21:06Z,KGM_DUJJONKU,account.89b6e66ead7a44f092296825278240fe,274
2026-02-12T17:21:06Z,mugudong-king,account.cff87c68cb13420b9014478fa83a3413,1878
2026-02-12T17:21:06Z,Jae82ll,account.3d9d8131ab8a4c66a7ac0b132d76be71,1847
2026-02-12T17:21:06Z,2CN_8001,account.ad13c8774d4c4d389a33eb070b61dad7,1993
2026-02-12T17:21:06Z,AnyangHorang2_-,account.3c1e5a1b65c343bc8ef70457d2ae3d43,1971
2026-02-12T17:21:06Z,gyusun64,account.7d468b918bd14d3a85064716160d2d12,2236
2026-02-12T17:21:06Z,GANJJAJANG_,account.bfcbeb4b077745fcbadc8996cb5ef249,2345
2026-02-12T17:21:06Z,New_Face_Tomato,account.5af8c35a2a474bb088825744b7511382,1856
2026-02-12T17:21:06Z,shinsuhomuruchi,account.e4c034acaac1400a8a5ceb020eac60ab,1644
2026-02-12T17:21:06Z,200HZ-__-,account.41244efc316548bf904a84fb9954f2fa,1844
2026-02-12T17:21:06Z,wlsaudcks,account.80bbe59fb19642abad47a3d72b5b22d0,1887
2026-02-12T17:21:06Z,nangmaniiiii,account.83b14e4431784a48bd42bb8583afe742,2007
2026-02-12T17:21:06Z,sung_min23,account.52d81c1cb4174cf28622eb9d9e141f3f,1627
2026-02-12T17:21:06Z,BAMBlLOVE,account.c96bba166c23437d9f4830ccbd625d43,2130
2026-02-12T17:21:06Z,165HZ-__-,account.3f5d61e9a7694efd9a746ad4f1bcba87,2247
2026-02-12T17:21:06Z,Orca_Whale-,account.de36957e4c1743febaa54d992a2d3ea3,1657
2026-02-12T17:21:06Z,a-_-Vvvvv,account.d3b1b6a6d987416e9a04e2cd2037b5c8,848
2026-02-12T17:21:06Z,KGM_Heaven,account.49884ea5b786404b9f9b48e26f976c94,2309
2026-02-12T17:21:06Z,Cr29052a,account.f2cdd9957ab7428b8969cf21ebbc20ce,1901
2026-02-12T17:21:06Z,CC_SongLim,account.d1fa83da8efa4ee1862f5a6a588a684e,1773
2026-02-12T17:21:06Z,godsoonhak,account.ff4a8e19adef4001b2823febe59ffeef,1798
2026-02-12T17:21:06Z,1asdf5,account.b056f1d3f79c40b8bb675cbc321213b6,1908
2026-02-12T17:21:06Z,Blackelel,account.354f1819a3a746b39c2f42b1e30dbbec,1955
2026-02-12T17:21:06Z,FLXFLXFLXFLX,account.c39109430ec44f288441aa298d867a2b,1878
2026-02-12T17:21:06Z,gangmin0214,account.d492e529cbb941cc9e75c4cc2141a5e1,1687
2026-02-12T17:21:06Z,Dooooo-man,account.eee0135eb6734c6f8d1bd6123f2ea749,1484
2026-02-12T17:21:06Z,jguyh,account.410d14dcaefb472780b2358ee21af76e,2245
2026-02-12T17:21:06Z,BBAK_JJInnG-,account.8b3c3532dca441eeb24cddfed653e4b6,2155
2026-02-12T17:21:06Z,kwonheart,account.81ccf3fe3f774da78ae1903736ece522,2054
2026-02-12T17:21:06Z,km_NAM,account.04d972088500466ca5b56e307ef07fb8,1512
2026-02-12T17:21:06Z,KGM_DUJJONKUU,account.dc1df11a0bc5442d9f61d79815990dac,1944
2026-02-12T17:21:06Z,hoon_real,account.2d678efab46b46859038a809cf04cf02,1755
2026-02-12T17:21:06Z,MK-_-PARK,account.3477594eeacd413dbc7c2b80cd08fd06,2152
2026-02-12T16:55:57Z,debong2222,account.dc37518732884cfc9467ffaf33fc81f8,1664
2026-02-12T16:55:57Z,Aplus_1p-_x,account.c4a75124880843fea1ccf7bbfc264447,2300
2026-02-12T16:55:57Z,HyeokjinOh,account.f28db52c062b43eb812b94dd941adafb,2178
2026-02-12T16:55:57Z,CST_Minseok7,account.038155d4ef854aaebc4802a7899beae5,2155
2026-02-12T16:55:57Z,Az_Lody,account.8758586d4c2e4c99a2b4dfbc2d810848,1800
2026-02-12T16:55:57Z,Seo_Young_rak,account.566983b9797f4251a64043bebddb00bd,1766
2026-02-12T16:55:57Z,Az_PoRoRo,account.ea8aa080b0374c899eaa950467fab52d,2200
2026-02-12T16:55:57Z,Rust_Erica,account.6ca73e68bb774278be50cdb4c90ba08a,1758
2026-02-12T16:55:57Z,malimba,account.9e611bdd1345428dbe790ea93f1560e4,1856
2026-02-12T16:55:57Z,wodb91,account.80c0f3bf6e72406b8c9a564e109deb56,1612
2026-02-12T16:55:57Z,hollymamas,account.bbaf30c4b1784a9b8ce8cfa5969b612c,2050
2026-02-12T16:55:57Z,LDY-CDS,account.4a0e92042f3a43a8a854f39c95246c1b,1948
2026-02-12T16:55:57Z,Miu_69,account.ef6922bddd9b4c60a769bf970838247e,1471
2026-02-12T16:55:57Z,BbangMii_3,account.bd98a58ac32a49a796981de4cefcf2dc,1851
2026-02-12T16:55:57Z,Aplus_wlzjzj,account.aa937bf9254146e6baddb90f38686a06,1877
2026-02-12T16:55:57Z,guxn1_x,account.2ca4a6f10e3f41a4918a2cd798566a8a,2200
2026-02-12T16:55:57Z,nas77777,account.e8c33a12fb554c848bc91cec3e13e26a,1574
2026-02-12T16:55:57Z,mV_MINJU98,account.756e56254f1e4c01847e02670b86aa07,1918
2026-02-12T16:55:57Z,Sung_gang_-,account.093550f0391745519cc735935420522d,2008
2026-02-12T16:55:57Z,dsmcjf0318,account.5221f8942f8c4c8e9c61a87c381e208a,1914
2026-02-12T16:55:57Z,The_-Viper_-,account.f1475265f9884754860a012112476397,2122
2026-02-12T16:55:57Z,hojiho11,account.2f35381ced60475bac4e19f9f47cc357,1962
2026-02-12T16:55:57Z,KOR_EeSz,account.0245981a38f34534a3f0c65633fa0dd8,1724
2026-02-12T16:55:57Z,253218,account.7b9f102ddd16432691992ffc16db8202,2097
2026-02-12T16:55:57Z,Aplus_tosuni,account.b893648537314991a43403d9f2b944a7,1760
2026-02-12T16:55:57Z,a1_asd,account.2790e004c9aa45e7869041623ff9b605,1400
2026-02-12T16:55:57Z,0608_JM,account.1c09bc7c097f4dfa94dbf333a001539b,1432
2026-02-12T16:55:57Z,0__0ing,account.262e458d804043ceb7fdd4d827cd92c7,2210
2026-02-12T16:49:40Z,wnwnwnwngus,account.2466a701863e4c699c45c81f88836946,2061
2026-02-12T16:49:40Z,kimyounggyun95,account.b6922a439f8445b085408e9b505781a8,2160
2026-02-12T16:49:40Z,HAE_MO_SU_7,account.5bbe9d80440a47ec9b88128d494da106,1448
2026-02-12T16:49:40Z,baekseunghuni,account.084dfd678f6a411389259e0a6fb2b0a8,1765
2026-02-12T16:49:40Z,CHANG-_-SU,account.d6275f34ae2a4cd2b19fbc4f07e80021,1897
2026-02-12T16:49:40Z,MIU_ChoRongDaRi,account.bcaefa1ce9f04bc2b04d1910b97c9092,1819
2026-02-12T16:49:40Z,OPENCHECKLIST,account.95331d2f69b646b5aab8e0b7eaf091db,2023
2026-02-12T16:49:40Z,K5-k5k5k5,account.6d6d05f3d5de4d2394a31efb9f7c2421,1525
2026-02-12T16:49:40Z,k-ick,account.8f707fd34ca34f87929795e4208d7169,1854
2026-02-12T16:49:40Z,gyalsdl23,account.21534316f5f54a6b865eca8f0a6ee649,1845
2026-02-12T16:49:40Z,ChuChu_kyung,account.338c9494c12b4feca967d3e82931fb90,1587
2026-02-12T16:49:40Z,JJEBIN2,account.334350a4ce844215b06b29db9b482fee,1628
2026-02-12T16:49:40Z,gop3co,account.72c65c8a453e45faa21f8af51452deb3,2096
2026-02-12T16:49:40Z,SUNHYANG_12,account.90303381d17d4d018ce4c729eaf762d3,1535
2026-02-12T16:49:40Z,ddanzi-_-,account.261380876aa448948810170a4fc4a0f9,1532
2026-02-12T16:49:40Z,SEOEUNSE0K,account.56978b4df3a84b8eba6041e9d76fa85b,1645
2026-02-12T16:49:40Z,rkdtksdlekd1,account.51683a0b76334f4db12bad09412cf7f7,1836
2026-02-12T16:49:40Z,fg5426,account.947cba2beaa9425fb30f54b089132c34,1980
2026-02-12T16:49:40Z,parkjinhyeong_,account.38d5aec8b4364bc29ef439bee079ebbf,1718
2026-02-12T16:49:40Z,Namtang_-,account.f58bd2d7d2474d0bae2644b8d62ef5e2,2082
2026-02-12T16:49:40Z,1642777306,account.ea2daad28210440ba24c39273cd79475,1875
2026-02-12T16:49:40Z,KKANG_BZ,account.e0d2f5e5400e46d9abbb8da8a9466c8b,1947
2026-02-12T16:49:40Z,chdThausqkrsmsek,account.c9d006716b8346f9b5d864b624c78dd2,1994
2026-02-12T16:49:40Z,BLC_YE0NW00,account.677cfbf4826845b0bcb848e3cd87271e,1890
2026-02-12T16:49:40Z,sazasi,account.f78fd1b3114049b2b6c9478487c6db8e,1677
2026-02-12T16:49:40Z,EUN_CHAN_KING,account.52fabd32a8064762ad23cbc9484732bd,1986
2026-02-12T16:49:40Z,music07729,account.ff8f2f9e635d4b64add34e0c70ca9cdf,1805
2026-02-12T16:49:40Z,WHAT_TOMATO_M,account.0dce10173caf48c6a686fd14227ba3fe,1647
2026-02-12T16:49:40Z,WHAT_DD9-__-b,account.cd898189e1274920b657d6e6de3bafa1,2279
2026-02-12T16:49:40Z,Peach0_07,account.3e3e5a7454b94509bf2ed497142c17b2,1835
2026-02-12T16:49:40Z,EunSeokDieplz,account.3fee1314e7b24744802112cda0340dc7,2459
2026-02-12T16:49:40Z,WHAT_CIEL,account.ae081d5660ca466583898d3cf2645239,1578
2026-02-12T16:49:40Z,rusians,account.2975c8f551a341359d050aaf8a611d4c,1736
2026-02-12T16:49:40Z,Beagle_10,account.59e4b6a3188b4ff3981e7aff1cdfb31b,1765
2026-02-12T16:49:40Z,FF_SeungTuk,account.eade9ca4b2e741e4b226cc1f6372a1b4,1983
2026-02-12T16:49:40Z,858FA,account.6076413849ce4a9d850edc03c3981d79,1971
2026-02-12T16:49:40Z,DDUKBAEGI_CUT2,account.75c2d325fb8146dcafdbe2de85438af0,2083
2026-02-12T16:49:40Z,fGGfgfff,account.f54c73ad593d4e698d2d94746cb0db57,1893
2026-02-12T16:49:40Z,yourfaceverygood,account.ac5517c5555a41f0a04c5de3953b0217,1806
2026-02-12T16:49:40Z,YJHwanna,account.573c4d22f396464aba3a4922f5462e34,1654
2026-02-12T16:49:40Z,White-bonecooker,account.973a49b109a34b51b330ffe3ed534546,1800
2026-02-12T16:49:40Z,Hrilfeyun,account.fd26321ac6664e28954700b7cd5e8146,1817
2026-02-12T16:49:40Z,south7256,account.e7a975affc414dc88e56c3d8ade5aa65,1873
2026-02-12T16:49:40Z,haN_jaE_yuN_,account.45f888bd75954d088bfca4fcebe9d6a6,1511
2026-02-12T16:49:40Z,XIXOON,account.5f1565c0486d4e2f94df8d5950fd29d9,1554
2026-02-12T23:55:41Z,INX_Destiny,account.924f806b9b9c42cf8498ef60e2083c4b,3400
2026-02-12T23:55:41Z,IRON_0228,account.9f73a5097a97476388e1b248a6227fa6,2248
2026-02-12T23:55:41Z,SangNamJazSeoHan,account.3a8b7ebd69a14ea4af0d70699bc82c33,2780
2026-02-12T23:55:41Z,BGP_BBaero,account.9ad0f59a86d14997b8edebdb822d272f,0
2026-02-12T23:55:41Z,3Cha-_-,account.92d2be6ad50b4faf9e14ee079e0ecd28,1971
2026-02-12T23:55:41Z,NL_Model,account.94845eae37f74ff8aac7158cb3615b76,3149
2026-02-12T23:55:41Z,Rhxbwjfeksrlqhdb,account.e4f8e5365a79452f87ff5aae02b2b762,0
2026-02-12T23:55:41Z,GOH-951,account.c06cd0c5f2dc4f4a93c4ae63c44c63a1,2170
2026-02-12T23:55:41Z,H_H_AT,account.1fad566f77e94fa681a845741124a1d5,2384
2026-02-12T00:41:59Z,AXIS_Ringo,account.3a75ba3b969145a394e369b3e824250e,2210
2026-02-12T00:41:59Z,SOOP_KA2DA,account.f81fa9e0271f47efa8d5c0da18b15b32,2548
2026-02-12T00:41:59Z,SOOP_Inonix,account.98dfeb9ed3be4b64ab673e5336c6817c,2354
2026-02-12T00:41:59Z,97-seok,account.ed342bb3a9bf4d06b4cc2935d78a6ff4,1996
2026-02-12T00:41:59Z,bbakXESy_GOSU,account.3c51feccc9b04bd095478df144395dde,1793
2026-02-12T00:41:59Z,KST_2HEAT,account.8f2f770dba0b4e8999622efe806944b4,2318
2026-02-12T00:41:59Z,Seven-7_Zobi,account.4fbf71536a2e4e1ab548a46a97927b93,1913
2026-02-12T00:41:59Z,LIL_SiRi,account.fea84da882f84a63bbaac7cd17abbd3e,2069
2026-02-12T00:41:59Z,D_Hxxxxx,account.c88005f5b68146d9bf91096fcdb9bfb3,1970
2026-02-12T00:05:21Z,KIFF_Pibada,account.701d2239e0284846b91da2fbb7b49389,1906
2026-02-12T00:05:21Z,DIA_lilillilil,account.bbfc7207117945ce897db18d804f7884,2100
2026-02-12T00:05:21Z,Big_Void,account.008d97da4d164b46bbcb55edf21ccd85,1958
2026-02-12T00:05:21Z,llliilliiilili,account.9e451b92187e4058a743fc9eb6d69706,3430
2026-02-12T00:05:21Z,SOTXC_FADE,account.061961c5f1d5441181f3121058acf96f,3402
2026-02-12T00:05:21Z,Bo_Zl_Ter,account.10705a4e37294c4da2a68e9ac3d16b8d,2108
2026-02-12T00:05:21Z,SSanEE-_-,account.d614e251eb474736b10fe77ec3b862f3,2142
2026-02-11T23:51:58Z,whwqkqcut,account.4c1cbc696cfc4922acc04c365e47c55a,3541
2026-02-11T23:51:58Z,INNO-MASTER,account.cd346085343b414ab5e0fcad3953bec2,2840
2026-02-11T23:19:13Z,DONTSAYNANA,account.4d7a64fc430a4587807388738e8d9773,2890
2026-02-11T23:19:13Z,Mynn_FLUX,account.52cf74f846594ed08a85b66654328f93,3487
2026-02-11T23:19:13Z,HID_99th,account.a9eb854ac8564807b659370f221766c1,1895
2026-02-11T22:34:49Z,Zobbob,account.c7379a4f2399416d94438b9eea04a0ec,1800
2026-02-11T22:34:49Z,gae314,account.9c21c6cadc3b4dd5ad6dfdfbb4e38ebb,2303
2026-02-12T18:19:41Z,BHC-Delicious-3-,account.efec5e76c849479c88d1cbd56ddbdaa2,2600
2026-02-12T18:19:41Z,KimChunsam3e,account.86fe69d58bf04070845bc0dfdc6b273a,2803
2026-02-12T18:19:41Z,Flame-3-,account.1855549301e447e4a462141436dd8c78,2414
2026-02-12T18:19:41Z,DTT_neguri,account.495fab61607e44c981b7fa3d7932daf0,2200
2026-02-12T18:19:41Z,BGP_Ruel,account.54b899c710af499e8fef6439a3761272,2397
2026-02-12T18:19:41Z,kimbongnam2e,account.18cf01f3fc274f9fa2190bc0a6f53da4,3024
2026-02-12T17:39:58Z,DesperaBlack,account.0a8f6a767cf143228b998ef533192aec,2917
2026-02-12T17:39:58Z,tnajjang,account.4b6b4a2346dc443582d70d795e60602b,2087
2026-02-12T17:39:58Z,Psycho_Jannabi,account.49597db31ccc4d02a9df932d342ee87d,2572
2026-02-12T17:19:45Z,handsomerok,account.238c63dd2ccc4d848a31b69bb1f53df0,3639
2026-02-12T17:19:45Z,NaegaJJuBal,account.980b071908404c009e69611e0d8d6b13,3277
2026-02-12T17:19:45Z,T1_Faker01,account.c229981991e54dbf948ffd5771e332cb,2698
2026-02-12T17:19:45Z,hiya-,account.b22d7ef733b44a438e22e2fa865d1a90,2814
2026-02-12T17:19:45Z,lIIllIllIlIlll,account.d4db2d59bd9d4bf29bb02e421761eb4f,2713
2026-02-12T17:03:48Z,NUWaltz,account.c4ec68e66eb64d6c8532f5809a8ab37e,2038
2026-02-12T16:13:24Z,15-72018274,account.af0ee4959d1847ec89fcacae794c8305,2037
2026-02-12T16:13:24Z,PPikacho,account.2be340c74d9a4c04bd1d4308e27efa5a,2401
2026-02-12T16:13:24Z,DIE_CHUNGJl,account.e0dadd07f92349ca9ab852c373344a2b,2301
2026-02-12T16:13:24Z,Hallae-Maellae,account.70bf091433704dabb2e9bca6ebf9a591,2054
2026-02-12T15:27:29Z,wkddudfh,account.b65ee6181709417ba23b3e9bf4a184b2,3001
2026-02-12T15:27:29Z,mintorifanGRD,account.0142142a4fd2489a866ba851c0297cd8,2939
2026-02-12T15:15:27Z,tokatory,account.a145f26db7bb4378947140167565f094,2616
2026-02-12T15:15:27Z,handsomesaka,account.1b35ff619a6745679e4cdb006a4cbf41,2674
2026-02-12T15:15:27Z,2CN_PeanutLatte,account.77181a9da21d4e07a3c7b8a2672d5a73,2785
2026-02-12T15:15:27Z,Tltmxk,account.8fff17c55b064fe689119f39eab7c62a,2556
2026-02-12T15:15:27Z,2CN_HOYD,account.a9d8c69b44354e07be28f5bccb49c5fb,1914
2026-02-12T15:15:27Z,T2CN_JaechanE,account.e5af3b58944c482f903e3a736bca1fd1,2941
2026-02-12T08:18:10Z,AWC_Rice81,account.a21a4b4b4f3a4f15a732ba3b8fa3b7c3,1800
2026-02-12T08:18:10Z,pink_jin_gu,account.6c631f28664b43cc8209361323d9497d,1892
2026-02-12T08:18:10Z,DaeHyune2,account.0a53c3b712264a7bbc43046278b7416c,2382
2026-02-12T08:18:10Z,rhdzkqpsska,account.1f93fd63d8dc4d3ea5859e18f3a669e4,2007
2026-02-12T08:18:10Z,B-Crong,account.27eb1c9d37234b3ea477febe686270b8,2488
2026-02-12T08:18:10Z,ApDo_S2,account.0f53862f53414c758839352a3bc8aa48,1918
2026-02-12T08:18:10Z,Gen_z_,account.1dda08233f554f62b5fb294db8d01ea2,2261
2026-02-12T08:18:10Z,Z1nav,account.70bb92b03fd444d689d88ce2c0c39650,1921
2026-02-12T08:18:10Z,GDPANG_-,account.0b1c1059d4734bc8893ef340417b3e25,2091
2026-02-12T08:18:10Z,DAF_Trigger,account.dd502e11c9d94ff99c2ac5c870dd60f8,2038
2026-02-12T08:18:10Z,DeeChuSaeKi_-,account.c0b6d66d2ba840e088717dc2a7696a79,2600
2026-02-12T08:18:10Z,Ez_hakC,account.e3377ac0605e4467a360fbb12ca129d1,1880
2026-02-12T08:18:10Z,GX_RedSSuN,account.042891d9b41e483bafda15925437ed05,2260
2026-02-12T08:18:10Z,0806X_,account.e92dc687ea6e4003b39b682e571c590d,2941
2026-02-12T08:18:10Z,Hongle-,account.1c083b1def6943c2a34d12a8948bc90e,1918
2026-02-12T08:18:10Z,BABO_KWANGWU,account.8100274483c140faafac1eece9294833,2416
2026-02-12T08:18:10Z,ApDo_YJD,account.2dbf53801a394a40a1c362fd501618ad,1948
2026-02-12T08:18:10Z,Nvm_suN,account.7d797643b417486ea15c26bdd19f50cb,2595
2026-02-12T08:18:10Z,GC_Abull,account.cef7a316fc4e4c51a57800771adf3e4f,2252
2026-02-12T08:18:10Z,ApDo_sXx,account.15eb268f149249ebb457d50d366d42e3,2200
2026-02-12T08:18:10Z,GC_Roxy,account.d650ff8adb2a401c82d9115db41935f2,2043
2026-02-12T08:18:10Z,PThighscool,account.4201488faf5343adbfccc33538a5e45e,1959
2026-02-12T08:18:10Z,AgentChang_,account.4e4f34015f654ef5be8adc71242d8e71,1867
2026-02-12T08:18:10Z,f90417,account.4ff83e01b4de479ba5e460fc49384df7,2091
2026-02-12T08:18:10Z,jaesangkim,account.8e02d09a2bc74f73b1ae2e1c292fe5f7,2045
2026-02-12T08:18:10Z,1998_ISTP,account.13fd88a5de534032993efbdb07808c2c,1996
2026-02-12T08:18:10Z,25fullmoon,account.68eab7df6fbf4971b20b335f463a17da,3103
2026-02-12T08:18:10Z,sk_0904,account.4c13d2a7ad864affa60f27e2fc681038,2340
2026-02-12T08:18:10Z,sports_gambling,account.e4cefb6ce7854da7b54b02333b3e86b3,2134
2026-02-12T08:18:10Z,ApDo_oHS,account.b4f25dd5103e461db6049e489ea411da,2222
2026-02-12T08:18:10Z,GC_YOON_97,account.be84824bb45143d3aa3c328cb0709e61,2291
2026-02-12T08:18:10Z,Ez_SDR,account.47021f6efe0945eca8051e99e2d62092,2154
2026-02-12T07:46:23Z,CUTIESOLDIER,account.a2909338d51546c88e1255734a11eeaf,564
2026-02-12T07:46:23Z,BREAD_Bread-,account.04fc541d5486493ea48452e9975f78d2,1992
2026-02-12T07:46:23Z,DJI_T25,account.f561cfd357fe441dafc5bedc02a61636,2354
2026-02-12T07:46:23Z,realbyungshin,account.65cbfa6e45b34cd3b5dc85636548553b,2403
2026-02-12T07:46:23Z,WINS_NoMercy,account.c1ba22fcdb2744fcbe20f8db5cd44c6c,2200
2026-02-12T07:46:23Z,DUJJONKU-Tang,account.889fb2da73b84540a5b84666d31a0d0b,2186
2026-02-12T07:46:23Z,OFF----jinsol,account.30c72548c7ba45e9a3738ab4dda0e78a,2619
2026-02-12T07:46:23Z,Ez_Xuinness,account.b566e4784b1d44448390d191de2da30a,2458
2026-02-12T07:46:23Z,xunsseo,account.a9fa8837f07e4b498c47d227f991ca4d,1888
2026-02-12T07:46:23Z,2Pal2pAl2paLHNB,account.374c6428860d448498c5d32c2431fddd,2092
2026-02-12T07:46:23Z,Safe_Airhp1,account.54168a31557f4b73afd0bfa0aa536ff0,2434
2026-02-12T07:46:23Z,Chovy-__-,account.065bff31ec704ad68d4bf54fdf781f8c,2208
2026-02-12T07:46:23Z,Ez_Ash,account.5ce3fb25f2a34fa19b759fdbad57ad45,2890
2026-02-12T07:46:23Z,heart_pt_6,account.b8528e75a8504d30a88cd04154df1711,1942
2026-02-12T07:46:23Z,MIMIMIMIMI_MINI,account.53fe4660da404213a6487fa72f7541c9,1755
2026-02-12T07:46:23Z,seomoksoo,account.7ed96f60d18945bdbc3efe2707efe017,2225
2026-02-12T07:46:23Z,krbeom123,account.7627b1f840bf4fcd8ac3427719676c16,2109
2026-02-12T07:46:23Z,Ct125cc_V12,account.3c2c60e061e4454fbf376485bbcf6f63,2059
2026-02-12T07:46:23Z,smh_0717,account.7f0a77a8a70a4912aea96a2fde139f88,1894
2026-02-12T07:46:23Z,ColdWinterSnow,account.5b3468adbf7c4db7a3ffd7bd79cb6873,660
2026-02-12T07:46:23Z,WINS_BestOfChan,account.0f13b740289a455ab4f1c000f2429c1f,1724
2026-02-12T07:46:23Z,Kodoll-Tang,account.6d0b554659ea4d16a6b470bb2cc99d24,2194
2026-02-12T07:46:23Z,VP-VAPE,account.273c23d1501749f9ab6bb99d7a083fbf,2709
2026-02-12T07:46:23Z,aolSTAR,account.7cd7af82df8f41af974a3f0920d63e63,2320
2026-02-12T07:46:23Z,DIC_LiG,account.43d74a0454534fa5a97a926f9439d51b,2710
2026-02-12T07:46:23Z,psm96,account.ee0197c363e54161811b5c001d6b3df4,2213
2026-02-12T07:46:23Z,Rylynn___-,account.6666eada093c4ffda3b6b67020ceb64b,2351
2026-02-12T07:46:23Z,Robot594,account.92d0d3c22bc445d5abb2bc56fd023a4e,2470
2026-02-12T07:46:23Z,1ms-nene-snowing,account.3b35945d6d46440e85f3aa5cf308d75a,1983
2026-02-12T07:46:23Z,ye-ju0720,account.b1e13a7da27f456aa205d32cc0f0cb08,2405
2026-02-12T07:46:23Z,TemuCC108,account.1850650f4bf440b2a4a9f2173d8a2024,2829
2026-02-12T07:46:23Z,Leejiaoming,account.bdabd3de40084f28b529aee1c666ea3d,1652
2026-02-12T07:09:44Z,CheersOwO,account.0bb7b27589834f33b5fcc22101e2134f,2200
2026-02-12T07:09:44Z,ssangcha,account.0ca5400bd776453fa050ecb306c55d03,0
2026-02-12T07:09:44Z,YoelFOwO,account.4b53c8e68c4f470c86f2159d0f9a91b5,2111
2026-02-12T07:09:44Z,xogns1004a,account.329e125abef5414b8e7e6934aab6669b,1890
2026-02-12T07:09:44Z,Sorry_Im_Girl,account.9002294d0e7e483590e3e1437a46a260,2383
2026-02-12T07:09:44Z,VITAL1_cam,account.d13f3c388e494481bf8c4baaacd7a580,2155
2026-02-12T07:09:44Z,170806,account.b0aed7cf4d3349a5a5e663bb68a34174,2222
2026-02-12T07:09:44Z,JANGBONGSOON,account.ad1467a9d7c648659f34d21ec53f12d0,2087
2026-02-12T07:09:44Z,PK_GambleR,account.01da15654e7c4ec697a800f7825d2c30,1803
2026-02-12T07:09:44Z,Nofilm,account.37ab51300cbc42e1886b2bf5d2825769,2367
2026-02-12T07:09:44Z,PSY-KOR,account.b03493dd0b614d338923fbb557450d5e,1990
2026-02-12T07:09:44Z,TTOlll,account.e0ceafa66c9d42258b56de8195889b80,2084
2026-02-12T07:09:44Z,blackjjindda4,account.f5ec4b3a555a47888f462a4490af7bd7,2177
2026-02-12T07:09:44Z,blackjjindda1,account.8438a629ab224d6797b885446d8068fc,2659
2026-02-12T07:09:44Z,AnotherGwiHyeon,account.3fa0455a769046d0a33df2d662c3d51b,2105
2026-02-12T07:09:44Z,Hye0nse0-_-,account.dd924b496fb94004bcf38a75e84a817d,1942
2026-02-12T07:09:44Z,NUCormos2,account.3934150183854e86952e8bbd776283ed,2527
2026-02-12T07:09:44Z,Mk12_sin,account.a5911149e722433b8b9d8886726c47b7,2016
2026-02-12T07:09:44Z,CBJ_dynamite_10,account.a2b34fb7060d45329b8810c482d0ef17,1919
2026-02-12T07:09:44Z,jiiiiiiini,account.e1c448b0063e408c87bbc7a16b0ebfb0,2334
2026-02-12T07:09:44Z,IIIlIIIl2,account.d9ceccba28594ff9824d7331ee61fac2,1967
2026-02-12T07:09:44Z,vvvvvv000v,account.93b71c696b5f48d2841e172e528f9ead,1983
2026-02-12T07:09:44Z,Cheonan_NO1,account.10dc8dd7d1014de194bfdb2a8ddea9a7,2014
2026-02-12T07:09:44Z,shin_bumsu,account.f6ae61bbbf12499ca004adb686e962fe,3277
2026-02-12T06:42:32Z,dongha0311,account.b6cf0fc45c374c4880e4d76f9910abd1,1338
2026-02-12T06:42:32Z,koreaADHD_,account.349e89b66b964312be9201a5981794bb,2143
2026-02-12T06:42:32Z,900626-,account.facde700ac2f499ab395e70b8ac19300,2149
2026-02-12T06:42:32Z,ac8Bca,account.af03730e64a347cfa3153d3ce8fc8128,3074
2026-02-12T06:42:32Z,MeeDDeen,account.6ef8da60e664430ea5251d56cccbaf81,2055
2026-02-12T06:42:32Z,rmflsgud,account.0763e5f6ad634c76aa518505b28567f6,2233
2026-02-12T06:42:32Z,angkkoOxO,account.fd242639e2884dc8899148928d6eff8e,2241
2026-02-12T06:42:32Z,jeam_p--_--,account.693c4b3ffc6d4013b17e86d3972a8329,1905
2026-02-12T06:42:32Z,ulsan__1,account.df0e05ed9e574e4c9b9f3e2215bd84af,1919
2026-02-12T06:42:32Z,peak_zamin,account.b968e86ee41a405e95a2a290b30c9fec,2085
2026-02-12T06:42:32Z,ggulsubak,account.171fd7b2334c47f6b5f8e3f9b6e42cc1,2130
2026-02-12T06:42:32Z,Is_This_Me,account.5f0a259f83c34ae48873c7e53d850925,2110
2026-02-12T06:42:32Z,miac__,account.dae35c004f6040e6a71b3cc3d4333cb2,2067
2026-02-12T06:42:32Z,Jonghyukchoi,account.84be2fd6c64c42d2ac58ce19c91539dd,2170
2026-02-12T06:42:32Z,jjun0__e,account.e9f35180c54240e7bb2dcda689e2d7ec,2081
2026-02-12T06:42:32Z,Risoo_,account.b1d4d65deefd4afaba0ab5bafb989101,1715
2026-02-12T06:42:32Z,DDIYONG-,account.3a0b5f4eb269427d8e903bb2b0775fba,1962
2026-02-12T06:42:32Z,DTT_Songpa,account.48c245f31e8e4c54b016c7a3e461d761,2585
2026-02-12T06:42:32Z,Fx_DeadArtist-,account.63c148842e344f1aa0f4830495938123,0
2026-02-12T06:12:58Z,ChiYanLongShen,account.84946a4e067c49a5ae388b062f267ddb,2406
2026-02-12T06:12:58Z,terukaz,account.9bea9f20f036452baae84657d4363c3d,1983
2026-02-12T06:12:58Z,OntShot_SioN,account.61f43ce2d0a34b8081b0b1b82dbcd8f0,1941
2026-02-12T06:12:58Z,Seoul_Cavin,account.2562c083d28f450dae76550614afefd6,1984
2026-02-12T06:12:58Z,LWYC_RIN,account.afcc71428fe148b086bec9882e73cf4e,1536
2026-02-12T06:12:58Z,CS_E-Clas,account.2fcf214b70b9446aac95e6d25227958e,2544
2026-02-12T06:12:58Z,RZ_JUYOUNG,account.236033ca79174553a30cf6a722688c33,2494
2026-02-12T06:12:58Z,RZ_M16,account.2e91e0fdbc2f44e7b864d542ef044eab,2222
2026-02-12T06:12:58Z,J_DOOBIE,account.b968d36249674754b6c4492110f4f91e,2056
2026-02-12T06:12:58Z,RZ_Seoul,account.1c422c92426242cd9748d66f1a88d45b,2381
2026-02-12T06:12:58Z,15-76042586,account.f3b8efaaba3b42c0a99cac0cd53844bd,2020
2026-02-12T06:12:58Z,IMISTP,account.bd33b2195d1947f8abb172de86f4d5bc,2193
2026-02-12T06:12:58Z,NOUS_ONE,account.0250897980e84b939956ca0bd2abb9be,2133
2026-02-12T06:12:58Z,Masitda-_-fxxk,account.5558a31bc3354ef5bbbf7bc9fc353e9d,1888
2026-02-12T06:12:58Z,choptty7000,account.5cb9afd61e484e3587bd27ef4279a848,1456
2026-02-12T06:12:58Z,SsMin_99,account.72f8afb694e34fca81ae11ed4a196131,1964
2026-02-12T06:12:58Z,an_assig,account.b20b7df1af874b4cbbb4f771118608d3,2005
2026-02-12T06:12:58Z,RZ_JiMin,account.848c5ee17de64213826157537ff0ba77,2784
2026-02-12T06:12:58Z,4Out_DragonKmM,account.a3637892fa084dc18c85ab97b32844fe,2680
2026-02-12T06:12:58Z,k98m24112,account.5ffbe973edce4d609a9ce6c26e93166b,1998
2026-02-12T06:12:58Z,Amor_sk1p,account.9fead1c834e5411fb55b682aaa8277a3,2634
2026-02-12T06:12:58Z,DIA_-SIZ,account.64d61440481244e6b2e338fea0f486ba,2540
2026-02-12T06:12:58Z,LWYC_Ottacker,account.ef8eae0aa17b4e49b183a9e79a4be7de,2232
2026-02-12T06:12:58Z,qorentksdhfkdl,account.45a44e3db1cf492e9813187e089972ec,2317
2026-02-12T06:12:58Z,code_946,account.6d389be4e644499f9ed6e0b8be1e12ce,2262
2026-02-12T06:12:58Z,LWYC_REO,account.4104a22c06cc49159c2454d384bad2d3,2024
2026-02-12T06:12:58Z,Wook-bro,account.aa4ea875fddf4b9398c9c1c0d5246e81,2109
2026-02-12T06:12:58Z,KJY11,account.8e28122111d849168d1d4deafc9b88c4,2008
2026-02-12T06:12:58Z,UPBT_DOGE,account.d45a9c0ae92c4202af85d3570fd523e8,1905
2026-02-12T05:46:34Z,Ez_vvvv,account.d4f6226a43e2402a8dde28a1f065a9b5,2642
2026-02-12T05:46:34Z,UM_O_A_YEAH,account.27d0cb5421624968a25ec4e033201b72,1801
2026-02-12T05:46:34Z,LTB_Scourge,account.89e2096f13754020a4fffeb67b39ef0b,2076
2026-02-12T05:46:34Z,GipGaZa,account.18ad79e139164e22be91354c10be02e3,1833
2026-02-12T05:46:34Z,DIC_Aseung,account.cd15fac3b0de46219437fcaca7348784,2653
2026-02-12T05:46:34Z,BAB_2,account.b6f14b41a48b482fab9d82c6a888f0e1,2332
2026-02-12T05:46:34Z,qweqwewqeqw11,account.f2c732cd478a472b84190eabeb1fcc2f,2136
2026-02-12T05:46:34Z,mmnm1234,account.a5c24264595a4078b6adbd123c31dce2,2185
2026-02-12T05:46:34Z,CK-Zenitsu,account.9e9f7fe9706442dbab67d2ae0808a928,2270
2026-02-12T05:46:34Z,ICE_MadCow,account.6c983bfde67f49a1ae6bdd62f2cbe104,1945
2026-02-12T05:46:34Z,Yeongbbak_99,account.afbb586a489b422aadbd849fe04907dc,2317
2026-02-12T05:46:34Z,ICE_BENTAYGA,account.b1d99a37164d4a2dab547b30d59095d0,2284
2026-02-12T05:46:34Z,96103019,account.e7df72dcaa0c4d0083ba49d0154a51ed,1409
2026-02-12T05:46:34Z,BLC_Norad,account.0dbd1aeb58e4470dac11311bc2a899d4,2055
2026-02-12T05:46:34Z,RAON_Sai,account.c7fac5e351a4449a8f844b06e725e0f4,2005
2026-02-12T05:46:34Z,99_DOPAMIN,account.e355d143c7cb43109c82c10560c21d54,1932
2026-02-12T05:46:34Z,jaejaeEya,account.9aab2e129df042cb893fd8a9c127794e,2274
2026-02-12T05:46:34Z,BOSIN-Tang,account.5ea2d75bfd5c43ff926dea573dd1c648,1886
2026-02-12T05:46:34Z,rr230216,account.cbf7cfc9416840ce9b794a9faab8a442,2169
2026-02-12T05:46:34Z,Real_Barin,account.991ac6bef5f2410981c37a3412257054,2140
2026-02-12T23:31:40Z,ramzzangS2pro,account.a8c73b4809214af8a25ff0db3710f545,0
2026-02-12T23:31:40Z,MTC_Mental,account.5e06b20fa4ae413db3a07bc2a9cfffd6,2016
2026-02-12T23:31:40Z,Moongchiyu,account.f5c24d9d6b434f2fb4f7a57dd28fc333,1866
2026-02-12T23:31:40Z,g_gyuil,account.c13eeead1dab4812bf74efb8658f6903,2077
2026-02-12T23:31:40Z,namsanpro,account.2c5ba27fb6f94fa189a6cbf148121761,3142
2026-02-12T23:26:31Z,PARK_IB,account.bb5b1a30faae4994862db3aac9bddc05,1941
2026-02-12T23:26:31Z,Os_Os-sO,account.d6085a5cbdba4756b58f493c046c4068,3077
2026-02-12T23:26:31Z,MEV_J1N,account.79d2034f87e24a36ba0137a5dcf310dc,2173
2026-02-12T22:16:43Z,92015139,account.7401d31f2ac848d399a985f10596c056,2527
2026-02-12T19:15:16Z,Nvm_18NoM,account.050b48d4c33346e0ae6d607bfd76bdfb,1861
2026-02-12T19:15:16Z,No_Pain_No_Pizza,account.4c7348151b5d43698c8757cc300e5371,2200
2026-02-11T21:26:26Z,hyo_DDuDDu,account.64b97394740a47b4819a4db91101ed9e,1604
2026-02-11T21:26:26Z,people10,account.d504f3bbe3224cedb68a22beac348514,1981
2026-02-11T21:26:26Z,SIKDOSA,account.5bc24c791ea2464095dbb19edb9bd573,1835
2026-02-11T21:26:26Z,SOJU_DO-JAN,account.6f9cbf62dae449faa0bbb6955796941e,1818
2026-02-11T21:04:52Z,kimnuro--,account.782d13dbe9034d308571c8bdb5f6f74b,1572
2026-02-11T21:04:52Z,jungho_jieon,account.a741951ab5cb4442aa06424e3910593e,2396
2026-02-11T21:04:52Z,Karina_my_wife__,account.0092307195ca49f7a8824aa5c4a9c3b7,2001
2026-02-11T21:04:52Z,Yang_-Yang_-,account.7bc9b47380dd43bebbafca04d4685e85,0
2026-02-11T21:04:52Z,pp_doyoun,account.30c4b4656ba54470b51d81448c229e1c,2026
2026-02-11T20:42:15Z,KR_SEJONG,account.51a182111d6b420b9585f9ba8333bea8,1931
2026-02-11T20:42:15Z,BBI_flip,account.265786bf51144d7b80b927cd7c0df112,2629
2026-02-11T20:42:15Z,nihenxinggan,account.ed3ce759699944e0bc46c65e74f112a7,2110
2026-02-11T20:42:15Z,appa__tomato,account.164a5c2d87f74131a60cba03fbbc4263,2201
2026-02-11T20:42:15Z,HOLLY0shit,account.b9fc0630258e4d219caf30c40fbbdfab,1910
2026-02-11T20:42:15Z,Jung_Gaeng,account.af49db7d9d0741df8532c09d9c863a4b,2818
2026-02-11T20:42:15Z,Holic_GGINGGANG,account.ad382dd79b4d40fbb0eb2ccc09bb0e14,2221
2026-02-11T19:50:59Z,navysangjin,account.253d1cccbf834a6384fa405ef732833b,0
2026-02-11T19:20:33Z,Hxxxum,account.d0749ba80cab438fbc2eb56c03b25a58,2412
2026-02-11T19:20:33Z,uNL_Yam,account.28d3fc7dc9c84ac9a82af1f33cc91f0a,1896
2026-02-11T19:20:33Z,Juno__Ex,account.8b768e53aecd4b8da3b2e7c95836b35a,2033
2026-02-11T19:20:33Z,fkstkdgus_,account.5f058247d5e445e7b3a611e82100cd5f,2117
2026-02-11T19:20:33Z,May_25th_99,account.2f5ae5d8bbb34b51b509486b8d58f2ee,1621
2026-02-11T18:12:08Z,SMOKING_coco,account.e11f24f661b04eb3861c3a4ea20cfab4,2073
2026-02-11T18:12:08Z,you1mom,account.092d41e0d4df406d8ba3a51c8d1b9027,2626
2026-02-11T18:12:08Z,IilIllIiilllIiiI,account.3fe04bb9b5de4e29aa97ea5e1d0b5459,1986
2026-02-11T18:12:08Z,liIIIIIllliiil,account.1a7fe7def36f416db8a7c34f092fbefc,2200
2026-02-11T18:12:08Z,BellSilverr,account.725a8e875e0a461b862036a1aeeb2f38,2211
2026-02-11T18:12:08Z,holly_cp9,account.fe00aab324d7432eacdbe7e147eac37e,1842
2026-02-11T18:12:08Z,ISTJ_SH,account.9954acf6414c49db849a0c0742fb2eaa,1888
2026-02-11T18:12:08Z,SHOTBOX_JOJINSE,account.c84e3f2bd7d34686b088402a8ad22dc6,2198
2026-02-11T18:12:08Z,DHchorock,account.fdcef23c8c564842a73f1a1a3f847ae2,1715
2026-02-11T18:12:08Z,MVPCUBE,account.53b8d8ef8348488eaef7898a09d1bb8b,2015
2026-02-11T18:12:08Z,UGLY_MINAM,account.81cc4b0ae9664bd5a90ca3af322e68c6,2209
2026-02-11T18:12:08Z,Land_Ruler,account.35732f94f42749e79e333953b4648d74,2115
2026-02-11T18:12:08Z,Daezuss,account.6cf8f2255cba463abf1cab3812291d95,0
2026-02-11T18:12:08Z,dudududududuKR,account.ff754b8452a945d2877642152fadbf63,1988
2026-02-11T18:12:08Z,69-Ace,account.dc65036184f84212a36d6dc76d90e7a7,2400
2026-02-11T17:54:37Z,Pit_a_Pat_King,account.1b1e108873774041ab4935a37dd9f654,1987
2026-02-11T17:54:37Z,In_vader,account.e9a6f2c7a7b24fbcb8d6d07437acc56b,1958
2026-02-11T17:54:37Z,FLX_R,account.54b6d985f3ab4d57a96e522ced9011f3,1575
2026-02-11T17:54:37Z,Pit_a_Pat_Queen,account.93f87b2a8a1d430cbc2c49460d9a3724,1303
2026-02-11T17:54:37Z,NIMI_SEEP8,account.622a9edbf14f42a0b69292eda93b8832,2122
2026-02-11T17:54:37Z,X4_BBo,account.ee2b914d6bca42f98e175d4f206a82c2,1426
2026-02-11T17:54:37Z,BB_jjangg_u,account.d0e949c1a6d14a25acd1e5f53efdaf83,1864
2026-02-11T17:54:37Z,dragonxas,account.0dc4487ca862455e892e41a7df750128,1786
2026-02-11T17:54:37Z,iMDuck9x_x,account.73334389feae43c1bee17d64992cfffd,1996
2026-02-11T17:54:37Z,GGoGG_JiRu,account.afc16c0fb9a04dcea6b1893e4d3514eb,2200
2026-02-11T17:54:37Z,ppugggu,account.7a4e0cfcd78e430a813407cb74470c4d,1696
2026-02-11T17:54:37Z,JonbeoMaster_Pro,account.065da725a9ff4b0b89eaf866a9e55d66,2144
2026-02-11T17:54:37Z,HAKUNAMATATATA-,account.8c18b7ae0b9c4f8a9faf08bfc0b7f302,1755
2026-02-11T17:54:37Z,SON_0_IN,account.5ed9afaf902c4c1c8f47dc9c9bcfc9e4,1800
2026-02-11T17:54:37Z,BADNAME_260210_3,account.9ee7fa34acd646d28dcd9fbd3652fed7,2010
2026-02-11T17:54:37Z,SMX_7TAN,account.103f4f1a8b904af5be8366773e848f52,1730
2026-02-11T17:54:37Z,Sinu_-,account.97ff8e429ef0446698461d19baa7a01d,1314
2026-02-11T17:54:37Z,LayKuh,account.ad4449a439284baf9f0dffe9e63e3fe4,1657
2026-02-11T17:54:37Z,LJS_JS,account.8aee06f4c6034e1c9d111803fdfe492c,1695
2026-02-11T17:54:37Z,Kkuk_kuk2,account.e793215a6e984c99a1031d946182fa98,1870
2026-02-11T17:54:37Z,YABBI_-,account.ffa3ef38054e4ab982f01bce03206530,2027
2026-02-11T17:54:37Z,J_BrO_S,account.ae3f96947ffd44418d3f97712411800c,2238
2026-02-11T17:54:37Z,pch930602,account.03920181be1c46a9a85219ecf26644d7,1714
2026-02-11T17:54:37Z,NIMI_l8ZzizZ1,account.b4bf85b1fa514680b0bdd441f591b57e,1672
2026-02-11T17:54:37Z,IM_PottrNam,account.f0654c3eb542451aa10d08e0f2c7e8d8,1717
2026-02-11T17:54:37Z,GAPA__,account.913eeff6794242d5a5482287795a3c01,1629
2026-02-11T17:54:37Z,RYLAKI112,account.598283ada9da48d6b3dfecb3a3835c69,2030
2026-02-11T17:54:37Z,ssssss_on,account.c9e0bf7d3e224b3e9add0145780235be,1733
2026-02-11T17:54:37Z,surfer_mook,account.6a4f18bbdad84df790638ee51c60a668,1863
2026-02-11T17:54:37Z,leesv2030,account.898d8deeafd84b169111a566d8d7a5e1,1635
2026-02-11T17:54:37Z,gangsul,account.22f610f444564a51ae6b90cb886e92b9,1775
2026-02-11T17:54:37Z,oooooonc,account.2350ba312b724419b233d96817bc1198,1785
2026-02-11T17:54:37Z,GMG_OhtaniShohei,account.8a9b41a939ce4eb8baf3714cc60531a8,2219
2026-02-11T17:54:37Z,HOST_BOK,account.cd49b9ab84bc4a7cb7a4a89a16c96564,1953
2026-02-11T17:54:37Z,fouyouman,account.1bba67f504c84b7ca3e59c20d3f24532,2066
2026-02-11T17:54:37Z,GMG_Topuria,account.fa20d9bc5bdc454b9b72764a053b8f66,1632
2026-02-11T17:54:37Z,Red-Bull_ENERGY,account.7462702e167d4ab1a25f21111ae5abf2,1915
2026-02-11T17:54:37Z,Pamingmaster_pro,account.8d325b0ce7604695a3b0115bbbb2754a,1725
2026-02-11T17:54:37Z,BB_ISTP,account.9491953c76894f48ae6a5219d6d6fb98,1862
2026-02-11T17:54:37Z,Gangwon_Line,account.86f49661e9914742a9c93dee50770ce7,1581
2026-02-11T17:42:01Z,JEONG_JAE1230,account.cf2c47790bad430e9e4ed0d71ca89f5d,2233
2026-02-11T17:42:01Z,getyou18,account.bd53280684dd42f1b4d9cbe977c4c139,2283
2026-02-11T17:42:01Z,INFEELD_MASTER,account.b2c82a03a36f4c9e8c03a115a912cad0,1857
2026-02-11T17:42:01Z,NLB_COCO,account.7017fdc5770649c9b81a8471918b8ca8,2255
2026-02-11T17:42:01Z,AFTV_GwanE,account.e01f682c20754d13bdea33720c155290,1987
2026-02-11T17:42:01Z,Ll7lDl1OO4,account.cb04e9621df740ac85d4204de41abe54,2155
2026-02-11T17:42:01Z,1TAP_TRG-21,account.670fa83a33c344bcac88deb5e7546233,0
2026-02-11T17:42:01Z,SMALL_ATTACK_JUN,account.5a8b45625e9c4962aa3252cf4632dd81,2116
2026-02-11T17:42:01Z,Song-star1,account.b52237b2766649d6bee89f7048e0383e,0
2026-02-11T17:42:01Z,soohee52,account.5459cd5fe31c4fe08e7a381c9942d7e8,1969
2026-02-11T17:42:01Z,NL_July,account.9fdbd843aa424b1c8aa3d361a503c541,2440
2026-02-11T17:42:01Z,huhuhuhuhhhuh,account.c0bea5316d3546349b5ab40be516868b,2106
2026-02-11T17:42:01Z,ksivp8,account.fc7567a08b9c4f9da2898836c21449d5,1884
2026-02-11T17:42:01Z,unhapp-y,account.c9194aaea5a644f592ede2e77cbaad77,0
2026-02-11T17:42:01Z,LOA_EGG,account.a1fabb3caff145feba35a7237f0a1b1e,2325
2026-02-11T17:31:46Z,BOSS_QUEEN_,account.45fc3b5fbb744045a62949d56a600351,2182
2026-02-11T17:31:46Z,Kk4nsU25,account.86682e729618422e88ba15f7d8c4dee3,2309
2026-02-11T17:31:46Z,TH0131,account.0acdc80669f842fd8fec5e2b078d4388,1772
2026-02-11T17:31:46Z,BOSS_MANDU,account.b0f3c9c6f9bc4923a8873e0234fe5bdf,2396
2026-02-11T17:31:46Z,Santokick,account.3cc28d86e4b74ff3a62788f8611a8f51,2053
2026-02-11T17:31:46Z,Erika_Dubu,account.0cf2a42bf058473e98519343a7ddcdc4,1568
2026-02-11T17:31:46Z,Power_Dilldo,account.9f26055559444a9bbcd34dce3e36bab2,1995
2026-02-11T17:31:46Z,Eclipse_Wasabi,account.704f02bdba244ca5bd617174cde2c901,2410
2026-02-11T17:31:46Z,Hong__-,account.a101fc28315b44ff802521a54524cbfc,1582
2026-02-11T17:31:46Z,eseoeun,account.38ca33db279e4136a30ea320f233e128,1939
2026-02-11T17:31:46Z,taxigisanom,account.56e20588e8cf401385f27c32a253a823,1949
2026-02-11T17:31:46Z,I_Topuria_,account.9a80abc3737e486d94922505ea26c46c,2256
2026-02-11T17:31:46Z,SQW_MINDOL,account.ed120dfed9aa4a8fb60a67f4a7f5c2b4,1894
2026-02-11T17:31:46Z,kwonjeho,account.624f8d9756d94ef5a1ab9aa88a46cbcb,2055
2026-02-11T17:31:46Z,taisong-_-,account.b514a7246fd744f8bc0e446ed2640703,1838
2026-02-11T17:00:36Z,KooiDa,account.563b3966d1604302bb981f728cb8760f,1800
2026-02-11T17:00:36Z,RST_Potato_x,account.2155159172344567b31270d8d4e84980,2012
2026-02-11T17:00:36Z,EKL_akakak,account.1a6414f4c5d84ef69462554c9fc5870f,1658
2026-02-11T17:00:36Z,EKL_Tank,account.84e666083c3a4abea8291af59510aad3,1838
2026-02-11T17:00:36Z,GenG_Hole12,account.4f69d36123a049fca31980f19fadb1b7,2142
2026-02-11T17:00:36Z,HowAreYouHere,account.ac73ac30215649af83d954aa57af3885,2160
2026-02-11T17:00:36Z,pica11,account.39fba40a826e4956b067965448f23910,1942
2026-02-11T17:00:36Z,UnREvcqwWtqh,account.97b94c938feb40988e94d03c732e8784,1757
2026-02-11T17:00:36Z,SUN3DAY1,account.d24d6f50c8274a03b1b63137ad34e872,2109
2026-02-11T17:00:36Z,Honmono124,account.8fe43631a56247f1877e282f85976b67,2129
2026-02-11T17:00:36Z,SGB_M96,account.cc9064b474af4d2abd06669dc360cc76,2129
2026-02-11T17:00:36Z,wtq4194,account.8524dba24f3f432e9edbcd702ab2ef15,2223
2026-02-11T17:00:36Z,ETG_ZZangDol,account.ecd6c680455848c084d6faac41bc3a98,1764
2026-02-11T17:00:36Z,CRPT_Kdd,account.27cc0f1174b44387a04bd7671f073e2f,2058
2026-02-11T17:00:36Z,Tatchyo_,account.97ac62dbc836483b9d244e89c7fb792b,1800
2026-02-11T17:00:36Z,6OO4O,account.2ee8271ff94149739ec37f4b53840cd4,2081
2026-02-11T17:00:36Z,VODOBOY,account.93619dc4149f489da189f5a38f0b69fe,1648
2026-02-11T17:00:36Z,junebowwwww,account.881a682fcd49434e81f3f39242179d4e,2200
2026-02-11T17:00:36Z,4Out_Zara,account.24b15d4ff613417895b6675e0c7b006c,2003
2026-02-11T17:00:36Z,M0MSST0UCH,account.fbeadf2acf2b4b508d8f757d31b7d9b4,2081
2026-02-11T17:00:36Z,Lupi-_,account.cd8281564a644002bacb0e46a923e809,2354
2026-02-11T17:00:36Z,ETG_AAA,account.cc85439d74c44851b1ec450baf43f943,1640
2026-02-11T17:00:36Z,K_MONGNAE,account.dd26746ba6314166bb6b5d724d28a8d8,2102
2026-02-11T17:00:36Z,igo_Chuchmchi,account.671994991f254ffbb9652c89185bd0ea,1861
2026-02-11T17:00:36Z,joro-1114,account.ddf947d1f9a446e29732d1dd9a9a7836,2137
2026-02-11T17:00:36Z,7272_BangBang_-,account.483cb6a661e14eb4a4c544e431e0bdb3,2093
2026-02-11T17:00:36Z,K-_Mini,account.478b5909389043f6a3898dfff565de87,1956
2026-02-11T17:00:36Z,ETG_Airback_-,account.084f6db8367d4673a089b0c3d4f0093a,2209
2026-02-11T17:00:36Z,4Out_HERMES,account.2c52fa343b424c6a97fbd9b8385c51bf,1964
2026-02-11T17:00:36Z,3040_Zir,account.01a5031e6a924dd6ba9a38a8a38d3f55,2092
2026-02-11T16:43:56Z,YAT_YAS_ROKMC,account.d2e6fc173fe544e8a9b9439f3cc8f519,2016
2026-02-11T16:43:56Z,general_term,account.885fc0e773ba4f67922d5a9464d35492,1421
2026-02-11T16:43:56Z,Yejjok2,account.ac3befd6289c434b92286ac054c5012a,2324
2026-02-11T16:43:56Z,DJ_DucKing,account.2bae75ca8287492da0d9b2a5328aba60,2237
2026-02-11T16:43:56Z,KIFF_coke,account.52dbdb109a864399b3a6eed37835d8f7,2253
2026-02-11T16:43:56Z,Alpha_SiegeMode,account.70c62c5239ad4d07b47b528a58fb7542,2073
2026-02-11T16:43:56Z,kimmaeOH,account.a6b4f5da730f4b1ca2e7d27651695223,1584
2026-02-11T16:43:56Z,Youtube__MangoTV,account.f66d83f75885423ab4ce2654ab9a66e2,1923
2026-02-11T16:43:56Z,0ne_Chu,account.58c078174c7f4575a854eae0bc747ca0,2004
2026-02-11T16:43:56Z,Alpha_bitcoin,account.1fea10a2c5814ac580ba4d2466ec2b2f,2319
2026-02-11T16:43:56Z,GENOMUSIGI,account.3c58bbbc5eaf49d69ccbdb6327fe4658,1871
2026-02-11T16:28:36Z,Aeng_Min,account.57ed985cc0a94993a36cb3711a971ef6,1828
2026-02-11T16:28:36Z,Jaejung_god,account.ed9a837477dc451e86c668b29fdde157,2303
2026-02-11T16:28:36Z,Ouros_01,account.b499bf92c04c423a8faa1e6a4587009a,1882
2026-02-11T16:28:36Z,48669790,account.1dcf7fa47f2c4501b69de3886bc68f93,2385
2026-02-11T16:28:36Z,4ever_zara,account.9d1d35c492fd43e7b95c53d18e0ff70c,2304
2026-02-11T16:28:36Z,3rdz_,account.d1ccd5600c354a42acc59520dbd9465c,2282
2026-02-11T16:28:36Z,WBO_WG97,account.097568eb4b2647b6ae6a11173599658c,1764
2026-02-11T16:28:36Z,DO_DOO_DOO,account.3076788433614846ae3564d13fe136cb,1900
2026-02-11T16:28:36Z,TSG_Lay-_-,account.37269dcb1f404f4badef9309e034273a,2179
2026-02-11T16:28:36Z,SIMSIMHANIKKA,account.5f153cfccc374b6287bd0e3c9b9bf0f6,2308
2026-02-11T16:28:36Z,Lee_Soon0,account.919929a9cf704f22a9e2fb017025a891,1839
2026-02-11T16:28:36Z,fffmer,account.a0f2e953e2fd4749a0318cabb01e6802,2009
2026-02-11T16:28:36Z,bellphic,account.ea440b3807ec47fdb57fd24a946f24bb,2069
2026-02-11T16:28:36Z,Th8ory,account.cbcdab33e05e4f5795018e12b4a9ce3d,1772
2026-02-11T16:28:36Z,InFighter1,account.cf8b96ba60a247e9a1e1ef8358580fbc,1881
2026-02-11T16:28:36Z,Ethis,account.ee5389a46ac24e9fa79a1e747292c455,2011
2026-02-11T16:28:36Z,vudelf150,account.2d88ce14f476468d9479ef8309c5ed15,1941
2026-02-11T16:28:36Z,WBO_JeongHeeee,account.343f126d88054844a854a0156dcae972,2003
2026-02-11T16:28:36Z,Bohwan99,account.9c7c3371289b42f7ad70b2dd209610f8,2141
2026-02-11T16:28:36Z,ConYap,account.d28a25a119d949e192532f5074dd83e5,2354
2026-02-11T16:28:36Z,human0101,account.8d369ecc40134f75b564eb04b40e69e6,1976
2026-02-11T16:28:36Z,Y_ongWoon,account.da9c5717549a40efb6c897c5531784f3,2368
2026-02-11T16:28:36Z,Acumis-Aras,account.9e9424feb57140e09c69d93ad6faab86,2304
2026-02-11T16:28:36Z,DuQuad,account.c5c15f20c753475da9935b471dbbc622,1726
2026-02-11T16:28:36Z,Gz_Vent-_-,account.e7a03435f087479a98c08e691f71cddd,2028
2026-02-11T16:28:36Z,SKL_JuYoung,account.5d33c2e76864490d97d3b6b39b96bda0,2086
2026-02-11T16:28:36Z,Valencia_--,account.24e74d21164d44368eec233e4903a772,2268
2026-02-11T16:28:36Z,Tlqkfwhwrksp,account.d64514a60faa4bb48ec107a44f4dd2c7,1370
2026-02-11T16:28:36Z,son_chen_,account.f792f06e05684277a486a85b5b154308,1429
2026-02-11T16:28:36Z,NOMO_99,account.0b0284bf0cd04f69b45bf173eca38ea5,2119
2026-02-11T16:17:44Z,DcM_Shepherd,account.bec31d330de44124a10590ae0b5b4f7b,2200
2026-02-11T16:17:44Z,siyeoul,account.e0c2ee4fd1f8421a9e89774d7cd2912c,1877
2026-02-11T16:17:44Z,Train_Mugunghwa,account.8aef2123d0a544f0a2126b2e2705b905,2742
2026-02-11T16:17:44Z,C_YEONWOOK,account.09ca23119671456db7d4b02e63aeca60,0
2026-02-11T16:17:44Z,Ms_DAZIKI,account.c81592da1483400cb552908b95e44fce,1800
2026-02-11T16:17:44Z,Rf_Mutal,account.e22b76fcf08642da8d4c0ff65ffc2ba7,2260
2026-02-11T16:17:44Z,YonBora,account.d85f65bd83a841fda30061f1ba295c46,1932
2026-02-11T16:17:44Z,menbangood,account.9f7e0e72b4874d64a7e017fc3f0aaf66,1681
2026-02-11T16:17:44Z,SSIP_CHILL,account.72423f34cb0e4b738ccdb2ce5a116549,2354
2026-02-11T16:17:44Z,TRG_Winner,account.301ab253008348a88e1636a582d510e0,2337
2026-02-11T16:17:44Z,MrZzong,account.536270fae17e4b50a1a363d3a3df1bd9,2060
2026-02-11T16:17:44Z,kkul-jo,account.6a955fa1dd024968a72ad2281449c69e,1931
2026-02-11T16:17:44Z,TFM_WAMA,account.4a783b3989b947eebdef6ee212e0df47,1498
2026-02-11T16:17:44Z,Neomuapayo,account.41dd4e9b0fda4953b33b10fbb49b30ed,1835
2026-02-11T16:17:44Z,chache77,account.b12fa8b3c41f4c3f8f98c255374045ee,1845
2026-02-11T16:17:44Z,DcM_BokSil2,account.cc671d49484442fc94c05ad14225e2b3,1901
2026-02-11T16:17:44Z,CvalSexy,account.5a9305106f8d4d008dff1dd8a5a0263b,2475
2026-02-11T16:17:44Z,Ttokkiya,account.cdd4466ed7534dae9822721e031cd1f4,1685
2026-02-11T16:17:44Z,SSIP_RYEON,account.f839b7d410c74b799281ebc31d52d410,1952
2026-02-11T16:17:44Z,Ayommxi,account.ea1b3eca7fac49b5ac9810e689861294,2200
2026-02-11T16:17:44Z,Rf_KSUN,account.50fcb317cb36482f945ce0b9351f488a,2054
2026-02-11T16:17:44Z,jonnagimozzi,account.c216dcebbf5d4eaf80ae234dd058265a,2307
2026-02-11T16:17:44Z,SSIP_DEOK,account.acda8fa53cec46b88e8b73e348445be2,1843
2026-02-11T16:17:44Z,fhlqfhrktpdyg,account.87f234a6136b4690aecc2b1d20e9467f,2349
2026-02-11T16:05:59Z,heart_--_,account.78e86872a7b04f4085b161fb754d383d,2254
2026-02-11T16:05:59Z,INNHYUP,account.a27c4686de074ba89b1ec73224de4723,2008
2026-02-11T16:05:59Z,ROBBIRONAGANDA,account.c214a6bd746b4cffb403e6111e00adb2,1945
2026-02-11T16:05:59Z,Nike_TeTo,account.1338a42c63c241f2804437fdf25e7441,2056
2026-02-11T16:05:59Z,wksqkflzjt,account.40b5d7023d3c48fb9127f1fc6896bd7f,1944
2026-02-11T16:05:59Z,sorkwoals3,account.de9e8770e7764f27bb75959e58fd4a09,1782
2026-02-11T16:05:59Z,MlYAYA-,account.42a74ccaeab84224a8934a2a305e9603,2163
2026-02-11T16:05:59Z,0505_SADAZOO,account.527f9cd776454f68960fb95e84123871,2046
2026-02-11T16:05:59Z,AFIN_Pigeon,account.9de0e27173ec43c6b714529adae13c00,1760
2026-02-11T16:05:59Z,Karbeh,account.1b1ff9c209bc465a99f16a3b84069596,1860
2026-02-11T16:05:59Z,AFIN_Brother,account.50c5c13e75af4e5db1835cce58de6c48,1989
2026-02-11T16:05:59Z,JM_MN,account.c46510b99cd840b986711a6497ac5541,2429
2026-02-11T16:05:59Z,XiaodAloneso,account.1a57f18068f54a559f80983e5f5048b2,2200
2026-02-11T16:05:59Z,SR-hebao,account.4dbce777ce0b4323bc03df777cb4d06c,2096
2026-02-11T16:05:59Z,kingseongyeop,account.fdb27022ddcb4511bc38651750233c33,2002
2026-02-11T16:05:59Z,JANGYEON1,account.994ebf439b54460f94952d311525955b,2308
2026-02-11T16:05:59Z,woodangg,account.f08a7bf3f726487989a22d34a4475921,2211
2026-02-11T16:05:59Z,SCP-20041211,account.27df7c67951047a39d92edcc1850adfa,1902
2026-02-11T16:05:59Z,REVE1UV,account.56ac16fdfc9f47ceb14e5a1affd19bbe,1649
2026-02-11T16:05:59Z,happyminjun,account.2d19b2908ea3467ea3aa27d4b3641aa1,1927
2026-02-11T16:05:59Z,Lm_Zeus,account.a217cf603b994ae486970e30216d47a1,1100
2026-02-11T16:05:59Z,Zoe_SoulBox,account.fe278f7fe8d64fd0ad67539e672236a0,1695
2026-02-11T16:05:59Z,6SON-,account.4040ed5aaa204988895c083302bedcfe,1911
2026-02-11T16:05:59Z,Han-J-S,account.38bc893b925441f78dfcdabc864ad0b7,2032
2026-02-11T16:00:21Z,Odang0,account.7abf48abbc504284b9cb3ed836daef84,2183
2026-02-11T16:00:21Z,P_o_r_o_r_o,account.a2ab5204a8724d6ab79915e5b84e0c93,1917
2026-02-11T16:00:21Z,Reve2288,account.dfd36d6148a1486694e175ca1467daf9,2202
2026-02-11T16:00:21Z,jeonuzi,account.cbe20a42e97d438397f2355a76cf302a,1574
2026-02-11T16:00:21Z,HKOPSD,account.11ec5484d69548fd9d6a5a961966bf31,907
2026-02-11T16:00:21Z,OsaL-GaeGuRa,account.722f6b5d41a74fb39896abf3320ffb38,2150
2026-02-11T16:00:21Z,PooN_DDoong,account.af2980832c4c44eab9f679bc8551e1b6,1715
2026-02-11T16:00:21Z,Old-M416,account.e937c87b2e7f4b589b39103c3f236993,2110
2026-02-11T16:00:21Z,daeseong_king,account.34312ab26ffc459ca14e2ba4c43a5fe0,2235
2026-02-11T16:00:21Z,Ghost_YS_,account.4d17f07945de4a688381f53022fd1041,2286
2026-02-11T16:00:21Z,INX_KyunSang,account.988db39c0118431589e283666ae83860,2248
2026-02-11T16:00:21Z,Ttu-Genie,account.78068272670c412ab7095d02d455df66,1936
2026-02-11T16:00:21Z,good0024zz,account.b330845f93594d368094c0e05f669b78,2169
2026-02-11T16:00:21Z,PEEKKING07,account.0e311a2372e54d7db98ac3795d38670d,2553
2026-02-11T16:00:21Z,Goochunongsa,account.c93c1a205a774f6ea5b6854a47b9fca2,1677
2026-02-11T16:00:21Z,INX_YoonHigh,account.8f7901e5068f4451a375bffad1a520b5,2200
2026-02-11T16:00:21Z,Try-Catch-F,account.bdecb214b40a431db79ce5a48adbe273,1610
2026-02-11T16:00:21Z,Off-Set21,account.614943645c3b459287e534153a35424e,2009
2026-02-11T16:00:21Z,tmdrb-1-1,account.e64c8a10dd584982be2040782c960b13,2039
2026-02-11T16:00:21Z,DDol2-_-,account.2e9c41d0a85b431dba6973e906f0b8d4,2040
2026-02-11T16:00:21Z,5252_jjang,account.d911524257eb4fcd8b9b458ce6bb2390,1906
2026-02-11T16:00:21Z,OneShot_MRWOO,account.fa1cb430647443f9bc87537a1a5df738,2314
2026-02-11T15:50:09Z,CP_BBae,account.1a319a8b4b9e4299b4e8b6b7d62ed019,2062
2026-02-11T15:50:09Z,SZ_-Ox,account.19651dd39497438c80fbcea44d33ec9f,1997
2026-02-11T15:50:09Z,CP_Mang,account.8515d881ed6d4340a7c622fe1606e628,1973
2026-02-11T15:50:09Z,Yoonsk-,account.568db8855b5d47bc840d0498d8608114,1955
2026-02-11T15:50:09Z,z-k-d-s-,account.ca51fa2339ec4ff6b006d3876db89090,1741
2026-02-11T15:50:09Z,211o_o112,account.25cb9740cafe41dcbd079e049e38480e,2200
2026-02-11T15:50:09Z,ETG_YU_U,account.947778c02e48400a8a2b6cbd03cb170d,2012
2026-02-11T15:50:09Z,ETG_hulk,account.8b84d32b80b74ebd9023920a226c56c8,2554
2026-02-11T15:50:09Z,EUNYOUNG5,account.3861f14ca2794e3daa008c963e79df15,2308
2026-02-11T15:50:09Z,ASU_TORA,account.515dea1c280c40f9bb32ef5622461f1e,1682
2026-02-11T15:50:09Z,CP_YARO,account.e97b362940c042018d7bead11afb7776,2056
2026-02-11T15:27:04Z,SANTA-DM0613,account.6b90ebe5da46476ca1522a8b2c410514,1704
2026-02-11T15:27:04Z,rkdustng,account.edd95b041ee249abbf3bf9acbf3dde43,1951
2026-02-11T15:27:04Z,ETS_s0ng,account.bacdb95171184fb395afdbcaf09cfa3f,2041
2026-02-11T15:27:04Z,SBJ_ZZANG,account.ddad04c35029454da7cd3f7cc833be9a,2141
2026-02-11T15:27:04Z,Doyun-_-,account.60cbbae4dde5452994b304f3b3830d66,2327
2026-02-11T15:27:04Z,CS_Mozzi,account.bf3b0e3f01dc4ba3a32d03b9e1572b20,2204
2026-02-11T15:27:04Z,01-03-2025,account.78f840793c7f4f2db95fd24ab32e1a7b,1910
2026-02-11T15:27:04Z,Pogbaaaa-,account.c60d169a146a42d09ce637239beaa0ac,1958
2026-02-11T15:27:04Z,HAGOJAEBIYOL,account.95056244f7b64627adc7270aa777e927,1616
2026-02-11T15:27:04Z,BAMMMM90,account.b1e1a061da90474495b5a6aaf9740657,1891
2026-02-11T15:27:04Z,MZ_MINGYU,account.f12bf2673b014010985c16b3e409ad03,1499
2026-02-11T15:27:04Z,player1717,account.14342a9f09274ce0abe36b1aa4db8595,2079
2026-02-11T15:27:04Z,WWW_CHEOL,account.324da94e4c754150829faf54d71a16f1,1713
2026-02-11T15:27:04Z,KFClass-__-,account.eb178642e2754e5b8c597ac7fc48967a,1429
2026-02-11T15:27:04Z,Yo_EgenMan,account.02ad05c28160415287472b64875b108d,2010
2026-02-11T15:27:04Z,Kboy-0-,account.26fe8b1f513344e58d4a659acbd7bf1c,1750
2026-02-11T15:27:04Z,angry_fish_,account.b301d1d04bc54a25a826151f674ffb8f,1698
2026-02-11T15:27:04Z,News-hand,account.76c122b51ff548a08b16589f01953a37,1865
2026-02-11T15:27:04Z,GSD_ojm,account.5158e7fab34f41cf8e0a996747de0e4d,1907
2026-02-11T15:27:04Z,GSD_jsj,account.5ff6ab79eb054461a4ba830f88c21eec,1947
2026-02-11T15:27:04Z,amazing-Fuxx,account.207268bf86ff4142bd1ceb023a49a5f9,1931
2026-02-11T15:27:04Z,FeeL_Way8909,account.36c532f863f44e26ac8664ad1a246bee,2103
2026-02-11T15:27:04Z,Ya_JoKKa,account.aa118fae85954343bb699ee0b4e4a97f,1810
2026-02-11T15:27:04Z,ETS_Betty,account.16fc8d7c1b3a4426893d6bd24d02215a,2143
2026-02-11T15:27:04Z,playsibal,account.0a900c2cebc4423580f808fec7b96d5e,1526
2026-02-11T15:27:04Z,Na3ttuk,account.339a6401504948f1a1ac8aaccb5b54dd,1604
2026-02-11T15:27:04Z,ETS_1004,account.e82d5d0476014ffa93058618a70ea09c,2011
2026-02-11T15:27:04Z,ETS_chanddosul,account.4a2023a70ae74ceb96ed65f40789a3ee,1862
2026-02-11T15:27:04Z,sungpar-,account.0690a74ad4554a119bb8d846f6419dab,1968
2026-02-11T15:27:04Z,kolror,account.8434d3d2fe7e49e188d1393722e5ec12,1687
2026-02-11T15:27:04Z,SUMINE2,account.3327b50e58b14802b8794ba66e42ac38,2247
2026-02-11T15:12:01Z,fkilesjfhlkes,account.9d075840d9b04012b5911e177630be66,1928
2026-02-11T15:12:01Z,good__hong,account.ff4baa68f72548c5be029148ff971c3b,1891
2026-02-11T15:12:01Z,Ehdcjsfn,account.e1425dfa23e344a69d3ce8563e4cdcf1,2148
2026-02-11T15:12:01Z,elaordlskgkfjrk,account.2f8ee3a3d74a4ec482181c3e8197962b,2138
2026-02-11T15:12:01Z,IQ-700,account.658befef9b3e4aa596fb8d92ea7bfc81,1626
2026-02-11T15:12:01Z,iiliilliiilll,account.33ea876eaf374610975c238d5c3e614b,1673
2026-02-11T15:12:01Z,Tayons,account.95256261c93e4eb295d09d31adcd1aa2,2157
2026-02-11T15:12:01Z,M1BA0_-,account.c9a8852547514076b4127d0a4b459910,1981
2026-02-11T15:12:01Z,hoooooonii,account.dc8034c3e2e04e8b910593369d19a72f,2060
2026-02-11T15:12:01Z,Jsa_SDY,account.f57d632345954e24a76b16547f5642e7,1792
2026-02-11T15:12:01Z,TOP_supporter,account.cb9c955eedd545a18c8ac4199796f2a7,1691
2026-02-11T15:12:01Z,OXII_IIOX,account.9eba279211ac4355b666b54d17d54d5f,1443
2026-02-11T15:12:01Z,rlarj,account.fc0e6b8a6a024f33950048e011ac2986,1908
2026-02-11T15:12:01Z,OvOwOmOnO,account.764afc61cdfe41cc8087305baa370559,1874
2026-02-11T15:12:01Z,Piao_Yongji,account.86d71185a8274f39aaf7319193c44711,236
2026-02-11T15:12:01Z,park_dd,account.b47513335af84ab99ffe3601e179d3ae,1529
2026-02-11T15:12:01Z,qkqpzb654,account.44c5220903d44817ba6203097c44b134,0
2026-02-11T15:12:01Z,Gz_Tan,account.66ab07466e9c4042bfdcfec06c57d602,1887
2026-02-11T15:12:01Z,Harabang9,account.39cecd8097da4a29bc5e4c3bdcbb461c,1833
2026-02-11T15:12:01Z,P5_firsT,account.a19417893e8749159d958a0811ae4d77,1930
2026-02-11T15:12:01Z,LNR_JS,account.2ff953aa9c5046559ccc537f5fc74c15,1923
2026-02-11T15:12:01Z,V98V98V98V98V98V,account.c4b8e78f19f54c14b6fbbafd8d85df1c,1400
2026-02-11T15:12:01Z,Seunggi_GGang,account.b8d65bebe8374dd8bcb2467806545530,1988
2026-02-11T15:12:01Z,M2M2M2M2M2_M249,account.44e9bbf2f84d43c8858dd638e994f99f,1261
2026-02-11T15:12:01Z,LNR_KC,account.182f8f7815a9475182e35dd20b59470b,2406
2026-02-11T15:12:01Z,no13kim,account.acff726551384f2cb2a0f217ae29fecf,1860
2026-02-11T15:12:01Z,SEXY_ET,account.6de1fcc6b1af4874ab31f177a3124a7e,1866
2026-02-11T15:12:01Z,NADA_INOMDURA,account.aee6d7b1822049069d818acce3735ae6,1979
2026-02-11T15:12:01Z,LNR_GJ,account.97a94284c0d74548a94b64fc95d61489,1442
2026-02-11T15:12:01Z,BOOM_SANDA,account.26f6c741942248e2b6adcc9cffd398d1,2002
2026-02-11T15:12:01Z,Jeon_JunHa,account.cc2d0932fb62484f9b1115d802bcac96,2048
2026-02-11T15:12:01Z,Janbari_order,account.2147d44711184db78dabcbf6d140796b,2053
2026-02-11T15:12:01Z,LNR_HR,account.2005d3bc3c3d45238e63cbbb0fbb47be,1829
2026-02-11T15:12:01Z,lullu_lalla99,account.a41bcc541ae04a9c91741025bb6f44d8,1692
2026-02-11T15:12:01Z,DZ_Shiba,account.a475e544a0b74dceb587b6035dd54b0b,1979
2026-02-11T15:12:01Z,VEX_sol_i,account.d9cd4b4d15d94c05adb3ddfc6a45bf11,1704
2026-02-11T15:12:01Z,Jaehoney_0124,account.7e80a8b197db4b6392d1e6dbf400ca35,2212
2026-02-11T15:12:01Z,NX_Salza,account.0298a75ebaed404b86fe1633f7c467a6,2080
2026-02-11T15:12:01Z,KIM_Da_0111,account.9823ea9050824084a28727755c5ab10c,1726
2026-02-11T15:01:56Z,67HJANG,account.2f5dcc3defd74c8aaa60651b93a1ff5e,1881
2026-02-11T15:01:56Z,ssungminy,account.d57e4ea9a8534b4ca13a7b965e2dd349,1781
2026-02-11T15:01:56Z,korail8714,account.6269c1f73ff44bbca5fd173470804d27,1928
2026-02-11T15:01:56Z,Crazykro98,account.d2e2f5da941e4ec2ad61f6cd0f9c0e13,2236
2026-02-11T15:01:56Z,CpN_CiPerNom,account.37bb818a113b466c8f72464c4ef29e2a,1899
2026-02-11T15:01:56Z,wlswn0513,account.2a32516ccb114ccc89f84c3a01c0abd8,1587
2026-02-11T15:01:56Z,p236,account.6c0f94ec37a74799a68fb2e13b8a0e96,1918
2026-02-11T15:01:56Z,znvkdzl,account.ce2c9ec8bc9f4793b32f0a65ac829740,2279
2026-02-11T15:01:56Z,KOREANCOP_SH,account.874e5da1a13241239328537f3785ee2b,1930
2026-02-11T15:01:56Z,MoDoriO-O,account.101e802871124d6cb1fdfede2080d61a,2232
2026-02-11T15:01:56Z,Korea_d-__-b,account.d52ed89eba9848deb884d1b2a85bc639,2029
2026-02-11T15:01:56Z,ON_Q_Q,account.24be80381d42457584307a39e02c5264,1694
2026-02-11T15:01:56Z,ChoonSiK_c,account.97345b60427b4c36aec782e987bf8152,2122
2026-02-11T15:01:56Z,CheonHo-,account.d5fe6166f7094567aa2c54f1c6d2b1af,1841
2026-02-11T15:01:56Z,AAhohohoho,account.0e8faa1be29641c6bf20dee66052650f,2200
2026-02-11T15:01:56Z,Jangmoonback,account.7cffaf8d687f4783966fa092770b2bd7,1785
2026-02-11T15:01:56Z,DongGo1234,account.238aaa119bda4b5b8d6f2b104d0ef50f,2065
2026-02-11T15:01:56Z,s2_BBang_Ya,account.d5e14ea106f34f44a56b9beff442e27f,1841
2026-02-11T15:01:56Z,INX_7777,account.1bc52e88fada475ebd850b2b64126249,1415
2026-02-11T15:01:56Z,OrTJLrO,account.a34fdea553a8413ea924560627ffc702,1895
2026-02-11T15:01:56Z,HambergerS2,account.5aaca6dc6a7849269da88e50d4010cae,1999
2026-02-11T15:01:56Z,limsuhee,account.925c4e065d8e4296a2b9e5c491ed323b,2003
2026-02-11T15:01:56Z,LIHA_9431,account.faf2cdff60f24a7987e84b3e81c4f4dc,1711
2026-02-11T15:01:56Z,Zig_Noah,account.e7875a9f0b4443c0a9b1444a390655d1,2156
2026-02-11T15:01:56Z,keemo39,account.c3e84efd586845e39d00b078f61cd73d,1745
2026-02-11T15:01:56Z,1998_11_11,account.49fdcdfba4904002b7f07976c4a3fbe3,1955
2026-02-11T15:01:56Z,GyoBin_,account.6bb6a0f124624a78b1019120ac69b8ff,1775
2026-02-11T15:01:56Z,ppw8psw,account.076859cb469e44519fd41b36c328beae,1872
2026-02-11T15:01:56Z,XI_Yeoju_,account.1726f1aa7d0141288e21627ccd87555d,1905
2026-02-11T15:01:56Z,WZangdori,account.7649eebad33f45a08b322ad73b8527bf,1837
2026-02-11T15:01:56Z,KIMbh1,account.e1c275a30c0c444b98c846eb0d2a44aa,2173
2026-02-11T15:01:56Z,22yg,account.3fe664f75f454ab2bb8e7c4d59487eeb,1500
2026-02-11T15:01:56Z,STC_X,account.50d9099b27b349288781b2543d409524,1889
2026-02-11T14:49:02Z,tM_Law,account.73cd1a9902a7420baca7e700aa6f24f0,2163
2026-02-11T14:49:02Z,THE______Grrrr,account.abb73f20271842e88c76c07f546c408c,1884
2026-02-11T14:49:02Z,Bunniesr,account.a6178453d6f74112af09b26574248fb4,1962
2026-02-11T14:49:02Z,W00NYA_Poppy,account.f8e3e4bed67a4001a9cc516d836070a4,2369
2026-02-11T14:49:02Z,ssibballama,account.0fec8a920bda4090bafa5366df4e7998,1510
2026-02-11T14:49:02Z,Nollajjozzzzzzzz,account.0db400d47c624f1ebbac165bd9969901,2331
2026-02-11T14:49:02Z,Giriu27,account.7380fb5a9dc84f2786902dd53190912d,1906
2026-02-11T14:49:02Z,20201010,account.31c91e0f9ea14295ad26d7f72a05dc89,2001
2026-02-11T14:49:02Z,ZZAN_HAE,account.584f0e616d8c4154a4749e24310f90ef,2163
2026-02-11T14:49:02Z,CORI_MAN,account.770577f5f91245cd90b8f100807ac2fa,1873
2026-02-11T14:49:02Z,ONTAE--T_T,account.b159e58e415749ae8ebc905bbe69a297,2071
2026-02-11T14:49:02Z,J0JIM,account.445d0296ef9b49adbad68b1228020292,2297
2026-02-11T14:49:02Z,BBQ22,account.c84ec5295b7943e8a97dfeb12bad0ca8,1827
2026-02-11T14:49:02Z,June_Pearl,account.b55648e97ae2405d86c70eccab58a70d,2297
2026-02-11T14:49:02Z,GUCCI-_-Nemo,account.a77ac082c6ea4a748f33c325db370f23,2170
2026-02-11T14:49:02Z,kkukkuman119,account.e017d3d1dfe24e27810308ab2c38e213,2057
2026-02-11T14:49:02Z,kiminKwak,account.ca74673925c9446dbf094607b8a35a97,2272
2026-02-11T14:49:02Z,z1zongosu_-,account.a1775f980ccc4ae5ab4dbd0d5425f919,2104
2026-02-11T14:49:02Z,MoMoCci_Daddy,account.bb7ceeb8651c442fba59c574114a3862,2030
2026-02-11T14:49:02Z,SexyJunu,account.d9f87f0e55d94fc08dfa20ecf41e2a77,2170
2026-02-11T14:49:02Z,THE______SANTE,account.d0a3974d92d74f659e49d99a909594e7,2272
2026-02-11T14:49:02Z,MC-KimSang,account.62bde248a9c64c48a1e4ebb25dd9d240,2157
2026-02-11T14:49:02Z,DDUG1_00,account.f119b2d8ad854f19ade253955bef4b74,2170
2026-02-11T14:49:02Z,SY_lover_HC,account.83653fd40aef4f23963893d41cea39f1,2199
2026-02-11T14:49:02Z,y000n-_-,account.65546755a0c24f3ca9f01a0af2abd873,2077
2026-02-11T14:49:02Z,GOMA_HAE,account.7811ef1306f74ae0aea675b7984f2a4a,1889
2026-02-11T14:49:02Z,703Korea,account.bf0f5815ad5e4d0d91fb6e945de9f312,787
2026-02-11T14:49:02Z,sy-00-,account.b9814d978c5f4938b1e08126971042c3,1750
2026-02-11T14:49:02Z,THE______OOv,account.29ed9c084dac44458a4b065cead8fc9b,0
2026-02-11T14:49:02Z,ang-gorani,account.67d98e8e284d47e6a75db90567677c14,2087
2026-02-11T14:49:02Z,GWANG--X_O,account.7ea08b51f6584ce29b5105b7e755800b,1601
2026-02-11T14:49:02Z,M-A-S-I-D-D-A,account.7914afa1426e4126b01327fdd95f14bd,2146
2026-02-11T14:49:02Z,AnD_bangwai,account.6af287b9b9b548919d47080099e3431f,2007
2026-02-11T14:49:02Z,Fxxk_xou,account.cebcb08db46e42c797087b1966e95fb1,2096
2026-02-11T14:49:02Z,JSXNX--O_O,account.61626ca704924e5a84e0b62a82cb2819,2104
2026-02-11T14:28:11Z,Ez_DdStar,account.3b3ea72ce3da43a09ea49a256f7f6085,1985
2026-02-11T14:28:11Z,y__subin,account.ebe87ab1608542f3acf137cf2c76af12,2109
2026-02-11T14:28:11Z,GP_Attacker,account.d09795ca8b45462d860ec35c05e3191c,2185
2026-02-11T14:28:11Z,DIC_GukBab,account.71a1c5883f60463b8867bc56992f1377,2194
2026-02-11T14:28:11Z,SSSUN_,account.8b51dfe653714f8abb1fe936d6225810,1712
2026-02-11T14:28:11Z,hyunseokzz,account.530eec561984434486a08087ccb1287d,2361
2026-02-11T14:28:11Z,Whyrano---,account.93dc5f9d0af84f31a3c8eb3249952876,0
2026-02-11T14:28:11Z,GGon_dOwO,account.20a93d1cf9314757b1ad91ab5c72b9e3,2101
2026-02-11T14:28:11Z,Sup_sup_e,account.1611d5a4ec2344c5be14e931171e9cab,2104
2026-02-11T14:28:11Z,JJanggu_SEKKl,account.18f324debac94caf94030b2cf1aac6cb,2534
2026-02-11T14:28:11Z,2CN_HS_2,account.e4fc63b90e6c48c6b3ec920aa7062592,2276
2026-02-11T14:28:11Z,SKL_KIUK,account.419464adf7d34c8fbb3054458ff10f1e,1859
2026-02-11T14:28:11Z,Berrywc,account.f40d06049f5b44e08a98d94338eac030,1751
2026-02-11T14:28:11Z,X_GGAYO,account.9367d691e4034734b720b7f3d28ad5a2,1964
2026-02-11T14:28:11Z,whwrhtn14,account.4c6169e6d6f3434e9921d4b4a8ffed92,1727
2026-02-11T14:28:11Z,01072720986,account.226b4008691941308e1f866713bc2909,1960
2026-02-11T14:28:11Z,xiang_ganna,account.406572139314482c801beaa219c55437,2031
2026-02-11T14:28:11Z,NU_lovely_JIN,account.b3dfbb0023124c4592ffacdfd0f905de,2145
2026-02-11T14:28:11Z,yeommedic,account.0f86bb36293843dd97c46fcc1b70a763,1856
2026-02-11T14:28:11Z,AZA_M416,account.3893cc06da194b6fb0f6c03306493ac2,2104
2026-02-11T08:41:56Z,4u_Hol,account.d6fbf86dc1144832a575ac5743c6a798,138
2026-02-11T08:41:56Z,HwakKil-rush-_-,account.9c36af40d9a74b86af799b1496de740d,1284
2026-02-11T08:41:56Z,wowjdhouse,account.b9282f32754743e583e067fe619badff,1932
2026-02-11T08:41:56Z,vvvvHONGvvvv,account.646de150d13b4aba9d300acb8e69046c,1105
2026-02-11T08:41:56Z,TY_JongGwan,account.2a14c15d87e54a7e88315f93a8388822,2020
2026-02-11T08:41:56Z,discorddev,account.d770509f6c8f4c85a4db5711f4cfa66d,0
2026-02-11T08:41:56Z,S2HoiS2,account.bbeb2712779540a58d03308eee2c020d,228
2026-02-11T08:41:56Z,YOUMOOROOP,account.10bacc2c97c44077a683193c3e7fa49a,2083
2026-02-11T08:41:56Z,weweweyee,account.ad1509aa196542d28f6e7cad740b75b8,1849
2026-02-11T08:41:56Z,squirting-_-,account.542e0cee5ef24fed8ae07f97e94c7be8,1174
2026-02-11T08:41:56Z,SGH_EMPEROR,account.68be84f7824e4b2b8c0f8e7533ed03f0,1465
2026-02-11T08:41:56Z,Trash_Snake89,account.80709db779a6498ca5b4aa856af84674,1067
2026-02-11T08:41:56Z,Bigtiger0408,account.e51e14ec53cf4024a1851c908ee731af,1724
2026-02-11T08:41:56Z,GUN_KAII,account.87a623b398f1473894d0f34c35996061,1314
2026-02-11T08:41:56Z,tmdcjf1412,account.5555e1db26f04431945e29fa50557cec,1658
2026-02-11T08:41:56Z,wlgnsaogjs00,account.125bc146a89444f79a1edc74e4e72a25,1751
2026-02-11T08:41:56Z,kangtooth,account.83cc5f4af7994cdca7bc578a216b7138,1887
2026-02-11T08:41:56Z,ToT-_O_O,account.b336605a168b4e84bc9a7049fee80a14,1539
2026-02-11T08:41:56Z,Banjjakanseogwon,account.3dd756328c024c52acfeb232041f4d45,1676
2026-02-11T08:41:56Z,BulSa_-,account.5df689d3bb5740039cc529d2d9e9f82d,2310
2026-02-11T08:41:56Z,ZoSae,account.2b5092f4a07f40adbb1b6606c1fe8889,1676
2026-02-11T08:41:56Z,daeyoungGGOCHU,account.398e7673bde846558c6b288f54e35f03,800
2026-02-11T08:41:56Z,Tp_mooNgye,account.4cc846ddb7914257b14d88efa6d837c8,1582
2026-02-11T08:41:56Z,ZZZZZZllZZZZZZ,account.ac7aafe6ac424225910b2eaccb8243b4,1663
2026-02-11T08:41:56Z,maya71,account.e4d05f5d32b746b0bfe2e966afdc0ace,2074
2026-02-11T08:41:56Z,joyeongu,account.bac094d9c5a542ff934a68650d791b73,1699
2026-02-11T08:41:56Z,sdsg34,account.50d4e0d02c22457290365ad20d1a004e,2079
2026-02-11T08:41:56Z,KGM_VX,account.d35e17b0a19f49eb974cad66354fc685,1116
2026-02-11T08:41:56Z,asd_1_asd_asd,account.7e0ad994136a41f984d0bea41d353357,2146
2026-02-11T08:41:56Z,ggunhdi,account.bb753e8fb50f4bcca91a74a6f6aa3346,944
2026-02-11T08:41:56Z,das84,account.194278f4a4e44302888270832281db69,1293
2026-02-11T08:41:56Z,marie_park,account.d6400fa75a50443ea44ff77f1273e8dd,1339
2026-02-11T08:41:56Z,hyun2e2e2e,account.fef0d8eada2e457599e0abde776eb4bf,2012
2026-02-11T08:41:56Z,SNL_JunZzang,account.f1a970069a534b6fb65fa8b04f32126e,1908
2026-02-11T08:41:56Z,JsCrEdIt,account.0379bf9b25ff4f6e820df171ff0d7370,1596
2026-02-11T08:41:56Z,GUN_YESOL,account.60869ade34e8489bb233161c2f5c5bc5,2066
2026-02-11T08:41:56Z,CC_Yoon_Suk_yeol,account.9dc11386854243b59730ade6b3196a78,1964
2026-02-11T08:41:56Z,minsik__e,account.22c68ea6222445dd90806417d4ec3162,2115
2026-02-11T08:41:56Z,JunJalNam,account.4005f4b6ac2c4185a3764ce818d8f7c0,2228
2026-02-11T08:41:56Z,RUN_FOR_RUN,account.5df216394f3145fea1e839b6f3bb4762,2098
2026-02-11T08:41:56Z,Nu_Gu-Ge-Yo,account.5b85cddd4e6144b588c8c5c21ee6b11d,1478
2026-02-11T08:41:56Z,Yapsss,account.62c9291ec0444c5980a4cc8c27517159,2024
2026-02-11T08:41:56Z,GUN_DEOKI,account.d540bf1a49d54da1982d5a3e949439c4,1881
2026-02-11T08:41:56Z,jeonghyeon829,account.02b521f0c01b47f1a638ee8373c1c31e,1564
2026-02-11T08:41:56Z,gapbu_boss,account.667122e6a07b44f888fbdb055831078d,1933
2026-02-11T08:41:56Z,SmkeHak,account.8dcd667058e2405bae2c8c8001a9c5bf,0
2026-02-11T08:41:56Z,Off_IC,account.c6a34c62642341439ec02a2dcc3e0b5b,1924
2026-02-11T08:41:56Z,ssom_i,account.fcd3ed4dfc734071b3ca3b4b32366201,1800
2026-02-11T08:41:56Z,heebeom_,account.130ffb883ce34be6bab4b14b9379a6cc,2252
2026-02-11T08:41:56Z,V9_PI9,account.16d6374152ae4153b2f0c2c5863d9c25,2085
2026-02-11T08:41:56Z,GEN_Space,account.8266c333435f4e9bb1f1bef0da86049f,1084
2026-02-11T08:41:56Z,INSSA-BERRY,account.c861ef8b2176497bb2840b26c317e1c5,1884
2026-02-11T08:41:56Z,begsu_1,account.3ff57ffaf3a640c6a9db4e9d2aafb738,1223
2026-02-11T08:10:42Z,WINS_STAR,account.8a011d7212d6442fa38065a1678f9473,2002
2026-02-11T08:10:42Z,numberoneiam,account.ecc963f61bcc420cba89b20161735f2a,1722
2026-02-11T08:10:42Z,D_Panicdisorder,account.d93d1d5dd60d4fdeb06d5162c9a2a4eb,2200
2026-02-11T08:10:42Z,Mopp-Mope,account.1afaa1435381491e80af31470453d131,1542
2026-02-11T08:10:42Z,Nan_na0_0,account.cd5588f501a54ce5836ff3cc9c223686,1645
2026-02-11T08:10:42Z,hanseop2,account.560f2807ff794d13b36e79396ee4befb,1734
2026-02-11T08:10:42Z,TaehwanTgay,account.5d068fcb1f9d4a20a1ef05700b1746e0,1654
2026-02-11T08:10:42Z,D_Delivery,account.8e3bc1b50cb24b8b926102c0adee0edb,2166
2026-02-11T08:10:42Z,GGOSONG_912,account.d43e11de53c44572b1e7638349514a9e,901
2026-02-11T08:10:42Z,LEJ_KR,account.e7cc08ce47f14e39a8a9bfd51e3e76c8,1653
2026-02-11T08:10:42Z,Honny-Chocolate,account.f3581c290588442cbf308a6fccaef2f3,1776
2026-02-11T08:10:42Z,CONTRA4U,account.5543c7c2a5124d83a27883613f4f8734,1514
2026-02-11T08:10:42Z,ttop_Thanos,account.14e3ab4f10cc4fe4b9fc0c1829529412,1999
2026-02-11T08:10:42Z,kdy0213,account.d836878ab87f46df9d1d8b88757725b3,1727
2026-02-11T08:10:42Z,13706806,account.202ccad7b79646419a04b094b3f227ac,1637
2026-02-11T08:10:42Z,sang-_-genius,account.2d26044cd31d4527aed0d2a7257db8db,2092
2026-02-11T08:10:42Z,kkamangE_,account.046ad62a98904e1abfae5d465390e48c,1911
2026-02-11T08:10:42Z,pook47,account.042a78d67b934c14adb1058103aca008,2118
2026-02-11T08:10:42Z,D_Putto,account.cba658be1cb9499d84aef61af0ad5f71,2252
2026-02-11T08:10:42Z,X_reak_X,account.4fbcc79a2dc14dd58d8dd4bf0f5f8eb3,1100
2026-02-11T08:10:42Z,samdoli486,account.ead09c177c614579ad7ace5ab90ee551,1533
2026-02-11T08:10:42Z,DOG-SEGI,account.a48d6389e1704c34a216237922845a7e,1878
2026-02-11T08:10:42Z,RYAN21219,account.96a1ee67526b4a6c96262fb5b9f74ded,1031
2026-02-11T08:10:42Z,CD_SSIDAENG2,account.abbf7c4fae114dd8a219ea249e767d91,2035
2026-02-11T08:10:42Z,damduk2,account.19a76d33189d496fa3ab718ecc509c63,2004
2026-02-11T08:10:42Z,BGP_BbaeKkom,account.df482b683bf845549ffb95b87a343721,1839
2026-02-11T08:10:42Z,PoNamDong2302,account.5f08cbe5dc4e473e8fb0686879d79497,1510
2026-02-11T08:10:42Z,hanra123,account.b0a90cef7bff4f65bf9119ad85ab4340,1703
2026-02-11T08:10:42Z,kimozi3576,account.3b8719e36fb14a8e8513a1050382a227,1805
2026-02-11T08:10:42Z,wjdwlsgml02,account.edaf90517e904210a6b5df0924ca63ea,935
2026-02-11T08:10:42Z,LOSELOES,account.29883e75670843bdb6b7a76e659cc687,1891
2026-02-11T08:10:42Z,s_gyuuj1n,account.aefdfd1818604b7b86f089b9aa564942,1400
2026-02-11T08:10:42Z,Wook0__0,account.fadf0b6c49a240789518fcc0c18885b5,1868
2026-02-11T08:10:42Z,Feral-Scout,account.521a4e3941154a93a73f8e12ab00ab8b,2016
2026-02-11T08:10:42Z,HEOTOP,account.4b63c780e18b49dfbcd5cb77a30ccdca,1627
2026-02-11T08:10:42Z,WINS_NoRinE,account.e2131975f6ee4962ae9319d87d90873e,1911
2026-02-11T08:10:42Z,goorayagooraya,account.f63522cf96c142a385814be24e69143d,0
2026-02-11T08:10:42Z,13771048,account.2202d51e9930454d9ca99bdcffbb359d,2200
2026-02-11T08:10:42Z,RooRangdan,account.78dca46f284d47c187093b9f6394a9e8,0
2026-02-11T08:10:42Z,ACE_Lead_,account.f7eec2e0a3bb41fe897520b55267c8e2,1571
2026-02-11T08:10:42Z,wooo-_-d,account.5ced0ee891844c32b1ac3fd981ddac54,1244
2026-02-11T08:10:42Z,chldntjr112,account.eb4d4f56c55049d78b9b5aadf9809391,1810
2026-02-11T08:10:42Z,ITW_Rosy,account.ee658f76a22a42b9adae8fd57ab1ecdf,1991
2026-02-11T08:10:42Z,namkung_2,account.ed40e4c580194c38934041dd30d175df,0
2026-02-11T08:10:42Z,ABCBAL123456,account.2fb17db0a9f64993b441c7818f796176,1309
2026-02-11T08:10:42Z,ITW_Ruru,account.7fd1658a69d54fd28bb03f0ec9bb030c,2118
2026-02-11T08:10:42Z,Supreme-Marco,account.ea05a39178b44957aba4a2b75e1bcd32,1876
2026-02-11T08:10:42Z,jiniloveve,account.1c99ad1c8d2444dc9715ccda65588b94,1005
2026-02-11T08:10:42Z,BCM_MP5K,account.4efc87cc117f402cb72ae41a213e9756,1703
2026-02-11T08:10:42Z,minho1140,account.076c026219e0490484db41913d766700,1215
2026-02-11T08:06:04Z,lklkopop,account.1037b0635f634cde94794cdc0c5bbe65,1332
2026-02-11T08:06:04Z,robot-0329,account.3afded8c222e48fc91302495d6a07138,1803
2026-02-11T08:06:04Z,FXXKingNigga_,account.7b7b95ac15f145579ce2c8a354bf8c22,2117
2026-02-11T08:06:04Z,o_-p_q-_o,account.84036d679fd54e5ab19e43b143e8c2be,2078
2026-02-11T08:06:04Z,Ho_zzangT_T,account.044cbc2e4e8d46918d6b8901730141d1,1886
2026-02-11T08:06:04Z,Nopain1Nogain,account.20711ca662374007968f6ee27ed81cba,1998
2026-02-11T08:06:04Z,po_noo,account.9e3d25b81ebb4a13af16646b8b28cdf1,1363
2026-02-11T08:06:04Z,healthboy-,account.3e7af54cfd294f7cb0e304d7d8e8b09b,1879
2026-02-11T08:06:04Z,leejm95,account.ebe624b8d666428c80d174154d76e661,1822
2026-02-11T08:06:04Z,OWL_OTAKU,account.3e56a5b6b38d4067b69b0ba26f6d0fe7,1819
2026-02-11T08:06:04Z,MaRlGoCu,account.b8122004123f420199ef4bdfd11f4114,812
2026-02-11T08:06:04Z,sung_sung2,account.e47f0e284bc140f0a27fbee943126b73,2275
2026-02-11T08:06:04Z,SB_VSS_X2,account.da74324b9fc9454281ab3b4d857df82e,1343
2026-02-11T08:06:04Z,YOUnoMommyOk,account.5e47953814304a9ba065367542c7e7b9,1244
2026-02-11T08:06:04Z,NUlilililiiilil,account.52db64bc8551499d8cbf653e1d33f12f,322
2026-02-11T08:06:04Z,2002X666,account.3d71c89545714386ac6b3fab0ae0a47c,1689
2026-02-11T08:06:04Z,2-pak,account.54d46a2102224bb98739128637d22fb3,1467
2026-02-11T08:06:04Z,barkyoyo,account.9dbc1a1be0104fea9c2c55990714be39,1800
2026-02-11T08:06:04Z,onlysorryuser,account.ebc2d9d9c19f452c82af49936ed2b511,1150
2026-02-11T08:06:04Z,Tae2_Ping,account.2451f20ce89f48ee921dce0d77fadbb7,2280
2026-02-11T08:06:04Z,adorable_moments,account.0ac6e9e595ed4b6887bd97c810565da6,1875
2026-02-11T08:06:04Z,Sokcho__Bin,account.5aa1eb1078d14867a0ce37ec5d47c88b,1400
2026-02-11T08:06:04Z,wkddbeowkd,account.f28f8fa186e74078ab3e5adfc573caab,896
2026-02-11T08:06:04Z,Izone1023,account.d04c476c43ed4dacb2bc7742f5abeef2,1495
2026-02-11T08:06:04Z,BAD_SF_Dino,account.b6ebda806c69499597071f6088dc2c35,1277
2026-02-11T08:06:04Z,Jolal-Chan,account.585c5171be3142e0a12203d44943a27a,1323
2026-02-11T08:06:04Z,JJAENGJJAENG,account.39430b7f9f49488abe3f6bed70f00189,1495
2026-02-11T08:06:04Z,don9suyagaja,account.cce41ed18ca84b79bd8984cbe1c570d8,1123
2026-02-11T08:06:04Z,z1zonwon,account.b1eaaaf8993e4e8194239bc91e191ca7,2251
2026-02-11T08:06:04Z,DHJJANGJJANGMAN,account.98b9a4fe2480401d80a85de3bf125a6c,1769
2026-02-11T08:06:04Z,KIM_Maltese,account.8a883861976d43cdb0276a89009f9a6a,1874
2026-02-11T08:06:04Z,8Swgfl,account.4716f91b5f544b49a17ae112d2ff642e,679
2026-02-11T08:06:04Z,999X666,account.aa312f79fb784ff5a930b6bfd2a40366,1443
2026-02-11T08:06:04Z,illlllllllIlIlIl,account.05fbd1ee514b4e35a69a21cfa2d9ab45,1066
2026-02-11T08:06:04Z,godals10,account.5a71c297a17649efb79aff75768a09ad,1907
2026-02-11T08:06:04Z,Kim_Terrier,account.3ef9aff901ff47bdbd284219e05011cc,1942
2026-02-11T08:06:04Z,chronomat42,account.4fe89f3e43cd47cc884a57e3893e9be9,1888
2026-02-11T08:06:04Z,erzswxd,account.34ee033298694cbc8c49f475934952a7,2099
2026-02-11T08:06:04Z,shwnstjr,account.06c7ccccf69c448da7eecbac749d3413,839
2026-02-11T08:06:04Z,95seunghak,account.88e5d06b386e4dfaa27af513cd8a6b75,2147
2026-02-11T08:06:04Z,Unknown_YOHAN_,account.8d50d816d8f646068564f486ec0baea0,1930
2026-02-11T08:06:04Z,goa_king,account.18ae7cde0174408496c9aa36c78770cc,1768
2026-02-11T08:06:04Z,LTJUNE,account.dba1b935afce4a328f8632c689212cc8,729
2026-02-11T08:06:04Z,ROCKS-NIKA,account.d4068d8543454157baa5381900da94ff,1717
2026-02-11T08:06:04Z,dlehdgns8188,account.d127c9bcd5f64b5597aec26eb194e0cd,0
2026-02-11T08:06:04Z,HaeJulGe_X2,account.edcbb91f24024b4c9bf072b3892f9578,812
2026-02-12T23:21:55Z,HU0423,account.2717951803f54e68a4839cd9194e22c1,1582
2026-02-12T23:21:55Z,aaaaaa00015115,account.3ec8609061a641969e421a7f0fb7deed,1483
2026-02-12T23:21:55Z,NuakJomNaeNa,account.1c5ba7a6663e4018816930ec340e09db,770
2026-02-12T23:21:55Z,Dior_U_U_,account.c2460e02502449ceba9d1b672d1d39ef,1467
2026-02-12T23:21:55Z,tM_Fluent,account.97e47227d13c497b9b0be1e765aa79e9,1800
2026-02-12T23:21:55Z,Roy_kkukku,account.30bc510c81c04c6fa2a173db4e32ae64,1737
2026-02-12T23:21:55Z,Kke1123,account.848097facac848daa7749aff5fc0bd0b,1641
2026-02-12T23:21:55Z,PA-I-RI,account.aa454074a0364388863cb1cb5b919278,1466
2026-02-12T23:21:55Z,1il1Ch1cken,account.8da9f960f824427c8fb314a332295b08,1467
2026-02-12T23:21:55Z,a_young-_-,account.8adb4a8207154214818c0806f524ed0a,1505
2026-02-12T23:21:55Z,cheonan-m4,account.a41536a93d65433f820e9fa4f02dfda8,1517
2026-02-12T23:21:55Z,wohahawo1,account.b32138156024475aaea9234821be91c9,1941
2026-02-12T23:21:55Z,AGT_Nosmoking,account.c881a1ec258240018389670167a138c8,1616
2026-02-12T23:21:55Z,seunghasbbig,account.93d37bcea4094dea84007a2be49b5dc5,1780
2026-02-12T23:21:55Z,hyang_dol,account.227743af8024463aae16e3d125bc4466,1877
2026-02-12T23:21:55Z,BlBUBlBU_,account.375b1bd508d5404b9f9da278d1a77022,1068
2026-02-12T23:21:55Z,junho6874892,account.ff3bba3a633840a0ad9064e320e8ce28,1895
2026-02-12T23:21:55Z,asdlkjflsadjf,account.5eeb0e70997d412298794f8987ecfbfa,1726
2026-02-12T23:21:55Z,dotioveingyo,account.7bc4af45499d4885878742431e22fbeb,2043
2026-02-12T23:21:55Z,hyuk15144,account.322274c7a25e494c8c213750dd249be2,2200
2026-02-12T23:21:55Z,Kil1TheKing,account.6a97b9b4ebf14fa0801923de0bc8d9bf,1556
2026-02-12T23:21:55Z,k1msungjun,account.77635cf48ab64fff84bee9586a8b485c,530
2026-02-12T23:15:18Z,NSilkRoad,account.c89695ced1664dfb94af5660b1475991,1785
2026-02-12T23:15:18Z,15Unknown15,account.35be2480769045b1914ae20fe3dfdeca,1356
2026-02-12T23:15:18Z,situp89,account.96566a0503b64ddeb28c2c060269d530,1506
2026-02-12T23:15:18Z,Lets_Get_it___,account.bf1ff18f3b3d4c35bb9451e59c5446e8,1667
2026-02-12T23:15:18Z,SPG_JOTT,account.cc928063f8de436cbd3b83a390921cf4,2093
2026-02-12T23:15:18Z,Momo_1223,account.03ba4b3f94d54874bc7a3ab9b24912cc,1578
2026-02-12T23:15:18Z,mk1135,account.09acbe47f08146e0852487c974159f55,1628
2026-02-12T23:15:18Z,sd6a5s,account.1474423ad416461fb8f0f552b681d633,1958
2026-02-12T23:15:18Z,doadu,account.fd33b552b6f14352bb826c900276036c,1800
2026-02-12T23:15:18Z,daosdfaslngg-12,account.37f0312d17ca44208c79a0c0ecdcd550,526
2026-02-12T23:15:18Z,dltncks231,account.74f192537a3741fb9754a9c014782385,1545
2026-02-12T23:15:18Z,epEukilLx_--,account.ea714f844ab24a6999b5d3684e2d971c,1637
2026-02-12T23:15:18Z,S1N059,account.0f9495dfc05c4251a5ae127ac2cb1345,1513
2026-02-12T23:15:18Z,swxx0,account.f3e4b21f461744c4b29996d048022b41,1333
2026-02-12T23:15:18Z,T1_f85beast,account.bce7580753d94996aed9d5fbcb699434,1486
2026-02-12T23:07:24Z,MINXx00,account.74afb4a8077942c0b59057f9f3a3b53b,2313
2026-02-12T23:07:24Z,ansrnjs1029,account.e7207b314c0245f2a5f51c0f3a6ce70b,1855
2026-02-12T23:07:24Z,Ne_Cush,account.47146d3e015c4a10b269a09bdd7873e3,1800
2026-02-12T23:07:24Z,binny1101,account.1366522751d34aa6819f3b7688834fa2,1774
2026-02-12T23:07:24Z,9999_JUN,account.453bd9d6a89449f6a46d7c7b48046d23,1285
2026-02-12T23:07:24Z,INX_natsukirai,account.0eaa1c9e86c4448cb8b39e6ed1ab60f4,1825
2026-02-12T23:07:24Z,KOR_DEL_Lee,account.a8e6d209ddd1412bae0447af267a23ad,1841
2026-02-12T23:07:24Z,hoon-1998,account.39868de7df114f20863fbf9399086523,1530
2026-02-12T23:07:24Z,TToreore_Chicken,account.2a809ac12d754bcd9f8b15a29bebd91f,2214
2026-02-12T23:07:24Z,B_oOo_M,account.b1dcde32ec2f4f27adaafb72161804ac,1645
2026-02-12T23:07:24Z,Maro_VIP,account.94827455e15c4753930481a8c7c0786e,1968
2026-02-12T23:07:24Z,kiokil,account.08a9871e52ee4a6594813cf68043b94d,1109
2026-02-12T23:07:24Z,KIMJINA1220,account.8c17bbc3a8884070ad012b53c7402562,1819
2026-02-12T23:07:24Z,cuteswan_001,account.5eedb090afa0495ba7ad12aa053a2686,1147
2026-02-12T23:07:24Z,motrot,account.f74023335ebe4550b986d55126df5f6e,1997
2026-02-12T23:07:24Z,Call_it_off,account.8d1eaa92add44a749b70e4ff7cd2798e,708
2026-02-12T22:59:13Z,soninos,account.0c0deb1fe0774bb99c9d633d62b5a6ae,1716
2026-02-12T22:59:13Z,yjihyun,account.a860b74d4c054519a06f415c91aecd04,1933
2026-02-12T22:59:13Z,Imeddiey,account.5467b546e8fb48d4bcf5818d15e53b00,1867
2026-02-12T22:59:13Z,GGOMA2,account.d82926a6b53a4017aba70596f6a11d2b,1700
2026-02-12T22:59:13Z,taegyu_-o-,account.6ea429cc5faf4ef5aa75fb0eef481202,995
2026-02-12T22:59:13Z,QUO_S,account.d3bfeece00bd46e89156287060a559fa,1800
2026-02-12T22:59:13Z,gaeul2__,account.5661262c1f2d47728a8e37746e0fbbf1,2200
2026-02-12T22:59:13Z,dbdndka,account.ff60db6d05454b01bc6e58667533b0b4,1486
2026-02-12T22:59:13Z,1_GGOMA,account.16a43f4b7196409d8f308fab2c1d2e94,1788
2026-02-12T22:59:13Z,j_uxx_0108,account.1a1fb40184ef4d66b2e85f61173073b6,1754
2026-02-12T22:59:13Z,gkwns69,account.748326454ba3466e80cbd64959e6c389,1875
2026-02-12T22:46:05Z,Godyoonzz,account.0e45c5f970c94ce396c0b63720ad22ab,1737
2026-02-12T22:46:05Z,BBOBBY9762,account.2a6ba00e797e4e6b81be71a081f6c738,1940
2026-02-12T22:46:05Z,Woong318,account.64d20a42aa6b4a138d104af7eacea195,1878
2026-02-12T22:46:05Z,gotoworkeveryday,account.38ce572ad44d495c9f345be34eec3954,2125
2026-02-12T22:46:05Z,bongsusan,account.bcca0109761a4409aa22f3817c842a31,1727
2026-02-12T22:46:05Z,Zou_Hoze78,account.e7e699e858a14d8989f84272eb18e772,487
2026-02-12T22:46:05Z,ZIP1141,account.c7f6e07325bc48db9a7965d5f3467a7e,1847
2026-02-12T22:46:05Z,moogiwara,account.5e843ec58c7840ef9c8e0da52233e152,50
2026-02-12T22:46:05Z,sanggk,account.01a9b60fe2f74be2aca3fdb73d3c51d1,2013
2026-02-12T21:25:52Z,ggam_sun_2,account.aefb5623d2a1426fb80422f40156df65,1992
2026-02-12T21:20:37Z,UDT_ShenOwO,account.9c1263dcf21a4a68adb5c323ac3efa1f,2472
2026-02-12T21:20:37Z,UDT_TOM_Hardy,account.66019f81991c411396adf653263e62a7,1800
2026-02-12T20:56:03Z,SSSSSSSSSSESXXXX,account.3e98022fe2bf4c20aad9271ce11fdede,1075
2026-02-12T20:56:03Z,CDN_-Hyunii,account.b51e465d0c4b42bda0a7eca831f643bb,1976
2026-02-12T20:56:03Z,kimdahoon11,account.f049630e3db94ab09ddf114e7ad4943d,921
2026-02-12T20:56:03Z,SSENDHSA-__-,account.962041ff95a74063aeea2e8ab89c8eff,1634
2026-02-12T20:56:03Z,Roh_SH,account.c9b8882afda6443a9a5b53d9d9b810a4,1025
2026-02-12T20:56:03Z,KGM_NoDIFF,account.04549ea74a9945f1b57df5ce965e3e34,1541
2026-02-12T20:56:03Z,A_111-222-333_,account.972dd1f60e214cf785a4f59840a1e1c9,1901
2026-02-12T20:56:03Z,jg1541,account.36fd6588a58a47148e47f888e04625c1,1608
2026-02-12T20:56:03Z,pobidon_ASU,account.2fcdf4dced9d4f4d8f3ed1841707e9b9,1681
2026-02-12T20:56:03Z,Life_is_Art,account.40fc1483de2d4dc8a36a9a2e1fae3d83,1575
2026-02-12T20:56:03Z,GWD_Aug,account.397c14c8febd47338647b6ce8af24060,1656
2026-02-12T20:56:03Z,VG_Hou,account.1e0e1fdb1de04a2fa1c0cf8068107cdf,2132
2026-02-12T20:56:03Z,BADNAME_260209_2,account.ddc7c77251c94e838b2a8c81c45c9674,1824
2026-02-12T20:56:03Z,SKL_jjinjin-_-,account.43b3bb6e13f84f94af0e090e52f74c65,2022
2026-02-12T20:56:03Z,SSENMINHO-__-,account.1e5dd098f25a4b2a9169ec796436807a,0
2026-02-12T20:56:03Z,ywzzangvv,account.034937bf3ca542c69d6a00ecc156da3f,1400
2026-02-12T20:56:03Z,sleepAWP_,account.b75c5e0efb02411889ca0151e076f039,1926
2026-02-12T20:56:03Z,Choyong,account.88d07d024b3f44a7afedf9bfa53a4f4f,1871
2026-02-12T20:56:03Z,affect_Victor,account.5325433719154d22ab4179ed10332f36,1557
2026-02-12T20:56:03Z,ngm0ngm0,account.3a9df06d70f94abb82e6f85fda27d63e,0
2026-02-12T20:56:03Z,rlafhdkseodyd,account.f23326f4fd7543e2836ebb512e6e58b1,1706
2026-02-12T20:56:03Z,Nvm_ZhugeLiang,account.69a1e35159b447d981cb7bec5286cf62,1819
2026-02-12T20:56:03Z,KSH4459,account.f0847be20426414fb449eae711a5657a,1990
2026-02-12T20:56:03Z,GHIBLI_MT,account.3f1e75a33c8c48fcaf2d011c7a1dfb1b,1965
2026-02-12T20:56:03Z,6pooh9,account.b1323ccdcefb4f569d22195ed54ab690,1861
2026-02-12T20:56:03Z,8xScopePlzz,account.00f30433715b4da7bea2780770693c04,2066
2026-02-12T20:56:03Z,VVIP_BMW,account.f6018add1e234ff8b5f8f5bd0a92e50f,2014
2026-02-12T20:49:04Z,yb0428,account.37e3b4e5e206409090dec119421c28f4,1865
2026-02-12T20:49:04Z,qmfforqpfl12,account.9c3ebfd1bde143048413c79fdf3f7946,1553
2026-02-12T20:49:04Z,luv_yeonhu,account.7d863586abf447a19119d5ce9aa2fb7c,1960
2026-02-12T20:49:04Z,D0NGKlM,account.7ba996b5a75c4349a48fcc20598582cc,1673
2026-02-12T20:49:04Z,AK_DAEGGOAL,account.be58c84355954d24901a914715fe4e31,1289
2026-02-12T20:49:04Z,oysilgeum,account.58c06bce093649829a5c3773d2ca270e,2182
2026-02-12T20:49:04Z,0osama0,account.cfd1874c4add41a985f5624933d6b120,1945
2026-02-12T20:49:04Z,HEABIMSO,account.c4ae623ecb094321a9c660db0b2b23db,1546
2026-02-12T20:49:04Z,sldoalzjt4U,account.eaf612c9caf24bc79fc110451a1ba498,423
2026-02-12T20:49:04Z,1020102012,account.06c13c522d2b47978c16b01f61136da4,1723
2026-02-12T20:49:04Z,yongheekuy,account.753dfc7690b64a02a0d4a12e9c0d4489,1188
2026-02-12T20:49:04Z,l-j-lj-l-jl-j,account.e04a92dda5614e36a2ffa52bb079864d,1812
2026-02-12T20:49:04Z,fox_Tmi,account.7f9583ce38e84fc89dfebf8255b130f9,1353
2026-02-12T20:49:04Z,yangki_yw,account.16fdfc7e7ddc47d489efcedcc31454cd,1667
2026-02-12T20:49:04Z,jungminMom_3--l,account.f2820124698c45b19090244814f09f83,1928
2026-02-12T20:49:04Z,Zuntto,account.619309b707214ec788d82ea01d6ca3b2,1899
2026-02-12T20:49:04Z,NuDuDadDadHae,account.1124a57fe7854ae6a39443604665acf8,1680
2026-02-12T20:49:04Z,bae9pa,account.0ab971130c4d4706b8685f06a51ccfb0,2200
2026-02-12T20:49:04Z,Plays_0402,account.40b29dd6b0794a9ba195c6d038a0d98d,1329
2026-02-12T20:49:04Z,your1mom_ah,account.02a83a931c9f4e1887a0c61cf5ae2f38,1713
2026-02-12T20:49:04Z,DIOR_Garlic,account.e473d79d7fc047aabf703680d0be2d94,1802
2026-02-12T20:49:04Z,sexyjun040425,account.e6e78a84f11649329f98a681656506f4,1464
2026-02-12T20:49:04Z,GoGuMa-Gas,account.e38a85cc325c4993bfda00c54721d24b,1941
2026-02-12T20:49:04Z,leesj0113,account.ccfdcc22cdaf4d2d8b7a8102ab772354,1830
2026-02-12T20:49:04Z,cxxx88,account.9de38b377dfa49ffbe415d3034176fd2,1706
2026-02-12T20:33:50Z,aosgood,account.0dc3d6a0e0e84d45802959995812993d,1988
2026-02-12T20:33:50Z,ReginaldKray-_-,account.c083e8def8da45a1ac70bcee72d46fe3,1991
2026-02-12T20:33:50Z,tkdgns5456,account.798dced738a94ce897dd26a9a6839755,1566
2026-02-12T20:33:50Z,yysspp1111,account.1cf9614a2dac4033869deda094b6e3c7,829
2026-02-12T20:33:50Z,corothy,account.7bd5494617594bfca9b312e5a1c9a720,1423
2026-02-12T20:33:50Z,JSBD_Vitamin,account.d4ce49a5ba424a2a82e2897a204cf2df,1476
2026-02-12T20:33:50Z,I-IIII-II,account.5cde289c3c194b69a136c41944485fc7,1563
2026-02-12T20:33:50Z,myeongplay,account.1acd1ecd1b67459e8ed94f6098abb442,2029
2026-02-12T20:33:50Z,ToT-_NWNWNWNW,account.e00b3823b92c40a19abc2b3d853ce23e,1566
2026-02-12T20:33:50Z,wpdn22,account.70a9fc5a287f46fbbb6a996bc930a4d5,1558
2026-02-12T20:33:50Z,ToT-_7lEl,account.d0900704efc04ede9905c664e2a30cf3,1381
2026-02-12T20:33:50Z,ckm93331,account.6c11f7f63e514eb6b28758a67267b877,1907
2026-02-12T20:33:50Z,carpeD13M,account.dd463e1bec044026ba8c2224e4d80daf,1090
2026-02-12T20:33:50Z,jonnasinna,account.9d22e88b56904b90bf4f0c45df5907c5,1158
2026-02-12T20:33:50Z,Sibuya-,account.57d39f4e175042f3908fd99cad06cfa5,2211
2026-02-12T20:33:50Z,kkoyohan,account.393312e9eca74b7ea4348a583865a3a6,1242
2026-02-12T20:33:50Z,ToT-_DamBee-MOM,account.12d02ab78d7c4428aa208dabca764f09,95
2026-02-12T20:33:50Z,xiieon_,account.3f23bae4d9414a41aeba7fa6f3eb6eeb,63
2026-02-12T20:33:50Z,JSBD_ANT,account.7606e2c9e6a443658d3a6ce35e1deeb4,1236
2026-02-12T20:33:50Z,HS_Rozy,account.085e0e92752d4c11b5d36e355009147c,1453
2026-02-12T20:33:50Z,BEUGATI,account.a8da881418bd41df9d6c8dc997b79316,1725
2026-02-12T20:33:50Z,ToT-_S2,account.f8f85fa658d14cc4805d064f61e3cfd6,1941
2026-02-12T20:33:50Z,Despera18,account.8a8be0382a6e4b39a9f7df8aca10eb1b,349
2026-02-12T20:33:50Z,qwrqxdx,account.1cc1f72816a74c51920a0eed20e20663,1825
2026-02-12T20:33:50Z,JSBD_GETOUT,account.fd38b563f9a147d29cd4304038b1bab4,1466
2026-02-12T20:08:20Z,IG_greatest_han,account.962fb7c32a1d442597403936a1fa4eb7,2198
2026-02-12T20:08:20Z,qweqweqweasd_,account.d8b03a9b834b494daf68e6a758479f2f,1519
2026-02-12T20:08:20Z,CHACHA_89,account.929fcbf7dbdd4e2eab11a2820550d825,1806
2026-02-12T20:08:20Z,Harry_choi_1,account.ab0a786252264a33b366d1fa00ab1b8f,972
2026-02-12T20:08:20Z,fucu18,account.544d56aeed7941818ef67dca1aed1c27,1773
2026-02-12T20:08:20Z,BamBi_daehyun,account.7cbf3757dd63437eb8c497ad2291204d,1871
2026-02-12T20:08:20Z,Songjans,account.ed6ea28aeb1041a9a719f6189ab2a932,1358
2026-02-12T20:08:20Z,zldwodud,account.9d22596a6a0d47d5adda28b5d15cd8a0,1363
2026-02-12T20:08:20Z,qpqpqpqpqpqp-__-,account.147e06c47b6a407fbaa6f561e3051870,1902
2026-02-12T20:08:20Z,applemomotree,account.0379ff6220354c9381f622b89d1e5dcb,1840
2026-02-12T20:08:20Z,AFTV_YeoRi,account.01956eae446d4a43aeff4dd14f7f0152,2002
2026-02-12T20:08:20Z,simmin88,account.3ea5afe6165b4e60be937b00401e667e,1574
2026-02-12T20:08:20Z,govldkdl8757,account.8d428bf3be0f4965b28cc3d51ea507c8,1725
2026-02-12T20:08:20Z,zwjtmxltm,account.8e908a53dd544777aa46a1552cb878b5,1817
2026-02-12T20:08:20Z,Kongju_22_Jung,account.a343de9e83844b00abc1b81426a933fc,1556
2026-02-12T20:08:20Z,Kuumel_BF,account.b0550ae91dc04c36b4043f6e6d113fb0,1706
2026-02-12T20:08:20Z,ARUSH-_-JS,account.001cba7986a146cba567c54ce39049a2,1997
2026-02-12T20:08:20Z,iamnotbyungyeon,account.c65a86bcdc34473eb381cd8b83764a9a,1966
2026-02-12T20:08:20Z,Gen_G_DGZ_DG98,account.d9f5fa50bf92420c8bec0e8aaf1e1962,1369
2026-02-12T20:08:20Z,00venus,account.87f971b489194532ba3d1e4e2b521984,671
2026-02-12T20:08:20Z,kingdomweek,account.003d02a74b9d467187c8a6d201b7f909,1947
2026-02-12T19:50:53Z,FADE_FAN,account.4386a5ed9f8848ba9ba423f28697abbd,2238
2026-02-12T19:21:51Z,Dumbo_-_,account.c338344e995c4b56a05ec575e73d7787,1932
2026-02-12T19:21:51Z,nnnoshhhh,account.bccd7cb89fc24440ad48b46d788eb3e4,2154
2026-02-12T19:21:51Z,CNN_Diamond,account.fa702703b8a04e23955363d3c9ddbb30,1977
2026-02-12T19:21:51Z,choe_choi,account.0af2047792ee49c0ba5c86f69d3b4cf9,2249
2026-02-12T19:21:51Z,Lr7r0lAH77l0F,account.31449f33bd934c2eb00033892b13c91f,2350
2026-02-12T19:21:51Z,NT_GaeDol,account.1c00c4128c3940c5aa55d029e55437aa,2350
2026-02-12T19:21:51Z,wngkrman,account.2d669653eb224e3d90d6e99eaf7ac43c,2240
2026-02-12T19:21:51Z,geunyangjugja,account.37249abfe1e84c66a9e81503ca927532,0
2026-02-12T19:21:51Z,mhm0523,account.c68b23cc09b34949bbcddbfb22de0a97,0
2026-02-12T18:56:34Z,HanChiBong,account.17ea43aed1c3449ab09c09152d5bb524,1602
2026-02-12T18:56:34Z,wngusdlwkawlEofl,account.4159a29ba5aa49c89dfe121508c56ac4,2104
2026-02-12T18:56:34Z,YgdhyGdhygDhygdH,account.26459379d6b145afb014619c19019492,2606
2026-02-12T18:56:34Z,HN_-MASTER,account.fd1790f08fb54fbfa1689694aaacd3fc,1711
2026-02-12T18:56:34Z,HN_-GIL,account.4c46746c179f4f0abfb4f90d37db67fd,2121
2026-02-12T18:56:34Z,oi0717,account.1a12a7a28ee242a19d08597c0acd7660,2162
2026-02-12T18:56:34Z,HN_-BEOM,account.44b4fd42927a41818b0c78e8d0a2ae6b,1801
2026-02-12T18:56:34Z,jangchan_01,account.b74c59d48f9d402482551725a5287cd8,1971
2026-02-12T18:56:34Z,HERMES_PEPSI,account.9b83bc074e604843a10432fd9027dab3,1931
2026-02-12T18:56:34Z,01058837082,account.3b253318e56e4d9fbb985b8ccc5de265,2279
2026-02-12T18:56:34Z,yepoo5948,account.5698a5a21dd0487dad40eb05d00bcef2,2214
2026-02-12T18:47:33Z,ttO_Orrr,account.05901b51892042c0825a14a2d4cf177c,1397
2026-02-12T18:47:33Z,justdoithat,account.61cd88d98954423fb15baf64e3e49ed4,2298
2026-02-12T18:38:46Z,Thwlwhaakdy18,account.f5a387248d02465ea1fd90c9758cd598,2387
2026-02-12T18:32:57Z,eGo_Cute4xjuil,account.2117def85a6e44dcb3f8c91030af3787,2755
2026-02-12T18:32:57Z,K9_GWANSUN,account.d4af7b81c16b453f8574b768a2e84cfa,2307
2026-02-12T18:32:57Z,Shoe-_-zZ,account.f880cedd811e4f508b10b4e01778251c,2896
2026-02-12T18:15:39Z,c_jun_95,account.274c548f62104266a15bce25ba121b3e,1304
2026-02-12T18:15:39Z,Banmga,account.3aa26e5d6ea44a6fb04737d3d6b91232,2234
2026-02-12T18:15:39Z,PIB_ADA,account.e7506f7bd38f4c5794de00b07cb8fcbf,1899
2026-02-12T18:15:39Z,llwpzz,account.cc5c21a362cd432eacdcf1574bfd679b,2200
2026-02-12T18:15:39Z,BamBi_SuBi,account.95b4aff302cb4381bce83338dd3a45ea,2528
2026-02-12T18:15:39Z,ayobitkhyo,account.8db52d132f324d62a259b5633a097c40,1977
2026-02-12T18:15:39Z,Amor_TAETAE,account.51b822610886421e89e924389c522e01,2083
2026-02-12T18:15:39Z,JinLee29,account.db0341e35e1045e8939bc11ad3960605,2009
2026-02-12T18:02:18Z,do11111,account.6b7899dac1a44edba061249fb48f7742,2007
2026-02-12T18:02:18Z,00000se,account.9c9cb77bc272420386c7298c86c48bd5,1751
2026-02-12T18:02:18Z,W00jae_-,account.a6eb0bb4d19249e68a7843e68ac9a3d6,1800
2026-02-12T18:02:18Z,ChungHyun-,account.805f7deedbb94307940de0df3880038d,1577
2026-02-12T18:02:18Z,Lupin_Mangkie,account.bf9d9386e75c4a338d00677a499f23f4,1681
2026-02-12T18:02:18Z,chan_7637,account.108cf87cd95f4f2da6d4d4abeb7c0c91,1765
2026-02-12T18:02:18Z,tnqkrqk123,account.99534721a61a4bc7b1844f17dde4a4d9,1638
2026-02-12T18:02:18Z,333_SKS,account.4e37d16e28cc46db89291c711db57a49,1713
2026-02-12T18:02:18Z,dbsxor333,account.5f1422422d5e439bb3347ff0abe21cb6,1770
2026-02-12T18:02:18Z,na_young123,account.c53d7c4b25844b769efd4f42287262d3,1120
2026-02-12T18:02:18Z,kanakill,account.c2b0b44170bd4e399454ec7ac2d7a100,1730
2026-02-12T18:02:18Z,fkdzld_-,account.fdf50d51a6af418db814413b729bd8fb,1852
2026-02-12T18:02:18Z,hot-seongwon,account.a5dc7dc871a445ba9fc6273f87925fd9,1822
2026-02-12T18:02:18Z,hisharkzz,account.5ec5c35fb7984c4793690744394eb718,2008
2026-02-12T18:02:18Z,park_taemin_02,account.75895832b5ce4240b507127e0d30de12,1308
2026-02-12T18:02:18Z,JUNE_SLN,account.795f99ce7f8549f9b3ed356cefcb6768,1727
2026-02-12T18:02:18Z,JUSTICE_DJ,account.39d538f1086449ed8a066f38cbd6fee1,1836
2026-02-12T18:02:18Z,WangJyuziByuzi,account.5656291b3055465ea8d326f6388b9d26,1697
2026-02-12T18:02:18Z,wade158,account.7ebfa7956854428380c0a2b96f474e39,1579
2026-02-12T18:02:18Z,cju001,account.3e5b6ddea0554b3c8b116c1811671401,1458
2026-02-12T18:02:18Z,Daejeon_oddo,account.3e4f9e00ea384b42b404ee1b9bfa2fc3,1546
2026-02-12T18:02:18Z,LxokAtMe,account.1880d134479844cf9192830137281a49,0
2026-02-12T18:02:18Z,00KTH,account.2894f526b3c348b8b49c9b5383a41ccc,1741
2026-02-12T18:02:18Z,judangclub,account.7230ce845207411c8e0f639e529d8466,1714
2026-02-12T18:02:18Z,Zhongzusunuo,account.f3325fbf2b1347a4af9449ae69c8ce19,1929
2026-02-12T18:02:18Z,Viktor-_-v,account.24004b491ecb4fe38f8839775c3fbcef,1862
2026-02-12T18:02:18Z,SPM-UJ,account.17db2aaac64046a1b71cc0a622774133,1867
2026-02-12T18:02:18Z,kwonnowki,account.7e19f1d8edfc4cf4854629b26b1e41ce,1542
2026-02-12T18:02:18Z,99EJH,account.7b3c9ac41ad3421fb071be9c8a873429,1620
2026-02-12T18:02:18Z,chip-thief,account.62b0fff3048847b0a1103ab07a870fdb,1455
2026-02-12T18:02:18Z,yeongjun05,account.8f84817192ce4c7d9f456518526815c6,1824
2026-02-12T18:02:18Z,Daejeon_ganzi,account.58d70875c8d64c9793fc3b994665ec88,2239
2026-02-12T18:02:18Z,JUSTICE_TW,account.02138864e33a4cccb6328af53e2c5077,1698
2026-02-12T18:02:18Z,Thresh-_-v,account.a65e02b34f2c4093994339fdf0efc465,1369
2026-02-12T18:02:18Z,MEV_beom2,account.5c588a09037b455580d32adad82f233e,1444
2026-02-12T18:02:18Z,Daejeon_M249,account.4c575426cabc49a0afb14d6d595a05de,1823
2026-02-12T18:02:18Z,JUSTICE_CH,account.ba50c66e06184abf9275e534709c6f4c,1820
2026-02-12T18:02:18Z,J_hwan_e,account.300790305d8649329e35a3db7c5a4415,1223
2026-02-12T18:02:18Z,Poppy-_-v,account.1678cb5ec9824e6798a2d09ca28ef9f8,1424
2026-02-12T18:02:18Z,Anivia-_-,account.6801299dbdc04e9db746f0ddb5de33aa,2052
2026-02-12T18:02:18Z,KR_habaping,account.a810742e744e49ada09de1f4fe0539a5,1802
2026-02-12T17:56:59Z,gowjrbts,account.28e776a1d65c47cc923e055aab3cb4df,1180
2026-02-12T17:56:59Z,somsomco_S2,account.d0025feefe6d40d5b8d19dc9c5323a29,1051
2026-02-12T17:56:59Z,bro_Mire,account.e3155ef3ef6445c286f4499224aecf23,1788
2026-02-12T17:56:59Z,HaoHao_foolname,account.88a4f9ca39d44e95bdd637452ff98d20,2108
2026-02-12T17:56:59Z,PROV_B,account.f2adf4ff53bd423e9376aa4d612d0ad4,1400
2026-02-12T17:56:59Z,CES_Medic,account.84f5d83eaf49432da3e763038ed677dd,2044
2026-02-12T17:56:59Z,01076669446,account.130ee526680c47d0bdec79eea5c8f8c8,1975
2026-02-12T17:56:59Z,qazwsx3948,account.0e22e6a918324a95a0c15f868f636530,1983
2026-02-12T17:56:59Z,Bear_Zikan,account.a674723402b3403ea52d7ee3d5e8607e,1768
2026-02-12T17:56:59Z,NAGBERRY,account.394ded4377bd48c59c80acdfb871f578,1588
2026-02-12T17:56:59Z,GYJT_MASTER,account.1df7855d128844d7b760936390369d5b,1731
2026-02-12T17:56:59Z,zzc8k,account.ba6f8113846344f08467048c9625ab18,1488
2026-02-12T17:56:59Z,S1BAL-_MaSiDDa,account.4154accb7d98403a9230304c1618f98d,1099
2026-02-12T17:56:59Z,DT_Hercules,account.8e8ffd45804542c7be737103e2a1e34b,1806
2026-02-12T17:56:59Z,junhee_woo,account.bb88de62396f47a2b8127bda23f5452c,1652
2026-02-12T17:56:59Z,Parkwith,account.52d22b7838e94385964e682c1f179cfa,1585
2026-02-12T17:56:59Z,jbj_0219,account.b10505c3142f4c9285915aba16da5573,1648
2026-02-12T17:56:59Z,bigboss58580892,account.533d73ce0a91460bbb36dbf1894b7617,1666
2026-02-12T17:56:59Z,Style--up,account.7931b475ab06454791fde93d9d6cbd40,1740
2026-02-12T17:56:59Z,GPS_UnknowN,account.74285b7c3dd34ff087eb677514e0d164,1171
2026-02-12T17:56:59Z,GPS_MiLDDuK,account.55eba7a5b5ce47a2976c6c847e8f85cc,1910
2026-02-12T17:56:59Z,Bear_NPole,account.937ed27d4ec54548803a6b62bd588349,1899
2026-02-12T17:56:59Z,Foot_Ionia,account.fc8df5df9d024717a149371e380e27dc,1935
2026-02-12T17:56:59Z,jung_______e,account.a6425447a6944a6cb4ee52426170b422,1555
2026-02-12T17:56:59Z,Chu_0_0_,account.6423ed1bc2804dadbee04a5fe35598a2,1767
2026-02-12T17:56:59Z,Foot_play,account.2d72484499bf4272994fb3afabc33450,1850
2026-02-12T17:56:59Z,GAE-_MaSiDDa,account.8c4a123e567b47d1892962c6c709bba6,2240
2026-02-12T17:56:59Z,gowjrboss,account.b802368572914d9f9f04c386d2a0ec00,1862
2026-02-12T17:56:59Z,saxhalla,account.cab36cdfa5dd45279780b138e233e387,1841
2026-02-12T17:56:59Z,wkftodrlswndlf,account.53fd4e807df240819c477275f9d65190,1508
2026-02-12T17:56:59Z,MINJANO_,account.5b84f3fb891d4ad1a541dab56d5daf16,1980
2026-02-12T17:56:59Z,GYJT_DOBI,account.e888ab440579412492765454dfa8d579,1314
2026-02-12T17:56:59Z,gsfdnklj,account.5fe3f7ecb6de4f46a5a0763908c5ae25,1964
2026-02-12T17:56:59Z,bb1kk1-bb1kk1-,account.e509b0b9b11e45a98d5775095919e485,1613
2026-02-12T17:56:59Z,amsep12,account.f3b1af091ea241afb0e370738ffd9100,1825
2026-02-12T17:56:59Z,gungunco_S2,account.1cab899ae43a4ddd914dac968fe14115,1592
2026-02-12T17:56:59Z,Hyuck-_-,account.860aa9a6cd534601b0490d4f54ab7160,1475
2026-02-12T17:56:59Z,JonNa-_MaSiDDa,account.8905e1f6b9c648a4a22fa59ed5d5a7ad,1548
2026-02-12T17:56:59Z,YoonKie,account.986cd81317a341989b05b1535aca008c,1724
2026-02-12T17:56:59Z,kingSohyun0_0,account.69413d1545884e11800b48b4105e0620,1606
2026-02-12T17:56:59Z,H_Ram2,account.2651c25349c14cc596cba0a5a0a3560f,2140
2026-02-12T17:56:59Z,GPS_DottedLine,account.5d8d755dc61c41e5b70e258ee310a6d3,1603
2026-02-12T17:56:59Z,Bear_Nose,account.11f1f948a3c64d188525a84e1ea1557b,1726
2026-02-12T17:56:59Z,galaxy651,account.1dd8fa4798b14418ba91c76c02c47091,1974
2026-02-12T17:45:33Z,Mooo_s,account.d52075759b8548b7ad6773f86e1984de,1533
2026-02-12T17:45:33Z,Honggus_kakao,account.e3043c3cdf894f7f9fb72accfa4251ec,1739
2026-02-12T17:45:33Z,dbtmdtkd,account.dfcc97b9aa3d4e528db286db7256e9b8,1699
2026-02-12T17:45:33Z,wonkwang_KING,account.86f6ed0fc65e4dac80bb462a64e2ec95,1808
2026-02-12T17:45:33Z,2018Year2M,account.7a9233bd49d34ee590118717ccc75454,1414
2026-02-12T17:45:33Z,FuxxU_SiD,account.0fb10c349b8c459a8d4c8c357c97818b,1614
2026-02-12T17:45:33Z,BONGGONGGEUN,account.c9b5f9d774834deab77fd7cf547c4f01,1749
2026-02-12T17:45:33Z,sniper_leejin,account.1e1732e18de84e689cf1461a760b6d93,1400
2026-02-12T17:45:33Z,FORD_GOAT,account.5c640e56cfe247588383862f8f58bf0e,1163
2026-02-12T17:45:33Z,911RyutaYev,account.862932e434ec4c4ba4a4f9e5ac206cb1,1556
2026-02-12T17:45:33Z,ANGRYSWIM,account.fc5752ef7a1d4d9490be449fc0a40432,1635
2026-02-12T17:45:33Z,loves-4,account.dfc1b5c61d1442f9a49b1abe0a48b3ca,1520
2026-02-12T17:45:33Z,lliililllllll,account.2b26c1f9e54c403da9b88d2aee26feb2,1729
2026-02-12T17:45:33Z,911DMR,account.3aacea2dab2c4ab197645c2cf3161e61,2068
2026-02-12T17:45:33Z,kim9595hj,account.998ee977ada24dbc9564486f72f6a777,0
2026-02-12T17:45:33Z,Yxxuxna,account.d6d1cd8ac2ca40d89f88f065affae23d,2047
2026-02-12T17:45:33Z,Aipple25,account.b8815885dc544fabbbb59f0cd60a60c9,1649
2026-02-12T17:45:33Z,911AR,account.a56b2aedc8f84f75956a9606d0d42a26,2023
2026-02-12T17:45:33Z,audwo1211,account.0676fcafca074e43988e3848010625e8,1800
2026-02-12T17:45:33Z,iliiillliillllli,account.13f1550cd66c4986b65b7cb51f3cecc3,1966
2026-02-12T17:45:33Z,dunomman,account.4743ebedd40b44589b82abc9c0cc1953,1526
2026-02-12T17:45:33Z,naeunprincess_,account.48b3180be0ac44e18656e23c94fc2bf7,1609
2026-02-12T17:45:33Z,The_RedGAS,account.2bcd940f8596484dbe9d96efbc9ad11e,1604
2026-02-12T17:45:33Z,Yo_0309,account.47aa220faa4e4444bd9ec886f480ee89,1734
2026-02-12T17:45:33Z,SeakWon,account.778bf7304c1a4d31bd7c1fb75a332218,2021
2026-02-12T17:45:33Z,meong_meong_E,account.001632a19e1845f28960ecae11fbc400,1731
2026-02-12T17:45:33Z,Ozahirs,account.c573221db60149de84d8747b7ebf635d,1638
2026-02-12T17:45:33Z,Kar98_Yoon,account.69d00b63626b48ea8c40c97640894304,1737
2026-02-12T17:45:33Z,fxxking_saekii,account.7dcb2ee8692047b7a5fb7c7048f1ee46,1584
2026-02-12T17:45:33Z,vorsign,account.02bce6bd52db44bebc97abbdd30e234e,1676
2026-02-12T17:45:33Z,Heorang9,account.ba37bc80406b43f9a2cb0c0e887b43a9,1707
2026-02-12T17:45:33Z,BBong_A_zz,account.f8f2de5da33247b49fc0426c006603f9,1879
2026-02-12T17:42:23Z,KR_nonface,account.361a8da87c154d0094543537e684fb04,1959
2026-02-12T17:42:23Z,Lobbygohome,account.a2e3b9d3456f4afc90ea5abe94121423,1863
2026-02-12T17:42:23Z,kr_mt,account.f34a517684c34d0fbc13cc029c197a0b,1830
2026-02-12T17:42:23Z,HES_JANG,account.adc1690e03294e4baaf5fa7db4bdd7d0,2009
2026-02-12T17:42:23Z,m0nkey-D-d0ohan,account.5ee6967b15f5422c946faacb47bbb8e6,1975
2026-02-12T17:42:23Z,H4EBXNG,account.cebe157553d9456993fa72bb3571cda7,2015
2026-02-12T17:42:23Z,dktotp,account.9109ecce7a8743108722e0b3109ca6ea,1841
2026-02-12T17:42:23Z,r4mee,account.6d28cc272ee54f668242153196cb15f7,1787
2026-02-12T17:42:23Z,marawanggyoza,account.c14b565afa564ab1a2563e10e806ce7b,1663
2026-02-12T17:42:23Z,gownjtlqkfsusdk,account.d31c807427e2433ab144fe46bfa62b45,2023
2026-02-12T17:42:23Z,tprtlchan,account.0155d0b797c4441a8b01e5367149741d,1569
2026-02-12T17:42:23Z,Hooyat,account.b63da22eea8343a08efa25c419ceea53,1833
2026-02-12T17:42:23Z,hs_vely,account.df954a33c8e54ed5bfb95cd07865b91e,1864
2026-02-12T17:42:23Z,qqoasltjddl,account.b9207a8317d246ab8d06e78d661ba976,1995
2026-02-12T17:42:23Z,rokadong,account.d25074499ff84e2c8c2d297b1d40cf3f,1831
2026-02-12T17:42:23Z,BGP_Roti,account.a1449618dcfe47b98ff7caa99c83c498,1848
2026-02-12T17:42:23Z,ljw0609_,account.acd7327ee5ae4f1e94048cd14cb836ab,1931
2026-02-12T17:42:23Z,DENSO-HUN,account.559b8a7a842e4c16ba9edbb7e44178e3,1835
2026-02-12T17:42:23Z,ChickenRunner05,account.3b0c58e6b33a42b1a9b36df30887720f,1983
2026-02-12T17:42:23Z,Energi_co,account.42a5c21bd55c42fbb93c01e9345e6fbb,1843
2026-02-12T17:42:23Z,Uno_Mirei,account.5c7d37505f1e43c1bc51af99e6e37cf9,1979
2026-02-12T17:42:23Z,4LevZzoGgi,account.1ea03ec2de924bbcbd2dc4df48104587,2079
2026-02-12T17:42:23Z,SJN_Rani,account.81ea80901edd4f3b9e35814def05f28f,1691
2026-02-12T17:42:23Z,TK_CongDengE,account.e7e04571d39d491583c6b9b9f1281a55,2010
2026-02-12T17:36:37Z,SAR1GOMTANG,account.893dd974ab7742a48b45ee37b3ecc8d0,1845
2026-02-12T17:36:37Z,alsrbwlgl,account.d3331cba8d444732acf95b096a9e996f,2381
2026-02-12T17:36:37Z,TKC_dark,account.c0c9a1a0c2024f7bbfad7fc4c0efe6e1,1733
2026-02-12T17:36:37Z,lkmforet,account.4cf05fa249de42fe902c0dde4edc1fc8,1842
2026-02-12T17:36:37Z,ETG_YongIn96,account.2dc8be1e7ba44268b1cd26c48c27e152,1864
2026-02-12T17:36:37Z,YJking_2,account.71003b9d9ca14a87b9c67b47869f3167,1800
2026-02-12T17:36:37Z,Ba_ba_bang,account.3a85d592823b49db812cb2bc7f65c072,1909
2026-02-12T17:36:37Z,jeonghan990111,account.47eaeea70a984582a6877ed64c1c98a5,2023
2026-02-12T17:36:37Z,kunyoungjaji,account.d8af968dbd7343a094a77c23eede38e1,1849
2026-02-12T17:36:37Z,metroboooomin,account.bcb87f18f6204301b691a16192b614bd,1800
2026-02-12T17:36:37Z,basecti11,account.9ad4cef0bb7142c2af9812d1aae5e7af,1680
2026-02-12T17:36:37Z,BTF-o-Choa,account.ca252bf614a544eabeba684304a66a85,1800
2026-02-12T17:36:37Z,VAVAP_JSM,account.efa31be40a774d0c9d0059e28368ba67,1553
2026-02-12T17:36:37Z,Nice_SseN,account.51439e210a604e99a6dde57bfb5d078e,1612
2026-02-12T17:36:37Z,pigeon_9999999,account.219701acfe4346ef9bc0a6c77ce8f0ab,1850
2026-02-12T17:36:37Z,ETG_or_7r_2l,account.0cb931c2cf3c4105accaa8a3f01e7c1d,1215
2026-02-12T17:36:37Z,VIP_KSJ,account.b22cc841e49749aa8a5c9ea1aebb4843,1672
2026-02-12T17:36:37Z,parkjihyun3,account.f232d1edd3ba4841bc1c4cf81a52bf17,1890
2026-02-12T17:36:37Z,bbbsj1111,account.4e85c2496ccd46be8e55b4ee4cbbda10,1842
2026-02-12T17:26:03Z,Cherry_-Maru,account.c5a5a7f273da42b192e48e63e2577ef1,1718
2026-02-12T17:26:03Z,100_1_SANG,account.415fcbcd3a7e4eb9a824c9279d8ccd5e,1800
2026-02-12T17:26:03Z,thssp12,account.2bfa417383bd4f5d977ce548a04d2a74,1957
2026-02-12T17:26:03Z,sunnnnnyyaaaaa,account.88775ebb7f1b4f96a6ad34ad331934b8,1739
2026-02-12T17:26:03Z,KMJ_0908,account.0f098f6dd3db42ac80e831591dd4ca39,1006
2026-02-12T17:26:03Z,czxcvzxcvzxcv,account.e5d9a48ac8a5424b92e3b8df793d5980,1838
2026-02-12T17:26:03Z,JJ0KeR__-,account.ab31ac2ca442420d8b219657cbd510d4,1983
2026-02-12T17:26:03Z,66603115,account.af3e3e46a99b4e61ba074355680600d8,1844
2026-02-12T17:26:03Z,SB_Jun,account.67384b06057044f7bfb620734580cfe3,2134
2026-02-12T17:26:03Z,Lr7rLobbyRo_POT,account.ac2fdcd3fd1644fca7d3c80345183f06,1956
