createdAt,name,playerId,currentRankPoint
2026-02-12T18:20:58Z,TurdChopper,account.7bddf95ff0e04b0da396c3503981bd2f,0
2026-02-12T18:20:58Z,Crush_Lucky,account.8773c973797548288aa65ef7904851a6,0
2026-02-12T18:20:58Z,rojas_25,account.f93d859372d541229cae5e13d5ef6ece,0
2026-02-12T18:20:58Z,BELiKiWi,account.fbfe2ca0e2db413eaa207283f757b5e0,0
2026-02-12T18:20:58Z,Crush_6969696969,account.fa734946f73749ca80f9b3d28fd60c9f,0
2026-02-12T18:20:58Z,GermJerm,account.7cf68f194bf645f2acb6d8d0b9ae273f,0
2026-02-12T18:20:58Z,Carlos200189,account.a16282db0f66416680bad818c0c47891,0
2026-02-12T18:20:58Z,li-yu77,account.debc8c9d9ece427bbe88e3bad1379788,0
2026-02-12T18:20:58Z,Noodles_Arms,account.b4dd8aa3a55949128c4670b4bf4107c7,0
2026-02-12T18:20:58Z,f644i6,account.8405f690a4ba4c1da1670de70e4d239e,0
2026-02-12T18:20:58Z,TIMMYTEABA9,account.5119bb1613904722a2523df6235da822,0
2026-02-12T18:20:58Z,byRousingPlaying,account.993deb5bb91743359ae7849e4e68d8a9,0
2026-02-12T18:20:58Z,ARTURO-O,account.2f0b4a22a4cf482ebc78c6dd7b68f763,0
2026-02-12T18:20:58Z,POPEPOPPINS,account.bc2ae6f875794787821ba79ed70b3ec7,0
2026-02-12T18:20:58Z,6TJorge,account.8315fe66022243ebb43b3015e73ddff6,0
2026-02-12T18:20:58Z,Cotton_Hill101,account.73e2e387b86d43268f68dfc418902d15,0
2026-02-12T18:20:58Z,DaddyRabia,account.967d8e743fa14780a4d4b3e7b5778558,1547
2026-02-12T18:20:58Z,lumianiigbear86,account.eda87f776a554af7ae1993a2fcc888b8,0
2026-02-12T18:20:58Z,HelloSir210,account.42ef7bbabb064184bf98a82f51814e8b,0
2026-02-12T18:20:58Z,Terps90,account.3b66ac8e360b4a19bbb77e3646c55b89,0
2026-02-12T18:20:58Z,GMJess,account.50bfcf8d62ad48089326c813f2ae63f7,0
2026-02-12T18:20:58Z,AAA0100007,account.31037208d5b0468f938f755fb24fda78,0
2026-02-12T18:20:58Z,MZ_KAISER,account.0edf48eee80a4a9f94d9686f8d8ec4c1,0
2026-02-12T18:20:58Z,LASHPUSH,account.3b052b09cbec428abea079d76f0c659d,0
2026-02-12T18:20:58Z,LEXHOE,account.38458b30c79c41cfba46458ce4ab4d35,0
2026-02-12T18:20:58Z,PakSongHip,account.8a279443e56b43ebb7030523f79de02f,0
2026-02-12T18:20:58Z,TestTubeSnailMan,account.3dcb4d518b5642dcb7258457b3908a1b,0
2026-02-12T18:20:58Z,XxxL2024,account.fce37fa033a74cdcae2e0db050ef4c94,0
2026-02-12T18:20:58Z,X_90Su_X,account.c6422c77533d4059882c95638bfef69b,0
2026-02-12T18:20:58Z,Yefry99,account.faab95dfe43d422d84ba76cd25c0448a,0
2026-02-12T18:20:58Z,Yimer100,account.16654e07cc534564aeddcaf622f3df17,0
2026-02-12T18:20:58Z,Pha10mX,account.6fc30324c9134183a8fb4e6e8af5e7e1,0
2026-02-12T18:20:58Z,phat_nicker1018,account.eecc8c4f7b434dc1ac755a10df16b8c9,0
2026-02-12T18:20:58Z,dagodfc,account.19e19a7d28fe4096ae5f76056d39350b,0
2026-02-12T18:20:58Z,TH3_Un1t,account.4ca26eed512b4b859d448253864672ac,0
2026-02-12T18:20:58Z,POPSIDL,account.b28d0de2786d4791a4faedec6f0bbce1,0
2026-02-12T18:20:58Z,Crush_LQ_CLKxu,account.2ec961037de14161928ba1ddd6ee7a09,0
2026-02-12T18:20:58Z,CuumFilledFrog,account.a515bf992cb3472e899150ca57175d28,0
2026-02-12T18:20:58Z,IlovedHerALot,account.956101d721a445c6bf5ef6312ac36f79,0
2026-02-12T18:20:58Z,VelociGator,account.08da63e6e4d84f94ace8ec6ef5f5b629,0
2026-02-12T18:20:58Z,DS_CaptJack1001,account.c241bb6820ae49f89c4f8c41324b9906,0
2026-02-12T18:20:58Z,Poin_T3,account.b35c8b429b8141cc82ad7706e1493fb5,0
2026-02-12T18:20:58Z,mcy1616161616,account.363a3885ab9f4cf99ef31b03f664f4a9,0
2026-02-12T18:20:58Z,NCG_Gusto,account.f7370a329dbf4528b1a969c5579ae677,0
2026-02-12T18:20:58Z,MZ_RAPTOR,account.0d8c19063cdc41eab093b134d57b8c1b,0
2026-02-12T18:20:58Z,KEVINH_,account.e1a23900e73d410999c76b56552a693e,0
2026-02-12T18:20:58Z,Brandon_Lee21,account.5326c6ad1c104dae82fffb03594610ac,0
2026-02-12T18:20:58Z,QingTian1218,account.ac11bef5c19b45579c2d33cf0ba8859a,0
2026-02-12T18:20:58Z,CashMoney-24,account.16fffbeaed694e3f9483252ac432dd05,0
2026-02-12T18:20:58Z,NY-killers-FJ,account.eadb6fa6489d4718a4256417914bbfb1,0
2026-02-12T18:20:58Z,Hitwolf1985,account.9fcf9d5517c34e2cbd3da4969524a60c,0
2026-02-12T18:20:58Z,AXOXNO,account.f6e70e38649944dc94ccb801b6eee8c5,0
2026-02-12T18:20:58Z,MZ_VENOM,account.f1c62a8b25014039999d3bebe3a3e47b,0
2026-02-12T18:20:58Z,Herpetologist,account.92222c202cee4628ac0d1c33cf15b23c,0
2026-02-12T18:20:58Z,DS_GhostlyBlues,account.1f13607f5b5e4210b71a020a88ce7deb,0
2026-02-12T18:20:58Z,skate3200,account.9d002abcb4644d11a189013714282580,0
2026-02-12T18:20:58Z,Ephemeral-No1,account.e717d16a1cba4269bbd660df93b4c744,0
2026-02-12T18:20:58Z,UltraTrash4,account.50587478787541d98d011233e93e138d,0
2026-02-12T18:20:58Z,kill-m-all,account.582cca9cc41646abae63eec2d5063172,0
2026-02-12T18:20:58Z,4m03,account.9f7b9f6af91d4e708ed18f312cd872ed,0
2026-02-12T18:20:58Z,Checho_Rol,account.7cd6dfa7319e47028d7d413375cc4a4a,0
2026-02-12T18:20:58Z,Angry_OnlyTrend,account.cc1b11b6414a46228d1cc80803419489,0
2026-02-12T18:12:46Z,MaDaFaaaKaaaaYoU,account.8b3ed5cdf0e14042bd30048392a47b9d,0
2026-02-12T18:12:46Z,bbo_okki,account.cae26d2565024671a98fba1eac4029c5,0
2026-02-12T18:12:46Z,Himoo,account.3a584157b4a5448993d77db42539c1f7,0
2026-02-12T18:12:46Z,LOBO5258,account.7d1aa04a389348648435f8bd3e0c2930,0
2026-02-12T18:12:46Z,Skolary,account.d3f2da6696ae407a971797a662487e1d,0
2026-02-12T18:12:46Z,Versif1er,account.0abdeed3c511447f838cd21c9003bac1,586
2026-02-12T18:12:46Z,XxEvolLynxX,account.5ae406a06bf649e88d99ddc356cce68a,0
2026-02-12T18:12:46Z,Hore-Master,account.304b44f9b00d41be9de3f57e83721290,0
2026-02-12T18:12:46Z,DesertPunk-_-,account.7123266d717749018ff3dda54a75f113,0
2026-02-12T18:12:46Z,yagvr,account.3b25b2b24256404599e3242beb96588e,0
2026-02-12T18:12:46Z,Rick100,account.18a97bf5b139488e8a81fb2a650aff5c,0
2026-02-12T18:12:46Z,1fhg5x91n5pt,account.b3fec6affb8a4a6db90b6421361e3907,0
2026-02-12T18:12:46Z,Alexius-Chen,account.41837b06146c47a2969845d39953cdf5,0
2026-02-12T18:12:46Z,WPB94,account.f9a828d553c04405907ab9240d79fd30,0
2026-02-12T18:12:46Z,Negromantia,account.a65cb19a6fae417bafa88daf70394737,0
2026-02-12T18:12:46Z,feet4curse,account.0ccb43b0557b4eab9e924c4e5ad303d7,0
2026-02-12T18:12:46Z,SquadWipe-,account.86facffcee324c06a5e8a07da9a98102,0
2026-02-12T18:12:46Z,James_Mason1,account.f2772964886c4f42995324b30da06e24,0
2026-02-12T18:12:46Z,Shadow-Wolf-001,account.2832e0ff0f234f91baa3ca56efe392a1,0
2026-02-12T18:12:46Z,EscorpionZ21,account.522def25593948468d958b87d397ee60,0
2026-02-12T18:12:46Z,CynicalWayne,account.80a5e65f60444ede979dc2e8cf3fe97a,0
2026-02-12T18:12:46Z,POLLOLOC01,account.cffed36c0d824cffb54e95fb9758c015,0
2026-02-12T18:12:46Z,sircaone,account.f3ba9c77d9a54c609c752e5b4b6c1ea9,0
2026-02-12T18:12:46Z,6S_UrbanFarmer,account.26c86155ef334cd2866e2c4d90a3a5f7,0
2026-02-12T18:12:46Z,S0henc-,account.ac0a993e4ce4430f91cc3403e087c378,0
2026-02-12T18:12:46Z,USA_WAMPUS,account.17d1ac9137204ff2ba71af9d999b4a74,0
2026-02-12T18:12:46Z,shootthekings,account.e74f67d388654d39b99325ed2fb32879,0
2026-02-12T18:12:46Z,ScardY_CaT,account.7dcefd4a270749eeba1cecf4c8af097d,0
2026-02-12T18:12:46Z,LeatherHeck,account.0ced6129eaf144639c9c02f75857343f,0
2026-02-12T18:12:46Z,jackpotek,account.5361257b72c44a8da9ab4a87322e714a,0
2026-02-12T18:12:46Z,Chao__9999,account.2d03cd69a464457ab587c117f3ceb6b9,0
2026-02-12T18:12:46Z,doctor_qwerty,account.dda8ce04473b40b9bf2f14b50ae653de,0
2026-02-12T18:12:46Z,Z4RC0N,account.c8c01a167aeb4a68a50918c5f731e538,0
2026-02-12T18:12:46Z,deadbeatbill,account.82cef6e384e04a509ea90d86c761ab0a,0
2026-02-12T18:12:46Z,AndyKaztro,account.c9ec39a29e224967b9aa2e5bc30b135f,0
2026-02-12T18:12:46Z,CRAZY_CUBANX,account.92a21c39256342879225f97796e91b6a,0
2026-02-12T18:12:46Z,Nyar_Plays,account.948b645e1b7149ac84481ae3a501c7b5,0
2026-02-12T18:12:46Z,PurplePigeon,account.4d0f2bfe563c492596b21afbe9d12f16,0
2026-02-12T18:12:46Z,bartyboodles,account.2d5e365e8a9e42bda955cedc455ced86,0
2026-02-12T18:12:46Z,Perzival5,account.c7d5218467b8445784f8da47e10cc9a4,0
2026-02-12T18:12:46Z,HerLale,account.8563328d43464ce7acf0797173a0ad6a,0
2026-02-12T18:12:46Z,Aerobatic_YW,account.0d39c2e62193458881bff7c7cc5ccb94,0
2026-02-12T18:12:46Z,FreyaTheSlaya,account.eb558ba977ca4c6bbe07ae631dedb469,0
2026-02-12T18:12:46Z,Elreyflahs,account.3d1423d5d4384a3ea066ab383b6ffc45,0
2026-02-12T18:12:46Z,ElCuchillaGeles,account.de281318f1d7486fa43a7654329a6827,0
2026-02-12T18:12:46Z,Robot419,account.3aaae14ede3941f693638f69d811ada7,0
2026-02-12T18:12:46Z,FAFO_Zilla,account.491839c8a1214d3aa63c690c21d2f368,0
2026-02-12T18:12:46Z,xPoWeRZ,account.b073cedb447e476392bddaabb7046a3a,0
2026-02-12T18:12:46Z,jaepliveitup,account.7922db3f1c134e27a13727ba8479ce8f,0
2026-02-12T18:12:46Z,Ilove-myaunt,account.13cf9d3adcc84843a34ac77a9aa62fa6,0
2026-02-12T18:12:46Z,xzYANxz,account.1fa4797a8ec74754ac61cd589e8746f2,0
2026-02-12T18:12:46Z,Leindavid,account.5ec556921d6442efa2f9bfd388877822,0
2026-02-12T18:12:46Z,bakayaro_o,account.dfde4a36ba26466eafb65e711790c9e4,0
2026-02-12T18:12:46Z,BMW_M5_Touring,account.d87407dc2ce546ab8a0d642fe5734ce1,0
2026-02-12T18:12:46Z,BrayanRcD,account.42ae7417085845498a7dd6d967237a24,0
2026-02-12T18:12:46Z,MR-Scorpio-XD,account.ed72ec321cec4feabad2f1fd982aab14,0
2026-02-12T18:12:46Z,TERPSLURP,account.16c7e2056d134bd2acedbb8f5819e060,0
2026-02-12T18:12:46Z,CUBANBOY777,account.c1139020457a47b4ada9f91a2e57dfb2,0
2026-02-12T18:12:46Z,Mr--capricorn,account.594b455c0c44442999c0d9152798abd1,0
2026-02-12T18:12:46Z,VikingoPA,account.cf878974374e493a9c2b34b2862c54e4,0
2026-02-12T18:12:46Z,Goku1aa,account.926aba7d7d0a4f31bcbc12e3115357f0,0
2026-02-12T18:12:46Z,AO_Shan_MDS8,account.4d68c9e2aae34b7ea0dc6c0630fbb505,0
2026-02-12T18:12:46Z,C_inderell-a,account.c33f913836c54c4fb5d8a033838053a6,0
2026-02-12T18:12:46Z,ARM1N,account.5f358d16b8644c47b9cfd4539d62b1c5,0
2026-02-12T18:12:46Z,Wakimlord,account.6e2144af6c54451dbbcd22ecf6ec84b7,0
2026-02-12T18:12:46Z,maomao_dongdong,account.bbcdce187e524bcfb0f371cf31a20808,0
2026-02-12T18:12:46Z,FFFei-_,account.3f09be3dce6a4b3cbc12d75a1140e0c5,2257
2026-02-12T18:12:46Z,Hazlann,account.304f4709ee20418f8c910d575daa15b2,0
2026-02-12T18:12:46Z,lafayettel,account.fe83f6608d34471a866815814c16395c,0
2026-02-12T18:12:46Z,civord-DGN,account.55b6a468dad04452afa77679bb6cb984,0
2026-02-12T18:12:46Z,999shh,account.cace8555262f4394a7395d2a6ac2399a,0
2026-02-12T18:12:46Z,CSC-GaLi,account.5daa1c5fc246433ba8c66094d4f88725,2346
2026-02-12T18:12:46Z,ReZhen_-,account.239c17248c024d9f9f6699fcea91f3cd,2750
2026-02-12T18:12:46Z,Leo_17o2007,account.375f951128ec42daaf7a9e0e26139122,0
2026-02-12T17:57:20Z,antty_dema,account.e102aa4afd9349edb47416f53a76ee2a,0
2026-02-12T17:57:20Z,Spartan1220,account.c6bf2123b3bb432b9524800b8edbb050,0
2026-02-12T17:57:20Z,Yewfaka,account.5ddc5d6f0e6c4dc9ac7247deadd8c092,0
2026-02-12T17:57:20Z,TatuadorVIP,account.22b57c18249744818640e4b2e68a0ccc,0
2026-02-12T17:57:20Z,BEARBEARKRIS,account.9e9ea635afd74ce9b4f8fd6c38eb8afe,0
2026-02-12T17:57:20Z,SOAP141X,account.5f10a2a8530f456285cdd7a1c93a9fe0,0
2026-02-12T17:57:20Z,bhjkvyg,account.24ed935608b1467c8e416629b0c6cd8d,0
2026-02-12T17:57:20Z,HaoFei_-,account.d49119ddf2b74fbbab6aa3e66b2bde95,0
2026-02-12T17:57:20Z,TAIWAN_AIDS,account.0cd63f50522943cdb75a5acf25ac584d,0
2026-02-12T17:57:20Z,Deeeeeeeeeeex,account.f8deb36c404c4fa58d173163146c7aa9,0
2026-02-12T17:57:20Z,M249-RenZhuLi,account.117fcbdcc6eb47c181ee29c5608e2305,0
2026-02-12T17:57:20Z,ESTRADA22,account.3ccdb63b2a8f4270a29d469c6f265a02,0
2026-02-12T17:57:20Z,13-OwO,account.4ae2f9119f5d45ca87c94678630157f5,0
2026-02-12T17:57:20Z,Aldemar_13,account.53f808ab378b45f787fdd14ea16f83a5,0
2026-02-12T17:57:20Z,SneakyLulRice,account.4dd084bf45e64e13b2c928131b5f69d7,0
2026-02-12T17:57:20Z,C8Joka,account.420e60460d38493ebcfccf8e9581f56a,0
2026-02-12T17:57:20Z,SeoulOJOgang,account.b5079c05e01e4259bbe25ca45aa3ef65,0
2026-02-12T17:57:20Z,ROLO2020,account.b008d8429b8248f98c3e8ae8cce8b0da,0
2026-02-12T17:57:20Z,BlackCatLe,account.89d3ce89ef0943a98b4ffe60bdcfd5c0,0
2026-02-12T17:57:20Z,MaDerFker_GGBond,account.469e11de6874490f93567d1fb61ea038,2090
2026-02-12T17:57:20Z,Kmui3,account.1b07b5a1b374433f97a149808cc3978b,0
2026-02-12T17:57:20Z,KG_KASHTTV,account.d4ed5c6e92c44f49bb1539e6f672c996,0
2026-02-12T17:57:20Z,Rick150,account.d741e8919cb7487098390586da17cc26,0
2026-02-12T17:57:20Z,AwangZH,account.f4e775fb5233423fa519b6f4daae169f,0
2026-02-12T17:57:20Z,SEBAs04_09,account.776f4b24f43047458f8d9a7922344ad4,0
2026-02-12T17:57:20Z,Hans-quyu,account.8105136ede684ea5a42326b89d8188e0,0
2026-02-12T17:57:20Z,7evenths,account.8719bf474fe24fe4a486b6d75e98f257,0
2026-02-12T17:57:20Z,RO5EN,account.9bb3e4dceca44fcea6741a7e2c77424e,0
2026-02-12T17:57:20Z,dinhojose12,account.c5593dcf58e744cb8661280bbfd83734,0
2026-02-12T17:57:20Z,vHazzey,account.faed769dba3646b788050649bdfa400c,0
2026-02-12T17:57:20Z,CK_Daboko,account.50f5e342f3934502ae8553d921608263,0
2026-02-12T17:57:20Z,MANGFU_________-,account.388477c74c1e4a7aae7234122660eed3,0
2026-02-12T17:57:20Z,EDS_Wings-,account.a81ba803ef3047dfb72fa82bf97c3e94,0
2026-02-12T17:57:20Z,KERIDAN,account.ab52925d55e644288f3b3fce3f2534a7,0
2026-02-12T17:57:20Z,Clebinho0,account.d2e1bf129f2d47cba15de44055612d32,0
2026-02-12T17:57:20Z,Grizzly870,account.d143d17a4cc5454ab6d3b662e80f0f70,0
2026-02-12T17:57:20Z,youliketoparty,account.bef0bb27255c498fbd85fe4d5d45bfbe,0
2026-02-12T17:57:20Z,jc0354,account.2d530ff32afe4920b741d0102c6b03dc,0
2026-02-12T17:57:20Z,McSpacePig,account.954d2ae619e94844ab31eed73e37fd53,0
2026-02-12T17:57:20Z,dsmohk7vn4,account.174ce04948dd44ab9389e59949401731,0
2026-02-12T17:57:20Z,DaviidR04,account.a7e0a55209754cd5b03ee7db21bfb977,0
2026-02-12T17:57:20Z,PICHU_VZLA,account.708c208c20e247ec989df6ce1772a812,642
2026-02-12T17:57:20Z,Mr-Rattlehead-13,account.6557b90c9a614dc387389d2b51cd3b0d,0
2026-02-12T17:57:20Z,CreduloCus,account.f0f702de86ff4806a3bcfeb3786f3174,0
2026-02-12T17:57:20Z,TheClazor,account.2787fefd7ce74bb691a0c167281444bd,0
2026-02-12T17:57:20Z,Popheadaz,account.14d12fdbc8d34374b89bd95c341af1b6,0
2026-02-12T17:57:20Z,SLAVIERO01,account.7fa987b5644245318798c24a97ec6363,0
2026-02-12T17:57:20Z,IanRayito,account.6c57b5fe9aec4e6385a603109f76c63c,0
2026-02-12T17:57:20Z,TYT_FrosT,account.9ae97cdc3e7c4d61a40fd6ebaefdb73a,0
2026-02-12T17:57:20Z,Mark-jaeger97,account.c9434b17ddab4544a24918c9e6cee67d,0
2026-02-12T17:57:20Z,AKASnaker,account.deff744352af4a1bb0abe886269a1fe7,0
2026-02-12T17:57:20Z,VN_Anh3Chacu,account.3707c94e31b545048833e31f162b2859,0
2026-02-12T17:57:20Z,ji394vul3rmprmp,account.04eaf76b6cbe4368b73435291b2a05ff,0
2026-02-12T17:57:20Z,L1BR8_HK,account.ac49cfca27b84a0981c1446ade63d241,0
2026-02-12T17:57:20Z,MzChizzy,account.9bb31e7bfe024b2eade203a38b21db74,0
2026-02-12T17:57:20Z,eXxycoc,account.5bb90d5fedec4ee1a18688b45be9c631,0
2026-02-12T17:57:20Z,JoeyTheHammer,account.48be732c34674034a759205128e04852,0
2026-02-12T17:57:20Z,AP_Squiggly,account.ec7ef3284215471fb237d1654bf52e40,0
2026-02-12T17:57:20Z,OK_Flne,account.6aa45b27191b4fb183dc4527f143bb95,0
2026-02-12T17:57:20Z,Shurrr_R,account.1a88ffaa7c1942f3a4576f89aa6f1fb8,0
2026-02-12T17:57:20Z,C6-H12O6,account.65c4eff9c1eb4bc5bc89145c503d94c7,0
2026-02-12T17:57:20Z,TooSleepy,account.0d9a2da4da44433bb2250a142cc64fdf,0
2026-02-12T17:57:20Z,JINBODASHAGUA,account.d102d6d9fab648a18fa0b61a80d8ba89,0
2026-02-12T17:57:20Z,Skoink,account.86b4aa59e9784491aaec14efe00cdf25,0
2026-02-12T17:57:20Z,DabiDad,account.8da563a1bb914f5abadbb946db7bc3c8,0
2026-02-12T17:57:20Z,syn4_,account.0f40d897b4664e0fb2ce65aa47100d5d,0
2026-02-12T17:57:20Z,VIN-AnhKhoa,account.aea56548a10048d4952db6cc065687be,0
2026-02-12T17:57:20Z,HeadshotLi,account.160060f8724d46a8b6dfc787522d22e1,0
2026-02-12T17:57:20Z,ginypot24,account.d8c7f0ba8822435b9065d93f25c0c30e,0
2026-02-12T17:57:20Z,GGabulluhDDo,account.e9c4ea2ff7ab480fbe9a88a0eeec7d33,0
2026-02-12T17:57:20Z,tsb-258,account.80faf36a61564188b948232dd03bd050,0
2026-02-12T17:57:20Z,Crush_7777777777,account.5ea7762930a9420f8ac1fd8ae645c5a9,0
2026-02-12T17:57:20Z,HuziDD_-,account.d64fe137baec496c9f2136a882d2cbc1,0
2026-02-12T17:57:20Z,MissGorgon,account.ff48aadbd02148a8a5d89f4d24b98ae3,0
2026-02-12T17:51:32Z,Hanssssmiaomiao,account.ec9dba9c0c644b4d8ebc8f351ee18701,0
2026-02-12T17:51:32Z,CurlyJer,account.cad3a08ffbf54a1d8f688c4a9021bdb1,0
2026-02-12T17:51:32Z,andrew3,account.5ff0f09a4790499b8e61694d30f31b31,0
2026-02-12T17:51:32Z,MadMikeMoe,account.7ba179bd53374ee9af0ecefa02884003,0
2026-02-12T17:51:32Z,Cr0wnK1ll3r,account.a0218158c06d401cae5449e9910e6758,0
2026-02-12T17:51:32Z,tem1r_ALT,account.4d1727c3054441369c274be412fa336d,0
2026-02-12T17:51:32Z,Obsidian19,account.0103cee1f37e4525a6f271b94ace449f,0
2026-02-12T17:51:32Z,SeVi,account.e3482c17ec3c4625bd16f8ad04740bfb,0
2026-02-12T17:51:32Z,GreeD_25,account.db87093bc68d4875a173631d9ed24d4b,0
2026-02-12T17:51:32Z,shangxuu,account.9ae3bf9661a1431ebeb6ae9ccc3a4eea,165
2026-02-12T17:51:32Z,MCMeowzer,account.8aec0eea50d0401dbc2eb055cb36baf8,0
2026-02-12T17:51:32Z,MoneybrotherPQ,account.b51c1fb1f87c4e97986bff53de16a7a1,0
2026-02-12T17:51:32Z,ElsaXD,account.0292789eb27a446bbb27172996ce387d,0
2026-02-12T17:51:32Z,bgwer,account.379b4f55e238413d960297ccc8317555,0
2026-02-12T17:51:32Z,KILLER-_-MILLER,account.e8049517f4b14cf5a9f2c8fc94a67a0a,0
2026-02-12T17:51:32Z,H2ZI,account.3761726783814db8bbfa4d44d90f2ffd,0
2026-02-12T17:51:32Z,xQnn,account.1dae9c6dd4bf455faff4b313b842715c,0
2026-02-12T17:51:32Z,baozhouxh,account.13e8f7ca152c46429a464a1e3ba12be8,0
2026-02-12T17:51:32Z,Sch-wi,account.7cbef5aa83054e95befc72143cfd77f1,0
2026-02-12T17:51:32Z,alejotr77,account.87982aa7f4344bf09c0ed4135bee1d61,0
2026-02-12T17:51:32Z,VIrtual_YC,account.0bc680804507461e937cf75da7323255,0
2026-02-12T17:51:32Z,Bidulgi1ho,account.f1e740dabf8e4621bc8aab3622ba0d14,0
2026-02-12T17:51:32Z,SharpBeeGoodDone,account.211ed0431b8c4fa3928ea6b37d350dba,0
2026-02-12T17:51:32Z,steven_fd5,account.dca25c6ebc2942ba8dd9f9109e599d21,0
2026-02-12T17:51:32Z,Kssum123,account.c97a01261f784625ae627d6e87862b84,0
2026-02-12T17:51:32Z,Popph,account.8e0b165bc79e471ea67967244f6debe6,0
2026-02-12T17:51:32Z,AbriksGamer,account.0c66429c1f3740bd83eedafa48257796,0
2026-02-12T17:51:32Z,LoneReaper,account.42b2e09ccc38454e92168e1fea92e370,0
2026-02-12T17:51:32Z,jShengggg,account.109ff36cb8074cb095d5cab5a1876d75,549
2026-02-12T17:51:32Z,CurlySimp,account.8ad619d805c94afea2bbf60a66823bc2,0
2026-02-12T17:51:32Z,CsF_PARZIVAL,account.e791ad646fa44e418234bd3e934839b5,0
2026-02-12T17:51:32Z,JZNOOZE,account.4952617032de4587abd00ae02d19419f,0
2026-02-12T17:51:32Z,xiaoheigaga,account.d3b02c9e994c4d8b9206c1e1e4249aa1,0
2026-02-12T17:51:32Z,DEATHDISTRICT,account.8e0b32c2790e4ec0bc1543bc6d0ce780,0
2026-02-12T17:51:32Z,Hik6ri,account.a53f43f07d3a4dbb9dc71a5b65670a96,0
2026-02-12T17:51:32Z,SS-MexiTricolor,account.46b62ead850a44018ef46a10de2c118a,0
2026-02-12T17:51:32Z,Notnamedbxl,account.b1afff42ae9d46d698819c832180a325,0
2026-02-12T17:51:32Z,TwoSwordSamurai,account.ff5916459f7b4da2a4cef657191f57d5,0
2026-02-12T17:51:32Z,war579,account.76cfcd5a44214089be71d32799dc4a27,0
2026-02-12T17:51:32Z,potato-2333,account.68d0fc7c7e5943f4b683aef1947a8358,0
2026-02-12T17:51:32Z,EspressoShot35,account.95f72ff9133d4c6cade98d6816bd771c,0
2026-02-12T17:51:32Z,SoplaNucas33,account.bea27d0279f74dc88cb85013a65eb008,0
2026-02-12T17:51:32Z,Dustg135rim,account.6be3c248aee54b7593e4fb5175122e7f,0
2026-02-12T17:51:32Z,Bl00dyGriffin,account.1262e6f6f09942f09dd830577d0185e1,0
2026-02-12T17:51:32Z,MetalDy-_-y,account.99fd03dfa4c3435993850ff2dcc53c47,0
2026-02-12T17:51:32Z,itsmefranky,account.95790547d0544ba4ad869a38c5abc61b,0
2026-02-12T17:51:32Z,sparkin21,account.ffea553a674c49c9ae75f15fb715d88d,0
2026-02-12T17:51:32Z,HSJF,account.3e7e1b2145a94ee196e278e31ecbedb8,0
2026-02-12T17:51:32Z,STS_179cm_18cm,account.0c3c79cad93d4b598f80fc0176603a82,0
2026-02-12T17:51:32Z,MathiasJun,account.7b1971d9246c48f983c0bd7989e8783d,0
2026-02-12T17:51:32Z,FanTuan_MoMoKoKo,account.0abf77d6f058472fb29f8b6566ff69ad,0
2026-02-12T17:51:32Z,SS-ANDRES-75,account.fca0d76e43e74283beb9edd1ef63ebfc,0
2026-02-12T17:51:32Z,one-gun-one-kill,account.241304abbdb244bd959159ebd00b2fb9,0
2026-02-12T17:51:32Z,XX_XXXX_XXXX,account.2daded3922bc4ad2abee42887bb3f123,0
2026-02-12T17:51:32Z,DrDatsun,account.7fbb60fdb5a2462a80aa0f1a40d74bef,0
2026-02-12T17:39:09Z,AggressiveIguana,account.591fd46a5ef2478b8484775e8e86e0ce,0
2026-02-12T17:39:09Z,x1aofanbb_-,account.96c7149d402748feb5d36f8af0c0b803,2270
2026-02-12T17:39:09Z,Icey_Bear,account.2176420e2a734e11bcec1b1785988f8e,0
2026-02-12T17:39:09Z,TATTOO_1991,account.48bc84153c9c48719a14b2a72acac9b8,0
2026-02-12T17:39:09Z,blueice333,account.9cc27d509cbc4dde85a873f0fc3cadaf,0
2026-02-12T17:39:09Z,CocoCrunch1,account.eb8ae8a898834176861a4ed51deeaec4,0
2026-02-12T17:39:09Z,Lauren7,account.9bdd3feb74ee4b72ac7f23e88ba494b2,0
2026-02-12T17:39:09Z,YL-195019,account.3dddf727bc134819bb2df987b8c3ef71,0
2026-02-12T17:39:09Z,Nicky_tea,account.a90b76530af34102897ed912d60921aa,0
2026-02-12T17:39:09Z,SNaKrillEx_,account.2749e1e0bcb046698be300c8909e35d1,2394
2026-02-12T17:39:09Z,Agucho201,account.09e7499b323a4902bfeb802fb3bbfd0d,0
2026-02-12T17:39:09Z,fknfalu,account.80b7a6c71df9420a97002e69a9921f57,0
2026-02-12T17:39:09Z,Gengar_S,account.9e42c2914b7c4bbe96a580f44a356b81,0
2026-02-12T17:39:09Z,suiplayer,account.8a1db7b277b84873899e9588f4288ed1,0
2026-02-12T17:39:09Z,lenzk666,account.6454fbf69b1846efb61e5a19d85ca9c3,0
2026-02-12T17:39:09Z,XxYeurixX,account.d4a47082ea8644b89f6d3efe80c9abf5,0
2026-02-12T17:39:09Z,aNYthiing11,account.af2962f3f652414488ff85e61e640297,0
2026-02-12T17:39:09Z,FanTuan_Popeyes,account.bb7091f93a9e4043b5f50ebb61902179,0
2026-02-12T17:39:09Z,TAHA89,account.5a4bed0b465845dd9c62325bfa416264,0
2026-02-12T17:39:09Z,mach79,account.958b0df4ed8e436baef3d16bb2f18640,0
2026-02-12T17:39:09Z,PatchMaybe,account.58929767f3e24e55b80bc2919e1d041f,0
2026-02-12T17:39:09Z,Cm1J,account.c1eff398b122406689dd64851869752e,0
2026-02-12T17:39:09Z,Shoukano,account.546142fafa9c489da61eb0f8d9313b66,0
2026-02-12T17:39:09Z,Polarbear1602,account.ea4288b079904fd79d0d425a442392b9,0
2026-02-12T17:39:09Z,Thepaddyz5,account.d4cc270d93aa48aaa68bbe2d6eb3b3b4,0
2026-02-12T17:39:09Z,TIGA-Aotuman,account.30a72c29b1af475a8dae88d0604a7ad2,0
2026-02-12T17:39:09Z,Mainstream,account.454e37fb581749448717e7b1fcc331d1,0
2026-02-12T17:39:09Z,tazadar53,account.9544ffc3485a40029981a829f8d1794a,0
2026-02-12T17:39:09Z,Nom1Puff,account.8e0a1e2ddb01407584f4c80445245698,0
2026-02-12T17:39:09Z,MTS_Red,account.a96577c254444c8a97d67037c5995eed,0
2026-02-12T17:39:09Z,nimasiwokaixin,account.9f5496ea12e640f286d521e9573963f9,0
2026-02-12T17:39:09Z,Lil-TyS,account.b38033642edc4664931b6aa887f32bc6,0
2026-02-12T17:39:09Z,DUCPHUC98,account.bba53b3b107043b0ae1307e3ea9032cf,0
2026-02-12T17:39:09Z,JovannyJMC,account.1b36119c4b70429c9b291eb51932a362,0
2026-02-12T17:39:09Z,ChickenParm12,account.e0e45b406f0046219b8f923e2063a0a1,0
2026-02-12T17:39:09Z,fmmaqcp3cgmd,account.da610fa9f200477c91f1f4446223e42b,0
2026-02-12T17:39:09Z,NK_1981,account.aee5036ca483473aa63a22b3da9f0a3a,0
2026-02-12T17:39:09Z,Qt_08,account.9c04966b84de4db7a6ea53d06b782929,0
2026-02-12T17:39:09Z,kuro2023617,account.0a8fc6b12be44815beab5863c931eacb,0
2026-02-12T17:39:09Z,Lepus_21,account.347becc1f8c74506bfdce87e626f2aad,0
2026-02-12T17:39:09Z,IS_KOTA,account.b43d9a4f7c9b4564a5f01beab0c7fe46,0
2026-02-12T17:39:09Z,GaeBolgggg,account.8454ec68f9754f5d99d356a108c46dcc,0
2026-02-12T17:39:09Z,Mfibfvhc454,account.15e14408a4bf4887a91310a5d8bf53be,0
2026-02-12T17:39:09Z,SS-KONTIXU,account.418d2147768e4dca9ae2c85093dcc2f8,0
2026-02-12T17:39:09Z,CKim1,account.b0fd4b7677af4702935350ab4ab696fe,0
2026-02-12T17:39:09Z,ATLANTIsTW_,account.381b7604b17242f1ae993a3a1937b6ac,0
2026-02-12T17:39:09Z,CB6473,account.03dbc3f9dd134132aee189201d8026f7,0
2026-02-12T17:39:09Z,TJurassic,account.18aacbebe37d44ada3387af85a3170ee,2208
2026-02-12T17:39:09Z,MagazinO4kov,account.60ae4558759843ab87e57732df5b8275,0
2026-02-12T17:39:09Z,Fbb-ya,account.fbf893a1313446df92080bbb8e114480,0
2026-02-12T17:39:09Z,MengPappy777,account.daec99bef9fc4f02921891dee6d287ab,0
2026-02-12T17:39:09Z,Muzi0_0,account.a8a6df9ea43b4304921f61e131283bcb,0
2026-02-12T17:39:09Z,Razor232233,account.6e5eb301ae5c4e3a80a9e6927eddf17b,0
2026-02-12T17:39:09Z,LVQQQ_2019,account.12e7585349044a59ac027aef571cc322,0
2026-02-12T17:39:09Z,Na1Kang,account.f10f313e4f8746f8a842255b10f0ce69,0
2026-02-12T17:39:09Z,APOLO502GT,account.fb4c989c88734237b013206fcbf3d6e7,0
2026-02-12T17:39:09Z,4wqbkj3e,account.8820514136434184b2e8970b201259a7,0
2026-02-12T17:39:09Z,bageljakd,account.305e2c8ab8f54da4b8fba02685123296,0
2026-02-12T17:39:09Z,duotongxue,account.10542f7f826c4910ac06f6fab67af1f0,0
2026-02-12T17:39:09Z,CUCHURRUMMIN,account.01fb185ca96d4435b57a27bd53513acf,0
2026-02-12T17:39:09Z,H--T04,account.37e28d946055477283b9d10ed1ceb08d,0
2026-02-12T17:39:09Z,Ferchito247,account.df94d19c90e847fd824492848b3160c5,0
2026-02-12T17:39:09Z,LI0NH34RT,account.e93ac4aad24648abb654c275fd8ac977,0
2026-02-12T17:29:42Z,LJakersL,account.c22298ac52b0446d83e2eed52d4c6876,0
2026-02-12T17:29:42Z,Yoyoko6,account.3358d4cf543e4f1f96774d9f4b67a4db,0
2026-02-12T17:29:42Z,rapasesino,account.bc1bedb2b9dd415db6ea21d5c609ab6e,0
2026-02-12T17:29:42Z,Butter-LaaLaa,account.dd73b85afc4b4f85ba6bd5924613f878,0
2026-02-12T17:29:42Z,Scavenger-C,account.b673e9bb2a5d4823ad3d3580a11da52b,1368
2026-02-12T17:29:42Z,llllld-_-blllll,account.d0c2d38a6a504c769c897eed10ee2786,0
2026-02-12T17:29:42Z,meiguola,account.94b37cd2e54a48278588a96b24051ebe,0
2026-02-12T17:29:42Z,sniper_2024,account.e4c49d27f4224ec695957b630a14b77e,0
2026-02-12T17:29:42Z,JOSEMIL,account.737e0f7b1e604989a3b2abb877848440,0
2026-02-12T17:29:42Z,WaxPert,account.fd2e5d68938244a2be8314282986471a,0
2026-02-12T17:29:42Z,OldSix-duang,account.296748f284b140d3840baff331e31cf0,0
2026-02-12T17:29:42Z,MeowntainDew,account.df7a79e0bf4a4bfbaf562f5f21d0ed25,0
2026-02-12T17:29:42Z,relaxka,account.d0dde0e7df80419f83cfa96bf9bf83d4,0
2026-02-12T17:29:42Z,Te_clavo,account.fe542514d772482dbb4f47ef032d1b02,0
2026-02-12T17:29:42Z,SS-Rango,account.71a6a8be1f1546e696fee755335a1394,0
2026-02-12T17:29:42Z,B1essed_Boy_DG,account.3db2ce1f965e4f45b99ab8ae78d97915,1758
2026-02-12T17:29:42Z,PitiArroz,account.ca924a921736420a842294571b0e82a8,0
2026-02-12T17:29:42Z,Raiden_O1,account.65ada54e841848c6b685501c7147186c,0
2026-02-12T17:29:42Z,Mrjin16,account.597c9a2f975948e4be201214647ee6cd,0
2026-02-12T17:29:42Z,YIGRun,account.1f47f68c09b64b49a1fece94ccaf4810,0
2026-02-12T17:29:42Z,JJ--__--ME,account.a77773ca427b40cd8c6129eb31f75b34,0
2026-02-12T17:29:42Z,Nutellaboyy,account.bbab38fc520a44319b260272440b8a35,0
2026-02-12T17:29:42Z,LucasBliscosque,account.71b12d081e8e424f8d40e53bbed8797a,0
2026-02-12T17:29:42Z,JaviMeza,account.bfc57868bcfd4ed0ae1fcceadff48b3d,0
2026-02-12T17:29:42Z,Wemmm666,account.dc2bfb02fb9f44febf269802c6a7b8eb,0
2026-02-12T17:29:42Z,From1980s,account.fd0c157000514154bc12eb2bdff5a934,0
2026-02-12T17:29:42Z,Your-dogs,account.b7abe2bcfaff40b68733950c45b3fb8e,0
2026-02-12T17:29:42Z,Loukanopoios1989,account.58bea85eff4f47f397adad3eeef54be9,0
2026-02-12T17:29:42Z,e121msgehq,account.4e784080c2244c9a8b78a4822d8526bd,0
2026-02-12T17:18:15Z,bac0n_-_,account.7f9ea86a16f442a8866d5ca4111ca2b9,0
2026-02-12T17:18:15Z,Grumrel,account.2376b360816f4505bcada5efd137e1da,0
2026-02-12T17:18:15Z,Lmaf001,account.152cc664cbd24e81b063b6847320828f,0
2026-02-12T17:18:15Z,w1nterLx,account.b69e026417f24e0991c89d332645225d,0
2026-02-12T17:18:15Z,YouShouldRun3,account.8531079cd1f24f27a1697fba531e769c,0
2026-02-12T17:18:15Z,uglyfinesser,account.0dad2b376a7a474a9fe0d1958939ef24,0
2026-02-12T17:18:15Z,Anjilofdeath,account.39d182f1e8f34a53ba9087c9c55de2ce,0
2026-02-12T17:18:15Z,Fremen_204,account.3c839f30e13942f4bc23a90f7133929e,0
2026-02-12T17:18:15Z,Meekakitty,account.e758935476764a23a56b8fae9b71c7c3,0
2026-02-12T17:18:15Z,LongDeeDee,account.696dc18e49a347a1a3b28ef69b3ee5c8,0
2026-02-12T17:18:15Z,JEDlMINDTRIX,account.1c8557f68030442da9230bce783e67c8,0
2026-02-12T17:18:15Z,WREN69,account.b5dd66e4b9db497eb1b9228574f5d3c6,0
2026-02-12T17:18:15Z,ParkStarJ,account.55694cc08ee64ac2bbd1ce6f5dd7ff73,0
2026-02-12T17:18:15Z,TheRealToneMF,account.39b9030731f24dbc9cbe710860a95e0c,0
2026-02-12T17:18:15Z,GGPPKK0,account.98bd421056924a009a4b7fb39c9650b4,0
2026-02-12T17:18:15Z,Bozobane,account.9766e6749ac142c19a3a82fe1a4ae75a,0
2026-02-12T17:18:15Z,SanTiaGuito07_YT,account.245476d57566467db5b1dfe01e8c4ab1,0
2026-02-12T17:18:15Z,HesTheOne,account.934f750b8d37420ba496b219d3d3d80d,0
2026-02-12T17:18:15Z,royalzhihao,account.a6ad411c0e4743b9bc41f469a36a7602,0
2026-02-12T17:18:15Z,jamal2000M,account.8c7b9a56b0ed48568be3b8f551009292,0
2026-02-12T17:18:15Z,CoA_DontForget2P,account.d2af0ef1b88a4e04b4e3e8ada10dbecf,0
2026-02-12T17:18:15Z,definition187,account.5aec6f664dee4ee1b58627afea9839bd,0
2026-02-12T17:18:15Z,4K_Jack,account.e31c70225be740f386df5bcee3346ca0,0
2026-02-12T17:18:15Z,SB_EAA,account.e582f3ba94e54116a8b1753b67a647a2,0
2026-02-12T17:18:15Z,hedgepedge,account.a0d377245115460a971c7d1079a988c4,0
2026-02-12T17:18:15Z,PHQ_CHINA,account.aea02df819da4dc6b522d91013f2c6b3,0
2026-02-12T17:18:15Z,JustinGM,account.f9f9efc5918f40329960019232b74cde,0
2026-02-12T17:18:15Z,melon_xm,account.f97cff6b2eb14c37982eaa202acfa984,2355
2026-02-12T17:18:15Z,Magmoy9121,account.74acacf7bb5343f3b26700e04c83a178,693
2026-02-12T17:18:15Z,neiltuckerr33,account.ac53abdea2014d35b14384d2ab33aee8,155
2026-02-12T17:18:15Z,LiFani-i,account.746d9c20be6a47b9b21ed7452bb90c3a,0
2026-02-12T17:18:15Z,chimpsalad,account.554568fdf3fe4cb2b8825556a497025a,0
2026-02-12T17:18:15Z,NubGee,account.3b76d904b99c4f85a05c78a9795a8f7a,0
2026-02-12T17:18:15Z,DolittleAsian,account.d4db6d1fdf74447abf3eb4dc6b4215e5,0
2026-02-12T17:18:15Z,JunkoYagami,account.4cd7b82893d743b182d526d3a9006786,0
2026-02-12T17:18:15Z,ELMATAPVTOS007,account.5d8543ea33cb4c2f8add05ddd0a48eb8,0
2026-02-12T17:18:15Z,7lko_,account.f2153bcc67f944c4b6eebcc8e5e31da3,0
2026-02-12T17:18:15Z,Velpro1004,account.694a5a8348024549af3d168e67f9b8d8,0
2026-02-12T17:18:15Z,keuch,account.4f4285d9adc84e65a0b37989fc07388d,0
2026-02-12T17:18:15Z,Helgar,account.f97042282c3049e58780bc7b99fd2d02,0
2026-02-12T17:18:15Z,weert1987,account.35d8cffc725d4930a53c1d69b65709b7,0
2026-02-12T17:18:15Z,IEMILIOXD,account.c76b905aa36a4eec9e2097d4110d9ed1,0
2026-02-12T17:18:15Z,roooster69,account.1a6ca9809d1043a98923e3680c0b030f,0
2026-02-12T17:18:15Z,Happy_Incubus,account.1a7f9eba6d23485986d75bf7df4f4a67,2356
2026-02-12T17:18:15Z,ShineGlizzy_,account.7a86112dfff6419fb9198b61e017c24b,0
2026-02-12T17:18:15Z,FSLS007,account.2161463d863b48fea4b9e765cc8c11c0,0
2026-02-12T17:18:15Z,RuzgarCR07,account.71a449c750454e4ca74fc822aaceb729,0
2026-02-12T17:18:15Z,egu3wqrrz9n4,account.5ee603eec22241848c66fe0074f80c65,0
2026-02-12T17:18:15Z,kochiha,account.f13312f15b52473b81a3be68bce24a23,0
2026-02-12T17:18:15Z,FiizzD,account.33ea4c55f35b4660a7f79c9e293c09e3,0
2026-02-12T17:18:15Z,ESCARCEGA,account.5421431fc998479cb9673c38475cd0a7,0
2026-02-12T17:18:15Z,nnazu,account.0b7c62ead74347639980d96dc0a148af,0
2026-02-12T17:18:15Z,Meandmybuddy,account.4a2b2e385db04a71a18be9f7f8eefb86,0
2026-02-12T17:18:15Z,Chen_Chen_Chen,account.7ef566e3cf784ad68cf103d17582d11d,2100
2026-02-11T23:24:03Z,Gallipoli-,account.669c0b798b37480c94fccef58e385206,4142
2026-02-11T23:24:03Z,4AM--metricoXXX,account.93cfffc8f2944fecb3cc372364cbe051,1720
2026-02-11T23:24:03Z,Amu-Di1,account.f9d1ffc585c643efa9647f5273f2c49e,2574
2026-02-11T23:24:03Z,KOR_2NONIX,account.99ab66f3a3394129a1d46857f49446e8,2109
2026-02-11T23:24:03Z,MartinRahl,account.d8a27dc2919049cd844f2a9bc32c3bfc,1800
2026-02-11T23:24:03Z,S_O_L_D_I_E_R_,account.f788c854df4640ada303fd683058c7af,1553
2026-02-11T23:24:03Z,1xNuri,account.3c81a31c4c7e4ad7a69c3674117014a4,1532
2026-02-11T23:24:03Z,LEB_VAMPIRE,account.85738d7f7e7a455dbacbecc324990885,2431
2026-02-11T23:24:03Z,BloodInBloodOut-,account.621013ab84704583ad493f04c655ae29,2396
2026-02-11T23:24:03Z,MR-_T93_NURI_BEK,account.66710eca13844a1eba98fa3fd234de82,2690
2026-02-11T23:24:03Z,Rclub_moto__,account.ed85059315da4d519511b4e3a99a8c3c,3432
2026-02-11T23:24:03Z,Zemaiteja,account.3427cbad99ce4cd08333180b3546f804,891
2026-02-11T23:24:03Z,K_o_r_d_i,account.b56397c03cfd4ab88c89db4927fcaedd,3114
2026-02-11T23:24:03Z,sapsaruhan,account.bb3a079f79ee4eb6a819c9a4bb0363d3,907
2026-02-11T23:24:03Z,Lucky_M1LU,account.c7139a3c97914e039a7242a3af41ff44,3413
2026-02-11T23:24:03Z,skiro36,account.56dfa3a4b7504571ae7d471aabaec399,1
2026-02-11T23:24:03Z,LBN-SUPPRESSOR,account.b0baef973838479db5226ba791cc3073,1336
2026-02-11T23:24:03Z,N-A-Alizadeh,account.a04ead19c5e74ba895c053b32d1aa793,1907
2026-02-11T23:24:03Z,FuzileiroMac,account.5725d5f4712b44eeb1ffa08289fa10b1,2166
2026-02-11T23:24:03Z,tonymatar,account.0e13e5f846264b6ead5a9ab28d5d7082,1865
2026-02-11T23:24:03Z,OtamanIvanO_o,account.79c4c72a8bc347d3ac5710ec6c816d48,2855
2026-02-11T23:24:03Z,ScarS-ReaperSS,account.00ca9bbaf55d48cea2a7219d26dac0af,1691
2026-02-11T23:24:03Z,Guapet0n_Agan,account.f6b51f98fad94ed5b3eb251a605d275d,1
2026-02-11T23:24:03Z,Aksaraybaronu,account.1cfb74fb71534bb4adbab61dc4ad5bde,2128
2026-02-11T23:24:03Z,jemzo,account.25e5067ca43b438eb04ba8c6e28a2041,1674
2026-02-11T23:24:03Z,Jevixx,account.9bbe50e82174479bbaf97b35645bdc1c,1147
2026-02-11T23:24:03Z,QAQ_Carrot,account.057508f168664634af243177d337ef88,3411
2026-02-11T23:24:03Z,Idrisii,account.36eef836ffd34992acc9b6b8aee8f434,1
2026-02-11T23:24:03Z,MijicMilos,account.fc7fdc4118a5469d8380b767429d5063,2357
2026-02-11T23:24:03Z,mustafa26,account.4fb0706a7bfa489e80932150cc95d5a5,890
2026-02-11T23:24:03Z,01-S1FIRB1R-01,account.db875a70f32e4f46a4a86cc3d2dcb3e3,939
2026-02-11T23:24:03Z,magaAzur,account.13ac4160462c4e43b9323074d890d05e,1488
2026-02-11T23:24:03Z,MorGan2230,account.89d5c039256d4fa3bfa8aa59478bff88,1103
2026-02-11T23:24:03Z,rmzn20,account.17b950f8e406484d8bc15858d48dffdc,1027
2026-02-11T23:24:03Z,AmSal_-,account.12484fb6f62e46a4b901109e045d1fe5,2600
2026-02-11T23:24:03Z,SikEZzZzZzz-,account.3336375bc9a54be2ba5cbf97d77d0e80,0
2026-02-11T23:24:03Z,SuperBobr2189,account.d00d7ba34a514c8b810faf8d4a2cff58,708
2026-02-11T23:24:03Z,daengi_-,account.e3b9453d362a4a8888459319c0741cab,2645
2026-02-11T22:56:46Z,Billionaire_TTV,account.48191cb03ebd45478f340aaa6197ae69,2765
2026-02-11T22:56:46Z,Ziadsab96,account.48918327ee174b8d9276f94cb4615542,2320
2026-02-11T22:56:46Z,OFP_HAMOUDI2000,account.ca7029b1480a44deb72f863bd871bf57,2281
2026-02-11T22:56:46Z,Shidestep,account.a1557429506343239b877a8d19e5afc6,915
2026-02-11T22:56:46Z,i45L_-,account.78c95cb07b7545739f8455aa758efaf6,1908
2026-02-11T22:56:46Z,D-DESTROYER-R,account.d1689f1060934439929991b46f58b2cb,832
2026-02-11T22:56:46Z,V4LESS,account.5c47c6e7a13e45d0a8d2ac37dbd4aab6,0
2026-02-11T22:56:46Z,EM_ZIKI,account.029685140dd44a0ebd036a41a840bc41,2336
2026-02-11T22:56:46Z,BadBoy-_-Hsen---,account.e509fd4e08c947dda0456cc0463d4479,2845
2026-02-11T22:56:46Z,z9Y1_-,account.97718ce9559047678b022447940d31c3,1940
2026-02-11T22:56:46Z,L1meD0g_,account.9663d486f18648a98b3015ae4407e433,2296
2026-02-11T22:56:46Z,DreamingF1y,account.22a0e1bd9b8c4e19a03c513fede3a346,2227
2026-02-11T22:56:46Z,TOXICBARBIE,account.1c2486f6d1e1465bb6795b3df06b5995,2839
2026-02-11T22:56:46Z,ShionC5,account.d61f79be959f4a9dbb5537383e1e724e,3064
2026-02-11T22:56:46Z,MeteSpeed,account.4529799a6a494c4a974ba24bdbe5163a,1458
2026-02-11T22:56:46Z,J3ZK0_8,account.fca5abf110994ca69eb2eed4f35988db,745
2026-02-11T22:56:46Z,LEBANON-HARIRI--,account.fba7b6e59d0a4846b15d2c01fe0973cd,3081
2026-02-11T22:56:46Z,MMAHRUK,account.73da9d40ae7f4572918511ce234d673b,1737
2026-02-11T22:56:46Z,LEBANON-BOOGEY,account.1c8fff8a514c4146acc4151275d4655f,2699
2026-02-11T22:56:46Z,CAN-_I-_PUT-_MY_,account.95fde231f48f45ee954d104d1bab2b5c,3005
2026-02-11T22:56:46Z,riyadxx,account.933bd14d4f9a47d7bc88cca8ea59bf26,1633
2026-02-11T22:56:46Z,Zach248,account.2ff98544b35849108282b773fc8f63c0,976
2026-02-11T22:56:46Z,BayRaK_TR_KapTaN,account.259d8e1f23c147b2b8c1c1ec21e65273,2095
2026-02-11T22:56:46Z,auntieDaddy,account.30afa2bffa9d4b8480e83cbde6988cef,1818
2026-02-11T22:56:46Z,Invoker0007,account.1df850612ccf4fd5b480f5bc08da9f9c,1186
2026-02-11T22:56:46Z,v8228,account.8560dc7fcb3e4b23b2f1e5695c2187ff,895
2026-02-11T22:56:46Z,RAFAAA73,account.547000132e2f460e9e5c4b0421ee4f75,755
2026-02-11T22:56:46Z,BayRakTRSahinGoz,account.51e0f8737e3a478ba550f0778a482446,2258
2026-02-11T22:56:46Z,ECKANOR,account.218bbefdba4a4b56ac91894f093053df,2322
2026-02-11T22:56:46Z,MrVoid13,account.a6dd67d0b7574843be767867c336a260,512
2026-02-11T22:56:46Z,BAD_Magaiver99,account.7398dd6274f848d089e6fc55865d9813,1987
2026-02-11T22:56:46Z,BAD_Marcelo100,account.7c84772c35b448a987170b2518c612b5,1667
2026-02-11T22:56:46Z,Dadyss_,account.1186e891eef8420c9bb80215cf0eb417,1215
2026-02-11T22:56:46Z,Yao7789,account.8c9324f1e98e4aae9b27c1dae0e15eb1,1703
2026-02-11T22:56:46Z,Go_FuQk_Urself,account.23ce1b5ec3d247b09fa8600609e218e6,2508
2026-02-11T22:56:46Z,Demircanns,account.d4e4225c9d564baeac51a04fbf0dd935,0
2026-02-11T22:56:46Z,D2_Ligeros,account.3a5364474aa64c87aafdedaec1582455,645
2026-02-11T22:56:46Z,WushengSha,account.1d0b094ad58d421790a122df74b1e1a5,2046
2026-02-11T22:56:46Z,WHEN-PIG5-_FLY_-,account.dae8ae735c554a839c3c4373fca655dc,3098
2026-02-11T22:56:46Z,PeaceOfficer_,account.1c38926563754887a582757dab6b62da,2231
2026-02-11T22:56:46Z,maomao2004,account.b3e1a62057b74c838d0f12f578901cb1,1275
2026-02-11T22:56:46Z,SaBaKhitaridze,account.4c4a79bac42849ce8bcde43654fb0999,799
2026-02-11T22:36:36Z,Damaodo,account.bc42edc448b74d94bcd869401a377123,2209
2026-02-11T22:36:36Z,LeonBruxells,account.cf39f1fed226475498614d16b7d51a39,1491
2026-02-11T22:36:36Z,SICKO90s,account.c4239e0ff9c54a88b9e07d07a626c20b,2370
2026-02-11T22:36:36Z,izCry_,account.35a554ea8ab94dc889801fcaa629a1e3,1406
2026-02-11T22:36:36Z,TTV_AliTheMan00,account.1512ad02d3ee4b6eb3508239c23aea05,3326
2026-02-11T22:36:36Z,Mimimaro_-,account.dbbf65ab579a448aadebb817ee74f73b,1170
2026-02-11T22:36:36Z,fAQ_1448,account.a1bf18ce16ab46da9a33477378bd7ba2,0
2026-02-11T22:36:36Z,I--GHOST--l,account.855f1a2de80a4666810de476e3c8bb22,0
2026-02-11T22:36:36Z,Poneeiu,account.18ed4f47d4b9470590896e9736cfc2b6,1264
2026-02-11T22:36:36Z,struitsmith,account.64f762049f5f44c58487310dfcb4ae3c,1267
2026-02-11T22:36:36Z,Dextony1,account.3ecb86534b4049f29ac222220799cf6a,241
2026-02-11T22:36:36Z,141waysloseuself,account.473c87ad2d694a8582bd0ffd3b521149,3280
2026-02-11T22:36:36Z,rexx_y2k,account.e870b13169b140c9abc4fafed4dde2e3,1473
2026-02-11T22:36:36Z,DIAVOL_OwnU,account.57d4f472d38146daa82381ce8f7a80c1,3109
2026-02-11T22:36:36Z,M4Loco,account.a2158a8c14a54ce1b4dc94103487b566,1267
2026-02-11T22:36:36Z,DavidbeatGoliat,account.3de178d35b5e4ee3bc3633a956dbb356,1
2026-02-11T22:36:36Z,MrMostachoWey,account.e5d27951408b4d86abe710f01b79a1dd,1418
2026-02-11T22:36:36Z,VeTrix_OwnU,account.e180abdd19c746e6b9bfe0936a4cec81,3369
2026-02-11T22:36:36Z,sakamoto_-,account.a21aa73ae32f4ac28758d9ce95b71da0,3260
2026-02-11T22:36:36Z,MYPEH,account.586716f25cf9449795e068f4b3d4067b,1
2026-02-11T22:36:36Z,Ms_lllll,account.bc34b70e6d2e4639b86b4966de6bdfd2,1743
2026-02-11T22:36:36Z,Heri_Sv,account.c73e67e6b1fe489c853d73c0955f5bfd,1404
2026-02-11T22:36:36Z,yaremi4,account.4ad390f00a684671b5ae22427655151e,0
2026-02-11T22:36:36Z,PiPiDanO_O,account.79a602d0ce154245a8ab2e5b81d27520,1997
2026-02-11T22:36:36Z,Thebestmemories,account.f3225c8a9ad544cdb4ab5baf9a55d996,1761
2026-02-11T22:36:36Z,DouYu_6212,account.5ea2ebd5e60347daa84e206cc34f2068,1835
2026-02-11T22:36:36Z,KOJl9H_MNPOHOB,account.3ab654c2f56642a7a0128b2577412373,2583
2026-02-11T22:36:36Z,Haks943,account.b6aaeb5cc45d420ca6b19ce89182eac5,957
2026-02-11T22:36:36Z,zKar-_-,account.e5f465193ff34d13992e4b10c0b78cb9,1640
2026-02-11T22:36:36Z,Kartoplia,account.8ba908dcccf64368a62b3534186db863,0
2026-02-11T22:36:36Z,Otac_Branislav,account.c66fcc551c0c46e09c6d6fed3c9b5b59,2147
2026-02-11T22:36:36Z,PAUNOVIC93,account.98b9c091d1344f94ba8526e23ca3bb77,2062
2026-02-11T22:36:36Z,gt210kz,account.07d5453b446741f99bd9e385161f35bb,3524
2026-02-11T22:36:36Z,smtimesIwannadie,account.b418346e72cb44948b0425bcf3ba109e,2059
2026-02-11T22:36:36Z,iambetterrun,account.f3418a765bab4ff8bda528cf18a72bb9,0
2026-02-11T22:36:36Z,dJuKa_23,account.1aa3a81252ab46ceb0660fc198565fc2,806
2026-02-11T22:36:36Z,Printu_kid,account.a7ba40487de74997a2347d761bc6b586,2327
2026-02-11T22:36:36Z,ElCagua_,account.1bf6f52a34494cdface072c2a89bed9b,1430
2026-02-11T22:36:36Z,marioo23,account.90b3f9267a8a47b4b04abdfe48065e53,1542
2026-02-11T22:36:36Z,Munir420,account.987156a4a9b047918f9dd2aa515ee201,1685
2026-02-11T22:36:36Z,justrader,account.dc0953bc977d4d5a865b066a08021cce,3417
2026-02-11T22:13:48Z,PoGarda2020,account.534944ad9281472bad98a55b2c456abd,1059
2026-02-11T22:13:48Z,we1x1aoyy,account.e7b48ebc80f4473a8f69719be4471132,3139
2026-02-11T22:13:48Z,MwreEinaiKala,account.69942f3deda140d6a9da0a420531dfca,0
2026-02-11T22:13:48Z,tapok_77,account.d63040feb150474092892ceb37cccf52,1843
2026-02-11T22:13:48Z,EMT0Rx,account.4264fd53d4d344308337fc6f1d61ed53,2277
2026-02-11T22:13:48Z,Gewinner-,account.9af67ab928174200ad1d11b220c8479b,1557
2026-02-11T22:13:48Z,bullseyeVH,account.d49f59c73c3f4f5dac78621b1f02e40b,3000
2026-02-11T22:13:48Z,ACIMASIZTURK,account.c0130dc742964a72a3ffefe2508545ba,2815
2026-02-11T22:13:48Z,J-E-B-A-C,account.78b496e936f042df8bf23a7e78411e45,1704
2026-02-11T22:13:48Z,2K_90God,account.3134b5d5aa5b424380cdaf6f2601db7a,1
2026-02-11T22:13:48Z,Zero-xxxSM,account.7a0e57db446f4bbabf4e1b8d1940ad92,2775
2026-02-11T22:13:48Z,HuYa-Tv-_-TAHA,account.64303f9457b34d7fb1f8841515930e21,2966
2026-02-11T22:13:48Z,xMACHIx,account.be9621f9b70c471eb518e516e401151b,2404
2026-02-11T22:13:48Z,NBL-YGB,account.2ceb7f4633814ef29b17ded3e004eb78,2413
2026-02-11T22:13:48Z,Me_D__o_eD,account.60ac292fd1e44d4ab04f35b523686d9e,2223
2026-02-11T22:13:48Z,alaa_jabar,account.dae0439e6596433b90a1df19180f1b0e,2276
2026-02-11T22:13:48Z,X1fan0,account.c618b39efb6b4c6abb817c51978fc422,2061
2026-02-11T22:13:48Z,G1oys,account.69f1669c68e14de7afefdf46a6e19f02,1239
2026-02-11T22:13:48Z,xxnopasaranxx,account.ab20c2d903e34f98a3df874b150970bb,2143
2026-02-11T22:13:48Z,Vintovar4ik,account.53a418f04f7848b5b518b3dbd4e697b8,1879
2026-02-11T22:13:48Z,Nediel2018,account.6f042faa47874aeeaedfaffc4909dd35,2310
2026-02-11T22:13:48Z,Taree_,account.f1202903051042a682bb9a2e117c562d,1978
2026-02-11T22:13:48Z,CEHIII,account.ebe7baa67ef7465fbeb9a92928974d97,2035
2026-02-11T22:13:48Z,PeachD0g_,account.9b7e28a7916a499a8aede79572c479fe,2512
2026-02-11T22:13:48Z,w1uu_,account.633d91b073124fee9199203f6f86e89e,3199
2026-02-11T22:13:48Z,SnajperAWP,account.ca39045c4b97484682bd8e19f6530b06,1583
2026-02-11T22:13:48Z,OFFlineUA,account.0317f9ffe2194f27be01c2b24a878adc,1811
2026-02-11T22:13:48Z,Vlaasov,account.b34c9ab11f0e459cb8bfe59de71aa48f,0
2026-02-11T22:13:48Z,BuXingBieJiao,account.b5ac229d4535469583b9b92fa645d2ed,1813
2026-02-11T22:13:48Z,DimaRageUa,account.eda7326f8dd24f88b6bd1150de4c835a,2439
2026-02-11T22:13:48Z,Callme_Sky,account.62cb6edf90ff4e1f89357ada52da5dac,2087
2026-02-11T22:13:48Z,CikaBeli,account.12f232bb36cb4cd8a52d8bb08325cf83,1656
2026-02-11T22:13:48Z,SlimShadyIsCrazy,account.d3ac0779a45140b98df4e0b1be32d90e,3542
2026-02-11T22:13:48Z,COURAGE1992,account.f8d55465718a4f1b9c4e769118194869,2111
2026-02-11T22:13:48Z,Cabbarxx,account.cb9e1071154f4203873195fb24edac61,1601
2026-02-11T22:13:48Z,DMX_Plisat,account.3f1272c26e1e4d6891b21cd28a68a8a0,2264
2026-02-11T21:43:33Z,ElvisPompa,account.4dba809eb74a4a2fa770b7ad30cb7a21,1694
2026-02-11T21:43:33Z,GRIIMlREAPERR,account.3da63b18cb7b4e369f9d7dc5136f93bd,4230
2026-02-11T21:43:33Z,JESKONNNNNN,account.981861232d2b4e34a7b4a8d210cf8936,2815
2026-02-11T21:43:33Z,xXxBunnyxXx,account.425d32649255437c9bc0d52aed1fe0b9,2382
2026-02-11T21:43:33Z,whydoesitshake,account.7522671a8b204a899926df82b4bc0f21,0
2026-02-11T21:43:33Z,vxkey-,account.f47daa2312d743078ea392a5234930fc,1877
2026-02-11T21:43:33Z,6bosh,account.7fe07069ae7e4e8e877645d264ccd18c,4021
2026-02-11T21:43:33Z,Painfuldayss,account.cc90559a606b46e487a432fa08140438,2501
2026-02-11T21:43:33Z,Best1ks-,account.eb448a64af3b43b3ac08d30c099123b5,3246
2026-02-11T21:43:33Z,scarecrowy2k,account.5655a8459984412f9632bac91322fed2,2640
2026-02-11T21:43:33Z,Flavinho_-,account.406505b299314368a49b7d6b1dd0480b,1535
2026-02-11T21:43:33Z,EladitoOMG_HUB,account.fd454faa1c0d4090ab162955924ba0bf,2217
2026-02-11T21:43:33Z,LAZ-ZO,account.db0d85a1f2a948c7ba3a4ffe81b1ad1c,3124
2026-02-11T21:43:33Z,iUnknownSs,account.9212a7b750eb4485a037f905f2b57dc4,3098
2026-02-11T21:43:33Z,Elvrci,account.cb7649fcce2749a293ac8ce8300e27b7,1007
2026-02-11T21:43:33Z,Dora_emo,account.52c40bb4b7694fcf9757e97be2e069a9,1
2026-02-11T21:43:33Z,BAObao99919,account.721e5830ff1142cab52aff343fbc7d2b,417
2026-02-11T21:43:33Z,dober5K,account.fb20f32392da4efc873ac26d6b361dea,1924
2026-02-11T21:43:33Z,seldombluff,account.43c99643ac304e2ba682143373720bb1,3325
2026-02-11T21:43:33Z,sqr4489,account.0e3f0f1e49a34c26ab216a13dc0678c0,2041
2026-02-11T21:43:33Z,Joker_LucKy_,account.c51e390de9d5472ca7ccbb8158089d4f,0
2026-02-11T21:43:33Z,Meelk0RRR,account.373c5dc4d26b450bb1213278d43ee328,0
2026-02-11T21:43:33Z,xViceRoyx,account.a1e4958e71884212906a4f4dfde676ca,875
2026-02-11T21:43:33Z,SnideRickyTTV,account.837ee510302b44929872ec65ebc1e3ad,0
2026-02-11T21:43:33Z,FROSTFOX-_,account.148814d1227a448a9344ffdc26e5168a,3869
2026-02-11T21:43:33Z,Sh_Trafnoy,account.e871c56365be450587dfd4b5ed465a34,0
2026-02-11T21:43:33Z,FEAR_EXXTI,account.8b9bd33f40854cde937e9bfb5f2c854c,2679
2026-02-11T21:43:33Z,JUST-KILL-YOUDAY,account.4c918b8c8cbc407c8a83564139452912,3289
2026-02-11T21:43:33Z,PHX_lmo,account.9d097634f7d14b20a29c556ae226f261,2681
2026-02-11T21:43:33Z,myhtlzz-,account.4ee45f2e6d844df0807c285ba8d6a53d,3159
2026-02-11T21:43:33Z,mmet7,account.a0c7e01726a548e9b6afaf1ccf23f800,1160
2026-02-11T21:43:33Z,Venom_123_,account.022f5d4eca87445d9f28c13c82dc9e51,1570
2026-02-11T21:43:33Z,Dani-Ro,account.710120c8299746dbb4321038ba9a36fc,2730
2026-02-11T21:43:33Z,F0RG2TLOV3,account.1e72946f473b4a96b54a4e50cfaa0100,466
2026-02-11T21:43:33Z,Germysik,account.e391b0ab57034cc5b4c72ce638a75c9c,0
2026-02-11T21:43:33Z,Aphelios416,account.4782f154c8cb40b38b5522a9e684df8b,431
2026-02-11T21:43:33Z,YouZiMaDaMaDa,account.a88716a89cd5435f82ecd2614fc4000b,2930
2026-02-11T21:43:33Z,CELIK_53,account.e918ef192954416ea6d3244fe3d7c03a,703
2026-02-11T21:43:33Z,WinD-_-Breaker,account.520fb60332c04f06b4b86733452e930c,2400
2026-02-11T21:43:33Z,Ower2K-,account.a125126d6da449ee8331790fe41aa621,3400
2026-02-11T21:43:33Z,Ymerotvorenie,account.6330721b94074338803eb4e8193ce22e,2448
2026-02-11T21:43:33Z,Bl00_DJ,account.c4c88b24308a40b6ab8af73e142d51d7,0
2026-02-11T21:27:55Z,boost1k-,account.deba12503ae249588936ca352c148e02,4016
2026-02-11T21:27:55Z,Feyer1st,account.8e3ec61fed5a4158b52a75f7d57a71a7,2834
2026-02-11T21:27:55Z,Tenzay_-,account.6b6dfda45b2c4240bb4da544782741f3,3220
2026-02-11T21:27:55Z,ElZarkito,account.97cef9678e7c42e483a23674885305c8,189
2026-02-11T21:27:55Z,PZXO0,account.dd66360e8a0e479a8104bbed6689c59f,0
2026-02-11T21:27:55Z,Bouramires,account.e4715c71640e4618924f81220d124d55,3502
2026-02-11T21:27:55Z,Square--circles,account.c90c041d597e4db186ddb6cea19b87d6,949
2026-02-11T21:27:55Z,IISTALKER,account.762ecefad54440bd994ae8565cbbbf81,2467
2026-02-11T21:27:55Z,MASLITOOO,account.377a50fd4f01421a89bf5066c19ec513,3163
2026-02-11T21:27:55Z,Esemti,account.939c290de1a3428b8f682732d278e0a5,1218
2026-02-11T21:27:55Z,abc727674766,account.ebb7ce567c71454b8cf1de1868938421,2619
2026-02-11T21:27:55Z,KTSARZz_-,account.c02aa05c7a8d4445b9cb74629b97186e,1349
2026-02-11T21:27:55Z,Tny7_,account.d8ef6c0370f84fd390fc93e79175933f,3389
2026-02-11T21:27:55Z,sxntastico,account.228cc484f8114d7a9775bec4bcf41406,3554
2026-02-11T21:27:55Z,To4uIL0_o,account.1557b19bde4040af8745ae87c6b2ec92,3116
2026-02-11T21:27:55Z,Front-TT,account.581ef3c9770e4d7f94e772f629446425,3334
2026-02-11T21:27:55Z,Tironocul,account.bd8d3036c2e04198aa397aa69563ece4,1990
2026-02-11T21:27:55Z,X_BaddPeek_X,account.d76eca8e09754958a82f10ff20964c80,2748
2026-02-11T21:27:55Z,Eow_-Panda,account.e055eae22f4f42dd88fe30c65ee7e6f7,2719
2026-02-11T21:27:55Z,Sinapse777,account.bda79a94e38f4047bd4bed6ed380130d,2238
2026-02-11T21:27:55Z,ix8s-_YouTube,account.c23578310bf14d7995e7cd3439d8bc76,3546
2026-02-11T21:27:55Z,iIinFernNalL-_-,account.174e0166623a4c408c9cfb32a25e7ac6,2909
2026-02-11T21:27:55Z,fanafps,account.2eb1a24799c24f029cd2069ef6863d53,3506
2026-02-11T21:27:55Z,D_a-z_a-i,account.5c681a8449b440b28d970e935cd45f16,1476
2026-02-11T21:27:55Z,cervi-,account.920f1a80d2ad4c98a2e6ddd6fb0d836c,3604
2026-02-11T21:27:55Z,chako0o,account.4cca0e3600764ad7b96f82f30e525216,164
2026-02-11T21:27:55Z,ti01y,account.5706e3f28be34fe78b25b763269258a0,2071
2026-02-11T21:27:55Z,GebesTurtleeee,account.890dc590434043708ff26821c761a55a,1986
2026-02-11T21:27:55Z,x1_DAVA_1x,account.744cb292280545cb8de3d0c5536b2f90,646
2026-02-11T21:27:55Z,HeyPandaOvO,account.2c9c46ad6caf47e68202e09ef64c3ebc,3236
2026-02-11T21:27:55Z,xmpl,account.db55caa881ec4056816696f12f2b676a,4273
2026-02-11T21:27:55Z,XR_76i,account.95c6ceb5d32c46c186045402d000847f,1706
2026-02-11T21:27:55Z,fruity_shootyy,account.25705d79c9f8481fa15b991605c31dc5,565
2026-02-11T21:27:55Z,iLaoming,account.2e09b33a6ee7462794a1b80e04575ee0,2648
2026-02-11T21:27:55Z,Nikell11,account.09780f4649394dab8d638fb5aaf6940f,2668
2026-02-11T21:27:55Z,andree1380,account.d520d9b58863466aab7ff9c2fab32674,391
2026-02-11T21:27:55Z,LiaoQun-Hs_07868,account.da50297dde014320a6c735e42870e9e1,3218
2026-02-11T21:27:55Z,xVeNoM-,account.8ed6d67e51944987a47a90c8a8312484,2548
2026-02-11T21:27:55Z,Hakatory,account.aff8bf9484044563956d6d5b98f36ad0,4535
2026-02-11T21:27:55Z,MoP9Ikk,account.9315b1b5d8904fac961f641f71df0554,3087
2026-02-11T21:27:55Z,DEVIL-MAKAROV,account.5925cab5dfc540e4a809288c9be2e8ef,3359
2026-02-11T21:02:37Z,KISUNYA_YT,account.9217589648e34d1d8ae56a371845cd3f,2237
2026-02-11T21:02:37Z,Zeus_TikTok,account.3c665f95c3574f2f962415866aac690f,1649
2026-02-11T21:02:37Z,Stormik18,account.b3d3e5dfec7e4eb9801b3b7a5cbe2ad7,233
2026-02-11T21:02:37Z,Mr_OcTopUs_o,account.f1c1c8c9655b4f1183dd0c5fca6c2ba2,2973
2026-02-11T21:02:37Z,ERROR_UA,account.3ac59831316a4df093209d4cc0fecc70,1843
2026-02-11T21:02:37Z,NELEGAL_TVV,account.18d21525507f42fb9d7f5101ea422aae,3510
2026-02-11T21:02:37Z,F7NL,account.91895aa2502343ed8fc389979b4fa6c8,2840
2026-02-11T21:02:37Z,FengFengJiaYou,account.2e532cf921de4f51b48aa1d5fb872258,2512
2026-02-11T21:02:37Z,ColossusRex,account.0c47aaeae4a641faa4bce81bbede1a70,2475
2026-02-11T21:02:37Z,HussTheAssassin,account.6b94e238ecf04bcf82cf62f09598139c,2618
2026-02-11T21:02:37Z,Hitcher82,account.740b1a6b068a4391a0aeb0ef00eb1464,658
2026-02-11T21:02:37Z,AbyssWalkR,account.b4d24b75847d44ffb9796d01d4d90ce8,2081
2026-02-11T21:02:37Z,Hauadorth,account.fc8cd96dc507493fa86884acfebbfda7,745
2026-02-11T21:02:37Z,LAZANSKI_,account.c9d402d4eeae4bd795633545cb964d28,3103
2026-02-11T21:02:37Z,iLuU_91,account.4560add8d4cd4e6aa298e9739df40884,2028
2026-02-11T21:02:37Z,MR_ISSMAN_YT,account.94bf4122a94c4810b012e3975293e40a,0
2026-02-11T21:02:37Z,MACKEZZY,account.b52db5743fdc4da1bf3b6512a0b2d693,3248
2026-02-11T21:02:37Z,TReXx_Matador,account.4dcb5888b8b147c187beec305d365c62,1310
2026-02-11T21:02:37Z,xmo6,account.841cfbef4d414eff98b2ee906d7da09c,1853
2026-02-11T21:02:37Z,Rochino,account.cbab04799ba24fe4b82f7a60c23e673c,251
2026-02-11T21:02:37Z,SimpleyyS,account.5d3462e188a648a686f8779bfe93cbc3,1195
2026-02-11T21:02:37Z,YASUOm24,account.4c0e65f0f3ab49f8b6d8d8f170532ecf,1852
2026-02-11T21:02:37Z,Baphen,account.2fb60e65341142c085ec654e19ac6bd3,2823
2026-02-11T21:02:37Z,abimtwo,account.1d773a95e7b042be8b0b53ba41e8b50f,331
2026-02-11T21:02:37Z,annfig_,account.560a25d249be434e9306784e76fc8f83,0
2026-02-11T21:02:37Z,Tri_stan,account.10dfb720a8494a1681f62869377c5832,1520
2026-02-11T21:02:37Z,Ta9k_Jayson,account.62cfef9e172d4dcfb6b97f01e9e82b61,2899
2026-02-11T21:02:37Z,JamalDerSchmale,account.5362242623984ecbad5da4e612d693ec,0
2026-02-11T21:02:37Z,Gravity238,account.f774c6aaf83c4d9d9e957f5284a217a0,0
2026-02-11T21:02:37Z,x20x03x2001,account.18233c23ee2c4c57915da22afece24e2,937
2026-02-11T21:02:37Z,Ghost_Matador021,account.d723f1d5656c4e02950fedf5aab5f08f,1324
2026-02-11T21:02:37Z,R-KEY-BROKEN,account.a103e865b0c74aadbb92ea4741481242,1271
2026-02-11T21:02:37Z,JonasPTSporting,account.938188d5f0fe4cf69f0c94076d9e94fd,2200
2026-02-11T21:02:37Z,Saito1_Asuka,account.f3a8cec76f1549e3ab45722e458c29e8,2999
2026-02-11T21:02:37Z,Cyclone_Matador,account.894c31ad6e134f15baa1e7e7c6f95a2f,1619
2026-02-11T21:02:37Z,EmirhanZeus36,account.7a7ee4d3846e44dea528fdc9c691b54a,1
2026-02-11T21:02:37Z,TeaCCCat,account.57acd6f64fdb4c3eb4faee73adbccdb4,2682
2026-02-11T19:52:43Z,HotDanger,account.d6d5c753f8c7459a9d87a113a41f6fe7,1278
2026-02-11T19:52:43Z,LeiteRvoll,account.ecc5f3e2271f4964b295be131f8fcdc8,2117
2026-02-11T19:52:43Z,HAPKOMAH_TY,account.dc1e8b39b20a47669889e74eae34f30d,2322
2026-02-11T19:52:43Z,CLK_mUSThe,account.85bcb1b64277444a8c7b90454c900fd7,1284
2026-02-11T19:52:43Z,RED_FaReSDZ_KING,account.8201df02186f48a1908833d1e5369ad4,3176
2026-02-11T19:52:43Z,AdebowaLe_umT,account.5695bb504e0a433ebb17f001cb3fde99,309
2026-02-11T19:52:43Z,MagicLightMelon,account.a72fbfa1bacc48ca9876141dd193197e,1091
2026-02-11T19:52:43Z,Arte2127,account.23d94e4a5405481e8befbf5124c2d5e2,550
2026-02-11T19:52:43Z,M_U_GYY,account.cb6489bffa7c49d3bf5a827524263fe7,2250
2026-02-11T19:52:43Z,kentsknopkoy,account.1494c8ed9c364b37822cd60b1280daff,0
2026-02-11T19:52:43Z,MAGICMIKE64,account.4d21851699ed45d7a66d7245927aa8f6,562
2026-02-11T19:52:43Z,halilaqwe,account.789cd5ce6918407b97903b2d3cd45024,347
2026-02-11T19:52:43Z,Vivaiv,account.5742e7ce9aed4fe5914bd3d0cd5e9151,1042
2026-02-11T19:52:43Z,xcxcxDAVExcxcx,account.527f5a8d230b4f6b89b42c232c595b03,1613
2026-02-11T19:52:43Z,oOPlepOo,account.0620a945d2e547f8acd1bf49fea384a4,1943
2026-02-11T19:52:43Z,AveMaria333,account.0fdc849e6e684d6193fc14833b49e601,0
2026-02-11T19:52:43Z,NotoriousGamerGR,account.40c4ebb2633b4529afd99fe53c405fa0,1934
2026-02-11T19:52:43Z,F-r-ee-Palestine,account.e0aef1b5c39843d0b26e17ea4e537531,1050
2026-02-11T19:52:43Z,Kardelen41,account.8d0c02bd5a0f4313a82bdf8e33a01128,10
2026-02-11T19:52:43Z,URBigMadCauseBad,account.2201fd98570f400f9d98f07257501453,923
2026-02-11T19:52:43Z,panchooo77,account.fcbdfae7f20246e792dfd2df196be795,1446
2026-02-11T19:52:43Z,STRELOC_777203,account.15bb1fbc21114ff1a5d036bc5a1deb63,660
2026-02-11T19:52:43Z,MakaveliDzx,account.c58ab266317142da90cd57268f771b34,2687
2026-02-11T19:52:43Z,Misanthrope_Q,account.01a9ff8e83ee473ebc9111b29e1cf31c,1319
2026-02-11T19:52:43Z,ZibidiBarnak,account.43fe77a75ca246dc8d6927872c83193b,1806
2026-02-11T19:52:43Z,007OtMoRoZoK007,account.8980baab1cfa43e397d83230be854ee7,1881
2026-02-11T19:52:43Z,Kevin19119,account.7e6521ee78324d6596ed426563e71eb8,1968
2026-02-11T19:52:43Z,salahaden,account.5a1f4c53db3645ae8a63ea221121ff84,0
2026-02-11T19:52:43Z,AMF007,account.403456a6eabb4fb280d03d9c007c970d,1083
2026-02-11T19:52:43Z,YOUAREDEADBRO61,account.d6c2ac0901934061a3189f82e781ab89,516
2026-02-11T19:52:43Z,Lostsigh,account.243d9f5b35af4099b89f00d5c1799d52,439
2026-02-11T19:52:43Z,Mr_UzzY,account.ff1f1a897d15411caf3451d1ff460dc4,0
2026-02-11T19:52:43Z,TrockenFutter_-,account.20af277f1e034847befaf0461d582855,1172
2026-02-11T19:52:43Z,Sefedin,account.7b1ced0417184f18a58976d818d6e5f5,1461
2026-02-11T19:52:43Z,SuPR3Me-Djo,account.b1eb257fd1624359b68645552853921e,2868
2026-02-11T19:52:43Z,wonansasd,account.9f8ab38a355d44f8bc2635e55eeed19f,0
2026-02-11T19:52:43Z,xXvojoXx,account.b4098ec47bea478caabd02cadbbf3852,1618
2026-02-11T19:52:43Z,Analritter69,account.cdb5a796653e444b9534300cb8b0cdac,1118
2026-02-11T19:52:43Z,FiSNaSuYuASK,account.a2ba1b10714b45c0b215b5bfa4baa7e0,154
2026-02-11T19:52:43Z,Shaitan_999,account.a78ba10e742147a996751bb1e908e324,1884
2026-02-11T19:52:43Z,CreaveaL,account.19b180560f2948989e7d93ee629e62e6,1013
2026-02-11T19:52:43Z,kmll_-_,account.8341bae400a648079e7d9f6090fd30a5,86
2026-02-11T19:52:43Z,DARUGANKA,account.c65274dea0fb4b3d8b04df193e72cab3,0
2026-02-11T19:52:43Z,fettbein,account.8c0fe5a28ab24aa193d475f76df429f0,1173
2026-02-11T19:52:43Z,RZ_QweRez,account.6e90cebf068040e6832dd0fc66c3a4f7,0
2026-02-11T19:52:43Z,R1PER1N0,account.c3de16c8b5494698aeee38368d041990,1802
2026-02-11T19:52:43Z,atlas_asd,account.f3b30292e70242a8ada68b25d5d49866,570
2026-02-11T19:42:10Z,AB_Ramadan_zZz,account.f53bca94d85440348184a614883ea7dc,2380
2026-02-11T19:42:10Z,DVallejo_77,account.072b123efe614e14a16bc9dd94dd8a27,998
2026-02-11T19:42:10Z,starstream-,account.021b7eb55b324474908192e21e9bfb51,2971
2026-02-11T19:42:10Z,SHEIKHx-_-x,account.db59d77806ca4159acd54668be877842,2665
2026-02-11T19:42:10Z,AH-WH-ShengGe,account.06ecc5ea0c7a4e93af197c1f3063417b,2528
2026-02-11T19:42:10Z,Adutuu,account.79db658517504d618221e23803ef0b23,398
2026-02-11T19:42:10Z,iPiFF,account.955ac49468a64858852f1401f201c660,682
2026-02-11T19:42:10Z,Mr_Kkai,account.d082225efc2f408f81fd2a24f48ea69d,2813
2026-02-11T19:42:10Z,DR-_-DANGER,account.d1658da8f3c14506884c1f647f3da6f5,1885
2026-02-11T19:42:10Z,93LEGENDA,account.852399ede12f42ab81984305e6a9fb3c,748
2026-02-11T19:42:10Z,EPB-Ah-Zhen,account.e52d61ff3ed043b08ea6432f60cdc2c5,1672
2026-02-11T19:42:10Z,SK_-0K,account.02d8317717bc4a15a182f410d8581c95,2711
2026-02-11T19:42:10Z,XiaoYu-_4AM,account.5ad459a6c7cf43768ed4a8f50c0244d2,2422
2026-02-11T19:42:10Z,Ss-SeRGoNi,account.89b0d41fd2134f07a387b70cf5bf3a6b,2796
2026-02-11T19:42:10Z,Mr_Lz1,account.506c29fe1b6345fb8c93df35aedcca8d,2791
2026-02-11T19:42:10Z,Trddddddddd,account.2a5989f24b2243ae99188800e85785f1,2210
2026-02-11T19:42:10Z,Mr_President_Liu,account.f81bfcd033bc4a6984e80cfa9b2fa88f,2382
2026-02-11T19:42:10Z,SPP_Hunter,account.673b4eb692ad47f59b19631234ed67b0,2510
2026-02-11T19:42:10Z,z_Bereli,account.bcc71c8a04cf48c5969234b45ab40dd0,2304
2026-02-11T19:42:10Z,Cizedam,account.890dc590434043708ff26821c761a55a,1986
2026-02-11T19:42:10Z,IIeLPii7uuII,account.462455739b214fe7955880eec1471488,1668
2026-02-11T19:42:10Z,BennyPascut31,account.46f89ecdaedc4c6e86e6b2ee1a509aca,261
2026-02-11T19:42:10Z,zEmre58,account.a200512dc3a8400299c800e69c83753e,2271
2026-02-11T19:42:10Z,SPP_DEVIL,account.484a99ee720347d68c09f73af9381df3,2320
2026-02-11T19:42:10Z,Rasterz,account.2e4c8e9ba4ee4db394e24125159958ee,843
2026-02-11T19:42:10Z,Roofo361,account.69403ab7a7a94883b461eda4b273f7fc,2595
2026-02-11T19:42:10Z,FackuVillalba-,account.60187d087f4647aa95cf93b183aca029,2137
2026-02-11T19:42:10Z,tachooo,account.cf853c71adbe416292536b949a97335b,1781
2026-02-11T19:42:10Z,D45D_,account.f76cec8e123840208f7fa3104bdc764c,1848
2026-02-11T19:42:10Z,Karaleite,account.532511e2b66a4cccb641c503bb63ae09,2737
2026-02-11T19:42:10Z,Lini-,account.c6679bfc2d5647e19f36c162c0ec08b1,3078
2026-02-11T19:42:10Z,JoeDALTON-TR,account.3807f3fcfce64fde91aad3e0ab5ad1ed,579
2026-02-11T19:42:10Z,P4M4G4CS,account.6cb367d2e08540288e41bd52f6eada31,0
2026-02-11T19:42:10Z,LUISF_23,account.476bec35928349218bfb5562dd930a37,1729
2026-02-11T19:42:10Z,SaqlabanS42,account.244599957b4142e89124a14a2592e4c9,2309
2026-02-11T19:42:10Z,r1CTM,account.e2f0ecfc4dfb418ba32bcc82cadc2634,2178
2026-02-11T19:42:10Z,TWXLVE,account.ce5cd8fc74404c9f94f0dfb79eeb4a03,2193
2026-02-11T19:42:10Z,XxBOZOBEYxX,account.679d4e144fa9444fb8f80eaf58949ab7,3060
2026-02-11T19:42:10Z,Budai_adm,account.20791b9b5a0440e3bd108031cce03df9,0
2026-02-11T19:42:10Z,TURKYAFES,account.d250ba94f76d4dfea0c9a90b033b614e,498
2026-02-11T19:42:10Z,Alerbii,account.29284531e16f48278eff94032300540b,0
2026-02-11T19:42:10Z,secaatTR,account.a98d6a2500264f759219d28e71a0e937,667
2026-02-11T19:42:10Z,ReusheQ,account.4b4fa2b641c7455c8fc060dd01420ee9,2840
2026-02-11T19:42:10Z,Aperozz,account.be74381ad19248eda049bf7fe02ca4f1,1986
2026-02-11T19:42:10Z,SK_-OK,account.546c7555ddc3487bbe2a5a4d77e127d6,1846
2026-02-11T19:42:10Z,I-OTOBUSCU-I,account.73ff92e439ba43f184d6f00ab66ff060,2818
2026-02-11T19:42:10Z,KARLOOOOOOOO,account.cdeb219d72a84ad9915005bb91ac9609,2627
2026-02-11T19:42:10Z,SK_-DY,account.2560f071f2d7428393cd85ef22bc5e6a,2105
2026-02-11T19:42:10Z,MatekaMantekosa,account.908487485ddf4e9f89862ddfa20de406,1996
2026-02-11T18:54:14Z,Atakan3807,account.aebba827d27a415ca1f4142d4e92b7f3,1962
2026-02-11T18:54:14Z,Bihoreanu25,account.4da07beb922d4506a85c1d2a1fa1067d,0
2026-02-11T18:54:14Z,ASB4ST,account.c71bb97490ac44b89a393d2194ef990d,1394
2026-02-11T18:54:14Z,FFSwoxyOMO,account.19cc5f706cfc4ec6b5b886fb379a3a42,1477
2026-02-11T18:54:14Z,NinakosXd,account.de835e24581440f4974c921bc1996f1a,460
2026-02-11T18:54:14Z,AllexPTK,account.76306370734745248072a09487f5c982,1688
2026-02-11T18:54:14Z,MAGANDA007,account.45c0d83b3d9642b3a1d5b219305c1878,104
2026-02-11T18:54:14Z,SHALEM,account.d63c4698e27549419f0e1e8c963299cc,1700
2026-02-11T18:54:14Z,Xxx_RIDIC_xxX,account.f72e91110cfb47deb584f0ae15113660,0
2026-02-11T18:54:14Z,x_MAJESTY_x,account.432d76ec096f4c199236cdb16f2cfef9,670
2026-02-11T18:54:14Z,Alpeslan,account.0f8361f774924ae98e5f7ed87a51ad54,1003
2026-02-11T18:54:14Z,qiangshennnnn,account.4652a494d0fa457a81a0f39224c66adb,1
2026-02-11T18:54:14Z,hunter3741,account.3b5fa94a683545b4a1a956b12b404bc7,576
2026-02-11T18:54:14Z,HuntingBob,account.7bd32e26fe2b41d28029a978d0634a57,1351
2026-02-11T18:54:14Z,RADIK_SLL,account.8d9a1d0bfb11464c9dc82cf651984d15,1589
2026-02-11T18:54:14Z,SakkeNa,account.9af5159bbfb64c418c426a0130ead7fd,834
2026-02-11T18:54:14Z,Seraphira,account.455fe8cdbefd48bbb6c05579d4b9e862,499
2026-02-11T18:54:14Z,TheOrijinal,account.e5394e9364d34bf5be25b7176523b006,1866
2026-02-11T18:54:14Z,Adisho,account.2b9ea6141f224ed5a5ded734a4d50d90,0
2026-02-11T18:54:14Z,Fransya_Stalnoj,account.1bfe2cdfd43b43cb9dbd6bc609bfde21,287
2026-02-11T18:54:14Z,CasiusClay23,account.9dc4ad154e3041a4a4e542ff28e8165c,1800
2026-02-11T18:54:14Z,xBloodWhite,account.0548cf53b4e5415db60f989b0c11c539,555
2026-02-11T18:54:14Z,Lin_Mercc,account.e6287dbbcd1c4b5ca1f4a4c269ed0bb8,1400
2026-02-11T18:54:14Z,Kara_Ali,account.f7d18af4b16f48cabac0e3c25251b363,2066
2026-02-11T18:54:14Z,000-St1ch-ua,account.9255c32d6c5c4215805796d14758ea7d,2167
2026-02-11T18:54:14Z,kara_memet,account.9da0afdab6e94b3787b6dc21fd98a97f,2231
2026-02-11T18:54:14Z,VolkAnqeL_Twitch,account.a4b4fdaf04ec4258b27fe1439f6c0364,1942
2026-02-11T18:54:14Z,johnnpalas,account.90fde73eec6749f188af43832d21930c,1133
2026-02-11T18:54:14Z,parazitasss,account.b8aacbd010e04850923a471582046053,0
2026-02-11T18:54:14Z,Boz61,account.a999e2af0bda478682662e1118fae494,0
2026-02-11T18:54:14Z,StevyK,account.56cf44d1d62e4ae98b485374b2be1ce1,348
2026-02-11T18:54:14Z,najiuzheyangbaw1,account.c9d192116b24415faaf3500a84681338,958
2026-02-11T18:54:14Z,Twenklez,account.f948338a48f640e0aa31ffe9c8882ab6,0
2026-02-11T18:54:14Z,ArtaDocC,account.da35536b3381491bb90cebfc88e5e4f3,0
2026-02-11T18:54:14Z,DongBei-Qy-2Ge,account.fca6600d4e2a4b47b5fdec267d911991,2426
2026-02-11T18:54:14Z,han1tback,account.bf59290afdae47969d9e5893bcfb0597,999
2026-02-11T18:54:14Z,xBloodSuckeR,account.2f16dcd0878c455494eedeafcb288ed0,663
2026-02-11T18:54:14Z,ToMz_YT,account.9484a205c329427fb3e014974d2f5054,471
2026-02-11T18:54:14Z,Kurtcu_Dogan,account.11cebf49bed84d1d8790ba557762539b,1990
2026-02-11T18:54:14Z,ADA-61,account.ed75ed6d1a024c07a327169d979c9286,1746
2026-02-11T18:54:14Z,Dyssst,account.6609b0cc7908401489b3f46fd7b9681c,2548
2026-02-11T18:33:18Z,H4LO0,account.9f92e5ed52e74dab898776d1e09443bc,985
2026-02-11T18:33:18Z,olumsuz,account.8327de68e0cb451595a1a9a7d50a8db7,2383
2026-02-11T18:33:18Z,Lexgang01,account.a95f63eeb86f4cebacc0ef156a34654f,293
2026-02-11T18:33:18Z,Jesos-,account.127abd0f0f8b49da97ba9fe85ecd4829,1665
2026-02-11T18:33:18Z,CORNELLYUS,account.fa9508a410c543f881502cb608d80032,1999
2026-02-11T18:33:18Z,R_A_M_P_A_R_T-_-,account.959abf7649ff4223a9c63ff2a2528cb5,2055
2026-02-11T18:33:18Z,jamyolu,account.b6b7b868805240d19dda4f4517582006,1156
2026-02-11T18:33:18Z,CobrayVIP,account.e42340f8a5aa4b899f2b6fc290d4a920,2152
2026-02-11T18:33:18Z,Daisy-Grg,account.5520f5b7979d4ef28b916f59632a37ee,1004
2026-02-11T18:33:18Z,snow-bae,account.659ecc624727464ea622b0b86a3bed97,943
2026-02-11T18:33:18Z,SuperIn0,account.d07c44bccba44757b3bde916420344da,864
2026-02-11T18:33:18Z,MazepaUA,account.61c2b5e2237c4d35b65663e8990a9b11,1372
2026-02-11T18:33:18Z,Hattori__Hanzo_,account.817e9cf1535d482897eb4ee8bb1621b7,2109
2026-02-11T18:33:18Z,oay053,account.b3b5ecdd9d124c6bb54af4d229e82543,534
2026-02-11T18:33:18Z,ilk-samuray,account.c5dce7a30be84effba311c6496a6c00a,0
2026-02-11T18:33:18Z,Bulutizm,account.96124098e49f4c89a5c47e9562700871,3412
2026-02-11T18:33:18Z,FUARK21,account.d0cfd410a78847dd87dae2e3a5f72f82,1037
2026-02-11T18:33:18Z,LifeAndHayat,account.9a0a6646f2cb4ec68111c02d9793f2c2,1349
2026-02-11T18:33:18Z,iTzDICE,account.df4ecd88caf549b198537abd4ebe20d9,1023
2026-02-11T18:33:18Z,ic3maN_-,account.93d0419b9b9b4ce792e36caa3deb9a87,0
2026-02-11T18:33:18Z,Serkan_25,account.82086e4d55654edabee10caa76ce0eb0,948
2026-02-11T18:33:18Z,i2705,account.f0650f0cd8b74f3facab813f1c98bde9,3185
2026-02-11T18:33:18Z,310HzPEEK_ApO_-,account.b5c6bb6775d848fba208dbba71c5a040,2716
2026-02-11T18:33:18Z,1CaBBaR11,account.e62c5c1b16cb484090c5f68340fe3565,825
2026-02-11T18:33:18Z,Hell_Cook,account.0c1efedf8cd94c04a4ebbf14b2bd8842,1538
2026-02-11T18:33:18Z,walter_great25,account.06024bb3680d4e33a960dffc9a3a585f,2290
2026-02-11T18:33:18Z,Espiri_Canavari,account.8c65f5f472d24b90bc7a3a36789683ad,3224
2026-02-11T18:33:18Z,TAK-CYAXARES,account.d1bc442e1670404a92bd959d2d0e808e,2536
2026-02-11T18:33:18Z,GuTsouGouTsou,account.8a44ce05b88e4ada8b9ac7e363714d22,1354
2026-02-11T18:33:18Z,Dysuki,account.cfb2f99588424c6c8fac2bf904d4ca1c,1692
2026-02-11T18:33:18Z,AGIR-VASITA,account.02cc6f22c74241ee9d6ea0835c4d973b,1219
2026-02-11T18:33:18Z,Ripzz5,account.8e52fc3a83ab4492bf26b6d330cf6c37,0
2026-02-11T18:33:18Z,KAPOTOULAS,account.1ca5d76c6efe47be90ba83aeff0c3521,977
2026-02-11T18:33:18Z,Qkie-,account.a55f3623c33f4fdc9de7b01a9aa1e04c,1275
2026-02-11T18:33:18Z,Lesuk11,account.b208a5fc703a43b5a72f93ecc123c17e,2750
2026-02-11T18:33:18Z,ChanDistavKochan,account.7f158848a1ad4c3496a76156fc328f6b,3236
2026-02-11T18:33:18Z,Mexsicanu,account.f53df4abe1264b86ad4274564f7a84bb,1238
2026-02-11T18:33:18Z,OZmOooO,account.c59f703e1e2b4c2680c4f5757a8c1d7f,2993
2026-02-11T18:33:18Z,Stingo_326,account.c3753c40cc32422fb6a13e1d3be91189,0
2026-02-11T18:33:18Z,Rayze0-,account.a0f127df6fe345bb897803ac3761a982,1472
2026-02-11T18:20:02Z,AndreW-pro,account.8b53e2aee52e44afbad690cd1d603b53,0
2026-02-11T18:20:02Z,XxBRIGADAxX,account.17948beb9c06449ebdd360cbcd9cf425,1871
2026-02-11T18:20:02Z,IRave-,account.ac661b54322a40f5a934a363f9b7774a,2731
2026-02-11T18:20:02Z,Xx-J_O_K_E_R-xX,account.fd4b0f31d1c84861b5867525d401cd74,2547
2026-02-11T18:20:02Z,8ANAN4,account.662f6ccd1174423eba6081a35e7155e5,3102
2026-02-11T18:20:02Z,GrGaFDGOD,account.5bbddf623a0e451c8e2af753ca611866,2762
2026-02-11T18:20:02Z,NuH_G,account.bc3efeb8594e48068dce2c130703a689,2280
2026-02-11T18:20:02Z,BrutalChib,account.3e08205f853b48df835232fd770f7b5e,679
2026-02-11T18:20:02Z,UrIceDream-_-,account.4fd982abd29c43cea9019af47c626560,2597
2026-02-11T18:20:02Z,moooooo0oooooon,account.4caf964bd6a145129930adfacd9ceac4,3341
2026-02-11T18:20:02Z,Ating-kk,account.4cee3c9adb2a4a1bbb267bd9a357ca98,2832
2026-02-11T18:20:02Z,SpecialBestGamer,account.8241d945020041b5bbae9573db845d83,587
2026-02-11T18:20:02Z,Xx_Francisco_Xx,account.c0bc2925e9044bc397f3074028b8ec4e,750
2026-02-11T18:20:02Z,DQnkoFU84,account.d09f1f36c8db454c88aead186120ea0b,1590
2026-02-11T18:20:02Z,X_GODFATHER_X,account.8323ef9a78234cc1a5e87307129262db,1800
2026-02-11T18:20:02Z,K-O-R-N-E-Y,account.3a9080503fce49c4a564bb4e3eef823f,1525
2026-02-11T18:20:02Z,Caps-ln,account.98455ae1bc8641019fe292fe2e7922e5,1544
2026-02-11T18:20:02Z,Xx-GazzaR-xX,account.00342236102c43568f885a041f75a82b,2365
2026-02-11T18:20:02Z,3mda-1212,account.43cbc6cd2e0a4ce3b64083494406c0a4,1843
2026-02-11T18:20:02Z,Renegaldyyy,account.7af7dd514a5843ab8b0864dfc6facffc,3314
2026-02-11T18:20:02Z,targetfs_,account.947b90bad8574969abc177d47e98cd89,1411
2026-02-11T18:20:02Z,3losh-,account.014f43824de34b1091a6e4252c2ab4bb,1393
2026-02-11T18:20:02Z,Melonty-,account.a14f29aa56a243b4ba826b91761eeb22,3264
2026-02-11T18:20:02Z,LB-Predator,account.74a50b9738054ee5bf0e524cf0a96edc,2435
2026-02-11T18:20:02Z,IDynomexI,account.30118ff11b83428aad8ad8e5894320ec,1172
2026-02-11T18:20:02Z,Staff_0,account.3667871adfa34693a318b26338f8f372,474
2026-02-11T18:20:02Z,mikhq,account.0f7660a088d54886862c615aed0b13f2,0
2026-02-11T18:20:02Z,c_a_v_e_m_a_n,account.3362b1676d5640e294379e7801444114,2132
2026-02-11T18:20:02Z,qqFobos,account.44f6c2a326174e14b62292a378082ea7,2123
2026-02-11T18:20:02Z,EvilGhost03,account.3cdfd7c41a5a40b9a3305667338872c6,1618
2026-02-11T18:20:02Z,TurkishWar,account.fe38d5bbf6b24ad8849267dd320f5a09,2140
2026-02-11T18:20:02Z,NinjinhaT,account.fd10262c794b466d8f1ca6e297a883a4,2886
2026-02-11T18:20:02Z,khaled-marlin31,account.6d044324d0814ba88239007fe568fdd2,0
2026-02-11T18:20:02Z,rembo55,account.9a5db2afcefd44d4ba2884ad3776bd73,1313
2026-02-11T18:20:02Z,iam-brook1,account.844d39ac10c2463ebbce272070510f76,0
2026-02-11T18:20:02Z,Maks5346_,account.69bd2d584cfc4a35aefe2060e29c442d,0
2026-02-11T18:20:02Z,KapitanSnajper,account.99610694a7534ac0a10e7565984a282b,2058
2026-02-11T18:20:02Z,Xx-KHALED-Xx,account.440fd98238d347f9b0f503862d36415a,1947
2026-02-11T18:20:02Z,S__T__O__R__M,account.bb8ff08308e140d286b143787686949a,2053
2026-02-11T18:20:02Z,Maplef666,account.f19c3dd8dc3b4712b1959e75247dc6bc,435
2026-02-11T18:20:02Z,BenchoXtreme,account.2f5876be964548c6b9632d16c1960ad0,3
2026-02-11T04:19:10Z,littlezhuzhu_,account.05960f77e0324ae981645f4a308fe70c,0
2026-02-11T04:19:10Z,WuDi--Lin,account.ca7c792bf18c4a048ce47e461b08d726,0
2026-02-11T04:19:10Z,Ace_G3ntlm3n,account.013c38bf1d7b42b0b964c9a4a83212f8,0
2026-02-11T04:19:10Z,SILENTKISSER,account.9fcff553e9a341bc89f5cdcd68cd4857,0
2026-02-11T04:19:10Z,HGGkissCGG,account.4de73798f2ac4195937e3d6511413ee1,2859
2026-02-11T04:19:10Z,iifibonacci,account.ee92bed395664190b4cd9b7842a3519c,0
2026-02-11T04:19:10Z,DF-5CoC,account.58b74c9bba5a41699f641b874cc36be1,0
2026-02-11T04:19:10Z,Chy_Ho,account.e0f7584f3aa44c978ca2c89e42e1976a,0
2026-02-11T04:19:10Z,Krahn,account.fe592e9d21284d2d953108f94184b393,0
2026-02-11T04:19:10Z,Bend--Over,account.5b3a13af0810450aa2cf7b9a5d3107e4,0
2026-02-11T04:19:10Z,JimenezCR,account.d910a508bfe244168dc3c0e9f3ae90ad,0
2026-02-11T04:19:10Z,hss1300,account.364749f2a5e946dba8c22bd8d7bf14d0,0
2026-02-11T04:19:10Z,daramjwee,account.ec6d6b3a72784f8f86308ed4acc93f48,0
2026-02-11T04:19:10Z,Swaggerr,account.ee8e661811784da09334d360789cc01e,0
2026-02-11T04:19:10Z,xorksksek,account.ca41b9e411d6461d876c4062847dd631,0
2026-02-11T04:19:10Z,bigbaobao_666,account.a022c18402a64877a23cb8873a72611d,0
2026-02-11T04:19:10Z,Dandism-_,account.d7dda79c38be4c59b574e938b73a1564,0
2026-02-11T04:19:10Z,DANK1NG_188,account.dae07bb828cc40f7ae5638448aa45daa,0
2026-02-11T04:19:10Z,NewC517,account.3411b449f97c48dcb29cb9994ea3dc1e,0
2026-02-11T04:19:10Z,Cactuskilledyou,account.ace307d85cbd4261affa5e991edf2129,0
2026-02-11T04:19:10Z,YANGPOUNCH,account.7ce634d3d5cd47d88873c514b0fd17cd,0
2026-02-11T04:19:10Z,SuperOrii,account.0a857cb559ed49f5930fa1d2f7d64a3b,0
2026-02-11T04:19:10Z,HyDr4-K,account.7a8f150b00b5473183c9d25bfad6830d,0
2026-02-11T04:19:10Z,Foxxx506,account.d53c2103f11b4a3788dbac46d83f92aa,0
2026-02-11T04:19:10Z,GentleRick,account.9f996bfb5ec3420f93cd5ebdd894f4b3,0
2026-02-11T04:19:10Z,IceMatt5,account.bb03f18642754f349f6695a305a4f704,0
2026-02-11T04:19:10Z,Drewya,account.c2ebd2dfa4194a0f85d6701d810e3535,0
2026-02-11T04:19:10Z,GuateOppa,account.285cc4a723c74506890fe61baeaa082d,0
2026-02-11T04:19:10Z,MynameisGibs,account.5e1ba4efdc66426eb727c441bedd3d67,0
2026-02-11T04:19:10Z,M1k3_Ang3lo_91,account.58f718943a984015890644acef1ba609,0
2026-02-11T04:19:10Z,Crolssant_,account.0140ebd9d4fe4566b7c1d274067a2dac,0
2026-02-11T04:19:10Z,POKE_762,account.642b8b36ee194bcc85a58044d1c1edb5,0
2026-02-11T04:19:10Z,Alex-G,account.5ad7800a95d640248085f003d5bef08d,0
2026-02-11T04:19:10Z,Cormann,account.dd864f2594cd473199a92c0634258f14,0
2026-02-11T04:19:10Z,Chris_Lobato,account.eec363e5f4c3468cad0785a48f2cdd31,0
2026-02-11T04:19:10Z,BigBuffaloMan,account.4c859cfcfec84bbc9632d54641761658,0
2026-02-11T04:19:10Z,LoveQinMo,account.bde8af6c17c34703b889214d6a64dad6,0
2026-02-11T04:19:10Z,LaraCroft_,account.725eb6a16dbb4266aa0183ee2251d47d,0
2026-02-11T04:19:10Z,DMD_Kalmeto,account.2bf38defa867482bab7068b5388ee0c5,0
2026-02-11T04:19:10Z,velpro06-,account.00449ddd2a704a5a8e2b7feb687c10f7,0
2026-02-11T04:19:10Z,luv_u_too,account.d8698b70e7de4c67873a3ece75590e64,0
2026-02-11T04:19:10Z,Camell1a-_,account.25e0aa9afcd24a96b1421dfdceeb7f2c,0
2026-02-11T04:19:10Z,dizel913,account.01519220a3014cdcbce06dc325e47a8f,0
2026-02-11T04:19:10Z,Toxic_Tamale,account.ccbdec2e7f0844ceb7fa43e1c0da8ab9,0
2026-02-11T04:19:10Z,zAnthonyl,account.2b4a9554458f40638e186a2d5685c210,0
2026-02-11T04:19:10Z,xdriftz,account.2312007c43d84324b7958a029344bff8,0
2026-02-11T04:19:10Z,laiovo,account.0e29e932cca1414ca6fc3bc1599e505d,0
2026-02-11T04:19:10Z,Ey_HeLPmii,account.5e9cb5113fe64392bbe9af49c285ae67,0
2026-02-11T04:19:10Z,WeezeTheJuice,account.5dcd8fdc52434dd6b78ffe1df7e41947,0
2026-02-11T04:19:10Z,Sherlockty1203,account.419920ad852b462091073bfe1e502c7b,0
2026-02-11T04:19:10Z,EEVEE_0274,account.f9328bf88c7c4f53949fa52b81e6e9d4,0
2026-02-11T04:19:10Z,jeonghong1991,account.37522621301943ab8067c7ccb19d4b91,0
2026-02-11T04:19:10Z,Bussy-Slayer,account.1064ccbc455242d8a073366896019f86,0
2026-02-11T04:19:10Z,TerribleTian,account.18300facca444075881ba507e393078b,0
2026-02-11T04:19:10Z,CoZ_EmAcOmAn,account.312879eb3dae4ed9ad6feefca7cb2858,0
2026-02-11T04:19:10Z,qymggmwgb,account.39f10369c6454f7889f7d22811c442c4,0
2026-02-11T04:19:10Z,Rush_-95,account.7e4cf21e7bb8464da165a1ca34c6e35b,0
2026-02-11T04:19:10Z,Minion143,account.4e11537e1edb4549b3a345681fa62b03,0
2026-02-11T04:19:10Z,3956-WuWei,account.e36506164df94c4394f9e55fc081688c,0
2026-02-11T04:19:10Z,PvSSIONFRUIT,account.6335b9ac63234aa9a983c8505b506b58,0
2026-02-11T04:19:10Z,Gamingzhang,account.2a6d267217f345c8b900d3d800431482,0
2026-02-11T04:19:10Z,COZ_JohnMcClane,account.e70cab1b4c834b5aaee5975c38ed88f2,0
2026-02-11T04:19:10Z,Zachie18,account.7176cbd9999949c9aa22226cb1d7e8d1,0
2026-02-11T04:19:10Z,TheNatorGator,account.4a7f5940dc6e4d11a7cde5b20a7fbe0f,0
2026-02-11T04:19:10Z,Sukhyun216,account.0f97b1df8fe64472b5507c359681d953,0
2026-02-11T04:19:10Z,ViRuSVeNoM,account.3fabe48f05244be8bebab9f7f6eff8b7,0
2026-02-11T04:19:10Z,eraserNY,account.ad138bca4cec465f91015cb9bd4cf1a4,0
2026-02-11T04:19:10Z,HyDr4-A,account.f1b2492da2bc499685520cc4d372808f,0
2026-02-11T04:19:10Z,LLightttt,account.50383a8d8987456ab062f4e949f953bd,0
2026-02-11T04:19:10Z,OAKBOYZ,account.cf84de12f78f4eb48ddaaced552130d5,0
2026-02-11T04:19:10Z,kkw3991,account.25d1f4add6e14c0f84e094c454ab8b70,0
2026-02-11T04:19:10Z,DMD_BLACK503,account.11725d67bc314da3a0d175009daba94e,0
2026-02-11T04:19:10Z,EnverSpeed,account.ff61ede8fe3044d7b5a1c6b8796e0ccf,0
2026-02-11T04:19:10Z,ggo-bu-gi-gi,account.d4ed0bb80b41481e82ac0d36f6859cae,0
2026-02-11T04:19:10Z,MixXxeR-Matt,account.2e3d3c1821d64333803c3d7f10abf495,0
2026-02-11T04:19:10Z,tunepumper,account.a57e2d78e17d488bb18498e5e682cd73,0
2026-02-11T04:19:10Z,Drew9513,account.eb734b5b93fb4c169be3877bcad09b6e,0
2026-02-11T04:19:10Z,RayRichh,account.19698396c9374f2cb0f0bddab68dcaef,0
2026-02-11T04:19:10Z,Dewey_Duck_,account.1865e645a69042f2b9499d45f03b379e,0
2026-02-11T04:19:10Z,Mattyflytoyou,account.f7038a54145c47b9b8aeb949ec5272fb,0
2026-02-11T04:19:10Z,xiaolubier,account.9d0c66eee035443597901a6778c5a6c2,0
2026-02-11T04:19:10Z,EasyGeo,account.ccb6a843167149598c60d3767fbc2e1b,0
2026-02-11T04:19:10Z,HighThumos,account.4794e470ee8f4c368ffafdf6e074644a,0
2026-02-11T04:19:10Z,Maykeit,account.c6f393cfa99843e3b6743c6ddeb22a0b,0
2026-02-11T04:19:10Z,bubly444,account.e7e3b1e721be4c6d8d587a29e23ac70d,0
2026-02-11T04:19:10Z,GXCHU,account.580f923e670e4fbfb3c19f57f3c94333,0
2026-02-11T04:19:10Z,Bi9_Mac,account.77af4621acf04f41a3a7fd397d016c95,0
2026-02-11T04:19:10Z,SSAMJADA,account.86ba855608274d45b8a36b85b2236c40,0
2026-02-11T04:19:10Z,iu_CupCake,account.278cd5784d2e4ca59b96135e24fca968,0
2026-02-11T04:11:11Z,boondockdeser,account.60fe43638c9647a9bb10cc0b437613d0,0
2026-02-11T04:11:11Z,majimajiiiovo,account.006139ea8197400d8930ad266c41eb1d,0
2026-02-11T04:11:11Z,ANGELOFDEATH1141,account.155445bad82c4a9c8c81a4770178261d,0
2026-02-11T04:11:11Z,Theboys_Butcher,account.e1ccaafa694742649d66bee950d9ab1e,0
2026-02-11T04:11:11Z,POKE_XlAOYU,account.d6f9cfecf83e4462986035f6d6d3b9d4,0
2026-02-11T04:11:11Z,Jack1e_zz,account.bb4e72f8f35d41819cfc057aa9d429c2,0
2026-02-11T04:11:11Z,The_Quiett_,account.c7b291d1b74f4affb959f9065e7d1e06,0
2026-02-11T04:11:11Z,IF_Fy,account.58fad8865f4b4535a697d0d324fe62fc,0
2026-02-11T04:11:11Z,SinisterSmilez,account.8da7b388a1144565a2cb7af4ef8f3a4b,0
2026-02-11T04:11:11Z,absel_rtzzzz117,account.ea787dfcab6f4611a2a0e3e3dd833240,0
2026-02-11T04:11:11Z,OnepieceisFalse,account.ad6cd829d5f24ad69075c939933dc852,0
2026-02-11T04:11:11Z,Zoro22492694,account.6691ac3aa5dd460b8b08faaec054511a,0
2026-02-11T04:11:11Z,Frindd,account.33a598a762bf4e14b35aa2ee7ca0b035,0
2026-02-11T04:11:11Z,NONAME_RD5938,account.a3730ff2db17454e954972057ad782dd,0
2026-02-11T04:11:11Z,TERRADIVERDE,account.ce2817b820654c04868ea0af105868e9,0
2026-02-11T04:11:11Z,Insaeng-_-,account.5b562507f8464e16ae9fc14f8a0fd49e,0
2026-02-11T04:11:11Z,N1ne-_o,account.79090d4f05bd42a6b2ce85eeae855eaa,0
2026-02-11T04:11:11Z,NCCHIJIDADUI,account.6205a5c7e07f4c5f8fcffea066e5596d,0
2026-02-11T04:11:11Z,Hor1zon-0-,account.7689fb9316d546c3ab9d272d7f1d48d7,1971
2026-02-11T04:11:11Z,Cawp,account.32cc3f0671da4d89862444600f43a203,0
2026-02-11T04:11:11Z,1s6x,account.28e52f550b544e95a36cdf431369ec98,0
2026-02-11T04:11:11Z,Sonic0122,account.f6e4413b34da4a9999b4826d67df69c5,0
2026-02-11T04:11:11Z,fengyunjiaoqi,account.dbcb9f980cdf43708c30ae0c78769dc7,0
2026-02-11T04:11:11Z,Chan_needs_help,account.2a28c4a83a484d2a9c4e95a716e8b13c,0
2026-02-11T04:11:11Z,xillarz,account.7ed8b173009c4e129ac5ee896c557ecb,0
2026-02-11T04:11:11Z,Skinny212,account.7cc5404c211e4bac8de62927485c6156,0
2026-02-11T04:11:11Z,HollyMex,account.27e0d2e8074b47cc9c488b52d68763b6,0
2026-02-11T04:11:11Z,ChangeAgent,account.e65cdde6428d423b841ca41e7f5919ff,0
2026-02-11T04:11:11Z,Anthonyt18,account.2bb6dd03b7d548649c960c884d4f513e,0
2026-02-11T04:11:11Z,KaraSader_GOS,account.9f5b271728e24e56827628adbf32345a,0
2026-02-11T04:11:11Z,XAVIERTENE,account.6193839083a043028a2eccdfc329d052,0
2026-02-11T04:11:11Z,IN-PUBG-LIAO,account.50496dc13b0c4b5d8a437029cff27270,0
2026-02-11T04:11:11Z,00T9,account.6b08769dc9744225ae13d1c6eb1c0f7f,2008
2026-02-11T04:11:11Z,VXFVRNkNHjdrZ,account.80ae87133d5f4a15b057604e8ba1be76,0
2026-02-11T04:11:11Z,Pantouflard_-,account.defdf6fb685e48ddb2b94b69bf5360ad,0
2026-02-11T04:11:11Z,mokilla,account.f045adb599494c738c224e588b729032,0
2026-02-11T04:11:11Z,Kodaa_23,account.5619d58410ef48f780b9b3f2813e2114,0
2026-02-11T04:11:11Z,MrKixxy,account.51ae0c8fc42242aea9037ea9360389c4,0
2026-02-11T04:11:11Z,tsu04,account.146879fa0e124ed88d7e85a63824d584,0
2026-02-11T04:11:11Z,yearning-KK,account.40693b858264460ba1d114ef37798ce3,0
2026-02-11T04:11:11Z,SniperM203,account.9787e62b987f4cba83b3460b2f97f25d,0
2026-02-11T04:11:11Z,Rainsky100,account.d525ae11b5fe477b83824ff352987e61,0
2026-02-11T04:11:11Z,Fixwen,account.a83d6556ee26491385bd3da40dad279f,0
2026-02-11T04:11:11Z,niubiyx,account.91880a2ef6d14d3ca9c57af21986785d,0
2026-02-11T04:11:11Z,wohentang,account.cba53aa372fb4d9091ed91ae1df97d53,0
2026-02-11T04:11:11Z,SubsHero,account.680822548bf74df3bc657767018a87c5,0
2026-02-11T04:11:11Z,Blueturtles,account.23f1d8d237454d5695d279e7caac19a4,0
2026-02-11T04:11:11Z,Ah_dam,account.ec7567e3ef244eb787e4a6bc170ae93e,0
2026-02-11T04:11:11Z,SOYANDRES_1,account.231c05560b5a42c6b70e2a0c75297cc3,0
2026-02-11T04:11:11Z,Angry_HB,account.da8851b7bc5642cb9ea566fc14538a79,0
2026-02-11T04:11:11Z,8i8in,account.758b9f93b55e4a1fbeb9fd9832f2a672,1231
2026-02-11T04:11:11Z,Myulgong_,account.cd766a5ef4c74835a4c70ea4e7f64eaa,0
2026-02-11T04:11:11Z,V5OKanKanSao_B,account.b3151f2f63614cb5bc83d3396b48fa79,0
2026-02-11T04:11:11Z,DSA_777th,account.8b7c06a4f52e4b9fba5047b6ea16d343,0
2026-02-11T04:11:11Z,Toast-0-,account.80425cd1ebef4a7587992fc5411a4556,0
2026-02-11T04:11:11Z,adnandar,account.7768e03243d94440b12d1833f9577bad,0
2026-02-11T04:11:11Z,Claydolff,account.9376d18cdee04663afff5b5c25a6c73c,0
2026-02-11T04:11:11Z,LOEWE_-,account.0faa51bb7afa4470ac42c171577f1ffe,0
2026-02-11T04:11:11Z,LA-PUBG_ZHAO,account.aedecc06e7564b70ac275612add4b0b4,0
2026-02-11T04:11:11Z,quietshaitter,account.92e9a5343d234baaa76fdde86c5c31e7,0
2026-02-11T04:11:11Z,MigukKimchi,account.766fd05d7be8476d9a9073cb6eb712e5,0
2026-02-11T04:11:11Z,raina0616,account.eb2574a3008845f399b596c974f690e9,0
2026-02-11T04:11:11Z,RISE_UP47,account.3779b1b09ae7468d8f2179d0e2999273,0
2026-02-11T04:11:11Z,N3v3erDi3,account.2904f76a5c4943218aee7a4222d2639e,0
2026-02-11T04:11:11Z,GatsMx,account.f2f1846894584d49a3ee3f0b345c4e95,0
2026-02-11T04:11:11Z,Who_knowswhat,account.c6feb72c90a7431bbbc63b7e3e84d453,0
2026-02-11T04:11:11Z,s2pid247,account.12abfc07803a4207821d4b5a781cf313,0
2026-02-11T04:11:11Z,TOROGUZ03,account.963651b0ea4146998191e35d70b8b5a2,0
2026-02-11T04:11:11Z,salmonbelly,account.6ddd9280552949f9a77eb15b30a26af9,0
2026-02-11T04:11:11Z,snx73q9dpu,account.db0fdcc92ec042ca82f40ad1b45fc537,0
2026-02-11T04:11:11Z,jahmin104,account.333c10c5d6114fc6ad11fa587be941ad,0
2026-02-11T04:11:11Z,zmx-9999,account.d9fae106265d4630900c3413c5e55705,0
2026-02-11T04:11:11Z,TALMOBEAM---,account.7fd34fe970964d12911573ff7cdaddcf,0
2026-02-11T04:11:11Z,L1ttleYe-,account.51fbe8d7e6c44a999c0732227198d32d,0
2026-02-11T04:11:11Z,ResilientMayhem,account.6510e08b87884191b70a39b7279eabc6,0
2026-02-11T04:11:11Z,BryanRasquete,account.f48063148c99413daf83d92089e60b6b,0
2026-02-11T04:11:11Z,TRush20,account.259597851c0548e5a14197a227637b38,0
2026-02-11T03:50:47Z,ImESSENTIAL1816,account.cad47a2d8e5441e6812cbf0566004808,0
2026-02-11T03:50:47Z,Iteawon_Gay,account.e0d256bbe6d940cc966d27ab1bbd623b,0
2026-02-11T03:50:47Z,slothyean,account.815b298ac4124fcaab3480d6592f7dd2,0
2026-02-11T03:50:47Z,uht_a,account.0ef2b8b68c70411b95ae35c9a625b45e,0
2026-02-11T03:50:47Z,NAITCON,account.2ca1961382c148488babb031818ed851,0
2026-02-11T03:50:47Z,ThatSaltyDuck,account.5dbf0401e54441f0b70c09acdcc0ba8c,0
2026-02-11T03:50:47Z,SKUZZLEBUTT187,account.e5eaee1c14bf42eb97d0d73156745fac,0
2026-02-11T03:50:47Z,Eminleee,account.062f1346c25a4d2999ad140b07f7bf18,0
2026-02-11T03:50:47Z,s3lloxxx420,account.5b07401e948d44f383da9356503ca9d2,0
2026-02-11T03:50:47Z,choi001003,account.8fd3949dc01c464198d85ddeda6d8a10,0
2026-02-11T03:50:47Z,KE_KE_YIN,account.1b6e40a9d0594ff595a58dc5c7e46105,0
2026-02-11T03:50:47Z,Jack_W1,account.3510f45237e0449ba92ad4318336ec44,0
2026-02-11T03:50:47Z,Flammablewater,account.9bf0580274524e9486cf2966d335b97b,0
2026-02-11T03:50:47Z,Jukar21,account.6c9289345c214fc0a315c655037feb53,0
2026-02-11T03:50:47Z,justin703,account.5d40a6689e464498b4050ab5bdd65359,0
2026-02-11T03:50:47Z,ThE_1-BeN,account.77d8b4acc1a44153a650883b874eb7b2,0
2026-02-11T03:50:47Z,p0landspring,account.181be4edc1f44617a37d15b7f18bd634,0
2026-02-11T03:50:47Z,Makakakabakakaka,account.90c7258d1e71417d8a8d38725e3c7905,0
2026-02-11T03:50:47Z,OffffEd-_,account.2b03394617ab4d689ea929309b17a93b,0
2026-02-11T03:50:47Z,Mike_Oxling123,account.08687a1413d046b3b06f3d55e1f9d58e,0
2026-02-11T03:50:47Z,daddy_hyeonsu,account.cce7f648544b4d68a55ed09fef3066af,0
2026-02-11T03:50:47Z,B1acK1eee,account.573bb4f65047471da26e6483645bc9e8,0
2026-02-11T03:50:47Z,Cyrber,account.a96e65c8ac8d4117a4566c3202a2b08c,0
2026-02-11T03:50:47Z,GAGAMEL34,account.b22778e68d5d428a90b85087506a9999,0
2026-02-11T03:50:47Z,babysneggie,account.561a12801ecd4c4e84406e17534ee766,0
2026-02-11T03:50:47Z,BlitzZerg25,account.e4d466f58f5a410cb6c891634d9ca0eb,0
2026-02-11T03:50:47Z,By_dzz,account.36b0be099283403da5bef31104d65c54,0
2026-02-11T03:50:47Z,Jasonsaurus,account.37cbfc75ed74475ba6ed9431808f7432,0
2026-02-11T03:50:47Z,GSELF820,account.b7683c7e94b24231bccdc782b75d1dec,0
2026-02-11T03:50:47Z,KingSorboTWITCH,account.2ef304ff5bb94889a24df2799c70956b,0
2026-02-11T03:50:47Z,JiYeonXinG,account.ecda8f5057d545ad9133bcd030a7418f,0
2026-02-11T03:50:47Z,Fire_tyrant,account.ebc0a7edb57c41fba4f2a1d4ae431e63,0
2026-02-11T03:50:47Z,H1mmas,account.8aca4cdb163a4aa6a2ccc4af480e5933,0
2026-02-11T03:50:47Z,squeezemythighs,account.2e2e12e5951f48ef9e89d1b0165194b8,0
2026-02-11T03:50:47Z,KYUMINCHANG,account.0d5e5dabcaca4c60b0053fad4035424e,0
2026-02-11T03:50:47Z,SquadGuardian,account.468a5b20d2ac482f98e8ba2b20b0bbda,0
2026-02-11T03:50:47Z,assissaing,account.dda371a3bab5416db3da5e55bf920cc6,0
2026-02-11T03:50:47Z,Vansfan,account.c9ad0985370348f3ba4c229fbd3d4590,0
2026-02-11T03:50:47Z,3exy_PENGPENG,account.69c1a6d4a5dc441f9714ed6c4d4840a4,0
2026-02-11T03:50:47Z,SUPERJIMMY6,account.102d2483a23b48e4948dc3d6facb4b75,0
2026-02-11T03:50:47Z,NiceFold_-,account.6371d696975846a68de8fe7a8491f1b1,0
2026-02-11T03:50:47Z,N0mic3,account.1ce661bb1d084e07b634d788ce227157,0
2026-02-11T03:50:47Z,My--17,account.52343fcbafea4d8a9675c97873eb0552,0
2026-02-11T03:50:47Z,Luca_OwO,account.d2167218664644199da76ab8a3ea8ea7,0
2026-02-11T03:50:47Z,PewpewBangPow,account.ccdfa4521da542deabd3166db4ec3fe0,0
2026-02-11T03:50:47Z,Fright3n,account.ef1de73edb594ebd8dcbb71914033581,0
2026-02-11T03:50:47Z,N_Wurt,account.642595d95bf442feaa7f7bdf43d5d6ec,0
2026-02-11T03:50:47Z,MyJ8Headache,account.9a6c03c5b30a47909e2465cde5e353b4,0
2026-02-11T03:50:47Z,Hardcore_Parkour,account.72efaa4c04e44ecc89dd689bec7c5032,0
2026-02-11T03:50:47Z,MIDAS-2,account.b80620b50f09424c9708e1c9284880c7,0
2026-02-11T03:50:47Z,Shootalot,account.942df8e36e474a9081dca54b9c413eab,0
2026-02-11T03:50:47Z,Crush_IJwn_17,account.28b58b545403469d8762404f04ff8f29,0
2026-02-11T03:50:47Z,Goat__Y,account.3c52a7bf6df44bd788a1220ac170234b,0
2026-02-11T03:50:47Z,JKICLB,account.415264fa9be649c8b980e2df21afa110,0
2026-02-11T03:50:47Z,ZanakinBarwalker,account.45baa3dbcde5476b97ba1536f56f5d84,0
2026-02-11T03:50:47Z,Horneyman69,account.756a5bc2887745fa9e6840077ed98f61,0
2026-02-11T03:50:47Z,anboinda_1,account.3d51fed4146b4f9b91673e663c3faf24,0
2026-02-11T03:50:47Z,Heise-nberG,account.4409ad314c2947ff8ec699b2c913650c,0
2026-02-11T03:50:47Z,just_Johnny,account.eba771ec6c24471fa3e475995468650f,0
2026-02-11T03:50:47Z,LamborCkK,account.1df30c6b51b0423f9c1412665131870b,0
2026-02-11T03:50:47Z,Santhuram,account.49f6ee19dfc240d4be25a8fc7118b966,0
2026-02-11T03:50:47Z,Burpenfart,account.982eea8bd3c84c9096c359f7ca5a9f3c,0
2026-02-11T03:50:47Z,Doubertsaurus,account.cc25a239b72e4a2db537e1c97fd69b7f,0
2026-02-11T03:50:47Z,Crush_ZGKatakuri,account.02b7481aa8574b75ad761c09fd8e2bd7,0
2026-02-11T03:50:47Z,Beannn_1,account.77ff2eba59a34b3fa28c6a498671b5ba,0
2026-02-11T03:50:47Z,Orson_Fortune,account.293dc0347080466487878b715e69b560,0
2026-02-11T03:50:47Z,iG_GuLu,account.74ba45b9b0fc427599b9925159361064,0
2026-02-11T03:50:47Z,SherlockHom3le55,account.7d783e3943a243e29e6ba483209acbc5,0
2026-02-11T03:50:47Z,R2Bee2,account.68833338a12d41b698981aa761ed47d6,0
2026-02-11T03:50:47Z,deSp1sed,account.e09abf80d3874971bac20c0ad961a02f,0
2026-02-11T03:50:47Z,NiceFool_-,account.4301e9492a884b0d83fc9a514d5a9723,0
2026-02-11T03:50:47Z,Seedy_Si,account.7a4be765b2b04ff1b323ce5386be8c7b,0
2026-02-11T03:33:07Z,Keyblade,account.ff37265448f448a18d38016e05f2ccf8,0
2026-02-11T03:33:07Z,tuckgotcha4,account.8f6c72a9406b45c7a8f3225c61eb8cad,0
2026-02-11T03:33:07Z,UGLYNEEGROW,account.82115866bf344d28873e363d4e95d14c,0
2026-02-11T03:33:07Z,Mc923,account.3d62404a7f2c4f9eb6049f2f035917ca,0
2026-02-11T03:33:07Z,SoulPainter_iKun,account.49b8fd90c2a8417395d866ac013b7bb9,0
2026-02-11T03:33:07Z,luguandawang546,account.d812a364c20b4f6787cceb29e0cb591d,0
2026-02-11T03:33:07Z,nixiaozitainai,account.c17ce3f4f67e408db33140a678d91bd6,0
2026-02-11T03:33:07Z,Hinadaboke,account.21d89ba135b941f7b734e2b04c1cf23b,0
2026-02-11T03:33:07Z,Sorethunderb0x,account.db6ef98f52fa44c5be098611f8e4cd35,0
2026-02-11T03:33:07Z,0112xxx,account.de211d254a094f5d8e649f175c4b48ba,0
2026-02-11T03:33:07Z,Saonimayo,account.bddbf933e38d49d3bbba4c3dd45f0513,0
2026-02-11T03:33:07Z,agent329,account.0f495298f14147e6a13540f1aeee3c25,0
2026-02-11T03:33:07Z,ImaginationXLiX,account.b694f9903b3f41f399fe7d8572e1adfc,0
2026-02-11T03:33:07Z,Kai_Cle,account.971b44439f01432aae7a5764e8896bd5,0
2026-02-11T03:33:07Z,BlueGroza,account.444305794bea4e96bea5a4052ea4c9d1,0
2026-02-11T03:33:07Z,twojay-,account.3687c6435b034996996a3573d528111a,0
2026-02-11T03:33:07Z,Ru88ishVV,account.58709a6ba8f74ed58226ee80623b3064,0
2026-02-11T03:33:07Z,BRZ_BRZet,account.bb8f87966fb247eb968c7be369df3ee2,0
2026-02-11T03:33:07Z,ljyzpyfzzylzippy,account.5080911968eb4fd0a87713aeaafabb5c,0
2026-02-11T03:33:07Z,Angry_Shuuutuuup,account.c4d68074a9bd4f56aaa7039a774eb832,0
2026-02-11T03:33:07Z,vbnm1232,account.f508116c2ecc41b7853cdef103bc68bc,0
2026-02-11T03:33:07Z,WorseThanVV,account.3175fea843934dbc8541c853b05f2d39,0
2026-02-11T03:33:07Z,NBLL2025,account.88f99c01c3d84f4e8eb94e9eecde8c82,0
2026-02-11T03:33:07Z,CuchePinto,account.da5a29bc9d834402afe72add0f95da9b,0
2026-02-11T03:33:07Z,AppleVodka,account.20f9dc6afd1c48198f2462b8fb32908e,0
2026-02-11T03:33:07Z,ADIIIII26,account.5cba2dd73f5d4698ba2c540f6208a968,0
2026-02-11T03:33:07Z,Rpotter,account.4feabcb500eb45f196f6d27597316515,0
2026-02-11T03:33:07Z,Metrickevin,account.d809706df5fe436eb7d9900e2ef14dfe,0
2026-02-11T03:33:07Z,Cajolingsquire,account.9fb74a3c4642479f9cfce8f91e697d63,0
2026-02-11T03:33:07Z,tongdelele,account.3942df6609204b00b5a84123c4b45423,0
2026-02-11T03:33:07Z,B1elei,account.973b8ea069814f47a70a850a62f8cde2,0
2026-02-11T03:33:07Z,NoxusDiplomatist,account.956f5f18a2e24c4fb2cc260dfaf202c6,0
2026-02-11T03:33:07Z,Ess_Al4N,account.958daf93d6a943cc940bd6d2df2ebd7a,0
2026-02-11T03:33:07Z,JnyQ_Q,account.136a637ec66b467397f7f42ea2dc69a0,0
2026-02-11T03:33:07Z,Kgymboki,account.a310c5185ba041b2b18a3be26af09c15,0
2026-02-11T03:33:07Z,Hotmaiil,account.a9de85e3e9e24944b229e70ea535ab1d,0
2026-02-11T03:33:07Z,RafaelRV,account.ca531dc29c674009b1351a45a8fcad9b,1044
2026-02-11T03:33:07Z,VNam_Mese_Huy,account.85b1e7427ee343cf95458b2519c9cda4,0
2026-02-11T03:33:07Z,viaaa_s,account.841e344858c549ddb2c2d3f07d6825bc,0
2026-02-11T03:33:07Z,Q4_DannyB_54,account.67760c7c80eb4bcdabb882655b8190cb,0
2026-02-11T03:33:07Z,Bruce_HK,account.e6215fc297d14f6b871e70bb7aa4212d,0
2026-02-11T03:33:07Z,BaymaxAndChill,account.94fcc488da62407ab0aaf107a95ced5b,0
2026-02-11T03:33:07Z,GMR_Guurrrllll,account.e9aedafd46164a42919e863ac63a4c60,0
2026-02-11T03:33:07Z,Koo1-,account.210a9915e40149f680ea83aa0fe18938,0
2026-02-11T03:33:07Z,Niisun7,account.f21d67d419704d5fb1970e4bb9d962eb,0
2026-02-11T03:33:07Z,Or_josue,account.009adf92f45542119381c4578033ae51,0
2026-02-11T03:33:07Z,Lucky-beita,account.f95a11e1a9ff42439f56227b08c13454,1569
2026-02-11T03:33:07Z,roJo-_,account.8629bd5a861e4a6289fd4b009187b2ef,0
2026-02-11T03:33:07Z,VN_TonnT,account.7b5b974259c84cdb8c15b1b9c6662b62,0
2026-02-11T03:33:07Z,Sklaimax,account.5b392216bb354d119d518e72c21064de,0
2026-02-11T03:33:07Z,YeYe_pipi,account.f1ad7816691544f59891e0a2fbf542f7,0
2026-02-11T03:33:07Z,King_of_Halifax,account.a29e2d7a420c473f923d9d26e70b75e9,0
2026-02-11T03:33:07Z,Boreragnarock,account.de109bf6e90a4b90af7294712c4f7750,0
2026-02-11T03:33:07Z,EZCZ44118888,account.3264c4408fab4f28aa409f39df5ed4d5,0
2026-02-11T03:33:07Z,Ice_Poll,account.22756c6b4e824f1796d9cb93b9dc7864,0
2026-02-11T03:33:07Z,YeYe_kkxovo,account.f1c4497f979d4c4b8f1d3f065432590f,0
2026-02-11T03:33:07Z,CountyChief,account.4992dfec17424cc6a711ff4220bc3017,0
2026-02-11T03:33:07Z,PAYNEgg,account.3a6cac1832104119a7b310fe6c0026e2,0
2026-02-11T03:33:07Z,Yakuza_Kiryu,account.2a9645a13da14e9b883416531b2c9595,0
2026-02-11T03:33:07Z,Beazt007,account.8f89f96ef1b74794aa68311b469cf7b7,0
2026-02-11T03:33:07Z,wsupng,account.92625bcc810e4de78796ca077d26cd2f,0
2026-02-11T03:33:07Z,ZZ_-han,account.f65fbc37c1354644821d4656b1f847c1,0
2026-02-11T03:33:07Z,ImFIZZ,account.e74dc76e44de463f9f528399aa6255e5,0
2026-02-11T03:33:07Z,Jugger7731,account.6708e477611e4b5db8a23f8af1e92da1,0
2026-02-11T03:33:07Z,Ku1u-_,account.fc5c11f610a242a6ad704c38c75619d0,0
2026-02-11T03:33:07Z,LGizkde,account.16069e923e414ad4bcb1ba4cb801753b,0
2026-02-11T03:33:07Z,SuperJunBug,account.7b921d4063ae4604a766717aed6d52bd,0
2026-02-11T03:33:07Z,koolnerd7,account.ab7d619366094efda686fb8f42093e99,0
2026-02-11T03:33:07Z,SpikedFool1961,account.358930c9aa8a4791843c09be74c80566,0
2026-02-11T03:33:07Z,QBT_LuanNguyen02,account.f12273063bdf46f5ba327f018b68e8cb,0
2026-02-11T03:33:07Z,Parzival26MX,account.2bf64f253614488abdf5e26e16e8b19b,0
2026-02-11T03:33:07Z,Doom-Diuiu,account.95c74e36fa1044789b0a7f0c0700c0ef,0
2026-02-11T03:33:07Z,x11x_,account.726d669a7a354314af7e3b8c4bf71332,0
2026-02-11T03:33:07Z,zilongcai,account.d3c57475b0ba4913b617afe1788188c2,0
2026-02-11T03:33:07Z,MiniQ8,account.a9319e6e97004913aa5312a47734570e,0
2026-02-11T03:33:07Z,IGNXenon,account.b5187b12e3074146ba24dc30bfed2569,0
2026-02-11T03:33:07Z,Miss_Wu-Kong,account.71b58e7c1bda49b6a50249ec34657cb6,0
2026-02-11T03:33:07Z,Maniakiss,account.020e662e864748918322101087943f93,0
2026-02-11T03:33:07Z,BHDKB,account.e24b75ebdc484a2eb353354373352a09,0
2026-02-11T03:33:07Z,cdiazs29,account.7da0138dbf8d42de8b083dacb3ad9214,0
2026-02-11T03:33:07Z,iP1ao-,account.734ef2e97ecb4d239499b9840f71d239,0
2026-02-11T03:33:07Z,Sakura-12315,account.b0aafc8c35e846edb93a4dcba1ef6526,0
2026-02-11T03:33:07Z,Oscar_L12,account.f11026fe1ad3404dabee4d186ed8bbe9,0
2026-02-11T03:29:18Z,Slimity,account.33799ae8ed17467cb5b4df368fb70692,0
2026-02-11T03:29:18Z,MisterRightsTTV,account.82f5e21afc9144298e57a35044df51ce,0
2026-02-11T03:29:18Z,Micclo,account.2b07d7ab72da4c09a57f71c416ffd2ca,0
2026-02-11T03:29:18Z,Maverick0922,account.ac59e5cc805d4eb18484fb79c6e794c4,0
2026-02-11T03:29:18Z,WaWaWho,account.712be993006a47a8b8b7032fe856a0a1,0
2026-02-11T03:29:18Z,MiniMax02,account.55c81d07b7f94a62b42233eedc60f0e3,0
2026-02-11T03:29:18Z,CREAZYKI,account.cb8346581b0540bf805a5bb6734e3487,0
2026-02-11T03:29:18Z,TurnUpTino,account.7eca617489ef4bbcb1df570e9995c368,0
2026-02-11T03:29:18Z,jjjayboy,account.f99d44c63af9475e9f0e2f9ff3ebc7ca,0
2026-02-11T03:29:18Z,Dvfuu,account.8436120d520c42d8b9fedaa64409e8b4,0
2026-02-11T03:29:18Z,4CESL_Seeker,account.66ee225e878d4100b2861ebca77b0455,0
2026-02-11T03:29:18Z,LucifierHellwolf,account.2beab0ea58784217a1be8344068a76bd,0
2026-02-11T03:29:18Z,D_ZeKo,account.bbbe7a267f6a489e8c27017a051d645b,2197
2026-02-11T03:29:18Z,TRGGR1,account.c7a5719b5ada40d89da9f08f657ffe98,0
2026-02-11T03:29:18Z,HeMunchedAgain,account.fb3c21706d9c47788156b7e57150f0a8,0
2026-02-11T03:29:18Z,Big-T,account.8c4d3479d6684d30a40c86a4a0368da5,0
2026-02-11T03:29:18Z,Happy_Doongmoo,account.41bca3918f054e2eb3e14e9bee2ec0d0,0
2026-02-11T03:29:18Z,TheBatChicken,account.8be37085cfd64fe6b33b99bf2144de0c,0
2026-02-11T03:29:18Z,SKUR-,account.844e92790b544ea1928ab56a72b25bdd,1078
2026-02-11T03:29:18Z,DevilzWingman,account.1c558451874c4754be459636e63e49f8,0
2026-02-11T03:29:18Z,DemonBill,account.de3e6f6f5d2d485f8d417e49d8809842,0
2026-02-11T03:29:18Z,TouShyUwU,account.ff08cfce58e14c64aa3b76d12ea5126b,0
2026-02-11T03:29:18Z,PastaBiceps-,account.290f15f60c894eb4a20ec51720939133,1348
2026-02-11T03:29:18Z,Vmooo_-,account.0363348eb1344a8fab11c60ae45795e1,0
2026-02-11T03:29:18Z,RusskiyYobA,account.5b33eaa052944bb48ec3aa0cff7bbef4,0
2026-02-11T03:29:18Z,diyudaliulian,account.a07597e4b19844b9bc4f24f344b3c2fc,0
2026-02-11T03:29:18Z,Joniemoto,account.53192e08290949c28852e1597b3a7fad,0
2026-02-11T03:29:18Z,DarknessStalker,account.248e920d94ba4e9985c55fa6b953564c,0
2026-02-11T03:29:18Z,Untitled94,account.d713be2c760647f48a69da561f04dd6d,0
2026-02-11T03:29:18Z,yolitoG,account.5778bc63b7e248ea80ea947cad50399c,0
2026-02-11T03:29:18Z,SrMak,account.86f147b284e543f0b0c1183a2e02899d,0
2026-02-11T03:29:18Z,fofal,account.3e1d64202bfa4fde8885979d2a9a13aa,0
2026-02-11T03:29:18Z,FewG8-TTV,account.c491bf0673c94288bdf1512955fea479,0
2026-02-11T03:29:18Z,iron_kaim,account.7a60b071e7294d0fb5136653c1ffb394,0
2026-02-11T03:29:18Z,Stokeleyiwnl,account.4cbffa728a024f62a015832e1ffbb8dc,1380
2026-02-11T03:29:18Z,Monster_Kitsune,account.0baf4f792f1d4b3f815603d1f91b404a,0
2026-02-11T03:29:18Z,UR_GREASY_PUSSY,account.67775c58efc94141b5af166fc7d31b49,0
2026-02-11T03:29:18Z,z1rosense,account.c4cec7ccc2b2436096f544183b9f3e7e,0
2026-02-11T03:29:18Z,CurlyHairBlueFly,account.552d35a36a3f43e782f9b90490376204,0
2026-02-11T03:29:18Z,SoddenGalaxy,account.34e10659a3174aa2abb4903305c61026,0
2026-02-11T03:29:18Z,Ro_s1,account.1357a697da594ba3abfa66e574f07e4c,0
2026-02-11T03:29:18Z,ButtNakedTheDon,account.abfb88174c2140f4b0d91a9d88b5396e,0
2026-02-11T03:29:18Z,xlinkx90,account.f94d7ae70703410eb14f13933cd106a7,0
2026-02-11T03:29:18Z,xiixiy_,account.fc8af5207c9845aba1e7b6b266364aa6,0
2026-02-11T03:29:18Z,ch3rryhot,account.14a37da4d533421cbd9d61489b8ffda4,0
2026-02-11T03:29:18Z,Chapnea,account.3009e6961b97483086bce113bf4fe70e,0
2026-02-11T03:29:18Z,VuDaiK,account.4d9583ac15b84330b9a275e2412a58fd,0
2026-02-11T03:29:18Z,GD_Xiao_,account.69469c25c2b0470b92eacfeb5d6e1ca5,0
2026-02-11T03:29:18Z,SP-Ov3Rnn,account.c6daedb27cd14571a995173d389accdb,0
2026-02-11T03:29:18Z,diroach,account.975e89ad30c04cb29c167fed2271ac26,0
2026-02-11T03:29:18Z,Stock_X,account.07cb9da93a5148f3add43b97ee1d961f,0
2026-02-11T03:29:18Z,Tuckertheplayer,account.fcfa060f704c4d0285bfc55e4cd5b974,0
2026-02-11T03:29:18Z,Kietrick,account.bf9577b700a84eb2ae0bf85db12a104f,0
2026-02-11T03:29:18Z,SamDayz777,account.e691c41d98c441548db84494ac506a25,0
2026-02-11T03:29:18Z,Enc_old_guy,account.b13b006e54aa4e899bb83f25dcb9fbf2,0
2026-02-11T03:29:18Z,Fallen_Leaf12310,account.da1e066c8cd24e6eac522e335a1c123b,0
2026-02-11T03:29:18Z,Yaecob-nOngluv,account.add58964a9184161b629228527a91ed5,0
2026-02-11T03:29:18Z,ETOPS3_TTV,account.f9e122eeec6c4444b91e04f83ec67be4,0
2026-02-11T03:29:18Z,SonOfVulkan,account.c9f75422d82641708858dba78d58c33b,0
2026-02-11T03:29:18Z,Wall_Eyes,account.b8a5c1a38bcd47c494053019b5ffc89f,0
2026-02-11T03:29:18Z,cheek_clapper01,account.7c1403cad052494c8166f87756f87342,0
2026-02-11T03:29:18Z,PugnaciousAsian,account.3d5787597c654d9992a3091dd99422d3,0
2026-02-11T03:29:18Z,BEN-qirben,account.274ac8dbad814498906ae9f7ac0bf576,0
2026-02-11T03:29:18Z,GGlogan,account.013f71e03420489d8f8db06cf26ae08e,0
2026-02-11T03:29:18Z,JackchenPA,account.d298e5ed5db64cc1bbdf115770a5aafc,0
2026-02-11T03:29:18Z,Wu-Di-oooooooooo,account.e080dda3550f45fc88177db7dbca593c,0
2026-02-11T03:29:18Z,fusu_crops2,account.ece36f4c3b0b4391b3e8f0cca3717511,0
2026-02-11T03:29:18Z,Bruteforce36,account.9a2a767bb9fb47b584ecff10c4d29aea,0
2026-02-11T03:29:18Z,MrLee997,account.1bd6efa7f5734b3dbd5aac8e401f7cb3,0
2026-02-11T03:29:18Z,KOR_HAMA_,account.41fba96d0ce44ff19b31de4bcbaba5a9,0
2026-02-11T03:29:18Z,Just_Jeromy,account.2dff307b8f054c95a43ffaf8971be4b6,0
2026-02-11T03:29:18Z,ILOVEGOTHGFS,account.db8b55a0341a469d9ae48aba4df25983,0
2026-02-11T03:29:18Z,Slew103,account.a78353ab9bf54c7ebb463b243f19d2d5,0
2026-02-11T03:29:18Z,Cloksy,account.3d8e3e32645a466f895e2ecb41c4ccb9,0
2026-02-11T03:29:18Z,hamasc,account.b4927bb6f7e34c8a956bf4fcf9c67ae3,0
2026-02-11T03:29:18Z,Y1sHu_-,account.cdd9d42e0fa5491bbbaec5bd78de6e87,0
2026-02-11T03:29:18Z,DarkerDarkers,account.cdd6bda95775445c9b53cdd6dacfd441,0
2026-02-11T03:29:18Z,DropX87,account.20fafafef1e846ae8d703bfd3c39d0ed,0
2026-02-11T03:29:18Z,BlackRetaard,account.6032287336f04a329e887dae00ed506b,0
2026-02-11T03:29:18Z,bigbluepp,account.e593c40ea5cb4611a979cce5b886445b,0
2026-02-11T03:13:36Z,OoHikarioO,account.7076391dddd648da9caf6690a467e669,0
2026-02-11T03:13:36Z,ArachAngel,account.40dcdf385b4d44d792c4879cd978bb0b,0
2026-02-11T03:13:36Z,JohanV,account.bbeb4efe290e4e3aa9169e0d547f146b,0
2026-02-11T03:13:36Z,DaisyChicky,account.686aeaafbfe44e308a9d10b7fd7bbf55,0
2026-02-11T03:13:36Z,Sniffles18,account.39d82cb1b72f4b9d83412cc8a3d6cd81,0
2026-02-11T03:13:36Z,chiko-96,account.d62b1af6cc8d42208a5c2c620cc928af,0
2026-02-11T03:13:36Z,Super951a,account.c8b38dfec509436e8b80898c33b1d8a5,0
2026-02-11T03:13:36Z,aabyxtd,account.acac6c56a1ad45f6a0765e4c41ff2d47,0
2026-02-11T03:13:36Z,QwQ1u,account.1f073f8b21d54538bec9b360e8ba3f46,1926
2026-02-11T03:13:36Z,Aspen_Xiya,account.3e0d3c468a644dbc9758e6c4ab9e0bb6,0
2026-02-11T03:13:36Z,Whitey_N1ng413,account.30d14e6dda0544198101c82e9e0157e2,0
2026-02-11T03:13:36Z,WARHEAD_JOHNWICK,account.c5a532a4671641eeb293c52fe65185a7,0
2026-02-11T03:13:36Z,ban-china,account.66ca7f7278074cd3adc72a22ba2d48d6,0
2026-02-11T03:13:36Z,Sniker07,account.ea8d28caa84f44aba92a63dbccebdf14,0
2026-02-11T03:13:36Z,Brain-Deadd,account.50c9243984ab43f1ba46292b9506d317,0
2026-02-11T03:13:36Z,Old_Dude_BigLiu,account.3e8d969e472046e48a7292eaa70db0b5,0
2026-02-11T03:13:36Z,GG3Z,account.81c9a4ee85184349b59511ee399c579e,0
2026-02-11T03:13:36Z,Da_Mo_Wang_001,account.46d5967f0acf40c984f9c7df767e49b6,0
2026-02-11T03:13:36Z,BURING11,account.bd38973556c44939b256646272acaaf7,0
2026-02-11T03:13:36Z,FunnyMudPey,account.52d83a910887475ab563486deede9da7,0
2026-02-11T03:13:36Z,5Havvn_-L,account.b5158b28f19e4fc9a4cab223254e985f,0
2026-02-11T03:13:36Z,jpschwartz44,account.7b6d67a3e23a4a269fa12d056114876c,0
2026-02-11T03:13:36Z,Bodog419,account.586ea71c3999472aa72993c6d11dff34,0
2026-02-11T03:13:36Z,Jani_Tor,account.349dcf3a9b234e7fbface6531e4597db,0
2026-02-11T03:13:36Z,Thomson2022,account.519464c911114da1966557cb8dd21fd1,0
2026-02-11T03:13:36Z,San_kE_-,account.da9bb363ac064849bce042f471823288,0
2026-02-11T03:13:36Z,Samuel71,account.034c2b7bb6f34f6c8b4c22f4e633a38c,0
2026-02-11T03:13:36Z,HRNSJ,account.ffa4b54819344684a4f812459d485997,0
2026-02-11T03:13:36Z,Quattro-ZQ4Real,account.77191b89652a4d17b39fc6764800e034,0
2026-02-11T03:13:36Z,BlessmedontKill,account.cd683a995485484c90e5cdba069f65d1,0
2026-02-11T03:13:36Z,G14uts-777,account.4545cde8a6414776a34be4a972865557,0
2026-02-11T03:13:36Z,FLASH__-,account.8a5c7f0f99b34dfc956d139bb63ce2ad,0
2026-02-11T03:13:36Z,Shirenyupiku,account.67d4f7baca224d35938112dc25742733,0
2026-02-11T03:13:36Z,ACLuna218,account.9556cac4987946f5a7d676840e7bd39d,0
2026-02-11T03:13:36Z,jcola92,account.a7a500efaee442b4aa3a49ef3aadcdff,0
2026-02-11T03:13:36Z,laofangtou18,account.228b17f135de4d9b96e2f02d7ecf59f1,0
2026-02-11T03:13:36Z,andycar6,account.fc9655a161d64a72936ff8e499d6ca38,0
2026-02-11T03:13:36Z,Roasthead,account.f84fac9c35704516bb7ebff9a5812d70,0
2026-02-11T03:13:36Z,Haol1you_-,account.82abc99973ca46c5bede3dcd8c787a0a,0
2026-02-11T03:13:36Z,Dilan10,account.77184bcee0604d18a0b06a06ee4ba4a8,0
2026-02-11T03:13:36Z,StAnonymousHY,account.805f3323bc4d419ca8aaa58b628da121,0
2026-02-11T03:13:36Z,daviddumb,account.261d39e410b2415492a601cc414472ea,0
2026-02-11T03:13:36Z,Jarjarbinksftw,account.13661873f05b4ae0933a8fe06ec86504,0
2026-02-11T03:13:36Z,myirene,account.89b5ee77fe5641cb8f6e731c8013deff,0
2026-02-11T03:13:36Z,Leone4,account.6c28a1a8520742cb8f7c9eedf902845e,0
2026-02-11T03:13:36Z,XHINO_89,account.165d9a0ab456402ca7c68a155d3bad3c,0
2026-02-11T03:13:36Z,Titanic_DragonZ,account.04473583a15e429aa94229216602cb90,0
2026-02-11T03:13:36Z,Hawk39,account.56db19d38c6c40dca1e888f73ad32656,0
2026-02-11T03:13:36Z,Ju3B1e,account.c39e8b8f86b04bb286ea859077ca4936,0
2026-02-11T03:13:36Z,Sakurasou-_G,account.cd236b59dc2d478cb376da7a57f21d94,0
2026-02-11T03:13:36Z,Hojinity,account.d43da667f8cc455a9e61d09fddc5c013,0
2026-02-11T03:13:36Z,chick-fil-a-001,account.5221b88cd3284fdba2c3d19b4659531f,0
2026-02-11T03:13:36Z,atomicman303,account.94a9f9742f384f86983ddf22cb0bcfe6,0
2026-02-11T03:13:36Z,merc2112,account.2fe94f7730434a3a8653a8ff85cd2ce9,0
2026-02-11T03:13:36Z,warrenlumberjack,account.30499ed18df14a0989a452c72d2ae871,0
2026-02-11T03:13:36Z,moonlitsunny,account.a7f5d403a2f44daf9b5d26df29cb195d,0
2026-02-11T03:13:36Z,Kim_Jong_uwu,account.29761806a4484f7185214ab5d89e16d5,0
2026-02-11T03:13:36Z,NeverSayKry,account.f77d041784584d41a3809b9847893c6f,0
2026-02-11T03:13:36Z,ALANGA__,account.52896e336e794cae81e875757cba8176,0
2026-02-11T03:13:36Z,dingledanglang,account.7815fdc40e9446bba3bdddec3f99ebd3,0
2026-02-11T03:13:36Z,NEGASKILO,account.bcb7ebc65baa476cafc5a368887e3c2c,0
2026-02-11T03:13:36Z,udCkjf1,account.01b2bbded4ac48c5801bf603ccce35b1,0
2026-02-11T03:13:36Z,APEX_ONLY,account.e3b40a92213543328f705f2e1646481f,0
2026-02-11T03:13:36Z,horr22,account.45a41d4ab55b453ba79e35f6eb5f8a97,0
2026-02-11T03:13:36Z,TwitchTV_Zhao665,account.f675399b35dc4a02a24bb69c8a6f632d,0
2026-02-11T03:13:36Z,Dreico,account.6c80f8a2087043538e7e474bb1033067,0
2026-02-11T03:13:36Z,Treasure-YYY,account.00bb2d931b54468d8dff0a71bdb929fb,0
2026-02-11T03:13:36Z,AaaaaaaLiiii,account.c9e7a68b01704ac3ab46e3de0f332f6a,0
2026-02-11T03:13:36Z,TheRandom1001,account.ea649247b4d64ea99a8bf73337a716b7,0
2026-02-11T03:13:36Z,JBbutcher,account.386486492b8a48b9bc4267e630821a5b,0
2026-02-11T03:13:36Z,liuerliuer4321,account.55e25f09c646491a915a41435d963af5,0
2026-02-11T03:13:36Z,ka1x1nTop1,account.2067f863a2594b4f97b5c9e3b4f04a33,2091
2026-02-11T03:13:36Z,Hey_Fakeryeye,account.2aba10076998443585b0a4853796dee9,0
2026-02-11T03:13:36Z,THE_IT091,account.0140b5fc30ce4c49bf5a9392597a38ad,0
2026-02-11T03:13:36Z,kag122448,account.e65f0c0bc9e8472791b1b96caad9056a,0
2026-02-11T02:53:20Z,NickAddy906,account.5ffed4a7719f45c691050a367c0f0e54,0
2026-02-11T02:53:20Z,ria_1004,account.1302fb431cb64a15a33c15acba69fa6b,0
2026-02-11T02:53:20Z,FloatyPoint,account.57f1f99b7fad44249df13f86cfbfc302,0
2026-02-11T02:53:20Z,chijibutngutou,account.a1c54f76f4384fd09582d2792eef3e87,0
2026-02-11T02:53:20Z,Reddy574,account.68f5042cd9c948d19467b50a1daa7e7f,0
2026-02-11T02:53:20Z,Beignette,account.54c7cd201cf14e869d011060bc3e94e8,0
2026-02-11T02:53:20Z,Turtl3milk,account.703cda1dd10b451e99587fe75b6d6583,0
2026-02-11T02:53:20Z,xPirateleadr,account.828d2d153b6a407586c9a970a26415ff,0
2026-02-11T02:53:20Z,Cloppy_Wolf,account.c3be280c76024957b0509cd700587a50,0
2026-02-11T02:53:20Z,iNSANE_Hetzzz,account.385f70267d3c48feadf628ed324568ae,0
2026-02-11T02:53:20Z,SoupyBHole,account.2ffdc75bcc564bfd9512ee85c803e994,0
2026-02-11T02:53:20Z,Haw_Flakes,account.cb9866f1a9074a1d8243eb237e50b6d0,0
2026-02-11T02:53:20Z,Jul_io,account.e219988d43e6444f89d6227c6f863417,0
2026-02-11T02:53:20Z,Smokeybear6969,account.ff1fd2c911cc413392f68137a2f3b8ab,0
2026-02-11T02:53:20Z,PACICATOR96,account.df6bc754257849f394a461771704f907,0
2026-02-11T02:53:20Z,jiral_-,account.091bfa3968834e01a8c389519cea0775,0
2026-02-11T02:53:20Z,fredy70xD_,account.9c8555de71c94a7ca5f8e52b4056d50a,0
2026-02-11T02:53:20Z,JGWentworth,account.3b5fb5ae9b5144c68000e1bfe2a1f221,0
2026-02-11T02:53:20Z,Papa_Squat11,account.fcdebed69328454d8da22ca773ddb0d6,0
2026-02-11T02:53:20Z,NIKOOO321,account.0dcd7603f63549eaba4dd3e31113b3d7,0
2026-02-11T02:53:20Z,Drster62258,account.94086c9bf252456bbcadd11b65ba419c,0
2026-02-11T02:53:20Z,FELIXMA64,account.a8bd752ba1704346899057c1527f0d43,0
2026-02-11T02:53:20Z,R_xiao-k,account.81eda8cb5a20448088e1d2d8a4d89e20,0
2026-02-11T02:53:20Z,FrikinRook,account.88f47295dc7a454cbac2b9e4a57bc677,0
2026-02-11T02:53:20Z,Aru4Cilindros,account.729191a41882416483b16a04ba3bbc5b,0
2026-02-11T02:53:20Z,ALTEKPC,account.4f1b8c21c179456fb2b7448e2ea20723,0
2026-02-11T02:53:20Z,QuickBenny,account.0c5799f6216a4c768c1152dbb7f350bc,0
2026-02-11T02:53:20Z,Bob_Saget_64,account.7c908f0cd122446f9434dae567fe60b6,0
2026-02-11T02:53:20Z,JustALittleGirl,account.dd69cde0f4e94a08a7b982419843ec7f,0
2026-02-11T02:53:20Z,vpro-vincentbro,account.d1bbda46fab94b87a5794b506febf9d9,0
2026-02-11T02:53:20Z,rockrulas,account.f004a33e35b449d89742799b343cb9e0,0
2026-02-11T02:53:20Z,Chinoisette,account.f43f647e14b848319a87936ba5a6446e,0
2026-02-11T02:53:20Z,RCH_75,account.a952c8e384294a529312a83aa699b64a,0
2026-02-11T02:53:20Z,d1qd52,account.945e9eb9a26e43d68be4068692074e91,0
2026-02-11T02:53:20Z,HollywoodHoath,account.bd9e5f687434424ebfff6a650254006c,0
2026-02-11T02:53:20Z,DBoiWaffles,account.dc2801db90f3476a9a3866d5d65ae3bb,0
2026-02-11T02:53:20Z,PinkLiLDucky,account.ee07eca332844a5abfb53b5935eede70,0
2026-02-11T02:53:20Z,PrepperDigi,account.a976770f89d74e3da1931e808b659bf2,0
2026-02-11T02:53:20Z,SaVVdaMaVV,account.66a063ef393a480e801b463f3774713d,0
2026-02-11T02:53:20Z,INSANE_Levi_,account.7aa29cf74207411595fec2f88517465c,0
2026-02-11T02:53:20Z,chatGPO,account.d1699bd59f6c41d5b58e5f8da83fdef4,0
2026-02-11T02:53:20Z,DragonBooms,account.1e469ec6642644ebb88cbb75da7a602b,0
2026-02-11T02:53:20Z,Tong-Tong_e,account.f8af8b68970442e2b978354b182158bc,0
2026-02-11T02:53:20Z,Clark_283,account.cf1e4cec8ada4c10874ee629a97d1a3b,0
2026-02-11T02:53:20Z,7thkings123,account.8b9449aeeece4fa4ad178530420ac364,0
2026-02-11T02:53:20Z,JSCHAE2K,account.015cb05d55a44c85bde1c94d3e117c4f,0
2026-02-11T02:53:20Z,DYTV-5446630,account.e24a18536c5641df8fd136f71d24dda2,0
2026-02-11T02:53:20Z,PaVybara,account.1091dd9f572f4eeb8d97fa2b91dac7f5,0
2026-02-11T02:53:20Z,BigJeez,account.162bf942b2a64d3085caba200052ce68,0
2026-02-11T02:53:20Z,Daric9611,account.b563fc942eff4554b4d3eaea74d1d47f,0
2026-02-11T02:53:20Z,Hai_1986,account.3249e39511154ae2ba6b81bec02a1850,0
2026-02-11T02:53:20Z,LYY_0309,account.27de26a1b0c04bb69ce36e6efd0fd4db,0
2026-02-11T02:53:20Z,GlutenFreeFury,account.021a12e86c0141f8b8859c004140abf1,0
2026-02-11T02:53:20Z,ArimaWhiteReaper,account.522fedf3ffbb4d088760deb33cb29fd7,0
2026-02-11T02:53:20Z,ManuCid,account.db7cf25bcf584427bc7dd4f7eef297a1,0
2026-02-11T02:53:20Z,SuperGen1us,account.53d8a7d5d838410ba6e916dcddddcc36,0
2026-02-11T02:53:20Z,Pepperoni--Pizza,account.65d8e09ecf75425796c3d1151e326a77,0
2026-02-11T02:53:20Z,CANDAO_MANIACO,account.d2ab53bdf43a46d9961bdcca0dd2841c,0
2026-02-11T02:53:20Z,The_Big_Smoky,account.72548ae023b24897817400a298faa4f8,0
2026-02-11T02:53:20Z,safwan520768,account.c8f5debadc8f4c7d912526854d11f531,0
2026-02-11T02:53:20Z,Fereye,account.aa787a136a1a44cbbecc21d78e335515,0
2026-02-11T02:53:20Z,shine-onin,account.e19f23ad2c484c6e87c71de55f5b7700,0
2026-02-11T02:53:20Z,Chicken123-,account.a0d75e64ac924827822bad2705f1bd7a,0
2026-02-11T02:53:20Z,Comrade_Arclight,account.b251bb565d5047b4ac14a0b39df4709e,0
2026-02-11T02:53:20Z,Yaser_syria,account.8445562193f5410bb998b282dacd6905,0
2026-02-11T02:53:20Z,abbsoun514,account.1e67a2581fbc4b669e4f21988bb5dd26,0
2026-02-11T02:53:20Z,42DANGER,account.c9c79e4085d34afa8e07b620cdd81404,0
2026-02-11T02:53:20Z,Luck-Alex28,account.2d368d7797f449a0be1d0d3c38a48283,0
2026-02-11T02:53:20Z,COLHORADO2,account.c3ec64f21cbb4d73a6d1cdef623bf76c,0
2026-02-11T02:53:20Z,LTF_NETO,account.f6a5a17dfd584d598f5da1d2ba8c9d1f,0
2026-02-11T02:53:20Z,eieieieieiquwai,account.544bb3bd0e964b5189141747e25070b9,0
2026-02-11T02:53:20Z,Dragon-Eater,account.1635affbcb7a4c7a8dedb888e4093f90,0
2026-02-11T02:53:20Z,Bae_Seng_Ah,account.f062aad316f04edb9ced0723275f1169,0
2026-02-11T02:53:20Z,YZJdaddy1,account.cc6f19e9ef5e4640b0c1b3599f660f44,0
2026-02-11T02:53:20Z,Always_Wrong,account.727735e6b2094d36af3ea0151c2cd76e,0
2026-02-11T02:53:20Z,SojuQQ,account.592261c1f154471e92fae194bc59a164,1565
2026-02-11T02:53:20Z,FIGMACORP,account.15cd31beb999418ab4b79b220192412e,0
2026-02-11T02:53:20Z,LOE_HG,account.10f1913bff6d44388ce36833d33be754,0
2026-02-11T02:53:20Z,Exilion189,account.5a623f0305f1456aa1ffa1d1ae99239c,0
2026-02-11T02:53:20Z,JihyeMin1,account.38dc11ec83bb439db8da14b8e672b11e,0
2026-02-11T02:53:20Z,ActuallySoohyun,account.96e764e3d3a54c988a9e1820f06f6314,0
2026-02-11T02:53:20Z,rumpswab,account.1a752702ecc8486ba2ccf30bfecb4bcc,0
2026-02-11T02:53:20Z,JohnStamos64,account.12979655ff2743918a490ed5560dc869,0
2026-02-11T02:53:20Z,Marco29121999,account.8cc302818fc340deba2fe159d2fd137f,0
2026-02-11T02:40:27Z,paintballin0003,account.c882e104365742a3b45f94ea7b23a011,0
2026-02-11T02:40:27Z,SavageMuscle,account.d6d44df846fd46768cde00aaefea93a9,0
2026-02-11T02:40:27Z,Supernold,account.fb1ad1f77a414231a99791f82ed739d8,0
2026-02-11T02:40:27Z,Sam-_1205,account.26ce00b6d72f40bf9dae65d5accb9f8b,0
2026-02-11T02:40:27Z,VicWemba,account.9f2a813875454dd28000a42d21fbb29b,0
2026-02-11T02:40:27Z,MasterBulldog,account.e5dcde8e101e4e95b868e26743ec3211,0
2026-02-11T02:40:27Z,Nolboo_dong,account.88188e46a18a47f9a42c6564d1d74675,0
2026-02-11T02:40:27Z,Happy_5BYE,account.5f06ca0528944169becb215df5aef263,0
2026-02-11T02:40:27Z,JulianR159,account.82f5d9f2c29f416db57fd7189ed7f33a,0
2026-02-11T02:40:27Z,BakugoSenpai,account.3eeccbc3811849f1bde5b7dd51066198,0
2026-02-11T02:40:27Z,TMT_TAIai,account.1c4833a399c547bbbda70a60270c68e8,0
2026-02-11T02:40:27Z,Lsoyeon,account.a330ce57b9444f039fb4eb4bdca39957,0
2026-02-11T02:40:27Z,MOONSOOTYLE,account.04dd733196da44b1b735a1b94a5ec6a8,0
2026-02-11T02:40:27Z,O0_n3no,account.973d05106f1144fc93f1d6b6fef87082,0
2026-02-11T02:40:27Z,JD_BaKieT,account.92bde9e9b14f41738da3fd32dd00eba4,0
2026-02-11T02:40:27Z,Kevin8630,account.6063c214fc0a4684967c5932affe3a74,0
2026-02-11T02:40:27Z,loaned,account.c847b4a99c754f8fbfbe748f4c75ccb6,0
2026-02-11T02:40:27Z,MachineCraks,account.e831fba41ac145c284ad32b52c46d90c,0
2026-02-11T02:40:27Z,BellOoone,account.e37feda2c5de4f62810739b96d851b35,0
2026-02-11T02:40:27Z,PEACH-Kk,account.d1b6fb5659aa4b739096e1fe458d96d4,0
2026-02-11T02:40:27Z,sgrim_0,account.bb79eccadf0f405083d87546a62e93a1,0
2026-02-11T02:40:27Z,420_Bowler0,account.b549367037444d6c917f1827a510979c,0
2026-02-11T02:40:27Z,teletubbie0,account.1a9e5b06702a48cd8629f117357e244c,0
2026-02-11T02:40:27Z,OriginalKimchi02,account.75b5a674d0f241f488601f2829a970a8,0
2026-02-11T02:40:27Z,Cedba005,account.54862014765d478a8a4b87c6140c13b6,0
2026-02-11T02:40:27Z,jet1125,account.4c961dbfd8204480b9a130f9859aa2bf,0
2026-02-11T02:40:27Z,YeYo1993,account.4b0529df1a364e3285307c78cc57e7f6,0
2026-02-11T02:40:27Z,elli554ot_l,account.ca27fc92aa4e4389b9e5f47fcc5271c3,0
2026-02-11T02:40:27Z,420_Looter,account.34ee5415f59d4a91aee06e1b9c298ebd,0
2026-02-11T02:40:27Z,WYC_Datouerzi,account.d6735cea40264dea90feb27577f2ca0e,0
2026-02-11T02:40:27Z,insight_mi,account.c7484fc83c0544ba9abf342f51e2eae2,0
2026-02-11T02:40:27Z,leanright,account.130eabb35089488aa82e0314e0a54c8f,0
2026-02-11T02:40:27Z,JuanFObando,account.9080beaf680b4823a1d85a488d9af180,0
2026-02-11T02:40:27Z,qeadzc1020,account.e268c6393dcf43cbaf802ad90bd8e174,0
2026-02-11T02:40:27Z,spicy2_chicken,account.8dc7b1fd86934fdd8f64a6d595b7ae0c,0
2026-02-11T02:40:27Z,jaekim_kr,account.de9c01f4ac8c445c930110f92a0ec58c,0
2026-02-11T02:40:27Z,AN7ONY,account.2660e2c0942a4da6a3823030e565e988,0
2026-02-11T02:40:27Z,HealthyForeverNn,account.bb6afa07d7c3442a8dcbe18d8d1f158c,0
2026-02-11T02:40:27Z,Curiosityk1lls,account.5d14a15e261341b2a10b43a3299616d7,0
2026-02-11T02:40:27Z,RunwhenyouCme,account.a604eacf2ec346da889b523355b1c77e,0
2026-02-11T02:40:27Z,Happy_Aaron,account.e3bcf87680214c50a638724ba967a7e3,0
2026-02-11T02:40:27Z,Kaocit,account.1ea9ab99ed324dc5bb4b13c5b755ab6b,0
2026-02-11T02:40:27Z,Ent_Captain,account.e28f931aff764ad686e9614f8fdcd3a3,0
2026-02-11T02:40:27Z,TonyTuesday,account.ce45b9bcbb40401eb43e60416425b4d7,0
2026-02-11T02:40:27Z,BarryCohen,account.d1e1298bc5e945c6a2c9f1b3fd79ecea,0
2026-02-11T02:40:27Z,JUNIOR-ZK94,account.2444d3f5f22a426fad456df4d5cd02d6,0
2026-02-11T02:40:27Z,ONEkaido,account.8810f7dd5faf4ca5b8f436f90c8765b5,0
2026-02-11T02:40:27Z,Cexbozzziiking,account.3918c90fcc584a8eac23c186829991d8,0
2026-02-11T02:40:27Z,420_Capuchito,account.29e5c00aac45496db6b2851487b2b83b,0
2026-02-11T02:40:27Z,juank0FPS,account.d2b9741b58f9457ca22acb8c2a2bbfcb,2270
2026-02-11T02:40:27Z,eeevw,account.30b9a44fbd664199b0489a6a8f242a05,0
2026-02-11T02:40:27Z,Xiao_Gongji,account.63f8a7b0c6ab48b886ccd93caf9b82ca,0
2026-02-11T02:40:27Z,Kaistzz_,account.3c1634ea89d443d9b6052b69ef9f5dd5,0
2026-02-11T02:40:27Z,Onlyfans_Yinjian,account.9b35f6a6af9d461b94aada750187f615,0
2026-02-11T02:40:27Z,Ritorr,account.7076be8d2ade4d5a9d089878340103b7,0
2026-02-11T02:40:27Z,hk_bra,account.3d0590b8ab424215a7e9122707871b8a,0
2026-02-11T02:40:27Z,Ixzos,account.a34a4e94f75e48b0b3b48639013a116d,2365
2026-02-11T02:40:27Z,Helpfulbus,account.6b823fffd841450a82239d2372318e2a,0
2026-02-11T02:40:27Z,m1chinseki,account.667f27792bbd47739455f9c75ba1a2fe,0
2026-02-11T02:40:27Z,Onlyfans_Boss,account.55005b08c1424a7096ca84ccfa77129f,0
2026-02-11T02:40:27Z,lectured,account.425da7e8e23649dd877cb849681125c0,0
2026-02-11T02:40:27Z,CDK_Shmily,account.83afba4d9f704214a38fb36f01685f0e,0
2026-02-11T02:40:27Z,gilmozzizzi_,account.cdb6bc2c2298488ebe059fba79389baf,0
2026-02-11T02:40:27Z,l0S-MATA-Bab0sOS,account.9d2f7babfd3e4526ae80d1269568757b,0
2026-02-11T02:40:27Z,Acertijo_,account.1d96e97c0c8a4b9cbe25167951162ea2,0
2026-02-11T02:40:27Z,kaynpain123,account.f3520de943324645a4bc6e114b622123,0
2026-02-11T02:40:27Z,ElBrayans,account.9b6e69e24f3f474086d4ec82bab07118,0
2026-02-11T02:40:27Z,YourOtherDad,account.7868fda731f14893942790042c2ea545,0
2026-02-11T02:40:27Z,Ufatherbaba,account.3d4dc26a27f94599ad89f766c98b571b,0
2026-02-11T02:40:27Z,PachiNo1-_-OwO,account.d0f942e0a86f4af8ac82e0cb4e4a2fc8,1806
2026-02-11T02:40:27Z,Defender_Mankind,account.765860e3418b4ce28ebdaa15c2a06ab7,0
2026-02-11T02:40:27Z,IRONMAN_Gavin,account.d06513d208dd47568d9ea2ee58f6ff3d,0
2026-02-11T02:40:27Z,carlks,account.32b561cf997f4973bf8f0e86489bb2cf,0
2026-02-11T02:40:27Z,Q-_0972,account.950df17d7c3d4efbbecd84ff19a5b8a6,0
2026-02-11T02:40:27Z,OASIS-Parzival,account.7f3c7ee925f04e0482c63f998e05c3cb,0
2026-02-11T02:40:27Z,OttawaUser,account.21abeb3c942e4c0fb2ca18c5b90381bd,0
2026-02-11T02:40:27Z,caubetoxac,account.2bdbe1130bcf46668c6e5ccd002dc2ad,0
2026-02-11T02:40:27Z,Guty69,account.e5ec4e1863c043ec9750ba0e892c8747,0
2026-02-11T02:28:15Z,7bb1,account.daaeb1a76538432aa8a977593386ba76,1057
2026-02-11T02:28:15Z,Aww_G,account.1df602e29bbe46d0aa4a26102b5913de,0
2026-02-11T02:28:15Z,DOBLAO,account.821a6c7928514c8d8b0152d53e2907b4,0
2026-02-11T02:28:15Z,BIG_DIIK,account.82f511ef8e1e4d73912e62b41ce989f6,0
2026-02-11T02:28:15Z,PopOops_,account.a6fece972a82497dba7a207d92a6f194,0
2026-02-11T02:28:15Z,Miya-O_ov,account.dcccba28e2774454b3598727ec02e700,0
2026-02-11T02:28:15Z,GravyBiscuit12,account.cde4492455be48e08773e102e9741b67,0
2026-02-11T02:28:15Z,Sylvie_Shaw,account.5754aa49c6c94dec962f3c9fca5559ae,0
2026-02-11T02:28:15Z,Mason_Grey,account.66262c419ce347a499c7c9cef4e4048c,0
2026-02-11T02:28:15Z,Yaya-gogo,account.803bf619a5cc41f7967fc40d6e51c6c7,0
2026-02-11T02:28:15Z,HAYAJAKI,account.b97e8c74e16d43378624ee21465cd4b3,0
2026-02-11T02:28:15Z,lusaosao3303,account.2dfcd9d4a9514c2a9311c5f61bbe01c6,0
2026-02-11T02:28:15Z,Ben_Godlike,account.4ea1557b0b6540baba671ea5c5a7ac2d,0
2026-02-11T02:28:15Z,Raizentk_TTV,account.d1fd790f7391475db223700971147356,0
2026-02-11T02:28:15Z,STINKYGOOSE_JK,account.14225c138dca460eb9851cf4b187e603,0
2026-02-11T02:28:15Z,junghoonz,account.3d8dd8f1fa62483393d435bfde3be1ed,0
2026-02-11T02:28:15Z,DaBaiNeedsHelp,account.9efaa5c315a84ee9994d8d7528c24925,1471
2026-02-11T02:28:15Z,BH4564,account.6c2f5610e2734f2dbd936f6502ee6e0a,0
2026-02-11T02:28:15Z,LOGAN_HA_ROBIN,account.e773187868674b809b5a21400f7969af,0
2026-02-11T02:28:15Z,KingHo-O_ov,account.b13eb5ed794e414ab538b1beec164900,0
2026-02-11T02:28:15Z,PzzangKR1,account.43a76e005ead4815b3a2984a165da73a,0
2026-02-11T02:28:15Z,Ryu_08,account.fade9ab3ae874beca377cecc6d5f4f25,0
2026-02-11T02:28:15Z,JDY_Langee2,account.275180ab96284ed6b7bcbc9d92a48934,0
2026-02-11T02:28:15Z,LV-0409,account.5fcb17baab924465b30de81b13e3199c,0
2026-02-11T02:28:15Z,ttrain04,account.d0b79b6b631645a89a66c560b61493bb,0
2026-02-11T02:28:15Z,ckdPwnssolo,account.801fffb958654c2f912f7f61a7ad7916,0
2026-02-11T02:28:15Z,NO--king,account.35d6f1ca45f24c9bad9fcba2f68bccaf,0
2026-02-11T02:28:15Z,NotScey,account.383fc4629f6647d4afc2fcb734fbe0c1,0
2026-02-11T02:28:15Z,Harobin14,account.6ee601afede647409c0cf7fa65f62f49,0
2026-02-11T02:28:15Z,Dawnt,account.8cc730acd9904c9085c75c25bbbab083,0
2026-02-11T02:28:15Z,Grab_j,account.5993a7a394224e779d1447c0297da7d3,0
2026-02-11T02:28:15Z,Lee_GGongSSi,account.538cc674b4684465ba6acf8adadf9a0b,0
2026-02-11T02:28:15Z,IJingLilJuGoVi,account.c941feb8c1f44199ac8fa8019a790373,0
2026-02-11T02:28:15Z,Gnar_King,account.33426362633e46f58eddd30ef3a5c6c2,0
2026-02-11T02:28:15Z,Fresh_Dady,account.f531cdc0238e4e7f9c85c9a64018464d,0
2026-02-11T02:28:15Z,kingsoccer8111TV,account.e872ccbdfc5e483295c9af47f9956665,0
2026-02-11T02:28:15Z,Leo-771,account.3c24444a817d46919b738abdd831ae0b,0
2026-02-11T02:28:15Z,mark0616,account.a7be2173500045cbb49567a5b3ee708b,0
2026-02-11T02:28:15Z,pirulosa,account.7077cf0b0e41441f80def10a5559a0d0,0
2026-02-11T02:28:15Z,Jeggred,account.57aa60d7e8bf4c21bbb438510f0a1163,0
2026-02-11T02:28:15Z,Mt_magege,account.277c5335ab3944a8882c85546277d9c2,1440
2026-02-11T02:28:15Z,KazaPatos,account.4d90574bb78b4943a11e4c3295753415,0
2026-02-11T02:22:42Z,Rosa_Parks-,account.46a80d2f87b94a9888ae087cb1200eda,0
2026-02-11T02:22:42Z,yuxiwangg,account.c4e294fe8e404057a6cedbf38e7c565e,0
2026-02-11T02:22:42Z,hiddinfoldr,account.d98f59e494d345269741e9fbeeae64eb,0
2026-02-11T02:22:42Z,Wurroom,account.cececcfbdab9416d8add58fbef80e180,0
2026-02-11T02:22:42Z,LAROSAMK8R,account.bb1dcf8f72994c668f881a6b0f1a9e75,0
2026-02-11T02:22:42Z,PetG92,account.716b8d99320b4e39a8965ef1870a1b57,0
2026-02-11T02:22:42Z,Rebel_INS,account.cbc1f6677cad4670a7070554244e4497,0
2026-02-11T02:22:42Z,bielaodin,account.3832952a1dfd4e76b0d8eb0e70873b62,0
2026-02-11T02:22:42Z,BBNINJA,account.e382c8cfe8ed4f8c948b086d5182c4f2,0
2026-02-11T02:22:42Z,seanoski,account.5b80d20a6b394d1cae643f6273fd48e6,0
2026-02-11T02:22:42Z,AdoptedMango,account.fffd198ce58b4b798d5584aa708e03a9,0
2026-02-11T02:22:42Z,Lucifer-_-v,account.072d1c3fac774359b70d775b692f346d,0
2026-02-11T02:22:42Z,Unkle_Reko,account.dca36c300a1a40eb9cb1ce8f3fbf4f9c,0
2026-02-11T02:22:42Z,Nora-Q,account.f4c569d3a3fc4a90823b5e67d7e2cbaf,0
2026-02-11T02:22:42Z,Toblakai99,account.3f71fb1e4e8247cdba0d31dff975af34,0
2026-02-11T02:22:42Z,PIExVC,account.f600458a01994dde9f5e901f5ed6bc4f,1767
2026-02-11T02:22:42Z,God1zilla,account.8c6fb07d71e74518b7ad18af314d4b1b,0
2026-02-11T02:22:42Z,bray_klk,account.7c15487c16bf47edb6a0851875a983a7,0
2026-02-11T02:22:42Z,WuceBrain,account.f424613a2e3e4a31b7de683ba720b4d7,0
2026-02-11T02:22:42Z,G_Burner,account.0bedd2d05e264aeeb09cd0299e98c749,0
2026-02-11T02:22:42Z,Heya_Sambo,account.109926ade67d4b31a5647747a70ed6a5,0
2026-02-11T02:22:42Z,GhostU_,account.1345645af7a84e5c8b5b509604840240,0
2026-02-11T02:22:42Z,Twisted291,account.72e1fe0b7a2e42e690d551d143656857,0
2026-02-11T02:22:42Z,Squatchman_Wild,account.f578cb49577d4f5aad652dde4c9ad731,0
2026-02-11T02:22:42Z,zampong,account.88b0a6f3fb0b4adeb1629db68a0d019c,0
2026-02-11T02:22:42Z,OH7l__-,account.990607a05b1f4d969ec94ec25339ad71,0
2026-02-11T02:22:42Z,SmallGayGang,account.c7d47fab2c3e452c9e34d44891051ec5,0
2026-02-11T02:22:42Z,Subject10-32,account.408abd7e037246d3843f7366775c6c69,0
2026-02-11T02:22:42Z,WACKED0UT,account.02d4de4b63af428f9594a16eec4b327d,0
2026-02-11T02:22:42Z,Cugumbersoup,account.d9cbb26afd484079b563112e8d5cd02b,0
2026-02-11T02:22:42Z,MaddogJones556,account.e408f86e27ba4f1fbd40709996125403,0
2026-02-11T02:22:42Z,Yangnam1850,account.532b6f998bf64043a3c9ad09729b6f95,0
2026-02-11T02:22:42Z,jhonny_g02,account.e6b74e7a759245478fab3c215a427833,0
2026-02-11T02:22:42Z,wsnmyya,account.67233d8a64f24e578d349cb7f10b01e1,0
2026-02-11T02:22:42Z,NotapedoIpromise,account.d38880921fc84c3c97e4362ca0ebf136,0
2026-02-11T02:22:42Z,ShootMcGoot,account.7cdf722f08754a5c880a69c4cf7cc0c2,0
2026-02-11T02:22:42Z,LilJuiceBby,account.3125032736da42bc8e87b0219ba33843,0
2026-02-11T02:22:42Z,sPYc_GIMODDIII,account.4b514ffbdfb44f918b9dba53f35b2e3c,0
2026-02-11T02:22:42Z,VN_AsianNeverDie,account.9e29b4e87a384ad2b76dac07bdc7f597,0
2026-02-11T02:22:42Z,MY_NINJA,account.76ca1de1b4f748dd902e2f53eaeeb12f,0
2026-02-11T02:22:42Z,salryuhjo,account.688fb3dfd3604779aac2042cb1393246,0
2026-02-11T02:22:42Z,OceanV2,account.cc2c014db8a944a592fc8311c30debcd,0
2026-02-11T02:22:42Z,Jokkachi_,account.ab0b31b564dc49869bc96561eee2b400,0
2026-02-11T02:22:42Z,MIMARIDO79,account.fd37ae1fa25c46de8f9387bb8639d4c2,0
2026-02-11T02:22:42Z,PUGSTER64,account.bb3536e4ce30456291ab466187dce0aa,0
2026-02-11T02:22:42Z,JadenV2,account.6fd04ebf11984ce6b6f3911f32c7777d,0
2026-02-11T02:22:42Z,L3TH4LD3V1L,account.8b43bff66b63421abf3c79ebd06f5116,0
2026-02-11T02:22:42Z,MAYK86,account.c4b0a6627f1b48109e64ab8de7ecb074,0
2026-02-11T02:22:42Z,ter4d,account.e9fd69b217674dbc80fd4d0f584ea950,0
2026-02-11T02:22:42Z,ShwarlyPcakes,account.c4ec993abf394d7fb1f8ccb9f7fe50da,0
2026-02-11T02:22:42Z,OG_MEX,account.12f1daf0d2f84f9c897b7d2c8bd007fd,0
2026-02-11T02:22:42Z,mcrifleman,account.a1ed8213499441f69fa7ba7958bb9c20,0
2026-02-11T02:22:42Z,NSten07,account.91a46b21cde3404da32b5e33c4f933af,0
2026-02-11T02:22:42Z,Eason6_6,account.59dc0b61bb3d493ba54655ad929e9c54,0
2026-02-11T02:22:42Z,KAKA-___-,account.88365e0bcde74b328eca0a5d3f9caba5,0
2026-02-11T02:22:42Z,JorkinItRN,account.b8a265981c824064a3f460a0b081a887,0
2026-02-11T02:22:42Z,Alkiuns,account.ae7e12ac8b174b418a538bc4563e22ed,0
2026-02-11T02:22:42Z,Deltanumber4,account.a150532c81b7464aa47780be951fd0a3,0
2026-02-11T02:22:42Z,Mi_618,account.061c270eb8074ff296329f45ac0a726e,0
2026-02-11T02:22:42Z,QwQ_WAFSN,account.8a893eaa397d46669fb405a0973a78a6,0
2026-02-11T02:22:42Z,Subject-10-32,account.ca970067a3c847b2b2d8bd5311be6302,0
2026-02-11T02:22:42Z,HRFJFHUSUJ,account.fdf5e06526d54e3babf85981d6d0cec1,0
2026-02-11T02:22:42Z,KR_SpicyChicken,account.9bf4faf9cf3543ea95ff7aecea957f61,0
2026-02-11T02:22:42Z,Pumpkinnnnn,account.efc263b618604f999ed9d7473e91e337,0
2026-02-11T02:22:42Z,Baoz11,account.12df190058304c0081953863a740f70b,0
2026-02-11T02:22:42Z,xArdyyy,account.0058811995d14dc282986e6db0052d2c,0
2026-02-11T02:22:42Z,Duke1519,account.c22e81a6ab9b4e44880a4197ac697c43,0
2026-02-11T02:22:42Z,Rico_Ochet,account.8965ec4246e84a0791e27f0cf8c14adc,0
2026-02-11T02:22:42Z,N3Imp,account.3b45294a28604d3d93caea3a6ad5da45,0
2026-02-11T02:22:42Z,navyspicychicken,account.a8d4723af3ad40d2b3e5cfb4c90059c6,0
2026-02-11T02:22:42Z,Zzzyhx1,account.82bab7b391f94ae69b3682d77688ff7d,0
2026-02-11T02:22:42Z,GetPlucked,account.759f27bc25d64da8aeeb07c7c398e9e4,0
2026-02-11T02:22:42Z,opopygyg,account.2e7273e63e1747f19ff67221f5f14b4d,0
2026-02-11T02:22:42Z,ElCogeTierrua,account.16d75195fbbc499994ce3caeba573d96,0
2026-02-11T02:22:42Z,Somnilex,account.d7791c466dff4c878ed9805950e6880b,0
2026-02-11T02:22:42Z,ColonelFerd,account.2bfadb01359543f0901354516214191f,0
2026-02-11T02:22:42Z,hechicero05,account.cf169bbaeb5d4b77953693be6335e907,0
2026-02-11T02:22:42Z,yeimen,account.bc21f73c0ecb4fef8c6ea42d4dc5af28,0
2026-02-11T02:22:42Z,SOR7RYYY,account.c8ef565aab634d98b11eed9dda138708,0
2026-02-11T01:41:47Z,AYI-GAMES,account.c6861c8dcd0444bcbfea44847640a056,3204
2026-02-11T01:41:47Z,CcC_TR_Lazuri53_,account.33cffc1ee22a44cf838d903ac32d3d02,2045
2026-02-11T01:41:47Z,l--KillerBee--l,account.0755269f2e68483e94ea74e99ef0491f,1239
2026-02-11T01:41:47Z,88Ara88,account.c34fbef6c10f49eea07002ff0e6e2a02,2238
2026-02-11T01:41:47Z,3060ti,account.03e76a27324941b4bad385ce413381f0,1609
2026-02-11T01:41:47Z,Raw_Onizuka,account.cf8c8266b7754c10a90440048fbcf67e,0
2026-02-11T01:41:47Z,Yaidds,account.5afa266a46a84f9783b1ebc2e6cb305d,832
2026-02-11T01:41:47Z,dilan7771,account.20c8ad068aa64564938e14605a21e06a,300
2026-02-11T01:41:47Z,DAGFIGHTER,account.79fdd41f617840acabcb631b3d42bc10,1248
2026-02-11T01:41:47Z,PHX_xZhu,account.cf0377399eba458e9340e6646cd2acb8,2131
2026-02-11T01:41:47Z,AlirezaFirouzja,account.8656d92f130440a2aceec8622384990a,799
2026-02-11T01:41:47Z,shewa43,account.84e1176ce1e84da3a6cf7b58ec89272f,510
2026-02-11T01:41:47Z,sasikume,account.147c3e6bca5e419ba1e0d0bb3772f8bd,1749
2026-02-11T01:41:47Z,PROJECT_bob,account.b994c593e86240bc8e36db23654c73a5,3065
2026-02-11T01:41:47Z,PHX_M-Yi,account.9c787c1088954cbf8af167851d8746ad,2084
2026-02-11T01:41:47Z,ZaynabKunieva-,account.a2bbe51d24c74e46a83d5272fe770d65,1954
2026-02-11T01:41:47Z,Bandzatoryy,account.94ec7f36162a4c82981781bca5b8276a,2073
2026-02-11T01:41:47Z,Houmy11,account.f944463df0e846ff9f1b7ea8aaf9f798,1594
2026-02-11T01:41:47Z,adgkafkasYT,account.fb17616474494e61b0608fecb48b5d78,1047
2026-02-11T01:41:47Z,bunnynicha,account.dcf3908bc6c14b128bd083f3556d1600,2133
2026-02-11T01:41:47Z,SAL-DeliveryMan,account.73bcc22c35a34223a83d0105c5cb6c5b,2898
2026-02-11T01:41:47Z,CUBA-KRA7OS,account.4d47e7664f5347cd96a6b38c7e6b2781,1105
2026-02-11T01:41:47Z,XXX-TESLA-XXX,account.6d72031ab30743b886eee27c20605996,3121
2026-02-11T01:41:47Z,SharSy,account.87ea5de7321849278c09ffa17a43d7d1,2844
2026-02-11T01:41:47Z,LapKule,account.0bd9ca2c37414d1bac06822baf7e2681,2808
2026-02-11T01:41:47Z,PSIX_MakRoS,account.8bd526f3d56c441c8f8f73012db49cb4,2112
2026-02-11T01:41:47Z,3JlouKpoJluk_03,account.1012659cb4124fb4b49bc36582aa22a2,2273
2026-02-11T01:41:47Z,BaoRist-24M,account.34f90a94592a4c9fbc1dacc3dcfd7a93,3552
2026-02-11T01:41:47Z,Woggen,account.ad541edcbd444d1089c9b86e99d2adcd,119
2026-02-11T01:41:47Z,ewindarrr,account.8acdaeff4bef4ffabfb774a415ff9a6f,1590
2026-02-11T01:41:47Z,463547344,account.9e15024e00ba46e2bad62c1f2fccb0b7,393
2026-02-11T01:41:47Z,bosluktusu,account.d56036ab81d54aae982a45c2a0825d35,1676
2026-02-11T01:41:47Z,keremsen,account.12e1fde8c3e5493d9e06b96b9cc57df8,1903
2026-02-11T01:41:47Z,PsYcHo3801,account.2dc35c61857a4fd2a72ecb590308d6f3,0
2026-02-11T01:41:47Z,MAESTRO___69,account.076f64ce5f5f42b48dfdd3a7cc5c3042,0
2026-02-11T01:41:47Z,attacker_17,account.10dc4dc85b604b949d587731d7aac5ab,1708
2026-02-11T01:41:47Z,PUDD1NG61,account.7a797726f9454d06b5f8c60ff994e6a3,2030
2026-02-11T01:09:37Z,Ymxmwmu,account.5d1d88649f8b4f44ab1824721730e483,2292
2026-02-11T01:09:37Z,OM1n4T0R,account.aa2a86384a1c4ceea951b2942ccb7a43,2278
2026-02-11T01:09:37Z,ARES9189,account.f2e00f084e1945af9d1c90f6355bc219,1803
2026-02-11T01:09:37Z,kimi2015,account.61c5f7f6bc684dd98887b49ec5de2665,2380
2026-02-11T01:09:37Z,aprendegamer,account.c3153db62e8e45fea164e00c195662fb,312
2026-02-11T01:09:37Z,Kovacevic97,account.eff8b7d587494ce38fec2b13362756b5,2221
2026-02-11T01:09:37Z,m0rf_01,account.746c03b214b2473f9250a166fa923c07,533
2026-02-11T01:09:37Z,HIMURRRRAAAAAA,account.4636d8564d3746e2bf2c307f3dab0037,2900
2026-02-11T01:09:37Z,jiejj-020189-,account.1ee7319c01d046ea9494c2838acf0b2b,1922
2026-02-11T01:09:37Z,AlparslanTR,account.92046c28491248f48d7e372b36318936,446
2026-02-11T01:09:37Z,RG_Dopi,account.338d18e468ac49478d98955b09d9f836,2844
2026-02-11T01:09:37Z,MILANB12,account.9b49d7ba0572428288af6ccb831c3d56,1671
2026-02-11T01:09:37Z,ramboo_2771,account.a510c364198d49c286eb740f6c955a51,2064
2026-02-11T01:09:37Z,JoseGamerJose,account.849942e6fb6444a7a4184db9ac9ccac2,458
2026-02-11T01:09:37Z,neki_Lik,account.18e5bd7fd3f14b598c1d96cb9e9d9e80,1896
2026-02-11T01:09:37Z,CECCHIN0,account.f47f41b4d3b64f09bd09fff7597e9e89,924
2026-02-11T01:09:37Z,061insane,account.ef158e585af3428ea376fb8b064471a1,2157
2026-02-11T01:09:37Z,von-peowm,account.061b7192739949d2a7b811dd8961706a,918
2026-02-11T01:09:37Z,YourMumss,account.1b9059383f8c425697473d0378a53952,942
2026-02-11T01:09:37Z,EnRaiNN,account.e3b8bfedab3e4e218ca30162df26a608,1
2026-02-11T01:09:37Z,Mamola03,account.e8756a9c7a314b58ad0fda1dd0030d19,1400
2026-02-11T01:09:37Z,KeenXxXx,account.8b7f8524074a4f5488f488cd47b6653f,2791
2026-02-11T01:09:37Z,GELATOTOTO,account.a4e9e0890db3450f864ccba5bf542975,2620
2026-02-11T01:01:47Z,Grozniy_1998,account.efe678dcb5544acf9adc77c5f662a2e6,878
2026-02-11T01:01:47Z,ENJEKTIS,account.657dcc19e9ae48e9b808204f9384dcea,2369
2026-02-11T01:01:47Z,JayFii,account.e842a03f237d4d0da83500c457911890,2662
2026-02-11T01:01:47Z,Wolt2401,account.c9227c04fb844999a4e7118310266644,1932
2026-02-11T01:01:47Z,ApokalipsA1337,account.f6022a109e224b6196da59e89786139c,1009
2026-02-11T01:01:47Z,YAROSAI,account.22bcd74df5f745e7921942803995f085,1963
2026-02-11T01:01:47Z,W00LF_UA,account.6feec97b66ce46cd92a1db7022091630,1983
2026-02-11T01:01:47Z,WeiLongLaTia0,account.d65d3b7aed644761a6885412bd82eb4a,3301
2026-02-11T01:01:47Z,CayMan_666,account.8a7bb985dd64446189a8d5411ffcfc33,1150
2026-02-11T01:01:47Z,Twitch_YAMMINE,account.bf302c80676f46a79c6ee9add6cf6f69,1017
2026-02-11T01:01:47Z,Prometeo666,account.4d3042270d4b4caa89224440a2462009,1858
2026-02-11T01:01:47Z,Marckos22,account.983ac07c6d8a4ac68fba9ea1885462eb,2039
2026-02-11T01:01:47Z,08O08O08,account.b3ddca27524a45e597a9e9011abfb94b,3064
2026-02-11T01:01:47Z,we1x1aoyy-,account.73edc73c5c9c4d489ba0f169baa98b6d,3284
2026-02-11T01:01:47Z,Empty3o3,account.b63229f2ead247ac8f4ea5ef94feca0b,2426
2026-02-11T01:01:47Z,JeTTa_TSi,account.8a2c5e601c454908b65e1b231bcdfc95,1212
2026-02-11T01:01:47Z,AenjiKai,account.06fafcac5665490f9f71754ee9f59e81,3165
2026-02-11T01:01:47Z,habibiq,account.57de46f281a44645867af4541b8464ef,2832
2026-02-11T01:01:47Z,calop157,account.0f263bbd3c3b4bf68f618f0c41095631,844
2026-02-11T00:30:43Z,lfyii_,account.91ddb08e0a2b46d4b9355b7707281576,2094
2026-02-11T00:30:43Z,Zx-zx0705,account.c281de2706d34295ab1d04b147648de3,1293
2026-02-11T00:30:43Z,TuAmor_Andrew,account.b4a2224f617c48c3b54a60633307c67d,2347
2026-02-11T00:30:43Z,MIRAGE_5000,account.9107b2dccb724e819354500bc7eee317,3234
2026-02-11T00:30:43Z,maga_eblan,account.9f0ebb84eb934dcf88017ece33906806,937
2026-02-11T00:30:43Z,Rias_-,account.d4974655321a41b59cb1ffac56b03adc,3400
2026-02-11T00:30:43Z,M4-STER,account.c23f03a40f02494ab0ba8622155e714d,1908
2026-02-11T00:30:43Z,Eroo-_-,account.4e642dc36c4542ed8f7258d362e79a93,3194
2026-02-11T00:30:43Z,ABPR,account.6c07c8f301ee4a9d86d7fc7997cf8297,593
2026-02-11T00:30:43Z,E46M3-993301,account.b368fdb3c5594afcadc1d2dbf3652194,1961
2026-02-11T00:30:43Z,FLORYZ,account.fd4c27c022394aa6a542600671da4c0f,2654
2026-02-11T00:30:43Z,AranPharazon,account.6856bedca4e84976bd98561227cf5d9d,2347
2026-02-11T00:30:43Z,Sheva_11_,account.586408a16c8c475d954d85d8d9c7d05e,520
2026-02-11T00:30:43Z,FERMER_UA,account.4397a1cd1e8c4213ad85fcb04a735cb7,2423
2026-02-11T00:30:43Z,Cleaver2222,account.34ec52568db94fb2899ebfaa6aaef1c1,1634
2026-02-11T00:30:43Z,PeRo_Salazar,account.cc9f322e2d56401bbaa6582290f08569,2105
2026-02-11T00:30:43Z,Kaiyo_dca2,account.ebeede56e90241899c04bc42b9a4e516,1548
2026-02-11T00:30:43Z,RUNNEEEEE,account.65f0f4bd82654e07a4f35a196bc676cd,1803
2026-02-11T00:30:43Z,Alex_f-m_Donbass,account.09172a82d4254742a51b7013d3dcf787,2242
2026-02-11T00:30:43Z,sufeiyupeiqi,account.3299b4db0634437583047c59ec83c9a3,538
2026-02-11T00:30:43Z,Nelly92,account.355ca32910ad40f782f1e0540fd9210e,1167
2026-02-11T00:30:43Z,App1eD0g_,account.eccf282082654e669e7e45574da62e2a,3553
2026-02-11T00:30:43Z,qq2023322455,account.6c46cb3ffbc349f9941f97240329666c,572
2026-02-11T00:30:43Z,007pz,account.0df18e2a763c4f7da97f975aafd05345,604
2026-02-11T00:30:43Z,IMogann,account.e2be79e8f8ca4abcbc7427b7afdd58a7,2689
2026-02-11T00:30:43Z,Dinofr0g,account.ea7a4e106b0b46349f76d7a39fdd6466,900
2026-02-12T23:55:33Z,K1OMAN_SIY,account.3cf8bef749184a1084363c050047edef,1212
2026-02-12T23:55:33Z,Xr_FanGG,account.58cabfe934c6484f8ff579f42859a450,1716
2026-02-12T23:55:33Z,CTAPbIU_DeD_,account.3670980d78ee4e3199ddeb94a08c62d3,0
2026-02-12T23:55:33Z,AmaK-TJK,account.f734dd6beff1451e89a91b0be1e48866,0
2026-02-12T23:55:33Z,Z1NK111,account.78e37db5b0694309b695a03a6595111e,2151
2026-02-12T21:46:53Z,Fibanacci-_-,account.b08373b46fc240dc8b7b164993e4be18,6
2026-02-12T21:46:53Z,Khizir080,account.6aa82b0fee6e45328eabcdc9801fcf2a,564
2026-02-12T21:46:53Z,Al-Farasi,account.667cfef81e4d465a9ec5cff5c10b9148,1250
2026-02-12T21:46:53Z,qwdasdawdawsadas,account.601a5b40f45345b1b3e067dcb0239653,898
2026-02-12T21:46:53Z,Po5e1don,account.74b57fa1cc704f76bacda8d9bdd882c3,1000
2026-02-12T21:46:53Z,ErikKV13,account.43b95f8433104af2a5be385a0da41512,0
2026-02-12T21:46:53Z,goosemadman,account.e860b2f0c57945c7bc5dd7f1de3ef7e2,2284
2026-02-12T21:46:53Z,DiktatorSnoke,account.97bf0b5931bc40f191c2824242c609ce,1262
2026-02-12T21:46:53Z,RTS_One,account.e914076da3df45a1a88662a6ca02f41a,1970
2026-02-12T21:46:53Z,KhanlarOS,account.214ae6f41d0a4c159d906cd6864c419a,1623
2026-02-12T21:46:53Z,Rclub_Luuu,account.5ada53391e274a7c9006575485d9dc5d,3000
2026-02-12T21:46:53Z,ooman,account.6982428654254aefa52c6c2abc065d9c,1209
2026-02-12T21:15:28Z,SMA_N,account.580ca7183a4a471e995fe541589bccdc,1509
2026-02-12T21:15:28Z,SOSYKA,account.a78f09d6626a47b9bf270d55f7cbf84d,0
2026-02-12T21:15:28Z,rabbit2500,account.3cad07a659be4c23bb7f46122707dcf3,0
2026-02-12T21:15:28Z,Medllenno,account.aafce22204bb4b528e37df296a59c038,1256
2026-02-12T21:15:28Z,1lyshkaaa,account.66bbfd364c494936bea444f9c3f4bcc0,0
2026-02-12T18:19:35Z,BEKA-KAZ,account.5f40b7b6155e433ca1f2494a001b1d26,2604
2026-02-12T18:19:35Z,Amir4ik500,account.623ae35e318842b3b95fd96cdda4c8af,0
2026-02-12T18:19:35Z,NO1-AK-liubin,account.00e9f275a650407d86930ea16fe6a74e,1938
2026-02-12T18:19:35Z,globys666_,account.401fd85353ba4e75b455502daf701ae7,0
2026-02-12T18:19:35Z,HaMuHuMyM,account.b23a35bac70a4fe9b70c2a4d7131c3a6,0
2026-02-12T18:19:35Z,PriViReDa,account.276d85ed3be245c7b383db2e6c1dfc30,889
2026-02-12T18:19:35Z,ZhulikoBandito,account.ade5d3738c2147eb84148558bdbb05a8,1403
2026-02-12T18:19:35Z,NEW_KING_SMT888,account.a4ad018f8e3b480fbc9b7125ffeb72b2,2741
2026-02-12T18:19:35Z,DYSON_SLAYER,account.aad3cb5b566e474cbc08423411c6eef0,2000
2026-02-12T18:19:35Z,KUCb_KUCb,account.b512adc60d7f4ebca28aee9b2fa10862,1924
2026-02-12T18:19:35Z,KorvaLOLniy,account.b9db7c716f6846fb97984cbad954d0d5,2176
2026-02-12T18:19:35Z,Karter1930,account.86373657340c42ad8e3134e662e8a1db,1400
2026-02-12T18:19:35Z,phopH-,account.452732c8b5ea46b3aa399ca0ee4e52bb,0
2026-02-12T18:19:35Z,CMZS233,account.e5540c2e4a4f452cbb48f407d2eda609,2035
2026-02-12T18:19:35Z,Dolben_Karlos,account.ce8173a8364641e0b41898c21ac5bf03,2216
2026-02-12T18:19:35Z,PRO100LEV_,account.e65df78864de4adc987d4d8930e0dff3,1400
2026-02-12T18:19:35Z,DENchik_-,account.7f299018a14b4cfd894af9930e8f2064,1840
2026-02-12T18:19:35Z,MecTHbIu_MAJOR,account.1259d487d9024f99a3a9843e5c4fee14,1700
2026-02-12T18:19:35Z,NIKOLAI_SOCHI,account.4d056031bc1446c19b20b5b17c1d10d5,2371
2026-02-12T18:19:35Z,Laity_Tutu,account.eecf87fb7cae4818b1eed6cba5789896,1447
2026-02-12T18:19:35Z,IgoroKk,account.afa02d76067d4a2a9bd370479b90c9ca,106
2026-02-12T18:19:35Z,g1bsoOon,account.3ed75b1d54654768ae6728ff5eb7be1d,1042
2026-02-12T18:19:35Z,savige666,account.f9fd911d3a934fada3085bbfb3cc4431,2000
2026-02-12T18:19:35Z,Kat_The_Mouse,account.4b9a6254e4cc41a1906c310bde0c18f2,1987
2026-02-12T18:19:35Z,Pacmankz,account.f90820b1968649b6aedbc84413e69ca2,874
2026-02-12T18:19:35Z,NaaNaah_YT,account.1769aefc7fc6432299d1dd2e55915664,2968
2026-02-12T17:48:43Z,Siukai18,account.dd30beda6d3f47c9a24ca43b38f8d8fe,1328
2026-02-12T17:48:43Z,zLL9r,account.69326da4d55944f5aecbcfe0948f867e,0
2026-02-12T17:48:43Z,maminaRADOSTb,account.517dba3ac9064284b4fc88f108bb8620,0
2026-02-12T17:48:43Z,stas757888,account.3f0779fc097c47319a8aab9026654000,789
2026-02-12T17:48:43Z,Drakon8939,account.7059f25dd0ab46b9b98dfb032c9e94d3,1698
2026-02-12T17:48:43Z,TrRaMp,account.b98ed12ec1f54361bfeced711cc959e6,2167
2026-02-12T17:48:43Z,KPEATUB_,account.a859d0e2e075498a986c1623b24ca398,2787
2026-02-12T17:48:43Z,SayanUZBB,account.fb17931b67cd429992db10cc3140c4b8,1319
2026-02-12T17:48:43Z,Bkycno_p0kyWaJl,account.66f2489d4f604fb085747bce7ac0f70d,0
2026-02-12T17:48:43Z,AlphaPrimezzz,account.2ae6b381bc3241e89b8a2608ec133fc0,1253
2026-02-12T17:48:43Z,IIacTyx-I,account.eeeef736674142d5898336adfbea5162,3030
2026-02-12T17:48:43Z,BORDAK142,account.60a284992bff46258a4a04322e67173b,2224
2026-02-12T17:48:43Z,Shad0wPanda,account.5ae0ef0e0ec140c28d5d484e482f5505,0
2026-02-12T17:48:43Z,PandaCode,account.aea370a31293409a9dfaa97f7d219e22,773
2026-02-12T17:48:43Z,BELIKS-24,account.d0a6ccf63794456583d693275232a3c5,1102
2026-02-12T17:48:43Z,IIacTyx-II,account.a0ba2f94c59f4c21a287bde1700d39b0,2609
2026-02-12T17:48:43Z,BobKaaaa,account.7f5cd97242c04ecbae4f48930864e2fb,1440
2026-02-12T17:48:43Z,YJARA_YouTube,account.66ca1be89db341838a42cdde10d71af8,3633
2026-02-12T17:48:43Z,CNTL_88888888888,account.593122b48919425d8394c35e7fd6b43d,3090
2026-02-12T17:48:43Z,tamirchik,account.5f25c8e84fbf4bddb6b583c8253ffb19,907
2026-02-12T17:48:43Z,Zadroter2666,account.d9254e2d05b9445f9beebea63cfe2fe9,700
2026-02-12T17:48:43Z,okkyIIaHT,account.c234d06fc1ed45658ea4d349cc2c2e4c,2154
2026-02-11T17:18:35Z,Akvalon666,account.a50c785021e04da4817810c8c5aadc97,0
2026-02-11T17:18:35Z,KOLLYAPOS228,account.3474fec5399044dfa6eeff25eb7a569f,1471
2026-02-11T17:18:35Z,Tony_SanPani,account.24a1c3d76ca3473e96a9ff529034b37d,2694
2026-02-11T17:18:35Z,SIRAPIUM,account.f715b4d741b346e69ade5124807a89ce,1213
2026-02-11T17:18:35Z,RUfederation,account.4c936bd28e66444b94e5976d6ae72a7b,1429
2026-02-11T17:18:35Z,Dante_YouTube,account.1b1a1251c64744de96766577ed8f95b2,4069
2026-02-11T17:18:35Z,bie-wenwo-,account.ff4a02a117a8483ea082329aea52deed,2680
2026-02-11T17:18:35Z,Tony_QingShan,account.060827816fdd434e9fdb97b24d868711,2689
2026-02-11T17:18:35Z,kz_1303,account.8019ea4b86404d2096aafc05b2fe2e0e,853
2026-02-11T17:18:35Z,Tony_Gorbita,account.238304235a7d4b3d8271c16f28c0850a,2200
2026-02-11T17:18:35Z,Axa_bel31,account.e143c9ed0e2c437f8f19ac1171155801,20
2026-02-11T17:18:35Z,Tryhard666-_-,account.36e8dbec96cf44738d012a1172fc2002,2397
2026-02-11T17:18:35Z,ApMXanT92,account.612433fd80e44debac58f891b6fdee2b,524
2026-02-11T17:18:35Z,XikkoraKimmikko,account.27d4a79a70b9490bbfdaa646c0e74eb9,1002
2026-02-11T17:18:35Z,Pro_100Dimon,account.0a5551b699a4453aabc0af211d6a18e2,2437
2026-02-11T17:18:35Z,Tony_WuShi,account.b269c52839194ea09d63478f0e0b1415,2804
2026-02-11T17:18:35Z,DJUZEPE,account.d3c946d2702a4fd4aeb8626e2d4478f4,2268
2026-02-11T17:18:35Z,Dryert,account.122bb96a3cdb4702bace6788b2b09ffb,1583
2026-02-11T17:18:35Z,AWRIASAS,account.8adc9abc55cf42bc89b562b9038b0e5a,1917
2026-02-11T00:57:47Z,NanMou_Aliliyoo,account.c096840435b54a47ae74942ca5aa81c1,3152
2026-02-11T00:57:47Z,KMS_po_1C,account.5db0c521ec9d430892368714d104dc57,851
2026-02-11T00:57:47Z,redzhi,account.3c1380d857a4472b9b04748b4dc42567,804
2026-02-11T00:57:47Z,ZgamingRUS,account.95ae394e48d64aad82118b16065dd9b6,1829
2026-02-11T00:57:47Z,FEARME228,account.91495b25421d4e0e9f9668fb59cdcc15,0
2026-02-11T00:57:47Z,IIIAURAIII,account.587e899a41184e37a2526d2580240003,1997
2026-02-11T00:57:47Z,GEM_huoguonao,account.51219e7c172d47529a30844705cd587d,3454
2026-02-11T00:57:47Z,vertkys,account.996dfd8908d34b1a8c74b773eb2163e3,921
2026-02-11T00:57:47Z,patron_616,account.06eeca5bacf0472a86167c2114cfe380,743
2026-02-11T00:57:47Z,Vampirkabum,account.610f7ee0d4be4efaad094161928cc61d,0
2026-02-12T22:24:16Z,luuuY_-,account.e002df24ad5e402cb422b276fee7eca2,3214
2026-02-12T22:24:16Z,reapel0,account.db021df4d5ef4f8582681befa132e4f5,100
2026-02-12T22:24:16Z,xiaojiusanmen,account.d172b5436a0b4a90a9ba49e08f42f616,1310
2026-02-12T22:24:16Z,Emiya_WP,account.8d6f946e293841ae85428b7da38360af,593
2026-02-12T22:24:16Z,fendiALE,account.eb5e0231faeb48fab81291372f8f3fa0,0
2026-02-12T22:24:16Z,WQYyyds666,account.cc13c10f5ba64669a4c6368e1f5ac46a,1506
2026-02-12T22:24:16Z,ensary074,account.2b21e0bd05f94c5b8da5e5a43e80cf0a,264
2026-02-12T22:24:16Z,steal-xiaohan,account.f3cd2df9f49446c2afee22c267d57c4b,1692
2026-02-12T22:24:16Z,GangsterButler,account.6ffe71188faf40488605263c185c67b1,1361
2026-02-12T22:24:16Z,snR-usLanmAz,account.7653d3ef9e1848d5bd200d6c7748517b,2552
2026-02-12T22:24:16Z,Koko_djambo,account.e8e4bf996de94459ac8f68df56a15b23,1640
2026-02-12T22:24:16Z,haunt1nGG,account.0387f16310664567b0178a1601b5d846,2887
2026-02-12T22:24:16Z,ODIN14-88,account.70eacd91527a4093a163b092c5e44e6b,521
2026-02-12T22:24:16Z,Sebi3003,account.f9dd9d1dfd9f43bda4ad0e18407d9d21,0
2026-02-12T22:24:16Z,kujtaa,account.3c601464f8584a14a05314be2dbd970c,2117
2026-02-12T22:24:16Z,ozguuc,account.5243f061f74c4a079845b29dc6ab8af3,0
2026-02-12T22:24:16Z,Hairytummy,account.ad986fed7dce485bb8d5f089789ec337,0
2026-02-12T22:24:16Z,31ewad,account.4fe6dfe9ffdf4f0d882f12e3585073ef,0
2026-02-12T22:24:16Z,Twisst_27,account.5962a7f55b984b0db941e41311e38e25,1582
2026-02-12T22:24:16Z,Kuroba77,account.9586eb46244b4caa816cc5bc927d0056,1605
2026-02-12T22:24:16Z,5acXtk7i,account.e7a8b2691040410c8ba53c6c799c8199,2872
2026-02-12T22:24:16Z,KCarlk,account.a6e63fa21ec04ad1a226ababfd9cb409,622
2026-02-12T22:24:16Z,JoeJoeEnjoy,account.0de02573daf342e7bbe642b28b9e51ff,946
2026-02-12T22:24:16Z,O-ACE-_-CHEN,account.19872749f71b4e16969fc26c8cbb3b3d,0
2026-02-12T22:24:16Z,kaigsifumu22,account.90228e95da474c20bb2935ad98848a77,1599
2026-02-12T22:24:16Z,F4NCY-,account.93f27b6027564383b35c3c87b4da48af,2965
2026-02-12T22:24:16Z,ZEDm24,account.86a9eb4b6bbd4e7980abf81d4d54ec84,1657
2026-02-12T22:24:16Z,YasAkin35,account.3fa0c19d3e3448499c0e24fb9194318b,0
2026-02-12T22:24:16Z,izzy3011,account.157a80f2171d46cfb2fc0937360d45cc,0
2026-02-12T22:24:16Z,FummelPeter69,account.c59874fc82414c91a6caadce7421f9c5,0
2026-02-12T22:24:16Z,RASH-DG8Q,account.3b33893cf633411ea80f3942da86de0d,1103
2026-02-12T22:24:16Z,sAYIAnPUMA,account.853112e55ddd4367a49ea9fddbbf9e83,2128
2026-02-12T22:24:16Z,Erickkunn,account.21432c5739c946ee8fba37c4a41a8dd1,513
2026-02-12T22:24:16Z,tavernos,account.96165f8c32524826b23f60b1b7813a1c,531
2026-02-12T15:06:08Z,kyni6ek,account.933064215715457db20292ed5b3b1e45,1468
2026-02-12T15:06:08Z,Lonely4AM,account.0310f8de83954ef98934d591f606a0ce,1178
2026-02-12T15:06:08Z,4iter777,account.2e20037d393044418b9714d090f35d20,0
2026-02-12T15:06:08Z,headshot_123,account.c8c2a60848f34cc9a65bb613c4969510,1575
2026-02-12T15:06:08Z,42GroM42,account.e91a4382dbeb4cceb589b2c506818e0f,1450
2026-02-12T15:06:08Z,Mx_qingche,account.83d756c1d1844f95a577fca1944d2628,0
2026-02-12T15:06:08Z,GamezoooHa,account.7524fa82800747cb8711ab6b1691b0fc,2407
2026-02-12T15:06:08Z,NARKO-BARON,account.1338ffa10d6b4080b53c04cdd74d0040,1836
2026-02-12T15:06:08Z,xam161ru,account.0757a83ee25f4e5093dfdadcc45df953,1418
2026-02-12T15:06:08Z,aseke777,account.3028d98159dc4e8c872a613c6ad11c82,2070
2026-02-12T15:06:08Z,HXLY_MAO,account.f78f33ed0f9a41cd8420919a1ce0ca59,3064
2026-02-12T15:06:08Z,XEHCOH,account.422017b8f0c846d9b78ca269f482585a,1800
2026-02-12T15:06:08Z,shum67rus,account.2e160ab3b7244be09357b4376e8bf3b4,2115
2026-02-12T15:06:08Z,BugiMen2311,account.56c02894860c49a0b7711240cb450f92,755
2026-02-12T15:06:08Z,SGEM-_-,account.800019c494f34f3ab1fbf3a83a7d457d,3031
2026-02-12T15:06:08Z,Riu77_,account.b17295000b9e4ab496ab4d28a7beae03,3164
2026-02-12T15:06:08Z,Super-Tiger-0857,account.ee8161aa02124b5a97bc1a262c7122da,2686
2026-02-12T15:06:08Z,ganzha2013,account.d6ebc6595fee49538c5c2a6828f778f0,1996
2026-02-12T15:06:08Z,M-E-F-E-D-R-O-N,account.6be04ac0998340ba81f4ee31774b49db,2084
2026-02-12T15:06:08Z,Etoker,account.75182fe0c62c4d5cbb151aeb66c1acac,457
2026-02-12T15:06:08Z,EVilLao3Xxxx,account.7045244088d04818876164a78529da4b,2513
2026-02-12T15:06:08Z,MadMan_XHH,account.7f622d71946c47f5a57a381e75fa5288,3805
2026-02-12T15:06:08Z,Sochnoe_mango,account.e16e920160554bdd9a440be4f11403ad,1708
2026-02-12T15:06:08Z,3prush,account.b8155d0b27d04a75a0c11ea2aeb9815c,2086
2026-02-12T15:06:08Z,Svejiy_Staff,account.ef3a15cd63a940bba979a3e3eed29368,530
2026-02-12T15:06:08Z,BattleTech,account.1875a2a72c8f40839f17110552659dbc,1353
2026-02-12T15:06:08Z,Ao1a_,account.b8a24cd2da5147af8332614670218640,1702
2026-02-12T15:06:08Z,Vadyi,account.5c7fec98f4f6490885f2f2955abea729,1711
2026-02-12T15:06:08Z,ATAMAH777,account.45af3c209db842279a8e0576d05234ba,1317
2026-02-12T15:06:08Z,l_Afina_l,account.f933d51912474d07bda6bdb0ebe8e338,840
2026-02-12T15:06:08Z,SCARFACE---TJ,account.d7d39b0c40bf49e28329e2930e8bcb0c,1637
2026-02-12T15:06:08Z,Cowhorse404_PP,account.916f2d9a2cf74d578ce5d59ca1a48b03,1561
2026-02-12T15:06:08Z,Kris_JZ,account.d4da29e7b0504a51a9b05dac12b4c3b9,1201
2026-02-12T15:06:08Z,IamMickolkaPlay,account.b1032870b8e54e0a915310dc50c463fb,2048
2026-02-12T15:06:08Z,PRO_TEAM_BOTYA,account.38cbada699c546eeb39719725334837b,1039
2026-02-12T15:06:08Z,vio111,account.22539d5cb5924a7c9a31cb80cc9f02a1,1030
2026-02-12T15:06:08Z,BsyLvy_,account.4b558f2f1fb74fc3ac63caa713906773,2988
2026-02-12T14:45:54Z,DaShun-0994,account.b6fedc89a9694e45b322c2f665de1749,1858
2026-02-12T14:45:54Z,aldarxay_ykt,account.d203858c17704b1b85e45403f1ad7839,1667
2026-02-12T14:45:54Z,YOLO-PUBG,account.573cb60c2324495aa0cf980ee0dbe1e3,1979
2026-02-12T14:45:54Z,Dabyyt,account.e974b412b2514f57a67c2b5fa913a633,1626
2026-02-12T14:45:54Z,XDD_Hun,account.9c0c386e93a14cafa7fc1654cf9b5a30,2200
2026-02-12T14:45:54Z,LinYi-Zhanglaoye,account.646d8c840c6f4881bda3e68ead207888,2624
2026-02-12T14:45:54Z,wrongsbady,account.c8085595f3e248c0a253cd1be7eb70b6,1618
2026-02-12T14:45:54Z,KIL-LER_62,account.09052bc567b540ca80d1da6a3fbab8bf,1151
2026-02-12T14:45:54Z,TORCH_CCCP,account.af4c6a9f5b284cc1b8aa389629324463,430
2026-02-12T14:45:54Z,I_am_Banshee,account.f6803bbe31c4411daf40a572f3dfd3ed,1335
2026-02-12T14:45:54Z,banderlog03,account.2da37e82a83b4782a7256c8f441ab9c1,878
2026-02-12T14:45:54Z,ZhaNanChen_,account.2a31ec9780d2495f9e645cf9dd732120,3226
2026-02-12T14:45:54Z,HN-X_Zhou,account.1f6fd1a3726c4608b52c3eb52dad97f0,3310
2026-02-12T14:45:54Z,Greshnik161rus,account.8608b8a7da4a4bc596b8b621899cf359,1527
2026-02-12T14:45:54Z,Butapest,account.5648331695b34ad6baaf1f84bcbe835d,1687
2026-02-12T14:45:54Z,m1kuf49,account.ad4968c4dcd44bfbba34b96139797aa2,1577
2026-02-12T14:45:54Z,ESTET__,account.3e0ffe7c3c5f449fb9435fb7debd0f4d,2002
2026-02-12T14:45:54Z,Tre1vaL,account.369bf81c03d74717b029da37f5a675ce,1861
2026-02-12T14:45:54Z,CaL1bR_TJK_01,account.3420a8050e8745dca589995542b849f1,981
2026-02-12T14:45:54Z,Craftonlk,account.be7b3b910a294088b9c2a6a5758b4605,1675
2026-02-12T14:45:54Z,3kapik,account.f5340330032c43249aa2eca0505c61fb,1239
2026-02-12T14:45:54Z,CamTbl_PROHOR,account.94bcc56e1f964b9891296297c21a9f54,2119
2026-02-12T14:45:54Z,Nik_air2897,account.28cc7ca7ce1840f4901de40fc127ef66,1028
2026-02-12T14:45:54Z,julustan_ykt,account.6fe15f3090744cd396f7edf8b8db79ac,1623
2026-02-12T14:45:54Z,o-Memry,account.6cc259904b10425395920d0c51c95e50,3342
2026-02-12T14:45:54Z,Bootur_bob,account.7410de7a44cd4085997ceafcd097e535,1344
2026-02-12T14:45:54Z,VladtopPRO,account.7cd5711284904682bbecfd0816df529e,0
2026-02-12T14:45:54Z,NiBuYaoGuoLaiA-_,account.e4fa8e33407f42abb06426320a665633,3313
2026-02-12T14:45:54Z,Ustoppable-,account.eba6bacba2994fc5b6b0cd13edcc7cab,1977
2026-02-12T14:45:54Z,0539_X,account.2127401f190c401e885171361be7266d,2315
2026-02-12T14:45:54Z,qiq75,account.658c5e2d2d424f1abfc25d7417e4be92,1920
2026-02-12T14:45:54Z,WULCAN,account.5c08e448aa704e67946bc8288d2cc55e,2314
2026-02-12T14:45:54Z,RepetUzzz,account.0378a4eaa9ad4b9ea37cd50a9de4d1bc,0
2026-02-12T14:45:54Z,I_m_the_last_one,account.d0c973eaeb78428e9ee1fd7b18fc9483,2264
2026-02-12T14:45:54Z,dnmzq,account.6c85174618454491ae472b11e51b9db7,2073
2026-02-12T14:45:54Z,HardEnduroRU,account.8c10dc70272e4d409fbe537ae33d3f80,1247
2026-02-12T14:45:54Z,YakutianBear,account.5fd6b014b00d4e289d3955d1746a374e,1487
2026-02-12T14:45:54Z,TimMoore,account.804cf80a49ac4582a9df8ab2f53d045b,2468
2026-02-12T14:13:26Z,t3rn,account.2544e128c4784f61a5f51b79389de8eb,3208
2026-02-12T14:13:26Z,KHOJAZODA,account.a18bf7e92953449f93ea70fc0d3d135e,1202
2026-02-12T14:13:26Z,NIKaKOZ,account.3f6124f29a0b4a21bda5c9b295d5929b,978
2026-02-12T14:13:26Z,Overlord1996_rus,account.ca3051d29b02410ba9cb5ca192e21df6,1167
2026-02-12T14:13:26Z,longlkuaipao,account.698050c1cfdb4a92b221b04bcb465288,822
2026-02-12T14:13:26Z,D_M_I_T_R_I_Y_74,account.6b19f73dd3ba49b58796ec291c36ca97,2262
2026-02-12T14:13:26Z,RamNoYume,account.bc328dc1a80e498fa7b2c62f81b2d905,1160
2026-02-12T14:13:26Z,Balbes_XxX,account.2985ad09f61f4bbb93ec024f3dc81706,1530
2026-02-12T14:13:26Z,MaLo_IQ,account.844f659a4f4342828047b97ef3c22c34,3499
2026-02-12T14:13:26Z,Brok174,account.1bb2e875823a42f29ddde80648334fce,0
2026-02-12T14:13:26Z,KHALID_-_TJK,account.583bb5e526a540189b2c97e598227c9a,1263
2026-02-12T14:13:26Z,oaoa190,account.984b3cc2b1ac4fe5967f195546073117,792
2026-02-12T14:13:26Z,Teensixteen,account.20f44852fc41414fbbd0a4b12a69115b,1524
2026-02-12T14:13:26Z,Alexandr359,account.fbe7a3a9d4f741319cf2ab054a5d7198,1837
2026-02-12T14:13:26Z,Jentes,account.cceebf0222b748ba98fa874313b364d6,0
2026-02-12T14:13:26Z,Brave_spirit,account.af97125baf7d4b5e99434bfd87178411,1970
2026-02-12T14:13:26Z,Vailrexsound,account.275a9082c7784e5ab9afc8187586a155,99
2026-02-12T14:13:26Z,MJ_TJK,account.7ac0d651daf94e13aca633eca4e0043c,959
2026-02-12T14:13:26Z,I_AM_UNIVERRSE,account.ffa3ef82df46407da2c85263a8109acd,1491
2026-02-12T14:13:26Z,ArTisT_vGoloShax,account.3de30e53739c43ff9f780c5b313dfad4,468
2026-02-12T14:13:26Z,AMIR_-_0007,account.08f9c4d9b01f4d5390ee09d220bec0e2,1944
2026-02-12T14:13:26Z,V1per7777,account.24c9902b695145f198e0bb6afc92860d,2106
2026-02-12T14:13:26Z,Shackure,account.32b48950736f4432ab4cdc2f7e7a6146,3361
2026-02-12T14:13:26Z,Skyl4nd_,account.6a8ecddeda9e4d229e5c470d3f4050d4,1663
2026-02-12T14:13:26Z,Iz1Brizy,account.5d73e0c3b386413db208f3770b959d06,1081
2026-02-12T14:13:26Z,Kreol_71rus,account.0042b7e2a26c4439b8f2828037d94d12,1715
2026-02-12T14:13:26Z,KiKiMoRa_Na_BrDm,account.071ed88c0db94e5a8807cc19d67f1116,2106
2026-02-12T14:13:26Z,M_To-X1c_,account.3ca5606f183b4473a11bfab6e55abe56,2116
2026-02-12T14:13:26Z,3e6ra123456,account.e414fd1ecf5c4cd191485cb6ace176db,0
2026-02-12T14:13:26Z,Chastener_2033,account.7cd13e3342a8427a9ea3a3f07885d1e3,1736
2026-02-12T14:13:26Z,1--VIP--,account.510ef85e187c48299ffcc8346388af4c,1236
2026-02-12T14:13:26Z,3840x2160x144hz,account.1ea2b7e0d093495e923df7b1588ad946,2502
2026-02-12T14:13:26Z,Dislikersha,account.ea769f99f8044b6bbfb3c298db8c31cb,2208
2026-02-12T14:13:26Z,570TENGE-,account.7f93dd52c5f44bdd9a39171d7976c1fa,387
2026-02-12T14:13:26Z,islamjanee,account.3c5a5b351c0542f689b101ac854766b1,1543
2026-02-12T14:13:26Z,PABUST,account.19de10d0c15444dfb80563d49e3e00bf,1587
2026-02-12T14:13:26Z,H1cu,account.96d1714d1b464aa4b1f2313ad24df888,1829
2026-02-12T14:13:26Z,BuLaT-95_reG,account.fe39fa42e2ae4409ab3031df980e7009,1445
2026-02-12T14:01:08Z,Tse_9959,account.725f79b6e894483e9e25a2abb276d104,2349
2026-02-12T14:01:08Z,PumBa_NT,account.39b7e6d553cd4b18a6e19f0162f3294c,1561
2026-02-12T14:01:08Z,M_o_s_i_a,account.3a12db3e50a84df79501d9d302ee76c8,1230
2026-02-12T14:01:08Z,XJeet,account.4e127226733a4cddaec8312a14e32f49,972
2026-02-12T14:01:08Z,Best-Evil,account.3529505d2b8a4da89b3dec173aa870c6,368
2026-02-12T14:01:08Z,Exitriaaa47,account.66022e8d39ef419886fb439169ccc9f3,159
2026-02-12T14:01:08Z,Wan9H_-,account.c58cbcea9bee401eb621d736e3f0d4a8,3077
2026-02-12T14:01:08Z,EVil-Gavin98_,account.16a99779e0fe428eaaebe874f52a85ce,3312
2026-02-12T14:01:08Z,veer01,account.ec1a02c32c05401da61347fe580f642d,2041
2026-02-12T14:01:08Z,rvdxck,account.261cbcaf91f549f19c79d4759b745911,22
2026-02-12T14:01:08Z,212wow,account.2e3955811c65414c87ae1b8692ef1601,3410
2026-02-12T14:01:08Z,sega030,account.39f2f3046f0040149ca3072bffa0ec64,0
2026-02-12T14:01:08Z,rweqewrqrq,account.6f921745b2474cc48394e3dd3c7dba3d,636
2026-02-12T14:01:08Z,NoName_DarkKing,account.09c70917b26c4c869fdeae32eed0bfd3,852
2026-02-12T14:01:08Z,Sanchezz37,account.11a12d30483a44d18cfb56d226d05a1c,840
2026-02-12T14:01:08Z,CJIOH__________,account.30724c213e8a45119c965a5f60be528d,1686
2026-02-12T14:01:08Z,Theone_Pharaoh,account.afbedc21f66e42a68920a537d8861905,3100
2026-02-12T14:01:08Z,ZIKTron727,account.0e6df197329a4badb1d1068d506849e1,710
2026-02-12T14:01:08Z,smger-kz,account.1d5db5a46cf34d0f862398f666b24cda,559
2026-02-12T14:01:08Z,KUPEC,account.4d9b5bcadd8048828dff375520469ab0,1873
2026-02-12T14:01:08Z,Killdjiwm,account.2fdb7548dfc84878bd38072eabf1b76d,2641
2026-02-12T14:01:08Z,ArniFive,account.4a6991d16b7942a1bb93e71284a14a45,2137
2026-02-12T14:01:08Z,Mmmmmmmmm_A-ksIK,account.453e21b87fb04ea3b297387ea86dec10,2226
2026-02-12T14:01:08Z,Paradox-27,account.f1b27a43f61a4411a727518186932b16,489
2026-02-12T14:01:08Z,NONAME_RD9180,account.e783126b232e4d81bf3ab73f2bf1798e,1
2026-02-12T14:01:08Z,GAOlaoDi6,account.f0c1dc24e5dc49118068927f116f0bfc,2875
2026-02-12T14:01:08Z,1xZx_,account.ead53ff46ab443209ba226a73d6b4928,3121
2026-02-12T14:01:08Z,1Yjer_,account.8ceb21adb2f04b0e8f79d3f4a3376993,2836
2026-02-12T14:01:08Z,ooto1,account.ab4405ef3894487d805667bc9a6a2a14,3170
2026-02-12T14:01:08Z,Irkutsk___001,account.5170b260aa22496ebcf42558203e5d64,0
2026-02-12T14:01:08Z,TianJin_ZJunhui,account.ec57bd5002bf42d9801360423a47b311,3641
2026-02-12T14:01:08Z,TASTEMIR_JARY,account.053edd33a75b4e51940fd1e0c402e064,1489
2026-02-12T14:01:08Z,A4BID0L,account.bc25fbd8b21e498181dab2f6c0bc9ebb,1250
2026-02-12T14:01:08Z,pooh_1111,account.0074670857dc4f47804f83ffb5974ee0,1728
2026-02-12T14:01:08Z,Hec2,account.93dd6e28321641c6996ae501cc936158,3402
2026-02-12T14:01:08Z,Mironov_YouTube,account.810c6f18a55e4c27a40f0edb2ef02830,2307
2026-02-12T01:11:21Z,ABU_HAMZA05,account.4a858f38f9994fa1bb4c1ba239aa9ab2,0
2026-02-12T01:11:21Z,Gladiator_01,account.03129f8a33b941efb536ac6a66ae533d,0
2026-02-12T01:11:21Z,01selena,account.ead252476354439184978deef7df5729,0
2026-02-12T01:11:21Z,el_mencho05,account.ed0fbbc1321c47ec8517e5d31d0d508a,0
2026-02-12T01:11:21Z,SOL0kazah,account.a99ebab0dc6b498d901e4684fc94c528,0
2026-02-12T01:11:21Z,Angel_Smerti_YT,account.1d97fee909554e608f1d832062c46e7d,0
2026-02-12T01:11:21Z,Duh86rus,account.169a1e9f65ec43eeb3835b05d1570d2e,0
2026-02-12T01:11:21Z,aquarinyy,account.edf53a58f8d94311ad460aec486ec6a6,0
2026-02-12T01:11:21Z,BItlDjuSe,account.f15b850b65904290a4187200f593a4e7,0
2026-02-12T01:11:21Z,SHARAPwokker,account.f6ccc677a32443c09798ff945f257c90,0
2026-02-12T01:11:21Z,LunA_liKa,account.628d339e2ac94258844daf9011dd4d3f,0
2026-02-12T01:11:21Z,scorpi012,account.015bd073aad1495f94936e64df36cebd,0
2026-02-12T01:11:21Z,Samskara7678,account.e5306cc921784e65a3a0bd70dcbcefc2,0
2026-02-12T01:11:21Z,mgmdv_16,account.6cf35e1cccab4d0c8227fd3f17b69ee2,0
2026-02-12T01:11:21Z,TAILUNG024,account.0844ed3738bb4cad9e31dee89f613649,0
2026-02-12T01:11:21Z,21cmhappiness,account.3698333c338448bf91dfb8fb08acc5ef,0
2026-02-12T01:11:21Z,yunus_93,account.4a675f1d857c4ff7969361b3c58d56a3,0
2026-02-12T01:11:21Z,kymik05,account.5b836022acbb4a149c1d18aec9686913,0
2026-02-12T01:11:21Z,sultanaev77,account.9cb8d9a265d2475498a13f33cbfc5394,0
2026-02-12T01:11:21Z,DendiCorporation,account.d4266024510549a3949a347c3d28f80b,1590
2026-02-12T01:11:21Z,siko99_siko,account.f4437811126e43049a58556a4e53b49f,0
2026-02-12T01:11:21Z,BOGATIR777,account.c4a377150c8a44349649e3b0039ed70e,0
2026-02-12T01:11:21Z,fox_logo-apex,account.a2d498d4906c416592ed2d471eaf871f,0
2026-02-12T01:11:21Z,Dr-Naebny,account.375a1ee2b8aa4ba8a0321efb59056f87,0
2026-02-12T01:11:21Z,Kas_46,account.b8621a500edb40be928b89c6ea44d2e1,0
2026-02-12T01:11:21Z,Korty_K,account.04eaabc4219647abbfd73d75e28f9553,0
2026-02-12T01:11:21Z,BBB_leningraD_,account.7a7d1cd670b5448b951c2c78ddbf3d37,0
2026-02-12T01:11:21Z,bobikstrite,account.ae962e3b339146989fbf4e58e110515f,0
2026-02-12T01:11:21Z,movsrvkk,account.54066913cb7b4d599537fb85e5bc58d4,0
2026-02-12T01:11:21Z,STORM_FB,account.62bad7db7c3b43a885cbecc6cfce9039,0
2026-02-12T01:11:21Z,Tima_209,account.80061e673802478bbd04bd986d883e7a,0
2026-02-12T01:11:21Z,azn77777,account.af15068a50574c9a93a6076bbde1849e,1052
2026-02-12T01:11:21Z,ANYBIS69,account.0a9888088d0b4e7dbc856f6e1d3160d0,0
2026-02-12T01:11:21Z,Boec2x2,account.b68f09f655f9488d92b922ac9880ae2a,0
2026-02-12T01:11:21Z,KULAGY,account.c5aecf9a86fa4370b7cdb309673bd5df,0
2026-02-12T01:11:21Z,Abu-Halid,account.2e53b88990cb434abb80b55da6d2e50a,1368
2026-02-12T01:11:21Z,Teqqqqqq,account.81d8cce384044a718c9262e1784e562a,0
2026-02-12T01:11:21Z,EVGENIC123,account.96d1087a9fd94381909d0eb685762e9d,0
2026-02-12T01:11:21Z,Toji_077,account.ad39622a71e64f078bac1aa8e3838401,0
2026-02-12T01:11:21Z,CJ_BASEMENT,account.f643ca02d66e448a83dcc75e60140d74,0
2026-02-12T01:11:21Z,ERCOSEM,account.f67cf322820a48c3aa0faab2b14e427a,0
2026-02-12T01:11:21Z,hosha777,account.18f88e82711842f7a13815348abb2357,0
2026-02-12T01:11:21Z,7tihiy7,account.e45132472575487099ef2eaa38e7d857,0
2026-02-12T01:11:21Z,stalnoy155,account.0ba8403c218e445d83094c12ab2fb07c,0
2026-02-12T01:11:21Z,Mickyyxpupsik,account.47bcf0771bda4bcf805415b96947277a,0
2026-02-12T01:11:21Z,Maestro-YT,account.4792aeeef16b4974b2fd198855ab1dd6,2114
2026-02-12T01:11:21Z,Aleksei199138,account.73ed3544ab76462d80f613d291c33c0b,0
2026-02-12T01:11:21Z,Dawlevsky,account.9ffedcbad6ef4d778f6a4d9702eb443d,868
2026-02-12T01:11:21Z,D1mk4-,account.19818fb4880e4646bd14f86565d14f07,0
2026-02-12T01:11:21Z,Piggy-Wiggy36,account.e4cfeb0434d44bcf87ea09d9caf1f8d5,0
2026-02-12T01:11:21Z,god_father2281,account.9e86a6eb433b498e8fa679f9f38c926e,0
2026-02-12T01:11:21Z,ALEXMOSK777,account.f3ac9330af7249139fab908d7c097c67,0
2026-02-12T01:11:21Z,D_E_H_u_C,account.bf6679c228224dac93f463649fb025bb,0
2026-02-12T01:11:21Z,Bober131,account.d4dff09269d84333b88e29442fe0908d,0
2026-02-12T01:11:21Z,lakjsdhf,account.df6d035372704fb3a08cd6f649df1479,0
2026-02-12T01:11:21Z,GETTER2010,account.b36c459b47d54651b5b0010b7e34e84b,0
2026-02-12T23:49:33Z,gonzales500,account.1f20b46fc5c4492cbdc9cf78a18a59ba,1222
2026-02-12T23:49:33Z,NlZAM,account.6422075b3fe140e1a2827a4b785caa9d,1722
2026-02-12T23:49:33Z,Mr_BlacK_17,account.22da28b49e5a4500849929d8a368f889,1308
2026-02-12T23:49:33Z,ler0y78,account.ade4055b1900412d984632990ece3097,0
2026-02-12T23:49:33Z,QuiEtly7182,account.80d2e3e8aa9b4d0184bbfb3b6be98046,1537
2026-02-12T23:49:33Z,CCTV--Meng,account.ccb7a28555db48be899c356f604ea84b,1056
2026-02-12T23:49:33Z,Satosh_BTC,account.e4b994c767ef4eea86d24166112c3649,0
2026-02-12T23:49:33Z,JJ-Dreamboat,account.21dd7830ddea43c5b534e758d49b32bc,1532
2026-02-12T23:49:33Z,Teyvoks,account.8e38250f11a548cbb05427c3c7337df8,1576
2026-02-12T23:28:41Z,H2O-C2H5OH,account.6ac260fa38aa47d082fa818da4f77fc6,2302
2026-02-12T23:28:41Z,Ven0MX_,account.07d99ab177b8427eb75067c8c7b0522c,1772
2026-02-12T23:28:41Z,O8_November,account.912c3e5d19ef44848267a18603101481,0
2026-02-12T23:28:41Z,qzorrr-,account.b2ec65f693fd4a56abd6cd13f7f71cc1,2600
2026-02-12T23:28:41Z,Panda_Psix,account.732d691615164016a9ae01f455c61d74,1995
2026-02-12T23:28:41Z,Kapacb_007,account.57a58266a27849118ad5d4b0932f5f9f,1937
2026-02-12T23:28:41Z,Lynxiis12,account.efe0c6ae82f646aaa99f049020ea1e1b,1513
2026-02-12T23:28:41Z,HuYa-TV-00832i,account.27719fbec9b14c7db7e9ffe597d787fd,2708
2026-02-12T23:28:41Z,mrrg_,account.4bf2f9b6b41d4cbf89d4f6a6e36d40cf,2109
2026-02-12T23:28:41Z,VeberS2,account.f33b4d03cf414bed9c2c063d8a053737,944
2026-02-12T23:28:41Z,LOCb0_o,account.e252899b1c154760a34dde6273efe6a6,2070
2026-02-12T23:28:41Z,IsotCu_63,account.9b9cb3e379884c668b7caf0d3a3aa39e,1913
2026-02-12T23:28:41Z,GaladrielTR,account.5a4560bccc394855a3cd76f85318b479,1779
2026-02-12T23:28:41Z,GunD0ne-,account.3b3c2b3f51354235a5b08b02cde1b009,0
2026-02-12T23:28:41Z,941rmd75l,account.94e7ea0e63454b6a99f458a8e9a7c936,0
2026-02-12T23:28:41Z,4AM-PecadoXXX,account.37eae2c53696465c9c148c5574cb0a9b,1469
2026-02-12T23:28:41Z,1liquidator1,account.2fa22a8798c3439ebf199ffdf8b17511,2302
2026-02-12T23:28:41Z,Dusi4ka,account.eb7ffb5f699247afa4ed4605d87e53b7,2007
2026-02-12T23:28:41Z,THEFUCKAGENT,account.03c03d415ae24e41a18d1d2509bb1926,1420
2026-02-12T23:28:41Z,H_wat,account.c3a00b06a9eb47b296b823757d4e8353,3065
2026-02-12T23:28:41Z,SaPLaMa_MaKiNAs1,account.100e740e56f3462d8ef57b9670b85343,662
2026-02-12T23:28:41Z,Iam_-_NadimoV,account.550dad19ae494afe8a0255ec36bed959,1933
2026-02-12T23:28:41Z,kart1na777,account.49d6746874704e588d3864557d06d94b,1448
2026-02-12T23:28:41Z,Santa_Muerte_MX,account.3d4e15f3245d40d0a43299a946c700c0,1995
2026-02-12T23:20:46Z,XYMF01,account.256304737ad243ef89c852cee2cfa613,1800
2026-02-12T23:20:46Z,unreleasedless,account.0578162438a5449586478dc4d785afe7,1441
2026-02-12T23:20:46Z,Yaa33oO_OwnU,account.95772e818df7400ca1ac33600717addd,1486
2026-02-12T23:20:46Z,crespo1990,account.edbbd6aa72334f72b853971e88be2c44,1092
2026-02-12T23:20:46Z,SOULMXS,account.4c305db760c94197abb3a7121d3c0fed,0
2026-02-12T23:20:46Z,Silni1976,account.82c36d39cb63433d928d17cd9ab0990a,1571
2026-02-12T23:20:46Z,VVARTO,account.d137b0be49974feda498cdd9699d01df,0
2026-02-12T23:20:46Z,SneakyMouse-02,account.19b66416c08949758e2ccea41237b2f7,2200
2026-02-12T23:20:46Z,oneAMATERASU24,account.6cf6067c375b460e90b33d276360256e,1480
2026-02-12T23:20:46Z,Ibuprofen_600mg,account.a08f79afdab84d75a37f559840b6c0f5,1311
2026-02-12T23:20:46Z,cheatanyone,account.18a586368d4a40a7ba71e42000a0e2f1,1504
2026-02-12T23:20:46Z,Tom2002369,account.6b4c768126f14b53b99b4b055a3f9474,1210
2026-02-12T23:20:46Z,VACBOSS,account.4b8e33a4c1a645958a4fd006174c281f,0
2026-02-12T23:20:46Z,SneakyMouse-03,account.3e8fb64b4dd5475cb2ca1f2e8e48e0a9,0
2026-02-12T23:20:46Z,LUISGORE,account.08ca746522d649a78845cfbaee3d833d,1901
2026-02-12T23:20:46Z,YUNGHUFNER7,account.5cd3cbedf5da45ca99467688e0322804,73
2026-02-12T23:20:46Z,yeban9789,account.b8ae8e63ca0441e0b65bda1a1aa88a80,2003
2026-02-12T23:20:46Z,00RAGE00,account.37fe637282d546bb94f702b86a1fd9c6,0
2026-02-12T23:20:46Z,GuDromirD,account.89f742f10e61469a81c2ec721994fb08,1826
2026-02-12T23:20:46Z,ChARoN02,account.73f3edcb55c9458b8605ec2ed9ca8ddc,507
2026-02-12T23:20:46Z,FBirkan,account.8799c150f78a4a828ca8145beafad755,0
2026-02-12T23:20:46Z,Endtister,account.421eb101ac924be180a03526115720fc,878
2026-02-12T23:20:46Z,KILLMAGEDON,account.220c19de0ffd4ea2b94460f405f98d10,2282
2026-02-12T23:20:46Z,Dreew69,account.08e0723cb092457eabbaf5d1c5173c2c,1554
2026-02-12T23:20:46Z,M0fik,account.c8e05999505541889b95439070c3b2ef,0
2026-02-12T23:20:46Z,habibii_1337,account.76c5147f66694894a327f1e7f05ae36f,549
2026-02-12T23:20:46Z,BoomExplosive,account.f233a63ce37240b598b4279f764abae0,1485
2026-02-12T23:20:46Z,k1pole,account.a14a4ba0f5d04f28a56c788bc3401d3b,1936
2026-02-12T23:20:46Z,Motyka007,account.b5107f7cac3d4db982344d3993ef79dc,684
2026-02-12T23:20:46Z,SneakyMouse-01,account.70b40682e780455f9383a25f09ad6eee,1893
2026-02-12T23:16:43Z,ItsArKoN,account.8bd3abf96292488aa50daadc6402f2cb,2243
2026-02-12T23:16:43Z,PALORAND,account.3dfb178ca2f9403faec3c4b290277c12,2322
2026-02-12T23:16:43Z,EndlessBullet,account.c11f542dd2c44744ab4a7dc681a2c068,2311
2026-02-12T23:16:43Z,ThunderGod8,account.b0e304ebae684439a48dd46d87d78fb0,2018
2026-02-12T23:16:43Z,postavets,account.82937590754d47aba0150110bbba48db,2303
2026-02-12T23:16:43Z,tayfun2607,account.1e6ecc4da697497b93ee9dafa4b7a145,2306
2026-02-12T23:16:43Z,Maglavel,account.1c1627b519ae495eaef55e3f3855835b,2459
2026-02-12T23:16:43Z,Arcabiin,account.0e2cfbf5229c432a97f7034b9739f602,1296
2026-02-12T23:16:43Z,R0SSSI,account.e81331002d8a42beb78db41865a694bf,1600
2026-02-12T23:16:43Z,Hidook,account.482355b03bdd4cc38ed3e64b30c4b992,1845
2026-02-12T23:16:43Z,Wiki_SPADE-AA,account.d4d68386e63e44ad8254d33349b86c85,386
2026-02-12T23:16:43Z,FearlessFighTer3,account.768fb9c074e04b92b99cf7df2cd5cdd0,2816
2026-02-12T23:16:43Z,h0pejj,account.495a6519ead24556812e8eddd6c53240,3139
2026-02-12T23:16:43Z,r1ferr,account.11324501c6f8449fa72017960406d754,1543
2026-02-12T23:16:43Z,TheDuckker,account.c4b1da31dd2f406bbf3e09c1aafa9916,2299
2026-02-12T23:16:43Z,ALELOKAO,account.c19188496bc943dbb9e3b84afe55bb05,2200
2026-02-12T23:16:43Z,X1aHuHu,account.7d797eaec32e402ead814e26de554585,3379
2026-02-12T23:16:43Z,Hasankolay,account.cfa6c31254fe42d58125e4aaaf5d7969,501
2026-02-12T23:16:43Z,froKo-,account.d8010418cf56467d8262a5e538c01cef,2552
2026-02-12T23:16:43Z,Lydbid_85,account.ed30f9d6e6bb41bebda5c2e8435f397d,1530
2026-02-12T23:16:43Z,At_Avrt_BeryL,account.fc08b041fccb485fa4f6ce346f94d1cf,2610
2026-02-12T23:16:43Z,Berkow,account.56ced34cdb8f4a979353cf730668df5c,2681
2026-02-12T23:16:43Z,1600X1200,account.41aaa2677ec44bcba0206a0832e5ce93,2448
2026-02-12T23:16:43Z,Error-code404,account.121cdfa30f3e47f092c260b6cafb6473,2378
2026-02-12T23:16:43Z,Fuujin-oONOo,account.b422fbc598e543a5b01dd879e05a51fa,2548
2026-02-12T23:16:43Z,traviS1337,account.61329aaa2e27489f8c4071988bf17691,2959
2026-02-12T23:16:43Z,Almhajr,account.3e97b41d83664b298b591a552b1c2bc4,1463
2026-02-12T23:16:43Z,davidinho1337,account.6414c4de299e48809e97bc78507c4999,2772
2026-02-12T23:16:43Z,ORclub_Awei,account.278539555a3d46598e6a8294183693f7,2483
2026-02-12T23:16:43Z,leogator,account.28ab7bcbe2674074a8df637bc6e9d87f,1982
2026-02-12T23:16:43Z,ceyhunyqt,account.2ac8d763f0e346448705a6120f5873bb,395
2026-02-12T23:16:43Z,NanMou_Aliang,account.6dd1de346dae4f0bb07e8d368c1a5919,3412
2026-02-12T23:16:43Z,Anibal_ESP,account.5fb89a37e78248e799814c9248518501,2523
2026-02-12T23:16:43Z,1YallaLobby,account.1770d5f8742046a59b8d10abe4e4b8a5,2256
2026-02-12T22:45:17Z,Mrki1993,account.8e221f44c33c426ea16ce8e328422b49,1963
2026-02-12T22:45:17Z,bayramefe,account.8bc2ad2f2fb642f49f1ec0b618e7dee7,607
2026-02-12T22:45:17Z,denmar59,account.9c7c005630e14e2db3cd82671a01d623,758
2026-02-12T22:45:17Z,raiz0_here,account.7f2597f471f242bbb9d23f5a61f2295c,0
2026-02-12T22:45:17Z,Navvie,account.40b89944f5d948a4a41bc0b5e5358ca2,1856
2026-02-12T22:45:17Z,muan_neu,account.86d0bac42acb4a7f94abf00107a5300b,1110
2026-02-12T22:45:17Z,Ubermenschh_,account.05deb2cfbce3416a8efec2dbb6fa6c96,1400
2026-02-12T22:45:17Z,DONt-pek,account.90d5089c73be4e05b391ef6171e678a3,2650
2026-02-12T22:45:17Z,DPau02,account.9548be64298d4abfa9dba0793decb0ce,747
2026-02-12T22:45:17Z,Lazzy25,account.9a217e511af54e4c86e065dc3223871f,0
2026-02-12T22:45:17Z,PocoLoco89,account.22640447b95f49b8ac5c2aad86c45c7a,0
2026-02-12T22:45:17Z,Mozzybob606,account.318e89a68207456fb8a1712cd0a7507f,1212
2026-02-12T22:45:17Z,CessurTimur,account.40832a910ebd4bf09b57b6921353d94f,987
2026-02-12T22:45:17Z,DrawBlast,account.c20159afe6344d82a8406781a39f7dca,570
2026-02-12T22:45:17Z,Mula2400,account.3a91cb251100464595ed564a90b9ea19,796
2026-02-12T22:45:17Z,dritions,account.2bd5083556344269b3b318a55bb58182,706
2026-02-12T22:45:17Z,WoYouYanChunZhen,account.8969ab3a46fc459d895b4d7bde12bbda,3158
2026-02-12T22:45:17Z,fl0wmaster,account.0d27d8ed519d41eab0b1fd17adfb136f,2242
2026-02-12T22:45:17Z,Milky_Xxxx,account.9d6e7a10110e4408bc3f6cface764527,2041
2026-02-12T22:45:17Z,hunt3r420,account.0cd6a3ee0acb4d3286520374668e7c65,1189
2026-02-12T22:35:46Z,MIA_KHALIFA_H7,account.0963f171b4a5446c8ba33332e103ba10,1937
2026-02-12T22:35:46Z,D-r-a-f-t-e-r,account.3dc5d191316f4b1f9c3e21e6039fbdff,398
2026-02-12T22:35:46Z,OTOBUSCU_06,account.7176ba0dc02a4daca0d6af3ab9558aab,2200
2026-02-12T22:35:46Z,Hardbass_Queen,account.9b0b6453fa9544bfa5413e07ac3304e7,525
2026-02-12T22:35:46Z,ByBeqaz,account.5be435de7dfd49f29c87dea4975dac5e,1463
2026-02-12T22:35:46Z,bstrxd,account.feef8a7b3f7348b983ae5e40362000aa,3109
2026-02-12T22:35:46Z,LUCKY-_-BOY-,account.04f3ef7c67954ab088de6c54feb88f92,3468
2026-02-12T22:35:46Z,Bubba_Buckfast,account.6ee67466d8a34daeb33fc8406b3f97bb,1814
2026-02-12T22:35:46Z,maskcena,account.50dd9552286e47669f0eeeb04e1a4dfe,1496
2026-02-12T22:35:46Z,xzwerf,account.9e5bc066b9b649d09742150cf596296a,0
2026-02-12T22:35:46Z,SKY_C00N,account.c6abdf00960b4254964f3fa254debe39,3652
2026-02-12T22:35:46Z,I3unny_-,account.b6660bdafbc645018ecf66a014119ae3,3267
2026-02-12T22:35:46Z,Capitan_Panika-,account.3702d54b689f407a8d6e92de6d6e2680,1562
2026-02-12T22:35:46Z,Jieyu_AnGao,account.16d53d1739a744b6a07c3cea4fb172be,3179
2026-02-12T22:35:46Z,06_KoPuK_06,account.04368672c80c4e94b4d993975cb2059f,2765
2026-02-12T22:35:46Z,RegiS258,account.37c776d042d846578695a8524ace1b99,544
2026-02-12T22:35:46Z,CzOrny92,account.bba4e2a53f48433f8e23d695f7e632c0,804
2026-02-12T22:35:46Z,ChickenMakhan,account.d34377ad92bb4f9781d654a78d9d6780,1321
2026-02-12T22:35:46Z,shybenykk,account.ceaf378388494d4f997535cef6260dab,2810
2026-02-12T22:35:46Z,KKLUGA,account.4c865e8205d342c194d45f07addc361f,0
2026-02-12T22:35:46Z,fuqing-yige,account.754d13222aa446ea951f307b67dd6553,3123
2026-02-12T22:35:46Z,Super-_-Hyper,account.aa391628a9054d5e9b06c211b0afbfc5,2890
2026-02-12T22:35:46Z,STASIKCYBERSPORT,account.393dce1fd9f548cdacdc3d7564a824f3,2804
2026-02-12T22:35:46Z,Natrizim,account.d1837114fded477d98f249341a22d68f,0
2026-02-12T22:35:46Z,TROLL-GAMING,account.d6cb086c815c4d1b91ca8e6ea4ed34e9,1358
2026-02-12T21:29:30Z,headban6,account.4dcf3507016141809b8835f2904535a9,2272
2026-02-12T21:29:30Z,ElczaniN,account.b4824215de2d488db8b7dbc0ceccabeb,1500
2026-02-12T21:29:30Z,milkywayyy-_-,account.a8a80b2373e14a38ae0eed6e0def5913,2069
2026-02-12T21:29:30Z,iyilikP3njsj,account.4908d771beba44358bbe8500b528ddb5,1088
2026-02-12T21:29:30Z,Justus,account.adc8182e11004ef5940b8c0d0ed9b5bb,1999
2026-02-12T21:29:30Z,134613416371,account.53da5ec2ec484522a234d88fc8eca3b3,2013
2026-02-12T21:29:30Z,LayerPlay_YT,account.7b1ad310d3414a58b25b0618201f764c,0
2026-02-12T21:29:30Z,A_R_I_X_O_N,account.b21b2465d6564c329b9d7d5d5380c509,1431
2026-02-12T21:29:30Z,17_PonShen,account.270a1c85678b4ab89bb27eb015fb5103,0
2026-02-12T21:29:30Z,kick-matrixx94,account.ef9b7c2baf084c4abcbecfaa7c07f1ca,0
2026-02-12T21:29:30Z,Loserstar399,account.e05b375114854df497889329337350b9,1138
2026-02-12T21:29:30Z,didisayd1007,account.a305f085991a4e539cea6b11737fa5f9,1287
2026-02-12T21:29:30Z,Gangazi_0,account.9e4b6db684f146e8974dea2de6b4eaea,1789
2026-02-12T21:29:30Z,COBRANOX,account.24cf1a4a306e4316a5987cd032c6e94c,715
2026-02-12T21:29:30Z,AndrewJackS0N,account.4ef60a22d0a54f6a8d11493ed4deaa1b,68
2026-02-12T21:29:30Z,Naib999,account.9b8a02c126114c4da7156bb16fcf0d95,780
2026-02-12T21:29:30Z,TMNT-Splinter,account.24207cbe566a424591c074c4122b688e,3845
2026-02-12T21:29:30Z,GRIFFINKOO,account.d93e5705b5d6435ba1e4b16475352be3,951
2026-02-12T21:29:30Z,Myoungjiny,account.4a67a4dd195a4be3b49480a372c5dd1c,2544
2026-02-12T21:29:30Z,BlackMuri60,account.137f21a6f5d244a5a49790cc2cd9ae90,955
2026-02-12T21:29:30Z,Fracka-c,account.817abc5feb9c433d84b8a6fd01b01a8f,2506
2026-02-12T21:29:30Z,HIBERIAN,account.5b28839e83ba448d9ef6f988137de88f,2406
2026-02-12T21:29:30Z,ALPHA-SHER,account.d3ae3d27775e40de9cde7979c7529bac,3020
2026-02-12T21:29:30Z,elberSon,account.f92832956f2a4d59ac8dd27fd1789a09,1807
2026-02-12T21:29:30Z,TMNT-Donatelo,account.39725066ee8e428bb5c7e223623ee90c,3539
2026-02-12T21:29:30Z,Sidco13,account.201859a3c5bc40df83d1e50f502eae5f,2363
2026-02-12T21:29:30Z,RAGEBORNN,account.3945c5c499334180b6b9b9086d618975,866
2026-02-12T21:29:30Z,Erdem1912,account.c70860cdfbfc444fb8d1020d0a1ded0a,2002
2026-02-12T21:29:30Z,xAce_-,account.1fc22bae8d6145baae7f6227070e4d83,2660
2026-02-12T21:21:48Z,tobyx85,account.43aa4494b6704111a86b13812101180d,65
2026-02-12T21:21:48Z,26th-Black,account.97fda776f0014e32a73ea703bdb7f3aa,1265
2026-02-12T21:21:48Z,TURB0S2Ci,account.f5210c195d3b45e2b997d57835629659,0
2026-02-12T21:21:48Z,JETS2Cl,account.dc41689ab80749d98bdda00d5994e0c2,0
2026-02-12T21:21:48Z,GreekBraveheart,account.616ce5ba35454c47a7c6705e4daee1d7,953
2026-02-12T21:21:48Z,east_gradpha,account.ef39d8ae24f242499bf190123e68d442,2639
2026-02-12T21:21:48Z,JoeNine_,account.4b91634825cd4c97b4c77f21a7df5cea,1
2026-02-12T21:21:48Z,morarroland,account.a33ccf424f10468a9c968a3ff35b9046,2119
2026-02-12T21:21:48Z,Uriel_02,account.aed11ef384a74c2daa5178be58dd6062,2577
2026-02-12T21:21:48Z,RagTheKiller,account.d882b269b75d402c8b10b928fe5871ce,2628
2026-02-12T21:21:48Z,esssqiz_-,account.def9a953f7c34d75ad7de1ef719485e9,0
2026-02-12T21:21:48Z,ERYK-ALFA,account.f25738ca0a4743c790378a6407e614bf,2192
2026-02-12T21:21:48Z,YUJRO,account.1c8a009e066a45ffa565cf9d5070b39a,2312
2026-02-12T21:21:48Z,DarK-Beast-,account.3117bb63fb904f8dbfbc99ad7dbdd35e,2805
2026-02-12T21:21:48Z,The_Slide_,account.07651c9ff8f443f092c68888eee6c832,2187
2026-02-12T21:21:48Z,Musu_1988,account.78503828824045dea9c59d7765a57169,0
2026-02-12T21:21:48Z,Flying20,account.2d6ec434d2c9402f944d384d69a600c1,1456
2026-02-12T21:21:48Z,Rezyxxx,account.8f85505ec45d416b96baff98b404960a,0
2026-02-12T21:21:48Z,kayseriliali,account.1902b60ee67f4c79a8e94dc59e100f38,668
2026-02-12T21:21:48Z,GorlovkaDPR,account.a9bb77ac2f5444488d862c8dd8c3e4be,1139
2026-02-12T21:21:48Z,FINISHER1907,account.fc4366c110d44d9fa3ba62924d9b3fe7,0
2026-02-12T21:21:48Z,MUS1O,account.10343f140d4042c19663ab276d9eaa89,0
2026-02-12T21:21:48Z,Ps1H--_--,account.543c8a6ee17e4606a160c5c546acf8f5,852
2026-02-12T21:21:48Z,Faked0t,account.643818ee5ee94ccfa78b3b9dd4d05066,0
2026-02-12T20:58:29Z,Asadatlas,account.05464110a80a4e5a8cf5583637617cbc,1807
2026-02-12T20:58:29Z,SmilE_U_Dead,account.102c1b75cf1b49af883b853d5d3ec78e,2438
2026-02-12T20:58:29Z,KoiEatCat,account.652092774281471a8d7ee18d7507843b,2413
2026-02-12T20:58:29Z,UKR_3AK0H,account.d969576b7df44c3ab5aeff1728ba1ae3,740
2026-02-12T20:58:29Z,IR1shkA,account.680a07a60eaa4e9fb48a959fbadfed4c,2418
2026-02-12T20:58:29Z,Aw3s0me777,account.347ff33289ef444182a7037a3015fc46,1243
2026-02-12T20:58:29Z,ZE-PILINTRA-_-,account.e370a36e24824a97830e53c78ad062cf,1403
2026-02-12T20:58:29Z,phuture_-,account.008c92f8b56d4eb0b8bc257ed79effab,3147
2026-02-12T20:58:29Z,Lupiiin,account.988b63735b9c44af9e98157ba55014cc,1980
2026-02-12T20:58:29Z,BAM-_-EZSk1ll,account.1287764c09d043cbb52ac294150266de,1028
2026-02-12T20:58:29Z,TrisYT_,account.4d30b8945b7e4863a45ab67ee853a0c4,2630
2026-02-12T20:58:29Z,CHN_HOPHOP,account.56f6802c25d84dbcbf015466e9b331e8,418
2026-02-12T20:58:29Z,i_12day,account.cfd4bada032a4a76a6d7a121d0140a17,2009
2026-02-12T20:58:29Z,MattCastt,account.e71342bc32b64045ad67fc2ce3a216ad,2539
2026-02-12T20:58:29Z,K1zooooo,account.279489d2341f49ceb1fe1c6f0a79ab73,477
2026-02-12T20:58:29Z,MEIRENYAOOO,account.357ae93dbef7420a9a42abfb12109e80,537
2026-02-12T20:58:29Z,Wotoufe11e,account.c30cee48de8f49d7be4da08c00e2983a,2792
2026-02-12T20:58:29Z,WoD1aOBaOLE,account.0dc84d4df4034556823e72dca4d97b58,3000
2026-02-12T20:58:29Z,Byluis04,account.bb784970938f4791b54d64ed679cb8fc,2366
2026-02-12T20:58:29Z,UKR_ZOMBIE,account.d7bcaa38a6184f9491b794709dd94bea,360
2026-02-12T20:58:29Z,Farbman,account.c4b95f3a4b934470a1a5ea32ae00b889,1278
2026-02-12T20:58:29Z,Ms_Beast,account.6c010c8c41684550aee5198869ef63cf,1756
2026-02-12T20:58:29Z,LETS_LUCK,account.1cbe1b5e38724489b1e3b0184c7b9f4a,1837
2026-02-12T20:58:29Z,noobdundun,account.7de2c730f60a4845b641fc0d7051c7fa,0
2026-02-12T20:58:29Z,ruslan31143,account.6ef804f3dcd2453f9a8e84468bd99394,0
2026-02-12T20:58:29Z,SSALLAMMEHH_OwnU,account.20cde96381a04cf69f630588755af78b,2843
2026-02-12T20:58:29Z,CashBabyyyy,account.02cf177dc4ba4af1b13e3a562a9e1f8e,898
2026-02-12T20:58:29Z,ATMACA54,account.52e2ef8bf77e4f498adc16c7d22dbe6a,986
2026-02-12T20:58:29Z,xXxFahrenheitxXx,account.9ded893279c94bba9c26163ec4e2843d,1876
2026-02-12T20:58:29Z,CHUI--CHUI__,account.ff5dbddf82a44e19bf6f080f8ba4f3a0,2287
2026-02-12T20:58:29Z,daniel3221,account.a1e5378d93b64f7a965663484bef76b7,1843
2026-02-12T20:58:29Z,LETS_MaaX,account.a7e82835b9b349f9a0811ca1e818204d,1679
2026-02-12T20:58:29Z,UKR_CODER,account.7f7217f6b4554afdb672507439c85866,1222
2026-02-12T20:53:17Z,adrian3ro,account.e12dd1877cfe4189aeee0738c540d812,0
2026-02-12T20:53:17Z,ALEX14555,account.c8a6ffbd6cd043eba9c937c910cc54b4,124
2026-02-12T20:53:17Z,RaGnAr_RGA,account.7c1e7fd94f6b4b25a3423133e2d8f454,1754
2026-02-12T20:53:17Z,banan0,account.692803d71f4e4530925b27ab549ce25d,870
2026-02-12T20:53:17Z,FARUKSWORD,account.9706ecc74e7649a9a43572d17cfcda08,1053
2026-02-12T20:53:17Z,Zhenya2003,account.d5fb01086530448bbcdc4a7c7c944d16,605
2026-02-12T20:53:17Z,LynXeMiNo,account.e3a8d4459abe4d38867613e4d6194afb,500
2026-02-12T20:53:17Z,Candidate1over,account.c5c1eda87bc44644b1568526b632029d,2028
2026-02-12T20:53:17Z,InspectorKlc,account.eb0805d4d64d4678a59e291a4cc2b4cd,1583
2026-02-12T20:53:17Z,rednitchy,account.12b7b8971bca4d45803e7fba054d8a90,2200
2026-02-12T20:53:17Z,O_Malamas_Kserei,account.9ce795a5366747798258901f95eaadac,1118
2026-02-12T20:53:17Z,K-A-R-l-N-A,account.69373269fe7d4688b09c5e44efbdf7b3,2248
2026-02-12T20:53:17Z,King_of_Vamp,account.b05db238dfb14e3d96719b7b5d82bd10,0
2026-02-12T20:53:17Z,BlockPapi,account.7b9f0a5638bf4f63852b19d8e06237a7,1415
2026-02-12T20:53:17Z,Kingiisheree,account.7e3221b73162405eb8954afbf6f887b5,0
2026-02-12T20:53:17Z,mariowhmusic,account.3b20988aa6644121904539557861f5e9,1589
2026-02-12T20:53:17Z,Yidozeuss,account.8ce546148e904decbee92d6f0ce12c8d,341
2026-02-12T20:53:17Z,W-l-N-T-E-R,account.f4d1309e0c4a4687b4de1ae22684a1e0,1919
2026-02-12T20:53:17Z,RIFLE-NANSA,account.b4292e16c1f948e28ef2d6260d6ed0f4,1583
2026-02-12T20:53:17Z,pepsoiii,account.f80f9b12f9a64b4e9c592f985fd79525,0
2026-02-12T20:33:49Z,HobbiT-sX,account.7078717da7374d58ad0dfe4d831bf382,2015
2026-02-12T20:33:49Z,KALLZxD,account.9781b739a4cc41c68fb7f98abef46f12,0
2026-02-12T20:33:49Z,pro3eblo,account.1d58cc1ebbfc4f559f9a81273e76349d,1618
2026-02-12T20:33:49Z,GG1752-_-,account.339be800046a47799f6cc7d2b035036c,2018
2026-02-12T20:33:49Z,Zloy_Rom4ik,account.3670a25261ff42dc925f13753c1dc0e3,1987
2026-02-12T20:33:49Z,GyLibep4ik,account.f4a39ee5f74b4be9ba1bf341f4ae808b,0
2026-02-12T20:33:49Z,Mi1o5,account.1eaaa3ddba404d208526b424804032c3,1994
2026-02-12T20:33:49Z,RoWeN86,account.f158af2d321844fd813386b2ba41f5dc,1832
2026-02-12T20:33:49Z,KrONikUnLuCkY,account.e357b868dde2498fb3588af723634baf,2797
2026-02-12T20:33:49Z,eka4KRUGERdeekid,account.daace936c82d46f9b3879b3d6b66b9e9,2793
2026-02-12T20:33:49Z,Tosbik18,account.fc75419558a140c49caeb0872897ba39,818
2026-02-12T20:33:49Z,Morgan146,account.291400cb3f9f4161a728f5654978dda1,1230
2026-02-12T20:33:49Z,T0CH,account.a071c85819134c26b83897548e7d1e59,1090
2026-02-12T20:33:49Z,STAR_110SC,account.b7beb4ca3cec4cbbab28ac56a28abaaf,738
2026-02-12T20:33:49Z,pr0sto1,account.60ad7d9bc7be4a5eb68e214204ae1a94,514
2026-02-12T20:33:49Z,53PoSeiDoN53,account.15cfedbc8bdd43298a3cb6dc4aa53e2b,3099
2026-02-12T20:33:49Z,Chris2803,account.4815d6df734a486cb399facb01789764,1908
2026-02-12T20:33:49Z,G-E-N-E-S-I-S--,account.424ffa6491bc4e95bf30ff4b77f66553,1854
2026-02-12T20:33:49Z,Zloy_Anton,account.27c03d6e9cf94814a151d29933077f81,1701
2026-02-12T20:33:49Z,Moollaaa,account.79a2029d471445688ee7555820374160,1695
2026-02-12T20:33:49Z,Ozzygamertv,account.2a11e5832d7c4e6f8a1f4c1395792641,3120
2026-02-12T20:33:49Z,Dimon_Bro,account.af9c0b4ee0994ded84c7ec554789c46b,388
2026-02-12T20:28:32Z,BackD00rr,account.3388089b854c4d09bf5d88eb8c305405,2527
2026-02-12T20:28:32Z,omiiiiiiiiii_-,account.0f0d632853254cbc8420959c85be1465,3036
2026-02-12T20:28:32Z,EdyyKrp,account.a690153a26e74922ad277152d07b813e,1151
2026-02-12T20:28:32Z,Mand1k,account.1103ba9933694a198286f67da9a14318,0
2026-02-12T20:28:32Z,morgan865,account.5b6b5b1e20fe4dc0bf900519ba92b015,2707
2026-02-12T20:28:32Z,Vuckonator,account.46ca885202ba40d79a4ee9efeeaf3617,732
2026-02-12T20:28:32Z,dare13,account.d0a1905808334beb94441cdc29ebe89b,1203
2026-02-12T20:28:32Z,BALANCE4,account.114ce92799814dc395a156b10272bfe7,2430
2026-02-12T20:28:32Z,Cliff_XX_Liu,account.9dd46acea6a5478f9d03200b90d9af96,1826
2026-02-12T20:28:32Z,RAOUL__CHAOUI,account.665fb08f3a8c4331b65d55fcbac147a5,3170
2026-02-12T20:28:32Z,MIRACSOLL,account.aee3cecf0df847a8a1f38286e4f7a53c,1941
2026-02-12T20:28:32Z,B0G0-_-,account.322b91de41164bbc909ae19534e228e2,2742
2026-02-12T20:28:32Z,agent_kenny,account.7144dc0411344069ae6e355701563230,2118
2026-02-12T20:28:32Z,Marchel-,account.8e8e10d3ae1c43e4b8e0113d57a55660,3199
2026-02-12T20:28:32Z,ZASLAVIUS,account.95f511180d89423480bfde2ac139b0fe,2800
2026-02-12T20:28:32Z,TheTurkx,account.e476da1618fe48bc93ca81bf408dbf6f,2755
2026-02-12T20:28:32Z,Killmonger_P,account.6565752bfce444829bbb7499bdf7f691,1198
2026-02-12T20:28:32Z,Gamerzone1010,account.39250626a13f4892ade1280f74a95420,3280
2026-02-12T20:28:32Z,ToxicSoul--,account.0e78103814a64f71896ac6f0f2292693,2715
2026-02-12T20:28:32Z,OnFun949,account.067e2ad4f26747d29d60d4c38834b523,747
2026-02-12T20:28:32Z,afraidofmyhead,account.513d6a59d5fa43e09531d95064b2ea23,3075
2026-02-12T20:28:32Z,elbrhi,account.716ceb23bc36478dacb4fa69e85e7ac6,852
2026-02-12T20:28:32Z,x-Fire-x-x,account.75378580664c476f9a98e8cbe93051bd,1859
2026-02-12T20:28:32Z,KUUMM89,account.f20764b9bdc7449a957f2889037a42b7,1484
2026-02-12T20:09:45Z,Kobevko,account.8dfdaa7976ae4b7f84c521947bc3c0d0,2450
2026-02-12T20:09:45Z,agRkitbota,account.fbc4527aca6d4e569c876e9508353a68,2506
2026-02-12T20:09:45Z,8-e-x-i-Z,account.7575c1def2944958a81b19d0bec6990d,1952
2026-02-12T20:09:45Z,EbA_FlinT23CM,account.effce24a429c417c84e89cd750e8ddb0,1551
2026-02-12T20:09:45Z,TRYPAKA,account.1b7fdc0346444386862d26d24d7f5314,1767
2026-02-12T20:09:45Z,Beckszz,account.7b3c58967952414abda239bf5fd25062,1160
2026-02-12T20:09:45Z,m7md19119,account.3a655bdfc116413a9bd17ffa68eb86fc,0
2026-02-12T20:09:45Z,ZLK6969,account.91072add22774f6a8ed7f69a8d9c9354,1421
2026-02-12T20:09:45Z,StormShadow_YT,account.53d211a82d094790aa6d6bb4d92faabf,2606
2026-02-12T20:09:45Z,HI-AxI-SheY,account.2c07ece2f82e4f4492fce29081258d26,1605
2026-02-12T20:09:45Z,XBITDimon,account.ec4db78cf8564809bafc27e3b6998da4,2618
2026-02-12T20:09:45Z,QuachManhNghia,account.4af70ab45481452195c0f9e8c7192e73,924
2026-02-12T20:09:45Z,EbA_Flint21CM,account.c64b67e25f7b47d19a4dc3e5cbb295a9,1879
2026-02-12T20:09:45Z,S400_Serbia,account.090d53177e6f46aea5e9ac856caf4001,1851
2026-02-12T20:09:45Z,iFrangolino_,account.fa0bdff09a8b4e8a87b8ada483d324d0,2236
2026-02-12T20:09:45Z,Receba_,account.0a81d5aae9c44136b74f036506fe65d6,2332
2026-02-12T20:09:45Z,CyaPyRO,account.1af2ff0a7988455cac0b94ebbd63e131,484
2026-02-12T20:09:45Z,EbA_FlinT20CM,account.6cba793c52fd408791acf5c63e49a2a9,1762
2026-02-12T20:09:45Z,WHOZ-UR_DADDY,account.14a329edf41442dda73abc1819dd1c9e,3193
2026-02-12T20:09:45Z,BusinessShark-DL,account.a46f8576b3f04a20848201529542106e,1481
2026-02-12T20:09:45Z,ayyydrian_,account.204738e215814a13a0622b6d43668fc2,2084
2026-02-12T20:09:45Z,GODFiESTA,account.a8d5b2aa0be241b5b9ccec1805d5ebaa,1817
2026-02-12T20:09:45Z,BG-SLAPS,account.f5b2ef9ed027405cbd8699cc1da0c071,1665
2026-02-12T20:09:45Z,wizard-M-s,account.952464fcbe1148a1b6a5f305366facee,1715
2026-02-12T19:43:17Z,DaTWieSeLchen,account.9663e363b3b84eac9d5a81cd810f179a,1700
2026-02-12T19:43:17Z,KAMIKADZE_UA,account.4698565663cd47c180dd55d361a56ad2,1542
2026-02-12T19:43:17Z,kinderwurst,account.cd2b90ab38174a7a818d64e2b3b586fa,1629
2026-02-12T19:43:17Z,Ercan-06,account.bfb664dc8f0e4eca96fce02b053bf147,1724
2026-02-12T19:43:17Z,SSXPartyX,account.bd4acea43b624e0187ea50c889532fcd,0
2026-02-12T19:43:17Z,x_Wursti_x,account.12275570abb74e7088e04a6cf5ebd37b,1152
2026-02-12T19:43:17Z,Aslcalyp,account.3295fe117cff4347a506feab55900695,2327
2026-02-12T19:43:17Z,senis_1978,account.75cc602b23924d50987804cda323e347,1754
2026-02-12T19:43:17Z,yxng--,account.f3cf0410f8ed44c3a95c00053686d836,3081
2026-02-12T19:43:17Z,cai_yiy_ouxTGLTN,account.871f246a5c7148458a161322cf81f6da,2968
2026-02-12T19:43:17Z,Bankai1-,account.60bb24d0e94c4dac872169652f73f20c,1998
2026-02-12T19:43:17Z,TastyMyBaconBig,account.c9c5dbaf938c43eaa7afe9301c68553f,0
2026-02-12T19:43:17Z,MrYelo,account.10cfdd7235c54acab7252a396d392466,2388
2026-02-12T19:43:17Z,Ihsanc,account.6725f3180ff146f1af4e2e9d7a565453,640
2026-02-12T19:43:17Z,Dzejkob_4,account.1aeec3694bfc465aa1268906d017debf,2761
2026-02-12T19:43:17Z,Sk1llLawS,account.50fa40a6d45546bdaba643cd929f1d0b,1812
2026-02-12T19:43:17Z,blackwidov,account.e4b91f1a8c37458d8af29867191a1e7f,776
2026-02-12T19:43:17Z,DILD0-DETLEF,account.de9c43468f314f8899fe336c3531414a,1411
2026-02-12T19:43:17Z,maxata16,account.72d0aa14034d422f8aea60f304b9d036,1496
2026-02-12T19:43:17Z,ICrewIBroTherS,account.497e50c94e4a49b3996d21918ddedb46,1766
2026-02-12T19:43:17Z,futureschef,account.86c75f9676a54a44b130567e52fab910,1710
2026-02-12T19:43:17Z,HarunAK47,account.62896739133947b38b3a615328423643,581
2026-02-12T19:43:17Z,scorpean,account.2c09ff9e1f6d47c9b23072bc9210169c,2200
2026-02-12T19:43:17Z,mr_Hiro__,account.97dabf3fa2b349ada0151bd93bd93720,1100
2026-02-12T19:43:17Z,mr_torzhok,account.b15e3519fa764c2b89cb5c4b9b1b2cba,67
2026-02-12T19:43:17Z,StrohEmu,account.2fc461a6cc3042f98aae7a59df923f5e,2004
2026-02-12T19:43:17Z,ADRAN1-,account.1aafed343ee54399a3da24d1a16e760c,2869
2026-02-12T19:17:48Z,Ry6eN4ik-_-,account.6c51fc697b2541caafcf7014fd97087a,1815
2026-02-12T19:17:48Z,Pewpewpewwwwwww-,account.ca912ed71dba4604a30fad51bbc9164b,2237
2026-02-12T19:17:48Z,heziFANSHU,account.ea99cb35423b42e4b8e6c532fe31a5e9,1953
2026-02-12T19:17:48Z,GhostShiifu,account.f6dcb0db6dc44027aa99eac35326dd89,1032
2026-02-12T19:17:48Z,Better_Man_T-T,account.bc41b59271c9408699318a6d8b143493,1917
2026-02-12T19:17:48Z,KrasnuyU,account.d3e3623dab4045b2823d643cb9e480b2,1202
2026-02-12T19:17:48Z,Pewpewpewwwww-_-,account.4062c1d0d2394b539ea3177a74aa7d62,3085
2026-02-12T19:17:48Z,CSCD_BearWarrior,account.fa1b72a2461d49d4a645f9293796d8e5,2640
2026-02-12T19:17:48Z,MakinaYahya,account.80168b59c00842fbbac8fd40d9219374,3033
2026-02-12T19:17:48Z,tungtungBOOOOM,account.ffcc5596122f46a4af588dd0bf216a8b,1704
2026-02-12T19:17:48Z,Binike35,account.fdf293c3b0144af2a91b33046107f914,1269
2026-02-12T19:17:48Z,Matyoryy666-,account.d34a115ba1614454bc47a6b54a3d24cb,1904
2026-02-12T19:17:48Z,Mr_Mcc,account.229dfece2fbd4583aed20ae51f295737,2987
2026-02-12T19:17:48Z,AntichristMad,account.bf6514214e0a46cdb437773420aea021,556
2026-02-12T19:17:48Z,StraightRidahFR,account.8c1e9daba19a40f494bb3118af1799b2,461
2026-02-12T19:17:48Z,eureka-cas,account.0a6901a097024a0a99f94a9b25058d99,1734
2026-02-12T19:17:48Z,IMaKaVel1,account.2f8f8f04006e424ab99f8e794d5175b9,2119
2026-02-12T19:17:48Z,Cyrex121,account.26ba3fc324e24b5ab6c2180334661345,1
2026-02-12T19:17:48Z,yortsavul,account.5cecea38bec94dd18eb66d7021a2cc50,684
2026-02-12T19:17:48Z,cyberwAlkr,account.5be543692f254fdf859c5d6bcddd0ccf,1615
2026-02-12T19:17:48Z,TeeDaMoOu,account.bcb41a828fd94b0a8a6fadf32a90d7cb,0
2026-02-12T19:17:48Z,GAMEOVER-14,account.a365ec78ab7d44bd93cc58b667dd24f6,1339
2026-02-12T19:17:48Z,Lidocaina-,account.dde78e6ff7a141ffb651145b31c56c72,2437
2026-02-12T19:17:48Z,panos124,account.2e16f8ce561644f2a5bc6d5ddb8b9c26,0
2026-02-12T19:17:48Z,BancheTullu,account.b93662ea8c9b47449b36d080627886be,535
2026-02-12T19:17:48Z,kadiralverss,account.71259c22b25f48a09399bad2d4699ede,198
2026-02-12T19:17:48Z,Mjurt,account.0f604b464d534fb8b1e331d65cd38a5d,2236
2026-02-12T19:17:48Z,ridosss,account.b522691ff05b4b65abd283bd436679fa,1
2026-02-12T19:17:48Z,Myrka-Myrrr,account.ef564413949e440d87a62e3a2c12de3a,1172
2026-02-12T18:53:48Z,Twitch-DaLToN,account.cd808c5dc486423c9e70ada14bf1006f,1532
2026-02-12T18:53:48Z,RalleX1,account.6a975ea803b246d7ae52f6f5693d52fc,1543
2026-02-12T18:53:48Z,Cracoala,account.a19eb1e3cca64d2fb258cd0f06bac3d6,1653
2026-02-12T18:53:48Z,ISSEVEN64,account.10fe1a026dae41df965887305292311a,408
2026-02-12T18:53:48Z,MGL_Naya09,account.3acd6fda6c5a4d3ab0c061e834c6f61d,896
2026-02-12T18:53:48Z,WassTee,account.3db7f02ae65742e7bfb0ff8933113b52,408
2026-02-12T18:53:48Z,costyc85,account.98558280ab7640ea95cebe435588059f,953
2026-02-12T18:53:48Z,v_o_k_a,account.306a4f2f845148af9a90206a49f74a76,1822
2026-02-12T18:53:48Z,Maestrogy,account.003b371bff4d4eb29a8001a03d0accaf,891
2026-02-12T18:53:48Z,5_CefakaR_8,account.cd083ff5b3dd400688e22afdc60c7704,2186
2026-02-12T18:53:48Z,GynX_Kill_SwitcH,account.01a51c039f174284bf873a2e5627356d,867
2026-02-12T18:53:48Z,SELIM_54,account.dc13c202aa08446f930da8465a25cbfa,1400
2026-02-12T18:53:48Z,genco34,account.f6a1d2a4796044bbb4879cb58874c9a4,0
2026-02-12T18:53:48Z,Pejos2,account.f95ac950864e4d4db8118befda3e2948,1718
2026-02-12T18:53:48Z,Skip_A_Beat,account.050a9763e51d46d4a632b328bc488c0b,809
2026-02-12T18:53:48Z,ozoBEY,account.f2db70a57084449ebc41295567843f44,0
2026-02-12T18:53:48Z,Benji_76_Berlin,account.d8dfe83c2d044f56887512f96d89b693,847
2026-02-12T18:53:48Z,I-HATE-TPP,account.dcec99bf77c34f3e9aeb55faf4649220,1400
2026-02-12T18:53:48Z,Nurgett,account.1ea1b2abd287437a8b352e497af25008,0
2026-02-12T18:53:48Z,rusivan,account.2cb635c8669a4a0eafd716c2bc2b8496,275
2026-02-12T18:53:48Z,FPossamai,account.87001869fc0148c8976dadaa136e8d97,1596
2026-02-12T18:53:48Z,Ebu_Mariya,account.65b7266a5b0a4fa3ad98a99ba8461775,966
2026-02-12T18:53:48Z,Kubikchok,account.a0a77b633c8742519e66345005139d82,1032
2026-02-12T18:53:48Z,DavidS728,account.7206d84197384d91abe1d47fa5227472,2268
2026-02-12T18:53:48Z,MH98hakim,account.ce6c5f886b69456793f6919bc3483c89,0
2026-02-12T18:53:48Z,AndreiPRS,account.7d1fee3470604b41b048cb14ad719185,1
2026-02-12T18:53:48Z,NARCOS-13,account.94ab19b2a11c4f4988413f9ed900d085,2065
2026-02-12T18:53:48Z,MRX3465,account.ed65a87d96134ccca788380c1210f0cd,1599
2026-02-12T18:53:48Z,Barisch07,account.4118808d0e3a4d65802d122aac22344f,690
2026-02-12T18:53:48Z,laedriiii,account.c32552741dce4138bac163d606d879c2,2050
2026-02-12T18:53:48Z,DaoYouQingLe_,account.42af57e7ac1247c79f9d93b6cb743818,1128
2026-02-12T18:53:48Z,lexan06,account.6bbc8bc5209744bb9bce2e66a3dc213b,0
2026-02-12T18:53:48Z,EvroKrem,account.7aed737e357f449a975ddbb61c6d6ea6,0
2026-02-12T18:53:48Z,TIIRIVIIRII,account.fd86518f147f464c88d3fee87de79774,1663
2026-02-12T18:53:48Z,elemeNtandf0rest,account.c5adb74377e8460e801c52948c02440b,0
2026-02-12T18:53:48Z,Instinctas,account.926d79321a3f4f6bb8bb39befbb7f35a,0
2026-02-12T18:53:48Z,Sqinzy-,account.d2c4201b492148e898a0d3bfad7c56b9,1944
2026-02-12T18:53:48Z,Twitch-Luddezin,account.b90508c2dd994c588d1df177cc3f108b,2145
2026-02-12T18:53:48Z,NERVA-G,account.5a4c2f6585204e07bebb9806fdf3a794,546
2026-02-12T18:53:48Z,HuS91s,account.ff7959f872ec45b6b6120d97afbf145b,1588
2026-02-12T23:44:41Z,Ashrah__,account.e0b39250e3da41259788dfd61b23e036,345
2026-02-12T23:44:41Z,TIKTOK-_-D-N01,account.8d1ee1b55e804c339672f026c878127d,2963
2026-02-12T23:44:41Z,DouYin-GouTian,account.a310777db79e4ab897e275c4a86864d4,0
2026-02-12T23:44:41Z,Gallaxy-_-,account.e8f3c720d21f4c128f40251d8b4eeb37,2013
2026-02-12T23:44:41Z,Fethios,account.ade3156437b241af932b062d9166b213,2522
2026-02-12T23:44:41Z,Salmanleee,account.04e13b6b961c4f27bb08869d7ccf8055,1226
2026-02-12T23:44:41Z,DeliBey42,account.e847badc15da4fb68d8df97f9efc66c7,329
2026-02-12T23:44:41Z,Gn0lis,account.701659e77dcc4ce6b0ff232abb60a608,0
2026-02-12T23:44:41Z,WsFirat16,account.5fd04e40a1d74e2db8da02a49cf02a56,1732
2026-02-12T23:44:41Z,Skaledwolf,account.9d388cc176394aea9404d9bbfc13c9da,0
2026-02-12T23:44:41Z,GAnganZunKeA1,account.f9e2a13eb2524e2498b7d6cfc2c1e3c3,1741
2026-02-12T23:44:41Z,DaddyH4rD,account.faa0406cb3af4977a9b649dbbb91c4e1,2258
2026-02-12T23:44:41Z,cuiyn8t2317cm,account.7a1e00006785447cbef8bf6cffb45a3c,0
2026-02-12T23:44:41Z,Miinoski,account.6c4018cc5aaf4c0a91a440e78f54f384,1842
2026-02-12T23:44:41Z,PIGGYSHOW,account.5ff93b60cb8f4727b4fdafd4889f2be7,1131
2026-02-12T23:44:41Z,Yuoo_,account.5b33092f8e6342fd9ec641fdcb85444e,2581
2026-02-12T23:44:41Z,ORDos-5269-,account.f807663e9bcc408bb90b05132e284e4b,1623
2026-02-12T23:44:41Z,Showmaaa,account.732ae88334264c5ca758b9d8f9505b84,2389
2026-02-12T23:44:41Z,Who_Says_J,account.ace86602adb844919823fa53134b0975,1609
2026-02-12T23:44:41Z,TheXeur,account.c3f06f7604e34b159c3ed5cb10fe43e4,298
2026-02-12T22:48:44Z,Artillery-DK,account.f22160c797c84cfca82880a0a304e6a6,2059
2026-02-12T22:48:44Z,f0rzick-,account.abc4dce74f16405b9a5f5359e2055392,3106
2026-02-12T22:48:44Z,SlaPpY8700,account.23ffb4e8f459473f80fdfba3ee1f6796,1341
2026-02-12T22:48:44Z,Uhud-SnipeR,account.22b2c4fa69074e9ea93e9dc835a368c7,2635
2026-02-12T22:48:44Z,ChrisSCT,account.1c7c421b217f4419815893473dc5b667,2000
2026-02-12T22:48:44Z,shadowstr1keOne-,account.806967a6e7ae49438b10bbc22344bbd4,3161
2026-02-12T22:48:44Z,Shnazze,account.b232d19e8bbc4004847697018c254291,656
2026-02-12T22:48:44Z,DedShotik-_-TV,account.4955ff2a14b04fb3ae3530f4a1a05c71,3050
2026-02-12T22:48:44Z,Stres00,account.b10ac66f15764bf6849f01165ab11062,1435
2026-02-12T22:48:44Z,Gudf4dern,account.0667d380cde7417e8e6d3a0a5095111f,804
2026-02-12T22:48:44Z,KaiserDK,account.d8667c9ae1434242874fd54b476c8c7c,1991
2026-02-12T22:48:44Z,StevieYNWA,account.ed75e56c81e74ccdb56a672bd82d7ddb,864
2026-02-12T22:48:44Z,BAT9ll,account.de294f27eaa34d168d11945655ee5c89,3359
2026-02-12T22:48:44Z,Dejwono,account.803f9e4228934475b923491fd32202e8,743
2026-02-12T22:48:44Z,Braxxus0880,account.48adcc347ae541feaa145c086da933ef,2325
2026-02-12T22:48:44Z,MIHAI14,account.8e60510209f94d3d9e7f708b527a3ceb,1664
2026-02-12T22:48:44Z,chenziyan1314-_,account.745a1d9b145247bfb6dfe7d839af6691,267
2026-02-12T22:29:32Z,bl4Ckc0LD,account.e95831bb19c74f378005b844ac322416,2820
2026-02-12T22:29:32Z,Twitch_DEAdlyPro,account.bd0244b320924d7384f50133b29643a0,0
2026-02-12T22:29:32Z,filipako,account.e197c89ae4504bb2bdcffb1d47bafa41,0
2026-02-12T22:29:32Z,Bakias,account.244b1df6b44a4d098329e1696f33e0ad,300
2026-02-12T22:29:32Z,Kasperzit,account.56f9152ee2d545c58c5d3b93c23be3b3,780
2026-02-12T22:29:32Z,txmygn,account.9e499cb3599746f1a9445e85e1f91472,0
2026-02-12T22:29:32Z,PRODAM_DROVA,account.35193d30cc0e4a1b92e458ce1ab6749d,1201
2026-02-12T22:29:32Z,XXXSTR7,account.f3edf8ce13124f818650c808d0791fdb,0
2026-02-12T22:29:32Z,HustLike,account.87677d7572ef4d248e9950cf6742f7ee,0
2026-02-12T22:29:32Z,K_O_S_I_K,account.049e3602d0de4500b358699f8e5c8490,456
2026-02-12T22:29:32Z,moooooha,account.19d62cd9fac94c8ab168c880b7f0fbce,371
2026-02-12T22:29:32Z,Trocaders1537,account.e38279d9feee415e9cac050452e80a0a,1637
2026-02-12T22:29:32Z,White_Fly_0,account.631838e30fde4c92b8683a15dbcec77c,940
2026-02-12T22:29:32Z,dhigrxhd,account.36097c334f95497ca3a0dc707ff0b7b6,2059
2026-02-12T22:29:32Z,VIKEGANGO23,account.83f1dd059e4146f28793374ce7667fd0,1104
2026-02-12T22:22:18Z,MoRriasd,account.010efd81d0584a8b8cd890334af39ec4,0
2026-02-12T22:22:18Z,XxXxOovoOxXxX,account.944d781c386947089c064f4ed0acb350,2538
2026-02-12T22:22:18Z,Ar7is,account.156804aa8e8d420a99d8d2dba2893f45,0
2026-02-12T22:22:18Z,BABAYAGA0227,account.49ae632961854bf7a887bbebf50429d2,0
2026-02-12T22:22:18Z,LEBANON-FoRaMeH,account.f632522a868543ebb767b7cd934bff7a,2474
2026-02-12T22:22:18Z,Smajsernpc,account.6b9953879dfc4015afd2635961535c32,862
2026-02-12T22:22:18Z,LEBANON--FORAMEH,account.fad49e233dc849e9b08af70eba2eb247,1882
2026-02-12T22:22:18Z,kuxiao666888,account.69274868f951452db7bd0176c74d1ba7,0
2026-02-12T22:22:18Z,JAYPAU33,account.b8b7e3d3e53544bc9e091db463a178ae,2766
2026-02-12T22:22:18Z,Alfons25,account.7fe18c6429954d1dbf1aaf1b02df2c64,0
2026-02-12T22:22:18Z,Sunnmerr,account.01684f78fd40486cb48a025ec0961f61,869
2026-02-12T22:22:18Z,ImBadPlayer1,account.287d4e17253d4e03bbd61b1cb58cae94,1928
2026-02-12T22:22:18Z,Vendetta1635,account.defcf7873ef94e79add56d7dd797b01f,0
2026-02-12T22:22:18Z,emrehanilcee,account.fd75752ece444c6cb5cc79ed5b7932b6,628
2026-02-12T22:22:18Z,melikkk,account.4fa0cbc866444f55a9eea8f89a7bb3fb,0
2026-02-12T22:22:18Z,MysticKnife,account.530cd381ae7d48faa9692dd224d51148,0
2026-02-12T22:22:18Z,PANK1NG_-,account.940908560c144ef0b347674b92151602,2423
2026-02-12T22:22:18Z,GKRNT,account.e89477d40def41f3a2d93c616e4db476,0
2026-02-12T21:34:54Z,Laxer27,account.f4d611bb2e824243820688f6836367b6,0
2026-02-12T21:34:54Z,LeondiasV,account.b38284877732453dbe04138d69d974a8,0
2026-02-12T21:34:54Z,Teniente-Ecu,account.52d1009ffdd7435e879e6510c4ac8d68,2287
2026-02-12T21:34:54Z,Nickkilleras,account.3b82e14e5eef43588c6538f0c52a3637,1228
2026-02-12T21:34:54Z,super_ucf,account.4f9159adb6d2434c977804a6b02afba8,253
2026-02-12T21:34:54Z,II-MNASRII-II,account.5508f2d8a79e4a03a43911e4637d9c95,2310
2026-02-12T21:34:54Z,Makamano,account.9a63c501fb6e43a89b5fd8058d231e44,1674
2026-02-12T21:34:54Z,Graycolt59,account.2b72ea9619e041eab44e3ff00ef94716,1526
2026-02-12T21:34:54Z,KARAOKE11CZ,account.f7ee414f82cb4440aaf8cf5cd32db620,0
2026-02-12T21:34:54Z,The-valhalla-tv,account.255552d6210c48b881fe098b66966c78,0
2026-02-12T21:34:54Z,monitu-666,account.0794707064fd44eca29b02e7bd9fba54,2203
2026-02-12T21:23:53Z,XIN-XO-FIN-MA,account.07caccfa80bc40cf92dd930a8a5d79c6,1977
2026-02-12T21:23:53Z,zzzser4453,account.8285f5ee705a45d58d4f55ed2ba69e30,0
2026-02-12T21:23:53Z,Alex_spirid,account.e9bd2493dba34cdd94bb762b113f4d85,528
2026-02-12T21:23:53Z,DY0L0,account.15dd7da12e6c4dc6961beb2298970111,3168
2026-02-12T21:23:53Z,Grazit,account.56e1e51f5ed24e55ad7c2a39aae1ebc7,1604
2026-02-12T21:23:53Z,pixeltw_,account.214941a27bc34ced91ecc7f1d1fd8350,1554
2026-02-12T21:23:53Z,ElvanDAIton,account.b0d81cb60ea242fbba68076743761b7f,1531
2026-02-12T21:23:53Z,shadowmishka-,account.d90077ac99c94b8b8e968220b30971bd,2037
2026-02-12T21:23:53Z,Veilora,account.f8cdf6ad05da438f92408d6be7c1c0f9,2043
2026-02-12T21:23:53Z,K1NgMC,account.431f3ad8913e45c2a96cbdc1bf3bb597,738
2026-02-12T21:23:53Z,djbetsi10,account.564210b49ca14e4a9bd516547269115e,1829
2026-02-12T21:23:53Z,SashkaBiceps,account.5bad9a7e10ba44bdb5efee99fd632081,2037
2026-02-12T21:23:53Z,BYPATIHO_,account.7c75d4172a754c43b9310e0e4357f36d,2638
2026-02-12T21:23:53Z,Meeendes,account.206b9295b5504588af50c00616cf51e6,2203
2026-02-12T20:49:01Z,UA_STRILOK,account.f68a51aef722427d9778c5ae843298ac,0
2026-02-12T20:49:01Z,shot4you,account.aced47c866cc434e944125b5acf82a65,518
2026-02-12T20:49:01Z,FwPred,account.cf9be1f7c95a4cfd926983c791b756fd,0
2026-02-12T20:49:01Z,Loki3x,account.85c47241c74544bfa78662941aa0d0db,678
2026-02-12T20:49:01Z,BuNNyy--_--,account.4cb5a80b37914cc2bab1d4c476019d8b,3043
2026-02-12T20:49:01Z,Ram4iik,account.68e7fb49b9e742f0bc522928d9ef5287,0
2026-02-12T20:49:01Z,RobertoMarian,account.719892fc2f1c404d9a323aff81d795a5,1283
2026-02-12T20:49:01Z,B3R4TI,account.08ac700a4bef4041aa5ad3233dac6d3b,1437
2026-02-12T20:49:01Z,Khasiev_323,account.7f0c5a2f5e9d49208e99bcc58e0bdb5f,2048
2026-02-12T20:49:01Z,rinsdim,account.039f718f928044518becda9675d6d120,260
2026-02-12T20:49:01Z,CcC_TR_koDyesiL,account.3f1b3cbd80d74480a23873b84bbb17f2,1818
2026-02-12T20:49:01Z,Pelouse,account.a56a0a666c194c1fa6c1a4712e1c5220,0
2026-02-12T20:31:45Z,mertselim07,account.3113f87978904d14bfab8c9615d6cfd8,987
2026-02-12T20:31:45Z,OJUARA-,account.54ffd194bc494a67be9b71e4795cf5ea,2163
2026-02-12T20:31:45Z,DontTrustNoOne,account.e28a4968b20c4ec6a46b740fa6524d2e,1793
2026-02-12T20:31:45Z,VoidPlague,account.5b56d46c741149fcacd8721851a3e4cf,0
2026-02-12T20:31:45Z,TCHAC0N,account.25b0ae7d51654ed59edd329cfe032039,2023
2026-02-12T20:31:45Z,RlZER,account.a4e243e769f147e3b1b2431b2271de7d,2352
2026-02-12T20:31:45Z,i-_-Zen,account.0e5421a51de544e6a33e2a1a597102de,2675
2026-02-12T20:31:45Z,moniique-,account.6c3e6a4df8014fbda2f91cef2e0c6c0b,2905
2026-02-12T20:31:45Z,ALV3S-_-,account.4f5d5bf7934843028e84636bb79c5645,3244
2026-02-12T20:31:45Z,Coko743,account.f5383153de2e44cdbfa9f719e2383fec,0
2026-02-12T20:31:45Z,SerKanUzMaN,account.74c682b6fe2043349e31fbf0d0b40370,2421
2026-02-12T20:31:45Z,ATE-17,account.207eb76c4e4d46c4bc30fae68003991b,0
2026-02-12T20:31:45Z,Estargon17,account.c681a851366b4170bd7eaec49e41b893,0
2026-02-12T20:31:45Z,Brasilerio17,account.10fcb3fbe1ee4e108d778665b4210755,0
2026-02-12T20:31:45Z,ali074634,account.82309b0301394df8909d9b39684c1ee1,1300
2026-02-12T20:31:45Z,SS-Karlangas85,account.a82ad08e260940b38f97a49a6b8d4f91,1591
2026-02-12T20:31:45Z,l_lxl_l,account.dd91c725fe0f440ebebae871888b5650,1875
2026-02-12T20:31:45Z,maTRockk,account.e09af1f2af5348a4acb6f2b55c072904,2664
2026-02-12T20:31:45Z,SpencerProX,account.a955936bb45b497ca7d0c3b45b899022,2023
2026-02-12T20:31:45Z,CpT-Ahmad61,account.aef0a8238f4d44e992585abe2a40a2f7,0
2026-02-12T20:31:45Z,The-Sisnathaa-_-,account.d70fa1d547d14b2b81d1fecfeca013ae,2561
2026-02-12T20:31:45Z,Revlion,account.ec97a31090d14539be9dca65136601e2,0
2026-02-12T20:31:45Z,Rayihaa07,account.cf9e483183824f329d3816f2ba4a8bb0,740
2026-02-12T20:31:45Z,N0Alex57,account.e08b15ef465e4c19a06769743b843e1e,0
2026-02-12T20:31:45Z,Dominiko277,account.a023f216f1bc4851b13b4eec60a2effb,0
2026-02-12T20:31:45Z,AhmetGndgn1984,account.c7436ed7ff5844d9b7e1cae096eeacbe,2277
2026-02-12T20:31:45Z,QBeany,account.bbea23ff17a04e8f8c8bb23435175940,3119
2026-02-12T19:55:32Z,MuhammetM,account.7a28532a677746388422fc6badd0bdbc,0
2026-02-12T19:55:32Z,craaab,account.e1b6f4f55ad34f23a4d4cb5c3304909b,3117
2026-02-12T19:55:32Z,TRURYDERZ,account.26f8f768224d47d9b0339f10ca3c42ad,0
2026-02-12T19:55:32Z,SFalconJ,account.cf5817e5d2b149728d3d608841f1f4e2,1650
2026-02-12T19:55:32Z,salihkimki,account.ae1cb5337a8e4095a26e5317cbc2c920,1409
2026-02-12T19:55:32Z,Wzh-666666,account.bdf0fb26305a4ef084c60e6291a391f7,1407
2026-02-12T19:55:32Z,Zink69,account.6fae9821bd4d450d8a8ab30e6e6ef0ab,2268
2026-02-12T19:55:32Z,JrNOUMASHA,account.ee798a668cc14982b9095aef6062242b,2022
2026-02-12T19:55:32Z,hurgeneral07,account.ad176bf11a794e9299026e540283c6b7,0
2026-02-12T19:55:32Z,Zin_Ou,account.eaadcc1c29894ebea79dc8787d5220bc,625
2026-02-12T19:55:32Z,AdamKay17,account.63aa70cd09a34d418de3407b21164001,0
2026-02-12T19:55:32Z,DanceToBuzova,account.88131a54fdad40998dee9252fe790616,2136
2026-02-12T19:55:32Z,DXB-Outlaw,account.71e094f615b14ce5b9f25cd11b78db3b,1688
2026-02-12T19:55:32Z,eBAy_YouTube,account.1d0c6a42520849aca0c4ab7eccd7b195,3083
2026-02-12T19:55:32Z,DaviDave9,account.9b2c53bc24284b588c7ad47bcdabc502,2519
2026-02-12T19:55:32Z,PABLOESCQBARRR,account.a69bbe12bd9445a6be0e48597a15e308,2746
2026-02-12T19:55:32Z,777y-_,account.8d28d10c42cb42bda93c2b8695802b11,2253
2026-02-12T19:55:32Z,0-Adi_Sacaliuc-0,account.3f3977e1b033440b9faa9b438d493d64,0
2026-02-12T19:55:32Z,Noimpty_-666,account.3a6c080921c443bf8ff1ea3eb898be62,1623
2026-02-12T19:55:32Z,Xplodey,account.00586d6bd65a4affb32758ab3d7d1977,2230
2026-02-12T19:55:32Z,meori-_youtube,account.b7473120f2a840a1bc34839c40469514,3345
2026-02-12T19:55:32Z,HidroScream,account.15c3432a25c240178276a563fba33f93,1088
2026-02-12T19:55:32Z,QiQi_1225,account.a4203fb03a3a4994bae5faf820cdbaec,2271
2026-02-12T19:55:32Z,Kimsanity_,account.b6bd71d2909d4e2ea6484853c0723bba,2286
2026-02-12T19:55:32Z,CaLyps0__79,account.369db0050fe842b8bf542688eab761d0,1756
2026-02-12T19:55:32Z,COMFY_YouTube,account.65806addf49444f3881f73aa78083732,3646
2026-02-12T19:32:35Z,19Brutus77,account.714fdd65f7e34b8aaaa98e1e16f3baed,1935
2026-02-12T19:32:35Z,GhosttRiderr,account.c27402764742493097bfc9a97cad7c45,461
2026-02-12T19:32:35Z,Ameeeeeeeeeeeer,account.78b066e0165e4b38b0a083dd1f13671b,1527
2026-02-12T19:32:35Z,Zgibex33,account.99783a017d0e4d6c8fed422c7c11fbe6,0
2026-02-12T19:32:35Z,moxic-,account.09dd4f37b57e44e7be97c419e400b36a,1835
2026-02-12T19:32:35Z,marciosleep,account.cffd1b9ab53a40f189c2dd4fc62afa1d,870
2026-02-12T19:32:35Z,DSalenga66,account.c8c9f41f0e2d42348a8e469df76e3c86,1020
2026-02-12T19:32:35Z,J4Pones295,account.dd59e3d3542b423fbb5167cf5596c366,1031
2026-02-12T19:32:35Z,MustangHARD,account.0901bd6b4a6942d894cddab5aa0907f5,477
2026-02-12T19:32:35Z,CONTRA--,account.43de500fad3143638c3f42be380e601f,1074
2026-02-12T19:32:35Z,Tapirost_,account.bdc4a3a2cd604d9f8acbf24bf50269de,0
2026-02-12T19:32:35Z,NONAME_RD1099,account.37619bee38274683b58c71f9bbbe2a54,1654
2026-02-12T19:32:35Z,AquaLyT,account.050b4761b66b4b118806708841acd722,541
2026-02-12T19:32:35Z,F1LTHYDADDY,account.fbcf7e87e77341ca8d37c4b515e592b8,836
2026-02-12T19:32:35Z,radiosunshine,account.4d97060ee3454c6894cad1cb5ef1b83d,1775
2026-02-12T19:32:35Z,Jazzzzzzzz21,account.a6c4d3deb0a84f1a82590ee615d7ff7f,0
2026-02-12T19:32:35Z,KaRaKaBuSS,account.3bc0693ac7f44e2ba2b562da0f0eb687,257
2026-02-12T19:32:35Z,aYipSinNn,account.33e31cad51f049e5b09361614d8f02f5,1939
2026-02-12T19:01:48Z,Xtra_mT,account.8d576259b4164f16a3b8f5db09229214,2071
2026-02-12T19:01:48Z,Excenllett,account.80aa40b61d364ad08ec89dd1f89d1c50,2356
2026-02-12T19:01:48Z,Tobias_DK,account.4101b6ae0e254a1798dfbd32468d5dd9,0
2026-02-12T19:01:48Z,MerttHakan,account.baf1e4ffbc264fa4820547507278578a,856
2026-02-12T19:01:48Z,Jesterynoo,account.92aaa6978f954735b1264d49c2e53f33,985
2026-02-12T19:01:48Z,69Hu,account.40c3d5fe27884c639bcbe603e60cb55a,2297
2026-02-12T19:01:48Z,Dynex69,account.530edf9bbbab4bf5a65f493912d76439,836
2026-02-12T19:01:48Z,OLEGKA_UA,account.12f19a5afef7428ca33c6904424e21b3,1216
2026-02-12T19:01:48Z,CAP-RONI,account.7fce2c1cadc9446eb4d4bb963ee2766d,2405
2026-02-12T19:01:48Z,Scorpion-IX,account.7ae500ec1cdc429b9f6505070dc13d0f,2245
2026-02-12T19:01:48Z,Fb_LifchqueSon,account.f61a87c9134a415cb7627de532b57d0d,1844
2026-02-12T19:01:48Z,SS-xQuokka,account.e0a43a1260a94ff9ac3f6d53aac7aaa1,1598
2026-02-12T19:01:48Z,KARA-SEDOOO,account.3331df89d47a46998f54a5926bb2af4d,1441
2026-02-12T19:01:48Z,OneTapKing_Movo,account.887f119cd29040d884f32dc281230c10,1975
2026-02-12T19:01:48Z,C-Y-C-L-O-P_-,account.8d94a1d3d0f54fcdb6c8624a1dea274e,2501
2026-02-12T19:01:48Z,bajldakuangfeng,account.d4066dd16b0148f5b8ed68907a66221b,764
2026-02-12T19:01:48Z,Centurion350,account.398ac67cc8d245a38fca632261c130f3,2497
2026-02-12T19:01:48Z,Gustavkti,account.9cd2f26ff91b4146872b2ab4aed51244,0
2026-02-12T19:01:48Z,RSRAEXII,account.b58cc1ce0c5c4f6eb2d9ea1f4d3d48f6,1800
2026-02-12T19:01:48Z,The-_-Best-JOKER,account.b45b01f899034d299c89ca3d362c4d45,2366
2026-02-12T19:01:48Z,th_e_GHOSTs,account.9d95560bf6a748d9bbe050386e293333,2298
2026-02-12T19:01:48Z,Meliodas1_,account.d0661012c6cf4f4bbeb86976237791ed,2416
2026-02-12T19:01:48Z,Z1KO1,account.d9cee5d75a45424d8bc4018055651f78,2237
2026-02-12T19:01:48Z,FearLass_-_-_,account.0cdbb635fcc0474489da0594a02069bd,1381
2026-02-12T19:01:48Z,LEOPARD_ELEGANT,account.6c7dce5afa514721b73323646bfa4042,1937
2026-02-12T19:01:48Z,4Naks,account.4f4ec90c94c74023aa9f0c167bdbd4ac,1773
2026-02-12T19:01:48Z,tofanmotovlog,account.e0557383211e42f0b3ae80734502981f,2455
2026-02-12T19:01:48Z,SMYRNALI,account.6365fa68c1f147fdaeaa9a95f1946bd1,2385
2026-02-12T19:01:48Z,MXRXSXA,account.7d1b07d4e3e149dc993a195c9f694ed3,1060
2026-02-12T18:44:03Z,Yy16698-XiaoLin,account.09a743717257435b938361fcccf3ea2e,3080
2026-02-12T18:44:03Z,DANYSY228,account.70f6ec1d48464721b916032c8c2aa379,0
2026-02-12T18:44:03Z,IUnconsCionabLeI,account.841571982fed4e3da93a195582ed1d42,1848
2026-02-12T18:44:03Z,ArmourJest,account.39b6b52016934a4b9c074f7c01ec8b68,1078
2026-02-12T18:44:03Z,ERROR_027,account.47b9db781a524fe09693fd8287733d22,3112
2026-02-12T18:44:03Z,CE-KAFA,account.dadf213d762343fa866c92f5eb202454,1859
2026-02-12T18:44:03Z,11Bigi11,account.9a7e925f70fa462fb1c1f4b2bfc32f94,1528
2026-02-12T18:44:03Z,Thelordblood,account.9639749e176b483b9bcb0115bf71425b,878
2026-02-12T18:44:03Z,Exo878,account.199bfc8a84e14596a130c545700a0cc8,0
2026-02-12T18:44:03Z,AxCure,account.015c9525b89f4bf5831fc6052be25cca,0
2026-02-12T18:44:03Z,Nemonehp,account.48944008f0554287bd7e5adb3be34718,1052
2026-02-12T18:44:03Z,mingshaof,account.082d85f727b3429f998eda3f4f762a42,2696
2026-02-12T18:44:03Z,Eminspi72,account.ab14145d5b3c4185b5450319c1ecc763,1261
2026-02-12T18:44:03Z,kdh_wang_king,account.c8e26905a28a42b2b9c3dbd1db19157b,1904
2026-02-12T18:44:03Z,xiaoya0411,account.5f6d747a28e441cd94f8b8cc789420d1,0
2026-02-12T18:44:03Z,noo8,account.6d320e39a26e47919d1e98701d3f7223,0
2026-02-12T18:44:03Z,Litt_Zhuk,account.ab492b4baf98478a943b35b21d1e0f57,1420
2026-02-12T18:44:03Z,VV_2K,account.ce0dc485266447c9b8f91fedb145945e,1012
2026-02-12T18:44:03Z,emotionless666-,account.db6d9ec082c44e6aa8ae17ffbfbef185,0
2026-02-12T18:44:03Z,oEr7YLkXK0,account.41e31717ed774e53aa2f6b9e1f95a96f,0
2026-02-12T18:44:03Z,AtomDayi,account.2d9f541bac4247a3b341c3d06c1dd797,1668
2026-02-12T18:44:03Z,DIWATAPARESSSSSS,account.ee066d75d14540e2a8b2b00da280da65,1551
2026-02-12T18:44:03Z,eLPresidenteeeee,account.0c2a47f3f04443149c1dce7fc113b881,2058
2026-02-12T18:44:03Z,van0k3006,account.56ef0bafb60a4f3f8d6e1ae557457122,256
2026-02-12T18:44:03Z,sxduangduang,account.2f507168380342979ca71b8db64a80ef,2494
2026-02-12T18:44:03Z,Jiu1ShaoNvMen,account.3374f951863042e19580b1910bf62ff8,1893
2026-02-12T18:44:03Z,MIK4IL,account.d8b562a098e849b5a7a22998f8f13577,3015
2026-02-12T18:44:03Z,BRENO_FELIPE_YT,account.cf8a25f7089845cdac1b09b3472167f9,2404
2026-02-12T18:44:03Z,ultrAviolentO_,account.b061b4496c2e4e7785cdecf91b8e39c2,302
2026-02-12T18:44:03Z,130bpm,account.b65e2684106949b580c5eb2da5a2c6aa,0
2026-02-12T18:44:03Z,9pxajd6n0a,account.589d7062c5c14016a9a4f252bb3f715f,1510
2026-02-12T18:28:18Z,8runoxD,account.c79da37170564bac9dc2fa6cc92b9266,1577
2026-02-12T18:28:18Z,NONAME_RD5153,account.dbd1e0de064b4b019509b2730dae179e,0
2026-02-12T18:28:18Z,LEVEL99-UZMAN,account.89c70379374841c182922ef09b578713,1532
2026-02-12T18:28:18Z,manevra--,account.8ada77dd50ad48c193c2ae8bcf67cc79,1969
2026-02-12T18:28:18Z,Mr_Eser1907,account.8e86950495ba487c8696b085aa75d159,0
2026-02-12T18:28:18Z,Unforgiven-67,account.83e58d952adc472ba36bf499b173aa7b,894
2026-02-12T18:28:18Z,The0ne10,account.48a8d561753c4ae6b97814352109471b,0
2026-02-12T18:28:18Z,TMNT-Rafaelo,account.c3575a71f1ba4224a3d5e324c2ef0383,1380
2026-02-12T18:28:18Z,Davit_Qartveli,account.666754d9e0b2407c85b4702d6d5cfcb5,464
2026-02-12T18:28:18Z,HelIKiller,account.6726c059e0554613b7764a07d51c6882,1857
2026-02-12T18:28:18Z,Hotizen,account.8ce3af3cc83d408595f974e870b57e0a,233
2026-02-12T18:28:18Z,dust210002,account.58172429eed64ddd85ad02ffdb7fa549,0
2026-02-12T18:28:18Z,Iceice_baby123,account.5ac536ebf07844aeaa4e666731beceda,1259
2026-02-12T18:28:18Z,L0wR3,account.d867dfbd81dc4506880c2ea4c8afb2d2,963
2026-02-12T18:28:18Z,IchBinLao6,account.5b79d99e32834d1c8475da7fe86435cb,121
2026-02-12T18:28:18Z,LeGeND_-_Rus,account.cfca1d8a080d4ef4bf1e8e192652e25c,2326
2026-02-12T18:28:18Z,voilanm,account.c82bdd9de6e741eb92a5adbbf05e57ee,0
2026-02-12T18:28:18Z,G0LD3N007,account.f083203269454c9390242c4fed68dc04,1536
2026-02-12T18:28:18Z,Ydeee-_-,account.f63774d8682f4c3492e3a5eb4b606920,2636
2026-02-12T18:28:18Z,ChanDistavKachan,account.bfa3dd6a52d241a3ace543ed4083f0f2,2750
2026-02-12T18:28:18Z,ScorpionKing-01,account.6e025dd7a8784d5a8c969bc2737652e4,0
2026-02-12T18:28:18Z,3eroCool,account.2d016e39008543af8f9eef14d4d15de4,53
2026-02-12T18:28:18Z,ERROR-410,account.bdf0c73383914ad9ae3a2f6f1b2bf9ef,2089
2026-02-12T18:28:18Z,Cavalry58,account.d6a4f58097a14849a7861ad171198cb9,1366
2026-02-12T18:28:18Z,1860Muenchen,account.6606af2f7b30473ca87fa22085cd93ce,2339
2026-02-12T18:28:18Z,iiTzWtf,account.9991e2d9ba3040468f5d10109f7016f1,0
2026-02-12T18:28:18Z,xxxMaSCotAxxx,account.f4a23e0ace0e4a1c9cf000d51ea89801,2726
2026-02-12T18:28:18Z,igor100gram,account.a69acddeb1a64020a6d38e061629e962,341
2026-02-12T15:21:13Z,VitalyaDark,account.7f8ad67636cf46689cd772a67998cd81,11
2026-02-12T15:21:13Z,Srerin-,account.239fd79c5694414c9c289e079ba44aab,2425
2026-02-12T15:21:13Z,CommanderProctor,account.6ccc1f1f84d94bbbb8b70cf45e0e2cbc,1774
2026-02-12T15:21:13Z,KONGAR1,account.1b9276b428334b2d97b003f555f18012,792
2026-02-12T15:21:13Z,DaMie-DaMie-YiKu,account.9a8a0f57868848b680d48ed7cd4ab332,2099
2026-02-12T15:21:13Z,Hey_Leon,account.805f6f4a33664d359e5646ae27e58d74,1896
2026-02-12T15:21:13Z,JohnnyTruLuv,account.8b0394093445492b866c76e07bb0b1ab,2738
2026-02-12T15:21:13Z,ExpLosiON_911,account.d3dbc6b9046e47cbab8ab3f44d5ef138,1800
2026-02-12T15:21:13Z,Amo-Diabetics,account.ac819bc62a62434ca561f1b7d36554b7,2047
2026-02-12T15:21:13Z,Amo-DALiiiiii,account.5dea5fc96b214c8abad9387636d83167,1333
2026-02-12T15:21:13Z,Chinadaqianmen,account.8fc8f2723f5f4e4f9819885023f1fd53,2438
2026-02-12T15:21:13Z,FRVNEK,account.8277396ad23b45429757735b1d510470,2269
2026-02-12T15:21:13Z,MM10YYDS,account.9e9a5a81e6374875ad6555da40c013da,1317
2026-02-12T15:21:13Z,BulletNetwork,account.883d1a52aa2e4635b16c436724b1148c,1276
2026-02-12T15:21:13Z,Hinterhalthilde,account.7582a364fb254fb79187f586d9766c2d,1617
2026-02-12T15:21:13Z,d0tz-,account.c1ae47395aa54186ab5a0858b8766174,2031
2026-02-12T15:21:13Z,LoeT-Nov_25,account.b5031eb05e35492ca30c70f913ed967d,2284
2026-02-12T15:21:13Z,Cuhenna_,account.ff18b85415034110a008320650848924,319
2026-02-12T15:21:13Z,Brilliant--Ks,account.be47e49ceb394a3da7f8c929f6836eba,2029
2026-02-12T15:21:13Z,GRATISxCANAVARI,account.52fa35b8b89b45d7995682787faa2ac2,1844
2026-02-12T15:21:13Z,regldusmani,account.9369a867d7d74059bad822be81ee56ef,834
2026-02-12T15:21:13Z,WalterHooke,account.271b2d6465cf4d42bd0c8805a3b09b69,1543
2026-02-12T15:21:13Z,Wallouhh_-,account.5751d68105df472cac3217329fa996d6,3454
2026-02-12T15:21:13Z,Mrloba_,account.601bb5162f5741b497fa316247a8ff29,1509
2026-02-12T15:21:13Z,JuTT0z,account.db420642e0914d388ae21e31db153c87,1832
2026-02-12T15:21:13Z,Puli_oT-MaMyli,account.1647f7ca9b8744d2874372da294ce582,2516
2026-02-12T15:21:13Z,Xww-xu,account.90b1eb506b0e4952900bd31b124fa23b,2132
2026-02-12T15:21:13Z,PuLi_oT_Azara,account.e93e9a8b1bb147488c5208fdd75f4253,2237
2026-02-12T15:21:13Z,ArturoVzl,account.77bb2fc3913e4c5ba5756a8c99b321f2,0
2026-02-12T15:21:13Z,Ni88HugoD,account.c3e32898f1124ddb9c6b8d372d6a9dff,1636
2026-02-12T15:21:13Z,GRlMFlEND,account.838e56e531eb4af5a208496ae48b5459,1660
2026-02-12T15:21:13Z,Rampage_BoBa,account.4c6093d3af8d4397b624064fc4676dee,2034
2026-02-12T15:21:13Z,Puli_oT_GaGaRiNa,account.60f740034e1d48a1afe8e5030e65e90a,2220
2026-02-12T15:21:13Z,THEchelios12che,account.c36982a0f57f4b69bec74217353262af,628
2026-02-12T15:21:13Z,AndreiCosma01,account.7c528adedabf4b7f926cf699e5efe754,1454
2026-02-12T15:21:13Z,GreGooY,account.c5fe59349e654891a9eb297dd5c577c4,3203
2026-02-12T15:21:13Z,xH2N,account.c777ab4dfaf44959b06c7e9a73117691,3500
2026-02-12T15:21:13Z,Dst_DarK,account.939eda518c314ffd8a5293ea122aaeb8,2692
2026-02-12T14:57:55Z,Nailqop13-,account.43272d1114dc45299760eab3ed32ebfc,2274
2026-02-12T14:57:55Z,Adam1001,account.3e0fb17072bb42f287c20b9b8f9818ab,2173
2026-02-12T14:57:55Z,HZ66u,account.f45f049e6af24d2ab1b1b5c460cee3ac,2407
2026-02-12T14:57:55Z,Raphita96,account.021687066ab14cdaa13b543588786622,566
2026-02-12T14:57:55Z,Bagson11,account.334a286be1654037b7b326f5a8610051,776
2026-02-12T14:57:55Z,Augenstem_21,account.d13b12597d3641758b87d34c28a9abe0,1696
2026-02-12T14:57:55Z,deadrain66,account.eb568eb9847244aaad6d241335888f85,0
2026-02-12T14:57:55Z,DokiDoki-Jambo,account.1c40b2445b1f4a7bbb2e949e0575bfe4,1800
2026-02-12T14:57:55Z,ZSR_ovo_,account.16d2569b357340afb61c7d5fc14033e2,0
2026-02-12T14:57:55Z,ZONSONFIRE,account.2853d48684184145b3de14a54b11e12b,0
2026-02-12T14:57:55Z,xihuanfurongwang,account.1b61ac9e7d5b441eabee49f363335e63,0
2026-02-12T14:57:55Z,mxt66610,account.68897edfda5f41808a410966c261008c,667
2026-02-12T14:57:55Z,Ba__Ba__Gan,account.8fcac25bd1c44a71bbf8d11087a8e7dc,2390
2026-02-12T14:57:55Z,Monton_-,account.1b1c2aaaa54a4b3db7dba66a90227379,0
2026-02-12T14:57:55Z,Croscow,account.8ff96359cee442219f0174de039fae4a,3264
2026-02-12T14:57:55Z,Vv_viOla,account.e9cb94bc1c7241e69cd45f41ab767571,3113
2026-02-12T14:57:55Z,tiagooot,account.81686757c0444528a3e5e748363d9dea,2014
2026-02-12T14:57:55Z,URC-MrdL,account.13d8f0eba9e847aaa9169a98ecf53d64,1440
2026-02-12T14:57:55Z,Shiplest,account.087bd3bc254f4d10928c4f79341b27e2,2397
2026-02-12T14:57:55Z,ZALIM_TR,account.60a1e627a44d413b929dc47ccc180f5d,1983
2026-02-12T14:57:55Z,Yolo_HanaPeri,account.c4b339811bb049df97746170745458f0,1232
2026-02-12T14:57:55Z,Bitcoin-0527-_,account.721747d8139f4dcbba794e3002fff255,2237
2026-02-12T14:57:55Z,dogmaXD,account.b0561ba14b5748928cc609026001d692,2474
2026-02-12T14:57:55Z,lberlr,account.8db8cc8738a14bf5998779c8f642fd71,1535
2026-02-12T14:57:55Z,Ash--No1,account.ad4a12412c684a1cb97aaecce7152cfe,1694
2026-02-12T14:57:55Z,odunmavisi-,account.2ceec1f6e65d48d0a3441892b2762c53,2084
2026-02-12T14:57:55Z,Vv_kElis,account.d9159501d788417c87e0016426a1b845,2763
2026-02-12T14:57:55Z,NEGU3R,account.e89b72c75f2f4a6a979e32f7e2e2fe2a,2802
2026-02-12T14:57:55Z,sweetchaos1234,account.f6ab702b4f94489a8936322ccb39f4fa,2063
2026-02-12T14:57:55Z,Ym987,account.9031a56a6cff4764ad758be05704f5f3,871
2026-02-12T14:57:55Z,zdl7777,account.68917b4aa3f44ad69dddaa352fbbf96f,2448
2026-02-12T14:32:36Z,7oYz-,account.506f8cd02f3e431a964e61b80b585240,0
2026-02-12T14:32:36Z,ShakingLee,account.4fb6daa0af6a464787967fe78bb04e13,2050
2026-02-12T14:32:36Z,rosomaha-,account.2881e29cf96240fcb800a290e832889d,2932
2026-02-12T14:32:36Z,fengzi8888888888,account.1144a90c0bad4a5ebcf181cf33195c78,2381
2026-02-12T14:32:36Z,vovchuk777,account.ca98aae3be6b49bea3fe6c93dbb055e2,1234
2026-02-12T14:32:36Z,iYour-,account.d28a3caa40424ff6b1392b2e37899278,0
2026-02-12T14:32:36Z,zhanghao0375,account.8a855543cc5c4691be8e25b3e8bd21e4,0
2026-02-12T14:32:36Z,typexdonme,account.a03317567de34783a0ce2d5bb200ea8f,0
2026-02-12T14:32:36Z,SOSI_LABUBU,account.fd3ffbf35c474cfc873251bb7b23eb88,2363
2026-02-12T14:32:36Z,SiYangQcQ,account.7b2ee9b4ca8243e8b61f6ab505eaf5fc,0
2026-02-12T14:32:36Z,Sorry995,account.3440ccc6d3e247a9a451e2ab8e5540ca,0
2026-02-12T14:32:36Z,pz168wbjh620,account.1ab7033915ee42d785f41e2a17333c9e,1325
2026-02-12T14:32:36Z,Tabbbbbbbbb,account.04b8b821459547c49a55a73bac33c375,1716
2026-02-12T14:32:36Z,Diloros_30FPS,account.7faec767cc90428b920c891bd87eaf8a,2036
2026-02-12T14:32:36Z,WmJ10,account.35116d0713c444f49c329562eb3ef197,1990
2026-02-12T14:32:36Z,ZEXYYYYYYY,account.1676c011610e4ffca44b2fbd7b2a5b9f,3378
2026-02-12T14:32:36Z,JXCM-JUNJUN,account.4c43dfb1274c46ddb948a28445fda81e,3245
2026-02-12T14:32:36Z,HelloLvze,account.82121c44359e41148f3864e230a8ef01,2946
2026-02-12T14:32:36Z,bycnrycl,account.d121c6fd8fd648ed8dfdaf9104693c76,1045
2026-02-12T14:32:36Z,HuYa_WaiDiao,account.283981814abe4d4c8b90d04a857c40dd,0
2026-02-12T14:32:36Z,SolInviktus,account.d3b1a6620d2e4214984a03edd4f14471,1976
2026-02-12T14:32:36Z,CHINAlaoda01,account.7181101ef7d64eb5aee6c8e2e6a5064d,0
2026-02-12T14:32:36Z,SSSSSIYANG,account.bc24f6a04670459bb9947b1bf99c14fa,0
2026-02-12T14:32:36Z,goodbyby-,account.44d30e632caf4ce5b704209930c24a06,2379
2026-02-12T14:32:36Z,H3roFromH3aveN,account.417a827cc24b4674958a0db628f23694,0
2026-02-12T14:32:36Z,Xl_SyntaX_lX,account.d9ba1dbab8554ea78608e9ce774d5be5,2506
2026-02-12T14:32:36Z,ThaBaba,account.14ef6aee4e6e49daa1afd7cf55788a98,2208
2026-02-12T14:32:36Z,AhChiken-,account.03b04111ea984207b9d53a758340b3de,2708
2026-02-12T14:32:36Z,DouYuTV_439901,account.eb2e0e25e07a41988b29eefa3102d446,2089
2026-02-12T14:32:36Z,DaXin_--,account.252cf48baa7846a7b6290e26079149e9,2428
2026-02-12T14:32:36Z,SNITKAAA_TW_YT,account.0c1e572588724cc8bf1c0b1a1e4dbadc,2305
2026-02-12T14:32:36Z,JAKEY_D,account.54e7794393c24e40ab55c04281897387,2413
2026-02-12T14:32:36Z,I_TBAP6,account.dad9e208ac954f39a452a1696ea7a518,1496
2026-02-12T14:32:36Z,KICKmarcelek,account.38f54a975fd04014b7d8e70a3ce5b98f,3292
2026-02-12T14:32:36Z,pi_-_ku_____gege,account.98d2be5f4e054054b9161e1b93c4e67c,3116
2026-02-12T14:32:36Z,Huiya1123,account.6c0bb629567f457caa719939b9948567,2531
2026-02-12T14:32:36Z,X-O927_-,account.cbc9e0f8515d4420b2891f5eb2a3d076,1128
2026-02-12T14:32:36Z,Cledifexd,account.a1a646ac53c949d5b315c58e84f6b6e1,0
2026-02-12T14:32:36Z,XXYY1994,account.10eaa7b2036a4feaa04066a0012371b7,2203
2026-02-12T13:59:15Z,SalmanSultan,account.3ae15058b5924192aec23eb23c911c31,0
2026-02-12T13:59:15Z,ReebokOsonNike,account.d4d21edb183b4994b1f617cd30d5859e,3170
2026-02-12T13:59:15Z,FENNTOZY,account.ed5d51c53acc4faf99f24bc27450e192,1
2026-02-12T13:59:15Z,Miguel_LL,account.4d3142a7629149f1a338fda1e4e1b0e8,1062
2026-02-12T13:59:15Z,Vasiliys123,account.6a1bf197882d4851bae8ac429c5540e0,1497
2026-02-12T13:59:15Z,47Shilla,account.08ce60b9e0c842b4be451648b08721c9,2857
2026-02-12T13:59:15Z,quddms,account.f802df457f0840c9ade24a10446b6a12,1
2026-02-12T13:59:15Z,West_17,account.f2e120403e07446eb434f786a994b69c,3177
2026-02-12T13:59:15Z,MAOSI97,account.709f9bf3988041828e231e0b44a6d9b6,4
2026-02-12T13:59:15Z,Leaxion,account.c5d7e31c46e947bd85b926efa146d207,0
2026-02-12T13:59:15Z,wasCHENNNNN,account.77b5b5429e5f485283c7379ed2fd36ca,0
2026-02-12T13:59:15Z,XO39uH_WESTA_17,account.9397988d8c4f4d0488f2c982048bd4ff,3330
2026-02-12T13:59:15Z,Snappy-uK,account.900083f52bfa42ad9a079a3c8a182ddf,1865
2026-02-12T13:59:15Z,Tack1berry,account.085d376818524a11956e9d892cb81d0c,1028
2026-02-12T13:59:15Z,BxVet,account.30855b8fbf964d05b005a498afee65da,0
2026-02-12T13:59:15Z,you-bro-is-dead,account.27bc7d2e77264774bb9ac0dfdc51f454,1
2026-02-12T13:59:15Z,DarkDeposition-,account.ece63ecb02aa4af18dbff200c9801846,2958
2026-02-12T13:59:15Z,Bronkho,account.464a667ee35e4ad788cd706a925ae8a0,1329
2026-02-12T13:59:15Z,LAHZAA-,account.f9927ebe31cb4b5c9eff8ebafe7f4cd1,1665
2026-02-12T13:59:15Z,ADL_Gdok,account.3adcdd5c885640ab8f198f387781a130,1
2026-02-12T13:59:15Z,Lolosaurusrex,account.3def2404747f40f991b013160166b6ea,1578
2026-02-12T13:59:15Z,OwO_Leguan,account.60ba8de655e64a7f8ad47dc75f3295b1,1204
2026-02-12T13:59:15Z,Quetpa777,account.5bcda8642593425db49722d66f2a7ed4,2816
2026-02-12T13:59:15Z,Barmaley_147,account.0e5992049e0b4297adf549cee82af355,612
2026-02-12T13:59:15Z,CsZn43116,account.f7315bf4551745808d314c8295f30e15,1480
2026-02-12T13:59:15Z,Huali-_-,account.e22ac875650f4f9da04e22d84940434c,2528
2026-02-12T13:59:15Z,Chaplin2263,account.c9673618a34c499b8ab60011fcfa18f0,1
2026-02-12T13:59:15Z,LSY133420,account.f1716c55173d4624b5430728084da77c,2082
2026-02-12T13:59:15Z,BARONPeek,account.79dd81a4845945b0a9873eb9fdb183ae,1982
2026-02-12T13:59:15Z,erwin85,account.4f7c8864b7d84c85a65c4e767d57ab6e,1566
2026-02-12T13:59:15Z,mp_556,account.e423f49a1ad94a15995d09803b0d038e,1
2026-02-12T13:59:15Z,Grrr-_-99,account.0790b13a9b1b48c9b7e9255596199e91,1906
2026-02-12T13:59:15Z,Romashka_UKRAINE,account.40daf6dea7344ec682ee9fa6c3fdf66c,0
2026-02-12T13:59:15Z,420-Co4La,account.9bce4b22a6c045f9bf2e6a3c66b33ca5,730
2026-02-12T13:59:15Z,EVLILERDE_SEVER,account.55a599155fb2488998238d3dfc479bbd,591
2026-02-12T13:59:15Z,Mini_PEkys,account.3bbfa6304f5d46efa2e838625bee1932,0
2026-02-12T13:59:15Z,Sy_Privacy,account.39dd264670c34e0eb2854279337cc2e9,1
2026-02-12T13:59:15Z,mia_baek,account.3e6b170eb24a47e29b27f51ea95b063f,1
2026-02-12T13:59:15Z,o3oCookie,account.67fe21b3f8754cef871d0ca6d201d411,2854
2026-02-12T13:28:00Z,Devil8559,account.3c24a86e8fb948bfa37901f6e09e098a,2027
2026-02-12T13:28:00Z,mmmMastammm,account.7f64d052d6004e6c856232241362d4ab,2904
2026-02-12T13:28:00Z,LuciTheBean,account.09404751dcd34319ab10e093d166cabf,0
2026-02-12T13:28:00Z,birtekirkedi,account.8a8514fef73c467d9ae11c4369ae6f05,377
2026-02-12T13:28:00Z,Mac-247,account.c958af225aed4f9685962bc34c98ca8c,1907
2026-02-12T13:28:00Z,77N_LuYu,account.7e056b91b2bf4cdeb1ac057ed71849b6,2075
2026-02-12T13:28:00Z,GG-bond-0001,account.20c5fc97345742f59448ee56775ee221,2019
2026-02-12T13:28:00Z,VICE_-_,account.313fa5e3d07c4e2b93b5b06b6d9e7965,757
2026-02-12T13:28:00Z,AlanikPTWDzifko,account.8ace4d1afcf44339b63b3a5a10e9c69d,1557
2026-02-12T13:28:00Z,balodya99,account.d804b862122a480991b027ea0d109bab,1973
2026-02-12T13:28:00Z,ibRa1337k,account.6d9e10cde37b48af8a32c5ddceb7fd58,885
2026-02-12T13:28:00Z,MariusTClaw,account.cd0c472ae1ef4e7aab094dc560ea1748,1180
2026-02-12T13:28:00Z,Yanissa,account.3f8b95840db8428c8e35b960b07687ce,1665
2026-02-12T13:28:00Z,5i97_-,account.43127b34b70c4afe824216b160af8c97,3008
2026-02-12T13:28:00Z,LeSNlK,account.1c2f39406ea54fff8fce0d844c38c069,1664
2026-02-12T13:28:00Z,B-1213,account.dd47c40534854dc481f5371c99becc61,2227
2026-02-12T13:28:00Z,Slimk_o,account.88fa9d3fb69e4453b7266db2e5d533f9,1955
2026-02-12T13:28:00Z,Ww-summer,account.aa54cb5b0da64a5d8994175b832321e9,0
2026-02-12T13:28:00Z,drpeter1812w,account.aa5198221cc2427bb5b05fb2db3fca04,0
2026-02-12T13:28:00Z,5i20_-,account.6b0177b94ff84fba95a28dbde8d6aef2,3170
2026-02-12T13:28:00Z,jinpyro-,account.d672b2a5a6f648e29b07b07f8aa65400,1498
2026-02-12T13:28:00Z,Behind_You77,account.e07888d38c6d43d5a93dbd205ec6b00a,2102
2026-02-12T13:28:00Z,jolly-Hj,account.37efe57f4e864253a2e1fd79e749172a,2068
2026-02-12T13:28:00Z,chamr00,account.47c6af4199e2423a8fafd23425fb0a17,1184
2026-02-12T13:28:00Z,Stefano_81,account.219f2067813b4c60bde46218ae075f51,2600
2026-02-12T13:28:00Z,Hopeeo,account.351458d72ee746bd99e0828a14bbc65a,865
2026-02-12T13:28:00Z,MAHVEDER,account.2b5d6679f6d04f0e84e3f8351bca42c1,3165
2026-02-12T13:28:00Z,KEREM-3450,account.d5fd1f13aeaf41cc9be5bd9da1f7764e,3453
2026-02-12T13:06:44Z,VIT200087,account.4f8f433cb920473c9fb2c1e26ee97e98,0
2026-02-12T13:06:44Z,ZIMBACIBILAL,account.3941bd5a293148148b222a42341f2b5d,1180
2026-02-12T13:06:44Z,Tannato_TV,account.bd9d6ca2c7154649928bad0d2218af71,1166
2026-02-12T13:06:44Z,CMD_PLAYER_1,account.566bdf42563d45c199fdfe2c5c578e69,2381
2026-02-12T13:06:44Z,Pau69,account.a5f78e98fb2c4c3f882cd74aec0b1b11,0
2026-02-12T13:06:44Z,K4pii,account.6a68b6742b894a46b916cd66f4172400,3295
2026-02-12T13:06:44Z,R4Z13L,account.e8ceef97fe504360915515d68b778b20,1008
2026-02-12T13:06:44Z,Morello-,account.e94117180bb34eee994ce0189897f61b,2050
2026-02-12T13:06:44Z,vlad1k_____,account.15ea9f2258a54aa8a9dd306dbe5787e7,0
2026-02-12T13:06:44Z,JittaXDemon,account.879fb3436eea418ca23f22f058dae493,1073
2026-02-12T13:06:44Z,XSS7489,account.f05494a6c22d490d87472705fdf54af3,1
2026-02-12T13:06:44Z,mischanchyk228,account.b04c459eda124c968b8377738ac7a265,0
2026-02-12T13:06:44Z,36bb_-,account.8671ad91d87c45ca97faeb23a2a3c460,2440
2026-02-12T13:06:44Z,DIPER2011,account.1c7a3e35d3234018a38a61416be6012c,188
2026-02-12T13:06:44Z,Yujinyyy,account.705110162dc746f2afdb9976e70dc0a6,2832
2026-02-12T13:06:44Z,19Yui19,account.3ed2899abc644da3b2e19a14b3c0bd03,0
2026-02-12T13:06:44Z,mr-ICEBERG,account.d729a9a3cb5343e28a3e4a02979ca77f,1938
2026-02-12T13:06:44Z,BoFengGG,account.93b5928ae937492f8bff7470c0dc3781,2791
2026-02-12T13:06:44Z,S_sorrys,account.f668002f07c84733aa99a2a669e653a6,2246
2026-02-12T13:06:44Z,M3HMD3,account.1784846f6bed4319b01fa39155615e06,913
2026-02-12T13:06:44Z,Greetus,account.d407ca99acc546199e32073073c474e3,2943
2026-02-12T13:06:44Z,ZoZaduNaTicho,account.584b131c39e44dd1b86fbbc4ce42d1e8,0
2026-02-12T13:06:44Z,THE-FReeD00M-_-,account.1c69288f469843e3934737c230f867bf,3113
2026-02-12T13:06:44Z,Goat_meesi,account.2e4f50295dbf4320ba45c89a22d5927e,2626
2026-02-12T13:06:44Z,QIqiQiqiBAbaBaba,account.a5e6eed4c51a49eebbe691f7c640e5f8,2230
2026-02-12T13:06:44Z,BOT_ALEX_,account.913d17a4c540465eae73cbf3b61ba258,878
2026-02-12T13:06:44Z,EfeCpr,account.28dbd8d215534ac89667eeb18abbcb6d,716
2026-02-12T13:06:44Z,17MiNNNNNNNNNNN_,account.93a646f19ac849bf8101ea9d2fab90f5,2493
2026-02-12T13:06:44Z,BABA_HAKAN,account.ac85736510ef4b069d4f8c5944d56443,899
2026-02-12T13:06:44Z,by_cunning,account.64790655c2e34ae78fdc270d1df5fe61,677
2026-02-12T13:06:44Z,NeWaRL4N,account.c89461a0eb974e519a7afc84b5cf3595,783
2026-02-12T13:06:44Z,Foxieyy,account.7de0b729c54d429eb1e7d7ebb1558bc8,0
2026-02-12T13:06:44Z,Luffynko,account.8ec225526e444b8ab524332e060f167f,0
2026-02-12T13:06:44Z,PUNISHER-------,account.a1781b072928414882fb8f05e9faf2e8,565
2026-02-12T13:06:44Z,J-Sotomayor,account.e282115134d3420ba19dc6912b02dec2,2728
2026-02-12T13:06:44Z,SprinGbreeZe_Yc,account.996cfdeb040d43e38dcf3eff3c3d4c5b,1694
2026-02-12T12:40:58Z,Kz_DengH,account.36e200d75d2b49c08b16839d8b5961ce,60
2026-02-12T12:40:58Z,sbwcnm54088,account.5a4586780c33495aaf306e3fd1ab9a7d,1
2026-02-12T12:40:58Z,yeyutong123,account.e161d8fdae574f6e80b97e8893036de9,1
2026-02-12T12:40:58Z,NelsonMuntz0070,account.1c8d73102f7e49f992fddd304c00b9e6,813
2026-02-12T12:40:58Z,xkramNotFound,account.1cd9ec5c9d664af2815b1956bfe77052,797
2026-02-12T12:40:58Z,ToddlerJohny,account.491b07d8963544d9aa12300069333f1a,1710
2026-02-12T12:40:58Z,fzhkfk,account.58d7126f45da425b93e7e3f7fa384471,1
2026-02-12T12:40:58Z,SPONGEBOBxHEATN,account.0617c78efa884b658ab804973e412c7e,2137
2026-02-12T12:40:58Z,TrickMix_,account.ff0ef0d948b0469bbc6ed1efe6d87158,3241
2026-02-12T12:40:58Z,xxxxxxycc,account.f61a3c3060c444929ce0ac18bc7dd534,1
2026-02-12T12:40:58Z,huangdingyou,account.079ee5c502794105852292e7aafb9c25,1945
2026-02-12T12:40:58Z,LoveScarsll3,account.f9fdb51c5e48441c8fa9a10d9c9ea55f,1375
2026-02-12T12:40:58Z,ll1314kl,account.848af8b5efd447fb8a74c653f9c8f398,1487
2026-02-12T12:40:58Z,hong-in20,account.a57b476b5e5446a6987e586871a304aa,1
2026-02-12T12:40:58Z,yeshijiqiren,account.330465e54fd24bae8810de313e2e6c94,1977
2026-02-12T12:40:58Z,nidystm,account.a61f0cc86ded4ff6acf989e99d77e42c,1
2026-02-12T12:40:58Z,Flasha-,account.2b8e881d6f90439dbd5c1b0947d51393,0
2026-02-12T12:40:58Z,liujiker,account.b04144f245554ecdb7eabff11313618d,1
2026-02-12T12:40:58Z,AU792,account.81f7baa673524b4d80be926bd9b64259,1
2026-02-12T12:40:58Z,Rec-ro1ym,account.a8bf1978ea014c4382b56984745cde6c,1622
2026-02-12T12:40:58Z,5iYz,account.a102d02c2e5c4beebe1bcd6b3874b20e,0
2026-02-12T12:40:58Z,Armend007,account.07f92845eea84fb3887888bd09301d5e,849
2026-02-12T12:40:58Z,Sedoi_69,account.b8a6775aad0b4215abb64bf628b75c4a,1170
2026-02-12T12:40:58Z,DoNT-_-PiCK,account.363fad9b6fc74eb086aedecc4d6ed976,1800
2026-02-12T12:40:58Z,Chip-luoluo,account.5182c8467d734a4ba0e23edd7707e021,1846
2026-02-12T12:40:58Z,PeetrsN-,account.26389aed73b04bfba85632b95cf6496f,3108
2026-02-11T23:36:20Z,Melio_FTW,account.711c9560cce74d27b5bc66b29dab6ae3,1995
2026-02-11T23:36:20Z,Staed-,account.c6e7de8998ac413f8915e2e93f2e61fe,3388
2026-02-11T23:36:20Z,mclayy,account.397dbdfae98f4c4e99526889d7a962eb,0
2026-02-11T23:36:20Z,KoHoNeSsssssssss,account.5642f2dca3e949a5b651442dec2110b3,2290
2026-02-11T23:36:20Z,Sn1per777,account.a0c909dfe683479dbe93e959380ab71b,720
2026-02-11T23:36:20Z,Just_Engell,account.8dc300373389480bb4a1b3fe297a4d8b,0
2026-02-11T23:36:20Z,Ahmadshweiki,account.13298236dbb04868876cecffcb356137,1082
2026-02-11T23:36:20Z,TheSengeR,account.27da66bca34f441b8f60917183c207b8,0
2026-02-11T23:36:20Z,RSG_oLdWoLf,account.a46db8f01b594417ba5d590c63194295,936
2026-02-11T23:36:20Z,Rinolock-,account.dcbe9ba564c94d1db21b9c985121be8a,1883
2026-02-11T23:36:20Z,Maxterio,account.1c58e276c2a843cdb727792945dbe1ae,752
2026-02-11T23:36:20Z,Gance000,account.de0689078cea4602a8956f8a090f27d5,0
2026-02-11T23:36:20Z,xDuNKx,account.6d9978bd2df74950a244edae9d9b69ff,2258
2026-02-11T23:36:20Z,Yao_814,account.dfe4b565aabc4efda5d9357220173bc7,452
2026-02-11T23:36:20Z,AGGRESIV0,account.6c32c34a12a24af08c0221814600b30d,2623
2026-02-11T23:36:20Z,Niekkous,account.fd80accf62994fe1962504121078a11c,174
2026-02-11T23:36:20Z,Ku-losay,account.b53898bc289f4c98a85f539eaea1a25e,538
2026-02-11T23:36:20Z,Mewl77,account.78ba5ac4395b4e1bbc33d45547a97165,905
2026-02-11T23:36:20Z,Angela_IQ3000,account.4f6df0483e2e43d0917d2401e9ce0036,2318
2026-02-11T23:36:20Z,R-E-N-S,account.1636c3028d664f41bcb685fa10bde2de,0
2026-02-11T23:04:35Z,TWITCH-xKrakenTV,account.cdcd2f60be7147578f3a241a161dbc7a,684
2026-02-11T23:04:35Z,ciki--,account.2e4f99b0b9514653a8d6f20c8d9e2ee1,1947
2026-02-11T23:04:35Z,bjdkf95270,account.8eb5382c5cd74aa1bab8dafed8a2bd8a,1479
2026-02-11T23:04:35Z,Mars24065,account.fb582cc5d650459ea0a67b48bbaf6407,996
2026-02-11T23:04:35Z,07Rider-Twitch,account.4c5ffdb648fe46fe86622622a6d1aec5,450
2026-02-11T23:04:35Z,Douyin_yunbian,account.344aaa1c18f440998c1a2051aea1c9d7,3032
2026-02-11T23:04:35Z,AlbertInExile,account.594f789641c24d30883b5e7aa570b380,1575
2026-02-11T23:04:35Z,ciki999,account.15bdb0a0c20c47d1b2abcff5dc7c67b6,1896
2026-02-11T23:04:35Z,Kampfentchen,account.05213171c67842ad99554d01793e7b81,2342
2026-02-11T23:04:35Z,YzY-Punch-_Line,account.b7501fcbb94d4020a0f8bcb12993f562,0
2026-02-11T23:04:35Z,itsmeromram,account.ad82fe33604d4337bc175f0bab3a5ea0,508
2026-02-11T23:04:35Z,Fikus_2578,account.309df8ebb8074ab094b0f0f95a03a80d,869
2026-02-11T23:04:35Z,Pastier,account.f5460a9dee8f40f4bba8706ec11933d7,0
2026-02-11T23:04:35Z,Calm-down-Jack,account.cb1d0f93ea5f44d68bf5e650478dd26f,936
2026-02-11T23:04:35Z,Darkyoptimist,account.0082f2fd39a643a1887adcc37cfa23ec,1263
2026-02-11T23:04:35Z,UrXinXin-_-,account.0236ef03831c4d3b9514bc5ff1c682ae,2724
2026-02-11T23:04:35Z,SAMURAI_22,account.6bd30ec3772249ea974ab6d7f5a845cb,2383
2026-02-11T22:27:31Z,HURK4N,account.a9e7400762744ca28faf9cf117acf427,666
2026-02-11T22:27:31Z,Kev1nDurant-_,account.7d5772811d0b4937bea1eafd4859b586,2169
2026-02-11T22:27:31Z,VanRunkel,account.598e8cf75f0441b68b3f4729146d6251,0
2026-02-11T22:27:31Z,kawasanki,account.c70925a71d0f49138b658c385e073985,2909
2026-02-11T22:27:31Z,manif3stor,account.e53aa67502964dc39ea03664b9eecf22,3162
2026-02-11T22:27:31Z,El-Patronngga,account.bd3f75263acb46209b11cf2dfcb9eba1,0
2026-02-11T22:27:31Z,fa16z,account.b812edd900a84e54be0e13275b9a78d1,0
2026-02-11T22:27:31Z,AIIIOTKAMIIOT,account.5aa05da3102948d5932ef143ceb1f9e9,3024
2026-02-11T22:27:31Z,elun0,account.43e4b1b88be242fab69edad6363cace8,1098
2026-02-11T22:27:31Z,DrDentist,account.b8e763fcc5444d29ab48d1fe0c639b8f,1540
2026-02-11T22:27:31Z,VeRanilllllo_,account.1492c34d5f054fe5b06bda7781cf28d9,2200
2026-02-11T22:27:31Z,MattLaMen,account.7cdea83dda8546f389246837f6401847,0
2026-02-11T22:27:31Z,Selu_961,account.59f6a5a9ee9a4fcca3cdc067998eb578,892
2026-02-11T22:27:31Z,qiuqiubiedatou,account.d425fa4ef2824dacb1ba8f9b05e8e4a9,0
2026-02-11T22:27:31Z,JackFrost-_,account.499952c6e9474665a4fa441130a6a570,3078
2026-02-11T22:27:31Z,Mr-Krabs--,account.6e0f886fbe4742eb9a2f6e92139b0a90,1898
2026-02-11T20:47:50Z,RUS10KosT,account.db92ed0418264ae6973f1a6644d7fe78,0
2026-02-11T20:47:50Z,PriMoskri,account.e7aba1c70b16406aa0ed547f829ea4ac,2088
2026-02-11T20:47:50Z,DrPhilGG,account.4be4c28957fd474a8ad9f810b8a00f18,1901
2026-02-11T20:47:50Z,sancika27,account.97935608138f45aea00483c8ac460ede,1857
2026-02-11T20:47:50Z,GTTSmoke,account.d25a430a09654ea5b409f08ef1ca7f85,2066
2026-02-11T20:47:50Z,Pigibank,account.81d5e6c2d3a743cf8d4bb676f013bc69,2218
2026-02-11T20:47:50Z,I_SponSor_I,account.26acf5b27c2c4690b8e06495a951a73d,1937
2026-02-11T20:47:50Z,sagikkun-_-,account.fce15975fd364ba69e7e18739f91feee,2001
2026-02-11T20:47:50Z,DreamHuntM,account.e53e8150626f4155b7252b92a647b987,972
2026-02-11T20:47:50Z,Witcher_66,account.171a6d0615004b40a373ebff09890beb,1892
2026-02-11T20:47:50Z,BloodBaht,account.3354c80d0a77444aab702b49f90f6987,1265
2026-02-11T20:47:50Z,Pro_Dek,account.6098f2b648d24b18844e00a65ed3de1b,1931
2026-02-11T20:47:50Z,BabyMiaMax,account.7e45a92633fd4cbe9f9400ce7962b5df,2279
2026-02-11T20:47:50Z,AxwellSz,account.644a001cb2b243a5811b4f4dc5484528,1853
2026-02-11T20:47:50Z,Cn0pT1k,account.572cddbbce5e4521a28c354f7d2ca123,2809
2026-02-11T20:47:50Z,QWerty1613,account.a079879d68d240b3b1ec776cf618863e,2920
2026-02-11T20:47:50Z,RubyLuck,account.7427798e9a5c426082d38d7cc95f3de9,1400
2026-02-11T20:47:50Z,DEATH_THIEF,account.56af436677094812a8123bec21b2b8b3,1093
2026-02-11T20:25:17Z,LAA__LAA__,account.ab3455bcf37143faaf4d69ff68d1ad41,2428
2026-02-11T20:25:17Z,MaryMack,account.10fbea1e6ad64ecb9b7c25eb5215c663,2353
2026-02-11T20:25:17Z,Ch4nges_-G,account.79c3a06a136c43ccbfc12fa15d2032a8,3038
2026-02-11T20:25:17Z,AnaGherburai-,account.5516d384bf304be69809a2bfb1ad11d8,3033
2026-02-11T20:25:17Z,Tinky-Winky-_-,account.506daa86a99e44e5a60411649cca3630,2498
2026-02-11T20:25:17Z,PUNISHER_FOX-_-,account.435d8515fcba4403b6377a73a566f33b,1900
2026-02-11T20:25:17Z,LEBANON-EL-HABAK,account.91a907b7ee2243eca5628cb93b34dddf,1992
2026-02-11T20:25:17Z,invincibles19,account.43856784fd5046eb8fe80202e261a9be,956
2026-02-11T20:25:17Z,bishmodee,account.bdf83a9742bc4578b09d7449735bac68,901
2026-02-11T20:25:17Z,CROdert,account.157f44583b8148a6ab112462092c5ee9,966
2026-02-11T20:25:17Z,RockNRollRacer,account.da77591b98b940ae91ff5fd28271bdeb,2343
2026-02-11T20:25:17Z,01PY,account.a99253ee5cad4c9ab18c8b3b15642e0f,3333
2026-02-11T20:25:17Z,Micu-Gaminggg,account.b26b81b5b23a47d7af90834fec4aeb8d,0
2026-02-11T14:33:31Z,Ajfon,account.c881ea8d94a64b78ae36449a0b4a0c1c,0
2026-02-11T14:33:31Z,Ghostgece,account.13a0110229b849e5991c8ebdae44e6f5,1508
2026-02-11T14:33:31Z,25218-_,account.819beb9a2b78485c8ee39cd3c991d089,2242
2026-02-11T14:33:31Z,cheeselipsA,account.0e046c477934484ab8be65ebf6dd1833,136
2026-02-11T14:33:31Z,gjorma,account.deaeea8e4cd648cd8ff829e82afab6c8,2437
2026-02-11T14:33:31Z,ZaKJeeEE,account.bdadd367d63c4c74939fd1f4cb9ec26c,115
2026-02-11T14:33:31Z,Zk3298,account.dd07b665a6b94b90ba8c3573a373135b,1
2026-02-11T14:33:31Z,seungmin_sibar,account.d292bd9821434d90bbe337ce5194e71b,1
2026-02-11T14:33:31Z,Zs-First,account.66fd4172e7b14bcfb3dab19b125ed26f,1
2026-02-11T14:33:31Z,AAAA_AZHUA,account.6354dfc5565b42d7ab5d8f2853a12f0f,2484
2026-02-11T14:33:31Z,dawedqwd,account.4b0d43d28328414eb14a1db91c633ac6,1
2026-02-11T14:33:31Z,Lmm--o,account.4969a40620ae434da0fc6dd074b020b9,1931
2026-02-11T14:33:31Z,Q123X,account.4a4b4230c8b549fd949292c44e081c09,1
2026-02-11T14:33:31Z,HappyChento,account.55ed6da5280844b0b184956f23feadb1,1929
2026-02-11T14:33:31Z,Anden2533,account.6a558bb4289745dbb260cde43ea53a16,1953
2026-02-11T14:33:31Z,svirepo_ubistvo,account.8560bc4bab8942da89c6e54e75f86fe3,1969
2026-02-11T14:33:31Z,c1ubBlood,account.400a19aa644343efa15d9d8e8d4069b1,1872
2026-02-11T14:33:31Z,coldplushtoy,account.f2642d0ecb214139a2cce6421a018798,2357
2026-02-11T14:33:31Z,JY-R8,account.048fcd6d48254c09a685d11f61d29895,1734
2026-02-11T14:33:31Z,Dissescu,account.028afcbce05047d1921ce96cce891faf,1887
2026-02-11T14:33:31Z,Aguirrestar,account.a31d6b2f6ecc475e8a7cddca8340d899,1017
2026-02-11T14:33:31Z,lijiaming1314,account.0ebfc994ec154eaba5b78bf4c59900ee,1
2026-02-11T14:33:31Z,Phawkman,account.9ab7cc13c94440fab5af3c22b6d78144,2065
2026-02-11T14:33:31Z,Zguduitoru,account.7def0b7137cd46baa3f363c95632597b,1575
2026-02-11T14:33:31Z,H-U-G-G-E-E-Z,account.d194d5774c144028a3980dc6518e1e60,2451
2026-02-11T14:33:31Z,MayzQ,account.891198cb838e4db798932f9c5c1afd01,3101
2026-02-11T14:33:31Z,HURJATMURSUT,account.a722219c4777437aadb1e1cd56a5a395,2156
2026-02-11T14:33:31Z,DumplingLeo1,account.4737b7cc776c424c9e1c7622a5334aec,1400
2026-02-11T14:33:31Z,Bergander,account.a1c221e7920f4343aea94ed92d6bb55b,2740
2026-02-11T14:33:31Z,nmslcnm777,account.d03aa3ecb8564466898348680795c037,1
2026-02-11T14:33:31Z,KMS_X,account.7a86f3454dd44ba590ff9448be05afa8,1624
2026-02-11T14:33:31Z,Codename_Noname,account.db1618bb2dfa4c75ba283bcbd2b6bf35,1
2026-02-11T14:33:31Z,97NEO,account.cb942ca703254d8f8e7cddc8c08c8273,2897
2026-02-11T14:33:31Z,Marweness,account.70fc894e11594cb8875069c0f5f7735a,1222
2026-02-11T14:33:31Z,Garri-12345,account.b9a469abd2a94c1b87ce34e8a0b909a3,603
2026-02-11T14:33:31Z,Ixike,account.6286d24c8e1e466d8e297f22cbcf5d5a,1036
2026-02-11T14:33:31Z,paodedan996,account.2cee18c6ff204bed99e896fa6a3995fd,2006
2026-02-11T14:33:31Z,coca1na991,account.5ca7c985d17c48399f40fa41bf39f9d1,556
2026-02-11T14:33:31Z,gi2sp4,account.3e0fccf058494c36a3786d4ef1ac5601,1613
2026-02-11T14:33:31Z,hunji1111222233,account.c7a2b806977746e6ab60d9446597250d,504
2026-02-11T14:33:31Z,C_A_L_V_1_N,account.b58f5b09cf8a486e8246ad95d3e86235,615
2026-02-11T14:33:31Z,tar1ksz,account.0c4754d71ec341338329e8741f38d801,1049
2026-02-11T14:33:31Z,Relentle-SS,account.7870748ee2754c078d47a17ade621ecd,1142
2026-02-12T21:59:43Z,ElderJZM0817,account.01d2521d78934c23988f91b5a3cb8b2d,0
2026-02-12T21:59:43Z,dvabel,account.5bc50fa384264a6ebb3e413d31b55808,0
2026-02-12T21:59:43Z,Matamoros94,account.09956863047f45f1817ef16fa9dde745,0
2026-02-12T21:59:43Z,Yatrexte,account.57baf8cb46df4b65a8f32c5fbe93e10b,0
2026-02-12T21:59:43Z,muovari,account.6f403c47bc8d4e158359196fb48bc809,0
2026-02-12T21:59:43Z,R1dash,account.6fa44fdf52b144f4a109bf2b638b418c,0
2026-02-12T21:59:43Z,kostysha777,account.771a5ef94d86437e8ab490c3bb9ec616,0
2026-02-12T21:59:43Z,KoZam1993,account.8570280d89e74f6cb3edf1ef6f546e08,0
2026-02-12T21:59:43Z,Yuzbasi1461,account.bc09ee4d2b0140c9967792b434ab3b52,0
2026-02-12T21:59:43Z,Nikos-Vertis,account.1875d19eb80343d08913c4e7f5aa58d8,0
2026-02-12T21:59:43Z,no122alloo,account.3fe569f142ca4f64aefb7042d3009e7b,0
2026-02-12T21:59:43Z,dereinevogelda,account.4506209e0145423cadc1b5e1a308b842,0
2026-02-12T21:59:43Z,Jorx3Fpl,account.be18b15b8a624519a8aa05d49b6f57ac,0
2026-02-12T21:59:43Z,1Bulasmaa-,account.e064183ecd2f4911aa56cc3144f64129,0
2026-02-12T21:59:43Z,luigi111111,account.b759e2bb04a140c39df41b32fb8dfdc7,0
2026-02-12T21:59:43Z,Playerhasjoined,account.d582a062ec03414599d4e3cdf8d7fb61,0
2026-02-12T21:59:43Z,MrAmerXTTV,account.36be8e4aa70646fa88f3b63e17d23b2d,0
2026-02-12T21:59:43Z,WILSON_HU,account.37bf27dc087f43008428dfe8140e7039,0
2026-02-12T21:59:43Z,plzihatesalmon,account.0522f8230fac466aa6f914038ce2218b,0
2026-02-12T21:59:43Z,Gkila_1,account.036b9c53e4d64644aad39bbf70bb71d1,0
2026-02-12T21:59:43Z,Berge23,account.758ac3372dcc414b88ce3a4a314c89a6,0
2026-02-12T21:59:43Z,klosarkas13,account.f7a80156e3be429fab879c984f59315f,0
2026-02-12T21:59:43Z,MatanB,account.b9d1f91b86a24af890df1e9b8bd408be,0
2026-02-12T21:59:43Z,Mamer-1,account.022a83b1cb2a49ddab27d6e6f493a5f2,0
2026-02-12T21:59:43Z,Neraks,account.cf7df67a7cf04242ab959df6c8151f57,0
2026-02-12T21:59:43Z,faq236,account.d32daa69be4f49249633c5b3a5af0bd2,0
2026-02-12T21:59:43Z,Hugo-CTR,account.f3d70d202d7a4962801bd052414d612a,0
2026-02-12T21:59:43Z,kadir4406,account.c73e7ef8851744e8b3d4323ded224c80,0
2026-02-12T21:59:43Z,aFaReis,account.a4e929316bb0481da3b5c16ae8583cf3,0
2026-02-12T21:59:43Z,perfectbalance33,account.9dc90313668a45f3b48db9490df1966a,0
2026-02-12T21:59:43Z,guy-159,account.5a9cfc9d15c1440c85bb2b18820ee7e8,0
2026-02-12T21:59:43Z,TTDANTE,account.95a1681442864aab8505ff064e5c68b0,0
2026-02-12T21:59:43Z,52minisen,account.69e07047277e47a29274cc625a97e38d,0
2026-02-12T21:59:43Z,BANN_EZ,account.6ddeb73dedab48df9b70fb3c6ac6a0ca,0
2026-02-12T21:59:43Z,imota96,account.ee5f480fb45c4aaf9c6484a67930bd16,0
2026-02-12T21:59:43Z,P_RINTER-007,account.14204bdc8ab8472f9f4ba65336972100,0
2026-02-12T21:59:43Z,DoubleTrippleG,account.17633bb9a07348b2a41775d7615467d4,0
2026-02-12T21:59:43Z,Sugar-SHU,account.f9489da602c24475936f9d56939798d8,0
2026-02-12T21:59:43Z,Makc228top1,account.29aeda6f8862419d8e268957dd0d95c4,0
2026-02-12T21:59:43Z,sam_murai777,account.ef1f977d1faf4734a28ccd0aee2e8833,0
2026-02-12T21:59:43Z,BigMojoAD,account.a092079672c3431b88609ebfc0e56b79,0
2026-02-12T21:59:43Z,DAREDEVILXP11,account.0d92ca5b3434477690a80e31c8e5aa97,0
2026-02-12T21:59:43Z,Agver18,account.688588f751a547148f56717dc9118050,0
2026-02-12T21:59:43Z,Manou86,account.794d71f83da0473e96231e72103f8434,0
2026-02-12T21:59:43Z,LiKe_SpiKe2010,account.49992bbf7a8a44eb9f081e154fd59afd,0
2026-02-12T21:59:43Z,ALOGLU,account.2b99f80d445e4f7abeec4819cbd8f196,0
2026-02-12T21:59:43Z,whyousmile777,account.3bc93402f357491092884bd8beaf1443,0
2026-02-12T21:59:43Z,MATREX_SYR,account.221427a291fc412ba089fda23ba71d63,0
2026-02-12T21:59:43Z,Zuksi,account.337c0d69778741ec896c259dafa64f30,0
2026-02-12T21:59:43Z,AlCaDimi,account.4b00e06368be4c4d88a7f952b7199a94,0
2026-02-12T21:59:43Z,behemush,account.3f49256b455d4c468faebe231524b2b2,0
2026-02-12T21:59:43Z,Stanleyowl1,account.609199463e4d4892a0a0b65eed0244ff,0
2026-02-12T21:59:43Z,Torpy479,account.3f546b0603174355aa257ead9c173858,0
2026-02-12T21:59:43Z,ItsEivorr,account.6ad6660999ae4fe6aa53209b35232ffb,0
2026-02-12T21:59:43Z,XDORX,account.76cfaeef5ac9456ea37a1bcf4387356a,0
2026-02-12T21:59:43Z,Yezhovsky,account.668d9fd5414547fd9b5091c0d323006e,0
2026-02-12T21:38:21Z,Giaqoumis,account.48e51eb4830c4062a754b7ba76730d52,0
2026-02-12T21:38:21Z,AgilPro_,account.83289fd5638c4903a82e14d92d1a8273,0
2026-02-12T21:38:21Z,TapForse1,account.19db73c4c2ca45a596aa14439698d025,0
2026-02-12T21:38:21Z,strayhelll,account.c70a587808d3458a819b627eebf1d9ec,0
2026-02-12T21:11:45Z,konkra25,account.981c675bf54049b3ab1cd5b0bb813f31,0
2026-02-12T21:11:45Z,nAtuuzzi,account.fae49c4b01b240f587b4f5d0d5c8772b,2208
2026-02-12T21:11:45Z,Bosse32,account.f085cd96e0ba4bec90e82244200ee974,0
2026-02-12T21:11:45Z,HealthyDude,account.5d8246cd455d482398b8a5df6265d437,0
2026-02-12T20:49:40Z,WarsHunter,account.ce97ace616f44760a22788dcbe765c35,0
2026-02-12T20:49:40Z,Xenosnoop,account.4359fbc582124391abe07c8bf390f966,0
2026-02-12T20:49:40Z,TROTSKI,account.d88378c2d72a4f8298d4658ce86cff80,0
2026-02-12T20:49:40Z,SV650_Dude,account.f4c6d441f65a45c288753e97cf2de1c9,0
2026-02-12T20:38:06Z,Mangol7777,account.f0be390b801e43c2b20fc6cdd21db32c,0
2026-02-12T20:38:06Z,MACHMOUCHI,account.68c4471b905a4822b98625d29736bbe5,0
2026-02-12T20:38:06Z,vegito78,account.48bd99b600f6493ba332a7d413291829,0
2026-02-12T20:38:06Z,ExtraSence,account.5d9821f456d64ceb9fbc7d3fa3ea8560,0
2026-02-12T20:38:06Z,o5amabenlagging,account.f972035e9fb245609410d85a37d9f347,0
2026-02-12T20:38:06Z,KlizmaPravosudya,account.6e80708f139744b69ecb60db9a14fd34,2043
2026-02-12T20:38:06Z,samiratshan,account.1846d118a5574516929370f01e2432a0,0
2026-02-11T23:04:00Z,Lakim34,account.decbb7dab3ff47e3a6cffe1ea1018076,0
2026-02-11T23:04:00Z,NEDAVASHKA-27,account.de160a8b8b6746f5a5f4b73841d627bf,0
2026-02-11T23:04:00Z,jonepasububle,account.359336169a7b473995487574806b3aef,0
2026-02-11T23:04:00Z,Riquico,account.bb0d8ab220ec4abb991f1b8579084f95,0
2026-02-11T23:04:00Z,Iti-dau-teroare,account.22f0a6989f204177b37443b6459fbaae,0
2026-02-11T23:04:00Z,Danil_Black,account.d66965d0d2c34e95826258f2876705b0,0
2026-02-11T23:04:00Z,Farzadfld1996,account.677e04a57a524b6893b6a96b89fc4f52,470
2026-02-11T23:04:00Z,Joselito_16,account.82399816995b4fec98583055cb7adac9,0
2026-02-11T23:04:00Z,Dark-LeGend_,account.9461e3308ce84756a504cd452afa08f7,0
2026-02-11T23:04:00Z,LITTIECOOKI,account.57e30c29f58240f39b23976f8526b937,0
2026-02-11T23:04:00Z,BnnMnMS,account.9efdca846302485bac4b8981dadb85d1,0
2026-02-11T23:04:00Z,NyxLii,account.b7963673af9d4a528b6144906fdd71c4,0
2026-02-11T23:04:00Z,babyliaja,account.6f6382698897434da7e27900844067e5,0
2026-02-11T23:04:00Z,nKraTos31,account.481cbcbc05a547d3b84786026483c83c,0
2026-02-11T23:04:00Z,MB_89,account.1a2ba26ef6294446819a536a17bae7d6,0
2026-02-11T23:04:00Z,Bmac2k,account.ea6ea21ad55f44a88466a7e28b0809c8,0
2026-02-11T23:04:00Z,mohamadjamali7,account.c8e02e7571bf44989338ab6eded05e62,102
2026-02-11T23:04:00Z,furzumm,account.088848ea7e3b4d568e887b22fb1f9d17,59
2026-02-11T23:04:00Z,lqwed,account.81e7a7171e64481cac96c46642fd624a,0
2026-02-11T23:04:00Z,HX_FOY,account.f205d49102a94045a9801f47e9538d51,0
2026-02-11T23:04:00Z,BiboshKom,account.749d4000040143d9bbf9144be38af9e8,0
2026-02-11T23:04:00Z,INFYooRa,account.4e9dbf3b507342e29535a55d5b06c989,0
2026-02-11T23:04:00Z,Izarki,account.bb8c60eaa1a94400bff547746a9e95af,0
2026-02-11T23:04:00Z,karakule3535,account.78366e67cb8e4462a52d468eac2ce555,0
2026-02-11T23:04:00Z,jqww798,account.51ad3827e11748398510c60a48410a10,0
2026-02-11T23:04:00Z,Obaid_47,account.1cb00238edab452a8896c1d6cb359e91,0
2026-02-11T23:04:00Z,sumoextreme,account.797147f7b6f347f5bd02c81f4cb5ad80,0
2026-02-11T23:04:00Z,bahsen,account.b0118984638c486db57dba0f9e85a09b,0
2026-02-11T23:04:00Z,Lil-Liu,account.ee1f1d6eeaf243c082cd26618939a90f,0
2026-02-11T23:04:00Z,laacib,account.4868557026b741fba537f82e8e9f087f,0
2026-02-11T23:04:00Z,RezaWild,account.52d14ed00d454b6186af4f846e6f408b,0
2026-02-11T23:04:00Z,dorabodabus7,account.0fcfe18bcb89444585c9ae5c2d4e6a46,0
2026-02-11T23:04:00Z,Swayz17,account.3ce55e0b9d8e471297cf349663308d86,0
2026-02-11T23:04:00Z,AslanBaba45,account.22ca511c53c643a1968965d35bcab2e5,0
2026-02-11T23:04:00Z,AHMADKH2000,account.4ef48e9f4b05440aa88d285b2f59f3dd,0
2026-02-11T23:04:00Z,WinteR_SoldieRR,account.3e385f109c314f128be3c6d9541b5525,0
2026-02-11T23:04:00Z,lixin8527,account.0d9b5c5175d94c5b9cabf40825792cc7,0
2026-02-11T23:04:00Z,Erfii,account.fb82ac5957b4485bb0d287976fbd3fc8,415
2026-02-11T23:04:00Z,William_Thor0302,account.da4fc99abfa04f06b721a19f4a2cba88,0
2026-02-11T23:04:00Z,Twnstr,account.ac92efa505dd46f1946b28d55748f965,0
2026-02-11T23:04:00Z,SSansaRR,account.b7dfd29f2dc248faa29b39366f54a1d9,0
2026-02-11T23:04:00Z,Dylann32,account.e1650a768ae64540922ee18469457495,0
2026-02-11T23:04:00Z,LoxUc1,account.81fb598b8264491a93cd5369806987cb,0
2026-02-11T23:04:00Z,Berim031,account.39474ab0ec244618be47455555ea0922,0
2026-02-11T23:04:00Z,fgonc,account.3c51eaf199cf406a9f2398acca4563bc,0
2026-02-11T23:04:00Z,Heule_Leise,account.458d8b3de60c4f008464532650277c89,0
2026-02-11T23:04:00Z,malynkin,account.dbd7ceba98e4439184a60956f2b332a3,0
2026-02-11T23:04:00Z,Delush,account.d235ce6263db49e8a3a9e4c9fd1c3cd0,0
2026-02-11T23:04:00Z,ZoneTrente,account.225f5aa0065941db88ae20a87ab4dedb,0
2026-02-11T23:04:00Z,Ayro1537,account.61947d4a4f324093a36ee9b33bca9a51,0
2026-02-11T23:04:00Z,blessedesolator,account.052290eb06424e139c4efe933f685e13,0
2026-02-11T23:04:00Z,NizzN,account.1a0b3d7b2a3b4185b4aaad15009abf61,1886
2026-02-11T23:04:00Z,Charloty2132,account.aa5a802c787b4a4eb04c6aefa0b50198,0
2026-02-11T23:04:00Z,dream02,account.c5c5fbf7aa0143d087eabef361879e26,0
2026-02-11T23:04:00Z,sna1pi,account.43e57e0eff5c4f99945c88f762650a15,0
2026-02-11T23:04:00Z,FrenchTouch33,account.35e0c64fc84540f58e09ce8992e6fdbd,0
2026-02-11T23:04:00Z,JabroDK,account.82a99d18738342d99b050a368a14fd27,0
2026-02-11T23:04:00Z,K4RMA43,account.3cf8fb4cb39041429ba720e643eedd4a,0
2026-02-11T23:04:00Z,Darlan_Willian,account.e80bff535ec9481e835b59217429257e,0
2026-02-11T23:04:00Z,aundezy938,account.8ee0e6a5507f4809bdfad3d6379d144b,0
2026-02-11T23:04:00Z,Be_texx,account.feee403b77784d9797c50bbd35a35829,0
2026-02-11T23:04:00Z,Maddecain,account.5241daaa381c48358d2fc86d73a381e9,0
2026-02-11T23:04:00Z,CrestorPro,account.6b579915f7f144628da287bb4930f59c,0
2026-02-11T23:04:00Z,Johnnybego0d,account.40680a171dbf4d46bba63ce808f24460,0
2026-02-11T23:04:00Z,secondchoicebg,account.f4f1a3c14fe840939a07e90aaea85cb5,0
2026-02-11T23:04:00Z,GONCCC,account.706d4122effa4e1a8b5770443633b54e,0
2026-02-11T23:04:00Z,st0nedr4t,account.f9639da29e194d058a0a3ca492d862c9,0
2026-02-11T23:04:00Z,Time4UDie,account.6f9883a4bcea432a8477d92406879fc0,0
2026-02-11T23:04:00Z,Bahoz-63,account.4d87562e32fc4a29b8ae7f39c4796d03,0
2026-02-11T23:04:00Z,2_yun_2,account.dd66238248694230b0c885a2ad757cec,0
2026-02-11T23:04:00Z,hardamelos31,account.7e275656c7264c3b9810dc3e072294bc,0
2026-02-11T23:04:00Z,Human1zer,account.d2af3c38046f49a088db1ab0f3c77045,0
2026-02-11T23:04:00Z,DonPapaKilo,account.f8e2f488e9cd4a2a9a1275c35c1b9091,0
2026-02-11T23:04:00Z,No3x,account.da7fe471a8034324870ca20179b14067,0
2026-02-11T23:04:00Z,Luxfalme,account.bbf9b10c7337400eb07c4487ceaaf177,0
2026-02-11T23:04:00Z,Yanek_Crispbread,account.81ebe5721fef4663968c4bb39708a5ca,0
2026-02-11T23:04:00Z,ElKabronDeWilki,account.2ecc5c1ad6614073b5a19d6b3a873477,0
2026-02-11T23:04:00Z,BLACK_VIP_1,account.333bdfa921364928b7d54cc7fee0c0f9,0
2026-02-11T23:04:00Z,JoJoRaS,account.8b27cb4995de40ec9acf9bfac6a6ecff,0
2026-02-11T23:04:00Z,ElToPo94,account.e21d8db8a0ff4d3c8e8ddcb3785d8f83,0
2026-02-11T23:04:00Z,ZXCCCNEvermore,account.5f320048afc94a3285c104eefb9b42d5,0
2026-02-11T23:04:00Z,GRADIADORZAYA,account.901ed6aa3e86495ab1a69210ab76a1fc,0
2026-02-11T23:04:00Z,Archq3,account.8f0b04bd4b6b4016bd804505b91e57b2,0
2026-02-11T23:04:00Z,HAL0ZER0,account.c83df9c76c7c456aa30e1b180fc04631,0
2026-02-11T22:57:37Z,omerr588,account.0b1780527a884262b917e8199486cfa2,0
2026-02-11T22:57:37Z,NizamiCedid61,account.ee063052823e4fdf8e419806033d5558,0
2026-02-11T22:57:37Z,C_A_A_T,account.500c2494f7ec41d5b0716d4fec8fae72,0
2026-02-11T22:57:37Z,MarvelCreamer,account.6d5eb138aa4847d784995e3c83959c0f,0
2026-02-11T22:57:37Z,SpyKeR__,account.5f06cffa3409482fa9fbfc3961fb0c9f,0
2026-02-11T22:57:37Z,Captain_KlD,account.c3ebb61308bd49ce889ae8a4a490e19b,0
2026-02-11T22:57:37Z,l7fian,account.2c602a4b27204ed994d4487cb45e5390,0
2026-02-11T22:57:37Z,Funyaaaaaaa,account.605d86798bd9418d998e6df587808566,0
2026-02-11T22:57:37Z,chiillsuu,account.458f20679dc34953899efdc6c84bf384,0
2026-02-11T22:57:37Z,TMCPM4shadoW,account.94a61cb496484b2f8c0fcf8ddbb484e8,0
2026-02-11T22:57:37Z,g8812p8fdu,account.067999a8453c4cfc9b61a68a03188ca5,0
2026-02-11T22:57:37Z,asda21123555,account.95bcfba820a84f6eaa8ab558c4b0aeb1,0
2026-02-11T22:57:37Z,zyx1_1xyz,account.6792af0e93db4302945654aa3f0a86e1,0
2026-02-11T22:57:37Z,zaknade,account.a25688f072264d20990243f7689120d4,0
2026-02-11T22:57:37Z,bibq12,account.782cd800b3f64312b754db9bf16476e9,0
2026-02-11T22:57:37Z,XQ_404,account.31316670818741598006d638cb77ca00,0
2026-02-11T22:57:37Z,themanufacturer,account.8e04fdcdee1646b59d810b043919d775,0
2026-02-11T22:57:37Z,SEELETXDY,account.e495a5a535f84678abc42c1d9f0d7af9,0
2026-02-11T22:57:37Z,CORAING,account.a72bf4ab97024b1c95db402e3f94dcc0,766
2026-02-11T22:57:37Z,wang-jieyuan,account.911db18bd8d848d8a695ba189571bb51,0
2026-02-11T22:57:37Z,DADALOO,account.b634e1479c87486cb0bc2e990155dad9,1
2026-02-11T22:57:37Z,Quabbou_1V4,account.b017d0d5315145afbe34b01a2eb56ca6,0
2026-02-11T22:57:37Z,ImadChamakh,account.7c00f56c317040d38b6b4a38cea48efd,0
2026-02-11T22:57:37Z,Olly97,account.0c79a5ceeea0463a9b95efb9aa6b718c,0
2026-02-11T22:57:37Z,deathking39,account.e9301cdb89cc4b2daf52fe3df21f2a5e,0
2026-02-11T22:57:37Z,Zey-rn,account.15162b635bdc4ca8a2668a9dd2e35bf6,0
2026-02-11T22:57:37Z,qiu123654789,account.a470cdd025eb41909128dc325cea652e,0
2026-02-11T22:57:37Z,haypomo,account.cff1657d1c214733920ff380d1be0f68,0
2026-02-11T22:57:37Z,midox-007,account.9c1a71a86fa74fd89cb788c411e6fea8,0
2026-02-11T22:57:37Z,porcoddiooooo,account.4f86577b1db145df895d925a17eb18c5,0
2026-02-11T22:57:37Z,TurboLaczek,account.e62b3aeb06874156ab1549e88d9f18b8,0
2026-02-11T22:57:37Z,MishkaGammi69,account.4b8f4ea1f6344eb98a54b15d05fad19d,0
2026-02-11T22:57:37Z,asMaXi97,account.efb99989cbcf4f45aefad0824047fb89,0
2026-02-11T22:57:37Z,3LUU07,account.2d872fad9895413caa7c039ff3b9b4af,0
2026-02-11T22:57:37Z,Kockica3,account.a49d3e7f00104a29b98e0af6db42b43b,0
2026-02-11T22:57:37Z,Miracmx,account.2d7f043afbfa4b069e0b23b348c002e0,0
2026-02-11T22:57:37Z,akex-sniper92,account.f56cdd80ecb542cb96427b6fd5ac2a4e,0
2026-02-11T22:57:37Z,IlluSl0N,account.5e576a41e25b456a94146af867c5ca7c,284
2026-02-11T22:57:37Z,Milos_64,account.e5584167fc2742898666598fde220b9a,0
2026-02-11T22:57:37Z,In-Sniper-Alley,account.c806fea04f194fadb2011e2ff0cfb8b2,0
2026-02-11T22:57:37Z,Rasta_doc,account.d2e3b41104ea4619978c1c115521eb9b,0
2026-02-11T22:57:37Z,Iskader2137,account.ce67b696b97a4505a060ddaef0da36b8,0
2026-02-11T22:57:37Z,Q-K-1995,account.73ffcbd29c7145b09b4e9b2bf259a324,0
2026-02-11T22:57:37Z,Nas37,account.d93ef1f0496b44d093745cb96ac8ef0c,0
2026-02-11T22:57:37Z,H-U-G-H_W,account.ec500981b56b402bad9fed275a6ca01b,0
2026-02-11T22:57:37Z,Hans-Glock-,account.9f0476816cab4b39a152badd8e74a18d,0
2026-02-11T22:57:37Z,masss00,account.5bf4e8ae1f5c4bfbb63d9cc03ceca72f,0
2026-02-11T22:57:37Z,TheStigIsReal,account.e5ebc9793eb54cba9e23d6b78fc6ba62,0
2026-02-11T22:57:37Z,Dosen94,account.5f9a1384c66141eb826c11556ba37bda,0
2026-02-11T22:57:37Z,Ejxrkms570,account.6ebe4e5632f449d69e38bc9c3b663a3f,0
2026-02-11T22:57:37Z,Y-YxuJI9IHT,account.3f4eaf7c71574542ae4e7e3b77059c98,0
2026-02-11T22:57:37Z,Virus_86-82,account.cdbdd7e142eb4f47abf3dc0821cfdc8a,0
2026-02-11T22:57:37Z,Ak1zuki_,account.ec246004c53a479a9799073addbdfe2e,0
2026-02-11T22:57:37Z,TeKiLa_27,account.7d549069667c4b7b8f0c8ad9aff18848,0
2026-02-11T22:57:37Z,Acims,account.4f2a57e79e784971994998355360960e,0
2026-02-11T22:57:37Z,EmReKnBy,account.5ff0e28ff0bd485982853f3e794863d7,0
2026-02-11T22:57:37Z,Mastertomy86,account.479805fb57bd4fdd93d5ec85aa8f065f,0
2026-02-11T22:57:37Z,TuAbuelaMojada69,account.582d9b4efb2443a594bc9e83239e4f42,0
2026-02-11T22:57:37Z,AyhanGs,account.b4f15e0c557d48fdad74ca1fab1ca6b3,0
2026-02-11T22:57:37Z,RaedKill_,account.54d568cacce546cc8fb564d43961ec95,0
2026-02-11T22:57:37Z,TheRealAv,account.384a720e3c7e4a2db12e135c9c0a9beb,0
2026-02-11T22:57:37Z,SF-00000000001,account.fee101601bf846d1ad727661be26f88b,0
2026-02-11T22:57:37Z,BordoBereli100,account.91abf086c2d143c2b8b1b0c804d4452b,0
2026-02-11T22:57:37Z,Justingting,account.4c1cda6f9c8544bcbf56bb414cb07a6a,0
2026-02-11T22:57:37Z,FFWXSERVO,account.3a433213943a494cbf298978861abe1f,0
2026-02-11T22:57:37Z,ThuGinSky,account.af8ac5b23f9a4824b33c652a04b275c9,0
2026-02-11T22:57:37Z,V1-ad-OSS,account.62c54af3e8d04172ab0e0f520c8ac787,0
2026-02-11T22:57:37Z,Elvis_EV,account.070ab4c6c3de438d8b2c0e8d7d99e716,0
2026-02-11T22:57:37Z,MEnglei666_,account.d57043fbbc7a4d07b0828b26a9dcd757,0
2026-02-11T22:57:37Z,Lancelot315,account.dea88b8026a94a9ab0f8017a7ff62668,0
2026-02-11T22:57:37Z,wiccecraeft,account.fd6e6d95cb364b9ea3953aa5c82ec8e4,723
2026-02-11T22:57:37Z,Mathiaskrusep,account.a91237c6a648423e8c11be5b1bd805e3,0
2026-02-11T22:57:37Z,FordiusNL,account.262e2890be344b9589c6caa6bafad52c,0
2026-02-11T22:57:37Z,KILL_Szachasx,account.5ee4669e211244d9afeaca668dfd1d25,713
2026-02-11T22:57:37Z,Genetics,account.5eac32c13ace41b982e998ddce8e602a,0
2026-02-11T22:57:37Z,Kurmanci_P0wer63,account.d65208698bcf422f93a750380eae6373,0
2026-02-11T22:57:37Z,GilgameshXzz,account.757b519734ed4a20b55bb736b9251e8d,0
2026-02-11T22:57:37Z,Ka1lut,account.f5bbcd17fd6040e9894774056f259aa8,0
2026-02-11T22:57:37Z,DentistDoc,account.a2e54c6f512a48499dce2f23befc69e6,0
2026-02-11T22:57:37Z,oxruna,account.2a27c482df3b4591bf015924945cb2ae,0
2026-02-11T22:57:37Z,not_ur_b,account.711dc2faefb4430a8767544b27681d8c,0
2026-02-11T22:57:37Z,MajestiC_x,account.8f415e9deb004db3852b799b3db3da08,0
2026-02-11T22:57:37Z,Ibliss-216,account.f274d122fa1741179c0ba9ba1807126f,0
2026-02-11T22:57:37Z,ThrovisioN06,account.6275344e952949e69f473aa4979ee152,0
2026-02-11T22:51:26Z,metobaba54,account.3b60eb85e0c04a9287b7bdcd23295afd,0
2026-02-11T22:51:26Z,AynowiN,account.4907b50450a14362bccb89cc7796c25a,0
2026-02-11T22:51:26Z,Matija1408,account.01b44ff98b5c4c9c8c69260eff7123ab,0
2026-02-11T22:51:26Z,EnergyUp_404,account.dfd758c3a54a452dae6ee91338eb39e7,0
2026-02-11T22:51:26Z,RtxSteel,account.2713d8c765f243a9ac4b465b74a9db6e,0
2026-02-11T22:51:26Z,AntonKroum,account.f010deac20d24a5f8a922247062c0bd1,0
2026-02-11T22:51:26Z,Aguihunyuling,account.e25fa390e45848c3964d5d3ec0fe316b,0
2026-02-11T22:51:26Z,SneakyKiller2011,account.61cc5344f99142eb9059b4949457849b,0
2026-02-11T22:51:26Z,ATALANTOCC,account.3ee23796d9284d609940d1407ae37cd2,0
2026-02-11T22:51:26Z,arturo_b,account.a02537d4adce43558ac6413079d3de50,0
2026-02-11T22:51:26Z,amirhossein7732,account.986d7957a87948769465498731a0f98e,0
2026-02-11T22:51:26Z,Brken,account.d9c0d8a461264d73bc01915542f24593,0
2026-02-11T22:51:26Z,Shin0kray,account.fe46e15feb1b4449a3c2f564d93eef79,0
2026-02-11T22:51:26Z,yasakli55,account.8bc1574d65ad46d1bfb9f47654b98117,0
2026-02-11T22:51:26Z,XXJOOKERXX,account.cca82485eadf49d78ce9ebc75e0d9d15,0
2026-02-11T22:51:26Z,mufelka,account.4b8e78e369a5461f8579fd41e6de2865,0
2026-02-11T22:51:26Z,WARNING_BIOWULF,account.b921c196473b471a85326d1da34469a9,0
2026-02-11T22:51:26Z,TURBATA,account.546790483a714e7b9a74562e5214c84d,0
2026-02-11T22:51:26Z,QxQwar,account.cbe7f48078a74de3860de87bebb3fb8f,0
2026-02-11T22:51:26Z,Brebis_Ambulante,account.9dd38f39cdfb43c19f4595279e70bcac,0
2026-02-11T22:51:26Z,KAMAIDZ,account.8440a672f1aa479fb36f53c9c8f2e986,0
2026-02-11T22:51:26Z,ANDY_DUFREIN,account.186286aaf2dd4ed6ac9eb1420fdd9307,0
2026-02-11T22:51:26Z,acchino,account.7ba8a20fc92447b3a8ac3f1e338cc88f,0
2026-02-11T22:51:26Z,ITs_ACHRAF-4,account.04376b3e468f449b96e063823c799b1d,0
2026-02-11T22:51:26Z,Eesti2022,account.283d85e134b44ff4b42a8613bb993e31,0
2026-02-11T22:51:26Z,CtrlAltF4-TR,account.21c7f21297c942d69892865820ceda02,0
2026-02-11T22:51:26Z,surKA1S,account.16ba0c933ed14284974bf5265d79bcdf,0
2026-02-11T22:51:26Z,Lenny_Barrre,account.d4594684ddf9447199532c90ed2faed6,0
2026-02-11T22:51:26Z,MNE_Jovan,account.41aee8225ca54c8091a22926bc982916,0
2026-02-11T22:51:26Z,Mykolaiko,account.592c662510374a8fa876957271cfc879,0
2026-02-11T22:51:26Z,DevastatorD,account.d5ea5e7e36a84970a190e0fdaa8540e5,0
2026-02-11T22:51:26Z,Badcompany_12,account.9dbb577a97b549cfa0c46d885cb4b622,0
2026-02-11T22:51:26Z,VIKI039,account.658433ae03a64ef1ae69a0f8294e7f5c,0
2026-02-11T22:51:26Z,Rymek22,account.d735e161d225478282408671ba4edccb,0
2026-02-11T22:51:26Z,AtunYMillo,account.a9ef930973434788b0f857bb4f7c1626,0
2026-02-11T22:51:26Z,ardaksn,account.ad8fce13926e491c901b265c3261eb24,0
2026-02-11T22:51:26Z,CrazYCaCaa,account.d257547199ed4c9b92c7571bdd6da84c,0
2026-02-11T22:51:26Z,KillwratH,account.ee519f137a3a4946b3454d5d7d70ef5a,0
2026-02-11T22:51:26Z,MinimaMoralia,account.5d423aad4ed349688d7b7e9e87ffcfef,0
2026-02-11T22:51:26Z,enterthetext____,account.51535af0e1934fa38bc6252175fbc9a7,0
2026-02-11T22:51:26Z,RoryyyyyyShang,account.a50d837e0a4b45d38b4bfe7ad251eea4,0
2026-02-11T22:51:26Z,Vaelarys,account.7f22ef1c47864bfb90e9f1fe2dc2e6cf,0
2026-02-11T22:51:26Z,CAN16_X,account.76be4a7717714f2f89300c200b3851e9,0
2026-02-11T22:51:26Z,ABOODGAMING,account.a0052f3f09f9473eb82a166c3eef82ff,0
2026-02-11T22:51:26Z,mdom101,account.8816cc50a9c34889ba5ddb0d376eb86b,0
2026-02-11T22:51:26Z,Raafcias,account.c49fde48c12c45e8ad53402fdeecffa8,0
2026-02-11T22:51:26Z,1nfAzC1O,account.e53300a29a4449a8bd145a222099b720,0
2026-02-11T22:51:26Z,tigerking_77,account.5177b3c4348e42ad89338bc0f2b160e0,0
2026-02-11T22:51:26Z,fouad-boos1997,account.4b89211a7c6c4223b6728e04e63d09e5,0
2026-02-11T22:51:26Z,Karamzof,account.37be7db191134295a6134b8ccfe3c5b1,0
2026-02-11T22:51:26Z,Masternick007,account.669025ec0ec644768477c3ac1c326ca1,0
2026-02-11T22:51:26Z,ahmetka,account.fac10966cde349bab69ca0cc958322ba,0
2026-02-11T22:51:26Z,Hayzo00,account.b6530908cac0420d8a448aeafc5711c5,0
2026-02-11T22:51:26Z,ABOKHALEDD,account.a90f949b76f64df98a5f230a308065fe,0
2026-02-11T22:51:26Z,GeneticPizza,account.71e3f611f0494feaad5429e8f4e6603f,0
2026-02-11T22:51:26Z,prezesOlaf,account.cef60cb3e7d54fb5aaae730ce97d62ee,0
2026-02-11T22:51:26Z,Flex0x,account.2934b736c4e44cec98e0bd04d01d08c0,0
2026-02-11T22:51:26Z,GUYBRUSH_5,account.2e492d81feb54449a2b9d6295d923c80,0
2026-02-11T22:51:26Z,erdenaypro54,account.756afcdf37ff4c07b689ecd123b2d2f6,0
2026-02-11T22:51:26Z,SPICASOG,account.4dd45f66009d4a35a855dc452834fc94,0
2026-02-11T22:51:26Z,Broxmun,account.598f418850b04b368d8148949ed6f31f,0
2026-02-11T22:51:26Z,GubkaJob,account.f9950b02d2b644a9a2f2dede5c6f5701,0
2026-02-11T22:51:26Z,DieHard-ps,account.25813fcb9a4348aab6af97c9d65898e6,0
2026-02-11T22:51:26Z,r3n0vaTiO,account.8b332580403f463e983676f458d436f2,0
2026-02-11T22:51:26Z,fotograf_305,account.09fe69f8099b4ed68805d1d8addd6cf1,1425
2026-02-11T22:51:26Z,SaXarok400,account.74348189ab5a4d33b8e9e0edb75673e7,0
2026-02-11T22:51:26Z,Theofkts,account.0917a501c66e4f3fbabd2687d6f5e01b,0
2026-02-11T22:51:26Z,liskou8,account.6dfa3f2cb8fe4af0a5facd6f5d0f26fb,0
2026-02-11T22:51:26Z,REDSEAA,account.9ea442318b684cdd9beda2e8b5a13b41,0
2026-02-11T22:51:26Z,BepIvIuLLIeJlb,account.c785396536eb443a89d8a8f7bc9aa81a,0
2026-02-11T22:51:26Z,Flori3482,account.dc2fd1a211e24cb2ab6be69f9acf6b84,0
2026-02-11T22:51:26Z,Hamzakori,account.2ca4792ada4f48be94aec0d514a5783d,494
2026-02-11T22:51:26Z,vwyLss,account.f7f32abda22f478da44e68d37e556550,0
2026-02-11T22:51:26Z,pablioudlp94,account.811eb53b1a604c2193fc6329a3221a86,0
2026-02-11T22:51:26Z,exotic_teas,account.385db227ccfb40e88c2e17e12dc8b127,0
2026-02-11T22:51:26Z,Lisa_Ann-91,account.a6affc2ec5074297bede7c7503d129bf,0
2026-02-11T22:51:26Z,zakitvosas,account.2da2d873c31043a6a0fb6efc7d8dd759,0
2026-02-11T22:45:12Z,kukunyachai,account.d80d7320497c47ffbcac9c7ba05834fd,0
2026-02-11T22:45:12Z,OnTumuct12,account.fe521d9252e140a2aaa20a84f4d17253,0
2026-02-11T22:45:12Z,Cazzette20,account.124592f7179a45c0bd68de9d512fb6fa,0
2026-02-11T22:45:12Z,LUKALUKMAN1234,account.9e71fc88a91449019b6498d85b9d38f3,0
2026-02-11T22:45:12Z,adam-UKKI66,account.ab956cc75a79489c9cbfcb8092146a1c,0
2026-02-11T22:45:12Z,Cristina90,account.605bb3a98576441db67dcdccf7ea4784,0
2026-02-11T22:45:12Z,LordParfis,account.962ec14e3f784210ac18a5a2b5fd156c,0
2026-02-11T22:45:12Z,LemmengKayu,account.e5b90fa7a1f1448a96dc61db4105b15d,0
2026-02-11T22:45:12Z,AkhiL02,account.6f32e30ef1ce4b3cb78cdbae241de5d0,0
2026-02-11T22:45:12Z,KapitaNGnida,account.f0364ff2a2ca4804a43dfabb79a5c215,0
2026-02-11T22:45:12Z,Sk8rJC,account.c8eadc39a96d44d5b61c342feaa7a163,0
2026-02-11T22:45:12Z,mrGOJO_,account.5627be71ec2141a38a738793053afcac,0
2026-02-11T22:45:12Z,Beerriaa,account.22810155fc6648a08b776285cea7bb61,0
2026-02-11T22:45:12Z,maradona12365,account.cc130dccf724493a981cb35433413076,0
2026-02-11T22:45:12Z,SusyDuck,account.a11d012a7736404abb960ea3b1146ce6,0
2026-02-11T22:45:12Z,ZMAJOLIKI1,account.463c71baa8c74daaa384a7fe689476bf,0
2026-02-11T22:45:12Z,Dragonrider2098,account.6a71608e4bb344dc876b9a36f3ef5325,0
2026-02-11T22:45:12Z,3andl,account.7061db85a3374d32becf2b556aed2c47,0
2026-02-11T22:45:12Z,ZIKA_100,account.61784db3849a4f98882ff3c3079667aa,0
2026-02-11T22:45:12Z,GeRTerMinus25,account.575914bbd3484e9ca213e56b90b0f3c0,0
2026-02-11T22:45:12Z,JayFriedAF,account.d87ab6bccc3d4b8aaa93d193da2c840c,0
2026-02-11T22:45:12Z,sehzade311,account.6638035ca5724555ab708336754df5d7,0
2026-02-11T22:45:12Z,Noble-Vanguard-,account.28e3cc335f694b79a42e1979f9f747bb,0
2026-02-11T22:45:12Z,cogentFARE59,account.e19a260158074479a2f2aae4f126038b,0
2026-02-11T22:45:12Z,Dualion41,account.5602787949f24eb7b6b9d2b796248d73,0
2026-02-11T22:45:12Z,galiciandonky,account.1c626207fca440288fb711689a0798f6,0
2026-02-11T22:45:12Z,Hanckok,account.984093bef93a4cc99ce8e7ecec683282,0
2026-02-11T22:45:12Z,Yukii1010,account.9d6237dccc9f4c8d83930287db53463d,0
2026-02-11T22:45:12Z,Tom9901,account.03933bee35594a09b5a728330d792e8f,0
2026-02-11T22:45:12Z,Imed1994,account.51a8f36d50aa49ba8f2c6144bff41f52,0
2026-02-11T22:45:12Z,mOjAh9D_007,account.d6acb61585e04fb1aea76a4b472cb507,0
2026-02-11T22:45:12Z,Verge0P,account.ad622ba57a5b4d43ad59c340286e933a,0
2026-02-11T22:45:12Z,RHKR2022,account.15b5d8383c3d4a5696bae182cd423128,0
2026-02-11T22:45:12Z,Isus1122,account.cb7a5a050a374ee18f65e3f2cd85bb75,0
2026-02-11T22:45:12Z,rollovie,account.4fe2dd2e501c49c18fb2cf5e0005f4a5,0
2026-02-11T22:45:12Z,menhaj,account.e3719c694e554f8498830123d7e79a80,0
2026-02-11T22:45:12Z,GER8743987666,account.488150a520d842eab287750d282ecfdc,0
2026-02-11T22:45:12Z,DanteArda,account.b9505e44dab64283a42bf1811eb9e284,0
2026-02-11T22:45:12Z,M4ster_Y0da,account.b04e30e858894f9caee8028a6f18c904,0
2026-02-11T22:45:12Z,KUM1983,account.ab48b79d8c65430da282a9e1da159da8,0
2026-02-11T22:45:12Z,fglk-1B9,account.50e38cbbaa2f459da4ad5728fd38db35,0
2026-02-11T22:45:12Z,Poko-the-hamster,account.21cc38e72f95474f8e7d7c384121d22d,0
2026-02-11T22:45:12Z,HUANYING12101,account.6277033d85274b22a17216a8631ac913,0
2026-02-11T22:45:12Z,wildscorpionHR,account.1941829d83e54dc5bc4184ee74a77bed,0
2026-02-11T22:45:12Z,hanata79,account.7697a4e89b8948f4aad03ba40a9b54cd,0
2026-02-11T22:45:12Z,Molla_v_teme,account.feee1a7ad4334021983f831d0bbc3ce3,0
2026-02-11T22:45:12Z,Ooshen31,account.f883c1bd6a964e53955de6cb1e307b86,0
2026-02-11T22:45:12Z,CHARLIE-AL-KIRK,account.005e8b95b9a6449fb70bb7de5af549f2,0
2026-02-11T22:45:12Z,Shindlers_Fist,account.9e626909016c4aba889ebe533ece7d29,0
2026-02-11T22:45:12Z,qqqWIKINGppp,account.e7df631ed62742ceb550de8896e04a57,0
2026-02-11T22:45:12Z,lOOli54,account.70a6ddcb21d24d34b7e3cf9115dffd71,0
2026-02-11T22:45:12Z,ApeKi11er,account.09fd4113f9ab4fda8a10949ceed179be,0
2026-02-11T22:45:12Z,RYUX_X,account.50c255a8412f4b7397e34d0274fd3123,0
2026-02-11T22:45:12Z,buhtlica,account.8116689e516d4136a1c3156be8577f7a,0
2026-02-11T22:17:37Z,speedmaster2551,account.625e2dd8d5e04126befe3072ee3da0fa,0
2026-02-11T22:17:37Z,Funkenner,account.8596bbb6756c42a1ad864be9d6d034ad,0
2026-02-11T21:46:55Z,DonBratza,account.8e90091b010f403a9a95eac558516672,0
2026-02-11T21:46:55Z,Linochu,account.55ce4ee0e05e4715afba91c6e2beda09,0
2026-02-11T21:46:55Z,Aenaos,account.d7b7a26b1e834aa1abb544e42f8614ce,0
2026-02-11T21:46:55Z,CLV-LATUS,account.ff3e7850474a402aa0779d402b753b47,0
2026-02-11T21:46:55Z,69DETONATOR69,account.e9d01d819cca4c76b105d6876eaf1ad7,0
2026-02-11T21:46:55Z,CLV_JOSMI,account.0ae155d907c14d1c97020d36774dfffc,0
2026-02-11T21:46:55Z,kovalaklikyapma,account.bf8f2631be30449583fdf13ec0d2ee19,0
2026-02-11T21:46:55Z,Henniedejager,account.f147928177414349b30613a85b3b1961,0
2026-02-11T21:46:55Z,Lumppy141,account.e38ed82027c048c1b9a8dae0163ca706,0
2026-02-11T21:46:55Z,remalfajniN,account.c00a15830b2043bab20d8a8d4e240b5b,0
2026-02-11T21:46:55Z,Jesulik,account.8237f4b9e20247c7a16a0bc08bfd49b9,0
2026-02-11T21:46:55Z,tan1co,account.9eb49ed0c569419980f713fb328bb7a7,0
2026-02-11T21:46:55Z,hnnnn929,account.f3ee02a15f7c41f3bcc561561cf8ae34,0
2026-02-11T21:46:55Z,Mr_Commandos,account.a7816b125c3643b3ad1bc9bfd7d9df4a,0
2026-02-11T21:46:55Z,MRgastro,account.244e8f3b9b5e446dad7ce1ea4f865a64,0
2026-02-11T21:46:55Z,AmkCocugu,account.bff0cf42d8c24a7d897753c09662a7f0,0
2026-02-11T21:46:55Z,Mahua20,account.e647b853a1f84f3ca64769a30c7e59cd,0
2026-02-11T21:46:55Z,DucaSef,account.8644a3d0757a4fd2adf32ed28f17f86a,0
2026-02-11T21:46:55Z,Tsolka,account.a26fcef5fab642e2b0f22808cc1b3764,0
2026-02-11T21:46:55Z,justtice9,account.dbf715b2a328425b90739673d377c742,0
2026-02-11T21:46:55Z,AventadorUA,account.bd3fe76f8e434422a8bc7d9cb576b7d7,0
2026-02-11T21:46:55Z,Houbicka,account.31d85e6ddf054c2c8f032bfb8b7cc54b,0
2026-02-11T21:46:55Z,Kaszai,account.97a4db2fd5de41248b6d942292ee6fae,0
2026-02-11T21:46:55Z,Slothstop,account.5e5939c8eeec47ae83261e71be39764d,0
2026-02-11T21:46:55Z,SheronG4,account.5db72aea553345058ddb38907d23243c,0
2026-02-11T21:46:55Z,Gbmnn,account.334d7989af74404f9a3baa542b498c4d,0
2026-02-11T21:46:55Z,Diaboliss,account.de86089d54254598bd789992ab9e8e55,0
2026-02-11T21:46:55Z,MaalikG,account.4739adef20ab45a1abf6b389b851635e,0
2026-02-11T21:46:55Z,slvoxa,account.1655894b3d5849a9ac7ebafad6e26dec,0
2026-02-11T21:46:55Z,kuracnabiciklu1,account.99778cc07fb64db49e20bfbe458d7c96,0
2026-02-11T21:46:55Z,alptosun3434,account.25e61a2b86f44e29a76561fb5bd363d9,0
2026-02-11T21:46:55Z,Jamiryum,account.0eb792e347fc4e0ebf4161927bc8809e,0
2026-02-11T21:46:55Z,MrOwnnn,account.accf857c504943e2bad8d110b9a914b8,0
2026-02-11T21:46:55Z,Drugoymir,account.f01c4790beca4e4fa64dfd9e17cf2cbd,0
2026-02-11T21:46:55Z,beedee95,account.4874a7c8ed9044a1b19a7aa65ee4bd03,0
2026-02-11T21:46:55Z,s7t0,account.9d4163108abf430eba81725090426bc7,0
2026-02-11T21:46:55Z,Dead-pool-000,account.82e50cfd31104ee98e32e64ad6f1b5d0,0
2026-02-11T21:46:55Z,Foecee,account.9f3ee333ef0d485d95fde14af4147cb6,0
2026-02-11T21:46:55Z,SiwyDzik1,account.80f2b0aae06e4e7e8810c79a2a899b44,0
2026-02-11T21:46:55Z,RS-BaSiL,account.778da787f0b34ccf9c4dde5b3a774ddd,0
2026-02-11T21:46:55Z,zferfsvddvdf,account.76dc7c65062d43cfb0ca522187755f8c,0
2026-02-11T21:46:55Z,Raiden_dz-47,account.e1f55d53ad6242e38e547ba74a6ecdc5,0
2026-02-11T21:46:55Z,WeX-A,account.5b84f26d255c4b5e9a0a60526fd455de,0
2026-02-11T21:46:55Z,BoBcAt1981,account.43b89a3f2a6e47b5919b65d165f8e7b4,0
2026-02-11T21:46:55Z,sharpiy11,account.969a476d9f964df5b6e255f16a15bdd8,0
2026-02-11T21:46:55Z,GoLets_Play,account.153790fd42b742118d6816af7255ed84,0
2026-02-11T21:46:55Z,SONGOKUNAS,account.a3fd43b73ce24f35bcb1059344835feb,0
2026-02-11T21:46:55Z,btdie2,account.14c3190890d041ab9a5f4f728447b01e,0
2026-02-11T21:46:55Z,anchws,account.e3aa20ffd61249ac93b43c4f0f7f863d,0
2026-02-11T21:46:55Z,JANDARMA33,account.0c31314aef1c4e30b0be2f79d1ec4fb7,0
2026-02-11T21:46:55Z,Mikhelly,account.012ddf33d7294ba0a89fffe507d8fefb,0
2026-02-11T21:46:55Z,makjerom,account.075f4a61e62e475eb8d98481e18b7b64,0
2026-02-11T21:46:55Z,Zeneeth,account.e85cb61d41c14d48b532ae4174c5f6cf,0
2026-02-11T21:46:55Z,geoadd,account.58ff304557894fc6be5cfcc9868f220b,0
2026-02-11T21:46:55Z,Nineneh,account.75c39281d96b451da6b7dbe5da3cd69b,0
2026-02-11T21:46:55Z,Razvan478,account.6de4a1df3ed24dd6adcbb635f1a624a1,0
2026-02-11T21:46:55Z,FABELKOP,account.7b0c845fd1b94179989f0049bf8a5996,0
2026-02-11T21:46:55Z,aNECOa,account.f427949273974845872e50335985333c,0
2026-02-11T21:46:55Z,abudayeh,account.f404387b437447d49daa354b3ec72e46,0
2026-02-11T21:46:55Z,RazuXD,account.b1328098b0e548b0acc5754d23a0abea,0
2026-02-11T21:46:55Z,CLV_MELON,account.cd1ffe1323bd4727930a62350c1c3d4a,0
2026-02-11T21:46:55Z,dr_h4te,account.5d18ae4eaa9146de8a12e20588eeba3a,0
2026-02-11T21:46:55Z,Narek111,account.af15d7366fc1418fbb6748dbc66bc724,0
2026-02-11T21:46:55Z,Repsol07,account.bf4c7cc4087a474abea73ec8995482da,0
2026-02-11T21:46:55Z,Z4P3L1N0,account.ac063d546b034b249bfcfd90ff511536,0
2026-02-11T21:46:55Z,Sergat231225,account.8c4e95822368421d975bce3d2b3428d5,0
2026-02-11T21:46:55Z,FastNtontLie3,account.6edebc9013d34c97b0fee89123e75de4,0
2026-02-11T21:46:55Z,IkvAanox,account.ccd1710dc33741e9803be2f46555d6e7,0
2026-02-11T21:46:55Z,skoto_,account.c18d8ffb0c284e22bc74945fb95f1893,0
2026-02-11T21:46:55Z,Kassolari,account.8b94b5b8534b4552bf56caa7318d2413,0
2026-02-11T21:46:55Z,Flaviewz,account.f56f0006a39943ec95ab11b549cced89,0
2026-02-11T21:46:55Z,Harouan,account.8c93845e08ba42398e4e447b09718303,0
2026-02-11T21:46:55Z,Yu74f18w20,account.2465eb029883448c96f100aaae70424a,0
2026-02-11T21:46:55Z,Capitan_Frost,account.732fb7360e634228a5558ef81ba12dec,0
2026-02-11T21:46:55Z,michaelflorino1,account.86b4ab62089245039cdf59f4ce9bfe4f,0
2026-02-11T21:46:55Z,Jeldred,account.6ddc43e2db9f4560a981025bdf2d6b05,1690
2026-02-11T21:46:55Z,YouZiga,account.8cd48dd9244341c6ad4f0514a3982154,0
2026-02-11T21:46:55Z,Majd_mwase,account.711d27ab7f7b4eef9a2c5de8d4071cfd,0
2026-02-11T21:46:55Z,Jasxy---,account.a78513ce69be41fea78f260fea411911,0
2026-02-11T21:46:55Z,therandomjaypee,account.d7ba5c55af3d44ffb3b1e5869dfd3b4d,1632
2026-02-11T21:46:55Z,SezginYILDIRIM,account.05464b4ec5f2411a8e8a8d3eef7b8e12,0
2026-02-11T21:46:55Z,partyzancik007,account.98c67f510b084a298d0dfccd3ff8be42,0
2026-02-11T21:46:55Z,xTHE-MANDOx,account.14f22bef3d25413f9d7de1c40c9a38ba,0
2026-02-11T21:46:55Z,Zmaj_Od_Bosne_84,account.b3f75e67952e4855967df3c7ad9af58c,0
2026-02-11T21:46:55Z,GLodge,account.eeb3e253da3f4859aae1b6ac34794596,0
2026-02-11T21:22:03Z,Mamounik,account.2e3c33ed5b4844dfb37d6ec45144c36e,0
2026-02-11T21:22:03Z,Dark28820,account.ae270a2de55c44ac9a93ab8090992f23,0
2026-02-11T21:22:03Z,B4deMeisterZX,account.c7fdd18be54e4f8f82eb5e7c9806e623,0
2026-02-11T21:22:03Z,kelepok,account.631c1d72bdf74a0098f78d475d1002c4,0
2026-02-11T21:22:03Z,MrKedy,account.3b4b2f4a1d3946a7950be423afe3c375,0
2026-02-11T21:22:03Z,Ram245048,account.def298ddd6ad469fa2f0706681c3ac78,0
2026-02-11T21:22:03Z,XxPuppysxX,account.4e38d63f1f2e4bbb86d5f6644971e0c8,0
2026-02-11T21:00:38Z,Craackle,account.7124a9ce51794565881a63764d724845,0
2026-02-11T21:00:38Z,byKapsel,account.abec98ebb1ff414796ce1f23bc33c53a,0
2026-02-11T21:00:38Z,Dmonic93,account.c87805fcdca644a8aa3665659f8ac19e,0
2026-02-11T21:00:38Z,Swiitchet,account.1e05f878458e4eb9a710b74a7f5a967e,0
2026-02-11T21:00:38Z,IndigoClarke,account.d987ffe7eb8e430f944a587ed2a2613e,0
2026-02-11T20:42:39Z,Bozo0619,account.1a25f4d5b9424bc68f16567e6b8d65f0,0
2026-02-11T20:42:39Z,dolbayobas,account.01d991823ee14ef78b4ae1ac6dc6336a,0
2026-02-11T20:42:39Z,Baguniike,account.ac89cfe1144d450289bcc05aac70270b,0
2026-02-11T20:42:39Z,Bradrik117,account.239baea5ce4140e2b76cf217675ac2fe,0
2026-02-11T20:42:39Z,timmes31,account.f9eb18c337a4462ba4c26a12776cd956,0
2026-02-11T20:42:39Z,RealMysticGuard,account.7430de8b952843af988d96f39bbbdbe3,0
2026-02-11T20:42:39Z,yanukontik,account.727dee2f79a343ad9ca0086936659d7b,0
2026-02-11T20:42:39Z,W1xxKnebel,account.963c3a17b0e243dfa905652c870ddfdb,0
2026-02-11T20:42:39Z,swat_378,account.67eec61a775d420db2315cf0a1d89dee,0
2026-02-11T20:42:39Z,Suskun0618,account.bff91fb6141b48839a4ff229958af60b,0
2026-02-11T20:42:39Z,Yougo57,account.8da3a54b6cf6496eb2aa1fcdd7df223c,0
2026-02-11T20:42:39Z,litchi-syx,account.56a4ded14ad240dc990b1606381c5dc5,0
2026-02-11T20:42:39Z,LGDAiko,account.ef32f88625704ccc98755f8d08868f33,0
2026-02-11T20:42:39Z,Krokxigor,account.1540f879cf7c40d5a48753fdf0fc3905,0
2026-02-11T20:42:39Z,WOMARX,account.1bf5d399914a41e79297629330957eb6,0
2026-02-11T20:42:39Z,ChoosenAngeLs,account.d8bb0be1ea88473396c509f9b5fc814b,0
2026-02-11T20:42:39Z,VATAN1071,account.18ffcbefd3294452a199c1e5b8aa45be,0
2026-02-11T20:42:39Z,MacBotHd,account.f6ec38a74b0a48ea9026169e8d2e505c,0
2026-02-11T20:42:39Z,GewehrINSARSH,account.18c97ce11f964c99aca55bfda41f8108,0
2026-02-11T20:42:39Z,leha_sfx,account.a2592cec66744a629d1865e23d4d8c32,0
2026-02-11T20:42:39Z,Cavus0335,account.92a15892253e4a2782d528a846deb679,1664
2026-02-11T20:42:39Z,Kragythor,account.36da0c0631474041b11138e266b67050,0
2026-02-11T20:42:39Z,DzigarMarlboro,account.c167219a35834215aef4d8ae1b1c1e8b,0
2026-02-11T20:42:39Z,julian2281337,account.b0d2e0af697e4ebba7f1082a94983437,0
2026-02-11T20:42:39Z,turangrc,account.6157e09e82f54eb1bfa71e2b169b90cb,0
2026-02-11T20:42:39Z,Die_in-Peace,account.880fe4ccb8fd441ea9a1730293b644f4,0
2026-02-11T20:42:39Z,Alipacino03,account.e44dcb970e2c4fe28da1ed1ff777b5a8,0
2026-02-11T20:42:39Z,HitenMitsurugiRy,account.33125340821f4f1eb3fe8e3846b210b6,0
2026-02-11T20:42:39Z,zbssss113344,account.5c15d233e7dd41a380f00f2cd68b8c81,0
2026-02-11T20:42:39Z,Marvel_nn,account.c0d2dc6f3ea745e7b8a52ec5ad8acadf,0
2026-02-11T20:42:39Z,Kheldar125,account.c14d8f3c2c4949e7beff5c8ae05f128f,0
2026-02-11T20:42:39Z,komagas,account.3ca4a4537fb1464dad263583b1e06b04,0
2026-02-11T20:42:39Z,COLETY,account.0aa32ce157f54376a90eedc0252a510f,0
2026-02-11T20:42:39Z,Aster1070,account.33dfe007ac304456a94cf1c91aa9220c,0
2026-02-11T20:42:39Z,Dark0fD3atH,account.daccaa96ffec489d9cce864e73ad4d14,0
2026-02-11T20:42:39Z,Berro1510,account.8163964496284ab9a2d7486a80ee5469,0
2026-02-11T20:42:39Z,JJGipper,account.ecc475f837f44cbbaaf51cbddca62746,0
2026-02-11T20:42:39Z,GullyBO,account.50a84d4e03324974a1417628b4f8ce1f,0
2026-02-11T20:42:39Z,Sonicus83,account.a4bfce3513314c9aad43702dfd9bb9c9,0
2026-02-11T20:42:39Z,Ballbag_Baggins,account.240c6ff5608f4c8394966321e046ec31,0
2026-02-11T20:42:39Z,Big_Maniek,account.e35aacbc849c46409842abb65d37e2d4,0
2026-02-11T20:42:39Z,TempesT31,account.32ebafba1cc24fe89eb0031ef348b163,0
2026-02-11T20:42:39Z,Hobbesdoesit,account.b1dd28b93138480eb5466e6a1b309f1c,0
2026-02-11T20:42:39Z,FarRus2,account.91b914e92e38413ab8327c87bcd44aeb,0
2026-02-11T20:42:39Z,Mr_Sk1nny,account.bc89f29aec384409ab288c9ea76f6109,0
2026-02-11T20:42:39Z,SemihKaplan,account.63c268a7cdc145ccbd9fa99e27d85b36,0
2026-02-11T20:42:39Z,Bogezheng,account.b933e0e242724e88b885d1e5894db32a,0
2026-02-11T20:42:39Z,Necryo,account.e046edf118d7425b9f5f1eb71775052c,0
2026-02-11T20:42:39Z,Drogba_1111,account.6db02246777b424891735fbd43dc0d73,0
2026-02-11T20:42:39Z,GIOVI2019,account.eefacbb4653d4feba413858a59e1d4e7,0
2026-02-11T20:42:39Z,sersemmm,account.2663f27348a249c78d5e1d6dbe5cab63,0
2026-02-11T20:42:39Z,FLEX-CAS,account.0e185880a32a414c930e77a5000ec4d3,1637
2026-02-11T20:42:39Z,MALEL,account.36ae9dbfc96f41d1ae9d55bc6f77fd32,0
2026-02-11T20:42:39Z,SaTochii13,account.604184982a954ae996ff93aa5092a0f3,987
2026-02-11T20:42:39Z,Tacke1221,account.de5db348f863497e92e38f4f78156a03,0
2026-02-11T20:42:39Z,SevaBB,account.9d8fc28b90084ba2b32a157ba6c1e7fb,0
2026-02-11T20:42:39Z,HiperR,account.6f38ef4e80ef47e7944a346f586c0fe5,0
2026-02-11T20:42:39Z,daliarcan26,account.0bd6e791ebf04a36b1acf0590239cab6,0
2026-02-11T20:42:39Z,Clickyoudown,account.58c5520b6d0441a99e53472257f24f6e,0
2026-02-11T20:42:39Z,Rolandinus,account.ea6a3f54561e4388896f570eda64ef70,0
2026-02-11T20:42:39Z,Mr_Sneeze,account.a7e2e217494446039078522df8f1018a,0
2026-02-11T20:42:39Z,leeniemeow,account.c5d4086512814634ba6db4dcc720d6d3,0
2026-02-11T20:42:39Z,ioannismtms,account.cefb674985344918b6e982c120436b60,0
2026-02-11T20:42:39Z,wangshiyu--1,account.bda57a8868de4081839fe8f8ae6037fd,0
2026-02-11T20:42:39Z,Olbim,account.07c4cc99e8c346d9baeb3858c7a67628,0
2026-02-11T20:42:39Z,i_bad_joker,account.48877c7123574b9e8c1030e63c2b7645,0
2026-02-11T20:42:39Z,ZBSBand,account.c21c45e4254d4856926e32085ef74b6b,0
2026-02-11T20:42:39Z,karim_666,account.1b821324d28a4a6d8629833e1ec2e25c,0
2026-02-11T20:42:39Z,Ulyana2911,account.bffc68e45e6147da9c02c862767c5edc,0
2026-02-11T20:42:39Z,BORYA7777,account.f02969ee7cae40309922f9967682435d,0
2026-02-11T20:42:39Z,AMAreis70,account.70412ad152a649af96b6f6b95b0f02fc,0
2026-02-11T20:42:39Z,Rafi_93,account.9ca8f92ae0ea4a65a28d2a40d647291b,0
2026-02-11T20:42:39Z,kosmo1122,account.65c76cbed3914b789c1b6a11310426e2,0
2026-02-11T20:42:39Z,koul_orome,account.76e922fdc0ab4015ba3c68b4fd171adb,1513
2026-02-11T20:42:39Z,Mr_Tankas,account.2698a7c164e04ad18bb26874e80c4ffc,0
2026-02-11T20:42:39Z,Adrenalin40,account.4af87d299bbd438ba3fd434096b2a108,0
2026-02-11T20:42:39Z,AngrodT,account.5ce6482eaaeb482d9ede02d0ebc05ac0,0
2026-02-11T20:42:39Z,Nycthemeral,account.c9b64d2f8bc64acc932371eab6898971,0
2026-02-11T20:42:39Z,biil_ster,account.b6e3fa1a99e64b1da3594b96067a1347,0
2026-02-11T20:42:39Z,mm-phantom,account.c8d1415ea3bd42779e130ceeb0d6d068,0
2026-02-11T20:42:39Z,blue-number1,account.2deae78058524d9e816e91270a574e07,0
2026-02-11T20:42:39Z,TGK50,account.5b5afdfebb2742cb8574230de1e72cf3,0
2026-02-11T20:42:39Z,eRBy26,account.435922814e8c44ea8cfdf151d56e0ddd,0
2026-02-11T20:42:39Z,SinTex101,account.2ebc53da77984480b29a626baf40be64,0
2026-02-11T20:42:39Z,joshscramble,account.75e54cfb89cd4836b7fa072f23872937,0
2026-02-12T19:57:30Z,VNU4KAvKEDAX,account.8251fdec08e344e8885e3d31d0d49084,2275
2026-02-12T19:57:30Z,FSI_praetorian,account.7e042927e84842c4a7ef1aa9d736982d,975
2026-02-12T19:57:30Z,RUSURIkk,account.b629408ded154f19982ad2c26c1aa80c,2188
2026-02-12T19:57:30Z,Psih34rus,account.67fe342cf3ae4956a1d0bd281b4aa4d0,2262
2026-02-12T19:57:30Z,Polly1only,account.77036e2ada8f4d1ead0fdad929f2d2ef,36
2026-02-12T19:57:30Z,Tarasevic,account.d76058e07df84fab88c27a4181f022c6,2036
2026-02-12T19:57:30Z,FSI_FurY4her,account.7ab9b1d3019f47a8bf6ddfd085526656,0
2026-02-12T19:25:15Z,Mukhambetaliev_R,account.4bd9ccef928c403ea7f3651495e297c2,1437
2026-02-12T19:25:15Z,fOlya-,account.83426915db384697b8d0a41faf36e624,1667
2026-02-12T19:25:15Z,WarLord95_,account.0c06046f5afb4206a23911068d717538,0
2026-02-12T19:25:15Z,V_E_N_D_E_T_T_A_,account.2355fa8cf69e4fb48a72ae99d0629494,2202
2026-02-12T19:25:15Z,littleBig666,account.77dd6d80dd14419fb88b8944e7f3d548,859
2026-02-12T19:25:15Z,Uzgen,account.de4f42037b8a45c683b1b9f66ac30c79,0
2026-02-12T19:25:15Z,TemirOne,account.e44a9fc328a24d33a5dbd45b663e4caa,0
2026-02-12T19:25:15Z,Barev_dzez,account.e9c0b01ab34a4273a84496d9bbefe6a1,2337
2026-02-12T19:25:15Z,AcTeR_582,account.4036eb12f5fe4dcdbe03c67cd82c979a,874
2026-02-12T18:52:20Z,PitBull_dzd,account.215f62cbb27748b0b48b31a5041d8f2b,3473
2026-02-12T18:52:20Z,Kam1k0ta,account.85b29947dc1b41d4af7c448337dd03a3,0
2026-02-12T18:52:20Z,Xr333_-,account.3149b6c8a3724db69a121241af88abc5,0
2026-02-12T18:52:20Z,A_GITLER_YOUTUBE,account.d19b484b48a7499d892089d49fecb22e,1751
2026-02-12T18:52:20Z,Be4or,account.03efce9b96a7476a9184e3ffabab92e7,0
2026-02-12T18:52:20Z,Marik87,account.4ab777e94b634cfe811a156ebf2d481a,1672
2026-02-12T18:52:20Z,GARMIN77,account.8320eab1e3fb485a8e411b2a14c5a5a6,889
2026-02-12T18:52:20Z,qaraqursaq,account.802ee088605745b6ae91104f09d65c5d,1052
2026-02-12T18:52:20Z,i090-xq,account.733f3a55e32f4645a26603f40e5e6692,1946
2026-02-12T18:52:20Z,VIP_kak_SON,account.b5e981754d5846a28f69248a69241b2f,1241
2026-02-12T18:52:20Z,TouchTheMilk,account.50c6bf3b25504fcbb30f2273e4e74251,2310
2026-02-12T18:52:20Z,KaskbIp_kz,account.4de8ed586016438e8441e28e0b0735c4,1285
2026-02-12T18:52:20Z,AidarSkyi08,account.d68e6cf8ca094e0782d4edb2fb86b874,0
2026-02-12T18:52:20Z,DeadMoro3,account.e9ea91cf76374fdf83e6355204d0de6d,1262
2026-02-12T18:52:20Z,KGSik__,account.e7e1e4f439b840cd96600323d678242a,0
2026-02-12T18:52:20Z,LOKI_SIDE,account.501d7e6d7a4e480086967f215518f90e,3129
2026-02-12T18:52:20Z,OBEY2219,account.7ea8c94fe5a942a18e7f244c9ed3b32e,0
2026-02-12T18:52:20Z,PsixcAWP,account.c40f12f032a54630be68245834eaca0b,923
2026-02-12T18:52:20Z,Cherpankad_95,account.b3527a45b3bf4e11a1a98840a3150d8f,3276
2026-02-12T18:52:20Z,Abz_ahi,account.67b5418ace0b41b4b977f01625b2c144,644
2026-02-12T18:52:20Z,TEA-baba,account.90b5dfb7755145f5bb834a958c34897d,2200
2026-02-12T18:52:20Z,MoNsTeR-46-,account.fc50a00e98df41e88f5b66c53850be5d,1602
2026-02-12T18:52:20Z,killerDD1998,account.467707e57c6e40d8b83ff36f3929eb47,2333
2026-02-12T18:20:44Z,PORTOS888,account.aa7e43b8d94843aaa558f21501ddb60a,2554
2026-02-12T18:20:44Z,Yasaiky,account.fd9c4a7a13e64b08a780a0fdb15f46a4,0
2026-02-12T18:20:44Z,Cssandra_X,account.c06739055a0b43358ad16d91cbffc919,1542
2026-02-12T18:20:44Z,MamyKinduLyblu,account.9a5bacddc5744b49b8cbbf437cbdb03f,1537
2026-02-12T18:20:44Z,dreik45,account.571d959376114408a6ccb3d02d8878a7,1424
2026-02-12T18:20:44Z,1vs4-_x1nQ,account.78dcca5e6c1e472e96b1151effcd9a9e,3039
2026-02-12T18:20:44Z,Devil1dark,account.1fd06e313c334d39b036814442dfbe5b,449
2026-02-12T18:20:44Z,VIKGUNN,account.07f453dace414f4dbf55b4a9c2e20752,1959
2026-02-12T18:20:44Z,scarlet-starlet,account.56dced1d3a5d490fa201705ff57b6ca6,1163
2026-02-12T18:20:44Z,BadBoy017,account.492498b8cc7d449ca75f94314c479ec2,2617
2026-02-12T18:20:44Z,mehanik2013,account.68a9245363d648ce8236cb6c746f37c2,2861
2026-02-12T18:20:44Z,wolkasl,account.3aff1d43918a46f98d83c2ff1ddfeebb,1702
2026-02-12T18:20:44Z,Chef_with_KnifE,account.f50cef36041c4586a0fe75aaec92c4e2,2611
2026-02-12T18:20:44Z,CN-NumberoneR,account.17aef2efb7af4ce3ac3116548c2f8c41,2244
2026-02-12T18:20:44Z,DancoN3,account.cebab143c7c14aa0aede7546371b2077,1741
2026-02-12T18:20:44Z,i8896,account.d728da3d0bc946c48e57d63e21a0a90b,2665
2026-02-12T18:20:44Z,StrunaZZZ,account.3beccf6f68ce4c6888377c16fba8086a,1555
2026-02-12T18:20:44Z,TWERDbIN9I,account.c57d22fefefb4dc5a2852e45da4816f5,2453
2026-02-12T18:20:44Z,MyzblKaNTdb,account.cd4dc61bbd20438ab831a1c4b3aa4386,1305
2026-02-12T18:20:44Z,manik2525,account.3b98f6cbdc2245b7a57541541db523c0,774
2026-02-12T18:20:44Z,ShalnoY1991,account.ca8c27ef42174fa69e91b053c0fd00b4,2402
2026-02-12T17:50:31Z,A3APT-3AKOH,account.87133f9cfef14e5a8aa4784e4a2e0b10,1261
2026-02-12T17:50:31Z,Azat01-,account.26c81d0197d8443a8b2034298c61e2b0,686
2026-02-12T17:50:31Z,16AIK,account.dd14c1a1be69409da8a6cf3b4191da09,1947
2026-02-12T17:50:31Z,Zakopon,account.27b2932a2322415c9ec5210eeff802c7,2441
2026-02-12T17:50:31Z,Temcha7777,account.7a073ac260e9493598573dceaa0c1b25,514
2026-02-12T17:50:31Z,Sapel228,account.c805fd0cb72d4b8f8c45a1221a3bdc2d,983
2026-02-12T17:50:31Z,PrinceABO,account.d326bcd0bffc4dd2baba670f921c6bd0,1707
2026-02-12T17:50:31Z,sasocek,account.c35f03f742a44542b189ef6b46537d43,1618
2026-02-12T17:50:31Z,SoftGamerTV,account.9c59f7d2efc7425a99a4a7a19459010f,703
2026-02-12T17:50:31Z,DOCHKAKRASNODARA,account.de0469ba8bba478f8c6f1bd9ba763ab1,0
2026-02-12T17:50:31Z,Yazhe-KP,account.0debc61a3cb64563a294a29cd300fa61,1394
2026-02-12T17:50:31Z,Karik030,account.c50dd9a997184861a8e673a7a4c166df,1155
2026-02-12T17:50:31Z,des46_VK_video,account.6fd5e62d1f16444ba46f966c9cf9594f,1322
2026-02-12T17:50:31Z,EDZEQ,account.ff79318959bd4d06971c50a493b925b3,374
2026-02-12T17:50:31Z,eLpaso01,account.01dfdcd367c54a8488ffd933132e500f,0
2026-02-12T17:50:31Z,nikita2124,account.e329b8a4bbfa47f2848cfda845dc3110,768
2026-02-12T17:50:31Z,lmaxcomebackl,account.eae9196c12044d26a141dd964e01752e,1344
2026-02-12T17:50:31Z,MikeAngelo89,account.5048530c147448f5b68ff3d3841ec7b6,1025
2026-02-12T17:50:31Z,mihail7577,account.712ccb6e181845c1baae109b6652d1d4,0
2026-02-12T17:50:31Z,prozhui,account.b21d97214ac34d7caf5fea3d49a68c8c,1461
2026-02-12T17:50:31Z,Mambossz,account.92291feffe964090afce6b9ee60a1b81,1298
2026-02-12T17:50:31Z,Inferan,account.9be9919d88b9492fa0a172406710abe0,0
2026-02-12T17:50:31Z,Tefasi-,account.282612667d344c88abf2edb3aac6c3c5,0
2026-02-12T17:50:31Z,SoYang-007,account.50f5c1c4e83d44f7b2ad1e1030c97f61,1782
2026-02-12T17:50:31Z,Grosso1,account.ea45311c8ea947639476f72a069a8b0b,0
2026-02-12T17:50:31Z,Max_Aurora,account.28cf078626d3475da6e394650176243c,1500
2026-02-12T17:50:31Z,My3yKAHT,account.89e98e2952864fd6adb4e7f493a606ab,2340
2026-02-12T17:09:42Z,96s1,account.5da21ea0b074464f8211be9e28bec42f,2769
2026-02-12T17:09:42Z,Rec-002,account.499a23f4f2034b85b25a84c28e787476,1986
2026-02-12T17:09:42Z,Me1jieguo,account.023aeb0a804c4975be0d1123d241323e,3137
2026-02-12T17:09:42Z,Jll-0Tblu,account.8df6169727e641778163ffe20e5429c2,0
2026-02-12T17:09:42Z,Quavo777,account.bef2fdcaa0d1480eb10d19bfea5eed3a,2876
2026-02-12T17:09:42Z,DIMASHROCKET,account.316007626a244a389cb0fdd6a0d3ceed,706
2026-02-12T17:09:42Z,17_javelin,account.14e2bc49da9f4599b5c197db579bcb57,0
2026-02-12T17:09:42Z,iL1ux,account.b6928dcd1c5a4fa7a9b04ce74248829c,3300
2026-02-12T17:09:42Z,SALAMALEC,account.189eaffd254b4fc7aeef2154983bfdc0,1323
2026-02-12T17:09:42Z,Berezovski,account.5cf2a06779d44a80859692cc239eaafd,1001
2026-02-12T17:09:42Z,LIONMIR,account.42ce2213dd5245c3a643b10fb66acbc9,1000
2026-02-12T17:09:42Z,2pac000,account.a7a1f4eeb1b94d9eb3636256f9e31be2,628
2026-02-12T17:09:42Z,Ryb3N,account.e3cb38b898d14439883ed47520f315c0,1467
2026-02-12T17:09:42Z,F-AA-D,account.3f80fcd9b4e64ddb9425d7ee0cf2fe9b,2273
2026-02-12T17:09:42Z,P4nz3RFaust,account.03808315d90b44979d2b81837d3e745b,1085
2026-02-12T17:09:42Z,Petrogradsk1y,account.65206c62c40d4af1adbdc00a6d12fda4,0
2026-02-12T17:09:42Z,MoscowCAO_777,account.cea838f697c74db3a05370b451678e41,3322
2026-02-12T17:09:42Z,PANTHERICA,account.b945736a5ba141fe81d56f4a2ee54f25,0
2026-02-12T17:09:42Z,minus_BM,account.77d6c593b4d949a2be5cf71b082a1b99,572
2026-02-12T17:09:42Z,RUSSIAN_DRON,account.03969f77ef3b48fdae44570c07c00e12,1699
2026-02-12T17:09:42Z,Pro100Artik1,account.5219b0eb5083464da555dd3b4f7ce666,1569
2026-02-12T17:09:42Z,islam775,account.c2dd585ef5334852986de9a19bea4ab9,1465
2026-02-12T17:09:42Z,MrBoroda06,account.e8747a8a045f486a9aa250b00d6d6ca4,1800
2026-02-12T17:09:42Z,Mr_Bart,account.56d2238604ce4825ac93917a73e54221,2746
2026-02-12T17:09:42Z,M-A-D-A-R-A_,account.06b1da2f2e6a48a08869cff3e29352e6,2152
2026-02-12T17:09:42Z,GEM_JieGeGe,account.6cfc31e6c7d94738af85b205e361fcdd,2581
2026-02-12T16:39:34Z,madarch1k-,account.ed768d46f8004b4e834263f07f4e91b4,1834
2026-02-12T16:39:34Z,C10NTRO,account.9388804e504b4f63b43108f4e503dfb9,2087
2026-02-12T16:39:34Z,DanF0rt,account.83393cf8fe6242bba848e6e15e351612,0
2026-02-12T16:39:34Z,Masy_Golante,account.fe4d1af252bc4cabb003c94ab58ffcff,1335
2026-02-12T16:39:34Z,M_Centoroevskiy,account.c8676d3ab15144e6a8e0f35c7de108fb,2513
2026-02-12T16:39:34Z,mikimos123,account.d9104a9d3cef4fe28c038416adb5ae18,1048
2026-02-12T16:39:34Z,xBUREVESTNIKx,account.2400bb16a64e41879d4946d5593f1b5a,1584
2026-02-12T16:39:34Z,ADAY-_-,account.5710b17c51684e48a8d38f5e31dd38c1,2498
2026-02-12T16:39:34Z,Serega13531,account.72a5455e1bc34fe48d8b23c352b1c61f,969
2026-02-12T16:39:34Z,Chihhiro32,account.3db13a8f9094479a8794d3c50d014856,808
2026-02-12T16:39:34Z,Rojikku04,account.139c6aed7f724647b000b778c2bb15c5,0
2026-02-12T16:39:34Z,1kside,account.5ad6c30425f64b77b129b4694eef6453,0
2026-02-12T16:39:34Z,ME4TATbHEBPEDHO,account.aaff8f37bc244eaf8882ae685415c237,794
2026-02-12T16:39:34Z,aqixxx-_-,account.1ec0f1bff5864df686fa8ad72cf37c03,369
2026-02-12T16:39:34Z,Et0_PUBG_Detka,account.3619e7258add4b1d9c3cd63c10afdccb,1100
2026-02-12T16:39:34Z,Arlen_kz,account.255dd8842b11431c9cc2456b27ecfb32,0
2026-02-12T16:39:34Z,Dodrione,account.11be8587e67a4c09a4c338619192be7c,1066
2026-02-12T16:39:34Z,eblan-tupoi,account.7de8525f76cd4d8c928f5e96437a2485,367
2026-02-12T16:39:34Z,aslan_tschv,account.b01890f0a2cc44a9a43236b40352180f,1665
2026-02-12T16:39:34Z,Alllegrova,account.ce7e323913dc40ea8c163748d655cb34,1604
2026-02-12T16:39:34Z,Meow_Nota,account.04f11d1d5d8940718f469cffb54205f8,0
2026-02-12T16:39:34Z,KMS--86,account.96d89f70dc7a4e199db1278976adaadb,858
2026-02-12T16:39:34Z,Bloody_Hellcat,account.b1e45f053ca54dcc8cf0171b4b36df7c,1848
2026-02-12T16:39:34Z,GR0XOT,account.82020f1a4e144f6e859028f3bc3d59f2,2246
2026-02-12T15:44:10Z,Panzer9-,account.44fd54e655be4a7cb693fc5a9c4d9e89,1617
2026-02-12T15:44:10Z,0KroKoDiL0,account.618a516e3c644553af68e718c04c14c0,0
2026-02-12T15:44:10Z,chech1123,account.a2b98e3a649846b791f8672552920a6c,895
2026-02-12T15:44:10Z,Green_go63,account.e73597764bba4310ab857e60cbf09859,0
2026-02-12T15:44:10Z,Mareck_Obama_174,account.0a61e7eee37e40c68262f5a128f09c92,1002
2026-02-12T15:44:10Z,Zloi_Zadrot,account.c1a76970f0d647f79ee7abc593e0f51a,1030
2026-02-12T15:44:10Z,BEKaa_Tv,account.17e4e488bc334997a52ef3436fd14d54,2051
2026-02-12T15:44:10Z,maozhiqi1,account.5c687b87de3a4fbcb25b7eaba6af0839,1843
2026-02-12T15:44:10Z,ClownBond,account.197d39fe135446d597d2b77b242a3288,1630
2026-02-12T15:44:10Z,Imperator_Sai,account.e682c36cc85f4e61bbdc72d4360c0ce1,296
2026-02-12T15:44:10Z,hegfd,account.6520c223fe5940058d0f22ab10e9e366,540
2026-02-12T15:44:10Z,kachegar0511,account.14d060a26efc4e1a820dd63df90b1fed,1202
2026-02-12T15:44:10Z,N1ghtReaperX,account.8a7deaa6c08a4c55a2731c874249aa56,2369
2026-02-12T15:44:10Z,norussian_boss,account.53f122ebf2414ae199b4cca134e83dc4,503
2026-02-12T15:44:10Z,daniilDJAN,account.c4384b15938e4b17a6d53ebb335d91f0,1400
2026-02-12T15:44:10Z,IZDEN_7,account.f09b293f0c2e4b32ae0ae2a88d05cfca,2198
2026-02-12T15:44:10Z,qixi_668,account.8b1161bde73f4a54b60c1795a93a4640,1715
2026-02-12T15:44:10Z,CTOIA,account.c8a22aad57594be8a774435d115e6982,1023
2026-02-12T15:44:10Z,Xseniya_,account.bec5adb0ef9345aa877525fc7b214e93,418
2026-02-12T15:44:10Z,Oinamash,account.c44cd1d3081c4af28ec06257326ab80d,1064
2026-02-12T15:44:10Z,ItsMasterpiece,account.6ae3c3d3395c4d999dd611f535e3a706,961
2026-02-12T15:44:10Z,CN-Vicki,account.434f2b9d2b974e468e1189603ead892f,3104
2026-02-12T15:44:10Z,Ugroza1337,account.5590e471c8b841aebc954d8d21984090,1988
2026-02-12T15:44:10Z,pasta1337,account.32f9398e77e844fe8c28bfc7997f18d3,1870
2026-02-12T15:44:10Z,3oJIoToU__,account.6abc980300154f9ba4ec02bea83dbc0c,1674
2026-02-12T15:44:10Z,KriSHka1122,account.e5f5cc7d005946f889baf2058e1636bf,1255
2026-02-12T15:44:10Z,Twilight-WEN,account.b538bc71827b4723a20f5813856aedcf,1971
2026-02-12T15:44:10Z,Kirill7387,account.87d9d3faeb95441a903fcfce2496cc3f,675
2026-02-12T15:44:10Z,DANY_Lee,account.529327d5345348369665a5cce80a82de,1679
2026-02-12T15:44:10Z,Eje_Vika,account.fdda8b1dde524d62bdfa013846625a3e,2547
2026-02-12T15:44:10Z,Nurgun15,account.e069fe37456249f4825c04a81a95d63e,1400
2026-02-12T15:44:10Z,Dauren94,account.dd62e0b1fecc403eb8717b478bacfd02,1090
2026-02-12T15:44:10Z,Esaon-1874-SS,account.ba791b5b49564f32bc8ffd9af0f43c6a,2066
2026-02-12T15:44:10Z,KeiStark,account.983442c1d54f4284baf4267321dc9b63,1603
2026-02-12T15:33:57Z,MylLbTuK,account.4d89eeefe1b34e74ae6475a2b1e238fc,2200
2026-02-12T15:33:57Z,Ervinn_RUS,account.f2962f64e5964fa480a39a22bcb378d3,2253
2026-02-12T15:33:57Z,kaiGde_N_MSL,account.1b90db21091b4c5da85d898e387906b9,2549
2026-02-12T15:33:57Z,GZ-HuaNan-96,account.8f0d94036a12426dba0bc52db8622c33,1507
2026-02-12T15:33:57Z,YKMKGWH,account.c1b22ff1950b491ca73b3d57e55f4ac0,0
2026-02-12T15:33:57Z,Xiromant,account.9a7b7fd699a849e4ad71b1d392207bcf,433
2026-02-12T15:33:57Z,NYB_DNR,account.68b0e22024b54a649f7aa6de94f626a9,1147
2026-02-12T15:33:57Z,GiveMeCarry-BF,account.ef4a65c9d51749349ad43b4fc7c79c88,1159
2026-02-12T15:33:57Z,Lucki1987,account.6608a5eefb394c9da220863de99cb92f,814
2026-02-12T15:33:57Z,mike_4_nike,account.f1ffc44e22c04e7290caa3c000463230,2117
2026-02-12T15:33:57Z,ASGARD_55,account.55c8bc0984e54a6b9df74847e74ae70b,1835
2026-02-12T15:33:57Z,Mr-Senya,account.cf8c6272610d47008f3db0e53455f164,2342
2026-02-12T15:33:57Z,Murio027,account.ab558f8ae78d48cb9983e317996bb03b,1556
2026-02-12T15:33:57Z,BEAULAXY,account.42bffafad46e47c0ab0e6e07d706ca35,2404
2026-02-12T15:33:57Z,Gu1ang_,account.82da61a6e3f4418bb94020c115165ded,2736
2026-02-12T15:33:57Z,mishanyazhiv11,account.0238d68dfc6649bdba139bc67f1bbb0d,1883
2026-02-12T15:33:57Z,hanyd-,account.2957277e840441f9b2e6bac875194cbf,3175
2026-02-12T15:33:57Z,LLDD0022,account.69ecaeae54da4050b5c567ca9cc4c301,0
2026-02-12T15:33:57Z,xiao-sao-pi,account.3548c15d95c14130bd0ceeafc0ae7670,1876
2026-02-12T15:33:57Z,F0R2NE,account.f4ef13d3b10d4dd4a9e9a346c513a883,2725
2026-02-12T15:33:57Z,SIBiryak55,account.6f51913063c04416b9b2160600f8e540,1463
2026-02-12T15:33:57Z,Agr0_Enot,account.26468fd7eab54341931c5041127dc115,2167
2026-02-12T15:33:57Z,1MAMBA-,account.055fe51d915f4bb3830060a80fcfeb48,2818
2026-02-12T15:33:57Z,KOWALSKI-_-_-_-_,account.2906abd1963f40df88ae6464d95295b4,0
2026-02-12T15:33:57Z,Fren4Black,account.c96a7ae31645467fba7a48a605e1605c,1673
2026-02-12T15:33:57Z,BYRAKanec,account.b026cb2eb3b944b881b949602a49a237,1800
2026-02-12T15:33:57Z,T0kcu4Hblu,account.a85ec38862e54f4fbd50a98b110828d1,1848
2026-02-12T15:33:57Z,Dpaka_B_Cpaky,account.c2516e0fb85f4e8a9fc4aada231a3d41,620
2026-02-12T15:33:57Z,yjkahAeLATNQX,account.e470624bbbcd4efb94db400dfdf07dc7,0
2026-02-12T14:37:18Z,FKBYF123,account.047473cb91f74e6182e107b6d4ba9b60,1344
2026-02-12T14:37:18Z,JAS0N-BR0DY,account.b84cf68a3fc547bba2ca07b8cc1a7781,1708
2026-02-12T14:37:18Z,VOLCHENOK86,account.8f1b9490f4414634b7fb950d74250c28,2288
2026-02-12T14:37:18Z,OpiumSinKid-_-,account.e0be1784f11c48ddb96a3873c57a1db6,49
2026-02-12T14:37:18Z,KlauS549,account.69c92848cb694e15b1cb95d9f1feb843,1116
2026-02-12T14:37:18Z,KISS_MY_AIM_BABY,account.9dfee84193094b5cad7136f1e94b9581,1804
2026-02-12T14:37:18Z,footbil,account.f9de50f2db1145f3bd5964f40d67d4ac,1374
2026-02-12T14:37:18Z,Sweet_Stefan,account.bf6e0162850345f39bdae0d7258b2f90,0
2026-02-12T14:37:18Z,JafarBeK,account.75bb487650d84815953d821bbdcf2655,477
2026-02-12T14:37:18Z,Douyin_bolinZ,account.326b53ae6cd0450398c09e92c1979efc,3163
2026-02-12T14:37:18Z,Cryspi_Cucymber1,account.2535f2d206174adba52d12c803e81a91,1096
2026-02-12T14:37:18Z,beka-realmadrid,account.3f61e77ef3b2419eac95b866acc1cee5,0
2026-02-12T14:37:18Z,12846784678,account.75f84ecb6fd546c9b5303e8e4827334a,0
2026-02-12T14:37:18Z,IAce9527_,account.c070ad35f1ab4ad8ba697b00b1549f9b,2730
2026-02-12T14:37:18Z,st_105,account.0c00c3dc3bee4fdc88cdb701c4062a2d,1443
2026-02-12T14:37:18Z,Yan-IVI,account.5c488db9d149440f9dce5ed07052024f,2936
2026-02-12T14:37:18Z,LESTAT_DELIANKUR,account.cbd7bd53a7c9443b9f2c9fce0d96160d,787
2026-02-12T14:37:18Z,spartanec-07,account.5cef07ceac8c46fcb70b12b04cb0505a,1370
2026-02-12T14:03:02Z,sloumY_YouTube,account.afc0de3fb2f04bb4b016fa8347cbb01a,2512
2026-02-12T14:03:02Z,TerribleFlash,account.ef922804e60441d88124d23ae4fa0251,208
2026-02-12T14:03:02Z,S1897er_-,account.d7af049a264f4c2ca3315e0c10ff9559,2461
2026-02-12T14:03:02Z,TupakLegenda,account.36f925587c1a45c0af1b8126e0bd8b0a,0
2026-02-12T14:03:02Z,Tsukuyomi21k,account.4fea38a3e5204b7c891040540ca32768,0
2026-02-12T14:03:02Z,D-XiaoHui,account.f9944bc005534aa9ae1e6f718581bcb7,2118
2026-02-12T14:03:02Z,N3GAT1VVV,account.3138cced6eb84a498d081e1857e42e24,2632
2026-02-12T14:03:02Z,Baby_-Boy,account.29ffae2a37a84ffca5c27e0375c0f035,2951
2026-02-12T14:03:02Z,SHALL1317,account.4aa0cf0601d44cd78fa04f1475d0b2f8,750
2026-02-12T14:03:02Z,KX_Shen,account.3e3d66a90f454060a7ced537b6863b32,2418
2026-02-12T14:03:02Z,G-ZsLei,account.f2f530761d764a909487905a6568bc78,1981
2026-02-12T14:03:02Z,SCOTochek1337,account.3c983d274a794749a835cb4762653c82,2084
2026-02-12T14:03:02Z,SHAITAN_KOFeman,account.4cfb6414bdee44a89ed2e3de99866afe,1774
2026-02-12T14:03:02Z,KX_M1ng,account.0b3fc525d18a463cad825f55d036cd6c,3135
2026-02-12T14:03:02Z,weerfint,account.c59703a6613c4e1591c717543004e256,2114
2026-02-12T14:03:02Z,WaFe537,account.6c611650668d49dca5dd7b77369076c0,0
2026-02-12T14:03:02Z,PLATINOV1987,account.099f474412b448b7a22b9bfcd395abf9,1590
2026-02-12T14:03:02Z,Chopfin,account.67ef910c9c1046c0b0e358a04924afba,0
2026-02-12T14:03:02Z,SHAITAN_PERDUN,account.331c0434879c4f6d966a0434f604bd29,2527
2026-02-12T14:03:02Z,JIapuK,account.fa78f7758a314f2fbde30849adff680e,1996
2026-02-12T14:03:02Z,Krypton1te_16rus,account.87418cf1e242478180aca7f10a887c0e,2299
2026-02-12T14:03:02Z,Aix7eft,account.d1ec70156f844d059981764cc827a109,1991
2026-02-12T14:03:02Z,I_Ares_26,account.07953e4fe31545e29438397a7d179e5d,877
2026-02-12T14:03:02Z,Mart1n2701,account.cc985278f56a483488c591b88921b743,0
2026-02-12T14:03:02Z,demanby,account.1e3b40b7437f40aab12e021da50e9757,0
2026-02-12T14:03:02Z,Trener0990,account.bee52e190efb4b36b7bbc94be7a156a6,0
2026-02-12T14:03:02Z,Spexial-skr,account.f95fe8ff1c7c49979f06ea4714483095,2190
2026-02-12T14:03:02Z,SeRsEeD,account.cc99c9d643fe4898848792d2323d2229,0
2026-02-12T14:03:02Z,Wzhumuqin,account.da365be0b9304099a02788f889d285d9,2520
2026-02-12T14:03:02Z,KARAKESEK,account.1c0ef7de8beb43878cc4ac5361c823b2,662
2026-02-12T10:04:14Z,SHADOW-MONARCH04,account.a6042cca60f04e6e9805bab79878098a,1905
2026-02-12T10:04:14Z,Rebzik,account.32d7cfbcc9da4c1a9e0b1a7978f7f358,0
2026-02-12T10:04:14Z,Predator-002,account.7d2e5019b2f0408c8d196a2048695071,0
2026-02-12T10:04:14Z,KoShMaR_018,account.d5597dee9bc14f61bc26b37626aa5032,0
2026-02-12T10:04:14Z,maks56,account.967f60e481c546bc9c4b0552c811e3e7,0
2026-02-12T10:04:14Z,DIRT10101010101,account.b4e8b0238cfc43ffb9b2d7952d7a3844,0
2026-02-12T10:04:14Z,KAZ_Don4i4i,account.4176664bef5e4a8f89e5aeec6850dbe0,1944
2026-02-12T10:04:14Z,NlxMariel,account.77d8c97add174f80b53064102643e663,0
2026-02-12T10:04:14Z,xiaoxuesheng_ouo,account.702234ab75e441fe91098127907d2401,0
2026-02-12T10:04:14Z,KarochiY,account.6b891841649a4bfcb0235827b635472c,0
2026-02-12T10:04:14Z,Kymir_mnogix,account.f6ede82c447e422ea326275af799c47b,0
2026-02-12T10:04:14Z,TyT_77,account.84ea718ae95b41808a056cbcb6bc2f2b,0
2026-02-12T10:04:14Z,AVARA73,account.8173153ab1904532947275de80d68d2a,0
2026-02-12T10:04:14Z,Death5_,account.a77a246ebccf42f1ad5b8884b8b07fb5,0
2026-02-12T10:04:14Z,Xiao_Bing_Zhin,account.919117a31f97436c92341abf5955eb02,2236
2026-02-12T10:04:14Z,bigallcash,account.558980b080c94d40ba3e0bee51d13099,0
2026-02-12T10:04:14Z,TOYA_001,account.1f16b9cdfd854d5999675d29c013ba73,0
2026-02-12T10:04:14Z,SadyrskiTOP,account.9b346d72458b4cdba5b0db3bcd471d0a,0
2026-02-12T10:04:14Z,ZubaAnton72Russ,account.2ee49937c34a492fad0e4cfc91aa8be1,0
2026-02-12T10:04:14Z,LastYonk0,account.f9017763d444435c8604feace1e3648a,0
2026-02-12T10:04:14Z,Pro100Garri,account.7e9e492ed72a460ea7df481a45a13326,0
2026-02-12T10:04:14Z,Sayakhmet1,account.c2edefd1b2b04859845f85e77bcf8867,0
2026-02-12T10:04:14Z,AeTooooooooooooo,account.b49e595f320245078ce70a3218120318,0
2026-02-12T10:04:14Z,PR9FIT,account.6d671033ba9c4421a764e5cf223ceacb,0
2026-02-12T10:04:14Z,RusEsh333,account.59ec66861d274546b3b02016938bbc51,0
2026-02-12T10:04:14Z,TIME_TO_KILL_,account.48150dbb24da47ba9606cc3daf8bfb48,0
2026-02-12T10:04:14Z,G1ftxD,account.690625c0532b4a60b527e55cd9f1832f,0
2026-02-12T10:04:14Z,bakewka3,account.686ab679dc554ab291c3e1661706aa0e,0
2026-02-12T10:04:14Z,potolkuem,account.e34f069ba0a04b8d8ebdef82c0fb7b58,0
2026-02-12T10:04:14Z,xESSx,account.9a8466aa32174931a957938014080468,0
2026-02-12T10:04:14Z,SHERZOD-AKANG,account.bc1ef8eb61bb49709eb6f2352eacdaf7,0
2026-02-12T10:04:14Z,DimaTs0y,account.3d98f1c00fc74a789fc690a8ee4de1bc,0
2026-02-12T10:04:14Z,ask04995,account.f4989053086447f2b81f6f5e1b30b936,0
2026-02-12T10:04:14Z,apstaklis,account.0b09f45884d84842a3b7838595af0a21,0
2026-02-12T10:04:14Z,joxa_1990,account.f1063d773e2646bf9179acbc88ab133f,0
2026-02-12T10:04:14Z,GXWYXq,account.a731d24300a34c3abac67163290cddaf,0
2026-02-12T10:04:14Z,823252448,account.2cff81088b544a8cb96b123584063b7d,0
2026-02-12T10:04:14Z,pro100voda,account.0ac5e46566264fcca61d7d4b0aac8d0f,0
2026-02-12T10:04:14Z,Pi1_Yo_-BX_0V_-,account.3c8b14f0279a4de4baf8a0e614df7e41,0
2026-02-12T10:04:14Z,P_a_r_a_d_o_k_s,account.7c79f766b76d40dab6d24e00d66b8699,1980
2026-02-12T10:04:14Z,Pasasin666,account.4e21ae2bd75c4fdcbe9f64125e2f4f44,2096
2026-02-12T10:04:14Z,Say_meow_-,account.20fdca41ae7f418189b4e43e877897c0,1556
2026-02-12T10:04:14Z,V500_TTianB,account.32230df93000400aa5a3994f89cdd33e,0
2026-02-12T10:04:14Z,Yakut-85,account.1d7766af21004fb98f81a7302b3259dc,0
2026-02-12T10:04:14Z,TANERKIL,account.d3977390b519404599bf85dfcdb44c01,0
2026-02-12T10:04:14Z,Lisrrrr,account.d89b7ef529dd4891a2bbfa419c417cff,0
2026-02-12T10:04:14Z,MuroGang,account.a38188589b8f4b41a4ee206d93dda5df,0
2026-02-12T10:04:14Z,rindo33,account.a87277f07d7a45f990126f417075cba3,0
2026-02-12T10:04:14Z,KGZ_IK,account.60b159415edf46bf9362f04de2505bc6,0
2026-02-12T10:04:14Z,VanZol,account.15ec008088224f55b7b3eac1ab08b2cf,0
2026-02-12T10:04:14Z,Gerpich,account.1ba238540ee946db8c225f83033f55d2,0
2026-02-12T10:04:14Z,Yes100296,account.10cfcf0f106148d3946fc9f55a478683,0
2026-02-12T10:04:14Z,Hellooooo77,account.4f881c46dced4293af1f70ffa73b4cab,0
2026-02-12T10:04:14Z,Kingquan04,account.699f1404581c481e8a41a66dc2d90d90,0
2026-02-12T10:04:14Z,SPARTAN_WAR,account.40dae62596c54975a414d3e8adb5f405,0
2026-02-12T10:04:14Z,KOBA61,account.009130d3d7de4a4d8792de2b92ab14be,0
2026-02-12T10:04:14Z,OH_BOP_B_3AKOHE,account.bc7f34ac42bd4cf986b5034d5ef941f6,0
2026-02-12T10:04:14Z,hose7777,account.2ef35ed970284db58e70d69774796109,0
2026-02-12T10:04:14Z,rubaevkonch,account.b756a52060f44b8cb270bf0a4cff2d90,0
2026-02-12T10:04:14Z,Piska_Bobra_28,account.9c18d4cac40f4d97a5bc665406cf3d18,0
2026-02-12T10:04:14Z,ABUFATIMA2805,account.474b6f1b190742fa92ddf47482a823ce,0
2026-02-12T10:04:14Z,NO-TGLTN-OLLE,account.e96c7a8bf1c14f21b5702edab10d13b6,0
2026-02-12T10:04:14Z,ZayaBang,account.ab364e17eb7741cca89fabd51c76cab3,0
2026-02-12T10:04:14Z,PANDAgrii,account.9d4128146c9d44a0bd7bf6a1d512e081,0
2026-02-12T10:04:14Z,18AKULA87,account.36cc6ab7af43465ca61556786d4b628f,0
2026-02-12T10:04:14Z,SUSHENOD,account.c7beff7b1bfa44ea8c36f14b20cbad11,0
2026-02-12T10:04:14Z,Jay-xiaoxiao666,account.035ea5d8990442b9a04663179b00613f,0
2026-02-12T10:04:14Z,91XiongLuWang,account.9a7ce55c80f8482088631775c64f6c11,0
2026-02-12T10:04:14Z,Yakut__85,account.cb6961c084b740b8ae60309395ba2eb7,0
2026-02-12T10:04:14Z,HeY_Solo_wTinG,account.14b37fbea711497e9a8df50cd46f5fdf,0
2026-02-12T10:04:14Z,S_T_E_N,account.d63b1e3980c94b40b27caeb648db51fe,0
2026-02-12T10:04:14Z,NatashkaMilashka,account.2ddc7939f6694b80b37b3e4226f5d439,0
2026-02-12T10:04:14Z,Denchik_174,account.3bfe2469f8be4e11a7a02dcd8ce6647c,0
2026-02-12T10:04:14Z,jj631m,account.3ca33af2b3f9401a9b8b689de0ae0468,0
2026-02-12T10:04:14Z,MMG-Serendipity,account.1b4313373ddb43e296b1f5a96b40d3ca,0
2026-02-12T10:04:14Z,sUDIFGB,account.f5d9743153714e75b4b64d34f936f843,0
2026-02-12T09:35:21Z,JIBLAJIBON,account.addcffff053f4e17bbbd3c562ae82bdf,1275
2026-02-12T09:35:21Z,FcAmu,account.f2d1d4dbb77a43dcb1c1f4e2145a847d,0
2026-02-12T09:35:21Z,Kalyamala,account.2ca35cc388b849da91f661bbfd12e93d,0
2026-02-12T09:35:21Z,Melziq,account.4b580b5948124621a22ac451c66cce23,0
2026-02-12T09:35:21Z,zarkuh,account.5cf853450d9d49da8f2102e4b5ac90be,0
2026-02-12T09:35:21Z,HIW-NIK,account.e0e35d482e9748d680e419f84dee0882,0
2026-02-12T09:35:21Z,Kuku_Epta59,account.8cf846d7321f4e23ac35f51d32e1144f,0
2026-02-12T09:35:21Z,glock03-03,account.8f14e866f8c847d3aa8762a6fecd4c4e,0
2026-02-12T09:35:21Z,NaTasha125,account.697b585998294ae59ed58a26467a8832,0
2026-02-12T09:35:21Z,lobok1234,account.ee6e0376b89f48b6a8da19dfd2e7483f,0
2026-02-12T09:35:21Z,BAROD_,account.883b0917b7d44e348c850e237a2f6b64,0
2026-02-12T09:35:21Z,A-4Xiezhi,account.f95ec6f32c294528a6cbfd1a253f1854,0
2026-02-12T09:35:21Z,freggf,account.ce4d6af6075d42429371d8e5e01dd4ea,0
2026-02-12T09:35:21Z,zloi_Lui,account.f5b8a46d0f4a416ba4af1301df47d45b,0
2026-02-12T09:35:21Z,surko_aperyan,account.f4dfcb3d592a48b28ac782292c54d9b3,0
2026-02-12T09:35:21Z,Good-Job71,account.05ea5f21372f4df9aca5c370236a4c91,0
2026-02-12T09:35:21Z,withoutRerets,account.8e1af14fec7a432685165741037ab706,1829
2026-02-12T09:35:21Z,Gudvin-21,account.77325915c19145dc81312043a24b2383,0
2026-02-12T09:35:21Z,Brestskiy25,account.f06cd01e467442b2bc8f7b40b7b5054c,0
2026-02-12T09:35:21Z,CallMeHorhe,account.164fafcd4a514f5ea7b0e4e622d479e8,0
2026-02-12T09:35:21Z,Kurugliev_A,account.449ff7dfcd25449e8de747845df428f8,0
2026-02-12T09:35:21Z,Francuuz,account.ff108dfa23884970b64ae5c555c9419d,0
2026-02-12T09:35:21Z,stalker5495,account.3ae55bf55aa4412fbc71532b0e54017b,0
2026-02-12T09:35:21Z,iv3tjvv5,account.e541e2f5b15f42609b6eeabde5a53c3b,0
2026-02-12T09:35:21Z,NURBEK-,account.744b4cb47737443597a714c956394aa3,0
2026-02-12T09:35:21Z,RYCCKIY_M9CNIK,account.cf43ddf428f84a9aa165b5c51e01e5c7,0
2026-02-12T09:35:21Z,XeiTeR_03,account.1c375f7d2a0749418f468bae66faad58,0
2026-02-12T09:35:21Z,Sa1nlook,account.5da15ff55707401e8dabe3c193fdf441,0
2026-02-12T09:35:21Z,ohona01,account.bd89e409e1fb4503bcab63df10f4c0a3,0
2026-02-12T09:35:21Z,VOL4OOK,account.002ecf70e67240f6a62a9d08edfc6404,0
2026-02-12T09:35:21Z,lanast,account.f82cf6346ab74232aee87de1f6ebd5ff,0
2026-02-12T09:35:21Z,Zhakenski_001,account.df1a4bbc7ac140259504002c9b47a3de,1089
2026-02-12T09:35:21Z,P1PIRCHIK,account.a370f2e103ce421f8de04554a9f22043,0
2026-02-12T09:35:21Z,JackDaniels38,account.3d3c463eed4c4da98de9851550bbb819,1440
2026-02-12T09:35:21Z,ALMAS-KZ,account.07f5217d38aa4c2bb1be9672917a86fd,0
2026-02-12T09:35:21Z,ac_haxiao_xu,account.1d69b621896d49318c97eb604dc2b512,0
2026-02-12T09:35:21Z,SaidBFI,account.73b9e5c27d4b4035a3839f5ef8ccbed9,1801
2026-02-12T09:35:21Z,rumpelestiltskin,account.c97044ec7c094b65883a299e7353d210,0
2026-02-12T09:35:21Z,Saint_42,account.d0251232b7154a2c9ef594f64073102d,0
2026-02-12T09:35:21Z,d551566,account.b8e5c55a058b4aed95977d9a5b7f94e9,0
2026-02-12T09:35:21Z,cataliiaYI,account.d6cae085756e41998c18522622589218,0
2026-02-12T09:35:21Z,BMW-Justin,account.316b9d2fd0ff4c95889560b9b5da9d39,0
2026-02-12T09:35:21Z,QIQIQne,account.ddeb611ff0cf400dbd269469aea39c7e,0
2026-02-12T09:35:21Z,exalu--007_____,account.05d82214b5ca4c5f98646b2c29ea717f,581
2026-02-12T09:35:21Z,sasha_98,account.973074668c0447e1850969056ecb04ab,0
2026-02-12T09:35:21Z,BaHTiWkA,account.08a5e73cce874f41b924cd7016e88a9e,0
2026-02-12T09:35:21Z,Jonik_0628,account.41e446dca1d5485e9373252e5a80d8ea,0
2026-02-12T09:35:21Z,Rexman777,account.3c45cdb225524837bfcacedb35f89ecf,0
2026-02-12T09:35:21Z,Zzil1985,account.11764e4383d34dfbbf81434763bc486d,0
2026-02-12T09:35:21Z,Femida28,account.1671fb3312ae42d18b6447ce0f0ed013,0
2026-02-12T09:35:21Z,ZhEnDoS,account.dda89224ad144a959f2bf72dcd94d170,0
2026-02-12T09:35:21Z,Vong_Qibagege,account.0d1dc4f795c9495dbf56a1ccae2e9cbc,1591
2026-02-12T09:35:21Z,Solm1z,account.cc836bc2c60b4cb6801b8678468e7e90,0
2026-02-12T09:35:21Z,Alligator-93,account.9564ff7e0ac74d70a0704bb751e110d1,0
2026-02-12T09:35:21Z,312_lipton,account.be60d2eae3a34e63a02b83812807802b,0
2026-02-12T09:35:21Z,jke9200,account.391ff274cb8f4b838117bd9e7d040bb7,0
2026-02-12T09:35:21Z,Yelaman1005,account.6fac521039d5417899ca9c141fab8344,0
2026-02-12T09:35:21Z,Guilang55,account.0425b093a7a84156a262b2f2bcd57855,0
2026-02-12T09:35:21Z,Z_LAYa-ZaYa_27ru,account.9331e7945770476fbe066fd40329ceec,0
2026-02-12T09:35:21Z,S144016,account.06fdb24668974a9bb1f6e65ba725b187,0
2026-02-12T09:35:21Z,JokerKCC24,account.0759d3febbf34925831c8cdc77bffe8f,0
2026-02-12T09:35:21Z,8Euoii,account.e147ee34992242a288ab0bb876d802dc,0
2026-02-12T09:35:21Z,GFHFHGFDJ,account.18194539821741d38f99f6d54efeb632,0
2026-02-12T09:35:21Z,Panda231132,account.5782682897ec494190986dd31bb9cea7,1632
2026-02-12T09:35:21Z,KoVaRnaYA,account.b284551653e8469eb401e8f676545d15,1155
2026-02-12T09:35:21Z,Christmas_ST,account.1cae5d237f6a4c008518df912b91b0bf,0
2026-02-12T09:35:21Z,Kava1_4-4-4,account.8ed1f750db364a1b97aa5a2e5d19d70b,0
2026-02-12T09:35:21Z,DesertWolf89,account.96c9b3e1906542e887f8b4a1e7f8f8e9,0
2026-02-12T09:30:35Z,ToMoRi--Nao,account.c1220da74df345a8847863f11ee4d792,0
2026-02-12T09:30:35Z,Mars-tjk,account.4647c1e5bd2b430fa86ae1371741cbc6,0
2026-02-12T09:30:35Z,FelixxxFelicis,account.7ad1fd0e0123417aaf5cb07e9875c350,1571
2026-02-12T09:30:35Z,VIP_ANGELSJ,account.d2441d1f1c6a41ae91eddcaff710d19e,0
2026-02-12T09:30:35Z,NAYDENISH,account.15454f4e47a04dc0b60fe2da5f23fda2,0
2026-02-12T09:30:35Z,GarGun99,account.e3dd6393e8c64d829b6ea2bd2cd04164,0
2026-02-12T09:30:35Z,TATIK453,account.963f1e100035455d88dd2cdccb6262ed,0
2026-02-12T09:30:35Z,Tata_abramson,account.4a2187b79f7d4970bf2062020cc013f9,0
2026-02-12T09:30:35Z,ShodOn001,account.3fb3367bc15648daad5a27866748bf07,0
2026-02-12T09:30:35Z,SCORSESE_NOLAN,account.282755b0e304400cb671a99671e8f705,0
2026-02-12T09:30:35Z,MarryLoog,account.61eca0fc34be4365a944f54741526e7b,1765
2026-02-12T09:30:35Z,Gastaclaus,account.2230cc54af5a40d49a272b905ad612db,0
2026-02-12T09:30:35Z,yarik2026,account.edcc1d79e3854372936c3e475b29cc54,0
2026-02-12T09:30:35Z,1MysticStylez1,account.362a24ec5e2d4ad59f664d9d584554a5,0
2026-02-12T09:30:35Z,ChikyBombony,account.11897ace68ab47f8baa5253e4443ba9c,0
2026-02-12T09:30:35Z,KhURSAND1,account.d22a723a78d74dd498b2885917656322,20
2026-02-12T09:30:35Z,Vanshot123rus,account.95925ef6ebf24a29a5b5ab3e132fe84b,0
2026-02-12T09:30:35Z,Legenda11230,account.9c71511a31694a05ba9c0200781f6c26,0
2026-02-12T09:30:35Z,Rustam707,account.85bfba25bda0450aa1a0a8fef680c7df,0
2026-02-12T09:30:35Z,Milisvii,account.398f864e01034af4849c6a9117b70c67,0
2026-02-12T09:30:35Z,goutou-bao,account.fd34fadbcbdd4b658eddcdba6db37bc1,1491
2026-02-12T09:30:35Z,SEREGASTAF,account.96d334132d3842048c881fcb1d9b4bee,0
2026-02-12T09:30:35Z,Ab1trable,account.86c09d6e94bb4f2884d2a23376727d1c,0
2026-02-12T09:30:35Z,DauBas,account.85a4f0a49c2e48b9a1b5add4effe79b6,0
2026-02-12T09:30:35Z,Alex-707-,account.4cb37f5f18c04fc09f43b1915f8492c3,0
2026-02-12T09:30:35Z,JerryDE33,account.c005aafff84945bcb5eb4227b53056f6,0
2026-02-12T09:30:35Z,chipizdrik20,account.75393c3bff104e68819564d6619d345b,0
2026-02-12T09:30:35Z,Artem19901611,account.c3ad1c1058634c56b0956970a38e81c4,0
2026-02-12T09:30:35Z,YYDS152-,account.cbdeee4df08641f0aeccf6bfba0dafe9,0
2026-02-12T09:30:35Z,KalyvanKlyev123,account.d186e3d7d32e42d299952d1b7e4bb174,0
2026-02-12T09:30:35Z,Neuropathologist,account.e7a99e2f05ab43869ac54cd0ec122c04,0
2026-02-12T09:30:35Z,GROOD54,account.80554012f28a49849766ad036f8cbb8b,0
2026-02-12T09:30:35Z,Unixe-,account.c153438dc1a04a7a91b76eedb2ed39c3,0
2026-02-12T09:30:35Z,sultik567,account.bf3c63ae39914313acee174183b3cac3,0
2026-02-12T09:30:35Z,xxBETEPAHxx,account.d7bd3fe7b23640e98a957402a90aeb95,0
2026-02-12T09:30:35Z,Gennadich_rnd,account.49c11ee89b33457da52bbd53a0aab128,0
2026-02-12T09:30:35Z,Pro100_Demon,account.51919ab5efcb49879601b440bb75b697,1743
2026-02-12T09:30:35Z,l--MANTO--l,account.9713fe0737224dd39c05cc3ceb413ef6,2038
2026-02-12T09:30:35Z,Zhumabaiulyyy,account.4140f0a812a145eabcdc70738f1e9f82,0
2026-02-12T09:30:35Z,Olzh1kk,account.a95a474ef6df49c28e63f7568a38e975,0
2026-02-12T09:30:35Z,BiLi_08654176,account.11ae0a9965e8479fa692104cceeae260,0
2026-02-12T09:30:35Z,Sumrak_2,account.fff335aefd6f413a9ddccbc4e922e75e,0
2026-02-12T09:30:35Z,Pete--Liu,account.255a22bf104742cfa9c50c12bc39a014,0
2026-02-12T09:30:35Z,Bagiron13,account.519601b4fe5146a993d8e5ad143bf079,1054
2026-02-12T09:30:35Z,MaestriSeven,account.1733bc3b3b89491ba4887476b2ae81b8,0
2026-02-12T09:30:35Z,AmirTemurYouTube,account.c7c663a7d00d479eb1380bf661428507,878
2026-02-12T09:30:35Z,GANGGE-AK47,account.b0aa0894582d412e81c5f1475d08cc2b,0
2026-02-12T09:30:35Z,AMM_001z,account.4c6ab16e6bb34a41ba65f1f44eb8334b,0
2026-02-12T09:30:35Z,Uskamanskiy_016,account.6262503c5188426e87ac44e26027a7da,1818
2026-02-12T09:30:35Z,olegka360,account.977683f4b17d4e08b3aebe497e86c752,0
2026-02-12T09:30:35Z,PopaKeka,account.e94d304e754447ed8773d54beb51f684,0
2026-02-12T09:30:35Z,2TaP_Lucky_,account.34f5f84665b44554a9ed0f189966dfbc,0
2026-02-12T09:30:35Z,zas0409,account.5826bbf32f794c92aba63f21352af3cf,0
2026-02-12T09:30:35Z,Roliksi,account.a6b7cb3165bf4105a7d2fac1191e5ea0,0
2026-02-12T09:30:35Z,333qq222ww,account.f77df8e87de7444fb894db4d0cce2d0a,0
2026-02-12T09:30:35Z,guchi111,account.96e58e7b6c254e568c85511b434f913e,0
2026-02-12T09:30:35Z,K_i_t_a_n_o_4-7,account.a8a72deb1f32455aac140c5fa268bbb0,1265
2026-02-12T09:30:35Z,fyuiljk,account.9c5f691464614f0f9712104fda4d9a3b,0
2026-02-12T09:30:35Z,foto_uzbek,account.41f5a334a2714a4c8a0a94cfe829ebb0,0
2026-02-12T09:30:35Z,wrerttrt,account.0e38392313f641e4b0b42bf2bd47237d,0
2026-02-12T09:30:35Z,1oi4_,account.f47bd27cbb194b20babe7c5713414a64,0
2026-02-12T09:30:35Z,dimarikkozlov123,account.da1886b0fe6a424fb97e752db31637cc,0
2026-02-12T09:30:35Z,Apachecyberclub1,account.47aaae128a60491c8fc1e7dd4e67a513,0
2026-02-12T09:30:35Z,S_h_A_r_K-27KhV,account.8ef229bd633749f1b120f91601f7ae61,0
2026-02-12T09:30:35Z,STilleT95,account.50a028c2c87a4ea7895a85e9ccf17ac6,0
2026-02-12T09:26:49Z,totsamuy_7,account.274902fd3d5447238911cf109c12a19a,0
2026-02-12T09:26:49Z,O_L_E_4_K_A,account.87bcbc0383d143f782403ce85464b2b8,0
2026-02-12T09:26:49Z,ais270,account.fbfb32f17bff47d39a8b5b074ff65e5a,0
2026-02-12T09:26:49Z,0Nadejda0,account.74f2395b87934f26bf5669dc01b01892,0
2026-02-12T09:26:49Z,bes_421_,account.10e82a23bc68422f94558e9eed6db17d,0
2026-02-12T09:26:49Z,Werttyall0,account.912a5d174af248a3bf556b40fee90d47,0
2026-02-12T09:26:49Z,JEA077,account.556e4e11c7804516a85a18731ed9c245,0
2026-02-12T09:26:49Z,Luchanno,account.c37a894be1084a9c8df1fbe0199bd65e,0
2026-02-12T09:26:49Z,1_Matador_1,account.f26d16e729c54b3b91249254f985d1d7,0
2026-02-12T09:26:49Z,BOBAH_54,account.1251762570ce42878f0526c459600835,0
2026-02-12T09:26:49Z,exAW_805,account.d064a102778349fca002981c779ab958,0
2026-02-12T09:26:49Z,Leshiyman,account.3a06cb9c7b174c0b879dcf785cc94ca4,0
2026-02-12T09:26:49Z,alexeyshelehov,account.b9a700b77e30464ab8357f29d2c4b443,0
2026-02-12T09:26:49Z,9508SS,account.e36b88b7a58546ae98b196cc5f5f0390,0
2026-02-12T09:26:49Z,TigaR-95,account.46cc69fd3f514f19b7adb53aadae25d1,0
2026-02-12T09:26:49Z,AlexSensei,account.ba53b5bab19b47029db505e4aef7ac8d,0
2026-02-12T09:26:49Z,Kasper_056,account.8699328e3e744d428cb9798e47f4204d,0
2026-02-12T09:26:49Z,Chalavek_9i,account.e8a7ee8db75b4296821f34bb80cd8aa0,0
2026-02-12T09:26:49Z,MAMKy_e6aJL_YT,account.c02e4d25571a486fa43b4ced2b1490c8,0
2026-02-12T09:26:49Z,Danis__,account.8fdfac1486a5457a941487f574e7ce4a,0
2026-02-12T09:26:49Z,Iron_Courier,account.545d2d092d984548b8af18e6825cea9a,0
2026-02-12T09:26:49Z,CJIOH--__--,account.03d2bebdcf79414693ef61d951dc133a,1109
2026-02-12T09:26:49Z,NIKEPBG,account.fe230675f7424c259d6254529e327323,1242
2026-02-12T09:26:49Z,adleer_13,account.9fc87ad3605046779456d0cb705a7aa1,0
2026-02-12T09:26:49Z,SSUSLIKK,account.451bea539e2a477b96b76a02ecbd6f14,0
2026-02-12T09:26:49Z,Xiao-bi-hu,account.979e8b92300a402eabe4ea49f39386ae,0
2026-02-12T09:26:49Z,Sherali_1988,account.fa50a06a36924ae9b4d75e9874091c84,0
2026-02-12T09:26:49Z,arlenanzor,account.3f4d981cee60438a97a74b159a087408,0
2026-02-12T09:26:49Z,funnyez,account.33b45d7a525e457a9f887e4b084efb2d,0
2026-02-12T09:26:49Z,EtoPasha,account.7fb18b56014847f3b090a8b698a407c3,0
2026-02-12T09:26:49Z,ahiless111,account.994e6b0d1c2a4543b764b69e958dfa1f,0
2026-02-12T09:26:49Z,dluster,account.348acee26fd34732bc3690baab293dc5,0
2026-02-12T09:26:49Z,wybxzycx,account.28fdb2657cfa4923b6de2ff1007a5be9,0
2026-02-12T09:26:49Z,Schrieber----,account.2e83fa452fc440f69b56303ed35f2412,1819
2026-02-12T09:26:49Z,MuxauJI_nuBKoBu4,account.1944704ac6ca4c5482ccd4beef0ff7fe,0
2026-02-12T09:26:49Z,ven4ik_777,account.175f09965c9940e2ad46bc0be32d74e2,0
2026-02-12T09:26:49Z,SHTOPANbIU,account.af58c93fe3cc40b88f98053585b5f556,0
2026-02-12T09:26:49Z,stalker_017,account.e04d9324fa134e379f459e055586c284,0
2026-02-12T09:26:49Z,CAP3E51pyc,account.9227ab7fbfbf434285ad3ea80555449a,0
2026-02-12T09:26:49Z,Makc1myc,account.a2a41fa75c4548659358afcb25ad6e43,0
2026-02-12T09:26:49Z,1fwsswmp11,account.50ebbf88c23d4357ac4fd4a67408c066,0
2026-02-12T09:26:49Z,Martin0312,account.e48849b6488540babcc978cc2860b8aa,0
2026-02-12T09:26:49Z,SCORPION_DEAF,account.f2d37ed3014b4ef3951ebd230faac431,0
2026-02-12T09:26:49Z,yuhua_1,account.bc0950f7d57f4cea81974d664e9b17c9,0
2026-02-12T09:26:49Z,Salimov_YouTube,account.78a3ee612ec245d3a83fefd2dbc8dcab,1544
2026-02-12T09:26:49Z,LuD0mAn_,account.c36b1406c4db45bcaeb077a09424c35c,1064
2026-02-12T09:26:49Z,azeeeeraaaa,account.0cbcc60bb3504f8a9d2d054ed0a4464d,0
2026-02-12T09:26:49Z,0_Linchevatel_0,account.89565acca45144c897d5e8b1329e1184,0
2026-02-12T09:26:49Z,AskinGaz,account.71496cc2bfb94c46bcb2e1696eae5077,0
2026-02-12T09:26:49Z,sadovnikZEnt,account.6b6aeefe72904cc1986d83b642af164c,0
2026-02-12T09:26:49Z,CobraFang30,account.62ca316ff4c54481b23fd6198047b2fc,587
2026-02-12T09:26:49Z,cjhsb136546,account.8a349b1ca2d245b09e9f42b8f4f4e9a1,0
2026-02-12T09:26:49Z,1TopPushkA1,account.f4e9e3fa2ce94c18839eaa808d7f3aca,0
2026-02-12T09:26:49Z,Mila_123,account.74a491f2373c4d75b89ceac6d115e720,0
2026-02-12T09:26:49Z,Rus-Almaty,account.22d3c953edf743b18a55139e1e148592,0
2026-02-12T09:26:49Z,DengerousPenguin,account.83e4cac9971b4425aef7251e062783be,0
2026-02-12T09:26:49Z,UtilizatoR-95,account.37467d14109743fda90352d46561b4b6,0
2026-02-12T09:26:49Z,Dakensky092,account.fba1a548e82c4569828fa9b6e04fc182,0
2026-02-12T09:26:49Z,Bee_pupsik,account.0e8c58e6d75b478980f761ea2aadde7d,0
2026-02-12T09:26:49Z,Spikehikky,account.d266e5bb597a401b8f0c4b85439d0c13,1235
2026-02-12T09:26:49Z,TigerFiII,account.8158dc1c119c49e3ae74ac6e55e4ba4d,1987
2026-02-12T09:26:49Z,dendalf89,account.1350025c5b674d2e911c0093515c8b1f,0
2026-02-12T09:26:49Z,XANKRSK,account.b608aa2546de4f75b74275ae13bfde77,0
2026-02-12T09:26:49Z,HOLODNIY_06,account.f51dd391cd2943e9beb48d10f9f2a663,0
2026-02-12T09:26:49Z,Dedushka_box1987,account.53db47e071dc4f6eb4b27c8677fc346c,0
2026-02-12T09:26:49Z,Andrey-Titan,account.a21f21a48eed4456991c1d296b926708,0
2026-02-12T09:26:49Z,AkalaiMakalai_TV,account.f9622f5b7d4e4c4bbf9db8643091755f,1717
2026-02-12T09:26:49Z,oFOXSIKo,account.f785b969594140ff82e59b8c3005c617,0
2026-02-12T09:26:49Z,Alexandr_Bred,account.8f7568e38fa34b87a24e3bca1d07a114,0
2026-02-12T09:26:49Z,Shamil966,account.a14e7d945f7d4de888db59bf624c0304,0
2026-02-12T09:26:49Z,Ascani,account.f102e6dcfb444613b50f984d49747574,0
2026-02-12T09:26:49Z,Saad_lezgin_77,account.98c8deac576047698710b26fd7891035,0
2026-02-12T09:26:49Z,Nezl-official,account.74ea15fb06484750ad08dd5d57857b48,0
2026-02-12T09:26:49Z,Rus_996_,account.63da694139a3443bb1dd8ccdc9031bda,0
2026-02-12T09:26:49Z,Robi666,account.267febce2e5746b5bcaa6f4bea987f92,2053
2026-02-12T09:26:49Z,SayZic,account.348b2cc1e33248cd8a1699df9b585357,0
2026-02-12T09:20:54Z,JekaCAXA,account.0a6c220020074c808f4414c1cbfe459d,1055
2026-02-12T09:20:54Z,hectorxll1,account.d2abec907e894c89a9aa4d893d259831,0
2026-02-12T09:20:54Z,King_Jisoo-,account.182d3a72a8964b3082d8664548a14ee6,0
2026-02-12T09:20:54Z,MoonDeity14888,account.6719f4435dab4edf8b71d2c20d660edb,0
2026-02-12T09:20:54Z,HuYa_Tv-Panda,account.55fe292bb6b540d18cf3caae0782ef82,0
2026-02-12T09:20:54Z,CLAN_poison,account.f77872b964d64ebda64eab8a4e2d991b,0
2026-02-12T09:20:54Z,pirocetam,account.98d153c09d2f4a48a275d411998fbec5,0
2026-02-12T09:20:54Z,BRYKLIN1KG_YT,account.9da70c47716c4e7fb386c96a199811b7,0
2026-02-12T09:20:54Z,Gomerchick,account.0a566bc485c5479197ea7f2fc6a5352e,1182
2026-02-12T09:20:54Z,Anya_Wolf,account.5f4171209b1f4aa189ed80b3539a3a2e,1800
2026-02-12T09:20:54Z,frenck47,account.90b9cc3281fd4444997707b2d528b211,0
2026-02-12T09:20:54Z,baton19994,account.2c00b502483349d19348806894bbe4b3,0
2026-02-12T09:20:54Z,artyomyaroshenya,account.e60cbaf2feae4ee2b236b8d6e3623d66,0
2026-02-12T09:20:54Z,Rong-51,account.9b858c63ddb84c32891b36a78e1f3e58,0
2026-02-12T09:20:54Z,KOCMOC_Tv,account.296e9c7681d0415db597c5f480981c59,0
2026-02-12T09:20:54Z,TEMHbIU06,account.34a3835f5cbd4121862c09cd9b059d7e,0
2026-02-12T09:20:54Z,85RaYyAn85,account.2b6d30caa30942c49f1bdb373f392a34,0
2026-02-12T09:20:54Z,Ykt_Nikolai,account.4cfccc0108574a579f2b582a4968ed4c,0
2026-02-12T09:20:54Z,jiuanshanLIge,account.2b5b64da86664a57b0792cde9cea43ed,0
2026-02-12T09:20:54Z,GG6VINSMOK,account.337db52cd45d4ec1b2169691fa973edc,1810
2026-02-12T09:20:54Z,Magic_B87,account.86c8f9beab324303a67f8fd288ceffa6,0
2026-02-12T09:20:54Z,lNQUlSlT0R,account.0459df5920514f95b6c1ce19a9cdab94,673
2026-02-12T09:20:54Z,VINSMOKG66,account.ab3166b428b145f6a708d14992cbfeb5,0
2026-02-12T09:20:54Z,3_Jl_o,account.a92db3d5fdbc49efb225bcbe73f5207d,0
2026-02-12T09:20:54Z,elvelvkt,account.fcd4f13291184a7f89f2540ca11962cf,0
2026-02-12T09:20:54Z,k4idisstressed,account.4120bbc785c1491d8444a2c3249d8450,0
2026-02-12T09:20:54Z,4eRkaw_YouTube,account.30c219a8401843c7bb1f105cc6a43376,0
2026-02-12T09:20:54Z,Pa36ouHuK747,account.1758e6d838f446a1a2b408d455758d0a,0
2026-02-12T09:20:54Z,WhereIsYourSmile,account.0cb127cb6fe84553a9b4e370d6fe6777,638
2026-02-12T09:20:54Z,Mr-Sokrat,account.515e59a341ce4e858b23acdf87319809,0
2026-02-12T09:20:54Z,Admind01,account.2d60d44da4344710bb582510c7d2de0d,0
2026-02-12T09:20:54Z,sgema_seny,account.58a6270c79aa413582cbdd42d11589ee,0
2026-02-12T09:20:54Z,romkanov,account.a586ab60077e401e827e0c17d157c805,0
2026-02-12T09:20:54Z,FBI--LAO6,account.85ef5851af5e4137af5f52de7499ebc8,0
2026-02-12T09:20:54Z,GROZNYI_COllAPSE,account.b4f9843dd1bb4e748cd271c8b7683f9e,0
2026-02-12T09:20:54Z,ArGoS_11,account.88ac34865b4b4cfa81298b1b238b2dde,0
2026-02-12T09:20:54Z,L1onir,account.0ea48bbb76de44de864c379d3c3f4b9f,0
2026-02-12T09:20:54Z,Hiiza,account.4810fb381bf0443ebff09323cca333fb,0
2026-02-12T09:20:54Z,MEXAHNK132458,account.07dbc433d9314ff5a2e7f51d66ab1d39,2009
2026-02-12T09:20:54Z,HeiGou-T,account.645aac512912473c896ec6f0abca334e,1434
2026-02-12T09:20:54Z,ds9ulxq,account.1dc82b830dec45ddad8603c404e3602a,0
2026-02-12T09:20:54Z,Inkognito75,account.e8b9e70e6f064500bcc5fa36c4e7c751,0
2026-02-12T09:20:54Z,FoLOmItAtTor,account.6a78a9f1095745bf8a06d5d659128ba9,702
2026-02-12T09:20:54Z,ACTPAXAHEC1987,account.13d15131e9b4483196ba979a2f63176f,1111
2026-02-12T09:20:54Z,K1mJOngUnn,account.1121d85a1206482eb571f0ab5efbff47,0
2026-02-12T09:20:54Z,Persil2013,account.e30ebde2a9174dd2968480c4c0c20450,0
2026-02-12T09:20:54Z,ALASTOR007254W,account.c32cc9d8eeb1431d9afc99fc579bbd3e,0
2026-02-12T09:20:54Z,BeFooZ,account.0a0ba26a2a744c4f83aac515fe44d0a4,0
2026-02-12T09:20:54Z,HAN19Ramis,account.60f73036212041dcbbb5eb74fd6a7a31,0
2026-02-12T09:20:54Z,fidan111,account.5546bffde5234d1696e24c83b5ab82f3,0
2026-02-12T09:20:54Z,sadDaaad,account.d1fce417bf6146b498ad249a03855bfe,0
2026-02-12T09:20:54Z,A-bing-bing-,account.fd5d3bb6cacf46e1967ae71c2fe65849,1435
2026-02-12T09:20:54Z,MaksNice,account.f80990ee96f44f30b5bc513f3b3e4785,0
2026-02-12T09:20:54Z,Liza-Veta,account.530844b4661949d2add4d5b661268728,0
2026-02-12T09:20:54Z,BOEBAI_MAHINA_02,account.b046b1a136f34b27a1afe55c89269d8d,1406
2026-02-12T09:20:54Z,ThornLull,account.43d4903e3ceb42d39624dafb2ff10c32,1471
2026-02-12T09:20:54Z,ADJARITS_RTB,account.b388e450601e42f2b44a7e94e87d447b,1598
2026-02-12T09:20:54Z,Demon721,account.a8596b6ce941457a84dd86d34b26bacb,0
2026-02-12T09:20:54Z,PA3BEDKA_GRU,account.8708e2a8944b40c4af3156320198deea,0
2026-02-12T09:20:54Z,JorjKuni,account.98fa81ba358c4ee082de01fdb7aa775a,0
2026-02-12T09:20:54Z,LeoWong93,account.724bdfcca07b4f30963f16e9699c7ef7,0
2026-02-12T09:20:54Z,pro_100kemper,account.383d11c68ce34410b05cc86af377d5c3,0
2026-02-12T09:20:54Z,GENERAL_iZi,account.b671331332a543748bc49cef75ca0e33,0
2026-02-12T09:20:54Z,BSGBFW,account.bf26bf5307c84474b01b6b40161a57b8,0
2026-02-12T09:20:54Z,nidayiede88,account.af3ca9bbdb8e4a9491fff90c6a1a6e39,0
2026-02-12T09:06:14Z,Huya_SunWuKong,account.b44022acf4744442a8207987edf23b5f,0
2026-02-12T09:06:14Z,Mewok32rus,account.f1d1947a848d4745b322ff33058f7eca,0
2026-02-12T09:06:14Z,Buhoiparkur,account.f64ba71962da4d7cbbd02c65cc856e21,0
2026-02-12T09:06:14Z,SOPRONDJA_YKT,account.eab550128b4e4fc4ae2f0df8b1249ed5,1959
2026-02-12T09:06:14Z,GOU_01,account.03b3c06958334f79b603d5ebb712affc,0
2026-02-12T09:06:14Z,Jeri38,account.0c2e3bc885ec434daa850472c75acfb4,0
2026-02-12T09:06:14Z,prezik420,account.503dba0423224a22909c804bb91f88c5,0
2026-02-12T09:06:14Z,KGZ_09,account.522e6cc0f220464bb5940f67cf4e72a5,0
2026-02-12T09:06:14Z,lHardGame,account.0a2826b92bb94bc28c4952e8cda81d01,0
2026-02-12T09:06:14Z,C07s11TX02w06,account.a508ccfa37d345358b0b696f9ddcfb20,0
2026-02-12T09:06:14Z,DESTROYER_YKT,account.972208a7396b4031b54e284c037bf340,1818
2026-02-12T09:06:14Z,dzokamadara,account.3589489e7f434eeab74b7b4cf92a9118,0
2026-02-12T09:06:14Z,DaisyPure,account.d32ec4f75126419eafdbbbf1555f1d66,0
2026-02-12T09:06:14Z,medved9726,account.6fb2114b658d4e7b8d21008f3f4b2598,0
2026-02-12T09:06:14Z,ZALUPABLAD,account.f4a935937c044b74b5e0591cbb9bba44,0
2026-02-12T09:06:14Z,LiRiKA__0000,account.4bd2700d7a064304b733652cc1b771c4,0
2026-02-12T09:06:14Z,JambO2023,account.a6766807c5284c8bb95c8e2d44762f15,0
2026-02-12T09:06:14Z,Rex007___,account.1d1dd516a61842b08c8a7b3a7651d686,0
2026-02-12T09:06:14Z,FH-O_O-FH,account.e92dc35726b649558ed6b7c3e4204a8f,2047
2026-02-12T09:06:14Z,Skrewalo__Ykt,account.05762daadff64e5080896cbb0d2d2b71,0
2026-02-12T09:06:14Z,Madam_Insomnia,account.9903ff12d9414e06ae575bebdef2ba2e,0
2026-02-12T09:06:14Z,Kaman4e,account.f7f545d95ad848908fa652e7c68177a2,0
2026-02-12T09:06:14Z,1x1vincenzo,account.2e8788e6e59b4369a0b682f6b9b4c60e,0
2026-02-12T09:06:14Z,scorpionKGAckaT,account.c7928eb6e5604ef7a40215d93d4d7b93,0
2026-02-12T09:06:14Z,SaN4eZv,account.bea8e944f8fa47ceb7e49312805198ea,0
2026-02-12T09:06:14Z,TulipKind,account.337248fea242431792d5ddf293de66e4,0
2026-02-12T09:06:14Z,Ks-ks-ks-ks-ks,account.0cd5489f30fa425f8a115ab65bd042cb,0
2026-02-12T09:06:14Z,Svinobomba123,account.54ad96c619184a608e7bba6225d0b2ab,0
2026-02-12T09:06:14Z,TTTT-SSSS,account.1fe969756c714fda8afab115cf50eb89,0
2026-02-12T09:06:14Z,SamoDoVol,account.d97ba30550984b91904384f65c603d95,0
2026-02-12T09:06:14Z,soliks72,account.2a39c83c64374d6e82b62f663c58057b,1040
2026-02-12T09:06:14Z,Xaker_N1,account.76e42506fce143e3ac71da4aa1e6696e,2254
2026-02-12T09:06:14Z,Shah_Arab,account.1864e190094d4e98bd239b18cca826f6,0
2026-02-12T09:06:14Z,DAMIR21KZ,account.9b8729f008f343f7a60321e56eb55331,0
2026-02-12T09:06:14Z,gadjik_2807,account.e4f1435239884e7ca1fde9cbcc252f87,0
2026-02-12T09:06:14Z,SkatFil,account.5ebfa8f0972145c09a5996aa93249753,0
2026-02-12T09:06:14Z,CoVenant11,account.63989b334c4f4201acae947136330986,0
2026-02-12T09:06:14Z,Bartolinooo,account.79b07638a8e142b6b2b2ddf7164ebad8,0
2026-02-12T09:06:14Z,Pronchick,account.384e27f067594a2686fd22f4ea73074f,1544
2026-02-12T09:06:14Z,Black_Kyrgyz,account.adf6dcea2f464504a29bcbaec4e5cc32,841
2026-02-12T09:06:14Z,AiM_4iK_,account.434f51b8d9374e67b3779eec981ea2b7,908
2026-02-12T09:06:14Z,LyterKing,account.1f05b25099304c1ca910f6ed09ce3139,0
2026-02-12T09:06:14Z,DTM26,account.8c35468e094d4fe59c87e78f69c21735,0
2026-02-12T09:06:14Z,Whit3FAC3,account.5280f55065114345a4ce65ddf5f307c7,0
2026-02-12T09:06:14Z,mix-Taizhou,account.8ce56af837644e89b7a54c0773a57a4d,0
2026-02-12T09:06:14Z,MORF1NN_,account.3d8c8b33b47644d6acb5505b4d77a9e7,0
2026-02-12T09:06:14Z,rastafarai_32,account.8e34706bc127427695397870f8903621,0
2026-02-12T09:06:14Z,KotE_252,account.38775cd262a148a99791f8009e2f0223,0
2026-02-12T09:06:14Z,BlacksSmokey,account.37ef99d4be2c42b091315c5aedea936c,0
2026-02-12T09:06:14Z,AnTonI013,account.eaf65705520146628b60dd552b545df7,0
2026-02-12T09:06:14Z,Tima0106,account.3f08a0f0f8d24fd98986023392002ba0,0
2026-02-12T09:06:14Z,iambigboyice,account.06cbc9d5ceef46afb2262a9982d53873,1495
2026-02-12T09:06:14Z,GunichG,account.e84f5c5d221f4a7398fbb6466a8363f3,0
2026-02-12T09:06:14Z,FTT-0225,account.24b6d0a4baad4c9d9e778ed959774b43,1725
2026-02-12T09:06:14Z,ZERO_MIND_HEAD,account.f0d844bb3d424607885b45e7155b59f8,0
2026-02-12T09:06:14Z,ulukbek2004,account.87222663b5e04d978b7a32615fb6dc53,0
2026-02-12T09:06:14Z,ZLOOIY,account.74f6edf858e64be49f01d275cccd3cc1,0
2026-02-12T09:06:14Z,ZhangLE37,account.236ded9268724a0a8c51ad4742ce908a,0
2026-02-12T09:06:14Z,FearDV89,account.cf65292ef52d416ebb0ea7b97d5a021b,0
2026-02-12T09:06:14Z,Povstanec__,account.5b31b7ace60c4f5fb1bbf7c35d158a42,0
2026-02-12T09:06:14Z,Faxeeeeeer,account.deac7091913546b481d4404015950c15,0
2026-02-12T09:06:14Z,Xojaev,account.fe0ad6b29b3a47fbbd9a256e909b15c3,0
2026-02-12T09:06:14Z,DarkSideXQ,account.9ae5c2ab51c54fe3b54760762848e87a,0
2026-02-12T09:06:14Z,oldeliviti,account.faae5c3ada2741b1b5bff41bac79db0b,0
2026-02-12T09:06:14Z,RoosterAsmodey,account.0ad94462e66a4e029e457eb3ccc068ae,0
2026-02-12T08:17:43Z,tugemt,account.26e323200be74c22914d50e521b755d1,0
2026-02-12T08:17:43Z,Razvedchik-03,account.697f896236bd4b32a59a12cac9a36d18,0
2026-02-12T08:17:43Z,IKEA715,account.b4578cf8adff478e928bfeb9e56e8e6e,0
2026-02-12T08:17:43Z,nastyboy671,account.9223d19d945944f5b54deac73cef9fda,0
2026-02-12T08:17:43Z,129i,account.64b8c831d0f24980a8a695beee3c9420,1902
2026-02-12T08:17:43Z,Pavlon33,account.efa03f4b536d49f49219f2ec5647caa9,0
2026-02-12T08:17:43Z,inDeez,account.fa712815b99f48ce82d340c20c332ff3,1831
2026-02-12T08:17:43Z,ZAALuPPa2006,account.3898965c04a04724b4bca99efa4ea1b9,0
2026-02-12T08:17:43Z,CyCaHuH03,account.1ca2164292294063870fee5a5bcbc167,3000
2026-02-12T08:17:43Z,MaX_OkA_03rus,account.2b9048c9fba04f97941f966dd02b81c7,0
2026-02-12T08:17:43Z,BES_999,account.d29b78c951e247509268d0ea30e9ddb6,0
2026-02-12T08:17:43Z,Dr_BuTaMuH,account.14820cfb3e01443aae73e419cb3cf1fc,1666
2026-02-12T08:17:43Z,DIREKTOR_828,account.7fcc8e2f87cd43fb97f66ac04191d2d2,0
2026-02-12T08:17:43Z,SaintApollo56,account.727839e5f20a46dfa43c5cd2ade93cb1,0
2026-02-12T08:17:43Z,Nutanik,account.a65ec249a2e647dcb87a86925e497a36,0
2026-02-12T08:17:43Z,DaoSage,account.4391978d06d2459b967608e452111fd2,2106
2026-02-12T08:17:43Z,EPMAK_TOKMAK_9_6,account.2925b44c016f4b2a9c362c0d0b84c355,0
2026-02-12T08:17:43Z,KMS_WB,account.e290743ade384852922c4ff6bc13a103,0
2026-02-12T08:17:43Z,Frangys,account.ccfcf7fc9ee24d01b99b7e833a94437b,0
2026-02-12T08:17:43Z,Bumer760,account.895ab7f8090548229b2b4730064033a1,783
2026-02-12T08:17:43Z,Azario_kg93,account.318736363ba0476cbacc613771e60a30,0
2026-02-12T08:17:43Z,CandyCanady,account.9d19b20eea404c59ab199b9f388ffa9c,0
2026-02-12T08:17:43Z,maga005_,account.1f67f619c6b048fc914bac8fd1e84179,914
2026-02-12T08:17:43Z,Robert_112,account.892662a5d189475db086cfe8b3f3132d,0
2026-02-12T08:17:43Z,Ugl0v0i_Trup,account.33a0fb487bc44662b3c49cea382ce32a,0
2026-02-12T08:17:43Z,Kocou_Snaiper,account.476bda78e96941ffbbb1ce2238ef1c53,0
2026-02-12T08:17:43Z,uuM184wenjf,account.9be8c550971f445aa7ec1ab5ac861331,0
2026-02-12T08:17:43Z,KZ-AMBAL,account.674be66e1775412c829f8332f8a7a153,0
2026-02-12T08:17:43Z,JKMHF601,account.878101c7ced74cdc9dd164c67e2cc0e1,0
2026-02-12T08:17:43Z,HITMAN159RU,account.5d263787b9bc408faa0b3e54ef840f1e,0
2026-02-12T08:17:43Z,VIKTOR031997,account.a1a91732114f4b84af3328310bca131b,0
2026-02-12T08:17:43Z,Zenkaaat,account.73b25a8759dd4da5bd3ba4c74994cf05,0
2026-02-12T08:17:43Z,ebio90n9nc,account.2b9c82cde0d046148874d04c00f822b5,0
2026-02-12T08:17:43Z,Grinning_Moon,account.e95b7c79e5974d7f8974828f73af853f,0
2026-02-12T08:17:43Z,NeoClubAktau5,account.db8ba77257424b00b6ab15e034dd3728,0
2026-02-12T08:17:43Z,nezko0121,account.f88ff8f3ed494210bdfde97bec7c98d8,1017
2026-02-12T08:17:43Z,Ton7-_,account.d81fad4c88204f3bba2f1d37d8a5f61f,0
2026-02-12T08:17:43Z,ishtipadla,account.088248b47a7d4f8aad969397bd929d53,0
2026-02-12T08:17:43Z,Youmaderbiechi,account.26b3ebfe328846ad99d60503891284ca,0
2026-02-12T08:17:43Z,Stenly777,account.d69fdb734cff4f26aa09780bcdd5836a,0
2026-02-12T08:17:43Z,4AM_615069,account.d3f8b9903db64f5d90fa8b76a8b901b3,0
2026-02-12T08:17:43Z,bykcuP_Pppp,account.55295478062a48bbba52ea7ebc5080a3,961
2026-02-12T08:17:43Z,greipfruit1,account.2151c52e8c07405b87d00eafd5685b30,0
2026-02-12T08:17:43Z,Gaptika,account.ee93cde9aeb7493caded96c3e013757b,0
2026-02-12T08:17:43Z,001_Andrey,account.fff31c2bf01a47e798c6544088f2a3cc,0
2026-02-12T08:17:43Z,NUZHEN_XANAX,account.7aaf2495d38a429c97306c629016947f,0
2026-02-12T08:17:43Z,Rockfeller22,account.6961fa368a914a628fb6220151a4d1a6,0
2026-02-12T08:17:43Z,Sprei_Z,account.b02806c557e547f4aa419f7027cf3c56,0
2026-02-12T08:17:43Z,JANAOZENsky,account.0a2252fbaf5f4a8a994d5af2f06dcfb8,0
2026-02-12T08:17:43Z,ROCTOB_PAPA,account.d76af5e19aed42ccb959991d10a47dd2,0
2026-02-12T08:17:43Z,ZningH,account.9945a1eec5a74999b58d67132177b490,2021
2026-02-12T08:17:43Z,Shiffffffft,account.846dcf23966c4da8b38cd81b08aeb7da,0
2026-02-12T08:17:43Z,CAXAP_11,account.7057e56329df4f179756f5c190f1da3d,0
2026-02-12T08:17:43Z,ANDR3YHANT89RU,account.63a3fc77f378444e9226fd60785d62c6,1693
2026-02-12T08:17:43Z,RedDoGEyE,account.d8e93eda064f43efb924316ea6055541,0
2026-02-12T08:17:43Z,ISTOMIN_KILL1997,account.8381eacf21ec4718b4ebc5edf2d8768b,0
2026-02-12T08:17:43Z,patrikizigame,account.85ba6a89a2914c409a011d3489826516,0
2026-02-12T08:17:43Z,ya_otec_cs_16,account.5ab1fc843ca24644bd4a155c95efe1b8,0
2026-02-11T18:29:40Z,khvmza77,account.1121ea4a574c48869d963a8009df9c5b,0
2026-02-11T18:29:40Z,Bezlik09,account.78267afe91f245959efa7246ceadc23d,0
2026-02-11T18:29:40Z,Vales07,account.97242a06d5fe4f1a97bd31fd8850c0af,0
2026-02-11T18:29:40Z,Xasanchikk,account.a4dfccca7da7414d9dd37cd3ea8757d5,0
2026-02-11T18:29:40Z,weret5660,account.06469d184b564ec0b8c17cfbb5c4af2b,0
2026-02-11T18:29:40Z,ayd1n1,account.5013a2d58a014a26a0eae20514d1b35d,0
2026-02-11T18:29:40Z,Sam_713,account.ba8afb6be4d847ef8589e831027990ed,0
2026-02-11T18:29:40Z,DAGSHOT,account.5ca0ed8654a342ca9c7dec6921ed008d,0
2026-02-11T18:29:40Z,PrimleBeaST2,account.6b575b31ba1b48eba68d23519b4e9792,0
2026-02-11T18:29:40Z,1986Snaiper,account.380711d399ac4b68ad29df8addea267a,0
2026-02-11T18:29:40Z,DalDalUshel__,account.d9623649c81244c388128a5b0b41e83f,0
2026-02-11T18:29:40Z,WARisNOT,account.0120ef95ae8c4b4890a228a2ce1f5d26,0
2026-02-11T18:29:40Z,Al_Capone-_o,account.b25884b3a6cf43eaa7af454173a20628,0
2026-02-11T18:29:40Z,WelderMan01,account.1435013972d54eb3b51deeed9c7e1c7b,0
2026-02-11T18:29:40Z,AZAkill_KYRGYZ,account.9885cf45d274422d9f6141b9caea7261,1400
2026-02-11T18:29:40Z,ALEX56RUSSIA_VK,account.7431f191b31744d28798b6e12bf6e8ac,0
2026-02-11T18:29:40Z,HAN7767,account.5943db18dd6d452e9386918b575ddecf,0
2026-02-11T18:29:40Z,HitokiriCriminal,account.1cfe2b9cdee546798c97ff36d81662f8,0
2026-02-11T18:29:40Z,AltairKadyrov,account.3eccd3c49ac84e518b33278532c0de16,0
2026-02-11T18:29:40Z,Aslan4ik09,account.c92affae27a8452f9c86b39a2031fe9c,0
2026-02-11T18:29:40Z,Rishat_tm,account.75e8f1f58b7942458d6d90fe7545249c,0
2026-02-11T18:29:40Z,BOKSwws,account.b741175715fe41a3841c8cade2157532,0
2026-02-11T18:29:40Z,1SPARTAC1,account.8d2b851204d641c89fac21bdc4d80011,0
2026-02-11T18:29:40Z,bygregorypopov,account.4c9442e43be04b83935a1196ec121ebb,0
2026-02-11T18:29:40Z,Ninzak,account.4fc583ba7dd44680abea2b6e5e772ef7,0
2026-02-11T18:29:40Z,Almaz-13,account.7033cdfcaf0848688eab8b7aaae8aa0f,0
2026-02-11T18:29:40Z,Mean_174,account.99649f4155574c0ba5bd165fc42a8a8a,0
2026-02-11T18:29:40Z,icedberg-,account.4de2f25f127f4ad690b1750139a7c8d3,2039
2026-02-11T18:29:40Z,AbuZalimhan,account.eaec46cda37c48c2af0d2f3e5f7406db,0
2026-02-11T18:29:40Z,Anti5eptik,account.e080e2479e26446ab77a08e31f13cc92,0
2026-02-11T18:29:40Z,NastyaFlex777,account.f2f33f1f4f8d498fac4cfed19656ca69,0
2026-02-11T18:29:40Z,Brodyga_95,account.b12c657233a145658d9de2fbf33a06de,0
2026-02-11T18:29:40Z,Papaha_YT,account.c7b60fe2bee94f0cb8808146b8d63573,0
2026-02-11T18:29:40Z,FreeRide_07,account.138588850e6a411286553a00d8e0dfcd,0
2026-02-11T18:29:40Z,Hetian_BadBoy2k,account.3f6baeac036b43d0ba0cc86c9a7e61b4,1711
2026-02-11T18:29:40Z,6patyxa,account.991e6ff14a934b6b8f5b700f36b47c0f,0
2026-02-11T18:29:40Z,KorbenDallas667,account.8ae903a3927a416599871e165bf4b792,0
2026-02-11T18:29:40Z,goga74,account.4666e01c8f824e0c9e098a350dd13505,0
2026-02-11T18:29:40Z,SejikSergg,account.984662b5c5ec4b3f8305c9b8bb7d7d33,0
2026-02-11T18:29:40Z,Saidhan999,account.bd2dd72a4b944fea8d33a931a6ae440b,0
2026-02-11T18:29:40Z,Yanachoza,account.ed6d766253c944dab37dd9157336bad2,0
2026-02-11T18:29:40Z,OZGON_06,account.df618b6ffcca4aa88107597cee898c82,0
2026-02-11T18:29:40Z,BeaR_DaMaStiR,account.facd0e9ccd754e28b150049731e8ba76,0
2026-02-11T18:29:40Z,Selecta3M,account.d47e1b82fb0e48ef8b5dd5b992b8f5a7,0
2026-02-11T18:29:40Z,curlytimur,account.eaf7507142304c8eadd254a3d6dc73d7,0
2026-02-11T18:29:40Z,BoksEmeliano,account.43f1b150643b4a4a8fd46cbd3473bd99,0
2026-02-11T18:29:40Z,Kadirbekoff,account.a9b4c047d8c34c9abe0638683468851a,0
2026-02-11T18:29:40Z,3y6HaR_qpeR,account.89b807691aaf48aa916af4e3ae9aad36,0
2026-02-11T18:29:40Z,WraithPiIot,account.c2697e86e4ca4311a9d71d1140f014a0,1963
2026-02-11T18:29:40Z,T860MX06,account.ca749400898f4d77b54affead77012bd,0
2026-02-11T18:29:40Z,ussamma,account.ab0a3b2a083147ae8cb3cde25c290b90,0
2026-02-11T18:29:40Z,Nurlybek0807,account.0799d7cc33354eb785f645f14c8fbf1a,0
2026-02-11T18:29:40Z,BTF_Chopa,account.045c3eb2ada04c86b5625389297e11a0,0
2026-02-11T18:29:40Z,Shatun-61,account.cdbd1bdc344e46bf8c31bbe7f1fa5649,0
2026-02-11T18:29:40Z,xPlEVAKOx,account.fb06ea42b59c4b18a43dfec76caf1c62,0
2026-02-11T18:29:40Z,NONAME_RD10251,account.b68cce402309400f91be2b02a46fd87f,0
2026-02-11T18:29:40Z,AKTAUSKY,account.c418f201c69844d3bf17aad688e00a69,0
2026-02-11T18:29:40Z,Barbozza-,account.31bfce53f15645ea85411378546fa6b0,0
2026-02-11T18:29:40Z,Pupusupuss15,account.cb1bddccba8642a8899cf02cb2fad7b4,0
2026-02-11T18:29:40Z,greshnik2491,account.9a3b80dda774449db818399064c2c007,0
2026-02-11T18:29:40Z,TRADERKG,account.9c02e1e62a814645af41b0322bf6e35f,0
2026-02-11T18:29:40Z,oyaebu_rus44,account.e36f161b23d94b118aa03ca8fef2eae2,0
2026-02-11T18:29:40Z,NerouN_kill,account.924095a65710463abe5a2e6515ce16d5,0
2026-02-11T18:29:40Z,ilivinili,account.93e9e4a7f4754ad7adda4076c78c41e0,0
2026-02-11T18:29:40Z,1MrFRODO1,account.059614364b774498878ff30b8a680d12,0
2026-02-11T18:29:40Z,Shenk_750,account.27faeea04c474eb486d67a76f7dfde73,0
2026-02-11T18:29:40Z,Hetroad,account.dc60259a6f0348dd8c431f155f2609d0,1719
2026-02-11T18:29:40Z,VertoLet_001,account.e27617af72b3461bbfdf7e6d4e0540f8,0
2026-02-11T18:29:40Z,Mr_Ligr,account.c4ff7df9121a4d1083e114d0889eba72,2251
2026-02-11T18:29:40Z,Cost060,account.17cc6c7b63704fd49532b413df4bef4c,0
2026-02-11T18:29:40Z,Mixa202,account.95afe9b56c034952bc3b0c2d43bae448,0
2026-02-11T18:29:40Z,Esen500,account.b013f0daa791461a8d007464d1df7347,0
2026-02-11T18:29:40Z,SultanAst,account.4fd44dcae83e462298ab3cfdec87aafa,0
2026-02-11T18:29:40Z,gamaFESTIVAL,account.229f15a102d24773bbdf9e2ffd032986,0
2026-02-11T18:29:40Z,IbuPROfen0_0,account.9ba270430b254363bf870a692d45d24f,0
2026-02-11T18:29:40Z,JIisova,account.4e8ba5f726fc489bb51f7f43858e67ee,0
2026-02-11T18:29:40Z,spec066,account.4ebd3e2a78504eeb91eb44ad26afa5d0,81
2026-02-11T18:29:40Z,myasnick771,account.0a81702179b2418f8f04a9bfd23f9d08,937
2026-02-11T18:29:40Z,Kypc_Live,account.be7e044200374edeb62c83778d04ee74,0
2026-02-11T18:29:40Z,Smooth_Crimin4l,account.be05c4847eee430cacf3addbc1bbe4f5,0
2026-02-11T18:29:40Z,DenMir90,account.4b13c52577e54806a2ec30e6d8115308,0
2026-02-11T18:04:59Z,f00Ma,account.f9143802128846dd9264035961bf852d,0
2026-02-11T18:04:59Z,Monstr____95,account.0c2bbf74558044d0afede97f3c061a76,0
2026-02-11T18:04:59Z,nastroike,account.bc62c4a83bf74b55a70724fe3936cf6c,0
2026-02-11T18:04:59Z,SALAHADDIN-013,account.52b0cba885124ef2a027de57663daaa4,0
2026-02-11T18:04:59Z,Sijet,account.d44776c2612f4065ba1f67a8cd48a1aa,0
2026-02-11T18:04:59Z,bonelesss66,account.3d73913ed9344363a4c00b1c6a334afa,0
2026-02-11T18:04:59Z,durachoksostoiki,account.7c3a5ccdb4824b4ca3e7fc815b8da36c,0
2026-02-11T18:04:59Z,KAk_TAk_CblHOk,account.d629260b4043458489dde01aaee9b84b,0
2026-02-11T18:04:59Z,59-DARK,account.3392a097c8d5459a96155f17f30d1645,0
2026-02-11T18:04:59Z,Rurap,account.45f7aa2634e84eab8bd30c0d657c77b9,0
2026-02-11T18:04:59Z,levashinskiy74,account.95872489058c4ee8a7f80390f089bd0e,0
2026-02-11T18:04:59Z,L0-ITIK,account.87a8726dfae54bd18cf4ecf91558df72,0
2026-02-11T18:04:59Z,LetoPuk,account.29d1ad5247bb4a3a8c311d2bafa6497d,0
2026-02-11T18:04:59Z,Jafar1991,account.92bac3879b994daabf55c235637f2477,0
2026-02-11T18:04:59Z,S_I_C_A_R_I_O777,account.743661e5d6634423b4543f538fa41424,0
2026-02-11T18:04:59Z,dAnIL_1818,account.30b27e8fb20a488e87a848f30bdaacc4,0
2026-02-11T18:04:59Z,BIG_BLACK_COOCK,account.9f0f21c2c5e146589a6cf7bf2b2c8101,0
2026-02-11T18:04:59Z,DarkMoon-o-,account.22e060896b4f4a1da5959878a4bbaac4,2298
2026-02-11T18:04:59Z,Y1qiJ1mahahahaha,account.57ba49f3852045ae9863e68f6ee2c02f,0
2026-02-11T18:04:59Z,NVS013,account.79298d9f517f4c50879c9eaa9bf15017,0
2026-02-11T18:04:59Z,YANI_NAGIBATOR,account.86ea40b7eabd4b56a6edeae791fe7e1c,1504
2026-02-11T18:04:59Z,SH_MIRZIYOYEV,account.3b928a3a68fd44f796112e86ae8532e5,0
2026-02-11T18:04:59Z,NaSir6,account.abc693b9584e4aa2b045ea233cd76e45,0
2026-02-11T18:04:59Z,Outlawz_Arsewka,account.92aa2da1b10f4860848e633ad7094cf9,0
2026-02-11T18:04:59Z,ING_DIKIY,account.2bbdf37d6eb34608a10fa24f90557040,0
2026-02-11T18:04:59Z,Swedman202,account.2be220d04d8d4d97a964d979a7f7bda6,0
2026-02-11T18:04:59Z,Galeart,account.5856b3bed2cd4a2992f67b017b0ba177,0
2026-02-11T18:04:59Z,KaKtyS_BY,account.78f0deaeb9e54b489f79633a3d9d8634,0
2026-02-11T18:04:59Z,KidatelMaslin,account.1c77d845bdd24f8f9325ed6600fae233,0
2026-02-11T18:04:59Z,Is_IzI,account.a567e072dd104ef1ae937a6590e138bc,0
2026-02-11T18:04:59Z,etyi6ry6s3,account.7037fd861fdc410a9c1ac4b9e8d1274a,0
2026-02-11T18:04:59Z,Outlawz_Jmlt8,account.ab7db412402e47e187ad0fad1e75b105,0
2026-02-11T18:04:59Z,bandizor,account.cb3b90f035d84cefa507e0339d36f43e,0
2026-02-11T18:04:59Z,Khan_13,account.1b20941f587041af83afd3973bb416ed,0
2026-02-11T18:04:59Z,Gosa16,account.c370d54a539e4be4be45ab7b8273974c,0
2026-02-11T18:04:59Z,IBRA1GIM95,account.42fe41e2550549718d5303c9b5f25c3a,0
2026-02-11T18:04:59Z,Takewi7,account.3c749fe66f7f45fe971cc5fd214f0071,0
2026-02-11T18:04:59Z,SOLID_KIRO,account.edf91da8afa0473aa7afaeeb00de6943,0
2026-02-11T18:04:59Z,SLOW015,account.a7798935e33f4fb09a904a7ebdcc0b1a,0
2026-02-11T18:04:59Z,1-magomadov-,account.091b995d0e9b42e8a1275f1183c3a8b3,0
2026-02-11T18:04:59Z,Zeyd_Iban_Haris,account.4e077f45bce648929692338340a54048,0
2026-02-11T18:04:59Z,OneMillion555,account.60a4723467714c9f9573e79fbd1870c1,0
2026-02-11T18:04:59Z,Ton_Roll,account.fed5366134c646df97981de3ede17880,0
2026-02-11T18:04:59Z,JEK_001warrior,account.70c367ee98bb43e2820c1ef53e519c88,1207
2026-02-11T18:04:59Z,valdis7182,account.0f8a028d9b2d462c8f7fb3cc07399e23,0
2026-02-11T18:04:59Z,ShamanTMB-,account.a74c339b34c24e1f96e40e9399d5a590,0
2026-02-11T18:04:59Z,ABREK001--------,account.d5498ee8e62e44308fa5517853a738c2,0
2026-02-11T18:04:59Z,INGGG0626,account.6a8729878dae41c3a6b0c101a0261908,0
2026-02-11T18:04:59Z,Dim4ik-k_,account.af228b56a17946a792cf5155333b95f1,0
2026-02-11T18:04:59Z,Umalat4505,account.24c481758a2c407bb563dc823c0ccfec,0
2026-02-11T18:04:59Z,StrAnNiK36,account.f7d0d1e913b747a0ab18b9b466f80c8f,0
2026-02-11T18:04:59Z,daursky,account.252088990b7d40e6afae4dfe9cc1cf4c,0
2026-02-11T18:04:59Z,roy_jons2025,account.ee43907cc5a145b5b0ca7d7e257cfe8c,0
2026-02-11T17:52:55Z,BatyaVdele,account.ba58926d89834a80ae572bfcdac26c6a,0
2026-02-11T17:52:55Z,TuTu-QianLan,account.f04f77a5fbea476780548b0eba1e1b66,0
2026-02-11T17:52:55Z,Shake89,account.cf0d96b1007249be8475c764c27b37be,0
2026-02-11T17:52:55Z,Senwex,account.49ea2c61d4a6432e967bdb41931b112f,0
2026-02-11T17:52:55Z,yeren_Kz,account.5157a62e7ee544169b38c17a7a816d4c,0
2026-02-11T17:52:55Z,metcuki,account.33e5c2ce7fbc41d09cf7c2c5e4ac312e,0
2026-02-11T17:52:55Z,khizaaaaa,account.1c686d738d3244acbd6ed93539677a91,0
2026-02-11T17:52:55Z,MR-ViruS-TV,account.37582a5faf934e4a9629e14dc31f55d7,0
2026-02-11T17:52:55Z,Gangster-1990-06,account.e64d229ebbb84f66a4a439254a4fae2a,0
2026-02-11T17:52:55Z,lamanaz,account.aaf85cd3a2fa45e4959a2c1e5a776aec,0
2026-02-11T17:52:55Z,strong_shadow,account.99fb8e23fb0f4fb5a5c55a8354fe5701,0
2026-02-11T17:52:55Z,3aSkyrim,account.5029e6f662b14a6294150b6726cd9913,0
2026-02-11T17:52:55Z,Experience66RUS,account.62bba2d4d0e64534a62e7e6f968bcb71,0
2026-02-11T17:52:55Z,aduevw,account.22de8ec8752b4fffac4c99061cb6c76c,0
2026-02-11T17:52:55Z,iKycb,account.44c3e8f9e6e7468a83945035a817fb61,0
2026-02-11T17:52:55Z,jytsjhywsrh,account.8ec1b63ec674400ca1dd9602d32ecc89,0
2026-02-11T17:52:55Z,mutalipov771,account.dfae2112e8c84807a1e8ab4954ad7b1a,0
2026-02-11T17:52:55Z,l_AM_A_DARK_BOT,account.539c43f199e747e3b3db02596221ab29,21
2026-02-11T17:52:55Z,kabakibosh,account.47a331c77543415bac49086b770f82ec,0
2026-02-11T17:52:55Z,Snegovik007,account.13240034be8542fba1b270c922cbfbcd,0
2026-02-11T17:52:55Z,KranzWolf,account.67e90c67049f4c09b3d7a4b33ea3f5cb,0
2026-02-11T17:52:55Z,mukhammad050127,account.3fbafcab82064a8795c17fb3aee4efad,0
2026-02-11T17:52:55Z,7nkqx5pvgwh,account.fdb3d95435e1470ab06f8d12d31e83b0,0
2026-02-11T17:52:55Z,Skegy,account.3bd46b8e14fb44429f172662727a801f,0
2026-02-11T17:52:55Z,Oryel57,account.d54144e3038144679aef9151b4822a1e,0
2026-02-11T17:52:55Z,sulim_maxi,account.cf88340bf79046fab5ed1df68d536e2d,0
2026-02-11T17:52:55Z,Goood_hitman,account.b0bf6ba737af4e5f8d4e94a1e9780655,0
2026-02-11T17:52:55Z,Garyshkerr228,account.9efbabcb45c74ccc90547068ba3556b1,0
2026-02-11T17:52:55Z,1skooooo,account.45e26d998c4447b5a055af846738640f,0
2026-02-11T17:52:55Z,mahamedovs,account.501930df474a4e65bd0eb9420ce123e0,0
2026-02-11T17:52:55Z,Ayfirolooll,account.3722e8cbce9c457586631ba9b93b2bc8,0
2026-02-11T17:52:55Z,MyFAsA-01,account.ce17177ec02b4764b22fb1aa89b56a4b,0
2026-02-11T17:52:55Z,vaha1324,account.6ecc67547b5b45be8a41e7bfa906f71b,0
2026-02-11T17:52:55Z,shaxtep56,account.d450e1f5d51d4f9595397e5470d7f5aa,0
2026-02-11T17:52:55Z,SDC23132,account.9e0539b50f9743c88b72317e515798d7,0
2026-02-11T17:52:55Z,CS-koukoubi,account.40ccc1596c7b405db011cc89f400e84d,0
2026-02-11T17:52:55Z,hgave80331,account.fd2e48c7727743cf9b763ae1d064f59a,0
2026-02-11T17:52:55Z,BRJGAM-AMAN,account.a093e12f55d94851914c46f5a84f4127,0
2026-02-11T17:52:55Z,Nurjan_92,account.08f0b8eac37f42f1ba1e5f345375b9cb,0
2026-02-11T17:52:55Z,KVentinBuratiN0,account.1910412ba5dc499f8397fda11bc9f439,0
2026-02-11T17:52:55Z,SHAITAN_Truba_YT,account.16d34ce7618c4156ba1e7280b04b1517,2572
2026-02-11T17:52:55Z,LOKI11911,account.421301d5bcde40559bd3652c1b9a6a27,0
2026-02-11T17:52:55Z,HekmapuH,account.b43d515f6265495b921fc015f1f37b76,0
2026-02-11T17:52:55Z,zulam01,account.44b897eec0564e1691f813bb9e4bfacc,0
2026-02-11T17:52:55Z,BraT_091,account.ffc6c53e20dd47e28f02127237ece68a,0
2026-02-11T17:52:55Z,Red-Bull95,account.c81c3857d0934f0692739fbc21c422c8,0
2026-02-11T17:52:55Z,shalnayapulya001,account.17e8e591415f416a853584d8b9d0bca5,1174
2026-02-11T17:52:55Z,DevShot,account.facac1a598264334993736e7495cb16d,0
2026-02-11T17:52:55Z,Mukhammad_Emi,account.9fc2390935454b329639a1e3f96fa893,0
2026-02-11T17:52:55Z,IIoTpoIIIuTeJI_,account.525d4daad1d043878b9cf51d41077726,0
2026-02-11T17:52:55Z,ALIKHON,account.b41087899c4542e1b0d2ed8b4fabffbe,0
2026-02-11T17:52:55Z,RAGE_-Erbol,account.e2387cbdeef84540b23bf67695aae9c5,2001
2026-02-11T17:52:55Z,M_A_F_I_N_,account.925a6b3f762f4eae956a7a251cf5f019,2202
2026-02-11T17:52:55Z,MONGOL043,account.2cc3c0146e1049ff897c816656e278dc,0
2026-02-11T17:52:55Z,SLOOON9RA,account.db520a65d79843e9967a95a272135b3c,0
2026-02-11T17:52:55Z,Rem4ik53,account.99bf6994db384888960eb7f8a2b8ed6e,2783
2026-02-11T17:52:55Z,The_Muhammad,account.fe4138965e3c4723aa82b3cc2ef7acac,0
2026-02-11T17:52:55Z,NURIK_AFA_KZ,account.62134eb8b8624bfc8b9f58c1c5adf527,2361
2026-02-11T10:54:11Z,Matyunya17,account.70fccdd020e843c8ac30b02b06b6170d,0
2026-02-11T10:54:11Z,iuhpuipohu,account.e744990168594905a63c8791a868332e,0
2026-02-11T10:54:11Z,KINGOFKAZAKHSTAN,account.2489a15df89d4f8ba8137bd35270fbc3,0
2026-02-11T10:54:11Z,ADEKASTAN,account.cc7505e0064c43ee8258d0ef84a8788b,0
2026-02-11T10:54:11Z,mimokrokod1l,account.4a09771fa1e64c2683c99666bd132d09,0
2026-02-11T10:54:11Z,kebleyi313,account.1ea09351b1de4c638a74182e3fa12d94,0
2026-02-11T10:54:11Z,Akooo017,account.4f9ed6d1e75744339e2b1789e0500401,0
2026-02-11T10:54:11Z,BillyButcherr_,account.bfa6627d0a774969b7dcda4c2a943237,458
2026-02-11T10:54:11Z,KZ_Frag,account.4455f578304f4471be2d4b2134582d2c,0
2026-02-11T10:54:11Z,x_BeReG_x,account.82bb39ee4d944e37b3e521ce0e2c5e95,0
2026-02-11T10:54:11Z,YThongshaorou,account.b3448d520cfc4bd5a64cfec27a92f377,0
2026-02-11T10:54:11Z,polkovnik13,account.2f9afd8329cd43c7b0e93c5fe049b60e,0
2026-02-11T10:54:11Z,Yusup051_-,account.93582c8985954df380f79dcafb48900a,0
2026-02-11T10:54:11Z,solitaves,account.e4b3368453b54433b5a8cff86843ac1b,1928
2026-02-11T10:54:11Z,ShwayBi,account.d3795f978cc1445cad3862a040ab1944,0
2026-02-11T10:54:11Z,OBI-WAN-TV,account.ed5fb3b2f447469fa3bd31fcce05fd3f,0
2026-02-11T10:54:11Z,xpkjr28000,account.4f32a2f352e54d749b43141418327735,0
2026-02-11T10:54:11Z,Alexfromm,account.b77e524778ae4a05853e91244e971b31,0
2026-02-11T10:54:11Z,BorzGun,account.5c104a9a886c4bd19c1911d4fd13b12f,1817
2026-02-11T10:54:11Z,Nar4i,account.ed6e77e860e5403caf00352ced878688,0
2026-02-11T10:54:11Z,Rorshach_01,account.4e46c220612a4dd3ba8fb85ffeab22e8,0
2026-02-11T10:54:11Z,SUL9606,account.030cbff780be48df9a2174c3b5c0f612,0
2026-02-11T10:54:11Z,krisoboy_more,account.763acdc32cc946029f251bd722556423,0
2026-02-11T10:54:11Z,ARHANGEL_GUTS,account.5acb7ef5c9e24dcbbef73c37e4dd34e8,0
2026-02-11T10:54:11Z,BORZ_Hasagi,account.427916d3204344fb812d86dad96b807c,812
2026-02-11T10:54:11Z,uykiukouiyou,account.ad80994da33e41bea63f9df2ecd358a3,0
2026-02-11T10:54:11Z,politov035,account.dfbd63ffb7824270a027c780ab19a7b1,0
2026-02-11T10:54:11Z,BNN017,account.eed08c5b9f204d75aee397fccc314e16,0
2026-02-11T10:54:11Z,dabaojianzhuzhu6,account.397ed290b1fd41c08ad8130cb55223dc,0
2026-02-11T10:54:11Z,Ob-Typing,account.38291a411fab48fd8c207c644fab225f,0
2026-02-11T10:54:11Z,dao_sged,account.cafe2b483ad64937b7dbe291826703fd,0
2026-02-11T10:54:11Z,Azik1,account.72aa1c2b392b4240973049b0e83ad2fc,0
2026-02-11T10:54:11Z,AME_GA,account.4a475c8a902842d8bd7fd88dfa01c9a7,0
2026-02-11T10:54:11Z,Madi939,account.2add36ab5cfb46fb98f90528c7da0362,0
2026-02-11T10:54:11Z,BeSH-BaRMaK_KGZ,account.81ac21ae893740b2a65c6bccf77ccf8e,1645
2026-02-11T10:54:11Z,rfydyuufr,account.118333644b9d4a1f9354a230b5377b52,0
2026-02-11T10:54:11Z,LindaddyDOOMLin,account.25df3718f8064a3088fadfbe7e162363,0
2026-02-11T10:54:11Z,AAAAZZZZAAAA9797,account.b4229034d8d349efb0509032b94f4393,0
2026-02-11T10:54:11Z,Azim_oo1,account.34fb30bb6f62411dbb3f1fa0d6cc41db,0
2026-02-11T10:54:11Z,azik6781,account.717bf01b70b042809e33b0bb27461342,0
2026-02-11T10:54:11Z,YPAAHXAY,account.c3807f616ad74e6d8e818a39b6eecc35,0
2026-02-11T10:54:11Z,GdeTusa,account.e45eeff86b6c4995811ceb7be660946a,0
2026-02-11T10:54:11Z,Espumizan_,account.213f3c2b793d44da9aba4597f1a01d87,0
2026-02-11T10:54:11Z,BuRLasH,account.32b5632b434d438683f97a04f73ca82c,0
2026-02-11T10:54:11Z,1CheLoveche1,account.d031718180634a59b4995861c40c1ddb,0
2026-02-11T10:54:11Z,Valtss1_,account.53b51fdd69164d1f858da276b61326df,0
2026-02-11T10:54:11Z,PaPa032,account.4c37402b1cb44f96a8fc0fac20a30186,0
2026-02-11T10:54:11Z,miqayel,account.6d55477ee3cd4ddb88d00a434e3acf9f,0
2026-02-11T10:54:11Z,uHcnekTop_KG,account.f718745dc1934e44a86c1dc0543488e7,1688
2026-02-11T10:54:11Z,BrouN_468,account.8b9d6361325d48d2a8a8c7b33d3a0a86,0
2026-02-11T10:54:11Z,guolugifl,account.fefddb7b87b8448b90b8fd64c9b7de8a,0
2026-02-11T10:54:11Z,dajibachaojihei,account.81ea2243399c408cad3d23328fdff7ee,0
2026-02-11T10:54:11Z,ivan10wi,account.697897acfe934101af358685a2d8715b,0
2026-02-11T10:54:11Z,magdi077,account.5945aa2c0acb42b28d7426d6ebb95798,1534
2026-02-11T10:54:11Z,anka-zasranka,account.3f4c59b948b441eb89e7ca2ed25b70a8,0
2026-02-11T10:54:11Z,GallagherSea,account.ab964c19c3ed425e8fa7020208b67d51,0
2026-02-11T10:54:11Z,Black-Hair1,account.293057a55e574492a2a41f0f25bd143f,0
2026-02-11T10:54:11Z,A1ny--,account.7ee3019f2977453482b7ab8075aca28f,0
2026-02-11T10:54:11Z,619w,account.08ab671c4d4d438a8558dd8e751c4be0,0
2026-02-11T10:54:11Z,iamwonderchild,account.3307ff6a30e24bb8ad85a6763fa600c4,0
2026-02-11T10:54:11Z,ELS-BIUBIU,account.dcbcbdee4fd9411389d6d894ade79be3,0
2026-02-11T10:54:11Z,EV7_Unclewang,account.ad5c1b58fd644ca7895fa1dc4a5b91cf,0
2026-02-11T10:54:11Z,NanD_Sakream,account.e73f4eadbc5445d1b98e2a0ed7617d1f,0
2026-02-11T10:54:11Z,free0abdilda,account.fed7d24176454202ba11bc8fc0979ce7,0
2026-02-11T10:31:39Z,GAGANAX,account.213a5109af284acf916fd97a43313536,0
2026-02-11T10:31:39Z,Boss_Azimov,account.2044b80db2624e2db5ddcd1ccfbbebb0,0
2026-02-11T10:31:39Z,ihuitnb,account.c63272f9a6d44bd6ac14e9ab886147fa,0
2026-02-11T10:31:39Z,GROZNYI13,account.2bf8046cba8c4474b6ff4cea31feaa5c,0
2026-02-11T10:31:39Z,BARS_YouTube,account.d5fbd4d16d41441eab273abee6858654,2206
2026-02-11T10:31:39Z,TOL_598,account.9a9e1cf98e3b4be591a1522da3287bee,1807
2026-02-11T10:31:39Z,topor228-_-,account.391f2ac68e834d35a5ec7bb4c96841cf,0
2026-02-11T10:31:39Z,Fqqtxnqd506,account.72a3ce5b7d594977879e8812ff80be64,0
2026-02-11T10:31:39Z,wangels1,account.a3846a5ca2ed40788eecdf833603e436,0
2026-02-11T10:31:39Z,getawaywithit,account.d88a394238de4fb1ab09355acba11859,0
2026-02-11T10:31:39Z,IgRoMaN2210,account.6beb5e41891b4467994c266fac0fd811,0
2026-02-11T10:31:39Z,xazbik005,account.7a50fe72251e40bcbdf19949dc1a619c,0
2026-02-11T10:31:39Z,Kara_YOU,account.c121ab396aa64c77a1a39b56db3a947c,1364
2026-02-11T10:31:39Z,llvllupagaiN,account.33c34c14860145f68d9759a6233d619f,0
2026-02-11T10:31:39Z,juma02_kgz,account.9b5743cb0c2849b49c16a12ae054b76c,0
2026-02-11T10:31:39Z,ASAGOV_YOUTYBE,account.1bfdefd9ac0640818c5c2a8f347e25b2,0
2026-02-11T10:31:39Z,lutuyTRIPER,account.db23e96bc2d7435cb84b5d8dfeb45ecd,0
2026-02-11T10:31:39Z,Esoteric_23,account.b91f849395144597b156174c67b8e202,1922
2026-02-11T10:31:39Z,axilles17,account.f19fdbf97ba340fca44ba7ee183802b6,0
2026-02-11T10:31:39Z,XBOPOCT_YouTube,account.ad5247bdd0044ef09ea3ed6cb5243b83,0
2026-02-11T10:31:39Z,Junidie,account.0cbab196ea7d41c8bb3d1af6f01c8721,1601
2026-02-11T10:31:39Z,Bugimen_095,account.090d12b9ba564065b3b584d7de083aa2,0
2026-02-11T10:31:39Z,Yam1babyy,account.8f657bd6208f400884bda589fe3d657c,1979
2026-02-11T10:31:39Z,Beslan_sk,account.e9972f3311c8425fb6e74a7d128b2626,0
2026-02-11T10:31:39Z,HeBei-_DouZiGe,account.f82f02caab29464da1285c868df179ff,0
2026-02-11T10:31:39Z,RRK-007,account.2adebf868d154d46b398faad4a66ed17,0
2026-02-11T10:31:39Z,Halibali_AUE,account.f349d7c18f31473c9c1176633e3db225,0
2026-02-11T10:31:39Z,ERkiN_KZ11,account.dd8251c2b80c414481f8d1cb94c57157,1687
2026-02-11T10:31:39Z,hantares-_-,account.3a71c1a3d1d349f8896988a2832680cd,1719
2026-02-11T10:31:39Z,Jahongir_021,account.2f35ccb4615f4393a5a12fc86ab5959f,0
2026-02-11T10:31:39Z,R0XY--_--,account.586cd1013b0a4a46a7d7a9c5c9c730c5,2150
2026-02-11T10:31:39Z,KOLDUK_ARKALYK,account.aba17b30e2fb494ca4c3ea813df4463e,954
2026-02-11T10:31:39Z,Baks-Banny,account.c6659b6b7ece4106b71e9359e3679883,0
2026-02-11T10:31:39Z,naxapb777,account.6b0cefb0883c424bae149d5160be0cd8,0
2026-02-11T10:31:39Z,bug5banny,account.f5731777907d491ba314ce8d3c09f719,0
2026-02-11T10:31:39Z,DJANGO952001,account.5245a7578724479485fd69630b2c4771,0
2026-02-11T10:31:39Z,borrrru,account.e96c7f5183da479d8af488875d3ca356,0
2026-02-11T10:31:39Z,Streamer_Kindi,account.38d9253599c346989763dc831cd34fee,1662
2026-02-11T10:31:39Z,Federalllll,account.e96328e1e28743dfa6110fb991f5d21c,0
2026-02-11T10:31:39Z,HycpaT,account.d5dc7b18416240b8bdfd85a9c1ff6c19,0
2026-02-11T10:31:39Z,AGRESIVE_SOKOL,account.17d0ffe6fe71471bbe308f00cafb4b03,0
2026-02-11T10:31:39Z,Lucem_ferentem,account.248f6e2f41714dba81101f77b17cf3e2,0
2026-02-11T10:31:39Z,Firkalin,account.4d1b8a864ee44fbd8676a65f3af4e7b7,0
2026-02-11T10:31:39Z,StamkulovS,account.cd8e8abe41394bea9a5997b11a8888be,0
2026-02-11T10:31:39Z,XuTpeHbKuu,account.c71cd69298ea4e0ca08651a8675b1666,1958
2026-02-11T10:31:39Z,MaleGod_ShuoGe,account.c66357fa830c4eb783b3194efcfa4f03,1559
2026-02-11T10:31:39Z,MxBee-2001,account.185dd3ecac9d4633a79c7f468ef219b6,0
2026-02-11T10:31:39Z,800TK,account.68a4bae77f1b4da5a56d4373f41fc5f6,0
2026-02-11T10:31:39Z,Timas32,account.3d4072092e3a4f66a482e87e08c344c1,0
2026-02-11T10:31:39Z,Turbostandart,account.320f4fdc4140430a82eba62f731ae86b,0
2026-02-11T10:31:39Z,MaleGod_JiYe,account.555411ef99ef412e9a876d0250e242cf,920
2026-02-11T10:31:39Z,nindeadna,account.230db361ef0441c49902ca7777e9270c,0
2026-02-11T10:31:39Z,MAFIA_YouTube,account.904a17cc3ad848129a99b5cf6963e670,0
2026-02-11T10:31:39Z,Atashka-40,account.2ef282be9c7e4360aa07d87a6237c9f9,0
2026-02-11T10:31:39Z,Puls_92,account.03ccf18a52664557ac0a959669745dc8,0
2026-02-11T10:31:39Z,XioLinChinaaa,account.d7fe883be0e34d23bec6a550fb504a26,2085
2026-02-11T10:31:39Z,715KARAT,account.9aea505b81ae41278a29ab356994d3fd,0
2026-02-11T10:31:39Z,douzi-_gg,account.30bc5745bfd24e77986ede7835522c2c,0
2026-02-11T10:31:39Z,haianlongge,account.e158aa1314a24209be86c982cc87efd5,0
2026-02-11T10:31:39Z,pfffz0r,account.6265d7d81741458eb2d45a12e0b27eb7,0
2026-02-11T10:31:39Z,N1NT3NDO_13,account.2803860e5ae7471ca7d095e3f69172ce,0
2026-02-11T10:31:39Z,Shah911,account.37f0222823ea4f3198962ead2ee4a164,0
2026-02-11T10:31:39Z,Carnxxx,account.ea041b1a9d0f41849c9bd29288f568e7,1796
2026-02-11T10:31:39Z,gleba228,account.dd543f78ffa04b72991cac7cbec069f8,0
2026-02-11T10:31:39Z,Music_-Man,account.b4b4a910e4fc42c9acce8a0bfd20d48f,1867
2026-02-11T10:31:39Z,NADERUM,account.13cbea296c2c4b188a9e404374f4829f,0
2026-02-11T10:31:39Z,BI-HAN126,account.65f52fab7c5c4a91a893a2fae72fa592,0
2026-02-11T10:18:07Z,gewer69rus,account.6a55d96a44fd4ba183f5158ca1c9bf50,0
2026-02-11T10:18:07Z,hate-weak,account.6c27e4de3fab49d5a544ce488aff0315,0
2026-02-11T10:18:07Z,SELYA1,account.efbf1043a0d947df97bdbd116a4e7292,0
2026-02-11T10:18:07Z,Smerens,account.0f4487cce1d74880929515e598981d6d,0
2026-02-11T10:18:07Z,AMONRAZE,account.6731441eb16c4d288ed3c9ed38bc9e02,0
2026-02-11T10:18:07Z,PR0OFiT,account.4791691f75634575981a1d58d4d226d0,0
2026-02-11T10:18:07Z,s_u_e_t_a,account.44d64d81872b4be6962725a63a6b6428,0
2026-02-11T10:18:07Z,COOLSSR,account.7024ab24a43c4167a64e3c42706feaad,0
2026-02-11T10:18:07Z,makesha_,account.62da72fcfb9340b9a1780a4c353f6d49,0
2026-02-11T10:18:07Z,Hetian_17Shou,account.2fa3ee98bf134a3f8f9e5384cfd2f2db,0
2026-02-11T10:18:07Z,TWINNNNNNN,account.90fe7d8f25cf48c9a1d6e9092210885c,0
2026-02-11T10:18:07Z,FollowmeRush_B,account.50d63a6d839a496d8ce7ef64b5672291,0
2026-02-11T10:18:07Z,SONIK_YouTube,account.dea05644b986483f9596cde3db564678,0
2026-02-11T10:18:07Z,pig1234xo,account.d71236bcef6f49e09ac89df9fd5f7f39,0
2026-02-11T10:18:07Z,NinSerFun,account.ca9a54828e08426bac7de6287f9d99c1,0
2026-02-11T10:18:07Z,3l_Patr0ne,account.63297af16fb6470ba83498a7081eb305,0
2026-02-11T10:18:07Z,TuranTiger,account.8083b2d7d69a4e4d968fa618ec8fa241,0
2026-02-11T10:18:07Z,aBDu-aziz,account.94d80b71e8084a69acb1172bbe76fa94,1808
2026-02-11T10:18:07Z,xBaykalmanx,account.f534b278487647deac5f832b50b02b2e,0
2026-02-11T10:18:07Z,AAA_K7,account.43a7cca5677848cd8e7f4ea3889ad974,0
2026-02-11T10:18:07Z,The_Hab1b-_,account.a656fe6d6d314e4a99b7df70e74f5260,1800
2026-02-11T10:18:07Z,BANNKAI34,account.aa46c6b3c4d64f8d92dbf7f64696d405,0
2026-02-11T10:18:07Z,217S_-,account.7bceba0ad0f440958f0b04978391e639,0
2026-02-11T10:18:07Z,Makhoonti,account.2b97991678114d30b35bea82b8fbf945,0
2026-02-11T10:18:07Z,master_guner,account.f8a7efa884b14775864b2071c059b394,0
2026-02-11T10:18:07Z,GaMeS_PLAY,account.fda4633bd00f4f53941690fede12475a,0
2026-02-11T10:18:07Z,IWSYBOG,account.62e1599342b44eabae55fc5b4ff26c7b,0
2026-02-11T10:18:07Z,Orekeeeee,account.0c12318feaab482d8addf29a46da8901,0
2026-02-11T10:18:07Z,Abelardo9,account.e47d97ee20834f8a8d237a80d2c73d64,0
2026-02-11T10:18:07Z,Dispet4er_9YmeR,account.b3a37024912e40cd8e4aa10c30e6e470,2189
2026-02-11T10:18:07Z,ZXCBGOO,account.dfd9f7413581452591314b138438ea79,0
2026-02-11T10:18:07Z,Frag__Z,account.36bad1016b8f4c529ad068cd207324b5,0
2026-02-11T10:18:07Z,RaHa-05,account.a0e9b6f0c0f141daafb3829e279e8612,0
2026-02-11T10:18:07Z,MAIK_777,account.3e65419e02fc4a28a380c5e9bc325dc5,0
2026-02-11T10:18:07Z,Ballu066,account.926aa11255a64b80807b300e8a7b599d,0
2026-02-11T10:18:07Z,Amanbek95,account.cb0983a54f5e4f62b1de460a6e7abc7c,0
2026-02-11T10:18:07Z,illnevershowface,account.fe44d2bbf31e48569d6205dbcb5ae65c,3048
2026-02-11T10:18:07Z,Redskroll,account.92712de5d6b34fe18ac04a2a3268c537,0
2026-02-11T10:18:07Z,ARGYYYN8,account.114b493c2bfa45f683662f99f735ed9d,0
2026-02-11T10:18:07Z,asgtre63565,account.a2883531828d4ed4bb2a0979881a7903,0
2026-02-11T10:18:07Z,ShaRenLa-90327,account.83a89f5850624ebd81353280726b5806,0
2026-02-11T10:18:07Z,TofuTogarashi,account.391f0864ef454e97818abe4e2f0aebfe,0
2026-02-11T10:18:07Z,RUZV31T,account.0155b44ad5a142e5a967f7dcc891fc9a,0
2026-02-11T10:18:07Z,tashy_kak_PUTIN,account.18cbe4d2ec4149518d18a49c478e9d7b,0
2026-02-11T10:18:07Z,SUPRAMAAAN,account.7c7d0b96d60a4e72a29f5af35fdae9c4,0
2026-02-11T10:18:07Z,Spirit-228,account.3f76dae0c6bd4ea0a63c16c56789e62e,0
2026-02-11T10:18:07Z,RusLan_RDK,account.4f25a41424434247834c471978f0a188,0
2026-02-11T10:18:07Z,Khajime,account.da2ea4ac5a5c44888bea20bf2df6f624,169
2026-02-11T10:18:07Z,PrIgOzHiN969,account.6c07fc45b04941bca25ea60d94bafbbb,0
2026-02-11T10:18:07Z,Bukrey31,account.e2bf722018d24c8291fe559b96a2a1dc,0
2026-02-11T10:18:07Z,ochkapone,account.82a78de77cb84c0ebf791d54c0cb825d,0
2026-02-11T10:18:07Z,SvMicha,account.b450c0f2e2fc44b9bba9ab149cda99c7,0
2026-02-11T10:18:07Z,Domovoy-,account.f9d6b9447be24c35884f7c3038d2a07c,0
2026-02-11T10:18:07Z,FURTOVYY,account.79a282bb8cd245e799acb8c7fc776a41,1256
2026-02-11T10:18:07Z,91_Jaychou,account.67d7d8e3a33c4c5083e6e93bf209f59f,0
2026-02-11T10:18:07Z,LizaMen,account.8d41610d8cfd4df2b53476ddddcbd78c,0
2026-02-11T10:18:07Z,x_Bumerang_x,account.66b73e7c59ea47f6a0960ad46bd9a036,0
2026-02-11T10:18:07Z,egor_4k66,account.8243f0cb512e4333b86e8f993a623f23,0
2026-02-11T10:18:07Z,DomeniK_DE_CoC06,account.8d2020e7cbfd44f3a197fc4a4d267e0d,0
2026-02-11T10:18:07Z,SystemOf_a_Down,account.25883cba192441eaaee222f15629260f,0
2026-02-11T10:18:07Z,GrInPaPa,account.bae28b4aa2d04fc197ec8fce83852d4b,0
2026-02-11T10:18:07Z,gr33kk,account.50d2a32ab5084c359c5fc8cfbde2064e,0
2026-02-11T10:18:07Z,CEZARI0,account.02c31be9c6e643c99c020e59e1971c53,0
2026-02-11T10:18:07Z,il-ii,account.7aa75d44a7b74d39a646939abf295982,2035
2026-02-11T10:18:07Z,PORNYSHKA,account.c1ad2f611dd44de7aa8aad7ff41448bc,0
2026-02-11T10:14:01Z,W1nrYca,account.ea43b6d4ffa04cfaa0250e49f0b9ec89,0
2026-02-11T10:14:01Z,34_HALK_34,account.558a333a446e4357b3538958ba6e0ca1,0
2026-02-11T10:14:01Z,Aqwe10-,account.b8758d6fe29649eeaf29a5906c2e630f,0
2026-02-11T10:14:01Z,CaeSaR411,account.e7f06f8989514a369eb0ebf3a4b7c6a1,0
2026-02-11T10:14:01Z,VSE_KYPLENO,account.742504ec912c4238a1bed599722b6f13,1754
2026-02-11T10:14:01Z,Coil_Nova_GG,account.5dc71a5e7ae4410aa63ca28c9b5575aa,0
2026-02-11T10:14:01Z,Mi1xa_S-T,account.2d140020f7f34cf6b1f1ef997982e127,0
2026-02-11T10:14:01Z,XiaoFan_928,account.feff75d4f34b478ea1cb0272571fe5b4,0
2026-02-11T10:14:01Z,LiFlin5128,account.06acaa8187c44612bf41259e38acdb6e,0
2026-02-11T10:14:01Z,IvanEvseev1992,account.4cd55a978df348709d6076746b076d38,0
2026-02-11T10:14:01Z,Rage_nzt,account.d2655e999a234adda15f460d589166ad,0
2026-02-11T10:14:01Z,KamGangLEXTER,account.b698a5fd9d634980aba642bb9e62f105,0
2026-02-11T10:14:01Z,STARISHOK09757,account.7435f86c8af74ff8992f0d725911465d,0
2026-02-11T10:14:01Z,PENSIONER_CCCP,account.f69d5529383f4395b22f4bd40db6733d,1722
2026-02-11T10:14:01Z,HANFOPILAS,account.af7f7bae0a5848e68549b41e42a52ae0,0
2026-02-11T10:14:01Z,lTendol,account.da7bd74288a8407c8f07c98d5ddf8413,0
2026-02-11T10:14:01Z,ssh1z1k,account.d6852ea6c8664a88b8059ad22176251a,0
2026-02-11T10:14:01Z,PyzoTrYS,account.dd81a42a50dd4c3ba57ef557a98de6ed,0
2026-02-11T10:14:01Z,Damir_Qozgan,account.c17aff15c7a44826b7b5604ebb7469c7,1386
2026-02-11T10:14:01Z,Newhlo2000,account.e5665a298dc14374832ee810ea2404ef,0
2026-02-11T10:14:01Z,REINSKOTARE09,account.3607367ff00b4f12bbe840a782bc3dcb,0
2026-02-11T10:14:01Z,vashepohuy1,account.a015512291894fa0a30cda14f8e8ee86,0
2026-02-11T10:14:01Z,GuBiNhO-Jr,account.e1c41e86744e4521930b8c7ab2db6b9f,0
2026-02-11T10:14:01Z,xKAPJICOHx,account.7243438c322c464ea2151d7fe98b5da5,0
2026-02-11T10:14:01Z,Millaris,account.7c4e134e2e5145adaeb10beccb7f3fef,0
2026-02-11T10:14:01Z,By_gonee,account.b10b4eac03a74f99a3ee7e74c3d1dc2c,2752
2026-02-11T10:14:01Z,vladimir_25671,account.f13c6d222ccc4e4590c5bf0bbe7a5f2a,0
2026-02-11T10:14:01Z,DUSTUM95M,account.ce542ce4613b420998d5c3de6d4785e4,0
