createdAt,name,playerId
2026-02-06T13:50:25Z,NL_CEO,account.e87e55f218e74057b2f0c1d862f56bb1
2026-02-06T13:50:25Z,HagssiAnTtaeLyeo,account.ca54fe696e2d42699a140c9edec73c6b
2026-02-06T13:50:25Z,Ez_Persimmon96,account.efd6242fb5964c4fa4716ed2f34d169f
2026-02-06T13:50:25Z,superlight2,account.a8a1f7deea1d4811a798d8f827f5bb06
2026-02-06T13:17:37Z,JMJAJI,account.fdc4c3d902a24ebebdf228acbd44a4c8
2026-02-06T13:17:37Z,S2balNun,account.a628fff3eeeb49cbafcee63f630c9dfd
2026-02-06T13:17:37Z,MC_MICHINRYEON,account.f2060e611d9847df90104ac1bd4ccbb6
2026-02-06T13:17:37Z,subin0385,account.af1439d2196d4abe814d7609815517c4
2026-02-06T13:17:37Z,HONEYRED_1MORE,account.fb925bb1030145d192553bd8543ce63d
2026-02-06T13:17:37Z,BGP_BeryL,account.0a2d767e27fb49eaa1671993cdac85b3
2026-02-06T13:17:37Z,Ez_BXX,account.c06db73432ec4363a93aef2ec68ef292
2026-02-06T13:17:37Z,BGpoint,account.062731fe993d4b5883d4c48af8a807c6
2026-02-06T13:17:37Z,JODDEDDA_A,account.c2afdad742744a6eacc504462bcec1c7
2026-02-06T13:17:37Z,4LV_Y1LuP1ngAn,account.d94ac58026854209bbf3a7c1594d4455
2026-02-06T13:17:37Z,godsangil1,account.079da98cd6db43ba9cb1695f1823de33
2026-02-06T13:17:37Z,esse1change,account.ed5c4971bd4242638515bd98ca7a5011
2026-02-06T13:17:37Z,MC_the_,account.dfd4235653d84fab9792f86311d175ac
2026-02-06T13:17:37Z,DAM2____-,account.606011e19fdd47f3bc818c1d4e35d77d
2026-02-06T13:17:37Z,bongbongr,account.d6c2892a850b43b0bfff8b34a9602981
2026-02-06T13:17:37Z,4LV_DaeGal,account.79353bdd99434688abf5fab17525db31
2026-02-06T13:17:37Z,zmfflsrpdla,account.de3958a452c44833a03a245ddcc05eb2
2026-02-06T13:17:37Z,free_soul_e_g,account.23f0f39f3ebd4fe8b62ae0a7cc210b11
2026-02-06T13:17:37Z,Gz_JeRe,account.45c7d747b03d4680963934c26e225417
2026-02-06T13:17:37Z,jinsky112,account.58ee60572c714241ad300b2dae37bc78
2026-02-06T13:17:37Z,AnChatGz,account.71318c305d8047b0850b991768c425ea
2026-02-06T13:17:37Z,Robos_H,account.2bb8dff089244050986452cb76689565
2026-02-06T13:17:37Z,GaNg_Saeng,account.b9127caa8ec34d2c974ff971641825bc
2026-02-06T13:17:37Z,MC_DIN,account.eecac9c221714dec9ecbf9e4de7a04cf
2026-02-06T13:17:37Z,CP_ShadOw-_-,account.1efd0bc9bec14680aac597b7fbebf204
2026-02-06T13:17:37Z,The_GTS,account.d3d0a8d43ea04197960e19fcbca7fe6c
2026-02-06T13:17:37Z,0HG0NG,account.f032cd32082546ccbc27af4de0d461d2
2026-02-06T13:17:37Z,2TAP-Hun,account.e8cb7a00963f44ba92a4664e3a70076f
2026-02-06T13:17:37Z,4LV_Ari,account.3065db1f24b847ee8f6894f4bc98ea87
2026-02-06T13:17:37Z,rnrgusqls,account.04c045f0f30b4322a6c9d975f957f46d
2026-02-06T13:17:37Z,BGP_Second,account.902be444763744b0b8e0c9f28da0b28c
2026-02-06T13:17:37Z,4LV_BBag,account.ca9934b210a54dc68bcba6693cf20151
2026-02-06T13:17:37Z,Ez_Seung,account.c41a9744c0b34e40a1dd4a4d6e7d9a2d
2026-02-06T13:09:44Z,DieHard_1998,account.7add21c7cc16455f8e4208acb58acf44
2026-02-06T13:09:44Z,MASHIMAR0OE,account.1a52ba1361bc4fe99c2efb383582c00f
2026-02-06T13:09:44Z,adpok,account.f96f9c94a8374288a98f216285386568
2026-02-06T13:09:44Z,GannnG,account.5332c50fd5624e6088fbcf74c2f71cae
2026-02-06T13:09:44Z,SEOUL-PRISON,account.621397d4d0ec456cad961c74d22d3068
2026-02-06T13:09:44Z,XTongXTongXTong,account.306e1d0e90b246df8f9623acc4841afd
2026-02-06T13:09:44Z,AXIS_MakCho,account.7ed3c6ad8a4e4901b0dbf0743fda37c2
2026-02-06T13:09:44Z,o_-sal,account.e5beafdcc88d4b83840a0779f16eb91b
2026-02-06T13:09:44Z,kami-_-a,account.cc6adc56290f46d5ad011dbc464c1953
2026-02-06T13:09:44Z,01______MON,account.9731cad99c6d479f899561db2ad6718f
2026-02-06T13:09:44Z,ilovecarb,account.f07443f3da65497f922d83f790a33676
2026-02-06T13:09:44Z,wheba,account.9dfd0efd656c4b62b5ad40b9a57736b6
2026-02-06T13:09:44Z,Kimyonghee_,account.30571af9d3a346e4a18912282136df9a
2026-02-06T13:09:44Z,77Aws77Aws77Aws,account.cbac841a06b843738f00816bb0461194
2026-02-06T13:09:44Z,Firerain_miller,account.397ff141ce8a40a39bc0660d53e137c9
2026-02-06T13:09:44Z,Se0pY,account.8ce29932179e4cb398b00989b9d2df4f
2026-02-06T13:09:44Z,Brr__Patapim,account.b3aac159421c452b83061e71fb3d1a3d
2026-02-06T13:09:44Z,DieHard_SSUNG2,account.bdd73330d0884eb789ada131a11ed97f
2026-02-06T13:09:44Z,AmsalYo,account.c1284a83944247f397cb0e0a39ad71bc
2026-02-06T13:09:44Z,rAnker_11,account.80b6ee2b731b45cea4df346ca6a23ae4
2026-02-06T13:09:44Z,7_ABT,account.f1041c6b33404844bc101e0ee2600d88
2026-02-06T13:09:44Z,AxiddAxiddAxidd,account.67cfa53c089346c6ab8f24c80416fbe0
2026-02-06T13:09:44Z,BamBi_Wally,account.543da3f8e74643af81fc325338a52556
2026-02-06T13:09:44Z,JWA_JI,account.a3c06dea482b4194b50f9499b7074f6f
2026-02-06T13:09:44Z,VAKAVKAKK,account.f7e31cf18efe4ee1ab1574188bd4ff88
2026-02-06T13:09:44Z,nugang,account.96a16fcd7400427d9ef21e9d19fd0ae9
2026-02-06T13:09:44Z,NAGAJULRE,account.d357e8f8554e447d84a8f937855a02a1
2026-02-06T13:09:44Z,roahtgkshwjqdjfk,account.36eaf1c7c30e4f30b7ffdebb09cf7404
2026-02-06T13:09:44Z,XnanXnanXnan,account.b7367da1225d40d589397d7d743fdfe1
2026-02-06T13:09:44Z,goodnight-11,account.bace562876774a249ee4c75fcaeaac70
2026-02-06T12:42:30Z,peradoGaeuL,account.2d0e2c83033246909536203d7a97ae4c
2026-02-06T12:42:30Z,Ma_ri-o,account.7421fcfb65d24e5ba593fd4bcab16ecc
2026-02-06T12:42:30Z,ApocalypseKZ,account.dd6e638b207d41548775711851809ed3
2026-02-06T12:42:30Z,lliilliIIliiilll,account.b7f57d593f7742598cf8b7e58eb93900
2026-02-06T12:42:30Z,g_eun-_-,account.ba37cf63ad624b9481dadc61ea76103f
2026-02-06T12:42:30Z,SUAS_CK,account.5ca447fc76d6465ea983b19b1a77a90f
2026-02-06T12:42:30Z,4050_hermezeus,account.e60f486e302847058461c8e3cbee12c9
2026-02-06T12:42:30Z,dayae_e,account.614846590e0543e6bc71e12e92eedd90
2026-02-06T12:42:30Z,2Man_Friend-,account.1775e51298b5438494a483db7e9e0343
2026-02-06T12:42:30Z,jaehyung--,account.fa06ff39889b40b1b4321768caf44e0f
2026-02-06T12:42:30Z,DAF_JH,account.20c2f16be11d4684a4b2c3d5f3212a15
2026-02-06T12:42:30Z,PNS-Toll,account.15d74b49556e40f5a69aacc4160771a9
2026-02-06T12:42:30Z,Ms2r4KZ,account.60885ea4d1c540c3a5bf67f4056352b9
2026-02-06T12:42:30Z,fures4169,account.42759e2f12c54701aa4b00df9bea7d4e
2026-02-06T12:42:30Z,1Man_Professor-,account.2998832e5459469b936c855e610af8db
2026-02-06T12:42:30Z,hoooo0-_-,account.6d43057fd515460192222cf93b9ee846
2026-02-06T12:42:30Z,choco_kwon,account.b3d1cc274c4b4e2cae1d5cfbed64b9c4
2026-02-06T12:42:30Z,FM_llllllllll,account.ab60e693e175463f995d42711b9b650c
2026-02-06T12:42:30Z,Ssong-_-Ji,account.63dfdc62e52e4ef888221882735c1a29
2026-02-06T12:42:30Z,NAGA__SIO,account.fd6dab04d0714fb3b8cebb5ddff3795d
2026-02-06T12:42:30Z,LWYC_LEE,account.9285261ac1e94afbaf3c242af6d322cb
2026-02-06T12:42:30Z,rkpav,account.a8b8055ae7e7447cb62f3b61de2f6fc1
2026-02-06T12:42:30Z,yosep92,account.cfca9fa7fb1f49d99b0d4b395b9faedb
2026-02-06T12:42:30Z,sunho_o,account.38b737a0e92e46f4a90f8a9145592dbb
2026-02-06T12:42:30Z,Zig_Noah,account.e7875a9f0b4443c0a9b1444a390655d1
2026-02-06T12:42:30Z,Kwa_nis,account.927137b31e794adea2290e0ede1259cd
2026-02-06T12:42:30Z,MAnmin-,account.f9521374089846e88bdd830adfc18a57
2026-02-06T12:42:30Z,ZINZZAJOTGOSU,account.0f921942a5354099a6eadd71bdf869cd
2026-02-06T12:42:30Z,junddu_,account.f250fc623dcf455a929e0d4bb92ded69
2026-02-06T12:42:30Z,insangreroll,account.88f5d84c9e1c422fa4f72431966eb927
2026-02-06T12:42:30Z,hichaeso,account.ff14bb318e5d4e3daa892fc41291a3d6
2026-02-06T12:42:30Z,3Man_VSScutter-,account.637ba151a5b145b28db1479f777e70ec
2026-02-06T12:42:30Z,CHAES_01,account.eb77a4d169a745dc8bdc6c2b0a5b1a38
2026-02-06T12:42:30Z,Yoonguonhee_,account.edb67ad4c71049b18221d456f594e131
2026-02-06T12:42:30Z,kkmo_0,account.45b8dbd893374fbfadb799fb5970c8e3
2026-02-06T12:42:30Z,ZINZZAJOTBOB,account.c7bf1fa350a3430cb9ed7e50c5a689ed
2026-02-06T12:42:30Z,300_5HAMMER,account.d5836bf3f13240aea00922364a77ff43
2026-02-06T12:42:30Z,LWYC_C0CAIN1BOX,account.4e5aa34c707f4ea0ba2b88b87f614c31
2026-02-06T12:42:30Z,bbaesubinn,account.5b486022a622496e8850ca3b651364f1
2026-02-06T12:42:30Z,H_SWEET,account.7521dc8ed3fa4789a997087de51b3bb8
2026-02-06T12:42:30Z,taesheep-_-,account.0a1e0919d1e54032b72278a7680c7a3c
2026-02-06T12:42:30Z,300_SODAAA,account.b6640807c0e646a282ea165d4f58331e
2026-02-06T12:36:53Z,X4C_stokerz,account.004e955b6f9a4274a8666cb59ead985d
2026-02-06T12:36:53Z,JOBONGPPO,account.ed285ab1fd1a4595b8e3568ab01a55ff
2026-02-06T12:36:53Z,MoonBack_E,account.974047ca1416457b95f54861e889796c
2026-02-06T12:36:53Z,2TAP_HWANG9KING,account.e0e5c8170d934d7f84d6b0d9f3618c30
2026-02-06T12:36:53Z,AAAAAAAA_E,account.074c16f6104642bcb22600503c24216f
2026-02-06T12:36:53Z,SungMinJ1,account.14eb14befb9f452b8a65f8bc5678ef77
2026-02-06T12:36:53Z,SachaBo_E,account.418bf8ff78b1450ea0651fbbc3de77f5
2026-02-06T12:36:53Z,rbghd12,account.45281788ae694f2a93fe101ca507e9b2
2026-02-06T12:36:53Z,LK_DKDK,account.0384c330335040719843b653d3654ee4
2026-02-06T12:36:53Z,soo82babo,account.92dcf2c665744a7d833286527a5b1600
2026-02-06T12:36:53Z,PandaSea,account.cd634236f1d44fabb14b15b525cab9ec
2026-02-06T12:36:53Z,Ami_0410,account.eb8dd2fe6d814d5cb8e2725af2518942
2026-02-06T12:36:53Z,illllllllllillll,account.9592cca303e44ff0910f55af065ef400
2026-02-06T12:36:53Z,BatY_-,account.a9f5abc917ee41538cc9b3595f59d111
2026-02-06T12:36:53Z,qkzkfkRKdRkd,account.017465b977f743f49f35c674c2834092
2026-02-06T12:36:53Z,yoonhyk,account.b85d5e2248274d4fae4756c835ff9dd1
2026-02-06T12:36:53Z,SuperKiSeok,account.95e7bed6ea0a4b72a9210ec07f943ebb
2026-02-06T12:36:53Z,Stinger__-,account.94cfe5fddd3c47829cdb85294620fdf5
2026-02-06T12:36:53Z,MukJik_E,account.fcf225d7a0d441feb89da3ce08fe4db5
2026-02-06T12:36:53Z,dkdkdkrlrl,account.2b5e0b255ce1462d9cc462aec557cd7c
2026-02-06T12:36:53Z,soo82,account.d10a7d1a91144800b4927ee1ca43e531
2026-02-06T12:36:53Z,hyunyongkk,account.5971a7aade8546dba3c3101645a01173
2026-02-06T12:36:53Z,uvvely-3-,account.4c7c14b26c0f477b8570514c17137eca
2026-02-06T12:36:53Z,Fake_Rock_Jetik,account.49307b9dc01b486d858de341e5e56c1c
2026-02-06T12:36:53Z,0_987654321,account.e76ba3eed4d4499bbed1d61784899e22
2026-02-06T12:36:53Z,Young_Man_2,account.8c5cfe433a0343cebc05586c58c83ed2
2026-02-06T12:36:53Z,anjfqhk10susk,account.fad886decef346f19ba8de635c3930ec
2026-02-06T12:36:53Z,tM_Trunk,account.9d42deb33a95421c86c155879a6994a6
2026-02-06T12:36:53Z,kimyounggyun95,account.b6922a439f8445b085408e9b505781a8
2026-02-06T12:36:53Z,JIN-___-B,account.e5e9703ee31f4ab08535e7b87808f451
2026-02-06T12:36:53Z,JOON_JEONG,account.becb6b08bdcb44d1bdecdb26a0f64859
2026-02-06T12:36:53Z,me-_-dic,account.719fed23385246f7986e65d939d2a37a
2026-02-06T12:36:53Z,gnslgns9,account.c7af80fe7a174e57bec4662b1cb625aa
2026-02-06T12:36:53Z,LK_COCA,account.28a9831dcb8f4cdab58c851fa3baa350
2026-02-06T12:36:53Z,X4C_Poker,account.17fe3325071b452fb84e427bd379360e
2026-02-06T12:36:53Z,ZR_MOKO,account.a3f4dfa4003f4a02b230ac9128ef2e85
2026-02-06T12:06:04Z,DIE_rush-_-_-_,account.2d24de74a4b7446ca9ac12395abd3af2
2026-02-06T12:06:04Z,tkfantk,account.4e550380fff4416087f55d2b9a86fe5e
2026-02-06T12:06:04Z,rbfwhaqjtruwb,account.db9cd514458b4e72a4fa75badcf04b08
2026-02-06T12:06:04Z,SeungMa-__-,account.fe56fd58ab694264853cc4c5fb973be0
2026-02-06T12:06:04Z,qP_Xavi,account.3e27faba3bb6433c8507a3837ac8e16a
2026-02-06T12:06:04Z,DIE_JjomaGgung,account.30c52487e83c4923954db0666b7cbd9f
2026-02-06T12:06:04Z,Reign_iiiii,account.b31f433bb03d45a386d6b2e749ea3576
2026-02-06T12:06:04Z,ehdrmf2345,account.9510263308194c4bbdf7a9d41806b040
2026-02-06T12:06:04Z,090_000000000000,account.d167d89606114549b711741264c8570a
2026-02-06T12:06:04Z,Lima-__-,account.93af89cddb9f46a3b8473abd49891251
2026-02-06T12:06:04Z,1-2onkil,account.562b2d8e41a1495f89b72071defd3f06
2026-02-06T12:06:04Z,WONSICKING_,account.a6821da24397496498e131fa0563988c
2026-02-06T12:06:04Z,dlrndurSBN,account.11ff392da9054b75be39a1186e4110c7
2026-02-06T12:06:04Z,090_982,account.384645212d5d46c3a6a5ed0b856bbd57
2026-02-06T12:06:04Z,WXXG1E,account.c3c3ab47750b4ec782c78cba4f250c2f
2026-02-06T12:06:04Z,Safe_ROKMCKOR,account.301c52f7b97e488aa2a940f86ba85596
2026-02-06T12:06:04Z,HoiHoi_,account.d2c18ba6fca54d47b0b38677cc5b844c
2026-02-06T12:06:04Z,Jv5tXL1b3rt7,account.61a0595a1f894265af55016fd5cae3c6
2026-02-06T12:06:04Z,DGG_Marin,account.2c42cb1d7f3f439dbcb252d7bb4db28f
2026-02-06T12:06:04Z,hye-chu_,account.995a9992f29a43dcabce9a9d86c7e6a5
2026-02-06T12:06:04Z,DIE_Reaper,account.b723a291f0d14d36b00eb5866658e70e
2026-02-06T12:06:04Z,A_N_G_E__L,account.e7d0bfb01685496daa16d56939dfcae5
2026-02-06T12:06:04Z,SSStressss,account.2f3e184196cc48cc98dc8e7fc7d76092
2026-02-06T12:06:04Z,cexyRem,account.5e24b6499b244062ad17c9b5c218c320
2026-02-06T12:06:04Z,leeeuimin,account.11b39a608abf44dd97c643259220fc31
2026-02-06T12:06:04Z,7272bangbangSBN,account.81eacd7ac67b4483b03b2d9c2a037232
2026-02-06T12:06:04Z,woma-_-,account.b9e937b743e941cfa8c598714d25fb47
2026-02-06T12:06:04Z,PGT_UJWildBoar,account.973972188c82421b8764c0ce854052d2
2026-02-06T12:06:04Z,eumbyeolz,account.25cefd30efb84e04a65de22374923335
2026-02-06T12:06:04Z,BANGJJUN,account.74596aedc3e04a2893f74e9992de614a
2026-02-06T12:06:04Z,o327ovo,account.bcff18a86f3544cba58e22b121cd806b
2026-02-06T12:06:04Z,DGG_Medic,account.949969c942304bb8a2a6d31c82475140
2026-02-06T12:06:04Z,Alpha_kamusary,account.7591b55e204146e2a6dcfc47e5566f52
2026-02-06T12:06:04Z,YP_Cha-Pop,account.6ae95bd8cf2d45f0ad11a5f2e9267029
2026-02-06T11:52:56Z,TSG_Lay-_-,account.37269dcb1f404f4badef9309e034273a
2026-02-06T11:52:56Z,sisisidkdkdk,account.06849cae17784cc6be0d14b39abdece0
2026-02-06T11:52:56Z,b1nx_x,account.1b9acbed7c7d475e924e00e0cd52fe52
2026-02-06T11:52:56Z,HyunRVN,account.c83d653d4a724edda73967397ff542b7
2026-02-06T11:52:56Z,FARO98,account.72c37a63e000429689983faf224297b6
2026-02-06T11:52:56Z,GGAL_SSSSSSsAm,account.53d34ec5fcd9411f9b389f40fd29e3d1
2026-02-06T11:52:56Z,NU_Jiwon,account.7995d7051c9f44a998496e4784c54f77
2026-02-06T11:52:56Z,hostbarjaehong,account.2b8851f6112d4e85a18ab8dc55878656
2026-02-06T11:52:56Z,GON_COOKIE,account.6d2a38b2868b426a8c74aff51fda3089
2026-02-06T11:52:56Z,Kyun_0910,account.acbe7fa11fc04e028cfe3fd382b7c1d2
2026-02-06T11:52:56Z,young44223,account.9d2644da573e4c628d621ca4730d18d6
2026-02-06T11:52:56Z,Youtub_Hwangthai,account.549e03feee8841b1ae66e392ad24ed1b
2026-02-06T11:52:56Z,doyeon0407,account.987d3ddd0e244822aadb0e49c5acab63
2026-02-06T11:52:56Z,BAMBlLOVE,account.c96bba166c23437d9f4830ccbd625d43
2026-02-06T11:52:56Z,GON_BlackBerry,account.899e7ab835eb4aaea7ed8cc0fd8d5c83
2026-02-06T11:52:56Z,YM_ONOFF,account.5632995653b9413893a0f21c16390451
2026-02-06T11:52:56Z,Giyoungs2,account.942249bb246543a2a08eef2f877756fd
2026-02-06T11:52:56Z,HEAD_BYOUNGSIN,account.9c336723c1ce4d629fabda1568b1a07f
2026-02-06T11:52:56Z,ATTA_HIT,account.62d4d4d4678741c5927d1c1a7592dbb5
2026-02-06T11:52:56Z,whattheburger-,account.74a9514c68f940248be8557ca110d4b2
2026-02-06T11:52:56Z,a__________rok,account.29b7ad3e13164e41847e1a52f2c125f7
2026-02-06T11:52:56Z,Cardeeey,account.4e3a01836f3b4dbca356d8d398324eca
2026-02-06T11:52:56Z,dojin_s,account.a18e484c0ca74be790d2b6bd8c152c29
2026-02-06T11:52:56Z,SaCheon_wack,account.3873c439a3384dfe9d3313097b879c7e
2026-02-06T11:52:56Z,2CN_Sungwon,account.929a48d0b1d043b3a98a0085002a0857
2026-02-06T11:52:56Z,k2edwe,account.1b1c6d2e12864204a2281b1047509df0
2026-02-06T11:52:56Z,Goseong-,account.d7c05b68a20148bc99f38e20df9684c4
2026-02-06T11:52:56Z,HIT_Jo,account.49192f5bcb78415d8bf8f56b95199759
2026-02-06T11:52:56Z,UNeymar,account.51afb8a8c91649ef98d7421703440f6c
2026-02-06T11:52:56Z,Dear_Milkiss,account.f3d9259ffd884f7a8e454d671e7e5cbb
2026-02-06T11:52:56Z,bboo3o,account.300fad7ce6ba4787a13ee025907286cf
2026-02-06T11:52:56Z,neon_0407,account.08dc417083ee4866b2d06c13b53a454c
2026-02-06T11:52:56Z,SungRVN,account.a4bc825578db49aa966834f34a488390
2026-02-06T11:52:56Z,RVN_Xiha,account.ef122c30683e46a784cff3a38f1298da
2026-02-06T11:52:56Z,km_NAM,account.04d972088500466ca5b56e307ef07fb8
2026-02-06T11:52:56Z,GON_Furikusu,account.e8fd78b69ce5429188ea3c6a5e884bc5
2026-02-06T11:52:56Z,JWH_0214,account.dfc6ec6f48d14115a6ac26e2b8e7acea
2026-02-06T11:52:56Z,KlMPOTATO,account.472db191812f47ca8e4c252475afba07
2026-02-06T11:52:56Z,Uzinun,account.4e21465074204d95b8ee553f044a1a87
2026-02-06T11:52:56Z,Firejjamppong,account.8fb58a51b3114930b2e15f323dc10df9
2026-02-06T11:52:56Z,Hamzziziri,account.917313e520fd4d169dd6bde1620e4c60
2026-02-06T11:52:56Z,SBLY_0522,account.f03bd9efb84746108da3af8294e020c8
2026-02-06T11:31:53Z,anDRE_Romelle_,account.5bc37d77f78443748e84558d6ff22847
2026-02-06T11:31:53Z,GodnewFe,account.5849b6c10289470d8bfd34f0fd709c8b
2026-02-06T11:31:53Z,Ttokkiya,account.cdd4466ed7534dae9822721e031cd1f4
2026-02-06T11:31:53Z,LOVE_This_Game,account.758ebc54b508434e8e4c36ccc70c9428
2026-02-06T11:31:53Z,DTT_neguri,account.495fab61607e44c981b7fa3d7932daf0
2026-02-06T11:31:53Z,bbutokki,account.83553194b66140e9a42166ebb935eef5
2026-02-06T11:31:53Z,BGP_DD0CHI,account.625bedb271074769a6c6aa7af2339c5c
2026-02-06T11:31:53Z,CB_-_GGang,account.12fc4f7e244f4bb88d757967ac844413
2026-02-06T11:31:53Z,Bonggil_Doberman,account.584675f3a2634646ba4b405dfd8fd9bd
2026-02-06T11:31:53Z,BGP_Many,account.bcf510482c5e4ac6b6e10246fed6b792
2026-02-06T11:31:53Z,aewfeaw,account.26b82c91632c4980972b6ddf8a7b0704
2026-02-06T11:31:53Z,SIS_POONG,account.ebbc3fa5b0e54de4a25f7242aa1ffe69
2026-02-06T11:31:53Z,bbotokki,account.fe2e6a64da154f53adf22f49267db8cc
2026-02-06T11:31:53Z,Train_Mugunghwa,account.8aef2123d0a544f0a2126b2e2705b905
2026-02-06T11:31:53Z,TFD_UMAI,account.b20b6b4e4128460ea06fbdad473416f0
2026-02-06T11:31:53Z,h__zzang,account.bc6a7c0fa7354c9683e89fc0fba6b663
2026-02-06T11:31:53Z,TeamFLEEK,account.2af60e1c2e4a4abc8a21b86e8f944ec0
2026-02-06T11:31:53Z,Jilli_Kimbbolock,account.c16a4fb08a32413093bad53fc25a9b70
2026-02-06T11:31:53Z,jujuheedong,account.7029d079962240eba13efaf6c934cf74
2026-02-06T11:31:53Z,Chi_-cken,account.2ea02e3fbbe34373ae8ce3f74ff9c11e
2026-02-06T11:31:53Z,xhxhfm,account.1826893c4c674fc1bbd505f8b7cc3608
2026-02-06T11:31:53Z,weathercaster-_-,account.c78bd313c3e347559f23991798a5903d
2026-02-06T11:31:53Z,sxxxeob,account.2a8d41c9af774dcb8b56dfdd4f1b1dc1
2026-02-06T11:31:53Z,DDUKJEBGP,account.e06c49eb1baf4a15b4a596b8baa5d118
2026-02-06T11:31:53Z,Mzo_o7,account.d55d89d5c92b420b93b8e9ff25c36b3c
2026-02-06T11:31:53Z,S2SJS2,account.fab5fa61087841f598bd48f5ebf68dfa
2026-02-06T11:31:53Z,MrZzong,account.536270fae17e4b50a1a363d3a3df1bd9
2026-02-06T11:31:53Z,ilo_o7,account.5b26dd24f793417c83b547697c374752
2026-02-06T11:31:53Z,NUPSJ,account.25afd4c8d6604080954a620179fc3b8f
2026-02-06T11:31:53Z,SoMoon-_-v,account.5d6873abe36c4851a4b6906e3cec894b
2026-02-06T11:09:49Z,ShumDangE_orb,account.2bb420fad63e4a78acd3fa478b4edb69
2026-02-06T11:09:49Z,Sanrio_Sinamolol,account.b3f487b48feb40ec819346ebb6861bc8
2026-02-06T11:09:49Z,NRNB_ReMix,account.a73c1018a78e43499c15feae295f03a8
2026-02-06T11:09:49Z,AXIZ_AN,account.406070928e7b43989681b54a88d32fc8
2026-02-06T11:09:49Z,ChaeWon-_-,account.d179365170bf41499029e6dfd84aa277
2026-02-06T11:09:49Z,NS_vibaldy,account.92f10a9dbd5c49ca89ae9fd6018688ef
2026-02-06T11:09:49Z,XX_Silent_Strike,account.fc866026b04e4815b9b60ce6c8595be4
2026-02-06T11:09:49Z,BaRamPiJiMa,account.6b9cf626c9a8467f98485109a823eddd
2026-02-06T11:09:49Z,morningbbang__,account.7df74cccd12f4d8f8682fbff4d638124
2026-02-06T11:09:49Z,Clear_AAAAA,account.d9676445041a48e890f04c0f146bd4cf
2026-02-06T11:09:49Z,Clear_Lyunnnn,account.6e42e58779a44621829e2b878ccde021
2026-02-06T11:09:49Z,2SL_MS,account.902f30a92e2d4d80b3a03dde88f3f77e
2026-02-06T11:09:49Z,boNg-__-gu,account.dbcb4126717644c4b8a8bdb9c524ed23
2026-02-06T11:09:49Z,KwanJJokE,account.b25b3be3d5e04d1180244f88aba697d0
2026-02-06T11:09:49Z,MakchangS2,account.fd91f078fe32481fb0040ba67fb19aa0
2026-02-06T11:09:49Z,CK-SKYOUNG,account.a6bdbf24bfa84b1bac033659bd446e10
2026-02-06T11:09:49Z,H2NDXYH,account.6f0d9653947c4ee9a7d83efe54d81193
2026-02-06T11:09:49Z,Clear_Sniper,account.3219708ea46845e69429d862524e2aeb
2026-02-06T11:09:49Z,Clear_Yuuuuuu,account.ebc4800489af46749ad0bfafb8c28f6b
2026-02-06T11:09:49Z,choichoijiwoon,account.ea9afc55315442518da58ce6b44cbfea
2026-02-06T11:09:49Z,2SL_geumma,account.b0c76c5ec5d14feeb6d88ced5c8ee4ce
2026-02-06T11:09:49Z,JonnaSexy_-,account.8dc3b677cbbf47d28387c58acbaef016
2026-02-06T11:09:49Z,DaechangS2,account.bd62156a29854569bfbcffe4eabeef88
2026-02-06T11:09:49Z,GwangJin2-_-,account.509b9d5fe8b94dc9870c00d2b4b648dd
2026-02-06T11:09:49Z,NJS-5TaKoo,account.cd41157febea4768b76c2ebb4c035472
2026-02-06T11:09:49Z,ds-_-333,account.aa940c6e5af34453a4486d39caeca87d
2026-02-06T11:09:49Z,INX_Asher,account.a0746ab2d6dd4e5d8df501b22fa39dc7
2026-02-06T11:09:49Z,saekki__,account.d55aad0d0f24458b80a85ff2ad82c123
2026-02-06T11:09:49Z,bulk_gak,account.3f17c27fcb4f4619a1e1be0ee3170b00
2026-02-06T11:09:49Z,HyunGuen-_-,account.ab532b9b8a11442ab6579ad2eca20040
2026-02-06T11:09:49Z,2SL_dori,account.b41fb5244b6545b8b2a8c3a699e5b25e
2026-02-06T11:09:49Z,NTT_Cinderella,account.6477fba336054df5b0a148eeb3003830
2026-02-06T11:09:49Z,A_MAN_yo,account.af85860960e0420fa40d76b97bf2fa29
2026-02-06T10:46:52Z,NU_Axis,account.f2924668ddd44f8d981bcb98016fb2cf
2026-02-06T10:46:52Z,Ez_KGW99,account.825c0609684944f987bfe4b608e5779f
2026-02-06T10:46:52Z,joker-_-o,account.e6db3bf5d6a540d2b764097c9212c8da
2026-02-06T10:46:52Z,JUNBGP,account.e0b3cd56490941118f51ac0e6bfdd3b7
2026-02-06T10:46:52Z,HNB_Rani,account.b03d5318bbf04d25a65de06d1fb02741
2026-02-06T10:46:52Z,ree_d,account.abe3c71af9a04ea2b7ba447afca2b435
2026-02-06T10:46:52Z,SANRIO-0-,account.d651e3c125244672b86c2f4a784edaa7
2026-02-06T10:46:52Z,BGP_Jxxg,account.327a3fc2813243c7ab5abb039d6acd20
2026-02-06T10:46:52Z,Ez_Qhrb,account.dde551b5618241d88961d880b561f35f
2026-02-06T10:46:52Z,ililillllliliiil,account.2550665572dc449ea3b5989e04d95580
2026-02-06T10:46:52Z,Ez_Gxngu,account.b72116415eb04fba9b0101431796057e
2026-02-06T10:46:52Z,NUSeongJae,account.88b71b206aa9434e83bc9b346ecd0b13
2026-02-06T10:46:52Z,FREEDOM__moon,account.5feb01320c874f2abf465b783242f68c
2026-02-06T10:46:52Z,dudgnsWid,account.87324d4a1a134b569f67b777741a0e59
2026-02-06T10:46:52Z,JJIjjaJJIJja,account.6ff9a47aa3f14aca8a40f3990218a3a0
2026-02-06T10:46:52Z,sanjjang1,account.c595714d561a4f78910cf3f3b9e6e3ed
2026-02-06T10:46:52Z,Ez_Cold-,account.46d20567ddc6457f8656a199f2bc1ba1
2026-02-06T10:46:52Z,Ez_YoungIn-,account.9cec50058b1045c190c1a6183ee9654a
2026-02-06T10:46:52Z,MinsuBryant,account.6c0d5a00bb2448ba8a39069122efaf1d
2026-02-06T10:46:52Z,KrNo_2,account.befc6b68c47d488ba41863586e756f6e
2026-02-06T10:46:52Z,SUNGJANGKAE,account.ab3a2a679aef40cab1b995089bcfd2f6
2026-02-06T10:46:52Z,Ez_Hun2,account.d31da3f743984ea8bc89002c70896bb9
2026-02-06T10:46:52Z,Inoikx,account.9c8b8edcfc3c4a6fb41e8d5dadd6a4da
2026-02-06T10:46:52Z,Jinnnning-_-,account.695db8b606464a7486f19ec54afc6ac7
2026-02-06T10:24:22Z,vosvos1101,account.812ad248878e4076b90e2d9b0947691f
2026-02-06T10:24:22Z,m8m8m8_m8,account.a64e690c396f4df883241c57c032ed20
2026-02-06T10:24:22Z,INX_Bellon,account.212a8e1da0234945b7e57806946baf9f
2026-02-06T10:24:22Z,uhyeon_01,account.03d7f52f038649b58470478bcd7f5544
2026-02-06T10:24:22Z,DNA_YWENG,account.8bce150519fc4daebb1f1e9649cd3ac8
2026-02-06T10:24:22Z,MSI_BREAD,account.9514037259254005b611c7ca7bfb6d98
2026-02-06T10:24:22Z,justdoithat,account.61cd88d98954423fb15baf64e3e49ed4
2026-02-06T10:24:22Z,XEXY_DD,account.cb722b38a39f4aa9b333ab482e2a3eb0
2026-02-06T10:24:22Z,andyhug1,account.14550900e74c461bbae9759cef2f8cc6
2026-02-06T10:24:22Z,suzygod1,account.3aa28648713c433185fcafcc41f13ec8
2026-02-06T10:24:22Z,Midnight_Club_,account.f764615e26f14162a62c39dcfbc11c5a
2026-02-06T10:24:22Z,jiwonxrala,account.71374971f87c431bb258d78492e32923
2026-02-06T10:24:22Z,INX_Carrera,account.3471ace5c37044deba6cd1f395a8b9e0
2026-02-06T10:24:22Z,Eg_HS,account.53aa816d6a0a4c15bafaa58ce2313a38
2026-02-06T10:24:22Z,bumbl3b333,account.d37e10a09aa34517bf58a0e01f2ea30b
2026-02-06T10:24:22Z,WooJJoJJoo,account.a22c10edbe3f4d348af1d67e4dc0e2c2
2026-02-06T10:24:22Z,1995101111,account.413b8ecff5fb4ea592b273d2476da1c2
2026-02-06T10:24:22Z,WIC_MIZA,account.9606c56dbcfb479f8d42b52a3353700d
2026-02-06T10:24:22Z,EuPark,account.ace7648a5fcc463a8fdaf720ade29c15
2026-02-06T10:24:22Z,KingJW_PAPA,account.b61aaeb66c9b4511b061beee6a9aaff9
2026-02-06T10:24:22Z,Aixenlai,account.0a8cd3b4dd5e422d92da70730adca2df
2026-02-06T10:24:22Z,JooTangZZang,account.8fea1742c0ba43a2a3199c5bb9c09046
2026-02-06T10:24:22Z,hyubss,account.70b7a407f91242a8b4d6d3afb97caeaf
2026-02-06T10:24:22Z,VIP_Rabbit,account.0bed1f716eb44c1ab5752af1f8bdd72e
2026-02-06T10:24:22Z,tjsrn456,account.22240d887bae4dd1a08d2ece07476909
2026-02-06T10:24:22Z,INX_UN9AM,account.ab3866d462f94687917230d5399bfc25
2026-02-06T10:24:22Z,Taek2_yo_yo,account.3c770bd56fe64fd7b6d8f12e353cd3f5
2026-02-06T10:24:22Z,calbins9,account.01861be0f4db46e9b0d727d85e9ef09f
2026-02-06T10:24:22Z,DNA_DoTae,account.eb268e4190a34334b66ef7f46c641022
2026-02-06T10:24:22Z,Ez_IMJA,account.7a19ba64df4946ba8ed137cacb216c60
2026-02-05T20:14:26Z,se_se_h2,account.42f2e3b7578c42d0a897a03c976b2ca6
2026-02-05T20:14:26Z,yachtyape_,account.3140b2a429344ad08eac1811424a8ba8
2026-02-05T20:14:26Z,w_sr0009,account.9844191770184cd29d9269abbd06329e
2026-02-05T20:14:26Z,MALANGDASOM-,account.acfd149a264444b2931408a13abe105b
2026-02-05T20:14:26Z,1bunPING,account.f81fa9e0271f47efa8d5c0da18b15b32
2026-02-05T20:14:26Z,Ez_HaeMiring,account.c7287421786d4d0ab22ad98e93f56c21
2026-02-05T20:14:26Z,redhotcpeppers00,account.4c8ec17316b54964bde159cb7593b5ec
2026-02-05T20:14:26Z,CQB_RevEnaNt,account.e3a4b7c7a28f4cffbee0c1f08ab647c9
2026-02-05T20:14:26Z,Orochimuruuuuuuu,account.2acdb301eb544a5290d386bb87c0490a
2026-02-05T20:14:26Z,qaqaqaqaczc,account.3d6ae937e31645a9b0a7a548c9acb3ce
2026-02-05T20:14:26Z,HOTELYAJA,account.3bddf328ae9640efb879d78610ebe05f
2026-02-05T20:14:26Z,KDAY-_-,account.308aa73fbd2349a3b046c4762c7d335b
2026-02-05T13:32:10Z,KOR_Beauty,account.deccef7500a642c7acca1aa3b9deca71
2026-02-05T13:32:10Z,unboxlng_,account.2b6adbeb913e496da41977233f1bb83c
2026-02-05T13:32:10Z,Zzzzlli,account.9871e57ec29c4d0a8708d22c54df1732
2026-02-05T13:32:10Z,l1l1l1-1,account.b7431280f1d740f3871e8ab999aa4171
2026-02-05T13:32:10Z,cndrl001,account.2ea7f05218a94e2282fb97ce015a093c
2026-02-05T13:32:10Z,YH_JJO,account.4f5848c070bf4ff7a951dab9f01d5095
2026-02-05T13:32:10Z,DdolgDdak,account.4ebfcabb6aad48408aff1725a4ee401f
2026-02-05T13:32:10Z,NPC_JuHwan_-,account.e5d24f9502c7438985500067faf398b8
2026-02-05T13:32:10Z,amoogottomodajoo,account.a4c1419967d648c9ae15692f3dd33bf5
2026-02-05T13:32:10Z,Redhxxd,account.b9b6a2b0cea94dcc8256bb882e752a37
2026-02-05T13:32:10Z,LionsOwO,account.32993fc0dfa34646adf1786a18aec3af
2026-02-05T13:32:10Z,OISHI_______,account.a2b9c911df434431be72b9e9cb5be3cd
2026-02-05T13:32:10Z,jungtaehun,account.221aa4cc2dbe4fa3b14c9388ab476205
2026-02-05T13:32:10Z,seukjin159,account.fd9b548c8b4c4111823f1b273993221e
2026-02-05T13:32:10Z,Limjake,account.977dead2ae5b402cb68d8e0f25596627
2026-02-05T13:32:10Z,happywoodz,account.c9bf1e5f35d648659638647ac44c88ed
2026-02-05T13:32:10Z,sexyking697,account.8d72012daaa74076ac8da15f582cd597
2026-02-05T13:32:10Z,EaglesOwO,account.a577a54ff051496cafa0abd123a702df
2026-02-05T13:32:10Z,Dancingmama,account.a42b20757e0e4ac0bc304005b382d343
2026-02-05T13:32:10Z,killjongwoo,account.57c4db5c3625431ebf22855ed2f68f91
2026-02-05T13:32:10Z,yesung98SA,account.f740a7edebf74f718665b746298d1db5
2026-02-05T13:32:10Z,3_SOT,account.49621a8c38c64d76a8f6b917e361670d
2026-02-05T13:32:10Z,5sal_PochAco,account.0361613c48a549ea8c23d8a106df8a29
2026-02-05T13:32:10Z,SGT_R,account.e36ae784921a4e399590e9b4243e2788
2026-02-05T13:32:10Z,Gen_Jeeis,account.5a635cfe7a7d4280b7648e20ed897707
2026-02-05T13:32:10Z,jihuuumon,account.cd8a57df4bb047c385b2776659c0ffb3
2026-02-05T13:32:10Z,NuDuDadDadHae,account.1124a57fe7854ae6a39443604665acf8
2026-02-05T13:32:10Z,Ma__JaSinInNa,account.b5ae61abd512446b80f804f070d95f3c
2026-02-05T13:32:10Z,GlMORING,account.2969b26c631a4e828371e8a576b5e21a
2026-02-05T13:32:10Z,Ho-Woooo,account.b7694d0a047446d08c95455152254b19
2026-02-05T13:32:10Z,ibnuemik,account.9564a04c84ef449fb9908e775258867d
2026-02-05T13:32:10Z,023223,account.935c9c6f996e4cb496de7a2335653239
2026-02-05T13:32:10Z,JJuniAppa,account.eeb0f901f8c244638870c3755eec4d65
2026-02-05T13:32:10Z,ekrud0901,account.cf0612ec2e4c4a0b8f7548295fc49f9d
2026-02-05T13:32:10Z,rA_Frep-_-,account.beaf76f1b0224b42af14c88c645864d4
2026-02-05T13:32:10Z,XiaoPongPongDad,account.ba4f0cadacaa47af849ed6f576bed002
2026-02-05T13:32:10Z,Lighe-,account.2475eedf9e294f45a702356268e6593b
2026-02-05T13:32:10Z,iaaui,account.460b96a4ac9c4d0589f82eae70f14920
2026-02-05T13:32:10Z,KR_RHH,account.8ce27674280d476fb94dde28d5b8ec6c
2026-02-05T13:32:10Z,dddd_7192,account.aa1ccdb16a794ad8b680562ebb52f7dd
2026-02-05T13:32:10Z,liililllilliili,account.f888b8f8ed3e412b9bd3b27669869f07
2026-02-05T13:32:10Z,KR_Rax,account.177b3a7889fa4df4af0522e32d709867
2026-02-05T13:32:10Z,beomeeda,account.7e376655deb84fd1bdd0c181cc38854d
2026-02-05T13:32:10Z,macheteGOAT,account.67a181c7bd654e5da4e34c094381ab02
2026-02-05T13:32:10Z,BrownEyEdSou1,account.2a58de08f91040d49ef2916eaefb5aaf
2026-02-05T13:32:10Z,JJunSang_,account.e5115fee8ac64387af8a44143e7c37a9
2026-02-05T13:20:54Z,kongguksiu,account.a220fd799e954ed1a7ad41b77efab1b1
2026-02-05T13:20:54Z,ImYour-mother,account.3362f0eac1a6438d92eb3b7845002951
2026-02-05T13:20:54Z,Fenomeno_Rodon,account.b03475bc6c9344b7bb7d4bd583bf9bca
2026-02-05T13:20:54Z,ckhin,account.6dae8e551ead4a5e990d38cd6666d11f
2026-02-05T13:20:54Z,SoEeeeeasy,account.aa3f98dcce2d4e1b9f6d0f8bacf905f6
2026-02-05T13:20:54Z,F_F-F_F-F_F,account.58e8804308424dbc9084aa07f2a99611
2026-02-05T13:20:54Z,kings-jojong-1,account.e62e2617b87f42abb1bbeb8aaaf8d7b3
2026-02-05T13:20:54Z,soon5005,account.5cff715e3506402d813441c274ef9a75
2026-02-05T13:20:54Z,Ahegao_plz,account.dccc193c03194eea86569b295a271f62
2026-02-05T13:20:54Z,NH_Jannng,account.6709de154c0c4369903e747e34a27f26
2026-02-05T13:20:54Z,BGP_GOAT,account.b6f606221e71444891c3cd53bedc8f3a
2026-02-05T13:20:54Z,beki-,account.be6b523e82864cd8898cafc9e1f101bd
2026-02-05T13:20:54Z,SDlovu,account.8eace2cde83c4f1faea9adf5094805a7
2026-02-05T13:20:54Z,Jostar222,account.9854debc3d314c869a821624a6d6f43c
2026-02-05T13:20:54Z,LlOHMl_O-O_,account.64fc4a55ee81496789a03ad200b8aca2
2026-02-05T13:20:54Z,Or7rZl_SH,account.bb924ec2c9d948d1a95f69e10f897162
2026-02-05T13:20:54Z,Tom__and,account.feab73eb8d9545f194c5dcd7b46e2cfb
2026-02-05T13:20:54Z,MA-2-JJU,account.5e3545af9c19441d9156e7dac3fdabab
2026-02-05T13:20:54Z,jinjinjara-98,account.a8b5b6c401d44ad29c44732ceaf46a78
2026-02-05T13:20:54Z,makguksiu,account.045a241b735540f0831835ad27bc60ac
2026-02-05T13:20:54Z,dabeenii,account.c6d232b72a7d4ce0847205027f13eed0
2026-02-05T13:20:54Z,GRNYANG,account.fcd2a0348f2546b7bff2d5a28f4004dd
2026-02-05T13:20:54Z,DPI800_20,account.d297609ca328432888c6c1cd0ab1d6ab
2026-02-05T13:20:54Z,Fuxkkugi,account.7a215da6923342f388d168de54aca8c0
2026-02-05T13:20:54Z,ssomsso,account.7b85168b7a4c40ab9961b8e4c2f0af08
2026-02-05T13:20:54Z,Or7rZl_DDAKDAE,account.baf0e18b1be541d681da4a7793694907
2026-02-05T13:20:54Z,SPDR_SPY,account.3c86f5cc1e204146b3356ecbd5af8a59
2026-02-05T13:20:54Z,01_06_23_,account.06aca99c23e646c9896b5359df15d201
2026-02-05T13:20:54Z,KTC_Galic,account.32b6b5ef209e451483f73878fa4db3ff
2026-02-05T13:20:54Z,B_BANGTaemiN,account.2ef725083620409fb600475e0ad1002e
2026-02-05T13:20:54Z,2CN_DDOVE,account.464043f09e9046a09f55c7b40d21fb42
2026-02-05T13:20:54Z,JANG_Lokki,account.03f409a52d6c44ccaa2081b574c5bee8
2026-02-05T13:20:54Z,J_Andonj,account.e76429fb7408416c9fff86bb4e98af8a
2026-02-05T13:20:54Z,F_1_STAR,account.3b9e60b8414344dc86505e5d22683f4b
2026-02-05T13:20:54Z,hwanyeyo,account.ebc4e9e4afef447c96815b3030c5557d
2026-02-05T13:20:54Z,zR_0907,account.0f6a57aa262542ba95fa14eeb8825093
2026-02-05T13:20:54Z,RN_7HAH77IPET,account.31cdfcaf90d74e838541e7ff6f5ea85e
2026-02-05T13:20:54Z,RN_YO2,account.a0dd2626efdd4d42b1bd268f6d2a5c44
2026-02-05T13:20:54Z,best_jinu,account.792d40202e514984be4a6bc47ef20845
2026-02-05T13:20:54Z,C_ELINE_,account.560e1771ffa04f72b192daddebefe6e5
2026-02-05T13:20:54Z,sweet__white,account.8bf7881374ea47a89574cd925bf5aed2
2026-02-05T13:20:54Z,F_Lr7rZr_GO,account.31fc5e5238e44392af8223119a90d5b2
2026-02-05T13:20:54Z,ARCA_YY_79,account.d0f00795cb42400ca9c8a32fe01d1388
2026-02-05T13:20:54Z,estjkdw,account.aa07d5f5e0dc496bb29128e3a733b8ae
2026-02-05T13:20:54Z,Janchiguksiu,account.a39014f7277f4ed7a9d702a763c21d63
2026-02-05T13:20:54Z,blooooooooooood,account.6b9d5afa23e64357ae75dcce3113bd7a
2026-02-05T13:20:54Z,gkdnwldn,account.897dcde97f4e468ea751fa4a2bb6cac2
2026-02-05T13:20:54Z,AmsalChae,account.7e17b5cb59af46fb89c12ebc47037ccc
2026-02-05T13:20:54Z,rlaehdrhks117,account.9eb766b7879f4e5b9ad5c3ccdbe0f9a6
2026-02-05T13:00:09Z,HyunS2Narae,account.bc85104c10834703b6ec009dffca0654
2026-02-05T13:00:09Z,GEN_inonix123,account.f2ce421a7cd045e7bc6441a80b71c0e7
2026-02-05T13:00:09Z,CS_EhHEYY,account.fa35b5c4b1954e4fb1e149b8e3167961
2026-02-05T13:00:09Z,MICKEY__17,account.4436940fb9dd4e27b726633d5eb06813
2026-02-05T13:00:09Z,myungsik1225,account.8e4c4b32ff28449cab1cbba39c4d1fc0
2026-02-05T13:00:09Z,IngyuHeo,account.921d4ce6430344b2b1169e5ac34b1b95
2026-02-05T13:00:09Z,Hastekorea,account.0e31d1a488e841188848e477dda8fba0
2026-02-05T13:00:09Z,jajlho,account.57a4c5c9cbf34e1691c97788e39aaed7
2026-02-05T13:00:09Z,Fuckh-h,account.795b050c8507443a9f3bd9285c532fec
2026-02-05T13:00:09Z,OmbRInHo_,account.bc037a4c953949a2a6f420d5931844a9
2026-02-05T13:00:09Z,1st_hammer,account.83df0634264740efaa67c5c431f3ff41
2026-02-05T13:00:09Z,CS_TOTO,account.b795045b63a345f6823d8b7339892761
2026-02-05T13:00:09Z,RP_star,account.016fb1f2b8b94b699df69e580fc005e5
2026-02-05T13:00:09Z,justice0420,account.d3a68e4b0d6b4adfb0c70d955e2e4039
2026-02-05T13:00:09Z,zkzkdhvpdl,account.e3da576546144876a7ca3e33f9356693
2026-02-05T13:00:09Z,FateDeal,account.2090ca76eb2e46378670935841dc8eee
2026-02-05T13:00:09Z,HanA_-hElL,account.a42b9c19d5e042b4bc601e0223d1b3e1
2026-02-05T13:00:09Z,JungMalZarithae,account.e747b66db55b48cda2ce3328dd1756da
2026-02-05T13:00:09Z,A-liilliil,account.e5b8d1244c7e4fee83e80bb60f778894
2026-02-05T13:00:09Z,dosung22,account.954972ff48064fe798e8b826c0b79467
2026-02-05T13:00:09Z,adgjl3,account.3d73392b82024130bbbb660dbc06da30
2026-02-05T13:00:09Z,UPL_MOMO,account.164887f7187a49a484a8152d2a4721f1
2026-02-05T13:00:09Z,sdsg34,account.50d4e0d02c22457290365ad20d1a004e
2026-02-05T13:00:09Z,Quitting_run,account.cd5f75a978534ee39e1575bca9d21f44
2026-02-05T13:00:09Z,juha100,account.0581bd4fc83d44c09d084e952cfa0122
2026-02-05T13:00:09Z,NOKILL_GM,account.a05e778548184fbdae6a0f2fa405d5ce
2026-02-05T13:00:09Z,SUAS_CANNA,account.3a8b368387674dd0abbd300738aa9027
2026-02-05T13:00:09Z,888888_z,account.44dfe002f24846779f9e4206598aa8b4
2026-02-05T13:00:09Z,Spz_soon1004,account.ae016843eab243a2a48e058e6bc5b0f6
2026-02-05T13:00:09Z,IFIFIFIFFIIIFFIF,account.448c6e3e00bb434baf7fb567dd0f4158
2026-02-05T13:00:09Z,Damin_2,account.1d8fb052e9f04f1f86639dd869db07fe
2026-02-05T13:00:09Z,Mococo_XD,account.09381caf0afb4e8c9123d71a039028fa
2026-02-05T13:00:09Z,i1mzz_-,account.55b03345678d48a7958746245105da8c
2026-02-05T13:00:09Z,JUNG_HYUN_Yoon,account.c9ebf68c65c94972b9feafe1a99b0984
2026-02-05T13:00:09Z,WHACHUG0NNADO,account.306db38817d84961ac5676a3dd008eae
2026-02-05T13:00:09Z,lotusover,account.c5927c16c44d401cb8259dcfbd047dac
2026-02-05T13:00:09Z,llool_looll,account.8af3040c96ad406c8912b2e7d86a31c6
2026-02-05T13:00:09Z,CC_Yoon_Suk_yeol,account.9dc11386854243b59730ade6b3196a78
2026-02-05T13:00:09Z,degoden,account.460be23b9bf54e2995ad2668ae7effb0
2026-02-05T13:00:09Z,ar1018,account.1487213d48cd4b658d49d005074dfea3
2026-02-05T13:00:09Z,sungwoo-_-god,account.a36579164a0349fa80cfb3c640ad39ff
2026-02-05T13:00:09Z,seungjinzzang-,account.30312c45f57d4c1c981452fe9f635298
2026-02-05T13:00:09Z,ASHEULPPUNIYA,account.0b898c274ccb4c4d86b27de213890cf6
2026-02-05T13:00:09Z,JungMalDalKomHae,account.bcb6a26768164032b908edf5d6f74498
2026-02-05T13:00:09Z,KILLBOYSER123,account.cfab0a56f30a4833ab51589b41063628
2026-02-05T13:00:09Z,JungMalJaeMiSseo,account.3bc6c76f13634c8b9614c04baf832c96
2026-02-05T13:00:09Z,TSK_LongSkr,account.035a46bbbad7466889d28b732a564e9e
2026-02-05T13:00:09Z,DEUS_Cho,account.0d2cbbee699240f8a9e63ba6313c5ee4
2026-02-05T13:00:09Z,lllliiilillili,account.3c0213a09f964be3929757ffe04c3cec
2026-02-05T13:00:09Z,seol_kiiii,account.e626d1adca094a9d9955bf590f23ef7f
2026-02-05T13:00:09Z,RRRRRR_z,account.83fce1938cb04f4fbd3f2a431daaff2b
2026-02-05T13:00:09Z,CK-5SaL,account.3501117c93cf4ab88f4b73c2ada21434
2026-02-05T13:00:09Z,rlawngus33,account.1bdafc0814174032a5408949f7c15132
2026-02-05T13:00:09Z,Dang_EE_,account.f6e76318ab034d928b48e8d61f2862c1
2026-02-05T12:34:06Z,O2DAC,account.a161454727ce476e9b42a8b1aa52a41a
2026-02-05T12:34:06Z,sooot3,account.ba334a9abd0c411fa1dce2cdb6893824
2026-02-05T12:34:06Z,Silver_Day93,account.ef173b179cd643cdbc1b4e848b8228e4
2026-02-05T12:34:06Z,eunsub96,account.deca09f609844531856cef1ad25dc2a6
2026-02-05T12:34:06Z,Brook-_-S,account.11d32b7de831405281861221f067d050
2026-02-05T12:34:06Z,5G90000-,account.88bf200e9a33447186bd6cc156175a6d
2026-02-05T12:34:06Z,go_chu94,account.7bbd188931b34446810c88aaebe34948
2026-02-05T12:34:06Z,Extreamsport,account.0a98125c50534137b6a7a98d88917ab8
2026-02-05T12:34:06Z,hongjin-_-z,account.b5cd3330c44f47be98dac75d772a990e
2026-02-05T12:34:06Z,kang024,account.69c880d854044c6b974c4145dc740d3e
2026-02-05T12:34:06Z,serizawa1998,account.9134388875b54abe9b31590fd5be9d7e
2026-02-05T12:34:06Z,Ns_Chan,account.c37968bdb4ac4dc29e8c76bf26f8b8cb
2026-02-05T12:34:06Z,DaeHun12a,account.7f88510230d84f82b54d3a93de92f15e
2026-02-05T12:34:06Z,o_s_a_z,account.c6eb7600e58a4c2eb9f1a052a1458906
2026-02-05T12:34:06Z,byeol_o_o2,account.f0e24bc935ac43e2b55c4e1e214b4505
2026-02-05T12:34:06Z,95seunghak,account.88e5d06b386e4dfaa27af513cd8a6b75
2026-02-05T12:34:06Z,Young_Thirty_Y3T,account.dc2d128bacba4e9c8b6d538286c65f7a
2026-02-05T12:34:06Z,Manjolly,account.ed4aa989e2bf4ccb84e9350d5a0cbd65
2026-02-05T12:34:06Z,juk_ja,account.54f92678da9b44cdbc362ba3382d8798
2026-02-05T12:34:06Z,thirties,account.2eab170d8b5b4e58b07e9f4f109d9984
2026-02-05T12:34:06Z,ChangSik--,account.32fd414a4c0e40c3a751dbf143c45f57
2026-02-05T12:34:06Z,wlsdnrdldi,account.373d5c76ca334c78a7f145108e26056e
2026-02-05T12:34:06Z,MFA_KING,account.43c337b53dff4ff2a257de436c6297cc
2026-02-05T12:34:06Z,TAG_wpfflwhgdk,account.8bf1891d8268444084c615a246b8ec94
2026-02-05T12:34:06Z,Nyang2NeonYaong,account.69671b58fd3b4001b12b68b7916a661e
2026-02-05T12:34:06Z,MalrangDooBoo,account.4a1fa9de3eaa4bd78e90d3c274d86028
2026-02-05T12:34:06Z,Newgate-_-E,account.aaea393e795049d296f8615ccf9a6613
2026-02-05T12:34:06Z,GOYOUNSO,account.1f2be0724a84437b9b828d8421ced779
2026-02-05T12:34:06Z,UIUIUIUIUIUIUIII,account.ad8000f54986400b9630bf9122fc3438
2026-02-05T12:34:06Z,7lack,account.68a64882a3d4474cb86144909a911489
2026-02-05T12:34:06Z,chosungmoo,account.19f16ece87874608b28b3747394ad23b
2026-02-05T12:34:06Z,DB_hoxy,account.4c75daafc6cb4df585f9bb29c88cd634
2026-02-05T12:34:06Z,AchieveO2,account.fc8627852f7d4d10b308c8c5bcefdafb
2026-02-05T12:34:06Z,kunyoungjaji,account.d8af968dbd7343a094a77c23eede38e1
2026-02-05T12:34:06Z,Young_Thirty_Hun,account.d76b12f3f3634de1a75f22e09756785d
2026-02-05T12:34:06Z,dark_kan,account.73b48c6e91d8432cb888b2d99decdc7a
2026-02-05T12:34:06Z,EUNGU_K,account.3d2ef787a73140e2bff43d41a52e9a02
2026-02-05T12:34:06Z,alsrbwlgl,account.d3331cba8d444732acf95b096a9e996f
2026-02-05T12:34:06Z,hbJeon,account.065698d515804aee989f5a12068d38bc
2026-02-05T12:34:06Z,Nada10sgiya,account.6d96ebd51da3400e87e253136d4ff6fc
2026-02-05T12:34:06Z,m0nkey-D-d0ohan,account.5ee6967b15f5422c946faacb47bbb8e6
2026-02-05T12:34:06Z,16-70002242,account.de567d13a1c149dab9ded1b277d28139
2026-02-05T12:34:06Z,Chi_wa_wang,account.fc63288c67e44465884411953a22b4d1
2026-02-05T12:34:06Z,U_Ryoon,account.6321028c924344189ebde949c2621428
2026-02-05T12:34:06Z,DAN_doo_,account.612b502773844adb95c7a7d89a36a483
2026-02-05T12:34:06Z,Gz_Space,account.29720152b9e544029a4a1f4549f146ab
2026-02-05T12:34:06Z,BAT_T0T,account.e1ad0dd0a8414647aaa48e4679208ee9
2026-02-05T12:34:06Z,Xuxxy_188,account.f2e6be87a32b4dd7b821af2621c14eb4
2026-02-05T12:34:06Z,ETG_GGUL-DANJI,account.bebee03c57a44e35a99cc388b23153b7
2026-02-05T12:34:06Z,Rainbow_Zone,account.2868a4c39c4b45ca9e9dba125fd9723b
2026-02-05T12:34:06Z,Girls_Sale,account.8d7f0d6cc90e42e58bfd4a2ce019833e
2026-02-05T12:34:06Z,SKL_Tarts,account.a64e3cf171cb4350ad7b8b3ab12bdd1a
2026-02-05T12:34:06Z,VIP_KSJ,account.b22cc841e49749aa8a5c9ea1aebb4843
2026-02-05T12:34:06Z,GuntaKim,account.5bf66c9b20b94489844b42a20e55b52e
2026-02-05T12:09:40Z,TM_moonlight,account.6e6d6c65e2f14470a56a3c39b7f0165c
2026-02-05T12:09:40Z,TM_DG97,account.598393bd416b4723bc15bb13b7181f59
2026-02-05T12:09:40Z,wkdgns19,account.b5000dca8a1d488e9341c9ef92a9e48c
2026-02-05T12:09:40Z,oz-__-zo,account.68d8f28dfb6b4707b0f47b816cda47cb
2026-02-05T12:09:40Z,immseok,account.8871a24b6bfd485484401fa3628cec57
2026-02-05T12:09:40Z,R_Performante,account.12c4b5e26e594960b7a96a2c810bce2e
2026-02-05T12:09:40Z,Gee_-_Kong,account.8db30ac5bb664f17ad65d93395deba22
2026-02-05T12:09:40Z,KaNg0424,account.1822604926a34efd9151cd1abd7450ad
2026-02-05T12:09:40Z,joo_no5999,account.733b52408b85483bbbf4e795ef15652d
2026-02-05T12:09:40Z,N1ceTryDude,account.b95bb0db06de43018e1ac0d5b0b10c38
2026-02-05T12:09:40Z,eoni0,account.a193967afe224513a0c83896196c418f
2026-02-05T12:09:40Z,Buffalo_ROLEX,account.1b085ba3090f4663ab6f09cd8fd5f860
2026-02-05T12:09:40Z,JUNGBANGDONG,account.a506e705f3cb4e7489f31ca15282f73a
2026-02-05T12:09:40Z,hanpolnak_18,account.27413e2d7af547ce8579f83e5314765a
2026-02-05T12:09:40Z,iCanTDoZat,account.2dfbcdf6fb224ff3a654a31685948d0f
2026-02-05T12:09:40Z,vtVanquisher,account.78bcca3a2b9d46a3b21301213f5366ac
2026-02-05T12:09:40Z,dnsql0527,account.49ca607d8eb341a79fddf7b73eed0778
2026-02-05T12:09:40Z,hwwaanni,account.ab6c78869f25479db7e5646f3ddb39d0
2026-02-05T12:09:40Z,Angel_Youn,account.8656cae808114cd9a9ed73a0adf4799e
2026-02-05T12:09:40Z,jae_hwan1,account.14e2e4ed504048e9af7b10a0a722c08b
2026-02-05T12:09:40Z,hwangkeydokey,account.0d5f74454d3f4f58a10f0d64e1a30c60
2026-02-05T12:09:40Z,prison_41,account.5e3d4691ecf94cf2bd3853599c76b0c9
2026-02-05T12:09:40Z,Moon_2456,account.cae1dbd8280b41839cadaf786b6b7424
2026-02-05T12:09:40Z,heecheolE,account.90416f8d0c0c4829bd8ac04886fc50b4
2026-02-05T12:09:40Z,Mang_Baksa,account.380213c3cc264a61aaee76089910f992
2026-02-05T12:09:40Z,Dalbong___mom,account.4bf786d411764050b9836141d61456c8
2026-02-05T12:09:40Z,yeopseungyeop,account.4b4b152a01b945fcb933642abaaefb7e
2026-02-05T12:09:40Z,063831,account.43424fd53d724f759f2c011993bcc5e6
2026-02-05T12:09:40Z,superpigheewon,account.f8e046c5270646058195e7b4909571b3
2026-02-05T12:09:40Z,lllllllllll-_-_-,account.43323c62b1fc432096fc9cc6837c53fd
2026-02-05T12:09:40Z,psm3846,account.1b1d41e2cca94166be110a28bdc5aad2
2026-02-05T12:09:40Z,ohaeun,account.976511727d874438902b956f8c26e0a4
2026-02-05T12:09:40Z,H_C96,account.55d39662a7ee4440bf25913d130d679f
2026-02-05T12:09:40Z,Changchen-666,account.3f0220f2547d4d70b8f969c32da558dc
2026-02-05T12:09:40Z,5ton_crane,account.81a01b3394a04ca19c67c60cb8be16dc
2026-02-05T12:09:40Z,HURU0120,account.ebe1a9f5f6a94faca1882f552be833a3
2026-02-05T12:09:40Z,dlwjdduq_zj,account.601a1a53380e4b3fbb87850e9626e5d0
2026-02-05T12:09:40Z,Yukiking-3-,account.d48ed82bbcd945aea5c09742ac389a14
2026-02-05T12:09:40Z,4586704,account.bde6df286f1e4b7b84fb895cd12ef54c
2026-02-05T12:09:40Z,PFMC_V,account.54bd665da074439ea9004e7c86fe1e74
2026-02-05T12:09:40Z,Tlqkfganghoon,account.bd9387be12034503b4d9c1a0a9803a25
2026-02-05T12:09:40Z,imseoo,account.8c8cfd488184437fa205e90a2bd42834
2026-02-05T12:09:40Z,Erangel_DDR,account.838e3b6c75484efe9e6ee1000745ac42
2026-02-05T12:09:40Z,3-hi-hi-hi,account.665dee1b0d0c410e906e944523601850
2026-02-05T12:09:40Z,BlackBork,account.7e34f6ac71ae4ac49a681b21ce26cac8
2026-02-05T12:09:40Z,tmdqls17,account.15f25d58d2de400fb2d568d9e3aa100e
2026-02-05T12:09:40Z,ohnimani,account.2f53984c18a94f9194f05e3ac6bf93a7
2026-02-05T12:09:40Z,k_-TAB,account.33de4a85a73d48a8aeee441fc3f18ae3
2026-02-05T12:09:40Z,eocjsboss,account.ef2a410aa4b841eda01ca0b059f34607
2026-02-05T12:09:40Z,MP1855,account.0554a281c88c4701b9903edc92f1133e
2026-02-05T12:09:40Z,chc9739,account.65c42afe5d2d4bc7927b5b8784ffc0ba
2026-02-05T12:09:40Z,HWSG,account.305043bfff1243e199750a295e1f0f7c
2026-02-05T12:09:40Z,INX_Serendi,account.85edc94072864942aba5720526133578
2026-02-05T12:09:40Z,gsdafw,account.dae72b3813524b7dba8604efdb6149c7
2026-02-05T12:00:18Z,JIRO_POWER,account.2ab7f339136a408a9930df7e85038685
2026-02-05T12:00:18Z,AhnBulJung,account.cab3dd4004454a31980950b031bc85a7
2026-02-05T12:00:18Z,Honmono124,account.8fe43631a56247f1877e282f85976b67
2026-02-05T12:00:18Z,ddori_1119,account.3462bc7852ef4cd1b698378a4d028b28
2026-02-05T12:00:18Z,Gamma_JxNx-_-,account.5b361a22db2d4a68ab169443498fa068
2026-02-05T12:00:18Z,su_dal_cong,account.eae47af8a331480780a8abda517b2fc2
2026-02-05T12:00:18Z,IIIITcTIIII,account.9ae9104b3c2444db91759d57954ef958
2026-02-05T12:00:18Z,Korea_Tiger86,account.572b7a39f31d414b8b95358258eb6fcc
2026-02-05T12:00:18Z,Grooming_Miyu,account.430d40ee44694f1093b7e97aae97f8bf
2026-02-05T12:00:18Z,Uno_3,account.091682b419a1416e897203cd08fd78e5
2026-02-05T12:00:18Z,G63OWNER,account.018fa698c4cd405c8b15ddb67b0644ec
2026-02-05T12:00:18Z,Ru1a_,account.4ab0dcbbfd8d44c9ac8cf2e46e365352
2026-02-05T12:00:18Z,wtq4194,account.8524dba24f3f432e9edbcd702ab2ef15
2026-02-05T12:00:18Z,gocotm,account.72cc1d3ef9494134ad789fececba828a
2026-02-05T12:00:18Z,AWMGUY,account.b5dba96c44a84551a23a5a1d7513f9ce
2026-02-05T12:00:18Z,Hongkkai,account.f13ad6e8c0974429a8455a875fc1da4d
2026-02-05T12:00:18Z,SGB_M96,account.cc9064b474af4d2abd06669dc360cc76
2026-02-05T12:00:18Z,dbdudqls12,account.9b189b0796ad4147b5f74a5797db7132
2026-02-05T12:00:18Z,For_taekwondo,account.df180b36a14248ef88c1f364bc4f0ca3
2026-02-05T12:00:18Z,Ayjer,account.9b79b855d83a454482d0a89a0ffb2b79
2026-02-05T12:00:18Z,sumixyeonbin,account.c332436ec0f4447197ed17b12102af79
2026-02-05T12:00:18Z,parsing,account.2266598efdd649d7950262a78d20e4a6
2026-02-05T12:00:18Z,snowdsa31,account.eebc2149d8bd4c2f8c8cb38aec93cf3f
2026-02-05T12:00:18Z,loveisloveis,account.386e197752bc4afebc257850bcc056f6
2026-02-05T12:00:18Z,kingka123123,account.6dc0b5b379304c2db0b7e1ce61868bcf
2026-02-05T12:00:18Z,sori756,account.3ccb32993efe42c29dbdb6a51648ad19
2026-02-05T12:00:18Z,WaB_SONI,account.3bc82e2da8d04b1aa57822dbc326ccb7
2026-02-05T12:00:18Z,mins_s,account.976bbc9484d8469899f39016aa43ab9e
2026-02-05T12:00:18Z,kupbest,account.5e2e10af0c144bb280c1bc64561c013b
2026-02-05T12:00:18Z,BLC_JinStone,account.5e2a6f0c64644aecbef5745e45a07083
2026-02-05T12:00:18Z,WCS_SuN,account.5c5b42e173a149f4bb2d4c1061ca6332
2026-02-05T12:00:18Z,ilillllililllill,account.8211eebc9aff423189e3f42679f62b79
2026-02-05T12:00:18Z,david-noh,account.4f81158c7c36424a96aea9b70db0befd
2026-02-05T12:00:18Z,For_MIMI,account.a932f769e7ee4ac5b91e988fdf91624d
2026-02-05T12:00:18Z,XD_OwO,account.6bf1fb5d0283429bba5bfb7c879c60e4
2026-02-05T12:00:18Z,rindabin,account.20f94c9e0a404de184411764c309c2c8
2026-02-05T12:00:18Z,yanus73,account.694b7866631648c5ad1d836de0dd4758
2026-02-05T12:00:18Z,IAMKK0MA,account.d53fb2eb2c5943aebe976b8948d46b9e
2026-02-05T12:00:18Z,STUSSYxSUPREME,account.4424630df1b94e25b3c0e447a9efb38f
2026-02-05T12:00:18Z,Qrrr-_-,account.cbe5eeb04864425893a9dc66584790d7
2026-02-05T12:00:18Z,WCS_-MoOn,account.0b6a3bbb529945a694ed6cd81302bdf5
2026-02-05T12:00:18Z,0rzlz6,account.c3e9d676bcca498e8645ab84837e7780
2026-02-05T12:00:18Z,midastouch_g,account.cf5bd1593fd8402da2b27ee955e7b761
2026-02-05T12:00:18Z,WCS_watergun,account.dd748f36b4614d539ea2d5384542d939
2026-02-05T12:00:18Z,tkftkfgkfRp,account.5a6da735e32f45f5b0e8e43a70618932
2026-02-05T12:00:18Z,jungsang_In_S2,account.5171c120434442388ed2d0996e849db6
2026-02-05T12:00:18Z,BLC_109,account.26c77719b77d4fd6a899a6c362353e4c
2026-02-05T11:38:24Z,insaeng-sswdago,account.d5006253833c4df088dbfea953ed6278
2026-02-05T11:38:24Z,style_han,account.5652d8f31b5549c087b51c0f96c0e7de
2026-02-05T11:38:24Z,CBJ_ClanMozip,account.11ecbc02f8594deca1325c9660becd98
2026-02-05T11:38:24Z,Do__Bro,account.1f0a710d5f424633b3afa8d289e339e7
2026-02-05T11:38:24Z,ukiki-ukiki,account.b58146b71e2846518223dfb6cadb44a8
2026-02-05T11:38:24Z,Zin_new,account.edbaf1483c4b4f23a506f72ec5256826
2026-02-05T11:38:24Z,INX_Technologia,account.c778135b7b70449daec712cb914acfaa
2026-02-05T11:38:24Z,GGaMang2_2,account.d09009a00ae2460c82faa3c9b8e69083
2026-02-05T11:38:24Z,FREE_nyong,account.fdbaf316a9cf4cd58e3d57ab14771ac2
2026-02-05T11:38:24Z,Peanut_Har,account.24fc5173df544e4aba0fb6cfd43d064d
2026-02-05T11:38:24Z,JsCrEdIt,account.0379bf9b25ff4f6e820df171ff0d7370
2026-02-05T11:38:24Z,Tsunsin,account.b73060780b374addaa3ce09a7bdd2b22
2026-02-05T11:38:24Z,UZI_hm,account.a8ac39ce2d2e4cf6983470d5c5396411
2026-02-05T11:38:24Z,INX_GON,account.f5c944331ac74ea4b166a7d9a606d8ab
2026-02-05T11:38:24Z,ryoikitenkai_-,account.94495d6ab7624faf8be38f90e78c0edf
2026-02-05T11:38:24Z,Berry-_-a,account.347b562e79f44361a67b9dd4813d1d0d
2026-02-05T11:38:24Z,httpwwwChromecom,account.f8d56da9e9da47ea95d8517b4b3641a6
2026-02-05T11:38:24Z,Dalppl_,account.846a755ca1eb4264adb696439ee9e077
2026-02-05T11:38:24Z,machine_xxxx,account.9222fffe24594e95a74562d3e5b106aa
2026-02-05T11:38:24Z,machine_7777,account.d422436f68ef4c87a4cc477e0bb3e5c9
2026-02-05T11:38:24Z,Siwol_1042,account.a696c55b33174d9e92a40b3b8ab0bbbd
2026-02-05T11:38:24Z,KR_handsomeguy_,account.60da2387115d4187b6c6b2026e7d7b04
2026-02-05T11:38:24Z,INX_CXXN,account.fee44509ca354156b1e9a715a49012be
2026-02-05T11:38:24Z,kmc4393,account.38cc6c9f04ba42138808f461acd87cb3
2026-02-05T11:38:24Z,Web_lyl,account.74b3ddc7de134e2b8ea48c0c7ef79af0
2026-02-05T11:38:24Z,kiri5801,account.912ec42389f44bb2a138c63124246ad0
2026-02-05T11:38:24Z,St_Lane,account.52ad2c3701874cbaaa1240ef9844b9e8
2026-02-05T11:38:24Z,CBJ_REDZONE,account.2996efde7ee34d5a8580df57453f52a1
2026-02-05T11:38:24Z,Jaechi_KR,account.ee0ae90996b34ec0bf96aa164f852c3a
2026-02-05T11:38:24Z,kycjj78,account.baee81ad79534f63b2bcf74c5660214f
2026-02-05T11:38:24Z,1997_jg,account.d3f51264e69043d089471889992352f3
2026-02-05T11:38:24Z,SSEEXXGOD,account.f24185ec583649a69dab2cfd844e057b
2026-02-05T11:38:24Z,kimgwangjun,account.1d4f9e5923d445e481a08eaa077b71be
2026-02-05T11:38:24Z,machine_fuxkyou,account.6a22df1bf6034808a20c10f8f7229123
2026-02-05T11:38:24Z,Cassiopeia_Jun,account.b9b6c57c91b94cffa17c263015a1640e
2026-02-05T11:38:24Z,Hello_intz,account.1eb0c4fbf98d40dcb8f7648634d14517
2026-02-05T11:38:24Z,s1595,account.059cf0d3dc17440883369655ce6ec306
2026-02-05T11:38:24Z,dalchi_00,account.40cc0ac6108f457c893a8863ad385312
2026-02-05T11:38:24Z,666519,account.f0a3740529e24c8885f7608479517178
2026-02-05T11:38:24Z,Qkdeoddlakswuwh,account.bd885f1494614490b6e33fde690911ed
2026-02-05T11:38:24Z,767890,account.a040f5cc230940faa879968e454bd2af
2026-02-05T11:38:24Z,INX_XXX,account.8e07633adc2c4764ab7e3baf513085d3
2026-02-05T11:38:24Z,DOOOSS,account.02f2b5da2dfb48fa885c81bd5d00474b
2026-02-05T11:38:24Z,DA_Dalha,account.5871ce5076994e98a9c8a3f4514a0503
2026-02-05T11:33:28Z,jmboy_kr,account.11db4b0a434b4a8383de8a3f3e4412d5
2026-02-05T11:33:28Z,playHOHO,account.f82b0a9e055b4ad19260c90b72a126d8
2026-02-05T11:33:28Z,SkT_DDDD,account.887454489a1e407d978a6548b3346f9c
2026-02-05T11:33:28Z,gamaggra,account.8d6f6ffdd16e48738863d279dd99166c
2026-02-05T11:33:28Z,GoVo_Karina,account.9b1230fa357b4279901ec8a4389751a2
2026-02-05T11:33:28Z,po_po_r,account.7f8b9266088440deb121448e937f59e9
2026-02-05T11:33:28Z,dfjsldfiscdgasdg,account.6b112669c12d4fe6923a38fbcd413bb1
2026-02-05T11:33:28Z,asdfzxcv456,account.6c081e19228b44e58378d51606e1e361
2026-02-05T11:33:28Z,Kidney_bean1,account.a61a490ac66b4aabb66eb8f8fa7247fb
2026-02-05T11:33:28Z,VR_TOTORI,account.1475d7363f0c482f865788289412983d
2026-02-05T11:33:28Z,DoYouKnowMuk,account.9a1ec1da51844328b7e35e681d3d64f3
2026-02-05T11:33:28Z,Axe-B,account.dfb428f4dd3c4e0eb5640aecf6606648
2026-02-05T11:33:28Z,hhhh_04,account.901ef73ef53d49acbed6e290784d6aa9
2026-02-05T11:33:28Z,GoVo_MINONIX,account.d5103bcdc1f543248bb5989819c0d94b
2026-02-05T11:33:28Z,RKD_DOL,account.2c3061d355a942dc85b46c97a7f6cea3
2026-02-05T11:33:28Z,2548966,account.d5a3ccf0e63b4feca17c7594bcad055f
2026-02-05T11:33:28Z,YAMI_TTUKBUL,account.adb3fe19044a4c22838a8a832277d403
2026-02-05T11:33:28Z,13781005,account.8f65d69b3f544f8d85a26fce98965823
2026-02-05T11:33:28Z,GoVoPINGJI,account.a7c55495aa694c529035383b10769a59
2026-02-05T11:33:28Z,AXIBAL_Cut,account.027540597e0a4735b3364f942ec53bc3
2026-02-05T11:33:28Z,HO_ingS2,account.c7defa8f061d4688927b2858e4d36ff5
2026-02-05T11:33:28Z,M249-_-Boy,account.d04e0e26de314535a4d892584fdd6075
2026-02-05T11:33:28Z,BULBBADDA_LOTTO,account.4f4e3653c404424eac4356dd168779e4
2026-02-05T11:33:28Z,Magnet21,account.b19871487b7d404dbc73a16bdb13ddf8
2026-02-05T11:33:28Z,Mk14_sin,account.927bde2a97834097b15afb13bf137a49
2026-02-05T11:33:28Z,OPPA_PRIME,account.e5449de9c31b44d996cc40478aeda668
2026-02-05T11:33:28Z,Axe-H,account.c168ef5293014d59ab744411e979d3c5
2026-02-05T11:33:28Z,SaSukeeeeh,account.aff3ad87a7084f30acf47bd3d4b87788
2026-02-05T11:33:28Z,GOGOGOGOGOO_,account.2ac8eb81e06449498626210169db8020
2026-02-05T11:33:28Z,6bong_1,account.0615fda916d943458d93086e4047aecc
2026-02-05T11:33:28Z,GoVo_ZZiZZi,account.b95e328d5b9b4dfda4a99cef0c526f25
2026-02-05T11:33:28Z,GirlCrush_Yeon_,account.f8969603010d4a3f8b40f2811c419d4a
2026-02-05T11:33:28Z,POWER-SKY,account.79d404b0d65e439f8708dde937ab0b15
2026-02-05T11:33:28Z,jayp95,account.bb89413423364456bf0dbe9eadacfd00
2026-02-05T11:33:28Z,DIC_XXXXD,account.8925905c626442da9fa21e5748b9688f
2026-02-05T11:33:28Z,bigupinggu,account.9147dd62be8740e4aff0ef39fd8490b7
2026-02-05T11:33:28Z,ENFP_Henbo_-,account.bcbc62ef999c4a748036d91b03e975ef
2026-02-05T11:33:28Z,LMNOP_AFROGANDA,account.7eecc793f2774bdf93541f58061deb76
2026-02-05T11:10:04Z,M416_JSP,account.31505419fae24fe18799220a34d9e5ac
2026-02-05T11:10:04Z,Oni_Doyu,account.87b427e6d5834ba188127ea9ec69c475
2026-02-05T11:10:04Z,sok-bo,account.f6a453e5fcab4af1b3ce49a12ee8471e
2026-02-05T11:10:04Z,whituna,account.51c66b0371574bb7ba8d78da406a4b29
2026-02-05T11:10:04Z,FUXXXXING_HOTBOY,account.5f9ca174b3944c2da576af5b94bd8c15
2026-02-05T11:10:04Z,dlwpejr123,account.875cc193e76646ada49a2dc17e508045
2026-02-05T11:10:04Z,yyn_s,account.c99de26ed3fd41ad8e5209d86670bb4b
2026-02-05T11:10:04Z,HTD_Wu-_-,account.5a0f6e9ebb28472ab05264dc51765bba
2026-02-05T11:10:04Z,b_ukky,account.deffc2c8d0834a82b17aa6724a8fdf21
2026-02-05T11:10:04Z,Sawedged-Perch,account.4376a36bc10c40fba20432da21fd0b96
2026-02-05T11:10:04Z,13739373,account.1bfc34ccd5d64f25a69789308160e052
2026-02-05T11:10:04Z,sangminlove,account.ce7121efeb2549418d128b43d628d0e0
2026-02-05T11:10:04Z,suing-_-,account.c439646479364c35853df034341db330
2026-02-05T11:10:04Z,DG95-_,account.1f341be26aa04cc38759361e360246ab
2026-02-05T11:10:04Z,sky_ti,account.58c07e20fcad455ca44e101a214416b4
2026-02-05T11:10:04Z,llilliiiillilll,account.c5d28ec3f85a44558d8ff6445f78d74a
2026-02-05T11:10:04Z,X4_XXXXXXXXXXXXX,account.f0396997e68b4609bba7ceeda9974dc0
2026-02-05T11:10:04Z,UG_ONE,account.fcdbbdf65b0f488eb163dca328e05ec3
2026-02-05T11:10:04Z,HellJ0SUN,account.51690b1944644f11b52404b9dee39f3f
2026-02-05T11:10:04Z,SIWU_KOR,account.5b492ca93d7540e0ab62fc005812dab7
2026-02-05T11:10:04Z,Queen_vely,account.687dd12d37f7402f98f1b841d904a1dc
2026-02-05T11:10:04Z,IIllllllIlIllll,account.7ec26af558a2475692219994c9f1ee10
2026-02-05T11:10:04Z,Merlles_,account.49aedd270788451bb5f55c2ec79cd4da
2026-02-05T11:10:04Z,nnmmnnm_,account.dcc47cc6659a418582d1ba1b22d73a51
2026-02-05T11:10:04Z,RAMHAE,account.fa6da23c2efc47f7aeb48e6ddf603573
2026-02-05T11:10:04Z,Ahri_Star-,account.d4b1afec301549ffa38f63f1fea02893
2026-02-05T11:10:04Z,sevensixfivekilo,account.7bdb7a171ea3449f881cc8be6a7bb62c
2026-02-05T11:10:04Z,HTD_hachuping-_-,account.0ad5882456ea412ba25323a62aa9fa4a
2026-02-05T11:10:04Z,IlllIllllIl-_-,account.76fb10e9212e4eefbb99cacd398f02a3
2026-02-05T11:10:04Z,RAVAGER_DD,account.aef059f01f994ef780b93df255b8a618
2026-02-05T11:10:04Z,gok__s,account.f286975831c0445591bc5b9128d466fc
2026-02-05T11:10:04Z,doctorbeat,account.c6f4a9208ade4217901433f9a0f15a17
2026-02-05T11:10:04Z,supernggma,account.fba4557b38b0438db998fd04bb24f456
2026-02-05T10:38:35Z,SIS_Tom,account.9270e4d3f169475fb2749d865d0c24ae
2026-02-05T10:38:35Z,Ohjin_1,account.02ce1dd575d04f56b49e8a7060da0c66
2026-02-05T10:38:35Z,IKA_Jw98,account.ec5b85a992b941e68c549b35d1ce07f8
2026-02-05T10:38:35Z,MUKE_7,account.23dcad53b9314c6aaf632ea0ea13c43f
2026-02-05T10:38:35Z,Cross_bowww,account.1ef4e19f2c3c4859aa5621024bba16df
2026-02-05T10:38:35Z,jjeoli96,account.7acd9c23e4404d4486de867a7f1530ae
2026-02-05T10:38:35Z,Geun_94,account.ac8c2f106df74975b30cc30250645537
2026-02-05T10:38:35Z,jes2,account.0a22696519c7417cbab14372c514d0c8
2026-02-05T10:38:35Z,justinAN08,account.86ad82477f4540f19da86f56b60f1fdd
2026-02-05T10:38:35Z,HeartKoong,account.df5e267372e2417d8a60b0b534dd693f
2026-02-05T10:38:35Z,spel9999,account.3704071d13094d13ab245acbfcc9dca9
2026-02-05T10:38:35Z,SexyRaccoon_,account.fcc6e99eb75d40d2bb710b3bdf7d4a91
2026-02-05T10:38:35Z,minjun4316,account.bfb223d3f9454a9b9e9a604b8274eb58
2026-02-05T10:38:35Z,SIS_GOAT,account.9eede065479349869c0c36c74f5509c9
2026-02-05T10:38:35Z,GuT_BBang,account.b3401799d27f42bc94cc19f442ecb427
2026-02-05T10:38:35Z,DDAAAAAAB_,account.5ee7911c87ac40c19cf1ef0887fd93fc
2026-02-05T10:38:35Z,RomaBoy_,account.50b401c0b7654076a2ca328e71a5de67
2026-02-05T10:38:35Z,JMT_Chilltaeng,account.6271851b6ad4434396f59ffe2f81f5c5
2026-02-05T10:38:35Z,KoreaWATERR,account.696093b8b5024a3fa77fc1a4eb5fa8ee
2026-02-05T10:38:35Z,gukingukin1024,account.56238f68d43c48a4a11ef76984d9e3bc
2026-02-05T10:38:35Z,IKA_Hs98,account.6960384d50104a098cac3e181d9e664a
2026-02-05T10:38:35Z,DnK_J,account.0fd8c12f4c28400196357d236e4737be
2026-02-05T10:38:35Z,GANZI_JG,account.4f70b7c40c2141cfa11085c395c7bd8a
2026-02-05T10:38:35Z,JMT_GoDtaeng,account.50f139378ede43dd8adb20976b19412e
2026-02-05T10:38:35Z,Dae_line,account.483e09986fb34df5843730a73c2b8ad5
2026-02-05T10:38:35Z,AFTV_ParkHyun,account.6b51e2521b2d4e9da16b88586f1a82ca
2026-02-05T10:38:35Z,SIS_Jerry,account.efa8765850844bf49cc277cf9549c6ae
2026-02-05T10:38:35Z,Esteban_XXX,account.37ae237620414308a4d6df9194c5dd51
2026-02-05T10:38:35Z,Surferrr,account.1aa146f022494deda16b8b55d4d42a97
2026-02-05T10:38:35Z,hyoja-lee,account.7fe299326182441295f6f59a126762b3
2026-02-05T10:38:35Z,kimchi_7633,account.65296f8d646843de82f087107367d248
2026-02-05T10:38:35Z,KGBranDewijn,account.e8a803cd999b43ffbe206f4a7b298ef5
2026-02-05T10:38:35Z,SIS_MIUMIU,account.2aba2c257d804b989b128ea3f7ee3ae6
2026-02-05T10:38:35Z,0_0sky,account.ad9a3773aa5a42f6b515056c99e3d7b7
2026-02-05T10:38:35Z,Lockdown-Twinkle,account.4fe78d76323b4804a7f0c62e7e27106d
2026-02-05T10:38:35Z,southkingsu,account.51091cc6019f4d8e9832d5c6ef37e1f7
2026-02-05T10:38:35Z,hs_vely,account.df954a33c8e54ed5bfb95cd07865b91e
2026-02-05T10:38:35Z,Hwang-ganji,account.6187ec7368e641e0a63bda08068f60ce
2026-02-05T10:38:35Z,taewontae,account.a98c5bab6aba4ec19f155c098b00d51f
2026-02-05T10:38:35Z,F64_MAE,account.134b27af554348369d348c3f990e3d21
2026-02-05T10:33:35Z,GT_ZzoA,account.f685416777444738a3a585b5dd7159a4
2026-02-05T10:33:35Z,WG_Hchan,account.ad0ab1acd7c5441eb298e4565f983528
2026-02-05T10:33:35Z,WG_GimBap,account.6af0786085894cdbbeace689201951fb
2026-02-05T10:33:35Z,OTLASU,account.6d39aa0b2adf4161a326d79bc15d4c2c
2026-02-05T10:33:35Z,wages1124,account.9253f094204949d7a5ab0aa1b49e6228
2026-02-05T10:33:35Z,WG_DaramG,account.9edc34fa80fa411f90af1f6fb00ae8e8
2026-02-05T10:33:35Z,No_bility,account.a5da3eb635ab432792e5ab85c23c4278
2026-02-05T10:33:35Z,Thaumato_KDH,account.b8d6c11eec3f4676a14f28f13a65e439
2026-02-05T10:33:35Z,suuuunyX_X,account.12c5b7f6353b487bb5ba32f288cebe65
2026-02-05T10:33:35Z,Ez_Thswm2,account.2c2fdca5b4d540969e59bf7f2998a565
2026-02-05T10:33:35Z,MAZINOASU,account.a69165cba346467fb764c2ad4e4822a8
2026-02-05T10:33:35Z,SG_ACEh_en,account.ed1739cf0a3f4722a882802a908b4f91
2026-02-05T10:33:35Z,GOAT_9vs1,account.dd65190e1df94cd184c1ed8247c4fbc9
2026-02-05T10:33:35Z,senaepu,account.498bd5608e284fee875844382027c59c
2026-02-05T10:33:35Z,BLUECHIPDELETE,account.28f3ce609a674859b4bd5e5015f5270e
2026-02-05T10:33:35Z,Dragon__lll,account.7b8fcf3fd82e4455b158603624b17fda
2026-02-05T10:33:35Z,wncks3312,account.191eed169a794af7ad899139d249a3b3
2026-02-05T10:33:35Z,New-__-Bee,account.e90fc628ae3c4d79a3cf5390a386f7d2
2026-02-05T10:33:35Z,hoduya1004,account.0775f1173fa345d5bd2d83e48b9a30ad
2026-02-05T10:33:35Z,MALF-1,account.de50e23c1ad84743b663272b559972f3
2026-02-05T10:33:35Z,HoneyRuby,account.458544ec6e674081bd55be403486fabd
2026-02-05T10:33:35Z,WG_Baeng,account.2c1e443b043e419eabb29b6a99784463
2026-02-05T10:33:35Z,Safe_Zyubly,account.e93ced6e6fdb478a85cf64997784b0cd
2026-02-05T10:33:35Z,Ez_GGulBaM,account.3563a0abb47f4d7988902c304a8135d6
2026-02-05T10:33:35Z,XIII_ST9O,account.f225a86b57b84fccb2b91642be141994
2026-02-05T10:33:35Z,ppoya83,account.9a0900a770a2410b86f0476b097b387b
2026-02-05T10:33:35Z,Gz_say,account.718bb44ab4ba4bcdbb9941a544413e27
2026-02-05T10:33:35Z,HYOBIN____,account.e9cb75877c2c45fb8bce87ccb33df936
2026-02-05T10:33:35Z,Gz_Sina,account.5ef58dd28aa24c7eae61b2cf958df3fb
2026-02-05T10:11:52Z,suuuuuuuuuuuun,account.12cd4bbd144d4d81b9c3cc09dadb7abe
2026-02-05T10:11:52Z,cute_bomin,account.a8152e4425fc4fd49ba9635f6e417960
2026-02-05T10:11:52Z,x_Chu-_-Chu_x,account.fea55aac24f54fbd9e4fb68d2f3458b0
2026-02-05T10:11:52Z,hiya-,account.b22d7ef733b44a438e22e2fa865d1a90
2026-02-05T10:11:52Z,Sunglitter0_0,account.522c7bc00cfc4af88e42326fb2942435
2026-02-05T10:11:52Z,i888888888k,account.b9283957bfac4b11be58b2296e5d2134
2026-02-05T10:11:52Z,ZZiaeNYAM,account.5244f1dbb42044be841513aba30cabd4
2026-02-05T10:11:52Z,TocTocTocToc-,account.454466bff9a84aef9fa02850dda0815f
2026-02-05T10:11:52Z,MinToc-,account.2d8f276285904086be36e917001d2405
2026-02-05T10:11:52Z,JuNBEE-_-,account.59fbe8b595c84f8bb36ea9fa6c4cae1b
2026-02-05T10:11:52Z,coltseverse,account.107c1b6595434fc899d50b1419ff0747
2026-02-05T10:11:52Z,NIM2_ACE,account.16f721df739f42758203d0e21d02d034
2026-02-05T10:11:52Z,AQnc_david,account.a7681fe0e0904ef190c0558935b856b0
2026-02-05T10:11:52Z,dggd_,account.f1321c1179e94f539494cc6876f5138c
2026-02-05T10:11:52Z,sowhatiamOuO,account.696defe60e824f6e831695d04449accb
2026-02-05T10:11:52Z,HyunbinToc-,account.ba46e4fd90014a73834b9b4a690ab143
2026-02-05T10:11:52Z,c_jcho,account.b93f321c81e54f55b5dd3e482330dfa9
2026-02-05T10:11:52Z,sksmsvosxlehenr,account.71802f3fa6c64e5980f2c93d67ff1de0
2026-02-05T10:11:52Z,2CN_FREE,account.ebf42e68bc8b44c08abf4fbfb8ff3026
2026-02-05T10:11:52Z,h_bbinn,account.aedcc250a0b745fca7a817e14ca7dc64
2026-02-05T10:11:52Z,hyeonjon1,account.f4cd5c6c6ac440aabc75d14e6254c15b
2026-02-05T10:11:52Z,wocjs1004,account.21cd3d92636d410685915884aae1c0e7
2026-02-05T10:11:52Z,CQB_M249,account.bfac1fde2c5944c29db2f9e5f438c1c0
2026-02-05T10:11:52Z,suyongHi,account.128ca52c33714139b3ad2f4666c2fce2
2026-02-05T10:11:52Z,lamisaFanT,account.a7a9400f05c4494b874f609c7ea85ad5
2026-02-05T10:11:52Z,X4C_PewPew,account.f0d3c4aaa34142eeb9535ba6e8142e35
2026-02-05T10:11:52Z,monster8030,account.42667b4131194ce69d5be25b6a638cce
2026-02-05T10:11:52Z,NU_9iseun9,account.e2bbc97ca1f14e86a8fcb00b0a3d9a58
2026-02-05T10:11:52Z,diago-77,account.265743c00f084869bd329db6b49d361c
2026-02-05T10:11:52Z,v_Chu-_-Chu_v,account.0b3f7fc39fbf4cf7898dd4f13a4819be
2026-02-05T10:11:52Z,Leu_Po,account.b8f757543b3b4004b058ea437fb5275e
2026-02-05T10:11:52Z,Gr_0hook,account.30a80ac08654453d9ffc77c0328eb1ef
2026-02-05T10:11:52Z,RAON_SESANG,account.7b271c62773d4f0eb1d47a4d7abeacd3
2026-02-05T10:04:12Z,mmnm1234,account.a5c24264595a4078b6adbd123c31dce2
2026-02-05T10:04:12Z,INX_LaPaz_-,account.0337591057c74092b38501f096c3dc40
2026-02-05T10:04:12Z,Joseeker-_-,account.b832230533f74797981afd16d936d1e5
2026-02-05T10:04:12Z,won_K2,account.8ae3757c21f34fbb99d3a0cdace5f25a
2026-02-05T10:04:12Z,GGOMIGANSIK,account.b6a752d7eda84b40b5385f41b063b154
2026-02-05T10:04:12Z,Tree_OYO,account.1676c2a98273421882ae10656f3ecf0a
2026-02-05T10:04:12Z,danhobakLatte,account.9111069b7f9e43faa237806276d90280
2026-02-05T10:04:12Z,apeuzinabbanghee,account.a19a2873ba694717a5d835af338f8752
2026-02-05T10:04:12Z,NGBZTBI,account.11b4dd9437c74803aa6b7303e76bc05e
2026-02-05T10:04:12Z,WaB_Gun,account.e1bcc7d4a0fb439f8ff24381527a2019
2026-02-05T10:04:12Z,BGP_Panzher,account.363d8d75c87d4fe5848dfa0397522659
2026-02-05T10:04:12Z,sindong17777,account.1846edb6f03f424bb864eebfa61d92f5
2026-02-05T10:04:12Z,llllllliilililil,account.db13828b97f14f73be94f06c5b5a3961
2026-02-05T10:04:12Z,DB_Whee,account.0b8c172d3dd94f03824a26420b393d61
2026-02-05T10:04:12Z,hoduLatte,account.6d680a5c1bab4c0ab877dc0df797debf
2026-02-05T10:04:12Z,LikepK_Hyo,account.71b89397ddf54061af1cb1ce649ccd6b
2026-02-05T10:04:12Z,BGS_DIOR,account.05a489e0ccbe4c25a8250aeffbe9ff8a
2026-02-05T10:04:12Z,INX_Destiny,account.924f806b9b9c42cf8498ef60e2083c4b
2026-02-05T10:04:12Z,maaaaaae_rong,account.3ea55963d82347dd80993582dfafff70
2026-02-05T10:04:12Z,human_juin,account.cb22457b4c194d3895ac9287a2d495f5
2026-02-05T10:04:12Z,Pride_BAE-BAE88,account.ccce3e6cca4d4eb1bacee1cdd63511de
2026-02-05T10:04:12Z,Himjjan_,account.ed4d83ccee3d4f289e6ffb690702323d
2026-02-05T10:04:12Z,BGP_9ukan,account.dcc7005c0fb746828baed3e0adeedebb
2026-02-05T10:04:12Z,Pride_Director,account.de5c8f702a9e4993a526e399ca49ec6e
2026-02-05T10:04:12Z,Lavender-_-z,account.92162fd05b034666b96e12435c5654ce
2026-02-05T10:04:12Z,Xiaoblackout,account.fc68073df453430cb19ab6a02eb26091
2026-02-05T10:04:12Z,NGBTBI,account.3ecf899b3ef846f78897d3b57452f910
2026-02-05T10:04:12Z,CB_-_jjanggu,account.3db93faf31e54ffd8880a26bdb09f7e6
2026-02-05T10:04:12Z,INX_Gmin,account.656ec532242c45819308e2251aa89baf
2026-02-05T10:04:12Z,LikepK_Bio,account.4a828f33522d49a6ba35cf71b5d0dc1e
2026-02-05T10:04:12Z,soso-az,account.a20d6b674d5b4a2b80de9fe7844a8f81
2026-02-05T10:04:12Z,ssxxkground,account.0f77f1f07c7f4b849ebf51a73c8ca677
2026-02-05T10:04:12Z,UNFATE-_-,account.57a738352b724891a3a79457b65342c7
2026-02-05T10:04:12Z,dobidoba_,account.308d5057e6e74696b66641bbdf78249a
2026-02-05T10:04:12Z,anjfRhfkqkz,account.2b24de49c9154058a3de417dd2a58afa
2026-02-05T10:04:12Z,DTT_MURU,account.d0b770b90587467cb217b55766a4d479
2026-02-05T10:04:12Z,DutchcoffeeLatte,account.57c46902864b44e7acfaa78389ada37f
2026-02-05T10:04:12Z,gokmulLatte,account.4dd3b57e053448c6adb4cf94d696d1f9
2026-02-05T10:04:12Z,TRAP_Wansu,account.a3aad3d38822478b91b551b79cdf958b
2026-02-05T10:04:12Z,DIC_Narangd,account.a1c0d6b4c1354b698125f886c010d67b
2026-02-05T10:04:12Z,BGP_DUNHILL-_-,account.6ef99e5b9c6b492a922394ac1b907fbd
2026-02-05T10:04:12Z,SxRxN_-,account.13826841cbcf4421b4abea782949ebc7
2026-02-05T10:04:12Z,mmiinn_1,account.0d898acc614845bc832f85ee567d1249
2026-02-05T10:04:12Z,TBI_GyeLAsUK,account.e2d317f692ac46a18f8b1a6d45a5dcaf
2026-02-05T10:04:12Z,daebuwc-_-,account.210f50eb30ef478d99a17fb45b9adde6
2026-02-05T09:33:09Z,Deolkung-_-,account.83e376a6b8274f24997f88f735e4b8a5
2026-02-05T09:33:09Z,Os_funny,account.7ef2acaf2c784416a61a42e18f81de59
2026-02-05T09:33:09Z,ETG_BeryL,account.be64ff767ea84bd38889884591fb76dd
2026-02-05T09:33:09Z,ApDo_bAqu,account.15d659fac5124514a83fb46d763a6c62
2026-02-05T09:33:09Z,BGP_WWCD,account.287dda56bde948db945231dc8f57222f
2026-02-05T09:33:09Z,Yessono,account.c32e793359254254b46e9e6f20266a04
2026-02-05T09:33:09Z,Brynil,account.16699ebbc0c940e5b9dd75eb2027c91e
2026-02-05T09:33:09Z,Crested-_-Gecko,account.efd70171bcd8428c90e7a95ac09b636d
2026-02-05T09:33:09Z,climax_LH,account.dd7e0e1fc7e2499aaced86967d5a6640
2026-02-05T09:33:09Z,SBD_10MYEONG,account.727bbb5896a64be3a0d44f8b1380de71
2026-02-05T09:33:09Z,00247_-,account.8f92d37247a54bd0937ebc07b20a1fef
2026-02-05T09:33:09Z,ETG_Hyun,account.8be7abbe78af431a9269673fbab24f66
2026-02-05T09:33:09Z,BluffingShot,account.bc55522fe63041b2976b3408c86bdbfd
2026-02-05T09:33:09Z,ONNABYUNSINA,account.8a54a36b820740a4881c742b7f491409
2026-02-05T09:33:09Z,Chulkung-_-,account.7d853709c3c7495da9cce6bba16e2de1
2026-02-05T09:33:09Z,ETG_GGG,account.0371bb1d0ec3435a8b5d6681c0ee2713
2026-02-05T09:33:09Z,ApDo_DuckBae,account.6e1f624fad5d48358b5fe47d766a400a
2026-02-05T09:33:09Z,BGP_AUG,account.49a57d6f570f4544a944890fd2245fad
2026-02-05T09:33:09Z,OBISS0304,account.2879ce65b9d940a0bea3e508bd49e99e
2026-02-05T09:33:09Z,DMS_Cerberus,account.ce397966805f4db890c45e31604ff308
2026-02-05T09:33:09Z,sab0906,account.320cdc68cac24efb8f78ad9dd5e066f5
2026-02-05T09:33:09Z,DD_BAAL,account.c213729885cb43408d0239c1d14331a0
2026-02-05T09:33:09Z,ApDo_Geako,account.a1278400e7584e2ea64889fb8c4d18a9
2026-02-05T09:33:09Z,Os_Jerry,account.e16e5f9381724dd3963819fd4f71e1c2
2026-02-05T09:33:09Z,styledl14,account.58db4e111a0a4cb9892e7537d448dbd1
2026-02-05T09:33:09Z,Haerong_-,account.214f3468e0234e0ea1c2da52c0191d5d
2026-02-05T09:33:09Z,siahyeong-_-,account.542418a554904512a3819153754ccb5d
2026-02-05T09:33:09Z,pxrkpro,account.40c6225e17cf4eb7b590788362eec0ce
2026-02-05T09:14:34Z,king_jaeung,account.8af44fd1600f43c4a100939a3516134d
2026-02-05T09:14:34Z,GGamDungE_-,account.e084ed5def74477ebe1a5decee2e613c
2026-02-05T09:14:34Z,nigga_bro,account.e84acf3d4d314a5bad732a9d534cf47a
2026-02-05T09:14:34Z,BGP_Chop,account.d6c37543cb9f4316b44c3a8ff0e9870e
2026-02-05T09:14:34Z,jameskwh,account.1b65c149fa59439ebbe132a4a5935158
2026-02-05T09:14:34Z,RAON_Alcohl,account.82513cc4348f4953abe2d3e711a69dca
2026-02-05T09:14:34Z,Ahni_-ZamMan,account.545789748890476ebff72c241f371925
2026-02-05T09:14:34Z,DuZZonCoo,account.53744575d59040a7b86eecfa0b68de26
2026-02-05T09:14:34Z,UglyGirl_Hater,account.f60c2d0e5ed64b47aec117ce951701c8
2026-02-05T09:14:34Z,BGP_youn-_-seo,account.93ea47e8c2b84379b113744f721e27fc
2026-02-05T09:14:34Z,GUN_CUTE,account.60869ade34e8489bb233161c2f5c5bc5
2026-02-05T09:14:34Z,godhak_up,account.fd96a07091b94c648371c1d7368417b1
2026-02-05T09:14:34Z,CIP_DontGas,account.bab52fc8365c44008acfb80a54134511
2026-02-05T09:14:34Z,1998_ISTP,account.13fd88a5de534032993efbdb07808c2c
2026-02-05T09:14:34Z,0070_0220,account.5a79863c036b4cc7a6a71fe70031f0f8
2026-02-05T09:14:34Z,esu_hyun,account.02ad9763db4641eb847e9e40748db4fd
2026-02-05T09:14:34Z,kko_sseung,account.f478fde9c1a84b5fa8ccbcd72746d998
2026-02-05T09:14:34Z,Aisha_Min-99,account.2d94b908755b40789ea01ca702d5bfc4
2026-02-05T09:14:34Z,Dr_Royer,account.6fc24254c91b43cda46e87c71e32f936
2026-02-05T09:14:34Z,Jangsu-Oppa,account.566ceae27b2f4300a3cc392fdc4a298d
2026-02-05T09:14:34Z,SHEBAKNOM,account.9a554f4a5b3c4db596fe24b11512fe42
2026-02-05T09:14:34Z,BF_HEAD,account.3719ed6607ba4ce490586186350c0339
2026-02-05T09:14:34Z,ma_c_a_rong,account.d04866314b4a4e618e8e09ee035124c3
2026-02-05T09:14:34Z,qurEkfgkwlak,account.99d4ab63e06e440e97e5be7d54047336
2026-02-05T09:14:34Z,iS_whwqkqgkffo,account.90ac1cab629642e98e3b591980c2d8ca
2026-02-05T09:14:34Z,IlsanUserChoi,account.fd37ce5bac74453ba1692555a34e7e63
2026-02-05T09:14:34Z,SUAS_YOUJU,account.a7c73982ebb14964957f2a9d15494b48
2026-02-05T09:14:34Z,NAGAJOJBABROMA,account.47863e9072a84e29a75997d2e609f871
2026-02-05T09:14:34Z,gaematdoring,account.ea7c82817a0d42d090540a7fa28f6ac3
2026-02-05T09:14:34Z,sojin12,account.d0bab02b8f5145919fc49edb1c686d93
2026-02-05T09:14:34Z,HHAAS,account.54fac737f18847789dcbd89b030b066e
2026-02-05T09:14:34Z,Uality_W,account.dd955604ff9c44a78643e78ae09839de
2026-02-05T09:14:34Z,JuJisNim_,account.ae73d3bd9a0e40ec94058b84ab86fc92
2026-02-04T21:52:20Z,song--S2,account.5e844753e77a4cdb9f083650ea7bb69d
2026-02-04T21:52:20Z,1APLUX,account.7ad84bafaee247f18d0d92f4fe39f1ab
2026-02-04T21:52:20Z,DIC_Neal,account.c6178f91336c49f4a2332bfdc39a5d02
2026-02-04T21:52:20Z,MH_Salah,account.0570827d0e5b4c5f978ca97fcb8ac353
2026-02-04T21:52:20Z,Corgi_92,account.2fb3f1c976cb423fbf46cb925c3a1b22
2026-02-04T21:52:20Z,TLV_Groot,account.6157ed6c49a6426cbe876f3b3244e35c
2026-02-04T21:52:20Z,parkgongwoo_04,account.229078f4266744319840f9e20b37221e
2026-02-04T21:52:20Z,Meow-Punch-,account.a94db133f50a4e4daa0d0207c2cc3a8a
2026-02-04T21:52:20Z,PGC_LUCKY,account.7863e58b4b5046b6899589bd78dba9c6
2026-02-04T21:52:20Z,skdvn,account.cd3112017ff84100841911387173d97d
2026-02-04T21:52:20Z,JUN-AIM_MACHINE,account.292063c87328455799d0f2ef2956770c
2026-02-04T21:52:20Z,sim9800,account.48ca4846f3014f26a0d25a91b38a3fd7
2026-02-04T21:52:20Z,llIlllIIIllIlll,account.3f5fbee7165044c2b5c79a73cb3db4b1
2026-02-04T21:26:02Z,Aplus_Flash-_0,account.a946dd7526f14e038db76f31170a17e8
2026-02-04T21:26:02Z,BuldakBOKEM,account.cb0211e41eeb4c4c94a3e401c484e9d1
2026-02-04T21:26:02Z,zumi_23,account.46fc24f4a8d04aa19400bc80eb407a23
2026-02-04T21:26:02Z,NUBrad,account.b97f5c6b8d0845858816bbec3b5e3e65
2026-02-04T21:26:02Z,codbsdktkfkdgo,account.a79d9201499c494bbfee1f6ba9579e22
2026-02-04T21:26:02Z,CHOCOLATE_JETTY,account.1f5727ea5be14b86a737c32870895e53
2026-02-04T21:26:02Z,ungrae,account.c3b0ad5f5dbf4a6c9f05e156d28cb0fd
2026-02-04T21:26:02Z,2SUL,account.5507dd8de7244636a974715ba375441f
2026-02-04T21:26:02Z,BrookPOG,account.44a06665641d4d339afe02cbde7b931c
2026-02-04T21:26:02Z,wkdekaahgksel,account.ecec4bbeaebe453aa89d77d27ec00168
2026-02-04T21:26:02Z,tM_cheeseball,account.5136f35d56614f9fb9ce0611d6c93188
2026-02-04T21:26:02Z,bshkgs,account.59d24ce8035041899006010949af0922
2026-02-04T21:26:02Z,Asusquad,account.4dc91ea411274ebfa0b5c41946fd1806
2026-02-04T21:26:02Z,Yummy_Nyom,account.87c8a5adbb824afd9090cf43a44a9a36
2026-02-04T21:26:02Z,dobanGull,account.8ab587fe84a84cbcbc64c95c6ea0766c
2026-02-04T21:26:02Z,KokushiboPOG,account.184a8e823cd84e329843e93d4c433df1
2026-02-04T21:26:02Z,NABI05-,account.f838793f0645440dbc0dc8f8772edac5
2026-02-04T21:26:02Z,MRX_-C,account.3e0090e29f524965a972abe9d5db7021
2026-02-04T21:26:02Z,NU-moonbaek2,account.269811ad091d47d8a4b9fbb092c1c6f0
2026-02-04T21:26:02Z,ASU_LuckyVicky,account.906ddc1f864d4a889b81965330e6ce49
2026-02-04T21:26:02Z,feelwhy12,account.0feb49cf1fcc4666be0476dda9957e59
2026-02-04T21:26:02Z,090_Mmmmmmmmm,account.a7a24b61b5314fd6a83654ad526c7669
2026-02-04T21:04:06Z,MySam_,account.8856e30a064e4610b931faffa1e1644a
2026-02-04T21:04:06Z,FLX_R,account.54b6d985f3ab4d57a96e522ced9011f3
2026-02-04T21:04:06Z,sshuwari,account.db8839a2f85e4836b1f6fe73426e1c9f
2026-02-04T21:04:06Z,whwqkqcut,account.4c1cbc696cfc4922acc04c365e47c55a
2026-02-04T21:04:06Z,BGP_Sseuk2da,account.14501b102c7e479596d5913b4f2e2322
2026-02-04T21:04:06Z,DoZrOl,account.7e1a94d325074789abe3ca9a6a4756f4
2026-02-04T21:04:06Z,mon-_-di,account.0b9a7ed0f8f94425aa6f9238b8d56ce8
2026-02-04T21:04:06Z,jiyul12_11,account.5aa61f28c9554eddad051edda1948e68
2026-02-04T21:04:06Z,95ioi8,account.02f830ab20404e098678b47fb63af72b
2026-02-04T21:04:06Z,YLPGAY,account.63ce0d100709466eaafa7a006a203533
2026-02-04T21:04:06Z,Sunflower5taeSik,account.3e2d6018544a469b9525498d65063940
2026-02-04T21:04:06Z,bora_dorigumi,account.90efb6a455e94c2b8e71295b9551d063
2026-02-04T21:04:06Z,Flow_Killer,account.98a4a36290a14752807c966cd076b26a
2026-02-04T21:04:06Z,Inonix00,account.ecde9793648b4eb7a7aa22dade783f7f
2026-02-04T21:04:06Z,heeees0726,account.d918c5d872bc46b2a9dfc0b56877fdf1
2026-02-04T21:04:06Z,ramaram1004,account.20be4c4d75974d1e8b7ed26ab58cf8c8
2026-02-04T21:04:06Z,Ez_Diing0,account.70298203f2494b32b04418688ad10f3c
2026-02-04T21:04:06Z,Leeta-,account.8e0ab68a79254bf3955b9e815b6f8fb2
2026-02-04T21:04:06Z,Nu_Gu-Si-JO,account.77f42c591a144d318fbaf90997c3d617
2026-02-04T21:04:06Z,ilililllllilii,account.d9258c9410904f90b919bb94755244b3
2026-02-04T21:04:06Z,18xkq,account.08368390331c446a8f3acd070fa6c00a
2026-02-04T21:04:06Z,choptty7000,account.5cb9afd61e484e3587bd27ef4279a848
2026-02-04T20:55:29Z,KR_1_VS_ALL,account.58053b94ad7e48cf916c6175c8b0c3b3
2026-02-04T20:55:29Z,KingGodVv-_-,account.5b3561f29c2f4f6ab9a9a0604567eed6
2026-02-04T20:55:29Z,Rwrmsid1,account.4fd533c4748d48a192cd739f192abadf
2026-02-04T20:55:29Z,INX_028,account.7e9f8863761e40e38c5b5ed6c371a356
2026-02-04T20:55:29Z,FT_JASON,account.734ff607780749729aa48b17acbe96b5
2026-02-04T20:55:29Z,KR_Crested_Gecko,account.25f690f1a51342fc97ccdc1820a81189
2026-02-04T20:55:29Z,baeessajwo,account.c3cd56fe330a429d9a02308fa2dfabad
2026-02-04T20:55:29Z,Caramelsyrup-,account.a31cdd7a98c4430bae63035fa3cb97b6
2026-02-04T20:55:29Z,PrinceDOYOUNG,account.9a83f251af4f45bb80d25a063a5a2131
2026-02-04T20:55:29Z,NALBHA,account.fa389329c352425ea7880651b1b39375
2026-02-04T20:55:29Z,insidebrr,account.fc8c623c30e04311bd1c50045e377c11
2026-02-04T20:55:29Z,SOOP_Inonix,account.98dfeb9ed3be4b64ab673e5336c6817c
2026-02-04T20:55:29Z,janelee607502,account.334de513d3884c2da32ce4d76d938ee4
2026-02-04T20:55:29Z,FT_MW,account.0e26996dc7ac4e49b5d52d4c8dda5990
2026-02-04T20:28:27Z,qdbpdq,account.306cb0b9ab304a9ea7aa93e745c9b682
2026-02-04T20:28:27Z,JonNaNuCoSipDa,account.eddb84b19b1949d594dbe2770d9842e4
2026-02-04T20:28:27Z,NX_XID,account.fab82d1fd9ff4dc2bd3b6c5073a5c18e
2026-02-04T20:28:27Z,DoG_Bull,account.ba44ba9d24ad4f138a63ef4c9ef8a094
2026-02-04T20:28:27Z,j_03_21,account.466ca70cef094c6684ff0c43c1c37e70
2026-02-04T20:28:27Z,groundFan,account.b073566ddc894db1bc70051b72e13cbc
2026-02-04T20:28:27Z,YupddukRedCombo,account.5a5c0f09cbfe48639bc8052a69386be0
2026-02-04T20:28:27Z,moolbatlqkf,account.b6952d852c4a482f91be2268f4a61d24
2026-02-04T20:28:27Z,Bumsu00,account.60a5fab8866a482d9d78d638ab0c623f
2026-02-04T20:28:27Z,ltM_Fnat1cxxxx,account.75e11b0288e84c67ad8005c54272ac71
2026-02-04T20:28:27Z,ASU_BALBALTA,account.f1f84c99b6574834b364997ae488dc5d
2026-02-04T20:28:27Z,naxddo,account.8abc992d6c9b4ae69ff6ef6648c84083
2026-02-04T20:28:27Z,King_JunHyeok_,account.e0134d253cfe4736ba47ab343d07f5a0
2026-02-04T20:28:27Z,JJangA_ASU,account.60dcf942b1a34892984822775c132855
2026-02-04T20:28:27Z,Adele_Dalk,account.780d4b78e32e497c87dbe284f251c3f1
2026-02-04T20:13:50Z,Xesco-,account.40baa8b680114bffa3707c76c7c81db1
2026-02-04T20:13:50Z,gororo_,account.060ad3c5285d4bb58f0b2aaeec216171
2026-02-04T20:13:50Z,Silimarz,account.20a05ceb63a442bb860dec3e96f2228e
2026-02-04T20:13:50Z,chaeyeonzzi,account.72276213aad941dfb5d3c1c61545ca6c
2026-02-04T20:13:50Z,bulls-_oneshot,account.6ba740398c1241e79a63c95a6e960e94
2026-02-04T20:13:50Z,RN_2hit,account.a28d5b11f26c4785a224a75a796c5d0f
2026-02-04T20:13:50Z,seonhwanING,account.bf1fa485f10346628ca4b576e55a5e4e
2026-02-04T20:13:50Z,HHHFORM,account.6c76c9402d874363aa46aacb194acbae
2026-02-04T20:13:50Z,ANESSA__--,account.62051862c642423395c26a82e4d5ed21
2026-02-04T20:13:50Z,JustOneStory_,account.1c03cf69257b4c3a98d5f5f9cc9d7805
2026-02-04T20:13:50Z,NU_Heaven,account.faec9d444ce14a60b164bc11a113b835
2026-02-04T20:13:50Z,KWAKJINTAE,account.12ddfa26a0b545628be30b8bf063e442
2026-02-04T20:13:50Z,GochuTuna-,account.65ab5d7655e44689a847c56818c8ddc6
2026-02-04T20:13:50Z,JJiNiKiKoMoRi,account.261426201afd4ba286b72954bd8f40e2
2026-02-04T20:13:50Z,xxxiiiixiaxxiiii,account.cd015ad704b44b1fbfd3ec9c4c651da3
2026-02-04T20:13:50Z,JUJU_FUCK,account.239f33940a184483935252de4552a944
2026-02-04T20:13:50Z,dmitry-bivol,account.58b8d7fb58fa4186be48822dde3633a3
2026-02-04T20:13:50Z,SIKDOSA,account.5bc24c791ea2464095dbb19edb9bd573
2026-02-04T20:13:50Z,2CN_Story,account.732c7de3499746dc9c61c340ef186856
2026-02-04T20:13:50Z,SowhatimDH,account.e0f656b84b85444586b18fed659f138e
2026-02-04T13:34:07Z,FIRST_KARL,account.630c57eed9934cb1ab810c244ecbe8e0
2026-02-04T13:34:07Z,Arizona630ml,account.643e0a07e7d8499eb4899bcdff5ccffc
2026-02-04T13:34:07Z,Himalaya_,account.2be465a7d7ab40ec8d81a5a0e2a4e4a9
2026-02-04T13:34:07Z,WSC_Gravity,account.aa98e2c97f7f48ae97997ad0bca81bff
2026-02-04T13:34:07Z,m0000taek,account.2e53bcf5e38f419a868961e0dc4cf18d
2026-02-04T13:34:07Z,qudtjd1,account.1ee1d6ab5ca140728f348d8f29b3b808
2026-02-04T13:34:07Z,aksen012,account.1ddef90833c34149a8aeef6d6b566e26
2026-02-04T13:34:07Z,XxIBBak-_-,account.407b310ec419482ba045fca111e35c5a
2026-02-04T13:34:07Z,TSG_BigMonsterYG,account.f8bd877ddb2747a49c0544619c8d7411
2026-02-04T13:34:07Z,Gao_HaRu,account.6c43e063329e46cebd53f2f5acc63dea
2026-02-04T13:34:07Z,fwb_chumilgong,account.3359666be4e443b080b0cdb9105dba4e
2026-02-04T13:34:07Z,SH_SIX18,account.5198d6b0df8a4753abd87f1802934989
2026-02-04T13:34:07Z,icth_xx,account.db825a3f5afc492f967401056fcc5fcd
2026-02-04T13:34:07Z,BGP_Kiki,account.90c0422687fd4cada6c8ec8eb01636dd
2026-02-04T13:34:07Z,IIlI1554,account.d425d9075e9c4e7db3e60e65f0a96ce5
2026-02-04T13:34:07Z,j_d_h__1,account.c06d92a9f3ef41fb963c26178f312d2f
2026-02-04T13:34:07Z,vayne6725,account.fb43fa1af18d44918d55e5d7f20c1e93
2026-02-04T13:34:07Z,Jryuhwa,account.84d751244bfa4d88ab57fd8ff4cbe822
2026-02-04T13:34:07Z,FIRST_CORGI,account.364664843e7f462ea3f96819aef6d5ef
2026-02-04T13:34:07Z,Oh-min-seok,account.a213474c2b1e4133b61ec26e40cae0df
2026-02-04T13:34:07Z,BGP_UUUU,account.775449402b3e4e55827a1b3a6104ba41
2026-02-04T13:34:07Z,BGP_-7,account.1d69d16db9db4983abf5a8a705141322
2026-02-04T13:34:07Z,2_HyunWoo,account.a3047f4c9cc84cbfa02882941f04ee46
2026-02-04T13:34:07Z,FIRST_2026,account.d4a67d47822940e5bcc40a3b5847d760
2026-02-04T13:34:07Z,SICK_BANG-,account.aea3312cc2be463ea9294ff997b92002
2026-02-04T13:34:07Z,GREED_X99,account.341882a8da3b4bcdaad62bc1489e56cc
2026-02-04T13:34:07Z,sexyseonuban,account.8670f2f3818a4eab86be6e80fd08c9fa
2026-02-04T13:34:07Z,KMZ_Myeongjun,account.39a0f31f25274fb59f026f4a775cca99
2026-02-04T13:34:07Z,Jangwoorim,account.7861873d3cbd46e88f7f41c5f18866d6
2026-02-04T13:34:07Z,byeonjunyi,account.8da8852c43f84f9dbd78677d9b9e1115
2026-02-04T13:34:07Z,DIC_Lion,account.3417e48561e5458db2c5c2ad837dc75a
2026-02-04T13:34:07Z,Jung_18021996,account.2871ee08c69144bda1c52bf5a3d8c991
2026-02-04T13:34:07Z,hyunseung_DG99,account.07004e9f9b3645a98196c516c9f6848d
2026-02-04T13:34:07Z,BGP_JudoJe,account.f967c306d3604b228e5a2a5054007d3b
2026-02-04T13:34:07Z,VVSONMIC,account.7f6a497d2bca42a8900080592d37994a
2026-02-04T13:34:07Z,MosuSeoul_,account.d57f00f166524e568889cc4522e97fdd
2026-02-04T13:34:07Z,Safe_Black,account.5503ac579edd4808bee01fb7dd683ab4
2026-02-04T13:34:07Z,TSG_31,account.8ba23e25211541b3b2b7e0863ed71f1c
2026-02-04T13:34:07Z,OnlyM249,account.79750691fffb47ad8f9d8f903b44194a
2026-02-04T13:34:07Z,TSG_BULJUMUK,account.d2279f50d5914b3aa673c2430af25e1b
2026-02-04T13:34:07Z,Mingiree,account.73b6df757225428689ec90565d0afa32
2026-02-04T13:34:07Z,KIM-26051995,account.a0d9b9c52bda4e3daeee51d836f3421e
2026-02-04T13:34:07Z,CHAMM2,account.3862b7af90584207916eece80992289d
2026-02-04T13:28:06Z,F3_TT,account.cf21a9c36a074b5285806a46a92c1780
2026-02-04T13:28:06Z,sanghyuck4697,account.d2e0ebe2be0743b7b30a888d31ea48fe
2026-02-04T13:28:06Z,Dkzz0-,account.23f2fa2b19814fb5b50998e53e87c364
2026-02-04T13:28:06Z,SHE-BER,account.a3db816502cf45228671c7889403976c
2026-02-04T13:28:06Z,SWEETPAPA1,account.06327037be944c57ab000e5c2c1734c3
2026-02-04T13:28:06Z,yuriJss,account.6de54f7c24c44be48b151026045578ab
2026-02-04T13:28:06Z,BBIDOULGI,account.24b59de34c814167ae2ebe6e70962785
2026-02-04T13:28:06Z,RoseBuldak,account.2d8e5ba300e346579d83c69bd16b993b
2026-02-04T13:28:06Z,BB_NaseNse,account.f0fac99299914786afd060fe5fef0e61
2026-02-04T13:28:06Z,UTC_X_Xoctjry,account.de21ab5ecff54c19a98dfdadf62e1e5f
2026-02-04T13:28:06Z,rps_ArK,account.976a8a916db048d6b89d5838c8869dde
2026-02-04T13:28:06Z,xBer1K,account.fe392418c2804bc3b6df4386d9fb83f3
2026-02-04T13:28:06Z,Moong_Taeng2e,account.677fa1d99bc34ecbba46c432794aea7f
2026-02-04T13:28:06Z,HyperXc1oudII,account.062fc39f433248c485c339d234fc4b56
2026-02-04T13:28:06Z,BADNAME_250203_1,account.9667ad7c1d43465090e65e505556425a
2026-02-04T13:28:06Z,L7Z_Ehfkdl,account.e9d7e6caf9d04f25bea6ce3122c505ed
2026-02-04T13:28:06Z,NNe2_0070sh,account.e176a2d32bab48bdaef3c26d2a077672
2026-02-04T13:28:06Z,Lovewinsall-3-,account.69f5051ec84448fbbfd893bf550c4d38
2026-02-04T13:28:06Z,W00NYA_remix,account.e567335671eb430abe5d80e2b72bb80d
2026-02-04T13:28:06Z,xxxminjae,account.9b1e90a3113a4b1ea229cd857b93d4e6
2026-02-04T13:28:06Z,unisex72,account.43e5875a340d4efa8ac81dccf7a3d25e
2026-02-04T13:28:06Z,NNe2_Aphrodite,account.2a9c15233e164d0692f6b081c27cede8
2026-02-04T13:28:06Z,wefancybj,account.f10bf835191e40f5a5ea1cb65c1a2bb2
2026-02-04T13:28:06Z,spero_spere,account.ac94974e5c2a4c8395a324ec1a822f5c
2026-02-04T13:28:06Z,wadadada_dh,account.8852d97c25ec44f3993b74a86a186661
2026-02-04T13:28:06Z,qsik0,account.a5812ab851d64ba2a64507943134423c
2026-02-04T13:28:06Z,Tuki-BanSanKa,account.1b3adae7409c472fa522e0ebc2c0ab67
2026-02-04T13:28:06Z,Jsyuri,account.e72d521397744e18bb49c8f561bd30d3
2026-02-04T13:28:06Z,COOKING__TIME,account.816718ed952f4beab613ae1c09bf1f27
2026-02-04T13:28:06Z,Feee1ing,account.8f521c32b4ed490fb9a85a01515912fd
2026-02-04T13:28:06Z,WheelyEoh,account.ad5d66fe39a4419cac2fa02bb19a0b31
2026-02-04T13:28:06Z,d_ragon82,account.0006f9695e9341bc84cbe374483234a3
2026-02-04T13:28:06Z,EATTING__TIME,account.1cc7c98326cf4f5b91386c798a7b08c0
2026-02-04T13:28:06Z,PERIGIA-__-,account.42b06b35eae346bbb5a353629cbfa994
2026-02-04T13:28:06Z,NIKE_Hyeong,account.f1553c1ec9b44acf94f6e50f26ce02a7
2026-02-04T13:28:06Z,Be0Happy,account.11545ccbcf8542698e22153d69b0676b
2026-02-04T13:28:06Z,NNe2_Attacker,account.57c524ac73b14d8791e57bb802dfa56c
2026-02-04T13:28:06Z,stonedragon__,account.b7585b31c9e64316a38003d041ef9396
2026-02-04T13:28:06Z,Too_hotty,account.a865179dfaff44248e32f56551b6adea
2026-02-04T13:28:06Z,asasoii,account.d9348e0d79c548a988f19b95a66303f4
2026-02-04T13:28:06Z,tkdqhr95,account.d5a10d80cd3c460b9f5ef49bb5f94002
2026-02-04T13:28:06Z,NFS_Nos7-,account.0efa1040c2da454bb2dc5de8d4ab20ef
2026-02-04T13:28:06Z,SUAS_HONGSI,account.af1ef3e2fd3f4864bd3b435764ac0969
2026-02-04T13:28:06Z,2seorin,account.9d980c0d377a48c1bf43c64dc83fdb66
2026-02-04T13:28:06Z,Moong-Taeng2e,account.db7b8f5ba27d4af49d70ac5de553bd27
2026-02-04T13:28:06Z,NNe2_pudle,account.2998ced0dad3410886b030b24a08ee94
2026-02-04T13:28:06Z,GODUK-P4-Ph2,account.ba3466d0d3b1442991db6ae3275671b9
2026-02-04T12:56:42Z,Z_AD04,account.22428d3cdf8d4bd09a357ae1a1ea2416
2026-02-04T12:56:42Z,SeongJinPark-_-,account.c78edd4af7fb4954b0039245d9242c4d
2026-02-04T12:56:42Z,DDP_KING,account.a078ccfa386e4743b6d3c90039f73e41
2026-02-04T12:56:42Z,Na_eul,account.74b101e507884b52be0918cd33966628
2026-02-04T12:56:42Z,llllillilliliiil,account.11d166c877e14df0bf8eeb53e6ad32e1
2026-02-04T12:56:42Z,pilot_mars,account.7a9531c3abc74821a1f7cadc6189ad5f
2026-02-04T12:56:42Z,nodo32,account.3fbd71bd24634a779650868b10884440
2026-02-04T12:56:42Z,sdkfnjskl,account.83cddbbbffb74873a9c8cfa3650b3dd1
2026-02-04T12:56:42Z,gmgm3043,account.0c9f3d4e420c44a983e7cc26863c14fc
2026-02-04T12:56:42Z,sstack,account.f4b31b0934cb490d8df7c864c341412a
2026-02-04T12:56:42Z,WTF_Vary,account.1e1ca118ebdf4cfe815cc25fa6e30b96
2026-02-04T12:56:42Z,Chanseosic_,account.c127a56ed4be4120a7215b03af9bacdb
2026-02-04T12:56:42Z,hxqr,account.8dccbc5545ff4d2e91aa420d13ef87f5
2026-02-04T12:56:42Z,Z_AD01,account.e908cfe7c6d042ceb15dfa75dcd1e5f7
2026-02-04T12:56:42Z,Death_Orxng,account.a9633749ff8545d48866519eb42f3187
2026-02-04T12:56:42Z,WT_Gianni,account.f1ce7cfece7a4d578e9df1c00de53c54
2026-02-04T12:56:42Z,9PM_Dadam,account.113e0d8c4d5f460085f6d3f225b019da
2026-02-04T12:56:42Z,Im_0x0,account.7bf15af6c3d74dffa9ed31938318833a
2026-02-04T12:56:42Z,Death_Lote,account.a5a33201f1694c7faac24dcc3f8b96c3
2026-02-04T12:56:42Z,sdfdzfgg,account.976a622057a149218720f44d4ad46a6b
2026-02-04T12:56:42Z,Z_AD03,account.2efb5743429548858733c18b5e57493d
2026-02-04T12:56:42Z,bbdbabdbu_u,account.05384b2ac10c44598c17e357d2fb382c
2026-02-04T12:56:42Z,USSIST_JOA,account.5546240096d44bf8973898d70c076606
2026-02-04T12:56:42Z,Umpaumpa,account.f32c9c8ee4774ff9af2dd29b205b735b
2026-02-04T12:56:42Z,SUAS_Lee,account.c8832a153401453bbc61253f44cacb63
2026-02-04T12:56:42Z,AetherID,account.c26ab6089fff4108b2a1ebe591edbb37
2026-02-04T12:56:42Z,Kor_Jaekatory,account.e7b11c8c1a694d5cae9c799f7728a91e
2026-02-04T12:56:42Z,BGP_head,account.214f9cc46f4a40d2ae5c048472f5a820
2026-02-04T12:56:42Z,narnahc_iK,account.50ba2bb6adef42118330b20af8bfcc16
2026-02-04T12:56:42Z,HEADSHOT_JOA,account.986f4c7175c84e94939ba37c0be17f13
2026-02-04T12:56:42Z,SeunghunO_O,account.4d5c7a458231475aba90eb67154e668c
2026-02-04T12:56:42Z,wodbs1203,account.5dc014fa146d4ecdb658fa037580e980
2026-02-04T12:56:42Z,Coupang_Bugatti,account.a1809f182fbc452cb0d6e92d987f3f6b
2026-02-04T12:56:42Z,JiNu_-,account.9a16ce17fb944fb896c0b994eea2474d
2026-02-04T12:56:42Z,K_-Marco,account.79024076ff554af28801d84fdf0b043b
2026-02-04T12:56:42Z,Z_AD02,account.fdac1d4cb79245d2b770292dc8e11d2e
2026-02-04T12:56:42Z,DNX_Kasanova,account.5fc9d014ab0448858f6322b15201ecdc
2026-02-04T12:56:42Z,kim4545,account.d00408c8f365419d91b6db271bc36807
2026-02-04T12:56:42Z,MANDOOv_v,account.ff0b069c0d0d45e18653c8c50fc90716
2026-02-04T12:56:42Z,ZNT_KimWed,account.e3cd44367e2e464cae23c61dc4a6653a
2026-02-04T12:56:42Z,Mot1on-Gra9hic,account.319e6d3dea91466bb7bc30e6651bd08a
2026-02-04T12:56:42Z,SUAS_Titleist,account.bebf398e6948433585eab60717547026
2026-02-04T12:56:42Z,VRTX_Geun,account.bd20f6ec309e481694c231f99bd248f1
2026-02-04T12:56:42Z,RTZ_817,account.49988c88eacd457b8a536c2b31247ab4
2026-02-04T12:49:40Z,Cpr_Pump,account.6f900c037c914e9d933464823ae41c51
2026-02-04T12:49:40Z,Kimhizkhan,account.54cfaa71cdbb4de3907cfb1f279c5feb
2026-02-04T12:49:40Z,NCPA,account.36da2d152b7144d58c936bb9de1aab5b
2026-02-04T12:49:40Z,NoTouch_,account.07d7878efb194c56a2f1d2cb79ee7109
2026-02-04T12:49:40Z,thrkfql_-,account.600a1f1203944f609158c479c7e52e30
2026-02-04T12:49:40Z,NRNB_JinroIsBack,account.2953b9d4d5bc45e6868a1f347423a0cf
2026-02-04T12:49:40Z,Cpr_1vs4,account.8177088b40cc4d8b905db873560cd911
2026-02-04T12:49:40Z,XxEchoshadexX,account.6e52b4177e0640e69f9a12cbbf9191d0
2026-02-04T12:49:40Z,0931_sy,account.78a70e15584547df972ef5f74a425b4a
2026-02-04T12:49:40Z,im_o_din,account.6b28500ef7dc4dfdb9d230672f158a9f
2026-02-04T12:49:40Z,5967,account.6d3cdd85ed074255ae1b5ce4f0bc4794
2026-02-04T12:49:40Z,Reina_Hing,account.b24348cffbd740c0953b4180efe195a5
2026-02-04T12:49:40Z,NRNB_KSMAT,account.d205abe2c7694e529b9f7a73c68401f1
2026-02-04T12:49:40Z,ilililiiiliiiill,account.a9a58ba3f23e4271a4089d5d48127592
2026-02-04T12:49:40Z,xhtltkf_-,account.3458e04617cd4ea68cb160723e53c572
2026-02-04T12:49:40Z,KitsuneClangogo,account.1711386ab4d94a4cbb4584ff5c1546aa
2026-02-04T12:49:40Z,HARU__v,account.2e0bb2bfb7c14333bbf58e409224ef1a
2026-02-04T12:49:40Z,s_ak_ura,account.c4e4ebe204bf443089f3bbb53377c010
2026-02-04T12:49:40Z,h8185,account.32a7b44b2c234370a1d4cb9cf2e216ea
2026-02-04T12:49:40Z,2P_KNH,account.00341e8e96a24d3f89176fcfc6cb7174
2026-02-04T12:49:40Z,Cpr_BerylM762,account.ae174cdcc1424e2ebadb5c5238af3a2d
2026-02-04T12:49:40Z,GENSALUTE0123456,account.39a554ca327f474883185d2179745243
2026-02-04T12:49:40Z,KOREA_004,account.4a6bd25cffb24a2fa177691d5ea07415
2026-02-04T12:49:40Z,gux_9711,account.b8c0acfd9dcb4878855666e672d17174
2026-02-04T12:49:40Z,docute,account.84e9585239f941dea74d5d72ba976ba1
2026-02-04T12:49:40Z,Imsudak,account.d92919b28d344364a461e9eaabf57e75
2026-02-04T12:49:40Z,8030,account.25c675eb54c34276b032c8f4439e9fcc
2026-02-04T12:49:40Z,Sunchip_99,account.5344d75ef3ab41fe975c972237777dc4
2026-02-04T12:49:40Z,sshake1t,account.e8e2ab88aa2849c9aa89e072a9a65a00
2026-02-04T12:49:40Z,xinzho_sasageo,account.1d881a38596e4ddfa001e4b2fa701d35
2026-02-04T12:49:40Z,kyuzziii,account.fdb7f26eb4d5416db21e0a0487f5d161
2026-02-04T12:49:40Z,Cpr_Meoeun,account.a089ff6e33744953872be7c1a1f64f7f
2026-02-04T12:49:40Z,Play_MM,account.98cac1e9969c441fab8cdfb33f965bb2
2026-02-04T12:49:40Z,nimizzz,account.4478679c5bf843569b9b2c7d8eead8e4
2026-02-04T12:49:40Z,Zxxsvnz,account.e377a39d069348d7bcb77f617e34c842
2026-02-04T12:49:40Z,dsofkdof,account.f933dd54e47c432f8e1631b49ea196a6
2026-02-04T12:49:40Z,ID_SEUNGHEON,account.061e5a7a34f942d496adab8b6eda5e4f
2026-02-04T12:49:40Z,seungho6614,account.a39d74e2d1ff4be88d25b208e1585d74
2026-02-04T12:49:40Z,Robot953,account.035b3252f45941bcb266d6e5b2be2d8c
2026-02-04T12:49:40Z,CoinVaccine,account.c96a990338d146fe8567e4c1641351a7
2026-02-04T12:49:40Z,leekyubari,account.26170b247ee24ec7956e259e02a3e6bb
2026-02-04T12:49:40Z,alfclghl_-,account.13334c20e55b4cedb26283254aef17a8
2026-02-04T12:28:41Z,woobe,account.491b882fd4064923b317bebacc793add
2026-02-04T12:28:41Z,H_suuuuu_,account.c395e65acb7a495b9db5b81e841cceab
2026-02-04T12:28:41Z,Nicky_Butt,account.e33f9d5239844f03b0cb273739021c49
2026-02-04T12:28:41Z,jbro0620,account.00e8a666cb2b422394da351514808559
2026-02-04T12:28:41Z,lovemontreal,account.dbff703e67864e84a74f3a0a6086cc59
2026-02-04T12:28:41Z,tlqkfRjwufk,account.90b9cc8532474289b64e850bd576dae4
2026-02-04T12:28:41Z,CK-5jjoragoopakC,account.14d7494aa8514c8fa44f5db3d9b75a0b
2026-02-04T12:28:41Z,bokdor,account.e95edc7deb26453aa1a0891f351c2a53
2026-02-04T12:28:41Z,CP-0_RaMi,account.1a5191dba92b43b89d00fa26694a941a
2026-02-04T12:28:41Z,tjrgus5,account.ee113822c6f8456eb34631bedeaa5eed
2026-02-04T12:28:41Z,Bakist-_-,account.bf073cf975b14bf592ceddb1c06efadd
2026-02-04T12:28:41Z,P2G_Banlee,account.33d64d65c3854978a676b167437ee5ce
2026-02-04T12:28:41Z,ppak-ppak-e,account.e81cef755ed4490fad05036c62cc37a2
2026-02-04T12:28:41Z,whiteGGOCHU19cm,account.d10eafddd8c7481cbbb72a5ab8b48119
2026-02-04T12:28:41Z,code_DionySos,account.896c9bf4da47486ca12fd371efca1b13
2026-02-04T12:28:41Z,kotorizzang-,account.47c37bd8ba694a76a1fc302b6af07ea5
2026-02-04T12:28:41Z,Cheonan_NO1,account.10dc8dd7d1014de194bfdb2a8ddea9a7
2026-02-04T12:28:41Z,Bitterness0803,account.eb9e1ad2fd43409bbb419eeb307803d6
2026-02-04T12:28:41Z,M_gyu_kim,account.53802f3fe7ee4ac883039e4bc38290c6
2026-02-04T12:28:41Z,ChaeBambi,account.bdf69a4cc01c46319d5640170142b7b1
2026-02-04T12:28:41Z,code_glaring,account.052c0d8df3ec4003a263807b2d4297fe
2026-02-04T12:28:41Z,KUmasji-_-,account.7fe9118c7bb34d81a1fcc80c493371fd
2026-02-04T12:28:41Z,Zzachine_e,account.3232821dfd0b42efb2afe3b781d08665
2026-02-04T12:28:41Z,hyeoksri_,account.75df96e896184ba1b682faf6db9e253c
2026-02-04T12:28:41Z,ELSangtachSniper,account.ad2cd8ca2ece4e70b04bc6b5a593a930
2026-02-04T12:28:41Z,CNi_YoJung,account.23ea81bbdbaa41a7ae4e7a3989e820e2
2026-02-04T12:28:41Z,JEJU_Hanchi,account.2c2d01aed9d34442b924a76f2c01bc00
2026-02-04T12:28:41Z,1SC_MATDORI,account.007535cd055548949863cbff5a8ae3a6
2026-02-04T12:28:41Z,horojamji1,account.59e23f287768492492973fe2c366bb5f
2026-02-04T12:28:41Z,KNP_1087,account.37f3b955317e488d958173c9d472e321
2026-02-04T12:13:57Z,pyundabin,account.2b0a94df0ddd4591a96806e580e0e616
2026-02-04T12:13:57Z,AIR_ClanMozip,account.4f3bdedd95784994a979cfa0df6ddd13
2026-02-04T12:13:57Z,HE_BornMay29,account.979cb0662aac445dabf7c7eef6e8ff09
2026-02-04T12:13:57Z,NX_JAM0NG,account.dd5ea35a237349aca9a25aa8555077a2
2026-02-04T12:13:57Z,jong2406,account.a88b81e3a5fe4b4e878d98c711de88b4
2026-02-04T12:13:57Z,Hfass,account.b2765f581bb243a09fd0a22e848d5e67
2026-02-04T12:13:57Z,CB_-_Roxnar,account.fd1d8561423a4c31884701471f767202
2026-02-04T12:13:57Z,sexyguy098,account.065c1901367e4a1ba17d19a40b0b8a87
2026-02-04T12:13:57Z,whenwhenwhen,account.245f234eda98496b9f0613350ae88635
2026-02-04T12:13:57Z,ShrlmpXESmania,account.e1afb9be077f48fba3e5640c58bbdea1
2026-02-04T12:13:57Z,10CANG,account.e3a935f5cbac42d9af2d2beb276ce791
2026-02-04T12:13:57Z,Lchwi,account.4d57c1d1995d4304b6c0a3d09fcc22f8
2026-02-04T12:13:57Z,healer_Ahri,account.d2d7ef9b416c493586b0c727d8d38c68
2026-02-04T12:13:57Z,WG_IIIiiIII,account.89fd7237a5664d8cb01653b42c34539f
2026-02-04T12:13:57Z,dlstoddlwrkxek,account.e8e16aaf36af485eb67f8a0d4b840a4f
2026-02-04T12:13:57Z,tM_DENG,account.71addf0b5715466bb4c0ac0a9fff882a
2026-02-04T12:13:57Z,Osal_ZzangGu,account.a9bcf4351bd84d7794c6bd275e87c6b9
2026-02-04T12:13:57Z,NX_SOO,account.43e3c82e73854217b5928c242dc9beec
2026-02-04T12:13:57Z,NURa-L-9E,account.b530a37c24ad48f6af0b1dc8178514fc
2026-02-04T12:13:57Z,MYHMYHMYHM,account.a7ac3ab99157434a844958b267c562dd
2026-02-04T12:13:57Z,marinecorps2,account.9d26a47393884608998ad65c57cc7672
2026-02-04T12:13:57Z,NU_jisope,account.0d0b6255dd104c969e4a12a64ce34554
2026-02-04T12:13:57Z,Oops_Nose,account.193bcc78f813430aa2851f4ecd4afe0a
2026-02-04T12:13:57Z,jeddle-_-,account.ef0e355e682242b98a43c7a9adb29ac6
2026-02-04T12:13:57Z,OGU_Black,account.6383650fde974b6da47ecd2fe936de6f
2026-02-04T12:13:57Z,WG_SuShi,account.98eae8de8c4a42d2b99037198480d47c
2026-02-04T12:13:57Z,HE_BBoQ,account.f605336fe74742ca8248a695da7093ae
2026-02-04T12:13:57Z,Napm_,account.39865fcd3e4d4754bf1739535047a040
2026-02-04T12:13:57Z,Ham_joo,account.923820878abc443eb6651a095cc1e8b6
2026-02-04T12:13:57Z,6YLY9,account.74610bdb13aa40b8aae144491542cbc4
2026-02-04T12:13:57Z,NUSamGyeopSal,account.ea5a139dc9b04876bd923d78ccba8ca8
2026-02-04T12:13:57Z,QWER_G,account.dea0e317f1e94d3a85dce2a80f0912a0
2026-02-04T12:13:57Z,NX_PHANTOM,account.0378f345478041b3a434cc650bf2f7bf
2026-02-04T12:13:57Z,2019_11_04,account.a7be747056ba4ef892fbd17ac4579d6a
2026-02-04T12:13:57Z,zorro__3,account.ee5e4a95ac8f4172a08827a23fa2f522
2026-02-04T12:13:57Z,tanitani22,account.4d6c4fbdd2ae4a829990d84634d3514b
2026-02-04T12:13:57Z,UmoOoOoOoOoOo,account.469359491a12403396cdce293df88c44
2026-02-04T12:13:57Z,NU93,account.8b83063636b448d4970a2fe76ca33e97
2026-02-04T12:13:57Z,da-_-euni,account.968fab481b55457d95832411640879b4
2026-02-04T11:51:45Z,NaGROZA,account.2b8b745a3f2e42b89cf6cf4fc1ce2cf9
2026-02-04T11:51:45Z,Dovelyjjang,account.9656cb0f253945c28c69038667b75a3b
2026-02-04T11:51:45Z,WaxingGIRL-,account.1e03c37736ba484fa115232ba18cddfe
2026-02-04T11:51:45Z,QTQT_JUSLO,account.aa19b3518c484b1b98aad430ec555ca4
2026-02-04T11:51:45Z,SeoLee-_-,account.7ab2c1b6b72043da88c135954d6ce792
2026-02-04T11:51:45Z,EKVORHEKSLRL-_-,account.16b8110b2b264d6e8f7432030e6d4a11
2026-02-04T11:51:45Z,KB_Rhino,account.3b029f0abb314b5291a343d97b76da42
2026-02-04T11:51:45Z,95PZS,account.cd11a10f678043ac857c398b60f1a664
2026-02-04T11:51:45Z,CHANGE__SUN,account.fbd8aac64eee4021a4e46733d53626a0
2026-02-04T11:51:45Z,mm2135,account.0a5b7d4179714374a8af4969a33476a0
2026-02-04T11:51:45Z,ZEBRA_KR,account.7db46704b24a44e9b01c628f2f3986d2
2026-02-04T11:51:45Z,basecti11,account.9ad4cef0bb7142c2af9812d1aae5e7af
2026-02-04T11:51:45Z,ksi820824,account.42c8f6f49d7b48e5bff766aac364b25d
2026-02-04T11:51:45Z,eeno-_-,account.c06c76a14544409da21ca655fb2437b1
2026-02-04T11:51:45Z,DTT_illillillill,account.4ea3abf74cd247bc87bb3fe1b82c34b2
2026-02-04T11:51:45Z,DTT_llIllIllIll,account.73a6d7969ab941898fdbd609afef365f
2026-02-04T11:51:45Z,Shrimpburger-3-,account.6a0754a40348433a958458e881d4a2a6
2026-02-04T11:51:45Z,Bebe_Mat,account.c942f1a472434c49862cf257af338928
2026-02-04T11:51:45Z,sibar19191919,account.8774825b7c5942d4abd1f056c421b266
2026-02-04T11:51:45Z,Hik-HikHomuri,account.a833c7dfeac1439da4f3b6f0496cc685
2026-02-04T11:51:45Z,95LHJ,account.84417ba536bd4ee9abd250f078da1267
2026-02-04T11:51:45Z,M_ateo,account.9b8c15551cc04df6a92ae59087e84511
2026-02-04T11:51:45Z,CHANGE__1sung,account.df3558669b314833b5c7b66d43117461
2026-02-04T11:51:45Z,llllillilililiil,account.03d182db4b694684b95be091a675af28
2026-02-04T11:51:45Z,96SYD,account.f6c56a5b4d9241459033b9bc243001ff
2026-02-04T11:51:45Z,95LS_7,account.e8963446997547108aa80b907d0f3800
2026-02-04T11:51:45Z,Lee_Eun_Soo,account.5d54a51ab4f34e1c9edc921ad7a4c699
2026-02-04T11:51:45Z,DOBY_JJANG,account.ed68bd975c6d43dc85d562d8eb7b63f7
2026-02-04T11:51:45Z,BzSsaRaaaa,account.b3089c5bfecc4e9ca0ab5dead345564f
2026-02-04T11:51:45Z,IFBBqBRO,account.791210b771d94b018fd8cc76b8ccdb3c
2026-02-04T11:51:45Z,HES_GUN2,account.95540a3c92de45da871f09b0e36bae7b
2026-02-04T11:51:45Z,BzDu,account.05524abc9a1444878266ade777c3a8d2
2026-02-04T11:51:45Z,dddk66,account.62d17b33ff834d5f843b9ffa27997896
2026-02-04T11:51:45Z,Cheeseburger-3-,account.c67deab24a2d480298836c21b12de4b2
2026-02-04T11:51:45Z,Pancher_King,account.a5cc92e218024642a3a485ebc256fc53
2026-02-04T11:51:45Z,BalRoHanakk,account.c9150729b0ce491dabe56e842e64b2de
2026-02-04T11:27:05Z,Broken_AimT_T,account.0f2e053a7167435ea71a884fc476744f
2026-02-04T11:27:05Z,YangYangwi,account.03df2dec8cea4600a7532c0ea15a9a69
2026-02-04T11:27:05Z,gugucone,account.e872e9aeaffb42a387e6001ec1f50c71
2026-02-04T11:27:05Z,US_15G9,account.2774825691894f9f90fc7fbd8f057b8a
2026-02-04T11:27:05Z,JINGBURGER1008,account.112ec19b6abd4de59de9ede27f174311
2026-02-04T11:27:05Z,CS_GGAMDI,account.a25575adb8274fcf9a7efeb9a8778261
2026-02-04T11:27:05Z,guksannoMOIM,account.c724784e15bd42978c851ee650bbf77d
2026-02-04T11:27:05Z,BamBi_sxxnxgxd,account.d05188552a8545478c0c36fb74be9e52
2026-02-04T11:27:05Z,chanel1691,account.879b5f8c6ae442bfb40153f64796b67c
2026-02-04T11:27:05Z,FXxX74,account.cf136a0ef37443b3bda6f271a2c4be01
2026-02-04T11:27:05Z,ArcherHardy,account.cea36fd719e6404185558ca73399a9ac
2026-02-04T11:27:05Z,rok_ho2nyst,account.661dc42a4a86437990cb029cb6e6f5db
2026-02-04T11:27:05Z,tM_BANANA,account.4352783e0a9744b3a38af90a772796da
2026-02-04T11:27:05Z,DIC_SENSE,account.27cf1b8362e94a05963410d24f2ef214
2026-02-04T11:27:05Z,NUtxam,account.62785b4ed5ac484fba5021a973bdec68
2026-02-04T11:27:05Z,DIC_S2oNU,account.c4cdf52afa0542859d68153a2251ca83
2026-02-04T11:27:05Z,Ez_Hulk,account.cdc3bf60e1094a229e4261516c8d7683
2026-02-04T11:27:05Z,Ez_CuriAng0_0,account.472ba8d09c254ee1a2cf0367f5221b48
2026-02-04T11:27:05Z,CAMEL_LEGEND,account.8b71d538f0344f58a75dcfee0f20ebbb
2026-02-04T11:27:05Z,NGCSecurity,account.b20c60acfcf84a84ac4839d489ed840b
2026-02-04T11:27:05Z,navynumber1,account.54a859be92a54058b1a6c6c91d4bf3a0
2026-02-04T11:27:05Z,ZZ_Ravi,account.75b41bd9f09e49a1a2d53f358968ae88
2026-02-04T11:27:05Z,NUMBER_EIGHT_8,account.1f63223977a9400bac0efe63f7faf8c8
2026-02-04T11:27:05Z,BamBi_Need,account.7b66e0af31934d1a84b1bef79dbbd149
2026-02-04T11:27:05Z,DAF_5G9,account.81aec5cfc5f74700ab95a57a9802589d
2026-02-04T11:27:05Z,302Whsskwkfgp-,account.501e82211bde49f4a3419593f3d58ae5
2026-02-04T11:27:05Z,AVENUE_LEE,account.ded7b3ea50804cc5989174e006d3acab
2026-02-04T11:27:05Z,DDock_ddi,account.05ef267dea854f718628b35507def845
2026-02-04T11:27:05Z,ZZ_Jessie,account.afbfa90db23340d485e9ce538472133e
2026-02-04T11:27:05Z,king123456879,account.b2eca8e3200148d2be07e8c9bc06d588
2026-02-04T11:27:05Z,GhostSSAT,account.f516e98d302e46c389d37002bd9cee77
2026-02-04T11:27:05Z,sing_ing_Hyeoni,account.629441c2a4bb49b09eded4074accd0c8
2026-02-04T11:27:05Z,ELPPARK,account.f74aaeba6d2040178012bfdb1453133d
2026-02-04T11:27:05Z,sorkeksqlek,account.64812c34fb7546fcb6eadb2ce2f2d13a
2026-02-04T11:27:05Z,ZZ_Jang,account.d2435328ea4543ddae60d0faf160430e
2026-02-04T10:56:44Z,wlsdnr-21,account.d3a0639212ff4175809db0ee2dc69ec4
2026-02-04T10:56:44Z,AXIS_Changsik,account.faff009cc29c46b9a57d94b91b9c99fa
2026-02-04T10:56:44Z,GU_UNDERWEAR,account.c7a64dd163714a72a8fdd6247e0f7cdf
2026-02-04T10:56:44Z,zoozlsl,account.2b38ad76d9d342b89588584747b64ecc
2026-02-04T10:56:44Z,ODOG_Jerry,account.dfb2102aacf34b4d8865671da1570d95
2026-02-04T10:56:44Z,AXIS_SOMI-__-s2,account.70cfd7cbe5374109b3f8093e9c8ce545
2026-02-04T10:56:44Z,m1nzzzzzzy,account.ad15f0f8a7b34ab1b45100c8fec7555f
2026-02-04T10:56:44Z,WaB_KKU,account.3efd2e5e00a0487791dd0e36d52afe5a
2026-02-04T10:56:44Z,chohyeongjin,account.5206d37574494552830fe2ae14fd13ab
2026-02-04T10:56:44Z,SOMI-_________-2,account.1f9ac91e6cb04425a061adf554c21201
2026-02-04T10:56:44Z,NMW_NUMBER,account.8f11b0f3c46448609368220b6ef20f38
2026-02-04T10:56:44Z,choirobbang,account.bdf6172a537a4803a14f5cbb9d52abe0
2026-02-04T10:56:44Z,ODOG_Doberman,account.b2b476a0c1ae465b9d8b67ef72ea640d
2026-02-04T10:56:44Z,halleamallea,account.5ff415d27ce841779a8b5e550d7675ef
2026-02-04T10:56:44Z,llIllIllIlllIII,account.018963edbf90476a83953f4de446f79c
2026-02-04T10:56:44Z,asdferq,account.a0f4a0e766a342b98fa47e2f26c1b496
2026-02-04T10:56:44Z,rudymaru,account.ad22902598dc4e08834dfc41c791b97f
2026-02-04T10:56:44Z,KJY-gg,account.4ccccd241ca0440f819b37095937d19d
2026-02-04T10:56:44Z,yusu94,account.e7e74328be4e4270b2c5cd7e598e6f2a
2026-02-04T10:56:44Z,ROK_KAI,account.bb3b737ca67148d78f6abf221da5d28a
2026-02-04T10:56:44Z,dongjahoonji,account.3a8eda6cc7ef44d0a4976176dcb2bcd9
2026-02-04T10:56:44Z,ODOG_7H,account.62e9e16379fa4263b15a8a68814f2cc2
2026-02-04T10:56:44Z,94_lllillililili,account.efde7b44aa8d4fa8875730ea2ddc29c4
2026-02-04T10:56:44Z,BCM_S1897_,account.0c344bfc298d4bdf8f28c56cf7fdf0c4
2026-02-04T10:56:44Z,ssambbang,account.57b931312e9046a68f2f2aa0c8540c2b
2026-02-04T10:56:44Z,ODOG_Yummy,account.7dc3f62b9b154de48ecedce5ae4f96e2
2026-02-04T10:41:40Z,sexpartner1,account.97d870fea9cd41368fd35595dd18ea14
2026-02-04T10:41:40Z,DOTOMI69,account.4205f4037e824e7d9d58f1fecd4ae015
2026-02-04T10:41:40Z,Ez_Jangsungeon,account.8284c06097b14e34baf092e34176b1dd
2026-02-04T10:41:40Z,Oldshcool_x_x,account.28b85286d4de44a5b95e14468147eeae
2026-02-04T10:41:40Z,inoC5,account.a186202e79cb4f1ba2af7f951cd87a32
2026-02-04T10:41:40Z,495O,account.3fd27ff5208d44dba5c4ade7b4097b2f
2026-02-04T10:41:40Z,ThxFirstLady,account.3e4923239343431783faadeae0932b4d
2026-02-04T10:41:40Z,2CN_Hanning,account.d63764cf08f44c2889c49f2a78456aba
2026-02-04T10:41:40Z,BGP_Som2BaBo,account.291628c238dd45719363cd53c9eaae31
2026-02-04T10:41:40Z,Ez_JaemoonE,account.6cd5b7c6b4da47118b87fb87e14dd963
2026-02-04T10:41:40Z,O-BANG2,account.6f9d9a93229345d599bfb1f2adabd159
2026-02-04T10:41:40Z,limsxxwater-0-,account.4c3e095cb9404ee29cb92a51c8db7309
2026-02-04T10:41:40Z,INUNESalute,account.7ff607e568a94ecc890f64f63bcd809d
2026-02-04T10:41:40Z,zzannyeonghaseyo,account.9bbdbc31bfa94b878642003fc759441a
2026-02-04T10:41:40Z,01091778567,account.0959249ab10b48cebd85b9b789fd7d3f
2026-02-04T10:41:40Z,BGP_YaNaDoo,account.12696e6617ec42dcbddafb29d46b6516
2026-02-04T10:41:40Z,eb_lalala,account.9b6d67b3aa6041bc9a810fc63a1cb979
2026-02-04T10:41:40Z,Jalmotheyo2hejom,account.90e627fa1c2c4c9f84a35af56f540aaa
2026-02-04T10:41:40Z,JPM96,account.3b0215496de3429c9b3f6c171175744b
2026-02-04T10:41:40Z,Dokari-0-,account.247aed5e25de44e98f02bff91c09b0eb
2026-02-04T10:41:40Z,M2penda_-,account.0008205416eb47cb9d747c7d67532fa5
2026-02-04T10:41:40Z,BGP_Invade,account.6f371dd92c464326b4e0ac8b0034c6a1
2026-02-04T10:41:40Z,INX_BOCCHI,account.d16cc2ad914e4cafa92e60c684b54baf
2026-02-04T10:41:40Z,Ez_hakC,account.e3377ac0605e4467a360fbb12ca129d1
2026-02-04T10:41:40Z,tjcldbot,account.3f0c8f2e772c447e9454eafcbcf6de67
2026-02-04T10:41:40Z,Mr__sang,account.6a6a53ff040f43aab3903487c9bd8822
2026-02-04T10:41:40Z,Giveme8xplz,account.e4f70e7841f34aa0b4030476d1dd5319
2026-02-04T10:41:40Z,sxxyano,account.b764dba8b22a4aa281ca4e69cdaa6944
2026-02-04T10:41:40Z,O_BANG2,account.2a477c854db142de8cc7932cc690c947
2026-02-04T10:41:40Z,Robot891,account.3ad1eb02577f4324b1ee0dd474b164cc
2026-02-04T10:41:40Z,apple99a,account.0ed7dbd8d79749f68c48507b6031d3f0
2026-02-04T10:08:31Z,PSH0016,account.f692fc8b508147e79cc08379cda78bc8
2026-02-04T10:08:31Z,duzzhoncoo,account.6bbce973794e40ad93b5c47ba6a4bc24
2026-02-04T10:08:31Z,DONGdong16-,account.6328d1f87e0a4555aa7c1e860a570612
2026-02-04T10:08:31Z,Nostradumuhxun,account.6ce30a8de4c5440fa08150b0813e998d
2026-02-04T10:08:31Z,wokisgood,account.e3110e05d5c74fddb448d1c87ea8ce94
2026-02-04T10:08:31Z,NL_DADA,account.ed5e150a1a774a448d8fec9cc9dc95c1
2026-02-04T10:08:31Z,woo_wook2,account.505f0dc0388e43538858aec7a882a20f
2026-02-04T10:08:31Z,hm2003,account.f8dae6c4694f4996bcb494fefbb5230e
2026-02-04T10:08:31Z,3B2S,account.2f12c558902943d79971bc8d2ede16b4
2026-02-04T10:08:31Z,im_e-ming9,account.5ee933e5dd70407d99ed709265366513
2026-02-04T10:08:31Z,200720merry,account.25a1d398f1e3421782c7d746f511573e
2026-02-04T10:08:31Z,YellowCow-,account.c3202e36413b4402b8e3bc346f48de75
2026-02-04T10:08:31Z,Mr_Hongk,account.e0cf18809c5041c4945109d87718a8c3
2026-02-04T10:08:31Z,JADEJANG,account.dd2d8972050e48d1859ed19fc0f6290d
2026-02-04T10:08:31Z,P5_docheor,account.93d79ae0c18043f9883b6fe9f871bd45
2026-02-04T10:08:31Z,IMRAMG2,account.3846fc3a3cb44fd3a643577fc6683e79
2026-02-04T10:08:31Z,jaeseongmen,account.15309ae97f52496ebc47be3a94f05035
2026-02-04T10:08:31Z,BALENCIAGA__KR,account.fae3d7a7cf48453a98936c931f906a13
2026-02-04T10:08:31Z,DExTER-x-,account.09fadac1631a482182704a57b657f60b
2026-02-04T10:08:31Z,ghswkgksnl,account.fe83b272c7d1450b88910cfaaf04445a
2026-02-04T10:08:31Z,1_SKIBOY,account.d90d51e8936743abb87bd7e3d8111a7a
2026-02-04T10:08:31Z,AAIE_98,account.f3bdd6c5dd8a4243a2880caf6722b139
2026-02-04T10:08:31Z,llheadhuntersll,account.6a3f669a194742b49463b0d6c2b1858f
2026-02-04T10:08:31Z,niiwakano,account.8134a0bdd316499b9c60f532260ba3b4
2026-02-04T10:08:31Z,Hwyl-,account.22e067b8c78d4fdf8ad0f8b3ff3df117
2026-02-04T10:08:31Z,NNe2_Hyun,account.cac1aecbee7347a1b77589727cf4cc8f
2026-02-04T10:08:31Z,DaeJ_Typhoon,account.5b730dc6204a492faf24f9be524f13e8
2026-02-04T10:08:31Z,kimki76,account.7f855c63304c417eafb770a229a8e9bd
2026-02-04T10:08:31Z,GOraN1_Shooter,account.b32793ba0ca54572b48dc73fc1ba42f5
2026-02-04T10:08:31Z,SSIBZOKBAB_-,account.4863f7cfdfec45f194f6b43faede9685
2026-02-04T10:08:31Z,THE_UMP,account.05bb626c1e844af9b5cbd2b3c69d402f
2026-02-04T10:08:31Z,Lunarfox0221,account.fedd56fbac9d429884b6f170cdd6432a
2026-02-04T10:08:31Z,asdzxcqweasd1,account.d5791d12f02446709d25d10a14673411
2026-02-04T10:08:31Z,CUTE_SW2,account.6945b56d0cd14fff9f6b8e56546e01aa
2026-02-04T10:08:31Z,Spoi2,account.ab439873e6514799a5203bdc733707a9
2026-02-04T10:08:31Z,jiho137,account.fbbb68111da84a5d996d3d14816ffee6
2026-02-04T10:08:31Z,MyoungHo-,account.52479f0ecf90440f92346f229ae99fa6
2026-02-04T10:08:31Z,SeoHoX_x,account.27f83c5e87ee42de96a52f2899e39e85
2026-02-04T10:08:31Z,NAERONAMBUL_-,account.aca81df073564900a6e8865d3110ba29
2026-02-04T10:08:31Z,S2ally_-,account.5dc1a47567734f6dbdcd32d58c8d52d0
2026-02-04T10:08:31Z,dangdanghansanai,account.20cb21e572f24dc38e653bff5e06b40d
2026-02-04T10:08:31Z,JCN_Number3,account.18c6e45322194b61a0bf727368d4a420
2026-02-04T09:48:29Z,jungsun2117,account.fd0b112ef3b44853a5ad329e9d538611
2026-02-04T09:48:29Z,h_kj-tow,account.4ab271877cd045e686e9ccfa351abc5f
2026-02-04T09:48:29Z,a1235647,account.e30c9c898cca407db4ab17154d087a48
2026-02-04T09:48:29Z,x_xbbi,account.fd4a06a51fa04996a0aad9c96cac9794
2026-02-04T09:48:29Z,CCOCCOBALL-,account.7d6022e3f1a04a30a9ad6d4b2870e90e
2026-02-04T09:48:29Z,kxdd_-,account.2407d890ec2c4b7f94e0dd2642e136fc
2026-02-04T09:48:29Z,whtjddns2,account.e27c0304f65e462aa089e4796e736270
2026-02-04T09:48:29Z,gosugosu_1,account.5c8c4d11c9cf4c61b122b16adccfbfa6
2026-02-04T09:48:29Z,PumBaa--,account.d56aabd1f993431b8c7af80f20134654
2026-02-04T09:48:29Z,o_o_ggg,account.193cdf41ce7347cea1ae0f0229a9c193
2026-02-04T09:48:29Z,Ez_purple,account.30786a444fb04f6193f1150fe7286e4e
2026-02-04T09:48:29Z,pwh2085,account.703d43ac0ddc49869f9df51e8efe925e
2026-02-04T09:48:29Z,ZAMBOZ,account.7e6e31879ee645c4ae999e7bcebfa2e4
2026-02-04T09:48:29Z,Daybreakysm,account.5c8fa899d87f4926963e202053708659
2026-02-04T09:48:29Z,Barrack_,account.c6c76417a3b3493682af9f8b30879c30
2026-02-04T09:48:29Z,LLIN_qwer,account.3e2aef5d321d43a88d3d06eb8d58f46f
2026-02-04T09:48:29Z,AFTV-sling,account.655bcdb267c84aaa9ca38e03bc6427ac
2026-02-04T09:48:29Z,Police-99,account.4988389a6e014fc0b011adf1fb613080
2026-02-04T09:48:29Z,kkamyoung-0,account.8b0fb12f2cb848f99a4e8ce8bc7287cc
2026-02-04T09:48:29Z,i1lili1iil1il,account.0ba38a07b2d74b85a753f17e434d139f
2026-02-04T09:48:29Z,kimboss11,account.f4a28b4808c04d5f8eed06c15dc97c4e
2026-02-04T09:48:29Z,jmeS2,account.3808c737b9344960b3313bbbde10a6af
2026-02-04T09:48:29Z,dddd8827,account.63877dfb729946c29d924d54c39f83db
2026-02-04T09:48:29Z,BROINFIGHTER,account.dfcd0eaf31e44fa3ad5252bbe2247eeb
2026-02-04T09:48:29Z,DuckNugurii,account.d9954e0139f34e7ba46ea1c6d644ca8f
2026-02-04T09:48:29Z,5980Trucker,account.ac89ba05f6da411da7948757eda68aad
2026-02-04T09:48:29Z,Terrius-,account.a531c2eb6fa442b9bdb32a7e0dfd99bc
2026-02-04T09:48:29Z,AmericaNO-_-7,account.10c6dde195994ebaaa3e362a7063fd73
2026-02-04T09:48:29Z,nickdduck,account.29de09a9ec9a4e96a88c7e3e28e3ab5a
2026-02-04T09:48:29Z,yoni-_-,account.ca9c8c631854451587e4e0c44bed5261
2026-02-04T09:48:29Z,80_80_,account.6868636917a34692b6a34c59c357fd91
2026-02-04T09:48:29Z,MI6_MI6_MI6_M,account.dd4bdd2386764157ad902d353333eed4
2026-02-04T09:48:29Z,asdfghasd12,account.6ea1ef8d164243aa866a5d2859349e64
2026-02-04T09:48:29Z,LLIN_cuteboy,account.c2449013ec37498bbd989b5135678095
2026-02-04T09:48:29Z,lllllllJJlllllll,account.c1b925eda515421ea29c59224a8c3f8a
2026-02-04T09:48:29Z,HODEOK_-,account.9c07a7b9d96344819e660d5fc2ff50f0
2026-02-04T09:48:29Z,Yal_mi,account.6488c079c3f647c1bff9f5d840ed6122
2026-02-04T09:48:29Z,Bro_Una,account.03d287998c1141758a864c88a2568ca0
2026-02-04T09:48:29Z,dbtmddn-,account.dd67f5f42518489eab6b020d8f508574
2026-02-04T09:48:29Z,koronaa_,account.fc1a8a5c2fde4e35a37999714eba8d75
2026-02-04T09:48:29Z,HHHJH-_-,account.ca504905e6b245649fd423f19d731bd6
2026-02-04T09:48:29Z,S-N_Godok,account.17c84dc72594441e8947541a2bb0f5ba
2026-02-04T09:48:29Z,lnus_-,account.df7b736b823c48acaafb05b573b276d5
2026-02-04T09:48:29Z,leekonggg,account.c4a1913d50684a7aa934fa57ebb7a9d0
2026-02-03T20:48:09Z,M_mura,account.be7d790e66504b2c93aea3dcab69db7a
2026-02-03T20:48:09Z,JJJJJJJJJJJUN2,account.90cb879fc279441f94a71d1b34e1c0db
2026-02-03T20:48:09Z,BANBANPASTA,account.c3a96cff5dc44ffeba34e67f244af9ad
2026-02-03T20:48:09Z,IamByeori,account.c058446d2d034e85a33f6209923e2aff
2026-02-03T20:48:09Z,Edgee_-,account.64abc8b2bb2f493ebcfa920e167f48ae
2026-02-03T20:48:09Z,Ez_VanNi,account.93c539ad6afd45eb9f3dafa484fc3de2
2026-02-03T20:48:09Z,NUDUBLESHOT,account.b01b5ca58e874ddfb0b7f97aa70290b0
2026-02-03T20:48:09Z,eLLa__-,account.baaab610dda442ebb84f48418f6d797f
2026-02-03T20:48:09Z,bbubbu-3-,account.5f1cbfd87c8e4303b36c7493396f5ec3
2026-02-03T20:48:09Z,Hae98Toc-,account.13a59bb1894f450381b2e5123cdafcf5
2026-02-03T20:48:09Z,B-JONGJE,account.ce01945ceb83487c8f3669b2c27aa0cf
2026-02-03T20:48:09Z,SCK_Quokka,account.1237e5f3bac942e58e4569ffb5a1d639
2026-02-03T20:48:09Z,SEGUToc-,account.8ddcb41a578149b38636a2857b6c3bad
2026-02-03T20:48:09Z,Ez_Diingo,account.81b1e056012d4a96ad8b4e5374a762e4
2026-02-03T20:48:09Z,Ez_BULLBATDDA,account.05e89c59bada4a55a26b887203ffbd87
2026-02-03T20:48:09Z,SCK_CHANI,account.d70bfb9993964e2d89063597100f5b0e
2026-02-03T20:48:09Z,ynpink,account.de8fbc2e20c54c2ebe816e838568ad97
2026-02-03T20:48:09Z,Jn_nS,account.b9bb720c36224f809dacda69ddc7c832
2026-02-03T20:48:09Z,LIsianthus-S2,account.922b26b8cbea42cb8e193d85d95a0260
2026-02-03T20:48:09Z,GeumjjokToc-,account.7b79b03c4f70462b9fb182f1025c1151
2026-02-03T20:48:09Z,MEV_Pure,account.2d4f4a581e9949379316dc28964a3958
2026-02-03T20:48:09Z,Ez_O_-dookae,account.2ba66893e366411eb38e4c2c733e84ed
2026-02-03T20:48:09Z,H_JINE_,account.566f438d663e49b68126f233acc41307
2026-02-03T20:48:09Z,Ez_Qhrx,account.320fb044067f47f2a5f016f03cfd6e73
2026-02-03T20:48:09Z,Yejjok2,account.ac3befd6289c434b92286ac054c5012a
2026-02-03T20:37:01Z,Sibuya-,account.57d39f4e175042f3908fd99cad06cfa5
2026-02-03T20:37:01Z,DK100_sc,account.cb9bcf8e6b88413e8ac573a29d27e70b
2026-02-03T20:37:01Z,WG_SSIN,account.6f5d8ea4c1b84da990d62bca99fb0f2c
2026-02-03T20:37:01Z,BMS_Fuxx,account.f0323af063fa4f408811400125ff463d
2026-02-03T20:37:01Z,Ami_abe,account.b438638f000844b891489d5a6e4e78c8
2026-02-03T20:37:01Z,PK_GGang2,account.306aa2f667a14654b70f18f43a1b5225
2026-02-03T20:37:01Z,Iam_AkaN,account.ffbb05c86c7d4482af48bca6829e420a
2026-02-03T20:37:01Z,109Ren,account.924f6a32e2ca4719ad346deff52d6c60
2026-02-03T20:37:01Z,ChiBab_,account.0bc81c0d0b9a405e918567e08d6fceb9
2026-02-03T20:37:01Z,2CN_AR0NYY,account.3a7ed11db58b449ba4ac4a02f5542ec8
2026-02-03T20:37:01Z,DK100_pp,account.8875c9cbe96749f98a726c9f189114fc
2026-02-03T20:37:01Z,lllllilllllilii,account.ef73bb128d094e1ea6c017c18294f33a
2026-02-03T20:37:01Z,0JiJihAeKN,account.9daef58c82e842f9b5c5c9faa81703ac
2026-02-03T20:37:01Z,dlsdudn123,account.bc358cb6bc8e45b6bdabfb8f658c21ca
2026-02-03T20:37:01Z,NUbattle,account.79adde75a3d14816bf738b3d144a1a79
2026-02-03T20:37:01Z,Ardent_-,account.9a73ebd7796e40cf81fa296eccb63a13
2026-02-03T20:37:01Z,xlrxlrSTR,account.2e93a5fc3dd44731bdcc8d3548d4495f
2026-02-03T20:37:01Z,tM_Airplane,account.5d717f975dc64dca91d3609ce934cf29
2026-02-03T20:37:01Z,mp_1160,account.00c7f1e8ac264242b6cda84a55b779fd
2026-02-03T20:37:01Z,ComeBacktoyoubot,account.04fe8f60d40447578e299577bb98f630
2026-02-03T20:37:01Z,qocnshdwkd,account.ee9d34b8764e479f82141486a10fa8e1
2026-02-03T20:37:01Z,SEGYUN_M,account.940f8f1a40324b6ca4fff23ada7a85c1
2026-02-03T20:07:00Z,tbqndwhdk,account.8532738cd36045c5b77057a3244c50a3
2026-02-03T20:07:00Z,Lm_Aurara,account.3e5993b94d51446c839b9a510b3fcb72
2026-02-03T20:07:00Z,WGC_Hide,account.13927d18ef0a4991bc335fdef9ee578d
2026-02-03T20:07:00Z,BreatheInTheAir,account.d57c12fe8d7342a1a79f161dc27c17d9
2026-02-03T20:07:00Z,FKG_11111,account.d6fc6117f43a4c3c95fa4f090f7f1fc4
2026-02-03T20:07:00Z,rmsiddkrkfQkr,account.6ed14f13a9b545d983c8aa566e50910a
2026-02-03T20:07:00Z,INX_Centum,account.2039a57fde5948efa4bfd1b37c80dfa9
2026-02-03T20:07:00Z,1vs63X_-,account.829885d7da9c4cbfa6f0f40a863a39e3
2026-02-03T20:07:00Z,Loxx-_-,account.5f2dc5fd8f724301b64481de28a7b83f
2026-02-03T20:07:00Z,HUUNEYAO_O,account.07306bc7eb6e49f1b9c28547e0b9e718
2026-02-03T20:07:00Z,NASDAQ100_GIFT,account.37ed03d52bc44e86919d48cbb41621dd
2026-02-03T20:07:00Z,MB_JJIN,account.5ab3509987bf48b69eb3cc2229de9897
2026-02-03T20:07:00Z,15412231,account.4ecbc82f31d14886854324799c97cd44
2026-02-03T20:07:00Z,WGC_QkdlWkdl,account.99797336afae4f059c10b7a074ff0f9e
2026-02-03T20:07:00Z,Qu2enDom,account.2f8d1976fe58495eb94b49c379630e64
2026-02-03T20:07:00Z,hekity2,account.d0bc416bc39940938615fa490cc614f9
2026-02-03T20:07:00Z,Ez_Guard,account.015aaad6ba904ab8b72ecbfc674ef7ea
2026-02-03T20:07:00Z,Leeta_TV,account.a67ddfb1b89043afbe6f36d5deae895f
2026-02-03T20:07:00Z,Vxlentine_-,account.3957122521494e6d8174b3753a9c7374
2026-02-03T20:07:00Z,samdae5baek,account.b2c9aaa57053456181be4b086c802dc6
2026-02-03T20:07:00Z,InSaengJomPIZZA,account.6ab9a1dc4f7540c685436dee6b65e16c
2026-02-03T20:07:00Z,MatdoryXIA,account.aab24355bb4a475dab77c26069bfaf8b
2026-02-03T20:07:00Z,5B4CK,account.536bce0a1d0e48a0a6d215c5906305dc
2026-02-03T19:54:48Z,BGP_Hyun__E22,account.ec047f56c76b41e6a22e44518ec6ab2e
2026-02-03T19:54:48Z,5Z_Crab,account.34e53acd86f745398d885eec38c0dbcf
2026-02-03T19:54:48Z,bznbnz,account.81b5dde311ed4d2187e5aea98188c990
2026-02-03T19:54:48Z,minjum19,account.de8e55c3aa284cc0ac2ef7e6da2d82d3
2026-02-03T19:54:48Z,SSENSIMBAAB-__-,account.13002d61453c4a6dadc89a4833252948
2026-02-03T19:54:48Z,V_BBangE,account.5dbee29fb7e04e1a8fb82aebe9db40d4
2026-02-03T19:54:48Z,SUAS_XOXZ,account.cddb9146a4184583b151e88162f70d3f
2026-02-03T19:54:48Z,Seraphim011017,account.5b4265fa454e405cb66eb79b8165e725
2026-02-03T19:54:48Z,CHOIOKJJI,account.6d86c505b80845998254685689525479
2026-02-03T19:54:48Z,SR_PPeng,account.79a5c88c70d84990b2cf4d8e9d11f995
2026-02-03T19:54:48Z,HXD_Rimmer,account.7043ec27958746d39c9e15c4011074ed
2026-02-03T19:54:48Z,DAF_DALBONG_-v,account.41aa66d5e06745398c865eca60ca2b1f
2026-02-03T19:54:48Z,Fubao4NG,account.2d13cb041c784a71a9ff56f4501bb821
2026-02-03T19:54:48Z,bannyst,account.052d1d1e4e004278bc5461052f67f3af
2026-02-03T19:54:48Z,IIIIllll_,account.9577c009743443b380f6b9530ae9703d
2026-02-03T19:54:48Z,KYIAO_Man,account.79967e31fbe94fa69ee32057dceee137
2026-02-03T19:54:48Z,YuqukHoneyCombo,account.b7e62d1b1b894c43adc539cd1d040617
2026-02-03T19:54:48Z,UDT_ShenOwO,account.9c1263dcf21a4a68adb5c323ac3efa1f
2026-02-03T19:54:48Z,DIC_llllllll,account.b15359dc620d4f51aba79d5379990882
2026-02-03T19:54:48Z,KNIC_BraCode,account.ae935eb533bd489e9658bbdfa38ecf56
2026-02-03T19:54:48Z,H0YAS_,account.85e8b94f5612422083eb947f90b6fcec
2026-02-03T19:54:48Z,general_term,account.885fc0e773ba4f67922d5a9464d35492
2026-02-03T19:54:48Z,4AMDosmas,account.6ceff5e2435f4b4a9f879acbb651001c
2026-02-03T19:22:33Z,IIIIllllliiliill,account.4747f9907bb6431cb1fcfb1a5f89d3bd
2026-02-03T19:22:33Z,RVGE_Seob2,account.c22aa9bd56d54347af7d12f33ee7a610
2026-02-03T19:22:33Z,WGC_IIIIIIIIII,account.05f46a6400c0405481bcc8054b8a8f5b
2026-02-03T19:22:33Z,QinAiDeMiu,account.d67565e891de44d1b717bcf9a3dbe95b
2026-02-03T19:22:33Z,NUSALMUSA,account.f4debfaff05c4cf3abdcb3209b120b3f
2026-02-03T19:22:33Z,INI_InSeok,account.70eacad5cd4b4ad883559475c308a889
2026-02-03T19:22:33Z,MASTERWN,account.7a7f104d2ece4945841b41d6e914f0d1
2026-02-03T19:22:33Z,Lee-HyunGyu,account.697d3336f8224892ae45a1183b8569eb
2026-02-03T19:22:33Z,BGP_RhcGang,account.a13c904575004a698320adedbd25171e
2026-02-03T19:22:33Z,INX_JungHa,account.99af4af25db94107a1fb36056e1cef45
2026-02-03T19:22:33Z,TransgenderBGP,account.07b7decd65e34d32b195ce38e54d08a6
2026-02-03T19:22:33Z,KR_91100YA,account.14648d4306a54c348341f1d233b0c376
2026-02-03T19:22:33Z,BLACK_BORl,account.c2a2b4ed2a294f9e9f6b9f4b00e61384
2026-02-03T19:22:33Z,lovely_189,account.10f3e226eb2445508205659066cb303a
2026-02-03T19:22:33Z,Y_Yam,account.01739d4005da494ba2f749df7bcd246d
2026-02-03T19:22:33Z,exxbi,account.74f1d9b01b93429da0c2c1d4c1bc7cd4
2026-02-03T19:22:33Z,NX_9171,account.94f684dbe22541cca3c5d43ef57fbe91
2026-02-03T19:22:33Z,JJONG_CRAB,account.eb91085a1b964133b06e3512e1b64430
2026-02-03T19:22:33Z,ORAN-G_FANTA,account.178b3a8e17eb44a6869212a5d36df70a
2026-02-03T19:22:33Z,AkaneToc-,account.0cea8b5b8c6143a7a6d3729340eb6fa2
2026-02-03T19:22:33Z,lIIIlIllIlllIlIl,account.d53978c1890d4fa1a792e5bb72e16434
2026-02-03T19:22:33Z,BBIN_CRAB,account.75e9e3dce8c24f3cbc9f4d22f15c6ec7
2026-02-03T19:22:33Z,MOCHIPING,account.4022fc05ed8242a28c6f87b61d5276b8
2026-02-03T19:22:33Z,SR_Hyeon,account.996bca63b09d4e2c938df6fb3dc2fada
2026-02-03T19:22:33Z,JJuBGP,account.1ce6e1252d0e48309b90d5d488cd279a
2026-02-03T19:14:46Z,XG_DanChu-,account.7b7639d9b8204ad5bd2648a876577a30
2026-02-03T19:14:46Z,xiaoting6974,account.000d20b1687241cbacf7b6001e2f9bbc
2026-02-03T19:14:46Z,Baran_7,account.fdbc725c444248838018cbd7e85065d9
2026-02-03T19:14:46Z,hotUk2,account.749363f6cab94e60ba87d81207428cb1
2026-02-03T19:14:46Z,BGP_DaeDu,account.ec14840c96ef4e528f575f38c48ab049
2026-02-03T19:14:46Z,BUFF_AUG,account.91f8a3d4bf97441c9501265f2e8285c8
2026-02-03T19:14:46Z,hothe2t,account.abdea3709b8b4a709211d164d99b70dd
2026-02-03T19:14:46Z,Baran_5,account.593793379f274fa6bf4d4126c9e73651
2026-02-03T19:14:46Z,Laser_ve,account.b11a0ab506074855b87f1f0af6ea9d3e
2026-02-03T19:14:46Z,H0WL_Seize,account.ad58016ff2314b2a9071ecda997f5685
2026-02-03T19:14:46Z,SipSUKI,account.1ec94b9da086487f98470ea8260d135a
2026-02-03T19:14:46Z,guddnr2v,account.893f5f661e9c4d1db3b7a92f899cb5ee
2026-02-03T19:14:46Z,BGP_SH98,account.eb67067c52de49c29424b65aa0ed4460
2026-02-03T19:14:46Z,LS_Maknae,account.20a48beceee64df2b568ea31fc375ac4
2026-02-03T19:14:46Z,Ez_Raeun,account.970908d197c54792a55abc986fb2769c
2026-02-03T19:14:46Z,MinWolSUKI,account.37fb4c18866745d3a2c008bbe81bfdbc
2026-02-03T19:14:46Z,hotssGGeun_,account.d7a6447b0ba249eb913b427d043ae1a4
2026-02-03T19:14:46Z,GGYA_MOON,account.1da626b0bec841bcb459209660704345
2026-02-03T19:14:46Z,Ez_dmdcjwkd,account.55cdd8b7ef0445098ff8d6489df66339
2026-02-03T19:14:46Z,baran_3,account.56daebf49143476d8ba0afad512ccace
2026-02-03T19:14:46Z,TemuRain1ng,account.c941161eb5354c2e944c439be2f3fd3a
2026-02-03T19:14:46Z,Baran_00,account.14b47920eecf4e948b2bacaf7ef6ada4
2026-02-03T15:40:11Z,SPG_SUJUNG,account.d56c879f074c435c8151f0bb74a18261
2026-02-03T15:40:11Z,No004_Paili,account.f20e08d83c274563bdc30369b77e834e
2026-02-03T15:40:11Z,DDG_JmaGyu,account.2c7ed9b402a84f89b33e1e140c4dd6d6
2026-02-03T15:40:11Z,CK-Duskish,account.f56646086dd540f8ac9db263d016fb13
2026-02-03T15:40:11Z,HOOKKASl,account.fa6dd21291044dd0a686571cc2679dae
2026-02-03T15:40:11Z,MrSUENG,account.eb3d89a1cea845c5991104c8b7e5097d
2026-02-03T15:40:11Z,qll0o0llp,account.8b011d30017846549cbd380b9e4217c3
2026-02-03T15:40:11Z,No151_Mew,account.0f865b66052a45d79c529a3386e093df
2026-02-03T15:40:11Z,OnehaImoney,account.b997c3c993864cdfb35ed71893bafe6c
2026-02-03T15:40:11Z,INI_Aile,account.4b90b33ebaaa48e587c788018b0f0d16
2026-02-03T15:40:11Z,INI_Sangtae-,account.eae63fc6b740425fa364824ca887f76a
2026-02-03T15:40:11Z,INI_Uri,account.6ad574197b7342088c2b35d412324783
2026-02-03T15:40:11Z,Grimi_SH,account.a1be1fab02e9459f9dc0d491c557f3d0
2026-02-03T15:40:11Z,whdydtjrWLWL,account.7ac1f55a50e84bd4919652dbf5d8edbb
2026-02-03T15:40:11Z,BGP_UU,account.9d434b8314304d7f9148c3d7e815bcb2
2026-02-03T15:40:11Z,CK-J0Y,account.536399d61a5e413e938264996e542506
2026-02-03T15:40:11Z,haejoolgge_ye,account.e230a4748acd46fda78273a368722720
2026-02-03T15:40:11Z,Moongchi_Daddy,account.0558b7de99074e6e9ee3edacf271485d
2026-02-03T15:40:11Z,haejoolgge_o,account.8f752484ead54f218a43af1b53f1fbfc
2026-02-03T15:40:11Z,INI_Die,account.1b1e3977aefc4dcbb5443872db76a7d6
2026-02-03T15:40:11Z,OMBD_SATAN,account.be50e80af1c6413586fb3ceaa6c3a024
2026-02-03T15:40:11Z,OMBD_JOKER,account.0b658566301e47ee837f1733f0b76ecd
2026-02-03T15:40:11Z,go_og5,account.9ee900ddc728465593004bd12ed89704
2026-02-03T15:40:11Z,CK-BlackPayload,account.d4f4ec4e87a5404484daede218c358ad
2026-02-03T15:40:11Z,applemacarong,account.ce528a41ff984b02a75df46ca5bb7b01
2026-02-03T15:40:11Z,TLV_WNLEHFTNS,account.f54307abe37b4a9b9b1cdcdfd82fe81c
2026-02-03T15:40:11Z,LEGENDARY_HWANG,account.79c90376198a4a83b7fde2a4dbdcab94
2026-02-03T15:40:11Z,rkdxs,account.a7a8d8a4760e4eda8361d0095ab46aac
2026-02-03T15:40:11Z,haejoolgge_123,account.91d7109ee1a34a9593dec3888d02020a
2026-02-03T15:40:11Z,OMBD_Guard,account.1738afc1a4e744ebb543f7c0c4956137
2026-02-03T15:40:11Z,imcult,account.15006a75dddc4510ad88213eb7efb17a
2026-02-03T15:05:58Z,DoFlaMingO-_-o,account.26375ccb7a2647178094d272ec4e7386
2026-02-03T15:05:58Z,Black_Mamba0824,account.9a536ce7bacb47228ae6b5da18f7ba60
2026-02-03T15:05:58Z,man_go_steen,account.7483e09bfb2f4303855ea606cc124eb3
2026-02-03T15:05:58Z,KDT_Ziniper,account.91dc3bdb5c414227928283965228f081
2026-02-03T15:05:58Z,KH_0313,account.cb9a33ced30d41dd9b97a20e58ea39e2
2026-02-03T15:05:58Z,RUN_MP5K,account.dcee1cfb21324e229c7e01ebe87f605e
2026-02-03T15:05:58Z,RUN_SINDA,account.2e676bf8967c4dbd9c2a6dc65f1c5835
2026-02-03T15:05:58Z,BePoS2,account.7ef62ca2a7d64855818939c2c5510ca6
2026-02-03T15:05:58Z,QUEENBUURRL,account.7e8255dc71c04e6cbab54b5d3491f8e5
2026-02-03T15:05:58Z,RIP_ULSAN,account.9c66b0521b2f4be683c181ace851e52e
2026-02-03T15:05:58Z,KDT_Kongzi,account.19321a16aa8e4119b1ce5431a23529d8
2026-02-03T15:05:58Z,TeFaL-LFKGO,account.7375c5742876461d922dede2bf2eb1a4
2026-02-03T15:05:58Z,SC3_KIMSEONGTAEE,account.3f018fe902344889be7cee27011fb1b5
2026-02-03T15:05:58Z,rusians,account.2975c8f551a341359d050aaf8a611d4c
2026-02-03T15:05:58Z,dewdaawtad,account.b128e5992433469aaa6e94476a580e5a
2026-02-03T15:05:58Z,Nop_-Hi,account.afc4adb4955f4404bf314829af4fa8bf
2026-02-03T15:05:58Z,BUURRL,account.51346ba11f2746ee83b94dfabed51cdd
2026-02-03T15:05:58Z,KDT_Goodrunner,account.5c3d7c79e1f34de892633631c9ffb80f
2026-02-03T15:05:58Z,Dravyn_,account.9274d8593f4e4656a16d58f5785ace0b
2026-02-03T15:05:58Z,Gurye_Eup,account.cbeed9a987ae4de4843619f7fea23727
2026-02-03T15:05:58Z,gyalsdl23,account.21534316f5f54a6b865eca8f0a6ee649
2026-02-03T15:05:58Z,sseegg,account.34c242737def4f5888bad58ee825faae
2026-02-03T15:05:58Z,jjongmin123,account.c626cb21b3db4291af2285fcceebbf94
2026-02-03T15:05:58Z,1st_siwon,account.7255639c009f493ea4f14682b2f5cfab
2026-02-03T15:05:58Z,All_Sign,account.f34e005bea19459a9fe4bfae90de21c2
2026-02-03T15:05:58Z,you_siik,account.9afe236cc6b046c188b7635a57294b80
2026-02-03T15:05:58Z,Rabid_Tiger,account.f703442f8e654ba7bc995248abbf47c8
2026-02-03T15:05:58Z,NI__ME,account.2343303f883f4011970170346e9bdd35
2026-02-03T15:05:58Z,GAMGIMAN,account.7d43b5ee06804d6a984d6a8ee18ba75a
2026-02-03T15:05:58Z,Ez_SUNGJU,account.8e23dc4df4434b408ff22e8452dce4c2
2026-02-03T15:05:58Z,IGOTL,account.84f3eea0c10047fe960c75efc9af7f6f
2026-02-03T15:05:58Z,hyeondoyul,account.d3ff1e31e09d4af39341fa5044b90d51
2026-02-03T14:41:38Z,doenjanggug,account.5dd67c385a574a13831ebd83d63bca44
2026-02-03T14:41:38Z,oh_dongdnog,account.e6f6606cd59940e0951e4a27fbb3d568
2026-02-03T14:41:38Z,beeci,account.4dc652251f01458b8c71c275eed6026b
2026-02-03T14:41:38Z,imhotga2,account.bc0cfc81671c46b7ba672ff95863090e
2026-02-03T14:41:38Z,guyri1004,account.a35899a7bda147a8a094d2a26bfe4b43
2026-02-03T14:41:38Z,mV_BbangMii,account.bd98a58ac32a49a796981de4cefcf2dc
2026-02-03T14:41:38Z,MEV_Path,account.3cdaa65e3eb342a4974e8d32a14452fc
2026-02-03T14:41:38Z,INI_Aurora,account.45a41b43301c49a18e7b83892a2409f8
2026-02-03T14:41:38Z,20140809,account.5050eaa97e754cbfa24a94ace4973c6b
2026-02-03T14:41:38Z,PIG_RABBIT_,account.d6c853439c2e4588aea5d032e54c243b
2026-02-03T14:41:38Z,blackjjindda0,account.591299f80de84efd8a363923dbf15183
2026-02-03T14:41:38Z,Got_ZzalBa,account.0b6dbf85323b4358a79186b3d788c721
2026-02-03T14:41:38Z,McN_ManXINO,account.f6a94da914914844ae156cea66d17aac
2026-02-03T14:41:38Z,New_Face_Model,account.94c5640bd3434e018383853fc29de96d
2026-02-03T14:41:38Z,AbbyYeoby,account.24371c059a1f4ab3afdcf9f49eccd260
2026-02-03T14:41:38Z,SSM_SIN,account.85afd3faf4e1455889f6448546053801
2026-02-03T14:41:38Z,McN_CaMp,account.c52d0ff4b1db49e7a2f798fa27922f65
2026-02-03T14:41:38Z,HEZO_hangoo,account.65fa0e9441b749e9a5e76a63aafb1d64
2026-02-03T14:41:38Z,New_Face_Kong,account.225042e0b76e49498a0c80065c1e2950
2026-02-03T14:41:38Z,mV_MINJU98,account.756e56254f1e4c01847e02670b86aa07
2026-02-03T14:41:38Z,sogogimoogug,account.8cc8ca957c764ae788d79772ffb28319
2026-02-03T14:41:38Z,Unkoown_079,account.8a4935d788494178be9c5afcd54cb707
2026-02-03T14:41:38Z,HangDooDooDoo,account.3716705344f94cdba3917209cf543fbb
2026-02-03T14:41:38Z,malimba,account.9e611bdd1345428dbe790ea93f1560e4
2026-02-03T14:41:38Z,New_Face_BBiyo,account.f07e42637b1b4822b78ab95df2510c34
2026-02-03T14:41:38Z,Ketchup-___-,account.6d7417feaa8641d7beab6d647086bee0
2026-02-03T14:41:38Z,Agzak_wan,account.4d8e817f5d614197aa23cb12c42c36a1
2026-02-03T14:41:38Z,p_0u0_q,account.5c26dd44cc2f46f7ba9dacab29389a4f
2026-02-03T14:41:38Z,P_llll,account.eb558bad694b4d3c97c393ddacda63de
2026-02-03T14:41:38Z,Neomuapayo,account.41dd4e9b0fda4953b33b10fbb49b30ed
2026-02-03T14:41:38Z,WASD_PHPP,account.e3a225b46f234d268c91580614cf17ca
2026-02-03T14:41:38Z,McN_RIGHT,account.7cabd4e2c39b400f8f2964eb9c8edd2a
2026-02-03T14:41:38Z,HEZO_AWM,account.c565dc5c15e846ff81454d9198c1dc71
2026-02-03T14:41:38Z,HEZO_OEC,account.1b670dc180e04e8391fd25377e6c5b13
2026-02-03T14:17:53Z,with_Rock,account.63ceb6d9491548ee91b1b9bb9f60cf5c
2026-02-03T14:17:53Z,PTSD_LTM--CUT,account.3a17399c87a3405d98e9af7affb36234
2026-02-03T14:17:53Z,YouTube-Bejjangi,account.d8a26b955c614478b6a2a76c19f981f3
2026-02-03T14:17:53Z,yeongamgun,account.bd9eeeb581d94d5e99175d4c4d754bd7
2026-02-03T14:17:53Z,SDWB_NARA,account.9443f87809bc4e8e986df602ee655806
2026-02-03T14:17:53Z,liilliilililii,account.ebe24a3c2c384299bfa5b2cbc2ea04a7
2026-02-03T14:17:53Z,OH7lDOM,account.fd43c975000d4a7babf1977404003ebb
2026-02-03T14:17:53Z,VEX_IS,account.62996f862ce84a5ea02b22795710394b
2026-02-03T14:17:53Z,whiteline_Ssun,account.f26b6660acb94b428677a19b96b05563
2026-02-03T14:17:53Z,l-_-l_l-_-l,account.2ad2799f33f44bbeb3ad063858870942
2026-02-03T14:17:53Z,KimBanchan_,account.37bb3d3f18aa48fab725690f9814ed7b
2026-02-03T14:17:53Z,sibeolping-gu__-,account.0c0eb1850e804051a6a9b609bbd02d32
2026-02-03T14:17:53Z,DIC_CID,account.150d13b5bd9b4045828f2dd4e666f2e5
2026-02-03T14:17:53Z,Vip_1123,account.cceea7719f5d49dbb73a7920a215c55d
2026-02-03T14:17:53Z,satr174,account.f429e8917a15465c882df6a12732a008
2026-02-03T14:17:53Z,iilliilllillii,account.7a4f42abee584fffa6f3c89211950a9f
2026-02-03T14:17:53Z,MST-Buzzkill,account.0a9ede623684440693e0318ca63da539
2026-02-03T14:17:53Z,FRE2-,account.2a1715fb7ea6433a835eb35ca778929c
2026-02-03T14:17:53Z,SabujakSsabujak,account.0372067206a84d039174ac8885afdc37
2026-02-03T14:17:53Z,VEX_DS,account.5aef70e3a3cc4d75bec0e68c22c4c70e
2026-02-03T14:17:53Z,FRZ_Sangho,account.5f73997316754e01a03fbc8a2ec34c5b
2026-02-03T14:17:53Z,ACE_DDKING,account.4feb318f79c44fcbbe0dcd5113202e64
2026-02-03T14:17:53Z,VEX_YG,account.7b938f9eb3db4415bdd64655bc9751b1
2026-02-03T14:17:53Z,ssaa7158,account.9fdea1f6244543a9be49b7e51ef42b99
2026-02-03T14:17:53Z,ldh5744,account.1f487dc9b9864f9da40b312a6786a53c
2026-02-03T14:17:53Z,hong-s-s-s-s,account.62e2e1d0da2e442884a7b2a3c1b94e97
2026-02-03T14:17:53Z,HEEJUN-,account.1a516cad1508466282ecd0fbee9ec41e
2026-02-03T14:17:53Z,Proximity_0,account.e9445fbcb70d4e8b9590b104c149b39e
2026-02-03T13:49:53Z,ss-n-unni,account.3e1d6efde58447afa982abe03b9cd634
2026-02-03T13:49:53Z,MSTelecome,account.d9e4eaf904194481b6c32c30c425d905
2026-02-03T13:49:53Z,MolanG_G,account.acf111ef0ac9459ea37270c28d309219
2026-02-03T13:49:53Z,GARU_Shinys,account.7be63e6cfce94b9ea49f0777119c3ec7
2026-02-03T13:49:53Z,joppajimasem,account.5315978bc814469fa1897067d435d1f6
2026-02-03T13:49:53Z,adsgtf,account.0f63c1cb1c4d477fa149282016ee6f21
2026-02-03T13:49:53Z,H_AnSm-_-,account.102656a764e249bba22b4550a874e734
2026-02-03T13:49:53Z,BOOM-8-,account.9463b05c5673445fb24d7ce761685f5b
2026-02-03T13:49:53Z,LTB_XHAMSTER,account.776024995627474abfbf6e5f69d19a82
2026-02-03T13:49:53Z,gi-98,account.852fd48571c44bb7a49926bebfa040b3
2026-02-03T13:49:53Z,Daaeenng,account.c9475a26cf794bee863b076dbef12edf
2026-02-03T13:49:53Z,BGP_TanVuu,account.eb45983267984b1f989c7ea3b8a9815f
2026-02-03T13:49:53Z,Shivski,account.bd3da1c853ee4aaf8228a7e847f2f650
2026-02-03T13:49:53Z,JackPokl,account.549853f6a7304c80b6d90941f9cc3731
2026-02-03T13:49:53Z,LunaticHai_zGs,account.a861b5e7ba514d63a6dde7344912f83b
2026-02-03T13:49:53Z,EMG_HYUN,account.472e65032b2545e1a791286df84c9206
2026-02-03T13:49:53Z,NiceShot_Cut,account.bad04ac12631496f928023bfc06e228a
2026-02-03T13:49:53Z,GD_HS,account.1e158b0444954cc2857790dec882db72
2026-02-03T13:49:53Z,asciixx,account.f100f935dc6b4ff183d4378b49f08dac
2026-02-03T13:49:53Z,Ddak_cheol,account.0aef526e55554941b47b3553e54c3ea8
2026-02-03T13:49:53Z,AGaYams,account.0de37f53e48d46a2805b83b1ad72b7d3
2026-02-03T13:49:53Z,Pitch_Pi,account.db094e4e5ee145ad8dfa189d6ff6e49c
2026-02-03T13:49:53Z,PTSD_SuHyun,account.771dc512f3ef499ebec9cf3e99b0defd
2026-02-03T13:49:53Z,Heung-mini,account.6596df73d8f84cdf91e744949d3c0af3
2026-02-03T13:49:53Z,SENSATIONAL-_-,account.b2449e126e1441239d95f3db8440b747
2026-02-03T13:49:53Z,WINNER_KKCY,account.09a2c8214c5242e08a55eddb28642baf
2026-02-03T13:49:53Z,GARU_Deayoung,account.12901ee979a343fbb4335b51ab524da5
2026-02-03T13:49:53Z,JEONG_JAE1230,account.cf2c47790bad430e9e4ed0d71ca89f5d
2026-02-03T13:49:53Z,CAMEL_HOT6,account.314fee9f2dfc44fb804aa44279ecd5c7
2026-02-03T13:49:53Z,NoNxxM,account.c337c755951748c4bf2562d26d100ebc
2026-02-03T13:49:53Z,Devils4,account.8197d3ccc4114eecb95dd7f015528d00
2026-02-03T13:49:53Z,seagullllll,account.d499c66bb3b34334a95559d694f25929
2026-02-03T13:49:53Z,gunbaringa,account.055938011a4f45b9be651b01d89e4490
2026-02-03T13:49:53Z,Fellaini,account.116ec4a5144f439781bd92dd539bbd32
2026-02-03T13:49:53Z,MEV_4u,account.05cc1ce16dce4b2da94415ca6b22bc7d
2026-02-03T13:49:53Z,out_M762,account.3046cff11810473c985159f3af68e090
2026-02-03T13:49:53Z,Ddol_SK,account.d1e92edece5e4cf88922d0e3fed9a667
2026-02-03T13:49:53Z,EverlandOwO,account.d2e8ec4c56554ac08706e2029b1b4372
2026-02-03T13:49:53Z,hyuggie__,account.2c920ad83ed24e25863eaa16612d7279
2026-02-03T13:49:53Z,C_H_AEN,account.1c4684a6a8f348dbb9db48335d0a328f
2026-02-03T13:28:20Z,YunJunhee_,account.a6475afdef154205bdd821807971fd41
2026-02-03T13:28:20Z,pemissss,account.993234c94c764ef380f59a39ccae4eef
2026-02-03T13:28:20Z,U_MOM_BUNSOOKING,account.b6af3dbe04a642f084fda2d78814dae0
2026-02-03T13:28:20Z,P2G_Cloud,account.057567de15e148b2ba00a5bd8ed4cdca
2026-02-03T13:28:20Z,assac_,account.952b3c969aab484b8b482516ee2dc335
2026-02-03T13:28:20Z,Mooyaho_DengDeng,account.d2382ecbff5b47508be6fcc2b43282ca
2026-02-03T13:28:20Z,KR_Battle_Cat,account.2100cc7660d6433798113ffeb0c744e8
2026-02-03T13:28:20Z,Sicken--,account.2f918f2211954a13b8ee1b2eed10c618
2026-02-03T13:28:20Z,X4_hyun,account.06247faf7fac4b7682468d34bc345014
2026-02-03T13:28:20Z,ZanCa-no1,account.805a49409ab84596bbc772a463f353d6
2026-02-03T13:28:20Z,WG_YoungHon,account.fea8948ec05e44c3add459367f75f831
2026-02-03T13:28:20Z,GTT-JIN,account.a67a89968d1c4aef882c8ce9e8ce7483
2026-02-03T13:28:20Z,iamakorean-,account.cee55b69487e40cb85fc5f423b117669
2026-02-03T13:28:20Z,kimdnhn,account.f386dd46a7d349d3999aced922c64f3f
2026-02-03T13:28:20Z,Jamjagosipda_-,account.6ba72c9ebab04a669a87248a178e9d09
2026-02-03T13:28:20Z,GPS_Ram2,account.f2752147a60b4151be3f11d1c7550a25
2026-02-03T13:28:20Z,Juun01,account.d1eb558b01294cbcacf36f6c1587d677
2026-02-03T13:28:20Z,GIMPUCKJUN,account.9052daaabf8b45b2908e66b75daebe76
2026-02-03T13:28:20Z,DOL_Yui,account.ebe03f2ddefd4168af80ac94a3cc78f6
2026-02-03T13:28:20Z,KINGDDAKFUL,account.0811da07fd66466d8860d94c6035fbd9
2026-02-03T13:28:20Z,xixixooxixix,account.df064b9b44b0493dabf3bf8d60de00eb
2026-02-03T13:28:20Z,Boxer_99,account.7c484fe0f57d4394afd380350fcfe944
2026-02-03T13:28:20Z,GrayCow-,account.460b4ab0cc5c4073a1be18a064f4c0aa
2026-02-03T13:28:20Z,Daeypro,account.159bfa57a2894044b37cdd6b901c6892
2026-02-03T13:28:20Z,X4_JUUNJJ,account.9d9a9876724844b7a6248dcc595e2b1c
2026-02-03T13:28:20Z,Mw_Scream,account.17707cad2edc4ea0819c2ded516145d9
2026-02-03T13:28:20Z,LBC_Hotdog,account.c9f2ae9415eb4c09808d9fdbcf49bd44
2026-02-03T13:28:20Z,google-NAVER12,account.6189c4511bcc4af4aaff5ec9a3adbc78
2026-02-03T13:28:20Z,DIC_Xx_xX,account.7d7e6a94559040b0bc29ef2bf4fdc2f2
2026-02-03T13:28:20Z,USER_1P,account.0a4299fddb594031b98416397edc6dc8
2026-02-03T13:28:20Z,Safe_Uknow,account.2f80dc6da5ae4cf4b7e39e47e13ef3ad
2026-02-03T13:28:20Z,2Vs1cut,account.e937ab42cff245deae2a7e6ba10783fa
2026-02-03T13:28:20Z,aotjdnssnsao111,account.44134daeebd347bb97e03aea509b8208
2026-02-03T13:28:20Z,X4_GGulbbang,account.88e72d8a815c47cebad30ea297fd7cea
2026-02-03T13:28:20Z,GOG_Groot,account.a8740c028d1e4d19a175432aab2f5c3a
2026-02-03T13:28:20Z,ChanHong2,account.1790ccd7480949d69c98ca2aa55e38e2
2026-02-03T13:28:20Z,MS__BS,account.8bb0fffcbe314db1ae1fe9700a0c3869
2026-02-03T13:28:20Z,GPS_UnknowN,account.74285b7c3dd34ff087eb677514e0d164
2026-02-03T13:28:20Z,TTengJihn,account.c7061d8629fe4f758d15b9be341cc532
2026-02-03T13:28:20Z,water_agent,account.1b6deb5fe9b742678e48d298484429a9
2026-02-03T13:28:20Z,vhdeb0424,account.483c2f91279e4298926d079616f9e212
2026-02-03T13:28:20Z,NAJU_OPPA,account.ef864c3a556a4eff95f08fbaeab41444
2026-02-03T13:28:20Z,Sopanova,account.0e6f9a812a3641159cfbe8c29dfdb253
2026-02-03T13:28:20Z,P2G_BBoDDuRe,account.ca75e7a3037641e186a1da5e9ac51902
2026-02-03T13:28:20Z,LGG_SAITAMA,account.bc4a9715260b4d5f92e5e41929333f02
2026-02-03T13:23:26Z,JuJe2ya__,account.55c1d48ca9994770b9f48f12a4dc1228
2026-02-03T13:23:26Z,cyusong,account.4c1c95c67ec2488c97a39946f95ce4e3
2026-02-03T13:23:26Z,Dic_walldo,account.3090c561bafd4d50a2d634d12fcc4dfc
2026-02-03T13:23:26Z,ID_woo,account.3f74103a8b7644dd80a9981ffcebe0cf
2026-02-03T13:23:26Z,ggigggig,account.bcab146677e6414ab6ac4a6677190d95
2026-02-03T13:23:26Z,m_ssdd,account.97d711e5db344991ac02bcb04c8eac73
2026-02-03T13:23:26Z,daechup,account.0ee092d81b124224872cf713e1831e1c
2026-02-03T13:23:26Z,NxxN-,account.75f3d4a9ac1e45ee8c2b047af0fe933d
2026-02-03T13:23:26Z,S1897-PUSHPUSH,account.8369857be27b499ea4c2097f9f36755c
2026-02-03T13:23:26Z,hoho7657,account.768fa3f4a36f428e82fb98a71fccc7df
2026-02-03T13:23:26Z,A_J94,account.e9e8417faebb47eaaf2ec1355959d061
2026-02-03T13:23:26Z,Gunchime_Sakdono,account.49fe9c3ede3548e2b6be7079b7412948
2026-02-03T13:23:26Z,SOS_NAJUGEO,account.53e6b9b5170044c681af75df6529ea0c
2026-02-03T13:23:26Z,JxeMin,account.e824f01ec0924752a7d18c8b25881d4b
2026-02-03T13:23:26Z,minjihyeon-u,account.993f2f415f4d44b3bc75d8fbd8957414
2026-02-03T13:23:26Z,hogu_AGH,account.f298a8ab89ef44e38b6c1bbdca1ceeac
2026-02-03T13:23:26Z,Hack-M762,account.4c29a879490e4e52aa7369a3a2eaed4f
2026-02-03T13:23:26Z,Pushjom__,account.445b37bf753640c7a38501913c75b1cb
2026-02-03T13:23:26Z,KONOYARO_U,account.a3a368cf6bf34fb2bd4e32c8204eb93d
2026-02-03T13:23:26Z,T_Bnb-KUY,account.27d31607a3ff422180ab3673535cfff2
2026-02-03T13:23:26Z,ggimozing,account.6d08b360656a485c80e4fb0317817454
2026-02-03T13:23:26Z,yooung_J,account.98438aab72a5473fb91ef724637a4641
2026-02-03T13:23:26Z,ho_jin2,account.5bc6d713b0e04c51bd26dd93827e4173
2026-02-03T13:23:26Z,LineUP_InJa,account.5e8ae83a77184fa199d8acb3e81b9d45
2026-02-03T13:23:26Z,sexy_skh,account.138506b07bd64af0b553b000061fc73f
2026-02-03T13:23:26Z,kimoriiii,account.5bbe37d163b144d085dfa14e83854074
2026-02-03T13:23:26Z,Jinee_-_-,account.2d0df487915646e1ab674b1042180454
2026-02-03T13:23:26Z,DIC_Eve,account.58f8dfc101764dfb899e24e322027f91
2026-02-03T13:23:26Z,no6241,account.702222261d984bdc8d85fbacd4ee6c73
2026-02-03T13:23:26Z,Instructor_zoe,account.c738186941c3486aa0d633cb46a2b119
2026-02-03T13:23:26Z,SOS_Kama,account.3ed560e8889042a48319c1dd45e94ba6
2026-02-03T13:23:26Z,x1_psycho,account.b973ad55cabc41e7807388dd1f1d91ba
2026-02-03T13:23:26Z,MOKAHIHI,account.7c0e874f5fd548f4838d086835941bf2
2026-02-03T13:23:26Z,m0moco,account.b65aa5a758414a448ec3fcfd77b534d2
2026-02-03T13:23:26Z,BUFF_SSONG,account.5e7ba6b420aa4b4bade62e5641a7cb25
2026-02-03T13:23:26Z,74747774,account.2833fd52a7d84d7fa504a4671d6b3c75
2026-02-03T13:23:26Z,Clap_Shaman,account.767c518191494272be20e5177239645b
2026-02-03T13:23:26Z,jongbab2,account.3342b25041af4b758bce87421eaebccc
2026-02-03T13:23:26Z,JJangDrrrr__,account.0b487a5c52fa47568ad4b745b2b78091
2026-02-03T13:23:26Z,2wonu,account.4344100ac5c44607a1d7d539e834ba7a
2026-02-03T13:23:26Z,APMcleaning,account.d83b02a1993048baa39786857c0356ee
2026-02-03T13:23:26Z,asdusahd2ndnask,account.01ba5c00aea449358ed082fb7e13dcad
2026-02-03T13:23:26Z,sickdan,account.307c7af2780245aa8951e2fc813589d3
2026-02-03T13:23:26Z,zzxxcd,account.57e29bcd5f2645ee8ffce05cfa8d812a
2026-02-03T12:51:23Z,ICE_TARGET,account.c01370a97db34343a21bdf664f29d789
2026-02-03T12:51:23Z,asak2,account.de4c4e569a86475196c01dcf27238e48
2026-02-03T12:51:23Z,naseoheeya,account.adf86b5a9711466fba206faa774c6e26
2026-02-03T12:51:23Z,Gunsan_SonStar,account.8f3ac3fe3db44aada9fc25b8bc9dbfa6
2026-02-03T12:51:23Z,Kuya_o_o,account.84dba1b170b74eb4a6f5fc32e93fb7dd
2026-02-03T12:51:23Z,KR_1N,account.b524f7d3371a4add8091bdb0440000d3
2026-02-03T12:51:23Z,Euni_o_o,account.0895c23b427942428dfbe357ce7ae0cc
2026-02-03T12:51:23Z,ICE_BeryL,account.b3310b000d694828bc7e155d575d3fbd
2026-02-03T12:51:23Z,7474747474747747,account.ec22b6a2ae1f4d26ac105ce81cc98d54
2026-02-03T12:51:23Z,05051108,account.1e64f07af5d64627a1a4a7cb8064e24f
2026-02-03T12:51:23Z,wjsdnejr,account.e2ddd5c9ad8e4048b58b9107e9960672
2026-02-03T12:51:23Z,DDACK_KING,account.1da51c3c03de4378af2f4077702f5d5d
2026-02-03T12:51:23Z,GOM_MN,account.4a4f678043e14414b3634b95b69e730e
2026-02-03T12:51:23Z,byulo_o,account.fb5e7d61483249b58e28c8e36e8edca1
2026-02-03T12:51:23Z,H_Mfactory,account.0f1cb0fd1a4741d2b9daecd4e2e01f48
2026-02-03T12:51:23Z,SRANK_YANMAR,account.49c418c568b64f2692678f471e85085a
2026-02-03T12:51:23Z,ICE_HUSH,account.33ee0bb192364e60a7aeed20bda65242
2026-02-03T12:51:23Z,dora_emon2,account.4485cb05a472448691915d87dca803db
2026-02-03T12:51:23Z,kkam-da,account.d104220f6782412cbf6274f80a9a5192
2026-02-03T12:51:23Z,DNA_KKosu,account.808d28ec2a6045c5be2fd3624ed0ba6f
2026-02-03T12:51:23Z,kkk5616,account.2dec49137bca48cf8f806ef019560c9c
2026-02-03T12:51:23Z,KR_CHU1NG2,account.9e5df4264b314874b1057e2e96acf1c7
2026-02-03T12:51:23Z,NV4_NIKE,account.7bb73f4f3c724ee88bdb9a1c22bce378
2026-02-03T12:51:23Z,MANGSUK-2,account.c4062b57a1494da9a29d2ef62bbceebd
2026-02-03T12:51:23Z,DcM_PoongSan,account.0bd8c378993646de96d3fb705364a9c4
2026-02-03T12:51:23Z,TA_YO_Beetle,account.26b94ba82d88490eb339f4a986285c93
2026-02-03T12:51:23Z,dkdlejtmzpdl,account.6978bd9747d34befbb539740eaf86768
2026-02-03T12:51:23Z,Ez_Haerying,account.20be63bac0f34dbebd92eb7fea80e299
2026-02-03T12:51:23Z,DNA_alstjd337,account.f094f038201f4bbab19eb7851d0bcfad
2026-02-03T12:51:23Z,DcM_Doberman,account.73c4dccfdb3b426d8a231658ae1a9802
2026-02-03T12:51:23Z,DcM_LowChen,account.d7f6961d4733437a8d386fb3c1db9309
2026-02-03T12:51:23Z,bionda1190,account.09248ae385d84d28a954bd49237e72b6
2026-02-03T12:51:23Z,WZangdori,account.7649eebad33f45a08b322ad73b8527bf
2026-02-03T12:40:15Z,umm_fresh_air,account.7f2be98b3f9e4a0db6eafd3695712c7e
2026-02-03T12:40:15Z,D9_re,account.b3a4dab10ba64da7a2fa6d1744d1aa7b
2026-02-03T12:40:15Z,s19970730,account.51efdb170c6247cf837096b4bbf649eb
2026-02-03T12:40:15Z,J19980808,account.b390e25003e84b988b905ef620e7a557
2026-02-03T12:40:15Z,3Cha-_-,account.92d2be6ad50b4faf9e14ee079e0ecd28
2026-02-03T12:40:15Z,hjs5550,account.dc0208af73784bacbc3cd0098fc1fa51
2026-02-03T12:40:15Z,jinzzaOsaL_,account.57deae408ef14133b35a050d91d4d358
2026-02-03T12:40:15Z,sksmscksndi,account.bc344f2fe74f452799a20e9be9585d41
2026-02-03T12:40:15Z,DD_CESCO,account.cc5df69c1ae2472a9de82e2be4fd76e8
2026-02-03T12:40:15Z,INI_JOO,account.49ae19f56afb425daddf62924e0b58d9
2026-02-03T12:40:15Z,14K-SamSik,account.4ef0c83cc392409685cce65c0dcb13d4
2026-02-03T12:40:15Z,dltmdwns111,account.e0710476acb04a96a8c9eb4e0d375446
2026-02-03T12:40:15Z,tkfkdtmfjsandand,account.4ca9938a36ad41a180069ef617dd0e17
2026-02-03T12:40:15Z,TpX_Dior,account.e8b2296de96949b8bce27d0f22ce081e
2026-02-03T12:40:15Z,AmsalChoi,account.b98cea146b254317b3eda86e8cb5cad9
2026-02-03T12:40:15Z,dudu__2,account.aff0d19db9264e4b9e2213463bea167d
2026-02-03T12:40:15Z,JoTker-_,account.4f4d849dbb014039ac8283a793adee8c
2026-02-03T12:40:15Z,N_amky,account.f51eca2332594808846f51097ee8e2ae
2026-02-03T12:40:15Z,iilllillillili,account.23c6c14d63784f508e83fd9fdfdb23ab
2026-02-03T12:40:15Z,date211030,account.7d4f291614da49338adaea7a37c53bb7
2026-02-03T12:40:15Z,NAGAROBIR0,account.f7538b393bf64770bd30065b414a5cca
2026-02-03T12:40:15Z,Puplebean,account.1f8c938cad844251b2d825a457dbb554
2026-02-03T12:40:15Z,D4_-HAVOC,account.3dc5d7bc8df04351b5d62b7bf5944687
2026-02-03T12:40:15Z,Gxun_-,account.fd688e08a8cb4182af859126568339d6
2026-02-03T12:40:15Z,D4_-zzZ,account.5c3bf4fc58ea4cdb8c7cbfa312f380d3
2026-02-03T12:40:15Z,FeministNaGerHan,account.59cd5cb9ff0b4227bfb72f2dd4545cdf
2026-02-03T12:40:15Z,freeman54,account.4a9045e81583447db033579d6a86a95d
2026-02-03T12:40:15Z,dongwoo77,account.343a976f156d45ed945786ff393bee48
2026-02-03T12:40:15Z,R_Hyunju,account.3498bd0241d04079ae0bef7ff62340ae
2026-02-03T12:40:15Z,DD_Finn,account.acb1a444dd3041a4b6cb494b0e5e5e28
2026-02-03T12:40:15Z,D4_-Hertz,account.be7b70554225476b973d913176d46d4c
2026-02-03T12:40:15Z,911Carrera4GT,account.4162dfcd1547465a98e19cb8ba11e62a
2026-02-03T12:40:15Z,U-JINN,account.0d7b1697a32744aebe75a83ec76b2a42
2026-02-03T12:40:15Z,music07729,account.ff8f2f9e635d4b64add34e0c70ca9cdf
2026-02-03T12:40:15Z,Gatorade-_-,account.64c09e4577884af287217fa7db48954a
2026-02-03T12:40:15Z,simsomman,account.522ec6538dae4d8bb45ff70fa2456f79
2026-02-03T12:40:15Z,minamhyeok,account.74db03ded6014a9fb90a6745ab67823c
2026-02-03T12:40:15Z,CODE_SOO,account.174c1f508c5f44928c734bf1bea2cad4
2026-02-03T12:40:15Z,mekagojila,account.906f3908357e4e37b122438abd246d97
2026-02-03T12:40:15Z,Amor_TAETAE,account.51b822610886421e89e924389c522e01
2026-02-03T12:40:15Z,Rizz_boy,account.667793caf460484ca723942d2d30df40
2026-02-03T12:17:42Z,su_roro,account.ddb26288e93d46b3ac16dd45ef477dc9
2026-02-03T12:17:42Z,LGS_GWAROSA,account.bc47d65dde1644f6b2bbdc1eda073d56
2026-02-03T12:17:42Z,MEV_kanmming,account.d00c295a3974458bbf1893938983d052
2026-02-03T12:17:42Z,vO_OvAv,account.d670965ee29449cb9a24294ef0c43d46
2026-02-03T12:17:42Z,PXG_BLADE,account.303b198f0c89413dab60cb9358978e1f
2026-02-03T12:17:42Z,GOAT_INGANMI,account.0ad208229e53480eaf0fb71058ab0da0
2026-02-03T12:17:42Z,Yakkl,account.06c62069178247d48fdb7d11ca9c08df
2026-02-03T12:17:42Z,DNS_SOMI,account.8337ce99c3d04dcab9253541fd3750f8
2026-02-03T12:17:42Z,10year_artisan,account.84037a5f9219425896c47caaca39c48d
2026-02-03T12:17:42Z,WangbawuTv,account.846a21880e2b4a26b51d846f34caba3d
2026-02-03T12:17:42Z,vO_OvYR,account.7e289f84e24b444e8b1c4baac7c21595
2026-02-03T12:17:42Z,yaho11,account.c0bad01090d34e6a9895a9aec71b4990
2026-02-03T12:17:42Z,DxxBxxx_,account.27058db688f04013948a402fde450e01
2026-02-03T12:17:42Z,GOAT_L4TTE,account.829ac58f6b7c44659ab314429d44c3cf
2026-02-03T12:17:42Z,djkwakdupal,account.f5c269a4e8dc4b58a334867a199eb141
2026-02-03T12:17:42Z,BaRoHaeYaDae,account.706017be7f2e42928adbb60aa6824038
2026-02-03T12:17:42Z,No149_Kairyu,account.5ca7f721da2a4d2c800343649603d461
2026-02-03T12:17:42Z,MEV_shining___,account.56de38cd85d54484b1e5ceab887be2a8
2026-02-03T12:17:42Z,ouoll7_,account.90ebe77e4a1d4c86a1a654b839ef2caf
2026-02-03T12:17:42Z,Blair_King_B,account.07124990d49049aa8af11abf2d6a8145
2026-02-03T12:17:42Z,NX_SIDE,account.823c42014826415a892b70c5ba25ab15
2026-02-03T12:17:42Z,GA0_K,account.ca132f17b8414196a2f96d16235d438c
2026-02-03T12:17:42Z,SKwhsTOA,account.104c4fc50c0a4546a6f148e118c52219
2026-02-03T12:17:42Z,Onlyu_hwa,account.a41dc3b127a141289e9f4e2879948fb8
2026-02-03T12:17:42Z,vO_Ovip,account.cc98fe70e18c4affb75984d2aa9a97fa
2026-02-03T12:17:42Z,simtaeeee,account.e2ede5f2bc2242389a2bd16b48574e42
2026-02-03T12:17:42Z,DNS_Dami,account.02a7a57b5a524451a78ffd1f93f960be
2026-02-03T12:17:42Z,NX_MOONAN,account.eb69b48d44534102b70916b07301ee26
2026-02-03T12:17:42Z,DF_Ashe,account.d6fab7addc044a56993c9f1bfd4f3459
2026-02-03T12:17:42Z,sadfist-_-,account.64099ea61ec24c46a7f0d5bf040caee6
2026-02-03T12:17:42Z,DNS_Gaia,account.1e56d98d462d47a292a09f741d0466bf
2026-02-03T12:17:42Z,SEOKLUTE,account.021be5a3a81845f992b34f863aa8e5fd
2026-02-03T12:17:42Z,HJ_91-__-,account.f956e975cf564c629712a6c87d6b92f8
2026-02-03T12:17:42Z,1st_bbbdo123,account.cb1e26348e3c4ac7b6bbd2f3ff39edb2
2026-02-03T12:17:42Z,jaedukgochu,account.4c9577f6cfc24de1b0e07854db878dcc
2026-02-03T12:17:42Z,SUI_hamsue,account.d5f0674197a843d596ab48e719cb3fe9
2026-02-03T11:45:07Z,GN_HERO,account.f9984b2459744d058bff63288ee99a63
2026-02-03T11:45:07Z,KWOO_LEE,account.6d0134980f044a27ba5260c575b0121b
2026-02-03T11:45:07Z,18-Lomi,account.ed70ce65ff454084a12f3ddeb1508ef3
2026-02-03T11:45:07Z,Cole_Pamer,account.351d2df3c70e44e4b9c1e6dad22e677c
2026-02-03T11:45:07Z,KaistHong,account.43d16ce6429a4f429f1e818ee3246b18
2026-02-03T11:45:07Z,Navy3seal_Cheol,account.6a5175f309b64872b9bfb8ead40d1529
2026-02-03T11:45:07Z,GUCCI-3078,account.abc8a3ae36104badab981f18d871f438
2026-02-03T11:45:07Z,Gming___,account.5519e2db89994dadbdb24a0c73acf2d5
2026-02-03T11:45:07Z,gggg___hh,account.9439cca5047a46d78fa0ccc2138945a5
2026-02-03T11:45:07Z,Lucy_Last,account.79c1681175de4c32a5de5de3f1748b84
2026-02-03T11:45:07Z,Re_Faker,account.754e52d669a6474893afd3deac9020ae
2026-02-03T11:45:07Z,dhwjddmsEhd,account.ad1721cc0025440a8d2459ef8eccdc62
2026-02-03T11:45:07Z,GN_PCH,account.8af52bf4c7f64a87af3d6da5ae658860
2026-02-03T11:45:07Z,Reverse_Savitar,account.e5e6e8e481074ea49a9bda88a39efb96
2026-02-03T11:45:07Z,zxczcz22,account.8f744daf18cf4408b1f8e26320dcac1e
2026-02-03T11:45:07Z,Enple,account.2089b022cd5e424c9bb41e2ec35de017
2026-02-03T11:45:07Z,P2QRa,account.0f01ee84fa4b4d39a183991b693b9d3d
2026-02-03T11:45:07Z,Minggu_2,account.3940dacbc87d4fd3a692936e6c568202
2026-02-03T11:45:07Z,kim6370,account.21b3c8c7f0b54619bd0fe6bf483a7a6e
2026-02-03T11:45:07Z,ginuksama,account.5178b65be7f84db18a82f7336bdc66f0
2026-02-03T11:45:07Z,ming__good,account.68d2c95386674e748db9e2b5d51804e2
2026-02-03T11:45:07Z,JEJU_DGT,account.0cb76ee5e7844c9787fe5779650acdc3
2026-02-03T11:45:07Z,SSUGGU,account.37586be17ac54f5880d8f7441e4310ff
2026-02-03T11:45:07Z,971006_,account.ed25fce994f340db838f4224480a36cb
2026-02-03T11:45:07Z,C9_DIVE,account.3d8f6bdd69334106a9ebd86b666a0636
2026-02-03T11:45:07Z,DDDD___98,account.e6ae324b5b114c3b9691a53d3b7da937
2026-02-03T11:45:07Z,DDDD__00,account.280b04408db7406cabe6544e764e61fe
2026-02-03T11:45:07Z,SH4k1ra_Xx-_-,account.c35bf7e7f73b44b1ae4b5f6c15cb7336
2026-02-03T11:45:07Z,menbangood,account.9f7e0e72b4874d64a7e017fc3f0aaf66
2026-02-03T11:45:07Z,CvalSexy,account.5a9305106f8d4d008dff1dd8a5a0263b
2026-02-03T11:45:07Z,971121_,account.db92dce15c6d40868d622e57a6ad4027
2026-02-03T11:45:07Z,KimNamgi_00,account.6adee095c90745639623e4ecb1ed3621
2026-02-03T11:45:07Z,LOVE_Ha_neul,account.a30d7632cc684f348107645bced73a0f
2026-02-03T11:45:07Z,ODOG_unnizi,account.6611a5e727cc487d96cac8f9a6c72863
2026-02-03T11:45:07Z,ODOG_K_K,account.1022e620cf3e42238f2662b9a746c2c0
2026-02-03T11:45:07Z,lounge_k,account.e4b2bcde359e4e4b8aa27805d2b48275
2026-02-03T11:45:07Z,xsde,account.222120e07e2848358651ae623de25ce2
2026-02-03T11:45:07Z,1591591523,account.4da85381fd32406284eb7ff1c8eb7af7
2026-02-03T11:45:07Z,GN_Goback,account.3954fef13b6a4d35af7a74bd941b932f
2026-02-03T11:45:07Z,MMG_K1ng2cks-_-,account.9ea825092ee241d2956dc1549ae25e60
2026-02-03T10:27:20Z,akseb-_-,account.ee93e72c23624c2bb30f67ce50033091
2026-02-03T10:27:20Z,MEV_ZDH,account.42c91806e1e84504a45130e2dafdcb1f
2026-02-03T10:27:20Z,BOOM_ZyyOo,account.af91c6df1c7a40d3a9dae029e5ff6bf7
2026-02-03T10:27:20Z,JuFu_XiaoMing,account.235a0bf4077f476283a3520503ea669b
2026-02-03T10:27:20Z,NuNa_ReadyZom,account.4c541c8683ed4c2192671a4047164e50
2026-02-03T10:27:20Z,W00k-3-,account.c92a99253cdb4d07ad7cb1a4e1b30c2c
2026-02-03T10:27:20Z,Taerim2ya,account.42b0a8cb9f8b4c468912a46b1dd8951e
2026-02-03T10:27:20Z,ccx1jumpx1ccz,account.08712a5ef0aa4d18a694e7c7c78159e6
2026-02-03T10:27:20Z,NU-lllllllllllll,account.a8cdf0cae3ee4c4c8e5ad2002f738a86
2026-02-03T10:27:20Z,2Tap_Bank,account.0ec082bf9d9b4888bbf66704edf962ac
2026-02-03T10:27:20Z,NULdxng,account.e04102e3bab047908fd7cba621ae875d
2026-02-03T10:27:20Z,AURA10000000,account.aa4294480ae44bf6b9d97380ab75b139
2026-02-03T10:27:20Z,sasakoman1,account.8456097ebe0049eeba50d92c150bdd1e
2026-02-03T10:27:20Z,aespaRichMan,account.9a7f12ba4fcf4f4f83d25de648bedd5e
2026-02-03T10:27:20Z,tl_qkf_fja_dk,account.e4e45fcadd9b47dd823602414b0c42bd
2026-02-03T10:27:20Z,HednXD,account.775d7c132f2b416ea1614b8ba38b0016
2026-02-03T10:27:20Z,Haxk_-,account.25ca438212804c58910e32c2d5e79164
2026-02-03T10:27:20Z,x2do,account.e3de873e9bd24e50b6e5b29d0c3046b3
2026-02-03T10:27:20Z,Jin_Naughty,account.a99c58e3194349f7a6283905b1acd584
2026-02-03T10:27:20Z,tlqkftprtmsiasia,account.9c7b12b8be774998be6eb1851187682a
2026-02-03T10:27:20Z,DRF_palchun,account.6d26c1f8960640c0913e15bb50431f16
2026-02-03T10:27:20Z,NUahahWKD,account.93a89791eb1843bc93d94ed7ec68ad8d
2026-02-03T10:27:20Z,CoCo_Bank,account.772111cd70cd484682beafcc2c40459b
2026-02-03T09:57:31Z,Santoggi_,account.5612ab70e01d4170a8dcf893d1a17764
2026-02-03T09:57:31Z,BGT_VVook,account.34cfe066987d45b1a27c313309fad863
2026-02-03T09:57:31Z,NP_MonSter,account.fac2947a106f4ed9a6759026316c8074
2026-02-03T09:57:31Z,OneShot_J-hyun_,account.9df549ab5b254fc18538129ed571e8c4
2026-02-03T09:57:31Z,Bijou_Cresent_98,account.e6e84a2aae2a4538bbfa3742efa398bb
2026-02-03T09:57:31Z,NY_MSsss,account.6ca9e6667f9449d894bb0193dfca95c2
2026-02-03T09:57:31Z,wnsxod6974,account.ac728223fb1f48c388ff523ac9494c77
2026-02-03T09:57:31Z,Djin1992,account.23bcca28213141269d0d075d91bf0674
2026-02-03T09:57:31Z,SUAS_BES,account.87c8833d340c4b90923edca89c3b3040
2026-02-03T09:57:31Z,Hxxxum,account.d0749ba80cab438fbc2eb56c03b25a58
2026-02-03T09:57:31Z,BGT_Namaste,account.0a609bfd074344d483b0fdcc9b635c35
2026-02-03T09:57:31Z,crayez-4vs1-__-,account.861277b611d7486a97370c31ddeb6b8b
2026-02-03T09:57:31Z,P2G_CoCo,account.3931a301789f41b78c48ecaf2e5877d0
2026-02-03T09:57:31Z,vvly-,account.07163dba21af43a18046143b5c09c987
2026-02-03T09:57:31Z,NL_EnOo,account.67dcde148afe4877983327769fae5360
2026-02-03T09:57:31Z,G0gilD0on,account.66c15f9a1e1c41658a22a73397bea846
2026-02-03T09:57:31Z,NP_MeDic,account.017837c15fa04ec0a9354a9d185797ec
2026-02-03T09:57:31Z,TAG_TaeTae,account.10082250f66846b391a94716a49a25ed
2026-02-03T09:57:31Z,psy4400,account.3f1a9b96e1e2490791cdee339f54613d
2026-02-03T09:57:31Z,lIIllllIIlllIIll,account.0c8dd4c4f0e54b82bc7584592fd682f9
2026-02-03T09:57:31Z,Kong_Soon2-_-,account.3f7061f9078347f4a2576fa0327895c6
2026-02-03T09:57:31Z,liiiiiliiiiiliii,account.dbef4b4d261d425585b470e1433c2eca
2026-02-03T09:57:31Z,18_O_JIMA,account.359473fa614540df806bd0823bb55348
2026-02-03T09:57:31Z,RS_e-tronGT,account.0903714bc4204d25ba69d8727f1c9779
2026-02-03T09:57:31Z,G_tttt,account.2dd2b14a366f4538a122ea73c39ec9a9
2026-02-03T09:57:31Z,GR_Lobby,account.398227c479fa45318702250a19493254
2026-02-03T09:57:31Z,AceHunE,account.4abbd9b0baeb4a8283ac44c9df9e44a5
2026-02-03T09:57:31Z,01_CM,account.cacc8cdbedc94db98e647910e27d2fd8
2026-02-03T09:57:31Z,5saL_Hurry_Up,account.8c0a17b3e3234355aded347691d409a4
2026-02-03T09:57:31Z,rjsmlfkteklf,account.29cb7f20dd484092932b8b5b3a51d28f
2026-02-03T09:57:31Z,Bugatti407,account.2fd54a193b8044b3910236de3b8b5f38
2026-02-03T09:57:31Z,jun__ddong,account.47d2dcbffd5a4e48b674463ed016412c
2026-02-03T09:57:31Z,donghwan1046,account.ac9a6daf3cf644b98b6874c126d1f804
2026-02-03T09:57:31Z,NP_Junyoung,account.0a53352ebd8d453a8e7b8fcd6af946eb
2026-02-03T09:57:31Z,Sun_BBng,account.f6dfa80d2b984f9991e6140b52dc3f14
2026-02-03T09:57:31Z,SllS1S1S1S1,account.1b9b7d2cf140477990adef96182cf8b4
2026-02-03T09:57:31Z,NED_IU,account.2f09d6a0522041f2b4930bca373c84c4
2026-02-03T09:57:31Z,vgtoinim,account.8891bd9ba83646e2b9a05f1cb8aecfd5
2026-02-03T09:57:31Z,DIC_CONG,account.20faee71edc04110ab3eb620e406c60d
2026-02-03T09:57:31Z,JJANG_GOO_7,account.4a1ff0a5255b4be9a822fe4465204a86
2026-02-03T09:38:56Z,obama-0223,account.87d0390b7bdd445195407ee68664e9af
2026-02-03T09:38:56Z,lattelious,account.5c6c7b9caec742798da9c728e0d8cc43
2026-02-03T09:38:56Z,Jaex_-,account.3dda91a27f3549a9a0e9b35466d3edcb
2026-02-03T09:38:56Z,040306_sehyun,account.bef7b65c3b1d498fab6286cac8e30f9c
2026-02-03T09:38:56Z,Jokobeach,account.64af452e6dfb4496beee8bcf2dfce453
2026-02-03T09:38:56Z,PPC_HO9TV,account.67f16230a9ca4d7cb37f357e45886e97
2026-02-03T09:38:56Z,wndQyisCute,account.c89ed9900ee74b43b5914417985c6f57
2026-02-03T09:38:56Z,Palho_choi,account.50539c7922864e7abf9903ec135a9ef9
2026-02-03T09:38:56Z,Zoe_KinGGuN,account.cc6dcdfecc5a4b4ba601b6076e10ed89
2026-02-03T09:38:56Z,wndQyBodyguard,account.8db054d12b2a42e485019a6dfc279411
2026-02-03T09:38:56Z,sss_PRO_,account.aeb231c5ee4741f49dc35baec9a39178
2026-02-03T09:38:56Z,Busan_Soju,account.1a50e96f6c2241828a68e9f770bf6f35
2026-02-03T09:38:56Z,GO--stop,account.b93f1a8e01074d77a382522e15beba34
2026-02-03T09:38:56Z,Ez_210,account.ca9d89862cbe49d4b47fb86057382c35
2026-02-03T09:38:56Z,PUBG__GOSU,account.09b1bf6e086c42ea9fca097c467da69f
2026-02-03T09:38:56Z,PEACE_HO_YOON,account.5186123d1a3247e78a8f145d38d00c0e
2026-02-03T09:38:56Z,TheEquipment,account.698352332ac8415fb5ceb998914ec249
2026-02-03T09:38:56Z,Ez_082,account.9e9766b8dc6b476eb7c192a839cbf913
2026-02-03T09:38:56Z,Zoe_Rich,account.03872b16bb444d8889be5c0f2cb6280d
2026-02-03T09:38:56Z,PEACE_CHOHO,account.867cc30c833f40a4bfee3eeaf0c790db
2026-02-03T09:38:56Z,CAL_ZERO,account.344e4ba99844437aa2f28413da786c81
2026-02-03T09:38:56Z,Zoe_hoon2,account.c85e7b4dd18b4d7f9a622db653db083c
2026-02-03T09:38:56Z,almostUFC,account.8bdff710640b45e5a7a55a875700218d
2026-02-03T09:38:56Z,suckerSSStresss,account.8857364b68b94f3797d92f6b99b2e5d3
2026-02-03T09:38:56Z,2CN_dk,account.2f44923501d449e1a19d8dc8565789dc
2026-02-03T09:38:56Z,UnP_Mini,account.ace8fa171198474286bede0aed101739
2026-02-03T09:38:56Z,Zoe_Pepsi,account.a42e7860902e4e3ab44056e143e4094d
2026-02-03T09:05:37Z,ssuhyeok_,account.dc0fafa032844d9883ec939e5742ba97
2026-02-03T09:05:37Z,silseong_saida,account.17c54c8cbf1945b7b71189567fe3ec50
2026-02-03T09:05:37Z,Jo__oH,account.6ebda02390d4413d9c0d9b2b822d2ac6
2026-02-03T09:05:37Z,pilipon,account.a92b57b8d47d4df18cedc22f9750a863
2026-02-03T09:05:37Z,ah_yoki,account.48858396c2a846898462247abc1b44c9
2026-02-03T09:05:37Z,wqdccccc,account.70bf7813636b44e4868f4d5aac69bbcf
2026-02-03T09:05:37Z,Twk_Buldak,account.6103ab6260c8412a98f68b02d0c7fc6f
2026-02-03T09:05:37Z,Donrnils,account.6d23c53c7a394bc7b9036369141bd77d
2026-02-03T09:05:37Z,JJ0KeR__-,account.ab31ac2ca442420d8b219657cbd510d4
2026-02-03T09:05:37Z,MACONHONG,account.d6126dfca2ee4faa9b19477cad9c7741
2026-02-03T09:05:37Z,053_Blueon,account.79a7101795524a71b07245b5cec13da5
2026-02-03T09:05:37Z,P_pxg,account.d37718ccc1a14809bf0bc95da600ae84
2026-02-03T09:05:37Z,Korea_sxho,account.72d824cfaf914a65b6b2a53d8eba274b
2026-02-03T09:05:37Z,WallGang24,account.fc8ec2a1645c42979fdfeb502f72cbaa
2026-02-03T09:05:37Z,Ttmrk,account.0e913e6eb3624dae86b51bea583498ba
2026-02-03T09:05:37Z,Spiwwong,account.92bd356da15f4633b555c6f862a16ea1
2026-02-03T09:05:37Z,CapTain_-JH,account.d573abe014f24a2e89dbc4c6dadbe989
2026-02-03T09:05:37Z,pretty-3-boy,account.cfab9907e6f7440983b1260f45596721
2026-02-03T09:05:37Z,dogbingsiya,account.fbc854c1bb224485b427aa9f46a74c6b
2026-02-03T09:05:37Z,SsH9986,account.2e07013debc24270901c3a06295f29ad
2026-02-03T09:05:37Z,BADNAME_251205_4,account.e07d1dd8abda4f0291abbd4b98cf26ac
2026-02-03T09:05:37Z,cfgmgr-__-,account.3336602988a9438f95493342f3790a3f
2026-02-03T09:05:37Z,Shobu-ari,account.10bd7822e8d44d9dbad45f3c3d950e9a
2026-02-03T09:05:37Z,QOGOD,account.d4c61ca6d67d4a39b2a570cac3bfc17f
2026-02-03T09:05:37Z,EMP_DandanMukgik,account.0402c94e89c6435d84a28a2e4591ccef
2026-02-03T09:05:37Z,Friends_noriCat,account.4129fddcfc5546ceac25a575e2fa2586
2026-02-03T09:05:37Z,S_hawn_23,account.492070bab80647caa0873cfeb888e760
2026-02-03T09:05:37Z,wkadksdhsk,account.2a89415ed0104f52942fa5f6363faada
2026-02-03T09:05:37Z,min_good1,account.5653339bb3e149e8999423a658600677
2026-02-03T09:05:37Z,Riven--_--,account.43595930939b4c27925edc40e22d06c2
2026-02-03T09:05:37Z,KH-0313,account.8a6f39e4cd2b43a79d49f31c8545a680
2026-02-03T09:05:37Z,nappujax,account.d92678b8c48441738c3e667afc6c8488
2026-02-03T09:05:37Z,raneonkyulleoseu,account.b0ba61c35b264e57b3cb592dbd1ee3ba
2026-02-03T09:05:37Z,PKOwO,account.a9636a8c41774151b81607c5b1d97303
2026-02-03T09:05:37Z,KoreaVoltex,account.444bf9279a8e44a394142a81060a7780
2026-02-03T08:40:11Z,Gz_Viral,account.df482b683bf845549ffb95b87a343721
2026-02-03T08:40:11Z,hnlnsj,account.0f3900a2cf8b49d6b0d3c0fbcbf0670a
2026-02-03T08:40:11Z,ChoiSungH0-,account.4fbdadd9364a47b8b343291a919d11b6
2026-02-03T08:40:11Z,BaBo00900,account.705f5e8899324f08807a8b899aba786c
2026-02-03T08:40:11Z,kang22e,account.89822c4fd33a4091b501a8e44ea32501
2026-02-03T08:40:11Z,Phm0203,account.a55ed7868e4a4776bdd0ca6791b7e54a
2026-02-03T08:40:11Z,DIC_SOODAL,account.0c17639405854c03968620eeb4df725c
2026-02-03T08:40:11Z,MOONJINSOL-,account.dc08afe902db44559f8c4419a7f6e17d
2026-02-03T08:40:11Z,PUBG-MIN-WOOK,account.fc710221eb9c4765a19688f52200ebc2
2026-02-03T08:40:11Z,im_piggy_boy,account.165855bbab78452aa51c07ed2f078ca6
2026-02-03T08:40:11Z,DDUCK__BAEK_-,account.5344aa9b89834d7fbc841ed687dd0eb5
2026-02-03T08:40:11Z,vO_O_O_O,account.92f778a9c3304fdd9a8df349529f612d
2026-02-03T08:40:11Z,AFIN_KKyu,account.cfb07b0d27f74c969f98ed5e35f6be08
2026-02-03T08:40:11Z,1VIBED1,account.2a4c8236f81f4565bdbd2f6b4b52c4c4
2026-02-03T08:40:11Z,gonaudo1,account.ba215f02b68b462c91a02d1abe371981
2026-02-03T08:40:11Z,ddukbaeks,account.ecc914df9ae7408cb7449d739e2d0f04
2026-02-03T08:40:11Z,WT_VULture,account.d82f0e2ee19f416a9f31f3086f143a7b
2026-02-03T08:40:11Z,OIOFGI,account.e213771200f34926a38b0b60e4ecd575
2026-02-03T08:40:11Z,decdece,account.1d114920b9be443da14f1bfddc5df89b
2026-02-03T08:40:11Z,mjgg222,account.bfea0e045abc46dba427bd7c4c2c4e23
2026-02-03T08:40:11Z,S0-S0-_-,account.4c9786c6a01f4d9eb22c9f05bec8f33c
2026-02-03T08:40:11Z,rlatmdflafla,account.c6b224f40c94497c8bb85c0b3fe41781
2026-02-03T08:40:11Z,REACEPP,account.07ef8d6f8bbd4daba2ebc23b4716986c
2026-02-03T08:40:11Z,LTB_Scourge,account.89e2096f13754020a4fffeb67b39ef0b
2026-02-03T08:40:11Z,garlemarle,account.60bab590b52b4620a59deb031ec641d3
2026-02-03T08:40:11Z,gukbabjipCEO,account.4d82831f23cb4ad090cfe94ca8477db7
2026-02-03T08:40:11Z,DRop_The__beat_,account.61f3eef92b124de7bf075653e43dcd2b
2026-02-03T08:40:11Z,DoYouKnowKYUHYUN,account.c6e759f8929f4dd38a54a28086459bae
2026-02-03T08:40:11Z,dodddo-_-,account.e48b8831451e4014835641284b025c2e
2026-02-03T08:40:11Z,DOKI_Xiaohwa,account.ea8d827521a4421da27c1d251f9c09a0
2026-02-03T08:40:11Z,wlrhrjatorss,account.cfa740b1af994abca2b72f31b70ab788
2026-02-03T08:12:37Z,Pecoms,account.b435ca4f3d6b42fba04d06e89a2ad28d
2026-02-03T08:12:37Z,Mi_The_Duck,account.bb43bfeab2b9434f81b48414fcbcbb89
2026-02-03T08:12:37Z,DONAL_D_TRUMP,account.150ee9ad26f54e1abd492a7ea0f90234
2026-02-03T08:12:37Z,ASU_HUNI,account.55e5683b2edb412fb09d2bae1fb8fff6
2026-02-03T08:12:37Z,DTT_PUMPKIN,account.63b506d46dda4feaaf5e6aa1f394ea70
2026-02-03T08:12:37Z,PeRo_Shen00,account.3198ab911b79494b9e8993dd447edc3a
2026-02-03T08:12:37Z,ENTP-DA,account.ca1dda62470c468d8453f51edb2c3ed8
2026-02-03T08:12:37Z,SunFlower-_-r,account.8eaf028f215b4bb8bd487adc218cca54
2026-02-03T08:12:37Z,GOAT_TIGER,account.adf772f7f90943f89ae245c087eeb5a6
2026-02-03T08:12:37Z,JOTBOBSAKIDUL,account.40e5ba2240204f9697d42db8b9bc907c
2026-02-03T08:12:37Z,DTT_Mati,account.895a562768e34a4d94d40cbb7c6570d7
2026-02-03T08:12:37Z,ASU_sury,account.9590aba65674426abff9b4a25957d4aa
2026-02-03T08:12:37Z,H0_-LLAND,account.975fc18453484446b595e2f36f166db8
2026-02-03T08:12:37Z,Luh_Luh,account.6330a728f3164970a21f0e79d0fab273
2026-02-03T08:12:37Z,momo4688,account.d471da180dc64d6688f99c234c4ca6c9
2026-02-03T08:12:37Z,LN_iilililililil,account.4bd09a1927d2406a92fe990f16818f6f
2026-02-03T08:12:37Z,O0OO0OOO000O0O00,account.f46e45cb56754f54b474bebf06d96db7
2026-02-03T08:12:37Z,Gyutaro-x-,account.81ae2572afd34c5a82a0d8b1567aa516
2026-02-03T08:12:37Z,Sb_x__x,account.66e0be719f064799b2986404fb85fc46
2026-02-03T08:12:37Z,justcitizen,account.b46738918b054e1b85544646231134b2
2026-02-03T08:12:37Z,Xiao_Meiy,account.17137e9f9bb044d28795628c8521b8a7
2026-02-03T08:12:37Z,ttagtta9li,account.5e7d8047cac44ae38fec3f6f97c6b581
2026-02-03T08:12:37Z,pigmebaby,account.d25c1706edc34feb9bd62d2d7e0605b1
2026-02-03T08:12:37Z,hongsam-sansam,account.8b7bdecae52642bcae650b93e250f2be
2026-02-03T08:12:37Z,iilillilillilili,account.9bb6054238f3409ea164f4a6b231f684
2026-02-03T08:12:37Z,Yasuo-B-,account.9c6e51c170fb4fb691104722ee2296c1
2026-02-03T08:12:37Z,M0nlonghaeYo_-,account.b2c157d868f24d45b0893fd9b61d2695
2026-02-03T07:50:05Z,raimrant,account.4f3350e01d3c4429a82277f0404cb61f
2026-02-03T07:50:05Z,KimLongju,account.34d846b2fad440dd8b0a3dd5bf1f3005
2026-02-03T07:50:05Z,JekkyLLAndHyde,account.0d86cfdd84414ce6b6f2b98b7daf845b
2026-02-03T07:50:05Z,hunjaechicken,account.3e0dffd100ce4911bf32143731de6298
2026-02-03T07:50:05Z,MEGA_POKDDAL,account.75b24143cd4f4324800ace0e5ab52b5b
2026-02-03T07:50:05Z,E-LIFE,account.306e2172e15445eb846a90f5a8475cea
2026-02-03T07:50:05Z,Disk1E,account.4ccbf9dea12c4aeaae049e7a15549df4
2026-02-03T07:50:05Z,UeharaAi_-,account.e2e2d8b141ae40458b2ad6dec650222b
2026-02-03T07:50:05Z,NME_2DubakGeun_,account.13096610be5c4d17ada0fef315f42c8b
2026-02-03T07:50:05Z,Rmg_3916,account.8791d15c85ad4f10876c30de7940fb44
2026-02-03T07:50:05Z,ShinYeyeong,account.220d4a7a75f14c43916768c4ba6ae45f
2026-02-03T07:50:05Z,KORIA1234,account.75230658b04d4f9b8dc2e1e6a36674c1
2026-02-03T07:50:05Z,ko6105,account.f86880609b40420d9293d5cd09ff6e9c
2026-02-03T07:50:05Z,Drug_Dope,account.2cf3765cf0c9460a88e553bbc9893c9c
2026-02-03T07:50:05Z,YOU-you2,account.f69fbbb341c04e54b6c8e70b18e91def
2026-02-03T07:50:05Z,1st_MoonBunny,account.6a92b79dac1c4f9d80f187adf6808ee6
2026-02-03T07:50:05Z,Gen_z_,account.1dda08233f554f62b5fb294db8d01ea2
2026-02-03T07:50:05Z,Jissooboy,account.811b1618dcb34c2d9facc8a5a7f32c74
2026-02-03T07:50:05Z,Uki-_-zz,account.a9afe922e69a4e7c96a85768edfdcdce
2026-02-03T07:50:05Z,booooza,account.6af6d0fbdc5144c78b4ddc676e85e8a1
2026-02-03T07:50:05Z,pink_jin_gu,account.6c631f28664b43cc8209361323d9497d
2026-02-03T07:50:05Z,aegoduye_,account.3f2ab063a3d64cc2bc0efd3a434f9b37
2026-02-03T07:50:05Z,Samsung_z_flip7,account.01fc38e814924bcd9d6679fa28a78cdb
2026-02-03T07:50:05Z,rmakscuekqhkfk,account.17dfe4838dda49d19bb653b0caef90ef
2026-02-03T07:50:05Z,king_poket_,account.188cc46c90994f21ab891b696eef41ad
2026-02-03T07:50:05Z,DDuk_potato,account.e75860845cc34d64aa3ddd8a336286e0
2026-02-03T07:50:05Z,MEGA_GHOSTRIDER,account.0921aff0d7f649508b3cd6e340dd162d
2026-02-03T07:50:05Z,SamsanUlsan,account.78dbbae3858c4f0f8d45e15ab8f434ef
2026-02-03T07:50:05Z,jjj_91,account.0b4d83e36e9b45239ab5917ec6b444ae
2026-02-03T07:50:05Z,dwbwhj727,account.4114adad409345a6971a8f615d03c1d1
2026-02-03T07:50:05Z,HakBGP,account.2fefa1fd85a24cce834773da006e5f8c
2026-02-03T07:50:05Z,AgentChang_,account.4e4f34015f654ef5be8adc71242d8e71
2026-02-03T07:50:05Z,YB_TIE,account.b613b00e95eb4d87b998be8129d41486
2026-02-03T07:50:05Z,YellowOjoom,account.3091839f650b40beb731d4bbfc78087f
2026-02-03T07:50:05Z,G0___G0,account.1c45a20959714ef0b88c06cd696de804
2026-02-03T07:50:05Z,DIC_woug,account.07e512e06d7e44e399454fdc99f11c27
2026-02-03T07:50:05Z,MEGA_OSJ,account.2d6d872d1da144038824a4d7c7c3f6ab
2026-02-03T07:50:05Z,cvda,account.4db821e0d85e470686f928a772911e1e
2026-02-03T07:38:33Z,Retrobomb_IAB,account.69dcfb0c1a2f44b28f2f295df23d54fc
2026-02-03T07:38:33Z,MB_GOD9,account.9effeb9d599247f888c83445bee3e955
2026-02-03T07:38:33Z,nik0129,account.ebebc9499fb54c8da93d593985909bab
2026-02-03T07:38:33Z,limlaw-,account.3fa592b866444f8e8de031d173b9ead6
2026-02-03T07:38:33Z,Dotoli_2,account.73af4379306c467bb30bbaf4ee37cef4
2026-02-03T07:38:33Z,U_Just_Ended,account.fe26a010cb4d4525abbb79f2308d08b9
2026-02-03T07:38:33Z,BTCUSD_15K,account.3ef52e3cb2a94b898a9d6c828a9698e2
2026-02-03T07:38:33Z,R1ON_Faker,account.8866eeaece2049178f2a3ede429c0099
2026-02-03T07:38:33Z,Az_zero2,account.d50653ce61c9426199951f6b895901af
2026-02-03T07:38:33Z,Joker__0A,account.1e511dbbb2d2416f90fc776c3125bbc3
2026-02-03T07:38:33Z,BOSS_QUEEN_,account.45fc3b5fbb744045a62949d56a600351
2026-02-03T07:38:33Z,HK_KOO,account.6c84e696ddc04a14b1621d9535eab32a
2026-02-03T07:38:33Z,RTG-BBANS,account.181a47ffa278456eb3857146181909da
2026-02-03T07:38:33Z,Ljunwu,account.ced24b4f36c1467b8a06273a97dafc3b
2026-02-03T07:38:33Z,XIG-RLATKDGUS,account.775c20e3c9954b008a58b1fb43d105ab
2026-02-03T07:38:33Z,kingka_No1,account.365628043bc84f84a7867757258ac31f
2026-02-03T07:38:33Z,Vongole_pizza,account.103228576ccc40e4a2128328816f0776
2026-02-03T07:38:33Z,O_OKANGHOE,account.a1c36d26a02046429534ab402f19aaed
2026-02-03T07:38:33Z,Coco_baIl,account.1ec96103868642c882b96f7217083aa2
2026-02-03T07:38:33Z,jub1n_0983,account.c25d93bcb98f496585795c6131191be5
2026-02-03T07:38:33Z,Ju_mi_,account.1ab14c4ccbd442e9af4d7027bf8a8b98
2026-02-03T07:38:33Z,YES__MAN__,account.a24bd1ad709b459a8f49060a3c46f900
2026-02-03T07:38:33Z,R1ON_Light,account.72109f7fd7e5439f830c285a5afc6056
2026-02-03T07:38:33Z,P4P_N,account.50eb6cad1ab84eee867d3deb79817f2b
2026-02-03T07:38:33Z,BlackMoon0_0,account.1f9b0278cee9481f976e5176e35c0987
2026-02-03T07:38:33Z,hyuk3213,account.d5e9c12107574e07ad86e33c10f91335
2026-02-03T07:38:33Z,Didyoulikeit,account.4a53fa47a4e24dcba1f97ba8a91c8f01
2026-02-03T07:38:33Z,Myaaa-_o,account.9f9ef20b7def479b96eca6dc444806fc
2026-02-03T07:38:33Z,111111111qw,account.fd789a7ccbd241c1844a7840722c228c
2026-02-03T07:38:33Z,AC8_mozilli,account.f9b3a26e2ffb49f1b050269d40a5e393
2026-02-03T07:38:33Z,kingka____,account.524b6596c8684cb49608713d04fc8c57
2026-02-03T07:38:33Z,O_Porsche_O,account.94c42c9d9bf048d9892656a5e610262f
2026-02-03T07:38:33Z,LumiZzang,account.6e6e55e01049415e86b86f20a7b1ad74
2026-02-03T07:38:33Z,Yoooon-x_x,account.25fc05fa67754afa97ecbd8dcb62e031
2026-02-03T07:21:46Z,TFE_CHAN,account.80b1f7b13d7c4c6681043e10aece0dfb
2026-02-03T07:21:46Z,KILLER__Hyuck,account.5b28a93b5e9a4c6db76e8bc228de9376
2026-02-03T07:21:46Z,soon_gom2,account.0f1fd9b84319450fb43ba68421a2b891
2026-02-03T07:21:46Z,jooni_k,account.a553f16b0ed7410b909f9e6323b9c55d
2026-02-03T07:21:46Z,anoksunamun,account.71c29c2d667b43369c12464297e1717d
2026-02-03T07:21:46Z,mallaeng_2,account.6dfe8ef1a3ef41cdbae40ec40033be98
2026-02-03T07:21:46Z,lacosteTV,account.8c0b90e8f4d84989a0ad1e869713599a
2026-02-03T07:21:46Z,onemore_11,account.8daab5b10b9a4497a9515227f8334b5d
2026-02-03T07:21:46Z,GGOGZI_BB,account.037e03fbed924887a89a8612fcfe2012
2026-02-03T07:21:46Z,yummy-0623,account.2cf025266f964cef93a2c018c04e9d73
2026-02-03T07:21:46Z,Maxim_-Gun,account.3b97491a28fc4ba191fd52d782875721
2026-02-03T07:21:46Z,Parad0xxxxx,account.6bca14b77c44418d8cb3779f1ed31700
2026-02-03T07:21:46Z,minnimiminn,account.5a9d4716dd45413c96bed727401a42ba
2026-02-03T07:21:46Z,SEUNGHUN_-,account.423af7984dae4e2b84a1799b9c3a7b3a
2026-02-03T07:21:46Z,SLEEP__Fox,account.de10b871575749dbb312c2f805572f9b
2026-02-03T07:21:46Z,kixxkoxx88,account.5be3c75dde1f41069716ac3bd2e2fa37
2026-02-03T07:21:46Z,JungHak2,account.5707dcb6705e4a7284ae8fb931e40e2e
2026-02-03T07:21:46Z,AnJungHyun7,account.ddc61b0c6bcc4f76840c755dc816525f
2026-02-03T07:21:46Z,tM_likethisyoyo,account.3b33f23a11c342d88996f899c1b55718
2026-02-03T07:21:46Z,KATRITA,account.5f690cea175e426e8095202f5c20b385
2026-02-03T07:21:46Z,Gaddorae_,account.c5f2d59ebfb949758b84524b6e01c02d
2026-02-03T07:21:46Z,Kaito_0826,account.0549c8364b5a414b9a31fff4e94c1217
2026-02-03T07:21:46Z,AMOLLANG_GO,account.c426d6dba58b46a6a93c7eeea55d7321
2026-02-03T07:21:46Z,H_eupyeonchoong,account.f4fb35a536a6499fbac4cc6c8af08453
2026-02-03T07:21:46Z,Super_KSO,account.335705b4c3a04dc09d60b1e63a18e8ec
2026-02-03T07:21:46Z,mega_box-_-,account.77883d7053f34aea9e274a3f694ba1c7
2026-02-03T07:21:46Z,thanks24,account.fb1b92c877b94f9588f3966ddb03b348
2026-02-03T07:21:46Z,DokGO_B,account.c49f274eacfe474280ae030b997e9fd7
2026-02-03T07:21:46Z,qpqpqpqpqpqp-__-,account.147e06c47b6a407fbaa6f561e3051870
2026-02-03T07:21:46Z,bmk3080,account.ad49ae35a19243ceae96a56c3f0bd8dc
2026-02-03T07:21:46Z,minminminn,account.79b359ddd3214f91b6c3ec5f823b7afa
2026-02-03T07:21:46Z,2CN_Throw,account.dc99e0564b4145e3b66c7591dd6a8ef7
2026-02-03T07:21:46Z,ND_DaLong,account.43e39676a42c47ce9951aaed089fbd76
2026-02-03T07:21:46Z,ID_HUNI,account.321d7f3012b3431090592b09b207a117
2026-02-03T07:21:46Z,HyperXfuryII,account.6230674c30124f349c3e12bf388290e8
2026-02-03T07:21:46Z,52-TANGTANG-2,account.613ee4c6524e4febbb5d687a6ed1ea69
2026-02-03T07:21:46Z,MEV_MonSter,account.5c1c14f7e84d4e53bf834990eee7e87b
2026-02-03T07:21:46Z,PSM0606,account.6d6abbfffe2c45269e273deba7bcb585
2026-02-03T07:21:46Z,rladntjdchlrh,account.58bb605181ba4785bd40fbe6c2ccde79
2026-02-03T07:13:17Z,Gowing_,account.4ee70f82df1c407790de2bdc317c84b7
2026-02-03T07:13:17Z,pick_Candy,account.48d583c4deb24040ab18f4135c15b6be
2026-02-03T07:13:17Z,NUIgoya,account.132a8c1326fe48ccb40688be0138d026
2026-02-03T07:13:17Z,SOOP_wow,account.b8590ccd2f2e4a25957b187bccaffbf0
2026-02-03T07:13:17Z,Ares_Moderato,account.38903621762b4af5b64fade72a075db2
2026-02-03T07:13:17Z,ICE_Kkaekkodak,account.88b118a846374a2798fc2a70ffb4bbd1
2026-02-03T07:13:17Z,WaB_DokGo,account.a894dc36cacb4336bc4d9126ea7a8e5d
2026-02-03T07:13:17Z,0_Ham_MA,account.c92772ca2c494e809a0265147713d15d
2026-02-03T07:13:17Z,Jotthatskrrr,account.4a9be5fbfb7b49bfad2c5e3c53393df9
2026-02-03T07:13:17Z,AOKUMORIN_N,account.262428ad82524d5cafd806a4d0fff8d8
2026-02-03T07:13:17Z,hellomynameis12,account.a84a64caa2de4bb3b33d3df1c4dcc504
2026-02-03T07:13:17Z,BGP_AimHack,account.fbec3e7a0d6144dd93638fd7a6943853
2026-02-03T07:13:17Z,ex-under,account.815aade7717248b1a3fd862ed03672d6
2026-02-03T07:13:17Z,Rf_ViviGo,account.dc04b7c3c35a4f9caa47c08d2aba2c22
2026-02-03T07:13:17Z,1240ccc,account.dcdd0cbd06c84a4db6427b644ab8fb3f
2026-02-03T07:13:17Z,PEEKKING07,account.0e311a2372e54d7db98ac3795d38670d
2026-02-03T07:13:17Z,2CN_redzone,account.9fff698cd2754af095b5a7c2579d990f
2026-02-03T07:13:17Z,WaB_JNK,account.ad0321f017d248d196dfdaac6038bf6b
2026-02-03T07:13:17Z,BBeenut,account.578aeee2bfdb44b3ad111f20d24132d8
2026-02-03T07:13:17Z,JOBK0REA-,account.2bec7bb716194c0d883f8f26d04db675
2026-02-03T07:13:17Z,10Jotthatskrrr,account.9fcd6b8fa6ad45bf9326afba256aee01
2026-02-03T07:13:17Z,Rf_BeOm,account.b4fa9cdd8a854136a72a717092a0c3c4
2026-02-03T07:13:17Z,MatdoryJaehyung,account.a862e4f334d248d09b08eade76b94f6c
2026-02-03T07:13:17Z,Y_Jun_o,account.44a86657ec534d7f8da440b109a132dc
2026-02-03T07:13:17Z,D4EDAE,account.e60706868a1f4414b2220574530e8a6b
2026-02-03T07:13:17Z,MOZLRL-,account.46974b183d69490fbbdba6845795c4f5
2026-02-03T07:13:17Z,DDakZI_-_v,account.25e7825605a54f6389fa7c61be1bb0bc
2026-02-03T07:13:17Z,GAESEUNGMA-__-,account.ca3c595551ef422193015f263d6e89ce
2026-02-03T07:13:17Z,WPLE5,account.8cb5489775a14a1a933933ca564bdce3
2026-02-03T07:13:17Z,ppw8psw,account.076859cb469e44519fd41b36c328beae
2026-02-03T07:13:17Z,Tak_soon2,account.af11c38df8664f92883fac57b6eba1ad
2026-02-03T06:47:17Z,min_seuk05,account.92958cb9b19e48f7bfe55aec732963c5
2026-02-03T06:47:17Z,VP-MIIX,account.4cd9a79d623a4737bd88daed0cb791f9
2026-02-03T06:47:17Z,GNT_MANG9,account.98fe8d902af144ccb440b05e621ce84f
2026-02-03T06:47:17Z,BGP_AJ,account.3fef6f55f9834ea49371e43b15ded591
2026-02-03T06:47:17Z,JAD_KING,account.bde22d753e2d48239f1f08d14e45ccc0
2026-02-03T06:47:17Z,Jay_xon,account.e218c7b7b37d47d5a5670f2f6f81eef7
2026-02-03T06:47:17Z,VP-VAPE,account.273c23d1501749f9ab6bb99d7a083fbf
2026-02-03T06:47:17Z,SCR_Darong,account.1fcb2d600f13421da25338b9ec935fcc
2026-02-03T06:47:17Z,RTG_Ran,account.0786f4684b8a42ff8a5761cf68bd7702
2026-02-03T06:47:17Z,asdzxc2590,account.e5f929af8c3f4f3d8bf54cc4ebe1a66c
2026-02-03T06:47:17Z,Jooya0_0,account.367b40828a374794b120d5e62368fedf
2026-02-03T06:47:17Z,Ato-x-,account.494f7d37680347109e2f1fb9fad9583b
2026-02-03T06:47:17Z,TIANzpyan1,account.8fadbfb393b94885a93a953541e5f0f5
2026-02-03T06:47:17Z,POG_GAMJAx,account.edcd4f1fe58c4074a4618648f33f54fa
2026-02-03T06:47:17Z,IIIlIIIIIlIIIIII,account.f03e54973634464985df0816d8de3487
2026-02-03T06:47:17Z,Woshxzhangqixn,account.6f8d3299042f44e0bdb23f11581b54ac
2026-02-03T06:47:17Z,Ez_Medl,account.e2444241ab90426c86f4701c81e088d6
2026-02-03T06:47:17Z,aldjoiclem,account.a1e33600369b44e9a070e8f5a5785053
2026-02-03T06:47:17Z,SINGDDORANG,account.d55daf851a0f4758af72df85fd4afe8b
2026-02-03T06:47:17Z,DJ_WonE,account.74d246f3c0894f84af24817ca2da92de
2026-02-03T06:47:17Z,01HA,account.a6a7f847b90b4dedad5a41d2ad108099
2026-02-03T06:47:17Z,BGP_CrazyTen,account.e8fd8b00c5144912ab61b107f002a380
2026-02-03T06:47:17Z,chdwhsskdksakwso,account.ee411b54e1cc4c85bf607d30d0edac0e
2026-02-03T06:47:17Z,EHS_TESLA,account.4aafcfb235e846aa8d5ba4080c5593df
2026-02-03T06:47:17Z,HaNeulPOG,account.04fe3ced43844b08b5d9e7695b04f972
2026-02-03T06:47:17Z,GyutaroPOG,account.49c6f1928a2e46d2b2dc1ea02388bfe1
2026-02-03T06:47:17Z,minhwang2,account.fdfdcaa08de940d19a5960320e1d145e
2026-02-03T06:47:17Z,WG_RazCaF-,account.e12a18c540f74f29971ad43135d97067
2026-02-03T06:47:17Z,VP-VP,account.5892763f955049e69ba9af02ff7283c1
2026-02-03T06:47:17Z,yppppahyffi,account.2edb6293e8494f6a941284041fe0294f
2026-02-03T06:47:17Z,leekyungdo,account.fd87ca9be05e4c1e8f0ff8a41a01ad96
2026-02-03T06:17:50Z,2711002,account.6d6a754b3dd74ef9a70f229090e9d577
2026-02-03T06:17:50Z,COSMICPET,account.f988d32fafb6404ea53a264821fb2962
2026-02-03T06:17:50Z,SeoKlngggggggggg,account.d81504bf2f344453b3a58853c0e5563f
2026-02-03T06:17:50Z,Dogkongsoon,account.314abb331af946de9e51e12492a9c166
2026-02-03T06:17:50Z,BaBaCu,account.924c56e8af3b48f9abb571e4782a7474
2026-02-03T06:17:50Z,jwjw00070,account.ff48a3e78c7c41d886e3fe90d795fb1d
2026-02-03T06:17:50Z,231-19,account.1f1e293d94f44ead88342f0272cf57dc
2026-02-03T06:17:50Z,Noontting2,account.1119fd797e41466a915a5d3b966107d7
2026-02-03T06:17:50Z,NuNaYa_-,account.7fe53265917b4a0188439d2b9b041c8f
2026-02-03T06:17:50Z,JUM5_GGAGGUNG,account.bd102c82888745e7a7665c24bee8d62f
2026-02-03T06:17:50Z,yoonyambo-_v,account.0978847ba84e49b38c869f4a99276e35
2026-02-03T06:17:50Z,H0LD_-,account.cef00d66534f4943aa22f24657b53f17
2026-02-03T06:17:50Z,BlacklDragon,account.7f681736d01145f3a254e25e8065e373
2026-02-03T06:17:50Z,leehaebins,account.57edef432ef74cbdabf2afe3fdd1be55
2026-02-03T06:17:50Z,min2mum,account.4d0c0556dcca45b79792d1478ebc1050
2026-02-03T06:17:50Z,medinet3822,account.94ec323a9c4c4de98e4eb1d640368d4e
2026-02-03T06:17:50Z,doratchu,account.937601545e9f4c409d88e1eb9b2a0a9d
2026-02-03T06:17:50Z,MeeDDeen,account.6ef8da60e664430ea5251d56cccbaf81
2026-02-03T06:17:50Z,180_feb,account.f939f3bb01e940cb9e7c63b16b5180a6
2026-02-03T06:17:50Z,P_Tybe,account.51f5fb42889046358dc3373d1274281d
2026-02-03T06:17:50Z,JUM5_GGIGGI,account.0e6aa83b8be74c1e9691e1177aa8f32a
2026-02-03T06:17:50Z,parliament_1,account.525545110e174ec29529faf536b7622d
2026-02-03T06:17:50Z,dunomman,account.4743ebedd40b44589b82abc9c0cc1953
2026-02-03T06:17:50Z,jbj_0219,account.b10505c3142f4c9285915aba16da5573
2026-02-03T06:17:50Z,sdfasdfgs,account.dff1f454fd4844148c939604ad01e805
2026-02-03T06:17:50Z,bb0bbbi,account.0188151ef7ed4153adfebca9a665c7f0
2026-02-03T06:17:50Z,PanzerVillain,account.484d77b75d23416883b88eec82e56405
2026-02-03T06:17:50Z,WhiteCream-,account.65ca1078d0c840479ea6ad65452108a3
2026-02-03T06:17:50Z,LTB_JONGGU,account.48f22c5c197c4ccca4559c1834bfc85a
2026-02-03T06:17:50Z,wjdgml56,account.740efc9e6d414c16abcb3eb0506e2591
2026-02-03T06:17:50Z,royo_tt,account.fbd7fb18c13f47ada004e24b38c4c7e3
2026-02-03T06:17:50Z,DDADD-DD,account.262e111794a14c1c9a4b74828915dfea
2026-02-03T06:17:50Z,yakiniku_chef,account.693fb56bebf8468a8183bb0ebdd9d6ea
2026-02-03T06:17:50Z,CHANGE__6mm,account.6f2c5ddf745744d89ff217a0bdb2012d
2026-02-03T06:17:50Z,airo1F_,account.9143a148532b4bd58ada02a9e62c7036
2026-02-03T06:17:50Z,gust37,account.61760dbeaf304d23b3994a3f42f0da76
2026-02-03T06:17:50Z,w_tttggg,account.a588f87a79d0422a976eb5249ddd4c8b
2026-02-03T06:17:50Z,bbabbbi,account.9f19a17183ba4326ae8dfd576aaccf01
2026-02-03T06:17:50Z,sssengo,account.538b1922de794f82992747155018d1fa
2026-02-03T06:17:50Z,kms_3169,account.3085aca9224d409ab346f50be2570fbf
2026-02-03T06:17:50Z,JUM5_GGILGGIL,account.c6a60766c4054eb7b26dc4ccf6f0135b
2026-02-03T06:17:50Z,911PaRaDise_-,account.4dc4c84fd55a47009304199ed5b36d15
2026-02-03T05:59:27Z,qorudwns,account.e2685d0d2e09484abc07e2d938415662
2026-02-03T05:59:27Z,msmsg,account.0acbdf72efe046d3933dc6c0f8ebca98
2026-02-03T05:59:27Z,Hello11--,account.0095d3d4084340439a06d6a905683178
2026-02-03T05:59:27Z,SeosanPrincess,account.4a7d9f69adc24ee8b4e686838dbadfc8
2026-02-03T05:59:27Z,Just_HaYul-__-,account.b6f32ed988c94ac5affc46426bbecc6a
2026-02-03T05:59:27Z,KimJinGu_-,account.ba739c83a1764742ab45eb8ce284f1f1
2026-02-03T05:59:27Z,DcM_Welshcorgi,account.2b040d3eccc0467b890a431afba3cde5
2026-02-03T05:59:27Z,Zunian-jun,account.b9f98183f57c43559b6999ea954d2ed6
2026-02-03T05:59:27Z,moogaun,account.2db00ce628e84e24927feadea768897e
2026-02-03T05:59:27Z,star_heh,account.b9b7e9cf24dc4b8aa44cab3ef2293d84
2026-02-03T05:59:27Z,ZXZXZXXZXZXXX,account.c39f0bf8f5dc4de0bb4cf343349e8a8a
2026-02-03T05:59:27Z,062-back,account.60b167132fb2426b9368287cca2c0924
2026-02-03T05:59:27Z,95_Marlboro,account.827359a2c42a4e0285fbd759c2d3853a
2026-02-03T05:59:27Z,1liiiiiiiiiil1,account.a7009731c19d4ebaae0b39e6f1ad33d2
2026-02-03T05:59:27Z,XGKK_RDDs,account.9e6c862bf46c4f0ba0cd4ce78db9280f
2026-02-03T05:59:27Z,BBozzi-,account.24ea6c92f8e643dfadb48270e3a61088
2026-02-03T05:59:27Z,thePUPPY_,account.6c55b66919a9429b9a949a19c1ba6a23
2026-02-03T05:59:27Z,NBG_Super,account.96c5ef285fb3438aaf9d9a4840be7067
2026-02-03T05:59:27Z,alstjrz12,account.9c1d788bc9d6483b9e72f99ad4498ae8
2026-02-03T05:59:27Z,S_LILAC,account.5ae272bc541a437ba62671f215ae228e
2026-02-03T05:59:27Z,Real_Barin,account.991ac6bef5f2410981c37a3412257054
2026-02-03T05:59:27Z,sexy_junwoo1,account.82d681dc7a944c0b8d679ad7cc24a410
2026-02-03T05:59:27Z,JUN-TIGER,account.c19de4ab647a47dfb9de467f08c28f71
2026-02-03T05:59:27Z,WGC_MuxgCxx,account.9c23f0d7c3294d75a130d4fae2e7d8a4
2026-02-03T05:59:27Z,jaewoo_007,account.4aba76e894774e83a87a4f4c1091e70f
2026-02-03T05:59:27Z,PTTC_GG,account.e201b324a6ae49c8b0e4bd82289c295a
2026-02-03T05:59:27Z,GUNDAM_11,account.bf8c1be7bca645a197363bcd448564ad
2026-02-03T05:59:27Z,hyun_eee,account.d9fc8b91dbec4d609803d559a7320df1
2026-02-03T05:59:27Z,THOR_SOS,account.d963e3df61c8458da764cff62a5ee3f2
2026-02-03T05:59:27Z,tuna0544,account.81c84f14afd648c28b2621ce2b8c769e
2026-02-03T05:59:27Z,Emergency56,account.3ab4a85692a343ac86932d52710f68af
2026-02-03T05:59:27Z,eddietr,account.cded4f00848c438badb72cd8d512dfb4
2026-02-03T05:59:27Z,waitforBB,account.0379b2975b814b8e9f1ffeef62f3826d
2026-02-03T05:59:27Z,JXXS_U,account.d01206c13a284e9699485d050e4f577d
2026-02-03T05:59:27Z,aloneanimc8,account.76c81087313b4f7a9e671b8a498a0434
2026-02-03T05:59:27Z,kec0120,account.61cc1ca8847e4cab822299210e8632bb
2026-02-03T05:59:27Z,B_-rrrr,account.2fa3d5b3ce47476fb52d7a43dbfd3345
2026-02-03T05:59:27Z,seokjanggoon,account.42b4bfeebc3e4d46bfebf927b031688e
2026-02-03T05:59:27Z,ABD_124,account.ca9adcc07a9e4622aef7e9de00ea3d12
2026-02-02T22:07:27Z,MT_MINAYA,account.a73b8e53c27641d0a144503eea680ba3
2026-02-02T22:07:27Z,yb0428,account.37e3b4e5e206409090dec119421c28f4
2026-02-02T22:07:27Z,Anonymous-X_X,account.3e734a79ece549ca9f4bd7843e6b15b3
2026-02-02T22:07:27Z,Spacebar-_-,account.f29bb957d08f4168b131e2627e9ae2fc
2026-02-02T22:07:27Z,BLC_MinJae__O_OV,account.f2eb2632b22c40868004c55a6d7c4800
2026-02-02T22:07:27Z,Ranquad,account.aa2800eaef0f428881e7529d1c113e3a
2026-02-02T22:07:27Z,18-76073014,account.7beecb53ebbe4983ab52cd936b156a91
2026-02-02T22:07:27Z,sex_kiss,account.3063bd21ac06411b81aa5af6ca173609
2026-02-02T22:07:27Z,hdkvo,account.b0c8207562cb4f4b80417f01df5c53b8
2026-02-02T22:07:27Z,HD_EUN,account.777d445fbac947a9901e59e418bee664
2026-02-02T22:07:27Z,Jin9_Los,account.2720235ba0a84f23b473be544bd709b5
2026-02-02T22:07:27Z,Kim_Min_Beom,account.072b4bbbadb74d82a92d56ab3044cac6
2026-02-02T22:07:27Z,Dodoju69_,account.71198b3c8f2f43e581995c6103bc6187
2026-02-02T22:07:27Z,k_chols,account.04701b76fb9f4e64b4efce618c6ff2f6
2026-02-02T22:07:27Z,MT_Tic,account.7143a3d347374050ac3a1d17117b5f7a
2026-02-02T22:07:27Z,Pat___Mat,account.aee6c203a7924ce886c0b447d975476a
2026-02-02T22:07:27Z,daengdaenggur1,account.0f598c5a739c49f78002b2539fca605f
2026-02-02T22:07:27Z,Rjemfjreowlak,account.93b2788ae5c1454088da86f7fdcd13a3
2026-02-02T22:07:27Z,ys_inx,account.7e28af21bd9e4d4999facec0e79e78f7
2026-02-02T22:07:27Z,NU_Zzixxman,account.ecb235d8f5e64b5fb9f6930b5b2f6c1e
2026-02-02T22:07:27Z,keroro_onesa,account.276b3b7f9f8e44a6bfe4a0fc8464e87f
2026-02-02T22:07:27Z,GagakGagak,account.98de561c4c434fd6a846a4cf7e8a7569
2026-02-02T22:07:27Z,AngBBak-_-,account.56abc067ae444e4c92a3a8bac65e9014
2026-02-02T22:07:27Z,HU0423,account.2717951803f54e68a4839cd9194e22c1
2026-02-02T22:07:27Z,EuigiGGang,account.7d65cde42be44152bcb94e6b76d94432
2026-02-02T22:07:27Z,keolsa_A,account.3685b5faf89344d7a0062c60d4a42a50
2026-02-02T22:07:27Z,zac_119,account.58b2f8e758ce4eee8a55badfd4c1702e
2026-02-02T22:07:27Z,Y-3_HIPPIE,account.372f20e46c6c479f8ef745cf2c20ada6
2026-02-02T21:59:12Z,SuKRoof,account.d2ce41187d3a4b2788968e46e632479e
2026-02-02T21:59:12Z,HES_Hyun,account.10503601ff09477d86af74156ee68ad8
2026-02-02T21:59:12Z,FeeL_Way8909,account.36c532f863f44e26ac8664ad1a246bee
2026-02-02T21:59:12Z,SUB-_-E,account.2d4c79053274465398b00eab0b3e9e6e
2026-02-02T21:59:12Z,legendary_kim_,account.2f37a35ae94743579d7bfbfca6705697
2026-02-02T21:59:12Z,SW_Sweep,account.66a80032162e42de9cce9209fb7c3425
2026-02-02T21:59:12Z,SeHwang-_-E,account.233f485d97ad4fbdb56310b4e68b9ae8
2026-02-02T21:59:12Z,k__k0924,account.03d6cd30f617427f8897ba8c8cdb6fe0
2026-02-02T21:59:12Z,RapLegendx_x,account.ec5963beea224693b2630ec643ad1779
2026-02-02T21:59:12Z,mickyplay,account.52a59e67bdf54063bd15f80dbaff2917
2026-02-02T21:59:12Z,XDgosickXD,account.9c07591f2a1044c58a8a6c8ed7739ef7
2026-02-02T21:59:12Z,FENDI_korea,account.259ed16fff0b4584acbec340160692da
2026-02-02T21:59:12Z,TaeMinGrills,account.032df6deb7a84adcae06a874c188e9f3
2026-02-02T21:59:12Z,illilllliiiiliil,account.3340aebe8278485a9d497a1a84e051ab
2026-02-02T21:59:12Z,tkfwkwpqkf,account.851acb7e57984c4fbb30c9864f3fa3cc
2026-02-02T21:59:12Z,iillllilliiill,account.2e18a6886da9444580660bf7bb23739d
2026-02-02T21:59:12Z,NATO-HIM,account.f44a8ab2b0ff4a54963d5febb2632394
2026-02-02T21:59:12Z,2000X666,account.fdf15f4832ab42e0852919641c0a65f5
2026-02-02T21:59:12Z,OPPA_2ACE,account.9dfc597f794e4a58938aef9fa18be8a6
2026-02-02T21:24:43Z,Brother_Holybeam,account.234fd1a5cd3b49c285d58bd7f226bfc8
2026-02-02T21:24:43Z,error892,account.61bb5a514f47407da6a2a942a99ca08a
2026-02-02T21:24:43Z,fick12,account.90d34827be454286b7b3677b38564e14
2026-02-02T21:24:43Z,2eEe2No,account.e011e109497c481ca73ca9b8c07a9779
2026-02-02T21:24:43Z,Gan_G_Ai,account.1f7b08bf6a604e4193b00e53dc815ba6
2026-02-02T21:24:43Z,IIIIIloolIIIII,account.9fab503c0af0449493200b0b3fbd1366
2026-02-02T21:24:43Z,O_gong_00,account.c2d061d5c03a49ba9a6114b5667f62d9
2026-02-02T21:24:43Z,kim-doyeong,account.a1b20a69f46245b49e28ccbe14a59d11
2026-02-02T21:24:43Z,X4_1000,account.fcd93e139f8b4a929828a194c0729db5
2026-02-02T21:24:43Z,R1ON_B-21,account.84a95f60839f49a2b24f9f971bd99632
2026-02-02T21:24:43Z,18RoMaLr7rZr-3-,account.4a8a01f349304607bd469d96069c89d3
2026-02-02T21:24:43Z,con-chip,account.6aef5dc12f3f4661b50ce4d697b055ac
2026-02-02T21:24:43Z,ehdbs0404,account.b86aeaf82ee246639b2c4a9be7de00bb
2026-02-02T21:24:43Z,jinho951226,account.37df39c8b360404780af3e36c9f5d51c
2026-02-02T21:24:43Z,YB_Exxxtreme,account.aebe2d43878f4374b181d6389e6e4c13
2026-02-02T21:24:43Z,2CN_8001,account.ad13c8774d4c4d389a33eb070b61dad7
2026-02-02T21:24:43Z,jjun_jjun92,account.3b6c60f0a9da42dbafe32e65f9330e4f
2026-02-02T21:24:43Z,KKOCAIN001,account.9fcb202784e24c31abe07b0efa874908
2026-02-02T21:24:43Z,woshiCHOME,account.0c6cd3b29a5f4411b71b37a72f0cc087
2026-02-02T21:24:43Z,attackASU,account.ab944e8703ef4149a0ac01bbf6796b54
2026-02-02T21:24:43Z,saint_archive,account.ff09a5f20e7d4454a0b71ec99092c937
2026-02-02T21:24:43Z,CHOME_,account.3deb7ce8e945438a8e3060bce848b663
2026-02-02T21:24:43Z,prince_w-j,account.53243e62e958439eb31b804bff88bc03
2026-02-02T21:24:43Z,lyn181818,account.476dcab2cf5c45c49facf392529ebd3e
2026-02-02T21:24:43Z,Villain_HURURU,account.dc9e14c7860e49ad8a6b09ea5e9f7554
2026-02-02T21:24:43Z,Kimrika-_-,account.5d94e3e6be7e49bab2300f8eca4578a3
2026-02-02T21:24:43Z,JO_A_CER,account.01959b234f1a4bf790174b84f5057cb0
2026-02-02T21:24:43Z,PSYCHOAn_,account.68720000915e4530bcf61cc83d731962
2026-02-02T21:24:43Z,play_chol,account.525cfe358a2249d88afa7b6ccceaf282
2026-02-02T21:24:43Z,OM_daegar,account.73cc37eca23847dcb0f349aa1fd57b12
2026-02-02T21:24:43Z,Masterbxtion_,account.d065abe9b74b44a598fd41c60e19eef0
2026-02-02T21:24:43Z,NoMoreDxckASU,account.215dd59166844429ac15d26df19df783
2026-02-02T21:11:22Z,Creamcheesedonut,account.245ae170880e4005af8106f046a09395
2026-02-02T21:11:22Z,Out-SaSi,account.aaa90198258040b1b5a5bb3ba26e43d2
2026-02-02T21:11:22Z,Mumu1chiroo,account.f93b573de75548ef9602991e8b5d652c
2026-02-02T21:11:22Z,creamy_BB,account.41bc381961fa4e63a86cf541c29f9b66
2026-02-02T21:11:22Z,4pinky4,account.17e249b3e8794f9480418b162dd09407
2026-02-02T21:11:22Z,Crebmeat,account.444b36aea2ae499fbad421c3c2c2f759
2026-02-02T21:11:22Z,hateKAKAOplayer,account.b12d9e37fbb8496c9b093dfc93a242c5
2026-02-02T21:11:22Z,Gyull2_-,account.448e2db903a74c3f82e8187c294025ab
2026-02-02T21:11:22Z,DOKI_x_xoi,account.a1c9ec0a646549ddbf119cbfebd3321d
2026-02-02T21:11:22Z,MEV_LUX,account.a82dfa3473194a12943232d6f48e3d77
2026-02-02T21:11:22Z,ZaiY1ng,account.f11e2eab4f1b47e0a65a9222f958f527
2026-02-02T21:11:22Z,AGF_DuDu,account.89ac0f5da09e4ff5b3d511592014bec9
2026-02-02T21:11:22Z,ya2gziya,account.ab3f2cd7ed634ada83457ec9233b38a9
2026-02-02T21:11:22Z,Bullypoo,account.2452dbe446254cc39ec8959e25c889d7
2026-02-02T21:11:22Z,INX_yunsic,account.23b322e3afdf4e728d1c26442ffec1f9
2026-02-02T21:11:22Z,LegendarySuper,account.c60c805e78384306bfe462103aa50bb3
2026-02-02T21:11:22Z,D_1030,account.020170b7f3894a0887ae561d1c4995a2
2026-02-02T21:11:22Z,plumcotmacarong,account.50c0fb3f26e14ad28a38907bf94c79ce
2026-02-02T21:11:22Z,rkqQkflvoalffl,account.8e0b8c7f7bb9436b88622c5b85f0ae95
2026-02-02T21:11:22Z,Kondomplayar,account.edde7f4949ae4779b414208a2ab334b4
2026-02-02T21:11:22Z,PinkuHoneyCombo,account.f2904a0c57f14945a476d6e0a4c186c3
2026-02-02T21:11:22Z,2CN_HOHO,account.edacc43ede4a488da928058851c38b9f
2026-02-02T21:11:22Z,MoolBokFan_Bok_,account.d175d07340d0495eaba5c8b1106c06dd
2026-02-02T21:11:22Z,BGP_HotBoyyy,account.2ba0aa0647f8414eb39b48a2f3c7da7d
2026-02-02T21:11:22Z,Twitch_5xxx-6907,account.0257e47347464d29bbdcdc49381391fc
2026-02-02T21:11:22Z,BerGGul18sori,account.9b2ddb56bd1249d785281020cf31dd70
2026-02-02T20:43:37Z,Urvashi,account.50ab6e3b1c6d451dbd49c473965625ae
2026-02-02T20:43:37Z,O2xee,account.bdc2f4c2166145b2a30f13b39f038f27
2026-02-02T20:43:37Z,OmyunSalRyeo00,account.278a28dca95b4f0a98401d24700b6678
2026-02-02T20:43:37Z,NU1004,account.d1472de333074e11a3417c06d988488d
2026-02-02T20:43:37Z,Squad_attacker,account.7ac3b01cef59421681227256f59e4946
2026-02-02T20:43:37Z,NU_Unknown,account.c79a3787c0b24255a7345c32d721cfdd
2026-02-02T20:43:37Z,akumaLUNI,account.64df51e10b25423ab227fd8c7736d909
2026-02-02T20:43:37Z,goni9yo,account.a0c85bc825bc45f4a137e65de49173ac
2026-02-02T20:43:37Z,Beaumarchais-,account.fe14213effec4844b3ebc4dd1a96d887
2026-02-02T20:43:37Z,dbxhd1416,account.a7885f3aa79740c88c62b0cbe722dbe7
2026-02-02T20:43:37Z,CD_SSIDAENG2,account.abbf7c4fae114dd8a219ea249e767d91
2026-02-02T20:43:37Z,FC-08,account.6c99cf530c454b5dad39230f7d115fab
2026-02-02T20:43:37Z,JoralKing00,account.4c14d8f54a9649bdadc70976a9429c50
2026-02-02T20:43:37Z,CB_-_jueun1016,account.0574d0defb9b4475a6e5982ccb3e36ae
2026-02-02T20:43:37Z,skdqgqg,account.4c41c8d3570144098b83b1710fb2d137
2026-02-02T20:43:37Z,Nan_na0_0,account.cd5588f501a54ce5836ff3cc9c223686
2026-02-02T20:33:12Z,Zoe_COM2,account.6c5c32407144439bb9ea25b20870e044
2026-02-02T20:33:12Z,Amazing_ZiZi,account.6ad47335e9b841bb80e72e515ad02d6d
2026-02-02T20:33:12Z,tkuuu,account.0dfe06c0158a48149daf9d8ce1b7c0dd
2026-02-02T20:33:12Z,gnsek,account.19c81bfdd706474a864c8993706fa51e
2026-02-02T20:33:12Z,SangBong_nam,account.732f8aa31fe34f259e1f89b10dcac8c9
2026-02-02T20:33:12Z,Gz_iiilllliii,account.13bd0ee1e5734947ab2d122caf32555e
2026-02-02T20:33:12Z,c0decraft,account.592784ef706b4d1dae9c0f33a1d17196
2026-02-02T20:33:12Z,HeeHee0jumBalsa,account.1a58a0cc58784d18ae61f12665584c7d
2026-02-02T20:33:12Z,cherrymacarong,account.5a1125bcdc3d4550ba5d211658bcedfc
2026-02-02T20:33:12Z,2-jongmin,account.565d3c319fc74a5d916339615aa9446e
2026-02-02T20:33:12Z,cheesemacarong,account.35218ca5074941cab579939acca28482
2026-02-02T20:33:12Z,DuckJa-__-Yo,account.253c869ac21847919529c987b496902d
2026-02-02T20:33:12Z,DooriASU,account.350406e4d4084e038fccbf7a9c9ce6da
2026-02-02T20:33:12Z,BLC_DaHam,account.68df2650e382407d891a86710aba7843
2026-02-02T20:33:12Z,ASU_Kkohae,account.9fb020020c294788a8e67b3ae487e5c9
2026-02-02T20:33:12Z,NU_Goat-_-98,account.53eb55e409ac4683b1a43b31543259de
2026-02-02T20:33:12Z,white_w_p,account.c275a092b7884a9f9fe5445e8aed6171
2026-02-02T20:33:12Z,RP_Yun,account.717aa867755947c0b13245cfb098124c
2026-02-02T20:33:12Z,kng1255,account.f16cc62e1b5744d39483c936168608b0
2026-02-02T20:33:12Z,50_ZOO,account.e77885b4ef954e658ec44b892c704e4c
2026-02-02T20:33:12Z,One__Half,account.ce07c231c0a044f0b200ac123775dc12
2026-02-02T20:33:12Z,Brandx_x,account.65038c1702d14121a586813353b0f7ae
2026-02-02T20:33:12Z,LonlyTogether,account.61e2ef8cd9e04d62866a4bb2e82eb815
2026-02-02T20:18:45Z,NL_Model,account.94845eae37f74ff8aac7158cb3615b76
2026-02-02T20:18:45Z,FANTASTICSHOT_-,account.355e379c2c1a42538a45c5a46dbe7e3f
2026-02-02T20:18:45Z,OFF----Ferrari,account.676d73cb7352429ea7b40bbea705e407
2026-02-02T20:18:45Z,Gaboong_,account.c64f71ddfcbc44309997ae664a8e62a4
2026-02-02T20:18:45Z,YaKinikuw00,account.23e314c77b3d41df82d776fc8f00560a
2026-02-02T20:18:45Z,didiehakdcj,account.66a3694943374d5bb2ddf163b3cc8780
2026-02-02T20:18:45Z,BB0-3-,account.7cc0ee0019fc4035a1a1b81b9acf2bf9
2026-02-02T20:18:45Z,Yxngs,account.60297441a55346879e8c3fddb6fa89e8
2026-02-02T20:18:45Z,DomDaDi-_-,account.b217cd2bdec245948b97a063bf448d86
2026-02-02T20:18:45Z,SUCKEXXX,account.24adf645a1c14a10bfa398dcc5d89204
2026-02-02T20:18:45Z,Hanmavaki,account.48c3021e3e5d4e6ca55afcbf55784aca
2026-02-02T20:18:45Z,me--rong-_-zz,account.5687361e409c46f2a5d47a571a7330f3
2026-02-02T20:18:45Z,060330_--,account.c7aaafbf50aa4a8391ea6c2dc85869b2
2026-02-02T20:18:45Z,ILIILILILLILLIII,account.d3490e20e0434e6b8a2949e62a7e43b2
2026-02-02T20:18:45Z,CpN_aca,account.a5619c14656b42718040e348fb523cb1
2026-02-02T20:18:45Z,akwlakrrnrqkq,account.7999e9f97e28457d8d41c999b910e399
2026-02-02T20:18:45Z,JJ2YA_,account.67bd5f6abdd54c358f22c26a2615bb00
2026-02-02T20:18:45Z,992YA,account.b401f3a8fe374c0c92c71ae5fe9a142a
2026-02-02T20:18:45Z,COUPANG_VIP,account.c575a8647901453bb2e211b26f8b096b
2026-02-02T20:18:45Z,wlsdnr9409,account.b0a3a2c1e0d943b59c100a0e367c11ae
2026-02-02T20:18:45Z,story_ACE,account.864eb833527a462082a7a6d2ea80041c
2026-02-02T19:49:45Z,250805,account.7ab5700a405e493683df3b3c936adcd2
2026-02-02T19:49:45Z,Die_TnT,account.db629488fae4437b90100aa934665dfc
2026-02-02T19:49:45Z,Rhfdkqkrsmsek,account.51ad0d36a54e4256957a899569a65e49
2026-02-02T19:49:45Z,B-Leon,account.9f1deb621db549c5ae8eecf6643bf429
2026-02-02T19:49:45Z,IDN_PenXxo,account.ad43081978304e67961eb6baabacd25d
2026-02-02T19:49:45Z,B-Snorlax,account.10bcc642a6aa450d89cee7842e3e4535
2026-02-02T19:49:45Z,BLC_SoopHaenjung,account.bcacb352c4b84e1ebe6e40fefa862077
2026-02-02T19:49:45Z,nononoQjsosh,account.b3ea6b236923425fbf2b8a190ef0b2a8
2026-02-02T19:49:45Z,dlEnfn,account.31f0ce6302b043fb8b5bbad78203752b
2026-02-02T19:49:45Z,seunggi92,account.bb450306c80f404c98a6e052a5d5d00e
2026-02-02T19:49:45Z,BZN_180428,account.6e438ef2af4e4956b70b854d0ca34cf2
2026-02-02T19:49:45Z,FuxxxxkyouBaby,account.e0451e0bdc7347b9a8e753b7e2287716
2026-02-02T19:49:45Z,ISZ_Hunbalrom,account.62c67ba5ef6746faaff759d3557015f5
2026-02-02T19:49:45Z,001111_BZN,account.c2def5c23af0441480819ec7187efaf4
2026-02-02T19:49:45Z,HAHIROO,account.e25be3b4298843808d9f09bc124a4322
2026-02-02T19:49:45Z,Code-__O,account.22711d9d02454b6ba46dbaa144968cd5
2026-02-02T19:14:20Z,Min_jae1,account.36eb7888a7d142f68f52267e7afdaefe
2026-02-02T19:14:20Z,hshego,account.eb08b79163014dcd99cd63604e0bbbc1
2026-02-02T19:14:20Z,NAGA__DA,account.8bdb9613ec0b431c854f6629ad601e05
2026-02-02T19:14:20Z,fkdzld_-,account.fdf50d51a6af418db814413b729bd8fb
2026-02-02T19:14:20Z,2chainz-rollies,account.a473ef291923489f9268da0771dfbb7f
2026-02-02T19:14:20Z,Jeep-samchun,account.c52663b8240542eb9ff9822be7459d78
2026-02-02T19:14:20Z,9PM_TN93,account.f557508a59364200a05d5654034c8bf1
2026-02-02T19:14:20Z,xowp123,account.b06ac34e0ba14f1faefb163d2194cefc
2026-02-02T19:14:20Z,BBR_MaiMus,account.5e2b91657dd24ba6bce117186ee70a2e
2026-02-02T19:14:20Z,AFTV_GIBAEG,account.4d13df49b96944b8ae93aee2e2a384f3
2026-02-02T19:14:20Z,gangbong2,account.30c93dce42b34299b07572aac7eab26b
2026-02-02T19:14:20Z,caneirsss,account.d3ed27861a9348f48e0e3e91f7a7d41e
2026-02-02T19:14:20Z,Motonui,account.0531be7b075a4d478c08d5c6ea7f4648
2026-02-02T19:14:20Z,wanybot123BLC,account.2eab48713a1b423c9aa19662108c8344
2026-02-02T19:14:20Z,LEENAMHO,account.aad64189dd834a30a3839683d94fdbbc
2026-02-02T19:14:20Z,bujijoa,account.4273e87aaaed4e40a0e30c28fe4e2df9
2026-02-02T19:14:20Z,oeoee,account.2add6b9bddc84a1c9a2025ac41b7f70a
2026-02-02T19:14:20Z,choiseunghoo,account.9341921b4a644d1b97c8f54391779e93
2026-02-02T19:14:20Z,IMYO97,account.77b373b0f74b40a79a27db8c29a762ce
2026-02-02T19:14:20Z,bae_jin_nyeo,account.942d8290c1e44bb8b9a5119e9290a621
2026-02-02T19:14:20Z,hhhhmmmm2,account.47072ee2005f41188cc9e70aaeb6e1e4
2026-02-02T19:14:20Z,minseong1009,account.3ea443182afa404a9801c64cb9ff4393
2026-02-02T19:14:20Z,RAON_JINY,account.62e12878e4b74146ba4920beaab6e4ad
2026-02-02T19:14:20Z,king_s1n,account.a6fbb429c70e444eb1ce97cacb0c2f46
2026-02-02T19:14:20Z,Muichiro-T-T-,account.2990f3f7ba4f48bda4902fb374493eee
2026-02-02T19:14:20Z,OWL_cBumkee,account.43a354d4aa934949841f902a3142e73e
2026-02-02T19:14:20Z,Son_Ruby,account.2959647bf7b24a00a1d37e7f797bf84b
2026-02-02T19:14:20Z,New_cCDdan486,account.8f710453ff5f4e88a37a8932b4fe7bc8
2026-02-02T19:14:20Z,KDGM_LEGEND,account.56a1933843d8414d8294e967e6128d6d
2026-02-02T19:14:20Z,TheHell-DiA,account.48d86ef6bbb94f9488e61dca2fdf8c0c
2026-02-02T18:50:06Z,AFTV_Gangu,account.848d8d8bb4104a7f849d416e66b7489a
2026-02-02T18:50:06Z,0923_YM,account.4c9f13641dba464bbf02e8b9dd64da20
2026-02-02T18:50:06Z,He_Dori,account.6b949c6cbe8a4144b73096d09f368f5e
2026-02-02T18:50:06Z,NOUS_ROONG,account.064cfd469c064311936b75cf356a27d3
2026-02-02T18:50:06Z,EHS_mint,account.76d222d685a946fbae5e75ab04c8346f
2026-02-02T18:50:06Z,illilllliiiilili,account.c3ea5d26841f4e64b65cba7486c233ab
2026-02-02T18:50:06Z,YONGYONG_HEAD,account.a980db3a8edb481db52e3e85a5578b3f
2026-02-02T18:50:06Z,HG_Fighter,account.03f9caca581542f8847c6ffa30240189
2026-02-02T18:50:06Z,hellohyun-__-,account.a795e29968f94d27acae8b53ebcc414a
2026-02-02T18:50:06Z,EHS_boraddorii,account.05631d8c330e4d489109bb12f68a1601
2026-02-02T18:50:06Z,dudududududuKR,account.ff754b8452a945d2877642152fadbf63
2026-02-02T18:50:06Z,HE_HotGirl,account.f355a0054f564905b4acadf2dddaafc3
2026-02-02T18:50:06Z,01058943191,account.fde319cac68e4e68b55ff282d65bf973
2026-02-02T18:50:06Z,bangbang_3,account.75407c5d8356491b8cfa665732d541ce
2026-02-02T18:50:06Z,IilIllIiilllIiiI,account.3fe04bb9b5de4e29aa97ea5e1d0b5459
2026-02-02T18:50:06Z,dmdrkwhaiyo,account.6d4d2ce79df944b79ca0f5bdeeb55483
2026-02-02T18:50:06Z,vlrtm,account.458be61ac95d4cc780cdc7814b8836cd
2026-02-02T18:50:06Z,HaoHao_DooHa,account.ce0dd3f61d8846f7ba2cb3242e3c1b87
2026-02-02T18:50:06Z,zimsn,account.7189c19b0d8349308d137a58fd32e3d9
2026-02-02T18:50:06Z,HaoHao_Lala,account.77bc396e00b44f3a8d84d76b4a653707
2026-02-02T18:50:06Z,95LS,account.d4b64dea71ca4d16a70c0091419152ef
2026-02-02T18:50:06Z,2O2O-01-31,account.f6524df35ce44d1c961e7e615e740d03
2026-02-02T18:50:06Z,liIIIIIllliiil,account.1a7fe7def36f416db8a7c34f092fbefc
2026-02-02T18:50:06Z,KKAMIJJANG2,account.b67a4a75548744ccb2ea482eaca989a7
2026-02-02T18:50:06Z,0912_SH,account.42bbfbd65fc046ce995208e60eb8ca67
2026-02-02T18:50:06Z,HaoHao_foolname,account.88a4f9ca39d44e95bdd637452ff98d20
2026-02-02T18:50:06Z,KR_Whitekimchi,account.9ec631f64ff647559d758ab6f3e26178
2026-02-02T18:50:06Z,B_wonho91,account.bd2b73e25b2d46daac2f34a6129fa1b1
2026-02-02T18:50:06Z,HxxAx_chu,account.4356284ac9574e2d8900cb721020b9a1
2026-02-02T18:50:06Z,iiilIllillIlii,account.662904b228c943d1bfca89f6758d6767
2026-02-02T18:50:06Z,junibo_2,account.17def2484ff2435996d250cde3d5aa86
2026-02-02T18:50:06Z,EHS_DDuBi,account.0bd4f91b5d3744a695b6bcf3faec4e0f
2026-02-02T18:27:26Z,ValYriAn_ProMax,account.741a01614c3d4d0aa11ff6015256518b
2026-02-02T18:27:26Z,PTSD_TH,account.e472d5d7b54e4387a40771ddaefbe38e
2026-02-02T18:27:26Z,The_hil3,account.ad7506de39284ff79eab26a697c3dc5c
2026-02-02T18:27:26Z,PUBG_Aqua,account.3de8baa6e39244748d7cc8b9aafc04a7
2026-02-02T18:27:26Z,oi0717,account.1a12a7a28ee242a19d08597c0acd7660
2026-02-02T18:27:26Z,yapyap_22,account.fdae9c30b1574696995e4f71b2519e13
2026-02-02T18:27:26Z,kirimkirimkirim,account.f812110f2a4f4b9cb32944b3c8043ddb
2026-02-02T18:27:26Z,zero01032,account.cc98f6538e654947807b274b4c671117
2026-02-02T18:27:26Z,ALLIED_Teemo,account.c14c399e6f1f4410bed29dc7d08b2879
2026-02-02T18:27:26Z,Robot892,account.e51c4efdc0b84493b1aba9f6b6187dd7
2026-02-02T18:27:26Z,sushijoa_-,account.c356b7097c44494ca88571c3544d4aaf
2026-02-02T18:27:26Z,BGP_Chicken,account.5511e1e4f0d84c86bc0bb64f41c7747e
2026-02-02T18:27:26Z,Aimzero-,account.3cac7366574c4c1b9af6962c6143a9c8
2026-02-02T18:27:26Z,MaguinyaN_-,account.9a48faf8ffe6445c91ee73f48d0f6430
2026-02-02T18:27:26Z,DBA_Index,account.68b1e19d38e846789d062ef4c4e5099d
2026-02-02T18:27:26Z,DBA_Nova,account.ccfc090ef79b4c96a5299f906fd8f8f0
2026-02-02T18:27:26Z,Jihasu7979,account.83cc59271a5c4f23a0ab4f0e47f7841f
2026-02-02T18:27:26Z,WOONYA_Noeul,account.81ee7a426d15463f91466fc75351ec8b
2026-02-02T18:27:26Z,NU_NIXX,account.93cfe9c494164c5dadac9c0d706ad96f
2026-02-02T18:27:26Z,Lamborgh2i_GT,account.f21806afea5c4ad88d0ff675651ae0e4
2026-02-02T18:27:26Z,tM_Violet,account.bc36e707a5164642bc1a2b5a3af0f8ba
2026-02-02T18:27:26Z,EunSeokDieplz,account.3fee1314e7b24744802112cda0340dc7
2026-02-02T18:27:26Z,SEOEUNSE0K,account.56978b4df3a84b8eba6041e9d76fa85b
2026-02-02T18:27:26Z,DJ_G0nny,account.50d740c02f0c4b4a9e03d1541d5cd1fc
2026-02-02T18:27:26Z,Achieve_H-zz,account.6b006211be1c40159e5cf27a99155257
2026-02-02T18:27:26Z,GGoGG_JiRu,account.afc16c0fb9a04dcea6b1893e4d3514eb
2026-02-02T18:27:26Z,Salute_0_0,account.a48a1a227fef409c834a4a7f3e817716
2026-02-02T18:27:26Z,Mr-sun-shine,account.71e069fa8a804894aeeee2dd4d34a7f9
2026-02-02T18:07:26Z,MKo3o,account.20e502d80d144ec9b113b2a8699314d9
2026-02-02T18:07:26Z,TOT_hm_son7_-,account.fcd2172a5bd54fc3a665fca7cfcfd075
2026-02-02T18:07:26Z,Ys_hyper-_-,account.8ca962a1cc8e41c79bf6c102dff12dce
2026-02-02T18:07:26Z,limjihun2,account.940c03a7b11e4d0fa45dda8cbaf3545e
2026-02-02T18:07:26Z,KW_Brain,account.222340670253425f889dc819ac4afaac
2026-02-02T18:07:26Z,Sense_SP,account.29a0eca30bd845caad73af7e8e8294b4
2026-02-02T18:07:26Z,POG_JINX,account.dee659e3430943f193c7f2fcf7d7b67b
2026-02-02T18:07:26Z,sllms007,account.82ce8549dc4740a0a0f672183ca8881f
2026-02-02T18:07:26Z,GaNg_BJ97,account.a397006a164843be851f3e23f41d671e
2026-02-02T18:07:26Z,EU_AX,account.1b0a28fe427447988df4e53983c2b37f
2026-02-02T18:07:26Z,Gochumayo-3-,account.6d6cd2973ac549068e07d2a7ef8cf507
2026-02-02T18:07:26Z,10046974,account.89f679311e494d999cce1e3ffd15c4c8
2026-02-02T18:07:26Z,qjawls0331,account.fb498b565bce433cb9b17e3116d96e19
2026-02-02T18:07:26Z,UJJALAGO,account.147019f15ec14b22b407c97b9a57d668
2026-02-02T18:07:26Z,jae_yom2,account.480276c5313144e19e8017a99cd5bd14
2026-02-02T18:07:26Z,0-W00,account.3a8e7f1d123741c88598021df5ad6907
2026-02-02T18:07:26Z,helping-_-,account.0728895fa53a43d1b6188af5c0b93be9
2026-02-02T18:07:26Z,Ys_Cohiba,account.316fe81f8d76498b9f88f4da80ada700
2026-02-02T18:07:26Z,BamBi_OTL,account.8fd172d1bde94c64903871f820d16431
2026-02-02T18:07:26Z,NAMO-0-,account.cfcef249688c4484bfcecbc1364ad63b
2026-02-02T18:07:26Z,BUCHEONGOSU,account.ff24ff0baa704ce0afd120eadcd8be75
2026-02-02T18:07:26Z,1TAP_TAPTAP,account.b4a91703b65642edb1db6ab7f20d0208
2026-02-02T17:40:59Z,bany_hun,account.fef3435c15d34223b9d813f52d8f1588
2026-02-02T17:40:59Z,gyoLin,account.4313669d9bff414586b35358d1416572
2026-02-02T17:40:59Z,Yeah_Gun,account.8c8ad6f2d4cf454b90e196dbd24b3057
2026-02-02T17:40:59Z,LxxxxVxxxxxx-_,account.0fdfe593d99f4396b7c0dada038a68e1
2026-02-02T17:40:59Z,K-C-G-H,account.3dbb0a2496574598ba903ae5a2d8654c
2026-02-02T17:40:59Z,Aza8861,account.91d1d7cb5624418c8798e55fa645e020
2026-02-02T17:40:59Z,ssyh84,account.7f83cfb335f84918b50e33a1e9e2b676
2026-02-02T17:40:59Z,JEJU_Viper,account.1cebb4774dd347b8b5aabc82c1da1f4e
2026-02-02T17:40:59Z,DGG_T,account.c558827f31894f469015e4a880494e12
2026-02-02T17:40:59Z,o-jiguyo,account.81242fc264724643999d97c25899b5f4
2026-02-02T17:40:59Z,2RROR,account.350a28c1bed846b68d39a54d9447ce86
2026-02-02T17:40:59Z,Art_ByunCelo,account.fa09aaf0b5914539ab15ece5f8a7790d
2026-02-02T17:40:59Z,carryheon,account.ae46bac92e044a52970ef92a1ce201d6
2026-02-02T17:40:59Z,Delimanj0_0,account.42e3480d41e243228c96866732c14985
2026-02-02T17:40:59Z,Psycho_DDragon,account.1f76fea6f15f41dba513b7fada9cc593
2026-02-02T17:40:59Z,DGG_J,account.77209a640e40461b83541722b6c14531
2026-02-02T17:40:59Z,GRAY__SHOT,account.3e4e5aafc5c748298f5147d6c2f383dc
2026-02-02T17:40:59Z,First_MoonDing,account.4cb19027cf0249088dc57484b4c55f28
2026-02-02T17:40:59Z,JonNaSaRangHalGe,account.5f1a844c80984ba787e1de73d4e63fbe
2026-02-02T17:40:59Z,kang___god,account.c62f43576be74978b7cca84238dc6164
2026-02-02T17:40:59Z,1stFly,account.11064cd14ef74507b84300623c7a91d7
2026-02-02T17:40:59Z,AERIMIDAYO,account.15ff6f6cc6c749908a462ff43f2fbe83
2026-02-02T17:40:59Z,Shohei_Otani_17,account.94868341dcdf4d18ab316313e0944382
2026-02-02T17:17:57Z,D_D_O_O_,account.9fe32c239f9a4d39a178c7930fb3d7ee
2026-02-02T17:17:57Z,Ommo____,account.11a082c0fa4c43c7bf3986098a3f0f40
2026-02-02T17:17:57Z,EHS_Chabssalduck,account.25c75351bfe84fb18433536755e21955
2026-02-02T17:17:57Z,INX_4minix,account.3b5440cb66b84f309f08fa5de153ebba
2026-02-02T17:17:57Z,Luxe_llll,account.cca715085e83421ebd778659c8fb8223
2026-02-02T17:17:57Z,UNDERDOG_HWAXY,account.20989eee57cc4c329c7c63f4663fd6bf
2026-02-02T17:17:57Z,EHS_NuclearShot,account.572831951aa843a8ac8e25ff4d9d7691
2026-02-02T17:17:57Z,zzzzminn,account.ded4ccc2743f46d08343c5492a55945b
2026-02-02T17:17:57Z,GOAT_TOMHARDY,account.43d8219963a44ba792b961db83691033
2026-02-02T17:17:57Z,han2yaki,account.0c8d7fbc6ae840ea8b1dfab1c0d9dcd1
2026-02-02T17:17:57Z,parliamentrt,account.1fd77a1defe94cdd8babac17a575bd94
2026-02-02T17:17:57Z,Meteor_EEE,account.a111084ad4a24c6cb6770ac0629adb01
2026-02-02T17:17:57Z,chj4626qp_,account.bfccadf8a64c494ba2f460415868b49e
2026-02-02T17:17:57Z,JEVELY_-,account.074ea41aee4c42a9883f9f047ddc79b1
2026-02-02T17:17:57Z,Milkis_SODA,account.9d72b3da46cc4a359d9868e0e159a243
2026-02-02T17:17:57Z,domalrang,account.9f16ccc4ab6145318af2e1e2bb23996e
2026-02-02T17:17:57Z,soung1188,account.f4e61b2dec71465d95e9dae56d4aeaf0
2026-02-02T17:17:57Z,No3_ToT,account.eac0dd56f63f400199a4a0a1a018978d
2026-02-02T17:17:57Z,youngjun3745,account.fc857e3774b345dcb1ae2689fdafb446
2026-02-02T17:17:57Z,Fierce_EJ,account.dce59e09c017480b9ad8950331407903
2026-02-02T17:17:57Z,Wonjungii,account.547708936fd848d7b99abc4c4c0e245e
2026-02-02T17:17:57Z,EHS_XEYBOY,account.356c7a8b4fe74847bc4f6925b0f9f246
2026-02-02T17:17:57Z,No7_OvO,account.ede4cef227694b17868460e39333ece0
2026-02-02T17:17:57Z,sang-0_0,account.a2495caf3f874e4babec007ecfda589f
2026-02-02T17:17:57Z,Fierce_Lndira,account.ee18c0f6b992451b8f57922dd50d8fc5
2026-02-02T17:17:57Z,MW-AYOUNG,account.ebac605f3e57474898674591edab95b7
2026-02-02T17:17:57Z,bum_ha,account.eafb2152d5cc43eea9dcfd347d606bea
2026-02-02T17:17:57Z,minxixinggan,account.4d92c3f562944670806ea2a331d9fffb
2026-02-02T17:17:57Z,EHS_NaSangEun,account.a16d7356f1e14090adaae97f6dba910b
2026-02-02T17:17:57Z,XIG-BLUE,account.9a64da597fda4bfc9c570e42a182a09e
2026-02-02T17:17:57Z,angglmoti54,account.db30e88077a74332a2505e097ec8b6b6
2026-02-02T17:17:57Z,No0_OuO,account.417f38ba168243b9b0234249d1b7a44f
2026-02-02T16:51:16Z,aluefnadufb,account.97b090e2066e4fbb8c90f9877522b57d
2026-02-02T16:51:16Z,naminju,account.e1027f0cc13742bf8e75c4691fc9b594
2026-02-02T16:51:16Z,najisuu,account.d691f3cad5894f80ba8e0f500c7b3830
2026-02-02T16:51:16Z,fnjkmc,account.440fe92d85694e00bee2e5c7d32f49a1
2026-02-02T16:51:16Z,DMC_Pdle,account.5900ae6286694816b3fa3cf930a86a04
2026-02-02T16:51:16Z,daeseobi,account.9f09d7e17e744abb90d94032eb12073c
2026-02-02T16:51:16Z,luckybokhee,account.a830af3d2c864d9eb1c526c610fceeb5
2026-02-02T16:51:16Z,Yellowmonster-_-,account.44b322180edd4bc9ae4990e26ee9fafc
2026-02-02T16:51:16Z,yourfaceverygood,account.ac5517c5555a41f0a04c5de3953b0217
2026-02-02T16:51:16Z,S_xck,account.8de1ac13b66e4923b7ba921470229bdb
2026-02-02T16:51:16Z,BO_BUNNYGIRL,account.11fdbf33b44041ff82990c1553e43d95
2026-02-02T16:51:16Z,SNX_SNS,account.fc1997d1448e4fc5b34d9ec6235878b1
2026-02-02T16:51:16Z,Neymarjuniorrrr-,account.7295ccf1158f4f16987d3f1ed6aa3ef5
2026-02-02T16:51:16Z,xogus3211,account.aab1bd0389a84491ab259c6c04a736f2
2026-02-02T16:51:16Z,numberhyun,account.8b25f2c59cca4c0ea6856c7cf8e45c33
2026-02-02T16:51:16Z,121BN1CO,account.35da2fe6e7084b2891579ef41f49af52
2026-02-02T16:26:59Z,XKXKXXXKKXX,account.e1882abee25c44448bc1c48d96824409
2026-02-02T16:26:59Z,CCry_BBoss,account.418addd3d76f4a68993399c8fa53cd36
2026-02-02T16:26:59Z,HTC_Oni_San,account.d04c200763bb463f82f09c216abf0398
2026-02-02T16:26:59Z,Sechxnny,account.af62bfb90dc742c8b5bd74582a42c788
2026-02-02T16:26:59Z,yeolramyeon,account.d15591b8b90249e29aa200854ba408cd
2026-02-02T16:26:59Z,munji_07,account.05bc52ef850a4a5a83c851703b986bef
2026-02-02T16:26:59Z,Huge-bro,account.9bf625abede5411990d5bbc6003614b7
2026-02-02T16:26:59Z,mazzanayong,account.de015af19ee3440ab52cd376984fa5ca
2026-02-02T16:26:59Z,HTC_wangbngar,account.4b4a37ec25cf4de0946320c47271b230
2026-02-02T16:26:59Z,BEGMARIA,account.508ff5b9f5df4206b4b4557deed73983
2026-02-02T16:26:59Z,BboSongI-,account.d3d39042732e43a6abd68562be1cd3d7
2026-02-02T16:26:59Z,pinut-choi,account.5009abaea57b4495add655f60ed48ac3
2026-02-02T16:26:59Z,NN_MNM,account.2d47cab912334d54a125b813f23e2fa4
2026-02-02T16:26:59Z,UK-SONG,account.d43d16805be14515b5bfccb2d2bbbd38
2026-02-02T16:26:59Z,Mooo_s,account.d52075759b8548b7ad6773f86e1984de
2026-02-02T16:26:59Z,koreaporn22,account.bcdafdff83bd45cc87714ec32b22da37
2026-02-02T16:26:59Z,HTC_KKoKKiKKe,account.230f79f406e14f8b92e0a74a63b2604d
2026-02-02T16:26:59Z,AKA_-Spanner,account.27b622fb0eca4be99426ddbf590f0fec
2026-02-02T16:26:59Z,itoyo,account.0a2b257df6654ca496972a5773e97b6f
2026-02-02T16:26:59Z,JJeodoongE,account.46d047259bb94723a5edbcdcee8211f3
2026-02-02T16:26:59Z,BBaQ_tO_Ot,account.405f53b760e14d60b4e1ac5f963f88fc
2026-02-02T16:26:59Z,CCry_Thug1ife,account.a462a226c9c64c79b9e4eb68e8b1ef7a
2026-02-02T16:26:59Z,ddarahazimalago,account.30c6728df1ab4177a0d9a748b01a1a63
2026-02-02T16:26:59Z,CCry_Siri,account.c2bb8eb781bc4f1da44a2695be059ac2
2026-02-02T16:26:59Z,NN_NoN,account.ffd0b6789229478b9e0504cce33a2ba4
2026-02-02T16:26:59Z,NN_MIKKANG,account.7744c9ada07842e08f670bb87fdc574c
2026-02-02T16:18:06Z,e9ro__,account.8c6546d25df94091a3436cf27225ee0c
2026-02-02T16:18:06Z,GUNBREAD_2,account.5c0d195d9295482a94b72ab5423e5b15
2026-02-02T16:18:06Z,Sunflower2821,account.90f66cf925a84e2c9a83f138e7db88d2
2026-02-02T16:18:06Z,TJEHDWNS,account.56fc7d65880f4a8e847c0d015b985dba
2026-02-02T16:18:06Z,BGP_Ruel,account.54b899c710af499e8fef6439a3761272
2026-02-02T16:18:06Z,2S2_Alphaca,account.46bc89ef11d441dd92b67ddc1571b13b
2026-02-02T16:18:06Z,tamago_09,account.d7d4edc78b7c41f9a3ce7cba15503e46
2026-02-02T16:18:06Z,lllillililiilll,account.7db10ba146034e0085468cf62c62222f
2026-02-02T16:18:06Z,jinheeeee,account.be88ce968aaa4386aa6fe01462bb757d
2026-02-02T16:18:06Z,07_winter,account.4a6f7b42677f4490b76dd0752a2ac998
2026-02-02T16:18:06Z,GEN_Fairy,account.ea9ba4759e654d5da5625d0949b6c59f
2026-02-02T16:18:06Z,do-won12,account.d590dcc77dcb4bdda225a1e6911b3729
2026-02-02T16:18:06Z,naRAGG0,account.65b34eacc6d2447e934fa5338a5c6e2b
2026-02-02T16:18:06Z,soldier06-19,account.b1fa7ab4c2c0455d9312ba7f5c1cb932
2026-02-02T16:18:06Z,NikeX_X,account.e464b3579f414e2d9729ffeafbba9fe3
2026-02-02T16:18:06Z,Sazza_BK,account.27952e75d45c48928979ef1fca932a5e
2026-02-02T16:18:06Z,Jjasgiyo-_-,account.0ed7292591f1445a8438761441b40eaf
2026-02-02T16:18:06Z,FunkyFusion,account.b9649eb8cf2e495ea260a55bab2381c6
2026-02-02T16:18:06Z,SOSIGIDDUK,account.eb5b5f48b469435794b6ac827cd80d54
2026-02-02T16:18:06Z,XXXX_BBoRoRo,account.58d023e97b6045388d2f64f6dce33298
2026-02-02T16:18:06Z,DIC_Vane,account.d2bd2dbb36604be18134194bcadea362
2026-02-02T16:18:06Z,Chae--Yeon,account.c84aca8054e245a5951605ae8e9d6a0b
2026-02-02T16:18:06Z,JINOOO-_-,account.8fa57e1fef3d46c48008136f8ddc0ffe
2026-02-02T16:18:06Z,sowhatiamTanVuu,account.f4903a45e86d4d6dab8003973fbfd5a8
2026-02-02T16:18:06Z,SoymilkTvT,account.9c5c0ebbdf3d407f917cb9d4a216913d
2026-02-02T16:18:06Z,HUNTERXHUNTER__,account.12e81b3215cd49248e43bbf66d988956
2026-02-02T16:18:06Z,CHOR_SCHUMANN,account.c0a29dffa0f24f11841101cce7766293
2026-02-02T16:18:06Z,8vEr-__-,account.f7117cbca47e47bbad94b361c42c6585
2026-02-02T16:18:06Z,Seu_barasi,account.3334e01d4da84269aa7e053bc69c5313
2026-02-02T16:18:06Z,Jae_hyuk_song,account.daab63c8a35e48389fc0b210e6b74b07
2026-02-02T16:18:06Z,Huntrix_x,account.0be913856d184265bead7aa857387d2f
2026-02-02T16:00:08Z,END_Guy,account.29582e224736461c874beeb29e0db56e
2026-02-02T16:00:08Z,D_a_g_e_,account.01263ee7a9f14333ba97c6531cc18db7
2026-02-02T16:00:08Z,suptxst,account.a716aa6d0b8f4f108045a5a2e9e67ce8
2026-02-02T16:00:08Z,Star_JJIN,account.87917939d1c04e5e9bb68b343387b491
2026-02-02T16:00:08Z,H_ebb,account.8bab3a10fb3349c0992cbd09c1ad6eae
2026-02-02T16:00:08Z,SonnyPark-,account.eddbfbaa938044f88c0c7f861f4d8203
2026-02-02T16:00:08Z,L4_ACE,account.3cbabe76fdb34b3b9f4e8e61c38c1a93
2026-02-02T16:00:08Z,SGT_MeNgGu,account.483befa0943a4936a5b2f345132a2f4e
2026-02-02T16:00:08Z,BISTRO_PIZZA,account.ebb39345b78f45668cdd1920ad4c751e
2026-02-02T16:00:08Z,johsang,account.de894ae94bd042d19370c8f73db367ea
2026-02-02T16:00:08Z,CW2N_Premium-CI,account.c64ec5c45eeb457295b5e06c291229b3
2026-02-02T16:00:08Z,leehj1222,account.9ebc3c44b38647799aaf6fc421e9cb8a
2026-02-02T16:00:08Z,L4_KUN,account.9b30cd7741c64882bbac78445ad50d62
2026-02-02T16:00:08Z,POHANG_Ratel,account.288ee3ee445f46f1b107a3025a55b6a4
2026-02-02T16:00:08Z,DONGBBYE14,account.d9d14924d0b34d51870f9822b714beb4
2026-02-02T16:00:08Z,bellphic,account.ea440b3807ec47fdb57fd24a946f24bb
2026-02-02T16:00:08Z,KimGucci-,account.3682700aeb9740498e76b71962e33028
2026-02-02T16:00:08Z,NuDDiNeNe_-,account.55a8ac50aba3470abdadd743dee01e9c
2026-02-02T16:00:08Z,vudelf150,account.2d88ce14f476468d9479ef8309c5ed15
2026-02-02T16:00:08Z,sohawang123,account.a7fe7c7f33de49b9ad0f8e5194d2a759
2026-02-02T16:00:08Z,Cho_Bab_Wang,account.53a1b9e8eb05415b9a024feefa4d26fc
2026-02-02T16:00:08Z,Txngmal,account.abaf15eb053a4e808fe9eccc95ce8139
2026-02-02T16:00:08Z,NU2na,account.62e1b34273d04e90a4f07d794f73ba02
2026-02-02T16:00:08Z,CW2N_DDang9-_-,account.b7c5f5532d224e1292ebfa7762aa648c
2026-02-02T16:00:08Z,cookie_SoS,account.f736e9a71ed244d7a645d1b7b9a8614d
2026-02-02T16:00:08Z,DO_DOO_DOO,account.3076788433614846ae3564d13fe136cb
2026-02-02T16:00:08Z,Rx_Hobbang,account.b8b70e81877f4247b38204a2ad2e0ead
2026-02-02T16:00:08Z,DEVIL_KKONG,account.d667be2f6626489390ab3a3f1200d0f6
2026-02-02T15:34:34Z,INX_MERONG,account.e8aa3c86768d4a67aeb8639c22f5e6f3
2026-02-02T15:34:34Z,Ez_Rakan,account.166c8e6a42384d8694d48a09ced782f2
2026-02-02T15:34:34Z,Xero_cola,account.4adbe9900e6f4a368d5cfed209cdf92c
2026-02-02T15:34:34Z,Now2n,account.0222bc59a814431185674dd1fadb17ba
2026-02-02T15:34:34Z,lee-pro-10,account.3d20ad8f0bf2435b826f86df76923d0d
2026-02-02T15:34:34Z,HNB_1111,account.cc6b0ea0395249da9a5124312b181164
2026-02-02T15:34:34Z,CHOI_PROTEIN,account.5de64691303b4b79b6d8378b58e54f57
2026-02-02T15:34:34Z,k-tiger980,account.7dec5e187b5940f09244a39b2fd01042
2026-02-02T15:34:34Z,ibaoxiao-,account.5045876204d141b597ab6e02efecde0d
2026-02-02T15:34:34Z,woohyuning,account.b30d577a0f6a40e0ab81744862719db7
2026-02-02T15:34:34Z,25818017,account.bab4f1946c444fc7ade84e67c72ab1da
2026-02-02T15:34:34Z,Ez_Xayah,account.cb5da19311e5467daa625cf85f34d706
2026-02-02T15:34:34Z,96Taikonn,account.f17715344cc44bdc8c391ca485c6cefe
2026-02-02T15:34:34Z,byebyekikiki-,account.291ffb6fe27249aeb02e9c399b9cd4ed
2026-02-02T15:15:56Z,HNB_W00hi,account.1731c9f9133848f984c509187b1a0b5f
2026-02-02T15:15:56Z,AngryBBomi,account.5fa787d3592d465d9b221edea00834b1
2026-02-02T15:15:56Z,2CN_QWER,account.94dafb7622aa4c5483a808762a7ab7a0
2026-02-02T15:15:56Z,WxxDy-__-,account.741ab3c44b134a03a26be9634edde932
2026-02-02T15:15:56Z,3SP_BangG,account.5f6a5699f44848cba004407f9696cc43
2026-02-02T15:15:56Z,tacobbang,account.f1e741f27ef7439bb42444d0b2cb55e4
2026-02-02T15:15:56Z,gaeguul,account.35dc02e8d67f4655a6ccc5c1f3dc6119
2026-02-02T15:15:56Z,shinjigoon,account.39226b9eb47c4abe8ba20513720dd60f
2026-02-02T15:15:56Z,ggulbangTAS,account.6dbeeabe393f40fe8882ca57606fa915
2026-02-02T15:15:56Z,NMS_seoguksoo,account.b8a1e55617da490182f8774793baf3cd
2026-02-02T15:15:56Z,K_Yae,account.d37df70d02d4490698b999028903817d
2026-02-02T15:15:56Z,CS_TERY,account.34f0b9e7a97a42d0a3543fa81e1da05f
2026-02-02T15:15:56Z,wdoas,account.7c97fdaf934d47769acb41f9dfa61822
2026-02-02T15:15:56Z,DecadeTAS,account.45f79b39b3db4734944884e88a17c96a
2026-02-02T15:15:56Z,SSENU-__-,account.76ee9159c6cb4ad68a725907e8fb0032
2026-02-02T15:15:56Z,ManGyul,account.7ce3d8043bbb4acb856d8ffeb4df58f5
2026-02-02T15:15:56Z,JATBOB_PARK,account.e46014f2477445c28ead1d66d213baa7
2026-02-02T15:15:56Z,INX_YOUNG2,account.3ff802fb1a954f1cbb9d3bc78eb01cd5
2026-02-02T15:15:56Z,3SP_QuieT,account.136c98b1b1784936a7177608b5dcd40a
2026-02-02T15:15:56Z,Bedicated-_-,account.acc356363f67470c9d79f82369cd1d54
2026-02-02T15:15:56Z,lghwls03,account.a1ab8b290f6d462dbaefb3a30390df21
2026-02-02T15:15:56Z,todtodn-,account.15a94c49d14f460d8de44cc9102e58f5
2026-02-02T15:15:56Z,2CN_SSHY,account.7caa53e2fd724f32ab9b0b554791ba44
2026-02-02T15:15:56Z,EBOOSO,account.c4d6b0c77022448d895de2a66dacc4f0
2026-02-02T15:15:56Z,SIS_Hun,account.b7fa8dce19744c53b80fb75be0911605
2026-02-02T15:15:56Z,SOOP-DR,account.f2a878cb098941428c50aa47f91d18c1
2026-02-02T15:15:56Z,Ha-_-Nn,account.fb814a951be14e4f8453ce93217a7912
2026-02-02T15:15:56Z,llilliillliilill,account.3f18c2e9e1b143ca9588e8f105804dbc
2026-02-02T15:15:56Z,2qudtlsfusdk,account.16bb2d830d2b43a3966dfe3577a502b5
2026-02-02T15:15:56Z,911ONER_,account.c5ea5d7a0d374f8f96712e5505c987ad
2026-02-02T15:15:56Z,hjeongHNB,account.bfc673cd899e4d648734cbdcb87acb7b
2026-02-02T15:15:56Z,KatooGz-,account.e53e2b7943ed41abb5c8cacd827d0e2c
2026-02-02T15:15:56Z,battlechs,account.16c13e00c2b54ea6bd2cdab32e952ebe
2026-02-02T15:15:56Z,VX_913,account.28ebf6bba0cd4230a927886923e4a503
2026-02-02T15:15:56Z,jungleess,account.84c973ab267d48999b4d280abb3105a8
2026-02-02T15:15:56Z,INX_CC,account.f3e3b5f658f74a9f870bd8b49fc4132b
2026-02-02T15:15:56Z,god-mozzi,account.d3fe03db7337443e8ba9ec9e9f37d9b9
2026-02-02T15:15:56Z,Cheolsusemi-3-,account.defaf413f58d43ee8632252516924a2f
2026-02-02T15:15:56Z,DL_Psych_o,account.a504ad54c148484c9600c5a66f194da7
2026-02-02T15:15:56Z,Gz_COLD,account.e00fab6b04704e58a8fa62494c95fc1a
2026-02-02T15:15:56Z,Mariahall,account.b19f6c17cafb483a9a728be01279e5d5
2026-02-02T15:05:30Z,SSAK_MASTER,account.d23a2224f599466987f5661dc4b9ca64
2026-02-02T15:05:30Z,tM_song2,account.7c6336fb681643db8c178cbbba5128d0
2026-02-02T15:05:30Z,Umfafafa,account.146418d2605b4b90940c53986ea2a168
2026-02-02T15:05:30Z,TBI_HotKkeunE,account.10a9ffb82c3d455e9dc48e474b9dc221
2026-02-02T15:05:30Z,SSAK_WOKITTOKIT,account.b0769ceb86e74f5f8c4268ed72414bb1
2026-02-02T15:05:30Z,WT_ShoBu,account.48a5fe94f3af4b4fb422b1fe17daeab9
2026-02-02T15:05:30Z,SSAK_SIRU,account.d32f5eb2d6f3447db5d30ee06ee31aeb
2026-02-02T15:05:30Z,AL_Kain,account.8698e07f8818453a9a7a7fb73924fcee
2026-02-02T15:05:30Z,NUsense,account.c951807e44a7464da6b38d3b02527283
2026-02-02T15:05:30Z,DAF_Row,account.d15c3f6694454c8da27c30d62cff6918
2026-02-02T15:05:30Z,GC_Kyu,account.6fecdfd4f5374408a07bfd8a6e02cca9
2026-02-02T15:05:30Z,BlueNote-,account.605b2f5e89b74d97a13306088501daf2
2026-02-02T15:05:30Z,DAF_NaNa,account.a0f49a6df8cc421eb8692cb75d1a07b9
2026-02-02T15:05:30Z,JJanggu_SEKKl,account.18f324debac94caf94030b2cf1aac6cb
2026-02-02T15:05:30Z,INX_4885,account.c3115a7709704da6a1ec89f9a742255e
2026-02-02T15:05:30Z,BOKCCHI,account.163e1acddad4480eaa6e5cbe208d77e5
2026-02-02T15:05:30Z,Ahni_-Man,account.efc9f1edd6554a8a8b58563bdba4c75c
2026-02-02T15:05:30Z,hyunsik5959,account.ad223467b1344e8aa17dcc3e7549534e
2026-02-02T15:05:30Z,Oh_Tae_Sik-_-,account.719a403e377c4ffcb033ee3f6622dab9
2026-02-02T15:05:30Z,ZeKaBoy,account.8aaa48f5f0364566aa3dd32ba87a9e78
2026-02-02T15:05:30Z,GC_rQ,account.e0ed6556d6ed4ba4b3f05a4bf5789135
2026-02-02T15:05:30Z,GC_doinb,account.9b39fca9fef34c5482f305e9acef8c30
2026-02-02T15:05:30Z,kuzuu_,account.5843ea4617344d319c6bce8ad73c6114
2026-02-02T15:05:30Z,momoyamukja,account.a9bcdd56a5424743a05ab704e9162edd
2026-02-02T15:05:30Z,SSAK_CUT,account.495fd0ed6e3c41b8acc6b04612096f7c
2026-02-02T15:05:30Z,gubo__,account.4854d59b40d44d5c9bdb0c687be5a732
2026-02-02T15:05:30Z,INX_GAGABOY,account.40a512446e9048a2920222205ebb556f
2026-02-02T15:05:30Z,GC_BANA,account.b727625ecdb042b3bf648a45cfc242d9
2026-02-02T14:53:37Z,MEV_AtoZ,account.64c56f399a2a40489f35317d92560dd1
2026-02-02T14:53:37Z,ANESSA__-,account.a4a18910069342679f8287e4771939c5
2026-02-02T14:53:37Z,DeL_CHAN2DA,account.eabdd52bb6c04630b0f971d516430433
2026-02-02T14:53:37Z,Potatopizzyam2,account.f151b4ce56bf4b71815bd066811e9b5a
2026-02-02T14:53:37Z,SIU_Chin,account.194175d3e44840c1869f0cb865ddc7b9
2026-02-02T14:53:37Z,Lee-Tae-Yeon,account.8952bb9a54d54c27ab6edf340f22324a
2026-02-02T14:53:37Z,rnRldRld,account.f5e32ef72399468e8ededff6aa740f65
2026-02-02T14:53:37Z,DeL_UZI,account.df32bf4589984beaa500d428b6b9e591
2026-02-02T14:53:37Z,Moovingboso_-,account.4ee9ec5576d246e8baea11f4e931518c
2026-02-02T14:53:37Z,Philippines25,account.8bc6fcd139904262961b58681df53c3e
2026-02-02T14:53:37Z,WWCD_RoA,account.28eea2baee63480eb549bb4d7700e274
2026-02-02T14:53:37Z,BBaekju,account.fe23039b2ba24631a61f3d3fc434c4ef
2026-02-02T14:53:37Z,Gosuindeyoung,account.1b58d281c5fc4fa8938f8957f9735d57
2026-02-02T14:53:37Z,NORAMI2,account.5774219e5f90418b990bfc11772963da
2026-02-02T14:53:37Z,92_robadayaki,account.67037f23601f48deb89ff35c5204274d
2026-02-02T14:53:37Z,DNM_Black,account.e508acb4643c4a64a577e04d84e2016e
2026-02-02T14:53:37Z,DeL_Elbow,account.96c7444584cf461bbb3ad7d37fc917d8
2026-02-02T14:53:37Z,LGT_Boss,account.c742c31b6e7c478fa3991418109b0e6c
2026-02-02T14:53:37Z,Gay_TaeHyeon,account.02ef0b26462f4ef3bde7875cf2e546e8
2026-02-02T14:53:37Z,FR2DAY,account.b4bca6599d894e60af16f1411862d47d
2026-02-02T14:53:37Z,NT_HYEOK-OH,account.00d89a213d564a7a940db2c9c9ac3a92
2026-02-02T14:53:37Z,WWCD_SSUB,account.f93f77b8baed4ae38ea3942b0bba39d3
2026-02-02T14:53:37Z,1_XX18,account.f0bbd4c982ef4f21b9d582dbd2671020
2026-02-02T14:53:37Z,BbaaaMa-__-,account.d4be3b5792e74c8787941520524eb702
2026-02-02T14:53:37Z,BGP_Dasu,account.9e5da568790648a0be903ac564db24f2
2026-02-02T14:53:37Z,X_xKawSS,account.537871f9731d483b806fa7963a5f356d
2026-02-02T14:53:37Z,buIgogiburger,account.ce4f0efdc5b149e8bcabc0a82a733c6a
2026-02-02T14:53:37Z,DeL_Uppercut,account.23c8482272be4a1f8146e48aa65ca761
2026-02-02T14:53:37Z,tenggledahee,account.36dfd23e8faf4fb5aaf21425ffe7c3ca
2026-02-02T14:53:37Z,WWCD_Gwang,account.6ba9544c94be40788a7579a0e3861747
2026-02-02T14:53:37Z,BOOM_ClanMaster,account.844812fa993d47419f94cbd8b438c237
2026-02-02T14:28:24Z,Durumigil,account.03fb0395ffd042ee95e2cc19da8349a9
2026-02-02T14:28:24Z,honey_dori,account.61917d3872c345c1944062022d780bd0
2026-02-02T14:28:24Z,KINGYUGUN,account.56c8e67c22004b5682d5914d242099b5
2026-02-02T14:28:24Z,nokdong97,account.9d60fec2c2024d0b8e60b3fe7270edaf
2026-02-02T14:28:24Z,JoJaeHooooooooon,account.168d4d582e6a438593b2b5f3689345b7
2026-02-02T14:28:24Z,sexyGANG4,account.aa529dc76ba04226a094685f4811b885
2026-02-02T14:28:24Z,Tee_Min,account.5e52dd00ba034308a72cacc4c8429077
2026-02-02T14:28:24Z,j4405kl,account.3a606806053542e5bb0e589918524055
2026-02-02T14:28:24Z,Hxng_Q,account.c4dff46dfb524258b6270ad356ada5e4
2026-02-02T14:28:24Z,youneeee_,account.e001e727171143cdaaf32098593c87da
2026-02-02T14:28:24Z,BiHoPizza,account.df032ea2344741f59b14db4bfe7716ed
2026-02-02T14:28:24Z,ssapnodab,account.6e34930ecf0740e9a0363e758665dfe5
2026-02-02T14:28:24Z,TN_GUS417,account.6ea6eb73d3cf4b9388283add91eaf56d
2026-02-02T14:28:24Z,zkqorotlqkf,account.638a17458cda40789108a30897243e56
2026-02-02T14:28:24Z,llllililililij,account.2593856915e84f09923758b9cdbe6202
2026-02-02T14:28:24Z,im4na2,account.bcc90fa13da94067873d7ee60e9b6cc1
2026-02-02T14:28:24Z,ACE_HwiRanG,account.13636680e9854ee092095d00b69a43c6
2026-02-02T14:28:24Z,DN_Develon,account.b834d9d951c349048ad16726b659e8a0
2026-02-02T14:28:24Z,HAK_tlsehdwls,account.cce44bc5af114a128a941464b994479f
2026-02-02T14:28:24Z,RZ_winbell,account.74f700bbdd444ebab1a937c64347bcda
2026-02-02T14:28:24Z,H_Y_U_N_E_E,account.cacaf5d97ba04084bdf4d978c94f9cb7
2026-02-02T14:28:24Z,kkang_kkang2,account.8ce8300c199541fbb883da8bcb4b85c2
2026-02-02T14:28:24Z,iris2100,account.3ece54fb7bea4cda982a26005f3139c8
2026-02-02T14:28:24Z,usnoey,account.0f426535a3d045ecb98c15157e6760f5
2026-02-02T14:28:24Z,Eunga_song,account.5958bbbd2fd44bb5b15f7668bef4d08f
2026-02-02T14:28:24Z,tlqkf_bbq,account.18523e358a4b4325b0da58faec2c650e
2026-02-02T14:28:24Z,tkdgus333,account.41fd0eaeb3454ea7b252e174313cc001
2026-02-02T14:28:24Z,TAEMMINI,account.ed7363a2990c408b9568b41d5134ebdd
2026-02-02T14:28:24Z,BLK_Psychopomp,account.87a0c8c0e1bf42d1bfef0886690d436c
2026-02-02T14:28:24Z,10BIRD_Y,account.9e0106bd0e9648a7af66a5a634719151
2026-02-02T14:28:24Z,HYEINYA,account.aa9c6858ebc242c89a89ff271ca04f90
2026-02-02T14:28:24Z,PUBG_WOOGIE,account.62436840f15742bb8137079d22e3b700
2026-02-02T14:28:24Z,0hjae,account.f56620bbf6d04b078d717a0b221e397b
2026-02-02T14:28:24Z,iphone-d,account.fa0c127b97444c429d1ebb563033fffd
2026-02-02T14:28:24Z,KINGMINSONG,account.914329b9c953416e8df15f96ef884acc
2026-02-02T14:28:24Z,Achieve_HARU,account.112f402bc8db4b7cb59a05562ed74418
2026-02-02T14:28:24Z,0_0__S2,account.5b5ac750ec6a410fb91d82ed94337858
2026-02-02T14:28:24Z,qudtlsrpdlaqorm,account.6d3e3bf51c1f4f3f8334a2e015c5b4d3
2026-02-02T14:28:24Z,HAK_jangjungho,account.7bcf53eae2704a04984115be6602a2d3
2026-02-02T14:28:24Z,JSCHU_U,account.3923d5a750294002b9a6991161ff73c7
2026-02-02T14:28:24Z,5VERCOME-o-,account.a304ff0caec84e4f93f4259e7b89473a
2026-02-02T14:28:24Z,suvely--,account.deac0fd5783b4cf6bdd33488731343d7
2026-02-02T14:28:24Z,NaJong_Hwa,account.9f77967d702944b7ae862e421ba10512
2026-02-02T13:56:04Z,CHAM___EDU,account.c6a1c2f428f7459ab92e1c11b69165d9
2026-02-02T13:56:04Z,OnlyRuins_Hello,account.80260321a8f4472e895af3c81cd27cc9
2026-02-02T13:56:04Z,vip77777776,account.88e0cb779c2e484988280330ec5f14fb
2026-02-02T13:56:04Z,DKB_AKAZA,account.eeb8819272d64e79af9bcc514256a632
2026-02-02T13:56:04Z,AFTV_Warring,account.5509425a52e4426981a07f246c373fde
2026-02-02T13:56:04Z,Backup__Plz,account.16f0a2c6a2f74b1aaffe74f4a3d12234
2026-02-02T13:56:04Z,BOSS_OBAYASALIDO,account.834898e42ba8439598faed838bdc758c
2026-02-02T13:56:04Z,MINZZAI_CHU,account.f3ad349074744527adc79b077c2de9db
2026-02-02T13:56:04Z,sungbingot,account.1bcc746cc3014a2e9b69b70c9c306c86
2026-02-02T13:56:04Z,sh2soRh,account.5cc79efe04b244f993cbdd0b9800d38d
2026-02-02T13:56:04Z,jeegeenda_-,account.f9c266411c994e428a430fb0f014d33a
2026-02-02T13:56:04Z,ChYg300,account.25cfd6b808fc4d9a8ecef948d8cdba7a
2026-02-02T13:56:04Z,BuilD2r,account.8a15b606bd824f268ab99a6d2786b519
2026-02-02T13:56:04Z,MsR_JoonG,account.3b0145c6b7274dfb9a9b0968c52cfcbb
2026-02-02T13:56:04Z,juni_k123,account.3041b9d46c87481299aabd3d134a1c80
2026-02-02T13:56:04Z,bobmuttda,account.55e87b5512814b9aa4b517d567a8af04
2026-02-02T13:56:04Z,CHAM___KKE,account.16c1656f426c4ed1b4dea818e7bab7c5
2026-02-02T13:56:04Z,mulgomddack,account.ab2339f9e7fa45eab9874eb2b986696e
2026-02-02T13:56:04Z,lIIIlAlIIIl,account.026cb51716f344f7ae1b01650169a1ba
2026-02-02T13:56:04Z,FM_SWON,account.ad522c4c1e924693beb32e0f643b688d
2026-02-02T13:56:04Z,Parkatory,account.8362c2a470f04f1182284826fa8f7415
2026-02-02T13:56:04Z,ar2soRh,account.216d335356c84907812575757db1f44f
2026-02-02T13:56:04Z,DKB_CHUN,account.07030bb2b9ca4819b375dd1b567aebe0
2026-02-02T13:56:04Z,Taebokchi__5Sal,account.d60309df5c0348ce84d91133a68c0bd9
2026-02-02T13:56:04Z,GaRaSi,account.3fe8f973c8cd42f6a8537c7215702fd4
2026-02-02T13:56:04Z,marincity,account.fecb23d6ee094aada8d628d6cbc51567
2026-02-02T13:56:04Z,CHAM___OIL,account.87e42b87a72f420d8b90c8dc57032b65
2026-02-02T13:56:04Z,DISASTER_66,account.015faff6edb241da94bf3971955b6d54
2026-02-02T13:56:04Z,DKB_Binnn,account.563d21fcb65c45159881b5442a84942c
2026-02-02T13:56:04Z,MAEILFOOD,account.b8816bcda6af449fae6615cb9af18208
2026-02-02T13:56:04Z,kk_seo,account.b4bc0c458643462cb31c6e0fc41a5677
2026-02-02T13:56:04Z,Waniigosu,account.77315e378ace440f8cc96e7648dedbdf
2026-02-02T13:56:04Z,Richardery,account.20b1131baad44d609a419e8807721f16
2026-02-02T13:56:04Z,Yholding,account.87f29efff8494322a38b5a0c317f5af6
2026-02-02T13:56:04Z,CHAM___BAE,account.d6f4d82809224b2b93404cf9cfeb745a
2026-02-02T13:56:04Z,TXETZEROHOUR,account.259c2f2e428d40c498a7fabace15f118
2026-02-02T13:56:04Z,MAEILIPPONGGURA,account.6d7d641a6623444e89aa4d306cfe32c4
2026-02-02T13:34:14Z,5ption_,account.c5ed0b1d5539443387b429597314aed5
2026-02-02T13:34:14Z,YAK_danjiz,account.b7b034a1443d4650a00db76f601b5efb
2026-02-02T13:34:14Z,YAK_Oxycodone,account.791beb8f408246fab4c01a4866acf437
2026-02-02T13:34:14Z,sohui0218,account.8a08318b72af4a2cb32732f5d2863da4
2026-02-02T13:34:14Z,tM_Sciencefive,account.0d54c03b865f4743936ce4443ecd84b7
2026-02-02T13:34:14Z,KitsuneChooongzz,account.8f96856fe27f4004911483f81bfc36d4
2026-02-02T13:34:14Z,IIIIiilliIIlIIII,account.8870fe9a084447b0bf59b1751a846e14
2026-02-02T13:34:14Z,Go_schoo1,account.cb19b64d7ea242539cb0a0b57883bd27
2026-02-02T13:34:14Z,zwjtmxltm,account.8e908a53dd544777aa46a1552cb878b5
2026-02-02T13:34:14Z,hongsoo123,account.62e16053621d46e8b760775464da5357
2026-02-02T13:34:14Z,01099903135,account.ed81c05a41dc43ad922bf1fccaf1452c
2026-02-02T13:34:14Z,NOUS_HELI,account.460bd19efe84411fa46780c2ff650239
2026-02-02T13:34:14Z,Able_CHuls,account.2f274b107e814e6c927597ac34ffec1c
2026-02-02T13:34:14Z,Able_ZZinDDA,account.65d46570f0a042a0b29d7eef1b0809e9
2026-02-02T13:34:14Z,ImAmoeba,account.86db4dcaa1574891a3377095bdd20545
2026-02-02T13:34:14Z,Go_mylta,account.8d820b940f6647c1a3adb4c3ea863a0c
2026-02-02T13:34:14Z,Go_Khao,account.c119367c9980461dac6a11eb61c5a88d
2026-02-02T13:34:14Z,IS_terrorbeom,account.e44c3f03ebba4528a683129fd03e993e
2026-02-02T13:34:14Z,K-_-Pride,account.b1cd96d954d54641b90d82fda9cd54f7
2026-02-02T13:34:14Z,M4_M249_MASTER,account.f11ace4fb16c4552895a60fca8a3b658
2026-02-02T13:34:14Z,heygirl-_-,account.ba05b6321a9a46d890494c6736ac74d8
2026-02-02T13:34:14Z,GukJJang-_-,account.5737ea099543485a9544a773315b2fa4
2026-02-02T13:34:14Z,Go_Alcantara,account.5ed5d9d07ca2474b89df64ee63e33b5a
2026-02-02T13:34:14Z,RoongQueen,account.24d0aab9f6354e8bbbd26046db025f40
2026-02-02T13:34:14Z,pup_pypoo,account.776c1abc0b71460fabd6bdc28507941c
2026-02-02T13:34:14Z,poisonicPLAYER,account.3d71714e6bb84764b9bf7a4c59b03e58
2026-02-02T13:34:14Z,GetOutNaga,account.1d8038197ad44b9a89f6462932b53523
2026-02-02T13:34:14Z,2Sun-Sin,account.87117fab6964475a8d03809ffe8644b9
2026-02-02T13:34:14Z,Glitz_pop,account.7f60eba504c14bd0b6c5bf74d0d0cee4
2026-02-02T13:34:14Z,YAK_BongToo,account.5e3cd88c2ad04b64af0aaaea408c72ea
2026-02-02T13:34:14Z,IllliiiiIiiIllil,account.6550c55efd204671885a00b3319485e0
2026-02-02T13:34:14Z,smanzzk,account.82d44460f7e141d5a2e29cb343ed8774
2026-02-02T13:34:14Z,ililiiIIliIllI,account.ef83443eb6d745da97317e0c72f488d2
2026-02-02T13:34:14Z,HaoHao_Quiet,account.ff1b3bac6b7749bfab7b97cbb84b7445
2026-02-02T13:34:14Z,Hojinjin1-,account.2e4616baad094c1b98a0ac083790bc6a
2026-02-02T13:34:14Z,ffps,account.2cdf521d56824d7c8adff0ecc6006056
2026-02-02T13:34:14Z,NOUS_HOYA,account.bc4753fb7c124187bc57f9a6bb6b2ea1
2026-02-02T13:34:14Z,Dreamer_Ah2,account.aaef30d60e9b4ebbbacd299ca965919e
2026-02-02T13:34:14Z,YoungMin3o3,account.fb25fb30371141d5af4e2c8e346ff1c3
2026-02-02T13:34:14Z,ALO_HANG_-,account.0aa56c6281694865b273a6875d1b25a0
2026-02-02T13:34:14Z,BOB5SHAEKBOB5,account.5da6afe7c0fc45c4acd99a386b8fac56
2026-02-02T13:34:14Z,I_am_JaeJun,account.8de475773589469aac90fdaea4f69ddb
2026-02-02T13:13:43Z,Gam-_-k,account.6e052b4a1ef94d4faf76bcdc8471fb20
2026-02-02T13:13:43Z,Propdser_,account.c352e4de116e4d7688526f028022eb34
2026-02-02T13:13:43Z,km19980422,account.8e15562b64c642949f8666e99910d639
2026-02-02T13:13:43Z,Hylith,account.78c1d87be5ff4a65a5799929d387aaf0
2026-02-02T13:13:43Z,khr3065,account.a1ea80095b29482084ec04edbabf7127
2026-02-02T13:13:43Z,sin981124-,account.4c41100bb6d741d5b38b4ade880e26de
2026-02-02T13:13:43Z,Mianhada21,account.304f46e8191b4713aaf6c103a0134150
2026-02-02T13:13:43Z,MEV_X7,account.cbe034b65af34a5fa4f997d4b8732bbb
2026-02-02T13:13:43Z,SillDacksae,account.e643b65633684b0ea26751b5e7c55c76
2026-02-02T13:13:43Z,Ahni_-Cut,account.1c5357b07355430a81c8c67107f6f606
2026-02-02T13:13:43Z,TBU_Twitch_SPARK,account.c34a91a942624aef88f082a8e379c4f0
2026-02-02T13:13:43Z,912t-_-t,account.be03aceaaf7f4d91a3dd603777785bf7
2026-02-02T13:13:43Z,Hyeok_gak,account.2160c70ba33b4800ba137018ccdbdb6c
2026-02-02T13:13:43Z,Kimseunghwanmom,account.6a4603acf61f4ddcb9c277a13e993f14
2026-02-02T13:13:43Z,DA_Boogieee,account.05f3bbe697ae4901b6d67666f29c7cdd
2026-02-02T13:13:43Z,Fuxxx-You,account.dd06d27817d94fc8a61a96b8b07fb3d5
2026-02-02T13:13:43Z,MEV_GW,account.316ce4874cbd4e8394af77f0100250df
2026-02-02T13:13:43Z,080-808,account.19951fbf5cc34a77a148c4757ef4b712
2026-02-02T13:13:43Z,W_SIiIiIC,account.c8ee8e35cf894f4db983220570025ef4
2026-02-02T13:13:43Z,080-SaSong,account.852fe8e669e942f9b6a0a180e51c28b6
2026-02-02T13:13:43Z,Mrbbuuee_-,account.ae88b6a9c7c34617a8efa98dff726a44
2026-02-02T13:13:43Z,Go_HaZa,account.ca1142427cd348ebae0bbe959689bb94
2026-02-02T13:13:43Z,SLEEP__Izowa,account.f26240dd55e84dce864f02e5eeb87f41
2026-02-02T13:13:43Z,jeong_taeya,account.617ae2f0c5684ce68b2d724cd7be40a6
2026-02-02T13:13:43Z,BHC__CHIKEN,account.faf8f5e4e9b64800b61444c543a986d9
2026-02-02T13:13:43Z,kor_water1,account.d62ca223faa14686946bd3c2561dc3e0
2026-02-02T13:13:43Z,qnfkfrmfrrl,account.30c448bbc2994e86be4bf88398d43a33
2026-02-02T13:13:43Z,Grozzage,account.bb57ab4082bd4d98ac91e384625bceb3
2026-02-02T13:13:43Z,GS96__,account.2335fcfdda444a66b8ec1c501a442bd1
2026-02-02T13:13:43Z,hwlbanim,account.d6cd94e6668742a79a760556c9fa4a7a
2026-02-02T13:13:43Z,shingungi,account.40090c066aab41e691d8ed09f74f3774
2026-02-02T13:13:43Z,Mrzzu_-,account.5130d7e0152d4aeabb7e47fc07b425e2
2026-02-02T13:13:43Z,gGi_BLACK,account.6fc8d1fd18b9474ebc2225f49e993428
2026-02-02T13:13:43Z,hyupdog2,account.49cb46656aec4feab8bb90bb697628a2
2026-02-02T13:13:43Z,NoLzA_Yeol2,account.6fb8b7d5415c40adb04663e394692557
2026-02-02T13:13:43Z,BOOVI19,account.b1879947b0db4a889909a6ec5c960e65
2026-02-02T13:13:43Z,NoAnswerNoTouch,account.2d94e9cb0f034b20abd12c762d691b4d
2026-02-02T13:13:43Z,hwibanim,account.c79dda87a9974052897b2876e9a001fb
2026-02-02T13:13:43Z,080-0KlLL,account.48b2471f34e745778a19a9d87b3b55f6
2026-02-02T13:13:43Z,Arctic_Fox_-,account.76194fcb2efe4b8d8acca45a9cf42627
2026-02-02T13:13:43Z,MUSHV3NOM,account.051b528f4e874dac93da6580fb4d3fca
2026-02-02T12:42:41Z,bin0624,account.c1b1faff22ef47389777f9cb78436430
2026-02-02T12:42:41Z,tomtoya,account.17e6d79ff4c8483ab009808c72d2a289
2026-02-02T12:42:41Z,today_lunch_what,account.07887420dcce49ce8c1e5097cd3fd9c6
2026-02-02T12:42:41Z,conan112,account.25a65cc3c7e04e7e8d8a322340ce295a
2026-02-02T12:42:41Z,TTanOO,account.9aec6a9bc87f4caebe7ccab3ef873fc2
2026-02-02T12:42:41Z,molto_da,account.4a2c2361c4ce412592a8f72cb58dccca
2026-02-02T12:42:41Z,MOLLAx4,account.a73b7188b90443d5a999a463144a0b2d
2026-02-02T12:42:41Z,NewSpring--,account.07ab5e5328eb4944ae238259ad734398
2026-02-02T12:42:41Z,wjdtnqkr,account.033c23945d9948f19f005017f563fa58
2026-02-02T12:42:41Z,bbyoruzi,account.ea3f59463d9145f9bed82836eeb3fb6d
2026-02-02T12:42:41Z,BoYeonH,account.4cdd7f782dc84b7a99a03b9f597f9105
2026-02-02T12:42:41Z,cosmos412,account.edb35f22fe5a42fd96df23ade0e685c3
2026-02-02T12:42:41Z,s_shoulder,account.18e12a252e4a49ca932edd4388eaef23
2026-02-02T12:42:41Z,heozBUG,account.cf484505652a4ab3ba6dd9e56ef04e07
2026-02-02T12:42:41Z,mo0n-_-start,account.8279a3a13ce048248a4e370b61f691dd
2026-02-02T12:42:41Z,KR_coupangfresh_,account.d83b7a432392498681216c1124fe770e
2026-02-02T12:42:41Z,DISCORDBUG,account.efd466b2bb8746669ebb288312f45d36
2026-02-02T12:42:41Z,BGP_2bbong,account.62073daa5b484b25bfeb1211455c0c49
2026-02-02T12:42:41Z,TP_trythis-_-,account.935caabd771948959dfe63b9a873d51d
2026-02-02T12:42:41Z,PITZ_Xiaowuii,account.366043486b354d99a9839fe4626e1279
2026-02-02T12:42:41Z,dntjdqkr,account.68d1996e6cc64539bf3468365817f883
2026-02-02T12:42:41Z,JJuJii-,account.58912061a8e04d948d0c65a73923a217
2026-02-02T12:42:41Z,h_3jin_,account.c186fd31e9904f9ab1707d0deb8566ee
2026-02-02T12:42:41Z,SipseSuck,account.7001033d58a84c45aac9306cbc85e2b7
2026-02-02T12:42:41Z,Torchyo,account.b7b496e001a341a2b95a08541be04a31
2026-02-02T12:42:41Z,AMS_sonsiryo,account.12038773e4a7443386d44f5d5ebb1fcd
2026-02-02T12:42:41Z,Doolyo,account.272b9645a132466799e56358338227c6
2026-02-02T12:42:41Z,HhAaNn-,account.b08bb5cef8724a83832a139735c7fa63
2026-02-02T12:42:41Z,KMSSA,account.0c250a9e78bf4ac09985058e3fc827b7
2026-02-02T12:42:41Z,Drav_Eden,account.d7f458fc78d942de8134acc84693324a
2026-02-02T12:42:41Z,RocoKYBebe,account.0203153d11574f988c9c25143809812d
2026-02-02T12:42:41Z,Ez_kokoko,account.536312be2f4d4fb18f6df12d9b1212b7
2026-02-02T12:42:41Z,PUBH-_-,account.67e66afcae4444fca26d4307ea10d25d
2026-02-02T12:30:55Z,DWD_AUG,account.ef622afc613c4b9ea947fa538f75bc28
2026-02-02T12:30:55Z,CamaroZL1-_-,account.1f28206f94224e57be55c2d0312f003b
2026-02-02T12:30:55Z,ZB_JANK,account.cf0e29a5a66a461b9f252fa3c1163885
2026-02-02T12:30:55Z,baegopamakjo,account.3c0418609f8e473f89d4677a98294e46
2026-02-02T12:30:55Z,JU_Heather,account.d51b2dfd4ccc40e9931d6b5ba829a57b
2026-02-02T12:30:55Z,9PM_BomE,account.4f20db42249d4524aeaea254eb63c788
2026-02-02T12:30:55Z,96june,account.597dd024f36142aeac96e052988bb3e3
2026-02-02T12:30:55Z,SHIP8ar,account.08f554a2d2b646219995b50b1039aa20
2026-02-02T12:30:55Z,PG_PIZZA,account.329583b73b4d4ec19a53cf7187d058c4
2026-02-02T12:30:55Z,horengyi,account.199d0b3cf44b4d2aa2d9faad3dfa16a7
2026-02-02T12:30:55Z,CHU_Yoob,account.0e9b1bf9e1a4411dbb19a317fb9650bb
2026-02-02T12:30:55Z,Hallabong_Union,account.dbe54474f8b94a74b74cf4a76e6b1942
2026-02-02T12:30:55Z,cornch1p,account.9d480aef257f4acc9c55e169cab3e6c4
2026-02-02T12:30:55Z,ICE_Hwasani,account.0a05289990f3401685266a92ec53c46b
2026-02-02T12:30:55Z,qkqlvkvk,account.bf460d6102584f58b6c094293c8d7ded
2026-02-02T12:30:55Z,SHD_changmin,account.b2d3504838f04882acc66360a36edecf
2026-02-02T12:30:55Z,Kkongsik,account.033c00926c2c43b5b72215677aa0833b
2026-02-02T12:30:55Z,UFC_ulsan-gonggo,account.e764a4ec4e8c4d569703a6dfb7227c1b
2026-02-02T12:30:55Z,hyogeon127,account.1ac66900880f4f719958c7a21b26d61a
2026-02-02T12:30:55Z,Kings_Jinugi,account.4c1e7226b8864ac0bbdbb1a340548e4d
2026-02-02T12:30:55Z,AKA_-Hyerin,account.fa3282288b0b4b508d11ee4e1679b0ab
2026-02-02T12:30:55Z,PSC_000713,account.cd776a3c0eee48d3bccb38059b5beb9c
2026-02-02T12:30:55Z,NW_W0nHee,account.8384f91dfc534ac09c3cd4a83ed0cf8e
2026-02-02T12:30:55Z,u_ukyi,account.b5d11f18435547a588f67f5b5f407d39
2026-02-02T12:30:55Z,ddodogaxxx,account.d56844150b074ae6a32e08347f509005
2026-02-02T12:30:55Z,woduddldpdy,account.6383c52f7e904afabe95e452e5a672c1
2026-02-02T12:30:55Z,Happynersss,account.3975091cd66d4a0facddd6ba7db454ae
2026-02-02T12:30:55Z,Chicorxitaaa,account.0894f91303ae41048e758a520321f17e
2026-02-02T12:30:55Z,9persent,account.bc97ff30343d4db284a12eb8941de1e8
2026-02-02T12:30:55Z,Jung1-_,account.d80bcacbe9c6488db1e97ec331eb7563
2026-02-02T12:30:55Z,JCD_sugold,account.020419fd2b354624904b763dac07b7fd
2026-02-02T12:30:55Z,AnD_shock,account.2972b9571c9e47d0bc3ab4503f3779d9
2026-02-02T12:30:55Z,Fv_JuN22,account.a57f22e7390943c5b010eadb9fab201c
2026-02-02T12:30:55Z,EHS_zoom,account.4a0db78b697d462a8388c9cc34ab89df
2026-02-02T12:30:55Z,in01sol,account.406e38e761cf4c39b268f164091ed494
2026-02-02T12:30:55Z,kiyting,account.a19b0cd95139448a840d70008ea53801
2026-02-02T12:30:55Z,IM18CM_MUBAL,account.b606d4eea104409b908b2c7f36be82dd
2026-02-02T12:22:34Z,KC_SIN,account.396c1bd66cfe431f9eddf55690883ac4
2026-02-02T12:22:34Z,euno3o,account.497325b311cd4fc0a8c664f840a91191
2026-02-02T12:22:34Z,DKLuv4Ever,account.0057d6cb8d2c4bbfa8eea5e33048b43e
2026-02-02T12:22:34Z,Baeseok,account.7067fa6d8c464f3c9e4191b04e8958f9
2026-02-02T12:22:34Z,cksthf18,account.ee279cb91239438ca856c0d77ba0bcfb
2026-02-02T12:22:34Z,4050_GILI,account.d2d8553684884fbba27daef814ea7256
2026-02-02T12:22:34Z,uT_Road,account.3197be0e777848808988faa1dd02165e
2026-02-02T12:22:34Z,Redpochita,account.dfb2e5bb841e411ebb468fa23afcedd3
2026-02-02T12:22:34Z,minwoo0618,account.77c91acb85cb4d1f9bb46583a73a9c54
2026-02-02T12:22:34Z,CAL_Jxsxx,account.183bfd036a9948e4944045cc51db3276
2026-02-02T12:22:34Z,Boramian,account.e528f5fab5d548aab5eb71fda6c98dff
2026-02-02T12:22:34Z,Gombal_-,account.c4d1d30df32a45b2a15a1752df7bd24e
2026-02-02T12:22:34Z,Kangk_ang-_-,account.b72c8694f0de42ca999a72b12ec27047
2026-02-02T12:22:34Z,JJOM_HAE,account.79124868f03c446a97f9da50a6e167ce
2026-02-02T12:22:34Z,ZZAN_HAE,account.584f0e616d8c4154a4749e24310f90ef
2026-02-02T12:22:34Z,CAL_GGOBUGI,account.e3327dde12e647edaff0f7baff7ff9af
2026-02-02T12:22:34Z,Jerry88-_-,account.4259928a9901452d8963bcbc12dd302d
2026-02-02T12:22:34Z,kangpow,account.3bbed166fa684a00b7692ccc5b01dba8
2026-02-02T12:22:34Z,oOo_Mini_,account.7c9d8a6e939840889c8ad874bc99b607
2026-02-02T12:22:34Z,MVP_StellA,account.093e68d71e5a43e7b435a3f6d9687904
2026-02-02T12:22:34Z,NMNMMNn,account.687733693ffe4eeba4436bb1cff15d1f
2026-02-02T12:22:34Z,11Q4,account.9b47093918854d348bbc2de3928b0471
2026-02-02T12:22:34Z,Commando_0lEl,account.bf2ae1886b824af596d6a740b3bb84a4
2026-02-02T12:22:34Z,CAL_TIVO,account.d4cc8518a3b24d619be80b2e544b3f19
2026-02-02T12:02:26Z,MIYO____,account.331f611041114fc8948727b9c9e39a26
2026-02-02T12:02:26Z,17Xxudd99_-,account.313dc1a780014824acf22480b0988071
2026-02-02T12:02:26Z,INI_Winter,account.1d8232f539e34d05827493f550398dce
2026-02-02T12:02:26Z,KkuKorea-__-v,account.6e68cc9a5726468dbec750801448a045
2026-02-02T12:02:26Z,SSEM_WANJEONSSEM,account.dbe6c871315b4f2294c18838b28afe74
2026-02-02T12:02:26Z,TTangTTangE_orb,account.9a3eb3def59841ca91f887aec0ff6ebf
2026-02-02T12:02:26Z,kuymin0805,account.32d67444034a4a0facd098aac9af6ba1
2026-02-02T12:02:26Z,DESP3RAD0-__-,account.d6693d12dc6f42d09033fd1f325fe639
2026-02-02T12:02:26Z,chaaaaaaaaaaaaan,account.7dc0d241a63a43da8415acf598ac92e6
2026-02-02T12:02:26Z,DIC_DoKKaeVi,account.63db2d01f4c3401eac281127cba65b33
2026-02-02T12:02:26Z,Tp_Possy,account.a587a3b365764ca6b5be5c91689ddefc
2026-02-02T12:02:26Z,DXX_hxoo,account.c7d9ecdad62a4ce7a0ae82fa06d4d839
2026-02-02T12:02:26Z,morexunn,account.dee33499a27047919251a2075ed2b629
2026-02-02T12:02:26Z,The_hottestguy,account.a6080c6955354edf9d88ce9c464a83f5
2026-02-02T12:02:26Z,ROBBIRONAGANDA,account.c214a6bd746b4cffb403e6111e00adb2
2026-02-02T12:02:26Z,INI_YOYO,account.426e456bd8434da28944382e56a7e960
2026-02-02T12:02:26Z,tokyobananayummy,account.903f8d53bf754f4a981234f90e31725c
2026-02-02T12:02:26Z,Nuit_Nuit_,account.acdf758205f54beaa67fa4cc16f9a0c1
2026-02-02T12:02:26Z,Tp_OOPS,account.940b76f4f97e429d8caff7b6fa175994
2026-02-02T12:02:26Z,DuJJonCoo_,account.e46db7172120432b9cd342a9e1547801
2026-02-02T12:02:26Z,SSEM_JOGEUMSSEM,account.f45599db2f4f4a57b4967d8e9887b94d
2026-02-02T12:02:26Z,Ya_Tohi,account.f17e4357b4ca4faeb6e9c23a3e68f7f2
2026-02-02T12:02:26Z,BING_-GU,account.4d81e3a5f77540ea978fbc5b11728375
2026-02-02T12:02:26Z,tENKorea-__-,account.e2e9b18d03c64fb5b04e06990409d3b8
2026-02-02T12:02:26Z,INI_BUGATTI,account.ba2cc7889f1c4a9ca19486d5298cf819
2026-02-02T12:02:26Z,HSC_Leo,account.fc6c704c05e84c7f878a15634eed75c1
2026-02-02T12:02:26Z,KKvalentin,account.e60b87569d51420a8c5b925e6b8a8c38
2026-02-02T12:02:26Z,V_iTal98,account.f1902a9c74534d2aab08c8d93934ad8c
2026-02-02T12:02:26Z,BGP_Shinsegae,account.d7bcd7f19bf84c7caf5497e6c0e5cbe3
2026-02-02T12:02:26Z,DIC_Mutant,account.30e2998bebbe49b4abdbd7c09a593020
2026-02-02T12:02:26Z,yorizoriqeqe,account.0cc88f0e4d8c4d51ac71141c0d605154
2026-02-02T12:02:26Z,Tp_joopapa,account.b0ff9b991a84403895a213c74b3e7ee6
2026-02-02T12:02:26Z,Rice_guy,account.186152c712c3426aa99f54bb64dbd354
2026-02-02T12:02:26Z,HIYO____,account.6a3ce67442ef417bbefef79ba8276df3
2026-02-02T12:02:26Z,FXXK_MJ,account.047a5888812f4b91840c7f4d603f1dd6
2026-02-02T12:02:26Z,NakGYonG2,account.08b8e719f704408488919e9edb709dc4
2026-02-02T12:02:26Z,TwixYong,account.dc1b62930db846f195eeea73616bfdc8
2026-02-02T12:02:26Z,XXO_GEUM,account.d4d3f250f1964777b6a10813b35d6eed
