createdAt,name,playerId
2026-02-01T01:45:58Z,yldos666,account.9f6e3e450e7542619d68efd309b2e90b
2026-02-01T01:45:58Z,TGFDD,account.d87eadf31bcc4a6e9410d22a18722f1e
2026-02-01T01:45:58Z,One_Foxx,account.6e65669cc64b49008d8fdad2c3b5865f
2026-02-01T01:45:58Z,ChiGa_MieA,account.60543068076a405eaa329f538da8304e
2026-02-01T01:45:58Z,sukbaseball,account.3d18117d82794c4381048efb0763f119
2026-02-01T01:45:58Z,cloud-_1,account.650c4ceeb8524858b5b2d7955c1ac47a
2026-02-01T01:45:58Z,kjunho0121,account.0d39f736bef443c8ab653e874b20c381
2026-02-01T01:45:58Z,SSQQGG-M249,account.257d827718f74cfe8df249101c91a6a9
2026-02-01T01:45:58Z,LH7rBongOl7r,account.01df9703b0c44e31a4033663925b2132
2026-02-01T01:45:58Z,XiongBaTianXia-_,account.4b26d7bee62040e2af6d73625a3fb13b
2026-02-01T01:45:58Z,SSW_king_J,account.7d37982e8f6b445b83ab98bea0773a00
2026-02-01T01:45:58Z,1qro,account.75237cd0697e435d94d8245880ae1e93
2026-02-01T01:45:58Z,HarderWay_911,account.a0ac40f484974550bfb6dce1a7d20e70
2026-02-01T01:45:58Z,WDDMTZZL,account.64ea3eb53713497c95faf13af9afb0bf
2026-02-01T01:45:58Z,I6_-meetI,account.030eebdf19264136b06d6d6e6ac31d3f
2026-02-01T01:45:58Z,Shooting-7,account.de89c75bbea04b6c8076e498f399b58b
2026-02-01T01:45:58Z,TB_NUHYM,account.982d3fe991804f8483a5b52af2209d0f
2026-02-01T01:45:58Z,3en4ikv,account.abb086d5db974269b6fb7ad85dadbd72
2026-02-01T01:45:58Z,DYSON190704,account.745975f262d84b2ab9cbb369f22b5ed6
2026-02-01T01:45:58Z,CHUBAEREUP,account.7967fb4a62f3477193a598b98a68a9f4
2026-02-01T01:45:58Z,JanGi_,account.1c9e68d422714d52ae55dbb660a9cea2
2026-02-01T01:45:58Z,y1nma1,account.0042ada2161748b3b39263a27a8a3d79
2026-02-01T01:45:58Z,ToYang-ToSimple,account.9bbc8f39652443899afd065319f615bb
2026-02-01T01:45:58Z,0594184_-,account.f76e4b5df78c4080b9e0867d89fb174d
2026-02-01T01:45:58Z,MY_HUNBT,account.2e33492d1b5a4782ba2332be4ba16fb6
2026-02-01T01:45:58Z,wemra,account.f62c407d73a14efa8a7e523c0d308b6d
2026-02-01T01:45:58Z,A15171266217,account.d250234c7162443eb9fc1708bbc761fc
2026-02-01T01:45:58Z,warm_breezes,account.63abad82890a4108bbd2c3d90a5dff2a
2026-02-01T01:45:58Z,ToveGG,account.9d755c676da84afea8a3b8c273de10d2
2026-02-01T01:45:58Z,Shounenyo,account.be16d125f2f64561a4b5ca4871187a67
2026-02-01T01:45:58Z,jaykkrrryyy,account.15917ae6d7d443feb25663e83f63abac
2026-02-01T01:45:58Z,WUSIBIN0929,account.2d234f4d3d204ac0ba95719cd0422816
2026-02-01T01:45:58Z,Gony_San2,account.7cc15053551d4506b328c5e3e869de6b
2026-02-01T01:45:58Z,69CB-_-,account.745a98463bca4726b3f3e547da4ba7e3
2026-02-01T01:45:58Z,Paoooo-,account.9b7e8ebd714049f59e70122da1a2a073
2026-02-01T01:37:49Z,08097a,account.d2e800c04afc411db272e017efafe42b
2026-02-01T01:37:49Z,Y2nYu1-,account.700bf2715d594323aa65977d7cee8e6a
2026-02-01T01:37:49Z,zspsk2,account.17f6faadfeb1438ead9fff0125491462
2026-02-01T01:37:49Z,huakaizm,account.7042c3db340e4243a40fd112a7f7892b
2026-02-01T01:37:49Z,Peaceofmind--0,account.4b7a20bb45ba414aaba06e43342f22ee
2026-02-01T01:37:49Z,HanShangEnbb,account.b3b328365e964eafa758beab08226713
2026-02-01T01:37:49Z,ShenQ1ngbb,account.61ee45b400954202ab4c49f43adaadc9
2026-02-01T01:37:49Z,FFzz2019,account.5f2e97d90ac54608adf75fc90a500681
2026-02-01T01:37:49Z,Yy-62361006,account.d6b7af5383c54e2d8dee4dd558939acb
2026-02-01T01:37:49Z,Dororong12345,account.59ec012007dd4a3494518b3a6643a817
2026-02-01T01:37:49Z,MEICHENKK,account.e260b4367a19485ba217bafad2991303
2026-02-01T01:37:49Z,snake-145,account.4cc107e54a1b46688c1312ccc4561d68
2026-02-01T01:37:49Z,CelestiaIEcho,account.58c5cb27503f4de99e49884946671f76
2026-02-01T01:37:49Z,Yuiowo_,account.fccabd872e494ee2bf4f8bb300f03217
2026-02-01T01:37:49Z,SEONGHYEOKK,account.b1e707ed05f94703a9f79243ceab009b
2026-02-01T01:37:49Z,SaoCaoZuo2,account.520a355980c0429098e17edf0bf3ab02
2026-02-01T01:37:49Z,divhvd,account.2057a111899543138c4305feb05abad0
2026-02-01T01:37:49Z,mt121380000,account.c731e51897ff4121bd02e46322435394
2026-02-01T01:37:49Z,Tong-NZBZ,account.50f0becc07d4404abfb40ca75076282e
2026-02-01T01:37:49Z,wsn8866mnmn,account.a0438535d74340b6ab7816f75f2e31ec
2026-02-01T01:37:49Z,Fearly_,account.3dbecf612dc643a5a2c2f63eddbbffda
2026-02-01T01:37:49Z,H-AHAHA-,account.2740f5a45b5b473a952d4ad609578cef
2026-02-01T01:37:49Z,XCcheng_YYDS,account.f1bd5c5bc3ab4515a571cc4bdbed0417
2026-02-01T01:37:49Z,Bili3003,account.8373fc9494d742cfa552e83a9993be42
2026-02-01T01:37:49Z,TTZZ-djl1228,account.b6eeaaf1bd384583bf3307843fd095b2
2026-02-01T01:37:49Z,Asce_ll,account.aca363794f8c4e1cbef4e3c083989dbf
2026-02-01T01:37:49Z,Bowl_Cake,account.1f8b5983102841fe97bbda922bb0190c
2026-02-01T01:37:49Z,X1aol1218,account.9ad9031db57947659c66ca92ee2dd396
2026-02-01T01:37:49Z,laoup-long,account.c435e77b154b4b2eac603151bb3a9fed
2026-02-01T01:37:49Z,Abaaaaaaaaaaa,account.319b9d1f21ca439381687926137aafb9
2026-02-01T01:37:49Z,H2R9-,account.2df6cf13911848538ff70eb776b46b99
2026-02-01T01:37:49Z,c5qYYWUJ,account.16f3e48eda004523949845cbacefdccd
2026-02-01T01:37:49Z,Shuke_J20,account.15f56eff700c40b9a1271fce067229df
2026-02-01T01:37:49Z,wenxinyoukuile,account.78c8e9328ce744d484c5f2909c4ea10d
2026-02-01T01:37:49Z,meet-guang,account.360adda2458e4697aa51a589a216f35e
2026-02-01T01:37:49Z,makisjhskakshd,account.17e7686ab7f944d6bcf0861aadac150e
2026-02-01T01:37:49Z,Good--886,account.a00d33f1cff545a299fdf4f735cc9863
2026-02-01T01:37:49Z,SuDaYao-08-29,account.a7cec43a8b054d9982e67a5106480421
2026-02-01T01:37:49Z,yin___jian,account.0b42b812480549afa5cd23790c665aa1
2026-02-01T01:37:49Z,renyu1122,account.e6d9b022daf44a508468db9576768737
2026-02-01T01:37:49Z,Babysbthe-2002,account.bd5179545ed644dda0266c06aa63e589
2026-02-01T01:37:49Z,henyidiandemingz,account.c14db2289a55411fb97cf739dfd82918
2026-02-01T01:37:49Z,VD_ZouMY,account.569adc601fc14491a7b7e34e41180ad9
2026-02-01T01:37:49Z,1oyi_-,account.54516126483049ebbf74b70054066b7f
2026-02-01T01:37:49Z,SHEN_Shylock,account.eef40f3e537440388567aaff8a9c2375
2026-02-01T01:37:49Z,QC-Red-Bull,account.a47961d4482f405fbeb8079969c1ed31
2026-02-01T01:37:49Z,Chongqing_hsy,account.e227d04695704df596af125a03b7b39c
2026-02-01T01:37:49Z,1ai_1ai,account.9fac9f3eb4994de39cd6abbc5bb7325e
2026-02-01T01:37:49Z,cOuOat,account.2fb9740bcd1e445fb554696b7c9ef3af
2026-02-01T01:37:49Z,gslz-lzxq,account.99c727c4c17c4ca2934462f4140fbaa5
2026-02-01T01:37:49Z,n1kko-_,account.253134d45df94125a5f8f7b0ce3c82a9
2026-02-01T01:37:49Z,M1ng-_1,account.2e248b2364ae4ddea5835b6ab69f501b
2026-02-01T01:37:49Z,BluEO_O-,account.b2497d7292874d5e88eb9bb766ae3a60
2026-02-01T01:37:49Z,Re-CwertK,account.4c5480245eb741c094889a54e21fc73c
2026-02-01T01:37:49Z,Bili_899010,account.d8c393a92c2e4d108d3a986a60a0d8d9
2026-02-01T01:37:49Z,LyLvCL,account.2e66f34f4b9d4777b053a690ef754120
2026-02-01T01:37:49Z,fi53ogg7f8,account.5d4516ecd5924ea7af6eb0fa210c118f
2026-02-01T01:37:49Z,Bi8b_o_,account.891db9f680074f708544166b8abead02
2026-02-01T01:37:49Z,Wzxpkd260,account.c13e3f5261ff44249cdbaf3a14a7cf1c
2026-02-01T01:37:49Z,Zeng_Aniu_zzZ,account.31edcb3a614f41d7833c5e27a3287cbb
2026-02-01T01:37:49Z,b7c9u1p75g,account.e561f813bf334b54af09ba176dde0708
2026-02-01T01:37:49Z,WeirdoX1ao9_,account.46510649a2b24254aa81d660bdb31543
2026-02-01T01:37:49Z,ChenV111,account.b199e22addcf412da8078b6c0aaf722b
2026-02-01T01:37:49Z,iNie-_,account.feefe4bed09d435db90c1c1b24c6047c
2026-02-01T01:37:49Z,Lx-Lbaobao,account.b3cfc6ecbe174605b84d9da773aaaeaa
2026-02-01T01:37:49Z,Ahai815,account.1e51d33331254eef8d88a0ebf1cbb33f
2026-02-01T01:37:49Z,China-Daemonic,account.463750275d894900a717d49ab2921e3f
2026-02-01T01:37:49Z,mdcf6991,account.dac0be5f54f54f06b28ba8530c8cc8e4
2026-02-01T01:37:49Z,ChenJunYu_9807,account.e19aad7125e149ac802c110cf2ef9634
2026-02-01T01:37:49Z,DJ-ruaBB,account.17c1d3da91274b6fb14996ae4e2192c4
2026-02-01T01:37:49Z,AWY_CGC,account.886c5ca767714cd0959db080e36e9bde
2026-02-01T01:37:49Z,YANG-LAO-SAN-GG,account.ee863a5d111846cfb11f5a57e39b6be0
2026-02-01T01:37:49Z,daohaokaiGsima1,account.17d3f5fd364a43f89312d5408c0f38f4
2026-02-01T01:37:49Z,LzxNiBI-,account.a4d2d707e88e4cc4b9847c3e42f6b89a
2026-02-01T01:37:49Z,TUsefIqJ1cLty,account.6c109947511b46b79a7b206994f6c304
2026-02-01T01:37:49Z,eeqba1,account.a5f3fcd4f21a4642bc77235a757ecccb
2026-02-01T01:37:49Z,ShanHe_JiNan_YY,account.9f86089ca29e41c2b321993ea4aa9d6b
2026-02-01T01:37:49Z,7-Tiger_King,account.6b44e399e4f7469b89f28e3ffa09b16c
2026-02-01T01:37:49Z,Ax-m3,account.fd2910767f1543db8ef06ab5566ce5d6
2026-02-01T01:37:49Z,KKIS-ZOUXIU,account.b6cd920667a54d19bbeb9d89711121c0
2026-02-09T22:41:47Z,99suiicushangfen,account.d85a299095e74638ae2208f5bb75ba51
2026-02-09T22:41:47Z,Small_Fish-1114,account.0ad6a4f513d944d09978f30955f1d3b7
2026-02-09T22:41:47Z,JP-Aurora,account.864d847c25b945d6b5358cf873a10492
2026-02-09T22:41:47Z,Luck-1688,account.5dd6b31ce6a74504975d9d474845cc96
2026-02-09T22:41:47Z,9iver-,account.77be03c78f624cee8ce94fd53e835324
2026-02-09T22:41:47Z,zappar0713,account.a7151a139f384d308b1a7e6c1f8e87ba
2026-02-09T22:41:47Z,SxxAx_KSA,account.f93df74d70614d88ab16aaa54c81d8c1
2026-02-09T22:41:47Z,0GIBOK,account.e6aff73de1f148f5bce4bc053d51c829
2026-02-09T22:41:47Z,Landon_Long,account.7430fd7e35644ff4b6a0b608eb57c6a2
2026-02-09T22:41:47Z,BLK-Aoka,account.ba6f7e4519484345ab889789ebfeab0c
2026-02-09T22:41:47Z,YB_Northkorea,account.5fea7e4fc8a24accb3028f67674b3af6
2026-02-09T22:41:47Z,Ray8477,account.422ab5897ce04c24aff9924828002730
2026-02-09T22:41:47Z,4AM_M416commando,account.0b4a53f983b04d49aa0e60504c56d7f4
2026-02-09T22:41:47Z,skyxuange,account.48d2ea03dc9a4991ab69d7f1e1270dab
2026-02-09T22:41:47Z,Fairy-CCTV-M24,account.af3b2f2d8df142908e4905c4a116c32d
2026-02-09T22:41:47Z,asizeishuai686,account.4c1987fc891447efae34fb5010837300
2026-02-09T22:41:47Z,Dabingkuaizi,account.aff51137edf140fe8ed192e56e0cc271
2026-02-09T22:41:47Z,LIai-ou-li,account.a2830432ae6049398c1eec72e5f66b80
2026-02-09T22:41:47Z,Chen330__,account.2996cd936344439a91b2c5f6309c4dce
2026-02-09T22:41:47Z,7irm,account.4b8d653dfc15431cb3e07004ca0f90f9
2026-02-09T22:41:47Z,TiAmo-superherro,account.23650287678a4c57b265a168ad26945c
2026-02-09T22:41:47Z,YB_Unstoppable,account.fac05d632ff041658d1282390b9dc400
2026-02-09T22:41:47Z,Fairy-CCTV-762,account.1b4763d7725649dfae378bdc75c39f77
2026-02-09T22:41:47Z,zyh724,account.f5ff905197e7454e950ef76fa0ca94b2
2026-02-09T22:41:47Z,youxiansheng1986,account.42f778b0c6d24f339b0f395a194723e2
2026-02-09T22:41:47Z,chenzhouzhou1004,account.778570defd30449b8a2e3e73886a018a
2026-02-09T22:41:47Z,YeYe__No5,account.9c9e7e51b7094009ad594c13a82c372d
2026-02-09T22:41:47Z,TT_YYxxxxxxxx,account.5b013259e0c84f0ebfba522116b0f6f3
2026-02-09T22:41:47Z,pabuji-C1Y0U,account.141ba31b1d5d42028d26170f5ebdef95
2026-02-09T22:41:47Z,945o_o,account.7210b57368004445b471aa76fac3b5e0
2026-02-09T22:41:47Z,NX__Rascal,account.032e48306e42434e833fd524d3fd471a
2026-02-09T22:41:47Z,Xihuangougou,account.3a854080bee44f2dbde4d47a92600d4a
2026-02-09T22:41:47Z,ShiY-God,account.f3485bc404af47cea758fe9df82eddc9
2026-02-09T22:41:47Z,YB_vlshzldh,account.aaa30f4e4c794ecf8bce01daf26341bb
2026-02-09T22:41:47Z,OwonE_Gasu,account.e8aa32f3294649c8b67248d52644c9a9
2026-02-09T22:41:47Z,Happy-New-Year_-,account.8eaba5d630c6420988069ef5f62aa0d4
2026-02-09T22:41:47Z,kyogaogun,account.a65ad0f3925949af887ee30b7c05d3e3
2026-02-09T22:41:47Z,l027_-,account.2c39f76061394bf3b6e08b021aa30f0b
2026-02-09T22:41:47Z,Matilda-Cs,account.81a7f5d1e85a46e5be345c0351cf7f13
2026-02-09T22:41:47Z,MiRenL1,account.2420962343db4c3cb213fdf684831aca
2026-02-09T22:41:47Z,moonsun06,account.40054d91a32d47b6bd69001041decc35
2026-02-09T22:30:42Z,kuanglang-_,account.fda93c4401514b7ab112272185abfcb1
2026-02-09T22:30:42Z,K1ssiic-R-,account.5e396115c4df4eb89f699a497bd5936e
2026-02-09T22:30:42Z,Leaz01,account.83472e4b5adb4c3b81bacd9f4906a4dd
2026-02-09T22:30:42Z,zhangqinghuan--,account.c68b2e69dd7d4cf681d615e661828d35
2026-02-09T22:30:42Z,Only_LaoYang,account.844421d88d084edda4b450093b46c7bb
2026-02-09T22:30:42Z,KA-IU-Zsy,account.5f34c3aef5c54f4ab5404f074517ae05
2026-02-09T22:30:42Z,Back_K77,account.6a38076f8b284e498574e17ba946e2fb
2026-02-09T22:30:42Z,kuan6658,account.6f38c9093e994c5eaafba452cd00e1cc
2026-02-09T22:30:42Z,korea_apple_ari,account.a1afa5968d364f2eb32c75f490840eca
2026-02-09T22:30:42Z,BilBil__songer,account.39d1034f35d54597869c0fe006b5e5fa
2026-02-09T22:30:42Z,LMR-Peiqi,account.34cf6b1b79c1474b8a2206afddd357fa
2026-02-09T22:30:42Z,Be1uu_,account.230b34288c444a5bb01cc5224c997e00
2026-02-09T22:30:42Z,CrimsonBandits,account.8c81f60efbe2450c87513d1a65fc1fd3
2026-02-09T22:30:42Z,DobiTokki,account.62e28a53d9364cc9b4f46ebd9c39640e
2026-02-09T22:30:42Z,Zouhan94666,account.02dbacdf381a455db9cb6e9240a8e149
2026-02-09T22:30:42Z,odmQPx0rDM,account.8c647f10443b460791419f2ee57033db
2026-02-09T22:30:42Z,S_Miao_mao,account.efd8239712344a1890f9bbe3d476bb27
2026-02-09T22:30:42Z,resplendrnt,account.4ea173fed9374a0294fd870e0937bd16
2026-02-09T22:30:42Z,Mantoo_Qm,account.206d1f54c50849e2aa482266d51aa075
2026-02-09T22:30:42Z,Wusxy_,account.2468a47b186d474c88293599087e6eb0
2026-02-09T22:30:42Z,MJDIFFKB,account.6a1de0aaea7940308ee21600b908493f
2026-02-09T22:30:42Z,gyuckpa-,account.1875f68f5222468cab276b62f7954f0b
2026-02-09T22:30:42Z,Martinccl,account.ce507975406f46549a42cffaec116375
2026-02-09T22:30:42Z,CZCZHERO,account.dc49c0801a6b4b4584c540e1688f18d7
2026-02-09T22:30:42Z,imemory-0716,account.1f294162f4ff41abbbcbb9bb719368a6
2026-02-09T22:30:42Z,y199gw,account.713d1c7d9d16410e9e5dd7273893bc3b
2026-02-09T22:30:42Z,HEUNKEY,account.b5ee49e40bcc47c2aac4e86f0fd3b960
2026-02-09T22:30:42Z,nidiedi122,account.2cd88a58fcd643c8af2e081d8f99958a
2026-02-09T22:30:42Z,xiaonaonao6666,account.b04ec60e90e841a9be4961a7b442f263
2026-02-09T22:30:42Z,carp-88,account.db10e10acb4d436b961083786c06bde4
2026-02-09T22:30:42Z,8ino-,account.cf58dfe9e4644a8ea25d6e936cecf539
2026-02-09T22:30:42Z,DLG_Geek,account.71617a1ea7ca4768b55695468617c94b
2026-02-09T22:30:42Z,91-jining,account.31ed4134915d41a38926e6793dc89d7b
2026-02-09T22:30:42Z,F112334,account.056ca06ef3cc4b60be021a885091e1e8
2026-02-09T22:30:42Z,JoLai_ShiQing,account.88ba0c124c084f2ba1ce0f6c463da6d7
2026-02-09T22:07:18Z,Desert-EG,account.f8e29e20dd6b4d1facab3f47309fdb62
2026-02-09T22:07:18Z,Bagbaby-_-,account.67e2322451ca40ee99a42599983e4e49
2026-02-09T22:07:18Z,V_V_ToT,account.41b706b9a3c54866bbdb046a6e459062
2026-02-09T22:07:18Z,oyoyo0,account.0df868b926024e32bb3d36cd64c19021
2026-02-09T22:07:18Z,Arrebol-xd,account.554d4d0e373f4ed6b9e90cb0e0abefc8
2026-02-09T22:07:18Z,Harlan-SoLdier,account.7eeb6e6ebeb64967a7cb07525ece0d12
2026-02-09T22:07:18Z,WoNengFu995,account.d4834fc3ac434f12bab2dc7cdd894761
2026-02-09T22:07:18Z,Shiy1Yue,account.e636bc5517564cf7a70baf3d04921010
2026-02-09T22:07:18Z,97y7vh1ebv,account.49327ca4d0404d31a6298083ce9d27d0
2026-02-09T22:07:18Z,Peanut_love-_-,account.56044fa4d47546bc8d27ce0bce28b155
2026-02-09T22:07:18Z,Durian_Qi,account.90532ebbf4c94b12a57afa2ecff17e4a
2026-02-09T22:07:18Z,wangmin52099,account.0b9069539a41402a888d40e31818643c
2026-02-09T22:07:18Z,GXX_U,account.4a67378711f74656852b2886d8d2dde3
2026-02-09T22:07:18Z,Baffi0ne,account.880cab4ccfe94d5c833a80223cde3ea5
2026-02-09T22:07:18Z,amiao199,account.34d331c9b77742278184a685ad25ab37
2026-02-09T22:07:18Z,bell_students,account.0eaeb22b6b9743bc89598f55cc2badbb
2026-02-09T22:07:18Z,KC-77777771,account.ee17f188b04d4caa993e2ecc3fe2f6ac
2026-02-09T22:07:18Z,AKM416--98K,account.57370e4d0dd644f49ff2a3ecb64213c8
2026-02-09T22:07:18Z,Hong_BaeRin,account.585e7f46ca734ff5b95ee8d4903d4cf1
2026-02-09T22:07:18Z,3456_-_,account.62bf7386773449939f136572865e9a3d
2026-02-09T22:07:18Z,TiktoKk-_,account.c587d6bf47bb4ff7ac1b4e6862bac86c
2026-02-09T22:07:18Z,V88_KanKan-J8,account.a9bb8ebce2024153b8a8ac711780c444
2026-02-09T22:07:18Z,zoyoo_,account.d973f2348a824f8cb77113f3b747a631
2026-02-09T22:07:18Z,DCMBYB,account.66bc13b57099495bb17f4147ea7e3470
2026-02-09T22:07:18Z,JokerDDD_,account.8e061b16215141d1985c6250462ca89c
2026-02-09T22:07:18Z,EnticE-MiQing_-,account.f4e985609f594d52ba547e9b19e44c48
2026-02-09T22:07:18Z,Behumble_Yang,account.fcda5501cf2742dfb0c6ad2caf8f7272
2026-02-09T22:07:18Z,Kele-k5ok,account.3241c7a1880b4f0ba6e578ce5581d00b
2026-02-09T22:07:18Z,asiuhcwa,account.05a52014beb740388604f81c8d1d2dfe
2026-02-09T22:07:18Z,AlwaysHesitate2w,account.c0cd4ca699c948e4a7a057d9cd0c8410
2026-02-09T22:07:18Z,yexu--9527,account.05d7559603674cd19f8de04271f402e9
2026-02-09T22:07:18Z,79ooooo,account.2a9aed92f8884c02b11fec9fc290bc24
2026-02-09T22:07:18Z,diE88-,account.cec05b82ab074a909da7d31c97b65613
2026-02-09T22:07:18Z,GodofWar_weishao,account.fdfb64c4ec814785a69423580c18f018
2026-02-09T22:07:18Z,fsiivk,account.cb8c25db78be4cf7bae2171237fe725f
2026-02-09T22:07:18Z,0772-99010,account.38c3b48536fc4273a3fabfa5f1a189d6
2026-02-09T22:07:18Z,Killx3mnz,account.9ddad23e99cf4e3a94a5ac980260e505
2026-02-09T22:07:18Z,ZzIXuAAN,account.80728815f13c4323a5fa4358234b804c
2026-02-09T22:07:18Z,4am_Pclnb,account.a4db4878087040e0a091de015b7b6872
2026-02-09T21:43:22Z,yulaoda12345,account.f705ed03a96c4f2884c8981c195c9ce2
2026-02-09T21:43:22Z,i0z2,account.35effa74bb1e424881b88241262b1497
2026-02-09T21:43:22Z,ru-ru666,account.c5aa4895735d4c5c959c3b8ea5e861aa
2026-02-09T21:43:22Z,Ss_33-,account.6b7305e7d4d940058fe177ce7c7dd220
2026-02-09T21:43:22Z,NH_Kxing,account.38a0729d657740e18f5c14c849589f43
2026-02-09T21:43:22Z,Hui_______zong,account.f419ce64dc0d4efc995ed5dfd84f83f1
2026-02-09T21:43:22Z,2426--,account.59d3bdac27df4f73ba481a9696293803
2026-02-09T21:43:22Z,AtLa4,account.aa762aa3049649b68b33f24b89d0a658
2026-02-09T21:43:22Z,wangwenc1999,account.56bc26e86d9b44329ad87b7a676e513d
2026-02-09T21:43:22Z,Babybird-_-,account.a10f06b2d72841448def60f86e57ec90
2026-02-09T21:43:22Z,Thomas-_iHuiiii,account.4a8a81bf9fc84bc5ba271107579418a6
2026-02-09T21:43:22Z,FLOW-HAO,account.3c5a50f12c0a407fb87a50ee3d4bfff2
2026-02-09T21:43:22Z,CNShaanxiFYK,account.03eef6e2020042fbbc9d60874fa70719
2026-02-09T21:43:22Z,MA_SL,account.b6df7f03488644fbac29f2758934bc57
2026-02-09T21:43:22Z,XuQ1An_,account.eaa0ebcd075c4a30b79b966a697ec6ab
2026-02-09T21:43:22Z,PUBG-ZhuangHan,account.86681c850c5b4e478f494f800c634db4
2026-02-09T21:43:22Z,i0218-_-,account.16de63cf721b474cbd2328f1c5fb1df3
2026-02-09T21:43:22Z,HarmonyOS-12S,account.3ee472cc6e6d4d2c947d8da6f4190699
2026-02-09T21:43:22Z,Iam9yyds,account.08778f5565ca480fb0877a05046e71a2
2026-02-09T21:43:22Z,monidebi,account.d63bbd4129f84a599557eedb650a91d3
2026-02-09T21:43:22Z,alone-Air-,account.00e523399d3c49e9ab9e55d16c3629d5
2026-02-09T21:43:22Z,islaobao,account.c32e0a5b0f8d4d29ac9029afb66b04fc
2026-02-09T21:43:22Z,i0t2,account.772d5157e8464819bab60f2bceaac1d7
2026-02-09T21:43:22Z,longlonghaokun,account.a4b283abd47e44cf8085412fd6a9a690
2026-02-09T21:43:22Z,NibieLao3Lao4O_O,account.b813d11d58094573ab01282f198ed12a
2026-02-09T21:43:22Z,ZbsSn_,account.3d134a92dbb94f4cb0800deff10ed7c5
2026-02-09T21:43:22Z,kkxxkkllhxY,account.820bcda2b5b74d2899652065e0d6572d
2026-02-09T21:43:22Z,MengGe_______,account.6bcea6a754d4428485520852a085d53b
2026-02-09T21:43:22Z,VienIci,account.a84699f368474f73948e341fca0d46fc
2026-02-09T21:43:22Z,HIckey_YY29458,account.3935459bebac4d02b0364c13fbe62ec8
2026-02-09T21:43:22Z,Nancy--baby_,account.1e9b211b000345c0bde3e9603287e8ee
2026-02-09T21:43:22Z,o2o9--,account.5fc0f8d980ac4c559c2fe9fcf3e235d0
2026-02-09T21:43:22Z,Inteigue9_,account.5502e75d2c814fb38e7d8bb0a3b2b672
2026-02-09T21:43:22Z,FG_LailaI,account.bcc50d8fffdc4c02a90e444a4475e66b
2026-02-09T21:43:22Z,I___tachi,account.d0d881b3ae334c10892127cffab94275
2026-02-09T21:43:22Z,Youcanoeatme,account.74baf96ff012455fa69018d7495fcd69
2026-02-09T21:43:22Z,Shrabi,account.54c246f845db489d9e751ddecf86d853
2026-02-09T21:43:22Z,Azhanwubusheng,account.03be899307834e1ab7fe694e7a397c92
2026-02-09T21:43:22Z,Awaken1ng-,account.0a515ed8545c480d878b432a80e35953
2026-02-09T21:43:22Z,7-Distance,account.1b4784d049ab42cc83613dfbeed8f815
2026-02-09T21:23:46Z,XST_Qing-Ge,account.b5901b6192da4a57b11496de1a1ce0e5
2026-02-09T21:23:46Z,JmQp721,account.2c695529602044a1a9966d998dadcdc9
2026-02-09T21:23:46Z,TaYeBuCengLaiGuo,account.8be55878aae54278b136e42b35e40849
2026-02-09T21:23:46Z,BBZzzz,account.8f9b637f53404d1cb9789d17ef04aad9
2026-02-09T21:23:46Z,GLZ800,account.cd2af5ea24ad44c09e9bb9acd3093553
2026-02-09T21:23:46Z,gl916,account.57c08b5884494a8d8f7ca5836ba5673b
2026-02-09T21:23:46Z,LV_OoOoOo,account.43a9adf5ddd348dbbbd120881fac0cad
2026-02-09T21:23:46Z,meeeeeeerong,account.ed56fc7b650948f0bd454d86c4729631
2026-02-09T21:23:46Z,iv8882,account.66c849fe6a974500ab9a2bced8a2bd8a
2026-02-09T21:23:46Z,EastJay,account.22ed8cf6b24f4331833930ff9ab0c516
2026-02-09T21:23:46Z,db-Park-TF,account.f2c2f2a7cc6243bf8b8d1e22ec1d085d
2026-02-09T21:23:46Z,SHUAI__119,account.2b6af3abf3eb44f185e3e2d757fed804
2026-02-09T21:23:46Z,BetA_SLR-Master,account.dab1546cd2694a85b07206af667404bb
2026-02-09T21:23:46Z,Anbi_7,account.cdde0f8619aa4e9286df7d478849e18e
2026-02-09T21:23:46Z,Suk_pro_max,account.441000165489493c944836de61ffe26e
2026-02-09T21:23:46Z,FBL-Xinzai,account.97103dd78e194a6295de3209c60a8c9b
2026-02-09T21:23:46Z,Boff_Zhizu,account.565b8d046b224adb8ed0e3559f607d72
2026-02-09T21:23:46Z,Seven_Peach520,account.1879bcdcf5044f4d9f0e29fc162f3613
2026-02-09T21:23:46Z,753kkqw,account.4624d63fc5d94211bd8a39f641de40ac
2026-02-09T21:23:46Z,RR52520,account.a5c358a7549e4d29ba18101e3d43588b
2026-02-09T21:23:46Z,1penen,account.ccbde1d243e7489ea1cfa359bceca379
2026-02-09T21:23:46Z,D_SBN,account.b09cec66f0b248218816fa423446afc3
2026-02-09T21:23:46Z,hefeiGT0551,account.14e4598144304d41b2affdf949ed1464
2026-02-09T21:23:46Z,SSTV--V4,account.1198d9a3b7de4e8d9c139824b8ca05cd
2026-02-09T21:23:46Z,vxpsct4o-,account.8e6227aaf8de483d8607d74fdb4f7a62
2026-02-09T21:23:46Z,Nyeon_ik,account.424c7c1a1224426e83e7b5fb94c96022
2026-02-09T21:23:46Z,FBL-7027,account.4d22341bee9d413ba4e21585d9187c17
2026-02-09T21:23:46Z,Pero_dshandian,account.490ef1bade214af584eca9f1a61a2666
2026-02-09T21:23:46Z,FESRWESFWE,account.87a46819f2c4457e8705abb1bfe4ad56
2026-02-09T21:23:46Z,CN-Fj-huihui,account.f2e84924681d4eb8829112e9bc2d84ad
2026-02-09T21:23:46Z,XST_GuDu,account.5a4cc541b2394f8999fe34cd7d45e1fc
2026-02-09T21:23:46Z,Load98,account.2a4858a6d1904550aa4cea437f9ab7bc
2026-02-09T21:23:46Z,tegari,account.deb90e8a7927477c8841d21af394448b
2026-02-09T21:23:46Z,dalanma00,account.27806bc2380640168cecf2d7dcb11396
2026-02-09T21:23:46Z,1uk59-,account.48da128fc62846b6927e1ccc1dfb3dce
2026-02-09T21:23:46Z,jidong188,account.7a85dcf1b19d427594e70053c040deea
2026-02-09T21:23:46Z,1004angeL-Rabbit,account.fc2d4d51d205482a86311cbdedb3b29a
2026-02-09T21:23:46Z,Snarlinghobine,account.a376fe3a23534695896209d084b49db0
2026-02-09T21:23:46Z,18xxxT,account.65e594c7ebf242638f1396ce206386c9
2026-02-09T21:23:46Z,y1nTiankuaiLe-,account.658ea2f2360245d7947ee039c746e332
2026-02-09T21:23:46Z,End-TDou,account.a19951d90aba486f98d6c78ce2184775
2026-02-09T21:23:46Z,QDDa97y,account.8ee50eae35c943dba81defee3f09b4b5
2026-02-09T21:23:46Z,San2-late,account.8861dc71ee1f46029d2964319b4df20d
2026-02-09T21:00:29Z,ATAMEN_,account.9926c2cbc2204a9684738304955d5ddc
2026-02-09T21:00:29Z,JiaHangboy,account.76cd930457df4068b67ce6c033d2012a
2026-02-09T21:00:29Z,xuxiang-7,account.e647c80879e24572a9233721c850a6e3
2026-02-09T21:00:29Z,IKUN888g,account.fce8f87380b44043a88fd5e074cf7dc6
2026-02-09T21:00:29Z,XiaoQi99-02-21,account.330dd90a20214ced8c992c983f8e5657
2026-02-09T21:00:29Z,Bs0cgPX2543,account.ab2a810470234e1cb07cc536cd8bffc7
2026-02-09T21:00:29Z,Tarr_Shaow,account.ae858063d7d44a60918ccbf720d77143
2026-02-09T21:00:29Z,Libra-7777,account.8235c5e4d10a4dca97f86f164764cfab
2026-02-09T21:00:29Z,0tzrxxlq,account.c943832132114c1cbc94ed8a58891ada
2026-02-09T21:00:29Z,OwonE_SSong,account.88a60c307ac64123ae822694188108ed
2026-02-09T21:00:29Z,SA_4Ni,account.2e5d11e98e04439f8ca8aead8fa2e7c6
2026-02-09T21:00:29Z,c7an,account.7f6a4799cbd14c1fbbbcb1e74c28be95
2026-02-09T21:00:29Z,4amlucky2,account.af5651fbacdb449e9967baaed91e19bf
2026-02-09T21:00:29Z,cpgozl8baw,account.bc90f00af16f4e449e3f038d643cccfd
2026-02-09T21:00:29Z,KJeeY,account.2e0488986e1f4556a888157387aeb7a9
2026-02-09T21:00:29Z,ozjrzhpnct,account.09f74f4b6b274e75a86b1979e31e5e76
2026-02-09T21:00:29Z,Evildoer-DJ,account.f9da81b0bb9b49b2864cf4b02ba69316
2026-02-09T21:00:29Z,TY1685,account.00e7d40953a54fbe86519ce09e0af3f2
2026-02-09T21:00:29Z,WSheng-0726,account.bbf80ab236564479a15cdcf5240fcb1b
2026-02-09T21:00:29Z,heyhyoseong,account.e5fddabf66104f4083582feb0cef4502
2026-02-09T21:00:29Z,97LS-_,account.4e2ec7d47ab14bd9a3fd38fb135a7224
2026-02-09T21:00:29Z,MeiTianYigeYihan,account.e7ddd9c294c84293910304e067941ee4
2026-02-09T21:00:29Z,Arunla,account.152df71663eb47899a914759bf75d34c
2026-02-09T21:00:29Z,MiuSuZhi_-,account.b0755c67fb3d455c8348e907467b20c2
2026-02-09T21:00:29Z,OwonE_MinE,account.00ec7a7d3ceb4574a52d10f3ba1ede00
2026-02-09T21:00:29Z,SheDuParkr_Yun,account.af140d3f2089447db7848963d2ec617a
2026-02-09T21:00:29Z,CXK_DaHeiZi,account.ed5ece704f67429fb78c1feee32d9d47
2026-02-09T21:00:29Z,Ccc-9612,account.9c07121b80ca435eb7e81aa7822b58e6
2026-02-09T21:00:29Z,Lionnoi7,account.bd954c5e08a045cd9f3948759a700d6e
2026-02-09T21:00:29Z,BuKeY1-,account.0fa6c2d324404033abb7059cdb4cd4d4
2026-02-09T21:00:29Z,Aqif_luqman,account.10beb49ecc3d4a59b687792754ee0f8d
2026-02-09T21:00:29Z,Killbqvms,account.9d8d61e17bd644f4ac03c58630159bc9
2026-02-09T21:00:29Z,elm520105,account.8365b66e60034ebe8a8ee223930836af
2026-02-09T21:00:29Z,PPRBBT001,account.b3ec8027cbc7416b9d182cc6f9efdb54
2026-02-09T21:00:29Z,smrmaak089,account.bbcc35d8910b4fffbcbc9c39788194c0
2026-02-09T21:00:29Z,POIQWEUR,account.e4df1e7f2d764f5f9d86c9071c972866
2026-02-09T21:00:29Z,BBsaMire,account.c8a1360e21124bd4bce955ad1fab57d7
2026-02-09T21:00:29Z,CiDanZeng,account.6c94d55e7f484ed2bf7b712bbd1fde6d
2026-02-09T21:00:29Z,QIN_009,account.a9f0c2fea403469b939ab570caa1e0bf
2026-02-09T21:00:29Z,JianGDiiii,account.30964c5ad0084f09aabf170ddb6bd2b7
2026-02-09T21:00:29Z,3vbf9qS6GRd,account.434ff56f5c214af7ad7ee80c91ecabad
2026-02-09T21:00:29Z,BkySb3Bmtde,account.9c2bf956043441e7a2d860107eaef00f
2026-02-09T21:00:29Z,QQ-Tang-,account.70c4ec74fce54b51afcf7888598ddf46
2026-02-09T20:39:50Z,DNB___0111,account.018e825c326a420fba565f5d708dada5
2026-02-09T20:39:50Z,i7Ta-AL,account.a386eb96e43d4378a746916762eca1df
2026-02-09T20:39:50Z,YouDaYe888,account.13b3c48558c5474eaa1e5e6dded0ed0f
2026-02-09T20:39:50Z,KANBU_JINDO,account.d763fb2ac60e424f831cee82c0c7f4ed
2026-02-09T20:39:50Z,91_Yr,account.c5b1f9e7748247b683276a8820b8dcba
2026-02-09T20:39:50Z,lzw980212,account.9f4e737190f64f1b900c9fa93746c712
2026-02-09T20:39:50Z,93_41,account.d2c0b63c66db43eea7ff3d61ad780c16
2026-02-09T20:39:50Z,Silose,account.1a67b09373f8459785f0c8d050eaf5ff
2026-02-09T20:39:50Z,E_AzFuG206,account.7428d50d6da640d092e276ac3ca554cb
2026-02-09T20:39:50Z,yxxhxx_,account.a793d592cc6d4bf79bbc8e7e4d455b64
2026-02-09T20:39:50Z,hjwhjw0404,account.85307d5076734684b63506a2db274762
2026-02-09T20:39:50Z,asywyg,account.c4a5c9f65ef74c219b00cf6cc51ae1fa
2026-02-09T20:39:50Z,sss_Quokka,account.1b704d2cf012491889be95ed4ccb89cc
2026-02-09T20:39:50Z,Solo_98kone,account.bb292b59b49b43c6bd05633cfd9dba10
2026-02-09T20:39:50Z,HxB-WoYsSai,account.2703adf21f1643f9854d1e822f3f9010
2026-02-09T20:39:50Z,nilonglongbaba,account.f3d17474524140bc86b5c89afc58b85c
2026-02-09T20:39:50Z,Shy_Yukari,account.911e2d9f0b79438699ad7c1a38a3db18
2026-02-09T20:39:50Z,1kin-_,account.f0aaa73889e74b179ec6d9eafbeff72b
2026-02-09T20:39:50Z,Crybaby_Star,account.97e25b158b7243dcb127649ebf763c04
2026-02-09T20:39:50Z,PGG_LuLuBao,account.2577cb02d4d0461abcf69a8a68137929
2026-02-09T20:39:50Z,12biit,account.db359cf0e9d147feb8587f6c59364eb9
2026-02-09T20:39:50Z,GTS_Kyuram,account.143c8324c26e484d93a583a6024122c1
2026-02-09T20:39:50Z,Benz123_,account.e418dfdbfe6b4443994f3976768d528a
2026-02-09T20:39:50Z,MOONDO___,account.2ef55f28d80e4708b0e833871871b8b4
2026-02-09T20:39:50Z,1953251071,account.d39f97eaa35643c4943811617ff054a2
2026-02-09T20:39:50Z,djp4ka,account.dda042013bf2482990c52b679d568055
2026-02-09T20:39:50Z,d2kg6ed,account.7487ffbc836c4fc3901c2fb7948b0191
2026-02-09T20:39:50Z,i7Ta-AyL,account.8b85e89fd7824e259899469d37b6d05f
2026-02-09T20:39:50Z,MyPhone17pro,account.87533d6baa214da79d845dc4680cf400
2026-02-09T20:39:50Z,xQzI,account.8cee3fa1de1c41b8abe65d502749f8df
2026-02-09T20:39:50Z,SEX_kyuram,account.b31e861f5a744049bac5d8e80a937de7
2026-02-09T20:39:50Z,i3NB-,account.e4bb2ee876774a259040208fae6f8ccf
2026-02-09T20:39:50Z,ZhuYangGC,account.a4c6be2d0ed24a6b8de7a5056c9d22c1
2026-02-09T20:39:50Z,N-Afairy,account.f369a4fa198b48d898b3945a5e7c2db0
2026-02-09T20:39:50Z,Z_1V4,account.ad422fdfc99d499b8023564b7e59bbdd
2026-02-09T20:39:50Z,KeT1-_BRReeZe-_-,account.a448f67de9674ad5a6c56ebc200252cc
2026-02-09T20:39:50Z,NL_Kyuram,account.f9623469d07d42428b79a1589b28a522
2026-02-09T20:39:50Z,Rammabang,account.24232b79e47144b3a8a3b2901877d9f9
2026-02-09T20:39:50Z,Dyxx-_-,account.7b895af2adf741538479c6c97786a926
2026-02-09T20:39:50Z,Oh_Model,account.dbfe2d54a0e74d6bb7068c9828f5e0a1
2026-02-09T20:39:50Z,0718_-7y,account.613cd63688ff4495b99d90ae5cb8b566
2026-02-09T20:39:50Z,Liqiqi2020,account.c984b830c322470cad1f681850270321
2026-02-09T20:39:50Z,ji7010eun,account.1e50ae50431141abb435eb340b0deb81
2026-02-09T20:39:50Z,91HongXs-_,account.00b44f9018b5491b9c38afdde1e6d1df
2026-02-09T20:39:50Z,pengyu-01,account.7dc5b020334b406f82af8f3034bf812a
2026-02-09T20:39:50Z,iv33gl9j6,account.3ac0b3cc692345149d018444fabe812b
2026-02-09T20:39:50Z,KeT1-_Szy1zEN,account.e8904c0403bb4781bcbed79786f6f25e
2026-02-09T20:39:50Z,ArrobodpA-Gunga,account.c18c33bcc02d4239ab4592e9dbd6200b
2026-02-09T20:39:50Z,Hyun-Hyun,account.bcfc6101c5f5450a966052a9123eff8e
2026-02-09T20:39:50Z,wang2018_857,account.8b73c49112fa418fb4f2fc07333bda02
2026-02-09T20:39:50Z,Daniel-1760347,account.23f0d8c4f513424dbef694cf10d95963
2026-02-09T20:39:50Z,XCDJ_TLF,account.ea7700875f4c484db5c2ef6d1fae6152
2026-02-09T20:39:50Z,Mxx_pubgg22,account.c343b27309ff49f886b48bb4946bfd82
2026-02-09T20:29:45Z,i961-,account.f4af2e94137248739d8448241fa69669
2026-02-09T20:29:45Z,DAXIAABCccc,account.8516855623a74dff9545fb1514693204
2026-02-09T20:29:45Z,1staaaaaa,account.0819ba7492924aeab2fffa26b840e932
2026-02-09T20:29:45Z,XIABINGBAO888888,account.b822651df53047e2a4ac6e9cc1327bb8
2026-02-09T20:29:45Z,HiMa1aYa-SuPer17,account.2dd294fd9792440ebe5d6614e5992df2
2026-02-09T20:29:45Z,Demous__,account.2abb87d04c8446c492f33c76221921d9
2026-02-09T20:29:45Z,WhiteMoolight__,account.1a68db35dff34409a560b10ca30ab4b4
2026-02-09T20:29:45Z,VLK__xiaoming,account.8920f542bac449f79d87bba2f8578e3e
2026-02-09T20:29:45Z,ltiooksnice,account.65a066e9765d482caa43c3789b861256
2026-02-09T20:29:45Z,Freedom-kuaile,account.4d96292a891349b4b51801dcd56e0c3b
2026-02-09T20:29:45Z,LookChock,account.db1a66d8b3cd41e496b64e07f969b725
2026-02-09T20:29:45Z,LookBangk,account.4f8cc1ce491c4d9ab929a2cbd87e6380
2026-02-09T20:29:45Z,Abandon-xiaoYu,account.22d52734d1da4191b542e45659a7f589
2026-02-09T20:29:45Z,jiaobaba668-8,account.62a436f1a8284fbf9da08303e9f317db
2026-02-09T20:29:45Z,Forever-Muan1m-3,account.e3646524a005404fa1dfe4cf4b485268
2026-02-09T20:29:45Z,jie-6988,account.029d7bcf53c244a690335eb17a2054de
2026-02-09T20:29:45Z,Xik-Moon,account.ce050f80d7f349038aa0d0c9841e677d
2026-02-09T20:29:45Z,VVIII,account.e76dcaf75a664a028537d18ee709dc17
2026-02-09T20:29:45Z,1k61,account.a5ddcd99ca03431cbba00bc701aa1ec1
2026-02-09T20:29:45Z,CJSFGS123,account.1e75d347b1354023bffe3b1f320e2119
2026-02-09T20:29:45Z,YL-98K-pp,account.2ef219719afc4454935a85d5505ad857
2026-02-09T20:29:45Z,WESTWORLDX,account.76321568257c47a5bb2684fafb37f185
2026-02-09T20:29:45Z,NLclub_GuiyiP,account.c07daf44300b46e78c9e9993b1cc3590
2026-02-09T20:29:45Z,1Lqq-_,account.5370866d0e1044e6bc01ddfa17fcf1cb
2026-02-09T20:29:45Z,AMN-esia001,account.b0da55c5f3ce432c83d45b4d96a46511
2026-02-09T20:29:45Z,Hi_Robbery-_-,account.9a6179d1b3ee449896a83a3abdda2d0a
2026-02-09T20:29:45Z,Dem-on--,account.5d31cc29e9504985950ac2ea8cded59d
2026-02-09T20:29:45Z,Guonai_,account.80428a288dd549079fc5148d24deabd3
2026-02-09T20:29:45Z,O_o-DaCaiBi,account.f3ffd0093e5e43f587cd670206aa020e
2026-02-09T20:29:45Z,Love__Family,account.92a87d99fd9243818e848b8e3d0ce7ec
2026-02-09T20:29:45Z,liyouqianfc,account.795369cd7a6a4329a4fa8a9192fa7856
2026-02-09T20:29:45Z,Thousandsofdads,account.7e868081c9f84ecda2880e3aff42f573
2026-02-09T20:29:45Z,MiYou_MMdiu,account.9ee2c455986c4fb09cab0fd6ecac13c2
2026-02-09T20:29:45Z,nikanwozhabu-_-,account.d7a9d09ec8ed44498dae293845f77c8f
2026-02-09T20:29:45Z,i901-,account.b10c0e88f4cd47b7aaefe58bbc9b4730
2026-02-09T20:11:07Z,sungjoo8279,account.150c59cbedb644868da29b5a5712ac2a
2026-02-09T20:11:07Z,SkyLimitBlitzYOU,account.d25215b6a36e491e8a9cdb47cd37605c
2026-02-09T20:11:07Z,Zn-2001,account.0331fae5245442ab8d6baf73e8f04041
2026-02-09T20:11:07Z,WWADASDA,account.2c7f4c119cd54682893ca172e2f2af39
2026-02-09T20:11:07Z,Aeeange1,account.eb8e7fe70da54e26b29851ef101b0d66
2026-02-09T20:11:07Z,xingyunWh66,account.e756c74cefa14376a1ec0558a5feb576
2026-02-09T20:11:07Z,Calm---_-,account.80feb95d924049738d4fb952ab08f38e
2026-02-09T20:11:07Z,ie8jl77d,account.3fc4419d6eb640cd9395e3c180f2a13e
2026-02-09T20:11:07Z,QAQ_794_-,account.a71b7dd14e434b3a8555bda4d10cb185
2026-02-09T20:11:07Z,LegendSUB,account.1799ea06e4bc48879385be2aae22170b
2026-02-09T20:11:07Z,Augenstern-Loong,account.c9168c15f57e427a9c4d353d9057cb1c
2026-02-09T20:11:07Z,MrTrailingbottle,account.df14cc15bea046a386f6a2122bbac0f2
2026-02-09T20:11:07Z,KING-M32,account.c81f65eb2e794dd1854219e8e0c7c626
2026-02-09T20:11:07Z,Leonas-_-,account.4227ca333cd54a349873e3188d200d59
2026-02-09T20:11:07Z,Nowy-Anubis,account.fdd0db8b601e4f2e9c6ba9e3ee52a568
2026-02-09T20:11:07Z,Daku1e_,account.b57c76fef535418fa2927e3f17c260ee
2026-02-09T20:11:07Z,1i1i-i,account.e8214516825348519551159741eeee5c
2026-02-09T20:11:07Z,Nofresh_,account.86a6f3f0200b4abfba141b71f5f750c4
2026-02-09T20:11:07Z,v5oo-Pm,account.69aed54eb672447aa86f96595a5d0062
2026-02-09T20:11:07Z,DouYin-Yaojing,account.04d642356dd8414fb6da6153bbbaf836
2026-02-09T20:11:07Z,Airorne_TroopsL,account.180fc826eb9942e99a42869ab4cae51e
2026-02-09T20:11:07Z,rto2536,account.ecad733c53be41b6adad670b3bd16383
2026-02-09T20:11:07Z,xiaotongzhiya,account.148b0b17051e4ee7841f5b509f4a3e65
2026-02-09T20:11:07Z,Haize1wA_-,account.c4b285f199b546028fb8ef48ad390155
2026-02-09T20:11:07Z,007_01893,account.b1d4c63fec9e44e980129181eccdea5b
2026-02-09T20:11:07Z,yining1314,account.55cefcb7ccd546eb82d3e985178deded
2026-02-09T20:11:07Z,DouYin_WaLongPUB,account.69db11acfd4e4e1a807f60e00bf86a2f
2026-02-09T20:11:07Z,Mr-55591,account.a54f7c66c1d84cfa82d0aa9dbec6bb41
2026-02-09T20:11:07Z,J1anRenJ1uGui_-,account.25c408119d284afca2d0599b38952fee
2026-02-09T20:11:07Z,Ai2Bude-,account.138ff22576474d1ab76744e9088a3f2f
2026-02-09T20:11:07Z,Wzy-5555,account.beb8b34e64c8487596ab13788e392fea
2026-02-09T20:11:07Z,Wallking-Box,account.12c88e82ddb145c9aa82251193544452
2026-02-09T20:11:07Z,intrigante,account.c52833cf0bba412396e0cea019423c31
2026-02-09T20:11:07Z,LaoSepi-1DD,account.b97fde60cc0742009ab0cc12ed8505fd
2026-02-09T20:11:07Z,q5e4djvpb,account.781c44fc47a24e6484c524c67d3e1f78
2026-02-09T20:11:07Z,nX-La0_A,account.64d724a45f1a49049764e9c1e380d97f
2026-02-09T20:11:07Z,5551_T,account.b926c218fd2a4ed2903e7bc866051424
2026-02-09T20:11:07Z,Mr-Huang-XXX,account.cf7db1f50aba414d9bf0a8fbc1fb16d6
2026-02-09T20:11:07Z,He520131477,account.9393500395f14c03aded918c9c7b2191
2026-02-09T20:11:07Z,RX-SunBlack,account.3cadde6975bb421688ef95be7caed075
2026-02-09T20:11:07Z,HanBaby-_-,account.b2a1d320fc654baeac3435a7923f64c0
2026-02-09T20:11:07Z,akaCIXI,account.e796bc1772d741c8b56025a79ea6549b
2026-02-09T20:11:07Z,12_ZiZ,account.7948e468e436446889c05875569fb09f
2026-02-09T20:11:07Z,YYDS--529,account.ef611afd5e6246399f3b32685ec8db79
2026-02-09T20:11:07Z,T9999U,account.2be787dd06404ce190fb2d64a4dc356f
2026-02-09T20:11:07Z,OoO_Ann___,account.e91ac2bfaa9445fd81cfc1bd81333182
2026-02-09T20:11:07Z,HYUN_PIECE,account.4a8ae4fcbf144919b6b7d2d6574cd1c9
2026-02-09T19:56:25Z,Lao6_Dbs20cm,account.b15009c15dab49b2a407ee33ab32793f
2026-02-09T19:56:25Z,HN-AdmiRe,account.906ca6a3ae124359a964274c508ff830
2026-02-09T19:56:25Z,5AM253766893,account.29dc87d46caf4d9eb5ba045ef776a325
2026-02-09T19:56:25Z,Vigor_Menttality,account.51be87deea354d00b21583bb898955db
2026-02-09T19:56:25Z,boris_brjch,account.dc9214584bb142bdb2238a85d38a44af
2026-02-09T19:56:25Z,GreenPlayerA_A,account.62b45ad628fd41fd80a7cc851a00179b
2026-02-09T19:56:25Z,Bute-Baby,account.fadd0bbbf92246f0a9ac4ae6337a4113
2026-02-09T19:56:25Z,Lucky-Jiua,account.9c1bc4b8f41a474db2ac62ca7da7e360
2026-02-09T19:56:25Z,HUAYIHAI,account.42d9ebfd54134040a40dcdf9b546cd5c
2026-02-09T19:56:25Z,Mooooorgan,account.218e904aba5045139d8172b2b0bc8323
2026-02-09T19:56:25Z,tsin27n,account.4edab8837caa4577b000af38ab0d7237
2026-02-09T19:56:25Z,O31O_o,account.010d32c17b3d4422bc7bdf4737bd7d6b
2026-02-09T19:56:25Z,Wx8444,account.3631f5d4dd984dc4a6a54c2e6914d84c
2026-02-09T19:56:25Z,z1m000000,account.ffe9c9ffe41b4f64b6ecdde57517fe15
2026-02-09T19:56:25Z,HandsomeCreed,account.4b9084a487264c8ea09dea10d80eb79e
2026-02-09T19:56:25Z,QianYiDaddy,account.d986e0b652ed491bb7b5c853fc4d552b
2026-02-09T19:56:25Z,JiaMing-KING,account.8944391f2c704b268f7b6e030fed43fc
2026-02-09T19:56:25Z,Dylan89757,account.a7256acaf9ea4d1a8ba3e8c55e29a808
2026-02-09T19:56:25Z,EmderVoyager,account.01b626b87df243d386e6c0a44801af39
2026-02-09T19:56:25Z,Mc_beseir,account.7650eece133a41ac8bc6be850b360a0d
2026-02-09T19:56:25Z,adwadafsd,account.c46539df7dbc41ef900801721acbf5c2
2026-02-09T19:56:25Z,ppeon_uny,account.573c0572be4043cf860f3bf40eae5dfc
2026-02-09T19:56:25Z,Qinru1_GOAT,account.c68d30fdb62a4f81b4840477de9c045b
2026-02-09T19:56:25Z,MK47-MUTRTNT,account.188a0e4c01ae4875bce3b8dba39f782d
2026-02-09T19:56:25Z,Ev4-jl,account.964e601d1dfc4ce5a10576279d66e69f
2026-02-09T19:56:25Z,XyuDDi107_-,account.cbae5a9f15ea42a2aa8a191ecf53c634
2026-02-09T19:56:25Z,expersuchiiiman,account.0a7559a5f8d44e9dbd5fd428d35af6d3
2026-02-09T19:56:25Z,WoShiYanYuan98k,account.662eb30db87442a18babb5ba51b935c6
2026-02-09T19:56:25Z,Zz-Pluto,account.6f50eea2811b454286f7cfca37625c1a
2026-02-09T19:56:25Z,USST_LianAiNao,account.debb68e8bd5f4431acd4fc4a9e9d9639
2026-02-09T19:56:25Z,EpochAdam,account.4ba0b11144634de59f499d17a553a8cb
2026-02-09T19:56:25Z,oM99_,account.b3364d238e4243518a37a0518702cf97
2026-02-09T19:56:25Z,Ohh-Summer,account.c975a771f98141449585001258d791ac
2026-02-09T19:56:25Z,52sw_-,account.5e10c70246c94001b82a01566677f06b
2026-02-09T19:56:25Z,LSP---LiuRui,account.1948e172f0a244988fcd3bd569c01ee8
2026-02-09T19:56:25Z,JIS-Y7,account.881997b1550f4aa79832b02416aa8bfc
2026-02-09T19:56:25Z,Joy-2,account.b538f53621e44e3994be396a5061db7a
2026-02-09T19:56:25Z,Ethan_GOAT,account.062d93f0f45146acbab8d6919f4ca592
2026-02-09T19:28:30Z,EraKang,account.be639ca4d9724d8fb96cf9ac6b536be5
2026-02-09T19:28:30Z,Ma_NInG_XIa,account.74bc884826444b7abf1666f9177d64c3
2026-02-09T19:28:30Z,a-s977,account.f9f9af8357a940f2ad022d50dd0c9e39
2026-02-09T19:28:30Z,iio122_,account.16d8a6fb30894792b5651dcd3274d576
2026-02-09T19:28:30Z,Q1ii_-,account.2411cb902f65448aa6774d78497d4b66
2026-02-09T19:28:30Z,7koko_,account.0a82ff4a95bd4982859ac2c93748643e
2026-02-09T19:28:30Z,Umar-,account.f86f7248a15347aa837887a69f021d02
2026-02-09T19:28:30Z,jokara00,account.182df836a1e049e58699189ab37f5f0c
2026-02-09T19:28:30Z,PUBG-DM521,account.c07955f16797447c8df2297ad51cf01e
2026-02-09T19:28:30Z,team_000001,account.14978c39e63a4bf0b35202edb1d88d34
2026-02-09T19:28:30Z,Cxl_Oldsix,account.0843f7634f5c4fe4b94ba987bbd26f73
2026-02-09T19:28:30Z,Oi0413,account.57bbcd4e3e2f45d3b1191e43822de8ef
2026-02-09T19:28:30Z,Fsj_0809,account.419ecb23f2ac48cc86ca018baa9cb834
2026-02-09T19:28:30Z,King_A-Long,account.67a6987d64e145a4ac5fd0b6b95ff306
2026-02-09T19:28:30Z,Xx_912,account.97af137b37c74564a73cd2a473d9b447
2026-02-09T19:28:30Z,Ace-CGuanRen,account.1c55961cddd542e98be0acc8f2a2665d
2026-02-09T19:28:30Z,NanMianDaXiDaBei,account.b65402b5421f4e0dad2cf52d48ef630f
2026-02-09T19:28:30Z,French_Burn,account.28c64354b83d4cb8a224e62961ef454a
2026-02-09T19:28:30Z,luna_Scholar,account.0f183835481448e885417a7b97be5461
2026-02-09T19:28:30Z,LilGhost_-_,account.09db084a9cb04a2da1fba809350bfef0
2026-02-09T19:28:30Z,Brother-Fa,account.d358f632b97444ac986f17ef67491e6b
2026-02-09T19:28:30Z,BUT_999,account.1becee8724e5429795b5b8e724bb330c
2026-02-09T19:28:30Z,Laity_Long,account.c655dfc7c36c4266889f1a53a13cf893
2026-02-09T19:28:30Z,Dark-Xj-Adil,account.930171984f05471b98f7522f714b0200
2026-02-09T19:28:30Z,1kxnn,account.064e4d432f4d45679f2582dfe1217c2c
2026-02-09T19:28:30Z,onEMind-,account.920d85a5e4c745b1b5825e0d7af7e095
2026-02-09T19:28:30Z,tivip3666,account.9474946590554658a54737af6b53754b
2026-02-09T19:28:30Z,iio528_,account.7dab21b4cdfa4292b81bb27f73d4d793
2026-02-09T19:28:30Z,JJ-see,account.da8983a2cfbf4a2e8b16bbe569d670e7
2026-02-09T19:28:30Z,Maple-Leaf-0v0,account.41b0dada9aea44078727ad83009a9cf8
2026-02-09T19:28:30Z,A2on,account.b686df698d2a4434b6af9d8129dde941
2026-02-09T19:28:30Z,9Ge11,account.e5cda939704e4886badd9727b5bc2b39
2026-02-09T19:28:30Z,Roc91,account.ba14f4273c754e18b1a670fb70c40185
2026-02-09T19:28:30Z,1kbb-,account.7ac95523a40f4ff1bafda97f20ebab05
2026-02-09T19:28:30Z,douyu-6673436,account.4d6327682f91421daebaa5b8a5eb7496
2026-02-09T19:28:30Z,wyh0201,account.30050299d0aa4970ac8e53d2b319250d
2026-02-09T19:28:30Z,11uo-,account.92424f076f83480ebc731bc53fbd4fc4
2026-02-09T19:28:30Z,Puffing-00,account.6e919a1c64e74a5c8f09d1c2d128ec98
2026-02-09T19:28:30Z,My_Mamateli,account.4896d2ac9a9949caa3f9382fca074629
2026-02-09T19:28:30Z,Armani-ChiNa,account.30f3837ed3c04da0b94a715e42a27981
2026-02-09T19:28:30Z,WoXiHuan_TianMm,account.c9226974fdf541c5895c6cdaca96855e
2026-02-09T19:28:30Z,VossPushyee,account.03fa8b88e1484a1fa1f68ad6b1b49b8f
2026-02-09T19:28:30Z,DJ-ALIN,account.ae02dcddca714522976dddd0142de23c
2026-02-09T19:28:30Z,team_000007,account.97e7c17dcd864811aed4249a11fdee3c
2026-02-09T19:23:45Z,Mr-FierceMan,account.42a38974e30441699516c1b4b79d569a
2026-02-09T19:23:45Z,Tjd_999,account.98b6ed18fa464119bc847c0ee5b67db0
2026-02-09T19:23:45Z,YIZHIPANGHU11,account.258b841e4a964f88ac47b2a4c5d7e287
2026-02-09T19:23:45Z,mysang_0618,account.3ef42ce566c14d44934215ac62119acb
2026-02-09T19:23:45Z,332579,account.98e14d486f8a42bbb36d2e8af429b196
2026-02-09T19:23:45Z,ImDaShu-_,account.af04795155b245d99b891bf1a65d716c
2026-02-09T19:23:45Z,Tan-du0-du0,account.ab9defef84f04e0dae6fba43db4a0a2c
2026-02-09T19:23:45Z,ZG-XJ-0999,account.28b29226555e4aeb8bbb921b222020d6
2026-02-09T19:23:45Z,zk3ipuobo,account.a2b7f92d04c240ea837512cac7b44ba4
2026-02-09T19:23:45Z,Show_JGG,account.c2caeef73644444d88240d34408c812e
2026-02-09T19:23:45Z,iuuuuuuuyo,account.d9a29c34edcd4f00a4c7f7252bf1a603
2026-02-09T19:23:45Z,xiaofeifei330,account.fb809f40a8fc48e6a3fb88b08f947fad
2026-02-09T19:23:45Z,x1ng_-,account.28e86c06d1c34f4da733f5b79c6b855c
2026-02-09T19:23:45Z,June2nd92,account.c837b2fce08e4f4694556f888e8d39de
2026-02-09T19:23:45Z,Fbby_,account.99f4c080f1824a3a90bccc14601bd260
2026-02-09T19:23:45Z,okkpeak,account.0dad222c9b594367a76a648eda4eb421
2026-02-09T19:23:45Z,DingSdisn,account.2e42e07aad9a490aafe1b66fe16806e1
2026-02-09T19:23:45Z,Snowbaby-_-,account.38dc6860aa4b400bb4fd1900a4e642c8
2026-02-09T19:23:45Z,Yong-Ace,account.dcbd9339d5ef4ea8b28faf5802d6d1e1
2026-02-09T19:23:45Z,NIKECIKL-XIAOWEN,account.2f7cdde6de9549d6873541eb9140105b
2026-02-09T19:23:45Z,BFL_leilei,account.0ff3ff1ddb8f46a98ada4f6c8457f493
2026-02-09T19:23:45Z,w-xsz,account.9349b0d727434ef9a96f5f8f211ad1da
2026-02-09T19:23:45Z,YQ_V587HHSW,account.73fb44e6fd9b439d967ffe5021d07393
2026-02-09T19:23:45Z,Ai1xy,account.ee100e1dcb4747e7bf4512899617080b
2026-02-09T19:23:45Z,YECHANLEE3452,account.59aae4d97ede45beb8c2e055fa0a36ef
2026-02-09T19:23:45Z,DzT-Lang_Km,account.575eeb3568984e119a4c9cbde4168a20
2026-02-09T19:23:45Z,jiuxihuan1v4-lan,account.08c7d514130643d2975856746ddb4e1b
2026-02-09T19:23:45Z,dnnmm,account.28d70477b3be4c83926182e19a64dd3f
2026-02-09T19:23:45Z,Taurus_424,account.c61511ed93244e4db60252b2c5173060
2026-02-09T19:23:45Z,BatulinSi,account.0aca3596e97441d5b825c6c629c85c82
2026-02-09T19:23:45Z,4AM_Jason1,account.c088233939e94641952f2436212f4630
2026-02-09T19:23:45Z,ddfddfffa,account.2d56fbd0be51477193d5f332975498f3
2026-02-09T19:23:45Z,Y521-_m,account.147c908a6fa54696b9ecea6bd325200a
2026-02-09T19:23:45Z,PUBG2hAns,account.bec308dccf774dc896d6015e2d32af41
2026-02-09T19:23:45Z,dayu000009,account.e9760142c0a74dd4948b16933c86252a
2026-02-09T19:23:45Z,JDG_MiF,account.c98a8b2778ec4030b95c54a1854ad053
2026-02-09T19:23:45Z,BacK_Dim,account.6125998cca714830b04f29b852c53cc5
2026-02-09T19:23:45Z,Tan-duo-duo,account.988fc5d0c07c44e58553d51966297743
2026-02-09T19:23:45Z,wuqu_de_mutou,account.77bb26176d814440bdd9b382885e7ed7
2026-02-09T19:23:45Z,EIS_HaoGe-,account.b037e90bad9241c095bbf3174607e435
2026-02-09T19:23:45Z,Toxicants_M,account.e2536fa078b849e395dcbcdfd1ba54af
2026-02-09T19:23:45Z,AnJar_Xero,account.ec22a008a3bf45caa98cff7a5a595702
2026-02-09T19:23:45Z,SevenKiller_TMan,account.2d48895ed3d14bb69ce5e81e2279fb6c
2026-02-09T19:23:45Z,yingbangbang999,account.0b9624ee5665452ebf5c414c88007df9
2026-02-09T19:23:45Z,Jiang_-1v4,account.c20a4a05358045839cf66803a909c275
2026-02-09T19:23:45Z,Toxicants_C,account.5f029b2ffcba4143a8d0133732b4a9ad
2026-02-09T19:23:45Z,R2Kn_Poseidon,account.6219a1ed6268459a820ed025f7e822b3
2026-02-09T19:23:45Z,HAO--03--11--05,account.eb755f3af7174661bcc4e9a374ebf159
2026-02-09T19:23:45Z,AWM_90,account.44564c7c15204bc8b74faa61bdf473a9
2026-02-09T19:23:45Z,Toxicants_W,account.231ad0baa90445e1a14e228ef3e4b11c
2026-02-09T19:23:45Z,Caibaobao_-,account.fb3900575fc941839a969acfc80dd90b
2026-02-09T19:23:45Z,yc125_,account.5abaf2f9abc348b792f43f25bfce2d1c
2026-02-09T16:21:45Z,Mumaa_,account.e6d82de2eb654eb5bf24bb809f4fa562
2026-02-09T16:21:45Z,xie2595,account.0ce01cddc968405ea9d7686edea63224
2026-02-09T16:21:45Z,Pandae,account.48447c456fa04ceea75813f0766c0519
2026-02-09T16:21:45Z,fpeas-1234,account.837d277d47bd44e58d67cb23e70ae4ff
2026-02-09T16:21:45Z,YuLin_9121,account.c93e12b4f377412ead98e6b3b6fee4be
2026-02-09T16:21:45Z,qingtianyiizhu,account.356dc6328c2646449c12806608b71700
2026-02-09T16:21:45Z,KaiGuaDeMeiNiuzi,account.08d56211f17a46b1846e071368986271
2026-02-09T16:21:45Z,NAMSEXx,account.cd348d8933324574889ae81db1971b28
2026-02-09T16:21:45Z,47407470,account.9c5b41acf10b44daacf95e09ae98f8cb
2026-02-09T16:21:45Z,b1erta1shen,account.b35e0b39dfda477487c182289ab679d9
2026-02-09T16:21:45Z,Hoyu001,account.28d38ab576a344f3b3c401ca0ce2f5c7
2026-02-09T16:21:45Z,L1nl1_-,account.548de9e2d61d46fca9de4744b617ec02
2026-02-09T16:21:45Z,L1jia_-,account.1d6269eca3ff4252acacc892d51e8e86
2026-02-09T16:21:45Z,LINTxoxo,account.b9ee09fbc16d4e2eb554d4f1c14e8cee
2026-02-09T16:21:45Z,YUQ2My3SFy1DX,account.c933292d6c6c4827b8d2a2c5f1d6c263
2026-02-09T16:21:45Z,RLAGUDDNR0401,account.53c54f9bea2242fda4fdef3a556db82f
2026-02-09T16:21:45Z,XXG_0rJia,account.c7024d372e394b7d83d47609c943167c
2026-02-09T16:21:45Z,XXG_93King,account.567b7271cf8b43a38929b22698735538
2026-02-09T16:21:45Z,eddyv587,account.6094ecc3a8b04552bf32f3a520222884
2026-02-09T16:21:45Z,Violence_Xyyy,account.4d9cb158d96743a8a9dfeef75ba5a37c
2026-02-09T16:21:45Z,9yix,account.710ff28f0c964123b25247770e661db6
2026-02-09T16:21:45Z,I3Y_s,account.0161ff193ee24f62b5138987fe440fe5
2026-02-09T16:21:45Z,Elephant___,account.c712266dd24b4181b3a0fd02aa37a4cc
2026-02-09T16:21:45Z,BABOYA_SarangHae,account.b393a688a6084b33849a4c3a60350f4b
2026-02-09T16:21:45Z,HaimaiNo3,account.54b95aa7bea340d5afb136d8af3c27cd
2026-02-09T16:21:45Z,becke7777777,account.fc67d6a4c7924ad79df1b14ec430a5a7
2026-02-09T16:21:45Z,XYdabiaoge,account.0bba0c00946346ddad0239ce2058327f
2026-02-09T16:21:45Z,02_April_19,account.53b9b94f37d049c79d43b7dccd0e2c1a
2026-02-09T16:21:45Z,Redamancy_JiaX,account.d2bce657234d4171ac8200162afa28f7
2026-02-09T16:21:45Z,404Mming,account.75131286afcd44d4b7db71b092a9c434
2026-02-09T16:21:45Z,7zo0-,account.0193b5509e374f68b2e5fd3156d60bce
2026-02-09T16:21:45Z,cbd1989,account.64bb3cf4641e4e349f3b805666b96e4c
2026-02-09T16:21:45Z,Me1xQ-,account.ee9f8b5a116b484b906b458454f01b60
2026-02-09T16:21:45Z,LuoShan_-_,account.ec2e02d976e34ef7a2309212d76feebd
2026-02-09T16:21:45Z,Un56_-,account.eba8285bd18645aba4ab1cbcd3c35c87
2026-02-09T16:21:45Z,Makemoretime89,account.314dc6158e0c4f21804c87a6352ec630
2026-02-09T16:21:45Z,Faust_win,account.96faf1e4d3e0471b8d95968a531cb4f5
2026-02-09T16:21:45Z,WinterAes,account.d795be50ccbc4a41b423e9b3250e5d35
2026-02-09T16:21:45Z,loafju5,account.a0b5be1133aa458d9faa1d83c3137256
2026-02-09T16:21:45Z,im_not_gxxd,account.ef461eb80bc74089bf1a9dc26f553ba6
2026-02-09T16:21:45Z,Sunshinedxr,account.3a6228537349401ea05071da6e92677c
2026-02-09T16:21:45Z,YuLin_7525,account.dd5052bbe4ae446c9d363051b145847a
2026-02-09T16:21:45Z,27ec,account.efc9e976a60d4e98958804e744603d23
2026-02-09T16:21:45Z,88shen,account.df8d61fc840241b5be12b11ae8e3b6e2
2026-02-09T16:21:45Z,yueDedie,account.a5486aa386ca449fbd0c8cbc322786e0
2026-02-09T16:21:45Z,HJKOFFKOGD,account.32f451120ca64efab18eb56f06eaeaf1
2026-02-09T16:21:45Z,Tibetan_BOOS,account.aa04c9825bdc410582b96e01cc3598fb
2026-02-09T16:21:45Z,SSoJiMaRa_18_,account.b7667611651943b5b32355a4f81b14b8
2026-02-09T16:21:45Z,TheMoon91,account.d749383c71cf42bf926817c71a420284
2026-02-09T16:21:45Z,YaoZuoA1_,account.745a6612e7694199b70e23220814a0c6
2026-02-09T16:21:45Z,i405-_,account.fda821284f3145e0b7304c1f0cd0f4f0
2026-02-09T16:21:45Z,Purpl3_,account.7ee9fe683db34d78a0e84f3227825740
2026-02-09T16:21:45Z,i0Yo,account.16d31b1dc42f41d383f02cb624b56387
2026-02-09T16:21:45Z,PT-PPPY,account.2d5022aaa05349f4aa09a960f078ee50
2026-02-09T16:21:45Z,BASDADSADA,account.a52e4893720047fa82f295f8126e0c85
2026-02-09T16:21:45Z,711Ker,account.dbd28cb3cc3b46149e51bc9af882bbff
2026-02-09T16:21:45Z,17TaoT,account.eef256a250f94a96adebd0adc051af19
2026-02-09T16:02:47Z,Im_fRanTyc,account.77bea11622824ecd9dd6d62c496a5f0c
2026-02-09T16:02:47Z,Kobe24ZJ,account.405228a55a9a4ea69a351d42cb54c606
2026-02-09T16:02:47Z,siyubaobao-,account.2f2ce50380164a8f9e24682f5ac523e8
2026-02-09T16:02:47Z,qsxak24,account.eb014d2c8ac548d9a6432ae8ac6b50f7
2026-02-09T16:02:47Z,ceas5qo0k6,account.f2c42fcc59f04383a2bcae4365d591ad
2026-02-09T16:02:47Z,i2Go__,account.8097f44ec4c544c59decf3e163dc017d
2026-02-09T16:02:47Z,xkai98,account.266110980ae74f40b69d78587e4f17f5
2026-02-09T16:02:47Z,Bear-i9oE,account.9b5feae080884afd82164934693891e9
2026-02-09T16:02:47Z,HeyYwai-,account.da6a195d96f54f3ba2424a890c266be6
2026-02-09T16:02:47Z,TimeZ-Sc,account.cbaa5a163dde449581178cf5696843bd
2026-02-09T16:02:47Z,Ordos_Doctor,account.6be431baeee24b11b2edbfd94d920aa8
2026-02-09T16:02:47Z,Ryan_V_,account.eb99d706b90047ab8c3482231b0393d0
2026-02-09T16:02:47Z,SUTIAN6667,account.8521b92f4fa9488f99f46a47ef26f562
2026-02-09T16:02:47Z,THVJMN1,account.a7ba115563ce49cebbc2e3460e2d3645
2026-02-09T16:02:47Z,Miratowa_Hxf,account.4154d8728d8243579e748351e777d682
2026-02-09T16:02:47Z,Rost_MMaoFireMan,account.4b21fc062c284dfcaa2726ca9e14ac70
2026-02-09T16:02:47Z,ljz88888888,account.5978d099a9e44bb781c0796d3c1e16cb
2026-02-09T16:02:47Z,4AM-ArcherzzZ,account.e12792431f1e470ea6dac777f0a6cadd
2026-02-09T16:02:47Z,Yyds009xiaomi,account.cda19dc5027b4e3cb2de3f0412a272cf
2026-02-09T16:02:47Z,Miraitowa_Zzj,account.ae8c7c3d783149b7bba37eec887b6c69
2026-02-09T16:02:47Z,MangGuo_salad,account.3bab36660feb43d8ae354e00c3caee1b
2026-02-09T16:02:47Z,SAY_GODBAYBAY,account.7ced58b985b042f6a39cbf7656f89aef
2026-02-09T16:02:47Z,Nice__002,account.9e259a0bb4f644d5972e2ffcdc4ee3b1
2026-02-09T16:02:47Z,Luach-,account.b90c4febce0a486abef78e169bfac433
2026-02-09T16:02:47Z,Rost_WangBaHui,account.a328c2e77e794ef6a157733fcc2fd3de
2026-02-09T16:02:47Z,Ordos_Actor,account.c90b5e0fa0644f76a9128d0fc6f083ea
2026-02-09T16:02:47Z,Ean-3-,account.051f2f0b1bc84f0fb4aed1f1e2029be9
2026-02-09T16:02:47Z,CCB-099,account.e9b3cde0f0fc4f8a9c022029719ab096
2026-02-09T16:02:47Z,Billbing,account.e6eab1589e1042f5998363bfc4cd0963
2026-02-09T16:02:47Z,YunZe_001,account.0701229968274061adab79826188bd74
2026-02-09T16:02:47Z,S2_cream_,account.567113d92d674f2abc9c14993ecbfb9e
2026-02-09T16:02:47Z,Bear__x1,account.69c8715e804c4edc87f2dc801a899615
2026-02-09T16:02:47Z,MaNuAllEmOnTeA,account.1bc19170b2574e4da36eb339c1a8160e
2026-02-09T16:02:47Z,LYK------1991,account.104bee9254004ae5baa532ee95aa0723
2026-02-09T16:02:47Z,hh0115-,account.9ebe0aaf8fe941a6bd5c0e285251b044
2026-02-09T16:02:47Z,CAIYUKUN1,account.239adb822f384aa4aa710f7c2dc30591
2026-02-09T16:02:47Z,7ingHua1_-,account.7509deb90a0342a3967bb855867746e8
2026-02-09T16:02:47Z,DarkTeam-cH,account.9452ad97e7ce47638e1b4362c1136b04
2026-02-09T16:02:47Z,anJZ999,account.b183f675ae29422d86002d9a37b7e17b
2026-02-09T16:02:47Z,IMCHENXINGYU,account.2e14cce995de43d581c8f42191217504
2026-02-09T16:02:47Z,ka1xinn,account.317f88cc533c4185a7f404fd03773441
2026-02-09T16:02:47Z,Gan_zi_DF,account.7f23d60f56914baf896251f269164b9c
2026-02-09T16:02:47Z,OPM_Ssssd,account.40443864d57940079f5b3a1ca3f2c537
2026-02-09T16:02:47Z,wml-888,account.4f6b3a0998154743a20a518cee250547
2026-02-09T16:02:47Z,ein_gy1950,account.9789d4c38f524d2191c52be08acafc38
2026-02-09T16:02:47Z,uu3k,account.ed480588c11142268e82480dd956297a
2026-02-09T16:02:47Z,sanokbebe,account.6ce662138b67487cb1cd0af22986d719
2026-02-09T16:02:47Z,nybeuhbannednn,account.a6c6668542f9418b84d180dd8660aa37
2026-02-09T16:02:47Z,17_TTXT,account.edba6b9060c8423889103142c73e54ee
2026-02-09T16:02:47Z,CongBuYiHan-,account.37f42b7489774c5daf6166c4859a96bc
2026-02-09T16:02:47Z,seong_su0_0,account.fa2e0c2f89a94fd0bbf3dc8c86e2b8f8
2026-02-09T16:02:47Z,TomatoStewwwww,account.7c747ff8d3ef43d6b526b24a246ceb93
2026-02-09T16:02:47Z,Captain_Cuipi,account.6bb8954cc87c48e29a4465a132dc2f01
2026-02-09T16:02:47Z,windking19,account.96e48056508e4ceeb7a8474d59fd0b7a
2026-02-09T16:02:47Z,Sxwszy,account.cefbd19fd0ea4470a30d4305de0e3b78
2026-02-09T16:02:47Z,Xiao-_SanSui_-,account.96337b77d9c940a1a10f618193372192
2026-02-09T15:55:48Z,Mo_Mo_Da-_,account.76dd05937633472581c5eca755003058
2026-02-09T15:55:48Z,YellowPeach_-,account.a648263b19754d50a15254ddaac3232d
2026-02-09T15:55:48Z,9oooo-_-G,account.cebb8ea771cb41299a48c54fee36ef53
2026-02-09T15:55:48Z,Hangi_agi0212,account.2fedda4da03943caa2a470d2df9b3565
2026-02-09T15:55:48Z,iwNb_-,account.9900f0d358c445bebea94032cdaf1469
2026-02-09T15:55:48Z,Blyn_11,account.4365eed8849844fd9db3bb30d8d02408
2026-02-09T15:55:48Z,kazZza-_,account.0ce72aab97db4f3fac31d665ffb8fc45
2026-02-09T15:55:48Z,Tender--Jie,account.b689deabb7bc46238ebfd9fcd5fbc6f0
2026-02-09T15:55:48Z,SibaR0Ma-,account.42d86aec4d444af48b7938e0a19804f2
2026-02-09T15:55:48Z,daidiandian1219,account.543fdc31662740fa8d2a0ca9602f1fee
2026-02-09T15:55:48Z,w1thyou_,account.e3934384d6524f32ab357fb22da0219f
2026-02-09T15:55:48Z,XiaoCaiJi-iKun,account.2238d89032ff4d75818795da3b16e665
2026-02-09T15:55:48Z,Smile79,account.8cba4c2362f5461b9052816fdd10e9c8
2026-02-09T15:55:48Z,Sevens-77,account.397403f2c86041caaab34f4e6958e3e8
2026-02-09T15:55:48Z,HongKaWaE,account.37a003b25a7040dfa2552f0f90ab45a3
2026-02-09T15:55:48Z,Myself-BO,account.b4ddb714c5994beb84379ab55b3faf15
2026-02-09T15:55:48Z,Black-Sabre,account.bb64b6e6ae754cb8ac20547ab903f37a
2026-02-09T15:55:48Z,Doki-OuO-,account.654c01a01d4549d4a241fcddbe807527
2026-02-09T15:55:48Z,umai--,account.cfc32cb405b74bdeac0434edb256d168
2026-02-09T15:55:48Z,Jeonggon0501,account.12bf22a841b24cdd81426777998e6de4
2026-02-09T15:55:48Z,0825-ZB,account.414ec9c3da6a40cf894f87e9df7d0cd1
2026-02-09T15:55:48Z,TL_Yangzai,account.62098afe078441cfa99030d410163299
2026-02-09T15:55:48Z,jsiao,account.8f85d23456c04586af480b679d4cb0fc
2026-02-09T15:55:48Z,wvvwvwvvwvwvvw,account.a24c066a0be04b12959617ea5ad5cf60
2026-02-09T15:55:48Z,Yu-1528,account.f280f2a661cb447198562ab99bad4c3d
2026-02-09T15:55:48Z,bibaboo222,account.a2581a7bb7f640df90e1c736ed4ebff7
2026-02-09T15:55:48Z,Mh_mmmm,account.4da77ce1c5e64fb98b523052b5aaab3b
2026-02-09T15:55:48Z,LiaoShao_OvO,account.6338302a69bd438c80f2315ddef38feb
2026-02-09T15:55:48Z,White1-x,account.3d9ee440343c4505884dd4428cb7c8db
2026-02-09T15:55:48Z,TpstmdlTrp,account.811d7b10efb441e3bc617a021fac579f
2026-02-09T15:55:48Z,TX5D,account.26cdf5a464a841bc876681510ad80256
2026-02-09T15:55:48Z,Inaespa,account.575ba72e2c734c7dbb19e10e35845dd2
2026-02-09T15:55:48Z,LiuFeiLoveYa,account.4e7e306d30a2431abcf986d2c9271d92
2026-02-09T15:55:48Z,xiaolong-Bug,account.e01e5da752ea4e9991b6b60820839b9f
2026-02-09T15:55:48Z,killer_rank,account.386ab32cb7904853b3f9e19b9d6d5573
2026-02-09T15:55:48Z,Man_Gjw,account.e343de28848e43b5acbf5ddd0983d4ee
2026-02-09T15:55:48Z,forget_03,account.1bb26044041d4e97b961404870629c57
2026-02-09T15:55:48Z,SanSanBaobei_,account.5177093951dc4ae8b94f28243a166ff9
2026-02-09T15:55:48Z,NJWenrou,account.facd671602754f089575c6759b327bb4
2026-02-09T15:55:48Z,NiP--MedioN,account.a152504473b44544a00787f52b3b5a64
2026-02-09T15:55:48Z,PLA-_-qingsheng2,account.a636d4436939424798854d23f84c6dab
2026-02-09T15:55:48Z,Bborong_OuO,account.35d4e223c5ce4439ad89d72a41cee26b
2026-02-09T15:55:48Z,lizZza-_,account.2b5e2d360aa0489ca2354cf13192276a
2026-02-09T15:55:48Z,Zby_dayu,account.55b818a87b974a5b8da6f30818073994
2026-02-09T15:55:48Z,GuiSu_-,account.52c7cfb493494fc29c0fe17e51f8f8e2
2026-02-09T15:55:48Z,FluoxetineXS,account.c625847bbaff43ddbf7048c2132583fb
2026-02-09T15:55:48Z,K800O,account.9ff33e28b0ce45c6bdfde58a135b0ea2
2026-02-09T15:55:48Z,Mvp_Ax,account.b9bc86aa809540b0af779d7660f7ac80
2026-02-09T15:55:48Z,G-Y0704,account.e831de72ee5342f492b7d8eae3327dea
2026-02-09T15:55:48Z,LSP_Zoro,account.a274062957ca48d0b434e22c04d14435
2026-02-09T15:55:48Z,CHUNBAE__o3o,account.369c705bc59f42318cc46f3745886c8e
2026-02-09T15:55:48Z,PassiOn-I3last-,account.feb1a50eaeae40e292ff94499dd8eb15
2026-02-09T15:55:48Z,QuaDupal,account.880da7128db34449ad4ebd31f2960eb6
2026-02-09T15:55:48Z,YHYHYH0001,account.119c059c88754dccaa29021870362eb3
2026-02-09T15:55:48Z,MYLchampion,account.b1acaba95c92484ca34a4a7752b884c0
2026-02-09T15:55:48Z,LT9810023,account.60920ba1d2344d80977c190f2f0615d3
2026-02-09T15:35:01Z,AIy--Bt,account.e785eec39fa54b85b81a6e8b7bebfdf3
2026-02-09T15:35:01Z,qian-----li,account.2053345aae4a4d08901331f4e7273217
2026-02-09T15:35:01Z,ii7o_o,account.c37e16eea1cf4e11ba98c75564f647f7
2026-02-09T15:35:01Z,BMJ-biebi,account.4a46b0331fdd4373b89cd2fd9552292a
2026-02-09T15:35:01Z,toekf_,account.70a37454bc6342f2a5447fef3fb89deb
2026-02-09T15:35:01Z,YOURMAMABOOMSKY,account.30ecaba53b2f4465a88f36b2982a75bc
2026-02-09T15:35:01Z,Yy646008-Chief,account.d3b560b84a33489bb2a0af658483f569
2026-02-09T15:35:01Z,TaMe_YouLing,account.ff87e85cff35415898489a8801b00227
2026-02-09T15:35:01Z,GM_JaNu,account.3780994f66654378b03f0bc4d1fdde38
2026-02-09T15:35:01Z,black_GD_,account.ce2648ed8a4b453d81fc2da29967794b
2026-02-09T15:35:01Z,GLD-Leopard,account.c8c4fd186f6d43f4a52db6f31997a286
2026-02-09T15:35:01Z,Smoking_Timesup,account.11c1f99e25d049c3a706a89bdf54e9e8
2026-02-09T15:35:01Z,kozii-,account.2293239cf8f947ac9a254090633d68e1
2026-02-09T15:35:01Z,Deportista_,account.73e74166eed744b7b67badb5d4f210c7
2026-02-09T15:35:01Z,LuRenDi_y9,account.33dbccd18c2546af84024ec6b6f9c244
2026-02-09T15:35:01Z,foluome_,account.fdc0067e755e4363bfc1ae8cb252c55d
2026-02-09T15:35:01Z,JczM_OvO,account.01cd70cc0ccc45299800bcb53eecfc73
2026-02-09T15:35:01Z,LDRZM-OVO,account.584c1c0728ac4894810fcccc2d2b7ae9
2026-02-09T15:35:01Z,V-50-TianTianMi,account.17a8b1ce355c4a25a566e16d2192c4b7
2026-02-09T15:35:01Z,joongil,account.7b8ccea8c7a444e3b9a64619a5af90f7
2026-02-09T15:35:01Z,RushB_Say,account.77f45db73e934fb9ae1cca09ced817c5
2026-02-09T15:35:01Z,Simple-YushenZzz,account.b1b9524dcb314d258e7c711b42380510
2026-02-09T15:35:01Z,KsMe_-,account.a112f80636e649e1bfe2ed132deb64ff
2026-02-09T15:35:01Z,4AM-lubenwei00,account.68d2ef47cc384fc2abcf5d3d52606d81
2026-02-09T15:35:01Z,Youregrest,account.95796351744340a5b1a9909f6e6920aa
2026-02-09T15:35:01Z,dyTVjinge,account.c2899c2fb6f44d20b2902207eb81dd69
2026-02-09T15:35:01Z,Ai-cc0,account.7bf9da4a75b04f00b01150e604bd27c1
2026-02-09T15:35:01Z,LDD_papapa,account.742123d03b9e4c76aa387ad9c6001376
2026-02-09T15:35:01Z,g0xnniee-_-,account.46079647a49e42d5aaae8c3f5c412560
2026-02-09T15:35:01Z,Xwei-_,account.a2be28e903bb4247b3a6abc18f2a4af2
2026-02-09T15:35:01Z,chenjun0000,account.1075031e299f42e5a94d43c6f51f22ea
2026-02-09T15:35:01Z,Romantic-Qin,account.564eaab5a67b448e845293d27f7e47cf
2026-02-09T15:35:01Z,Too1Xiab-_,account.ab440afbd2654e9782abce34f2e0eb1b
2026-02-09T15:35:01Z,AiBB_Lin,account.c5384eaf959545aca23e1e49e115a441
2026-02-09T15:35:01Z,Qiu--Xing,account.496772d55ef240a59c3c604828c0d447
2026-02-09T15:35:01Z,SIX-kele,account.dbcb1bf4873944dca201eb8db2d684cf
2026-02-09T15:35:01Z,BANG-Y-,account.a642ca460444429a9d118c181d97ac18
2026-02-09T15:35:01Z,IQingQ1ng,account.9d75947669c941428527bb6180536de9
2026-02-09T15:35:01Z,Mickey_150,account.0cb3e1d0fb614feabc34e18683aa85a7
2026-02-09T15:35:01Z,ccp-Communist,account.e1be11e4a4bc477db6d9b2636e13d4fa
2026-02-09T15:35:01Z,Vt-Ace,account.b5a02fa069ed4a4fb20a29c37a938b03
2026-02-09T15:35:01Z,Tatu_-,account.56eae0cdee334c96b26f856f69e80876
2026-02-09T15:35:01Z,kota04,account.d22f7dd5922646c281aed38812336e3b
2026-02-09T15:35:01Z,sexkingbyoungha,account.fd74d4a28ace41f8a3555b637524faed
2026-02-09T15:35:01Z,EPINIETO,account.8bacef4bcb6e4d92bc1d2cc4d03cb482
2026-02-09T15:35:01Z,SuiQuQ,account.8113258052404993a7bc2bcc48d523d0
2026-02-09T15:35:01Z,big_brother_min,account.ba1e959f05eb47f7a2d4c46b3eabb297
2026-02-09T15:35:01Z,LeclercKR,account.a7a30b3c0521427e98f246af8dcc566e
2026-02-09T15:35:01Z,Demons_Mogul,account.5707f01ff91a41d4a86d590ab3e79869
2026-02-09T15:35:01Z,killer_noemotion,account.d210c44ccc3c47d3ad8fc7530483697c
2026-02-09T15:35:01Z,oyyongha,account.54ee02d6a58f443bad67b1a87eea9ec7
2026-02-09T15:35:01Z,JellyMedia,account.ae78cc2f51ea4237aa5ca3c8c5783cf7
2026-02-09T15:35:01Z,J1e_Y,account.0cdec38ce85c4f8bab6243a03194bb4f
2026-02-09T15:35:01Z,shifenzhong2ci,account.808452b96d5d469896b8ef32d35f14f0
2026-02-09T15:35:01Z,C0CO_0,account.efff3b7acf73473c98eef2e037d08d07
2026-02-09T15:35:01Z,REVIVE_Wick,account.707b44982b814c6eae66e62f31422f42
2026-02-09T15:35:01Z,Pan1on9_-,account.e0cb711b3c34486c98e543e76414a266
2026-02-09T15:13:27Z,Cc-UZI-,account.bb5106a6dbc1410d9717c4e344d2eebf
2026-02-09T15:13:27Z,luck---wang,account.9f35e14a8f37479dae4868484bc775e3
2026-02-09T15:13:27Z,Tiger-88888888,account.09b2026fa15346c9b76cc86bab0fcea8
2026-02-09T15:13:27Z,ShadowLeoStrike,account.d164756d0f9841f59a3d39ac486c5dfa
2026-02-09T15:13:27Z,z0_9z,account.3f4f2cd1d44a43b791b0ed93cfda9c30
2026-02-09T15:13:27Z,CNcpr,account.98b5500be375479b9f4b4df3f1035d62
2026-02-09T15:13:27Z,Angst_SS,account.c325182cd8cc46a0a94b84204c778544
2026-02-09T15:13:27Z,be1cc,account.7bd90334339f4bd987cb91dbc87c877d
2026-02-09T15:13:27Z,jiulong-008,account.0215fad193a74a63838eca000e50d490
2026-02-09T15:13:27Z,Time-DongGG,account.9f633f63ab244e5ab3e3328eb0f96936
2026-02-09T15:13:27Z,ninan0529,account.a9e1ee48947c4620b65f421c34d2d2f6
2026-02-09T15:13:27Z,Miss_XiGaGa,account.bd4de8e000bd4e26bf885a98d69b0b20
2026-02-09T15:13:27Z,Je_Taime_JiNg,account.cf4dd25afe4747efa44b5543730990c0
2026-02-09T15:13:27Z,DonotShootFace,account.621a73f35cff487d8010ebcfa267acca
2026-02-09T15:13:27Z,Sraqi-Leader,account.6d41d66ad43748498ae42c919bd10230
2026-02-09T15:13:27Z,Roomtwo_,account.f1efb137af0a4e58a4ec91d8be98ff9f
2026-02-09T15:13:27Z,RUSH-wkyl,account.4bd1aa09da244e6ca97a6aefa2c6e214
2026-02-09T15:13:27Z,Razor_Xiu_-,account.cb0fc70cdad14db38975ded64ff0cf71
2026-02-09T15:13:27Z,Edisonlee7,account.277d274baa474bd5b87bd16745429c97
2026-02-09T15:13:27Z,feijibei5408,account.23ce33e3876d4b9bbf52e69b74a49d7c
2026-02-09T15:13:27Z,GeYou_GuiZ,account.4c978fb4b8b64dd8b0c7e91b0e7ff36b
2026-02-09T15:13:27Z,FengYangXiGongZi,account.df3772a801b84da492bc5c820d636688
2026-02-09T15:13:27Z,FengYangJuJiShou,account.6a76634424574743989ff336adf4b14d
2026-02-09T15:13:27Z,Sraqi-Sniper,account.41528ab17f904c3380b112d03d0cb1a6
2026-02-09T15:13:27Z,Ga_xiaohuo09,account.84dfcac652a24d31aea61ef9d97ffd38
2026-02-09T15:13:27Z,FengYangWoXiGe,account.7640f68b65be403daa3b5d3992e83146
2026-02-09T15:13:27Z,Udo_big,account.a0beb48f6f4c49289d873ea6c22c2e21
2026-02-09T15:13:27Z,J_Wangdada666,account.87119548d63c4a49be1083151c283f57
2026-02-09T15:13:27Z,lO714-_-,account.aa2922224cdb42069648dc36b048825b
2026-02-09T15:13:27Z,ergouzideni,account.e5f9525284294c6c9664090621f5bdae
2026-02-09T15:13:27Z,W1316520,account.aaa8eba9354c4d90acfb60903961af8c
2026-02-09T15:13:27Z,LIANYECH,account.0dd795a30a394ea1babaca91b39de866
2026-02-09T15:13:27Z,9837ii,account.516bcef75be142bc80787fde2a3519d3
2026-02-09T15:13:27Z,TH-WLWLWL,account.7a857ca580a446c2b197df2d09f859b7
2026-02-09T15:13:27Z,Crazy_K-M,account.e7d6863fdb8a4739bad4f3b4d22df8e1
2026-02-09T15:13:27Z,huanyanzuosi,account.d55c958c48ba434b939d4e81cf30baac
2026-02-09T15:13:27Z,Iamfish12,account.6ccee8e08bbe42a69c9a01fa47b84e49
2026-02-09T15:13:27Z,ooO0ill,account.0493a6f23bc1492982a9ae0b51e58840
2026-02-09T15:13:27Z,YloveG,account.84f6aa2966124bbd9c064a0a748da26f
2026-02-09T15:13:27Z,PYY0708-YONG,account.7d9f8df303e74ebf9c7aeaa46ce5caf6
2026-02-09T15:13:27Z,laoboli003,account.923f1eb3e6484f6e8efc14725efb3283
2026-02-09T15:13:27Z,Nicole-DDZ,account.6b700f31a0414f9d81f5a9e16a3aefa0
2026-02-09T15:13:27Z,wo-de-JB-24-cm,account.fd9e554b6e5c4e968a1cc20ecbf5bdf7
2026-02-09T15:13:27Z,sinsa-KR,account.87e191320c354de883f978b878184ed9
2026-02-09T15:13:27Z,NaKaMuRaMuSaSi,account.d8b84f5bb6ff4f72affc9dd817a57031
2026-02-09T15:13:27Z,djirqgw7vrg,account.9ab724bc8c834fdf8fafee4b199b05a4
2026-02-09T15:13:27Z,InF1ght1ng_-,account.aba7380b99f840b5bcdf011e62f3e2f7
2026-02-09T15:13:27Z,Likio_9,account.d3a1c13db30e423caf253a978caf577b
2026-02-09T15:13:27Z,lost412,account.acbbb4a5af03444c9a501852453fbe8c
2026-02-09T15:13:27Z,Deity-Nan,account.bb9336848d914377ba5db5000a0aa8ef
2026-02-09T15:13:27Z,Ronin-ShaLa,account.9e7a020ba9ba4a10b6f2d02b6f0539ad
2026-02-09T15:13:27Z,Jc-ShiCheng,account.cfa344469516474ca981d872998ba21f
2026-02-09T15:13:27Z,NZaiXIang--peach,account.e5caa7eedd0a4581a4a222911fb4a239
2026-02-09T15:13:27Z,dlw0audrnthr,account.c7ce3240bc154f17826fe3642bb01029
2026-02-09T15:13:27Z,JunghoKR,account.5a3afdc030274c1688575766a1c46e70
2026-02-09T15:13:27Z,WogenShangNi_,account.41e465fac5aa4773a37737c99e6774d5
2026-02-09T15:13:27Z,TaMe_CH-XJBD,account.3ac7d3623a8e4f8187cec10f09361b81
2026-02-09T14:40:38Z,ChinkenDinner_V,account.b9118ab411064ceb84f071094f7ba242
2026-02-09T14:40:38Z,SH_Abel,account.82c9d5d3121240148be4371cc89b164b
2026-02-09T14:40:38Z,KNg-Syin,account.55942c46f78f4a2abb1f32b01a4aa052
2026-02-09T14:40:38Z,NanZhuJue0159,account.0966548f81c740c783dc83b266942e16
2026-02-09T14:40:38Z,CQ-KG,account.d9423796f5444606a08b1a16f2668975
2026-02-09T14:40:38Z,H1ckeyXX,account.41018c45a656410b872f6ff8c4c71e1f
2026-02-09T14:40:38Z,buhandang111,account.554659096a2b44ba8b2c608e4ba0c3ea
2026-02-09T14:40:38Z,Gyy-Jason,account.7ac20586aac64491842f459e6e538c24
2026-02-09T14:40:38Z,bidet44fr,account.d545d532f8ca489b9ee827bc2cc11b5d
2026-02-09T14:40:38Z,Badiaodiao,account.cabc18d09de14935af7b71c8b36a517e
2026-02-09T14:40:38Z,I-VANFREEMAN,account.5835a315ec9042b18b43c965c30d7133
2026-02-09T14:40:38Z,Cookielfy,account.2bcce2d8cb0a4448819bc6b84ce0fea7
2026-02-09T14:40:38Z,accompany_cw,account.0983921e3ed243478b46fa2ef5bc6f34
2026-02-09T14:40:38Z,GaoYiQing-,account.524712b8e5c0444e91b80d790b6d34fe
2026-02-09T14:40:38Z,XuWanZiBao,account.f3421a99d0694f148c0366d8b3c985a2
2026-02-09T14:40:38Z,YSL-Leaves,account.c30ef9c1d4aa49f58f58bac49b1d9401
2026-02-09T14:40:38Z,YSL-Yangu,account.cc21978c55c14048bf574d500e4ecb8c
2026-02-09T14:40:38Z,Smash-GO,account.ac84c02c36534dc5bcf58115f441772c
2026-02-09T14:40:38Z,Nan_nan-A,account.0c8a2317d36e4fc384e2245fd5724b7b
2026-02-09T14:40:38Z,back-YYB,account.eeb595d4518249f88d259fd58500d55b
2026-02-09T14:40:38Z,ledbnjfk,account.fecf01728e4b437fa551a06429d816f0
2026-02-09T14:40:38Z,Old--LV,account.81ba9fe53eab40328e423c6d7d7f1b36
2026-02-09T14:40:38Z,woshiRENDaGui,account.873ed960a7784998bc7134c5a1ad05a6
2026-02-09T14:40:38Z,jiamanli,account.aff0d83906644182ad7684b508fb70bf
2026-02-09T14:40:38Z,DouyuTV-567809-L,account.f9410106d5264828982f585f7221d297
2026-02-09T14:40:38Z,LiangGe-haoshuai,account.9e3694f86e4346c4b68d1bb096341413
2026-02-09T14:40:38Z,xizang__jiangjie,account.f51e68a98ec24540adcc4e7706281c71
2026-02-09T14:40:38Z,WowoLei-Ge-dou,account.99c5177c82014059a8b40076d5054ac2
2026-02-09T14:40:38Z,c558899,account.2b32a086cefe4a9788149cb212f8018e
2026-02-09T14:40:38Z,SuperStar--DADA,account.28affb03bc9a4659a72f06530c5365f9
2026-02-09T14:40:38Z,mcy318,account.bed2cb9ab1fb40f4939b0c4c106de3fe
2026-02-09T14:40:38Z,Sweet_zhizhi,account.1a72dd4bcd2b4969bb9446e90dce0731
2026-02-09T14:40:38Z,WDLbaby_-,account.fa8a1cbd2b484c00b93d0f75b7f970d8
2026-02-09T14:40:38Z,CY-chuanye,account.e4ab80a7649d49c19e0691e323984074
2026-02-09T14:40:38Z,FIVE-GoLD6,account.9b28419ce8c442b3b3b35dd60ddc30c6
2026-02-09T14:40:38Z,Vv_XUAN,account.a65da87dd5fb4a249e44105d38217d9f
2026-02-09T14:40:38Z,DAN-DAN-XDD,account.7e89966ba0644b90af32ab883f2228de
2026-02-09T14:40:38Z,NNNNNNNNN111111,account.dd5261887bd241189c17daca79eee7b7
2026-02-09T14:40:38Z,shuidaohaoritama,account.b8a17b9f1c0a4370a7a1bbdce40cde3a
2026-02-09T14:40:38Z,Aomr_Layne,account.4cb34784c7ca42ed8c7b41526137c201
2026-02-09T14:40:38Z,SY-Moxiaosu,account.69b3b0c643684b20a2af0baa72c6e7f6
2026-02-09T14:40:38Z,BiuBiuooo,account.72820d17e62a422db6a4018ecab1a7da
2026-02-09T14:40:38Z,qwewertf,account.d029aab2fb6e44d795724bdde4510440
2026-02-09T14:40:38Z,abc_ashun,account.71cbb5baaf7d45a684ff2fac477214cb
2026-02-09T14:40:38Z,KGC91,account.a60e3531d5c0497c98161b86637213ec
2026-02-09T14:40:38Z,YF-QinMing,account.2310e1d89bd64b42ac5370e5ecd119cd
2026-02-09T14:40:38Z,LimYoon_,account.7146107d2bdc48a9b95e5fe7c9b85c0f
2026-02-09T14:40:38Z,JS-TuFei,account.b467341ad6e74f6dadb065792de55032
2026-02-09T14:40:38Z,a4modrv,account.5cbfe552b6964f3395ff0bb481d7235a
2026-02-09T14:40:38Z,sm4llpot4to,account.b364f80f695f4a2999b5020bd7a27c77
2026-02-09T14:40:38Z,MAHAT-1,account.fe18f0c8d5e3479480d8c164586d21fa
2026-02-09T14:40:38Z,028_iii,account.e89308f0f22b4f77a68c462627bee1c5
2026-02-09T14:40:38Z,daxueliover,account.51e41102b81f4e71bd29982c4db934f8
2026-02-09T14:40:38Z,Wocao-caca,account.0a64caeecb154f02aae83cd5111bc98b
2026-02-09T14:40:38Z,Dex-7731,account.dfd04012e53240d3be99fd134b4dc526
2026-02-09T14:40:38Z,baobinbin999,account.194cc1b7381c4109a1b2f4dba99c2633
2026-02-09T14:40:38Z,smallshitboy,account.369afdfb00da4602a9bbd7f832704a63
2026-02-09T14:40:38Z,dianqiumaixiao7,account.12596299503a4d1fa7d062736c270c0e
2026-02-09T14:11:26Z,V_50_Kankan_Lian,account.c82bdd45f8a44d0cbb202ab769295d60
2026-02-09T14:11:26Z,wynins123,account.39a8be0b9b6a499f95b23d7cbeb81c1d
2026-02-09T14:11:26Z,980710,account.8a2ad69e6a2e43258148b5976ba3af6c
2026-02-09T14:11:26Z,TERRYGO,account.a40998643ea441de8cd735fc6e1e59a7
2026-02-09T14:11:26Z,Liu-Nao-Nao-,account.2f388767c34c4cd086853e126f8cd2f9
2026-02-09T14:11:26Z,xiaozeplus_M24,account.c1c9e4c989054225ba50ca66fab5e93d
2026-02-09T14:11:26Z,irregular_V3,account.a5563c57dfdd4a0098b6131b97e820aa
2026-02-09T14:11:26Z,TOkk2,account.351d0771577a43adb890abfb0cc88984
2026-02-09T14:11:26Z,CaiJi_mianmian,account.b3b0500db3d7408eb4c910218b31a1c7
2026-02-09T14:11:26Z,Martin_BoA_,account.af7d2b746ff54b939497d8e63af3ecc2
2026-02-09T14:11:26Z,M16a4_Mutant,account.9807cca3afc54aa3ab1d567c89409c4f
2026-02-09T14:11:26Z,DenizKW,account.8c4b8d94e84e406a985be9793947f715
2026-02-09T14:11:26Z,Korea_Marcel,account.8eca065029ad4507b05b89a21c6adc03
2026-02-09T14:11:26Z,Mamma1mia,account.0620156097124cbda3e8d54393e2cbbf
2026-02-09T14:11:26Z,vy30,account.04610d61652b4bd1a478626176158f04
2026-02-09T14:11:26Z,Jeroooo,account.c4762f21c5ce4be09cf9d150837f0c34
2026-02-09T14:11:26Z,SHDSHD123123,account.f30e1614922e4ba782cf2c974b257997
2026-02-09T14:11:26Z,MAX_LJ,account.8c0658c2b423494f906a9968bd8ceb7e
2026-02-09T14:11:26Z,J-J-L-1-1-0,account.4e8a8bf3445e49afbe1ebc6995a4c37f
2026-02-09T14:11:26Z,yanlongwei96,account.56a674f992ab4ae584f7044574160dbb
2026-02-09T14:11:26Z,On1y-MrGe,account.8ebef0ec56c047b890235f30b5696052
2026-02-09T14:11:26Z,liwlsa,account.3e23268901e24e95a57bbde39faa1ece
2026-02-09T14:11:26Z,BT_PXL_,account.3895cfa00e65462bbe97ba1d060be7e5
2026-02-09T14:11:26Z,CanGeyao1818,account.7d86403fbb5146cea2811926e5230773
2026-02-09T14:11:26Z,FUCKelephant,account.56ae10a999c445b2b525ef0a532565db
2026-02-09T14:11:26Z,A98_quan,account.e3b8eb2013ad4071964f8e8741bc46ec
2026-02-09T14:11:26Z,HE_JEO,account.1a56edf52f6c4ea194e266720f44485b
2026-02-09T14:11:26Z,PAPA__JIAQI,account.703f498c00eb41fb9d66c5ad7288d369
2026-02-09T14:11:26Z,cedar_ebony,account.06398e349a8843e8857f391ea641d14c
2026-02-09T14:11:26Z,fengdiandashi,account.67ae4916ca934628a8f172ce6bd48bba
2026-02-09T14:11:26Z,u1s1_Simon,account.78d1238881e149f7abb3d4fc479b723d
2026-02-09T14:11:26Z,Robotkk55,account.752ff10bb04840a485397f312bf44619
2026-02-09T14:11:26Z,LuckyStarlight,account.225bb7edf6cc418f92684a8ff84c6f53
2026-02-09T14:11:26Z,04KD,account.1a6f4838436f4bd18f2c05eae584c5d3
2026-02-09T14:11:26Z,Specialized_007,account.3f244e4ff4a946b6864468fc336934ff
2026-02-09T14:11:26Z,s_admin,account.9ce2cb804ac941ea8a4c99df65df2c4b
2026-02-09T14:11:26Z,Demonlmp3,account.2fb8f2f915e64a509e4a5fa518ff04f3
2026-02-09T14:11:26Z,L_Y_B___F_D_M,account.fd9e19566dd040deb488d5324452577d
2026-02-09T14:11:26Z,Noahboy_1,account.4bcfe90eef6f455ab796c32c99a177e9
2026-02-09T14:11:26Z,NieCc_,account.b7001d45af4f4339b16527ba690f0d62
2026-02-09T14:11:26Z,ZzZ6616,account.fd52d56e7bfb4b468a5914bf9c88892e
2026-02-09T14:11:26Z,Lunaphixcy,account.d9907382eb694997a3c2c8992849663c
2026-02-09T14:11:26Z,NH_FunnyMan,account.8b2e04c4b3074879a04bc6f1e8f2e6be
2026-02-09T14:11:26Z,MachomanLS,account.eef39f280bd34d64977445131b8845db
2026-02-09T14:11:26Z,BiLi_222839,account.9c1e58ea38864d0abecdaa1fe2fa5ebb
2026-02-09T14:11:26Z,jxm1n00,account.aa9e17ad2d4748e3896d44ccddc7803a
2026-02-09T14:11:26Z,net_3005,account.ee12d421e51642ef85811d9f6c4eb2ac
2026-02-09T14:11:26Z,4AM_WnZzzz,account.2baec0a28b6e4b6b9c22bda9f799a5c7
2026-02-09T14:11:26Z,Wang_Sir214,account.1c18722fe2884f779b5be27de066ad9e
2026-02-09T14:11:26Z,mujin-c,account.b591bbd80d7c46c3aebce3b8f15dd7c2
2026-02-09T14:11:26Z,V_50_Kankan_Nai,account.8a28a2b450f646e3805bd4542085f430
2026-02-09T14:11:26Z,jiuyangV587,account.ff759c77a16a4f1286100751801af4cf
2026-02-09T14:11:26Z,jiangge123666,account.8eb4d24bdbc1451f88bd19559f02b517
2026-02-09T14:11:26Z,chengming6,account.08585516b2844e5e98a6077a559e4743
2026-02-09T14:11:26Z,4AM-xxxxxfeng,account.a046aeabcfca47eb866bd121e3ae8b93
2026-02-09T14:11:26Z,Focusthem,account.9f612e113a5343e88331c20331a06e7b
2026-02-09T14:11:26Z,Ares__ii,account.5fcac03ff42945a2bef4b57ab223183e
2026-02-09T14:11:26Z,truly-c,account.515a7fb83daf47b6a16e969ecc4e9b93
2026-02-09T14:11:26Z,shuaideyiB17,account.db398762470c4c44b14cede29554faac
2026-02-09T14:11:26Z,98k_binghe,account.d821826003e746829ec0081fbe186b8f
2026-02-09T13:46:38Z,LP2224,account.c935e1a5cad6489089eee336b0681dc0
2026-02-09T13:46:38Z,SKY-QJ,account.10c5889cf53c4992bd32fc5b2295d423
2026-02-09T13:46:38Z,Lei_4Wudu,account.76f09f53b70545fb967ee69a8501021b
2026-02-09T13:46:38Z,SetsunaLance,account.572df80bc510427b8631bcad65f6ab64
2026-02-09T13:46:38Z,i__GEM,account.548c6075976f4743a4a7ec44dbccbb68
2026-02-09T13:46:38Z,leitinggaba97,account.c41f53261f5f4a2c9409be1b4fdb31db
2026-02-09T13:46:38Z,hovictory_y,account.ba7e77dc2fb14624a207e5a47a14a460
2026-02-09T13:46:38Z,songzhao,account.296126722f4f453ca0b0b291ec1e02ad
2026-02-09T13:46:38Z,BraveBear_-,account.e0b7e4b33e6e4ff891d782e11834c570
2026-02-09T13:46:38Z,qianjueqian,account.591f51ec03414ecd860009da8235d2de
2026-02-09T13:46:38Z,kk_wennss,account.859bea9312894305bf3f37ff056f4cc6
2026-02-09T13:46:38Z,Lulu-0o0,account.88c72dbb7f9942c9a891a2549fb6b94a
2026-02-09T13:46:38Z,GTR_AGX,account.c149d3e0410743b8a2e16b63432fc93b
2026-02-09T13:46:38Z,Eternity-Pearl,account.1d04dbac9e2142e1ada5f921008203d2
2026-02-09T13:46:38Z,ghdrlfehd1234,account.68ca85ae9d564ff98f4c573721100009
2026-02-09T13:46:38Z,RX-782-1,account.9257329dbc254de18298a9698981980d
2026-02-09T13:46:38Z,ZDFTRERT,account.2f79564c9edf4bc084ec5c86dc0b39bd
2026-02-09T13:46:38Z,Chang_-An-,account.7c4ac83b3c574a95abb8cfe62c9b1f7b
2026-02-09T13:46:38Z,Catslord,account.ee9e289fa0714920946bd3783a8845ce
2026-02-09T13:46:38Z,Yueze_1116,account.c625bd3e9be344a4b75b1b2f012dede1
2026-02-09T13:46:38Z,Sgg_yiyahei,account.bcbb514eb36d44c7a849586b9d7357e1
2026-02-09T13:46:38Z,Sky_losres,account.46f0366edc78485daa5062a9fc9bf631
2026-02-09T13:46:38Z,V-50-KanKan-DN,account.546b87e461234c9fbeee122e75ec9a58
2026-02-09T13:46:38Z,POS_lO_Opy,account.ded870db3d8f47efa97bdbaec856891d
2026-02-09T13:46:38Z,Tthriller0508,account.c19a3e498192468c834911dd28b7e076
2026-02-09T13:46:38Z,Renne-Hayworth,account.a5a436a9b8804243b82ca6b777a96e9a
2026-02-09T13:46:38Z,Sgg_CharlotteVae,account.1160756d9c244cc2a8e681bfe838711c
2026-02-09T13:46:38Z,l8oo-_,account.47d1f0c5ffaa46238cd7ee73d9500ba8
2026-02-09T13:46:38Z,STEVEN2,account.c62e9a9a255e4f80b2e6f625b9976eee
2026-02-09T13:46:38Z,v4__yao,account.ff8ae0afa934499c8a9bde74bfe39fed
2026-02-09T13:46:38Z,t7fq7wpl,account.b0ae13be8ba54575bae316de531037d2
2026-02-09T13:46:38Z,9iou-cc,account.3278be9371bb4a20a752af7dfda12e4b
2026-02-09T13:46:38Z,JianEnYong,account.adfc5c2c7062477f966c46ab605a0d28
2026-02-09T13:46:38Z,Despertar-_-,account.a28120e9e842418496b0df05b9e7bce4
2026-02-09T13:46:38Z,YBG_Louder,account.be6b332e00e24fc3bed7c04c50151023
2026-02-09T13:46:38Z,Mr-Ren-GG,account.14aa2185e98a47dba6c081a7fea0388f
2026-02-09T13:46:38Z,wudidecaij,account.6b74feed87c4450d93738ec34abdac9c
2026-02-09T13:46:38Z,Cq_laoA-,account.b1e744459a02410a9b1ff7af2bdafe24
2026-02-09T13:46:38Z,JIEZOU520,account.91cecf87eb7f4a759fd099e81105a686
2026-02-09T13:46:38Z,4am-anshun-ssv,account.79fa2ce95acf4e5f999b23ffbe9f64aa
2026-02-09T13:46:38Z,LuLu-o0o,account.ab2d25fb4d0348f5a0165de68f5ede32
2026-02-09T13:46:38Z,ximingshi56,account.c398f471743f4c60b5f2a2cbcda7a69e
2026-02-09T13:46:38Z,Zha__Kai__Ka,account.3554036c779d4fa4849dbcfbe841fb76
2026-02-09T13:46:38Z,17_FAFAWW,account.a122aea78c7d45fb9dedd87531fdbc9c
2026-02-09T13:46:38Z,O1Dman1995,account.c1bdec79371b447ea56e69e74c6415d3
2026-02-09T13:46:38Z,AmomDcc,account.d9185f1ed3814c3da26035e1e8701522
2026-02-09T13:46:38Z,BAO__GB,account.4de2ddf000694317a496222666f3d99c
2026-02-09T13:46:38Z,FlyMeHome,account.7c42501f48124871b5729ed1a71a7939
2026-02-09T13:46:38Z,V50_DaY1Pao-_,account.5a1eb72ab80b41c498fc19e13d319575
2026-02-09T13:46:38Z,CO-DI,account.5bd916271e8d46459a0d45544e0b7c7d
2026-02-09T13:46:38Z,iboon_G29,account.88cdec1867814681b496a5604a854044
2026-02-09T13:46:38Z,YBG_BAB1,account.3f5cebe361cf454aa8af95600578742a
2026-02-09T13:46:38Z,Essential_Cal,account.5a0fe994599f4520af097a59c8275b61
2026-02-09T13:46:38Z,zongzifuckMM,account.b577702069584120a9b57291f766d0c7
2026-02-09T13:46:38Z,V-WhiteRose,account.42cc176a7fcc4ec581cce5cb9853383a
2026-02-09T13:46:38Z,CooTang,account.baf4c3337e1b458fa761b8353da898b2
2026-02-09T13:46:38Z,4Amstart-Later,account.5f73fef7370e4d8abc78c8982865b3cc
2026-02-09T13:46:38Z,NishuoerHuo,account.4a5617e7631b419eac7b09c12b2f2e6b
2026-02-09T13:46:38Z,KrisWu-16age,account.3c0cee7afbe24d8d9950d3fc41206c9e
2026-02-09T13:46:38Z,HYUNJN,account.c9eddeb832224b3b82edcff87a26f8db
2026-02-09T13:25:26Z,i-zuo_tzh,account.8438ab7cc4fe41e39e082780c88f22de
2026-02-09T13:25:26Z,BambooOfFores,account.09a49dd62e6044428f51082058bde2c0
2026-02-09T13:25:26Z,Soft_addiction,account.d6dd749904dd43498ec8ee4852c59bf3
2026-02-09T13:25:26Z,ACE32-0997,account.630e54253e684c058c8d89b4b7345be0
2026-02-09T13:25:26Z,CCAV-Lang,account.3fb59ca878974970ac6acaba57bf160f
2026-02-09T13:25:26Z,Niaon1ZuiLi,account.7b3027fa2cd348cf9e3c8c0a8bb63add
2026-02-09T13:25:26Z,BurningWings-CMJ,account.f5306b43d2914383bd102d816b701c01
2026-02-09T13:25:26Z,YzCm-Xr,account.bcdfd29ae2aa4b01a79180dfc83b470f
2026-02-09T13:25:26Z,DanGeGe_-,account.bc51f28a8af74a4ea573ed83fd72fcba
2026-02-09T13:25:26Z,GuAlleria,account.70f66c8b94d5433bb39bab56b1f90020
2026-02-09T13:25:26Z,tengtengbiu,account.a919baab667242c790771cf31c489ad6
2026-02-09T13:25:26Z,RoseAnnePark_-11,account.1129b9d409e640c8884dc2346467fb6b
2026-02-09T13:25:26Z,CJ_BUTONG,account.f584f1550f5c48ecb18801a118d3b51f
2026-02-09T13:25:26Z,V50-LOOK-LOOK-JJ,account.d3b71be9c4fb4bcaadbd6ef75c149039
2026-02-09T13:25:26Z,hn453f23c,account.f5caa24421084ba6b0bab154ea982d99
2026-02-09T13:25:26Z,HL0424,account.c55186a3bfe442959ace52e16f5386c6
2026-02-09T13:25:26Z,dbrn,account.64693ae8665e4f0ab2531a37f5b2834d
2026-02-09T13:25:26Z,SuYuYe-123,account.cf7c4631129b4a9b87a2a038c3409b85
2026-02-09T13:25:26Z,shituizia,account.b9fa650e2fad448faff189abc1b1ea63
2026-02-09T13:25:26Z,LtemeseeB1,account.bd267e6187b944008c77801732d44fcd
2026-02-09T13:25:26Z,qingfeng821,account.9b7bafe126ba4a69b633a24c8fbd96f0
2026-02-09T13:25:26Z,9I9o-_,account.fd5ab2394eb74f99a8f631c7e917c715
2026-02-09T13:25:26Z,sudalbong,account.85555b95ab3642c1b2360e890e3f584f
2026-02-09T13:25:26Z,LinGe-1532,account.a75d0ba952ee4e86be8a29401207968d
2026-02-09T13:25:26Z,JieFu-biebiebie,account.0658c7172ccf427986fd063fc57b5e67
2026-02-09T13:25:26Z,zihao112,account.64ec2d6b3c694841a829363cffe88674
2026-02-09T13:25:26Z,Wooooo72,account.e9b0292a09314043a41702ae2b6ff5ab
2026-02-09T13:25:26Z,xiaokedou1995,account.dd97edf77b9e4b8090ebdc98fb6fe6a3
2026-02-09T13:25:26Z,pxopxo,account.ca84262c118f41d1aac9a262f80ba733
2026-02-09T13:25:26Z,VivreSeul,account.a4a19ffec614430985937d1664d26b24
2026-02-09T13:25:26Z,HR-54188,account.92f06888a9c84bbab0b00d92adc85d16
2026-02-09T13:25:26Z,eatshitNi,account.9b43cf0d4c124e36bc7bf905b8a40b58
2026-02-09T13:25:26Z,Mars_zhc,account.25247a87abee42ec927a420a5024273e
2026-02-09T13:25:26Z,taozhi_yaoyao,account.6a71409476934ffeaf4e602a18211f7f
2026-02-09T13:25:26Z,7isu-,account.f7a147972d7f4522a4287dd772d6e7de
2026-02-09T13:25:26Z,Hoooohh,account.e91fe99f6ccc4be38fd5e8f9110901cd
2026-02-09T13:25:26Z,BuFuLai-Gan-,account.41111ec1969a4b9097fe0cd93615dd5c
2026-02-09T13:25:26Z,SDS_Greed,account.9950b397ac6249ff80b0c7adee698e8b
2026-02-09T13:25:26Z,shengsixian,account.b158ee9aea144707a2299631751e30d8
2026-02-09T13:25:26Z,JimmyConnors,account.d73354d63ad54c9abed066460b2a1510
2026-02-09T13:25:26Z,CCAV-Saop,account.4cda522271124746a16da2809247a7c6
2026-02-09T13:25:26Z,tae_min2,account.31f81f37f431411b838256e69a51ced8
2026-02-09T13:25:26Z,BuFuLai-Zhan-,account.7a11de92f75943f0b613288e32ec3477
2026-02-09T13:25:26Z,LiaoPiao_-_666,account.b7060ba5a9a64fe08bf0144fe4e0e216
2026-02-09T13:25:26Z,NuoYan_1,account.9756f7a3b558444f868fb560894b33bb
2026-02-09T13:25:26Z,houwanglanxue,account.44ada42474724acd9a5a56d52209d3f5
2026-02-09T13:25:26Z,Jade87,account.8ba2f2b35b4048b7a928ac6dc83f4510
2026-02-09T13:25:26Z,66ADADSD,account.386009cbf16b45bf877eca80dd140bf4
2026-02-09T13:25:26Z,Khan-ST,account.116aa74951734cbbb2e2a24cab0b5c58
2026-02-09T13:25:26Z,Tary006,account.1ef9d84f5f014b8f902c8aa38dcc43f8
2026-02-09T13:25:26Z,Zxpotti,account.1350717a18034377af17bb6de81bd214
2026-02-09T13:25:26Z,YzCm-MengQin,account.4846e4e77ed342638d99776f1e64b48c
2026-02-09T13:25:26Z,lusencao,account.63d4b63ff57a46359ff1e4d707f07fa8
2026-02-09T13:25:26Z,ZXM-DM-X,account.06bbba9faedb44acaab019ab697d6a64
2026-02-09T13:25:26Z,Larmo,account.fafb4c774e9f4f4494a466cf2034554d
2026-02-09T13:25:26Z,San7ii_,account.9c7ae97942e84a53a1bfcb1b0a5a6b8b
2026-02-09T13:15:53Z,xiyze582,account.c7337a3d3d2747cdae8f02670648218c
2026-02-09T13:15:53Z,Mary_SoSo,account.b50876e459d14e99be1179b566bedf63
2026-02-09T13:15:53Z,DYW----LovelyDW,account.94a1f227d01e472a80b6b8b0a51eb3b2
2026-02-09T13:15:53Z,Td_O314,account.8ee2c223e6454303ad75b03e55327994
2026-02-09T13:15:53Z,li234211,account.a1819cd276da4bffa38859d787199ece
2026-02-09T13:15:53Z,BattleCry_maomao,account.67528286b15d49fba2440ebfbfe34e36
2026-02-09T13:15:53Z,DYW--XIAOMING,account.26663c06c143465db15d033941f73590
2026-02-09T13:15:53Z,blue-heartmiss12,account.8553674ef1b64b0e9326f3f4635a3bc0
2026-02-09T13:15:53Z,11zsta,account.5c2f2f1b339b4ed68452d6fd80c9bfd5
2026-02-09T13:15:53Z,Xoxo23331,account.3ae3878372d841a3a89d3cb44474262b
2026-02-09T13:15:53Z,xuanyuking,account.da3f4192b67d419c8936f4efdcb5bddf
2026-02-09T13:15:53Z,TDZ7023,account.aaa283ed56e9419fbb85defd61ebe9ad
2026-02-09T13:15:53Z,bubble8888888888,account.c0494101e29c4401bce90295947650b5
2026-02-09T13:15:53Z,Ravenous_durex,account.eed16bf64fbb454b80502302102faae9
2026-02-09T13:15:53Z,Soulcommanderman,account.325804fef3584693bfc9ab6f00602dda
2026-02-09T13:15:53Z,RTX_5090Ti_Super,account.5c68b7d5aaad45ac9205c31ae1a387b2
2026-02-09T13:15:53Z,Taylor888,account.6355ea324a674757894b5be1115b7dab
2026-02-09T13:15:53Z,Plumber_Liu,account.c0cc1817ec1c4d929b4e6f969f544233
2026-02-09T13:15:53Z,Wz_Tx,account.20d1cb79c0c84e7485b69fb7e13169a9
2026-02-09T13:15:53Z,PLATOON_COMMANDE,account.ea9abc41895b40d58de3890e7c4628d3
2026-02-09T13:15:53Z,KSTV-chenhaonan,account.80163ca191a14cc5b0daca03a59c6624
2026-02-09T13:15:53Z,PARTENR_Tsl,account.bdbce48eed3e4ce38955743a50482cfe
2026-02-09T13:15:53Z,longxiang521,account.74e57c4e24e54105802657f773e26eb6
2026-02-09T13:15:53Z,OJBKaTTi,account.e2d9fcf1a2334743af993db0d175aaa4
2026-02-09T13:15:53Z,Eternity23333,account.b039437c616b456e8bccf9f77672552c
2026-02-09T13:15:53Z,X_DaoGe_,account.13943053e71a4a23b928e14154bca784
2026-02-09T13:15:53Z,jiushiBF,account.5ed6191cf17042e387cb836a478fe593
2026-02-09T13:15:53Z,49Girl_,account.52da58f43b3a4799932645f06b6490d5
2026-02-09T13:15:53Z,SuperXiaoBaoXK,account.6cb8c9ce80b74e548ca199e28705569a
2026-02-09T13:15:53Z,Gdream_GurdeN,account.ed4da4145cb64e6f89d514562055c77d
2026-02-09T13:15:53Z,BiteFightGun,account.77a30a17e2dc4e53a346407add88125b
2026-02-09T13:15:53Z,Scarlet-dawn,account.6f5ebc4d8e1b4398b975265a9fd4c048
2026-02-09T13:15:53Z,STG_GodF,account.daa8c8d6140446c5ad00bc8064ea1b09
2026-02-09T13:15:53Z,M-Fovik-Money,account.7d92ff2b502d49a0a87b1f1b4ac9fe16
2026-02-09T13:15:53Z,a1-ADkdolsp_,account.043ef9e47c1245f4838333eb48347194
2026-02-09T13:15:53Z,NONAME_RD9661,account.ed9d6c020dd44dbca50b91bfadfc8d98
2026-02-09T13:15:53Z,A-XxX-xin,account.8ace998abc1d45b087c04c9ce715f749
2026-02-09T13:15:53Z,PERO_AxiFang,account.9d1d17f66b054680bd010b3a66edc322
2026-02-09T13:15:53Z,HOYIOOOO,account.abbcf0328f7641c9a91cdcb075b899e7
2026-02-09T13:15:53Z,Gdream_LAOZHOU,account.7b4de80b8b0942c5be08b0b3cec79e67
2026-02-09T13:15:53Z,BattIEye_EA7,account.405a0865d374400a81a73847bb6adad4
2026-02-09T13:15:53Z,ShuJiA-ZD,account.03fe3b9a8c3b4c29a452ae1d160a2f9c
2026-02-09T13:15:53Z,PERO_MAGEMEIWENT,account.93f82e175d394711bf24a434733fc51a
2026-02-09T13:15:53Z,Lvsewanjia--w,account.d929ab81db8649168ef6d85d282503ac
2026-02-09T13:15:53Z,TwingeM1ss,account.6a90fa2eb0fb4fa9adcbb55c8f65862c
2026-02-09T13:15:53Z,Ju1y-_666,account.37561e9c9acd4d7fb66d2915f4b4c1d2
2026-02-09T13:15:53Z,Gdream_Lust,account.6b9cf4ee26bf4ff1905a12b9f49abebe
2026-02-09T13:15:53Z,GDTOPPP,account.76a071ad08bd4c2289cb3f6dbeab47e8
2026-02-09T13:15:53Z,A_sir133,account.ee5f7c28bdf64857943a170f413b12e6
2026-02-09T13:15:53Z,Sco_15th,account.3b8f69caf80f492f955583fd66e7b76c
2026-02-09T13:15:53Z,Gdream_M4A6,account.6277f35956664ba3b19b13449e108645
2026-02-09T13:15:53Z,niu_xiaoxiao,account.71d80579d72b45249c86447e61227124
2026-02-09T13:15:53Z,DYW---SCPXS,account.85af5aa324fd4e409e8eae26d1689274
2026-02-09T13:15:53Z,PUBG__Aig,account.ffaa36a9367348229fce8e36a25d5140
2026-02-09T13:15:53Z,XiaoHei-9527_-,account.b49748c145c844668f4e77483e8ec908
2026-02-09T13:15:53Z,1INL,account.46ec6103877a48f39ed32fed32a64dde
2026-02-09T13:15:53Z,nacuitufu,account.c627a1eb34ad4b8fb91bf58a1488480d
2026-02-09T13:15:53Z,LyannaaMormont,account.4c3fcce061d84081980660e5418b5deb
2026-02-09T13:01:39Z,J1nou,account.ab44f7ea220445118951df844d78c39d
2026-02-09T13:01:39Z,SunSh1ne_-9o,account.f4679f74ad254408abfb0ce9c05679c5
2026-02-09T13:01:39Z,Sickpoisal_TVT,account.5bbad5bf3de24a489fead853365a9f26
2026-02-09T13:01:39Z,Nxxgm_Big,account.4f59b85a0979443caf9a28b4c74eacbb
2026-02-09T13:01:39Z,Feigetaishuaile,account.79860dfc8a614123ae42d547af42b46c
2026-02-09T13:01:39Z,Married_ZQ,account.6cb7040aa0e945608ba98f11bbfed211
2026-02-09T13:01:39Z,97ZiYangGoGo,account.cf95993bea034657931299b4c92f4d08
2026-02-09T13:01:39Z,Jiang_jiang_YS,account.8627d0e2584a4d99b57ccb33a6d8537e
2026-02-09T13:01:39Z,Nayoo_,account.6b28f046ecd9481f8652587826a82073
2026-02-09T13:01:39Z,ShuaiGg-_,account.916891e9556b4ea8bbcecd3d60ee7976
2026-02-09T13:01:39Z,xin1776,account.b62a5264186840c0987f30961a39953d
2026-02-09T13:01:39Z,O1-i6,account.c99ce06b015348c5bd4b9ab78012a2c8
2026-02-09T13:01:39Z,GiveOrFeed_-9o,account.6876e59ae9d44aa3819a1175125a4b3b
2026-02-09T13:01:39Z,longxiang-wang,account.ab52b9e1f876458cb88992d43e7da5c6
2026-02-09T13:01:39Z,yqk94012ww,account.b3f09a62fd804922b4c3c041fda86e52
2026-02-09T13:01:39Z,AnHaooooooooo,account.28bf8bb8549a47c18e255945d6070f60
2026-02-09T13:01:39Z,Xlu1_-,account.422d9d0260f944c19e921a478d87e704
2026-02-09T13:01:39Z,YiK--D,account.74f4bc3000244990ab7f7644e1a25b22
2026-02-09T13:01:39Z,Co-KKun,account.8e021c4cb51c4fc8a38a77e5922e78dc
2026-02-09T13:01:39Z,T1-Xirzat,account.1ff3db4cc93a4af482110072576b4496
2026-02-09T13:01:39Z,RXaddoiCtYi,account.ae61e1db2e7d4610acd5d8d33e7c88ee
2026-02-09T13:01:39Z,vip75666,account.de1a00ecf7f4487797f0cd028c41956e
2026-02-09T13:01:39Z,haoh-ovo,account.e35ab29201424e97b758cee6f04635ec
2026-02-09T13:01:39Z,Asuka-Rangure,account.65eec9e01ac64ebe93d5e4d8c59ea49c
2026-02-09T13:01:39Z,LaoXu-11,account.ebe0c30378374d6c80b7cf7641f7ffd9
2026-02-09T13:01:39Z,Angelbabyboss,account.0995ccd7d3f4439cacd269a3f121dc9b
2026-02-09T13:01:39Z,jiangshi778899,account.a185a19dc5024657b92e1eff02c1e921
2026-02-09T13:01:39Z,TrisetChen,account.164b79530d244ef884a838cf6c95e15e
2026-02-09T13:01:39Z,8botu,account.4a5d03a730334818870a576319f85d06
2026-02-09T13:01:39Z,nzz520,account.f17e609297084b42a71a9bdda790cbb2
2026-02-09T13:01:39Z,SB-----------250,account.f4d06683fb7c4d1ea3e5283e6422e40e
2026-02-09T13:01:39Z,C16_hang,account.66c84f18854347a2a007ccf2ae31b1a5
2026-02-09T13:01:39Z,DVILE1,account.5b62cdfb42c644b7b0cc335c4a864da0
2026-02-09T13:01:39Z,YiJieBuYi_Zzz,account.46ed3fbe1886439c84c570185b31601d
2026-02-09T13:01:39Z,YP-1023,account.900a75b7ef6d4f8084929385882cecdd
2026-02-09T13:01:39Z,Ddiaoqiusheng,account.de6ea73162bf41c4962196a2490a1ba9
2026-02-09T13:01:39Z,EdithMRobeson,account.8444c96fcd79495e983baedc260ae75d
2026-02-09T13:01:39Z,Shiny_Ergou,account.86154f5300e24bddb2fbcc461f40b5fd
2026-02-09T13:01:39Z,haoggzu1080,account.277f752ffcc546728c37813ec598d828
2026-02-09T13:01:39Z,cnyy01,account.2c270e6416f44c88850569531dac76a4
2026-02-09T13:01:39Z,zhou-yu-andebaba,account.86a0254f2cb04d2e84e12d46ba2cbdce
2026-02-09T13:01:39Z,SayHe11o_-9o,account.59dc6887ebaf47d8a28bfc9b6faaa5bd
2026-02-09T13:01:39Z,WangHaoDeBaBa,account.fe7116f3659a4afdad68ce7c774e8160
2026-02-09T13:01:39Z,NIngNIngNIng_-,account.c74b0f01957a42ea9129b0681f8b9337
2026-02-09T13:01:39Z,CRW1999,account.7a096d96b1c4480eb12c696247ec4230
2026-02-09T13:01:39Z,TZ_xs666,account.e8f2a319102043dd82659d8ba09b3f29
2026-02-09T13:01:39Z,S_oul1,account.8c0c039d435a42c590ff84b88547077e
2026-02-09T13:01:39Z,Killer-_-0660,account.705bdf6666e44efd8d769884a5f5e566
2026-02-09T13:01:39Z,XLiuNian18_,account.bee6272c3a504895843f3d47e6830832
2026-02-09T13:01:39Z,Mujita_,account.7217147dded4413c852613bdd2499d59
2026-02-09T13:01:39Z,InvuineraBulity,account.cb4c3d5ce4ef47e6a8077fc7f99e11a0
2026-02-09T13:01:39Z,xiao_Yue07,account.75de3208ec204899993b5a1a81e5bc3d
2026-02-09T13:01:39Z,i-0507,account.8159244402424fb8afa0eada0a80227b
2026-02-09T13:01:39Z,ColdShot___,account.6e4675098656438da910a3be97438351
2026-02-09T13:01:39Z,Fury-M16A4,account.833c8b94b16843bb8abaf4f695d6e21d
2026-02-09T13:01:39Z,WENZH1QAQ,account.249883d76a1c409192d2b802d2c55b2a
2026-02-09T13:01:39Z,AllenZ-Z,account.9d22503616da45d080dac1e8a17ec048
2026-02-09T13:01:39Z,DaMengNan_Mx,account.411b0fab0c394c70b4c1ed33f15e94b8
2026-02-09T13:01:39Z,Mr_AnQuan777,account.e450a9fc4cb847d7a170955614b0e89a
2026-02-09T13:01:39Z,Xx7777-_,account.7e408007baa14eb19522ff7b2def2ff4
2026-02-09T12:56:22Z,RD_WEiQi,account.24b112a310ba4004bcf4655212e7deef
2026-02-09T12:56:22Z,PLA_NBsong,account.12498af3b160477c93948b989d7a2f02
2026-02-09T12:56:22Z,Jin-z486,account.9b5763079628422c81daf1af61750090
2026-02-09T12:56:22Z,SLongo_o,account.87f1bf578d6247eb985880b1be93430e
2026-02-09T12:56:22Z,BATLEGR0UN0,account.ca5e5cc7252444eeadcb2bfca2b249b7
2026-02-09T12:56:22Z,China---Young,account.2295ba81421d4775ae23b290fe089b3c
2026-02-09T12:56:22Z,Nicholas_Mw,account.e4220895f0a64bf990898cd11877728b
2026-02-09T12:56:22Z,Wzzzzzz22,account.e59f2487fe204e46bed0df655e802772
2026-02-09T12:56:22Z,Dismana,account.0bbbb24d5a324c70ad3f0c13a43ea265
2026-02-09T12:56:22Z,god_cute,account.9cb854da7cb747bdbb752d93c2ec28ec
2026-02-09T12:56:22Z,Lsland-Pg,account.97b5641657bb447e91179b89656dbad6
2026-02-09T12:56:22Z,China---zhenheng,account.faa92afe87fb4f83b376ac16c4381957
2026-02-09T12:56:22Z,YIYOUDASHUAIGE,account.192fad9c669c4f92b1f942b08ec2776a
2026-02-09T12:56:22Z,5499-_-,account.ae1d1262f890401298eca250b37c7991
2026-02-09T12:56:22Z,YouJizz-0,account.e44ec0c331db4e168f566276e33c24e7
2026-02-09T12:56:22Z,Cainiao-Ah-L,account.728669a7118449bc8a7190c4211f2abb
2026-02-09T12:56:22Z,zsss5233,account.3c92eafc5dfc47819f30443606eb38c2
2026-02-09T12:56:22Z,PLA_NBmen,account.d3dcc939063041bc8c3bea7010925248
2026-02-09T12:56:22Z,xiao92316,account.aee7419cc9bf49129d6dbc32086f8135
2026-02-09T12:56:22Z,TT26-,account.f550a11c9feb4cff9a5274960d0b7ca9
2026-02-09T12:56:22Z,HELONG9547,account.0288c1c00ffb40e3b818d0854921f1b5
2026-02-09T12:56:22Z,Nano-67,account.075b4e00ffac4ba7adca898f70478c53
2026-02-09T12:56:22Z,IFXIX,account.88716221f3bc4ec4b5c58c8c7039e873
2026-02-09T12:56:22Z,China---BSQ,account.5a65f191f335459b8415287b0f5cccec
2026-02-09T12:56:22Z,RD_HuLi,account.0c2c0cbdf7cf405fbdbf885d3040ad31
2026-02-09T12:56:22Z,zhuyaozhangwen,account.36842b3b583d4474997abd744b98473e
2026-02-09T12:56:22Z,Mr-Lee-king,account.059c5226b29d4f048b1ea83fe68c1cb9
2026-02-09T12:56:22Z,kakao-PE,account.08ff5583dacd44a8b5ecbf09abb374f0
2026-02-09T12:56:22Z,Nicholas_Ww,account.4875c4089f47439a846df7b0d52df0dd
2026-02-09T12:56:22Z,XueBuHu1_Ln,account.5f59fbf331f84341806a9776541fe845
2026-02-09T12:56:22Z,MElancholy-Alley,account.ad364f293b724b9dbd1caa3ed38ca80d
2026-02-09T12:56:22Z,LEE_DJ96,account.8e0bd58b79d340a2bfa39926195bda39
2026-02-09T12:56:22Z,god_non,account.5d63d92f7ae64bc484e1d010b51ced13
2026-02-09T12:56:22Z,Redemption_Flat,account.4fa2456ca6be4de9bee47dd773e04378
2026-02-09T12:56:22Z,W0NDER-0F-Y0U,account.a2eb8d679ac249baab661c8c1c44f9b9
2026-02-09T12:56:22Z,zby_NR180,account.ebe4eb907fcc41c8bda03802de46e8ff
2026-02-09T12:56:22Z,E-T-1994,account.f414cb88a1eb4faf8417d015abf7a377
2026-02-09T12:56:22Z,E-T-1982,account.c30d621de8b849b08bf18084e782b5b7
2026-02-09T12:56:22Z,wsssss0,account.4299c1a0c9c64f39a1de16a1e783d99f
2026-02-09T12:56:22Z,China---BT007,account.2ab9b2ef70494a178dd4353a9187ae1e
2026-02-09T12:56:22Z,Pepsi_Cola_Jia,account.6fe5710ab805436bb5be7dceff3a1511
2026-02-09T12:56:22Z,943-26,account.cd9db48927f540b3960fd5a6848b0222
2026-02-09T12:56:22Z,Golbangss,account.c8d73bab24994720ad4dc965cc88500e
2026-02-09T12:56:22Z,yunfeng-321,account.a82e9ac523e04a439adf76d960ca79c8
2026-02-09T12:56:22Z,RLLCHML,account.76fa749d45144ba385d99b20e7f89cda
2026-02-09T12:56:22Z,YHBB-01,account.8062377218674899a9f0d5a82abef30e
2026-02-09T12:56:22Z,5427-0-,account.4731e38b89a64128b5c8b86911599d0b
2026-02-09T12:56:22Z,Beryl-Forever,account.857aab61116a4454964eb88bfe3411c5
2026-02-09T12:56:22Z,WG__cy,account.cb7106706e774bd4a14baf6aa11238cb
2026-02-09T12:56:22Z,At99_,account.e543fa8727b1431ca9369cae6a02ded5
2026-02-09T12:56:22Z,5417-_-,account.f0e82d33feda4a27ac5d01d857db317b
2026-02-09T12:56:22Z,Para_mela,account.de7f523857e44eaea9eba838fe70acb6
2026-02-09T12:56:22Z,HENCANYIDIXUE,account.006e0263c97b4efd8030d8b7fd3605fb
2026-02-09T12:56:22Z,shmilyyjj,account.59960727e9c94889ba313eb41a97549f
2026-02-09T12:56:22Z,GVG_9527,account.691ab133eaf441eebd7d274c50c12e15
2026-02-09T12:56:22Z,Brer2xi,account.7c53ce1b9ae2485ba42f9a37b2067d6f
2026-02-09T12:56:22Z,AuTuMn-Sultanl,account.b256a04a390744e28edd733c33e1ffbc
2026-02-09T12:56:22Z,HaiTang08,account.c1081997320e4079ac666c9b01848881
2026-02-09T12:56:22Z,1uav,account.dd9151984104421190f5ec66fe0fcac9
2026-02-09T12:44:27Z,Ring-jin,account.de7c466e15b24a2081c02453733c6043
2026-02-09T12:44:27Z,mmyy00,account.34fe9c16b9264dc7ab753bf2f52ed12a
2026-02-09T12:44:27Z,9420_momo_-,account.a9eef21d68674ceaac77403a6856f196
2026-02-09T12:44:27Z,GGodisagirl,account.10f88987a35947ac83408f9f7a153c1a
2026-02-09T12:44:27Z,China---DQ,account.ab1bc719f623434d94860c208f20d681
2026-02-09T12:44:27Z,jian_0905_95,account.4f3df8e1861b4dc2af514c755bc24024
2026-02-09T12:44:27Z,1983-y,account.d9b339e2709e4cd492d062b99a6dcb25
2026-02-09T12:44:27Z,sahala-M,account.57a72ec9709e4c339f3378bbc7d1397f
2026-02-09T12:44:27Z,MINGJI1931-9-18,account.693feaf5062246c3af8359913931f5b2
2026-02-09T12:44:27Z,Strongest_Breakt,account.7875a488e29b4230b1405ced0b14e3dc
2026-02-09T12:44:27Z,Sunlight_GOD,account.a69015e1b81444ef86f51adcb19cd710
2026-02-09T12:44:27Z,duimianstg,account.c16fa1ba686c48509c83e255b1300fa8
2026-02-09T12:44:27Z,Undead-Herald,account.4d0d3dff92304260b23dd822aa8b7ed1
2026-02-09T12:44:27Z,Neighbor_BroWang,account.d2e5e3d7d776439aa59eff4ccaebcbe3
2026-02-09T12:44:27Z,Coke_Qilyy-XXX,account.1983677a6e8841e8b12e17083dfca9b6
2026-02-09T12:44:27Z,W_Elegant,account.c69cba2a5c9f404ca090c4d8ec38714a
2026-02-09T12:44:27Z,73kg187cm20cm,account.d73930effb1843ed94ea3291719c1f03
2026-02-09T12:44:27Z,xiaokechehang9,account.0d73c4cb138b4718966b645a9c8c5111
2026-02-09T12:44:27Z,BaeeeTOme,account.df264a726e834c65b86f308150a04546
2026-02-09T12:44:27Z,Blac-Killer,account.c7fa6ca443d3408a99a1bb642f2e18fb
2026-02-09T12:44:27Z,KAKa-YiFu_OuO,account.b4834eb1bd5e4e7dbb9e4cf01b94df08
2026-02-09T12:44:27Z,XIAOCHU-111,account.8a8bda3bf0ef487884cc63fe18b30deb
2026-02-09T12:44:27Z,WS-Marry_-cC,account.b580b935752c4a2fb6c94615c1f1cd47
2026-02-09T12:44:27Z,Kathy_M,account.b69450b874fc43d0a397f4ba54060543
2026-02-09T12:44:27Z,Atlantis-Baili,account.34feeef5ecc54f169a80e65d54fe50e6
2026-02-09T12:44:27Z,TR-tiandouwuyanz,account.9dd6913d44184c06902868c71243bad3
2026-02-09T12:44:27Z,HuaiZz_-,account.72a44186847944a6b8b7521d5eab652a
2026-02-09T12:44:27Z,Wezy_Lei-ge_,account.d7da34fc76ba4e9faea4baf46750aa7c
2026-02-09T12:44:27Z,Luise__,account.eeecddc886dd45edb9995fea381c4bf9
2026-02-09T12:44:27Z,xudagege6666,account.48ee7ed1385a425ba796f5334402fb8d
2026-02-09T12:44:27Z,China---CoKe,account.e23167b7bbf0469f9ff3dd2ed3ba1860
2026-02-09T12:44:27Z,WangYiBan_,account.987ed625af26464482f94af4bcf34686
2026-02-09T12:44:27Z,Azzzzzz-0926,account.5dfc07672a454844b041405c290822e4
2026-02-09T12:44:27Z,CJ_1211_N,account.85f93d5c263e467a9d3186c7cb1c7ab7
2026-02-09T12:44:27Z,Sugar_Yan-Happy,account.55bb3010d5254848810c8721c86bf0a6
2026-02-09T12:44:27Z,IGROOKIE123,account.0d670af7b152416f92f4ffb4930071bc
2026-02-09T12:44:27Z,AHTC6666HDR,account.112e3c255ff64e26bdfbfbbbe5a4f256
2026-02-09T12:44:27Z,Aquablue-7,account.4d44b99ac506408db0947cc4f98ebae5
2026-02-09T12:44:27Z,22948,account.add461607bbd4467914051806fd20bcb
2026-02-09T12:44:27Z,RedFlag-ShanDan,account.b1b1b1131b4c47f89b5c6f488b160f36
2026-02-09T12:44:27Z,westbookes,account.df80f1f4f6c74eecb1c030052b71722c
2026-02-09T12:44:27Z,2G0uZzzzz,account.b747e05c089d457989da899c24dd8183
2026-02-09T12:44:27Z,DropFlower-,account.2fb642724af348ffaa900778bdb4b961
2026-02-09T12:44:27Z,AFIFovo,account.f50be0bff0ee47aca9c9522968851002
2026-02-09T12:44:27Z,WS-Forever_Pp,account.df537b4fbe6f44688c2350c5d50487b2
2026-02-09T12:44:27Z,Finnjie,account.0ba97cbe033d4fd0b3438baec8b7d59e
2026-02-09T12:44:27Z,Bigcrab_-,account.5b443d531dd74f1784798b56186f7004
2026-02-09T12:44:27Z,WS-ZTotO_-tT,account.ad250ee2bc6c48789a4ed29518d645b5
2026-02-09T12:44:27Z,XYH1702,account.1482be253a9c4f4f857a4403a85ecc8d
2026-02-09T12:44:27Z,KT_RJx,account.98ce61e3249e47cb991077e033449a97
2026-02-09T12:44:27Z,WS-DaBLo_-tT,account.2362a1c955174df4ab8ff8aa16b5c691
2026-02-09T12:44:27Z,Mrs-0422,account.056c82df7575402392e9d009a3574490
2026-02-09T12:44:27Z,wzw958,account.62e26bfc19234dc289021a78cc1b1cfd
2026-02-09T12:44:27Z,L8900,account.abac902879bf457ead6875e8145ee110
2026-02-09T12:44:27Z,270701768aa,account.22bff74a92ec4119bde74b701e18e7fe
2026-02-09T12:44:27Z,Baeeeyg,account.0b51c377b7e045efa655f993e2743c18
2026-02-09T12:44:27Z,bbQD130,account.8f56a68e2ac142a1bf47dbe2bca14587
2026-02-09T12:20:06Z,L1berty-_,account.d3e96f2ea8564205ad54cfde13476b0b
2026-02-09T12:20:06Z,QiLaohao1,account.d3eb092fc54e4043b72dab366d4f108b
2026-02-09T12:20:06Z,Mr_StinkSocks,account.41ffe4926f014ac28f245d51888b23c9
2026-02-09T12:20:06Z,ZG_laoyeye,account.b2f1331aa2074564b830a3c453871d44
2026-02-09T12:20:06Z,Youzaiwawajiao,account.2d9b7075b5e24094b2d87875bd2ce487
2026-02-09T12:20:06Z,dengfeng88_8,account.d62974dd20d54e43b7836f07fd7d39df
2026-02-09T12:20:06Z,gaowei525,account.3369002ad96948c5a2100d0b2737711d
2026-02-09T12:20:06Z,Monster_liuge,account.3f8a1dbe3f914338b2c727c3249fb868
2026-02-09T12:20:06Z,965296,account.a4fdcd0bd6c849028d2e89c42921517e
2026-02-09T12:20:06Z,XY_Quattro,account.469c2809b7d34d93b03565f80771b246
2026-02-09T12:20:06Z,8O88_-,account.351fb8727d684bc981622ad8982a0cfc
2026-02-09T12:20:06Z,I1st_-,account.8c56c07f4d814e04898b4461ad28452d
2026-02-09T12:20:06Z,911008-_-,account.ec7fc28f4a2f4e43b705bcb975e31db6
2026-02-09T12:20:06Z,fanliww,account.4c48efd49ff6446ea33494cf37092e5d
2026-02-09T12:20:06Z,Candiaries,account.b1d7751946a647208db3ce2636d2ff26
2026-02-09T12:20:06Z,3jgwwlt,account.ae7e410d00114ac1bbecdf99d5094013
2026-02-09T12:20:06Z,Onyx_Wz,account.603f34b5b2d146298110ed1b2a237348
2026-02-09T12:20:06Z,Aluxinxin,account.6748d021db8f4e05bef99ab44a6d7691
2026-02-09T12:20:06Z,DJ_s_s,account.fc7681e75a724db0b453d49bc10cda2a
2026-02-09T12:20:06Z,i7pt,account.575d39773f914cab9d5a437741fee257
2026-02-09T12:20:06Z,Kou1Xiab-_,account.c8b329e97bf54c8a9708d1c78f2bbab5
2026-02-09T12:20:06Z,tttlll478,account.72472117926a433c989ba5e4e7e95def
2026-02-09T12:20:06Z,Like1Han,account.61a51d2c20da4f9da564c957f227bf0d
2026-02-09T12:20:06Z,GY_Eddie798,account.8c4af474720d4cac9ba88b8f4f8e2b22
2026-02-09T12:20:06Z,YDGaXXW,account.6310e519e2c942c7ba5aebb3ad980715
2026-02-09T12:20:06Z,lin-mao-wang,account.218338d0c4394fb79b4872671f9614b3
2026-02-09T12:20:06Z,tttlll159,account.1b901367c9fd430d9e1aaab747289056
2026-02-09T12:20:06Z,Cn_HuaLiqun,account.13c2d783d639452d8631b0f02eea26e4
2026-02-09T12:20:06Z,NN-nannan,account.4e36063d65f34386a874d4a49762548f
2026-02-09T12:20:06Z,rrrffffff,account.a53b3e447b25498e8d616ec60cdbb9b1
2026-02-09T12:20:06Z,April-OwO,account.bbb64f9258f043b5b68e3b41bf077280
2026-02-09T12:20:06Z,AIDva_-,account.5a14084a89af4170afe3de6d6a8387fa
2026-02-09T12:20:06Z,htsea,account.21a1ba15218d46e7803ca9c29d02d4df
2026-02-09T12:20:06Z,YYJCWL,account.3d84c0147c6c47cc829ea8e75ed90da7
2026-02-09T12:20:06Z,03-_-14,account.7e570f0161cf47ddabd99ac884d6724e
2026-02-09T12:20:06Z,Nm1gb-_-,account.c7e9854524f54455af30a17a2fbedd54
2026-02-09T12:20:06Z,HuA_Ge_O_O,account.8e2e90a3cfe64593aab29a58386cf1d4
2026-02-09T12:20:06Z,17liu-,account.3432bfca91e347d7aab88c1fc37ee0a4
2026-02-09T12:20:06Z,Psyduck-1,account.e84558f0247d42e58b6ca43214f8ccac
2026-02-09T12:20:06Z,wonima56,account.bfea1ab3231f4a828010f030b169c04e
2026-02-09T12:20:06Z,xiaoliu661127,account.b6f58c43c8fe4835adb134d617b5dcd3
2026-02-09T12:20:06Z,2232_-,account.b9aa905dbc0d40438d0666b93282b88b
2026-02-09T12:20:06Z,1985_Mark_-,account.3284914811264db3b44b67ecafab1c28
2026-02-09T12:20:06Z,CanYouKeepYou,account.272c2da6a0f44b3faeceff3d85253cb6
2026-02-09T12:20:06Z,NAN4-_,account.2f2170b05fe640f183f9ea988be292a5
2026-02-09T12:20:06Z,Litchi--YY,account.d7e2d85fe9a34af8b74caebd2e86f6d9
2026-02-09T12:20:06Z,1wanZaI_,account.de9fcac723c74fab8c3ad6fe3c3552ce
2026-02-09T12:20:06Z,svjghi,account.12d1b0f6f2f144998c90d4ca41012191
2026-02-09T12:20:06Z,Moo1Xiab-_,account.8412e88f3d6a44929bd263dae216bb94
2026-02-09T12:20:06Z,XiU_X1-,account.bdef502748c6499c8eb28e3556159aea
2026-02-09T12:20:06Z,tttlll-123-m4,account.0fdd5955b26a4ff3b652dc854fe39648
2026-02-09T12:20:06Z,nino0517,account.c685d2c1bcf34521a4cf4801fc23829c
2026-02-09T12:20:06Z,181CM-70KG-15CM,account.bd7c7a72cc2d44a2b6153432ccc60060
2026-02-09T12:20:06Z,Lidada-17,account.a3ced3cb275240ba86a00fd8e5c05e75
2026-02-09T12:20:06Z,binghongcha6956,account.601882ee584d4e8b86e0a3acafb73f60
2026-02-09T12:20:06Z,yylcsk1314,account.e97fa82e987542b4b25d190402297e5d
2026-02-09T12:20:06Z,1988_MengNan,account.f8eccee7a61743848b03f71732bb3ba7
2026-02-09T12:20:06Z,1990_Superman,account.d070fd03c5014a02af60026f452fcda8
2026-02-09T12:20:06Z,DoJun_KR,account.d831862430bc4461ab320e2febb524ad
2026-02-09T12:20:06Z,TLG_YangGe,account.180625d66dad49a0b5fdfe1588605f79
2026-02-09T11:56:11Z,YYYYYYCQAQ,account.48072466fd144151b0f133b527cd70a4
2026-02-09T11:56:11Z,2053_,account.b553aca7f337458dbf55d7bfe28812fb
2026-02-09T11:56:11Z,KickShow-,account.f23104c9759140ef99b87f31d2e3cd47
2026-02-09T11:56:11Z,Jszzzzzzz,account.d2373a9e2c90445cb520eec256545e21
2026-02-09T11:56:11Z,Nime1MaMa,account.61c4dbd7f60e40478ffe8e98ae6b9e1e
2026-02-09T11:56:11Z,miensu_,account.346ad4d057a14c909e08159ce2411f39
2026-02-09T11:56:11Z,zouozuy,account.91d4120c038d4843969a41f696ff8610
2026-02-09T11:56:11Z,O416_X,account.225b0516303d46608c29b624e318d084
2026-02-09T11:56:11Z,i9kk_77,account.d10b470af75948448e5428cdc5289a0d
2026-02-09T11:56:11Z,sosxigua,account.1f3e6088fa7f42d78b9b4e9e3a9c49e9
2026-02-09T11:56:11Z,6O_06,account.b43918e9e4094d748c4a72aa2a8e75bc
2026-02-09T11:56:11Z,KAR98K-shunwang,account.763ac8a7195148c8b688d434c153ee29
2026-02-09T11:56:11Z,reborn-2022,account.b0497679948248a7bff15fbe3bf9efdb
2026-02-09T11:56:11Z,CheChen_Bao,account.9be5be851cc6474299a775054c3f4bb8
2026-02-09T11:56:11Z,Poikic,account.4720524d6c6e4caba30c17ce1a0f0418
2026-02-09T11:56:11Z,Raven_JN,account.ca0e5c115e7c4b0abda46bd240746ee9
2026-02-09T11:56:11Z,DY-Conqueror,account.9ae4052813a442d098856083e430d892
2026-02-09T11:56:11Z,Aycfl_,account.6d7f2069b6b64f669e982f4b62d875d4
2026-02-09T11:56:11Z,kwak_juju,account.530225768a4247829dd74ac6d5426d9d
2026-02-09T11:56:11Z,whang_hoon-_-,account.97e824c46f41497eb5a8e60469a11516
2026-02-09T11:56:11Z,sehonging_,account.eb645453e5e94ef6855a04f29cdb7ca3
2026-02-09T11:56:11Z,7L8L-QBLD,account.ef222427254942189c68f6f2fe58e5b9
2026-02-09T11:56:11Z,Croos-_,account.72f8d604a9974933b858c17017d650af
2026-02-09T11:56:11Z,MnNnnnn9,account.0a8b5816a18641fbb74dfe56681d9dde
2026-02-09T11:56:11Z,7219---X1ha,account.bbe5d247a1434c2cbcc5319e407759f2
2026-02-09T11:56:11Z,A-wdj,account.d9e42605ac0b4438add37a9782708fe5
2026-02-09T11:56:11Z,sytzyx520,account.17365564c61c4a71bd9e9d102fa39658
2026-02-09T11:56:11Z,ABT_RS4,account.5a7d92f8e46644319bda23dc0088d44d
2026-02-09T11:56:11Z,tansese,account.f0f9d19ee8044f5da306d8dcd84bf928
2026-02-09T11:56:11Z,0413-T,account.b319894b8dd14f0d89c48f7ec26e0833
2026-02-09T11:56:11Z,xiaonannan321,account.b0bb8f4ac9ce4228838d69352ddcc968
2026-02-09T11:56:11Z,paozhezhui,account.98eb7232a9dc4f82a7453c5740553435
2026-02-09T11:56:11Z,noble-gong,account.8db9b3910eef49d5b81543408fe31ac0
2026-02-09T11:56:11Z,Sylas_YYDS,account.ca91e3285d7d40838af154124d033220
2026-02-09T11:56:11Z,PXQ998,account.ed7f59267dfa40649bd2e7db9721367f
2026-02-09T11:56:11Z,wangjianxun88,account.e7a0777e2de440e29f281130b6bba853
2026-02-09T11:56:11Z,1ToT_,account.96a3387b651d4b999c5005169c3f143d
2026-02-09T11:56:11Z,iVivi_-3,account.ef53c3d2d1a44e7ea40ae808a8d8afa6
2026-02-09T11:56:11Z,meddddddaaaa,account.88fa782f34f54e699523648afe80637e
2026-02-09T11:56:11Z,mhlsir,account.23f96ad5c17845318919723d95939169
2026-02-09T11:56:11Z,laosixsix,account.54b62de21cb84d8c8cbb7005c2e82d9d
2026-02-09T11:56:11Z,ALice_Liy,account.8a0d91955cfd4208979bb0ddf7831e77
2026-02-09T11:56:11Z,Dream1oveU3U,account.b9b5e47ff6364561bcd3aa7983bf9ebe
2026-02-09T11:56:11Z,Dream1ove3UU,account.919c5e12f92f40abb02dc479223e1a87
2026-02-09T11:56:11Z,Allen_-_Lee,account.d4e98089222946ee932cd173aa3789df
2026-02-09T11:56:11Z,220127-X934,account.24c5fc58044c4c1fb0fbed18e375ce2d
2026-02-09T11:56:11Z,Abyss-Ash,account.d31658c5562b4ed2a03b87aaf1d7cd4d
2026-02-09T11:56:11Z,sirius_czb,account.ac3c7ed79bd740488296a229dfe780ba
2026-02-09T11:56:11Z,spirts-xiaoxi,account.da0186ef630442ca9fbdcc64d3c06cbc
2026-02-09T11:56:11Z,moguoshi,account.291b9bea10d64b089f02976d80a94275
2026-02-09T11:56:11Z,ACE32is666,account.0eb46370d96148508882e07a0c25c309
2026-02-09T11:56:11Z,Triger007,account.ee5b82cbacda4c6cb379f746da00e636
2026-02-09T11:56:11Z,sCApegOatoff,account.352b91c181a14994a6f0e13243d5c833
2026-02-09T11:56:11Z,1117-Z,account.fab7105f255c4e6ca340873c6243bbbc
2026-02-09T11:56:11Z,Paser7777,account.8eaf8760118b4cbb88b936367190478a
2026-02-09T11:41:19Z,m0_0m______,account.11eeeebf481048e1a3a98d289a260765
2026-02-09T11:41:19Z,JanenMiss,account.906a836090904126a77430b62be4cfc2
2026-02-09T11:41:19Z,OrientalDragon-Y,account.7aebb0709ced436d80cdafe949616f9f
2026-02-09T11:41:19Z,Niubility-AxinxL,account.adb75da749084f6aa29b42bed9d134c9
2026-02-09T11:41:19Z,Niubility-GZX,account.32f3f101fbbc4e0d8e0c72abe079d744
2026-02-09T11:41:19Z,Oo12_-_,account.9027b0b9f9354300aa73799a84c27f16
2026-02-09T11:41:19Z,chary1993,account.2d7f4713c27b4f0c9cb50a3cb738b389
2026-02-09T11:41:19Z,biu-DokiDoki,account.b2ae5f227dba47138a3dd3f5412ea373
2026-02-09T11:41:19Z,GANBINBIN7,account.a4dc201b9d5f4430a44207bef43d4e41
2026-02-09T11:41:19Z,ztb2025,account.7306895a73d1471b87d84c2d1f3d80ad
2026-02-09T11:41:19Z,MuMaQAQ_,account.34ffbf5ccd1244089a1c61538471d815
2026-02-09T11:41:19Z,fusheng112,account.cbda50a4347049c68cb4795c618f331d
2026-02-09T11:41:19Z,Fierce-c,account.8c9961d821814f609afcac593b8adede
2026-02-09T11:41:19Z,Tang_zhenye,account.01798ab8483242af9047a51c3ebf913d
2026-02-09T11:41:19Z,Suqiya_,account.ba008bc9e7284ea288326cb8e702e95f
2026-02-09T11:41:19Z,yidanpiao,account.fad8b93c4a1a424db5256bea71116348
2026-02-09T11:41:19Z,x1aoZhiDDDD_,account.43784f40ee934289b6f22e8714017879
2026-02-09T11:41:19Z,dai_bi_he,account.a3bb060bfb424bba9e2e0dcd9416d9f7
2026-02-09T11:41:19Z,SayMorph,account.58a300da790a419893feba5d2b98329f
2026-02-09T11:41:19Z,yi-zhi-anlianni,account.a117a4814f1242c19111df7420ed1332
2026-02-09T11:41:19Z,Ni-DesTined,account.3adefa8f79834b59bdce93b0eb8020e4
2026-02-09T11:41:19Z,10000000000000KM,account.4a531e806094413490d4b32026b41956
2026-02-09T11:41:19Z,0g-TraNs-FaT,account.f7480324e18e452b826c5d3fcd802b5f
2026-02-09T11:41:19Z,Wherenver,account.eb1f51f962ee4dcd95a1a2d84e7ffa2b
2026-02-09T11:41:19Z,YanHBei,account.2a889e2084d349a9b6eacc934c13c6c5
2026-02-09T11:41:19Z,God_lemon-,account.d2dc2c4432e6482e869c7da5197d0952
2026-02-09T11:41:19Z,nandehutu2000,account.40bfdb2c965248a58bc9ae3c47adae68
2026-02-09T11:41:19Z,yintao111000,account.8478215e678b4850a8c8802bb01d6684
2026-02-09T11:41:19Z,4AM-Ajinfeng,account.b2119f0818dd41cc8d46bfd62ec8c82f
2026-02-09T11:41:19Z,WEWC123,account.8bb87fbecb894b2a9d6a409d54682b9c
2026-02-09T11:41:19Z,l_j-l666,account.b7ef881b4de8431d9cee54285095cfd9
2026-02-09T11:41:19Z,NIKA-BOOM,account.23cf563ae78b413cb0915bad833c4762
2026-02-09T11:41:19Z,ennmmm-233,account.863723978e004c90bd319e5a6c9b4549
2026-02-09T11:41:19Z,718JL,account.3941fefad347420ba1939fec05ff9d4b
2026-02-09T11:41:19Z,iou1-_-,account.e02ced49631a452eaa36f6340c043e31
2026-02-09T11:41:19Z,JiangGN,account.8c7774c9ca804a3ba4dc26104bbc864d
2026-02-09T11:41:19Z,AmaTeur_LW_-,account.0c2cf1ee17cd40ac9d75ace9a8c9c84e
2026-02-09T11:41:19Z,DJ-XIAOCAOYA,account.389e91df8d69481692da3cbbf89bd07d
2026-02-09T11:41:19Z,BOOM82MLF,account.8cba727e6c6543fcbd08d3e9debcc235
2026-02-09T11:41:19Z,Qiaowwww-,account.4c0f211c678e402fa29330ac5f33ba29
2026-02-09T11:41:19Z,Niubility-KeXin,account.10fd63f5975942b7927058734c1b8d4b
2026-02-09T11:41:19Z,Mar-Rain,account.8a0ba2c866c14626a5917cd7ceeab750
2026-02-09T11:41:19Z,Wind_Echo,account.68e6f102cb6c44c79e3b8f124d970bdb
2026-02-09T11:41:19Z,H0tshotGG,account.d3d787bb6b82440399a3264c870a9b64
2026-02-09T11:41:19Z,SayRiver,account.b011bfd4a1df4d8391c8e4e6364647e1
2026-02-09T11:41:19Z,Niubility-DaGun,account.42084c4da95044acae2ca19661c2c2d4
2026-02-09T11:41:19Z,JiaocuteBB,account.254fbab6ac01433c84df8758afe1ac0b
2026-02-09T11:41:19Z,8Flei,account.c5ae57752c8844f1b9be16c4ef8ae9a3
2026-02-09T11:41:19Z,yancheng-CXL,account.47b7df4c6b4441a5b7c7bc0fd62c9587
2026-02-09T11:41:19Z,Hx1ng-HaoNan_,account.04e600af94e5454d8dfec3836d5ff5a8
2026-02-09T11:41:19Z,B1eNiuBle_,account.e6343458360c478895118eca9bb56096
2026-02-09T11:41:19Z,Einnoe,account.c205c725de6b4dfeb7e5aee94f60421d
2026-02-09T11:41:19Z,wenyihuxiangchou,account.d4718e1104a541bf9cc3a73b43061466
2026-02-09T11:41:19Z,Wind_Galaxy,account.6d79455fd74f493e9a0dc5bbf2f77e2d
2026-02-09T11:41:19Z,SAOBAO540924091,account.1b8810d63a6443f288e39f1af1197fec
2026-02-09T11:41:19Z,luna-tian,account.21b773cda0b9428ab0b2b26d0dcc1ddc
2026-02-09T11:41:19Z,Morii-lll,account.397bf95bec6a4b73ae22ade02afa794e
2026-02-09T11:41:19Z,Zayrlj,account.cc0e91e6f7c140cb9d2c7e0920541abb
2026-02-09T11:41:19Z,2yozi,account.b3747d9409bb4666b194c3edf15b2cfa
2026-02-09T11:30:28Z,3k1hfs7zunu,account.b50129a30f52482ab1d1e987855d40ff
2026-02-09T11:30:28Z,Yi_Ya_-Yo,account.809d47978b2e48f5bcce55bd9dfe397c
2026-02-09T11:30:28Z,EmpressGY,account.1c52c67e47d34dc18732688743616324
2026-02-09T11:30:28Z,woshinid789,account.74bcdae28b144f00a0525f77d10cc762
2026-02-09T11:30:28Z,Rae-pte_,account.bb19834ab61c4cd195a58e432e07db6e
2026-02-09T11:30:28Z,BeloVedAuK,account.d40beb2154d548b3a548f27593ea6c83
2026-02-09T11:30:28Z,Alpine_-,account.792c8817004f4100b83f3537b4f12dd0
2026-02-09T11:30:28Z,020420__,account.3386b83400284ec7b07a5b3adf772994
2026-02-09T11:30:28Z,567878778,account.9ef9e053966a46198214867910ce0cf6
2026-02-09T11:30:28Z,TWTE_98,account.e257164cf61048d7bf3e7b0990eae0a1
2026-02-09T11:30:28Z,NanDa_HenChang,account.7cd44a1e58bd431cb81a632c7221aea0
2026-02-09T11:30:28Z,jey5042,account.d10163fa945740d1afcc6e53a0e5679f
2026-02-09T11:30:28Z,g-900900,account.a2ef744cb369462e85a49b5b047efbd0
2026-02-09T11:30:28Z,KIHYEONS,account.5ce4370399724c638267de31e58110ce
2026-02-09T11:30:28Z,Wuhanlaotou,account.72c67eaf5fd54fb6ba91981b754ef5be
2026-02-09T11:30:28Z,Kaix1n66,account.994a46211fc44f4584fe65568f58298d
2026-02-09T11:30:28Z,bin--qasw,account.5f47f56d9f434f139da3195dfa67accc
2026-02-09T11:30:28Z,KSTV--XIAOYUEYUE,account.bda1c8fe33274111b1ecfb97e7fed968
2026-02-09T11:30:28Z,haozhu665,account.7e98b0fbc31b49c7af6a4bbaa1bae3f2
2026-02-09T11:30:28Z,3533227,account.fb6aa43132634689ae367eaead2b1f20
2026-02-09T11:30:28Z,Zhuanxiudadeng,account.128de1037a4f4268863e7488f0ac7fff
2026-02-09T11:30:28Z,KOREA_good-,account.281436870e924a6a85064ee3a4f1159d
2026-02-09T11:30:28Z,DO-BEE,account.a8e35096452e4449a0cab3e01ce6fca7
2026-02-09T11:30:28Z,CaodaErtouJi,account.a71ba7f5a89042d1b4703354ea0b3703
2026-02-09T11:30:28Z,CMMG-MK47,account.fe95451a826948b989cbfaf98ea1a210
2026-02-09T11:30:28Z,7Man_-,account.c0b90280aaec447693ef9364f3b224e2
2026-02-09T11:30:28Z,chongran6,account.941f94a210e34db5bb0f1a546a921560
2026-02-09T11:30:28Z,LiaBubu_-,account.a4f43a82ea7b4eb9a0bf866a1ac7ebec
2026-02-09T11:30:28Z,Ruymiya,account.583185879079481f8f29346ea80c2d91
2026-02-09T11:30:28Z,Prince_Xuan-W,account.715a2340e68542618ae0bc78d8f828b3
2026-02-09T11:30:28Z,es-NingNing,account.db5ff1d7c86c44ce92c625b626e716ba
2026-02-09T11:30:28Z,Brr-Brr,account.ff8baf128a974bf9a53e2b771f206495
2026-02-09T11:30:28Z,GUABIDOUMEIMA,account.885f2f65dfa3462bbc803a53e5a73023
2026-02-09T11:30:28Z,7nnGX,account.b64dafcca28848cea26fcacacfca2311
2026-02-09T11:30:28Z,niccxxxx,account.753b00ebca2a46368be8f8c8639d77fb
2026-02-09T11:30:28Z,BroTeam_GG,account.fd04f25f6d424de59dae2a9c0396bc83
2026-02-09T11:30:28Z,bigonix,account.c9dbf6779cc949429570c79c98ede5ea
2026-02-09T11:30:28Z,donk1992,account.7eeca3e68e664afea0168c3b972d3887
2026-02-09T11:30:28Z,Y1ku_0,account.eeccb214d27545fbb07a2fadbc5c2b59
2026-02-09T11:30:28Z,5t67sxer8,account.5b8a1b791dee4fd983bfa484197047ed
2026-02-09T11:30:28Z,BroTeam_RS,account.b4329b5189d5446787ee3c854c846160
2026-02-09T11:30:28Z,ANG_GIMOZZI_MAN,account.288344b76e3a4d2ca9607fc94ebc2f9d
2026-02-09T11:30:28Z,POUOL,account.28474d29d8b74f4da52c576ba19c296e
2026-02-09T11:30:28Z,MaLoou-,account.49f27a8b46e14d39845acda3c00ddb21
2026-02-09T11:30:28Z,C0nsc1ence,account.3c94fc608576485f91142e1b393c2c73
2026-02-09T11:30:28Z,GBSM-KGDFW,account.164879f9483b42aeaed05414b04a2720
2026-02-09T11:30:28Z,Abyss_yyyy,account.19c0114cb3054f3abf64a997fd14b7ad
2026-02-09T11:30:28Z,Medusa9999,account.47037f2b138548928ec217bb8a03eaa6
2026-02-09T11:30:28Z,6i81,account.ab2e029bb5c749679dd078a2f3b61f2c
2026-02-09T11:30:28Z,NXYXBB,account.29deb5482f7749d89aa65c443eaf3fe2
2026-02-09T11:30:28Z,BroTeam_QA,account.5de54fe6063b4f7e899a43275fe29d80
2026-02-09T11:30:28Z,cony17k,account.2612dc0464ce4e72821075b781f35d7f
2026-02-09T11:30:28Z,K1ng_17mok,account.02c2b9b8df12418ab7759ddf5f2bae4d
2026-02-09T11:30:28Z,Tiba0,account.4ee951155bb8481784da9de19cbfe31e
2026-02-09T11:30:28Z,POORPOTATO,account.50818ffd322942feb72438853d953d24
2026-02-09T11:30:28Z,Avicinara,account.66ffad2f364d4906a96bc1f8a9d61868
2026-02-09T11:30:28Z,BroTeam_LG,account.79186a1832ec4463b7c503c46b5471fc
2026-02-09T11:30:28Z,Eoi1-,account.c60899598bc74c988e9b09aa30cd979f
2026-02-09T11:30:28Z,KatyushaCc,account.c762ed8f0ca84136ab8363c0cb28ed8a
2026-02-09T11:30:28Z,Ruby_wooo,account.8e8df2c672a64209b0ebc0410fe99f07
2026-02-09T11:13:18Z,CHN-Ycriod,account.6105421eb93d410d8942da5a809cfcd1
2026-02-09T11:13:18Z,Lx_999,account.d905d34d609b4c6f9217a527fa197fa2
2026-02-09T11:13:18Z,Sixthcoolcool,account.e84d63bbd7a644dcb69409b2d5f89b2c
2026-02-09T11:13:18Z,A_atan,account.39bc621884ae419cb7b0f31ead4999a1
2026-02-09T11:13:18Z,17_Yik,account.d76ef6a3365843c2a38f1790bbe90ec6
2026-02-09T11:13:18Z,cnb_zhangye_915,account.a37c12ac06bd4988bf81beea95bd9c10
2026-02-09T11:13:18Z,Azai_-,account.58f63e0ee5f949779f92c6592229517d
2026-02-09T11:13:18Z,Ejn-Express_Fox,account.a7481fa4bc6e4529962e913a2ea44bca
2026-02-09T11:13:18Z,sbxxxLu_,account.841a6e67ba8947bfb04c6bca761073f4
2026-02-09T11:13:18Z,ICHIBAN_O,account.674dfb1f0f8b4221a4fd78e4e5726de9
2026-02-09T11:13:18Z,TH-Toretto,account.7a20c7014d2f4da3a5ea1bf3313650ae
2026-02-09T11:13:18Z,B1eb1bbbbbbbbbb,account.30693d6f3c3f4688bedbe6db4c1117a3
2026-02-09T11:13:18Z,P-2786129,account.da5be436c48f45399a612850ce638418
2026-02-09T11:13:18Z,nn740740,account.8eff5c124ea94cf6b47358af722f621f
2026-02-09T11:13:18Z,BABAZIBICHENG,account.c1b42d2917714a52ba2afe42f97c1a6f
2026-02-09T11:13:18Z,belive-ycc,account.635e9b19fc9143818011bac2c646b918
2026-02-09T11:13:18Z,KunP_-,account.126d91f2af634edc9f3fab0268283f19
2026-02-09T11:13:18Z,Acme_Chao,account.c63d6e994d00455392c80910688e9cd5
2026-02-09T11:13:18Z,GM-GouGe,account.858bbeab5f0f41c09e23b600b91d7ddd
2026-02-09T11:13:18Z,eunyoung9,account.07cd0948137948a7ac43b4c7347346db
2026-02-09T11:13:18Z,17_TTz,account.a443b0c5136141539391dd9afec6c59c
2026-02-09T11:13:18Z,DL-lightning-x,account.a4cc92b6dead4e269d82771da5820dbd
2026-02-09T11:13:18Z,pickharry,account.6bfc34ce04504600a9382440c33886bc
2026-02-09T11:13:18Z,XzhizhuX,account.80d9aa8515c44a359eea2c1c6d1bcb1a
2026-02-09T11:13:18Z,L-China-Cy,account.73c73687776d458188c7028e8c884947
2026-02-09T11:13:18Z,1Foriz-Y,account.1c181c4c2cb1471f9fa7fdc45c62d0b5
2026-02-09T11:13:18Z,x1xp_p,account.ec8ad637201440b3a2d5bfa89b53db0f
2026-02-09T11:13:18Z,SmiLe_HY,account.74c1e2998265475c92f5b538b78d82e2
2026-02-09T11:13:18Z,Na2o_,account.ec29094c84ce40efa8645263994c5a19
2026-02-09T11:13:18Z,EmInShayyyu_,account.d6fb7a6834fe4e8b9d5889dc53229573
2026-02-09T11:13:18Z,Goodluck_XG,account.4f3795fc5a074dcdacd7c2174572cf86
2026-02-09T11:13:18Z,AlwaysLove_MXM,account.0b3ef5800c5f4ce3bc60f62e5f3f10c1
2026-02-09T11:13:18Z,YOLO---01,account.45af507f08ea48889e5cdfc00c7fe265
2026-02-09T11:13:18Z,A94T11,account.09a1aab45771413297c9ae8a38d0282c
2026-02-09T11:13:18Z,luoma77,account.164f86418f31429ebb8ce807f55e3117
2026-02-09T11:13:18Z,i7_vov_,account.ec74eefdbc544df19307dcf61b88bb0a
2026-02-09T11:13:18Z,Axidi--,account.b215e23ad3f541f5b03dc306bd3285c6
2026-02-09T11:13:18Z,Al1gaduo_-,account.4fd3bc8763384821a2cd0a05c9439a3c
2026-02-09T11:13:18Z,jackie_0,account.bdd876ef1ea8449a8e658daefc51a0b8
2026-02-09T11:13:18Z,Acme_Flowerbaby,account.d5b6e4e1e8c1432b980af62ea19f8538
2026-02-09T11:13:18Z,i7-Xuu,account.b1cd2fd977b04eb7a588f03460ab206d
2026-02-09T11:13:18Z,YOLO-guojie312,account.ad4f0c89f3824ead8eb847c279194a9b
2026-02-09T11:13:18Z,HuiHui-baby-,account.f0fc0324a10741458e5111d20f326100
2026-02-09T11:13:18Z,JiangCheng45510,account.218e963db066490aaf9d6cc11524d987
2026-02-09T11:13:18Z,xctc01,account.8e3c4b7bfcd346af8c592f5823f07864
2026-02-09T11:13:18Z,GMC_GE1,account.811ddca367ba4291a1eef302957c0b04
2026-02-09T11:13:18Z,SHYLLLL,account.0ac2643a532c4d0fb5cf7c086ad69378
2026-02-09T11:13:18Z,DzZZ___,account.49b656afb17d4409b0ad7ea7e1503b09
2026-02-09T11:13:18Z,ARB-Abi,account.0c1d123b04ed484d975ccef4bc22af14
2026-02-09T11:13:18Z,Crazy_Reeves,account.cfa59937bbed400f846a4509a66d7ac6
2026-02-09T11:13:18Z,ChenBeiXuana,account.36bef9f9ece64e68b2bb3adaf4ca211a
2026-02-09T11:13:18Z,QIQIHAERBIN_BBQ,account.3d8da880c4b242769286d1c227d2ff78
2026-02-09T11:13:18Z,yudadaaaaaa9,account.0ac5e22a891a40819a76941d4eada7d1
2026-02-09T11:13:18Z,Zeizeiti_30,account.e29640771fec4eada4c6337de267e435
2026-02-09T11:13:18Z,jiwon_top,account.24ad0bc271d744cfa26d26591548337e
2026-02-09T11:13:18Z,Lsp_Fggggggggg,account.70683fcba6c84f70be38e1be55891572
2026-02-09T10:40:46Z,BT98Kxiaohai,account.709074b355734ccc9fedcba9db07333d
2026-02-09T10:40:46Z,Ace-AKbos,account.3ff990ef7bd74d2f9167a701142b8e65
2026-02-09T10:40:46Z,Xiao-L-zi,account.0b02b077326246d69beadc4cfa3d4fee
2026-02-09T10:40:46Z,Sadness-ACE32,account.d2e9735bbcd44770bfe348edab582e44
2026-02-09T10:40:46Z,DouYin-XingYu,account.b306a023ffc84dfe9b9ab95d210cca7f
2026-02-09T10:40:46Z,shenghuohenku,account.19d432a9805c47eda5cab1c162708777
2026-02-09T10:40:46Z,Drunk_xiaobai,account.23213079ae8c4eb3b3df0c97191a0db3
2026-02-09T10:40:46Z,June_KM,account.280cacea543c42a2b44b601b42faeb4d
2026-02-09T10:40:46Z,Heng-gogo,account.bf87e386e63248abb4d41efedf704bfd
2026-02-09T10:40:46Z,ALEXHQ,account.406f357795a84d75a4eb1b85d8d3a0d4
2026-02-09T10:40:46Z,smh5019,account.fa1d7665cbde4422a0e2ac946d86aa1e
2026-02-09T10:40:46Z,NIGExiaocaiji1,account.3b96a19e377345229f85e0aed7e9f362
2026-02-09T10:40:46Z,lucky---wenjie,account.239047b2f7134cfc8bb6fd03f1850f56
2026-02-09T10:40:46Z,xiaoxinxin--520,account.bb4050fd538c47df906809ee8f7efd7e
2026-02-09T10:40:46Z,SSUBJINS,account.2f3d8a4cb26745f4b81c8195e8c2cdcb
2026-02-09T10:40:46Z,Liyuxxxxx,account.74b8b31acb274d96ab003a32b9fb0c5d
2026-02-09T10:40:46Z,PangCCCC,account.4b924c2fc3664c71ab7e7111d269b83d
2026-02-09T10:40:46Z,Kiiikiki_-,account.14daafbf09cf4bb2b33ef8f409edf515
2026-02-09T10:40:46Z,KoBeBryant006,account.af8e47dd3b10419f8fcd1992a6df18c5
2026-02-09T10:40:46Z,NL-CAY,account.bd6f057c8cf943c3909ed89c1e6a1255
2026-02-09T10:40:46Z,4AM-Certain,account.c785035fadfb48f092f265376531fa74
2026-02-09T10:40:46Z,HIDE_WENDY,account.188908ebbe0b40e582ba7ef740ff7a9a
2026-02-09T10:40:46Z,Liu56926,account.ac60d71294fb417bbbacf0a38cd29077
2026-02-09T10:40:46Z,Silent-wgl,account.d37f143f95ca4611b3c0530f5429904c
2026-02-09T10:40:46Z,Wei_Vick,account.1d06e34d8af94eab99200c9be4e123e0
2026-02-09T10:40:46Z,SweetCXKUN_RiCO,account.82fa43276f454329830d48b95793f608
2026-02-09T10:40:46Z,Oooops_-,account.10f72110a72043308ca97e49f88c1543
2026-02-09T10:40:46Z,SFZ_Long,account.d4ac32fec7fe46fb989ff3d532c996dd
2026-02-09T10:40:46Z,LC--KING,account.8956db1827aa400e88e5b19b04744083
2026-02-09T10:40:46Z,55kai-NIUBI29SHA,account.33e3590918c6473a88f2da2aca0dbc1d
2026-02-09T10:40:46Z,0NEN0,account.fc7313f199284e908220793b2689dab1
2026-02-09T10:40:46Z,Fantast-Anian1,account.da8ccc3167b944558f5b7451e79d52e3
2026-02-09T10:40:46Z,x7fg8nsu3,account.9f233b42f01448ca87ada6a4ae7afbd8
2026-02-09T10:40:46Z,NeiMeng-H1ang,account.9e76008338314b049245011b73be1caa
2026-02-09T10:40:46Z,zbyhome,account.c8a270588e024c7780dbe6e078caa7e0
2026-02-09T10:40:46Z,n_nMini-DaShu918,account.346f4793eaa4462bb614adb1da136124
2026-02-09T10:40:46Z,7eoi_,account.2afb33e66dbe45759476bbc06f7453c5
2026-02-09T10:40:46Z,Huya_ChongshengG,account.8bf5b08929784c2caa3eb1c022eef402
2026-02-09T10:40:46Z,Henyry,account.834cd780199243fd8994b1b0ae8fb291
2026-02-09T10:40:46Z,ZYG-xing,account.70a925cfc6e8487e830a32c14e696fc7
2026-02-09T10:40:46Z,Tuker-,account.cafe991ff58648a0ab1633442fd2be75
2026-02-09T10:40:46Z,Christmas0106,account.22ec042f9e0742f18e982c69757babdd
2026-02-09T10:40:46Z,Yehudisi,account.4f0968f4104b4e089091033846538cc8
2026-02-09T10:40:46Z,BingBiru,account.5337d8cd77f64da4997126bc0e4dd8e6
2026-02-09T10:40:46Z,Fantast-B,account.d2777d092d24485cb5354cc7a2e702ba
2026-02-09T10:40:46Z,XJ_M24_DJJ,account.ed2756be796e4915817ab1ae90d77693
2026-02-09T10:40:46Z,zhang00989,account.53f81a67994c4fbe8d4d4d8b011d9165
2026-02-09T10:40:46Z,phonix101,account.37838c4f8413416ebddaf9a20cc68ca7
2026-02-09T10:40:46Z,Huya-641708534,account.827ffa48397840cd9a8808441d5c8432
2026-02-09T10:40:46Z,baaaambi,account.d686c7441aa64ed68406fe80abdf2f42
2026-02-09T10:40:46Z,Jekefei,account.5c832e7d28ae47ed8bfffec430c4301a
2026-02-09T10:40:46Z,WZ--kai,account.522b195bc7014742b1de05b11547e873
2026-02-09T10:40:46Z,CHERRY__95,account.f11a219efda04573929451f0e44da73c
2026-02-09T10:40:46Z,RunZhaoRun,account.cbf8827fe99f41fc8d232ef36a8ba71c
2026-02-09T10:40:46Z,ILOVEYOU131452O,account.18465c9e71024d35971cdf9ffce526b9
2026-02-09T10:40:46Z,0999-Kar98k,account.9d2f8283aacb4a0a9eb2987344b7051f
2026-02-09T10:40:46Z,PLA-87285,account.9db9ce86f6ed4ea78e9230e3348c3678
2026-02-09T10:24:34Z,JieRui_010,account.3d945f085f1c4f1d809b16a0ecd947e3
2026-02-09T10:24:34Z,SYC1508699,account.427e6e80b2ab4b88adbceca2c563a2fc
2026-02-09T10:24:34Z,DO_mom_yame,account.fdebcabd826945ff95bb243303d8d8af
2026-02-09T10:24:34Z,fhbzqi3xw0,account.bbdc830363e24488aeaccd0f448c8f34
2026-02-09T10:24:34Z,uua77,account.b6a00d393bda44308f87e587b32115f5
2026-02-09T10:24:34Z,12345678Ang,account.347293bf3ecc47249d54e2d32bf5861d
2026-02-09T10:24:34Z,18cmbuhantou_--,account.e041706023534a2eb03e124336069c24
2026-02-09T10:24:34Z,Gun_Now,account.86965f96ca134b58bbd4907dbc7b8eeb
2026-02-09T10:24:34Z,HJ-leishao,account.4bb6195056a34c118ab0943e6d6a255f
2026-02-09T10:24:34Z,HairiMa,account.7c8ba172ab0a4867acfd39c8f1a657f9
2026-02-09T10:24:34Z,December_Fairy,account.94cf7dfa60fc42a290deeac360c83c47
2026-02-09T10:24:34Z,Tingting306,account.edcde3ad1d774002afcc55de12406eb1
2026-02-09T10:24:34Z,lzq615,account.7a9a23a1c3d54a0c9e949e87bf3204a6
2026-02-09T10:24:34Z,Qiqi-0302,account.224d7f49d15142fbb79d6f8048dc795d
2026-02-09T10:24:34Z,Banana_missile,account.3ea5abeeeeac4240ba6633b2296ac16e
2026-02-09T10:24:34Z,WangXne,account.4ca182268e444161977811efb1d08934
2026-02-09T10:24:34Z,Petergogogoo,account.30b009aa3b894b3bad95fa32fc8394f8
2026-02-09T10:24:34Z,Limbus_CP,account.3406da86877e437cba92a1a674cbd9bb
2026-02-09T10:24:34Z,0so-so0,account.29c08c9208e1423fbefa0afeee8755fa
2026-02-09T10:24:34Z,kai-gua-za-zhon,account.6c068562e6fa4a3da8dfaffcf146fcac
2026-02-09T10:24:34Z,TW-jun,account.192549add3f64b36aabe4de9dc812237
2026-02-09T10:24:34Z,kjbdzxfj,account.f913b723c01a4f2d8c9621ea781a35ff
2026-02-09T10:24:34Z,OxOuul,account.adbe421be2e84c8ab701e38f0d4abd6b
2026-02-09T10:24:34Z,waicheng2012,account.7005dbae21fd41a785acc0175b36dcc4
2026-02-09T10:24:34Z,Ho_x2,account.bdd03dca182040df83137856c5c7f4b7
2026-02-09T10:24:34Z,ii-DanDan,account.8feac47953d643a58c3d0462fb2d90bb
2026-02-09T10:24:34Z,K_KAIRUI,account.2d05e802feaf4234b20e22b49bf30d75
2026-02-09T10:24:34Z,V50-KANKAN-0,account.b03cbab543c44f9bb8275b8a7a682b8f
2026-02-09T10:24:34Z,LaoPiao-_-666,account.3e65f4e741f84d43a3d9b9d3aeee7996
2026-02-09T10:24:34Z,lyq---0000,account.e3b47d3faebb446497c75c6afa1abd40
2026-02-09T10:24:34Z,Jerry-o3o,account.fcda9872dc3c4622a63b4916de4c1c93
2026-02-09T10:24:34Z,Pepsi_bro,account.25d0cc01c39c481a8a37188f5b3a50a0
2026-02-09T10:24:34Z,9ovx-_,account.2320a19c13fb4b418b61799ff4843f86
2026-02-09T10:24:34Z,lichenyue2000,account.bb8ef1ef5a794455bacc39bb17507c59
2026-02-09T10:24:34Z,Yurongyan-,account.15dbd0e1773245b89a3583334dbc6062
2026-02-09T10:24:34Z,Directur,account.28dc1aa343f64bf0a8a0163f3aaa552c
2026-02-09T10:24:34Z,GodAimCH,account.99acb63dac6a40cb80e511a5d5ed38dc
2026-02-09T10:24:34Z,Yake-888888,account.330841a20b2546c8ae7760fa9bd4855c
2026-02-09T10:24:34Z,Liaocao_-,account.888f298aa5464c3bb7d83f95504dee8f
2026-02-09T10:24:34Z,qianxi58013,account.ae5a2a7c0da941eebb1b9500d184ef76
2026-02-09T10:24:34Z,LJW-NO2,account.a1405f8d06834aa0bfdb4ca21dbb6ba9
2026-02-09T10:24:34Z,LYB_SCORPIONN,account.687e0100b9614797bb2ef0fd3ad92eaa
2026-02-09T10:24:34Z,Niieuo_O,account.357df1de27774158a5a9fee9f9b9c3db
2026-02-09T10:24:34Z,JIAMELCXY,account.3c27c4e08ca94ebbbbe968eb2d7d45ea
2026-02-09T10:24:34Z,Lin_Zzaoming,account.bd8493374f4743c8b53947db8986b5b6
2026-02-09T10:24:34Z,Alex_left--,account.35fe087f79f545c7bd3e502235333a19
2026-02-09T10:24:34Z,heyibei111,account.ab891f42b64c4adf8c9f9dc9c0ee17f6
2026-02-09T10:24:34Z,WOAIYAOYAOyy,account.e3dd045780594caa8d4c4b2c4d87b5cd
2026-02-09T10:24:34Z,vzlfi22,account.a4da0dcb69cd4e1eacc36aa043afad77
2026-02-09T10:24:34Z,LiuSanSan1,account.edbd6cf2e6624c489afdb156c6ac4a03
2026-02-09T10:24:34Z,GBcnm4QJ,account.af7dc5b76d80436887da7adce5e1933c
2026-02-09T10:24:34Z,YoiT-,account.cb2cc169e5524836b4997fd98dfd5bab
2026-02-09T10:24:34Z,BO-BoBo--,account.0fd966926f594046b5d7e333f465c9a7
2026-02-09T10:24:34Z,MaxRoom_-,account.4b2f18214af14649b52551aa7541b5e4
2026-02-09T10:24:34Z,Echo_zww,account.dc202931e3a440b793578b7ac17a6426
2026-02-09T10:24:34Z,8c1y_-,account.f1afd1c17b7c4ef4827be84d302372db
2026-02-09T10:24:34Z,ailangdeHai,account.627a54377d8e4cbc9868309bfe764fe6
2026-02-09T10:24:34Z,doumop,account.08523df3206048ccb27c166e43b1ba8b
2026-02-09T09:59:13Z,AHshai,account.e67bd9213c02421480771c87f99b09f1
2026-02-09T09:59:13Z,aajj114-411,account.56456bfc2b7d44cc9e6b17ce9da857b6
2026-02-09T09:59:13Z,77lin_,account.4786cb7758ab42c4826214a47f3a3830
2026-02-09T09:59:13Z,Sakura-Eriiiiiii,account.25892b39cb784636a9ac08566297fa50
2026-02-09T09:59:13Z,rfsafd,account.4318895a545647848885276803992fb7
2026-02-09T09:59:13Z,SANABI_-_-_,account.abe522ac84bc4680b1e580cade986195
2026-02-09T09:59:13Z,Destin_Hairit,account.718ecb5d10cb4c6e8c3c48248655096f
2026-02-09T09:59:13Z,BurJin_ChaGan,account.058ff527bb0747e9b89ce069bf3f07fc
2026-02-09T09:59:13Z,Wang_ChenXX,account.2a8a9d3b522447bc90ac70cbbab8dcdd
2026-02-09T09:59:13Z,17-kkqiqiaaa,account.7abc8319a0d9403c91f6211c0e1a6eda
2026-02-09T09:59:13Z,AaronCni2,account.ae2a91206b3d4230a146121d5fc63ee1
2026-02-09T09:59:13Z,MK550_cc,account.e4542735882241808198727c38b0c041
2026-02-09T09:59:13Z,17_MambaAs,account.95e6f9e6c81d45a9bbf8cb3978744a8d
2026-02-09T09:59:13Z,z3ya8b1m9q,account.aa1c732d26d14bd693b74fd5499d4b11
2026-02-09T09:59:13Z,china___Qingxing,account.4aca202d30e2448988970fd48635216f
2026-02-09T09:59:13Z,GeenLin,account.b2ff35ec45cd4d3e89242645c2b7f6d6
2026-02-09T09:59:13Z,DarkerSK,account.127d8052e56d433f9557083fb99ea6e1
2026-02-09T09:59:13Z,BuiBui-PAPAPA,account.64ddef02fe074a4094bf319deed97543
2026-02-09T09:59:13Z,JiSooo-_,account.421ea7c3e16f4788b03536ea521eba46
2026-02-09T09:59:13Z,xiaonan201314,account.55f019954cf845f18ddc7aeafe2773b7
2026-02-09T09:59:13Z,Dingcccc,account.c630f1ee2d0c48598dff0c4f6456fb06
2026-02-09T09:59:13Z,Donald6,account.c2da9a9586a14d2eb15ff50aba86e078
2026-02-09T09:59:13Z,Stepmotherlena,account.4564ecb6e4864e6d9a474dd11eabe873
2026-02-09T09:59:13Z,995_Xx,account.2de7de37957d4ae8b8a184e6f4b8d3a8
2026-02-09T09:59:13Z,Avenger_CZK,account.2c42629e657f4b6d99a7076ed04d857a
2026-02-09T09:59:13Z,AixLeftii_-,account.28f5834a85e2489da5a71f83a9489241
2026-02-09T09:59:13Z,kuhahaxiaomimi,account.d5e75146c15746f7ade807255caaeab8
2026-02-09T09:59:13Z,Yylcoco-,account.67be9ba4483045a3aec3fed9cd99f739
2026-02-09T09:59:13Z,youwugg,account.abc958876a8149d09677e1ea11758a84
2026-02-09T09:59:13Z,Vajra-_,account.42a119e7d7fd44c1a3a3934d10f51475
2026-02-09T09:59:13Z,5WLe4f6tyGOmN,account.dd26617f76f84f9684e9451b404e5e20
2026-02-09T09:59:13Z,CQGLT0917,account.f3ae1e8c561941088812c21f25ca4624
2026-02-09T09:59:13Z,v30_mobapigu,account.e41de134e5a941ab976544879743e70b
2026-02-09T09:59:13Z,oukikiuo,account.e756e792d7e44e84a616cf9d32db1334
2026-02-09T09:59:13Z,Duan-Rookie,account.902064f253944b9094a8eb722a4d1c28
2026-02-09T09:59:13Z,xiawanxing,account.2cf2e4dada0b4d5bbe606e422d806145
2026-02-09T09:59:13Z,Ding_XXXXX,account.19f583fda98c4fcdb5db64e45c4c48c7
2026-02-09T09:59:13Z,DRHLeleven,account.dbd944f6055b440fab294507d9f6c7bb
2026-02-09T09:59:13Z,Romantic_Me,account.f73220e48139422db7d93e15805054e8
2026-02-09T09:59:13Z,sunrenjie123,account.dd028a0cb281485f9d92a74e4236efff
2026-02-09T09:59:13Z,weilong9507,account.1de5a7ccb0264db08bbbeb6fa8bb0971
2026-02-09T09:59:13Z,xiaoxi198731,account.0c8a9c4c3acf43dc9dd40e2c1c3e3bc6
2026-02-09T09:59:13Z,LiGG12,account.7b9ca79a6d0e4bd3ab4ba5730a08a802
2026-02-09T09:59:13Z,Chirw,account.7c5aa44589da4c5083afb00e5f8ecc5e
2026-02-09T09:59:13Z,gajun_man,account.d8a30501a890435a9d8bbc30a9055362
2026-02-09T09:59:13Z,oiwis7,account.d657ad5ab9074b55907adb1710d4b275
2026-02-09T09:59:13Z,184cm-65kg-26cm,account.e3d9686bb3294408915a10192560da07
2026-02-09T09:59:13Z,josensanta,account.dbccd15ee18f4e358d9659c1e9ca4634
2026-02-09T09:59:13Z,B1e_mo_wo_zhuzhu,account.40bc780734e6475da07d68e1d849c561
2026-02-09T09:59:13Z,Sweetba-_,account.88ba06a85fe24aaaad4ba8d912d90fc6
2026-02-09T09:59:13Z,Drw-laotou,account.a41ec4c3392b4cd1bb717a6ed506bd7c
2026-02-09T09:59:13Z,1_oii,account.a3af9c3836734f9ab0958c53bb01dacd
2026-02-09T09:59:13Z,AlongAmr,account.f2707d66ea704a41addf31cb008d0f55
2026-02-09T09:59:13Z,NqVHB_Q7StQuM,account.43b151d8052d4cf2bdbb464264a26973
2026-02-09T09:59:13Z,Heart_QnQ,account.254a686f840647eeaa95d4b9b29c2c58
2026-02-09T09:59:13Z,1_yuxn0,account.b8762afaf7b94990821d2c79a71c3c82
2026-02-09T09:39:29Z,xiaopangtadaye,account.bfa2f4a43768477e9ee20dbc3b940aa1
2026-02-09T09:39:29Z,qiqili_,account.d8da8847956946fa80b83276f8770c70
2026-02-09T09:39:29Z,hIGh571,account.57842fbb930c43579874af312c9945b4
2026-02-09T09:39:29Z,dwsacfdsaa,account.06a5fee5c2e246ea95f3efe70b9e0bac
2026-02-09T09:39:29Z,A-7iing_,account.dc876f47bfa249ce84b5463d179afbb3
2026-02-09T09:39:29Z,huashengheshang,account.4486162c9c1b47efa8e6a2d016023723
2026-02-09T09:39:29Z,AK47_Jignam,account.69ca3dfddd66459a96058bbcf6a5f2e9
2026-02-09T09:39:29Z,SQS--Xiao_5,account.1728186a485648c195fea049819a9f5f
2026-02-09T09:39:29Z,kingliwing,account.2589113c2a5643529793f362be0ebb19
2026-02-09T09:39:29Z,David_Chen_1,account.a122f63819724affa451d7d0e53283f4
2026-02-09T09:39:29Z,CBZ_Red,account.3185ba3b15dc44b08870a4b35a668bd0
2026-02-09T09:39:29Z,Terminator-Lhd,account.7817ace8003a4245b94f43970aab58db
2026-02-09T09:39:29Z,55678CHING,account.fe8611979e21445b950657eaf841e583
2026-02-09T09:39:29Z,Crazy-MR-W,account.a78580c598d443e5a4d67109137c4114
2026-02-09T09:39:29Z,L1uX1ng-_,account.50c17a324c2846d0bd2656ca6badfcb4
2026-02-09T09:39:29Z,Benjklmnov,account.2fd58a440fea4dfc8fde3ff8701dabec
2026-02-09T09:39:29Z,Mood_-_,account.d176419dc7f24926ac72182911d41cd0
2026-02-09T09:39:29Z,SS_SneeZe,account.f3d597a787194f7fae1a83285de6d45c
2026-02-09T09:39:29Z,hutuxian2025,account.dee386914cf54a20a9141a307f59387d
2026-02-09T09:39:29Z,baba_de-baba,account.f642dbf489b04ec49292a184d6fe2482
2026-02-09T09:39:29Z,NH_-xin,account.9680cc4decdf4afbbb848b0c1624a63a
2026-02-09T09:39:29Z,Thomas_JJJJ,account.4236d1a9f07143359f32548ee52a76d6
2026-02-09T09:39:29Z,Cherich-,account.0a84f7d8c6144013acf76a3ac5721d16
2026-02-09T09:39:29Z,Ranger-X22,account.ed9931add86c431fb6c43cc397bd8cc2
2026-02-09T09:39:29Z,Detele_sex,account.ebab9aba7d9e4bb882a9c45dba9fe7b0
2026-02-09T09:39:29Z,Kill1pvxz,account.e42d8cd005214b34bda647842c74896f
2026-02-09T09:39:29Z,Baby--M762,account.b3ad67af2b50499b9aedfd2b834b2975
2026-02-09T09:39:29Z,iTu77_,account.42c03c3ef3f241018753d8a7cb5ba9d5
2026-02-09T09:39:29Z,Terminator-AI,account.9893fdd716cb4342a3707a03717305d2
2026-02-09T09:39:29Z,AK47_Magickid,account.026ee191712f473ab89d38c06c9f95d0
2026-02-09T09:39:29Z,Q7_Daaaa-,account.d555e2c30575488f80be534e66b58804
2026-02-09T09:39:29Z,haozi1125,account.411f5f6166fa4117bc19f20629b840de
2026-02-09T09:39:29Z,ideusinperfect1,account.ffd413e2125f46e3a06b26f7324a63ac
2026-02-09T09:39:29Z,SanMingz1,account.b1c4e44316e4413da0f9a634010d4bba
2026-02-09T09:39:29Z,01G32pDY,account.60bc2ae6f7104ccfbbadffc429ab53d8
2026-02-09T09:39:29Z,Guagous1quanj1a,account.8c4cb1481ee74c5992060da6245aa8f7
2026-02-09T09:39:29Z,lr3788,account.e1eda793ee9c41f4909f366ab7fbed13
2026-02-09T09:39:29Z,Kerwin77231,account.de1b6740ac9741ca8d493d3100d8097d
2026-02-09T09:39:29Z,PENG031299,account.b6a2e1a32a3f46e997e22041e34c5c1f
2026-02-09T09:39:29Z,Life_Acto,account.264a40f014f5451594ed33348b2ed6ee
2026-02-09T09:39:29Z,rlatmdgus987,account.5814472f2c974e6d8411cb0c1d84b09a
2026-02-09T09:39:29Z,tongtong0322,account.3a0a45b352db4c6590f236457323a244
2026-02-09T09:39:29Z,QWQ-XIN-GE,account.20804d6ec26f4458bbbf38e65301e0cc
2026-02-09T09:39:29Z,U5_44,account.68733a8007eb403da3f860e0d61f652a
2026-02-09T09:39:29Z,bosss000666,account.3bbae930d8f6456ead93d0b6b53eb499
2026-02-09T09:39:29Z,CurtaN-I,account.76dd5c211b9043de9b013931e29268ca
2026-02-09T09:39:29Z,Miracle_kan,account.cf13c17cc7c9407eb2e0b972df207128
2026-02-09T09:39:29Z,1Lzx-_,account.cbaaa900d79e42e8b1208e111c4c5bb8
2026-02-09T09:39:29Z,CZ-161,account.24058ed644b44a6ba696acfa2e191341
2026-02-09T09:39:29Z,Lang_red,account.08949941ce22455bbefc9df52b5fe2c3
2026-02-09T09:39:29Z,dalangqiqiqi,account.759a8d42ef1a4da092868bdba05c4866
2026-02-09T09:39:29Z,X-_1995,account.d8f19bfb38c348adaccc7f8341ec9e4d
2026-02-09T09:20:19Z,C_HunterYou,account.e0b6d94fe3914e3e9513c1487a790206
2026-02-09T09:20:19Z,Suunto0,account.683a6ef0ce374702b3c8aedf046de3d6
2026-02-09T09:20:19Z,LaFe-72,account.55a38160821b4e30bfe7603d20c0bea3
2026-02-09T09:20:19Z,RrrrHhhhhhh,account.6f28011db34e4e5aa43251797d347146
2026-02-09T09:20:19Z,hchshimn,account.2722f45fa1d04e90b0b5e069f2dc9bd3
2026-02-09T09:20:19Z,laobiaochong,account.84e53a8e586945ce9418aa0010f4b43c
2026-02-09T09:20:19Z,Asexuality0,account.e8513d5b2a474806a35d11a62e4dbd2e
2026-02-09T09:20:19Z,9qgb3qdhtzg,account.5ef15bb5c9bc428691ffddff837239dc
2026-02-09T09:20:19Z,John_W_Cerasy,account.bdd4a58796eb42bd8ae7250c053cf266
2026-02-09T09:20:19Z,wdawadadwda,account.9a49106727ec45c5866e0b9746599fa7
2026-02-09T09:20:19Z,Bebrave0-0,account.fe2928207ad14a439715651149750724
2026-02-09T09:20:19Z,zh0527__,account.0dd59e43a0dc4cd48a0d28369f5b0f45
2026-02-09T09:20:19Z,Loog-_1937_-X,account.9f6d05849d334a55832fecd158b7b507
2026-02-09T09:20:19Z,kingdda__,account.95387164ad4646a086671331c7718f97
2026-02-09T09:20:19Z,vivo-s10,account.43f067e8298046e2923683259c630eb5
2026-02-09T09:20:19Z,92-Laity,account.a2688f3e27ef48959068982988518e56
2026-02-09T09:20:19Z,T_T116,account.22f0a11e02a9447f827e894b83f7b51e
2026-02-09T09:20:19Z,SxSsssssssssssss,account.5b31238bcc5442f88f29db3b3556f054
2026-02-09T09:20:19Z,G_LiuQ,account.418b4a2830bf48a58935e177e41b0575
2026-02-09T09:20:19Z,SHIYuFengTian,account.4d9146b7a71c4f999d3873e2c2702ca5
2026-02-09T09:20:19Z,sang_GOD1,account.3aec01027e9f4c1ab3d71e268337d017
2026-02-09T09:20:19Z,CISSCE111,account.51450e498a604c82805f53c6e5ca7db2
2026-02-09T09:20:19Z,BBDDNY,account.87da745d4f64448d9a27adc3edb086d0
2026-02-09T09:20:19Z,NB--QiQi,account.d84077994aaf4c4da4ad0bd0b6e607c4
2026-02-09T09:20:19Z,jifengyasuo,account.e6906aa9aeee4fa6a0dda554d52cdf57
2026-02-09T09:20:19Z,Summ3Rgg,account.60ba14e8522747f485cd955caaf90248
2026-02-09T09:20:19Z,RollMing_,account.9b5d097c806e4c2aaeffc07e7ff83d01
2026-02-09T09:20:19Z,TWINKLE-XYX,account.ab38d16d90284af0a31210d2828ca8a8
2026-02-09T09:20:19Z,yl1986yl,account.e7c7342039374aeab4238ba7a106fd85
2026-02-09T09:20:19Z,huanqiumeng,account.c44eb4b96c15417e96ebb20ba5d33173
2026-02-09T09:20:19Z,LYY080014,account.f0b706b093754bbfb3e191953ade574d
2026-02-09T09:20:19Z,HR_yueyan,account.7f56bdfe54ff42ffb03055bb747e1754
2026-02-09T09:20:19Z,li1shi,account.53623ff50f4045edb8d1374797d9f91c
2026-02-09T09:20:19Z,Aug-xiexie,account.40a9dcbe0eaf45969113fe6b097499c8
2026-02-09T09:20:19Z,Chloe--pp,account.8f3ffe87f80048d3b48889d7786f5dfe
2026-02-09T09:20:19Z,ZhuYaoYaokk,account.0e9c7df6148c4c3bb62c2e7dd0768ad0
2026-02-09T09:20:19Z,Karkar_,account.df026727cdbf4b4592d94a17cb028050
2026-02-09T09:20:19Z,PRC_c0621,account.767f96c2b7c2487298eb52b3c7713b02
2026-02-09T09:20:19Z,Tuisedancer_,account.a0b26ca7f53640369a927ad588ffa9ad
2026-02-09T09:20:19Z,hghanfei003,account.559783188f724fee821a214f99116491
2026-02-09T09:20:19Z,17_xiaolululu,account.22ec1d1a20c24554a99c448d32764232
2026-02-09T09:20:19Z,Show_Only4_U,account.99c1cc50737948afb6ae510ed8b065d7
2026-02-09T09:20:19Z,kjs_safe,account.57863bd32927427d8ad1e95526b59831
2026-02-09T09:20:19Z,laoqiang23456,account.7a020c9d892d4c31b18d66a3db831873
2026-02-09T09:20:19Z,Lnsane9_,account.faade2daab424bc7a73728e1bb364bff
2026-02-09T09:20:19Z,wettzx1230,account.fa382d7f119e4de49cc05c2709481216
2026-02-09T09:20:19Z,chinakiller99,account.9d9df9a74d474acfb15da84d46f37bcc
2026-02-09T09:20:19Z,Zzlli_,account.1d37635c689641229c6495ff08d01612
2026-02-09T09:20:19Z,Xx_Bai-_-,account.34135ef65e75469ca295a3296ebf2a67
2026-02-09T09:20:19Z,BroForce-YuanZ,account.25517c01f5da4f32866b379e88b25e28
2026-02-09T09:20:19Z,MKSCC-Waitz,account.bb30fb7e01bc438b858c369dbe626776
2026-02-09T09:20:19Z,parkminpark,account.1b28fc740d394e96828545d5d972c118
2026-02-09T09:20:19Z,PeRo_Enn,account.e7d900c96f454f21b44ccecf658ed0f9
2026-02-09T09:20:19Z,xXx_23,account.958f4f9d0416455ab3c98346c29b6e75
2026-02-09T09:20:19Z,Vvvvvavvvvvv-,account.cbf38666b36e4730831358d5108a6892
2026-02-09T09:20:19Z,lovenyunyu,account.b4161fbd819d4bacaaed2c2b841e4d49
2026-02-09T09:20:19Z,cj_hao6,account.d6a378090ee746d8b01d29f6b53d9a4e
2026-02-09T09:20:19Z,LJ0971,account.b388ce2f43604839b558c497c5a106be
2026-02-09T09:20:19Z,FC_Spoon,account.77d31b996cf04623a2a008f594b29190
2026-02-09T09:20:19Z,JUNBAOBAOENQI,account.2beb425c8bc343089f99ae62e07e92c0
2026-02-09T09:20:19Z,12-3-4-5-6-7-8-9,account.7837b774c47a43e7bb6f5076ed31b8fc
2026-02-09T09:16:47Z,Gunslinger-Zz,account.d82fa69450c14fa8b40af52e03a4899e
2026-02-09T09:16:47Z,AK-DaShu,account.098d983949404c5aa1893c2b129e370d
2026-02-09T09:16:47Z,TOM-528-,account.81d5f8fb0b2b4353a962ad359bce756e
2026-02-09T09:16:47Z,3yuE1_,account.7481f18a3dd5485d9442552fe11be6b2
2026-02-09T09:16:47Z,Erichuazi,account.6353caee12ed4ae7a26e87da6bed0bcc
2026-02-09T09:16:47Z,zerodatou,account.2007683e5f954433be57730e32747b91
2026-02-09T09:16:47Z,RP3Y02,account.3675c50955de4132877301d412e66d5d
2026-02-09T09:16:47Z,ZG_daxiami,account.faeb761a06f04acdada1bae41ba666b6
2026-02-09T09:16:47Z,markeI0ff,account.cdbbb75d2cd64f9eb00ab26ac7c74f45
2026-02-09T09:16:47Z,q1u-0605,account.803d5e91f1e949509af6f2c28e00dad9
2026-02-09T09:16:47Z,Le-ei,account.576e2c9a2c1a4403a8a1e73d4b0c6838
2026-02-09T09:16:47Z,MSN_Awixt,account.3abfd5522c1141119348c09c5a2b63d0
2026-02-09T09:16:47Z,Didididoudou,account.e18364444e9b48708c3cd202353bb150
2026-02-09T09:16:47Z,SD-xiangqian,account.9a9956ceab0e4119b0d8d438f4e4dd35
2026-02-09T09:16:47Z,OverdoeSheep,account.109555dc614d47febe28601473a62189
2026-02-09T09:16:47Z,Twilight_07,account.f3aead9bd0d149c092f93b5eb4bb8313
2026-02-09T09:16:47Z,DouY1n-J1BuZhu,account.4bed2fdda347492fb15de3a7206667d9
2026-02-09T09:16:47Z,china-Cheeks,account.6f900413c591414c8aeed88f4d57c35b
2026-02-09T09:16:47Z,FCZ--LY,account.c6c4cf6ff32e4355adc34cb47a78dfc0
2026-02-09T09:16:47Z,ak129692,account.17b4df7f682b4523b941e012d098366b
2026-02-09T09:16:47Z,17_Vincent_,account.cfa3e6d0304241a793e09bde459dd598
2026-02-09T09:16:47Z,WH-JG,account.b49772f15e8641c2b0c1c360f6a564da
2026-02-09T09:16:47Z,Z-6666-6666-6666,account.a17969cee6614413a0435aa45d9a86cb
2026-02-09T09:16:47Z,I-Away,account.e6025bab1299412e97b1a6514575836a
2026-02-09T09:16:47Z,Huitailang_555,account.18037b41c1d14f71ac2bbd1c8e446acc
2026-02-09T09:16:47Z,Peacewealth-,account.3a3725e05aa643858f405948eeb5dcce
2026-02-09T09:16:47Z,Ni111333,account.284e2058005548a59c2e9359e6359bab
2026-02-09T09:16:47Z,Apex-0610,account.1bdf688a148447b09b1e6b1994b05169
2026-02-09T09:16:47Z,lisa---007,account.5bd54ea0a2e841528286b91986a5243a
2026-02-09T09:16:47Z,TaylorMade_z,account.20f991e3ef1e42e68afcabe707b16255
2026-02-09T09:16:47Z,0412-wangwudi,account.bda42717f78049fa906a8d375d2577b3
2026-02-09T09:16:47Z,1SStutu,account.d3547796a3b749e19de80ae4594189d7
2026-02-09T09:16:47Z,sunshine_CcCc,account.240b2a14a90b464ab17b6d67771b9aad
2026-02-09T09:16:47Z,KuZong_3333,account.fac826aa797840e78df8f59fe62dbe05
2026-02-09T09:16:47Z,HJHKGUKJ,account.43d7d28a83b744f9a0b3ed252711413c
2026-02-09T09:16:47Z,FF_QMing,account.bbdf3f74e7ae4f01bd647bd396c5bd1d
2026-02-09T09:16:47Z,Ace_xiaohai,account.0e46d88cff76437ca7faf955b1a88c90
2026-02-09T09:16:47Z,PeRo_GOVsishabi,account.4581723713b54ddd8c2276c16aeabb04
2026-02-09T09:16:47Z,For-somethin,account.e14429a7f96c47c8b57799e82a25b8cd
2026-02-09T09:16:47Z,o3o77b,account.e9666f727b774c4fbe67c85197902b10
2026-02-09T09:16:47Z,77_YLY_77,account.a59cd243ff544c908204db3043cf23c7
2026-02-09T09:16:47Z,Csgo_Lao66,account.8a72b8321e5e4b3cba0d78455c29f606
2026-02-09T09:16:47Z,XDD_Rain_love,account.e1df380ca572412e9acbb641c7e27d51
2026-02-09T09:16:47Z,halasao1,account.31c07776e38848d19292c484f2ba5f9d
2026-02-09T09:16:47Z,G_Betrayal,account.5dc434e9e7bf4093897eb588fee01caf
2026-02-09T09:16:47Z,Yuho_o,account.d12f8e95504f470b9845e2bf7c08cef9
2026-02-09T09:16:47Z,Ayo_7i,account.fd369b267a9249a8b624311e2f7c0676
2026-02-09T09:16:47Z,iiiff888,account.a719162a550f4873b7849cffb6d903cd
2026-02-09T09:16:47Z,AAAcheyuochehang,account.cd731cb2393c4c06883741cca9932b4b
2026-02-09T09:16:47Z,SALUT_-,account.fe0dea1f28ca4ca08613ff3ae0433dae
2026-02-09T09:16:47Z,ZuTTeR_Yoo,account.3a6348e136e546b2b132dd159d49e12e
2026-02-09T09:16:47Z,xiang694300,account.92e8a4f5dc804f94a2a5ac7c354c8a7c
2026-02-09T09:16:47Z,Lsaybye,account.70bed9445c9b4adcaa3506c33fd8f957
2026-02-09T09:16:47Z,Electric-XiaoAI,account.aab007f961ec4e2a9fed590deec1d4d0
2026-02-09T09:16:47Z,SE_KT,account.706556f04f6747a7b666c746c160363f
2026-02-09T09:16:47Z,wheat-xiaomai,account.cdb10435d1034c4d8267428f11634e2a
2026-02-09T09:16:47Z,Groza-Zuoking,account.423cdbfa3d114c9f85eed77595679b50
2026-02-09T09:16:47Z,9iKouBao,account.353fddadccc643268958a4f94f75af4f
2026-02-09T08:59:13Z,Tommy_ShelbyL_,account.ccff6ee3d7444ccfa02ac0d96cec2fd1
2026-02-09T08:59:13Z,Haommmmdidi,account.9fef3778b17349d6a216a05d5f1da63d
2026-02-09T08:59:13Z,Mo0NR1SE_,account.2fa86da4e645405ba0cc00ac2ac4441d
2026-02-09T08:59:13Z,KTV798787,account.2636a99148d645a38a34d2e878a09d13
2026-02-09T08:59:13Z,LBNDBNM,account.ea391511aa3b461dad4b4e0d96d93bca
2026-02-09T08:59:13Z,MeiYouFanNao_,account.00163c8ee3e5495bad925108fb53d950
2026-02-09T08:59:13Z,Taeya9ii,account.a95246da2c8245f1bfff131b3866ffdf
2026-02-09T08:59:13Z,Falcon-luoye,account.f0e2843a4235440dbbfafb1403f7f553
2026-02-09T08:59:13Z,zxz-200,account.82b612e3464644f98e7410701133a4d7
2026-02-09T08:59:13Z,NuochengQWQ,account.90fee175c4824f54b6391369563d0c6d
2026-02-09T08:59:13Z,junyu258,account.c30fda77a2724822a71cea66ec4cde81
2026-02-09T08:59:13Z,Heale_Starrv,account.b0c78d1c431a4adcbc2bb9f64915ca84
2026-02-09T08:59:13Z,tedch,account.22eeba4a2a82468fbb324d8afd883e3a
2026-02-09T08:59:13Z,XST_ZAQ,account.bd778a4b366e4a3c967e419eeef754a1
2026-02-09T08:59:13Z,vvlikeyou_,account.7d05388dbb7a4fe7be332703055eca92
2026-02-09T08:59:13Z,Mywomao_,account.5cf426f2a2514b7cadeaeb05bfda2516
2026-02-09T08:59:13Z,Faith-yhxxx,account.33210cd7676f404eb51614a24bed0e58
2026-02-09T08:59:13Z,yubingbaba,account.66ed7ed4c62c43238d06f0b7e6f20e4d
2026-02-09T08:59:13Z,Uncle_Angus5555,account.5741ad6f4807403eb77c8224b9a0753d
2026-02-09T08:59:13Z,sMaydaymayday,account.c1d163d7f353412bb15177406d349596
2026-02-09T08:59:13Z,SKLyy-pu,account.05f2e7c880a747528fbcafd2e35a3598
2026-02-09T08:59:13Z,XST_BigDuckKinG,account.f5bd024e19f34179a4ecf969bd79c2e2
2026-02-09T08:59:13Z,DY-AXI,account.6788494a0a794ddebc6b8a4133ad5c03
2026-02-09T08:59:13Z,imp917,account.d93abaea7b3b429abe807be39ad6d9f7
2026-02-09T08:59:13Z,Mymao__,account.28b849d7998242b2a384fa4816950eb1
2026-02-09T08:59:13Z,Lozs,account.345d26ad23e342dfb05f12daa96bf254
2026-02-09T08:59:13Z,MM_Outlier,account.882479afdcea4bc48f29f3a64c12f916
2026-02-09T08:59:13Z,woailiangkexin,account.19c88191a53a4fd3a8d1aeab6bf26d01
2026-02-09T08:59:13Z,LiangChaoWei_-,account.5fb9e017010a4b01800fa56d5b558b45
2026-02-09T08:59:13Z,MMP-SB666,account.226d1467e64c4fc4a975ee2e99639331
2026-02-09T08:59:13Z,lookERiven-mama,account.d4e870e47c7a462682d4b7dc7e57e7d5
2026-02-09T08:59:13Z,XST_ikun12138,account.a073161bacce45ecb67885a162b9132d
2026-02-09T08:59:13Z,Chamdo_cdzg,account.44db0a2e482e47d0bcfaba8e1de81c2e
2026-02-09T08:59:13Z,V8-MENG,account.3a1c56db18da4f12adc8c5b22dcc44cf
2026-02-09T08:59:13Z,xiao520677,account.c5df536f2dd547cabdd55ad442cf49bb
2026-02-09T08:59:13Z,1_will_kill_you,account.25c1ee5a44f3429a9346788b24ff4703
2026-02-09T08:59:13Z,XST_Zun,account.46b5a1bc4d524c4eb97969c0f93a231f
2026-02-09T08:59:13Z,NBW-109,account.98516c9ad7c84c5eb8a698b2952cdcae
2026-02-09T08:59:13Z,BoBi_Ken,account.5445c3e76c704b7391e089c40032da35
2026-02-09T08:59:13Z,wuze778899,account.18d76d013af44030bbc32090f1665f24
2026-02-09T08:59:13Z,gebi-laoshen,account.618fe9e5ca024954817d889c575218da
2026-02-09T08:59:13Z,tanxinggongzuo,account.bb80b2f80c5e48b9a25058599df3ea0e
2026-02-09T08:59:13Z,don9_666,account.55fffe76a0584da49513755a0a6bb1ff
2026-02-09T08:59:13Z,CanCanNeedBeeQAQ,account.666853b284c349b897915d7c2338a1c8
2026-02-09T08:59:13Z,XXXX_UUUU,account.a5f916acfffc4b2fb6f35a0f1fd0676e
2026-02-09T08:59:13Z,SoldierCaptain,account.e199341209364bcc8fd4f1b5cef1778b
2026-02-09T08:59:13Z,GoldenGrove,account.f5febc9bd8c54b61937fa14a33658e2f
2026-02-09T08:59:13Z,monster_bangbang,account.982991f5179943c9b5bdd650f986d9df
2026-02-09T08:59:13Z,Lyttt_-,account.19683b8daff94d0c9b15e29cfc09c98c
2026-02-09T08:59:13Z,www___C0M,account.2e46428ce20a4be4a0ad96201aade994
2026-02-09T08:59:13Z,JUNZESJSG,account.0f1fbf3d02ff4571b03d5f04d7d88393
2026-02-09T08:59:13Z,Nibabe_-,account.a474496af9604b16aa205b9f32cda384
2026-02-09T08:59:13Z,add_19,account.8f86ec14709e4e55af62c4c0387fb73f
2026-02-09T08:59:13Z,Haunt-UL,account.22e0b5cce9d14d9f8a0c4467372ad95d
2026-02-09T08:59:13Z,18millan,account.cd0fd1c6246847cca3d8924cd7965105
2026-02-09T08:34:41Z,zlyqlmj,account.54df5e3624284821862063b804036c39
2026-02-09T08:34:41Z,98K1oooMiBaoTou,account.569057aad2064fb49f5c5c5d76429484
2026-02-09T08:34:41Z,zipeng-_-,account.46809af8609d4cbb99b38c102bb7fff9
2026-02-09T08:34:41Z,M416--MengNan,account.021d97a72cd944e7bc50efe2a214b301
2026-02-09T08:34:41Z,IiIiIiI-_-NanGe,account.07ada7cc66664458a6d5c51a8e9b47d7
2026-02-09T08:34:41Z,Month____,account.a301449e7ef64e978b0a26762c950e8f
2026-02-09T08:34:41Z,Tiancai___DaWang,account.b945d6a3a6f3403d8c034ca4e91d3495
2026-02-09T08:34:41Z,RuanRuanMIMI,account.1aa3d4a62e0a4ab9937dfa6c817082a3
2026-02-09T08:34:41Z,hlanw432,account.59cd1297a2454ce2942add55d7a08d62
2026-02-09T08:34:41Z,ZhenAiYuan,account.f44686cb85144bd6a7604987b13f7acc
2026-02-09T08:34:41Z,lspMrli,account.e05d9d350c3f4d5a91730ae8929d3b19
2026-02-09T08:34:41Z,Jiushigou-Yuan,account.dc82a9c7bf194a3f8e82145c102f7b32
2026-02-09T08:34:41Z,dasi-daohaogou1,account.e2c4bfe74f6e428f85cda8e438435fff
2026-02-09T08:34:41Z,YuanCry,account.7487fffa330c4119af8d265dd37ce4bb
2026-02-09T08:34:41Z,LOBBYLOFAST,account.0f0e5a9b35784151acc63804949e1493
2026-02-09T08:34:41Z,i7oveu,account.0fea66df672e4c2db70ff8cb87cc95c2
2026-02-09T08:34:41Z,Sar666666,account.d3b6a0ee690a4be1a52cb8062a26f35d
2026-02-09T08:34:41Z,PKL-1974,account.da7eeac686e24e69a457353248529f6a
2026-02-09T08:34:41Z,ILMale,account.a8e529b47cc24039ba0352922bc78763
2026-02-09T08:34:41Z,Excellent-Jin,account.745cb365e9d34279928591c1d834dd15
2026-02-09T08:34:41Z,MK6120,account.ba76cdc9846e42798f926e4d35964d53
2026-02-09T08:34:41Z,cherry_susu26,account.b1748c1ad1b1458daf9d8845368c469e
2026-02-09T08:34:41Z,carry_pao,account.053de8cb470f4c1492f0aebedde7279d
2026-02-09T08:34:41Z,LittlechenTX,account.b88cdb6fc25846abacbaeb7dcf4796c7
2026-02-09T08:34:41Z,szqszq1,account.440b447a53f6412d98315f9d1409bf9c
2026-02-09T08:34:41Z,Sophia_Monody,account.3a847d8c96ee4906847b297edbcacf87
2026-02-09T08:34:41Z,1shz_,account.19740c94efd74fe8a1eb38971c95eda4
2026-02-09T08:34:41Z,Jpwjxag,account.38c1e444663e4258979a4fc4974df2d4
2026-02-09T08:34:41Z,Qianjiale587,account.7d774832f48645278c59e6451ff52079
2026-02-09T08:34:41Z,AS-xiangyon,account.ac8326d6f05b430da4d79c857c65f956
2026-02-09T08:34:41Z,TLG_Tame,account.5e5bbd0dce7a40f69a4c2ff2748de735
2026-02-09T08:34:41Z,kameng-9173,account.d84a12d069b547b48088d08250ae2dce
2026-02-09T08:34:41Z,xubaobao9,account.b337f5b375c548519b9fd32763bbdce2
2026-02-09T08:34:41Z,JuJiShou-Y,account.67133bf7c30941ce91d7daeffd9cb80a
2026-02-09T08:34:41Z,XIA0-MI-MI-123,account.cd5cc6d4a910475a93b6dd8e9bd18290
2026-02-09T08:34:41Z,YuanAiZhen_,account.dfa45d108caf443e97efb1fbae06236c
2026-02-09T08:34:41Z,DaShaoYeA,account.705fa4e19915434286cbbdc4bdecfcc4
2026-02-09T08:34:41Z,AZ-az8899,account.80ca942c1f874be7a1d62c48d4b3dfdf
2026-02-09T08:34:41Z,HuYa_Az_LSP,account.d0c116ab81e24b3994d03e6b46fcee6d
2026-02-09T08:34:41Z,YS18_,account.6241e2369cff44ca8076183101e16a0c
2026-02-09T08:34:41Z,Dream_GonLive,account.88181a687a0248e48d5e9531208ead46
2026-02-09T08:34:41Z,NaiSiXuanShou-,account.9a7eb6f36c8341798b6d6616d38b96b1
2026-02-09T08:34:41Z,R1ta-_-,account.11d78079c9da4052818dd40698b1ad97
2026-02-09T08:34:41Z,LuoyiRegret,account.b8098b82106b4cd7a59c88c22d8b121f
2026-02-09T08:34:41Z,DAODAODAONIBA,account.8e5d624258c54bf6b6b3990fbc189138
2026-02-09T08:34:41Z,sexypink12,account.28cffffd9a874fb49b0bc71bde1a5b26
2026-02-09T08:34:41Z,Kay-Melody,account.7f637dd2c35649549d6d3de5cabbbd87
2026-02-09T08:34:41Z,DZW0624,account.686405bbc4f34dc89f72f5ff1f18c982
2026-02-09T08:34:41Z,wavehoo,account.ee3739a1092b424db574b1a89545d36a
2026-02-09T08:34:41Z,s3z7etxi8l1,account.95ca70f1c29644b5b7440f685d03e5b2
2026-02-09T08:34:41Z,Zy-zhaodaqun52O,account.9ccf82715a974b7ab76a22977676ac40
2026-02-09T08:34:41Z,Destin_762,account.b011c80b995d470283414a306ce00865
2026-02-09T08:34:41Z,ZHANGLULUVIP,account.8d51a82a31794bdbb1cca955e8f2ca8c
2026-02-09T08:25:44Z,EternalGod_Mo,account.8e907531c37c40828b7dbc26477caa02
2026-02-09T08:25:44Z,NG_LiuSir18cm,account.b33f0ba320d1495b9316bb39e835a06d
2026-02-09T08:25:44Z,HuaKai_FuGui-,account.2a41771a87e74fb2806fb5ee3a2179b2
2026-02-09T08:25:44Z,JDM-_-123,account.f3bd5038aedc4d8d8eff511a6519a97d
2026-02-09T08:25:44Z,EternalGod_XYY,account.5b35b22dd257489b93c8fd9126646422
2026-02-09T08:25:44Z,JiEunNaa,account.af07f308daf6431da4ca7129abbd215d
2026-02-09T08:25:44Z,Theoldchild_061,account.4b3826bcdae34816a896e849c9ff2bfa
2026-02-09T08:25:44Z,Berial-zuiyong,account.08cbd559c02a4bb1aeb003ae0aec862a
2026-02-09T08:25:44Z,qianyan-_,account.004d64dfc91b4138aa91e7f7239c94b1
2026-02-09T08:25:44Z,Huadan-CJ,account.19e781f9ec474402a940d8ad57fd36d4
2026-02-09T08:25:44Z,diangun-12306,account.05a2d4d4951c426093b4db106ef22b20
2026-02-09T08:25:44Z,VIPYSF,account.c1a05c9832e14fa98b7155c4b763cb5d
2026-02-09T08:25:44Z,6861_,account.7c78d4c6ce434a26b393faac598a8765
2026-02-09T08:25:44Z,wu0626-,account.f5dad38059a94b4eab74196c214d615e
2026-02-09T08:25:44Z,N1uBa_-,account.4d73ed1abfa544918a91e38293c9eeac
2026-02-09T08:25:44Z,Seltn-Biubiu,account.adcb799c49e14e2ab6d513cc18d2e6cd
2026-02-09T08:25:44Z,Max_Vv_,account.248711a0c3044f3f9a1a1b04a6e38e91
2026-02-09T08:25:44Z,YYDS-ETH,account.49d27659b7244bc3a19c3f8da436db4a
2026-02-09T08:25:44Z,China-Boy-Mir-Qg,account.aac8853147f64b18ac85e71004eda286
2026-02-09T08:25:44Z,KSTV-llm998624,account.814c88d72e684e2f9199436ad917f0b5
2026-02-09T08:25:44Z,o3av10wbtn,account.40d92b9eb08345ba935bef2a0da63b57
2026-02-09T08:25:44Z,meinvjiegeweng,account.96f3c2348e32462f944eb5b235bc1b9e
2026-02-09T08:25:44Z,allen97621,account.b95a987416a64b4aba3fab2b5bd53d08
2026-02-09T08:25:44Z,GodcHao6cCcCc,account.4aee3321e56b4cf8a5fcc9a349a2384b
2026-02-09T08:25:44Z,DXJpO3gXBsS,account.3c3cba008f7942f288d4ef436793b187
2026-02-09T08:25:44Z,Zxggggg_,account.785d0fd657cf42c49a0fa5e25418e3a3
2026-02-09T08:25:44Z,efols66,account.74f225f8402a49f7a70fd8cf24fa10a4
2026-02-09T08:25:44Z,douyu-12184465,account.de804e533de74cbf93ae59630149f214
2026-02-09T08:25:44Z,zhiliyk,account.434ca8269ac8458c923c0ebb90802fff
2026-02-09T08:25:44Z,Kittyen-33,account.541f8efa5b83483aa52126c2974dbf49
2026-02-09T08:25:44Z,Er_Ge222,account.cd339e20153642f08686eff63139d2ab
2026-02-09T08:25:44Z,ZHULM520,account.f14bc8ff67d34eea95d85f4d7052daf6
2026-02-09T08:25:44Z,MINTFAN92,account.f4a931b046794ec58ca48d39b30076a8
2026-02-09T08:25:44Z,EternalGod_G-D,account.dd18d999c3d04ac3bd451731d989a0ee
2026-02-09T08:25:44Z,WoW_Ae,account.8abf5fa944cb40baa662efd1c2aa6a57
2026-02-09T08:25:44Z,Theoldchild_626,account.123ad24e82c3488ea2c3bab7ce680ea1
2026-02-09T08:25:44Z,BattleAngel-LX,account.8f99f23d291348c58de7e061bea1f378
2026-02-09T08:25:44Z,8wix9g3,account.fc5c5ce8b8e149bdac638a7ea97e8f5f
2026-02-09T08:25:44Z,RongYaoFBRC-Long,account.77c152cb6632430bb056b55d209f2f16
2026-02-09T08:25:44Z,niupi666_,account.13e3843a26c64363a7298d4066c76a96
2026-02-09T08:25:44Z,DouYuTv_7814709,account.28a24a1bede145c695fc5d203ca3d19e
2026-02-09T08:25:44Z,68mzi48vn3,account.d92760d6512d46b88c00b7f91c084228
2026-02-09T08:25:44Z,iuk_TuTacii,account.39682cc2e83a419a91a640772dbb89aa
2026-02-09T08:25:44Z,zp--he,account.e7f48c66a17b40849f89569ce6809ee8
2026-02-09T08:25:44Z,rnb_17,account.cc1f8a4fb29c444f91250d0ce1e9ebf0
2026-02-09T08:25:44Z,WSSY0329_,account.e7fffdc27e8540a6a5ad786f381ed140
2026-02-09T08:25:44Z,Theoldchild_888,account.4ff36b9453ed46fb99b61745c74b49ed
2026-02-09T08:25:44Z,Berial-zuire,account.b4b1d425868d4835b816f3251a005ac5
2026-02-09T08:25:44Z,dadezhenbuchuo,account.5b5151f43fd541a4a4be8330b96cc1c5
2026-02-09T08:25:44Z,NG_YuanSir,account.958ab9d01f0d4b6896d0a65837c1ec53
2026-02-09T08:25:44Z,Amireux_Jim,account.2b7e3a9ec8384db0b3c0ea230548dfa3
2026-02-09T08:25:44Z,Enny-_,account.ac6f11bf4f0d4d5488d3082fd255a6da
2026-02-09T08:25:44Z,MarIboro1998,account.469ee93b796948d1b00991f89c8e2861
2026-02-09T08:25:44Z,LAIquanQ,account.93d98b2bd9dd442b93c91897b07d7115
2026-02-09T08:25:44Z,XKI__Rapper,account.14fe5e19f099457a941190e4765ee3bd
2026-02-09T08:25:44Z,Sam-Gale-Zhen,account.348ea89b7c18468ba951bfa29ecc3348
2026-02-09T08:25:44Z,zhuanyeshoulou,account.f614280dd8414b9388f6ba2afb4c89a1
2026-02-09T08:25:44Z,xx161616,account.1a841abf73da480aa5b423a007b26eb5
2026-02-09T08:25:44Z,7iyN_,account.bd6e132a355948cd85f1840fc8897365
2026-02-09T08:25:44Z,ALAINVSHEN,account.ad851b3e563541fe97a622884351cd36
2026-02-09T08:20:56Z,rng-762,account.d6f03467753d48d5a28ee889a3599061
2026-02-09T08:20:56Z,momoZaya,account.47df91aff56542cda19d105c0d42be9a
2026-02-09T08:20:56Z,Call_BaoBao,account.3f3a284c78cf494c802d0d97cbd7fd17
2026-02-09T08:20:56Z,jiuiu989,account.a0d6d8ddcbbd4c5e8bf2e6bf6a08fafa
2026-02-09T08:20:56Z,M2mafei,account.0094b507b8884579b304252eebe5bc31
2026-02-09T08:20:56Z,whenyoung--,account.3edec6aafd6149938e75dac1a8049ddc
2026-02-09T08:20:56Z,y1s1-Qs1997,account.4d5530964f154e8a8e7bb857befcc169
2026-02-09T08:20:56Z,CRAZY141-2,account.e586c5df3e83411ea05ca303db453dda
2026-02-09T08:20:56Z,Menasorlol,account.5932c77644d943b389013f145e63f54c
2026-02-09T08:20:56Z,JBR2,account.f472c37b8de4485c816977ded4236868
2026-02-09T08:20:56Z,NastiaWood,account.e304c5c2bab54a8cb4adf6338f734cfb
2026-02-09T08:20:56Z,VIVO-MISS,account.d5c599c7afc14df4a635fd4f473aae40
2026-02-09T08:20:56Z,Koi_Topher_Hui,account.9bff7a8318704df3baa48f13d5359de2
2026-02-09T08:20:56Z,zhang1232022,account.1b811a2f49954b35bc52cc1aaf95a120
2026-02-09T08:20:56Z,ZJ888111,account.8d27eab3eb1243a28dd9e877d88c4154
2026-02-09T08:20:56Z,SYSyzq,account.66385a5bb1dc49928ebb16e21d55534a
2026-02-09T08:20:56Z,Tagil_NT,account.8585e9e03d8b416c924b5429fb0eb9ce
2026-02-09T08:20:56Z,Kill3mrzi,account.c1fba0e7481d4cd4847f7403e8e9c0c1
2026-02-09T08:20:56Z,Faith-WAM,account.41df1bb3e73c42848c2b31bac940e3ae
2026-02-09T08:20:56Z,aibilitools,account.01c977c948b54c429460ef3766e15f33
2026-02-09T08:20:56Z,YuaaaaaaaaaaaaaN,account.34d1612787b54df6aa8b554a4b55f01a
2026-02-09T08:20:56Z,Yu-2877,account.3e1b0494e6fd40a5b04126f8f7a3026e
2026-02-09T08:20:56Z,lbhoulin,account.53ace77a8de74a5cb6b62aa87b8712e2
2026-02-09T08:20:56Z,XDD-WangZhengWei,account.84bdd06d5b794e63bafd346b501cbb71
2026-02-09T08:20:56Z,liuhong250,account.2678f47635a3406d986cba60f0c14fa4
2026-02-09T08:20:56Z,Chaorenqiang0709,account.a2c3f2d17c87477d897997b3d84f5f8b
2026-02-09T08:20:56Z,little_star__0v0,account.eeee72ef17714b8f81fdf3c6cc771fd2
2026-02-09T08:20:56Z,ShenMiHuLaTang,account.8921397d3d854f28bab28c9efbde3e1d
2026-02-09T08:20:56Z,Fury_Saoji,account.486233f8cf0941a897ab5e8baad00836
2026-02-09T08:20:56Z,TuShanMengLa,account.bab17f1c99894594b3b759bca34e5c6a
2026-02-09T08:20:56Z,td906lkq,account.c94f56ea853b4321a107a2e26a643956
2026-02-09T08:20:56Z,zhao1230q,account.f216bc95471048a6ab97d40cc191fee8
2026-02-09T08:20:56Z,Chjjixiaoxiannv-,account.771f1273b7c3451e8f08f223a048e12e
2026-02-09T08:20:56Z,suntuanzhang,account.f669fcf143b8498887fbb155bbac5fb2
2026-02-09T08:20:56Z,OnePro1989,account.3cdc42ff6bdc402581a5bf57304b9a40
2026-02-09T08:20:56Z,chenyouwei13,account.5a6d17dfd71a44dfbb881429e8790054
2026-02-09T08:20:56Z,inscc-,account.ed1c17a338354320970ff7d22f5d3140
2026-02-09T08:20:56Z,Lsp_Cgggggggg,account.2285d7691aec4a5ba35945166132fa1a
2026-02-09T08:20:56Z,Tzlee-,account.b703042e03624436aee4b3ed7360249c
2026-02-09T08:20:56Z,Bigsillyelephant,account.18530485f13e4e6a8aacaf3b24505362
2026-02-09T08:20:56Z,LYC-9245,account.5b9af1394ffb443cb57dc14df528594c
2026-02-09T08:20:56Z,MishaW00d,account.9aeaaa2b5380492190b83f457c50418f
2026-02-09T08:20:56Z,xiaomowang0061,account.e66ca04d47db498ab274122989f90513
2026-02-09T08:20:56Z,sen7777777,account.d891fa2275b04e22bbcaf415034a7428
2026-02-09T08:20:56Z,5zkk,account.25a2f1a9ed6f4a57af7e25266d3b1363
2026-02-09T08:20:56Z,devil2001,account.83a07d9bc5b642c58f5e54f135b8cd9c
2026-02-09T08:20:56Z,DumFi-Li,account.b59ba1fe5570416d8037c5585d0f277d
2026-02-09T08:20:56Z,SJ-DONGGGGE,account.4ec1c930a83145f6b33f245e23e9c3bb
2026-02-09T08:20:56Z,K_Anger,account.d501240d18d145ad9a9d6a26997df76f
2026-02-09T08:20:56Z,zongzi666688,account.24b8efc3115b4e48b61325e85a928a62
2026-02-09T08:20:56Z,Leftser,account.afae2a23f9d847c19a8feccbfc87429d
2026-02-09T08:20:56Z,MoChi-6,account.06713bf6701342d98feba1cc5cc42f3f
2026-02-09T08:20:56Z,1412-Jinlong,account.b606aab6f0a24fe6873a5ae8317e70e9
2026-02-09T08:20:56Z,lengkudedao,account.40e60204f26e48c1a18248ba7a397e58
2026-02-09T08:20:56Z,0398_Leoooo,account.133cba283f5740129394365501b2bd30
2026-02-09T08:20:56Z,PicriL_h,account.cbe7201cf4d14f79b62ea36df7e366d3
2026-02-09T08:20:56Z,dmissloves,account.711d181d8fe24785af00f17bfc8e26bc
2026-02-09T07:38:46Z,yYyYVvOoOo,account.5c75f4ab4615416ea45b2bca05726714
2026-02-09T07:38:46Z,Gus-Chickenman,account.e0262b2fd4984186a86b3e1f01816058
2026-02-09T07:38:46Z,28oLiu,account.dc9754612cd342ed964cc07bf4f948d0
2026-02-09T07:38:46Z,Secrts-,account.7566e5ce0a3748b98c68dd2bd49dc049
2026-02-09T07:38:46Z,suibian_19,account.5e89562aee524e69b3dd156bc3c58407
2026-02-09T07:38:46Z,DDokkangyo0308,account.868fa23ab3a94832bc31780f5909f678
2026-02-09T07:38:46Z,Cutexiong_zZzZZ,account.5dfdbee01ee7462c9467df8fd2bfbf66
2026-02-09T07:38:46Z,vivian0320,account.73b1260154f14e6a8c7df2d2dbbcfce5
2026-02-09T07:38:46Z,Loyez798,account.ec56aa9b496a4d8f8a879fcb8ddb1083
2026-02-09T07:38:46Z,Big-JJ_Brother,account.ce475c12fd7a4280a09bc1e581657c20
2026-02-09T07:38:46Z,Butcher-Yan,account.439302789b2d4b908af56446ab9f4651
2026-02-09T07:38:46Z,NONAME_RD2794,account.6fe2aef156374d7987b9c5a5abf50f78
2026-02-09T07:38:46Z,H-9242,account.02040f04058040b896983d52c3d025f9
2026-02-09T07:38:46Z,C9-Zyz,account.ea1af082d76a41209d02d52b9e8ffe6c
2026-02-09T07:38:46Z,Haohao_summer,account.72130f8101514f0fb0bc73862056ffc4
2026-02-09T07:38:46Z,WWwww233,account.6f87781e5d91446fad536ddfddcbf131
2026-02-09T07:38:46Z,SSA_JU_SAE_YOO,account.27ca722cc37c42e5aed5fe43f912a514
2026-02-09T07:38:46Z,MG_J_J,account.0c28a8df41b24c2e8ed7a6198950305f
2026-02-09T07:38:46Z,NONAME_RD2945,account.64f651f9ad0444eaa69fcba8619d8b5c
2026-02-09T07:38:46Z,Railway-kui,account.5168779eff0e41cc9ae8789319df3cd3
2026-02-09T07:38:46Z,ligebushiqu,account.a96c0df05ee048dd9e14ee9cd4d429c6
2026-02-09T07:38:46Z,AllenMgd,account.787a828bd3cb4f8bb871e25f05c4333e
2026-02-09T07:38:46Z,CDC_Yuan,account.c6aadc0c6ca143c4a719903027865337
2026-02-09T07:38:46Z,KnighLee,account.b57661168f234e04a9ab11b2b7a21639
2026-02-09T07:38:46Z,wendy_miao,account.bf6a08e82f0a4985ae9cc6647dbdf49e
2026-02-09T07:38:46Z,Sep_Tiger98,account.9d52da187ac54afbbb25a41458bddc18
2026-02-09T07:38:46Z,Xue1337_TnT,account.a2af840af06f465380627738f76e5b75
2026-02-09T07:38:46Z,fshgsrde,account.446b40cbe69042dd9236f46ba3034bed
2026-02-09T07:38:46Z,DJBlisss,account.285841b74b3d44e58eb8c17feff99221
2026-02-09T07:38:46Z,2tap_Din,account.154d4ecd35ba440297d39f5fc7f453e2
2026-02-09T07:38:46Z,QAQ_0923,account.38921a0ce4c2429e81e48db3b91bf062
2026-02-09T07:38:46Z,KaronXD,account.06681b7afdd44790be7f3b2bbdb03244
2026-02-09T07:38:46Z,Qi_Nan_Ba_Nv,account.5964658ce9a24705ab37012ffe5c2a54
2026-02-09T07:38:46Z,50KGdeyu,account.d73cfb377f144508b85957ab4ec3599f
2026-02-09T07:38:46Z,Hao_Se_____,account.0f5088bfb7ae4996951b96095c66c8d2
2026-02-09T07:38:46Z,endoctyyy,account.64feb7e498fb48648b87c76e28a35b66
2026-02-09T07:38:46Z,Zxzloveing,account.38932149421e423c87c05cfb987cc54e
2026-02-09T07:38:46Z,Sixfly5,account.9e98a56ab535486e89ad98dd898bcd0c
2026-02-09T07:38:46Z,longbody,account.1578724c83004498b366cb07f7daa301
2026-02-09T07:38:46Z,Luck_XJN,account.c53d617235424b88b8aea0fa3955b82c
2026-02-09T07:38:46Z,Ronin-Godj,account.53340174f91b40e6989b4ea823544a28
2026-02-09T07:38:46Z,CSJ_Bin,account.faf005e4ec024313b5275d8a004a4dcf
2026-02-09T07:38:46Z,Skeline_R,account.d750156f35cf4c96a8ca0d5b3c9ebb7c
2026-02-09T07:38:46Z,YWSzzzz,account.19dae0d55b1f48008f98ae83fbb01dfc
2026-02-09T07:38:46Z,Re4vne,account.b8579d7c9d374a4990a704831fc6cf27
2026-02-09T07:38:46Z,PETER2100,account.8162aee19f814da683e31da6decbc330
2026-02-09T07:38:46Z,Nian_Jiu_6666,account.a8a18d3587e74403a54da1f86c36d8fd
2026-02-09T07:38:46Z,CSJ_BoG,account.aafab634ba374ad0b630e8c9d4ab5c1d
2026-02-09T07:38:46Z,qwq_238,account.30836cbbc29a4a2b8bc3673b07a739e8
2026-02-09T07:38:46Z,PDS-chaoge98K,account.ff223e88352f453b915b5d5d891f9b21
2026-02-09T07:38:46Z,Dwade-heat,account.f86fd54f4b8a4e71a132c55a2d88dc45
2026-02-09T07:38:46Z,2026-D,account.b2aa65f92c83463bbc4ca0474e670f05
2026-02-09T07:38:46Z,chrizzwmodcasts,account.76c7d8abf9924e119fc885e3b7a5ca44
2026-02-09T07:38:46Z,very---good-fan,account.e611afbf6d1b48c187174ba25a0ca8ca
2026-02-09T07:38:46Z,1074249747,account.4a78604236df40268b7f91b3d0ee5b96
2026-02-09T07:38:46Z,Coconuts-x,account.3d567d2c99b54521a35d4b172b2d8736
2026-02-09T07:38:46Z,Bill_OwO,account.fcfa1f654b0b45ac93e7cf5f8e7b4a71
2026-02-09T07:03:43Z,C-X-M-C-Y-R,account.256ef76a717f4fce88bea8b11f917b7b
2026-02-09T07:03:43Z,Douliyoumi,account.01a7f8660b194e6e8ddcea4e612fafc6
2026-02-09T07:03:43Z,TSYzhangj,account.0c9d6838a0be4153ab1e92c35fc866c3
2026-02-09T07:03:43Z,Gfakin,account.7972652f9c064d4c93c44aea4f288b4c
2026-02-09T07:03:43Z,Dirge_Xiiiiiii,account.933ea905b1b7469ba27a1e7af2f27b75
2026-02-09T07:03:43Z,Crush_Guts,account.ca904e3264694970aec567633f83e143
2026-02-09T07:03:43Z,zzqchiji,account.7844d74abf6142f982a11d4ea5047fc3
2026-02-09T07:03:43Z,mkl_s,account.731c13c2459a4b6fa305d2426ad2c7f3
2026-02-09T07:03:43Z,l1l166LL,account.bdb0ddc1912446199e75574299ad1fd9
2026-02-09T07:03:43Z,isthrough,account.ae13b07f0f3e4f8486a75862ddd6c417
2026-02-09T07:03:43Z,One_Twe74,account.4d86e0782c2e45f28050467cb78f5949
2026-02-09T07:03:43Z,DALagez,account.7422482edd2f4b6b94f1a7bed4738cf7
2026-02-09T07:03:43Z,peiqi__youbaba,account.e767e10a50664f2ea692afabd43d6d93
2026-02-09T07:03:43Z,AITCH_O,account.00ac2744509049d5ab9fb1cb261c6ef1
2026-02-09T07:03:43Z,Missfirstlove,account.b003502d9fda406791f81e696992c2ae
2026-02-09T07:03:43Z,DD-QQ034,account.c6cf9c9ca6c744078cec89386e062039
2026-02-09T07:03:43Z,TnT-NOOB,account.24873802e5a24522b8ec13dd11997e6c
2026-02-09T07:03:43Z,Z-LAN-sir-C,account.c3826ccfc7cc4726bb30099946dbea42
2026-02-09T07:03:43Z,hhwjqvg,account.ee2a692a7f9542669b29f059408dae58
2026-02-09T07:03:43Z,WYF-668,account.871398c54f2749f1ae0e3c0289808a59
2026-02-09T07:03:43Z,29ua-_,account.d2537962f663479798fa185cf7074047
2026-02-09T07:03:43Z,Eagle_BoGe,account.7080f0fbbed74ee99e3312b73b7ba766
2026-02-09T07:03:43Z,kehangansini,account.591896fc6ec24ade9dd4dbda47a85174
2026-02-09T07:03:43Z,yyds_178,account.1553b7393a3d449b967a484427958a7e
2026-02-09T07:03:43Z,Archerbeloved_X,account.b1496200ceb2486b9f7162e83ab489ba
2026-02-09T07:03:43Z,JB-28_CM,account.49512a526e3a4f9d8a0bcda00ea6fde0
2026-02-09T07:03:43Z,SH_sssss,account.a9ea9467e1bc4c2c929d1f4366d5544e
2026-02-09T07:03:43Z,Long-Live-CHN,account.67e50d04e0404f9399d8c263159bea18
2026-02-09T07:03:43Z,Aline--9527,account.cba4bb0fee51468698ae2dd67404a1f3
2026-02-09T07:03:43Z,Xiuy1-w-,account.b526f3e367004dddac47c6b68a7756fc
2026-02-09T07:03:43Z,Samurai-HANJIN,account.4069c9d6524c41c6831a832c9334e6b1
2026-02-09T07:03:43Z,HuYa538773261,account.64aa863ad4c84756a3c836bc2d52a487
2026-02-09T07:03:43Z,44ux-_,account.382e0d837483445c8ab83d30ce8af5c4
2026-02-09T07:03:43Z,sspipi,account.4621d4e010b84d6ea8eaf633fc8ea97f
2026-02-09T07:03:43Z,ZeRo_Twe69,account.2cf8f754c5594708b07ef6ab72083e79
2026-02-09T07:03:43Z,kzzhc3,account.5e7af4c4359d45e9b13a3e61af0a7899
2026-02-09T07:03:43Z,035-LI,account.4f832d01608744b0a7f316959cb4ac5a
2026-02-09T07:03:43Z,BigSmart33,account.e9b1acdd872a44b58c58da0b14608a75
2026-02-09T07:03:43Z,little---Mars,account.103ca0929b9e4765b84e4f285ae5d2b5
2026-02-09T07:03:43Z,KL-xiaotu,account.6d37a69bdf1c469aa4a1394c98d2ae22
2026-02-09T07:03:43Z,POIUYTREWQ53,account.bc336093cc924dc58c6906d578508934
2026-02-09T07:03:43Z,LaYouPiPiZhu,account.60d33160d1bd437b8f712a5f44f15d77
2026-02-09T07:03:43Z,L1nX1Baby,account.760c7badce90401b9fbe079771c5c944
2026-02-09T07:03:43Z,PUBG-lunar,account.cf365d6a3ed64df4bc01bbfe9396ea64
2026-02-09T07:03:43Z,xiaoguigui__NO_2,account.9d895c6862c84065b37c105aabef372c
2026-02-09T07:03:43Z,ezvz,account.f661a117709147ee998e0e02d1a0d732
2026-02-09T07:03:43Z,LemonTreeIiIi,account.2da146679a6a44e1913a38468e4b5ffb
2026-02-09T07:03:43Z,a1YuT1ng,account.b67958febe41430e822dcbfd4709c3ed
2026-02-09T07:03:43Z,A--WZP,account.4425b824ad6b4e7fada8dac23b7290f6
2026-02-09T07:03:43Z,benboerba-_-,account.8264e5271655437fb9a1871e74adfd90
2026-02-09T07:03:43Z,JLL_13,account.22260598f87846adb9ef67105e8ad2e2
2026-02-09T07:03:43Z,shenxiange16888,account.09cc69f660c14549a1cc8b08fbe51959
2026-02-09T07:03:43Z,Bashayu--,account.3870e1e7941f41b28368ab973c5bd063
2026-02-09T07:03:43Z,No-Sir---,account.c3e92d421e1d434ba214fa3fc9af8d9c
2026-02-09T07:03:43Z,zzw95,account.ecf76c0ca6d7495e886ae7385a7bf7be
2026-02-09T07:03:43Z,SASIOVERLXRDDZL,account.c0bdae4af8824db5838f9c27f1ff5854
2026-02-09T07:03:43Z,MoHua_IR,account.3761f8250ce64b0f979d6789f8656075
2026-02-09T07:03:43Z,FD-Meng,account.63cd4d4d88454e52919594086a373b95
2026-02-09T06:46:14Z,FuYang_zh1024zz,account.695d9d0d1d414fd4ac4182755d52b795
2026-02-09T06:46:14Z,Min-324,account.b417d3f0426c46819d15d3c4a4368ed4
2026-02-09T06:46:14Z,9527--ACE32,account.8dceb3d30edf48d6811adee5225d21c5
2026-02-09T06:46:14Z,Lanihc,account.75a7d955e2a34b12a6ae1958e0d01c73
2026-02-09T06:46:14Z,Li-Mature_Uncle,account.931c2e9f94534631b1ffb5160996e41d
2026-02-09T06:46:14Z,JeiYu_,account.32b06683139a40c5b3e495ec6d002ddd
2026-02-09T06:46:14Z,Gss-biubiubiu,account.c8818fcbb53141be8687d81ba4969eb3
2026-02-09T06:46:14Z,xuanjian883,account.0ed812fb266a4d26a813234fb6b88781
2026-02-09T06:46:14Z,07_Nurungji456,account.0fd36aed99234b60970403121bb86db7
2026-02-09T06:46:14Z,yigere-zaiyuli,account.7f2db347d59542a79a642fddc8992144
2026-02-09T06:46:14Z,kimyeonker,account.6afcf30b75b34a00934299f6893fa606
2026-02-09T06:46:14Z,Kas-YanYi,account.688fa92d6f00467595a6f232db010362
2026-02-09T06:46:14Z,pcp201,account.89d5272b354d46579ca2d371521378e4
2026-02-09T06:46:14Z,Steven21X_,account.12041fdb818b40a2bd96e1d7bdf509f8
2026-02-09T06:46:14Z,No7ibaobao,account.5b407ca4fe1848819e412ea7b12ff3bb
2026-02-09T06:46:14Z,MXH_meter,account.19f015f7f236451c9f29e0b705ea2897
2026-02-09T06:46:14Z,Aayanyan--,account.d1ea5afccd7e4d799dfe6df763ec52ac
2026-02-09T06:46:14Z,latte_191015,account.2fd394ec07604fbeb82b95e7f6ab1f15
2026-02-09T06:46:14Z,TC-LLLLLLLL,account.7526133f36f843aca74130aa5b033ae1
2026-02-09T06:46:14Z,Brooke6888,account.ce8c0a77e0fb4376a0a9022c7219199a
2026-02-09T06:46:14Z,Wanderers007,account.e8870405525a48988a46ba2f74ef0d84
2026-02-09T06:46:14Z,k--3088x,account.e02fd8ae501d497a9f4626b777860d09
2026-02-09T06:46:14Z,buhaohaochifan,account.8afa4c59f8fc4331a7e8b24fb4bb9943
2026-02-09T06:46:14Z,LBW_2HAO,account.493debf474ef4eb8b4c3f32f64fe60d8
2026-02-09T06:46:14Z,HC-HUANGJINVIP,account.9eaeef4eaf26469987d30cd5b90507e5
2026-02-09T06:46:14Z,oJ8k_Xming,account.8e2e700e5eb142e4b22635b61078d776
2026-02-09T06:46:14Z,LBW_3HAO,account.69fe25121e754958a30d41e7375152e0
2026-02-09T06:46:14Z,407-Znn-10uo,account.c380191125db408bb2298119347c7182
2026-02-09T06:46:14Z,SunnyYears,account.e08f74f5c6da4c7b9f1d6c1b1872493a
2026-02-09T06:46:14Z,4AM__W74GuanJ,account.48054b4e1b0844d78ad6277592860219
2026-02-09T06:46:14Z,wikiasd,account.0a5b46327e17484f85261a7639e8e6e1
2026-02-09T06:46:14Z,BlastABall-Skill,account.9251e31b50b747f0962e932419637f67
2026-02-09T06:46:14Z,zzatr,account.0b02fb5c205449b3b3a5e4226046f427
2026-02-09T06:46:14Z,abc_yoon,account.445d3be242ce4b949ce0ac75eb92c4f6
2026-02-09T06:46:14Z,LBW_1HAO,account.a522f88e38c147058f26f357972af851
2026-02-09T06:46:14Z,Airst08,account.dd6aed4717aa43f4b2fab33ed6578193
2026-02-09T06:46:14Z,Devil_-cc,account.5f4715f7e0734bf19bc33f737dc59e52
2026-02-09T06:46:14Z,07_HyunWoo,account.879807b23b96485da335a6365da6eeca
2026-02-09T06:46:14Z,3heart-_-,account.7487b4df77674bcb924f84771da81e95
2026-02-09T06:46:14Z,KD_Ty,account.770c6a8f52a849048ec19ac6284ed624
2026-02-09T06:46:14Z,zimo-M,account.a2f7c9e1be3a45d8b502ceef38858e84
2026-02-09T06:46:14Z,j98hj78j,account.20eaf144b34742dfad1ab7449d78c6e9
2026-02-09T06:46:14Z,1vs4_Esphack,account.b837b195d9d441e297c4f9e69bd76361
2026-02-09T06:46:14Z,seonghyeok-,account.faa46e9b9f2c44e493798d9e6f995822
2026-02-09T06:46:14Z,Un_05,account.ed54ee9c81914624ab0ec6c7ad7c73b0
2026-02-09T06:46:14Z,ChiYunxxxx,account.7fe5d68b29cf4401804a9e8fdfad929e
2026-02-09T06:46:14Z,FuYang-Jack,account.17886882968743e4ac66916f5c7b68f1
2026-02-09T06:46:14Z,II23-_,account.9ab14fa899bd4388bb903d8534f55278
2026-02-09T06:46:14Z,wei1en,account.2e086112934b4646bb97ffb569c2bf49
2026-02-09T06:46:14Z,SheIsInTrouble_,account.bad7f905c04449fdaae1415cf94a407a
2026-02-09T06:46:14Z,HL_JJang9,account.fb5dcde9cf3e4b22812f9ab371236ab8
2026-02-09T06:46:14Z,1989LAOWU,account.92cd32801bdb402181e92e57bea8971e
2026-02-09T06:46:14Z,mydd180dm,account.e503950bd9524b5ba7c7c604ac0f0ff0
2026-02-09T06:46:14Z,DiDali,account.64fb9384cf2640d5a3f64d950c8728d6
2026-02-09T06:46:14Z,DY-KongDu-JJ,account.8328de3a6dce401c9fef9046de7d47de
2026-02-09T06:39:57Z,DENGq16,account.fc8c07d336f04a2c82f780103781f7b5
2026-02-09T06:39:57Z,Oi-HaiGongniu,account.6fdbeb774cd044bb898bb4bd55f5931a
2026-02-09T06:39:57Z,1ugg-,account.533a5563f66a44b198cecf0d0308629b
2026-02-09T06:39:57Z,Blitz1st_-,account.2e0a75d3948c4b078a29e70b7aa7e4d2
2026-02-09T06:39:57Z,Tan-xiangxiang,account.f50613221f214ba1b8cca56348b60ce6
2026-02-09T06:39:57Z,o212h-,account.1b245a54d04c41728ce2236914c167e3
2026-02-09T06:39:57Z,Ttong-_o,account.6b1ae0eab70f494b8f98604e5bb3a612
2026-02-09T06:39:57Z,HB-yiesheng,account.21227ff1e0b240999b8cd0779c80c553
2026-02-09T06:39:57Z,bandu-950114,account.304637a9ed3f400fabefbff96a6468d0
2026-02-09T06:39:57Z,wdwad4444,account.2a35ea9697db4e68b577cf6180319002
2026-02-09T06:39:57Z,fengqy2,account.8ec3510f599b4a60968a45f16e0a9fb6
2026-02-09T06:39:57Z,A166151561,account.4283d4c075d6411e9bf0b4a77f99ab8e
2026-02-09T06:39:57Z,hmm159,account.5f540b93f84743d0a380f547ea66949c
2026-02-09T06:39:57Z,LinYun-_,account.69cabbaded494b2db59b1146c275325c
2026-02-09T06:39:57Z,KV144244,account.bc40eddb9a7040388c8423c0f18db410
2026-02-09T06:39:57Z,Daniel_347,account.ddf5233e878047048c809471af6e0963
2026-02-09T06:39:57Z,JusTANoob1_,account.16f1c434a1814554bf95d20ab745f417
2026-02-09T06:39:57Z,Saoniluo,account.0c2e292fdf7242caa2595b2c319c036b
2026-02-09T06:39:57Z,ZTB_-9482,account.3d43dc9ef5514569b954d8398e91018b
2026-02-09T06:39:57Z,HaiHai135235,account.f16764725b6f41068e394d69ea89c674
2026-02-09T06:39:57Z,wainilpo,account.000f6b1ee88f4d938cdd1b7fba9d3e94
2026-02-09T06:39:57Z,HeimAGg87,account.008ca79c750949158e6b137dcfd55887
2026-02-09T06:39:57Z,Ilikemeat-_-,account.02405bd543294cac9414d225f4076853
2026-02-09T06:39:57Z,Pe11Gen_,account.8c24e5cb03804fcf94cd0b82c6bdb9ca
2026-02-09T06:39:57Z,XSYMmanMan,account.2f92182c08bd4ad6ababa8800b8678b4
2026-02-09T06:39:57Z,BoogalooLee,account.a06b09dcf1c94f8f8290a82339338a50
2026-02-09T06:39:57Z,zZ_SURPRIS,account.152fc88b5e334e0f8de054f65b283b90
2026-02-09T06:39:57Z,Kasupup,account.26fb9507775e4a79a82e98010b5a455d
2026-02-09T06:39:57Z,Pai_Kda01,account.464bd91a2a424691ac59c56e6677bf6d
2026-02-09T06:39:57Z,Neo_Carpe_diem,account.6964fe859cb04111909c7d0bbaa30215
2026-02-09T06:39:57Z,Atao_o,account.b353f093511d4a599e26829e5c0b3010
2026-02-09T06:39:57Z,Liuniangege11,account.f51e767564924512b11a5122e4627a47
2026-02-09T06:39:57Z,I_keu,account.c6587f7218f7495dbbe08a05cf4b0af1
2026-02-09T06:39:57Z,QOo0oOOQ,account.40a94d1427294bbd832c046980a6df06
2026-02-09T06:39:57Z,HZLMMMMMMMMMMM,account.c8db1627090b468382e4c50602814b15
2026-02-09T06:39:57Z,Yk_xx666,account.bc6fad2e9ad64f3792207b4e03a45e7d
2026-02-09T06:39:57Z,gaodian8904,account.c84bdc603c944b27bfafe0660cae30f1
2026-02-09T06:39:57Z,Forever_YangG_,account.44299d718c9f4d7da9ce611cb206b7f8
2026-02-09T06:39:57Z,KanKanJ8--,account.7486e7e6b6a145a0891d9e65c69a7462
2026-02-09T06:39:57Z,wu_wei_lai_lei,account.b66b1604f1b84ec19c58206603943a56
2026-02-09T06:39:57Z,is10-_,account.c28e941dab52420d9ae5bb036c9a862e
2026-02-09T06:39:57Z,Ma-F1an,account.bc4504e6d2aa4c84a1100071dc51a540
2026-02-09T06:39:57Z,0714__S,account.2ec142bb13a14b8299ca7460b2cd65e7
2026-02-09T06:39:57Z,Ju1y7_-,account.d565e33d32924d6c906e1ef29c6bb0f6
2026-02-09T06:39:57Z,Thomas_lfy,account.99688d6c49674fef8a4319f603559ddc
2026-02-09T06:39:57Z,LSP-LFY,account.3132d627b6684faa8ec7b167dd284dcd
2026-02-09T06:39:57Z,DG-10000,account.43dd1efb05da42d2b9f366ca491c9213
2026-02-09T06:39:57Z,WaNgSu_NbQVQ,account.706641ff2efa4703aecc2a7cb27e89c8
2026-02-09T06:39:57Z,dlarn1010,account.7b8db10151c44dc5b259126769bd61c8
2026-02-09T06:39:57Z,Forever_lucK_,account.ad1dd1c8cc15424096b537c8fe6db7ab
2026-02-09T06:39:57Z,Ammm-mimi,account.797b6ccfd9f046b7b219e8530713f52f
2026-02-09T06:39:57Z,baby_-W,account.edfa760dfcfb4695951b55e90e064aa4
2026-02-09T06:39:57Z,Brothers-Ge,account.88b5f28491e447df99d455303c400c92
2026-02-09T06:39:57Z,y071o_-,account.91445adea1c04591b334edfea1f1e432
2026-02-09T06:39:57Z,asishuishui,account.35a230ed48b744bc9a2f2548528e1007
2026-02-09T06:39:57Z,SpamThief1510,account.a279203d4c324df78fe330e5ed8e606b
2026-02-09T06:39:57Z,DJ-DEBOLT,account.34307b5469e840c8a3d19bfd0c42ea15
2026-02-08T23:32:17Z,F-Mmy,account.07d576e50449403b8c76f5af9a242062
2026-02-08T23:32:17Z,Sanlu_milk,account.06c80e1407de4cfb8f52545d972004b2
2026-02-08T23:32:17Z,eryangdgg,account.24bffbeb7c6b4a5e8000d8acc6eac504
2026-02-08T23:32:17Z,Anxin-1314,account.1b1d9c43ac9045f7b6b0b0c10360e5c1
2026-02-08T23:32:17Z,in77OuO,account.3eba07c6f1db43eaa8d984a69e023660
2026-02-08T23:32:17Z,Yy4592_XPN,account.d613ce46c1724e62b67e16698d8c6931
2026-02-08T23:32:17Z,Suny-xxxxxxX,account.ac4c69466ed748e687ebf3ad76907d98
2026-02-08T23:32:17Z,yzh7_,account.d246c9db347c49b8a89cd6751a4daa85
2026-02-08T23:32:17Z,tiaotiao-NB666,account.a5c618d2f99749b8bbf66ed5af69ddfa
2026-02-08T23:32:17Z,Hao_1128,account.d8d53ac059fc487199c447ebd724f1f2
2026-02-08T23:32:17Z,qingzhazha,account.0bd2c021d9de4bf0bacdcec56580983c
2026-02-08T23:32:17Z,H66-66-66,account.6901d93696c645bc9f5bb2a6a75d3752
2026-02-08T23:32:17Z,Geedamgom,account.98f7f9ed203f4f5286d93dd523df9455
2026-02-08T23:32:17Z,WangZai-888BB,account.2903c685d3b64f81ad85c9d92ee33669
2026-02-08T23:32:17Z,Tianbao_-i,account.f49a92a8271049b2a344044f2a56e5ea
2026-02-08T23:32:17Z,Stubboen-,account.29c609f6266342109dc1644deca8c06f
2026-02-08T23:32:17Z,Yzwink,account.43cc470deb374f38a68e8ed37c60feda
2026-02-08T23:32:17Z,Dzh_97,account.6a7ad26752394976b2e1b49e0353d722
2026-02-08T23:32:17Z,Hm17_-,account.118ff3c0edac4e85a78d6f41a30c60d5
2026-02-08T23:32:17Z,4AMdashem,account.2591b615d57241dbaf877b37a51abe96
2026-02-08T23:32:17Z,pero-_doudou,account.1c3161431a8a4c909fd1609d251ced19
2026-02-08T23:32:17Z,ShangX1nJ1eGe_-,account.a5ff17b5dd3c41bb9086222dc5ea2ea1
2026-02-08T23:32:17Z,2005-05-05,account.4c838257ff3748f9ac3172ebba56c85b
2026-02-08T23:32:17Z,RelaxTakeItEasy-,account.37d1121c2efb4043ad46173619bde510
2026-02-08T23:32:17Z,vk2nf4z99e,account.e1dd40e2540048fab08dea89fafa6911
2026-02-08T23:32:17Z,PUB__258025,account.966f04da67814c309768afc744ee9da6
2026-02-08T23:32:17Z,PiTeMaZi,account.5d72c23552e54285981f7a8bfa1106f8
2026-02-08T23:32:17Z,xiluoleya,account.71d784463b084f13b6a478d90fc4ee72
2026-02-08T23:32:17Z,Tom_daren,account.ad4294a5ad714c36b12e7bb8f67f3356
2026-02-08T23:32:17Z,mjj52013141,account.4495163033c64b8b954ef0296158c464
2026-02-08T23:32:17Z,1bee-_,account.8f6118721d0b444fb53054651cfba6ef
2026-02-08T23:32:17Z,BLUEBERRYICEBAR,account.7269298eb45e401abe500e8e60cf00e4
2026-02-08T23:32:17Z,4ge112,account.151fc7908e324c73b0b2cda971701e20
2026-02-08T23:32:17Z,Cheng-HeXiaoGuo,account.f76ce978ca1b4d6a9ed8f2b820539942
2026-02-08T23:32:17Z,Shan1DieNE,account.6de06247712e418788062a40ba54cb16
2026-02-08T23:32:17Z,cxzvbdcxzh,account.26e08e7cd7ec42b8b51afe48e35559b0
2026-02-08T23:32:17Z,La-6t26j,account.ed7287fcb02b4d4187e3d2141bae390b
2026-02-08T23:32:17Z,ZongR_-,account.4601947d7f84401985a2fed3eb789acc
2026-02-08T23:32:17Z,Lang-0814,account.52bf2a0a3ce543209a21530f3994c895
2026-02-08T23:32:17Z,PZ6090,account.39184ca59b0149698dd92f3a0f7d954e
2026-02-08T23:32:17Z,LQ_Baoye,account.70a4e6fb8e7940ddb8f592e5e7fe29e7
2026-02-08T23:32:17Z,Haiboo_,account.3c076de0e6b24496a5a874f3e2704b94
2026-02-08T23:32:17Z,keaiduo3o,account.be7f42ffa94a4ae89b57cc9d53885b6b
2026-02-08T23:32:17Z,wenwendian5,account.4e68f3aed2864329999d1639d3a3acfc
2026-02-08T23:32:17Z,kazh_22,account.60a14952e8d44a4a8913f450ad1f87e1
2026-02-08T23:32:17Z,innuuu-_0,account.6c3d9552ba924108be662645c46d70fa
2026-02-08T23:32:17Z,SZWangzong-_-,account.be8b94a5084f4315948d56c886570a31
2026-02-08T23:32:17Z,0v579wJC,account.2a504495aa5e4b219f6953952e27df5f
2026-02-08T23:32:17Z,JI---SU,account.cce08445a0cf492f96f19b90cb074582
2026-02-08T23:32:17Z,kkando_07,account.ee92f967b9e140c2b5cc7a31150a6d87
2026-02-08T23:32:17Z,Black-820,account.3a5ab957b71d4f5e81f4089183a49282
2026-02-08T23:18:50Z,longkuangzhuai,account.5667260bafd140199d8fdb4d04558a62
2026-02-08T23:18:50Z,Phoenix-DD,account.634653ab036040ee8bcc0b7b4a5f56aa
2026-02-08T23:18:50Z,Ba1eyaK,account.11888440f6154ad7a424ae6f95b65f82
2026-02-08T23:18:50Z,i-_Wenge,account.0c467b2f96af4de3872fb4604fcbf9b0
2026-02-08T23:18:50Z,Budinghaochi1-_-,account.7348580144564573bb807f3fd5dc7780
2026-02-08T23:18:50Z,JacksonW_-,account.e56d23ea2b284faebd94dc3a41662f50
2026-02-08T23:18:50Z,zou32,account.eb665be51c6d468ab8337f34fe988ff1
2026-02-08T23:18:50Z,AMGxiaojiu,account.129a02aa1cbe47cd8b1dfeda09fdba2c
2026-02-08T23:18:50Z,A1n1i,account.4a94e0fc5fc1481dbd08d3f7991a6191
2026-02-08T23:18:50Z,Araredream,account.74051d852ef548ffb7a682a38a2230eb
2026-02-08T23:18:50Z,5AM646412,account.d21681e7dfa44b109c2f15d22c8bc744
2026-02-08T23:18:50Z,DKGG-ZCX,account.92e72ccd0155434b820d24d558646ab8
2026-02-08T23:18:50Z,Shown-Piupiu,account.114284f3aa774b7a81016b582252eaa3
2026-02-08T23:18:50Z,Lovelyllu,account.359a93f91e874369b9d1a4379e6a0e12
2026-02-08T23:18:50Z,Mesoy-,account.20ee684edf29473b9000544267b2fc36
2026-02-08T23:18:50Z,AlmostLover33,account.0f8a578bfa8240bfbd42dc5f311db258
2026-02-08T23:18:50Z,GYS-shao,account.7d11183a45eb4458a16a91ee9f877052
2026-02-08T23:18:50Z,So1z_ziyang,account.da1c76b7009d473f92f6d2b4038b5f05
2026-02-08T23:18:50Z,a0jb36t291,account.764f3c34be6e46019e07e7d8024c53d7
2026-02-08T23:18:50Z,huya-dongyeye,account.d6395138a5194419aab1756f2f2797bb
2026-02-08T23:18:50Z,SC1shen,account.edadf18e9b1841d385990df0ffe9d2a7
2026-02-08T23:18:50Z,1m69_,account.1a7300f4fed64e54b91298a6fdd6e0ab
2026-02-08T23:18:50Z,wzxc1111,account.f49bdf541b4e4f3f929120a5aaba0134
2026-02-08T23:18:50Z,ZJBYJBFJB,account.b22381f89bac48c79d8df54662990b37
2026-02-08T23:18:50Z,ZJN-FBIZ,account.321e1b5696104d86a5395222b6ef6bfc
2026-02-08T23:18:50Z,xiongdaxiansheng,account.ee4b6da90be846d08bcde71e8927ecaa
2026-02-08T23:18:50Z,7PD1,account.fd70754b1fdc46deba3223d14d5f4950
2026-02-08T23:18:50Z,Anelk_7,account.f92b06741b8643dfb991bbb18c0509a6
2026-02-08T23:18:50Z,MpvEZGg,account.fe8cfe80b8f44c91bdd8a429f875811f
2026-02-08T23:18:50Z,HJC1024,account.7b137afda7ed4b628db9b29d558f912b
2026-02-08T23:18:50Z,Q-Q-Ares,account.dd5276e78971460eba3cb2716cf209c1
2026-02-08T23:18:50Z,calmzhang001,account.2a80114fea8d41f895aa7294b935dc61
2026-02-08T23:18:50Z,Y1sy4-_,account.2e53f05b77524fc680392ae2eba8d1b0
2026-02-08T23:18:50Z,BetrayLie_,account.d9bc490f293441cc8c2b028362f2bb03
2026-02-08T23:18:50Z,kubotayokoyama,account.0b1bb082f5e8475181c7e120c07d9525
2026-02-08T23:18:50Z,Ex_-Boyfriend,account.ee5b0e8e4e4a4c1d94800c0f2b448c45
2026-02-08T23:18:50Z,KkkkkKbudong,account.e3b6293490664fd4ad695141aa64c2f9
2026-02-08T23:18:50Z,z2per6,account.de89bd890f694d9ebd921e41d22e1d2c
2026-02-08T23:18:50Z,mifenxxx1,account.40bf95782b6845b3a02ad41ee971785b
2026-02-08T23:18:50Z,chenmoureng-YYDS,account.cf181394477f4be9b156d04d32f3c79d
2026-02-08T23:18:50Z,You_MalegeBide77,account.cf5ed154ff3a4b5db40d6a434ffad084
2026-02-08T23:18:50Z,i-_Yydeyi,account.8c18220d85604a93b05300e53f3c15c3
2026-02-08T23:18:50Z,Naitang0421,account.27eff433856c432b84d7e637d510c1fc
2026-02-08T23:18:50Z,xiaomizha9,account.457e03b4470e4e84912c65df6347222c
2026-02-08T23:18:50Z,Dsdd_JianJian,account.dd3295d351f74a00bd9fc9465b9ff01b
2026-02-08T23:18:50Z,uzi777222,account.83409004d18248278dd37f9559ee6ccf
2026-02-08T23:18:50Z,o6m5wfvn2,account.eed04449a9f94f58a59d0cab60671364
2026-02-08T23:18:50Z,Lang__001,account.e53aa61bf62641cc9f556860a223abb2
2026-02-08T23:18:50Z,GodoFwar_Hobo,account.e8c7ea6f30a94888a55915eb29bc65c9
2026-02-08T23:18:50Z,Twitch_Irving,account.93ec030ce7fb46b297fafb8ee14c5675
2026-02-08T23:18:50Z,emevoluoy,account.b195cb0e8d5f4f9aa018e8812057d57b
2026-02-08T23:18:50Z,nikuaiqunimadeba,account.4406027bc75747fab373720355363d60
2026-02-08T23:18:50Z,SereinHere,account.00bdd6930d7a49e48a6bc737188f3e26
2026-02-08T23:18:50Z,HamiltionH,account.83dbc754984045c0bfd537e6cf475f30
2026-02-08T22:44:06Z,mdv69vzuw,account.056e38c2cb7f438db42899cee6e4b9f2
2026-02-08T22:44:06Z,Accompanys-LH,account.91d633b53aec4ad0ab00d11b641f9f70
2026-02-08T22:44:06Z,Tango-016099,account.5f67640b7c4540c588b75fc9cfaea3e3
2026-02-08T22:44:06Z,Stare_-,account.ece2db4f79a14808b16b3119374faead
2026-02-08T22:44:06Z,addasfrasf,account.a80c0dc3c45d4dd8b167eb34e085c817
2026-02-08T22:44:06Z,ppppp-1223,account.444dc26d6d97495097d51c8344b12306
2026-02-08T22:44:06Z,AKAxiao-yu,account.0877e325268a4b569fc4eec3093be6dd
2026-02-08T22:44:06Z,Tiamzhe,account.2415deae948d48b78b317a556a950451
2026-02-08T22:44:06Z,Ben0576,account.a5d9805940664cfda54d83efc973e5b0
2026-02-08T22:44:06Z,kingofthekjm,account.c77412058d5e4f4183fc54408c428306
2026-02-08T22:44:06Z,dftyc,account.f887ed8b4a3a4b2e880dc0866a766aa3
2026-02-08T22:44:06Z,Robot--103,account.3c6bcceb1fec4449bfc246045c8e2cfe
2026-02-08T22:44:06Z,51x1,account.d9643ae8afab41b48d28805ed0481bf7
2026-02-08T22:44:06Z,cydd11,account.6648a33171e64419b11fbcd702a33cf4
2026-02-08T22:44:06Z,8Z2_NQqkON5fE,account.dddf18ab863f49c9bbeb1b8a4311498a
2026-02-08T22:44:06Z,Ra-LaTewiNd,account.6d817f7a40b0413bb8ff1138de774707
2026-02-08T22:44:06Z,Adieu0923,account.380f35289cdf48618604bee728911939
2026-02-08T22:44:06Z,Ra-MooNliGhT,account.896862982ed04700a540f7d0496f326e
2026-02-08T22:44:06Z,DiciDici,account.d7cb112ba3e24f00b7c7f9036157fa9c
2026-02-08T22:44:06Z,CrazyGirlxixi,account.5b9d411a434c493dac41a5edc4101e48
2026-02-08T22:44:06Z,palyilike,account.cfcfd964b1834bf7a3638e46cee79ab5
2026-02-08T22:44:06Z,y75bam7,account.6d98cc78b04547ca872be905043d519d
2026-02-08T22:44:06Z,jiho_98,account.5822cf2005fc4de2bc1cf82a34f3f013
2026-02-08T22:44:06Z,sex_y_won,account.a64f4fbb943e422ca8fe00427c2b289b
2026-02-08T22:44:06Z,CHAOzgj,account.1cda57af691146658e28b89aacea3e4a
2026-02-08T22:44:06Z,yrl570mi9a,account.4838bed938cf42af8d32be8793b7c172
2026-02-08T22:44:06Z,JIHONG_0712,account.10d5355d5d534d9e9f3a8e2a7ab7a7f9
2026-02-08T22:44:06Z,231i_,account.0c4af27c243240518f68533c5f9acabc
2026-02-08T22:44:06Z,K19960924,account.63ba77bc1141489cb06e2e5f0b2e5cfc
2026-02-08T22:44:06Z,YSS-0919,account.74f0f62a45974c608b910a66b5a82b07
2026-02-08T22:44:06Z,A-3o3,account.556620281eef4109a490eb67bfc7cd0f
2026-02-08T22:44:06Z,One_Moment_-,account.dc036f75999343e48d8b2ddfc2004f82
2026-02-08T22:44:06Z,1koivv,account.555dd2b6aa834407a0a700fbec75728c
2026-02-08T22:44:06Z,LJL6862,account.6adf3787c61b4016943bb71be93f8b8e
2026-02-08T22:44:06Z,Edmund-0_0-,account.16cd36bcad4743f89fe2fa830956ce6d
2026-02-08T22:44:06Z,SQ88888888888,account.a8a58fbafb1e4f8dbc822e2be3f4970d
2026-02-08T22:44:06Z,0_0JU,account.c6645527c838418b9cbf52068fea501d
2026-02-08T22:44:06Z,hack-_-ker,account.9d9cfb2f76c742038c1fab265d840aab
2026-02-08T22:44:06Z,zZzhaoMi_-,account.82cb4bd3f4b5408a97cf7a196d866098
2026-02-08T22:44:06Z,jpddsp,account.806883b6381e42c795d8eeed328951f4
2026-02-08T22:44:06Z,yas8fuh,account.0e382569177743f3ba752ae61c7722f3
2026-02-08T22:44:06Z,qwerabcde22,account.e06b3c7c8a6d4069b9bced585823b207
2026-02-08T22:44:06Z,Romaive,account.6627c6b775d44dbcb12e34f837c65a1f
2026-02-08T22:44:06Z,Zealousuncle,account.b83c531844b848dcbd88a08c7b642b99
2026-02-08T22:44:06Z,Fatez_HowareYou,account.e256a1a96ac04c0891184281bfd6227e
2026-02-08T22:44:06Z,TM2021,account.cde05479a492444f861ee9799295dfb3
2026-02-08T22:44:06Z,91wumao,account.2280b155fa544ccba97a130f6a32744d
2026-02-08T22:44:06Z,Echo---Amireux,account.b87233d378674375a5166db56dd08df1
2026-02-08T22:44:06Z,homin_the_ez,account.f9c0160a56d1422ebe3e6097c3ad50fb
2026-02-08T22:44:06Z,WS----666,account.f93036a6851d4cd5a52da537841974e4
2026-02-08T22:19:19Z,58420_-XMZ,account.6bbe27aedceb4aa2a47e0fcbdc1a47ab
2026-02-08T22:19:19Z,1sTi_,account.8768925402584ddf98aa9131514b5c45
2026-02-08T22:19:19Z,BB-gams,account.feaa0f28a7e74d4e94eeb19e3453146f
2026-02-08T22:19:19Z,55kais13,account.45fbe22267f04b16b821cfe9de4fe14f
2026-02-08T22:19:19Z,Yuu0v0_,account.6b510e4598604a1f9ca12aa6d580cf2c
2026-02-08T22:19:19Z,0612S,account.72ac0dd684dc417f9529cee813ab8838
2026-02-08T22:19:19Z,se3ybong,account.f67d2404cf5c44229a661cad2fb8dc44
2026-02-08T22:19:19Z,4Warrioy_Awei,account.6c4b3316ba4f4c30913826cdc8e09d36
2026-02-08T22:19:19Z,zi1998_-,account.59b02bb332f541c4846d1f1ab96b4ab5
2026-02-08T22:19:19Z,AG93wudao,account.a6588685c52e4536a552f2d5677ebc06
2026-02-08T22:19:19Z,Adolph_1996,account.a293cf8f55f84c8c95d047da5c096e93
2026-02-08T22:19:19Z,insKZ-,account.f7ef6b41cc2243b08004b7ecfa42afd1
2026-02-08T22:19:19Z,5ixd_-,account.ae3cbf4026f94870aafb3152d32322a3
2026-02-08T22:19:19Z,MayXoveYang,account.cef95d0e226f45f1bbba2f3b5bd777a3
2026-02-08T22:19:19Z,Rose-cake,account.ecd721d891804eb88617ceaba1ddf639
2026-02-08T22:19:19Z,XianYuShao,account.6d1a7270b6f74defbbaa741caa17d040
2026-02-08T22:19:19Z,sR_05DD,account.85ea39a32ea049faa8a0ca08a0b61a07
2026-02-08T22:19:19Z,wangbinaer,account.dc6314d10ddb48669186aed17ff4fd1a
2026-02-08T22:19:19Z,I99Me,account.14498131987f4145918f7365216cd3f4
2026-02-08T22:19:19Z,4u1ove,account.2774e0f5dcc5426eb02f602129e02899
2026-02-08T22:19:19Z,Yo1uo,account.bbbf7a010d494f87b6d2149307ac069f
2026-02-08T22:19:19Z,YGG_kele7777,account.3c3db63e4d2b4b65867510d5c49b1ddf
2026-02-08T22:19:19Z,1oQiang-,account.1ae87031eabf44a4921532a7bcdd4dcc
2026-02-08T22:19:19Z,ZHUANSHAAOLUAN,account.0f07c06e8e94453b8db7d29806eea88a
2026-02-08T22:19:19Z,caochushui,account.35daf3e1029942a8b24017776c93f399
2026-02-08T22:19:19Z,King-98kh,account.d304838676cf454fa9f02276b1826963
2026-02-08T22:19:19Z,koreag70,account.bed76afe873047ccb443a3a006ff46dd
2026-02-08T22:19:19Z,YiHan-190,account.2e81312f6b2d44b486dd5d2fa30762c5
2026-02-08T22:19:19Z,Xuegao1_,account.16b2c8147a474a3d8b34dc52e761898e
2026-02-08T22:19:19Z,ATNT-90,account.de220763c82c4bae8522228843279439
2026-02-08T22:19:19Z,llk171115,account.2b00d30413424a9eb243ec88910f1f77
2026-02-08T22:19:19Z,Dont_bite_me,account.eb5e4a4149684c6c9c8b1629a224c638
2026-02-08T22:19:19Z,miss_oner,account.7c999c9b24c2418888a9f0754c22893a
2026-02-08T22:19:19Z,1sXi_-,account.376b4b07d94947ed805d8c2f365e6567
2026-02-08T22:19:19Z,068k,account.818bbb88446c49a6bce60568f5421092
2026-02-08T22:19:19Z,imlkz,account.24506e8ce45a4f39a2c35975394a4da8
2026-02-08T22:19:19Z,BZshit_Devil,account.95765611e3b94751bbd001fc1f3585fe
2026-02-08T22:19:19Z,CozyLov3,account.a6187913c6e24d758ee5f2cde8400293
2026-02-08T22:19:19Z,AWM_47K,account.84b5cf1381df4a418fd0b3d5222989f1
2026-02-08T22:19:19Z,Jacky_kxs,account.607c4640fd7b4360b786c2f8448b2a8a
2026-02-08T22:19:19Z,67365-BaoZi,account.4add2fa340ba4a42807c18d86a787147
2026-02-08T22:19:19Z,mhxy159175,account.8d1553211a3347708c9c8bb120c012d3
2026-02-08T22:19:19Z,1ivy-,account.16ca9ad03ca84f7db964012f6eb5c63a
2026-02-08T22:19:19Z,Xba1oo,account.3ae4574141e346bd8307177911c21d0a
2026-02-08T22:19:19Z,iceba123,account.060a418274ee4fbdb182163f2ce561ee
2026-02-08T22:19:19Z,9Y_AiyiNong,account.6782ac02ef024259996a9d7543b119d3
2026-02-08T22:19:19Z,Aweiyo-,account.16d228a297e14c4d8bb453efdac1a88d
2026-02-08T22:19:19Z,NObibi02,account.292fd774e0084ae28e20b7e931565b76
2026-02-08T22:19:19Z,mwisg2jf7f,account.a66fd2dc1249406795ef12821791b033
2026-02-08T22:19:19Z,iHai_-,account.ad4ed8a919f046a1805fccbbe4599f08
2026-02-08T18:51:38Z,Uazha9,account.a4a38b4bdf974257b52aa0db8b2062ba
2026-02-08T18:51:38Z,Taliban_PK47,account.2c2b930a951248c5a4e7e9153380e6d8
2026-02-08T18:51:38Z,ALY166,account.4db8a1e2f85a46b0a71f923a394ba83c
2026-02-08T18:51:38Z,aefzdxcestf,account.e664db9a3d9946058ebbb738878ee8f2
2026-02-08T18:51:38Z,imhuntae,account.3effc25a744346a49f60ed1426decb76
2026-02-08T18:51:38Z,wszy5202,account.bb970ec4e2924fbea9f2ec3758efcda3
2026-02-08T18:51:38Z,Jazzkukuku,account.f028e79e5feb4cf8929675c0ae7dadab
2026-02-08T18:51:38Z,Kmeei_-,account.25335f3ceef44af399ac261056983f47
2026-02-08T18:51:38Z,Jiho_1212,account.a6e12f6206df4a239a08dbba9f97976a
2026-02-08T18:51:38Z,Beryl_XiaoY-_-,account.8e826499b170420b82b4673c9ae39e41
2026-02-08T18:51:38Z,Ba1LeYouLeBa1,account.bc405bc4fe3d45328d6d62b952ab4bb6
2026-02-08T18:51:38Z,tM_ansehodbr98,account.774656d82bda4fefba12642d8253ca11
2026-02-08T18:51:38Z,GK185,account.b237f4aeb8ed4d1aad5c9ff57d228266
2026-02-08T18:51:38Z,S1ys-_,account.6f35fdd462664184a4bc4a1a4a0c57c5
2026-02-08T18:51:38Z,junginhyuk_,account.6770fb6db3e04e07b15ba0b4f47e0a43
2026-02-08T18:51:38Z,Wosnmfba_,account.a285a065132f40ce995d7e8ab94ccb6f
2026-02-08T18:51:38Z,Remmber1945-0815,account.625bb7f8933b4bce8957ea98023a861e
2026-02-08T18:51:38Z,KZ1246Y,account.404ea6cefddc4952ada3742346a64b12
2026-02-08T18:51:38Z,WONG_KA_K,account.59c27c2921ee4584a45bb5740c744d22
2026-02-08T18:51:38Z,sksnsusid,account.664f1246bc9347ccb36ea18e028e8867
2026-02-08T18:51:38Z,HeIsDark,account.9335d7fb926a4af1a768072e4ab5d10e
2026-02-08T18:51:38Z,AceL7_-,account.85c9b41bbf814d3eb8e4817cd9f19caf
2026-02-08T18:51:38Z,CCTV-lubenwei_NB,account.300bf49b67e345e790dc28cbdcb472b5
2026-02-08T18:51:38Z,rabbit_299,account.ac1209f022c2491ea363879c2f4f25bf
2026-02-08T18:51:38Z,17_triste9,account.a4b021836e7649499b1fd7f702ca07fb
2026-02-08T18:51:38Z,wj_8641,account.5c57999014c84d9aa9f1b62f56b2a516
2026-02-08T18:51:38Z,Dopazzzzzzzzzz,account.01d2c0a3f235469a84e56dce0a1a78c0
2026-02-08T18:51:38Z,RASH_GuanChen,account.f58dd03dd91749dd9f3e12d4ce7ce929
2026-02-08T18:51:38Z,H_0423,account.d7a011713b77462c8c8f5c1047f4ed1e
2026-02-08T18:51:38Z,Yiyyyyyan,account.43e60068aaa441e784ccba0a4630835b
2026-02-08T18:51:38Z,kw1it,account.e058fa8217c045fea76caf8b84785db9
2026-02-08T18:51:38Z,SouDeJiu_,account.f21f885863f04d31843bcdf2b49bec06
2026-02-08T18:51:38Z,Esoteric_Nebula,account.9e75ad7076084cc6a280e41046997f26
2026-02-08T18:51:38Z,SSNShh,account.ffad90eec7c14c83b042e87ec19babfc
2026-02-08T18:51:38Z,Huafon-18cm,account.56db51ccc936499f843f6e961949dea0
2026-02-08T18:51:38Z,Molinnmei,account.91f10687581b4b9690eede6c5f2ee154
2026-02-08T18:51:38Z,dka7eyzzt5,account.6881217c42be4caa86bd0719ba675646
2026-02-08T18:51:38Z,oKJ6VXFU3E,account.9f9b56c219bb4fde945dcf391d1a63dd
2026-02-08T18:51:38Z,lzz786100019,account.a3232614ba5845269203656f0499321e
2026-02-08T18:51:38Z,yuSs98K,account.87f4f4c65bef41948c57d72728a6344b
2026-02-08T18:51:38Z,askyouuuuuuu,account.ecb8ff2de51f4593b741a3c7b227b4dd
2026-02-08T18:51:38Z,Pa1in_-,account.a4be82befcdc4ce1a3d1e556dd4ad5da
2026-02-08T18:51:38Z,c3oui_-,account.146f4a166b904034837c488353019f93
2026-02-08T18:51:38Z,Loki__09,account.2c420f3944c74eeeb472243773f3349f
2026-02-08T18:51:38Z,NoFearInHeart-_-,account.0043d4e41f5f4b8498a7cdab020c03c7
2026-02-08T18:51:38Z,Bitiaotiao,account.0ce2dee5cf754d5c802ad512ec7708fc
2026-02-08T18:51:38Z,kw1u,account.4914b2280bc744d29e7bc51296d517a9
2026-02-08T18:51:38Z,aili_kz,account.4507f0ca941d4534bd66ca0621bc52b6
2026-02-08T18:51:38Z,RaoVIP,account.1162ad34c40548979b522bd2a33004bc
2026-02-08T18:51:38Z,Crazy-Fniuniu,account.8a727cdb44e94a6ea547773468dfc521
2026-02-08T18:51:38Z,Biu_o_Biu,account.03440390d2744d41b25d4ad44804553a
2026-02-08T18:51:38Z,LH112916,account.8d2c2242f1714349ab3db326e7751490
2026-02-08T18:51:38Z,XionGJiuJiu321,account.dbd3c89099e949a8b1566ac545eb3b13
2026-02-08T18:51:38Z,LZY----888,account.a79a4402b8a64edfa7dea1719d5e4d7f
2026-02-08T18:51:38Z,Ewrikkb485,account.92a524d6b998410c9ecfbbaaeb2410eb
2026-02-08T18:51:38Z,Hey_Man_GOGOGO,account.291e8de1cd214313b8a67323a085720f
2026-02-08T18:51:38Z,Yummy0-_,account.c1cd9a0e98384473942e59e6a2279a8f
2026-02-08T18:44:41Z,PaoPaoYu-john,account.ea5dfb296a14449b951684a5ef510db9
2026-02-08T18:44:41Z,Eleven__Lee,account.98ff96ce59be41378c1e3a5eea303afc
2026-02-08T18:44:41Z,deixa113,account.c671ce00be4f40dd9abf59332e55f96a
2026-02-08T18:44:41Z,APB-984,account.259c7212cabf494b8135a9fe6fcc0e9c
2026-02-08T18:44:41Z,Fizz-xl,account.3b0271d3e3664ffc9f8cb35efe1217ed
2026-02-08T18:44:41Z,zgjxd,account.96068210b1de403e83d2f5f9bfc9dd3c
2026-02-08T18:44:41Z,bestrivven,account.28e43892873a43a08a7b6ffe5c397f5a
2026-02-08T18:44:41Z,ChinaJoy_Yang,account.a16c68289f9d40e889eabbe1839ec9ca
2026-02-08T18:44:41Z,MG_Linxia,account.70f3d7908b894b918b64d9133e691611
2026-02-08T18:44:41Z,8389_,account.15e827b1f8e841adac5d575fa8e91397
2026-02-08T18:44:41Z,XuQingFeng-0614,account.e8c3093bc5c447ea9842a8b9510d5493
2026-02-08T18:44:41Z,1v4_-AsSSsi,account.1f75552a4f724a3f9eac0a520208e50f
2026-02-08T18:44:41Z,U1traman_Zero,account.29c611724cf44d11a48e61c23e520bbc
2026-02-08T18:44:41Z,JiuShiHenMan-_,account.16b322881bb2453e9cff92a39d3a6bcb
2026-02-08T18:44:41Z,3handsomeonearth,account.af942ea79a6e4e2ca860fa93e6928780
2026-02-08T18:44:41Z,DG-LzXJ,account.757ec54f82b64b6cb90be3027ec74533
2026-02-08T18:44:41Z,dadadadadadadaR,account.01553b96263440819badbc20ed39a13d
2026-02-08T18:44:41Z,huyachudada,account.1b735f23d7c24cda97ea8fbdb3ba085d
2026-02-08T18:44:41Z,Aurora_x1nx1n,account.88827d9b71fd478ca6a6a8ddb875fce2
2026-02-08T18:44:41Z,LYNlynAA,account.309ca3201709481995ff708df05b0f90
2026-02-08T18:44:41Z,Straightman_Bobo,account.49aaddd118f94b6e89fd1f405083a104
2026-02-08T18:44:41Z,86-HONG,account.3b200c4741174eb0b08e4c46850e0fcd
2026-02-08T18:44:41Z,68npnp1,account.1b93fb996b5349cabe78d9455b8b5fc5
2026-02-08T18:44:41Z,lyhwx111,account.0fb2aa6e26b44036af44491c2bcee9e3
2026-02-08T18:44:41Z,XiaoHuiGe_-,account.8e9ba859bc04431f97b49e59a5af4ade
2026-02-08T18:44:41Z,chuanmei-91Mw,account.4e7a71fb5d7e4ea9ba9e9d649372a718
2026-02-08T18:44:41Z,viviyyyyy,account.2285f91e12494ca88d82af1a7388e5f0
2026-02-08T18:44:41Z,Cur2yyyyy,account.6c5dbd8f2177464a9bff5b45c196e4bd
2026-02-08T18:44:41Z,xiaoaNie,account.bce43e73645344328561485ed62e71a2
2026-02-08T18:44:41Z,0714i-_,account.5cdd7d16df03490e805f9c7b452fe2f9
2026-02-08T18:44:41Z,Hen_Shan-A,account.378aaf8a319542c996746221a8c3dcd3
2026-02-08T18:44:41Z,Redvelvet-Twice,account.55914902369d424ca3dd3bd0da44705e
2026-02-08T18:44:41Z,leslie-1478,account.366b0403853e464cae56289f93e67181
2026-02-08T18:44:41Z,YuuiuAiw,account.c609fd91054e48eda79b284409b1a30b
2026-02-08T18:44:41Z,Moonlinght_7,account.9d4a1636c605444895f32618261b21d0
2026-02-08T18:44:41Z,love-babyN,account.7b771a3018564daa9ca47803fa00b714
2026-02-08T18:44:41Z,Doc_mc,account.9303ec706fa04a6690a261340d8ed4e8
2026-02-08T18:44:41Z,xiangyun-AKM,account.279b0e6ef3744c52b381edc4492da5ba
2026-02-08T18:44:41Z,BERYK1995,account.76e1b9ad2ec84d17bcf519273f5c03b4
2026-02-08T18:44:41Z,sunghulk,account.a0a50c1a7e3a4ab58bbc08489eefed43
2026-02-08T18:44:41Z,NancyXu,account.ca0dba19d7424b509c9ee677c6c8ac8a
2026-02-08T18:44:41Z,Boosqiangdi,account.1b4d43dccbee49e9a9242f3c393f27aa
2026-02-08T18:44:41Z,Prc-Bebrave,account.1bbaae6592d949dfaaf748eed47ed5d7
2026-02-08T18:44:41Z,HD----group,account.72da1a8e0ec348f0b6a3ad4bf4b6902b
2026-02-08T18:44:41Z,SZWangZong,account.8334687bf4634cf4bb8a384842a1faaa
2026-02-08T18:44:41Z,Baozijian-,account.8e5b820269bb4b45976a7b983cc842cc
2026-02-08T18:44:41Z,banana-lsl,account.9a5417e1ca6b4f05be393798795dccb5
2026-02-08T18:44:41Z,KoTove_6,account.5a41c6b4cab84555b2fdf34fa751d36d
2026-02-08T18:44:41Z,12O2-__,account.b1c1de5254154f4d997dee3c645fab4b
2026-02-08T18:44:41Z,shagerenwanw,account.dd236e35aecf4f389ca83c60182b7e7f
2026-02-08T18:44:41Z,AccompanY_88xx,account.8a885c2225d84c8ab8551f1cc317c58b
2026-02-08T18:44:41Z,Da-JB-100CM,account.8d4f39f21cc048c0b862e427ace71821
2026-02-08T18:44:41Z,Aurora_j1angLu,account.72c26da7243f48cf9a3dbb08ca6fc9ef
2026-02-08T18:44:41Z,Stork119,account.b4b7317b5a92451284151d166c4c17e6
2026-02-08T18:44:41Z,naFairy_,account.2686441c5fe94eddb71dab49c0405409
2026-02-08T18:44:41Z,xiaocainiao_ooo,account.4f39678eda09426b99e8e7929a1bb8ab
2026-02-08T18:44:41Z,Evil-lre1ia,account.3dbbd0e68cd64338b0f15507b7270700
2026-02-08T18:20:13Z,Geiwojiaochulai,account.52e89ab0e01f4dae9eeca79836109cc3
2026-02-08T18:20:13Z,Lao-Biao_-,account.fabc8cff24d4462088b52b40a873e476
2026-02-08T18:20:13Z,B1litz,account.c79a3fd5a13a479a96fb86fbb3baf5e4
2026-02-08T18:20:13Z,chenguanxi9970,account.b3d696289b134663a56b4b15f5d13b84
2026-02-08T18:20:13Z,huangdingkang,account.1f68f0576a464888a24af7695ccce6c1
2026-02-08T18:20:13Z,A-zy-z,account.2bf904c137f94b99964a14bb02e036f0
2026-02-08T18:20:13Z,71799,account.306f60183311403cb176d00ce8c868dc
2026-02-08T18:20:13Z,9yue-_,account.1680a54174584b3ea6413fba62c3b2e2
2026-02-08T18:20:13Z,HangWei3,account.4b51359638cd47febcd11d4cedc49628
2026-02-08T18:20:13Z,sungwook1021,account.48a8066af05d42f28e5c3a47f25075b6
2026-02-08T18:20:13Z,ALpb_longlg,account.01a6ebf33f954705a5e996b8755c6a85
2026-02-08T18:20:13Z,DouYu_1775,account.a51360e167e94dda89095b86d6e8c860
2026-02-08T18:20:13Z,aaa141231,account.c3073a1867f24e95af686f0add4bcaac
2026-02-08T18:20:13Z,MepterMT,account.5e125dea571a4bc7aa23c55b88487435
2026-02-08T18:20:13Z,YouXiaoGouTong,account.1f3af5038f2c4053b58f966d26e2c36f
2026-02-08T18:20:13Z,Y_EPPI,account.d2f105eb1bce462cbe6d61c8712ea9e8
2026-02-08T18:20:13Z,DL-huashengsi,account.4d3f49cdbbf6439da0bdfdb6403c3064
2026-02-08T18:20:13Z,The-_Camellia,account.a5a206017a074dd6bf110fbc117677c9
2026-02-08T18:20:13Z,TinShuo_17,account.ed3396b9d303479fba258cf32248fad9
2026-02-08T18:20:13Z,jiaojiao88,account.bcbfddcf66a743e484bfbb588ebaad9f
2026-02-08T18:20:13Z,NEMBI_JUNsUck,account.2049d59a8686465b9c064503399c5b18
2026-02-08T18:20:13Z,zhanshufangui,account.bba3a6f2a94c4cb3b29942403efc1669
2026-02-08T18:20:13Z,5s9i_,account.5b3341b6dd2344a3a5d85bc0b37d0949
2026-02-08T18:20:13Z,RedaMancy-xx1,account.066fe0d8c1094504b865f46e956bcbe3
2026-02-08T18:20:13Z,Jibabuyingchiyao,account.970005f7941d45c0b51c5d828ac0e1e6
2026-02-08T18:20:13Z,Sunflowers-bb,account.d81bb62241ae491c9517b1a3d00ef2f3
2026-02-08T18:20:13Z,1_Lgg,account.4ee48425a4694afa80ee6f95c16b3086
2026-02-08T18:20:13Z,Mrzulii,account.e1a7e833df2a42da9bd2f4565349d111
2026-02-08T18:20:13Z,DX13,account.75807ecac7e5498a903ecb5a59daf915
2026-02-08T18:20:13Z,2oyJ,account.e4c631662c3e4a748e92e99f1ff521fc
2026-02-08T18:20:13Z,o4e3,account.5de9276a332d40d4ac57f23da2d37006
2026-02-08T18:20:13Z,ez_zhang,account.9541486d88c14ec494009a2fa9c1348e
2026-02-08T18:20:13Z,zysnbbhh,account.bdf161d1001541e49255c4fa997169bd
2026-02-08T18:20:13Z,C-G122,account.d6721afbe0bc4d039b5319be9a5d5f77
2026-02-08T18:20:13Z,op-op-6733,account.060bd12acbdf40b0aca722706f103e07
2026-02-08T18:20:13Z,Posen1115,account.f8c5df4b825a4e17995fab5bed8fb885
2026-02-08T18:20:13Z,The-temptation-o,account.c890c882723e4e8381e3467cd54de32e
2026-02-08T18:20:13Z,AUG_0626,account.4fe7ba66b3234997868a30646ac630b6
2026-02-08T18:20:13Z,dtiis,account.f4660d83d42045e3903283f3087c382f
2026-02-08T18:20:13Z,Wy_Quella,account.a6b48cfdc4fa4e46a0937b84bd210cb6
2026-02-08T18:20:13Z,loluee,account.184c41d615494ddd89ba6e1efa112062
2026-02-08T18:20:13Z,xiansunn,account.eb4b06b0970a42b6b98c31720b866d5b
2026-02-08T18:20:13Z,88R18,account.7c2ae63ed76e4be996f32133b684a1cf
2026-02-08T18:20:13Z,Leoo-10,account.7e3fd90998804e0587157534df982c37
2026-02-08T18:20:13Z,NONAME_RD9927,account.ed964c235c4449049316c74a782c2f76
2026-02-08T18:20:13Z,Athenaea_,account.1724e3668c7e4ef0b5b0ffa38352b701
2026-02-08T18:20:13Z,DJ-ikven,account.53a6f67219e9447ba24d3f1f018409aa
2026-02-08T18:20:13Z,Don_i7,account.5077bbc194554f19a977bf352817f039
2026-02-08T18:20:13Z,HJ-_-HJZS,account.31d2332617a744af92196e2b8d434919
2026-02-08T18:20:13Z,Jung_Hyun_you,account.e23d58446ca4401fae09f603f7eca0a5
2026-02-08T18:20:13Z,TsinSensei,account.1cf453a9b3234b888cd91a92a63460d4
2026-02-08T18:20:13Z,B008B,account.668295d747484f7c9d44049d01b6de53
2026-02-08T18:20:13Z,mr76di4,account.a2e4d514ec3f4dabb1a78e23128b0a6c
2026-02-08T18:20:13Z,gy4af23mz5s,account.7a563f5b0fb34015aa663a607cf0cb76
2026-02-08T18:20:13Z,Mfsr-29,account.4ce53e83fb32445c9c550d9e652f5070
2026-02-08T18:13:22Z,Model-SW-No30,account.fe24169b189f455d941b29a031438c88
2026-02-08T18:13:22Z,Uncle__AJ,account.193310a7ba7d45bda4596f536f9da7be
2026-02-08T18:13:22Z,binge855,account.3d8269019b184530af32658b6998ce9a
2026-02-08T18:13:22Z,Kyoku0720,account.15ec0bc307c14e268de7fb2a6b97e81d
2026-02-08T18:13:22Z,Model-SW-No33,account.03830a7d95d948d1be363380bd6563df
2026-02-08T18:13:22Z,nizoukai_-,account.96f1990126334f11beca6902b0dc6d6e
2026-02-08T18:13:22Z,im_nim2,account.580080ccae784b1eaad2a82b039d40aa
2026-02-08T18:13:22Z,sontao_,account.c1f353f468064527b2c659ef73483bf1
2026-02-08T18:13:22Z,tuyikuo,account.2a544aaad5364c92a911d34af3302508
2026-02-08T18:13:22Z,Otis_huang,account.1b140bca1ab04ef091dde31da284622c
2026-02-08T18:13:22Z,Little-Sister_99,account.8619a579ee3f46f0a9a6d288545d36c1
2026-02-08T18:13:22Z,zhouhaoyudage,account.ac429a6b0cd24795b8b37a47f53ad39e
2026-02-08T18:13:22Z,TDeviL001,account.0961a4ba9def4748a9c26754a8a20834
2026-02-08T18:13:22Z,YuanJianDeYing_6,account.dcca4b225c6c4ef2b28fc75fde087b96
2026-02-08T18:13:22Z,JJ-ForeverLucky,account.b0b84314c93a4f3d857e4d7b0e7fcb77
2026-02-08T18:13:22Z,SHIN-HONGGYU,account.01157fb90a7f41bc89e4c619af59895e
2026-02-08T18:13:22Z,woaizhejiang,account.9c35645164d243e0ae0af34a2e127205
2026-02-08T18:13:22Z,sh0o0zzz1-_-,account.01dd2d5358634392ab1756829b1618a7
2026-02-08T18:13:22Z,Tigerzzz1-_-,account.bb3701f6424d4005aa62e0a2a2f6ca03
2026-02-08T18:13:22Z,GRUPaaa,account.822ed127ca2742469a5f1b935b93d44d
2026-02-08T18:13:22Z,999TTTT_TTTT999,account.fc2cfb909f3e4ad1b07521a5328298dd
2026-02-08T18:13:22Z,SixSackz,account.882b84612e3d469488a4c3a49761f8b0
2026-02-08T18:13:22Z,C_Cats,account.36fafb57de7b45a587b89db13404d855
2026-02-08T18:13:22Z,Eternal__RoR,account.ae7e236a159f4ea9914207735de9fb2e
2026-02-08T18:13:22Z,15jd4l2zk0,account.d5c1d71dc2234bfc99fdfadc0bfc54ed
2026-02-08T18:13:22Z,tottlro,account.75375f1b33dc4162a3b395a11a56c83d
2026-02-08T18:13:22Z,daUl76TOhy,account.1a9681a0d2d84cc6918763b87ccf8e16
2026-02-08T18:13:22Z,ShanZhanDeLang_7,account.89d1afd25af14e6dbb701042040b94b4
2026-02-08T18:13:22Z,Ahweiwei3028,account.8265d0a70178403baee3c0e24c029490
2026-02-08T18:13:22Z,im-xiaobao,account.a2705b306b5d40fa912badcf8237d31c
2026-02-08T18:13:22Z,QOQOQOJJJ,account.ab1d4904b2ff4deab62ec59332ca0003
2026-02-08T18:13:22Z,li1li1li1li111,account.2bc0e8db528141508713a97f4e117581
2026-02-08T18:13:22Z,YPLzzz1-_-,account.705faab258264d5fb1a6fd56fb5722f8
2026-02-08T18:13:22Z,Kuzhez,account.bb10a37734c7466e91757001b7791d8b
2026-02-08T18:13:22Z,rquhru7613w,account.f5ca8f45ac094e9cafdeef3019acd427
2026-02-08T18:13:22Z,OoSnakeWangoO,account.d5cf2a3409ca4d7bbff52b932d05e276
2026-02-08T18:13:22Z,833TK,account.e9379e038d6347e4874b1a22d1a528bc
2026-02-08T18:13:22Z,ELEVN114,account.f4d147d882a34bc8b8e180e935f75811
2026-02-08T18:13:22Z,renault65o9252,account.764f46544be547f5b1d54b282e059268
2026-02-08T18:13:22Z,tgttee,account.338cb3ab4ee2408d8d33a40af5829ee0
2026-02-08T18:13:22Z,9036_-,account.17cad27187f54704930daaace7ad1eb6
2026-02-08T18:13:22Z,oI520_,account.32231c17d26c4f1abdf6fa8b1b069a12
2026-02-08T18:13:22Z,Tti_I,account.f2b4f68075984179b04a1b8dbd83ae33
2026-02-08T18:13:22Z,HuYa----weiwei,account.927171cacd3d4dd78fe469e1bc433a75
2026-02-08T18:13:22Z,dksckdals0326,account.c2832f60b8d84a9f97d95f99a8a35d7e
2026-02-08T18:13:22Z,Shx0o0zzz1-_-,account.6fc2a6ec19f043ffb35fdfd5691ee4cb
2026-02-08T18:13:22Z,YiDaiZS-MBG,account.52a6dac7787a4ee48b4c9162f9dcf36b
2026-02-08T18:13:22Z,soren-xq,account.479da3889b2b4e09b2e8bebb0f8e1bc8
2026-02-08T18:13:22Z,VIP000000001,account.485bbc783692460f8521f5a1f63320a2
2026-02-08T18:13:22Z,sunjie5070,account.c54adb33202144d589c310e7a6f7ed15
2026-02-08T18:13:22Z,CY--YC1994,account.f7703c69f93e42da86ec75caab49a37c
2026-02-08T18:13:22Z,Leo-19761220,account.d864bea4170649958e238ebfa82aaf88
2026-02-08T18:13:22Z,92rrrrR,account.62f39272a8804f3d9989c8410d2bf6e2
2026-02-08T18:13:22Z,zxcsy-baby,account.46280218073b47efa772b103ce4ec406
2026-02-08T18:13:22Z,HAXLX_0901,account.194d9eea944d4486b07ee5f91a5502c3
2026-02-08T18:13:22Z,SweetKGD,account.ab8f04c66c10459583628cc8661c92aa
2026-02-08T18:13:22Z,Darkanyhow,account.b70e1c7b09b64a7d8372ffe0994a963f
2026-02-08T17:54:25Z,Cc---weiwei_dad,account.233b390b49b8482e83def92cbef2e50a
2026-02-08T17:54:25Z,Yourenotmymatch,account.2d5ed4289c1a4ea9aceb14ea78188249
2026-02-08T17:54:25Z,DokiDokiforss,account.8163bdb27cc74ba3beb8be08aa6ebaa5
2026-02-08T17:54:25Z,X_xingQAQ,account.618f93029f2a42f384f34ca5644cf15d
2026-02-08T17:54:25Z,oban1208,account.7ee357efc7844711a55a9c5911e5181c
2026-02-08T17:54:25Z,wogusone,account.9f59d941eaf9491d90816e55c2fca2db
2026-02-08T17:54:25Z,Forever1oveHsMm,account.811ce9e7e25a48e1a2ca52ce38e9ef14
2026-02-08T17:54:25Z,X-6ix9ine,account.71d8f48a53a84919829bc11ef57a278a
2026-02-08T17:54:25Z,Lonely_Man8,account.84f0db02ab984aba98b21fba9b4e007a
2026-02-08T17:54:25Z,sakura-0915,account.71d068fa254545d8bfd341321230c84d
2026-02-08T17:54:25Z,morbwa,account.7605e05c209945728396218f04f93a26
2026-02-08T17:54:25Z,Susu_-bb,account.fa4422172949490eb8fbadd01072101e
2026-02-08T17:54:25Z,Yolo-WangZai_-,account.35e090651b4b4d58b206b94f350a168c
2026-02-08T17:54:25Z,MaDouTV_WeiGe,account.beb2099de2074d378118eb9f275dfd95
2026-02-08T17:54:25Z,GDS_virgin3,account.6977712d1266451797bc1fafa88eea6d
2026-02-08T17:54:25Z,MGL-DE,account.62f50746e03d435295650adf7ffc3e0e
2026-02-08T17:54:25Z,Eilqii,account.f815fd3336064c1d8f4a7b6f76ad9719
2026-02-08T17:54:25Z,TianTianKanSB,account.c77727c18fe94017806834821dd86456
2026-02-08T17:54:25Z,me1renwan-,account.15d85bdad0c940bba8e15c913e5ac926
2026-02-08T17:54:25Z,MMC_Shiba,account.b74890e864ac47a4bc059b18231db7a1
2026-02-08T17:54:25Z,Banana_babyboy,account.a72e71de3047446aafc884aff9c11f39
2026-02-08T17:54:25Z,EPMD-55,account.388a5c2aeba64593a83e81415a31fae8
2026-02-08T17:54:25Z,Yuan1o_,account.194fcf20a3684b6281e1806b940e888e
2026-02-08T17:54:25Z,x1a0zh1-1,account.1329536ab1d04972b9e2b759a1cd0309
2026-02-08T17:54:25Z,17_Seve,account.9b14cb39979c4141989d05c34c5bd3e9
2026-02-08T17:54:25Z,CYLPP,account.3097cb23c2ee4d57acfd7a8eb7b1c8ce
2026-02-08T17:54:25Z,Kele_-bb,account.c5bc314180234e129055aef11a0b07bd
2026-02-08T17:54:25Z,JIAXI6296-,account.355a5bada11f4c85acbcdc2853488a86
2026-02-08T17:54:25Z,wto1111,account.a16f824da4c04f81994be90c89b50072
2026-02-08T17:54:25Z,0856KTP_FuGe,account.13bfb3b9c8e646d786567448ab024572
2026-02-08T17:54:25Z,Kiki_0u0,account.d772531b8e3c43f6a7dde34427d410e9
2026-02-08T17:54:25Z,M-Wangzai_,account.a44acaca3387453399bdcd814a21f02b
2026-02-08T17:54:25Z,DontGiveMeHaHaX,account.20c94385f5ad4a2b99771da10da33ea7
2026-02-08T17:54:25Z,1iuhu1,account.fd4616bda4854543b902518c59409c53
2026-02-08T17:54:25Z,1show4_ttcg,account.60e9637690c444ee97982f30a7f92c86
2026-02-08T17:54:25Z,TFTW-LAODE,account.8ae679bb598b4e4bb99bb621aaab352f
2026-02-08T17:54:25Z,Forever1oveFGG_,account.9ca8b1d6acce467d87320b57c7f4a8cb
2026-02-08T17:54:25Z,HarryPotter0595,account.66856369f3d24755a0550103b6c09174
2026-02-08T17:54:25Z,0108__,account.83396ceaacfa49c695a74c8003266bf2
2026-02-08T17:54:25Z,Go_WhiteGhost-CN,account.43b11124b1c04b6d9c680efab773379a
2026-02-08T17:54:25Z,Chent_5,account.c0497758425d4448a9e9955eb73fda5e
2026-02-08T17:54:25Z,RDG_001,account.2945dbb645d241338aa307d33e8eaa59
2026-02-08T17:54:25Z,wgrsnm,account.1e65eae41029493291ec395f432c07e9
2026-02-08T17:54:25Z,Ly15_-,account.78a83cb8429543a5a949d40a055da5ec
2026-02-08T17:54:25Z,9ouui,account.2159f40ab51c4afe929a474b82acc387
2026-02-08T17:54:25Z,5_1_uj,account.e674be24809c42b28892cac8e4510a7d
2026-02-08T17:54:25Z,1998_Taosang,account.0b53eff6b49f40bba9533237b6e633a2
2026-02-08T17:54:25Z,xz1579,account.bf2ccd90c1394a7c9c51a911c9d47701
2026-02-08T17:54:25Z,o3_20am,account.a7348847fc8f49488dde19a7764c9c7e
2026-02-08T17:54:25Z,Team-mate-killer,account.f8def038f6774091b392b1d28a7162dd
2026-02-08T17:54:25Z,1u_Sakura,account.74784da2fbc54a448e7b592cfb82970d
2026-02-08T17:45:42Z,Tian--Wo--JiJi,account.79ae73075f3a4d79b16b5c4f5cd8fc50
2026-02-08T17:45:42Z,King_Ws_,account.9d18e51f4afb4cb89553b83bbcc791d8
2026-02-08T17:45:42Z,wei_0322,account.10a2c2318de9467abb0643d53040d09d
2026-02-08T17:45:42Z,N1ian_-,account.a2610512600043a49a5d5943eb8f92b3
2026-02-08T17:45:42Z,hosee666666,account.6c9c3f8bc8d14b6b808211e2efa075fe
2026-02-08T17:45:42Z,JIUFENNO1,account.15b1fe444fa84b4d83b875836941d565
2026-02-08T17:45:42Z,Luren11111111_-,account.e72b441c1da048248f3b65142e5f7fe6
2026-02-08T17:45:42Z,GentleHo,account.97a1b1ab9b1d440591c73e5d07ebe11d
2026-02-08T17:45:42Z,wuliao-yelang,account.eafa76c21ae1451abd8338a4c476aefc
2026-02-08T17:45:42Z,Mr_DashingMan,account.a2018cab68e84f1f81ab19567357dc3f
2026-02-08T17:45:42Z,GG556556,account.df9d7a283d6f46558eb2400fb70ae0d3
2026-02-08T17:45:42Z,Tensor09,account.d1303a884bd4495380777a8aa81102ee
2026-02-08T17:45:42Z,vwtyni,account.db0453ccc4d8403a9c4f63b1d4c2c2d4
2026-02-08T17:45:42Z,Chiiiiiiiiiii-_,account.f8687dbc1b5c4f8e9c76ebc49d367622
2026-02-08T17:45:42Z,woIdamimi512,account.06bc9a5d34c54ad4a6a1b9d63d3d19e7
2026-02-08T17:45:42Z,Damull,account.69a4b7cf3c414b57aace8cf8a6507501
2026-02-08T17:45:42Z,ACE-882,account.eb8a8c35788d4e5d8b4aebc046e55d62
2026-02-08T17:45:42Z,Restart-06,account.ff0dd12180a24661bc5ca480d2883c16
2026-02-08T17:45:42Z,Louismxx,account.e85d67ef754b4af2931256cecd46dec4
2026-02-08T17:45:42Z,Mz_Ten,account.256bb863d7524027a550473177126b0e
2026-02-08T17:45:42Z,CCTV---LongG,account.15513ae332644ecb931205f807bbef1e
2026-02-08T17:45:42Z,Bili8608960,account.9187d2619bab4265a486f63c69b40539
2026-02-08T17:45:42Z,QiaoYill_,account.4e892b8313084469947d8b98dae5f964
2026-02-08T17:45:42Z,PLASF_CaoYE,account.1e2a0fb63fb943feb05aa14759ddb5c6
2026-02-08T17:45:42Z,liqingmo,account.25cc0a0c531643f0a2203805d8804cbb
2026-02-08T17:45:42Z,HHniHH,account.d9229445863d49a99dd17004826bce9c
2026-02-08T17:45:42Z,LYLZRR,account.9b07b40bc1ef4cefb68e09dafc971b9e
2026-02-08T17:45:42Z,EnYa_-,account.378087ddd21d4f5ba6a499caa388f947
2026-02-08T17:45:42Z,goldduckmomdie,account.d8dafb53b13b409cb7790452e6ffa6ce
2026-02-08T17:45:42Z,TG-89,account.16897c8a460c4bf0a235eade28d89b3b
2026-02-08T17:45:42Z,wzyniair,account.5a6f0ee305394de4957c3123211b75b7
2026-02-08T17:45:42Z,VVVVVVVVVVWWVVVV,account.7580aa22443f42c29decee734d7bba20
2026-02-08T17:45:42Z,SYHF008,account.b1cf054b0791454bb8bc19f6f185da26
2026-02-08T17:45:42Z,Fash1onBoy-_,account.ebef36585ece4b66888a8eb2abc9c412
2026-02-08T17:45:42Z,xiznbzdds,account.a10a8e6b6cad4f248cd9f7bececd7ad6
2026-02-08T17:45:42Z,oi7ouo,account.090df2965261415692ad633d0ad7cd0f
2026-02-08T17:45:42Z,895T,account.9ab305a229ac4d2994993dc18c42eb08
2026-02-08T17:45:42Z,xiaoqinshou12,account.57f058de148c4de9a1f9a1b7a41e0fd5
2026-02-08T17:45:42Z,FrostyColombo,account.ac90a10407644b1fa8781fed12b11d64
2026-02-08T17:45:42Z,cj112716,account.c15b0490e82d4dc28f82cfa11085589c
2026-02-08T17:45:42Z,qq-609308558,account.00a76f033abf41c7a8b146489f44dfe7
2026-02-08T17:45:42Z,MeL2022,account.5fb47796c21a4b12bad7b58f89ee9526
2026-02-08T17:45:42Z,FC-pengyuyan,account.3ba624ffde83473f970e766bf38c058d
2026-02-08T17:45:42Z,taeangongju,account.7752c26a663840a4999e6f1e134b4155
2026-02-08T17:45:42Z,SVIP--Lao--Qi,account.e9b18ae5466446ce89ec129a325507ec
2026-02-08T17:45:42Z,Huangchuan_m762,account.bbf9776580054aa7ad82877a9527fb8a
2026-02-08T17:45:42Z,95zxl,account.6b23b6886a044629b02abdb9af0f9016
2026-02-08T17:45:42Z,MSqifei,account.28fd87366f7247c9918d1770e8d985b6
2026-02-08T17:45:42Z,Vain-lin,account.31a888bea0d844a7a204fbaf92407bc3
2026-02-08T17:45:42Z,DokiDokii1-,account.6c920b974d744cfb9d2b29a324919cb8
2026-02-08T17:45:42Z,gusemope,account.38fbdb24526b4a64805fe97e1218ffd0
2026-02-08T17:45:42Z,Gaia3_-,account.4f6ae0a30ba44a4e86c644df4ba21c07
2026-02-08T17:45:42Z,Ln_Zw,account.e6a2f207b3534e50ae3a1e3705eab4eb
2026-02-08T17:45:42Z,gussnnope,account.a65902d31d6f47eab4bfc308cc203855
2026-02-08T17:45:42Z,EVZV,account.ac3aaa0a8f564721a4a0adb5c9d60702
2026-02-08T17:45:42Z,JianBiao-Childe,account.3ff6abb46b76423796c391bdee635d9b
2026-02-08T17:31:34Z,0610_LY,account.86d7908de5e243d68f13a39fe3697cf7
2026-02-08T17:31:34Z,DokiDoki-Zly-,account.92a5e61c039c47b29b75dee5cf097714
2026-02-08T17:31:34Z,Ziy_1024,account.087acb0793a945ec98213c4ad0dca49d
2026-02-08T17:31:34Z,crhj7220ng,account.731fcb7a8b8f442b96ff00f9d7da868b
2026-02-08T17:31:34Z,ba0n0,account.c9ac115016074c278bd8ad92adfb23fb
2026-02-08T17:31:34Z,Tom_Hug,account.253733b5898d49928611243f8bcdbccf
2026-02-08T17:31:34Z,Po1son_Wzl,account.5c9f1d4fc6ab4e97bbe7d758190e5fc1
2026-02-08T17:31:34Z,BH_CD_HUANG-88,account.7f7ec585a491407e99b949aaafd6aeaa
2026-02-08T17:31:34Z,XiaoZe-HXL,account.aaa1d47050e740ae98334a6e78ec1463
2026-02-08T17:31:34Z,0818_-XY,account.05314218b2174ce58265fcda4038b533
2026-02-08T17:31:34Z,Pikaqiu_ztt,account.cf3658b53ebe4e65bbc9ff6a1051ffa3
2026-02-08T17:31:34Z,Wbz1_,account.7130134e10924c39a1e1177ead6a7c32
2026-02-08T17:31:34Z,HyPo_Crtical,account.3502763440354a56bcffe50ce7e3e909
2026-02-08T17:31:34Z,RaorenQingmeng-,account.80f96a767bca4e07b08021d59f24c572
2026-02-08T17:31:34Z,GuEng-,account.c35032b3339e48b9bd70da5cd84ea34f
2026-02-08T17:31:34Z,ayomdy,account.da5b48ba19ca4ef3b6560fdafc98e9d1
2026-02-08T17:31:34Z,GOMEYC,account.13859ef4998a481c8e69e09b46ada05e
2026-02-08T17:31:34Z,freemen5080,account.2d3db2c58bd048558bcaa5fb8b214467
2026-02-08T17:31:34Z,liaoXyv,account.e631c8bd19794ff4816027bdd93334fe
2026-02-08T17:31:34Z,S_KaRaM_S,account.301af7992d484f3f9e116e890a0688bb
2026-02-08T17:31:34Z,LYY-931212,account.fbea92d38e2b415aad0eb329037f5c82
2026-02-08T17:31:34Z,WuBa1Wan,account.ea765687b0b54c64aa31a5c4b0ccb619
2026-02-08T17:31:34Z,XF-99999K,account.e0c3585abedd4ca0b3d7d53eca2588a7
2026-02-08T17:31:34Z,YinK-TNB,account.8636b10dc67a49dc954a5b843186f603
2026-02-08T17:31:34Z,Liouy474247828_,account.7e98a32e6c754d8fbdc4fc3397947c02
2026-02-08T17:31:34Z,KingBHoward,account.abb724eff4794016bc7acbf16e430d85
2026-02-08T17:31:34Z,Lazy_cat0922,account.f1b352eae63f4a29b841c56944ec649b
2026-02-08T17:31:34Z,Kor_Killos,account.9b12090a675f4c3482d265611f6c546c
2026-02-08T17:31:34Z,ZanGg_iii,account.f87810b6bc4944f78296d5456495e2bd
2026-02-08T17:31:34Z,3RnGTZ93N,account.7fec0b0235cd4b109de0cd58b5407d50
2026-02-08T17:31:34Z,W1nstDreamer,account.2a0b828eaf0c4655a5fe1cf4b4ee960e
2026-02-08T17:31:34Z,suexsoo_,account.619aec27f3824ccb8c45a1fc1ee7eced
2026-02-08T17:31:34Z,JOJO-_q,account.e1a12c1fc68244c69d8b27eb75a233a9
2026-02-08T17:31:34Z,XuQiAn_007,account.0a27450b5deb4aba9b97bfd9e33d3373
2026-02-08T17:31:34Z,2my2,account.166bf7ee60b34ba8b2e2124182376aff
2026-02-08T17:31:34Z,Gin0-_,account.0d99cc3d56fb45d598bf0256a17708e2
2026-02-08T17:31:34Z,sbxxUuU,account.4a3945fd4baa41acbdd5230010bc0ec0
2026-02-08T17:31:34Z,BZG-OVO,account.c88fa5e6860547edb5dd9d3809af2926
2026-02-08T17:31:34Z,Pinky-swear5727,account.e9e1ae6616bc4cd3a875aa7b3326e8ab
2026-02-08T17:31:34Z,Y-x-BB,account.14f3a46120444e1d817c80445543762d
2026-02-08T17:31:34Z,h2oK_,account.7f961c57b44c43ecaa22e627bf91d3ed
2026-02-08T17:31:34Z,DuuLEe-_9,account.8a8fbde8271b4bb58bbf65e7c4208a59
2026-02-08T17:31:34Z,liyunlong2591,account.061b40549c444dcf8313bb0f65c2c718
2026-02-08T17:31:34Z,DYM---888888,account.fa540febbe614bb4803bf21adf8c7c95
2026-02-08T17:31:34Z,Edison_Zhou,account.941843502d93467bb0dd35976e67f39a
2026-02-08T17:31:34Z,JULY_LOVER,account.0b2e9d24fc5d46e49cbbf81248a80418
2026-02-08T17:31:34Z,0622-_77,account.9e178ede91494424a7d8a0d5dc480513
2026-02-08T17:31:34Z,W_yesi,account.abf78cdf66964867afdf727965c209ec
2026-02-08T17:31:34Z,wen-kirt,account.21664325da854268b6b351e8e3b58883
2026-02-08T17:31:34Z,LPZ223,account.7fd2fa0be702451e976d4330bc915b44
2026-02-08T17:31:34Z,2uo7_-,account.b0336a398da34817a96410b23acdcc5a
2026-02-08T17:31:34Z,38724470,account.ffc56cc1edfd410c856e2fd233465c59
2026-02-08T17:31:34Z,juwakgguwak,account.e6e34b31db0a41068cc48c26fe90780e
2026-02-08T17:31:34Z,o33n1,account.79249f0140424373bcd8ccc7e6c6c8de
2026-02-08T17:31:34Z,136215748,account.a3de0a2c02e3486e8a49e16d430054ad
2026-02-08T17:31:34Z,9192o,account.5f36d228e814428180ed56cc4f3d8c29
2026-02-08T17:31:34Z,Meetles-,account.4d217f9b09af4c7eafeb90f302bb6526
2026-02-08T17:12:52Z,vv369vv,account.70affd85b98b441583f5a4d118c3dae8
2026-02-08T17:12:52Z,PC-WL,account.58027b061b5a4c45aa4fc0cb73f01f0d
2026-02-08T17:12:52Z,up_cxy,account.3e9be8378fa24ccd8c32e870b6c0f860
2026-02-08T17:12:52Z,IG_--TheShy-,account.0ca8676017ad42df8a174d9abcc05f04
2026-02-08T17:12:52Z,yigexiaowangzai,account.fd1df16395644238833a5408213db249
2026-02-08T17:12:52Z,Demon-mianbaoche,account.b517faa8f9794d6199c4a0a91dc4af0d
2026-02-08T17:12:52Z,lXXJRY,account.86c440d952e84befb6ba853e9a18c912
2026-02-08T17:12:52Z,Jay-Zhou_YYDS,account.f1f32b5a86434db0b75ca0a51ef15ec6
2026-02-08T17:12:52Z,1991ming,account.8932f818fd124e38a7b1f860b14af326
2026-02-08T17:12:52Z,HanHan-2019-8-22,account.a5644957f27f4d22876f6c98bfef2f28
2026-02-08T17:12:52Z,PaoYa_iii,account.e23b84df0b794069a9d27f9dc9e41fd8
2026-02-08T17:12:52Z,NanXiang-JiuMeng,account.273dcfa1001d45699b0d719722e2b4da
2026-02-08T17:12:52Z,Fc-xiaodu,account.2af20e3528ae489981d4b17becd5ab8e
2026-02-08T17:12:52Z,kyha47,account.4152c615218a4aabb0b1c56dd22e6923
2026-02-08T17:12:52Z,banana---28cm,account.5476c0f3982448a2ba07a09835826252
2026-02-08T17:12:52Z,i_kuloo,account.31e4628d0b574d7987732ffadcd13201
2026-02-08T17:12:52Z,i9xx2h_,account.ae292d68637c4a8a9827b96bf031b3e5
2026-02-08T17:12:52Z,Demon-Jang,account.109a5054443d44fd813805f832038ffe
2026-02-08T17:12:52Z,Superbanana777,account.a166bd1b5dbf47c7971bdcced8e916d4
2026-02-08T17:12:52Z,Bigbrother-Xuels,account.b93722790dd449609a00f5a199f4f727
2026-02-08T17:12:52Z,lll-UZi_1,account.5e56e11bd30e4c98a04231829b624821
2026-02-08T17:12:52Z,BuChiXiangCaiJie,account.015c7e859383491b8713e65bc5df3bfe
2026-02-08T17:12:52Z,1368870641,account.db29557f55fc40b3a0a0b78741aaeb41
2026-02-08T17:12:52Z,Demon-Chiang,account.2e821dad4d1a4b5ba2c0d6f06e9cac17
2026-02-08T17:12:52Z,ladaa13,account.b76d055e35694ad0b1bf0f9e1eac070f
2026-02-08T17:12:52Z,huya_qing86,account.3c03d65f32d542429a2c3b63e59971a7
2026-02-08T17:12:52Z,Au_aaayes,account.e9c8cb075175454686dd4d8de6c76e94
2026-02-08T17:12:52Z,vic1017,account.03a782e9733a45c79161ed79b75686cd
2026-02-08T17:12:52Z,xiamichixiaoyu,account.60020d3787d94478b435698b2bed4afd
2026-02-08T17:12:52Z,A-God-Mt,account.b55bd04232ed4028b26d6e0305442fe6
2026-02-08T17:12:52Z,Lao_San666,account.383550d7179a46969002a39dcbec7851
2026-02-08T17:12:52Z,xiaoyu-98kar,account.c307e0eff50b43cdb801244ba29188d6
2026-02-08T17:12:52Z,PGB-SAS-911,account.576dbca329cc4f22a3098601c40726e2
2026-02-08T17:12:52Z,XJ-DaXin,account.ecf92f40118a47b88a07a3cfb86acbdc
2026-02-08T17:12:52Z,DB_ZaoLaoTou,account.fbfdf854370740c58b6ba18403c31f6f
2026-02-08T17:12:52Z,XHZ_GuaGe,account.11941266340d40499234ab07554b2c5b
2026-02-08T17:12:52Z,zzya_-,account.9990dabb8d0f449eafeaf26ebe2036cd
2026-02-08T17:12:52Z,Tender_-gg,account.3b87891a6fae45049ce1544c639ec81c
2026-02-08T17:12:52Z,zlt456123,account.ebad59defeab4ef8a423e1f205155b28
2026-02-08T17:12:52Z,MianYang_ZhiGe,account.3a43c6c9eed242858db456ef71385b58
2026-02-08T17:12:52Z,Lm05T73,account.ad0aa63c5026459a9b110e53257cfe8a
2026-02-08T17:12:52Z,Sunshine__762,account.4e26a7efbc314e1e89802dad591f792d
2026-02-08T17:12:52Z,xiaohang9729,account.45549f40cdb140f0a80f7f1554f9a5bf
2026-02-08T17:12:52Z,YZQ13579,account.340f4ecc74384a01a7bfe21a63df4ee4
2026-02-08T17:12:52Z,i8_AhWei,account.b7d8610e36e540ccb002bda4fa656763
2026-02-08T17:12:52Z,changogo6,account.13f0c7bbffbb4f2d9f9be7cfad01a01a
2026-02-08T17:12:52Z,sleepheadyuan,account.0f8e549f23484340b2c622ce86b6e47d
2026-02-08T17:12:52Z,ZYJ-0101,account.856bb064f1444fbeb64cff62a9d6a386
2026-02-08T17:12:52Z,POP-Thefuture,account.787680ce909b4af9872bc0b6fe82757b
2026-02-08T17:12:52Z,T-520Game,account.ff847b31b6034073a2fcaf630611779b
2026-02-08T17:12:52Z,z601_-,account.8d3cfbeaa99f4858be64714f953d3d11
2026-02-08T17:12:52Z,hanxuan98,account.4ad7aff9839c49e78d73994148b0875d
2026-02-08T17:12:52Z,Liuwaiwai-ww,account.d1840ec754854053b156f3a00a90bc09
2026-02-08T17:12:52Z,Aiden18,account.115d86721ab34ab8ba3e8bde9b5b2c80
2026-02-08T16:51:21Z,Crazy-JunjunM,account.b13c102f72fe42f2b3b2a5659e5faa11
2026-02-08T16:51:21Z,GG-Boom-7,account.c56a4127e106464a8d0fb0e5ffa67661
2026-02-08T16:51:21Z,XIABABY726,account.107c0f461a554ade88339919fa9833bb
2026-02-08T16:51:21Z,9issn,account.6e5f248b5cea4ad08ab1e3c8f1f8f033
2026-02-08T16:51:21Z,Mk17niubi-Luffy,account.814b9a890275400c940466b287443e73
2026-02-08T16:51:21Z,RoTe_292,account.4b81e98222d34e4282dd718d66d7c643
2026-02-08T16:51:21Z,hefei-789,account.129bc7f7fa404b3ca0e25d7126ae9dca
2026-02-08T16:51:21Z,cz_xiaoxi,account.9388dd3e889c49d9a37fc1b68e59a8fe
2026-02-08T16:51:21Z,WOya0YANPA1,account.6f8c932bb21346b39d34835447c9d637
2026-02-08T16:51:21Z,GK_YeXinKing,account.aad13dd5577f417fb8bdc50370f428ba
2026-02-08T16:51:21Z,WJxiaoxu,account.94bf14713f1c496d94d104076f619fef
2026-02-08T16:51:21Z,z0binn_,account.1d1f2573fff0468cb3a49cc109559e8e
2026-02-08T16:51:21Z,Ghouls-wh,account.c46f6688464d4c909bd8880177b2d7cd
2026-02-08T16:51:21Z,NanPenGYou_7,account.f18bae4fccba4c29b07112a630cc3e43
2026-02-08T16:51:21Z,4o_Oaa,account.4710e48768074d7a8ef4a102ff422393
2026-02-08T16:51:21Z,May11_-,account.5f6a288d0cb046c6894f33cadc15bbae
2026-02-08T16:51:21Z,Together-DF,account.1a667a55211f47c1b9a63112729b7118
2026-02-08T16:51:21Z,Yamlxn,account.944f3f9c500143fc8eaa9a354fd9fc41
2026-02-08T16:51:21Z,Mentel-Lei,account.10138b5809124146b6ff47ba8ee39d39
2026-02-08T16:51:21Z,axmhgce02k,account.337def1b8c944fc588efef1057107be9
2026-02-08T16:51:21Z,555PWDD-XiaoBa,account.c795b83c9c3f44e99983d67507beaedf
2026-02-08T16:51:21Z,0991-Along,account.492ba5939233446a89d239e4578f7de5
2026-02-08T16:51:21Z,KR_August19,account.ee3496fa732e456da88dbcceb864b8d8
2026-02-08T16:51:21Z,7L1x1ang,account.72700cbdde814fd08233fbed5622d2ce
2026-02-08T16:51:21Z,Zo77_,account.7bfcdda58a174992993b1dcbd297b52d
2026-02-08T16:51:21Z,Pa1Me1YouWenT1,account.22a12884afa046ca83a322b1e7dffec4
2026-02-08T16:51:21Z,Carry-you762,account.faad441573f742cfb18ad9ef63e94113
2026-02-08T16:51:21Z,Jan_9th,account.c1b29ae33b0645469ce856344e536ecf
2026-02-08T16:51:21Z,Broken-cj,account.6298b922e3a94622a1844745b44a150b
2026-02-08T16:51:21Z,Ace_Early9527,account.4328f55867a241fc9f44b4e90a175922
2026-02-08T16:51:21Z,Par-ting-,account.fd244e651ffb45a28e4fed728833b93a
2026-02-08T16:51:21Z,II-59-II,account.dac8f51755114d23b136a57f94923d05
2026-02-08T16:51:21Z,LoverBoy_No_47,account.b8e4e28d04b9429b832e230dc553b96c
2026-02-08T16:51:21Z,000000000000____,account.54bc1a2ac3d04b449101e883343c5838
2026-02-08T16:51:21Z,DHozo,account.bf9b6cac0f9d4dbf859a4ae72cb40037
2026-02-08T16:51:21Z,RoCKzz11,account.a261de41092743e7aa2df1e4f5e879f9
2026-02-08T16:51:21Z,Nhrysy893,account.300fb376852c462f9aa1630a21d0b915
2026-02-08T16:51:21Z,cqvkaqvxoh,account.a229ffa478ca47e5808388a1037f9aae
2026-02-08T16:51:21Z,Astronaut_lok,account.a431b2d1ae4140f7a5775dd2c919eb1d
2026-02-08T16:51:21Z,innbby,account.6ca5937fefaa49f19399e79d09e6a4ae
2026-02-08T16:51:21Z,HSmm_-0,account.6011689f4fb34acf831ed71fd53c1125
2026-02-08T16:51:21Z,iufansOvO,account.cb177a07555642f1b523579a4531d29b
2026-02-08T16:51:21Z,Tury11,account.8c83dda7f42e488db88537c661ae5ca3
2026-02-08T16:51:21Z,AmingQ,account.87563a7350ab4fb7bfe8186a2316a7ef
2026-02-08T16:51:21Z,iiflowers,account.87df08e1758749c98714c3bf70874a37
2026-02-08T16:51:21Z,rwbqn,account.df3d177160794e21ab12b444f5152bbf
2026-02-08T16:51:21Z,SuperRealMadrid,account.fbc5273f74624d0dad1a0f41f2ee26c5
2026-02-08T16:51:21Z,suhwan-0820,account.310bdae613744b14b4817ca30a6cdd2a
2026-02-08T16:51:21Z,LanMeiYaoZi,account.70c921ff06274f00855976e50d917bb2
2026-02-08T16:51:21Z,Zha1ei-_,account.c1ebead6873241eca0d7946e6ef09f35
2026-02-08T16:51:21Z,SeraphlcVeil,account.a1ab55efa2474108b8f0d601a4998c8f
2026-02-08T16:51:21Z,Mimarpandor,account.3976cc60cf17440b99e6db7d9b6e948d
2026-02-08T16:51:21Z,iQrQ,account.1832de3fa0b140c19c5616e451cc8a3d
2026-02-08T16:51:21Z,HongDouYa999,account.1dae41d9939b4017a7dfefa360b41ecf
2026-02-08T16:44:25Z,Terminator_987,account.ad3e4e70c43446259d64e6f4be8d60aa
2026-02-08T16:44:25Z,zt_yt,account.254af8c5e06f4033b398aaa50d6958ea
2026-02-08T16:44:25Z,24K-yangzaizai,account.7cdd890dfd3a46acabeac9b6b7eb8ba8
2026-02-08T16:44:25Z,paindontstop,account.e282f8995dff4e1ab45cff45140dc3cb
2026-02-08T16:44:25Z,WO-shi-lao-liu12,account.c2f5412bd18546a79f63796502952a07
2026-02-08T16:44:25Z,bupg-Qixi,account.bbc6de3593b34870a153c9b45b62423e
2026-02-08T16:44:25Z,Cherries_777,account.22051a81ad474128b18affc6c2d4ee0a
2026-02-08T16:44:25Z,YOU-ZP,account.11f3c5e422a74c5aad23da64fbf1f13c
2026-02-08T16:44:25Z,Yolo-24k_-,account.bdda0e7185094333ad77615c8708449a
2026-02-08T16:44:25Z,Richxcls,account.dc1b75464a164a9693628cd68ac729a2
2026-02-08T16:44:25Z,JiayouYa_-,account.bd9b6507776c4330a52ec4fbc5548460
2026-02-08T16:44:25Z,Luv925,account.580fc243aa844e9caf2c823967e926f1
2026-02-08T16:44:25Z,TNCC-J,account.16326fcc7df741f4995435d2236c3e21
2026-02-08T16:44:25Z,FunnyMudPee_r,account.87f71355a91e4b228ad1e5c80b0cc8aa
2026-02-08T16:44:25Z,Douyu_12581974,account.e61e3bf545bc425e8b286c29920d50ac
2026-02-08T16:44:25Z,GOGOGO-DIE,account.d23b7674946f4b92895da474e035ef6f
2026-02-08T16:44:25Z,GRY_Monkey,account.3111ed78fb5c438ab9762ad6fded5717
2026-02-08T16:44:25Z,suixin66662582,account.610d3b61cfcb4b7a998977b7220c924e
2026-02-08T16:44:25Z,Bakala-Range,account.b78647adf7ac42eca73bccebda8d75a1
2026-02-08T16:44:25Z,BEICHENPI,account.4124f979423448969fddf502efee8aa2
2026-02-08T16:44:25Z,CJIGANG,account.941f60de252e472aaba5d824f4f6bdbf
2026-02-08T16:44:25Z,TheGuan-_,account.e5eb74ad46794a1da462a6d265198a4a
2026-02-08T16:44:25Z,chi-yugogo,account.44263780df23496bb727ee50268b20a9
2026-02-08T16:44:25Z,Cold_mood-6,account.dcafea590a5e444ab4f4adda1ef9e856
2026-02-08T16:44:25Z,Beyond-_-_-,account.07d0c13447954305b32b1caaa308ea96
2026-02-08T16:44:25Z,Yolo-Beng_-,account.9053ea46147447cc9e49a4345ccbb126
2026-02-08T16:44:25Z,China-xyxpcm,account.7e71b5e212a7484d96f9dfcba814db35
2026-02-08T16:44:25Z,6Y6666_-,account.e77c7d67eb2b431f8226267306e77d0e
2026-02-08T16:44:25Z,LeiLoveShawn,account.ed32b031003c4ae684cdde8fff5c3152
2026-02-08T16:44:25Z,TianbangNL,account.8134abf7cd9e49c897eeb0d4cfcb2d1b
2026-02-08T16:44:25Z,Ell-yeye,account.263f4e30804f40129a37daff4d402d8c
2026-02-08T16:44:25Z,Koreyoshi19L,account.5b3b11a8240a474cba16515b390863b9
2026-02-08T16:44:25Z,SK_-DR,account.4ee4468c295a4b3fa8a383cca7c650d5
2026-02-08T16:44:25Z,xiao-xiaofang,account.7e1f6d93f3694c67aa41d038ebd69f96
2026-02-08T16:44:25Z,Bouboo_-,account.ad6752dedecb4661bb78565d8b5f5f01
2026-02-08T16:44:25Z,GoLf_616,account.b65ce98bab504b49b6df115865d4e971
2026-02-08T16:44:25Z,Yolo-Yugg_-,account.dd568f9b54ab4b5c9d6391c4b994725d
2026-02-08T16:44:25Z,ZhangDaPao-zzZ,account.b404af03d41040428950c7b64bc4fc47
2026-02-08T16:44:25Z,Yolo_M10,account.2757c2b0da3e41489514a58696f6ab6e
2026-02-08T16:44:25Z,MN-JIAOBABA,account.7768a812d32c4467a6915fd6c6214187
2026-02-08T16:44:25Z,GRY_HellokittY_,account.87aa76b8ef074a8085494f5bebe330ab
2026-02-08T16:44:25Z,Mr_Lonely-Y,account.9ad104f115a74c638a0e56b054187049
2026-02-08T16:44:25Z,Leishuaibin-11,account.ba3cde1084ea46708629f25fee0cd51f
2026-02-08T16:44:25Z,SIRIUSSS3,account.ee206acbca384e9b860902ab6c088f0b
2026-02-08T16:44:25Z,xcsdawe,account.a7bc47a97fff439c857f9405e6c9a365
2026-02-08T16:44:25Z,GRY_maomaodie,account.0b16dc634da0431d8eaface9b12b6e03
2026-02-08T16:44:25Z,bie-daodao,account.55af34a3666a4891b851ebf6d5c52d32
2026-02-08T16:44:25Z,Mir_VVVVVVVVVVV,account.2ce47ceb90d842bfba5142e19d7f9b88
2026-02-08T16:44:25Z,sy178cm50kg20cm-,account.bb32ba97b01649de977c1623b570a530
2026-02-08T16:44:25Z,SeanDing__,account.04c55867c8db4ee3b1c8f1dbd4c2e2a5
2026-02-08T16:36:47Z,Znve,account.ae2ae75ac52f4a3ebe57ed4891fc8f91
2026-02-08T16:36:47Z,mayangxielaobiao,account.30415bfe9b5045128fe39fbf997372c3
2026-02-08T16:36:47Z,Q1nG-_0,account.caf305220697457c860e46d862556287
2026-02-08T16:36:47Z,YunDuo_Baby_,account.b71960e8c6e2405786416d8a36a1052c
2026-02-08T16:36:47Z,Lipovka_surprise,account.7bc2fce04ae74754bbfc6daa170bf19e
2026-02-08T16:36:47Z,joguick,account.56f0f8a3bc36409789d907264012b69f
2026-02-08T16:36:47Z,HUANGYJLINGCRU,account.6d88d20c69284c78a473d6eb2c3610fe
2026-02-08T16:36:47Z,BGD-xiaofeng,account.75ed205271e749afb38e615bad26185d
2026-02-08T16:36:47Z,Haizaizuiying0,account.747dccb2812b4aa2a42f46158f056e15
2026-02-08T16:36:47Z,Hayam_yigina,account.d801960e83d44bf9854fb4828db49e7f
2026-02-08T16:36:47Z,korea_yoos5,account.770b1202727a48cdab2d1fc38adf64cb
2026-02-08T16:36:47Z,IMaix7,account.62858222a724402d9ca52aed4e5709b9
2026-02-08T16:36:47Z,Mogufanlajiao,account.b7ef636c1faa4e3f95823b1003a87803
2026-02-08T16:36:47Z,Beta-_Richard,account.38e59c815f6642b4b1136cb8362b3d70
2026-02-08T16:36:47Z,ZULY-SHOT,account.f1c8a183ee174d3eba16ed9fe053b750
2026-02-08T16:36:47Z,USXM2,account.ef3ca7f3fd8b4388a0f6ef44a3eb9c5e
2026-02-08T16:36:47Z,JoJo_01-,account.019f4013fbdb4d0baf9c35712dc336a1
2026-02-08T16:36:47Z,hefei-119,account.b389ff5fe4584003b70a91e38f94db34
2026-02-08T16:36:47Z,xiaoxiaodilaozi,account.560629b2eaa44de0a10f18a696fef274
2026-02-08T16:36:47Z,tujishou_XUMOU,account.8c163885648847e28fcb2c0f69dc3a0d
2026-02-08T16:36:47Z,Lipovka_hunk,account.45be5dee805f4d56babb3a67ff188394
2026-02-08T16:36:47Z,Criminal1412,account.45f47b4e3069408488660b2447089d99
2026-02-08T16:36:47Z,A-Tian_,account.e4bedbc9b4244936af921543471d8f75
2026-02-08T16:36:47Z,Whxn1y_,account.42d51ffe41884c0cbec26506fe9029d6
2026-02-08T16:36:47Z,Dear_CXJ,account.af68c16537de4058b37c3461e9c77484
2026-02-08T16:36:47Z,uzta1_,account.2c55aeafbb79482c96a00aebbe96fcc9
2026-02-08T16:36:47Z,MD-eldar,account.85aba846790042478a9d8e4cc04f2c49
2026-02-08T16:36:47Z,xiaoxiao_an,account.2150d817bcc14e46b5376cb7eebd4b7c
2026-02-08T16:36:47Z,MN-DaShuai,account.141d9ba8a4c04d6eb7d87e9626d2d1b4
2026-02-08T16:36:47Z,N1cholas_Aiyo,account.4a81d66d2dda4294988809d99e25c59d
2026-02-08T16:36:47Z,Limitbreak04,account.e290f004b97c4e2bae064e9b094b4884
2026-02-08T16:36:47Z,1stg1xhx0,account.66259b7da2de40a8877b0c534db96d7e
2026-02-08T16:36:47Z,Lipovka_Happy,account.531374516ff1402683713df95db22fba
2026-02-08T16:36:47Z,wndjf,account.2895c036d057436e87b0b7f87bdb566a
2026-02-08T16:36:47Z,HwakKill-best,account.cb4a2e697bfc4070a21bf698f4d93934
2026-02-08T16:36:47Z,i0527-_,account.72d8923f29da43cca7e2e2ea5f82548a
2026-02-08T16:36:47Z,KRAOD07,account.7a78db3bf591452e8817a287e982607b
2026-02-08T16:36:47Z,Heai1314,account.0f15297845274a53915f2386ce8b6042
2026-02-08T16:36:47Z,Biiiii-Lliu_-,account.e34b7a82748e46699b68c8311ac9b814
2026-02-08T16:36:47Z,EIGHT_SEVEM,account.7dc44a19f6be4592b0cb31553c5c56dc
2026-02-08T16:36:47Z,Ymo-_0,account.99fa07ecafe14ef1befa185e2db40937
2026-02-08T16:36:47Z,gkd-1234,account.9a2e778512d744b38fb97a66d73d0e52
2026-02-08T16:36:47Z,Sho_rt,account.1f5f2376a16743e1b712eea09e8f58b2
2026-02-08T16:36:47Z,Halmoni_Sonmat,account.1e557f0f470d46a9ab633b95719b60bf
2026-02-08T16:36:47Z,Yue-OOvOO,account.d580d5208bc242f988aa1b8f4bb23539
2026-02-08T16:36:47Z,26720,account.19bfe83d71ff4543b0a9d2d3a622b01c
2026-02-08T16:36:47Z,Gardenia_-21,account.f61dc8f6ec0f4416a1abb4656796a640
2026-02-08T16:36:47Z,CHJ08,account.092bdc0320be403dba96f97290f758ce
2026-02-08T16:36:47Z,4AM_Longstr,account.580d896c4fb445338d254b0611953dd0
2026-02-08T16:36:47Z,Ayiu_V,account.989f38a81ed34ff38bbc7e723dda65a4
2026-02-08T16:36:47Z,xxxHe-li,account.baf9319d902b45e4ac3d67edea567cb7
2026-02-08T16:36:47Z,baoposhou_HUAMOU,account.60229f81c56645ef95ed039bb7bcfbf1
2026-02-08T16:36:47Z,chris3333,account.a036e02af7c94cf1acd685ce3c1b1924
2026-02-08T16:36:47Z,1IUD,account.6703b89e3eb9437b9ab33ea5a70b570d
2026-02-08T16:36:47Z,DD-33279,account.0f1fd94186f24222a90ac23c2cf717a2
2026-02-08T16:36:47Z,Wjvocp993,account.1cb5bce3e76d4e95be556b3332622b87
2026-02-08T16:36:47Z,S1saoB1-,account.5ed055d6bbcb485b82b8287ef3599c96
2026-02-08T16:36:47Z,xuyuanping1,account.7f6ccc4f52364ae4b90328521f37a550
2026-02-08T16:36:47Z,agfwse,account.07be395476d941cc94e1f7c2409e4d37
2026-02-08T16:36:47Z,39SJJ,account.46eef61c301143b3a2c07ef8b35e6413
2026-02-08T16:22:13Z,rgjsg,account.cd79a2b541284639a9db3cd2a5a0cd81
2026-02-08T16:22:13Z,Xiaoxingx-_-XXX,account.0ab3843deb80464786b8e1acec35a67f
2026-02-08T16:22:13Z,FeiYu-FeiMo,account.e4b0c77cb2aa4261a3e3ea0b88ddc97a
2026-02-08T16:22:13Z,Howdai87,account.343fb873c968407d90a331f112bf83b6
2026-02-08T16:22:13Z,RSH-000000,account.f51553f43ee24601b661273d4e20ebd6
2026-02-08T16:22:13Z,bor1ng_-,account.82d3be8073ef47b29b03766c3024f6f0
2026-02-08T16:22:13Z,IkRiX_,account.a5a65beb8e834808bb49e297d88e7fb0
2026-02-08T16:22:13Z,HY_Mature,account.275b37eaa4634419be1872327947d300
2026-02-08T16:22:13Z,doubblegg,account.92bcf89c57714e81801a918e450ef770
2026-02-08T16:22:13Z,HOYU-M1X,account.0b58708d2e2d4d6dbf6852abb85f4ced
2026-02-08T16:22:13Z,11125552,account.ac808f5fe6d94790a8f1166e7f5b005b
2026-02-08T16:22:13Z,1sApio-,account.ab390f9635e24bed9c4529a1f56565ec
2026-02-08T16:22:13Z,Naxt1s_,account.482dcdfa899b4ad4b421d94a32e71c5e
2026-02-08T16:22:13Z,1Ipm,account.4a2205e8742449d9abba127b0c75d745
2026-02-08T16:22:13Z,Monica1326,account.0bbb77d159d74d138bde602a7334d4f3
2026-02-08T16:22:13Z,CHina-Luminous,account.c79ce1de4bd04d88bac705c54b9c7550
2026-02-08T16:22:13Z,Ashol-Y3,account.a3670aceb41446b7875cecc910fedfbf
2026-02-08T16:22:13Z,Ai-0_0-Ai-_,account.21b0e0c76de64f52a1f3499f654674b7
2026-02-08T16:22:13Z,superise-jyx,account.3bbd2a97682d46b494038002c15333fe
2026-02-08T16:22:13Z,0_5KDA,account.1d74eb7d81614a3bac51ba293ab23e95
2026-02-08T16:22:13Z,2000-12-21,account.dc8b5f53ac494a759045e12d34741bd1
2026-02-08T16:22:13Z,LeeGuo___,account.455cec7739e1416293d13fe959debc48
2026-02-08T16:22:13Z,Xiao_-muo,account.6da7e0ecd900472cbecaacc8d0e58956
2026-02-08T16:22:13Z,ouyanglinlong,account.a6295c447c3f4324a84871100ff2e5eb
2026-02-08T16:22:13Z,HeIy1ncai,account.23eb267c40964c908393a2e51dad8cc9
2026-02-08T16:22:13Z,Lurenwang-AnRan,account.3c2e608e65a64268823a28314444c7e2
2026-02-08T16:22:13Z,a0524_-,account.1af6fc71eb5546848d7d585de6818a63
2026-02-08T16:22:13Z,Miwa110391,account.f900f0126b02447aae1824ab570ccd04
2026-02-08T16:22:13Z,RGG_iYao,account.5a9bc83e56674e40a6bd06efb34aba1d
2026-02-08T16:22:13Z,H_chao-812,account.0a4ff02f918a4a02893f5ffc395ba4b0
2026-02-08T16:22:13Z,shucai_413,account.ed38cd7ce1334dd6bcfd41817078201c
2026-02-08T16:22:13Z,IamLangyyds,account.95d06874a44e425b939af77724353914
2026-02-08T16:22:13Z,D3-lin,account.351d8bad272f4785bf665033754aef1a
2026-02-08T16:22:13Z,Zgd1_AIX933,account.b7085910190c415a99e85a372dcb3af6
2026-02-08T16:22:13Z,KPBBI,account.291fe7b720134c879d6f27202fbe33c4
2026-02-08T16:22:13Z,wcrc5163,account.63053338d4a540dc91f9b1fe82a47e72
2026-02-08T16:22:13Z,WeiX1aoX1ao,account.8da0f1cb2a0942379cf741e528eb3638
2026-02-08T16:22:13Z,NooGay_1130,account.62cbf6110b934fb1949b8c7ab7b6e9ef
2026-02-08T16:22:13Z,HEKi158,account.774a6357a9c34019b019f240b5346320
2026-02-08T16:22:13Z,Jie_BaoJiPin,account.8a134363693c4e02846fdfca218ae077
2026-02-08T16:22:13Z,7i1_um,account.0daeda4d440d426299b2d7b9b0a85158
2026-02-08T16:22:13Z,xiaokeaibukaixin,account.943a0fccb4404d1f8bb509ab48b97345
2026-02-08T16:22:13Z,stray-xing,account.64c438cf8174474488dec619b459ba71
2026-02-08T16:22:13Z,HugoHarry,account.3eed2e9106cc4ba89b82b67f56e3e855
2026-02-08T16:22:13Z,DouYin-JieRue,account.bb2c60d0e15f48a28b8298cec7c04e7d
2026-02-08T16:22:13Z,7Tuzi_,account.1725eef29dd0419eaa335dd09a96286d
2026-02-08T16:22:13Z,Tao_0619i,account.f6d9b92183f0403297a32c3c1890e752
2026-02-08T16:22:13Z,Oldbaby_Kun,account.ad9bb619f9c04aa183870e739a61cc20
2026-02-08T16:22:13Z,xChocoBarsbieeee,account.70ac8ed99cf24b55a2e78e04386c8e2c
2026-02-08T16:22:13Z,xieff997,account.dacdcd9d726546ad995b268017fb133e
2026-02-08T16:22:13Z,Maomao-_1,account.8ff4fc7d7b664bc98a56eefbf90cd7b9
2026-02-08T16:14:54Z,ITZY_543778D7,account.ce9d52aca4614959b553b63aaf6c1d13
2026-02-08T16:14:54Z,guihaiyilong111,account.1a4fc15b49214b30a001b5d8540632c5
2026-02-08T16:14:54Z,laobababhhh,account.10d42f2cd8274cfe9442951299a1d9f8
2026-02-08T16:14:54Z,QnQ_Laowai,account.53c0588f55934b56bc9217926f344ef1
2026-02-08T16:14:54Z,ZzzWqhls,account.e8c8378d56da4e5982ab2be90b7d1982
2026-02-08T16:14:54Z,yphnrr,account.1ec583ce4e444ebc8452c8a13fc9b27c
2026-02-08T16:14:54Z,SHY-yao,account.26e51cfe5b7f40d5a062f85c55d1ed50
2026-02-08T16:14:54Z,0330oL,account.a09ef21e7dec409da3f07e32599c92ca
2026-02-08T16:14:54Z,Tea-in-the-Harem,account.c91efc48ae734a9c962b41e4a36f7a57
2026-02-08T16:14:54Z,32xx_,account.ec6d0e48d466452a851b27e8be0c2584
2026-02-08T16:14:54Z,LaoChenYa-GG,account.3f668222af994b52bac6581e08cb2376
2026-02-08T16:14:54Z,DJFAFASA,account.dfc8dda03be047549d72bad84ccd0032
2026-02-08T16:14:54Z,Yonder_Enzu,account.65168691820f47c49da3efb26cb165bf
2026-02-08T16:14:54Z,Yonder_X1-_-,account.f363151104b7475189584cbc5ba6c860
2026-02-08T16:14:54Z,X-STER-ZSH,account.4442d79f049c4f258c7bc33357afe8e4
2026-02-08T16:14:54Z,XY-DY-HJT,account.59c532bd19864fbfa20f5eb260033e49
2026-02-08T16:14:54Z,monapig,account.08e0660de730426bb92c9de8d8096204
2026-02-08T16:14:54Z,Dlivebibi,account.2777c2242f7d41ce9d3ba06840df9e0c
2026-02-08T16:14:54Z,xxxtioncion,account.33e1feb70709420192b666b5c47d44f9
2026-02-08T16:14:54Z,Miracle-d,account.0a7e75a3ab094d33be190753a1f2079a
2026-02-08T16:14:54Z,CwF-C,account.369aa563c4fc41b085efc82109e4fc9f
2026-02-08T16:14:54Z,TARR_TARR,account.5416d26e52c648fab7744c3858a1ffc5
2026-02-08T16:14:54Z,JivMing-,account.4c8aa9e4eb114dc9a1fb7f9e3a643a05
2026-02-08T16:14:54Z,Tom-19,account.aee06db2e0674f28a274952e2521d162
2026-02-08T16:14:54Z,pipixia666NP,account.987f7c3c56424ce8ba05354a007afcc4
2026-02-08T16:14:54Z,LUY1063111402,account.efdea1f39c93474cb40d408250699e32
2026-02-08T16:14:54Z,88LWX88,account.123aacdec7314fe0bf4c3264a354d4f5
2026-02-08T16:14:54Z,Shiny_wjbd,account.15bce78a013f4fa0b3cb76a599a02b46
2026-02-08T16:14:54Z,svczzc,account.e64842f7acb44de190e7a5c5cbaaeccf
2026-02-08T16:14:54Z,Baibuan001,account.dbc8716681af4ef4b142cca1bbaf1cc3
2026-02-08T16:14:54Z,DRM_R,account.dafbcdd629f346af82dd80a469f43f13
2026-02-08T16:14:54Z,Zhongren-999,account.8a72da21d31a438aae8f117827f6d4be
2026-02-08T16:14:54Z,Rash-Liugege,account.7cb22a142f0048f0b92f8211021a96e4
2026-02-08T16:14:54Z,Lhkuuuu,account.71af5368895a43bba7b4c3eb5b566f2d
2026-02-08T16:14:54Z,GL-ICapr1corn,account.4f17a1856cdb46f0af4b4754da57dc97
2026-02-08T16:14:54Z,Sum-_o,account.7f86eb3aa27745f2aa665c9759c46399
2026-02-08T16:14:54Z,Zoo--Mayuki,account.f8239a81dfbd4afab21b1ccd950038bb
2026-02-08T16:14:54Z,hu1wanma_-,account.d5604e17f65a47fc830936dce998dfc3
2026-02-08T16:14:54Z,WoosukDUNGJANG,account.779fc7d6843d4b7c95cbb76cc45996b5
2026-02-08T16:14:54Z,Doortm,account.55bc682a264e49cc882b610e3ee74057
2026-02-08T16:14:54Z,AWM_HuaYe,account.dd0a8815468b4f1c8a465929d28a245e
2026-02-08T16:14:54Z,ovir_,account.aee9172ad13745faa383233bbc145ba1
2026-02-08T16:14:54Z,Xrjc--H,account.18ce384a995b41179fa143d8f5850631
2026-02-08T16:14:54Z,Andy_yiming,account.b3f706ee5d7644f1b6778840dedb3d20
2026-02-08T16:14:54Z,ITZY_Cxiuzhi,account.ad37f5065652423bbc7a546b6ad6e9f9
2026-02-08T16:14:54Z,QnQ_Xin1GeGe,account.f64ac60d54614c349c1405038a4a4650
2026-02-08T16:14:54Z,SONE-088,account.abf183ced4fe421597e206a822f4b140
2026-02-08T16:14:54Z,Super_Scatter,account.bd5b205a17184c20893ac84be1abcccd
2026-02-08T16:14:54Z,keaixixi-,account.77e9354d236e4c40bd7fb5ce6d7feece
2026-02-08T16:14:54Z,YsSHua1-_o,account.5675ff0349b94437b95d18467b63fabc
2026-02-08T16:14:54Z,WF-laogan,account.b0de66040df94f3195c1c46375fe80b4
2026-02-08T16:14:54Z,Seven_7nn,account.1ce0ee006cac47d48974437bdba255d6
2026-02-08T16:14:54Z,MHwl-lSG,account.6b60016c383c49bca232933001d893b8
2026-02-08T16:14:54Z,98Kim-nan,account.e81a1b3b4537401f897e9a1ce7a9a393
2026-02-08T16:14:54Z,ID__OOXX,account.bf24d728637f496e8bb27ee12b82b105
2026-02-08T16:14:54Z,4AM-643,account.c0ee46c419f34c3fb7b15bec0a7fdd8c
2026-02-08T16:14:54Z,922i-,account.869246578bb94260af800a238d5e5a16
2026-02-08T16:14:54Z,VPLUS_China_666,account.5d426ca802904323b1e09b241213c432
2026-02-08T16:14:54Z,Ehsani,account.2b885c7a05d240618fad4a47628c2ac6
2026-02-08T16:11:32Z,XJ_Rexit,account.ff150f2000bb4276af5177bd0a310f89
2026-02-08T16:11:32Z,27850,account.912de8c3330943b79ff2c5a2b641a071
2026-02-08T16:11:32Z,SM_-orange-leduo,account.f4658f16c1904d2699a258e3000e8a68
2026-02-08T16:11:32Z,Charle_Magne,account.05464fba59124e1fa8af71c1a19a0f40
2026-02-08T16:11:32Z,Destroy-Guetse,account.90a0002ba4a14463adb3351d67ee9bb2
2026-02-08T16:11:32Z,Eternity-Monks,account.e4aa8f546ce3428a85147968bce03461
2026-02-08T16:11:32Z,Nlii_,account.bc467f8c61cd4fe09d9841e07a005760
2026-02-08T16:11:32Z,Ehang-,account.4dd6cf1d37d74fec94b6746c3ac01af2
2026-02-08T16:11:32Z,FeLaMinGo_,account.6dec1816d00f4307b0681098c0d4f027
2026-02-08T16:11:32Z,WYWK_Dbarbar,account.f7193662cb114c1db68f6019979503fd
2026-02-08T16:11:32Z,LRyouli,account.47d6f1cd59a746c8b488231705ab3add
2026-02-08T16:11:32Z,Ember-wisp,account.0a60d5cfc08540c682dd4531ec515243
2026-02-08T16:11:32Z,DECEIVEWMJ,account.89c01343891e4147af4d62f193fddabb
2026-02-08T16:11:32Z,Harlry-Quinn-,account.f2e7778732c548b5a50f2d8dbb097b29
2026-02-08T16:11:32Z,Damoono,account.5c0132f67e9b4a4db57a0b36b4258620
2026-02-08T16:11:32Z,DoYin_23923209,account.668c6a37daef4b9ebf06a728861ad08d
2026-02-08T16:11:32Z,Rt_Miracle87-,account.a263ca17f08546bc97619e3983927a47
2026-02-08T16:11:32Z,Rt_Cherry77-,account.c9d3767d60624e6c8fb20b69c9b1b096
2026-02-08T16:11:32Z,wuliyangnuofu,account.80f8204a39ed4f6d9bf96a8756e0b6cb
2026-02-08T16:11:32Z,sui-ying,account.2edd0e2eba704dd399f31642ffa2e478
2026-02-08T16:11:32Z,Cold-water123,account.668da94432654cd2b1ffb22a35da1e5d
2026-02-08T16:11:32Z,Aphrodit_YY,account.8b696e82141346898aa0685ae2c8ad69
2026-02-08T16:11:32Z,T1_ZiHua,account.3043d5d065614f7cae583d480b8dca9b
2026-02-08T16:11:32Z,Mr-hunter1016,account.1ca970c04a96460393b77467e0ae3250
2026-02-08T16:11:32Z,wangcai1006,account.dc91944440bd488b8072974a645f8852
2026-02-08T16:11:32Z,UG--aSKi,account.174ab183db0f448991035b458646cccd
2026-02-08T16:11:32Z,Destroy-Lso,account.2b710e6eefee4668821c642446cb46d6
2026-02-08T16:11:32Z,Na1M1aoM1aoOvO,account.6c8cbab0e8a0426284d660da4c04b2ac
2026-02-08T16:11:32Z,GC-X007,account.276b6deefde24deb95c0e2a05dc177ec
2026-02-08T16:11:32Z,LZoo_-,account.8297e6b6f8214c46a2ad4b1e643d18b2
2026-02-08T16:11:32Z,Destroy-Lucky,account.a1e05a8c5c384753905c6fce01c73771
2026-02-08T16:11:32Z,LCB-LuckyCuteBoy,account.41c90d45b486423a834c9998141eb7ba
2026-02-08T16:11:32Z,High-_-dbs,account.2049a529d18847229d55b9328552b44a
2026-02-08T16:11:32Z,oi15x2,account.93e0b7c5cef44fefa6c0f9722a527b5f
2026-02-08T16:11:32Z,MrCrocodileY,account.688533f9001b4a609542abc2029c69d0
2026-02-08T16:11:32Z,944019316,account.6a2d521049054a1c856a0ec1b03b3832
2026-02-08T16:11:32Z,jicheol05,account.f822b84eb253478b9092362e29493bc9
2026-02-08T16:11:32Z,Ifvv-,account.3debb53088444d898b1feb0d4091c2b6
2026-02-08T16:11:32Z,dahaoren12,account.9e77d6ab5f0b4fdd82ea972d32cb19d0
2026-02-08T16:11:32Z,JiuYue-Lee,account.e8cf89cb497a4db284b3e20978a52bd6
2026-02-08T16:11:32Z,St0rk-,account.d257546d7b3440dea43d1c88cc466163
2026-02-08T16:11:32Z,Rt_Long55-,account.32d22d900a704772aa4bfe34ddd985ff
2026-02-08T16:11:32Z,Thor-Bin,account.7426bbf6b69d4be69ff03c2514e62daa
2026-02-08T16:11:32Z,iosp2,account.604c6a417df140b9930f9c974cb129f3
2026-02-08T16:11:32Z,Xinyimm-M416,account.e0e748490ad4454fb3a72bdc7a829450
2026-02-08T16:11:32Z,Hammer-you-out,account.de061e6b9d84426ab5cc99b38492fded
2026-02-08T16:11:32Z,T1_Boxologist,account.4bfb9741b82045e88e9186da0c957185
2026-02-08T16:11:32Z,ii_18,account.b8390d9c410043c4b970d16abdfa98b8
2026-02-08T16:11:32Z,Psy-C0,account.9a2060027f83486e888d6f91f77217b6
2026-02-08T16:11:32Z,hexihunli,account.b700bd1508b54c1fb739ca679ea92da6
2026-02-08T16:11:32Z,Apocalyptse,account.82ec9ac3a25b40e9a4052f69c36ff64a
2026-02-08T16:11:32Z,Papiapia_ss,account.d2cbe7a62af942f793370893790dbfec
2026-02-08T16:11:32Z,ZJ-kele0218,account.4015acac4ca942ffa03aee24672c6495
2026-02-08T16:11:32Z,Alasisiy_,account.0502c8d3894f434a91c1001c56d6d901
2026-02-08T16:11:32Z,Zz_Yearnfor,account.8bd7a9de78ad4b15bb1de8c43625251b
2026-02-08T16:11:32Z,Zerg-__-,account.66b046e742294106a15ba03af85f1e64
2026-02-08T16:11:32Z,dahaoren13,account.88754ef40a434e38b43925286389e9f2
2026-02-08T16:11:32Z,Zhongshuo0233,account.34a3de96fb0c481ba305e3b62374a635
2026-02-08T16:08:21Z,JayCa,account.c433e54ae0d146c1962f9b016114e88e
2026-02-08T16:08:21Z,QJ_Nni_baby_,account.2f33a3fce8b14269a89ff73deabc5cc9
2026-02-08T16:08:21Z,VeraLL-LI,account.77bf2b7a5d49497689a4c5c9d9d5db13
2026-02-08T16:08:21Z,Sandong_fai,account.2a32381fbabb422092407a3fb6be0292
2026-02-08T16:08:21Z,My_Iover,account.69b315385e884da1878d5efe415ecb11
2026-02-08T16:08:21Z,Dan4roll,account.b0a3fb184da84a65a29c14f4d8519033
2026-02-08T16:08:21Z,Mln1_-,account.8313641f1d354dbd8d49e9e21dd1db44
2026-02-08T16:08:21Z,FUCKBigBear,account.1196208d90dd451087766491a10e72e7
2026-02-08T16:08:21Z,empiredonman,account.33af501704aa442a91e9d92046ee3962
2026-02-08T16:08:21Z,lvkebin,account.4436619beddd4475b3048d59732cafe0
2026-02-08T16:08:21Z,ZGP_1989,account.a063fc348b2b497c9fac31221398e644
2026-02-08T16:08:21Z,Iamxey,account.07132688cd13416d85ca028863987d4d
2026-02-08T16:08:21Z,RememBer_YaphetS,account.a3e8e98d630d4209ae14165e8d594d33
2026-02-08T16:08:21Z,Wtttt5-_,account.89fbf24e6550400d9a65ef061336b632
2026-02-08T16:08:21Z,Y_colac,account.32484c866aff4b97ae96ad757652b903
2026-02-08T16:08:21Z,JasonXXU,account.25bfe1e54a504792b981f08ef02f0fd3
2026-02-08T16:08:21Z,xb6868,account.fc325c6a075c45a6b5ce5bede8ed5ede
2026-02-08T16:08:21Z,chenqu1027,account.bc8651ba8fcd478c863d6381b7dee3ea
2026-02-08T16:08:21Z,biubiu0-1,account.d6534ddf05cd44e8b793fef623247b2d
2026-02-08T16:08:21Z,DiShangYue_K,account.c7c187cbede84039842bc5e14ecfc38d
2026-02-08T16:08:21Z,Nanp3ngy0u,account.e22e0482a7cc40828c303099063495db
2026-02-08T16:08:21Z,Love_is_Trash,account.30d2885ba90b4348b238d9cc525546ad
2026-02-08T16:08:21Z,argl12,account.de7e51980b4949d383b3b52eb4423177
2026-02-08T16:08:21Z,X1aoDouz1,account.ff7ffbb8c7a145b58487a90c53d95656
2026-02-08T16:08:21Z,Assassin_mjLEE,account.8b4bb1d680584832adfafd4e4cc41f5d
2026-02-08T16:08:21Z,Le1eo,account.f815d36314274d7b8bf36f7465e1bc8d
2026-02-08T16:08:21Z,SayounaraHinata,account.373588b61bef4f2998b1a2f8f335ab3c
2026-02-08T16:08:21Z,Dottie-Cc88,account.1fa7eff40d4b4c52be4a10424ef886cb
2026-02-08T16:08:21Z,wxwd-,account.d06e6e4d555e4e839c4ddc4df0701f64
2026-02-08T16:08:21Z,AAMu66,account.26210eb039424421a7973ae04e4f6690
2026-02-08T16:08:21Z,5A5A_NB-211,account.f2bc281af9aa484c904a3c401f1af564
2026-02-08T16:08:21Z,buyaolok,account.6821dfe38dda4f0d94b5bb4b59e134b7
2026-02-08T16:08:21Z,HanZhong_NOone,account.1cb51c726ad948078740eea690336fee
2026-02-08T16:08:21Z,Rice_BoBo,account.836fc976e26b44259d58781d60109327
2026-02-08T16:08:21Z,BF36,account.053a65be0ddd4ebd998a9ee7af14571f
2026-02-08T16:08:21Z,AML_angel,account.b72e4ed4439046608ead8a1925fcd4da
2026-02-08T16:08:21Z,COOL_4399BOOM,account.4300cbb58e524885bf9f1d0e70ec9662
2026-02-08T16:08:21Z,1taa-,account.afafb3509354447ab1c8f2237049e4d9
2026-02-08T16:08:21Z,XRgaide1,account.46305debab754658ab1a5cb71f8d1dad
2026-02-08T16:08:21Z,Coriander__,account.502f07ad8ef342dcb6166db84df5d095
2026-02-08T16:08:21Z,douseb21e6,account.da0f84c0dfb246849e04b4a70edc17a3
2026-02-08T16:08:21Z,HanZhong_7800X3D,account.b25563c4b4684a3c92ca485cf90142a4
2026-02-08T16:08:21Z,RememBer_Lhh,account.ac1974123c69479f8fcb0f906dfe1b06
2026-02-08T16:08:21Z,Remix_Himas,account.f3de190f37584efba03b65977633edf5
2026-02-08T16:08:21Z,buro1l,account.3d66cdcb2b5d4fb7bb9754f48991f4fa
2026-02-08T16:08:21Z,1tehx_,account.49176cb7b0e2459f9f91f8239f351948
2026-02-08T16:08:21Z,HanZhong_ImAAA,account.b787e5f752bf4d38a540bb071d5013cf
2026-02-08T16:08:21Z,Ejen_Delhii,account.726c6e41fcf14a69bc8887a32b2b5a5d
2026-02-08T16:08:21Z,4am-forever666wz,account.5eb8f8df40d3435d8c4cafc0a9e62bb4
2026-02-08T16:08:21Z,liangd1ngd1ng,account.ba3a0230469a42b09d085cbf32ca9755
2026-02-08T16:08:21Z,Zoommmmmm,account.2969f630ad544a2994e73ebf0ba69c37
2026-02-08T16:08:21Z,AnAi_Damimi,account.c535b788b31d4c368a13229862e5c5d5
2026-02-08T16:08:21Z,RememBer_Aiiiiii,account.7b1adb13701f4410ba3acabd12044078
2026-02-08T16:08:21Z,wasdzhu123,account.bf8e315518ec4662a343fdac4f81c43a
2026-02-08T16:08:21Z,Demon-tyranny,account.2d8d0c8441ed4b55af705eff08601d23
2026-02-08T16:08:21Z,LxxWxxJxx,account.cb3c8b38276e423cac7d7e6a6b9fd4a8
2026-02-08T16:00:26Z,Mask-renxin,account.4ad6dad8496549848e028a368b49cca0
2026-02-08T16:00:26Z,Iamminnnnnnnnnnn,account.08a1aa77095b4f9ba7cb0f33193282b8
2026-02-08T16:00:26Z,Yun-xinglun,account.fb96d3509a784535ae907feb68ea4f59
2026-02-08T16:00:26Z,gj168888,account.6155647a4ddc4397b39054f13b538211
2026-02-08T16:00:26Z,LA_VIP_CN,account.9ef662f0035f4dd998b3faa3cbbbd6e9
2026-02-08T16:00:26Z,nao-duo-duo,account.9dc7f540a4594562be3485f78105cecb
2026-02-08T16:00:26Z,AB-YanG,account.d699fe757fa94b5389725302b96f5361
2026-02-08T16:00:26Z,Ta1P1,account.9fc10f7b3f2546a183aa584fe4898f44
2026-02-08T16:00:26Z,GuJun-GeGe,account.73c8d363dc124f9ea65a0afd3ba24f69
2026-02-08T16:00:26Z,RASH_Zchen77,account.b8d123cf26c144f6b2bea6ff17199785
2026-02-08T16:00:26Z,xiaoxu_0918,account.e240b52a5975440084df195c270ad5cb
2026-02-08T16:00:26Z,77xF-_-,account.ceccd5ac170546e2b55feb18b36ed2f5
2026-02-08T16:00:26Z,WANGHENHEN666,account.5e4c7b6504c7461b94acf95ff084f91c
2026-02-08T16:00:26Z,0331_io,account.7f3dde6c16bf4a42ae86bc11f7db2dbb
2026-02-08T16:00:26Z,GCYgs,account.0495a419567246e7b206fdc57c057512
2026-02-08T16:00:26Z,ccc_dashuai,account.b6a18baa0c444be8881942ac588fce67
2026-02-08T16:00:26Z,BG-ggyu,account.5b2269fefb074fc9b64f9013c447a422
2026-02-08T16:00:26Z,chulaolai,account.db7895cbc69349c289b96a992c21fdb5
2026-02-08T16:00:26Z,Aprool,account.c2c417be02494af7a56c76d33840422d
2026-02-08T16:00:26Z,eaibu1v5,account.67c96e97bfdb48f190d20d750d778254
2026-02-08T16:00:26Z,Sen-you721,account.6fa3322e90be4b39882d74d07a57987d
2026-02-08T16:00:26Z,13e1Yu,account.a75cf7f9b9934c85a95ee6d6c703f9bc
2026-02-08T16:00:26Z,Iamwonnnnnnnnnnn,account.b05816eb6e034e85aafb9f18fcc95c6b
2026-02-08T16:00:26Z,ZR1X-,account.f1ae36a51b064d339c2afa3cdedd795f
2026-02-08T16:00:26Z,ZXQZNB,account.a354659d1931457c8b18264c5bb2e3da
2026-02-08T16:00:26Z,O4NB_PERO,account.66e0a209ba134e238488af49f550b108
2026-02-08T16:00:26Z,Nebula--01,account.3641fa7870ca4149a4b28f7c4963ba38
2026-02-08T16:00:26Z,WeiBabyNB-,account.7ee8d8ea31764d73ae7fae40e5b901de
2026-02-08T16:00:26Z,Dear-Z__,account.b5086adf000b403aaeb783726e6b9349
2026-02-08T16:00:26Z,5277-QAQ-,account.0ef5ba951b464d7db38bd9c7b0b2c382
2026-02-08T16:00:26Z,Cannothit,account.a00ed2142ad4434398966fe050d2c234
2026-02-08T16:00:26Z,Yolo_MomoYa,account.6463c7b9c6f14c2cae4d69f20a7086e9
2026-02-08T16:00:26Z,RASH_Xqiang55,account.b89f0d90d3654039af3fbb836d93aebd
2026-02-08T16:00:26Z,SYSM-567,account.660384fa84414694bbc5876b7e0594d0
2026-02-08T16:00:26Z,kunshao_Enemy,account.3cba98dcc6584fc5b14aff12dad8f35a
2026-02-08T16:00:26Z,voyager0628-_,account.835ca72316f842d2b92ffa320392916f
2026-02-08T16:00:26Z,XIANGNIDEYEZZ,account.0ee6b9de984b4d22b09dcaec27b75efa
2026-02-08T16:00:26Z,Jx__Deight,account.7f77de197b8a4dbfb2bc32fb0de0e2b0
2026-02-08T16:00:26Z,Dbr_1995-9-21,account.8ff6ef6ad3f94a5dbb8fee93b4035974
2026-02-08T16:00:26Z,TM_xiaoxiao9,account.ef70c1228cfc4239999f4dc8def2c761
2026-02-08T16:00:26Z,Mrjinwandayeji,account.f3d14a696fad445a80048177f91e388a
2026-02-08T16:00:26Z,AnXx8_Enemy,account.6977499ff958412787aa7ce68e8f5de4
2026-02-08T16:00:26Z,Remoteness,account.efa432e663bc47b9a1c6b6ebcc2dc31f
2026-02-08T16:00:26Z,MMP_TuT,account.c48eba43b4b04df08420f1f62ac8cdd1
2026-02-08T16:00:26Z,Iamreuuuuuuuu,account.c277790fff0542269ea0423c54ca1bf8
2026-02-08T16:00:26Z,Funny_Guys-,account.af6b32e0f96b47d492c28484bd40bd0d
2026-02-08T16:00:26Z,TGP1058,account.33bc71f2a3a341c6a667b3aeb420ecff
2026-02-08T16:00:26Z,590724gsj,account.061062017d3642889d59aa388739edf1
2026-02-08T16:00:26Z,WUJIANBUCUI888,account.dd357df6c5cf4da2a996348df10fd861
2026-02-08T16:00:26Z,FBII_2Tap,account.bb27c86440004af0b0978124058952dd
2026-02-08T16:00:26Z,Brother-fang,account.ffaf9f4a099e44c38cc9a16eb870dbcc
2026-02-08T16:00:26Z,Frindship-NO-1,account.5e95f45e180446898f131d978b3b6bb4
2026-02-08T16:00:26Z,YnKm_MJ,account.652b236245d9447b889ac8345413af74
2026-02-08T16:00:26Z,TM-CaoCao1,account.92f9cd7c14e146d7a871d4d1784488d7
2026-02-08T16:00:26Z,WangAJia,account.93e783981076403a9aba461daed27032
2026-02-08T16:00:26Z,77bbo-_,account.7ba91333abe342009a6b7a8efe2a55cd
2026-02-08T16:00:26Z,AoYuNingbaobao_,account.8f70cd6ebbf245feb1b54363fd400ad4
2026-02-08T16:00:26Z,Tmsoml-,account.fc9c4562afea465d82a7004063de705f
2026-02-08T16:00:26Z,like-Yppp,account.4bfd1eae96f64e979bb5772c33b903c1
2026-02-08T15:35:20Z,Hs123-1_23,account.137b1bf978c74e3b9867ea6ae818f77c
2026-02-08T15:35:20Z,Adolf-Hitler___,account.d9c787443d04437aba7ea26258520987
2026-02-08T15:35:20Z,mukai-1,account.ecf6a17a08024bf0bbadc19f2077a3c7
2026-02-08T15:35:20Z,say-bye-,account.136310c843714f1eb85c3bc3aeb4a5fb
2026-02-08T15:35:20Z,kongkong-kong-,account.f1708801412d4803bc0ebfaec5f1cb3a
2026-02-08T15:35:20Z,woshidaheia,account.23eb3c5203d8457d8fd2c16d0ce1ca00
2026-02-08T15:35:20Z,3000mqinziu,account.46ba0682772441eb85b4159409610217
2026-02-08T15:35:20Z,II_one,account.cad6fd13c4c74cad9690a005ace062c9
2026-02-08T15:35:20Z,Good_Lz-,account.d6a5245e21574f698f899213b78ef46d
2026-02-08T15:35:20Z,Dahai0607,account.4071694ff4f04ed08b9b95fe135ef14b
2026-02-08T15:35:20Z,Month__,account.bc5e99edbf7d4d3ea6e440dfd8808e89
2026-02-08T15:35:20Z,Lou-mr,account.af7f65e364724727bb7d574816b4b746
2026-02-08T15:35:20Z,PUBG_C-Kkkk,account.f09bf810e2ff4d21837c585ddc600678
2026-02-08T15:35:20Z,Monstar-5,account.47a63497b83b472dbbcdff83d37c7877
2026-02-08T15:35:20Z,0_Zmomo_-,account.20b0d6369c104be9acfefed7950c4146
2026-02-08T15:35:20Z,Long-4AM-98K,account.7b5df201c236448095848850e9b73c01
2026-02-08T15:35:20Z,Warbatt,account.293680f617cc477d9f8db9d07dfe5228
2026-02-08T15:35:20Z,LTTjiaobaba,account.e990c42f843e4fa8be41f7ecf5e1a546
2026-02-08T15:35:20Z,7123-,account.aa148814db724599968db826c71ddce0
2026-02-08T15:35:20Z,XZLYB_DD,account.dbb68e6dd2d8418595d21c1b191a00ba
2026-02-08T15:35:20Z,Mihoudaren-,account.fe05ba4875074f56a7be043d9d1bad50
2026-02-08T15:35:20Z,98k_bao_zi,account.62b6599a43e4475b9bf2f48dbcc72123
2026-02-08T15:35:20Z,7iniou,account.46fc93a5f1f840458983340486a7b839
2026-02-08T15:35:20Z,4AM-papapapa,account.8c37f40dab8f48d5b317b22d4a4855e6
2026-02-08T15:35:20Z,J_U-N-G_k,account.6f7e3f227c3f4fc7a58f80464480797e
2026-02-08T15:35:20Z,4AMZhangsanfeng,account.84419cb94249464b9eeef1e1610ee93e
2026-02-08T15:35:20Z,Maytau_zzzt,account.24da3b1ef4ff4a449bf16cc46145dcff
2026-02-08T15:35:20Z,B1eTianLe-,account.d205ae907bb944d89ebf27d687b089ec
2026-02-08T15:35:20Z,F-LA_S-H,account.6d5e416ffadd44f5a2eeb63c6c47d16a
2026-02-08T15:35:20Z,0_Mokoko_-,account.4cfc04fd2cea44a3a5ca2c61fa63a919
2026-02-08T15:35:20Z,o7777-C,account.dbff95a987554586858afc5f7cce033c
2026-02-08T15:35:20Z,Wiseup,account.3709d3956442464b91478f1479b2b75c
2026-02-08T15:35:20Z,Cywen_,account.494f58db59f4491288f3482ba9147aaa
2026-02-08T15:35:20Z,Char1eswOw,account.ff6aa2377ce24e6bbf960822e933040e
2026-02-08T15:35:20Z,I-Ruthlessly,account.e0ceb7d4b9854873ae85f6c04db746ea
2026-02-08T15:35:20Z,vv61nx,account.b119ad868c3b4e11884d31da55acecab
2026-02-08T15:35:20Z,sizersu,account.38386ce23e464a07a0d6b938a3cb37f3
2026-02-08T15:35:20Z,china-loveww,account.09e02da6db384438afbf5915b5fc92a9
2026-02-08T15:35:20Z,AAA-ikun-_-,account.4ebf4f62e96d4b7f901e4f4ae6ac5c32
2026-02-08T15:35:20Z,S-0832,account.fd4cf924d35347278c545edf8af5f4cf
2026-02-08T15:35:20Z,182cm-66kg-20cm,account.eb92989dd3d3428e908b1ffd308fe9a5
2026-02-08T15:35:20Z,YeZi--1_,account.56400db53b924a018a5de55b1a395c69
2026-02-08T15:35:20Z,UncleLiuLLLLL,account.8b76b77823b04810a0845857bf951b32
2026-02-08T15:35:20Z,2Tang_-,account.db99ec7f2864412ca263bae7346a77b2
2026-02-08T15:35:20Z,dengdeng-deng-,account.2c5b45363e7a42f2a91c54316a75c000
2026-02-08T15:35:20Z,lzcnbklsd,account.740fa1dc05c341419ff6b41035a2c283
2026-02-08T15:35:20Z,7723_-,account.6a45cfee6efd4671b79f7f6748fdf2e2
2026-02-08T15:35:20Z,zzkj_cclk,account.ea6a9e4eb70b436d9ee3fbc613ad7722
2026-02-08T15:35:20Z,KZ-ZE,account.50b1be49a5714f25926a464ca418e1df
2026-02-08T15:35:20Z,MaKaBaKa_2025,account.d32280ff72e2460ba13ce1c9d96f46b1
2026-02-08T15:19:11Z,NIkaiGmeiBAMA,account.ee1fdef35831447a8f3d5124595c6c00
2026-02-08T15:19:11Z,Sun_Yoozz,account.54ddc87b41f545b391afc22e6b5ad125
2026-02-08T15:19:11Z,TongRan-C,account.37c2bffc5d824a81b5502c008cbf6ac4
2026-02-08T15:19:11Z,Remix-MK12,account.6030fad5417e4ece8adcdd6c228e177c
2026-02-08T15:19:11Z,kaiguacusi,account.77e4920adfdb43e599ded7831691027f
2026-02-08T15:19:11Z,BABA_19CM,account.08c7f73f1d434412823fee6461dcf7d5
2026-02-08T15:19:11Z,dmzx1314,account.9278d18f8c7a4a6791b79cd3ad327e46
2026-02-08T15:19:11Z,DJ-DIYITIAN,account.5de9ce531c50494795c6a355d1563b63
2026-02-08T15:19:11Z,Himdd,account.dcb2d967af4842e29d90e26609ef1333
2026-02-08T15:19:11Z,uysa,account.747c6d2045314ff99af16ebac921f12f
2026-02-08T15:19:11Z,Y-huier,account.01bb0f218f8c4762b07a6cb2ea64546b
2026-02-08T15:19:11Z,MaoD-_,account.8f6f06095735457fb3e40283af03b0b6
2026-02-08T15:19:11Z,A_Foolguy,account.3442ba6a64c54cd6b66d4b84f1fc1ac4
2026-02-08T15:19:11Z,Zhai_lao_ban,account.03ed4bcc1c2b477bbe5fc56287b9dd07
2026-02-08T15:19:11Z,406085724,account.8db96c4a216c4cd2b3801347d5172632
2026-02-08T15:19:11Z,HYZS-ZJG,account.22f34b95f5e84f90ad13d38dfdbbf5de
2026-02-08T15:19:11Z,SuperRanryy,account.5d6ba595c95b49b8aeed42935f5f440b
2026-02-08T15:19:11Z,1A_panda,account.e074674a1ac243039352e4b2c7bd4d75
2026-02-08T15:19:11Z,LocaltyrantGG,account.9b5f4870d780425bbb4d7c0167d198e7
2026-02-08T15:19:11Z,jiuwuerqi1006,account.8587bf0a3ca04911994b62d726a8cb03
2026-02-08T15:19:11Z,SWAGLUO,account.c39fa68d85444f558902622731ae9e88
2026-02-08T15:19:11Z,IKun_Tai_Niu_La,account.4c4bc702bdaa4383bc3fc0ab8d2e34e9
2026-02-08T15:19:11Z,2-2GG,account.4b51dec965144129838722bbf3df9f61
2026-02-08T15:19:11Z,Charming-Spirit,account.ad575e03a6484e51830f8ddcac71ab90
2026-02-08T15:19:11Z,Noimpty-Zoe,account.50df09aade854360a3356aad0969e5af
2026-02-08T15:19:11Z,kennyTjs,account.825520c9436345788cb672c28d1a849e
2026-02-08T15:19:11Z,7-7VV,account.1c6e0a28221448e5a87bbcb67f48c27a
2026-02-08T15:19:11Z,Untet1ed_7,account.04856898257c4dd5bace49f464ed0e3a
2026-02-08T15:19:11Z,A-DD9999,account.2979d83696ba4ad1a97fe25aec167de2
2026-02-08T15:19:11Z,Kobe_McGrady,account.e41287e5c81b4c508f2ab495783771b1
2026-02-08T15:19:11Z,Sosolate,account.8fb4dc92808d4f98bfec2d72549e7640
2026-02-08T15:19:11Z,8-8BB,account.9076b229cb934af09a755c782fe87f58
2026-02-08T15:19:11Z,Ningning-0820,account.a4d77f30f48044509dcef7294faaff25
2026-02-08T15:19:11Z,FWTR777,account.ed54e696803e4fb286c65289f12747d8
2026-02-08T15:19:11Z,Liuuuu_,account.ad83a44229fb4b1eaa9612939870248a
2026-02-08T15:19:11Z,YaLa07NB,account.e0dbd3a33d4146aabea42990852dce4a
2026-02-08T15:19:11Z,PXCnidie,account.40736ba7e1b14da3800c6f99c86d2bc9
2026-02-08T15:19:11Z,KLM_X,account.a2ef7308420a4810b22ef6f05fd15fe9
2026-02-08T15:19:11Z,zlt-simple,account.fc11c41bbbc34ca5b43493bb5a2d3017
2026-02-08T15:19:11Z,CHUI-CAN_CT,account.5552b64398cf41b9bbcd293eae0409ef
2026-02-08T15:19:11Z,Meng_Cao_DuiMian,account.c1ec6edec6414d94bd14c8362320663f
2026-02-08T15:19:11Z,EvilAngel-_,account.09b4ced2654e4663bdc6288a1db9f611
2026-02-08T15:19:11Z,PUBG_NanMing,account.7983e750d5444b6794471856249a18bf
2026-02-08T15:19:11Z,Seven-PR,account.a78a90b6c745429e868887394788bb22
2026-02-08T15:19:11Z,Jun-68,account.e5a5bd08c2b344eb9581eb7e06804b74
2026-02-08T15:19:11Z,V50-Han-Wo-Da-JB,account.12e35f00c4ac42359d6ad72059a6a88f
2026-02-08T15:19:11Z,762-huangSIR,account.498aba6286b84cee99c5a8fc6dd910b4
2026-02-08T15:19:11Z,sTtgL33Iie2,account.8c2b6df922414122abf431501fe516c2
2026-02-08T15:19:11Z,durex300mm,account.bd8b6ec4be334c878bf103287f35c473
2026-02-08T15:19:11Z,HYZS-GJP,account.1830141138c54b90b6227531fc44bd69
2026-02-08T15:19:11Z,BreezyBliss,account.3e4d3ec8d4f84b69a32f50d8c745aa1a
2026-02-08T15:19:11Z,Anjing211,account.7ef5261225c3427ea7ae59d107960cd9
2026-02-08T15:19:11Z,Si--P--Z,account.9a2c2e6bc29a4593a001e7d6c519960b
2026-02-08T15:19:11Z,Return_to-zero_,account.251714b8461e4af5a6cfee7653d44c37
2026-02-08T15:19:11Z,laocui0521,account.cf0d6f2b3eb14946ab238cf506605dc9
2026-02-08T15:19:11Z,A-seveL,account.85441bd016124fd68a6fd14df2573e03
2026-02-08T15:19:11Z,DiorHroiD,account.a2eca01b16674047bec106b87cc81f42
2026-02-08T15:19:11Z,XFee_,account.1aa4b9b92163436b9b3b72f82d6c7360
2026-02-08T15:19:11Z,Xiao-Xuan-Feng,account.1dab1a7b848e46c4940b92d45bcaa9c4
2026-02-08T15:19:11Z,Ma-Fei0,account.428cfea709244992b80bcf360cbb25d0
2026-02-08T15:19:11Z,Robbery-K,account.04f787b89105488e8c7aa89b3a8a710d
2026-02-08T15:19:11Z,ZWJ1993-,account.8bba94591f2f45049d3dfd33967b7f2c
2026-02-08T15:02:35Z,peng000045856,account.045f07a47b324cd484499a0875298603
2026-02-08T15:02:35Z,You_saisai,account.18735082272a4bee907b1d4b80af68d4
2026-02-08T15:02:35Z,Ever_Jsy,account.7f87560636614747b3e8bdbe06ab1a7d
2026-02-08T15:02:35Z,CHN_KiLLpig,account.71b1ed8f49334d5498d30892819a5d83
2026-02-08T15:02:35Z,FNTV_dayuezi,account.f2c5e1f3e12d4ea4a2dcdf04279d73cb
2026-02-08T15:02:35Z,Cptbtpp_,account.ef593003e52143caa26b449a7980ef07
2026-02-08T15:02:35Z,IB_yaoyueaby,account.fe6fb35a4a7a40778ed28efad5f7b9a1
2026-02-08T15:02:35Z,WNS7-_-,account.085cfae0af084643a20facc6c1c80b6a
2026-02-08T15:02:35Z,Z_star_-,account.a6f20d4e8e434194b846bc599c27985b
2026-02-08T15:02:35Z,YangTianQiang,account.7190c41f75394c51946451fa624b0d68
2026-02-08T15:02:35Z,fateSsber,account.bc181da226df44f6b148956a51abfa49
2026-02-08T15:02:35Z,Ran-yi-mo,account.caa93d1bb805476680a46ceec09a755c
2026-02-08T15:02:35Z,haochidian-,account.4e05a9a093d04394b8de63c0f970eca5
2026-02-08T15:02:35Z,Aism_-,account.b1fa04d68c08454c9f4b6e1071dcbdb1
2026-02-08T15:02:35Z,Ayaka_cg,account.f68c3d702b774bd48d86e7a1f6e6459e
2026-02-08T15:02:35Z,Whatt-_-,account.72b1ec7868cb4117827f898097a33fe8
2026-02-08T15:02:35Z,sea_i729---,account.7de206626fed4894917faa4d1c4b0f41
2026-02-08T15:02:35Z,NaX1a_Kangbaz1-_,account.bca39054806e427ba702f7bab21c12da
2026-02-08T15:02:35Z,wing7fly,account.9d28923a84684178bff285ade5fd3508
2026-02-08T15:02:35Z,Devil__liu,account.b84c1402d5624fcaa8a119fff1a82af3
2026-02-08T15:02:35Z,Seckill_yufei,account.1ea9c0c4eb0b4050b203500ce9ff9726
2026-02-08T15:02:35Z,H1J1nJ1n_,account.5a0bbfaad7ac43899a08735d8f42ebb3
2026-02-08T15:02:35Z,Lisaxi,account.06456761160b49a08c55248473092192
2026-02-08T15:02:35Z,MoGu1D,account.c65cc4a18610405bb0c2c12d28b82175
2026-02-08T15:02:35Z,HZclub_t1aoz1,account.810c54c0ff054a20a68d4316ac958a99
2026-02-08T15:02:35Z,paocaidashu,account.9cda5b92bec64250b0df4311142df396
2026-02-08T15:02:35Z,KaelthArionYnX,account.db6e401f9a6b4285ba280b2c560b902a
2026-02-08T15:02:35Z,SOIo_a,account.9306ebe1fe1c4d48bebaa81ff662cdfe
2026-02-08T15:02:35Z,Luke-Axin,account.03357822ad694d02a761c4ca3a838d37
2026-02-08T15:02:35Z,198766666,account.c54f8f5e28294c9d84702c4ebc7cfdba
2026-02-08T15:02:35Z,kkamsung-,account.b8e9d5c8239f4669b07be5cf43a40d4b
2026-02-08T15:02:35Z,GuanQi______,account.d0ca237faa8c4049be44d9b4c2c96ea0
2026-02-08T15:02:35Z,meowowoww,account.0679a4d6c33a42eb8c5c70bfe8a28cf3
2026-02-08T15:02:35Z,Fierce_L-,account.9eab41895cb846999b2fa9d836fd05e3
2026-02-08T15:02:35Z,3401-JUNWANG,account.2bba603620fe458cb5604473bf6a46e4
2026-02-08T15:02:35Z,JinFelix-,account.5f2bd195b1ca422e8c25455a6efb5805
2026-02-08T15:02:35Z,wdx-elephant,account.31ccf58c10d145afb6ce1ea1311b875f
2026-02-08T15:02:35Z,NaX1a_NQboy,account.1baf8566ec0a44069ac8c666411d6a76
2026-02-08T15:02:35Z,xiaosnbb,account.56b4a885bd65494680b9405335b99b80
2026-02-08T15:02:35Z,kxza1231,account.c0a3b5ee66a84940b3d4a4eb924ffcb9
2026-02-08T15:02:35Z,nolookingback,account.fafe8153ccc1482f822334e5d6a17465
2026-02-08T15:02:35Z,tiredheart-1120,account.a7a1e712e25846b2a224b9ec82c4f340
2026-02-08T15:02:35Z,WS_DeaHacia,account.7bb9ec285d554f2194fe27b5c59e41f9
2026-02-08T15:02:35Z,nuyhgnues,account.4066bfddf5b44542b480f51d54fa7633
2026-02-08T15:02:35Z,Old-boy_deity,account.da8ac1b01a1e4bb3a968c75657d868d2
2026-02-08T15:02:35Z,HWS-NaVaY,account.303c3f8418a248d88780f2fa8d17ff65
2026-02-08T15:02:35Z,FOREWORD26,account.611fc63e4ed14dc6bd04210d862f38e5
2026-02-08T15:02:35Z,tufei9527,account.4cffa3f8736a4920aa7c8f5dff3c214e
2026-02-08T15:02:35Z,Maomao0658,account.6dc911d5a359447e98efb155eb5c1b9e
2026-02-08T15:02:35Z,KC-awei,account.135cc5b6804c4ff4b4edfde65ca93e6a
2026-02-08T15:02:35Z,dzns67,account.35a92de653e249c0a00f343624713c37
2026-02-08T15:02:35Z,Grape-_0,account.43da35e1aad84e22ad395d091be7c695
2026-02-08T15:02:35Z,SUDUDE0,account.cacdc18feade4ac08ba289bc0860a19c
2026-02-08T15:02:35Z,Daejijida,account.86aa9ec2415b48e9baf37b969fbedf76
2026-02-08T15:02:35Z,Rui-kai_ze,account.7ee747def5cc4b8899e7e63c1672c519
2026-02-08T15:02:35Z,NaX1a_Sawad1ka_-,account.27a38cc4615845e5bfeffc66b07d9bed
2026-02-08T15:02:35Z,17_X1aoWu,account.1e81496ea2aa4dc699918318bdabdd60
2026-02-08T15:02:35Z,sadjk15754,account.4a4be498212547d1a186fe149f4410fc
2026-02-08T15:02:35Z,EliWallace,account.6130c2a7c02e481b97e1aa2e0c02620c
2026-02-08T15:02:35Z,Lonly-Scum,account.1068f771331447f0944b74ab0c156184
2026-02-08T15:02:35Z,frggtrhtr,account.7e67047799d8432f9e48de62a10cfdef
2026-02-08T15:02:35Z,PUBG-QIQIBAO,account.19528ed782114329b7407bf88a042a84
2026-02-08T14:43:09Z,Minsu_CarryHam,account.57d777a747034a87bef6f1bcb428a861
2026-02-08T14:43:09Z,sudashui1102,account.3c382b68ddb34f10b0d16586972bdf06
2026-02-08T14:43:09Z,S1ANM,account.07076a45268645bb8d44b396c5b70add
2026-02-08T14:43:09Z,Deetity_,account.d4568ea0dd564c1786cc0888472a4202
2026-02-08T14:43:09Z,Aucn_,account.6c62aa16e11e49cfb7e71bea9f172a1d
2026-02-08T14:43:09Z,Echo_-1012,account.4a789252f9b742119dc5301f2fc4e71d
2026-02-08T14:43:09Z,x9o2_,account.d121dfd9a550485288e671f13d946041
2026-02-08T14:43:09Z,dianjing099,account.a025ef01485b42019e8e55a43e4681ce
2026-02-08T14:43:09Z,0577-Taoooooooo,account.5d4c32a698064a8e913347dcadc928c3
2026-02-08T14:43:09Z,Suyue_chen,account.6e39c97d0e31431fb29a5c0ec6420a96
2026-02-08T14:43:09Z,Win_AJ1e,account.9545aa1dd6c149d9a61c4b8816544857
2026-02-08T14:43:09Z,Meovv-_,account.b5898e20032d42a6b0bfd2d1f74d4873
2026-02-08T14:43:09Z,MeiNanZi_-,account.797966c4f8574b4eb36c29cea54d788a
2026-02-08T14:43:09Z,JiangTangMaShu,account.5e7b0a75f4264efab7821319458896db
2026-02-08T14:43:09Z,Charlotte365,account.fb5fa278ca2341369ae45bdc9e1b01da
2026-02-08T14:43:09Z,Lindafa_bigammo,account.0dc9a722438049d597b3db257954a6f5
2026-02-08T14:43:09Z,xiaobo667,account.62d904cff6f3475eb02e2cd678337de1
2026-02-08T14:43:09Z,elemeNT-w0w-XxX,account.288873c3b5884b6fad6233b2c68f3f48
2026-02-08T14:43:09Z,XiaopeiQAQ,account.3160a26213bb4da8bb62038840225720
2026-02-08T14:43:09Z,TangThreeBurials,account.553d2472a4dd40bb97a79d0e8fbaf754
2026-02-08T14:43:09Z,xu9255511,account.b53d9d5b89c740168f02261abc5fe7a0
2026-02-08T14:43:09Z,ZhAoLh,account.2b2992db5dc54a85901d20d85939e6a4
2026-02-08T14:43:09Z,Jeffiy_,account.6df77c77e626406bb521b7f9ab422197
2026-02-08T14:43:09Z,YaoKaiXini,account.8ffda89fa9d94e21891bc1436f01765f
2026-02-08T14:43:09Z,Xu7777-,account.4e5c27e2fb6e4f42b8c39cfdec2f0505
2026-02-08T14:43:09Z,ruieeswag,account.b3507a09677a4e05aeddef084ac7e8a9
2026-02-08T14:43:09Z,sttr99,account.84f6c262b1d242d0b670b2e63978a083
2026-02-08T14:43:09Z,liupanxxx,account.1f664171acd34200927f28b1c23da78b
2026-02-08T14:43:09Z,YG_M16Lover_,account.1939955873194792b400eb5378dbc990
2026-02-08T14:43:09Z,2076211129,account.975031f5569f4739a871fe2f1e7a8c44
2026-02-08T14:43:09Z,buxumawo,account.f47155d340254c3483bc64a2689dcc02
2026-02-08T14:43:09Z,Neilyo0311,account.a07f8976525347bfaba3dfa7c24842a5
2026-02-08T14:43:09Z,GUAGOUNIMASI,account.3ead8f084b9e4282bfe1cc4e30c9134c
2026-02-08T14:43:09Z,BeautifuiOneday,account.a096c77db719414c9e8f03a4760f28b4
2026-02-08T14:43:09Z,oo1ue-,account.6900286b8e524b889febe1ec230fa5e4
2026-02-08T14:43:09Z,0417-xiaoqiang,account.ce2b9bd1a1d94a9b870cd31f1a078228
2026-02-08T14:43:09Z,029_XueEr,account.500eea8ab8a641b08495e11a9c1d3864
2026-02-08T14:43:09Z,Y1nR0_,account.24a779871e9044938b36e246b00747ae
2026-02-08T14:43:09Z,Kingston_Chi,account.494589d03e854ebe9cf3a3bcb9379ef5
2026-02-08T14:43:09Z,YANGMIEMIEYoo,account.f6848f7c29bb4bd19cea632bef882ad8
2026-02-08T14:43:09Z,mollypig-,account.60948e883a1849d5a1ef7fbc72346d48
2026-02-08T14:43:09Z,AAAADADADAD,account.72ed00e9bde14f66b4e1f9ec18dcfcbe
2026-02-08T14:43:09Z,8AM-shark,account.faa13e340d9443a395f6a78f9c74e74c
2026-02-08T14:43:09Z,FLY_PUG,account.0d193b184e594a4383a526d04adaaa56
2026-02-08T14:43:09Z,No-1--AK--,account.b3f065bb69a4494981391e17920ca21c
2026-02-08T14:43:09Z,rjfw,account.ace4e0bab59147c9814415cb2f3b38c8
2026-02-08T14:43:09Z,soap127,account.f62575bd8b204a189ad34bed359000ee
2026-02-08T14:43:09Z,WuLi--ZhOuZhOuYa,account.0abc029814ea42438c5ee56fb7be86af
2026-02-08T14:43:09Z,Nangkang-LG,account.f799dd05e5294f7586a58022088ae15e
2026-02-08T14:43:09Z,Xc-98xx,account.def19c30146a4944a03b0b8ab92e5fd4
2026-02-08T14:43:09Z,7iioYu-,account.610c9353274c4167a5bea78ea5956a89
2026-02-08T14:43:09Z,DHSQJSNM,account.c5827207936d4034b3f917f5955c8c6e
2026-02-08T14:43:09Z,GUAGOUSILAOMA,account.164bfa1d380742c69c6cfe7dc93ddec7
2026-02-08T14:43:09Z,LucyLL00,account.086c4eeb46044beba7d3c2927a7a76f8
2026-02-08T14:43:09Z,ZYJqindie,account.4e1b2d15bb5e41c5930c2eaab097fd61
2026-02-08T14:43:09Z,firelbx,account.b31304287ccd4009806ec14e666e3424
2026-02-08T14:43:09Z,fangegeshinidie,account.7b235b212e2d4e6aa66ee4ba1e4ca8ea
2026-02-08T14:43:09Z,10uu_,account.a815b7f3fe0047c1a43127c51a32d96b
2026-02-08T14:23:03Z,XiHuanBaiHu-_-,account.f905ae4502b54a98ab31c0afff5631e4
2026-02-08T14:23:03Z,Big_Cheese_Bo,account.3ac56cd9b323412393e6be5603ccaf86
2026-02-08T14:23:03Z,Goldkey007,account.c5eb4ff695ae452aae77cf8d212f4a13
2026-02-08T14:23:03Z,MeiTianMeiYe_Ain,account.272aab86a94b46579e9c434083729ba3
2026-02-08T14:23:03Z,96suifuqiangdaJV,account.f39b4a46b9a64ecba92c7de4c44211e4
2026-02-08T14:23:03Z,JLL_M416-A1,account.49690b56d8484fccb8cb7314ee8f706d
2026-02-08T14:23:03Z,Ping-hong-hong,account.5cd3a11c4dac485382e8d674a9561716
2026-02-08T14:23:03Z,Matar7,account.903fda1409944d26933add0b6de9c5bd
2026-02-08T14:23:03Z,WakeBrett,account.c3859c6820bc439d93d0608c9d417a3d
2026-02-08T14:23:03Z,Heilanzhou7437,account.da86875695904cd2a570158219ca3e9f
2026-02-08T14:23:03Z,JJe1_,account.9d75dd972a27481dab816dc06f79fed1
2026-02-08T14:23:03Z,wbmyson,account.52ed7839e68b4dcb9b95c7622fb3ee2f
2026-02-08T14:23:03Z,Dark_Laity,account.0030da9832054e9ba842908c80d98382
2026-02-08T14:23:03Z,Li_Rampant,account.c537ea249f10450191e2a8904f482b31
2026-02-08T14:23:03Z,DewardsM,account.f6f724ff21254ccdbbf06375d0139cc0
2026-02-08T14:23:03Z,Kiyoomi_-,account.ef0bbb0283714121b77b9fcbcb4c8685
2026-02-08T14:23:03Z,H-L-77,account.23b688934a434e0bbd77213369303816
2026-02-08T14:23:03Z,CAN686,account.ccc6c9d4597e48caa029e26ef66af4dd
2026-02-08T14:23:03Z,A4-zhi,account.68204cd08e314d07a5f3fe3de35d3775
2026-02-08T14:23:03Z,BoomH-_m,account.6392d1daa0714025a40716453e1bc1fc
2026-02-08T14:23:03Z,DouYin_MeiXuan,account.d53df7bb4c664b7b9e1a8600cfdfa85a
2026-02-08T14:23:03Z,LiuXINGyu_XXX,account.6d25f33ceb1b42d194590069b694e957
2026-02-08T14:23:03Z,Burnup-s-cramble,account.486014de5e0840af810245ad3614e106
2026-02-08T14:23:03Z,SberryTAn,account.3c9b08a8a7a64a948269e1942b428eb8
2026-02-08T14:23:03Z,Dark_PangZi,account.33136e7fda564f62b4155dddc47ee832
2026-02-08T14:23:03Z,HH66HH-,account.1f44b70961c6416cbaa0b0315f270153
2026-02-08T14:23:03Z,8cc_k,account.9f896aaf37174d46bf274f0af96583f7
2026-02-08T14:23:03Z,zone__YI,account.ebb3683ca519421a86730490c263e44e
2026-02-08T14:23:03Z,GTR_Hzzz,account.aca648e4495b4aa0ae3afe07fb3ad5ce
2026-02-08T14:23:03Z,jiucai-_,account.e98aec2e18c943e5ac3861519cf0ed8f
2026-02-08T14:23:03Z,suifengzhubo,account.70cb16bcfe044282920eba86d50942a4
2026-02-08T14:23:03Z,SZK-YYM,account.95d16e524f374d8aa7ed4acd6c7522d1
2026-02-08T14:23:03Z,LiangRX-UP,account.2e9f91c04e5844bcb08318996bdcb2e6
2026-02-08T14:23:03Z,ken008,account.164fafe81f6b4142bb4b69a8f7d59248
2026-02-08T14:23:03Z,cexHB,account.e7326c6993a545c19badbf6c755ba5b3
2026-02-08T14:23:03Z,22en-,account.e2ecea20488543149f4d4a1d44ea4dae
2026-02-08T14:23:03Z,zbPdd_3471,account.ebe17396763d43a187881e2f1a6898a7
2026-02-08T14:23:03Z,jkzAIyj,account.5f5f46fe43904f428035b6f1e389bf2d
2026-02-08T14:23:03Z,2iYuu-,account.93ecec374fbf488b80a04e094944cad5
2026-02-08T14:23:03Z,Arthur---Morgan,account.4061cb29b04b431d9355d813322ea58a
2026-02-08T14:23:03Z,OoKIkooO,account.6c1a28e2444d4677abe3b809c02b8037
2026-02-08T14:23:03Z,mi2r_-,account.a8e19a52bb19494f8e7c502d9542914f
2026-02-08T14:23:03Z,Da_DG,account.483e832525524a9da9bb804116009e4c
2026-02-08T14:23:03Z,FreelyBossQiao_,account.c2beb94630bc4b3095bc085cb6256e9e
2026-02-08T14:23:03Z,Distant-stars-L,account.c27654f59a97475290595a77a2ffdf9d
2026-02-08T14:23:03Z,nice_mutousan,account.ced69813aba1477696e49a5571b9b97a
2026-02-08T14:23:03Z,999SC,account.8c9e4371d27a44e3be739c75c0f1cbf2
2026-02-08T14:23:03Z,FPS_Psycho,account.81bfd39f211347a59906c17da6f1a5b7
2026-02-08T14:23:03Z,MacArthur-I,account.ecb6d36c3d574351a2c5728e244ffdb4
2026-02-08T14:23:03Z,CiCiYinuo9251140,account.c06b298b26854a56ae3f3ee63075abcc
2026-02-08T14:23:03Z,weishao1425,account.0512ba85b0d844c3b25577306a37c28b
2026-02-08T14:23:03Z,ZYY-TT,account.1ebf62a5b4ee4b718d0ac1fe51ea7342
2026-02-08T14:23:03Z,Pe1_q1ooo,account.b195c6bac7ca4316beec7223af695d5d
2026-02-08T14:23:03Z,PicriL_Ao,account.71a7e42f76dc452fad254a2507da594e
2026-02-08T14:23:03Z,OTZ111,account.9edf2b430cf84f479ba7ba9a36dc5e9f
2026-02-08T14:23:03Z,AZBZ-NIKAI,account.862a5472e3df45bca91dda0d0d6b66fa
2026-02-08T14:23:03Z,KimNaMul,account.03f7eaaf224a41f595cee0e1a29b9e66
2026-02-08T14:23:03Z,FierceMan_hui,account.b5aa8838637949ef8b0bddfa1c93da9a
2026-02-08T14:16:47Z,5amBaby,account.dd6ef7e69cb1453481bec46ff11713a1
2026-02-08T14:16:47Z,Zeejae,account.7b1461e987e14bbe8be556d054651e2b
2026-02-08T14:16:47Z,NZBZ-MoMei,account.2dc022181a2649c7807167a62cc7aa77
2026-02-08T14:16:47Z,EP_kHSv0ZUqVN,account.a62278e72f90405bb7521b889d46f74a
2026-02-08T14:16:47Z,CocET,account.79e8145776e648989619853c10aeb83f
2026-02-08T14:16:47Z,wenduo0,account.03a48a15d6e64b67b22b987fbbd522e2
2026-02-08T14:16:47Z,XgggggM4A6,account.ee70ce350c8b4100839e052ce9be54c3
2026-02-08T14:16:47Z,Sunt7-,account.d042030ee05f45caaf62121df774ba71
2026-02-08T14:16:47Z,ronghang66666,account.b116ca8a2ad04cb290c011b83dcd5c0a
2026-02-08T14:16:47Z,Yus3-,account.80e9733542374a4b9eabc83daff78e5e
2026-02-08T14:16:47Z,0326HU,account.b2805a7210ff4150910ff7a291f89a95
2026-02-08T14:16:47Z,Wilful-Mr-MK,account.85221ec8a9d648b2906ed39584f84e6e
2026-02-08T14:16:47Z,KOR_DDong_Bang9,account.f783af82880f4926a0fe65c0cd362357
2026-02-08T14:16:47Z,BZxiaoH,account.5a04b8d395514a9fab45447570a99436
2026-02-08T14:16:47Z,Crazy_Harvester,account.30e6c569e2494b10896f81d193f6da4d
2026-02-08T14:16:47Z,Rex_x8,account.dc0b814d6040427292915d203c4d1d3b
2026-02-08T14:16:47Z,Freedom_Zhe,account.47d3a063e4ed4d6f8a6ba995c22d7e17
2026-02-08T14:16:47Z,biefanwohaoma,account.13a14ddc434449949873a8a057d19ecc
2026-02-08T14:16:47Z,Egoista-Nemesis,account.8d437489e8d64d218a8eb463d2532205
2026-02-08T14:16:47Z,NageNanRen_Ll,account.09f1378b8af94809b70a862032aacebc
2026-02-08T14:16:47Z,Trouveille,account.115cdb5cc43a4cc9938b6c96fed5b8b8
2026-02-08T14:16:47Z,QWECVSDFV,account.7901928fed6f4da18d1bc316a6377530
2026-02-08T14:16:47Z,DayBreak-NewDawn,account.950f58a1fcc44534983d9eb13034d203
2026-02-08T14:16:47Z,MeowMeowCow,account.3b9e98e4186a425eb033d0d4d1f6576a
2026-02-08T14:16:47Z,SK-Jay-Gaming,account.8f5f38f89f014585911b35d79e4725dd
2026-02-08T14:16:47Z,Mazda-alang,account.907aaf09f300413caf7c31cb8f2ca7f0
2026-02-08T14:16:47Z,Not-_o,account.959430ed303341d5be2a5da3b68c1245
2026-02-08T14:16:47Z,DouYin_Laughing,account.5979cb2ce38d49329660b61d2f755322
2026-02-08T14:16:47Z,NI--RR,account.e8f9b44ab9074584b4de487e4976238a
2026-02-08T14:16:47Z,Toni_LnitianT,account.b42dc32329424d33af1665cba6a8b24d
2026-02-08T14:16:47Z,jackhuiliyi7,account.7362a1f2a6284c1bb6f4928cdf87f8dc
2026-02-08T14:16:47Z,tttokki7,account.66cde4d9d1c742b285a1393661ff1895
2026-02-08T14:16:47Z,T1HEATHER12345,account.4802952c6cd94a4a92e29b5d19583ed1
2026-02-08T14:16:47Z,spalg9,account.da235f00b60b46b88fbaf9cadeb0b20d
2026-02-08T14:16:47Z,yyg-6666,account.f33154681a894acab3a8bbdc1a6c14a0
2026-02-08T14:16:47Z,wuhai_changtui,account.c3ebc3147ffe4e7ba07766a3723131fb
2026-02-08T14:16:47Z,Toni-Jiang,account.cc76611259694ac7a525b1ee0feb1fcf
2026-02-08T14:16:47Z,Tao-1_ge,account.c2fee8a4c1ae4a75881542572e8bdde9
2026-02-08T14:16:47Z,JING_97,account.66a498a1a9c94b9eb0fe0792ebb6b1f3
2026-02-08T14:16:47Z,Xx_nAncY_A,account.179024dd6f1c4925a47ed282a27aa0de
2026-02-08T14:16:47Z,DR_369,account.87952f3bef15467f883dad5815813698
2026-02-08T14:16:47Z,g46yrth,account.53d504a49ef345289f31acfebb663452
2026-02-08T14:16:47Z,DGZ_Popi,account.9c6ef729d2ba4879b4cc4d8ff00a183f
2026-02-08T14:16:47Z,XiaoZhouAAAAAYu,account.baf32eefa8ad4ce28495a179211cae2a
2026-02-08T14:16:47Z,donghao0523,account.8779001c02e84615a4f536fb775622df
2026-02-08T14:16:47Z,ManManZ1,account.2c4cb5bc011f4b6f993df44edb20146c
2026-02-08T14:16:47Z,Yy_11762,account.c7834913df1d4ad5a7d665b0e0f9dfc2
2026-02-08T14:16:47Z,4_Guang,account.daac30f667404314a9668c45794d360a
2026-02-08T14:16:47Z,ENT_Yu,account.43d61d7868164cf097df229681277a20
2026-02-08T14:16:47Z,wenduo2,account.de6597dd006c49868d70f38b7ba01258
2026-02-08T14:16:47Z,2025-05-21,account.e5ebbf359ca248b0bb133ba5a07f86ac
2026-02-08T14:16:47Z,LAOsan-1984,account.3b81d5e778c840118b9aa89953b66186
2026-02-08T14:16:47Z,JIHE--YIGE,account.78762dddb1c148699e582ed856ef5d00
2026-02-08T14:16:47Z,ID--M249,account.0f04ba001df44ab491ed9021dd0cf036
2026-02-08T14:16:47Z,y9zeunr7y,account.18be70ff9f8449a185fccb26cf62e91d
2026-02-08T14:16:47Z,OMGBJ,account.cd932ead9c494fbc8e09575dc4d27f3e
2026-02-08T13:45:26Z,Ayumi_junjun,account.b19990383fee486eb4c1ce8f53b534b2
2026-02-08T13:45:26Z,H1deOnBush211,account.9c260dec760e42b095de44a4ff87bf47
2026-02-08T13:45:26Z,YeWuMiana,account.9dabddbd1e494ddfba7f3ac8397262bb
2026-02-08T13:45:26Z,choducking,account.15b1c9a3fdd4401287e63af1ad9855ca
2026-02-08T13:45:26Z,QWERQWERQAZQAZ,account.e7fed78c013e47338324180afdb3c2ef
2026-02-08T13:45:26Z,HiiOvO,account.86453da0c9c64254b423e90ac785c0cd
2026-02-08T13:45:26Z,nee3,account.c969532e1c4b49dd9a1940b7ead73479
2026-02-08T13:45:26Z,wmzka,account.f4190265eb21449a8f417801183b91a5
2026-02-08T13:45:26Z,PUBG__Jack,account.3ff5d19ba425443eb8544b93c13bc3a5
2026-02-08T13:45:26Z,Dodge_SRTHellcat,account.bacf33125d1e4ec89c2851565714ec1f
2026-02-08T13:45:26Z,ZMH19880901,account.bb6ec2b272424f5b9c22c5a881050188
2026-02-08T13:45:26Z,Uanito,account.0f687da37057488a8c85f5b099ea2910
2026-02-08T13:45:26Z,dododoluck,account.87d132a5fde64465af0a0821b9609bf0
2026-02-08T13:45:26Z,o3osasioverlxrd,account.19ebe1562e144869baa9a1cb4a383bd3
2026-02-08T13:45:26Z,luck-88,account.6a5f28263dbc48ff9d781a9ae5d9f979
2026-02-08T13:45:26Z,liqiang898522,account.7a23dd90bf85430ca285feead2b414c4
2026-02-08T13:45:26Z,Scavenging_a,account.78aa541858e145af886cb0bdd8252523
2026-02-08T13:45:26Z,wangkang321,account.b8af06529ebc48b3a9a144df84920428
2026-02-08T13:45:26Z,jangjaini,account.a5e546a9fff64ef785c0f4e2b2c60eda
2026-02-08T13:45:26Z,Seve-Liang,account.4d396593c2274b5c837956fd25091a24
2026-02-08T13:45:26Z,GunFightGod,account.2fe73761b3a4472fbbf099d228846dcf
2026-02-08T13:45:26Z,G-one1111,account.2d541e25b43e4b3c990288d34a4bb662
2026-02-08T13:45:26Z,uwgolidinwo,account.18610774fce64c31afb86282b91cdbf7
2026-02-08T13:45:26Z,NB-SUPER-MAX,account.e7d7f6e6abee4a5ba40bac172aa9fbcf
2026-02-08T13:45:26Z,ErBaiWu210,account.675ccd559b6e4e2b864d9c0a6635e26f
2026-02-08T13:45:26Z,2.00007E+12,account.94e139927cff49d4bbd40fdd634c58d3
2026-02-08T13:45:26Z,yilianmengbi233,account.8fded105e3dc43da911db885606d4c61
2026-02-08T13:45:26Z,gank95k,account.1c85c160baa84750891e2aed8dcc9795
2026-02-08T13:45:26Z,Fkiven-x,account.aecd1db27b354bd5844499e2e777e3ff
2026-02-08T13:45:26Z,Gucci__suru,account.92fb5f8c094646c6b4018528fbe84bec
2026-02-08T13:45:26Z,Yu_Ge7,account.b7e8290bb434439fa91170747f3fa5a6
2026-02-08T13:45:26Z,Blitz_SuMu,account.42fb2d7f665c46f891d7b5c9a0f4a57b
2026-02-08T13:45:26Z,Sandydaxe,account.95e9151d318e45c4a905bfd96c052a18
2026-02-08T13:45:26Z,KR_ringring,account.7c74b862640b48c9be9586a6a3e90209
2026-02-08T13:45:26Z,dennis_look_at_u,account.9b239514a1fe4111bb313028baa1b2c7
2026-02-08T13:45:26Z,CHOI-XD,account.fa41b0d5a4b24869a2bdfba172236399
2026-02-08T13:45:26Z,lonelyjourneyman,account.8ef4c0b69a174f8f8d81443fbfdabdfa
2026-02-08T13:45:26Z,Elerder,account.96d4099feac6404c84f8b4c7e7647022
2026-02-08T13:45:26Z,SIGMA_FAKER,account.8395101a447440b097539b3af754f093
2026-02-08T13:45:26Z,1xmc,account.99b5526e983843e1b57b990f7b243272
2026-02-08T13:45:26Z,01015407s,account.ade5577138334e3896a5380bfe1a0dfe
2026-02-08T13:45:26Z,aaa3233,account.fd33e3464adb4f88b147597153cdc40f
2026-02-08T13:45:26Z,AAAP_,account.3cf65f61e9d84bc09e58e98470927f95
2026-02-08T13:45:26Z,Eric2213,account.268897f250974bb5b07cee03534ae9d4
2026-02-08T13:45:26Z,XintaibaozhaAAA,account.fae0045c6a6d4357a8b7be2f6178ddbb
2026-02-08T13:45:26Z,e7fk,account.3f094d8f663a4f96b8d76d9fcd1cc54c
2026-02-08T13:45:26Z,Peng_-Super_XX,account.31c1d1ab466943e3b77d904a5c9d421d
2026-02-08T13:45:26Z,HomeTown-A,account.f13c383429b249f6ae4e6ce90ff12214
2026-02-08T13:45:26Z,ABigCatD,account.7d0f818f3f81445dbe8c39bbdb165e99
2026-02-08T13:45:26Z,Jemima_,account.fdb45261a536403587e5ff35d9543379
2026-02-08T13:45:26Z,Junism_,account.c917808818584b5e87a7eada92e3222c
2026-02-08T13:45:26Z,Miniduck_Dou,account.5809ffe6d92a46459c07b0e8590e514c
2026-02-08T13:45:26Z,MINGcShaoFU,account.376413da1db64d9494b51e7f0d5246ff
2026-02-08T13:45:26Z,LJHUIIIII,account.a3858b021cac4c2092561bfcb4bdefd0
2026-02-08T13:45:26Z,V50_BuBuNi-_-,account.290a667257824eab8058823d8240409a
2026-02-08T13:45:26Z,anotherlevelasdw,account.6cabb65decf84a3ea32ebfcdd0b8ed1f
2026-02-08T13:45:26Z,Slow7he,account.807ba05cdfe645669a5eca111c84b833
2026-02-08T13:45:26Z,ZhongMuGuTianLe,account.058464f35ab24f748ceaa3c15d422086
2026-02-08T13:45:26Z,NH-Destiny,account.37fb47a9d93e415ebf6a91e96728fc09
2026-02-08T13:25:00Z,Waychel_M4,account.efebf9467d544aed93eab39c0e1f71b5
2026-02-08T13:25:00Z,NB3LE,account.b135b2edaf7049369a09eb97576d3674
2026-02-08T13:25:00Z,0519-icyliu,account.52f126f3a270436ba77ddf0b76e21abe
2026-02-08T13:25:00Z,dagebienao_,account.91d66b7431f0402a9cf287c0a3a6c941
2026-02-08T13:25:00Z,liupangpang0728,account.284bc34650654733bbdcf6796bcced2d
2026-02-08T13:25:00Z,GUIMEI123,account.e59d40fe87e740da9ae99f1251c2d6b9
2026-02-08T13:25:00Z,DG-LiuXianHua,account.4f37a6d66456463a876e94e2049b7c92
2026-02-08T13:25:00Z,Anishixiaochou,account.623e24e1207b47fca82e93dc1bea756b
2026-02-08T13:25:00Z,ww-kaka,account.e59d54f8328b455193f04df1de793cc9
2026-02-08T13:25:00Z,Nanjie_666,account.5bb3b5b7df724749b3931389c5f25d13
2026-02-08T13:25:00Z,LeslieLiAnng,account.f88f2c5c01cf4faebed4ccbd065b7d4b
2026-02-08T13:25:00Z,MangzHehuo0028,account.8d4465aa53094bd8ac84817cb16743e6
2026-02-08T13:25:00Z,Angel---jiujiu,account.b6b551fb8305404aa1c308f88c95186d
2026-02-08T13:25:00Z,LYKKNO,account.4bf25b12442d451daab47ffc34375cdf
2026-02-08T13:25:00Z,MN-YuanHan,account.d2052ebacb024a949fa52829887749ac
2026-02-08T13:25:00Z,LanT1n9Xu,account.2be516036ef047b590d99b726db9db75
2026-02-08T13:25:00Z,10u0i_,account.d76a3b1d4deb468d9b74e038bc837320
2026-02-08T13:25:00Z,0546-_-,account.961c487cbdcf417f9328ff74d3907c8f
2026-02-08T13:25:00Z,FIYLNG,account.c9a98f6059fc475fbab7c8a3f72d1d9c
2026-02-08T13:25:00Z,Jackal-Herat,account.0ea1243279a24a5ba17171400f770834
2026-02-08T13:25:00Z,yzs9527,account.1171ca7769b245fdbdf2419dac730ddb
2026-02-08T13:25:00Z,FLoome-Rose,account.c8ae28952feb4d75b056cbb8d584c362
2026-02-08T13:25:00Z,Eternal-Bei,account.b4651799c5d4424a8e42213dfdaba6c1
2026-02-08T13:25:00Z,up_uuuzi,account.8b4f51dda92f429691df3149bbeeb0e0
2026-02-08T13:25:00Z,1uuiuuav,account.1bfb878b27c845e7ad45b493e87efbb3
2026-02-08T13:25:00Z,5546459,account.e43e2745792d436687d433722a7be37b
2026-02-08T13:25:00Z,ZKILH,account.f1d5d76caba54fc894a62ea371548c4d
2026-02-08T13:25:00Z,AcDouFu,account.be9e25b9bf4e426e99b7d1e0a71fafb6
2026-02-08T13:25:00Z,Lddo-Zydoo,account.b3f697c5bd1546bfb11a57e5707c0309
2026-02-08T13:25:00Z,xiaogangpao5,account.e3b8697a50bf4f52b5f05d4e87481b6c
2026-02-08T13:25:00Z,fengsir01,account.213e3ab5a6874a6f8f06bb0f52a65169
2026-02-08T13:25:00Z,Farmer_O_,account.6473958f345a4cb09925d87fa0c852aa
2026-02-08T13:25:00Z,GFIFI,account.bff39e8700034df7b612b4c8f8ec95be
2026-02-08T13:25:00Z,RenShengShiGeMi,account.4c339e9c5e9549a1a1c982dcd08c4eda
2026-02-08T13:25:00Z,Mmmm0522,account.329c7409caad4b7ab5bd0c74ddee67c6
2026-02-08T13:25:00Z,sabsaree-dog,account.22cd846f1e524cc29063843861dabf53
2026-02-08T13:25:00Z,Leo_Mxssi,account.a7f890da12ec4aa59607ecac0979bd94
2026-02-08T13:25:00Z,Conti-Eternal,account.2e46b53abbf345299f0d97117c42306a
2026-02-08T13:25:00Z,Lone-Dreams,account.2a5d3264c9b4460b9dbb2898fa7bfe50
2026-02-08T13:25:00Z,NIHENTAO,account.c5f4548bbefd42fb9c6191c430d66359
2026-02-08T13:25:00Z,Spyyy-007,account.c369020b36264074b5c2e2109cb9360b
2026-02-08T13:25:00Z,GORJUS,account.9214d333f2f94548aa19591d9d0fc7f5
2026-02-08T13:25:00Z,FortyLo,account.a337523b661e4b5e973f9a7afbb56bc6
2026-02-08T13:25:00Z,Eternal-Cao,account.9a4769c73d8c450997a79a859d2d2760
2026-02-08T13:25:00Z,HHWW1126,account.e87727a08173492782ed3240a5b21136
2026-02-08T13:25:00Z,wan-nian-lao-2,account.0ff6aee19f684c44b2b4b6e9540756eb
2026-02-08T13:25:00Z,0519-Jiumenfye,account.e8fd0164df8f40beb0b9452f172cf208
2026-02-08T13:25:00Z,GGG_QIDAMA,account.5c446cdcceb14713aff337f1bde0b1cc
2026-02-08T13:25:00Z,ShengZhou-LaoJin,account.f940c3328bde4bba98dd8e99d9d870c6
2026-02-08T13:25:00Z,J1aLe_--,account.269a1495a74b4f3d8dadd01fc08c6d75
2026-02-08T13:25:00Z,0519o,account.403d9fd2f8c04c3c8259f256450ac372
2026-02-08T13:25:00Z,M7Lu,account.51545047fcb04014880bd92c2bfd71f8
2026-02-08T13:25:00Z,yangzhixiong,account.9475b791b50347e687a9d3b9687602d4
2026-02-08T13:25:00Z,Eternal-Kepler,account.c9a8af3975d447c6ac7ecd661cdec050
2026-02-08T13:25:00Z,Joy_Pro,account.fd6bbfa2f39b4030a2c3dc95058c9fc8
2026-02-08T13:25:00Z,nannvshenqian,account.3b27023ceea14246ab83406b737320c6
2026-02-08T13:25:00Z,GM0622,account.6ee0f031a8f34ac196d813756d871d03
2026-02-08T13:25:00Z,FireMrJ,account.d54e53b83b1b4ebd900441d08c800160
2026-02-08T13:01:31Z,Aaaaeaaaaaaaaaaa,account.bf3fed651de24d0f9b4a092a5b52b492
2026-02-08T13:01:31Z,SUPER_MAN_CX,account.585f8375611b45cfbdb640217ab1987b
2026-02-08T13:01:31Z,Ethen_YangYang,account.81fb6b357b54469a8be8a8bc66f9ed14
2026-02-08T13:01:31Z,Month-Feb-19,account.70e2297b61324324b6355c699534646d
2026-02-08T13:01:31Z,Best_beFore_DatE,account.8771e7df2a2d4c3fa4ffcd02aa00fd2f
2026-02-08T13:01:31Z,5i28-_,account.c082ba573238472784dbaab7047a1a3f
2026-02-08T13:01:31Z,Lontano_00,account.cc830bf01e0241d3bb01f538fcdfec0b
2026-02-08T13:01:31Z,Huang_Yhc9xaiii,account.9ce0f90607f344318b4e2374d7737657
2026-02-08T13:01:31Z,L1ngchi,account.244f2cffbf704388a636e9bd628cdc60
2026-02-08T13:01:31Z,Verygood-Xy,account.b765d6e3eed5491dbfcf444fac235373
2026-02-08T13:01:31Z,93618,account.f3b0615a3aaf463fa63c21b908bf24da
2026-02-08T13:01:31Z,skmhpe9-,account.e14854c1c17f4a559a1e27d6d755f69f
2026-02-08T13:01:31Z,shaleyitouzhu,account.2d2ea5d0189a47caa6ace2254a32c630
2026-02-08T13:01:31Z,liang_0479,account.4ed2944dde0f4bf9b93fb32e21dc4b2b
2026-02-08T13:01:31Z,nx-TT,account.122cacb21e28468ca0df1290953caa78
2026-02-08T13:01:31Z,bs-aeguk,account.e855a95ceb744607a0aa388111e686a6
2026-02-08T13:01:31Z,TAEHEO,account.191836f6cf5a4637ad0f25554f580a5e
2026-02-08T13:01:31Z,Desolate_WQ,account.2e3bf8da71724228a816ee535cc13b12
2026-02-08T13:01:31Z,WoLaiYe,account.0d383a6556184baaaed61e1622b69134
2026-02-08T13:01:31Z,BuilyourdreamS,account.370f5812c7a349bca9078a9a09b43fbe
2026-02-08T13:01:31Z,CosLvy,account.05850c2d804e4a9e998247cdc54317ea
2026-02-08T13:01:31Z,popsky-127,account.5edb3bdd6bff4712866ca87cc1d463d2
2026-02-08T13:01:31Z,Saos1ni,account.ebbe8e6d598f4e08b528bb25550aa5ff
2026-02-08T13:01:31Z,R-945,account.e53b998d52684a6abb264ebf4857e20b
2026-02-08T13:01:31Z,Big_____cat,account.7ef8ffd7d7e846f590afb2e546e16daf
2026-02-08T13:01:31Z,Fc_Cccge,account.01f4d4adecf6460fbdae2e8a7ed3ea5c
2026-02-08T13:01:31Z,zwyz5551,account.b85cd9ef6fe148bcb57d58423ca3f0a6
2026-02-08T13:01:31Z,ytt996,account.edb8a15b9980408684ddae13de89a381
2026-02-08T13:01:31Z,TCovers,account.d50194028875487c95307b47f8ad3967
2026-02-08T13:01:31Z,GeiWoCaPiXieO_o,account.0e577f331eea40f6b9ff61828fb55a8d
2026-02-08T13:01:31Z,Animal-_-Rabbit,account.3d7dbe1161e44e4ba7d5373947183df0
2026-02-08T13:01:31Z,9p1lrb,account.5a03fe9b68714cc486d9527e2d45b721
2026-02-08T13:01:31Z,zF_kasa,account.5ef26dcf23924156abb00586e6d9330d
2026-02-08T13:01:31Z,Very_Zzzzz,account.5056a00f0da5448f9ecd8a5fe85d9968
2026-02-08T13:01:31Z,Topguizai,account.00a1c846a0aa48b6a001661e4dc42e22
2026-02-08T13:01:31Z,HHHHHH-YT,account.4fd24224856b4365a8ece3f22521e00e
2026-02-08T13:01:31Z,beom_key,account.acbe7c09b8df4c79ac72448b5600b1bc
2026-02-08T13:01:31Z,JDQS-laohan,account.aaee359d65dc418cb7f34ab609080520
2026-02-08T13:01:31Z,Big-Penis-Eight,account.f325a185601f451f8a57644a0d49478f
2026-02-08T13:01:31Z,Armastuslse,account.e633bd94984c40f1880552ed81e2db26
2026-02-08T13:01:31Z,LidadaOAO,account.3b3aa267b0b34fbebb8c6446f500668b
2026-02-08T13:01:31Z,Mumutravel,account.e866c6d9e74342fda38f6d56d15c22ac
2026-02-08T13:01:31Z,tongtong428,account.5149e95db61a461ea1c2cebf0b5bcd4a
2026-02-08T13:01:31Z,Nuo_o-,account.d19048ff9c5e4c72991a53b7af3eb7be
2026-02-08T13:01:31Z,DouYin_HaoTlan,account.e3b706f76a5d40bba25fdb7ef2ad2135
2026-02-08T13:01:31Z,wanleyouwan,account.ebac9bef8c9343be82a5842fc1a3b035
2026-02-08T13:01:31Z,Old_DE_Wangggggg,account.5903356c881347d8a68f6a6b59287691
2026-02-08T13:01:31Z,Jin_hitman,account.ddf0789e87774473a5deab6d9d4e2d26
2026-02-08T13:01:31Z,QIONG215,account.98333b589bc34de884f262e82994dd11
2026-02-08T13:01:31Z,Month-May-23,account.08dcc06eacfe473796423a8e1f2375c6
2026-02-08T13:01:31Z,chinahan0315,account.610b19a4e9154348899bcd6388fff2c9
2026-02-08T13:01:31Z,Cx330_FM,account.938cd8d5551e4db1a1309bfb97f76699
2026-02-08T13:01:31Z,Animal-_-Cobra,account.8a3a40f89ac24986a516bcbd98eac454
2026-02-08T13:01:31Z,liangfeifan__1,account.0e96c6c8be8c4fa6bc83bc25b7819995
2026-02-08T13:01:31Z,MVP-xiaoyi96,account.7efdd7af66a744d780d27d77fd82cb1a
2026-02-08T13:01:31Z,TheDp-Y311,account.374ba34dd159489fb8bc27b34a8e0402
2026-02-08T13:01:31Z,Whisperszero,account.2198942d99f945bea3274699bf4efbba
2026-02-08T13:01:31Z,PeRo_Lcf,account.bba3f5594a6f49478df26a682298d5a0
2026-02-08T13:01:31Z,Lhasa-FeiQiu,account.6436ab9bcfac41bbb05b9dc50c205dac
2026-02-08T12:52:31Z,January-7seven,account.6b688af6473146f5857de96ac89cd231
2026-02-08T12:52:31Z,UUUUUUUCUUUUUUUU,account.bcabba614ca741a28e3dcd5f78c9bb98
2026-02-08T12:52:31Z,Bell-Ronio,account.ddbfe16eb5dd4671aab28c2f35f43084
2026-02-08T12:52:31Z,PAIPAI_-T_T,account.2ed0ff803723499fbc87159ff63f9ff7
2026-02-08T12:52:31Z,KBJ-Aholic_5032,account.8fb9a0a6c02743bb86ccb2d25525ce8d
2026-02-08T12:52:31Z,ayyySir,account.ef93ac53f4ee458eb2ede6a808982cd1
2026-02-08T12:52:31Z,dodo_168,account.e32c9846116e4bcebdf8f5af07dded75
2026-02-08T12:52:31Z,Summer_July-,account.f7af4b72c60e4278a86a21779cab0760
2026-02-08T12:52:31Z,JuanMaoGUAI-Tang,account.446ea2428dcf4db2a4d729121ebee12a
2026-02-08T12:52:31Z,xiaodo997,account.24f3246b448b4dfd934678715e0b05bd
2026-02-08T12:52:31Z,Herry1993,account.18a76e45199944899b3cc0e8469acbd9
2026-02-08T12:52:31Z,kr-hahabyebye,account.edf056a6d2614615ab4f9962924d545d
2026-02-08T12:52:31Z,ILSANseulwoo,account.d1fc8ee517a14ecc8d00721aab3366ee
2026-02-08T12:52:31Z,asd1234556,account.e0a62b6eb0194810b751324e8daed8ef
2026-02-08T12:52:31Z,XiLinzhoujielun,account.adc2e4c8e6034367a8ca5e5e517b03c5
2026-02-08T12:52:31Z,LaoHuang_NewB,account.67e68b5808bd40afa1adee46af9c5cbd
2026-02-08T12:52:31Z,InsaneRonin_NewB,account.83f8362aa46c4138862f0ba3907f0272
2026-02-08T12:52:31Z,GloRiOuMuDI_NewB,account.f7014a13829d4b119241a70cd99410e0
2026-02-08T12:52:31Z,RASH--Peace,account.52e320e6e8ab4649bb9bd7fe35c0898b
2026-02-08T12:52:31Z,dabaojian918,account.6d7e984ec22c4e09a7458abc8933207c
2026-02-08T12:52:31Z,yyyyC_C,account.d48449d585db443e81252e66546168c5
2026-02-08T12:52:31Z,Xyyyyyyy_NewB,account.caa2c0f19a5c420e96d6eb0a87b7caed
2026-02-08T12:52:31Z,GSD-1650F,account.fd4f18ddd53043999cd44102b22576fc
2026-02-08T12:52:31Z,ACE_LiaoSaoGe,account.a3cfb70b263a4c209669db59c765d110
2026-02-08T12:52:31Z,laosf110,account.874165945f2b4b99a93ed8015b89adc8
2026-02-08T12:52:31Z,xiaokai121,account.9697e6861f9d4b82a52966e4fea8d9a5
2026-02-08T12:52:31Z,hashmap9,account.25ef5dc96be540589cace0f5abcbda7c
2026-02-08T12:52:31Z,Yoihly,account.b82be16ded014f0394b33b02c45e5b41
2026-02-08T12:52:31Z,SEXY_MUSIC,account.c7fe931129a54bbb8c3433821b05d2db
2026-02-08T12:52:31Z,Ro1J_c,account.9a06931ce6164fcbbcf9b6ff27f57494
2026-02-08T12:52:31Z,Happy_RanG,account.38eae0ddd2224fcc9e72612a1e45857f
2026-02-08T12:52:31Z,AbdomenXH,account.77a1516bbd8f4eb5b953b77f5e6a04cf
2026-02-08T12:52:31Z,DRKKMMT,account.eef5d32c22e6443fac5cf7c1bf420c1f
2026-02-08T12:52:31Z,LarkFairy6,account.5bba4058dc1d491db1775704c989cea6
2026-02-08T12:52:31Z,MineChinaSprite,account.a03cf3fc93a6465db007420021609b59
2026-02-08T12:52:31Z,weitaningmengca,account.be221f345f2048389529ee616ba475d4
2026-02-08T12:52:31Z,91pron-longlong,account.7f1cbdae02a14b34ba4dbce0e359ac92
2026-02-08T12:52:31Z,yee_thief,account.ed95bba0fb35438dba932ae4954c4618
2026-02-08T12:52:31Z,ZhenJJJJJJJ,account.52173a72510c42e4a6d11efb926d8adb
2026-02-08T12:52:31Z,CombatMedicC,account.bbc7767dac35455eb4232610119c7447
2026-02-08T12:52:31Z,Luoyici,account.55ed1c50b8314aecb39ff13e3bff5366
2026-02-08T12:52:31Z,TK-0913,account.d36f1a8bd1f544fe8e192f531a6f5047
2026-02-08T12:52:31Z,H__F98kar,account.b7f1391b8401432590735f5284b4a718
2026-02-08T12:52:31Z,lovelorngirl_,account.d00a74eb08dd4f8782e7f8dabe3ee50d
2026-02-08T12:52:31Z,MPZ-Moogun,account.18b943192b6b4b32bb034a63fad4a005
2026-02-08T12:52:31Z,I-U__00,account.13b27e2d13734d83bde163c962ad1538
2026-02-08T12:52:31Z,Dayyy_-,account.e2bc268b2c5a465f98ca5a2245afa5fe
2026-02-08T12:52:31Z,Fairy-tale_girl,account.49c384bee5004bf5ac7173d1c8a0d636
2026-02-08T12:52:31Z,Az303333,account.da9c7cfff57b448ca174934b0001f084
2026-02-08T12:52:31Z,Wucj,account.797ddf1d1cb64801b2f5fd29346bb824
2026-02-08T12:52:31Z,XX_NiuBBBBBBBBBB,account.057080ddf8f34f7aa521f152ec470b8e
2026-02-08T12:52:31Z,Nothing_Tain,account.1350a990eb504fb9abd6b2cee058ac34
2026-02-08T12:52:31Z,Nicholas-GodZ,account.9e05561e636548e48542cf60c930a52d
2026-02-08T12:52:31Z,KBJ-Alise,account.ca86e0ebcbba4075a184099f0ef9456d
2026-02-08T12:52:31Z,LUHANAAA,account.eb133e7826764b25ba087b91e2c2c1be
2026-02-08T12:52:31Z,APLUS_WaXiLiGG,account.457abfa059574178b2cfc6c3592ad644
2026-02-08T12:52:31Z,shuoxiexie-777,account.2006e19cc8414485afa3e161580b7fcf
2026-02-08T12:52:31Z,HanGG-NB,account.52e9774bfd59496d8a897992a6f71efe
2026-02-08T12:52:31Z,SILENTPB,account.57c43f0ebbe6450cb0ec671db6a36bbd
2026-02-08T10:50:36Z,Haechan_king,account.22a68070c4af47b3b9d30669860e2014
2026-02-08T10:50:36Z,NI7754259,account.ceb90564067943cfb2a2fc70fc5df880
2026-02-08T10:50:36Z,PUBG_Lilpum,account.15a8ccff51f7483bbaae1e342db80d78
2026-02-08T10:50:36Z,Sobig9876,account.68bf0cd53d804c58ab892131b79024d2
2026-02-08T10:50:36Z,i486,account.2056c24e12dd427c9832b04322a10002
2026-02-08T10:50:36Z,DarkDog888,account.b39e75c944794b70a3ec04b5a144638e
2026-02-08T10:50:36Z,fgabr,account.053f364c971642bca73e698f2495195b
2026-02-08T10:50:36Z,MoFaSao,account.3ec79e8663c746f29d62b8959461f975
2026-02-08T10:50:36Z,fedwsgvfda,account.4eb6861d1ce64d87a7053dca37048b16
2026-02-08T10:50:36Z,ooooo0_Oooooo,account.618961b90b56407089389b6986b88649
2026-02-08T10:50:36Z,1hunk_-,account.d2278e1e966d4ba69c3c0b09cf631719
2026-02-08T10:50:36Z,Halfheart995,account.30894e2502ba487fae812169c39acbc1
2026-02-08T10:50:36Z,CNDOTASnow,account.79a36544e1094b3aa042f56c83f431b0
2026-02-08T10:50:36Z,lzy666lzu,account.7c18db1578e24a7ca8b898803108c2d0
2026-02-08T10:50:36Z,Q009527,account.a87c1a37061c410780549dbe3ab32606
2026-02-08T10:50:36Z,Krisnile_,account.3721632c96c64c53b947df73ee4ad4bd
2026-02-08T10:50:36Z,Y_Summer____,account.dee0d5c09f894c6c83719a04951284ea
2026-02-08T10:50:36Z,HerryLin,account.d09870132d5c4208ae2fd47ffde2c950
2026-02-08T10:50:36Z,Emilia2020,account.49786aded7c0483fb75c2048452e7ebf
2026-02-08T10:50:36Z,Callmelaterrrrr,account.c3e9997b09ad4e9aa0877cc03390d4a4
2026-02-08T10:50:36Z,biechaobiebibi,account.5c1d1c7280264035b550f604488d7149
2026-02-08T10:50:36Z,SoftTalagi,account.e70dc9fc5bf44c789ee644ee6de305e1
2026-02-08T10:50:36Z,YBzzZ-GuangZe,account.1b665da97bc14b029782a1b5e3297546
2026-02-08T10:50:36Z,Lazy_Boxer,account.cebe0762bf2848f8947b26525c3a7eba
2026-02-08T10:50:36Z,jeongho98,account.d9ca4199c0494704b81da15c89cbc201
2026-02-08T10:50:36Z,14-70007979,account.4863d3c183c848ce88a23d7fce90a883
2026-02-08T10:50:36Z,Fierceman_HouGe,account.ee122b15d78d4fa08d1602b076c3b40f
2026-02-08T10:50:36Z,mummifying,account.3023da3a08264fe1b2ed1e076777260d
2026-02-08T10:50:36Z,ze8b44,account.352a4a9d7b83468b902d052835cb6406
2026-02-08T10:50:36Z,0p-xiaoxiao,account.1997474ae7d449689badd49c3715191a
2026-02-08T10:50:36Z,doljopjub,account.b393a3081e2a4046ad3ea2076ae41089
2026-02-08T10:50:36Z,JIEP,account.540588d656bb43389fcc90267039b755
2026-02-08T10:50:36Z,YBzzZ-Ang,account.97cac35b8acf4228a9c7c9a396484398
2026-02-08T10:50:36Z,JianZhanDOGtw0-0,account.28aa5b957fce4750a16e21cc8431c311
2026-02-08T10:50:36Z,1amBlackMan-_-,account.153cb849ca9b40269f54d64ccc081327
2026-02-08T10:50:36Z,Momory_Z,account.00ca6644d9d648b3be5a5f7b4af3c954
2026-02-08T10:50:36Z,k1xio_,account.b4f55eb34ec648f38da05d45c9d83ff5
2026-02-08T10:50:36Z,GodLike_WAR,account.fd22c919f58a4f2e99622f992b7dc843
2026-02-08T10:50:36Z,Sh1Zhu-,account.ffc78aeab37e47f99fdb258a6b810059
2026-02-08T10:50:36Z,Tupac_Shakur_7,account.9f5f06cdfc224ef29cdfad4ffbd6f5ef
2026-02-08T10:50:36Z,1_Min-H,account.2d9c2cedeb4c45d78ac472ad50b39b00
2026-02-08T10:50:36Z,MKjaa,account.0424f09464ac4a028a017010aeaee260
2026-02-08T10:50:36Z,1655198,account.5a3c102849bc4735870b3f3792f0b573
2026-02-08T10:50:36Z,TiandaoPayne,account.2310df7587134116b33b4d8b14c65cb5
2026-02-08T10:50:36Z,September-3o,account.7174115e18cc4512951c7768e03bf2c4
2026-02-08T10:50:36Z,CrazyAway,account.8a1a400026bf41d0ba4d43f39d568c70
2026-02-08T10:50:36Z,chqhdlsep04,account.3bfa9ecf05754759a35830bfcbff9fab
2026-02-08T10:50:36Z,yc200783-_8,account.eeaa89c542794985a147ce024e22cd85
2026-02-08T10:50:36Z,eavie1,account.f37035e6559747b2b7e877c6a39e7a51
2026-02-08T10:50:36Z,Lyy_ly716,account.6b2721f50d88409a802294b2bfbf1cae
2026-02-08T10:50:36Z,Stray_XiaoFeng,account.47cb12602564455588644be1dae6c2f8
2026-02-08T10:50:36Z,Darkdog666666,account.4dabdfabd4c947cf839b4f90e83ee49c
2026-02-08T10:50:36Z,QiongBi_-,account.1ef09d7836554a38b2f56323e77dd28d
2026-02-08T10:50:36Z,Dangerous-p,account.51a32d0343e34e73bea5e97fb61c035e
2026-02-08T10:50:36Z,sajgddaaa,account.7ed17785134a4e0f9fec07c8c6aa91c1
2026-02-08T10:50:36Z,SeQingTV_HaoRan,account.97997817feb0490bb08b2520d3f072f1
2026-02-08T10:50:36Z,EnJoyLoNely,account.4835a56f5adc4b6e850bb92b3b039d3c
2026-02-08T10:50:36Z,wsHDA,account.88fcb672fdb04fc9a9b267fb2b37098b
2026-02-08T10:50:36Z,Darkdog-999,account.1c659ebeb3af42b89c126769603f3afe
2026-02-08T10:50:36Z,YBzzZ-ChunYu,account.fd0a238fc015464788239d9a1f018289
2026-02-08T10:50:36Z,MrKay66,account.a764bf2c57d747cf969eccdffef29793
2026-02-08T10:50:36Z,YXZ2017A,account.1102fe7a07dd45ea8c34fc591d1c8cea
2026-02-08T10:50:36Z,SHLELDER,account.af33975e933a4aeebbef8fffa7aca2e2
2026-02-08T10:46:27Z,Ps8603,account.5d68ca94a39947c79be506c3f2d77350
2026-02-08T10:46:27Z,2026_YlaiYhao,account.48338decff3f42ac8c0d0ca63c874283
2026-02-08T10:46:27Z,CR7-CR7--,account.a11ab6e3f86f4ee28e80f3d5eead15eb
2026-02-08T10:46:27Z,FY__WYZ,account.1d63c575ea5243c39927cbb4c09485e9
2026-02-08T10:46:27Z,Groza__-,account.846c9767037b4b8191da4cb2793c9929
2026-02-08T10:46:27Z,wu020417,account.85ef54140ac446a2921007cf9ac25f94
2026-02-08T10:46:27Z,yigiaowaligiao00,account.d946ce279e3f4066b5f4f7ba57c97cb0
2026-02-08T10:46:27Z,Lov33r,account.ac9d8f58bfad49dc83aa15f861966774
2026-02-08T10:46:27Z,J6ZI,account.a153de69759e49908806a2d360cbcf16
2026-02-08T10:46:27Z,LExuehua,account.fc4488dd4a364b56a6fdef8b6403f246
2026-02-08T10:46:27Z,A-BU-QIN,account.b0d7f460b52c4598b9b967e58d2db5f8
2026-02-08T10:46:27Z,WCG-AG,account.74bdb4221cd641739ed8a3b5b77819cf
2026-02-08T10:46:27Z,Vergil3,account.06499c98077b4f55a7f3cdb483bba96b
2026-02-08T10:46:27Z,OST_SimPleT,account.c40557babac14ca4bbeeac311636fa01
2026-02-08T10:46:27Z,FreelyApoLLo_,account.7a633d4df0d64056b02d20453a7537f3
2026-02-08T10:46:27Z,Msk_HOOSSAM,account.c8ae65b7fc8a4775bfaaca5c6800f412
2026-02-08T10:46:27Z,TZ-LTD,account.02edb55ead7d47b6b1e14ff4ae474f14
2026-02-08T10:46:27Z,biu-biu-biu-1024,account.dfedec5b52c847b981c992bb47683648
2026-02-08T10:46:27Z,yiweigege,account.f25559b065f74ee79611d10a1a496b7b
2026-02-08T10:46:27Z,na91h2,account.76544c14b467447a8c275baea2785d21
2026-02-08T10:46:27Z,ladybounce,account.ac8dad1913be4816bbdb50cb2e147ff7
2026-02-08T10:46:27Z,Y-H_tan_rui,account.34d6def047364abc9302344fd8effb6b
2026-02-08T10:46:27Z,fenghen123456,account.6666e014ff6946688ee256f0a67be5b0
2026-02-08T10:46:27Z,Mbiedeys,account.aad3f8558a7d4966bc0de16fef69622d
2026-02-08T10:46:27Z,77Meime1_-,account.40ff613f59d24e48abd60be2ad774a83
2026-02-08T10:46:27Z,Mubai23577241,account.10c571e315434cecb1246e4686656c09
2026-02-08T10:46:27Z,YueYueDiYida,account.aea9c1f194494e02a16c27b32a10abd4
2026-02-08T10:46:27Z,SM_BR888,account.bdf105eeaa1e46738c792a726c8edb65
2026-02-08T10:46:27Z,Yy_0506,account.48b956eced474d8695a5d0598a7b7922
2026-02-08T10:46:27Z,Msk_bullDak,account.86dd53a8cbe94a4a8e2f537c390e6ccc
2026-02-08T10:46:27Z,LiveBot,account.a87e190012bf46cf9321e4ffcfb73302
2026-02-08T10:46:27Z,62Meime1_-,account.8a7b7a18845d427b939aa29562b17e5a
2026-02-08T10:46:27Z,404_zhangdabiao,account.08ae7e0f67e64751ba4bf5cf9caccc2d
2026-02-08T10:46:27Z,iDsh_,account.980414a836a64b3a8546d5766749375a
2026-02-08T10:46:27Z,Aurora__Rui,account.9d1364c2eded483fa97b3367ffdc165a
2026-02-08T10:46:27Z,JUNECcc,account.b19c281a8a6442a4bf98fbe654b604e9
2026-02-08T10:46:27Z,C80-123,account.a4c3bbb5e07148c78c87f2a1f4e52e99
2026-02-08T10:46:27Z,dzpNO-oen,account.7abc988e85b749ec869769a7eae9f470
2026-02-08T10:46:27Z,Khan_1aohuu-,account.b1a169665fd54fbc98b12d58cf8b62d1
2026-02-08T10:46:27Z,Z-DW01,account.e47d639a8f9b476dbf5bfe713d38300b
2026-02-08T10:46:27Z,i1e1-_-,account.dcc7c7528aac4d99ae57e838a72368a3
2026-02-08T10:46:27Z,ALTai_Uzemqn_BSS,account.039dd6e603b343c2876a1bb7f7c3f901
2026-02-08T10:46:27Z,chaobaRenyixu,account.2ca9796090b24690a7c8a79a2b50fcb4
2026-02-08T10:46:27Z,Ko_DDak_Gi1,account.5c4fc7a10d034f1d810ea42d5377c4ad
2026-02-08T10:46:27Z,gohofom,account.4c43c17e43c2429f9aec16b8c884b056
2026-02-08T10:46:27Z,XY-DIYIS-FF,account.b388a4072dcb4464b65da7ceb4f40a0d
2026-02-08T10:46:27Z,Msk_Drill,account.9b14457cc527414aba971354c88140f4
2026-02-08T10:46:27Z,HX1NN_,account.c3c5f27bcb8347599dbb84b9608905ee
2026-02-08T10:46:27Z,Zv1g-_,account.97fc0dee2b744a18ac355934237f2231
2026-02-08T10:46:27Z,USB4907,account.c69b5be1f061411d9a7654b115530f83
2026-02-08T10:46:27Z,Winterk-_-,account.7c1e53daaee34789a0dc4eb326914c39
2026-02-08T10:46:27Z,ekalosu1,account.27c5754741bf41e5a2cf9d60264ea72b
2026-02-08T10:46:27Z,lnss2019,account.20e95490742c473590661b6c4c673348
2026-02-08T10:46:27Z,CCC--JJJ--LLL,account.6c20cde52e4b43e88e9368d62486401f
2026-02-08T10:46:27Z,fanghongyi888,account.5c4dc6f7f131402e9e0e3ff84ee409e3
2026-02-08T10:46:27Z,BG_Yang,account.1a2c91479e3c415caed8f40865476b29
2026-02-08T10:22:03Z,luodibushihezi,account.a1bd70cb186146a5a72d4c0aaba34e7f
2026-02-08T10:22:03Z,iu27-,account.1886b15e356a46b2a92f728b3169d07b
2026-02-08T10:22:03Z,yunhyeonjung,account.decb1a9c19a747ebb2af383a56a444ec
2026-02-08T10:22:03Z,7.98655E+11,account.9277381aebe04512abfe118a44c80e7e
2026-02-08T10:22:03Z,hph41,account.c13f4e8c12164776a22790541bfaaaba
2026-02-08T10:22:03Z,Eco16_Kimjongha,account.c89caef5b650443e81829395c9fd3f85
2026-02-08T10:22:03Z,CNMSGB_003,account.92e2a0d751d24148829c2f3991658be4
2026-02-08T10:22:03Z,NewBee_ShiZhenCu,account.893b9e3c89b849f7af85efce483d6287
2026-02-08T10:22:03Z,53o_L,account.b707da5681a24c68b37523e978b8ae34
2026-02-08T10:22:03Z,BOMBARAGI,account.22e3f939ad9441d2ad22798e0906063e
2026-02-08T10:22:03Z,yoyo_michelle,account.56d6b6cc5140445694200a185ba166e3
2026-02-08T10:22:03Z,LY0530-_,account.1621b8c669a3461fac5df0a874a628a4
2026-02-08T10:22:03Z,uhuihuhhihi,account.43677bd656674554b5d1c7f2b1e8d3c2
2026-02-08T10:22:03Z,Xiao_QIng_-,account.b13e914c3b60421185b7c30d541f2937
2026-02-08T10:22:03Z,c0ffe1nn,account.b70207fc657745df87f2032fb3f516d9
2026-02-08T10:22:03Z,Qiuzi_Deyifu,account.b2880b108d254f9eb318a61fdc89ca47
2026-02-08T10:22:03Z,Katyusha-Chian,account.b86353c2550649db9e2c05743006c079
2026-02-08T10:22:03Z,AK-xiapxuexixi,account.3316fbb308b24b939144a0e90ad254e9
2026-02-08T10:22:03Z,Jx_Jennie-King,account.d4d8c7f0ad1441c3a6dfbe019fbc4999
2026-02-08T10:22:03Z,10146,account.950c0adc2e494702b1fd3e60abd56320
2026-02-08T10:22:03Z,3pmayutui,account.e1c23e97776749658e31390afe55b3f2
2026-02-08T10:22:03Z,NewBee_0827,account.bb3ca24d9ff84f5380afc14fc2333adf
2026-02-08T10:22:03Z,lgg8888888,account.52fbfd4f3b4144928e8c9b3123cd4138
2026-02-08T10:22:03Z,Y-fwd,account.f75f3809f16941278104d18fac489e57
2026-02-08T10:22:03Z,YeRong_0228,account.a38813fe4f6b472faae3803eb00f691f
2026-02-08T10:22:03Z,cai-star,account.fa0f44afb96a4fda8995dbed50b6e9b7
2026-02-08T10:22:03Z,Express-FZ-,account.9d6b540e30cb4c519e6a07585689e8c1
2026-02-08T10:22:03Z,Eso8o3,account.001d615686964dedb6ce0dc369be3676
2026-02-08T10:22:03Z,MrKoi17,account.76b22a27160541779e7a95c2f9a5e323
2026-02-08T10:22:03Z,Wangli77777,account.94182f257e014b3fb152e205930db6dc
2026-02-08T10:22:03Z,Mike_Baron,account.fd97d59957ea4f0bb5debd2c8ba0ffe8
2026-02-08T10:22:03Z,LIJIAGOU,account.465fa50d052f4b1a8810a4c459fd4c90
2026-02-08T10:22:03Z,Koivvi,account.da1b12bbba9d44efb8e8fc0402a2490e
2026-02-08T10:22:03Z,YOYO2018,account.a302fe4e34e142c1b25595143b97a8b5
2026-02-08T10:22:03Z,ALIENSTT,account.eed25c3533004e9fb696d6e1754df7e4
2026-02-08T10:22:03Z,TACFAS,account.ba1149c2ed3a4c5f9dc700e83faa0e8c
2026-02-08T10:22:03Z,jajktem,account.be5fb8c28ddf46c7a9850eb980fe58e8
2026-02-08T10:22:03Z,KL__xiaogege,account.7722c7dac06d4705a47d26c10e49e089
2026-02-08T10:22:03Z,YK_xiaogege,account.ac0136adb9474aa7b8f023d773f4176d
2026-02-08T10:22:03Z,Baby-aurora-girl,account.ffeaaa065de047f480edd3fd73784cbc
2026-02-08T10:22:03Z,GANnwyLeroy,account.7658a05b8c7d473fa4a1ac8b686efaf8
2026-02-08T10:22:03Z,C_VG000,account.f700de1a2c1f4c92bc7865aae3be6b95
2026-02-08T10:22:03Z,BUG-GAGA,account.96596a6625fd44218742d2da35ab9e59
2026-02-08T10:22:03Z,CHN-YaWang,account.11253fb42e78439db183fec69bd00275
2026-02-08T10:22:03Z,Poison_123666,account.da56df20213240b392a80c38b0dda77a
2026-02-08T10:22:03Z,syj156-_,account.d7af741bdbe74c748ced30bb6d3809a5
2026-02-08T10:22:03Z,Luuve-,account.c8457d10f7df4899973f2b377c806921
2026-02-08T10:22:03Z,192119,account.e45d38a6fb1f441fa649e6bbb5da97b8
2026-02-08T10:22:03Z,BaoLiBoyy,account.efefc5c74acb48fd9ee727f3f19ee88f
2026-02-08T10:22:03Z,666-Ring,account.60c1643c4d40455e83a0fab1245d0b5a
2026-02-08T10:22:03Z,Mr-Zer0000,account.9446e168d3494144852969075dc81c68
2026-02-08T10:22:03Z,10832,account.b7ae7690ad8b4b01be1e9f07bb59f72d
2026-02-08T10:22:03Z,zhang310310,account.410be527d03e47bb95571318880cfa3d
2026-02-08T10:22:03Z,aa991105,account.2c1f8778abf04d3a86ad1db30a0577e6
2026-02-08T10:22:03Z,Qiuzi_Dedalao,account.cfb8da30fe564cef9962fb084db38b10
2026-02-08T10:12:40Z,Gel_bobo,account.eccd5813ee6d421e851b7a7bc6972dcf
2026-02-08T10:12:40Z,pocomaru__,account.ecc3b0d4f54241c4859f3da064d86bf2
2026-02-08T10:12:40Z,Tb--9Nb,account.7ce3b761d3b3427fbeb65cae555b5213
2026-02-08T10:12:40Z,BinBinBaby_,account.1ae8f082d3884849a0f35d1becd2ab0c
2026-02-08T10:12:40Z,Kay1024,account.f7a796f59e75422489e801bc40bbe837
2026-02-08T10:12:40Z,eunho0613,account.686fa2bbfd4e43c6814cc40bd775c766
2026-02-08T10:12:40Z,lu--xiqing--ziyi,account.f92c3124461042559e6b7d61a3d47c62
2026-02-08T10:12:40Z,luck9bear,account.623c8529e62e40889397950e4f0a0ee9
2026-02-08T10:12:40Z,rita_-_,account.88547816d47e4250a903ae374d6a6e89
2026-02-08T10:12:40Z,len---yue,account.18474a7881ba4315aeecabf4a50ef2e6
2026-02-08T10:12:40Z,Mr-Dan928,account.967566ae38cd4e02bcd8d59904f50278
2026-02-08T10:12:40Z,Gela_Tino,account.e0f7726fa63944db9103b1714f4c44b1
2026-02-08T10:12:40Z,11GeQiu,account.5b40d342382a487f9d616b1fe5611cd2
2026-02-08T10:12:40Z,T1baike,account.cebdca001aa4422397eb3085c473e698
2026-02-08T10:12:40Z,xiyuzongguan1208,account.3c61053ae10d4fb5b485448aed6bade3
2026-02-08T10:12:40Z,OGMYMY,account.da864c5e14b348f0ba831a1e7db8d438
2026-02-08T10:12:40Z,LuYinGHan,account.aab5c5ebf38c4e27b4aee0d58f1bbe19
2026-02-08T10:12:40Z,bilegt0515,account.bbb98d73876b4fb680eadccc69b2d1f4
2026-02-08T10:12:40Z,cnmgugoumen,account.c4233bea06084c668734e6300fb6a6d8
2026-02-08T10:12:40Z,18_NB211,account.1f70b8eb907447e0b2efaed3db94e481
2026-02-08T10:12:40Z,Onepiece_YouLong,account.9e614fc721e94841972ae76da035da4f
2026-02-08T10:12:40Z,Bittyquinny,account.d2f912cb21bf490289f6fd07f1a2202f
2026-02-08T10:12:40Z,15004,account.c9a054ad8d7e4de68b239ea560f9f79b
2026-02-08T10:12:40Z,Sushan-_-,account.fff09426aab44f689f5d1c65a764910c
2026-02-08T10:12:40Z,ASHIONG111,account.74b5dab1593341ef90aab8e7dee7af46
2026-02-08T10:12:40Z,HLL-jiedidi,account.6a29c036c1d24076bf8c2ca1cc896628
2026-02-08T10:12:40Z,mmcrmmcr,account.696cfae1350e4ab8a32b21ccf41f19b1
2026-02-08T10:12:40Z,G2ZL-,account.4c02e3e23f4141ea839c10edde7d75a9
2026-02-08T10:12:40Z,Nirvana_nu,account.23a9500af2ff49c3a8498a163b28e971
2026-02-08T10:12:40Z,DFUB,account.7b83a5c41362493e832c22d1e6a3e9b9
2026-02-08T10:12:40Z,YYYYY_2025,account.f0a06c534897412f99e2750eefd6e7c7
2026-02-08T10:12:40Z,Cy-binbin,account.f9db3d2e4e3a4c3bb40c7f3abdc1e5a1
2026-02-08T10:12:40Z,Don_BuRack_,account.35ec0742498c4ac1983147e83a758a7b
2026-02-08T10:12:40Z,DCFN_AK47S,account.3bccefbbb2ad4e8da508b8a42487bf52
2026-02-08T10:12:40Z,r4Zk-,account.e4659fd8b6744804928e945cdaa988ea
2026-02-08T10:12:40Z,BC-AMGTR,account.b45a989dc6db462aa3ec43d66b286f56
2026-02-08T10:12:40Z,xczsyyy,account.d113fef4cad041f193ea0882aedc1ff8
2026-02-08T10:12:40Z,wanglenageta,account.e82fee365f1149ceb6ba18e694a7ded4
2026-02-08T10:12:40Z,xiyujingling0806,account.de7eaf1ca2c24e63b4a5ee2ca0519af8
2026-02-08T10:12:40Z,wonjuyul314,account.937cca5b095a4f8096318c23217443ae
2026-02-08T10:12:40Z,7-AuTism,account.92b751ffd812470ab36ad3064bc64c5b
2026-02-08T10:12:40Z,huazhonghua66,account.ef0441fd933f4a639aaed47b06947b41
2026-02-08T10:12:40Z,in7cc-,account.372a7bef209a40b580a92a0ceab4e0b1
2026-02-08T10:12:40Z,iPeanuTnT,account.25b4c63f72e444aa83260ca06cf77e58
2026-02-08T10:12:40Z,KawaKarpo-VIP,account.e9351bbb33e748eea7c87ffd6db36dd1
2026-02-08T10:12:40Z,DAYINGJING_ChaXx,account.3e251d128b6b496aa43d7b97556f814c
2026-02-08T10:12:40Z,yun_4493,account.70245f1b17cf4ba0a66eb9c9081af143
2026-02-08T10:12:40Z,V-W-50-KAN-W0-JB,account.d77ca497951843349a508004e3e5c300
2026-02-08T10:12:40Z,0306-Lin,account.7e83fb070cc34863ad4bca21685949f2
2026-02-08T10:12:40Z,gzzldzai,account.c4eb3fb712e744279568075a9d684d2c
2026-02-08T10:12:40Z,TSFMars,account.1d62b2c9f29c4ad5b541d43859f2f0f9
2026-02-08T10:12:40Z,5oowan,account.017758223e954cc986cf8b802c3f5539
2026-02-08T09:51:52Z,A1KH06,account.9111db3d300344cabc354983500fe7a3
2026-02-08T09:51:52Z,V50_KanKanTul,account.244750424e2a464299aeda5c8c6e2e88
2026-02-08T09:51:52Z,OKISD,account.18592de02f9040ddbd3ebe4f746fac2f
2026-02-08T09:51:52Z,zengshuaiwei,account.ab40490c465c40c99e29a02d79b6faf8
2026-02-08T09:51:52Z,Alalei_9527,account.adcbe88d1ba94b3caad9f53c71c00db0
2026-02-08T09:51:52Z,LanYangYanghhh,account.c8ae188088244f3584ff262a32925de5
2026-02-08T09:51:52Z,Dio1aoHei_,account.99694fd3adba40e2954a49d85009f415
2026-02-08T09:51:52Z,RaNyE7,account.213422d1e00e42459e8d83962181ece1
2026-02-08T09:51:52Z,ixxtu4hl,account.03cd2b15cb894322a3c0e7380118da4c
2026-02-08T09:51:52Z,SupremeCc_,account.faf7d63386ba4e1e8c9fb300662763ce
2026-02-08T09:51:52Z,Gao88868,account.d5b0472e1fd14a9cb4743d28c9f1bd8d
2026-02-08T09:51:52Z,XBLANDONG444,account.71be1060c5e7433ca255bf7b9fa85a54
2026-02-08T09:51:52Z,Baohugege,account.098543655d7d459b81de0f2f1f25e614
2026-02-08T09:51:52Z,shifangju,account.be52c1bb05164df7895a628325b0120b
2026-02-08T09:51:52Z,Meng-ren--,account.91114c5359074677a1254a6baa84ae07
2026-02-08T09:51:52Z,18cm-XDD,account.384fc1142fff4d7b858cdff15b0e2d16
2026-02-08T09:51:52Z,chuntiandexiongx,account.11103a19add444bf9b8542583db0b273
2026-02-08T09:51:52Z,K_JongMin,account.1e7866aabaf54fb880be4aa874794584
2026-02-08T09:51:52Z,iAdann,account.78a2a7ca215548c792944436cd35ff44
2026-02-08T09:51:52Z,sunXZ-,account.4f60e7c4c2d540998404ab74bdaf1a6f
2026-02-08T09:51:52Z,Koi_xTian,account.db9d081d3a6b49fa9eb429b55f98556c
2026-02-08T09:51:52Z,DEVIL-che,account.ba6eb500e10f414d9046629cf4d94af0
2026-02-08T09:51:52Z,TranscendEDC,account.5f80dfcea9cc40e6806bba5aeffdc58f
2026-02-08T09:51:52Z,GaoYu_BB,account.ba4a1ee51c6f4acfaed79a78423fffd8
2026-02-08T09:51:52Z,shisan13-13-13,account.5e36201fdf1b4e708fd10059ce1114e9
2026-02-08T09:51:52Z,wusuxx3290,account.4e50283928d14f98bf0556fc131de443
2026-02-08T09:51:52Z,quanbshiwoer,account.c889b6d3308c484db2e7272c8c80605f
2026-02-08T09:51:52Z,nice--raoge,account.6cc6e604372a42548502ad1b1d3fc134
2026-02-08T09:51:52Z,JuneZmxc,account.af35d918c8b947ddb3e4a214f1cd91f6
2026-02-08T09:51:52Z,wms-wei,account.008e242fa15d49e08da8d1ae37d84fa2
2026-02-08T09:51:52Z,DGC_SF_66,account.52267df62a3f42789365a4ddcf2b7730
2026-02-08T09:51:52Z,KuNo_-,account.6c106ae6207a4ac2b77c34fd94327dc6
2026-02-08T09:51:52Z,dxzx666,account.cdf01a6b1c3c4ec8b00efeaf6872c42f
2026-02-08T09:51:52Z,QiangzGg,account.d91df27b332c41a59ab8ffa9421c271a
2026-02-08T09:51:52Z,ZZms1985-,account.e75b00c3e27b442cbf198cd599736bdd
2026-02-08T09:51:52Z,Saijinhua014,account.28f01be4336342d98b8108cfc9f0385f
2026-02-08T09:51:52Z,Hi-Lei-GG,account.b1a1c1af57ce4d4bab140d9fad63b551
2026-02-08T09:51:52Z,drama_xk,account.8f6cd4db40b048b78ce2a109940e5bfd
2026-02-08T09:51:52Z,wjdgus_0327,account.31a5ca9d9ad245999f24197b164c5f44
2026-02-08T09:51:52Z,Eternally-bleach,account.2681af9611874ed18aefcbb85da95f72
2026-02-08T09:51:52Z,hume-anan,account.5ada446e84dd491296feba761e75c823
2026-02-08T09:51:52Z,Zz_1027,account.8df4c1c0931048b9809d800845d51b8c
2026-02-08T09:51:52Z,Voorouders,account.c1fcbe0a9d0944cba25b822f8439e174
2026-02-08T09:51:52Z,l3wtywu8,account.2dc52a164b4b46d58c63e02d28d7820c
2026-02-08T09:51:52Z,ME-king-BR762,account.2eb41379a1c94b0b8475260b0e31bd2e
2026-02-08T09:51:52Z,SW_Sweep-,account.34cd64652e9b4fc592cebf1f696ecd99
2026-02-08T09:51:52Z,UR-Arafat,account.0d4db5c1b5d240348529dd047c268dd4
2026-02-08T09:51:52Z,dududu-1997,account.0a10c8a512cd47139289c26a5a7861ba
2026-02-08T09:51:52Z,SunWM-,account.0f65a113e60949d381bcf7aebd4271bd
2026-02-08T09:51:52Z,xoTian_,account.51c93df1b7184d05b2b127fd34b6cddf
2026-02-08T09:51:52Z,dxna666,account.f0c794bde58f44769bca48c8191b637a
2026-02-08T09:51:52Z,baiyueguang1257,account.4af8064340a34df08759dbd2af4b53fd
2026-02-08T09:51:52Z,DouYU_longxiage,account.8f7d5a13d5a446c2bfe2efee7329a64f
2026-02-08T09:51:52Z,Mantis_9,account.b6a5afbef34849d2b2153df971ab372e
2026-02-08T09:51:52Z,H-Dong,account.333220d8d1334963b7f9b3ccb2ae74f2
2026-02-08T09:51:52Z,THWGX1994,account.7f3288c59be341299123b4d5c06ea8b7
2026-02-08T09:27:38Z,imseobini,account.3f1a3bad355e4c27bae6a18e120e2001
2026-02-08T09:27:38Z,Coke-Alin,account.3edd1dac4daa47dd92d77a07901b7a70
2026-02-08T09:27:38Z,0919-A95,account.a2b127bd3c5a4582a755e732b405c6c1
2026-02-08T09:27:38Z,JAMONG76B,account.bd0d065bb68d4cd88fcd5ab40875a286
2026-02-08T09:27:38Z,taegyu123,account.4c07892f6f2c489b92168c93ee3bb20a
2026-02-08T09:27:38Z,5koi,account.364acd9e9fa94f3880c529e938c5cb4d
2026-02-08T09:27:38Z,Kuixing-Long,account.bd88982bf69c4d3e9b0b27c64716ccb3
2026-02-08T09:27:38Z,KMU_Samsara,account.db26826105484d1180f833e2d66df882
2026-02-08T09:27:38Z,Zhu_Dashi,account.81c8322ca656478f9f3798cd3409ab2f
2026-02-08T09:27:38Z,4AM_Forever1321,account.23d8503b0d774784bb64e530a513380c
2026-02-08T09:27:38Z,Aomr-Smile2399,account.98d8c48281ce4110afe5fb3209cf6463
2026-02-08T09:27:38Z,xiaoqinglong9277,account.fe14c468d004410ea1ab6af3a37b21d9
2026-02-08T09:27:38Z,didierxw,account.fa0a6e67d616471aac25f8e900bb451c
2026-02-08T09:27:38Z,Chayounghyeon,account.8b0df927c5cd4b8184d97e49263baf02
2026-02-08T09:27:38Z,gganbu_junhyeok,account.341e6a047a644cf994580aad93475381
2026-02-08T09:27:38Z,98K-Liu-Nian,account.76270cf1fc894d96b24a439e335d4d1f
2026-02-08T09:27:38Z,gimzzizzi,account.8a743ce29f6142b799d460cf0ab25540
2026-02-08T09:27:38Z,NagaBongsina,account.1b04c2ea79784131966934531362d6a3
2026-02-08T09:27:38Z,dlehdms_2,account.6e939f84444c466e90dc4decb40c19c8
2026-02-08T09:27:38Z,mnjjc,account.e1e8f5739add4219b67bb6b39ab4d0ab
2026-02-08T09:27:38Z,1OS-dad,account.abd45cdeda0b40e0a369a8ae1bb17840
2026-02-08T09:27:38Z,PDD_qianyiyouxi,account.b0ea2a3f6c3a4c178cc9ffee592e9092
2026-02-08T09:27:38Z,GHC223,account.3d254d445de14b46a2cd841fdcfd8c62
2026-02-08T09:27:38Z,lihouyin2535,account.5e9c9087bab34f38954d8f84fbdd35f4
2026-02-08T09:27:38Z,Y-yzh_0203,account.cdae5edb69a64bc9ac91b58918ab284c
2026-02-08T09:27:38Z,ziyu5876,account.725105d8602348bb9f7a8dfb732bcfee
2026-02-08T09:27:38Z,Barefootz,account.edd8fe3e41674e61a92dbe7485633991
2026-02-08T09:27:38Z,NaX1a_2xcR-_,account.e114383a34cc4e50b15f003baf578a4e
2026-02-08T09:27:38Z,iF009-_,account.41640daeb297495c83a0764f09d90335
2026-02-08T09:27:38Z,violence7890,account.24577b62cf344c5fbc5dcb19781f4a76
2026-02-08T09:27:38Z,KR_MiChinNum,account.38ccf2289dd7427c868dcfc34f26c83f
2026-02-08T09:27:38Z,Zhong_Dashi,account.b2e1fa309f7d4cf782357d059ce2ce59
2026-02-08T09:27:38Z,ELV_H,account.cd962dfd2fdc477e94d743e81d5df497
2026-02-08T09:27:38Z,maomao-0313,account.17659e9085054882bad2ea3ca5384a7f
2026-02-08T09:27:38Z,gganbu_byungmin,account.6c1d94d0324d4dd29f9250e7a7780c60
2026-02-08T09:27:38Z,DMC_Moon,account.342f75c6153d4f31a2c6581a21c69934
2026-02-08T09:27:38Z,KIMBUJANG_KOR,account.41e5824b815e40699adb0c1de7481e79
2026-02-08T09:27:38Z,xiaoxiji_--,account.b171816fed4e4517a708421acfef4921
2026-02-08T09:27:38Z,Yolo-Lua_-,account.3df372725ee74ba9b159b13c693c0821
2026-02-08T09:27:38Z,0927-__-0,account.458a6b94b4a748d99558cd3fe9df0d47
2026-02-08T09:27:38Z,ZXC678,account.01b04d90fc25483fbd24de2aaba40094
2026-02-08T09:27:38Z,chamdollll,account.c2facd4771f04ee08f7ddbf68fbdb670
2026-02-08T09:27:38Z,Code_M_762,account.9886e9e984e744f2b25273c069366eee
2026-02-08T09:27:38Z,Sanguine-wj,account.1ffbd3fd069346fcbf19f1094fb24b45
2026-02-08T09:27:38Z,Hyun-_-Ken,account.476e875ec849458daad207f501d67b33
2026-02-08T09:27:38Z,pangjiaan,account.2a56bd4caca64697876b352f094a99c6
2026-02-08T09:27:38Z,D1d1-_,account.b03d5702a5a146c2af3e5c720f5f18b7
2026-02-08T09:27:38Z,Room_No_O,account.304661edc1534dceb7a0fb74bc5e7db1
2026-02-08T09:27:38Z,Sweetlio,account.5e1e76ec2ade4801b25ad5c7df5f4770
2026-02-08T09:27:38Z,GL-Baozi,account.ac237849fe984a3eab24e5b439eb4f32
2026-02-08T09:27:38Z,aa199275,account.6865b60d323b423e9c392a34453ab1ca
2026-02-08T09:27:38Z,NewLifeYang,account.1fdaf5075101496fa91a728276897baf
2026-02-08T09:27:38Z,SummerPDL,account.53cae556c61447b8b0665c5e193fe95b
2026-02-08T09:27:38Z,NMD317,account.ae2d34e41b0f4f07913c20d9b1cd0c89
2026-02-08T09:27:38Z,87_BeLief,account.c58bb61ee0804a7283399d6ecd7785dd
2026-02-08T09:27:38Z,02Crazy-,account.dc57ac9c6c5244b1b6f8bad20d631a5e
2026-02-08T08:49:30Z,iLon_-,account.5713d7c78d9442b3bf87b4a425a8af9e
2026-02-08T08:49:30Z,WOaiHeNMS,account.92bb10ac0770463b918a9446bc2b4314
2026-02-08T08:49:30Z,OK1e_-,account.e85d6519ea974e489574e04f15cc3968
2026-02-08T08:49:30Z,Bai_huasheng,account.3d0d56a60a394d6abbb393711013b05e
2026-02-08T08:49:30Z,Eeeeey-,account.124909d6bd9e49ca8da8f6cd4a3c069c
2026-02-08T08:49:30Z,asdmnb_,account.fc17f4a6eafa42b5aee6eed384200219
2026-02-08T08:49:30Z,smokinghotvirgln,account.3282ec25fdf645babeda54693230707f
2026-02-08T08:49:30Z,YC98KSHEN,account.3c9c4ab0970743c9975976d328eabef4
2026-02-08T08:49:30Z,Bu1etears,account.19ba01fe33ce4aee8c6e6f4e9b2a87b7
2026-02-08T08:49:30Z,zzzs74,account.4d70be3426d24ff8a113c2545b772396
2026-02-08T08:49:30Z,zj-68682643-,account.928bd46919bb40ff8656daad49a99ef6
2026-02-08T08:49:30Z,HuYaTV-189316,account.aa0f0b96e0944f67bc9e9d8dc1fd4451
2026-02-08T08:49:30Z,wendingjiyin,account.ffa4970543a147068dbcf6b1a7213b1b
2026-02-08T08:49:30Z,Dubya-w,account.f9644ebb76734da28789aeaf76cf9107
2026-02-08T08:49:30Z,Lzsdpb,account.6c8cf9bb07ef460b8f8a751e310848f6
2026-02-08T08:49:30Z,Anna-xh,account.11a6644e11e04b079e9f7db69639ee18
2026-02-08T08:49:30Z,Baicha_l,account.20eb5b126e18496db36a64fb88e48055
2026-02-08T08:49:30Z,Faceof-Dark,account.3166b8dee2b8458c98fe7e4eaf924416
2026-02-08T08:49:30Z,Bailiqun-,account.3c56bbd190da4a7b8e6d0bf959ca1567
2026-02-08T08:49:30Z,LeePing_2,account.eddb0e0abc604127b62dac8f179cbc62
2026-02-08T08:49:30Z,guolicheng401,account.31d7a79ef7464570831c9946c185107b
2026-02-08T08:49:30Z,GoodTaoo,account.76f090ce19154796878b964065a01f92
2026-02-08T08:49:30Z,HUA01_,account.24a5422a3b9e41058f5c835b36866396
2026-02-08T08:49:30Z,ZhangErWa520,account.7c3d2561f37f41c5820fb21fbbfb3a2b
2026-02-08T08:49:30Z,UNDerMyCar_-,account.86799a2ef9d149da919967ca60854ec4
2026-02-08T08:49:30Z,1nvz,account.8985a564152b4ece813db8db06a5e78c
2026-02-08T08:49:30Z,dongquanxuan,account.826f3639cd9a47bf89f976fe0b0f0c15
2026-02-08T08:49:30Z,Sin-ride,account.3cfc26f675734213ad155b305d32b4bd
2026-02-08T08:49:30Z,UA-----928,account.cb3daa33ef0a4ce194e9d7c3e407a0fe
2026-02-08T08:49:30Z,shrbqlsdkQk131,account.5f5bd313ab3f4976a0fb3f5e9538d1b3
2026-02-08T08:49:30Z,chunbian2tap,account.c04ef55b09cf422daf92a83771188c7b
2026-02-08T08:49:30Z,Bloody_SesaMe,account.6051a5cb00354f1ea7cff0462998eb07
2026-02-08T08:49:30Z,AAA-Bruce-AAA,account.a9b876a610004bd280777500ae8cddf9
2026-02-08T08:49:30Z,www-xiaoqiangcom,account.2b04f4a63e574063914be959b49d09ba
2026-02-08T08:49:30Z,CNDJSKJADN,account.db5e95bf3621402ba11935c347eca10a
2026-02-08T08:49:30Z,MY-HeimoBaiyu,account.f4e19430849445978f37ab324bd493cf
2026-02-08T08:49:30Z,KuiK-,account.d283410e7a8140de9e789c5eac8c32da
2026-02-08T08:49:30Z,Nmlgb_5418-,account.cc59dc559e8641218bf12369995be032
2026-02-08T08:49:30Z,adlhhh,account.a18374d39fd0424bb211c85a676127c6
2026-02-08T08:49:30Z,AAA-Mrniu,account.b2863394c5784ad4a1bdacacac374739
2026-02-08T08:49:30Z,NISHIMENGYAN,account.143117cb831748a1993289297c764c5d
2026-02-08T08:49:30Z,yatengg101,account.db835a9e8e2a4719971c6d690e80e556
2026-02-08T08:49:30Z,onepear-,account.1e50ee16cb29436cb9e74b1943d675c0
2026-02-08T08:49:30Z,Ad-Cyh,account.da1977d7ae8741aebdde254541d4712f
2026-02-08T08:49:30Z,XXiaoTIAOWAA,account.f2e1b14b0bc642e78ddb93814e375c97
2026-02-08T08:49:30Z,lhyzy1,account.458a5a8df2fd43848f1f7014f8a8766c
2026-02-08T08:49:30Z,Ares____Fan,account.a60a1ce9ea1449ff8c862998fcf4885f
2026-02-08T08:49:30Z,chxksh0000,account.6fb3003cae54471f8e737b5e7575cdd6
2026-02-08T08:49:30Z,Release_1996,account.2e89505967ee4093a66b78cfca0a984a
2026-02-08T08:49:30Z,one1Jungle,account.2a6ec21887bd4e24b2809dd10c23c7b3
2026-02-08T08:49:30Z,752i-,account.e0c297f955b54cf4b6904f931b3db874
2026-02-08T08:49:30Z,King-XieE,account.9889d6fb2bf7487a8ce4af62408b1697
2026-02-08T08:49:30Z,z-bikou,account.21beb1ef88ff4a4594b7d5101c7562ea
2026-02-08T08:49:30Z,yuandaying1,account.b1173a3ebee143a5b350fd83b8424d13
2026-02-08T08:49:30Z,Pron3,account.5d4ef75be5a94198b99403032e90075a
2026-02-08T08:49:30Z,br0904,account.09e5b81a8c7e42b7a766c3ae50d1904a
2026-02-08T08:49:30Z,Derorice-Wzy,account.81a0c87c1dcb481585b9b9e5f1583e0f
2026-02-08T08:49:30Z,B210-lmz,account.f0c55eb8950e40c98e0554187e701255
2026-02-08T08:49:30Z,FairyTales-CR7,account.720a0b974efd4c26a8dc030d116e5457
2026-02-08T08:49:30Z,lailier,account.d192b9b940704826b2afd98001f3e420
2026-02-08T08:49:30Z,hannmann,account.a3f882f0717643a39416f3d5cb1f8ca5
2026-02-08T08:18:29Z,Ares-PIKA,account.468faad174b145f695e9e027ba9cce6d
2026-02-08T08:18:29Z,NJTK97,account.02ece22d2ae14da5943eb42ed5ca5bac
2026-02-08T08:18:29Z,Dark_Veson,account.016121ffb61f4879a30df41ffdd11537
2026-02-08T08:18:29Z,1ddddssss,account.fcb9308f186049eb81c47fa742258c38
2026-02-08T08:18:29Z,Goder_HST,account.9b8fd5cdf9c8463f903e3a1816a5968a
2026-02-08T08:18:29Z,poison__D,account.296474c93d19413185628e7a0176de5d
2026-02-08T08:18:29Z,xXxXxXxX-2Goou,account.6eec7703f5ec4970a095525cbc31dd5a
2026-02-08T08:18:29Z,Flagwing110,account.09d63d51888044c8b679966eb0804041
2026-02-08T08:18:29Z,Mn-Jia_Hua,account.fb61732b5de442ceaf8725b51e53d194
2026-02-08T08:18:29Z,Jiachuanping,account.ce7542dc8da04db38ecf98525ae9db7a
2026-02-08T08:18:29Z,PiaoYE-J,account.6bf5bfcb150a42578226da47134291ed
2026-02-08T08:18:29Z,mmmmmmmmmmmmss,account.13cdb1e55e884e47963908372c02df1c
2026-02-08T08:18:29Z,MKJH200114,account.66a3539eb42f4d23b19eb46e681c0c24
2026-02-08T08:18:29Z,Ankh2436686,account.76bf76688c254bd7b93b7638519faf54
2026-02-08T08:18:29Z,FatDragon_X,account.00b7aa65817c4c0ca6771ed68e95a0fe
2026-02-08T08:18:29Z,Msi-dada,account.73a770c53b9a43f1ab7286915d560a73
2026-02-08T08:18:29Z,jaqyy1314520,account.9b70d3b4d4804fa7859d5afe05e9c7fb
2026-02-08T08:18:29Z,FDG8-_,account.e37dcd77b76d4a40ac6a3d6e622d1a73
2026-02-08T08:18:29Z,liuxing_2881,account.39c13e52e0cd4a70b80c6bad14639568
2026-02-08T08:18:29Z,GZ-zWYJ,account.bc18ef3055fc4b3eb13ccdcba23f7ae9
2026-02-08T08:18:29Z,remebo,account.671a064371bc47cd845af323cf8d8b00
2026-02-08T08:18:29Z,BSU-Junjie,account.2e682674d9bc4305a11b652498cc06a2
2026-02-08T08:18:29Z,4AM-AK47-COM,account.9638b64ec0714eb697f43b03d60c7828
2026-02-08T08:18:29Z,jinlingshuangtu,account.9db37336ae294155bec19160fb31be76
2026-02-08T08:18:29Z,Wous_11,account.ca54bc41aa9041309ee2bd8e6cee026c
2026-02-08T08:18:29Z,War_AXiang,account.75d96542863e4767ab222c5139173a4d
2026-02-08T08:18:29Z,HzyQ_Q,account.c483f144f7994ad8aa665a8db7ea60b7
2026-02-08T08:18:29Z,ineed_abear,account.b6df6c547e6144a0aa862fe7a6180c92
2026-02-08T08:18:29Z,PrincessGarden,account.da33ab38686842829be9baea34eadd28
2026-02-08T08:18:29Z,snibok,account.2f0190fa54744f21a841e6fad6a3a333
2026-02-08T08:18:29Z,ToA1ex,account.273707b8332b49d7b94a5c2c6eeceac8
2026-02-08T08:18:29Z,0121_-H,account.8201f0553c934d7a91852f5d204507bf
2026-02-08T08:18:29Z,biaozimy-,account.3cbd257bb54049f987ed59b31738ec21
2026-02-08T08:18:29Z,soulAzoom,account.5cd9c12ecd7e42e5a00c8eae9631ae1e
2026-02-08T08:18:29Z,warwarwara,account.c7bded787c994dc0a01a3b7fc0d897d0
2026-02-08T08:18:29Z,06wzEoc,account.008c3711c95645589906987c67b73a24
2026-02-08T08:18:29Z,ZPTatoo,account.6501d1da3133440f98adca8283f4a66e
2026-02-08T08:18:29Z,Mrs_ren,account.29c014e88b6247868c8042897ad3f9d5
2026-02-08T08:18:29Z,Xg_9527_,account.49fe602586604d3ab65bf438242b70d2
2026-02-08T08:18:29Z,Misswang2881,account.12d44e51dcc74243ad2a7aae26e3c58c
2026-02-08T08:18:29Z,lilichch,account.6bdd2451c90644beb87b3b8b328b8b35
2026-02-08T08:18:29Z,BenBennyson,account.f7f57c56911e437ba62a04b70667464e
2026-02-08T08:18:29Z,NanHarDeN,account.ae3ad594f76c47f69dbd860ea296bde1
2026-02-08T08:18:29Z,Calvin_wx,account.0fcaed103d0f496da2bb0f03f17299dd
2026-02-08T08:18:29Z,W0_ok96,account.4b1dcceb76cf4bd5a72004f84c47c0b3
2026-02-08T08:18:29Z,Mr_Abyss-I1,account.b9fad336c854489681dd29ec095d258d
2026-02-08T08:18:29Z,AAA767539732,account.e09060423bf94e6eb9d0f1570efa6935
2026-02-08T08:18:29Z,AsdJshi,account.59c60746a2a24c8dbc7574a02760a8e0
2026-02-08T08:18:29Z,GeGe_ma,account.b3d20e6116c14dfea0bbe0174e69ed4e
2026-02-08T08:18:29Z,YCP1666,account.f80a85a489c04eaeb4e8e24a78c41724
2026-02-08T08:18:29Z,Dd-Lu,account.596cc0c0f2bf421e83807d2fb1d738f2
2026-02-08T08:18:29Z,LOAVGE_A,account.47783c8899ff4c0b81f7960cdceeea18
2026-02-08T08:18:29Z,GL_DragonDaddy,account.b7e669743ada468ea4b0004a5aa224cb
2026-02-08T08:18:29Z,Hs-kaqi,account.e27123e5ce81429fae50addec0d6cc50
2026-02-08T08:18:29Z,steamdarimyim,account.c74c05dbd8b6437fa6eaf276260fd4a3
2026-02-08T08:18:29Z,BSU--Fengzi,account.a4f3e9e335604539b4eab5792df732db
2026-02-08T08:18:29Z,lawuGG,account.6a9acfdc16d3440db2d949289b1b9d74
2026-02-08T08:18:29Z,xuefengkkb,account.e8370ae1b39c4d63951c770d814b488b
2026-02-08T08:18:29Z,YikCuu,account.8565a02222984c8ea4c8e0e81ceea1f6
2026-02-09T21:14:40Z,Family-Mk,account.17a7347b62164ad8939eda6cb909244e
2026-02-09T21:14:40Z,i7z1y,account.6ded206a9f6d409e8d8e332e4301f965
2026-02-09T21:14:40Z,1997-Cowhorse,account.c1813f886ad843c99ef0ae915f50ef4e
2026-02-09T21:14:40Z,SONIC_chino,account.f3db3884fa0d4d459a1d335e5056cd5f
2026-02-09T21:14:40Z,Bb6_1,account.746e994b5abb475cbd3a3ad638cb90ae
2026-02-09T21:14:40Z,All-Star_CGX,account.aeb1e61b029549e4badd8dd0b5714bd3
2026-02-09T21:14:40Z,Misaya-Lxxx,account.9567d29539ee4e5bacc04f68a9a48ae3
2026-02-09T21:14:40Z,ChaoChao0_0,account.a0c794516f1048f898993e22abc862d1
2026-02-09T21:14:40Z,23-71108801,account.db01eabb9db74c45ae6130e631ffa7bd
2026-02-09T21:14:40Z,ProZz827,account.7156bcbd01ae423fa56872649c87c5f5
2026-02-09T21:14:40Z,2trajectory,account.458e8900ada7487293bcd9dca200e69b
2026-02-09T21:14:40Z,YiS_SanSan3,account.87a458e8f2a14d3192305cf09a8fffbf
2026-02-09T21:14:40Z,404_NOT---FOUND,account.79d0f82c910e44418c6d4af95c273be1
2026-02-09T21:14:40Z,ikun________X,account.b679e941c92c472b8af5c9315d53ef51
2026-02-09T21:14:40Z,Mafia-XiaYi,account.b19b64d40b6b4195a7c6b18dae5c13da
2026-02-09T21:14:40Z,End_Indulge,account.f43234723c8144b9b04797bc3244dd3d
2026-02-09T21:14:40Z,Beautiful_Ning,account.cda5b30efe594a0b9c8cfca2cf17b6a7
2026-02-09T21:14:40Z,DJ-CLUb-gaonima,account.9958aa22bd9147e4b419efb17aa4cefd
2026-02-09T21:14:40Z,rgoi8cg,account.2a4a50fc08894ff1ae9ba3456992a972
2026-02-09T21:14:40Z,LTYtadie913,account.3872c6aae3364b1895418851f2eaf987
2026-02-09T21:14:40Z,Guts_818,account.3e371299e89c40489024c7bff986aba4
2026-02-09T21:14:40Z,one-Hundrde,account.f1bc2277880b4904911f76137b9c830d
2026-02-09T21:14:40Z,QaawwQ,account.a8f1647f730845f1af00f7453667e221
2026-02-09T21:14:40Z,yesssssss6,account.738179f3223e49a3b0d5e060dcd34f08
2026-02-09T21:14:40Z,B1eZa1y1_-,account.39b56ffb3401402c8bad411372e32de4
2026-02-09T21:14:40Z,Hz-Apeps1,account.b2b28ca6e0184219963f1ce52915bd9b
2026-02-09T21:14:40Z,madouTV---001,account.a039efa298734b92bfd4bbd7637a840b
2026-02-09T21:14:40Z,Kwyy-_,account.766cad96637e4f0d81a545cafabb9109
2026-02-09T21:14:40Z,lbmmmm1,account.1c90c6ad98c84d9e8d1a8f97a7a2da44
2026-02-09T21:14:40Z,DongGe_1997,account.3ef5788a776345268e7b0fc46a33640c
2026-02-09T21:14:40Z,JiuAiLang_-,account.7948ec5c44b3401e97108d22a927a8a7
2026-02-09T21:14:40Z,Yolo_47k,account.6dab16a829e2491d807cce67083e5c19
2026-02-09T21:14:40Z,72wzt1,account.431d63cbf27b485a8336f118d5b62757
2026-02-09T21:14:40Z,SXXXK1NG_-,account.9746c180239d4d349eb2822abdaa608e
2026-02-09T21:14:40Z,panda159357,account.8c1e3aab4c80450f8e3ff30b3f18632a
2026-02-09T21:14:40Z,Luo-xiaoshui,account.f1cb45bb0d1645de8ca49d120c399a60
2026-02-09T21:14:40Z,X1aoL1_7,account.0c5d21aa5c984dfda9bb5b14b3e5a8c9
2026-02-09T21:14:40Z,JKmm_o,account.3b4e15af1b29424aa84043ac78871517
2026-02-09T21:14:40Z,YD_LonelyPatient,account.80cda4dc637e4f48a975dd8673fbc076
2026-02-09T21:14:40Z,Phoenix-N1ng,account.7e71121622884d53a16dc133554fa2ac
2026-02-09T21:14:40Z,TaveMyHu_Yyang,account.115936e814b649a098dacc1c52f3eaff
2026-02-09T21:14:40Z,Apricity-_-May,account.03b16ba17b5b459b9b6463eb0a93ff26
2026-02-09T21:14:40Z,LTK-77,account.852ac15493bb4d5590255b51e65f2761
2026-02-09T21:14:40Z,beihan798,account.3f6c6001d7eb46d582598b53e92798b1
2026-02-09T21:14:40Z,LSPG5566,account.35d045faf5114dafbcee96801afb89ac
2026-02-09T21:14:40Z,QZC9857,account.4585135d9d824754874f4af32edc7d5c
2026-02-09T21:14:40Z,Cowyaa-_,account.faf444de93704ef29a336b9f2587940f
2026-02-09T21:14:40Z,Bantaku,account.9e5b3f68f5b94037b001ee6581ba9a55
2026-02-09T21:14:40Z,17--qinchangjie,account.467541ab9a0c45d5a7ae9ee201c671f2
2026-02-09T21:14:40Z,ro-00001,account.179ee36fbafd4f4f8a0c78f7ebbd32cd
2026-02-09T21:14:40Z,yoouumi,account.247170184bbd4b4ab8cf358808b1b6e6
2026-02-09T20:56:27Z,lfczhppr5u,account.ef47c03e4c184f0f9f290efbe6974cbe
2026-02-09T20:56:27Z,7o_ck,account.7177146f96944af89582b80446f98abb
2026-02-09T20:56:27Z,Ya1a_D,account.de42c9e2120b4a0493bad8cddf658798
2026-02-09T20:56:27Z,YY-_-8JIe,account.21cd372ad9e54695af48867c580d276a
2026-02-09T20:56:27Z,ZHuangnimabi-_-,account.0797a1bdabfe486dba0501f6ff914d71
2026-02-09T20:56:27Z,Rage_Xiaohehe,account.5eb06c0efce1427485c58da7bf025596
2026-02-09T20:56:27Z,SF-6324,account.d65d78ec9a9d4be4a9db5a6703473162
2026-02-09T20:56:27Z,dafu20,account.ecdb7aab6b8f462e8b934d6ebaa62a0a
2026-02-09T20:56:27Z,hellomaotou-,account.4ea42c7898984547ad37d57220d80697
2026-02-09T20:56:27Z,oj8k-wsnd,account.07986104e9024f59898bc3bd1d32d239
2026-02-09T20:56:27Z,jibajiba88,account.f5a62272c8e7488188a105c848d03078
2026-02-09T20:56:27Z,LDZW-007,account.bf69393f485541efaade08bca4334419
2026-02-09T20:56:27Z,1mTc,account.9505159878a949cda6cdcf4c811dc66b
2026-02-09T20:56:27Z,ID_9889,account.1ef1945d9de840098df313530245aa78
2026-02-09T20:56:27Z,5hzy,account.1b632878dc9947a69df35ec392a2bf44
2026-02-09T20:56:27Z,Old-__nine,account.fce971cad2f1431194f96587098fed7b
2026-02-09T20:56:27Z,Jubaobabyovo_,account.0e56988e4a0b4e849575d9fc4fac0ac0
2026-02-09T20:56:27Z,4am-Ydd3510,account.b2d8ab7e4266495c9f4e9ce0c5d1a436
2026-02-09T20:56:27Z,Lawer-Father,account.bed613c709354813ad1b7ee2f96ad0ff
2026-02-09T20:56:27Z,Marauder-9527,account.894f6d916a8140908aa72cd2e2aefdcd
2026-02-09T20:56:27Z,LaFerrari_--,account.36db15d6d1fc4fa29aa2c1d54ba94e97
2026-02-09T20:56:27Z,bingzi52,account.8e337c9c1d1e4ff5a753d42653024f41
2026-02-09T20:56:27Z,Anolic_Tiger,account.a961e7e686804dabb0e4e53c6a22d47b
2026-02-09T20:56:27Z,Congbaby_-,account.fcdc098c68e842c088d80748105616a2
2026-02-09T20:56:27Z,RMB-yyds,account.3efa5ec24a2846d7a4cc820e654ce17c
2026-02-09T20:56:27Z,chickenfuckyou,account.af4a282a58bc44f79eff523efaca59aa
2026-02-09T20:56:27Z,NOOB_0912,account.414ada7e93f84ad8bebb801a81545fad
2026-02-09T20:56:27Z,JocelynOSam,account.88b3c6fe42c145fc98b443e67d616b3f
2026-02-09T20:56:27Z,6i62_-,account.c1aa9a5bd07b4695bef0bbd1a82caae3
2026-02-09T20:56:27Z,STRANget-wj,account.f17dea996db3489c8f2c53a2916785be
2026-02-09T20:56:27Z,1z7v,account.d3667224a09b472884fc0d31725cd05c
2026-02-09T20:56:27Z,626c_-,account.785c736a624244e0ac2700c4ff038ab8
2026-02-09T20:56:27Z,CxSss_-,account.44f92584f6c6496d9475f78ed8ec993e
2026-02-09T20:56:27Z,Yuyan9c,account.7cb7e27e7d0542e897be43059cb6b969
2026-02-09T20:56:27Z,93io,account.bb2f3ba8f8444f81a0bcbe76e1a16188
2026-02-09T20:56:27Z,Jinshengbing,account.c639e81715ba434dafa4cfda45321ae6
2026-02-09T20:56:27Z,U70_is_SB,account.df551734bc31435ca4b64444edaa393e
2026-02-09T20:56:27Z,6i61_-,account.5d7d582759d5452d9181443d44f7485a
2026-02-09T20:56:27Z,JiuMeng-LH,account.20c4615817804b1580890baace8f7830
2026-02-09T20:47:54Z,Blue-_-pink,account.357af355349840d089cfeef7a6219cb7
2026-02-09T20:47:54Z,27You,account.fb8898a592524bf688a9a66ff8d8499d
2026-02-09T20:47:54Z,5am961769,account.43aaa999a6e8439ba140a23f488a15d2
2026-02-09T20:47:54Z,laowujoker,account.5abad0d3d5a1496b913de5d19cc19ef5
2026-02-09T20:47:54Z,18CM_Fz,account.58f41e83a2a443d792694216e0f0bcd2
2026-02-09T20:47:54Z,owo-Beloved,account.cde217e13cef45ef8348d95ef724d5e0
2026-02-09T20:47:54Z,muqing850,account.1fe6293010dd4a7892576930318f3d1e
2026-02-09T20:47:54Z,XST_Niuniu_-,account.8c9d0b293ce94f89bdf36f93e3d0ea01
2026-02-09T20:47:54Z,xxyp9xx,account.327df412c2a14ea7b4676bf98519110b
2026-02-09T20:47:54Z,dada-darren,account.2be3388de23a4e659c848148d404f916
2026-02-09T20:47:54Z,xbo200611211,account.26ae6e2033fe43059f0a3e079f3d3298
2026-02-09T20:47:54Z,NH-HUANGYINGBO,account.9556cb9c41dc413caa5898cff357bc8b
2026-02-09T20:47:54Z,xiaoqiangzi888,account.27032ecc96064a1db3ef873c3d037b0c
2026-02-09T20:47:54Z,ShiYi_0428,account.066efa8f4ee84362ae6ce2e231e2df67
2026-02-09T20:47:54Z,ii-xxx-,account.02b0efeef6cf4023b17dd943338303ae
2026-02-09T20:47:54Z,Yue_-Liang,account.b5fd607b45144919add5a57faf3411e7
2026-02-09T20:47:54Z,gandie-9527,account.7b8146f3570544e684440a02e6f77b08
2026-02-09T20:47:54Z,AoshiKa-WzY,account.5f86fb8f687944d78654a8b5e7e46cf6
2026-02-09T20:47:54Z,likewatermelonl,account.a78468e6ed5f43509d86bfb3a01cf5cc
2026-02-09T20:47:54Z,GorGeousL77_,account.45d428d2bd25459e8675bb63e0e43082
2026-02-09T20:47:54Z,DouYu405773,account.471bbdfa3dc843c38bb04ff76a9e9149
2026-02-09T20:47:54Z,qingbuyaodawo-_,account.912a2ea675a342cfbf29259c08dec3ed
2026-02-09T20:47:54Z,ERFGDS2342,account.b3703cd3980646be8446741b59cff5da
2026-02-09T20:47:54Z,7oii-Q,account.c92d56e69a6242c2bc8a0032f06efdec
2026-02-09T20:47:54Z,woshineidie233,account.d672357b49ce4ce2ae046252f8381f66
2026-02-09T20:47:54Z,II-AKM_,account.40030936865a48388ffb6ff1103edbd9
2026-02-09T20:47:54Z,NT_DNS,account.4f1733a2193c4ff2b574318a60b6a33b
2026-02-09T20:47:54Z,LYB-36F,account.17c97e7a12954f5289e37c9c46c4141c
2026-02-09T20:47:54Z,mp5k---akm,account.4e457b0eaad04667b1ffeda90e232cd6
2026-02-09T20:47:54Z,Roue_mm,account.89fa4928f46a431091c4796eec9771a6
2026-02-09T20:47:54Z,999OYANWANGO999,account.87c4901ee17b4f41861567ca38e11239
2026-02-09T20:47:54Z,ShayuLAjiao-009,account.8f5c52eb68e54f47b6e0378c8c6edd35
2026-02-09T20:47:54Z,TYH-tangyixuan,account.ba84dd75b7c14ebba60f4c3e3a8662bb
2026-02-09T20:47:54Z,19950210-luoluo,account.5808225468404fc686cf02beb2b226ac
2026-02-09T20:47:54Z,MaFei_3188,account.bd7f96c14f27460fad22cba4c5c50fd5
2026-02-09T20:47:54Z,ma_-ma,account.feebbf1f6fee43a38cbd8d2843996784
2026-02-09T20:47:54Z,SwappyK,account.4f1c82208ae74bbfb4e776b527b39f94
2026-02-09T20:47:54Z,Kgmm_-,account.da79401c7a12453589c5554a67593942
2026-02-09T20:47:54Z,yyj009,account.a537984a505746ed8df4926bf25905f3
2026-02-09T20:47:54Z,NGup_Gx,account.8fbc13162fb34edb87bdc42781df8ef3
2026-02-09T20:47:54Z,4Am_932817,account.c6818fe569cd4c7c8a1bf18bff8bc3ca
2026-02-09T20:47:54Z,XST_Aholic-,account.38eb84af590b47e29797584afe99d40e
2026-02-09T20:47:54Z,Jinggegeaaa,account.1e689c5f066c4d6eb25f1d915ec03bb8
2026-02-09T20:47:54Z,tnldjeheho,account.e446fbf3ac9a4061a1c0a8a34f53e1f0
2026-02-09T20:47:54Z,SSSShan-,account.3eb7d36bbc8e4bae83bf133aedddff81
2026-02-09T20:47:54Z,HopeJiajianfa,account.be6cbc0ccbf44b8db686c0049eaffd79
2026-02-09T20:47:54Z,Dr--lyz,account.3da3c5abff6c4299884c03a4267c6ec5
2026-02-09T20:47:54Z,B_ooooZ,account.1f2f9cd0203f4b8ca91d9b4704be2e05
2026-02-09T20:40:48Z,JH-DayDayUP,account.3daca85961644b2c8f778d536aafc9e1
2026-02-09T20:40:48Z,ShuangJianHuaJio,account.dfe491ff2cc3422daece22c35fee0a5e
2026-02-09T20:40:48Z,Saybye--_--,account.edb38cc117f444c6a24874d2cf885274
2026-02-09T20:40:48Z,KanNiuNai_,account.552e5b3563544b0e8983b6a4f74a6872
2026-02-09T20:40:48Z,Cadillac_My,account.843544a2168c4e8f9afa2d5102491912
2026-02-09T20:40:48Z,xGuaovo_,account.4523dff3b4f64931afe75f444614911d
2026-02-09T20:40:48Z,0gaioce5h,account.f8aa3dcc5ec44a4b9f06bb6ce8d120fd
2026-02-09T20:40:48Z,1O11_0,account.f0dcd989d45a4f5d841445fc50ce9e8a
2026-02-09T20:40:48Z,Yoso_-,account.52b0856a0c2148c19b5e0c0b2ffbb5fb
2026-02-09T20:40:48Z,Aurea-_18cm,account.85258c7873cf441aa858885bd7207bae
2026-02-09T20:40:48Z,0815KL-,account.7a585cc406aa496a9077fbfeafe1a679
2026-02-09T20:40:48Z,xingzai_-7,account.eb2cc20cd20442778fc66b5946d615b4
2026-02-09T20:40:48Z,Py1n,account.706a9db52a38492cb504dd266fc13476
2026-02-09T20:40:48Z,XJ_DayDayUP,account.9fa459b60add4c74a615234c8fa0c2c6
2026-02-09T20:40:48Z,lsl51,account.505a044a7686493f84dae41c8b16a3ae
2026-02-09T20:40:48Z,OverdueEncounter,account.b9b6b4e653094d47a6fb25a1c81a4313
2026-02-09T20:40:48Z,YY81336-chuichui,account.818d3a0d52734758b0c28e8736797f33
2026-02-09T20:40:48Z,Arrebol-vv,account.0c0193c0b1fa423b864f9067fdb0ba75
2026-02-09T20:40:48Z,Vx15883821433,account.8de6befc7f16468bb6e4b1d833045aaf
2026-02-09T20:40:48Z,Mr_Judicious,account.ebb45e5f7d634961bc936dbbec2da511
2026-02-09T20:40:48Z,X_Yomi,account.d5cf09b4763b4f3ab77c80d40a5e02ce
2026-02-09T20:40:48Z,99ns_,account.407372b9f2ac4e06a95ff67fe522960b
2026-02-09T20:40:48Z,MNS-ZL,account.607fa6763084418da94527d7b2c1bad0
2026-02-09T20:40:48Z,Hunter-Any,account.455e2e33d2e4400c884e208bd1ee3a06
2026-02-09T20:40:48Z,xxsdsxx,account.8a5ade75c4d8471aa3c29a073be23eb4
2026-02-09T20:40:48Z,22o3o,account.e5a3caf7289a4ad18f849a202a0707f8
2026-02-09T20:40:48Z,Tipsy7-,account.eb38bcfb3b8e4e82accaa5c1715464b1
2026-02-09T20:40:48Z,XI-AN_Az,account.393ab423132240dfb41ba51e234bd7da
2026-02-09T20:40:48Z,Lipovka_chuizi,account.9bb7129db3154beb9d0e60d3b7400031
2026-02-09T20:40:48Z,Lao9iu-,account.3bc89413953c432ca7e2cf543a5206b8
2026-02-09T20:40:48Z,Huya073224,account.10ab4ab54c314c97ad3f18caeaa4cd80
2026-02-09T20:40:48Z,Qkin_,account.af6db8ef62fb47a3997b53395e7cd743
2026-02-09T20:40:48Z,xiaoqiang162,account.a5c572b9289545d79db2b9cc91508b1f
2026-02-09T20:40:48Z,0630i_,account.5b6c475d3c4945fe8d9e337d413f9eac
2026-02-09T20:40:48Z,me1naozh1,account.5b51de9aedb345979487803738a528b5
2026-02-09T20:40:48Z,Crazy-Jxin,account.713618fb5e6240138498d6c429776a3d
2026-02-09T20:40:48Z,Syouth_YLong,account.fb36378524c145e88969737fcf83f8d3
2026-02-09T20:40:48Z,AiHz_7,account.525180b57d59446792278dc4f097da84
2026-02-09T20:40:48Z,eenlzkedo,account.41c03696d0534d49a9994351b465ab85
2026-02-09T20:40:48Z,DYKC__B2lla,account.5bc9b78cf5c447cf8c677f05511d380b
2026-02-09T20:40:48Z,Risin1,account.316f32d21e234833afdfe417c495be00
2026-02-09T20:40:48Z,Arrebol-YS,account.8bd9e9b7052f4e81a0be04177efb70ce
2026-02-09T20:40:48Z,mxbb-_,account.b626cc4c0e51405e9e474b6d42919a54
2026-02-09T20:40:48Z,Edum_,account.e130ff2f98c146759d7153e6c2bd125d
2026-02-09T20:40:48Z,i3ax_-,account.c1f51cedf68f4992a51a6831ff2d69c5
2026-02-09T20:40:48Z,Shandouji74,account.a3eadedcc64e44bba1cbbe51546fabc9
2026-02-09T20:40:48Z,Arrebol-Ti,account.59fe36f2f6d246709cfe87b6d15d52df
2026-02-09T20:40:48Z,PENTAKILLDADA,account.0d9d71a37d6841d5b7864945f862c415
2026-02-09T20:40:48Z,JunGeo_-,account.2bb4df37940846f69c2110aa945d334d
2026-02-09T20:40:48Z,Gai--Gai,account.5fee83125bc44f54aac6e00e6d40dd65
2026-02-09T20:32:36Z,dortusxxx,account.41f6a03254614ae693af27d2c9e0e7c9
2026-02-09T20:32:36Z,Mila_QYY,account.5e39dc4f750140899bc2736e61561942
2026-02-09T20:32:36Z,Emp_Muma,account.9f3ca3d735ec46faa3735cf55b0d62b1
2026-02-09T20:32:36Z,yaruwo1314,account.0fab5459cc254362abbfdc4b2dcf7037
2026-02-09T20:32:36Z,SHIJIA--0_0,account.ec6414db772d442398f72d744f2c11bc
2026-02-09T20:32:36Z,Golii_,account.07032e6685e9435aa5b5ad9700fd5df9
2026-02-09T20:32:36Z,KeepOnTheHooK,account.e1aa07d8715d4297b0726452b33911ec
2026-02-09T20:32:36Z,SHQ_Ring831_,account.73282c707258490fa66d5587121abea3
2026-02-09T20:32:36Z,Marlboro-666-777,account.aa1e5557e12c4cdbb9e67efbe0ff4a6e
2026-02-09T20:32:36Z,M416-zf-,account.a3c00192bb094582ae55dbc4d99f0c98
2026-02-09T20:32:36Z,Mercenaru_66,account.a239064a002f4bffb2ad4f43a2877d7e
2026-02-09T20:32:36Z,FindTime329,account.1b7cc05169854b78a79874526ce15106
2026-02-09T20:32:36Z,XiaoPaCai_YaYa,account.e9942a73ecf24631b9430bf3db02ee2a
2026-02-09T20:32:36Z,S-k123-_,account.f904ba10345a4a48a70a45875874bd42
2026-02-09T20:32:36Z,Wdchenchuan,account.eda0425edc88454fa1b0c48a213fd536
2026-02-09T20:32:36Z,Xiao_SongYuanZi,account.5c154a52d0df4cbeadcf4e8dc21c3b05
2026-02-09T20:32:36Z,7inoR_,account.853aa949c2c34aaaaa7587ecafe24ee4
2026-02-09T20:32:36Z,Venus_TF,account.aeadd7d6488f4627874c43b6de981417
2026-02-09T20:32:36Z,Sinjosasageayo,account.a28db480d7ed4e7c934221afeeb7d239
2026-02-09T20:32:36Z,Miao_Lu,account.6c07abf7080e4d43948e7bfa15d67db6
2026-02-09T20:32:36Z,MrJasonWEI,account.2e9f9562806e4fd0aba418b5dd15cc74
2026-02-09T20:32:36Z,KK8888KK,account.62a2831759394c8b9e4ed8ae0fdac147
2026-02-09T20:32:36Z,liusanqiang886,account.b60cd3dc3abf4e3cb8218f3a55a21058
2026-02-09T20:32:36Z,HaSal_Ma,account.774448d62a864c86be85b1f3d88abd0a
2026-02-09T20:32:36Z,Lei_Rue,account.41cca4cd9b0b48258d91d2af6763da8c
2026-02-09T20:32:36Z,0XZi_-,account.7159edc5cab745569519f6b176f80eb0
2026-02-09T20:32:36Z,Rui---Xi,account.40b5f9d1d9e04627b6e12489d2df4644
2026-02-09T20:32:36Z,China-R-a,account.f4d0dec032b54478a233250797ea62f6
2026-02-09T20:32:36Z,EternityAurora7,account.f742696c4ccd4e07a3a3992ef5f3d0dd
2026-02-09T20:32:36Z,A-0902,account.9a06dad2330b4f64b88b222be32eb7e2
2026-02-09T20:32:36Z,24K-21L07C15Y,account.bebdcf0e760f4a90b95c124a79e83d6a
2026-02-09T20:32:36Z,MZL_Qdone,account.e629178dd85f4816849f842f0b56f9ed
2026-02-09T20:32:36Z,Call_Me_Su9,account.cadb9b8606eb4f8da43133809ae10bab
2026-02-09T20:32:36Z,DuMi_-,account.2c3cc4ed171e4f40a1cdc17aadabfd5d
2026-02-09T20:32:36Z,Obsession_Koko,account.a88b109322ea48b5a87e310316509af2
2026-02-09T20:32:36Z,shizhiyan110,account.ec8f451b1e58412192cabde4d4c52496
2026-02-09T20:32:36Z,AAAAAAkk_47,account.951b78824e4e4f9a96ca23b282e3245a
2026-02-09T20:32:36Z,N-Chine,account.80e2675802ed4b5c8fe49334c0ce132b
2026-02-09T20:32:36Z,Xxxxxlooo,account.74abf581844f404db482c5e81a8fb53e
2026-02-09T20:32:36Z,ACRMDHT,account.5f6f54b86308475a9a51e3b1fedbc314
2026-02-09T20:32:36Z,Z094569,account.721242510efb42e09aafdbfd8f7c48c9
2026-02-09T20:32:36Z,HunPuYang_,account.ff58675400ba4dcda0e3f4d3c2fb8d27
2026-02-09T20:32:36Z,Xiu-8,account.d7650a3a3c764003a22147b578ad4da5
2026-02-09T20:32:36Z,sooin0,account.4e2a2b2c16b64a2eb0ab41be4c5fa034
2026-02-09T20:32:36Z,GGRsniper,account.8a27e120a91d4dbfb9d17120b9318e92
2026-02-09T20:26:12Z,MrSun526,account.5f98f653f3364aa7887cc9f7892ac2e8
2026-02-09T20:26:12Z,zh_Deslate,account.c3b3cb25bbfc493e98478687a4fce516
2026-02-09T20:26:12Z,liliiliiillilili,account.17448b899b2749c09bab4c9382770b3c
2026-02-09T20:26:12Z,Beyond-moonlight,account.e42c5eb8b9574502a911358d164a08e6
2026-02-09T20:26:12Z,Joee_as,account.0e9863ab740f48609c37f025b41e9d19
2026-02-09T20:26:12Z,xuxufufu-Ly,account.a2701a82f27342c9bff3fdfe5b81a902
2026-02-09T20:26:12Z,QAQ77858,account.10fc1c5bf6cd4fc090523745c614aa68
2026-02-09T20:26:12Z,19_AHei,account.a84ca87adf1d491a88d8c7c9ef36f886
2026-02-09T20:26:12Z,DreAmYou_u,account.7c7f33ce47d149dba7b08c548539b258
2026-02-09T20:26:12Z,YggAR,account.1a184686027748b7bf2dc14a4d0620f6
2026-02-09T20:26:12Z,18_AKun,account.9280def8af614939a537a40317031390
2026-02-09T20:26:12Z,Yinoo_-,account.65ba0a9032d64c8dbe075d387a2599b4
2026-02-09T20:26:12Z,Mrj_v7,account.fa26c821ee3a458d99148d25ea1dc7be
2026-02-09T20:26:12Z,Gekk-825,account.893e7385e2de45609e1c991f122ce069
2026-02-09T20:26:12Z,lati-_-,account.f6bfad3dad80455ebd2a697957b372a0
2026-02-09T20:26:12Z,Giuk_-,account.5f5231f3a9eb428299d1cba6266de2ac
2026-02-09T20:26:12Z,WSNBBBABA9696,account.c40050d58508466ba05763e8e8dc1d5b
2026-02-09T20:26:12Z,luckXWH,account.d91be42774594da0841a53cf686694d3
2026-02-09T20:26:12Z,NicholasZYM,account.c8702f73b96e4fac8eedca1c1dee7a05
2026-02-09T20:26:12Z,kskifnj,account.1b9f48a583264455bcc4f92f76a914f7
2026-02-09T20:26:12Z,HOIIOW0508,account.c3c5cbb0a56440edaa365fa4f968c7e9
2026-02-09T20:26:12Z,Ben_2025,account.15cb35b8f0274744b81e084d964eff65
2026-02-09T20:26:12Z,im1ns,account.45731818b5414592b51871179bc3fc10
2026-02-09T20:26:12Z,EQQ-Caoyuanwang,account.b9c2bb6d108541e1a054794795c32c39
2026-02-09T20:26:12Z,Weiwude--Han,account.d549c2561ed54a8b9055f12960be2c34
2026-02-09T20:26:12Z,aigumu,account.b43e06828c20404881056dbf9855ba8d
2026-02-09T20:26:12Z,Tender_2004,account.0bcef732485d426db2a7dfa0e815234e
2026-02-09T20:26:12Z,Actoy_-,account.1d16a9e3596248e2bee22928ecae7861
2026-02-09T20:26:12Z,7Xik_-,account.79d8fe7d2f0e40e2993f7301f0d729ac
2026-02-09T20:26:12Z,911-4AM,account.6b612092506440feab4506103613ab1f
2026-02-09T20:26:12Z,CplasF_XiaoPenG,account.a27554a1584d468daf3ef0441f0fbbea
2026-02-09T20:26:12Z,MooreJSinclair,account.84fba95519484f4291cbff70472c3faf
2026-02-09T20:26:12Z,hz7oath,account.3f130726b6f94c79b56432e9da7f80fe
2026-02-09T20:26:12Z,qreew33,account.de0f22fdf1e1441b9d334448eb9310d4
2026-02-09T20:26:12Z,TeacherTony888,account.b5fc827436d8416e9c01fb3b491f53d9
2026-02-09T20:26:12Z,MVTV_BadMan,account.0b91e5ecbcd44f249fe29bea9e9f3144
2026-02-09T20:26:12Z,Q_Q-V8GG,account.5a520478a0a44a86a4a17c92edc2e9bd
2026-02-09T20:26:12Z,ehr9a8a77c,account.a9c5f04a33fa4ff68e57abeb0d912708
2026-02-09T20:26:12Z,SuFeiLuoGan_S,account.6075fcf0aedf4dc9abffcd6cd0adc141
2026-02-09T20:26:12Z,Provence1994,account.fa3067ad3fe64686a82c76dbdaf17780
2026-02-09T20:26:12Z,FaKe_-_Man,account.ae9a06da9079426bad863211bfd2b9a0
2026-02-09T20:26:12Z,Magic_Angy,account.672be2899fa2402eba26188624380875
2026-02-09T20:26:12Z,Wmlsnd,account.18a35849a1fb41b78578b6740370b98c
2026-02-09T20:20:23Z,Mkbabe-,account.b0fb8a808acc4da99fdc38682256e8c0
2026-02-09T20:20:23Z,16Koi-,account.3c8e31d743024231a62b6311ce9d3003
2026-02-09T20:20:23Z,doushuobuwanledo,account.90e5ab3daa474a71800b367b9ec8f521
2026-02-09T20:20:23Z,kedidn,account.27c3120a35f743e39f60287a81852b06
2026-02-09T20:20:23Z,LinLin_1Tap,account.9b4969ea8d9343b2b9d6aabe7a0277a0
2026-02-09T20:20:23Z,10MWMWM01,account.de330d60633f4dad98238cb8f608409c
2026-02-09T20:20:23Z,RonDellll,account.d2da2328e4574721b9b28bcd256acd85
2026-02-09T20:20:23Z,Shibao_-,account.f68a0ab9450a40e4ad6e42f0b911ee70
2026-02-09T20:20:23Z,Xx1aoYyoooooooo_,account.2369c47eaae74a3b8b5f20b503524666
2026-02-09T20:20:23Z,Mingbao_-,account.940ce4212d0d43a3906b66504d810c5c
2026-02-09T20:20:23Z,1sw-lx,account.3a340332519148318172689cbf6c1cfb
2026-02-09T20:20:23Z,Sweet-youyou,account.a3be6562ba934151b186ac756d3b4759
2026-02-09T20:20:23Z,PactNyx,account.a86179dadbe946b8b366733b09ceb87d
2026-02-09T20:20:23Z,z212543,account.71605ab3efda480a971b22f381945a3c
2026-02-09T20:20:23Z,Sendipity8,account.5fce4d8cf6fa409fa439a705719bb289
2026-02-09T20:20:23Z,JINZHAN24,account.b89d66fb658049d790816224edae1007
2026-02-09T20:20:23Z,1Xin-_,account.de51a5d93d24449ebeef5a6245aad605
2026-02-09T20:20:23Z,Chuan_Cc,account.a95e97108a1646fabcb3c463a4548d5c
2026-02-09T20:20:23Z,HM-WG,account.3220736b20b14e47bfdc281d00956a86
2026-02-09T20:20:23Z,GodLo-_,account.0330d3882440469e998d091c6d81bd26
2026-02-09T20:20:23Z,123cjzs,account.5d41b5ec75774a4cb042b894dba42e37
2026-02-09T20:20:23Z,ebokaram,account.2dc84feb14b1465dab3412e365e7798a
2026-02-09T20:20:23Z,RASH_cynicism,account.e6beda7a02ba49149cedfaba105fe2b9
2026-02-09T20:20:23Z,YBB-000007,account.2218af4dd07d49d99f2d44ef20259241
2026-02-09T20:20:23Z,Serious-ZhiMing,account.eaf0e3b471824fe89806ed60062f880d
2026-02-09T20:20:23Z,Ago_XL,account.f6d7cb8cb4114113aeb9d243eff7592d
2026-02-09T20:20:23Z,fwwwwwf,account.9c57fb3ac3c4415a81e32d28b386ebcb
2026-02-09T20:20:23Z,7777-Cj_--,account.b37094b294e3429284343c1174b0edf7
2026-02-09T20:20:23Z,BaoG-066,account.f14c94015dba444e8e3595f9ff4f397c
2026-02-09T20:20:23Z,Beiri-,account.ba767b913933405a8029ca7a7db278ac
2026-02-09T20:20:23Z,i-m1ssYo-,account.baabda65ce2f4d94a73b91ca562a2d62
2026-02-09T20:20:23Z,7777-YZ_--,account.660315d0c9af4155bf36e0985b79c046
2026-02-09T20:20:23Z,Newborn_sun,account.5e19ef736c3641a6bc9fb2268b35e512
2026-02-09T20:20:23Z,Heros-L,account.bd82e6eabd4147119dbc2edcafeafec8
2026-02-09T20:20:23Z,C1ao7,account.5a4f46b7330943af9f2e726aa67d927e
2026-02-09T20:08:46Z,CathySweetie,account.39834f9780be43648c4f07b8ef9b5d26
2026-02-09T20:08:46Z,xiaoxiongh_,account.98b5da5f74544810953b9a227ac92fc9
2026-02-09T20:08:46Z,maiswd,account.4f880fd755654d8e89428a67265947b3
2026-02-09T20:08:46Z,Mist_97,account.a290003c487144cc8afd0fb5c9dcb512
2026-02-09T20:08:46Z,AnnI-66,account.c557e7e227f84ba4883cd757c7d9e325
2026-02-09T20:08:46Z,T1_Awei,account.4fba766121ca4547b9af2fc32f65ae07
2026-02-09T20:08:46Z,DearJIU_522,account.c63b60e0dc324db685735a1223cbbe70
2026-02-09T20:08:46Z,ZGP-1989,account.b72c157b75d9443482e69ef4f4637146
2026-02-09T20:08:46Z,7uuBi,account.0d77ef0f8b7344bbba4bcb9fce2bf6db
2026-02-09T20:08:46Z,greatabsorb1,account.4219dde664fa4856aa15bee7d1e7ee4d
2026-02-09T20:08:46Z,wFolwhk884,account.b8497f7501da413f8cd698451ec19f7f
2026-02-09T20:08:46Z,TianJie_-,account.2ef22b7f4ee94cc68e7f8589ebe91da5
2026-02-09T20:08:46Z,junjunjunkillyou,account.8379e090af5e4bc8a7afe72e5955c4d8
2026-02-09T20:08:46Z,Aimu_i,account.44f7801f377b4f31be397c7e9f8945c7
2026-02-09T20:08:46Z,7iedan_-,account.b2119d7c0ba14192aaed8e3ef37798dc
2026-02-09T20:08:46Z,10l6,account.65dcd96224fc4287aa16df074f268c6d
2026-02-09T20:08:46Z,Ccchosen111,account.0a97798d6b0341dba6da4eff8951d6b5
2026-02-09T20:08:46Z,Zep6666,account.e2a11b9d3ce9460182709e26a8690582
2026-02-09T20:08:46Z,Mantoo_t,account.b3594f4c054a438ba54e024d4c71ff48
2026-02-09T20:08:46Z,ScoXa_-,account.e5e5eb58cbcc4aa197a063c60bf5b7df
2026-02-09T20:08:46Z,N711s,account.608e6a0f6c43473bb3345d887fbefb3d
2026-02-09T20:08:46Z,dkdkdhdh123,account.bffc600b5a1246609439b961cba443c2
2026-02-09T20:08:46Z,1x66i,account.1a43c35710044b7681c7abc73db8daac
2026-02-09T20:08:46Z,DcXx-_,account.a8deb2aff54f41e5aec3872998aeaa6a
2026-02-09T20:08:46Z,MyhNB_-,account.d6f889e160814476a0de3c90a1781bf4
2026-02-09T20:08:46Z,zhangannana,account.456d27d37a8e4883b007b6793f42ea22
2026-02-09T20:08:46Z,Augenstrem-CCX,account.7de0766a84cb4473b721796f89886c86
2026-02-09T20:08:46Z,4AM-junxuan,account.43b44cf0b493436ca522902afa471a9b
2026-02-09T20:08:46Z,9-527i,account.f1668a524d9a4bed935f645515d86900
2026-02-09T20:08:46Z,99yz_,account.eea0a0f7e3034fcb8dc3484f7dd01e8f
2026-02-09T20:08:46Z,TangGuo_MuZi-666,account.4b09feea7956466c967ec1fce7d89fdb
2026-02-09T20:08:46Z,VSZhanShen-Lu,account.4ea5437326c64f268ac5787076f0d37c
2026-02-09T20:08:46Z,Rank_qimiao,account.3b1c568c85fb4a3dac76d8d9d3797000
2026-02-09T20:08:46Z,Xzmmmmmmm,account.659e20c928504012afad5e44116b1bce
2026-02-09T20:08:46Z,yjsn321,account.3cc34a66b23c4d31b3b568d83b053643
2026-02-09T20:08:46Z,Laborc,account.e119d805aebf4c4987e5078c89a783a6
2026-02-09T20:08:46Z,Heaven-up,account.980a9cbbe67f47259490821afe2b5d45
2026-02-09T20:08:46Z,GuoDaPang-,account.bd562841d535468b8840e0bc40251b13
2026-02-09T20:08:46Z,JinN1an18_,account.0b705f0596a04cf2a78069bddeb3eea9
2026-02-09T20:08:46Z,Ev4_NiKo,account.618ef30642a4475ab9f2ff6495ef559e
2026-02-09T20:02:51Z,1-AzureSky,account.b708d0b649f8464fae3ef64ac5045dd3
2026-02-09T20:02:51Z,KiMoJibulubiu,account.14e8d9ea7b9e497d927ced489c52b58c
2026-02-09T20:02:51Z,Umberk1ng,account.b5a98cb89a0b408d94f761c127e06bb3
2026-02-09T20:02:51Z,RuiYangBaBa_,account.0f8fcb7a42c54aae91f6fee4cb17fc21
2026-02-09T20:02:51Z,Super_lemon--,account.d9cd238f848a406f8e0bac846cc68ad7
2026-02-09T20:02:51Z,yzxx-xx,account.67e4005af2da4488b7d4b97cc41f7071
2026-02-09T20:02:51Z,champion-Lucifer,account.c98703f87ec9412ca5bc9fab9fd19b15
2026-02-09T20:02:51Z,Allen_Ge,account.d39f49235a9c40dba5e1c82921ccc438
2026-02-09T20:02:51Z,DBS_JooSeYoo,account.04e60e9ad18e4a5d8ed5010821481eee
2026-02-09T20:02:51Z,NOW_Row-F,account.9fba44b8d5f14d6aa00dbda0db32f755
2026-02-09T20:02:51Z,hehoulin00,account.2685c6b21a60421dbcd826fc3ee4010e
2026-02-09T20:02:51Z,TOUHAOSHUJIA,account.96ab598200284143b606375cec321f58
2026-02-09T20:02:51Z,GuiM_itianVni178,account.01caab04479343b0b964e75810ec0c0d
2026-02-09T20:02:51Z,AKbari_NoGaRi,account.11d177de0c964e26bb4ba1ad058f7e1c
2026-02-09T20:02:51Z,kiminu-ddait,account.e825db7945aa4dd99e3f05a9addd794c
2026-02-09T20:02:51Z,Yang092109,account.7946743bde1b4eb1a281015315e8c383
2026-02-09T20:02:51Z,mxncft6i,account.b2ea5c327c8f4210bc1dcc6de320859f
2026-02-09T20:02:51Z,Feng--Huo,account.eff0d9bcdc9b49c9b01dfbedc311e90e
2026-02-09T20:02:51Z,MissYou_OvO,account.1df05cf9529940b5b688730393581eff
2026-02-09T20:02:51Z,violence-baobao,account.090e4231724b47de978af28b67ecba61
2026-02-09T20:02:51Z,Ysenf,account.f142856c089d4eeba1f0f9f820fdfbdd
2026-02-09T20:02:51Z,godlikeYTT,account.6ed0dc041e93435882f7af4bcc657aa4
2026-02-09T20:02:51Z,HAOERGE00,account.2a9020275fe7498fb7cb90ade260e722
2026-02-09T20:02:51Z,ovei_-,account.0118182ca94c46bc9eec416fcee322d9
2026-02-09T20:02:51Z,Miyaslime,account.3e71847df10144a095475db0cbd3a641
2026-02-09T20:02:51Z,binzi_CQ,account.6e24f65b8abf40cab8e684fd8608bd5d
2026-02-09T20:02:51Z,Awm-199910,account.7fbc22af2cbc46f5bb8699e4d2aac7b1
2026-02-09T20:02:51Z,Oops-404,account.2e6b0a451a7a4e3dbf224bb71aabeefe
2026-02-09T20:02:51Z,66aodebiao6,account.741b37222da941459382ad0e815bcf59
2026-02-09T20:02:51Z,Awm-199905,account.92bab2554d884ae9a703d90bfc842427
2026-02-09T20:02:51Z,kor_dori28,account.1d93e724f39d484caf7d1973da9531f2
2026-02-09T20:02:51Z,sc-re-am,account.09f29481d6eb4f7b83e427866c0e0758
2026-02-09T20:02:51Z,NaHee_Ya,account.a977c223f2714fe6aabcd632dbc9b376
2026-02-09T20:02:51Z,chiyichiji,account.62bc03b2fdc7444ba113ea8b8474ed98
2026-02-09T20:02:51Z,one17shou1,account.8bb03539d633464db71b881bf2c7e789
2026-02-09T20:02:51Z,JYY-Baby-2022,account.323ad474e43b488c9bc194bf5e247ae1
2026-02-09T19:34:07Z,Feijiezei6,account.1d05b9d6d4984c19b8007dadd26dfc7d
2026-02-09T19:34:07Z,ROVE-_-,account.a598e98139374fdba7b724ccdb921fa5
2026-02-09T19:34:07Z,Submerge911,account.affeb12afef5477faabf6fc4e775b320
2026-02-09T19:34:07Z,920A,account.d71239dacd48489dab18f30f405990b4
2026-02-09T19:34:07Z,kedanan1hao,account.4a95ea23ca9f4b2fa9e73efe918430a9
2026-02-09T19:34:07Z,LGU_l,account.1b9734c63b60437ab930aec244e58b24
2026-02-09T19:34:07Z,Moos_-_,account.f9cb963554484f05933131fa838bbe7e
2026-02-09T19:34:07Z,17-zsm,account.145cf0cdbd194266877695dd095a60a3
2026-02-09T19:34:07Z,Kiss_o3oxYBaBy,account.1e74251af28b4961baa174f97595fd23
2026-02-09T19:34:07Z,ID_5277,account.3e53896980b8424e98c58d8e50a8361a
2026-02-09T19:34:07Z,7-Yalo_-,account.cce5e354d28041768014de6d18b7ce89
2026-02-09T19:34:07Z,se0ngwoo,account.d3aacaf9be944e0792df88d10561662f
2026-02-09T19:34:07Z,ZZOM_BUTHURA,account.f898b69d71034f2fa5457e0cf6b2f6dc
2026-02-09T19:34:07Z,PeRo__Yyang,account.68ffbc2ce01f4fa6b690bfdb35f357fe
2026-02-09T19:34:07Z,PowerJAX__,account.b2c89210ff9b4da3931c1b3597466356
2026-02-09T19:34:07Z,byeonggwanking,account.371d7f8e09c046809fae8c183cbbbf59
2026-02-09T19:34:07Z,SOMOrous,account.7ce88beb702243d8b47277e93bb3026a
2026-02-09T19:34:07Z,JKOHUI561256,account.634ed1d1af9f417493f32597c59ac2fa
2026-02-09T19:34:07Z,90ZHENDEMENG_-,account.6f1df91667ef4aeeb6c55ec064d59150
2026-02-09T19:34:07Z,WuTong21,account.45a171ba46cd4b00a82a638c62148325
2026-02-09T19:34:07Z,TaoNenGeHou,account.5ca3f366474c46ac96c779d41d1d17a3
2026-02-09T19:34:07Z,Qq164118,account.faf2341aaf7e4b9fa52f310a943455be
2026-02-09T19:34:07Z,RASH_HUAZI,account.67c743764caa4ba58cfe3581e1b58b4f
2026-02-09T19:34:07Z,Nice_YaGe,account.d1bdc4b85569472bbaae0355ed1c9c8f
2026-02-09T19:34:07Z,Douyu_384429,account.ba7b3324f37941c68bd49f70b7e75373
2026-02-09T19:34:07Z,TT_YINGTAOYA,account.1f3582c09dc44029896b276b33fd3db5
2026-02-09T19:34:07Z,Gucc7i_-_-,account.e9ea3f071b594a8a8d91065f23c59850
2026-02-09T19:34:07Z,9KANO,account.1c89f289e6874bceb2849dba00353c5d
2026-02-09T19:34:07Z,DeGe_1995-Norbu,account.e2d8fa2b46644c1c916172d5c19bb35a
2026-02-09T19:34:07Z,jinhu-gaoshou,account.eef3276a243848319282e04ac89a64fc
2026-02-09T19:34:07Z,Racecapgj,account.5680feb34d064dfcbce762bc9d87358d
2026-02-09T18:30:41Z,Baby_Wmm,account.85f0491739924189a46df2ee25cba2bb
2026-02-09T18:30:41Z,alonehcx,account.ac4d0ea51e2646c087fd667cc8e32895
2026-02-09T18:30:41Z,cnm_-ok,account.80f6a98185644aeabe8ada5cfcc9a8c4
2026-02-09T18:30:41Z,X1aoQingWa,account.8697075f35b74cacb09d2057dd4343d8
2026-02-09T18:30:41Z,TopGmG,account.3c2d07d22db8480f84fa1c70266c1630
2026-02-09T18:30:41Z,Hk9D6A2F,account.fcccfd35112a42c68a340c737971c9cc
2026-02-09T18:30:41Z,FrUDY1Mfm,account.b9f88f0d6f7649e3b9fc5f201e938b4e
2026-02-09T18:30:41Z,MGL-Pig_Lord,account.71f6e74247134dd38ae8e039123a7846
2026-02-09T18:30:41Z,guwenjieandyou,account.a0169ccdb5e042be8aa1daff26f2f1e6
2026-02-09T18:30:41Z,shayou111,account.fcece4b459c14439891b9c95a2302b2f
2026-02-09T18:30:41Z,Ziznm,account.d508ff2f72ba4970a84dc25b1224230b
2026-02-09T18:30:41Z,TQCT96657,account.051be4b8b7a94c8a862d2f92593e49fe
2026-02-09T18:30:41Z,u7Yoti_-,account.671fd5b05a9a4329b52018dcd5b3c91f
2026-02-09T18:30:41Z,1225y_y,account.feeaf58bd65141af810f5a95d2d55d47
2026-02-09T18:30:41Z,yingxiong180,account.c5d461ce830e4bbb8e3c1b5de404d8ca
2026-02-09T18:30:41Z,TheBox_133,account.977b4e3e5983447bb4b5115083d1c408
2026-02-09T18:30:41Z,fkdjb188,account.782fe55b27934f84b15a309da826aa64
2026-02-09T18:30:41Z,orange-500,account.3d21127f4ed042999d80a7fe40d6c46f
2026-02-09T18:30:41Z,Se7en_-77,account.79886b8d1e5045e69e4db4e4853ecc49
2026-02-09T18:30:41Z,MrKING_TOP1,account.7d600bc02eee4c25a2974031954efc5f
2026-02-09T18:30:41Z,Xlaoxlaooo,account.966fd1e637fd45bab99250d9ca180a2d
2026-02-09T18:30:41Z,Aw9909_-,account.f6d82ba47a6f44888add4f2ec25e1a21
2026-02-09T18:30:41Z,Augenstern-Tz,account.4441aad6b8ca4c1b9d7b28d09652d720
2026-02-09T18:30:41Z,YouAreMyLife_Sky,account.25398d92c5c741e3bb053f30289f18b8
2026-02-09T18:30:41Z,T9827_-,account.6f18e75a832a4e70a87319d18c01f6a0
2026-02-09T18:30:41Z,GG_Bond9,account.95b50944e6b745858e97a9ea4573ef3b
2026-02-09T18:30:41Z,fc95zz,account.e0f6c616a57d46ab9e9bb8c0ad7b5381
2026-02-09T18:30:41Z,Seven_7_Shen,account.f38d2237c28949009b954ef99dc7a209
2026-02-09T18:30:41Z,SuperMan___Yxr,account.d07c94eefec24e03b00f79f1e68ddd7e
2026-02-09T18:30:41Z,X0717_-,account.76a95736e712449db7089af0a94e9f15
2026-02-09T18:30:41Z,QinlanBB,account.8a4a0886f58548c0817f9eaaf8771a7c
2026-02-09T18:30:41Z,HuangBa1wan,account.380b5ca32a2c42559bca3cfe2ef68c8b
2026-02-09T18:30:41Z,Deepbluesea17,account.a1d2a3172d3343c483b5ee561d7b714d
2026-02-09T18:30:41Z,Darryl_1,account.63c12aea518a49e5995ab56f6b4550d4
2026-02-09T18:30:41Z,ZS-SSYH,account.fceab9a49cb141fab39b2dbcb573cb57
2026-02-09T18:30:41Z,Destinyes2014,account.7ce374d5ed154c7c9e7f2c906dcf061e
2026-02-09T18:30:41Z,5ilence_-,account.8cf3174c6e8d4506ac7d3af008c05644
2026-02-09T18:30:41Z,Wang_-cc,account.1b2e3746cd4b464681b3b3c39f241207
2026-02-09T18:30:41Z,YUye007008,account.2132a479511d4dd68e0b7d7577defe53
2026-02-09T18:30:41Z,WANGO1998,account.190e68097e734fa6b4f315dc60c55241
2026-02-09T18:30:41Z,xixi_N0_xixi,account.1eb0b8dd7f9d49368a224754fd23c008
2026-02-09T18:30:41Z,JL_GetRichQuick,account.cdb5cc34609f4e7aba381b4f36b36d9c
2026-02-09T18:30:41Z,Green-wu666jjiao,account.e16bd248813f4d78a5e081be73a693ca
2026-02-09T18:30:41Z,YunXin_No1,account.4d212eacac824d5a9266b939760295f4
2026-02-09T18:30:41Z,mIbbcexo199,account.9895977b96df4aa2808dd3167e26d923
2026-02-09T18:30:41Z,ttfug,account.edcdd059a887499993ac87e586b10458
2026-02-09T18:30:41Z,1Geeeeeeee,account.e6b9aa4eab27424283a80c99c971c87d
2026-02-09T18:30:41Z,sbz8,account.01143317149d48b1ab79334e22df1e70
2026-02-09T18:30:41Z,Yang1angi7_-,account.47f3248e492f43ce8beeed06cb81deb6
2026-02-09T18:30:41Z,InvincibleTZX,account.4f5b74521d72488c9e0b62b0764eda6f
2026-02-09T18:30:41Z,LKB-xie,account.7afb7a5c6da24aa2b2e9e21b8e6ebc1d
2026-02-09T18:30:41Z,elonpaoxiao_aowu,account.177e43d42396457894f2a4bc6453a94e
2026-02-09T18:30:41Z,CH-DDY,account.93e3d17cb1ec4abb96c93c6159cd90ed
2026-02-09T18:30:41Z,jiujiu-MM,account.79cea9bde10a41d3b077c4fbe48ba1c4
2026-02-09T18:15:12Z,ke_77,account.723a5165238b4fed8dae640c545e2a82
2026-02-09T18:15:12Z,SOMETIMES_24H,account.53e5f56593f847418db85eb006c453cc
2026-02-09T18:15:12Z,YB_Hayashi,account.a6b07b253140449d8d49a6046d5cb2a3
2026-02-09T18:15:12Z,CXZclub_heigui,account.440ae09eea8a4593880415f8eaa8ea59
2026-02-09T18:15:12Z,nishizhen_delow,account.a6d2eb3f51d54169b52abf53254d523f
2026-02-09T18:15:12Z,SHADOWGT4,account.e42e12f21e36401bb13ad2b8c83a5225
2026-02-09T18:15:12Z,aSHEEP1,account.0839d744295e46f9bb2a9c872c79f8df
2026-02-09T18:15:12Z,Ivory2024,account.94049e7639184ab18229ec4077ea00e2
2026-02-09T18:15:12Z,NovembersChopi,account.7069bd3197e7407c93b9ecf6d243468b
2026-02-09T18:15:12Z,GenG_Fang,account.87e22b2bc64a41bda56fb7cea143cff6
2026-02-09T18:15:12Z,cc0326_,account.0fb7df02fdbf41959d952c0ec4550836
2026-02-09T18:15:12Z,GK_GuLi,account.9c01489758c443faaa89c001a1a8167a
2026-02-09T18:15:12Z,GongFanAWM,account.212f785bfe8c4e1ba18c7c3970033606
2026-02-09T18:15:12Z,N1ce-LiuGe,account.40f1eddbdd5e4cffafe0f22816b63df3
2026-02-09T18:15:12Z,IFTY-kangskr,account.b24498ad0ce7464cbf6cbf3e65635a95
2026-02-09T18:15:12Z,NB_kelasiCC,account.4ae573de45934e79a407a159ce4cfdd7
2026-02-09T18:15:12Z,Zdc0329,account.d9a40d4f3477455784da57cf4fb2affa
2026-02-09T18:15:12Z,xiaohe0111,account.e3e42c4985ca4d7fa7f05cb138d127e7
2026-02-09T18:15:12Z,GRANDBB,account.2ffa410db68644d69439edd08bbbc6ca
2026-02-09T18:15:12Z,SK-II-Kingmeimei,account.6253843254364631bb8b7a28c8016974
2026-02-09T18:15:12Z,YaoKa1xin_-_-,account.7b86cda9e5bd42f38247b505d74ed89f
2026-02-09T18:15:12Z,ChuaKer-,account.d694e11dd6ba4ad9b2179a5d5a5af3ff
2026-02-09T18:15:12Z,MKC-C5,account.f164965306194f16b623403c961068a7
2026-02-09T18:15:12Z,Lsm-690,account.316d5571c005443bb4fff3d10945d87d
2026-02-09T18:15:12Z,M-J1115,account.e848fdaa30ca43dc889d86e63f131601
2026-02-09T18:15:12Z,TB-V-ANUBIS,account.736d6c04c8e641caa1a8c8e4e7aafd70
2026-02-09T18:15:12Z,eotjodqkr,account.0cb5d3987fcb4327a098b310cc0808f7
2026-02-09T18:15:12Z,Ma4-Aircraft_94,account.e8bb38f1760c48189c8e7728119462da
2026-02-09T18:15:12Z,K1ai_z,account.94d4ffcb76fe4a2aa962638e523df4a8
2026-02-09T18:15:12Z,DDDDuLang,account.256de927467244b1b7da6b522671e0ea
2026-02-09T18:15:12Z,j99mssk4mb,account.0e746d29b95140898d348f12d67ed18f
2026-02-09T18:15:12Z,Dimple_LH,account.c642756e4f4a44029123f32f877c5ac0
2026-02-09T18:15:12Z,BO3321,account.31b5180badc747da82cc83032bc5d46e
2026-02-09T18:15:12Z,ixxd-_,account.fc012b51ae8a4a69a256e2f9bdcc2bb5
2026-02-09T18:15:12Z,slash__daw,account.07da572c6eb640ecbabd534afdd7e1f8
2026-02-09T18:15:12Z,ckdgus_ee,account.29a6f226a26e4d6d996793d1aeafbed0
2026-02-09T18:15:12Z,DCBAIDUREN,account.cfdcd60066b24021adca082fd9922d04
2026-02-09T18:15:12Z,ZI_Bon,account.e186445ea6834660b1777c5b6038b4c8
2026-02-09T18:15:12Z,RaIn-Zpeng,account.e0da52c780b24f3caddeb962a3b49f21
2026-02-09T18:15:12Z,KARUINA-,account.9017b86846ee4269846cd752d5b49115
2026-02-09T18:15:12Z,She_36D_55Kg,account.bf776f300e9d4ee4a70af3c70fc71767
2026-02-09T18:15:12Z,MU_XIn_222,account.93a34a0f5a64477c981e652bb8acb9f2
2026-02-09T18:15:12Z,KamuOna,account.790d6564c9394feebaac078caed98a41
2026-02-09T18:15:12Z,YBB_yousa,account.c64553d6ba3444e5a65147090bf13904
2026-02-09T18:15:12Z,BzYYds_-,account.6aadc768b0204fd1b0f4ffe84c8e012d
2026-02-09T18:15:12Z,LAST4HSJ,account.eff3d693eb9d4237aaa3fe06c1857b3d
2026-02-09T18:15:12Z,2tox,account.a8222df050884dabad1df3cdd924ee49
2026-02-09T18:15:12Z,obedient_rong,account.3e1d16a080bf43f3a1f93c742648d608
2026-02-09T18:15:12Z,LYH--233,account.4382eae955c24e6e8510cd7014c44278
2026-02-09T18:15:12Z,Kungg7,account.634329367dd74f1ebd2ec755f3a49c2f
2026-02-09T17:41:23Z,FreeMan_1997,account.3543e6afc8af447697608e55506c639c
2026-02-09T17:41:23Z,MonkeyDluffy7G,account.3c575ee4281e4e6a81f418b2f2a5ee12
2026-02-09T17:41:23Z,Sweet-908,account.b1e8653bc4cd446893610e0f609a31ee
2026-02-09T17:41:23Z,KARlNA411,account.99f302b8a0964d3ba5c6a5b6c6fd8ec9
2026-02-09T17:41:23Z,Xxxlon_G,account.b840baaa4007425095acf97010b015f3
2026-02-09T17:41:23Z,AjA3sAT,account.42f6c82f9bd94903a238531379fc7621
2026-02-09T17:41:23Z,TheShouzhengre-,account.d4d5e60051594e5d9ff08337276d5fa4
2026-02-09T17:41:23Z,African-Blackman,account.7f6f45c97aab42429afd511b401814fb
2026-02-09T17:41:23Z,TheAxecutioner-,account.73c4e837ace94038aee7b7b1d99330a5
2026-02-09T17:41:23Z,Vivienne_T,account.f860c721ebb14e8fb9eeb33653a8e5b1
2026-02-09T17:41:23Z,QWELUO1212,account.4abb8ea1e7f74ba6a07f6a5c7704ac18
2026-02-09T17:41:23Z,BXT_dan,account.ceaae32caf9f47939749e99115392490
2026-02-09T17:41:23Z,0_rong_0,account.63e77af8e72b4efebf2734e99f3490fb
2026-02-09T17:41:23Z,YUNFANGJUN,account.d74b1d6a82d24a459309419d296205bb
2026-02-09T17:41:23Z,ThePainstaking-,account.ef986762ea5d4da3b375f22566f11138
2026-02-09T17:41:23Z,HappyBoyJiangZon,account.98c31181e0c34ea68328ee43ccc27977
2026-02-09T17:41:23Z,SashimiZzzz,account.ca433a3823ce4fa898cd5eb7a99933aa
2026-02-09T17:41:23Z,Voo_Yuccc,account.1d42a381fa0d489582d714fa7712b085
2026-02-09T17:41:23Z,MirgeGalaxy,account.f6165c1bd8fc43d6ba72f72ae1c461d4
2026-02-09T17:41:23Z,EungGod,account.23f3b11c1bbc49229bae89b5699c1d8d
2026-02-09T17:41:23Z,Aimee-pp,account.0db92af1db1c41e286bd2799427431a3
2026-02-09T17:41:23Z,daimonsept2,account.499d29ee993e4804bf3bdc1440c3a153
2026-02-09T17:41:23Z,Er_Pao_Sou,account.147276793a9f41db96227b3bbcd58a32
2026-02-09T17:41:23Z,vvivovivv,account.5d6074ecd98749708842a0af8c8721f0
2026-02-09T17:41:23Z,Lron_Man_ili,account.35fccd428abd48cea0dac45cc00f08c9
2026-02-09T17:41:23Z,Tyrant-yangzong,account.656d3106560c44088f2b413c9aa710ca
2026-02-09T17:41:23Z,HG-00000000007,account.fda66f15f1d945aa9f79582856a4fee1
2026-02-09T17:41:23Z,Cstr1keTiAnYu,account.9fef42dcce9b4d709fc8389859d1637c
2026-02-09T17:41:23Z,857bengdiDJ,account.f82f0643eebb483e84601fab3dd404a8
2026-02-09T17:41:23Z,Generation-gods,account.f9cb9519f67845908f4dd9ab11b9de94
2026-02-09T17:41:23Z,10MENG,account.7476f418f44c48b2bec5cd03082db3af
2026-02-09T17:41:23Z,RoSeKiLlEr1109,account.2b50d06fcfd44f65807e514c69f2beab
2026-02-09T17:41:23Z,X-Nice666,account.478429c51d654e8492bd9886f8eca72a
2026-02-09T17:41:23Z,kn1foot,account.e3c1c6f75bb7408b8a494dfe048d2467
2026-02-09T17:41:23Z,Mt-vio,account.8e2af0007cfd4ca381a71a03f0860705
2026-02-09T17:41:23Z,hyihyihyi008,account.ed966f78f3454d238ce9d07abff5d707
2026-02-09T17:41:23Z,DeVante-EDwards,account.0e6cedeaa1874d97bb3a2f7030651150
2026-02-09T17:41:23Z,x-x-x-x-Strong,account.0266d8165b2d43a183e3407d0e9f8ebb
2026-02-09T17:41:23Z,dsawcasa,account.31bf66ef6b674dd980e14fc4720df30e
2026-02-09T17:41:23Z,BingB-ing,account.9c9ea807eb7546388bc17f9db0edd1bd
2026-02-09T17:41:23Z,Champion-Hero,account.35ca1ab505a143948338b0eb86c47392
2026-02-09T17:41:23Z,SunDaPao_-,account.8be6715065154e8585c59eb93c22a99d
2026-02-09T17:41:23Z,hellooyster,account.9001c7e7f58f44cbb6f51f8c31d0fd95
2026-02-09T17:41:23Z,Apex_Axin,account.7c74b90e672b4cd3b20104a401d987e8
2026-02-09T17:41:23Z,JM-azheng,account.904c59a4045b4574a8318b5ef01608e4
2026-02-09T17:41:23Z,Layman-_pch,account.532debc292874aa5ab6c4880dc869a73
2026-02-09T17:41:23Z,Im_Lao_Pao,account.34a97acb9d144ba6801aa8ea6e82bc44
2026-02-09T17:41:23Z,LiuTao8999,account.6ac1a8461d784f25a9de59d34544ef5d
2026-02-09T17:41:23Z,ZEN_MUN_GA,account.b80e0c15a3f34e08842911d9dc38b740
2026-02-09T17:41:23Z,aby1333333,account.f1d2579a90c44d1b9b6f575b1e4bbc62
2026-02-09T17:41:23Z,El-pozo_HA,account.331dad08669647128af8823257c54d08
2026-02-09T17:41:23Z,AnYue15,account.23799a3732d949b892b0d80f5c3c6e12
2026-02-09T17:41:23Z,Unknown6994,account.82baa6348a6a49fb9edf3a84371a86ac
2026-02-09T17:34:10Z,Ze1poXe,account.5c32653db836417d8ffc511aa0389174
2026-02-09T17:34:10Z,Ely_lei,account.bfc41ec50b0749ef837948958cccfae3
2026-02-09T17:34:10Z,Y-izx,account.cc87683206ec4ac89d14351443bb4d1c
2026-02-09T17:34:10Z,baboerben6669,account.e8833d8e73dc409dae168dfff176525f
2026-02-09T17:34:10Z,o4l6-_,account.e92a1d6fa8544b2997229866f0faabd6
2026-02-09T17:34:10Z,Zs_5219,account.20ec2cf468b449a39cd5391b5624c653
2026-02-09T17:34:10Z,yanchu10086,account.3e67e6cf87384067bc29e9e88bb13ac5
2026-02-09T17:34:10Z,MonkeyGaBa,account.a09fa128edf9461ab582ae78615ea5a2
2026-02-09T17:34:10Z,Zlxlxlx997,account.cc71c0816b0e4124bc5c707c0600d0b7
2026-02-09T17:34:10Z,NT_HS2587,account.67395f9fcbe445bfbd1973798c2bed65
2026-02-09T17:34:10Z,QM-0902,account.77a343b5237f40f0bc3b1d2ce860b569
2026-02-09T17:34:10Z,Sherab_Lhamo,account.211ddb81ceea45e391c1fac6cf0bcd71
2026-02-09T17:34:10Z,0992-9999999,account.2046bcdc35ea4ec4a25a773cabc63596
2026-02-09T17:34:10Z,i93DY-_,account.cc2e34374d6b4f35b14e675644645692
2026-02-09T17:34:10Z,YOUNGBaBaxxX,account.5601744bbdfa407eac23631536b0019a
2026-02-09T17:34:10Z,Subaru-outback,account.76676f6610ba42248ae24057fce2acda
2026-02-09T17:34:10Z,Aqr_Liujc,account.a23662d4ad344b1581274e86801d600a
2026-02-09T17:34:10Z,qwe-123-222-,account.d159ea3db882492d9c9f204a7ab9b77b
2026-02-09T17:34:10Z,PokemonOoO,account.0e0f4a6615564f90b1340618b5b904c5
2026-02-09T17:34:10Z,DaJ1ng-_,account.f91db4f3e3e64f518917472286fea16b
2026-02-09T17:34:10Z,SikSxg,account.5c312fc5915946acb52e598be6178777
2026-02-09T17:34:10Z,koujiodashen,account.098048bb0dbd4d14996ff42d437b1837
2026-02-09T17:34:10Z,vain-JOKER_,account.0c51bbd827f3495ca7f3ed3e6a242a28
2026-02-09T17:34:10Z,Dyin_GSTS,account.987303f8fa9d455da371a73c45b6146c
2026-02-09T17:34:10Z,jzHY6KGO1eCNjC,account.7cb2a519cdab4101b0c7ce5d11669b4e
2026-02-09T17:34:10Z,EternallyKing_,account.dc8887e6b7ad4997a6c87db138d21336
2026-02-09T17:34:10Z,Baiyuhua-LYP,account.e5113a0e5b0a44949ed7abeeda1b7923
2026-02-09T17:34:10Z,Pang911,account.b8f14a9db2cc4d2580164091566fca35
2026-02-09T17:34:10Z,Sunshine_GQ,account.da771702d00143dcaf4208ae59c622af
2026-02-09T17:34:10Z,as--_aaaaaaaaaaa,account.577fccaa6591451e8f7b6a8f8f3d7c35
2026-02-09T17:34:10Z,ClaraUSheridan,account.8d4e7cfdaab140bb997d3b0b3db20a72
2026-02-09T17:34:10Z,shenshen9527,account.a5884d92d3c44c9886a7af69d4f4a80c
2026-02-09T17:34:10Z,R_itACC,account.ab7a1e1791ee421ea8242c9278b9d099
2026-02-09T17:34:10Z,1Alia_,account.03057d44bc6c4f2bbfa7837569df3798
2026-02-09T17:34:10Z,Fitz-devil_-,account.b4bc78b612e34afebc731ec440a9d9f7
2026-02-09T17:34:10Z,183--_mmmmmmmmmm,account.f94d7b42b227463a8226769c03e78268
2026-02-09T17:34:10Z,ni1o7,account.ba94104527a048a2bcb027be17e1e965
2026-02-09T17:34:10Z,ImE1even,account.14aaefbcc2a84593ba925020f5e385d9
2026-02-09T17:34:10Z,wyl18289,account.9279bc21daea4f698c3901a1f085fd09
2026-02-09T17:34:10Z,BeaStS7777777,account.d0d9556c5bcc44c189c6a4f084691036
2026-02-09T17:34:10Z,JlnN1an18_,account.22fb0c7be345403ba8395ff96e3a9fb7
2026-02-09T17:34:10Z,mob1ya,account.24a82d93fb0044d5848178659bbb5711
2026-02-09T17:34:10Z,holdshow,account.3e1d854578ca4671a884396e90202dbd
2026-02-09T17:34:10Z,Axiaoxinyun,account.87759f5918ae4f83a9966bee0ee81406
2026-02-09T17:34:10Z,Kennyssss_,account.bae895e22fbc4bc2897b2bbbf52d1f03
2026-02-09T17:34:10Z,ShanDianqh,account.934fd5a292634d1796ee540f99cfd0e7
2026-02-09T17:34:10Z,Vivi_forest,account.63ee904a415b4f858196d47a718cdbe2
2026-02-09T17:34:10Z,9kisi,account.c3a78faca77142449367088829815b40
2026-02-09T17:34:10Z,0992-555555,account.0fa2c0182f694df6bb0d169e6783e49e
2026-02-09T17:34:10Z,jiangSu_Xiucai,account.b22a3928f3914c3cb731f3bd9780cc84
2026-02-09T17:26:37Z,DY-XiaoZhiYuan,account.9fcad72562c24a61b3109bab6a3ef432
2026-02-09T17:26:37Z,THeFu_TuRe,account.9687cbd67b2842f8b2cca0852bb0a9aa
2026-02-09T17:26:37Z,Final_LD,account.fa2f94d0cc634a3bb99c2679dd8eb864
2026-02-09T17:26:37Z,Caiing,account.cea4af18705847cc98d57c46b5748425
2026-02-09T17:26:37Z,BoxTeam-DiuDiu,account.fa7d984e691642eba37b0ee34d6a59cf
2026-02-09T17:26:37Z,Vni66-jiaobaba,account.986fc468795843f987514124c00527a4
2026-02-09T17:26:37Z,LUCK_CA,account.6bbf577ec2c4401bb3735d8ed8181c59
2026-02-09T17:26:37Z,boom-chacha,account.7724b91e344847bb82052893413879f8
2026-02-09T17:26:37Z,Gweio3o_,account.dd1fdb24d8444d6782c2a142eec5fd73
2026-02-09T17:26:37Z,Meng-Nan-C-18cm,account.3df4ee272f0e47f290b76c1086552be1
2026-02-09T17:26:37Z,KECHIAHAO,account.eb79ed198ef44f52ab80e34cba4f966a
2026-02-09T17:26:37Z,1m99-Hg,account.9bc38123c4f244aa8cff086cb59e7c51
2026-02-09T17:26:37Z,Redamancc-,account.0dfed0f2e91b407da80d00c6328359ab
2026-02-09T17:26:37Z,Mrrqcdr913,account.22b33a014c244c1fbfa3ae1c3c485be5
2026-02-09T17:26:37Z,COTsBBe,account.e8fe35daa4904c02bd62bd76b96cfd30
2026-02-09T17:26:37Z,Godoflicks-,account.bfb00d6142d94c6a9c4bdbf178817d6d
2026-02-09T17:26:37Z,TS_aldapyasayman,account.31ebab5287154b62b8255365b16fceb1
2026-02-09T17:26:37Z,17_525S2,account.f2b9bccd90384a62a557c7293610649c
2026-02-09T17:26:37Z,iu-Ally,account.200a440028074ba48aa090d5762e224b
2026-02-09T17:26:37Z,Bohenian1123,account.31ad7159ba94485ea2fe66b93899a47e
2026-02-09T17:26:37Z,Me1y1s_-,account.75063171a53f4f4ca9f491d178b01ec9
2026-02-09T17:26:37Z,happy__wz,account.0fcf1c35b7e84798b2b2cdd93416cdfd
2026-02-09T17:26:37Z,i7Hui_,account.ebc139dc688f4350a22680305a514e18
2026-02-09T17:26:37Z,i62nn_-,account.a5dccc4df8244d5cad7bf9a28b591038
2026-02-09T17:26:37Z,7hanks-_-,account.298309eaff194192954bf27a9f16c708
2026-02-09T17:26:37Z,xiaojia0927,account.21f39be8f9da448d92130a2e1b17acc8
2026-02-09T17:26:37Z,Yux1x1,account.81c7eab5a79f4da0b7286e1950c69277
2026-02-09T17:26:37Z,Amiee_y,account.ce9d01f1298f4da99c6e2ec83d30805c
2026-02-09T17:26:37Z,gmasfm666,account.b673c1db55334f5380d4f33870f3a596
2026-02-09T17:26:37Z,iiiPang_o_o,account.388b8758ff9f485598fe06e2398b856f
2026-02-09T17:26:37Z,Sonny-02-15,account.c964cec917f94d4e9251f116dbd589fb
2026-02-09T17:26:37Z,TMJIA,account.eab103bf3a45471b9694e020a14bcaa4
2026-02-09T17:26:37Z,Dorae_Pixie_rr,account.1cc9c8a431754444901d119c4d38f6af
2026-02-09T17:26:37Z,jiangshuishang,account.219abb44387745738f9fdb6662e20004
2026-02-09T17:26:37Z,6hanks-_-,account.cca07bc08f6843309cd59fb3bc90e18d
2026-02-09T17:26:37Z,SmalcowhoRse,account.4cd39762444e4fc2b349c049dec627d7
2026-02-09T17:26:37Z,AX-Seven,account.b88bbcee8ba545d0a0d2dd4bd977b4c8
2026-02-09T17:26:37Z,gygangbang,account.16483e007820471f982de41a9ac7254c
2026-02-09T17:26:37Z,XiaochaoFirst,account.50349fb3a4c3456ca3ea991c19405093
2026-02-09T17:26:37Z,dongsslee,account.869636b2cf4b4c61b5a76e83ce097cbb
2026-02-09T17:26:37Z,weixiao-99992,account.f003d34a647a4d269762a5a28f7c6c07
2026-02-09T17:26:37Z,dy5217788,account.84d76f5710c942ec99b0bc43a49f088a
2026-02-09T17:26:37Z,wolaisong666,account.b15bdf7865db4ef2bd6d41754d3b7f6d
2026-02-09T17:26:37Z,BoxTeam-LaoXu,account.05d04f1fb3804f97b257532383aa3749
2026-02-09T17:26:37Z,lovelaoge12,account.902dc284af8a4e4d9a77e605fa0730a7
2026-02-09T17:26:37Z,546677,account.41b4832d7cef4955b0b02de4b633e297
2026-02-09T17:26:37Z,Xiao--kaiBB,account.e4be70424ed74171a059bb91e46e56e4
2026-02-09T17:26:37Z,lmylmylmya,account.3e95d8dbc8f64adcb9cfc4cc55cf660f
2026-02-09T17:26:37Z,Salacious_Boy,account.d73faebd859545baab53e234eebee0f6
2026-02-09T16:56:40Z,GUHuiJiWanJia--,account.00da597831b4467f88fe1c27f70e1020
2026-02-09T16:56:40Z,Xian_i7,account.077f3651b28743fda0dfd18fa4245a9f
2026-02-09T16:56:40Z,FoAn_,account.51c9d402210d46379cb62084d6ef8b34
2026-02-09T16:56:40Z,AKMxiaoyv,account.fedb9781759c46568af8aac9d271269e
2026-02-09T16:56:40Z,DanielWu000,account.ce50fa1129ed4c53beea45ff6a1b7d9b
2026-02-09T16:56:40Z,PeRo_KDDxxx,account.ee4e93ebb6b0449891edd6f0954920e1
2026-02-09T16:56:40Z,YAn9888,account.3032f5157f534ee8bd8c27dcf9e4e194
2026-02-09T16:56:40Z,AiXleft_xxoo,account.7309ca8e646848a8a8376f62c4d4e97c
2026-02-09T16:56:40Z,take-Hope,account.12297ad7a6a742e4b3cd6d660b8c8acb
2026-02-09T16:56:40Z,HanWoo_pig-_-v,account.e4414364552444b590fc081ca6a90c4d
2026-02-09T16:56:40Z,Yi_8899,account.aed440d1ae7446f69ed71c119889af8e
2026-02-09T16:56:40Z,B1king_-,account.d0eb03f17eb344e487f48b9447904f8d
2026-02-09T16:56:40Z,HURIN33,account.125ca55a4f1a4e9eb7e78da7ec96a4a9
2026-02-09T16:56:40Z,yihou2222111,account.696e371477d244fea61beb3ba0666a31
2026-02-09T16:56:40Z,Pepsi-green,account.063c325253d64b8cbf0eca014db0901e
2026-02-09T16:56:40Z,I_want_Chimaek,account.d6a32130c3a64c8db312072271f0ba56
2026-02-09T16:56:40Z,1Msuiyue,account.04c6f29f58984b8b8354311e03a3603a
2026-02-09T16:56:40Z,EDMNANNAN,account.d601607d01f74e3e8e63eab50d1d8d20
2026-02-09T16:56:40Z,F_Bpw,account.57e7d2e5d4d44e9ba3eea73661dccb66
2026-02-09T16:56:40Z,abcdjk120,account.43cd49976f0f4dbfb8f905851f3ecf5a
2026-02-09T16:56:40Z,Good_Gooder,account.f2e33b5dd87d4059a7251f3b6687b121
2026-02-09T16:56:40Z,jack_59,account.94c86b3f947a4f54bae6ea1c55f208e5
2026-02-09T16:56:40Z,sh_0yx_,account.142bdbf01b1040e58b67f142ee3d5401
2026-02-09T16:56:40Z,dwdok684kf,account.0ddb72a2b9e44fbe84ba39a26d493355
2026-02-09T16:56:40Z,BliztT-T,account.3c59ee3f3a484fe7879d33841f6a4a74
2026-02-09T16:56:40Z,MineM1ne_-,account.e1a310ce11a94cd893005249b4f5d4ed
2026-02-09T16:56:40Z,WGT_7,account.2244af8dc0b940f0aa649114137ddfad
2026-02-09T16:56:40Z,YyTV-6823b441-Xw,account.7d5e2e38d01a4fc3846b4fa0092eef7b
2026-02-09T16:56:40Z,9vobc87j0h,account.0ae5b3b3836a4939beb1e757e5392f87
2026-02-09T16:56:40Z,sssummerpp,account.781f0da251504835859c5af5b430cc62
2026-02-09T16:56:40Z,Kungs98K,account.625cb625842f4fb6965bc69e29b9427f
2026-02-09T16:56:40Z,giyomjuyun,account.ece9249a8c2b4b9789db565109ed06db
2026-02-09T16:56:40Z,Phoenix-Ning,account.c50257d166f74ed3b4709e4186278d1a
2026-02-09T16:56:40Z,ald72,account.d862a53573744da489009feaf59cfb60
2026-02-09T16:56:40Z,WL5106,account.d412a43e78594636a9798173a77c27ed
2026-02-09T16:56:40Z,hyunsu0702,account.f830e76993884e20ba8e865cf31c5fd6
2026-02-09T16:56:40Z,Excesssssssssss_,account.52554a8c9a0a4a428bff611da03634a6
2026-02-09T16:56:40Z,Bsstow,account.9dc6d495253248d7abff43f93f6e4419
2026-02-09T16:56:40Z,FeiZhou_2Ge,account.5adcfe5471d1495781aa626c70a8dfc7
2026-02-09T16:56:40Z,1u3z,account.bb8bc72339f34f92b82745914708936f
2026-02-09T16:56:40Z,GH-SHIGUANHUI,account.e52ac1818adf45f982203bede753e6f5
2026-02-09T16:56:40Z,SongS0007,account.d26f24b31c6a4870ad7b540677d4c873
2026-02-09T16:56:40Z,186CM--18CM-67KG,account.ffb13c98c5d84ca0bcf3b8c82f987bd7
2026-02-09T16:56:40Z,Xx_1023_xX,account.9955fa1dfcf34955856ceb4608070b60
2026-02-09T16:56:40Z,Muyoi-,account.7b70865d307f4d6bb8ae295e33691353
2026-02-09T16:38:18Z,HogMe_-,account.9d094ccfa7704a66bfa2e07f4640be1e
2026-02-09T16:38:18Z,Miniooons,account.7e8a5f773c40452c8bd8f654b4297894
2026-02-09T16:38:18Z,no-zhouXX-9527,account.039d004daaf24266b8234fe60d9ac5d8
2026-02-09T16:38:18Z,Zw-7258,account.83cba2c8d07745a2bb58bc561aee7c21
2026-02-09T16:38:18Z,JinJBeWater_,account.91cc7eb58b16456aa5872919726a46cc
2026-02-09T16:38:18Z,SuiXian_TaoGe,account.cd64947e314145108236be6e48ff535c
2026-02-09T16:38:18Z,NeomooJoARA0219,account.12d8ae60af4c4826beeebb9a36f39509
2026-02-09T16:38:18Z,SongForYou1126,account.bf5dcd872004428390a9f10aa585331e
2026-02-09T16:38:18Z,AB_AIM,account.7597db299c7a46ceb7a6961bd1f6efc6
2026-02-09T16:38:18Z,Er_qingMengmeng,account.4f86c21d5a334ae99fe0f6601c789268
2026-02-09T16:38:18Z,Xx__syy,account.211ec764ff4945758a97e48bff9622e7
2026-02-09T16:38:18Z,xuxuxuxuDD,account.66b1a9be0f994d219acd59ae8c333a8a
2026-02-09T16:38:18Z,zwc67676767,account.5a644451e8184350a9ffc20ddf33d0af
2026-02-09T16:38:18Z,yangdaxiaxia,account.237d179eb0e84ff79ebddebc63068f3d
2026-02-09T16:38:18Z,kuaikaiche,account.3908dc34dce64287a23129904a9970ba
2026-02-09T16:38:18Z,AxiLeft1,account.075fd622ada64601a6b8daec0f76a512
2026-02-09T16:38:18Z,A-1130,account.2f3753af1aeb4b3891e0d6b392bb4e83
2026-02-09T16:38:18Z,SonG_Su_04,account.e3ddd4d13a62443c98cbd714d09a4aad
2026-02-09T16:38:18Z,iFax-_,account.a59ea244096843c9869da37a1c2c2bcf
2026-02-09T16:38:18Z,BIGJJGIRL-Sggo,account.0444caba328f4549919fff18d7a22c08
2026-02-09T16:38:18Z,LVR911,account.4e7b38ab917345a8bbd80d877708d834
2026-02-09T16:38:18Z,1_want_a-dimple,account.141ac8429d984bff8e98ace60cc082aa
2026-02-09T16:38:18Z,81562165,account.4b4c2080f4c94b47b1bb12992e506e30
2026-02-09T16:38:18Z,BenBen-Wdnmd,account.1fa2c7c118ec4897a2ab0b7f5150aa2b
2026-02-09T16:38:18Z,4AM_Wangiron,account.cf7f85a0dc14465a9709619751df4aee
2026-02-09T16:38:18Z,NICEBIUBIUBIU3,account.e735ceb63e8448efb4fcae813a3d20b6
2026-02-09T16:38:18Z,Pikachu_Yang,account.772d80a0e1744d91905c91258c58351f
2026-02-09T16:38:18Z,Halo_Angel,account.7bad729139684b35aa5ab49537725ade
2026-02-09T16:38:18Z,ZengXin_ling,account.61523c2d5cbe48b4bff97cbc68d01376
2026-02-09T16:38:18Z,X1aoBn9_-,account.8e6007bd4a5143a3bce48cdca3ffff56
2026-02-09T16:38:18Z,D_han08,account.84b2e8c0d39e415d84b6490422a83212
2026-02-09T16:38:18Z,GKLF,account.ac5da1ae787c4720891aa5b6ca35851a
2026-02-09T16:38:18Z,MJ_Cunzhang,account.53fe86609e0245078d451b6ed12b1a6f
2026-02-09T16:38:18Z,EAseven_BaoMi,account.7eb4941ca46f473a8e90cb5e1d91525e
2026-02-09T16:38:18Z,zsbtj50185,account.ea87822873a94a54b04994d3b166e74f
2026-02-09T16:38:18Z,DT_CTSS,account.3e8e1e0fa09e4f708d358e22b41211ec
2026-02-09T16:38:18Z,zzzake123,account.cf8ae87b8bad47eab4bd047f4c2397cf
2026-02-09T16:38:18Z,KOR_YuJae,account.98a9aa65b4734e36b074321d487d8db8
2026-02-09T16:38:18Z,MtttNBB,account.f6de05ba6ced4d5687518135196ed6cf
2026-02-09T16:38:18Z,cRo7i2_,account.c74c5a7aa25d4d3c855958bd8967944b
2026-02-09T16:38:18Z,LZWH_LiSir,account.c964b4a9d4194ef69b07eb67097c15d5
2026-02-09T16:38:18Z,B1eI-,account.7e074ffd44584219a6d287ca1e1417c3
2026-02-09T16:38:18Z,Warh_,account.13c2763bce3c420ab44aef4bf70f8fc1
2026-02-09T16:38:18Z,V117_-,account.ea84c981371a430abe8b4488fa5cc4ef
2026-02-09T16:38:18Z,LiSaoNx,account.52167f9cf166418b998c12bad2ed0332
2026-02-09T16:38:18Z,YS-Y-YY,account.c12fd4008d7a48bdb988cfb52dcdbb87
2026-02-09T16:38:18Z,wo-bushilibai,account.b54d82681dce4d55924f64d9adec7a2a
2026-02-09T16:38:18Z,xiaokeai-qing666,account.12428e0713d4424586931d6e700142ac
2026-02-09T16:38:18Z,zhonglanxin,account.6fbd489fe89b46989cb61cd8c9d1ec31
2026-02-09T16:38:18Z,SummerKillers,account.e69d1cc6ac884122b9256954395f286a
2026-02-09T16:38:18Z,DouYuTV-920910,account.ddc4df74997145e8bbb98ad76b79d46b
2026-02-09T16:38:18Z,carrotbae,account.6f8c16bf3e5c43bdb1cef6dec8777985
2026-02-09T16:38:18Z,Datou_er,account.91c8cdc4390c496c8c1405f4d0cced4d
2026-02-09T16:17:11Z,Jack-Sanchez,account.0d96aa54dfcc4ab5a85b12075e6c2d96
2026-02-09T16:17:11Z,jerrychen886,account.11f688268be34a10a2985a774720fe74
2026-02-09T16:17:11Z,FATE_Susutian,account.7e57b90860954bb8ab55ccc91d667ac8
2026-02-09T16:17:11Z,CHIAN-feng2010,account.8615923e29234c7dadd5dcba4a815a3b
2026-02-09T16:17:11Z,SaviourCHen,account.86e00206c94544aeb894e804ca98ef74
2026-02-09T16:17:11Z,MacHineGun-Bo-Bo,account.8a89e49f1d854744a4a449811215e490
2026-02-09T16:17:11Z,DDDpaperclip,account.6e3c831cc4b14f5f8d67ca16853fb52e
2026-02-09T16:17:11Z,z6kk26b7rv,account.8db04f9d1bdc444ca6227bc6dac0bd0b
2026-02-09T16:17:11Z,Godslayer_97,account.538a309b4f0c46cda30d4ab6cd286ba6
2026-02-09T16:17:11Z,Q_ssssss,account.1939431e6d1b43109735d03738551a39
2026-02-09T16:17:11Z,CalhounZhangKobe,account.acba31e40e2e4868966ec6ec57d9430f
2026-02-09T16:17:11Z,EAT77GG,account.79b2fd00e32f47f29df01be149528514
2026-02-09T16:17:11Z,Helen624,account.46c5318575a34917b576a8a4d48c855a
2026-02-09T16:17:11Z,Poison-GodxXX,account.5d3ed174a75e4a4eb53135e329c18529
2026-02-09T16:17:11Z,123apv,account.e2a50c8cdce14d8cade3a1466e70b0c5
2026-02-09T16:17:11Z,24K-Crowm,account.87decf6424bb4514a2e2837b3455d1c8
2026-02-09T16:17:11Z,Tz-jianbing,account.47e2fc83f5a5418c810b5c28bbf600cc
2026-02-09T16:17:11Z,Aubrey_Chen,account.f12f5a961f874baf9237f4b1f185cded
2026-02-09T16:17:11Z,masahisafukase,account.287c668b30894abdae8b583eda3e8ec2
2026-02-09T16:17:11Z,HKCra2yDo9-Css,account.d29f68cac5694aa78afa2e3b8c77ee76
2026-02-09T16:17:11Z,meifeisite,account.05e7015d609f4616812233726f44ffce
2026-02-09T16:17:11Z,Muscle_my,account.3d57970a67ef4bf8a745d29a600c27bd
2026-02-09T16:17:11Z,A1ACE,account.3c7a5cb9f481407881d95a45ec9c6359
2026-02-09T16:17:11Z,Libra-_x,account.6f02b744b9d8446ba2fac1b0792190d2
2026-02-09T16:17:11Z,l88hm9yahp,account.9cfe0a195b604fe7b5326dd9ac7e2224
2026-02-09T16:17:11Z,ChenZhiHaoRan,account.792078e9dcda44dd9f7e0e558f391737
2026-02-09T16:17:11Z,Aaobamababa,account.b73ffd776a424f9a94cb3c2293752c7a
2026-02-09T16:17:11Z,4AM-DungFang_Qq,account.491b552f44fe437ea81bea7e8a41bb48
2026-02-09T16:17:11Z,Leo-_o,account.3905021ac52e4e6fa73938d45ac3c7ac
2026-02-09T16:17:11Z,vvdad,account.d750a7748b2142be9d7d404984eb0f80
2026-02-09T16:17:11Z,Dy_IRONMO,account.a05039364bbd4ea8ac4f6a9f8925bd4f
2026-02-09T16:17:11Z,0113Aweiii_-,account.b5b12ba3fb694d1ab4ebf2e1b293bdfc
2026-02-09T16:17:11Z,p_o_p_p_p_p,account.aaa2a9c31883410aae69e620d8b05b9f
2026-02-09T16:17:11Z,Xinglong-HeiXF,account.0a0a3f89966d4e449ac9c20ffa33311f
2026-02-09T16:17:11Z,xJH_98x,account.a8ff8b2fe27e4b04b401d11553e4fe85
2026-02-09T16:17:11Z,CHINA_PlanB,account.baa015c4034b4bf09ed4c8237e0659ae
2026-02-09T16:17:11Z,China--Tenero,account.be2f25e3551e4a748085bbc65e78819b
2026-02-09T16:17:11Z,77-iio,account.b1993c54a6644ebcb0698db691b80265
2026-02-09T16:17:11Z,MASO1231,account.0f6880610fba421f9e3a924da800943a
2026-02-09T16:17:11Z,17_stormy,account.eb0e36d19b104d96928f688375067e70
2026-02-09T16:17:11Z,Ssufott,account.b62c717a4aa5408980703e4c7daed802
2026-02-09T16:17:11Z,Airxxxlll,account.ecbea73e8c7f41d9a7189eb2d126fc8c
2026-02-09T16:17:11Z,Longcongying1991,account.cd2670b149a34221b05dca275716bcc0
2026-02-09T16:17:11Z,xjjxjjaj,account.4b769eb4f2a44a358164fbbc0fb22b6d
2026-02-09T16:17:11Z,CN-LWQ,account.1609ff06ce9e476ea1e1ef961b9848b4
2026-02-09T16:17:11Z,Biadeoftheking,account.83bde1483d7640579a11fcdd541a551d
2026-02-09T16:17:11Z,LUWW8395,account.40e189bd770947aaa15523d4e504cc02
2026-02-09T16:17:11Z,77ibb-_,account.b8b56f849e9246e891a9b7603c396122
2026-02-09T16:17:11Z,D1Mon_-LuC1FeR,account.42ffb10659944df0b0aa3200b405b6de
2026-02-09T16:17:11Z,Sugarisnots,account.587da85018e34d01ba1f4cc928201fc0
2026-02-09T16:17:11Z,17_Jenise,account.45602bf1f2934be2adada11f29b4379b
2026-02-09T16:17:11Z,TheBigEarth,account.4c3bfaa7482f41d194f96ecbbec256f3
2026-02-09T16:17:11Z,tegesg,account.c280e4a4062e42d28893c15072bdafac
2026-02-09T16:17:11Z,Yingge-888,account.e07a5c31ecf74b9ab630a64cfb74fc2a
2026-02-09T16:17:11Z,LVGELAIYE,account.4cf8d79d63664f719500dda2168df49f
2026-02-09T16:17:11Z,Giri_Scout,account.9c8b5f3babb94d86bbd7f06ff9140246
2026-02-09T16:04:27Z,QT0-_0,account.40d28c67f78a48ecbc8714d2c917fbce
2026-02-09T16:04:27Z,FUXKINGDUCK6243,account.609571741bf04410b0ca08b26398b1a8
2026-02-09T16:04:27Z,Cone-semul,account.a1ea1bc2d104471aaffa5781e4d304d1
2026-02-09T16:04:27Z,zhendaome1,account.757239c8749b46b9884a5616be2bb6cb
2026-02-09T16:04:27Z,NG-k2-AKG,account.12ced851c0c44a67891690534fdccd25
2026-02-09T16:04:27Z,mini-miss1,account.fe607cba27554341bbf500151c89c386
2026-02-09T16:04:27Z,PLAaimer,account.5497c1898aea46ab822191237d274ea3
2026-02-09T16:04:27Z,xiaohuihui134,account.a61cbf13618e40e499910a1a095b6576
2026-02-09T16:04:27Z,sunshine--cn,account.b7113c456ad74006b934e05b3244a6c8
2026-02-09T16:04:27Z,Automated_TM,account.d3eed747eea8483398adbe6f00993456
2026-02-09T16:04:27Z,HeFei--TV--chaoG,account.1d62a740250b411892338433c8120b7a
2026-02-09T16:04:27Z,98k-ZeiJei66666,account.efc3597d471c43e3818426cc376fae97
2026-02-09T16:04:27Z,Gz_YiXiN,account.87fda5ec8b924c4989f1d1dab85cc8fd
2026-02-09T16:04:27Z,MXB-ZIHAO,account.d980b2e2e41441a99bbfce8d7c5bf630
2026-02-09T16:04:27Z,VNB4233,account.818aee1890b6472c99cba308c2628ff8
2026-02-09T16:04:27Z,Xu-SanXi,account.0680b6b2500d49bc87a20e146ff39a70
2026-02-09T16:04:27Z,zhourong21-12-24,account.b3689b13599f4108bee47152f4bb3090
2026-02-09T16:04:27Z,CiCiPop,account.9337befc0e1143b2a02c79913533b21c
2026-02-09T16:04:27Z,Waeeae,account.4673a31c12774b0f80fead06bfc276bc
2026-02-09T16:04:27Z,NG_Happywindman,account.7333407e933d43c7a67aa6f59caa06b0
2026-02-09T16:04:27Z,1mat_,account.1e4f84bf19614fdead9ddcce256560ff
2026-02-09T16:04:27Z,china_pubg_kk,account.4ee045e36cb1427e88b85427363cc455
2026-02-09T16:04:27Z,Mr91Qiang,account.9e400d433425455dbd9a1f22f4e78fbc
2026-02-09T16:04:27Z,Pwppet,account.0c00065d8d48459fab9c3076028873ee
2026-02-09T16:04:27Z,KOREA1115,account.b029f556f4244487a8fe81e90fd31d63
2026-02-09T16:04:27Z,TM-AR117,account.5f6bb0b48d4943f18b82ab1560ba8556
2026-02-09T16:04:27Z,Freeandeasy234,account.05f32a5c613e4f64a3060dd21183101a
2026-02-09T16:04:27Z,mecan0_1,account.0565aa0e967d4178abe67af90944f8dc
2026-02-09T16:04:27Z,TkMegane,account.33b3d7ce07a34ec59aa8b0ebfd5a947e
2026-02-09T16:04:27Z,qSMf6lyfV,account.a8bcb231e087478ca385eac041722a15
2026-02-09T16:04:27Z,Chedapa0,account.5de80eecb20b4bbcb5ad658e7d50189d
2026-02-09T16:04:27Z,ZitKa-1916,account.8cd0c61f442143e6bca165aed685b735
2026-02-09T16:04:27Z,KILL_Wulei,account.1d78b3e98d614af5afa607ae15242c9b
2026-02-09T16:04:27Z,LaolaoHan1122,account.93f42fcf64e2481b8d76a23c828985fa
2026-02-09T16:04:27Z,fire_brid,account.8d6e870a5f06491cbce1d6d710051a4b
2026-02-09T16:04:27Z,big--stick,account.13f313635135492695a7b21dab9e300e
2026-02-09T16:04:27Z,WFD_BuLi,account.2750a1922baa463a979cde332a827643
2026-02-09T16:04:27Z,AOG-GOODai,account.d94490dfadbf493289a1ebde48b382ae
2026-02-09T16:04:27Z,On_Mo,account.3b692f50971545adae770794d3b57fbe
2026-02-09T16:04:27Z,kongbaiwubai,account.8b0967c681e347c2bb18588f44005c1e
2026-02-09T16:04:27Z,Goutu1zi,account.4b1c011e5dce4ce5a18460043cc9fe05
2026-02-09T16:04:27Z,vencent9_7,account.bab9c87dab734032a3439bea02b74703
2026-02-09T16:04:27Z,Noic_,account.5d4841dddd3d4b8c995799d13ada9cd1
2026-02-09T16:04:27Z,xxxxxc_-,account.bcd3199d1b7341538164fcf41d6c7b20
2026-02-09T16:04:27Z,mbdmmwj,account.c81b187cf23c47a3a0f08727c9ad37b4
2026-02-09T16:04:27Z,LIUZHUO888,account.079ee12c205742138d9dfeb5d3caaf4b
2026-02-09T16:04:27Z,Anonymous-Xchen,account.abee57dc0edd46218224386350bdedee
2026-02-09T16:04:27Z,Mkko1,account.b6b8a76c42014b5e854784fbd8b223e0
2026-02-09T16:04:27Z,XoX-_-77,account.d3f812e6a3f04e5097342a23afc85c5a
2026-02-09T16:04:27Z,Hero-KangBazi,account.fe2bbdc5cad9463db995fb8470b6eed6
2026-02-09T16:04:27Z,Zack_JJ,account.dfc0ad210970444fb4e07ced31e32c29
2026-02-09T16:04:27Z,71xt,account.53e577c8fe71454b9b4b368aa8255d8e
2026-02-09T16:04:27Z,CF945945945,account.1e5aed5795974386b5d8cb4aea7ccf16
2026-02-09T16:04:27Z,forest026,account.27d8f0b8a0354745a9273f566c05d5fa
2026-02-09T16:04:27Z,KKFERRMAN,account.a05ebbdd6d534b3c973383ba8e882994
2026-02-09T16:04:27Z,xiaoxiao2024_,account.1a0130449200432da8cc2d0a22bfe3f8
2026-02-09T16:04:27Z,PL-ZhengGG,account.0cae91b1f1b141c0b262694a61f66c11
2026-02-09T16:04:27Z,ss_5014,account.c2551da774444879884d15ff5a01a85c
2026-02-09T15:59:40Z,jjangbab,account.9d71ad43256541bb903b202858c60d29
2026-02-09T15:59:40Z,WS_Lao-_-A,account.6d8fc3c820c041768b2f4b7968a6426f
2026-02-09T15:59:40Z,18CM_DAXIAN,account.2a0183e85dc44e8e822e76c37c95b1a9
2026-02-09T15:59:40Z,SaKura_xXQwQ,account.14478e65143246b88f7b811a70b71d0f
2026-02-09T15:59:40Z,twomskos,account.2991a11588054df7bb01538be57aa763
2026-02-09T15:59:40Z,Dj-dianchaoguo,account.7243e150b8ee48779bfdacd50954565a
2026-02-09T15:59:40Z,MoouLight_UU,account.af0cc7d7e9994576944c8d7595b01554
2026-02-09T15:59:40Z,kkp7,account.3eccf54b9c2e48e48ab564bf0f88658e
2026-02-09T15:59:40Z,JokerLov5,account.1a63625f7943438995aace55f03d7a56
2026-02-09T15:59:40Z,saegbi80,account.cc146102ab8b4a28855e55d7525066bf
2026-02-09T15:59:40Z,12_AiGuo,account.fe9d47ae2cd14f0199da1f8904ae2958
2026-02-09T15:59:40Z,Id1ot_-,account.88bbbbe41967465fb670d898502b515c
2026-02-09T15:59:40Z,www_18cm_com,account.950f4048f5744821bde8ed62f8ea5997
2026-02-09T15:59:40Z,aliu234,account.32c394b901c3441fbe6a24054ef0f625
2026-02-09T15:59:40Z,DrunkenSpeaK,account.73ddb45628014e7a9b99964d72530d71
2026-02-09T15:59:40Z,zhao7707,account.43a4b3fcdefb4943a24677fa4d5c51b6
2026-02-09T15:59:40Z,WS_KK-_-CC,account.e40f02b0864c47eaa8a370d29a390ef8
2026-02-09T15:59:40Z,Moon-mzz,account.cfb03ef6ac1c41459fc2fe57e39a9b7b
2026-02-09T15:59:40Z,DC-LosAngeles,account.329c143642454e7e9875c22e87af9c3a
2026-02-09T15:59:40Z,nmlgb_gunduzi,account.aa0933d9c1e04c68bc1f1f130fd333ad
2026-02-09T15:59:40Z,0871-KM,account.984752f1cb564e35941af427cf050332
2026-02-09T15:59:40Z,yydsYJM,account.4c50c3135975462aa4fc2cc278389b21
2026-02-09T15:59:40Z,RushCsc-,account.8e8fa46786964604b5c66355c600268b
2026-02-09T15:59:40Z,4AMxinV,account.d1d946caac2e4239b5ecc37387da81ee
2026-02-09T15:59:40Z,betterman654,account.e6b8d3f9354d46119fcf88e603d2e631
2026-02-09T15:59:40Z,BIGMITU,account.407f12b8d1fd4c178c0261612627deb3
2026-02-09T15:59:40Z,ID--ZG,account.f3dfcc305fa84275a8833b8af095ede2
2026-02-09T15:59:40Z,RIDOAR,account.faa4ddb287a24f20a6dc063c93d02ba7
2026-02-09T15:59:40Z,PKMAN-CJL,account.83adb062d781429181972de62ffbc034
2026-02-09T15:59:40Z,Aston-Martin-L,account.8fb4496281da4ac7892954f244e18cd4
2026-02-09T15:59:40Z,i7d7,account.dd9bbed585a444fc90724b609b370d48
2026-02-09T15:59:40Z,LY-laoMao,account.d541b908d8e7452d9e0d4bccc78d76df
2026-02-09T15:59:40Z,Beautiful-Ccy,account.5756b5205d3a4b78961d268b24911026
2026-02-09T15:59:40Z,abcdj567890,account.a83d5a21c3bd47db8cb04331142d61fa
2026-02-09T15:59:40Z,yizhengNB,account.6dce5b6061e04e0eb30360482207414e
2026-02-09T15:59:40Z,DC-emran,account.1a9347388f8044b49d3cf91ba3fc1e36
2026-02-09T15:59:40Z,DC-Washington,account.d5968b4e23924fccb3679237554f1c14
2026-02-09T15:59:40Z,HST_56,account.6c5cc6b67997492a8d34c910a8e399b8
2026-02-09T15:59:40Z,9608_ovO,account.7cb8daa531ee4ebf99c867409979fcc5
2026-02-09T15:59:40Z,MLB_Cappuccino,account.7978648eaca0478dad51b23e3005cf8d
2026-02-09T15:59:40Z,DC-ToRonto,account.f8baf0392a984e70bab3d683413289b3
2026-02-09T15:59:40Z,ZW_Anger,account.f3acc2ba7c8d4b2f8bfcc6ec18741cad
2026-02-09T15:59:40Z,Epicchao396,account.cc449f192e97403ab10f61d312e8c64d
2026-02-09T15:59:40Z,LAO--ye-ye-,account.d5c5026a58cc4dbd9976e53979f8a93f
2026-02-09T15:59:40Z,Stars-Lss,account.da6f1c63927b4f4b93d94d73886244ff
2026-02-09T15:59:40Z,Yu1i_,account.ef9c62d9e54544a69a54d3f5048b86f8
2026-02-09T15:59:40Z,HST_08,account.573d007257e644ae8ecdb49b847ae9f4
2026-02-09T15:59:40Z,HunterShuai,account.704aaeaec3aa4004993d23bae11b1b52
2026-02-09T15:52:30Z,Ru---Heng,account.a99df99b04ee4c91bb9eb82104dc842b
2026-02-09T15:52:30Z,fair-cc,account.bff388eea4dc4b868d13b61a285ae071
2026-02-09T15:52:30Z,FNO-xuan,account.289186b84a1146eabfc7e69e1f329382
2026-02-09T15:52:30Z,19CC_1,account.d0ebbcd2bfb64a7fa45966986cd2f702
2026-02-09T15:52:30Z,Biiiii-Joker_-,account.3e10dc1c50294162abd7f0f8ff6cec6b
2026-02-09T15:52:30Z,GodKING-L,account.a65c04c920584592af77f740724bea88
2026-02-09T15:52:30Z,ToT-777,account.c4a267c0d8304d5185ebc40fff2182d8
2026-02-09T15:52:30Z,Magic_Zer0,account.c122eed7daf141dcbda30353be7dd717
2026-02-09T15:52:30Z,Noyoah1_,account.a4f6a3b6f4154e7f859ee56f6d6e0ab3
2026-02-09T15:52:30Z,eHfawaXItQW,account.b19793447d3a45468c848a9ea56f4db8
2026-02-09T15:52:30Z,Monaek_,account.9987d47d107d46a99f27a0651bb1e891
2026-02-09T15:52:30Z,Pe1qi-C,account.36c7c88846334c3cad6206b6b975f0bf
2026-02-09T15:52:30Z,DXsugar,account.e71e10963fd14b8eb690b339c35a70ed
2026-02-09T15:52:30Z,An--Toun,account.34f8fce7bdf94f6194246abcdb7f8566
2026-02-09T15:52:30Z,Paranoid_OG_Egg,account.08db15140fc34f359afe6429d4c869a0
2026-02-09T15:52:30Z,8_B_Q_la,account.a358909abffd4704829d5d25ca537199
2026-02-09T15:52:30Z,j_g_068,account.5d4f9bc759e441ccb84ab7498a032bda
2026-02-09T15:52:30Z,MuYuzi_-,account.7711975790054152bcf0127323de4d91
2026-02-09T15:52:30Z,Ht0127_,account.5613e940c70d4ebd90a928b9534cc751
2026-02-09T15:52:30Z,FF_DAI,account.fd2826cb8cfb439588e517477f5d7377
2026-02-09T15:52:30Z,pjskoko,account.33d988622abe488fb0d0763bf4fa55f6
2026-02-09T15:52:30Z,church_baby,account.9cb3bc0327ec470f8b1f96c1995a0c03
2026-02-09T15:52:30Z,GodKING-A,account.a161b23893cd41ecafce5080080c4660
2026-02-09T15:52:30Z,XST_GZR,account.c36b5fd07d9b4edaba7d15111bbe896c
2026-02-09T15:52:30Z,lzq8881998,account.7d79b5a601e84728b1ad84443b0e95ba
2026-02-09T15:52:30Z,LiYu_Baby,account.510d99c9408e4e78966c79694a21c7fc
2026-02-09T15:52:30Z,Dr_zhuyi,account.6fce0f78771f420c9dc757bb699f0a91
2026-02-09T15:52:30Z,PUBG-CJ_CD,account.3bbf77a618064381a19c8591d8dbc745
2026-02-09T15:52:30Z,Xu1Feng,account.c2cdcaedef184986bfd25cdd3879def2
2026-02-09T15:52:30Z,ShukeBuchiJiang,account.861ae51f95fa45d0a3fb92cdbb04b74c
2026-02-09T15:52:30Z,wss-mo,account.ad65953d6b1846cb8f2f6124fa97abab
2026-02-09T15:52:30Z,GMG_Kaos_-,account.3cf96770615b482ca44c7a6727da7129
2026-02-09T15:52:30Z,JM-350235,account.ad654e3062f6414197210d0454e7416c
2026-02-09T15:52:30Z,F-_-BOOM,account.8c03eb40e96d408f85abac7ecc0c62ba
2026-02-09T15:52:30Z,NS_-518,account.ab381f097c02456e877925947394d128
2026-02-09T15:52:30Z,Brr0_057,account.69afff9e04ce42bcb5893caf2e151185
2026-02-09T15:52:30Z,BMPS_KR_Sexy_-,account.143ffc5f1c354c3ba6b3a24f5e96c21e
2026-02-09T15:52:30Z,GodKING-N,account.50b4b0f49dd94388a8874a4f47b1d68f
2026-02-09T15:52:30Z,ClarkLJ,account.1c0f4000d9bd4877be44715130363951
2026-02-09T15:52:30Z,TheSkywalker-,account.1ae3e1ad4427499d8a41bd007a2f86a4
2026-02-09T15:52:30Z,Egyy278,account.3ab31223c3c34c208eaaceb997585f1e
2026-02-09T15:52:30Z,Qiang_AiKanHeiSi,account.a774617386444e9988533f8f556dd7c2
2026-02-09T15:52:30Z,Haihaihai-Chen,account.f43b36c385b24e8098e10f53f2cd8a09
2026-02-09T15:52:30Z,D_E_D_E_D_E,account.8bf72101f899476aa4739793d0db34c3
2026-02-09T15:52:30Z,Ts-LiangYe,account.be9f5427266a47a19a8c2697268f487c
2026-02-09T15:52:30Z,RANGE-ROVER-_,account.8f2f124e38d44e47ad3bc61e0cf915ae
2026-02-09T15:52:30Z,FNH553,account.46564b1b7d12492796176d99fd98e7da
2026-02-09T15:52:30Z,xiatiandeniPP,account.dbc14f9c6cf3422cb6bb35cddc0faeef
2026-02-09T15:52:30Z,Just_Example,account.8c19a9e8d9b84f85824c371f8f0fa942
2026-02-09T15:52:30Z,5o3ha1lc,account.6794a8882d844107943acc28515a06c4
2026-02-09T15:52:30Z,GodKING-T,account.816b12cbdf8e423b8d72fe22a9361ccd
2026-02-09T15:52:30Z,handsome-9_7,account.bbdbb966c74a4eb3bca67d59aa866bfb
2026-02-09T15:46:55Z,0429-LaoLiu,account.c0b6ac579d5d43f1bc14dd821cb81319
2026-02-09T15:46:55Z,Kira_Ho,account.bb028c68b1e04c35a50bc04957832ae0
2026-02-09T15:46:55Z,Tong--ing,account.7a7ba25fb90b4a1d8dd98a36ca61d3f8
2026-02-09T15:46:55Z,dilicc,account.9b38efcc3d6e4e03814c274e29b2e7a2
2026-02-09T15:46:55Z,A_TT-02,account.32bb79d9ffd743db9d2ffadf937d41c4
2026-02-09T15:46:55Z,b1e7o_-,account.1f0c7a6385014f33a37f61a5defef12d
2026-02-09T15:46:55Z,Ls-naonao,account.da7e3398a84f47e085efad1415f0ea06
2026-02-09T15:46:55Z,gao_kiaan-jun,account.2f266fa9053d49aebf65750fe0d2d4f9
2026-02-09T15:46:55Z,gao_kiaan-jay,account.05359652d29f432ebdb489537a35baaa
2026-02-09T15:46:55Z,gao_kiaan-Wei,account.59af139b6f054034a0fed2603baed1e6
2026-02-09T15:46:55Z,haiwang140,account.fb286dadf3cd4dcebc2d5bec5bf0a1c0
2026-02-09T15:46:55Z,Meet_Candy,account.0a6fb6a9a8ec47ccbf5f2f0e414dff06
2026-02-09T15:46:55Z,Ls_zhao,account.27e47d9c7612439096debc88efcefd06
2026-02-09T15:46:55Z,iamfine_zyy,account.a429b9539da744e5a93bcbb98c81fe2d
2026-02-09T15:46:55Z,chalk_101,account.a5c20011e5194a96a150e28dae031136
2026-02-09T15:46:55Z,Distance-problem,account.02bac5576d9b43e299cc6815af8cb1ce
2026-02-09T15:46:55Z,JackyWu6666,account.c3d1317e43d540e8b0d5fb3ee65be265
2026-02-09T15:46:55Z,llhm1234,account.fd15fd8ab0044a8290a6b33b4c581a27
2026-02-09T15:46:55Z,HK_FREE,account.1a3f0150b71945b29fc706a487fd223b
2026-02-09T15:46:55Z,1yezhqiU_,account.3198a332905c4a45a466604dd8aea90d
2026-02-09T15:46:55Z,ZinAnvinan,account.093ccee2cf394afcaa252777dec51299
2026-02-09T15:46:55Z,kte682,account.29cca5c3cfe94c939c950dc8c570c290
2026-02-09T15:46:55Z,V587M4-lp,account.3e308fc767dd4d2eb07fa23505823de4
2026-02-09T15:46:55Z,1mmv,account.093b961136f34fac8b2ef9cf0c4bfafb
2026-02-09T15:46:55Z,007pen,account.e9de2850db49401dac8fc1736a5dfbf6
2026-02-09T15:46:55Z,Kuroko-OvO-,account.1cc13415eadb46ddb3de9d526ad55663
2026-02-09T15:46:55Z,China-_-DongDong,account.610cbe9cf8f44f928c55987134db4791
2026-02-09T15:46:55Z,Cr1am_,account.50d7febf530c49028bea04387729d57d
2026-02-09T15:46:55Z,B1anTa13,account.d1aa0ad269104639aea803cbcebbb3fb
2026-02-09T15:46:55Z,Angejiaoshunliu,account.7a614921100e402b84cf5a6271dc2295
2026-02-09T15:46:55Z,Xzeng955,account.6cfcf6fd25e0487da5cd802544eb9514
2026-02-09T15:46:55Z,D_Axela,account.db6cc38a3da6467b9dab2e92e42d69a8
2026-02-09T15:46:55Z,Killxf54z,account.089c23ae70b547e584cf42919fd5baf1
2026-02-09T15:46:55Z,AuT_fengshen,account.b09d438d008c446088436a305e3c3f5e
2026-02-09T15:46:55Z,LL-00623,account.2074303ea3054397a04a7952434ab8cf
2026-02-09T15:46:55Z,pz557305,account.039bf33a0a8147d7b548f5b763ebc8be
2026-02-09T15:46:55Z,0429-wang,account.0ed6fd64bad74e2d9025866a87569483
2026-02-09T15:46:55Z,WangYangz,account.c70f7bad76c944829548cfb767d5f7ca
2026-02-09T15:46:55Z,CaoMeiTang_,account.f43bd4d7a8f74146904e912d1a85c559
2026-02-09T15:46:55Z,MR-AnRan_,account.df34401961e0450bbfc899f5a6baacdc
2026-02-09T15:46:55Z,Zxceng_,account.38c5f98cf05d402485c56133ba97fb83
2026-02-09T15:46:55Z,L_E_BULIN,account.b899d66ba2c4437592a43905278394e6
2026-02-09T15:46:55Z,Mzmhy-,account.a3e777df22144862aa5272eeabeabf68
2026-02-09T15:46:55Z,Ls-Peng,account.908d104da69743779af051d37ac4a182
2026-02-09T15:46:55Z,TG-98Emperor,account.ef025725654b4e168e3cbbe57de9fbf2
2026-02-09T15:46:55Z,Stranger_1__,account.9e81714ed5ca441a8091c11760b1f7d7
2026-02-09T15:34:34Z,vhJrMIVPQbZu4,account.7c56c9a6b37c47f9b111c0b01a69f6e8
2026-02-09T15:34:34Z,amazing61,account.f3df80ff0fd64aa491c49ea5511a7b3e
2026-02-09T15:34:34Z,Zhudada1996,account.2781cb5f15b14b3c99d3bce494c327c2
2026-02-09T15:34:34Z,2Wan_-,account.c765d6bf5bfa4a5db9b52e80116e3a74
2026-02-09T15:34:34Z,ShenMi7NanZi_z,account.ca53c2c741f34da1b5a3937b152c7f0f
2026-02-09T15:34:34Z,CY_WangJunCheng,account.c39d0f387e7841ab809e014980b921c6
2026-02-09T15:34:34Z,EDG_______Zmjjkk,account.0450dcf1261b4fb0a2bdd810693acbe2
2026-02-09T15:34:34Z,Shadow__1996,account.62ef62b10b3646ea82d727b695a1ccac
2026-02-09T15:34:34Z,1ussk,account.48c6d401d3684fbd8ee7570dd5e4a771
2026-02-09T15:34:34Z,AWKWARD16,account.2253a83c36ff435ca1112b13890628b2
2026-02-09T15:34:34Z,Ga-Li-Gai-Gai-,account.de725d4faaf542c4bc5a88f20458184f
2026-02-09T15:34:34Z,MaDouTV_XiaoTong,account.ede1eed808624554923776f2204143cb
2026-02-09T15:34:34Z,KFC-Tuesday,account.6fa75206d482429fba9f7bc75c520dc6
2026-02-09T15:34:34Z,Stewart_Yi,account.d0f3f6cb5f214f76b6c412f7382570c0
2026-02-09T15:34:34Z,D2F1WBtl,account.9e6dbe86b2304338852850ec77e5189e
2026-02-09T15:34:34Z,cubbersss,account.45a81e1ce9694a2b8dfe0fbc4b8a3421
2026-02-09T15:34:34Z,M-XuanYuan-M,account.26346afb2d884c1ca076f1023b71cf18
2026-02-09T15:34:34Z,lxt5555555,account.1f7112089c844e37be6a2f25f24c1ede
2026-02-09T15:34:34Z,soul-ZZZZ9527,account.09e217f1399947d9995a1c673b286b52
2026-02-09T15:34:34Z,orbb666,account.5771f2429ce740779a0259c42cf87315
2026-02-09T15:34:34Z,Doctor-05,account.005cc92af24b4adda9057246779cf73f
2026-02-09T15:34:34Z,Spontaneite_,account.679aefa1b31d4f59b885bcda205fb9cb
2026-02-09T15:34:34Z,OJ8k_50CM,account.d6ef15413f374ab9b80ca093efd2f5a1
2026-02-09T15:34:34Z,MaDouTV_HongFa,account.31cbcc2537f64fc7a5af9cbac3c68c7e
2026-02-09T15:34:34Z,IW_Sunshine,account.79a94728775b4210b35d6309e07a6537
2026-02-09T15:34:34Z,MG_9_9,account.cbc3d2cb004649bb9e2fef0fc504a3d5
2026-02-09T15:34:34Z,g1ch2l3,account.fc177d786acf4cb4a162be304f144f05
2026-02-09T15:34:34Z,XiaoBo132,account.3303d293f8b846b492bcaa74168c60c3
2026-02-09T15:34:34Z,MmpdHdgzz,account.a01436ee05774fe183643c523be45ee3
2026-02-09T15:34:34Z,Crazy-_T,account.f871acc404014f46a0d65cebd6aec35f
2026-02-09T15:34:34Z,DNF_JoeSalute,account.d03ee4f8acb24e7686a9c414c337030a
2026-02-09T15:34:34Z,ZhipengGGG,account.17a776bf2c5747c2a02731b00d384689
2026-02-09T15:34:34Z,heshang86,account.b4ee6ae838a04cf099de9a8ad9299d61
2026-02-09T15:34:34Z,Vic__zhong,account.38c060e40a1d4f6b90d479cb89280b39
2026-02-09T15:34:34Z,GuFeng_ssss,account.26e03c53480b4b719982e8b7d010ad80
2026-02-09T15:34:34Z,1lusir,account.b4181afd89ae4ff1a2e23e463ec92d7e
2026-02-09T15:34:34Z,xiaochun-wote,account.ef0053f9370140d1a45c32ef4035d926
2026-02-09T15:34:34Z,RonaldoMode,account.ac721293bf5848faa9d32c88cffef423
2026-02-09T15:34:34Z,CHOTCOO,account.6b5228e8bd414332b64fddd86ae3bb1d
2026-02-09T15:34:34Z,JS_____Sanjar,account.2f2f97f2cad946dbab77fa7af66472f8
2026-02-09T15:34:34Z,Js_____MayuR,account.61396bced3ad4c858ba4e27c5cb7d1e8
2026-02-09T15:34:34Z,Bad_YellowDuck,account.7bd8a6ee40954737aad6e22806d19d1f
2026-02-09T15:34:34Z,Mouse1177,account.2b8110786171411aadab4e222ff73fab
2026-02-09T15:34:34Z,baddiedi,account.ce398edcae43443db858301493ef4634
2026-02-09T15:34:34Z,Hhhhhhhhslm,account.cbab455e830e4bc280115bcbc5637944
2026-02-09T15:34:34Z,IWAR_Ping,account.23771d4a3ce14cd2bd64ff1fb314b3a6
2026-02-09T15:34:34Z,Unruly_DX,account.c1a9a9038cd64e0caf0b42cd173cc1ce
2026-02-09T15:34:34Z,DaFanGe-,account.ca46789316784fa8bc8ad1f4abb14835
2026-02-09T15:34:34Z,wlzzan,account.c3acf10262f84088915bf756cc025c17
2026-02-09T15:34:34Z,Js_____iRLuo-7,account.12dcfb9aad36440fac27f00fa702c27d
2026-02-09T15:34:34Z,www_fff_jjj,account.7afce4c7f5344b1fb6d9e0a423a5d2d9
2026-02-09T15:34:34Z,Zhhhh9-,account.eb8562b139324de987aea322d3d4e757
2026-02-09T15:34:34Z,Im_LaoTou,account.09ef2802bad8403c83df2241eeac25f1
2026-02-09T15:34:34Z,CcZeLlong,account.b8cad514a9894dec8745eeb81c97f9a9
2026-02-09T15:34:34Z,Js_____TanKa-7,account.b37e831b44f644d3915b7d7fd85fa702
2026-02-09T15:12:00Z,johnfee1874,account.7b4e96382bb04e68aff21089e05cd98d
2026-02-09T15:12:00Z,LangZai-_-,account.8f26ecaf9a6f45e18c0a6e2f802d2847
2026-02-09T15:12:00Z,Old-Evander,account.3c7ab52a42a94b8db4ae823c47ff1d88
2026-02-09T15:12:00Z,Liyue_Kim,account.35e22125ec4f454da953a2f941c8d70a
2026-02-09T15:12:00Z,Abby-lao6,account.8d6bb4a6b0434482ad9264e2555b4013
2026-02-09T15:12:00Z,LLUNG,account.1adc127491c1452e8823780f8142b521
2026-02-09T15:12:00Z,ImYik_,account.b177ed6f7c5a4e08b5f6e327f4553499
2026-02-09T15:12:00Z,1x1ox,account.6d469e7bcc674b7984b554ca7e1591b5
2026-02-09T15:12:00Z,limeme5,account.289576991f374e97af293c5b848c969b
2026-02-09T15:12:00Z,GN_Dex,account.bdc73588ac0348f79787ae77306dba0b
2026-02-09T15:12:00Z,Oasis_Nebula_,account.6e7c2cb85dfa451d81f4427ea34932c8
2026-02-09T15:12:00Z,gaoxing513,account.4c2d7213273f4d548a6ee9e9f7c73ecb
2026-02-09T15:12:00Z,YiShen_Nebula_,account.7cc02f1e9b504b0d9544f95b6d5b191d
2026-02-09T15:12:00Z,bebip227,account.3184b509446848b0aef484c42d350f38
2026-02-09T15:12:00Z,Emperor_Mark,account.108a85d7d66644729c4980412d5966ee
2026-02-09T15:12:00Z,SWL_didi,account.2e2c07de3783418b8c68e9fcfdc2d6ad
2026-02-09T15:12:00Z,S-S-SAO,account.ddead586e5c74de68115cee56a7b2c28
2026-02-09T15:12:00Z,songzangzhe99-,account.878840786aea4be9ae4a2735195926f7
2026-02-09T15:12:00Z,Dumbo-fly,account.fcb89daf299546d0a8aea47b1a58bdaa
2026-02-09T15:12:00Z,Y1-iiovo,account.c3fe7cca86924058aee1cbcf950e3762
2026-02-09T15:12:00Z,i_86_JiuG,account.0b0826bb038e481ea84614debfe83008
2026-02-09T15:12:00Z,bsq57e9mzg,account.4e42ad31218a4ea68b05897fee87dc8e
2026-02-09T15:12:00Z,Gs_Fan,account.255362a6ddb342108287e48c1a3cffaa
2026-02-09T15:12:00Z,X1xiBAB_-,account.6a7eeb24223a496b8b3b0c1209f51c2d
2026-02-09T15:12:00Z,Dy_TodayIsMon,account.9def9ad77ae249a4a6d8a7390bd210c9
2026-02-09T15:12:00Z,VHang6,account.362b9bfeba4b4897b2d7fb0d34415978
2026-02-09T15:12:00Z,LYN-24-666,account.c0e5702e32b34b90ac47d45f0bc8eaab
2026-02-09T15:12:00Z,yes8888888,account.edc389f7572e4b948eece398ada3c457
2026-02-09T15:12:00Z,L-WANG_7K,account.17843f6a27c547aab05b4929cac07f4b
2026-02-09T15:12:00Z,Bassperch,account.00e28604ede748ca9b9abd88545b6736
2026-02-09T15:12:00Z,sis-ccyy66,account.855ba90f79494ce2a75c40de7cf9ba39
2026-02-09T15:12:00Z,Cute-Zengyy,account.aa70b938110d4f888f3d6c891657d01b
2026-02-09T15:12:00Z,Ymir_Nebula_,account.72e72d84caf446968de6f9494d2957a2
2026-02-09T15:12:00Z,Meet_Nebula_,account.e93ded5677904221b6551fa0e14a4f6a
2026-02-09T15:12:00Z,su77cat,account.af488de8f7374096aad979829db10c5b
2026-02-09T15:12:00Z,AuroramanOvO,account.f894c48324c248198e157de990de4300
2026-02-09T15:12:00Z,mobatianshen,account.9e930175b79b449dadc8289b7a3b825c
2026-02-09T15:12:00Z,Shen_Tou_GuiLian,account.bde05011ff9b492b9f96f393d71f20f2
2026-02-09T15:12:00Z,love_BB88,account.356eda19eb7b4bd2bc83639715c6d0d9
2026-02-09T15:12:00Z,A_Super_Liu,account.fd16ad69dab34e51a3d0ede8d08342d6
2026-02-09T15:12:00Z,NPC_Huyingjun,account.a5600febc1c9423d9c06c16caabf9efc
2026-02-09T15:12:00Z,CIRONALDO-CY,account.4e67192611c24b6eb6e06db7067dd371
2026-02-09T15:12:00Z,MoMen-t_,account.2470895273de4272a4093b2b69ce0bb7
2026-02-09T15:12:00Z,Pdd_755750971,account.a5030fa3d84a4124a07fe269f15e91b1
2026-02-09T15:12:00Z,KG123880,account.232f733ad5b54c57a1b9a4aa0ca5ceac
2026-02-09T15:12:00Z,Waitslowly_,account.4f910a80c50f4457adfbfc610f659908
2026-02-09T15:12:00Z,Yy3138_MoXiaoxi,account.6b8155a86c144f548c7bfa6bb937e7ee
2026-02-09T15:12:00Z,Jieyou-,account.c3ac3f79237c4ac09af2218f48088dd1
2026-02-09T15:12:00Z,MILK-SUSU,account.71027fcecda649c7a2a8a2d4804ffd6a
2026-02-09T15:12:00Z,DouYinPaoFu_,account.e45188299825487bab012d331d436b16
2026-02-09T15:12:00Z,GN_Vagyeon,account.fad09c82691944ecb3d8463abd9e20de
2026-02-09T15:12:00Z,WindIn_Frosty,account.44a1b3f9b7fc4606a879ed20a59749e7
2026-02-09T15:12:00Z,NPC_Sniperking02,account.e38a5f5f82ab47efa63d8ce9d6e17201
2026-02-09T15:12:00Z,KG---98K,account.2b5bc7b07ddf47a29447ff024416369c
2026-02-09T15:12:00Z,Jankorn_key,account.7c174fb3b0f447ed843c1f3de2db7256
2026-02-09T14:55:37Z,LNG_zunzuN-_1,account.2d27cb9d716a4d459b9ddb328e5ed327
2026-02-09T14:55:37Z,gunhing_,account.f41e7924ed5d48268845f2d9808a4647
2026-02-09T14:55:37Z,WwwwwwwwSure,account.29251aa7546546998e894c8f4450022e
2026-02-09T14:55:37Z,Bakprek,account.2eb1377479bb490ebee5b500111a6391
2026-02-09T14:55:37Z,Apollon-666,account.c9afd283b528443392de3804f7c046a6
2026-02-09T14:55:37Z,TOP_YuKu_-,account.355882d6704c4e6386e06442276da357
2026-02-09T14:55:37Z,Miss-Hua-bing,account.cf73641ab0504b1599e8533bcfa9c65f
2026-02-09T14:55:37Z,Crazy377_-,account.bdf506e7afa14dd8874e15e9a879de25
2026-02-09T14:55:37Z,Kimzzw,account.0f4c50091b9a4810b52452b152f941f4
2026-02-09T14:55:37Z,Saeyami_-,account.9485761208be48489813348c0be79108
2026-02-09T14:55:37Z,Mrachless,account.ee20fc23e512456f9690245a1f8acd24
2026-02-09T14:55:37Z,Alexander-Arnold,account.631f34735f9a49729d3f4620d039e35a
2026-02-09T14:55:37Z,Hoeny-black,account.21ff6524893342de93fd3c18133d9c45
2026-02-09T14:55:37Z,make6466,account.765d165292c044a7a20af71c98c810b8
2026-02-09T14:55:37Z,111_LaoMao-,account.5c2b486dd203471c8361a06ca5af5aeb
2026-02-09T14:55:37Z,DoObyi,account.cda8141844e24c25906808059cb90072
2026-02-09T14:55:37Z,xc_thoms,account.34a2c12173af4a11a1eab76aab5b23ed
2026-02-09T14:55:37Z,LAO-LiU-YS,account.f8b432c1aaf14dec90f8d6cb9e38803d
2026-02-09T14:55:37Z,yongge0227,account.5a97f25942324e64a302af57399c51a5
2026-02-09T14:55:37Z,Ordos_zs_499,account.16f4393abe774bb2ba1cac8e8408c641
2026-02-09T14:55:37Z,LNG_H-_-Gggggggg,account.63ed09c5e4134595a0559161fc2cac89
2026-02-09T14:55:37Z,3oek-,account.20a69fdf9c404411b7880e2b458a3c0b
2026-02-09T14:55:37Z,gxnz1juwon,account.1246a0ce8903433286a3bde8de3b129b
2026-02-09T14:55:37Z,Seatt1e_,account.69471533aa004721a8ec44f7e4cf6c6a
2026-02-09T14:55:37Z,dudiduu,account.9a961387fc44456ebb6a2d325850982f
2026-02-09T14:55:37Z,jop6,account.59af084d2d7b4648b953b70aee9e78ee
2026-02-09T14:55:37Z,mylovestaytoyou,account.1b09968c4773425eb4e96250d04d69f8
2026-02-09T14:55:37Z,80s_6shEn,account.5525a758b30144cf9d4ba5e2ad1544da
2026-02-09T14:55:37Z,Killo7z5j,account.baf02337660f4f67a670e00d63a6cdac
2026-02-09T14:55:37Z,MrKsir-JJ,account.5c3cf19c997f49da9aebbfcb2d825bf3
2026-02-09T14:55:37Z,OvO_caoyi_OvO,account.c46f9546ef1540b2b0bddc7bed21de52
2026-02-09T14:55:37Z,Honey_white,account.ae17d59576c74e18909ea40db20a8617
2026-02-09T14:55:37Z,taekyeong09,account.01a55363e3eb417cbc6d5b7b1c845c76
2026-02-09T14:55:37Z,Kazegay,account.8f9b5750283248f89dc2e8994352f796
2026-02-09T14:55:37Z,Kikyo_5,account.cae1ea2bd667405587a0cf0ef0c31d9c
2026-02-09T14:55:37Z,landian-963,account.0699be34d0794db2ba2ef7fed2fee894
2026-02-09T14:55:37Z,YaoMeiTKaiXinO_-,account.5fe2e5b2c4d94988b11abc5a22607eff
2026-02-09T14:55:37Z,Ordos_hfg_0609,account.a51b8cb606534aab93a42063bba6a538
2026-02-09T14:55:37Z,mOemOekkyu,account.f2bd5f73158145fba1d3fcf765076228
2026-02-09T14:55:37Z,Bg99726,account.783ca00e3f334f60a5888c509301664d
2026-02-09T14:55:37Z,sjx-i7,account.eb63f7b3f734443ab0df67e8791cb577
2026-02-09T14:55:37Z,FourBeauty_liu,account.8a922a75294f41bc86706bc54a4e462e
2026-02-09T14:55:37Z,0835_--,account.75af5c8ba2984e0ab9caae1b4731ca49
2026-02-09T14:55:37Z,ETK_chengg,account.b3b933fde9324396a3a2d4f5d98db296
2026-02-09T14:55:37Z,7xia7xiagan,account.e3d4861606b04eb7bfdf8597dc6a5753
2026-02-09T14:55:37Z,1-_roll,account.925a5f35bb3a41b08585086692d4877c
2026-02-09T14:55:37Z,gat1995,account.81f896187393429c910d40b2c5fff242
2026-02-09T14:55:37Z,Cookies_Wu,account.458caa90108e4763b2a6fd7123c63309
2026-02-09T14:55:37Z,Gemini__Cancer,account.26c5ea759fed4c198fa31a56a18a1e16
2026-02-09T14:55:37Z,XT-XiaoMIin,account.963026610df1411390ce93098830c02f
2026-02-09T14:55:37Z,CHamP_R1enJ1e,account.c0e760bcfbc44b2caac7d22034a73524
2026-02-09T14:55:37Z,Ordos_yzc_1017,account.b2e1823b11884332ba08eaf07ca7da60
2026-02-09T14:55:37Z,Rosie211-,account.9b02f31bc3b04b6396ea0cfb8e4b07a9
2026-02-09T14:20:48Z,li_wwwwwwww,account.cda143c36353449eadedf542fd459923
2026-02-09T14:20:48Z,Fuxiaozai-0410,account.ae1585dd5c6944f7a3e9e00aee29b08f
2026-02-09T14:20:48Z,i2yp3fxcj,account.09267a5cef0c48a4a0bf6d60fa4cd8bb
2026-02-09T14:20:48Z,qinna__,account.3d6bd2e456484f28b6581956b96a4cff
2026-02-09T14:20:48Z,XxxD_d,account.719ba3e74b3b463081394dbad589f467
2026-02-09T14:20:48Z,wuyansheng10,account.56c73bae8d324cf788a936e9c2433134
2026-02-09T14:20:48Z,Ger1030,account.408c42400a334dd29ec2d487068005d3
2026-02-09T14:20:48Z,lx-r_AlbA,account.e9fa586084bf40038bb0a0087f4a1406
2026-02-09T14:20:48Z,huigejier,account.332a7519713843ba843e51a32fa45b82
2026-02-09T14:20:48Z,Yqhp_GodlV,account.0e6c72fb78af438a89c063d815d5e1b2
2026-02-09T14:20:48Z,Razer-MarryMe,account.00ff0acd7370404dabf6d17c2d88476e
2026-02-09T14:20:48Z,RENOGLOW,account.f309bf76da9446289d3284ffe5c3a08a
2026-02-09T14:20:48Z,Pray_CE,account.c7994c13f3db46cca4d0964b8544e03b
2026-02-09T14:20:48Z,FORLANKELIN,account.f8d7887e2f7f4c8f8c1db952ea81a8a5
2026-02-09T14:20:48Z,awsdfghjkl123,account.57e6400563ad4887a7b4c88bfcfa5468
2026-02-09T14:20:48Z,Green_TeaKK,account.d363964747cb4392bb4d796963aca0f9
2026-02-09T14:20:48Z,DoBalHaJiMa,account.28ef7c7c98394b63aad28bfcc6b31770
2026-02-09T14:20:48Z,NanDe911,account.7d2115cbbac34aed86ea49729acc82ff
2026-02-09T14:20:48Z,maoyingzi,account.9c98ce3e96924495b1ce1696b329d5a2
2026-02-09T14:20:48Z,DT_Limdde,account.d6cf8c0f6ade4e9d81464aa5d453effe
2026-02-09T14:20:48Z,NaGagaenoma-_-,account.538c1c1875144b41baa11e9253822c5f
2026-02-09T14:20:48Z,WildCats_-,account.c1822ef6e8e0418bbf9cbaff9583fc9f
2026-02-09T14:20:48Z,szxGood,account.739a2d69f3914fef98bfa0ad85f84588
2026-02-09T14:20:48Z,7K_Keith,account.a43cb8d938c64868b7b50375bc936e98
2026-02-09T14:20:48Z,LK--Gpang,account.c37dc90a9af243a28cab18ca2f2d664a
2026-02-09T14:20:48Z,vvvvvvvVirus,account.7321626d45c54d8db9424f464dcaeaf4
2026-02-09T14:20:48Z,Ygnn_yyds,account.a50c8f3e38c24943bd32c9e8f40c583b
2026-02-09T14:20:48Z,MMMMMMMMMMM8-,account.09187393bb514ddd89dfe95bb2c63fde
2026-02-09T14:20:48Z,Gwon_S_M,account.b91fe92ae79243ff96db2d9f7fc7ca4e
2026-02-09T14:20:48Z,Ng_gailiuzi,account.c019fd2c1b94481d9e06a0c15159e7a7
2026-02-09T14:20:48Z,PERO-Ekko,account.9adb033b9f4740ed94c6f78ba88d3c99
2026-02-09T14:20:48Z,OvO-ver,account.ec0e220e77fd40d08fccef02a68a9019
2026-02-09T14:20:48Z,7K_Totoro,account.16e7d5533f06407e933c038dc670856a
2026-02-09T14:20:48Z,DT_Roddung,account.9fd1d09e0105416ab51535bfe32dfa43
2026-02-09T14:20:48Z,KUNGeo_,account.133902dad1034b93b918f7e132747d09
2026-02-09T14:20:48Z,NC_4038,account.3746accc944a4354b823e24d156ba585
2026-02-09T14:20:48Z,JIANNNNNNNNNN__,account.13973482ca23419ab2c3e72846857586
2026-02-09T14:20:48Z,lDawns,account.e0658062cb3c4786a6236c97034ca291
2026-02-09T14:20:48Z,Tyre16888,account.a262dad72b0241ff86ea98afca125389
2026-02-09T14:20:48Z,4AM-Szf,account.024749ad2f5241a58abd09a4e57574ce
2026-02-09T14:20:48Z,Gae_MangMani,account.a1c8c6a0e3e440b9b491f1ee12c4387e
2026-02-09T14:20:48Z,Beast_XiLe,account.749f64f6389c44d0ab25f391af611709
2026-02-09T14:20:48Z,SayByeBye_-,account.11f4a6eb60c544e4861d49828dc68abd
2026-02-09T14:20:48Z,GlioZ,account.1e943e6bf25342f29ab2cfee779f2f9a
2026-02-09T14:20:48Z,BaiSend,account.2b3bcaf71105450db15377f32afd4f67
2026-02-09T14:20:48Z,jiandao_lao6,account.923f9eee10944d6aba6eeb2cd365713e
2026-02-09T14:20:48Z,Yulmucha1211,account.9751a38ef6a348959bf999e0c70a2cf1
2026-02-09T14:20:48Z,NGARRRR,account.10e6e3bcfc024ff297403584b8cfa060
2026-02-09T14:20:48Z,wx-laowantong,account.58c6c4efe02841efae142f6444b165e4
2026-02-09T14:20:48Z,i91_Kaa,account.c0245259766447e2b115f0fed9a9da97
2026-02-09T14:20:48Z,WXYsph,account.4f9672fba8994df6b66f558d6415ba4e
2026-02-09T14:20:48Z,Battle_Weiguoguo,account.06e1d1ae82f6428d9ba7fab15f67f476
2026-02-09T14:20:48Z,Wo--Shi-Sha-Bi,account.4227f62322f84c35b5d901e83ab6658a
2026-02-07T21:00:31Z,ZZNIUBIKELASI,account.5866bc0bc75c4229bfecefb430018b06
2026-02-07T21:00:31Z,1l996_-,account.4c6124651bdb40fd93e72d90dbe65498
2026-02-07T21:00:31Z,YouAreMyLife_SQ,account.672c0a925c0b4c9d9adadce310c067e4
2026-02-07T21:00:31Z,Titanic-_,account.0606e76b89f047eba3f1a57d86c8528a
2026-02-07T21:00:31Z,AMG_XiaoCai,account.6754e807def842d59b23005931149749
2026-02-07T21:00:31Z,TheOnlyOne_-,account.0b4390e7271f440490d7deecf6cff33a
2026-02-07T21:00:31Z,Terminator-95,account.912e1963d54446318cf6d1a0d3bab152
2026-02-07T21:00:31Z,Siva_xxx,account.88da83e8aa0d420ca61d6fe37d25091d
2026-02-07T21:00:31Z,Rushedto-jie,account.068074c47dc648c3ad2b51b7ec64b961
2026-02-07T21:00:31Z,54_oAOd,account.1715ac3235854eda9ab329746ff9f9e6
2026-02-07T21:00:31Z,doyouknowkimch2,account.a43abb2e39c740acba2ccf1c29366e47
2026-02-07T21:00:31Z,PNKO_Zoro,account.cb5bdb55dd6d42e18bb6a02f3d9157a0
2026-02-07T21:00:31Z,OuEV4_-,account.99cd23d4f10549b5aa328efbc2cfd4c5
2026-02-07T21:00:31Z,ava--123,account.746c139c372e4df0a819b4a275c39f88
2026-02-07T21:00:31Z,17_Kabutack,account.7475e80605634e3e8e4756c77d4c0645
2026-02-07T21:00:31Z,AnyOimy,account.1db789dd80984ef5bccadacfa5ccf1b7
2026-02-07T21:00:31Z,T1_GuoD_-,account.5584c8dda6cd410e9054d54df0aba9f0
2026-02-07T21:00:31Z,xxD1sTinyy_-,account.c5ff6fe48a984f92a31e85a00730717d
2026-02-07T21:00:31Z,Stean-LQ,account.6a086dcc6b3a43efb7d0a847ea7c814b
2026-02-07T21:00:31Z,xiaoxiaozeng007,account.7cb09c8de27e49f58718615614c1da2d
2026-02-07T21:00:31Z,Milk_oAOd,account.087f6ed97b35495986c4c57e1fe042c3
2026-02-07T21:00:31Z,Himitss,account.a7ba4e13c2944510b5acb7cce886c17f
2026-02-07T21:00:31Z,icyu1-_,account.b1fd64a9e0ec4c6c9f1d431c38c8aada
2026-02-07T21:00:31Z,DrinKing-0,account.12ba5c8cf3d54f1dbc34d970b55eb632
2026-02-07T21:00:31Z,akgou77,account.67524af013d84df1a9a5eb9268ade487
2026-02-07T21:00:31Z,i1ad,account.f938db0158104bc88448ecf16fb44fd7
2026-02-07T21:00:31Z,MaleGod_Q,account.d6e2a021800c4cd493ca488c9371dc76
2026-02-07T21:00:31Z,Bel1everzzZ,account.16488facc90647e68e495f674113e2dd
2026-02-07T21:00:31Z,snakelw,account.96f1f63036c54464bdcd49070e2004dc
2026-02-07T21:00:31Z,969ni,account.aab6818990a4416082d0c5f7bb6b1283
2026-02-07T21:00:31Z,lucky-hmy,account.23be25f978614e9f9a9d0c64ccbcc1af
2026-02-07T21:00:31Z,R3venant-,account.38128360368346848d8c72ad271966de
2026-02-07T21:00:31Z,Lotus_Amor,account.4145e78e0cbf4cf5b99f105a3d9eb40c
2026-02-07T21:00:31Z,OH_TAK,account.327165d5ef754187befccc3be57c1d42
2026-02-07T21:00:31Z,Redbull__-__,account.c66e793c03d44ef5a74a4ac193f8cefb
2026-02-07T21:00:31Z,BaekJangMz,account.95a2c19c3d86457abc3bf577b983baf5
2026-02-07T21:00:31Z,zhongguoren889,account.4ef079e070744429bbbfea8ca42a79c6
2026-02-07T21:00:31Z,deck_kig,account.529cdb41826c4e9db18736d4002b9828
2026-02-07T21:00:31Z,L-uck-Y-7,account.df81dc87c6c640dea4809f18d4faa19e
2026-02-07T21:00:31Z,WanJi-Audrey,account.0b5bc3021bcd4d3d90587e9742ee6e04
2026-02-07T21:00:31Z,DouYin_23923209,account.fb9efb4576bf4e6d8a101e14dc6f4bce
2026-02-07T21:00:31Z,wudi--quan,account.07616877ab254748ba391d58b11128ca
2026-02-07T21:00:31Z,Treasure_612,account.2617aee476e44ab992dbd33530396419
2026-02-07T21:00:31Z,Sptteros,account.dabd928231ee42a19d32b6f914aa7ca8
2026-02-07T20:30:25Z,KYEONG_SUNNY,account.b0ea9dbdbcff4124bd7d796e0636d5d0
2026-02-07T20:30:25Z,ka-you-ok,account.d8a54fc713ab47bcbd0e519af21bb2b9
2026-02-07T20:30:25Z,ShiftFF_-,account.12142fb58bf543429d816348652b584e
2026-02-07T20:30:25Z,MakkaPakkaxx,account.62dec0503a0b45c2911107c6835f0a8a
2026-02-07T20:30:25Z,Mr-Ryee,account.c1211eb8cf74490fbb59a8b99c4db7a8
2026-02-07T20:30:25Z,B1ePen9Wo_-,account.0459bf4370ad4e8bbcb18e04c9baca37
2026-02-07T20:30:25Z,aishuishui881,account.f3c92d43c2c54d9ead54e5815a29884c
2026-02-07T20:30:25Z,MonkeyDJongJong,account.779b7fa82a72474195d401f7aec2774d
2026-02-07T20:30:25Z,NTM-Bie-bi-bi,account.209abb3f6b0a4384a9da3d928bd6b34d
2026-02-07T20:30:25Z,0419_0110_Ye,account.2f301798f28e4512a4a3cc127f742efd
2026-02-07T20:30:25Z,Sixuncle-666,account.bcd56b837bc345d984e497ae51f9e81e
2026-02-07T20:30:25Z,DYin-LaowupoToT,account.156d0868021f4ed3a470b555689089f6
2026-02-07T20:30:25Z,taya_-,account.7cc2a0f4db984abe84277932c04ebeaa
2026-02-07T20:30:25Z,4AM_Liverpool,account.647b46a14275484283b2b79ac6d554d5
2026-02-07T20:30:25Z,Star-Ronin--X,account.aaab8bf1127f4daf9b270ec7d9a6d858
2026-02-07T20:30:25Z,SNG_N1n9,account.86c2b4ddfee24fe1879516c4cfadbe42
2026-02-07T20:30:25Z,7Yxk-,account.a9acbb49ffa34fb1813a5f53f5cd273a
2026-02-07T20:30:25Z,Liergou747,account.d89bd11fad63450a87255ccbd44cda56
2026-02-07T20:30:25Z,Yo5o8_-,account.ee032be2021e4669ab053f8bba6c7d7d
2026-02-07T20:30:25Z,Jerry1ng,account.ee86fbe2c7d34df8b693a166b41eb577
2026-02-07T20:30:25Z,Gi77_-,account.502cb99113554cab93435f50fd135bde
2026-02-07T20:30:25Z,DokiDokiwwwwwwww,account.d14e643876c348cf8d70812a76e9d809
2026-02-07T20:30:25Z,Alome-FF,account.72a8c698e67346538a661d2dc9ec60ff
2026-02-07T20:30:25Z,Jack-Czk,account.2a45a2d0b3cb46fcbaf02804d81f7265
2026-02-07T20:30:25Z,E072,account.e1e0dd0d47804cc59513777d19dd47a3
2026-02-07T20:30:25Z,LXP_LOVE_XL,account.602904b3ec6a4adebd72227f65700f93
2026-02-07T20:30:25Z,HeMaiBa,account.f006fc799722440abd6679703c3df84b
2026-02-07T20:30:25Z,Laser_KR,account.87e46b173be4499fbb30addab78df15c
2026-02-07T20:30:25Z,small_salty_fish,account.ae025b2633b74ad886fc5739b9feb6da
2026-02-07T20:30:25Z,suwai-suwai,account.1c2624dd87284eba800824af1a23cfca
2026-02-07T20:30:25Z,wisms4,account.edcd1559723a486a95233acccac33580
2026-02-07T20:30:25Z,RNM_No1,account.748bc41cb4ff4dd59ed5fab13c2152ac
2026-02-07T20:30:25Z,Sao_Leave,account.3e302a0c467e41cf9b46043fedc55672
2026-02-07T20:30:25Z,likemuu,account.2078083b1fa049f4932e4b2ac9d07b39
2026-02-07T20:30:25Z,PodoDA-,account.c9bab84615c04aa2afd1fd313f0b06c8
2026-02-07T20:30:25Z,nanfudianchi001,account.c408f9eacd124a2f93ea024e3fa30140
2026-02-07T20:30:25Z,77vi-Bs,account.69477a80cf004c4db8af8751b9821b34
2026-02-07T20:30:25Z,Sao_BlazeFist,account.5b3d55d2df4a42ab834734882e0e3beb
2026-02-07T20:30:25Z,Cjh-Xo,account.7a033aa847a24a0e88bc8dafd30909b1
2026-02-07T20:30:25Z,jsiyy007,account.e0b72443408c48228dc4e6c4b2fcef1f
2026-02-07T20:30:25Z,GodDaddy-003,account.dc39f9b6a4194cc3b4b56b244e63ba15
2026-02-07T20:30:25Z,bibyeo1,account.0e753b49ab954ad2b23d9cea0589790d
2026-02-07T20:11:14Z,17_CSGJY,account.937d85351e6c44f49ac6a2772e06b2e0
2026-02-07T20:11:14Z,ChikeTang_,account.8de83caf685740a19bfe78f1d5420215
2026-02-07T20:11:14Z,5428666,account.e67ed57dc6554d57ad667098c2c55184
2026-02-07T20:11:14Z,banana--TT,account.1429686049454e6ca87fced8d6d9905d
2026-02-07T20:11:14Z,TAT_Jiaozipi,account.7d9866e476b147db81f5a6e24b719132
2026-02-07T20:11:14Z,Kitty-star,account.b5acb38513a048548d43c623e9c2d1fe
2026-02-07T20:11:14Z,4vooi,account.c0e6faea26c640afb498ed009fdc77d5
2026-02-07T20:11:14Z,Brother-Xc,account.e74528fae6a6484dac58f20abcf961f5
2026-02-07T20:11:14Z,LyTeam_Reaper,account.61f9203b8b314e3aac79fe38c7e306d9
2026-02-07T20:11:14Z,ABCD44444444,account.5fae3f325d9e45ed82391708a54c8b7a
2026-02-07T20:11:14Z,biubiubiu919,account.7bc8b8e3ff5742c4a29c42581d9229c1
2026-02-07T20:11:14Z,FAW_Huaji7_,account.c36b66acff514e39ade2f114393ac0da
2026-02-07T20:11:14Z,binyeyeyeyeyeyey,account.662226d6c2634c37abf7dade08d6be3a
2026-02-07T20:11:14Z,Delivery_686,account.3c7928860b5b47c5ac48d5ed683d7329
2026-02-07T20:11:14Z,dear-wtt,account.2acab917a4614d4ab7badc6d649e8fe8
2026-02-07T20:11:14Z,ghostbeen,account.81ae47458d05413c8e08b3ae4cfadf32
2026-02-07T20:11:14Z,quuvra,account.93003f01e39f48f1bf088edc1cfbe895
2026-02-07T20:11:14Z,TK_culp-Lion,account.1fd46b89fd17436494c04202b146625a
2026-02-07T20:11:14Z,SZ-logistics,account.feba358acc404ef88efe26b5cb3be56f
2026-02-07T20:11:14Z,mylove1202,account.0e608fa0c8334fbfb43794444271e6ad
2026-02-07T20:11:14Z,RuiDemen_u70,account.0cef2323ee3b490ab7f33624f63c40eb
2026-02-07T20:11:14Z,ibibiji,account.42415b3f318f43df810ea24fa792bb62
2026-02-07T20:11:14Z,JudoImmortal,account.f44b6e791faa455aa2384699774dfcef
2026-02-07T20:11:14Z,Diamar_Qitozi,account.820836d95ebb45ba8fc9be8e6cdb3a9f
2026-02-07T20:11:14Z,GYR224,account.7db40aa38dfc402eb854aad773ed8b22
2026-02-07T20:11:14Z,OzEan_Tc,account.8091f71dbfc94c5ab9c5b323b4cc126c
2026-02-07T20:11:14Z,Protect-You-LQC,account.226ab6f154dd4a309c9464d44eccf0c7
2026-02-07T20:11:14Z,Octopus-_Ks,account.8a947d9445fa42cdac32f39d12db7b70
2026-02-07T20:11:14Z,RU_SEAL,account.bdc9cde6b16d4aa9bc64c70a922499de
2026-02-07T20:11:14Z,Starry-Ae,account.e1106209ec654c1ea2305965f634c16f
2026-02-07T20:11:14Z,MaocunZHANSHEN,account.fa5cea0aff0149a29b6ec3f0a21b8b05
2026-02-07T20:11:14Z,Adorable-yan,account.66d28ec9d20f4bc0af04060bfceb6495
2026-02-07T20:11:14Z,BoBoGggzzZ,account.7dd9b9749af34c00aab2330f3aae7855
2026-02-07T20:11:14Z,Delivery_822,account.86814614f7b34f3e8ad25462304af69c
2026-02-07T20:11:14Z,luckoeun,account.9a0586538fc8430f8ccf97f3778735c1
2026-02-07T20:11:14Z,4-11M,account.10433dad1ac64c059f0324d7ee685d65
2026-02-07T20:11:14Z,Lr_30SEC,account.7176acd22f0242a8bed4192a0c243cdb
2026-02-07T20:11:14Z,MyChinsesdream,account.647e9a54bbfa49bf95aa577e9d7b2087
2026-02-07T20:11:14Z,M_vTv_vv,account.1c625555ccea447abcd638c73e97ae96
2026-02-07T20:11:14Z,AqrO1,account.5011832b8a6e41a0b113c4695d02fbb9
2026-02-07T20:11:14Z,Ashen_Dawm,account.6bb76d56090846f99cdeab4a861ac17f
2026-02-07T19:48:50Z,ssxshidashen,account.53ad888afe2f447f9bc8187bf2b5a848
2026-02-07T19:48:50Z,TeniSung,account.fc018acfbc2f46f6aa968f27f10d0336
2026-02-07T19:48:50Z,SOLO_Coisini_1v7,account.87c9ec12429243008145a56381dc6491
2026-02-07T19:48:50Z,zzzznnnn6666,account.fcf20b69b0d7458d8807bb17cbc3d476
2026-02-07T19:48:50Z,ZhaXiDeLe_TB,account.396f45051acf4988bdb92d0b844aafb1
2026-02-07T19:48:50Z,0830-RiTian,account.a14775df679240789de7564e776bc2db
2026-02-07T19:48:50Z,Neat1-,account.f38c5fd300e044569685f1f0a94e3230
2026-02-07T19:48:50Z,XX-KK000,account.e352ab05efe5432aa8880acf9bf5ba33
2026-02-07T19:48:50Z,ZiAn_6000,account.8029bdb0714d4bfdb0c5939fbf8e420f
2026-02-07T19:48:50Z,ZuoZuo-_-001,account.659cd726d1554cb98b25e6dfa9d5f4ca
2026-02-07T19:48:50Z,SanX--__,account.d2d1df569c1f4f5da9fd54688a6e3b0c
2026-02-07T19:48:50Z,AS_taemin_-,account.1389eb29e53e4010bc89a02ce2351b86
2026-02-07T19:48:50Z,4AS_ArtShot_-,account.a38131767e614d80b52167a839003ce8
2026-02-07T19:48:50Z,YggdrasilMming,account.29f1ae6df3bf4c73aa1804f2e9320018
2026-02-07T19:48:50Z,FBF_SAEHA,account.cab0520effde4026a5ee39c94769b890
2026-02-07T19:48:50Z,yeaza2inch,account.a73a044c1ddf41b5a076b553d15aa115
2026-02-07T19:48:50Z,Smile__Y,account.63004bbada2f4ea9a216cee93dffbb8d
2026-02-07T19:48:50Z,Yx-Fate,account.e7aea46d94444f3f90cfed37d6a3b9de
2026-02-07T19:48:50Z,M0r1n_-,account.d77b5eb2294348d6a49861fbe6f0f2c5
2026-02-07T19:48:50Z,TiaoDan__,account.cee342a80c0043ff9fb969fb14997936
2026-02-07T19:48:50Z,Tidy_bobo,account.86789546391f4ccf83fe33d0a6d1a444
2026-02-07T19:48:50Z,Jwtia-,account.8720ce32cb8f4700bb1924ec57bc5f31
2026-02-07T19:48:50Z,DNF_Nell,account.cf33f16c85fe4dae801a33de291ff94c
2026-02-07T19:48:50Z,GaoCaoLiuShui,account.4bc410390d49464cb9b1c0d21caf361e
2026-02-07T19:48:50Z,wzW1122,account.0700a7eadf904e1c9bdba658b7a62dbe
2026-02-07T19:48:50Z,Honggi-,account.e7444cb4645b4972b1fe180caefe2014
2026-02-07T19:48:50Z,N1uSots,account.1fdb3eba1ae74f5d8c0d4a28e9776374
2026-02-07T19:48:50Z,GeiNiMa1PiTuo_,account.bcc6407088dc48019ed6a33d0a18ea7e
2026-02-07T19:48:50Z,nanayo-,account.93dc2105890740189704ede1474e0b43
2026-02-07T19:48:50Z,Darling_kkk,account.e78fc26c38e345f38c734ae93e107c3d
2026-02-07T19:48:50Z,HSY-i041,account.adf8c5430fef4e888cd40e796a95526c
2026-02-07T19:48:50Z,RocKer_CHenSY,account.b89f45b8a3a142899ef383b66bb992a2
2026-02-07T19:48:50Z,sweet-cakeQAQ,account.ef5a56841a6647539d0db507297232cd
2026-02-07T19:48:50Z,Rumy-_-,account.143777d6ccb7465aac2ea85b7807fc7c
2026-02-07T19:48:50Z,QingShu-MoMo,account.7812bf88f60744ddab42901de83bef06
2026-02-07T19:48:50Z,Proven_NX,account.b0488beabf5043c79d6e13861b9e3e12
2026-02-07T19:48:50Z,Super-dadada_,account.e39b69ae0ae24b288e2bbe1825258228
2026-02-07T19:48:50Z,TD_MWMWMWMWMWMWM,account.aef6c051576740a0afadf48a955a6819
2026-02-07T19:48:50Z,4AS_BO0M,account.93ac863cac00453b966f1eda87031392
2026-02-07T19:48:50Z,CCTV__fengzi-_-4,account.ca71a41dcb324503a4082fe948af1a8a
2026-02-07T19:25:29Z,MengDePiBooM_,account.b40a95eb6c6a41218169208bc22ca2f8
2026-02-07T19:25:29Z,U_Krismile,account.d2cbd58237094c4187de7b32a70fdfcb
2026-02-07T19:25:29Z,sexycutiepang,account.deb7672d25614fe0b5e0dc371df4b420
2026-02-07T19:25:29Z,leTc_-,account.f0a7a56bd8984036b8b2a1a97a71043b
2026-02-07T19:25:29Z,Bestleo_,account.0bd6b247d3474d1d8d13ff3b88ba6d94
2026-02-07T19:25:29Z,zzZk-_,account.04476a5b526e427793d83ffa12a5c1b1
2026-02-07T19:25:29Z,Glass_5874,account.39bbfbf2c7624990a4a76f8b56785eaf
2026-02-07T19:25:29Z,BATTLE-Mus,account.89ce1526d63e4f0395f5abdadf1fdd24
2026-02-07T19:25:29Z,Lu1_Nojob,account.1e34704791db4b9da5db7e2f6d12b27b
2026-02-07T19:25:29Z,kastio,account.b3f726ce43de428b927efdbe8ee0fd14
2026-02-07T19:25:29Z,CAI-XU-KUN-KUN,account.fbf2d5e7ef8f41e78e72ae34bbda4692
2026-02-07T19:25:29Z,SoleMemory-Gui,account.745f522b05f946c4a4ba2a37821f2eb5
2026-02-07T19:25:29Z,ruishenmemeng,account.38e76d54e1ed4185b4b10399a4abe2eb
2026-02-07T19:25:29Z,WGS_VANNINA,account.672ccfd8b9794e9d86298c65a60792ed
2026-02-07T19:25:29Z,jee_xyxn,account.de4ab88e464d4975b106df47b817c88b
2026-02-07T19:25:29Z,CafeLife,account.1008105802bc4857854bf1b25045cec0
2026-02-07T19:25:29Z,Ai2n-,account.7f5344581e29422388e8f71088700927
2026-02-07T19:25:29Z,CathyDoris,account.3499aca3925f4ae1abf3048ed5c70d18
2026-02-07T19:25:29Z,XlaoZhangGe-_-,account.682061553bff42ffa33bd877139d6e83
2026-02-07T19:25:29Z,iMM36D,account.d301ba0f92ac4d9386078c5bd11e3b37
2026-02-07T19:25:29Z,Jw6e-,account.2714985e4b5e4c85a0aecf85998b8234
2026-02-07T19:25:29Z,queen_anita,account.3502e4c7ede04949b500015b6299e50e
2026-02-07T19:25:29Z,daming-xiaren2,account.45d0c14f6193495fb82a11dbfbfc1b79
2026-02-07T19:25:29Z,lutxkill,account.9bafcffd2c834726820586ab96ef4ab3
2026-02-07T19:25:29Z,SSS-NaTaSa,account.3636a618b3584e06a3934c1bd88df865
2026-02-07T19:25:29Z,NGNG_Godzilla,account.7b3f06e665a949d3922e041aeb4ddbd3
2026-02-07T19:25:29Z,0H7l,account.4d2bec58fb424745bc9a30aa91da7c13
2026-02-07T19:25:29Z,minchoko,account.912efaacc7e942ad993b13234826371a
2026-02-07T19:25:29Z,1gao8-,account.dbdac9e663c3419f9c5b291f74ce81c6
2026-02-07T19:25:29Z,ALexxFFang,account.b5aa0f6df73049a6a847ac772d4dc3a1
2026-02-07T19:25:29Z,cc772393309,account.ab5b8ae9611b441798ac0c0c38d6c13e
2026-02-07T19:25:29Z,MerGen-001,account.17eee57859ac47d386b2f0c19e6c9a59
2026-02-07T19:25:29Z,MMMMMMMMMMMMM-AK,account.3fa59dadcd40403696bdfa4846c20057
2026-02-07T19:25:29Z,Pink_Poisonsnake,account.77e0491331d9453787958523367b4cea
2026-02-07T19:25:29Z,Bc799_,account.5042aeb356944ec8b4b105e598b9a835
2026-02-07T19:25:29Z,Xc7z-,account.18238f89c8a541e9bb91b52a8a16bec4
2026-02-07T19:25:29Z,Norara_,account.fa10f8a2e9704f888a51413cf8a25caa
2026-02-07T19:25:29Z,FHY-nb,account.aca4f41c68b24231a301e1e57905ff46
2026-02-07T19:25:29Z,develops-,account.20b9b86b2d5942438156aa819179050e
2026-02-07T19:25:29Z,X1HuanSaoFu_-,account.b6004be7edb34feb9eb8c71c37466e1f
2026-02-07T19:25:29Z,DouYu-SanQiangGe,account.bddf227fd8f5430e999ad96e0f32fa0c
2026-02-07T19:25:29Z,Lynk_Co_03TCR,account.8350642426d34dd4b1682c9730002654
2026-02-07T19:25:29Z,ZiyuGTS,account.8a2cb0994cec44649809691fd09e7e1d
2026-02-07T19:25:29Z,Maxsue9307,account.bf727108afde4be8bc552faf6c5a69e3
2026-02-07T19:25:29Z,kuailecaibi,account.7cafa96d0bcf41348b1fc5be6318fced
2026-02-07T19:25:29Z,I-Vagabondage,account.930c3fa6928d4a698f3fcf903cf45b35
2026-02-07T19:10:22Z,llllVenDttAllll,account.79262d4e8e6049cfbde0353605a6c9cb
2026-02-07T19:10:22Z,ATHENA______,account.63a4a12fbb2b45d98c0ec89d030237b6
2026-02-07T19:10:22Z,oUie_-,account.c43672faf0b447e6961a4ded2d6f22b9
2026-02-07T19:10:22Z,UItronG_Manzi,account.3930fe3f2c6f4608846afb9f44c84f79
2026-02-07T19:10:22Z,BGD-Leader,account.fe3cb33dd51246f38ea4c38f8cf1b288
2026-02-07T19:10:22Z,Ssz-Cc1128,account.f75d6460786e4a17a2c84f2bbaa1b4f6
2026-02-07T19:10:22Z,Saturday-z_zhang,account.89efa3d68c8d435cb7058127c5aa81bf
2026-02-07T19:10:22Z,Jan-66,account.ec03ea2b0cbf445d8cdf486dea070c46
2026-02-07T19:10:22Z,Zo_xm,account.5dd5fcd2df4242e495904980c48900cd
2026-02-07T19:10:22Z,Letpusher_,account.37ee5bccd3514ae2be06b63259b860bf
2026-02-07T19:10:22Z,V_wo_50kan_da_J8,account.2a52904ec35a4452bc0ac031ac386397
2026-02-07T19:10:22Z,CNNB_-,account.e0a0aa72f8c24f35badec899635d6804
2026-02-07T19:10:22Z,Sunsun_Lwt,account.2dfd120db79b4e01a9045793877aad58
2026-02-07T19:10:22Z,XiaoWu04520,account.2f3127bf7995453a912f7c0128e50fd1
2026-02-07T19:10:22Z,P1M3,account.30301828bd684b828bb70ab3f451bf0e
2026-02-07T19:10:22Z,Tkzz_,account.079bd21482974933b5c7951579af4549
2026-02-07T19:10:22Z,JACKAL-98M,account.a0087e412edc4fbdb9aa8451dc262fba
2026-02-07T19:10:22Z,Ronnt_AH,account.4db0b2e30f8d42f082b337396a604992
2026-02-07T19:10:22Z,99i9_,account.fab24d221e4f4bc19fb878a8bc653601
2026-02-07T19:10:22Z,Ak1ro_-,account.86b73a25009a4c33b0b7cfb0a382e694
2026-02-07T19:10:22Z,linxii_-,account.a6fbea2e92d9455a8de90ab2b12ccf76
2026-02-07T19:10:22Z,i623-_,account.cc7e5cb0ccb347b6ba00cbb8ed30e086
2026-02-07T19:10:22Z,YaXa-NuRuM,account.e169559e7476486fa7aa1b92b46ce0bd
2026-02-07T19:10:22Z,xiaohaoge-124,account.680289271a7d4191aef65b92dd5045ae
2026-02-07T19:10:22Z,i_Nuo,account.4d25d6b9534a415c8d6da5a2c1b8c5c2
2026-02-07T19:10:22Z,xoxyunnmm,account.7e254ecfb781496d8b126e54129bd7b0
2026-02-07T19:10:22Z,ShangXinHuLuWa-,account.fce88550ba0043babb7b634b26cec15b
2026-02-07T19:10:22Z,PUBG_HECHUN,account.5b1c906900ef4a3db1f808431233ed7d
2026-02-07T19:10:22Z,11cosinminsu,account.0f075934c91344fca30664d529a85929
2026-02-07T19:10:22Z,2iee,account.aa14f213344d462897b9d54464dd376b
2026-02-07T19:10:22Z,463sei5bm0,account.2602146d7e774a83aa07116c4561251a
2026-02-07T19:10:22Z,Godislove_,account.5fd660fdf72d4676b29d93b98c00e8cb
2026-02-07T19:10:22Z,Lucy_Kushinada77,account.56d9e2aa6228490fbc12e9edd78fa278
2026-02-07T19:10:22Z,5_yanzu-,account.fdaf9b54243545fbafee832562d0bf13
2026-02-07T19:10:22Z,ZhongDengMa_,account.18f54d3343814e6197cef98c13136070
2026-02-07T19:10:22Z,jinminnmm,account.320bce270de644349447b365c25eb57f
2026-02-07T19:10:22Z,Nrzooo,account.8d940082399547b0a4b8183ac7fd1702
2026-02-07T19:10:22Z,Ayuvu,account.fabfb015fbfa44b9b580585e68b63b70
2026-02-07T19:10:22Z,My1014-,account.586b82aa98664bc981e024ef2da3f5cc
2026-02-07T19:10:22Z,LaJiGB-4QuanJia,account.cf176f50cc9e4daa9d9d35a32f46cc9f
2026-02-07T19:10:22Z,4KM-K2,account.b92c039b0aee4772b4cad6c22986a5c3
2026-02-07T19:10:22Z,KAIGUA4MAMA_,account.35dd611d3e46421390c1a09c2e5ace82
2026-02-07T19:10:22Z,FreeFaith_,account.e2b79b4e3f5847b1bbf807f7fa1d42ea
2026-02-07T19:10:22Z,qqcss,account.407be8f6188a4b61a3d09b9688a85b8a
2026-02-07T19:10:22Z,Remix-K52,account.f683196184a04083b1293f0e0c4050a1
2026-02-07T19:10:22Z,Q-ingYu,account.7027c49341a74a3e90046e2f4a975ec9
2026-02-07T19:10:22Z,Zy100008,account.d430c5071bde44f1a3633d1e089f06a2
2026-02-07T19:10:22Z,J1aoN1WanYouX1_,account.9d2cb1e3355a42e99e1d1f6d8b19c4de
2026-02-07T19:10:22Z,applehyeob_0,account.48058d53b15240c980bd44ef2f20e487
2026-02-07T19:10:22Z,C-0513,account.dc4d9ba8b884428eac95f1302b10a57b
2026-02-07T19:10:22Z,S2MinES2,account.f3fb7b62173f47a6a409517ba3e2013f
2026-02-07T19:10:22Z,AIYISHENGCAN,account.e93e8aec9c464ec8a1ac2604b87680db
2026-02-07T18:55:42Z,YuNiu-YSL,account.1b3bd2bf35184526800e659fd7eea1e7
2026-02-07T18:55:42Z,huya-20074774,account.809628c95eae4f329dfd1256b15fa72b
2026-02-07T18:55:42Z,landongnaocana,account.245f2f40ca92493eb5d02f47ee3c156b
2026-02-07T18:55:42Z,biaobiao-77,account.2f0552bdda2d479d8c6b9dd384452ca2
2026-02-07T18:55:42Z,Out-K,account.32e1199a03e94506a90584ed7a95afa9
2026-02-07T18:55:42Z,KR_ryuha,account.cc9093ed01404e20b5b4d87e778dd6d0
2026-02-07T18:55:42Z,goodguyhwanhee,account.28d4ca8d1da04991a3f8cd4badf23ed2
2026-02-07T18:55:42Z,Minecraft-983,account.bef781eeaf9744c3b9cca8d547af10ef
2026-02-07T18:55:42Z,N2_Xiaomao,account.7c0783eb317c4b298f3997702e030279
2026-02-07T18:55:42Z,I9-nainiu,account.b63da2fbcdd44fe18b8ab98eac37fb67
2026-02-07T18:55:42Z,sterzip,account.79a92fe70461469398e4b5fe63f05c29
2026-02-07T18:55:42Z,TakeDrugs_Ken,account.4ac76c216fba451285feb0e750fcb160
2026-02-07T18:55:42Z,OMaNi__17,account.d4ee219610014465a03cbe930721f85a
2026-02-07T18:55:42Z,Magic_18Sss,account.40b09a3c47164018bce21ee036a7077e
2026-02-07T18:55:42Z,Chn_-6,account.817edf4dc1f34a5e9fc51adf0b38c292
2026-02-07T18:55:42Z,BUYAOSHUHUAWENWO,account.e7bfee5867ee40aea49b9bf8780be5c1
2026-02-07T18:55:42Z,pubgteihaowan,account.4cce13057a4f44b0b818390c5f21d394
2026-02-07T18:55:42Z,4AM_10331,account.a0475e37069649a1a2c4f5fd70d76e6e
2026-02-07T18:55:42Z,No_Ami_jotgoa,account.e0918b4d31f14ab4969d6159208e64e7
2026-02-07T18:55:42Z,Vagabond-Musashi,account.bb0a1c2a3deb40d2b17374525961eec0
2026-02-07T18:55:42Z,00cy,account.3d906be2a7634e0fa0fb7bced8ff6bbd
2026-02-07T18:55:42Z,Notverybad666,account.7fcbaabfb26c40b794c1f0368711cdb1
2026-02-07T18:55:42Z,A-ganQvQ,account.2306108a5eac4b368e580099cfa86e2b
2026-02-07T18:55:42Z,toh063,account.9061157a06e3453a8138828350009c8e
2026-02-07T18:55:42Z,sunim99,account.c57ff7261ec148958cf88abf14bf66b5
2026-02-07T18:55:42Z,Awen-95ki,account.0f0e91d0c6964db5b5431d8c66d23d3c
2026-02-07T18:55:42Z,ILiuok_,account.139589b56dce4f9e9c3cc1d1d2d69241
2026-02-07T18:55:42Z,Ni-Ba-Ba-Shi-Ye,account.9df5701195bf4737a7d13efb9a20a5b4
2026-02-07T18:55:42Z,Hoisun-,account.3c87c1fff7df4c6c9dde92fc16914136
2026-02-07T18:55:42Z,Kr_Kokkiri,account.421e7ecb5a804784a8b998b55c6497a3
2026-02-07T18:55:42Z,ZhanSshenLq,account.e516e902d93247d0a83e139af0fa8a38
2026-02-07T18:55:42Z,TB-1376_Sangjle,account.e7a3089929a14653aee8fab98fa395f1
2026-02-07T18:55:42Z,XD7021,account.32fd040c5e5a4f639aec4a19dbd92f2e
2026-02-07T18:55:42Z,superme-jierui,account.04254a521f08402fbe7d43fe5e244a36
2026-02-07T18:55:42Z,KR_DEFI-_-,account.f39bebf1ad0e4105a59c4c778d070fbc
2026-02-07T18:55:42Z,tangwen-SO1,account.a9a3a8a922c442d587547cd1caf2c536
2026-02-07T18:55:42Z,Awuyu_,account.c877839c7b1f4d2b9978d537722d6028
2026-02-07T18:55:42Z,7614_OBgE,account.59108e8cc4cd43bbbdd42da323454743
2026-02-07T18:55:42Z,Z1yovo,account.9ad87f8e7b8f480c80ca5c6897488ff0
2026-02-07T18:55:42Z,Team7c_BuzZ,account.d05e1fb2f2384713b03176fe2e005076
2026-02-07T18:55:42Z,wnsgur20,account.75b71eda94c8403d91852060f910f45c
2026-02-07T18:55:42Z,Zh1AI_-,account.6119031346b0437989e49f32bde75a2f
2026-02-07T18:55:42Z,Tong1Dao_,account.dd110840f5f04ba5adf9482a6ef85413
2026-02-07T18:55:42Z,JiangAn_0315-,account.07aa2b76784a4a3eb0bd72b55589554c
2026-02-07T18:55:42Z,f1ce_-,account.5ac3622b9ef54200a748e5a3f8db2772
2026-02-07T18:55:42Z,AAA-WangDADI,account.e0352a6c0f5942d6a788bd8b9587cea0
2026-02-07T18:55:42Z,ooolaoshuaiooo,account.bac8d87ec52847828371c8805c5be546
2026-02-07T18:55:42Z,laji---74,account.64af328b349640279248d38c9d7c4382
2026-02-07T18:55:42Z,AOAKELULI,account.c6132372d9574138891b34ed7fba7913
2026-02-07T18:48:24Z,1314heiwawa520,account.39eded8f83a2492f9fe8e3214cd6a066
2026-02-07T18:48:24Z,Dpyuank,account.0a9bf1094c634675adc20fff90154865
2026-02-07T18:48:24Z,MG3_GrandMaster,account.200d0e7c7b884175b532c31e8424e4a7
2026-02-07T18:48:24Z,seoo_roo,account.af0d57acc2fd4eedb8b57626447fd18a
2026-02-07T18:48:24Z,Gaiaaxy_6068,account.a2c9e7d73e0e45a19dccd3a4b1c0e8e9
2026-02-07T18:48:24Z,Rogue_SaozzZ,account.2a89dfade5894c5cb030d78a1f6851c6
2026-02-07T18:48:24Z,PoorGuyson_,account.78c6c66781fb4b25a79b7602988e188f
2026-02-07T18:48:24Z,sE1zeTheday_-,account.aa6a0ce8a4ff4580984434d8a2785600
2026-02-07T18:48:24Z,1uuv_,account.04f4ac4da310480c9e39a3285b32fc22
2026-02-07T18:48:24Z,lmuak,account.c95f52d44a894cfa8668032b7221446f
2026-02-07T18:48:24Z,Belief-Ky,account.294e962b1ca948d189d39544b7d4becf
2026-02-07T18:48:24Z,gj9n663,account.ea50430b904d4dc68b25c2fd9eecca6f
2026-02-07T18:48:24Z,SHUJIANXIN666,account.7425c16a770341a79e945236c256bff9
2026-02-07T18:48:24Z,0_195,account.6ba383cbe60a407c849cd710eca77f54
2026-02-07T18:48:24Z,iicy-_,account.912d2bb866f84a1aaa0ea9f3589ae5e1
2026-02-07T18:48:24Z,Zha-Zha_hui666,account.6222e92612714913bdf63e5b7ec57183
2026-02-07T18:48:24Z,50O91,account.b18831f7d4664a8c99a7ec1eef52a06e
2026-02-07T18:48:24Z,LImy--,account.8e6b8a599e174a468590d4cf7ab08f6d
2026-02-07T18:48:24Z,NooN-_,account.086cf9f93df743dfad1d2e7c6e2ff95c
2026-02-07T18:48:24Z,XXXX_1_1,account.03cc5688420948e88dccab05bab2aeec
2026-02-07T18:48:24Z,9328_,account.cea321751c8d4ebf8900fa7885bbc8b1
2026-02-07T18:48:24Z,uiz520,account.6e6d8bdc043841cabf1bdbf384e610ee
2026-02-07T18:48:24Z,5TiGeRs-MrB1ao,account.ac34606b519143d1bd7ca1e36ebcd4f2
2026-02-07T18:48:24Z,Langdajun52HZ,account.c20a48d212b24f20a0225a8f3d98a053
2026-02-07T18:48:24Z,OK-xiaobudian,account.6dcc03f7b5a34d03a5f324f8643c3a5b
2026-02-07T18:48:24Z,Up2You_MasteWong,account.ce3103243b0c489d9bda80b2a3a5032f
2026-02-07T18:48:24Z,kwon_heesung,account.9581d7c3b9704a11aebb5e91d7651bb7
2026-02-07T18:48:24Z,Thundercat84,account.34b7933f691045a4a745a1e12fed4833
2026-02-07T18:48:24Z,Liquid_H,account.78e9360ed0e9482b82a8ac7eba4f0a00
2026-02-07T18:48:24Z,S00P_,account.83d1b56d1ffd495e9c95b29a50ee3064
2026-02-07T18:48:24Z,WO-AI-NI-MA123,account.9cb5ef4ee8a34c5a8a43374d78967803
2026-02-07T18:48:24Z,baobao0715,account.0adaf2b50cfa4a338ceded3f32c11c2d
2026-02-07T18:48:24Z,zhanshenyong1-1,account.2ebc3e659a4d4b46817d313acd7855fe
2026-02-07T18:48:24Z,bu_sung,account.51d165491ff54b718fead78ff5c53f25
2026-02-07T18:48:24Z,Serenity-v,account.5fd7ecde86f846f698d21aa5a61efd0c
2026-02-07T18:48:24Z,k-e007,account.dd023f70c43049a29beb7cf94e570815
2026-02-07T18:48:24Z,GG-ty,account.7b024721592f4290aedfdb43dd1d8245
2026-02-07T18:48:24Z,Zuinuandeman-_,account.d5efdc83f1a843b78a0da3f680a7be5c
2026-02-07T18:48:24Z,ACE_GrandMaster,account.e1fee9f2d9f84570876dda9ebd33d586
2026-02-07T18:48:24Z,KnowKonw99,account.09dbb07e0ec645d48b227950d72c848e
2026-02-07T18:48:24Z,Icdhmm_,account.0d11ee2e3ead4558b8c5ad368e8d3611
2026-02-07T18:48:24Z,1k522,account.74a31010863841709b793cd800e3937d
2026-02-07T18:48:24Z,kuangkanrimei,account.c9fd9b7ada3148c3b2901845696e6e37
2026-02-07T18:48:24Z,silent_xiaoxiong,account.51f2820ff2134899ae95bc842163baab
2026-02-07T18:48:24Z,Zeewang,account.d32457c6553644c0b4ccc807dfe3012b
2026-02-07T18:48:24Z,924728,account.91601629cb23468fa6faa25d5de8914b
2026-02-07T18:48:24Z,Xm77_-,account.21e0c22f6fd64b86bdb49836e4174366
2026-02-07T18:48:24Z,ticktickkk,account.e6bc8f031c164d6993cd45d96da98591
2026-02-07T18:48:24Z,chizao-_-,account.54d0eb64a74341f69f5a97ef8c2d0e63
2026-02-07T18:48:24Z,okGY_,account.68398e52814a41b4ab1b45d9b5b25c19
2026-02-07T18:48:24Z,G_Gooooooooooood,account.2472096c1b90425292cd49d5c308cc6a
2026-02-07T18:48:24Z,AWM_GrandMaster,account.f9cab7bce5974ef79450b8a6f598179b
2026-02-07T18:21:23Z,BieNiuZ-_0218,account.ca7b2accd4bb44859acb53395ddfe75f
2026-02-07T18:21:23Z,52Meime1_-,account.fe4770f320ae434e808011836e4241b7
2026-02-07T18:21:23Z,LunaSeeker,account.df389d10eb4147aca4c39e6439b4bd25
2026-02-07T18:21:23Z,Sky-Style001,account.e9bf62fad2094be8a96612e0a29a7a06
2026-02-07T18:21:23Z,W9999weiwei,account.467fc2f737114701ad37f8009d7b44e7
2026-02-07T18:21:23Z,jiaoyuanno1,account.a4722339e3de497486faef4dc47bedb3
2026-02-07T18:21:23Z,jipiguyexing,account.aeb966e219d14b18b069e0ceade3ef6d
2026-02-07T18:21:23Z,ChonYang_-,account.320594d88d1744bb898e7e017e1368c2
2026-02-07T18:21:23Z,gudwns0_4,account.eae9d0b7fca6445aa27921d17db0946b
2026-02-07T18:21:23Z,EagLe_OyBay,account.646eeb2b16694501b2b916779fd5ff6c
2026-02-07T18:21:23Z,24cmBeeFcake,account.51ba072478aa47918e61a52ae897c097
2026-02-07T18:21:23Z,Diu_999,account.20d55cfa18234a39bbbc952e5bad5c45
2026-02-07T18:21:23Z,umzY96,account.f2cf2ac7099349eca4f531a114f3da65
2026-02-07T18:21:23Z,trollziz,account.3bbc622c123c43a59d692cb228ef9c2d
2026-02-07T18:21:23Z,AlaiteLee,account.4500e5d54b59439aa0054ebea4e81d04
2026-02-07T18:21:23Z,Ss_8889,account.55df760dfaf441a2bdc6afc263919281
2026-02-07T18:21:23Z,Augenstern_mj,account.01668f90014c454cac7e35224ce7e036
2026-02-07T18:21:23Z,RushAAdu,account.595a9647f2a04875b6da8221095abb72
2026-02-07T18:21:23Z,Painting92,account.73e49f73c5f74d72baefa03d60766956
2026-02-07T18:21:23Z,Douyin_-bolingZ,account.ad4e35dca83b439bbe1d093f87cdeb4f
2026-02-07T18:21:23Z,Eagle_GGG,account.0d4924cf85d44df5b31eeefcd222cc90
2026-02-07T18:21:23Z,LEE__DUKSAM,account.2d05a61bae7b4f56b658286014d4356c
2026-02-07T18:21:23Z,66923,account.ce0e9d02a8d54157a23c4c3b73b04cd7
2026-02-07T18:21:23Z,Kang__DukBae,account.31f7456533ef425d979e70e72794bea1
2026-02-07T18:21:23Z,Dongvely_y,account.bd17f793a45643ab99a50a86eb05491e
2026-02-07T18:21:23Z,HSTr-SL,account.d7c4e1564d524d44b99006c9bc901549
2026-02-07T18:21:23Z,HuhgBo-,account.affdc3e3e8ca41b2b17f6fff08c3fe14
2026-02-07T18:21:23Z,BOBNON,account.5f5a4cd824f142a6a702fbf8fe682e5e
2026-02-07T18:21:23Z,rusiguri,account.fb418e97bcaa4b3eb932d776d503de8a
2026-02-07T18:21:23Z,Suyappi,account.2a151fa4b59b483cbec7d84bbf6eb846
2026-02-07T18:21:23Z,Jasper93,account.92c4cc06f43f409e8807486c9e59a7ef
2026-02-07T18:21:23Z,Kim__Ming,account.f1ec470657df476cb111ca8ae0cf4a57
2026-02-07T18:21:23Z,Park__Chunpal,account.81016f4ad48f4277bb119e22e5d419be
2026-02-07T18:21:23Z,JUJINHYEON,account.63845c614a7e4ccf91e11d12f7c03f9a
2026-02-07T18:21:23Z,SickyZzzzz,account.63517301f3944e33a06509489715a6ad
2026-02-07T18:21:23Z,Acardia-Ashao,account.04ed5017dde44eb4a3c9fdcad957812a
2026-02-07T18:21:23Z,kce9913N,account.a88230ec60b54a068467272635b5856b
2026-02-07T18:21:23Z,Archive-001,account.cf64d295779441379252c82106faefdd
2026-02-07T18:21:23Z,SONHEUNGMlN,account.dea1b06056a34351bdcd3763940a29a5
2026-02-07T18:21:23Z,SSSangMin,account.06e70697197c44daa61cc7c61946ee69
2026-02-07T18:21:23Z,JirisanPIGEON,account.674a871f851547f48360b91c60c67a2e
2026-02-07T18:21:23Z,TANK788,account.512594d127c3490ca959df6b0e1d397f
2026-02-07T18:21:23Z,Cool_HuuGe,account.3f052b088bcb4cb8b078fab3d15b3ace
2026-02-07T18:21:23Z,SASKI_-SSS,account.ab126cb042a7443c962a56913cd3695d
2026-02-07T17:49:56Z,Goi_Ngay_114,account.4a5e20d31eb042b19b48f945bb791f08
2026-02-07T17:49:56Z,RASH-FengYi,account.eca92d8ec60b45fe8239f041314bcee9
2026-02-07T17:49:56Z,AK47-Escr,account.1b8279f025324859b53a20c955e3f624
2026-02-07T17:49:56Z,SDX_solst,account.83145ac877a846de9ed9a50295bff6fe
2026-02-07T17:49:56Z,Madam,account.4e741f57fb5f4c7fa02f8f98a453796c
2026-02-07T17:49:56Z,3Set,account.98701533156845c88f4669f89a16c007
2026-02-07T17:49:56Z,KillerQ_,account.b47f4010c5ec4e7d94358366604a832c
2026-02-07T17:49:56Z,GAG_0929,account.062975373bdb434a849f95e9b2d5793f
2026-02-07T17:49:56Z,HanDochen,account.4546e241840f476a8fc354c6050a7a84
2026-02-07T17:49:56Z,bay-abdukeram,account.d8eb78edf7eb471388ac9b7d9de7133c
2026-02-07T17:49:56Z,CityBoyz,account.54098c288ed44d79a32a4e1ef718d2a3
2026-02-07T17:49:56Z,zhangcongyun110,account.f57ce35e0e284af7a0522155bbd0b24b
2026-02-07T17:49:56Z,V50-Han-Ba-Ba,account.a828a41dbeeb4cd3ae249b8fb5b8d613
2026-02-07T17:49:56Z,LJ_chenci,account.cc4edacd3fd84d0b904cad3ef05050c4
2026-02-07T17:49:56Z,TianSaoBi-JQ666,account.784e0b86be5946d69ccc22681df47377
2026-02-07T17:49:56Z,Shine_Voyage,account.3293366a3be840c4849d93db7489521b
2026-02-07T17:49:56Z,XJ_HyPer,account.c918d917ab694a5caf511f991e2a4d37
2026-02-07T17:49:56Z,banbei_Gu,account.4c24ddf8b61b402d865fa8ebd7b46fa4
2026-02-07T17:49:56Z,Rianyeaaa,account.e8d2f15ee7724051b3e85118615ec822
2026-02-07T17:49:56Z,LeaveYouBehind,account.5d1f0096f229447c9c2c40e418f0ff6a
2026-02-07T17:49:56Z,chaunehihi,account.7100d31ac1004efab628379438fb4d6b
2026-02-07T17:49:56Z,KRPoTaT0,account.917faaa289d648df8f1675c4327b921d
2026-02-07T17:49:56Z,LuckyEathan,account.836fe6dded34402dbd92c633a347e2a1
2026-02-07T17:49:56Z,KRPigPotato,account.a1c1e6a8a2a54ef9a728804d33574405
2026-02-07T17:49:56Z,MIXIGAMINGK,account.48e19c5b6ced46b69c899ef0f0a18202
2026-02-07T17:49:56Z,xjkpa,account.babfd94ff6de46868763b660681b5006
2026-02-07T17:49:56Z,J6Sonic,account.28d1ac541d0f44d0b6c78cd9c1b64ab5
2026-02-07T17:49:56Z,Cu_Tong303,account.6e51d0c8dfb440228613c8a65ec80598
2026-02-07T17:49:56Z,dlqeogang,account.4b163ecce733449887bf5c18bd3a5840
2026-02-07T17:49:56Z,ZHR_5888,account.c5b39c1764734f449e5a8b352c3f9d32
2026-02-07T17:49:56Z,0731-mengnangege,account.ccae87395dd9479fbd822aa140eabcfd
2026-02-07T17:49:56Z,ChouPL,account.52ec6c27e2c44400a9fb4d4dc61a446c
2026-02-07T17:49:56Z,KZ_aray,account.144eab951a7b49279a52cd5f88d749aa
2026-02-07T17:49:56Z,Eterna1ovo,account.fe4f3a69c9f8458e80b40e0ac5eb4c2b
2026-02-07T17:49:56Z,Bullet_68,account.7b46360fbf004ac1b4c61b55a5845251
2026-02-07T17:49:56Z,YUYU3333-,account.02a338bf96f34029a4efd412844bba67
2026-02-07T17:49:56Z,NNNNNAXX,account.faa19ad953694c45b3e56a86b49ed858
2026-02-07T17:49:56Z,ELIY3334,account.3111e48d5a1748a7b0df6c29170f8067
2026-02-07T17:49:56Z,m1ngL_,account.162e8eab23dc49faad2648d4e16d1c44
2026-02-07T17:49:56Z,Czi_94,account.122a7519d1d24a9e9e45f9e6eea07d74
2026-02-07T17:49:56Z,r1564894123195,account.a1d8b93f2c1e4e6da7a0c5989e2ed87d
2026-02-07T17:49:56Z,thgink9_XD,account.0bf88ace03044486b9cda5369ecb95bf
2026-02-07T17:49:56Z,04AN_YuTian,account.131857fe1882414c9d6b139df5e205d9
2026-02-07T17:49:56Z,PolarShan,account.ce7ceb31b8eb4315b7ca95005af2ea7f
2026-02-07T17:49:56Z,CF_Liliane,account.c524db7431234eef904a9c85a88ee932
2026-02-07T17:49:56Z,Cloris_-,account.ba7d159773dc4b92bb34448d633c4805
2026-02-07T17:49:56Z,JpMaX-_,account.4cbf48718b124e04a325f39b9efb35e7
2026-02-07T17:49:56Z,bay-Yakup,account.5872568f758740b58e796747753197ee
2026-02-07T17:49:56Z,ZGQKING2025,account.db806b2cefab4b90b3ce0b7db631d5d0
2026-02-07T17:49:56Z,iFTYMools,account.889475bd56e74833a544ffcc1ce8255b
2026-02-07T17:49:56Z,Man_wall2,account.c90927f15fb84407bd1f717ef4967a56
2026-02-07T17:49:56Z,LINRRTT,account.39a48d7d3c804c19936e2db9f83dc24a
2026-02-07T17:49:56Z,BesokuseO0,account.c4dfcd74e1e54b7db9fc5d2804472f30
2026-02-07T17:49:56Z,PepsiPc,account.f4e3760154c3485798249cd6ebf54fc3
2026-02-07T17:49:56Z,2Set,account.470154b6534a4c82ad0cbdb31478ca2c
2026-02-07T17:46:07Z,CoCa_Ca,account.e04425feb480435f83a61bf47fad7877
2026-02-07T17:46:07Z,l0l-u8lei,account.5cf4c00d103a41c59321ee7ce872a8b3
2026-02-07T17:46:07Z,China-010-110,account.2f5f44913b094a5099d89967697f2876
2026-02-07T17:46:07Z,SEYREJTYDJHGDKJH,account.37e50255117f4540b7391f592f686975
2026-02-07T17:46:07Z,Nat0_0,account.e7801833b8e0459f9fd7a53bc133bc98
2026-02-07T17:46:07Z,MeiTuanSuYun001,account.4caf848f59964af1ae131d6f2cfde0ad
2026-02-07T17:46:07Z,xiaomage--1987,account.2b4f72c67b794b039a1ddf59efb9a206
2026-02-07T17:46:07Z,ZP20171107,account.75b7aab921214a88bd48a67ca35df91a
2026-02-07T17:46:07Z,Anwir_,account.76e3ebf1f4a445c4ab717b3bd8c1f41a
2026-02-07T17:46:07Z,Apex-9611,account.ca5a60585a44499c8cbfc7d86afc459b
2026-02-07T17:46:07Z,Zing945,account.9699ceba88b940f4870c3a46ad8818a6
2026-02-07T17:46:07Z,Apex-6777,account.32980d2670154e9ea3f331fe7b898005
2026-02-07T17:46:07Z,alp_sapphire,account.e4b7b6c141a4446588f7f9a45e1df169
2026-02-07T17:46:07Z,Yangmmeme,account.6fb3a9b6d94d4ea3a6adbad595b3f933
2026-02-07T17:46:07Z,Joey_8023,account.ff63f05dbdc94870a8bd91739ac9c427
2026-02-07T17:46:07Z,JJoMuraegi__-,account.9c7fdd3ccd7b4cc09ee0bbb14aa96b20
2026-02-07T17:46:07Z,Gei8Mao,account.6d9146ff44e849e982997ced7a55bbd3
2026-02-07T17:46:07Z,7WuL-PeAcH1oxxx,account.c7ee9365f33843a68e78f7661d1c5c65
2026-02-07T17:46:07Z,10JQKA-shunzi,account.e334117520794d01a8d5c65ff5a6aa8a
2026-02-07T17:46:07Z,11151515s,account.db86a02ba88341c9acb78f3733af3af7
2026-02-07T17:46:07Z,z-780909,account.87bb6e73182c4483bee0b5d2087ef1a9
2026-02-07T17:46:07Z,diai533,account.43b724cea2f145aeadfabb28ce2941fd
2026-02-07T17:46:07Z,ytdacihua,account.d36fbf34343e487ca3678adf0fbbe47a
2026-02-07T17:46:07Z,WSDDS-TT,account.21dd8f265d9a4b2ca68c2c3d2227a7cf
2026-02-07T17:46:07Z,HUGH_CY,account.7791d8af420347dba8fdadc858bd53ef
2026-02-07T17:46:07Z,78_Dinb,account.bc77787541814018aff26c3f712d1307
2026-02-07T17:46:07Z,BPL-007,account.dbb643f3b6354d2f978b0cf50ae6cd80
2026-02-07T17:46:07Z,LHPA77,account.c647c06185bd49e6b06ef138a4d8d1db
2026-02-07T17:46:07Z,Spook_King,account.7964e493cfb1474c894e1e6e6efd5a42
2026-02-07T17:46:07Z,J1auyO2-,account.9511aa856e8a4efaa1bf71952c0fe643
2026-02-07T17:46:07Z,lixiansheng____,account.bae6d2431b5440d0acc23b42afc67f7f
2026-02-07T17:46:07Z,WanLin_-,account.52d4dcd2b47f4dee99b4b4ccb72ed589
2026-02-07T17:46:07Z,Staronly_yyds,account.47d74f02c5eb49ab9c4889e9bf678659
2026-02-07T17:46:07Z,Ma_Rong__-,account.804015a1690b4e599b7625de9ee164a8
2026-02-07T17:46:07Z,do_mallang,account.d2135c313f1e4fbc993ffeaee3c6fbec
2026-02-07T17:46:07Z,Siyec66,account.50bd03b20e344bc6b4dbef7599f9fbcb
2026-02-07T17:46:07Z,MHCJ--RengMing,account.e075eb290de54297a5447b82b973b10d
2026-02-07T17:46:07Z,SIS789,account.b77d8c6e702d47558ee536115a1019a1
2026-02-07T17:46:07Z,YI-meng-095,account.93117882002845d88994eb5248d9b619
2026-02-07T17:46:07Z,b1eY1Han-_,account.15bc8bf79f5c4e04930e4da56fca8944
2026-02-07T17:46:07Z,Apex-0018,account.584fe6bf3c3a4bac89376ff4ea697194
2026-02-07T17:46:07Z,GunMan_Forever,account.7681d941370448338ad55eb5c22a2f3f
2026-02-07T17:46:07Z,GoldEnleAf5771,account.d30dcfa596ad4784be299a569247caa0
2026-02-07T17:46:07Z,Dimples_Krismile,account.eaad42f285064412bc22e32f4894f1b6
2026-02-07T17:46:07Z,B1eMoWoLanZi-,account.14c8de04eb104706a5985c2e6f840dcf
2026-02-07T17:46:07Z,tjdwns775,account.1ae0f0f8f6084ac0b4e0c69903ffb87a
2026-02-07T17:46:07Z,4AM---ZYF001,account.610c74a57b964ceb8af4d016d306d5c9
2026-02-07T17:19:10Z,Y1hanZzzz_-,account.1e6608a039b747bb9482f7814863d820
2026-02-07T17:19:10Z,Wning_7,account.90803502424e4f058829f71620de6733
2026-02-07T17:19:10Z,YoU_Uo,account.f6eafaa21f5f4d39b7b659114df99519
2026-02-07T17:19:10Z,Yanglz8,account.904f04c34cc44978b6f0c43ac8ad720a
2026-02-07T17:19:10Z,aibaohua520,account.11999f828fac449c9889334f130b32fe
2026-02-07T17:19:10Z,0313_i,account.b1d621b812434e1a9fc87078ef43b23f
2026-02-07T17:19:10Z,limhr520,account.95dbcb85a3f84fec905d873beca5ef76
2026-02-07T17:19:10Z,xiaoxin17-175,account.68add5a731df4f9a8b50b5fbe2a490e2
2026-02-07T17:19:10Z,Poison_-BG,account.ed5442ef9f894281bc60f9f2a86c7dad
2026-02-07T17:19:10Z,Poison_-XG,account.5be9175cd0eb4972a3cbb969df3f9553
2026-02-07T17:19:10Z,Nn-AFei,account.92f248596aa5458e8d836cfcdd1b5028
2026-02-07T17:19:10Z,Best-East,account.d43f474455ca497a8cfd378810dfa72f
2026-02-07T17:19:10Z,B1ueYan,account.ea0ffb4eeb6a40acba871961dbb261c9
2026-02-07T17:19:10Z,xxiiooxxiioo,account.5bcd7bc18dc645ecb540fece1d84073c
2026-02-07T17:19:10Z,L_Kingslayer,account.00725d78c51f42d7934e531fa5afe43f
2026-02-07T17:19:10Z,odo_k9,account.9469d2acf04848a7829df4975240545d
2026-02-07T17:19:10Z,Sry02,account.55495823d5d045c6bb07b73b61212e52
2026-02-07T17:19:10Z,DL-Dennis,account.a59eb10b4f3e45aa991fc72def3c54c9
2026-02-07T17:19:10Z,jusiker,account.599031af75c74921a09c44e4524741d3
2026-02-07T17:19:10Z,YU7JIAN,account.66492f4f5d8c406ea36706acd1e3d1e8
2026-02-07T17:19:10Z,Poison_-DC,account.3bc575b8c6a8465a9413b007ae8692a4
2026-02-07T17:19:10Z,ayakyo19999,account.7122f9ab837b4e81adf726ebf182b42b
2026-02-07T17:19:10Z,Panzer-yamu,account.46ccbc99c8934037addd3581d484fac5
2026-02-07T17:19:10Z,2544519407,account.3d486207970947fea30ed423bf546aac
2026-02-07T17:19:10Z,Best-South,account.6983621e41994d2e9532cce278fc7d14
2026-02-07T17:19:10Z,Wuan-2004_,account.df70ae2d70d94cb392f5224c2bbaf2bb
2026-02-07T17:19:10Z,Oldsix37,account.45869bd543444580a4b5d27ae4b807b2
2026-02-07T17:19:10Z,Wuuxueyou,account.dc48b071b8f94b1e81348e606a1649b8
2026-02-07T17:19:10Z,CG-Ftx,account.55538f99554d47cca5812589c6f1838a
2026-02-07T17:19:10Z,95277_o,account.570f6780247f47c696d46d708a22c3ef
2026-02-07T17:19:10Z,H-RIKC,account.985723de06e84e11b8e121bcfb6a41d8
2026-02-07T17:19:10Z,AKA666666666,account.a02ecfd2c9254f8f909516ec06889f82
2026-02-07T17:19:10Z,17_GODganghuo,account.12a9dec86d1e40ac971d2be386eb5566
2026-02-07T17:19:10Z,5666i-,account.c6c7c02533a745b6982f6aaed0b21de3
2026-02-07T17:19:10Z,DaLaoGang666,account.4a3bb98cd74f438683d442b40c9fc242
2026-02-07T17:19:10Z,XueD1-_,account.26b87930195e43f1b582aaf6df77dd86
2026-02-07T17:19:10Z,HHHDDDCCCe,account.0974c0d6a30148f7af5910d33b761349
2026-02-07T17:19:10Z,HeBei008_,account.1b93017eedd8465780330abd49356354
2026-02-07T17:19:10Z,Fanxb-666,account.cb77326c7dd44f31a93134f3293388e6
2026-02-07T17:19:10Z,Poison_-MG,account.e3533aebe2eb4aae9457bfcfa806568c
2026-02-07T17:19:10Z,Forward-97,account.f26ebe9fc4b14326b53fe7086f9a0ac9
2026-02-07T17:19:10Z,XiaoMie_0518,account.9c45452e8de04554bac5b884b81e9f46
2026-02-07T17:19:10Z,LC_Hhan,account.110ad9e2d55e45ddaf8a50d4b41c84b8
2026-02-07T17:19:10Z,X1aTouNanHH,account.e44863386804441c8b0c8d2067cf1ffb
2026-02-07T17:19:10Z,08l2-_,account.b9c9cb5150e340f3bfaee319e1613176
2026-02-07T17:19:10Z,sSsSSl0_o,account.9e31b4afd75a4997ac3402bb036cbc59
2026-02-07T17:19:10Z,JIANGZXC99,account.d8f512854f6d488da662afefd8a1be36
2026-02-07T17:19:10Z,Cc_XZ2333,account.0f0ee20e762a499580fe15ac3d329b83
2026-02-07T17:19:10Z,WQ-90,account.18999e5cb6fa40919ef574c660c2b07e
2026-02-07T17:13:25Z,S0ng_song,account.79799dea364542978334b4d791153f58
2026-02-07T17:13:25Z,huaixin001,account.462f44f0f25e41a2bd4fd9f82e3ed9f1
2026-02-07T17:13:25Z,Azj_XinBao,account.e73b0c254a9640779d094fcf58b3d095
2026-02-07T17:13:25Z,iio7c_,account.cd61d285a40b434c8f4dc0ff11200b70
2026-02-07T17:13:25Z,TS030800,account.cf751f37148342fc8661bee611b1a900
2026-02-07T17:13:25Z,D_Goril1a,account.984ba85c7abb479fbfc39bf6a1a28b8b
2026-02-07T17:13:25Z,DSTTNSL,account.2836de2b5aca4a1f9a3331e844decefc
2026-02-07T17:13:25Z,sleep_xz,account.87f3fe5545474fd6955acc9c2d8fc2d5
2026-02-07T17:13:25Z,DrG_9527-,account.4473bcf13c0f4294a68db776f7768c02
2026-02-07T17:13:25Z,Hope_xxxBBK2SS-_,account.0e175f59033f49ae94ef0fd0c955f641
2026-02-07T17:13:25Z,Jmoxiao_XXX,account.9da66244425246d780f70de6022dc790
2026-02-07T17:13:25Z,DutO27x,account.8068ebc3eec94a5595ee09f375d91361
2026-02-07T17:13:25Z,Tempted_Ysf,account.e5678196b7344e148bd0d8ce2b1e5dde
2026-02-07T17:13:25Z,NiLaoPoZeiBang_-,account.22f8b1d2333048748f5528a2b7f6023c
2026-02-07T17:13:25Z,Haihuizaiaim,account.21e16f77fde44136bc075fe90793404e
2026-02-07T17:13:25Z,4AMPixar,account.4575df66b440424d92a212fd974cd04b
2026-02-07T17:13:25Z,cctctcc,account.1df0358038564cde9b283500a2ccf488
2026-02-07T17:13:25Z,NesCafe_Gw,account.0fd9bca512a948ff93732298c1725391
2026-02-07T17:13:25Z,CW_777777,account.3dedaf457d7942c29bbdb1a3e28cf6ae
2026-02-07T17:13:25Z,7xbx,account.1d426af6c09a46ff862da3e224436bb1
2026-02-07T17:13:25Z,Lo_v_e__-,account.ef89e9a435af4237879c0e09c5189700
2026-02-07T17:13:25Z,Eternity-AQ,account.ef4d192bac534004887aaf12498611e7
2026-02-07T17:13:25Z,7YueOuO_17,account.970b7a74f29c40218da3551acb573cc6
2026-02-07T17:13:25Z,I083,account.8283c565672e42d7bf8aa51f08cf94c1
2026-02-07T17:13:25Z,Wish-zl,account.ed829ff302254f7c9a0dea8394914313
2026-02-07T17:13:25Z,7xnm,account.4a6f88e6d3434652b8f3b451e09760eb
2026-02-07T17:13:25Z,BIG--SHOW,account.69bdb7919dc74c49834f6b47f8819a35
2026-02-07T17:13:25Z,Avicii-28-,account.82199973d83f44529f4f0a58a7875023
2026-02-07T17:13:25Z,benborbaborben,account.d38d2e74ab094fbba225d106927810d2
2026-02-07T17:13:25Z,Qtt_Leslie,account.9f9638a50ad54de3872022b2b10ffe17
2026-02-07T17:13:25Z,ZyNiiK,account.6d3d431e6e994f3492a2045cdc6d496d
2026-02-07T17:13:25Z,WONJEHA,account.514f600300104c7c9d7424b35a7c440e
2026-02-07T17:13:25Z,Lovable_Max,account.c16f40717d4541cda802aa9f8dd78c77
2026-02-07T17:13:25Z,Mamiiiiii-,account.ac5ba30a624c4c25b6ed27a5b0d3ecff
2026-02-07T17:13:25Z,RAON14,account.45a45acca397400aab45f377f591c038
2026-02-07T17:13:25Z,GUGU_Salamander,account.eb34d5c6ccfa406c97f68a793fc71a26
2026-02-07T17:13:25Z,Joon_,account.5954e1f555034df5945fd14ca87ac344
2026-02-07T17:13:25Z,yutou0213,account.48974d5e2a594e72af14cf148a9a8be1
2026-02-07T17:13:25Z,nuibidege,account.def6dd0e060649f1bedd77c11afa6490
2026-02-07T17:13:25Z,yj-ke,account.f830794e590c488fbd9dcb4ec683e5ec
2026-02-07T17:13:25Z,YangMm-_,account.d09c191dc38a4a62a315593e2e953d2c
2026-02-07T17:13:25Z,BaigeiTree-,account.ef925db3dee0437a9f0fdab366ee90e7
2026-02-07T17:13:25Z,jianshangesi666,account.533e890553524168806620395008fc94
2026-02-07T17:13:25Z,NiDeXiaoKeAiNai,account.7d2c95c4db5c42bab27c992ef2b6efd5
2026-02-07T17:13:25Z,XiaoBaiLong-BB,account.5d392ebef341480884bc0da2d3fc862b
2026-02-07T17:13:25Z,Sen94-,account.54356415d2bd4b6b837ec4914061e3b3
2026-02-07T17:13:25Z,66yongshi-9,account.67eb9db4998f46bea2caa50fba4c3c9b
2026-02-07T16:55:28Z,9iCoke,account.44d6da3b94414a16b6ba746d5eae4157
2026-02-07T16:55:28Z,Pandatv-Hojin,account.4ce3248cc07b4827992494e45a72bdde
2026-02-07T16:55:28Z,xiaopangjinjiang,account.0143571941634f3fb291c9bc4b5d402f
2026-02-07T16:55:28Z,RTY_A,account.c1f0dc55b4884b5ab0f05ac909c62551
2026-02-07T16:55:28Z,CNN-ChenHaoBei,account.7e623d24832c4266a1e87c9df915f23b
2026-02-07T16:55:28Z,CNN-YueHai,account.2bd1228e4d7b4d009b29000be79441aa
2026-02-07T16:55:28Z,jinsu081017,account.447d094f1bc64475895c91676d7ad9c5
2026-02-07T16:55:28Z,Kilikili1,account.c697e77d336e4178bc67deeff8194661
2026-02-07T16:55:28Z,Moon_Soso,account.53de344b9bb04fbfa741be0773f43af8
2026-02-07T16:55:28Z,7-Zaka,account.f5db82ddf2314ecbb922b3341f6e38f3
2026-02-07T16:55:28Z,JiannQvQ,account.69a876afc66d400cb5d5cdaf1bebc7d2
2026-02-07T16:55:28Z,DoNotEatCilantro,account.c98a2ac3c7e34446b2d2df83c2fab69f
2026-02-07T16:55:28Z,bbx156wta0,account.29907a861be74d54a331b4bedaa40b0b
2026-02-07T16:55:28Z,Da_Da_Da_xiaom,account.959e6436f59d4ffcae611bd46e6a171b
2026-02-07T16:55:28Z,Once-that-rod98K,account.7ade97ea282446498c2dd98a4a79baab
2026-02-07T16:55:28Z,Vincent_Cc299,account.c75928809d8945baa14bf89f0eb58fb3
2026-02-07T16:55:28Z,CNN-LaoBiao,account.da13f35ef56744fd86bda6c41c626369
2026-02-07T16:55:28Z,Weixiansheng-9-8,account.0815d0949f604aed9630064c28e94848
2026-02-07T16:55:28Z,XoXo_Fei,account.10fa04de2daf4c74b45c8c1741923d0f
2026-02-07T16:55:28Z,Folltoshe-O_o,account.bf79120557d2425d980a2fbf0540a6c9
2026-02-07T16:55:28Z,l_llll_i,account.fcf3dcd9aaab426b92968a1c83e0d5fe
2026-02-07T16:55:28Z,llw_616,account.179f4fcd406f4c0187456405ba2fde7b
2026-02-07T16:55:28Z,FierceXuGeGe,account.caabaff6aad84d3ab3448d9a32d5f6d8
2026-02-07T16:55:28Z,Satan_Lonely,account.e1ad2949996d446c8a028bcdd0e607a5
2026-02-07T16:55:28Z,7-SereIn_Zzz,account.d4c9c07e6fee4c9b9fdad3c9ffefc35b
2026-02-07T16:55:28Z,W0nju_electric,account.0ea32794686d41029718f9e104ada46a
2026-02-07T16:55:28Z,Hwan0-0,account.2bf9204f2a404a54badc5e64828c3968
2026-02-07T16:55:28Z,nibiao,account.b8292dd110c24fac982215469584040f
2026-02-07T16:55:28Z,bong9baby,account.84c7ada75d5749c88b1b6e4be7bd05d3
2026-02-07T16:55:28Z,XXDcarry,account.e1b217fe8105417a9ad5ce7108dc055e
2026-02-07T16:55:28Z,jk_ali,account.81758b9039bf44ce8838dbe45c6da7a0
2026-02-07T16:55:28Z,HIPTOKTOK,account.73f10f719a284d5d8a395f10896672c8
2026-02-07T16:55:28Z,DZSF_SunWuKong,account.024eddb92a3d46e8ba3d654ea7506e66
2026-02-07T16:55:28Z,Nsey180,account.bc99c8064e27449abebe4e0c39112bb4
2026-02-07T16:55:28Z,rinkz3ge15,account.fd6477efa55f4fba95242e77f4143ef4
2026-02-07T16:55:28Z,QICQ6,account.d100d5b34a2647e884a1d659109ad783
2026-02-07T16:55:28Z,Ashupang,account.efab873abd894ffb950427dbf63557da
2026-02-07T16:55:28Z,lilyapo,account.ef1727e1a2484bf69ff79e7ee2ef3189
2026-02-07T16:55:28Z,CNN-YangM,account.9e27d4d4d42446a7babef9c1dd21ed36
2026-02-07T16:55:28Z,minidrone256,account.50723b5fbb904dd6abba7290462f1aba
2026-02-07T16:55:28Z,Chibap,account.1531cb1ef3994e30b4d166d998379fca
2026-02-07T16:55:28Z,ming_ggi-,account.14a847b2023341128bcdd38e520aaeec
2026-02-07T16:55:28Z,ilhun,account.2c6818b983ca4b2098181f4f811e9d30
2026-02-07T16:55:28Z,youmomboom1,account.f9ac371825c8461baf653f0113b6ecf3
2026-02-07T16:55:28Z,charonxxx-_,account.37c50ba1f51c4d79b20792b40e5a895b
2026-02-07T16:55:28Z,S2_NARI,account.8244e0edd54549dabc80b45a17fc5268
2026-02-07T16:55:28Z,Folltohim-O_o,account.a36e33e7582e4c34a9dc92da095440a9
2026-02-07T16:55:28Z,KillerJeon-_-,account.25034c44b1ad43bcae038dc6c38194df
2026-02-07T16:55:28Z,ii-Cx330,account.f38029754bcd45e2a37125b1364b4fb8
2026-02-07T16:55:28Z,ReD_LEUNG,account.3e6ef158d885422bbe31b5c833dcf165
2026-02-07T16:55:28Z,erzidadieL,account.1eccd397cf6b41d19bc0038032d0bc1e
2026-02-07T16:55:28Z,GodofWar-VLK1,account.c4a25215b0134caf8fe99f6bb5dce28c
2026-02-07T16:37:44Z,Mars_BECKHAM_7,account.fc68c5ffc51943089156aae3651d41e5
2026-02-07T16:37:44Z,1Helu_,account.5c7284be983044dc826cb8197185fa40
2026-02-07T16:37:44Z,AqwertssA,account.cb5a990c84a040bc902f8f159cf941df
2026-02-07T16:37:44Z,Zero_shotgg,account.6d517de0ecd84554a49f82cae2b9c044
2026-02-07T16:37:44Z,Money_ak47,account.daecafa774964705b7b31d36735a73db
2026-02-07T16:37:44Z,lkangjie,account.79f967d2869e4aae9f1fe4c405b194d5
2026-02-07T16:37:44Z,yniijelf,account.1d7326b9da314d6fb274366c3f79e851
2026-02-07T16:37:44Z,ShangFFi,account.1134ae587cdd4d2bae3516be2082ff4f
2026-02-07T16:37:44Z,1st_O_SAL,account.1ef9932bd3d042b4973170c00aab98fc
2026-02-07T16:37:44Z,Niu--Liam,account.c652678064cb4ba98ee0a4dd126e7c7c
2026-02-07T16:37:44Z,HYF6667,account.6a475d1e33d244f1b55716b8feb9f157
2026-02-07T16:37:44Z,May_Candy,account.78673749f46942ec999ce074878d0a79
2026-02-07T16:37:44Z,Yaoaii,account.389a9f33a9654fffa28e068ee6a312c5
2026-02-07T16:37:44Z,Mars_TangM,account.7b280bb19eb74ac2994ec1538d39e743
2026-02-07T16:37:44Z,GG--Bond-Trump,account.e0698a92cff042eab405c2e4149545ef
2026-02-07T16:37:44Z,Seven-_-stars,account.4286fc8fcf8344e78cad309241bd228e
2026-02-07T16:37:44Z,i-_YTong,account.ac29129217fb482ca91ab568a5bc4347
2026-02-07T16:37:44Z,Miss_ShaoQiang,account.a1b6f90cc26a4724a4c2bde239db07a0
2026-02-07T16:37:44Z,b6aby,account.97a14c8d0e41468098fe5a5d3ea46589
2026-02-07T16:37:44Z,garylawchihon,account.f390fdbd92fa4abdb8866b790ba6e1cb
2026-02-07T16:37:44Z,Libra-Ameng,account.5985ed225ccd45939803bd7242770140
2026-02-07T16:37:44Z,Mars_DajunOvO,account.3768c02a0353401e980175aefc25837a
2026-02-07T16:37:44Z,Takister,account.72dd330b855d418292bec5dc3c5cf8a5
2026-02-07T16:37:44Z,DnasZHAO123,account.1eeef48e32b5492ba00962d55575c3cb
2026-02-07T16:37:44Z,i-_18zzZ,account.074896b866334510a3c1efaf7b51d7bc
2026-02-07T16:37:44Z,bc_8991380,account.36da5906c3084c9696a5ab640d396ab2
2026-02-07T16:37:44Z,Faith_YuHan,account.cc520d71fe16413b87ce33690be446c5
2026-02-07T16:37:44Z,DBS-CNM,account.5e8a8c9e67db45d89343d8533a9beac0
2026-02-07T16:37:44Z,AMw3ll,account.ce6b220fbf1448118dfb02bcd443c354
2026-02-07T16:37:44Z,Desperado_TY,account.58b1240d70b145abb63b883c0afbcfea
2026-02-07T16:37:44Z,ZoZiNa_-,account.8a85bd5a5cb64c51917b699c9bc3fc60
2026-02-07T16:37:44Z,Shine_Panghu,account.8c11e43965e34a8e8e880c50dbc2e225
2026-02-07T16:37:44Z,1st_DDe_jl,account.1da782d1a7584a77a2d5ed20ccbae892
2026-02-07T16:37:44Z,BubbluRose,account.a9221e6ba79244acacc00883d19f26fe
2026-02-07T16:37:44Z,Star_Sekura,account.56c346080c804155ab578a5397f27c3d
2026-02-07T16:37:44Z,i-_Jsen,account.1711f3d3ac3e493599c9a090a7062374
2026-02-07T16:37:44Z,Dida7C,account.fef50fb98c3d4defabc07ef19df642a4
2026-02-07T16:37:44Z,Che_Free,account.76a08ad0672c4cc1a5828c737491749a
2026-02-07T16:37:44Z,NO1-Na,account.dd14e3cf30be4b4fb9ea3d3eb9439911
2026-02-07T16:37:44Z,fanwei217,account.1d27ea69b7ca40ecb9ff3483cf7b4516
2026-02-07T16:37:44Z,aTman_-,account.e679db41e90d4008aabcce66b9ba9253
2026-02-07T16:37:44Z,Kangdage666,account.7dbd3816a19b4879a03a4baf1921f8be
2026-02-07T16:37:44Z,n1ghtkk,account.21608f7ec081423496892e79b1215242
2026-02-07T16:37:44Z,Mrdcxg,account.1fb52685b1e14431b695d8d46d63fb90
2026-02-07T16:37:44Z,NSinYY_,account.374b6943919b4697aefeac0d2918a611
2026-02-07T16:37:44Z,PO--JUN--QIANG,account.f9447a0434f84c5ba850edb3ce638b9b
2026-02-07T16:37:44Z,ajun-90,account.9f443c31f7a448299cfb66d258b18c55
2026-02-07T16:37:44Z,YanShuai910,account.8168f46e8af3411bba88aa9c4e1c9053
2026-02-07T16:37:44Z,o1_L1nwan,account.6c2660eb740d428586a364584443a986
2026-02-07T16:37:44Z,1st_kimJerry,account.3e88466fc98845f796929616688201bf
2026-02-07T16:37:44Z,DouYin_HP9,account.33367654901749d594fb63dff61295ae
2026-02-07T16:37:44Z,xiongyouzi,account.c3931915022044b49929540cb9acc6ca
2026-02-07T16:06:44Z,m5411,account.839df8eac8964832b0fc0cadd6283695
2026-02-07T16:06:44Z,KR_Len,account.22b8b0a071b2411494ede8fa144b4b70
2026-02-07T16:06:44Z,Dear_Star_,account.62406a26c2874627b14af8498585bf46
2026-02-07T16:06:44Z,Huuuuuuuuuuu_,account.e40f8b44e20a439fac1a30469db10333
2026-02-07T16:06:44Z,Catqianqian,account.595cf6bc369a49d9a47fe57c21e79020
2026-02-07T16:06:44Z,ShenQ1n9_-,account.c01fa1104d7c412ab019ca5ee04e1d25
2026-02-07T16:06:44Z,Conan_bbab,account.80b2eb133ec34396b8b4e99e01e7a6a7
2026-02-07T16:06:44Z,YePapa-,account.c6185bd304dc4bc2a69b47384efcd3b1
2026-02-07T16:06:44Z,Cannianaaaaaa,account.73678152e6b444bebc51d7072b5f291b
2026-02-07T16:06:44Z,ppuga_galu_x_x,account.659f254face2486b8721fce16791626e
2026-02-07T16:06:44Z,Yuuuuo_-,account.a7d5dfb00929483eb08a223dcec3277d
2026-02-07T16:06:44Z,0127_c,account.61b84d0b7c2248659e3fd3fe557748e0
2026-02-07T16:06:44Z,A-ADDONG,account.29334ed7b45d4468951034b91d3530cb
2026-02-07T16:06:44Z,ABNgang,account.9ab831c13f55463193fc3e1d3142ebd4
2026-02-07T16:06:44Z,Arnoge,account.f2932b004a33453c8b3bb663f77af75f
2026-02-07T16:06:44Z,ViperCore-,account.b1030ab327d44369963ad92d7ec8d2b5
2026-02-07T16:06:44Z,Radiohead_-,account.455a141cdb4141b091d010de8dd6d7c5
2026-02-07T16:06:44Z,sksmsanswpdk,account.0f302110a4114fbd8e56140a286d4dd3
2026-02-07T16:06:44Z,Serendipity-1205,account.411e5a98db3d422787c024424c790930
2026-02-07T16:06:44Z,fasrdx,account.34289f9d089042b5a6d1a9fe60b44340
2026-02-07T16:06:44Z,AK47_HuaZi,account.93555f6384b1471f8f4e918e39d7e32d
2026-02-07T16:06:44Z,Mr_Tianyu-,account.8e92d0a9fa02488f8c070f8ddf9c31d5
2026-02-07T16:06:44Z,HelloKitty_x_x,account.ef92c7edb42a483d87e6a66be3702263
2026-02-07T16:06:44Z,fish1006,account.c2d9c8a1314d4e6792d3f0239cb0bbe5
2026-02-07T16:06:44Z,Felix-Carl,account.bceea88105d445fca6c46f589aa69c1a
2026-02-07T16:06:44Z,manman-1314,account.b662c4f2a1aa44a6bc237b72c78c8253
2026-02-07T16:06:44Z,zongsiling-1,account.8d614e8b6e5d4df79aef287e1a4c851d
2026-02-07T16:06:44Z,AK-98k___,account.165dd5c576544f9fa0b320bac8f3145e
2026-02-07T16:06:44Z,Mr_Cccc-,account.4328d9e70d7140d5a44203ee229540a7
2026-02-07T16:06:44Z,LDZ-22111,account.e60800cb90364c31b015efde7e0806ec
2026-02-07T16:06:44Z,12_1_5,account.c5104b6f1552497c889739b6abfc4418
2026-02-07T16:06:44Z,senyao_,account.e731bed3f19e41a39b353d147088f27c
2026-02-07T16:06:44Z,CongShao_-,account.bedbd31de29040bf8dfb8dc9d569bf31
2026-02-07T16:06:44Z,AKM_SeeYouAgain,account.602f04107a334a22b3a21b84e61aa540
2026-02-07T16:06:44Z,18202430446,account.4536ea14181d42c6a7b75bfed19fffe7
2026-02-07T16:06:44Z,LUaLUfeijibei,account.adea0fe46b8141238bd35ca02169d450
2026-02-07T16:06:44Z,jjanggu_bbab,account.cfada9e86e154734a33d369ecc1847ad
2026-02-07T16:06:44Z,RevieAckerman,account.6a68dd4fa11b4276823f99bea6da1c0e
2026-02-07T16:06:44Z,KaKaLuoTeX-,account.08b1f4154fb14208aa9936fe3f52dd07
2026-02-07T16:06:44Z,LucKy_IkEu,account.18140ce346e445a7a1fa501084994868
2026-02-07T16:06:44Z,DaFa_1o87_,account.91b76073aaec49968f95fb654d239b02
2026-02-07T16:06:44Z,Sodiumshui,account.8c0ee828ce0a47a3942a0600945a3a4a
2026-02-07T16:06:44Z,saddo_bbab,account.c97c9b1352fe4ad4aca19f90abd7a4a1
2026-02-07T16:06:44Z,LBS_10MM,account.fa304f3c35984425b1fa518b79176a8a
2026-02-07T16:06:44Z,Do_Toory,account.4bd70d68d0a94e64913d2d04e5d782bc
2026-02-07T15:28:44Z,HangBeeBee,account.846a1efef12144278e1895ae38c1331c
2026-02-07T15:28:44Z,Chi_Qiu_Li,account.f7baac0c282740cd9d0dbd7a0a515c62
2026-02-07T15:28:44Z,Ar_wen_youyou,account.b365f6bf06ca4a5e9a8cdddbc8a02acc
2026-02-07T15:28:44Z,1mox1u,account.cd47e8f4e83b48c4881e4b7ce22a4ccf
2026-02-07T15:28:44Z,qq997650229,account.bc99a3f9948b4a05a7f10611ac97668b
2026-02-07T15:28:44Z,70oo07,account.41791988af5d4ae19160259f2caf384f
2026-02-07T15:28:44Z,xiluo16,account.961f956b5d5b4194a6788321c9e0c0be
2026-02-07T15:28:44Z,andrew30cm,account.251edbf8fc4545649b61c3a22dcf59d2
2026-02-07T15:28:44Z,BaiziHua_-,account.b7d8c4b289dd4daeaa0f8918f698c7c7
2026-02-07T15:28:44Z,sanlxi,account.971404cd634941f6817f7dd7a5392e8d
2026-02-07T15:28:44Z,ChenY1Ning,account.e7d72da5a7204d3b86b484587f1aaa1d
2026-02-07T15:28:44Z,wudi8337,account.3f33ad36e9cb404bb0cc8112d0f1d257
2026-02-07T15:28:44Z,1Jz-Beryl,account.31a8c7490043466fb93d001fddf64fbf
2026-02-07T15:28:44Z,Arrogance_Uncle,account.d130d64dc2ad4ac7baafa964c0bdb763
2026-02-07T15:28:44Z,kurong18,account.9af2be92d13f4ce284abc258c8a7ded6
2026-02-07T15:28:44Z,9821_xxx,account.34a812a8dbd548c196dd8cd1fc1fefa1
2026-02-07T15:28:44Z,Zeng_xz,account.0c7f8c6664474c818f550ac2a708d15d
2026-02-07T15:28:44Z,chosen12341,account.cda0c94009524fe186e66c4375bdbfda
2026-02-07T15:28:44Z,FORTUNESMULES,account.d2ed0fa966e44739b223dcc6ce85bbda
2026-02-07T15:28:44Z,hhhhhchile,account.e0c065c5f8ab487ab051a6f0f36ad831
2026-02-07T15:28:44Z,CurielwOw-86,account.ebb1cfa0593a4dae94b9779dfa4a9939
2026-02-07T15:28:44Z,Ninja_pan,account.beab0046d5c34a83bdc686cd09cfeece
2026-02-07T15:28:44Z,NestleLemonTea_,account.36186b4bcf8a4d73a2624183d0733fc8
2026-02-07T15:28:44Z,971v,account.98adedf1584d4f5e94ab061644544812
2026-02-07T15:28:44Z,AZ_CCVV,account.9b7990b36b5f47af88d9118070918554
2026-02-07T15:28:44Z,Xxxx_cw,account.24c88d3561a1428e89f7d6714d92b4c4
2026-02-07T15:28:44Z,Death-Athena,account.e34e2acd482b4509bdcac221871a3607
2026-02-07T15:28:44Z,701LLLLLLY,account.75538e6bca3f4f0e92298dbb2a5c37fd
2026-02-07T15:28:44Z,SrvrnK,account.8b096316462047a7860b165d845ab637
2026-02-07T15:28:44Z,MrSu86,account.118081af9e414b2ba6e08fd3d60c8b99
2026-02-07T15:28:44Z,YYYYanhao,account.16be7193bd224de98856ec8d592dfce0
2026-02-07T15:28:44Z,oiuR-,account.21d948bf86d447de8ed99efed330b807
2026-02-07T15:28:44Z,Su_yangV587,account.866f0d006a434c3aba4b255985830f76
2026-02-07T15:28:44Z,lixinleidahaoren,account.8dce150fc49e4d9eb6f4f1b6a154e7ab
2026-02-07T15:28:44Z,HITAGII-,account.ce0497eedaaa4b7785d64e1e793c3fcb
2026-02-07T15:28:44Z,LM71888,account.d5d2e3475651486ea7d46bf806ce0a04
2026-02-07T15:28:44Z,1273354148LLXX,account.b48ca91cda8a4f8aa743cd7008f2d300
2026-02-07T15:28:44Z,The-scond-world,account.2584eef497234e9d8dd562fbcf87d430
2026-02-07T15:28:44Z,xiaozongzi623,account.4ec1cfb22c0348668f4937d85fd16e08
2026-02-07T15:28:44Z,Ssss_xf,account.3e5d33c3bb9a48ea919b30604e5f0385
2026-02-07T15:28:44Z,Baiz1Hua-_-,account.ddce60f903054c30a9e5ecd9a8c5337e
2026-02-07T15:28:44Z,Miraitowa_Uncle,account.d75a3e1d61934a96ada8a5a87bf0d812
2026-02-07T15:28:44Z,Gun--Gold,account.b6265de0277045a9b08f35d7ed0d2247
2026-02-07T15:28:44Z,1015631295,account.7ad9ad6f59f44ec7953d9c158f8b47e1
2026-02-07T15:28:44Z,Devils-Gzc,account.4367d5ec56b6428b84139bca949ace9c
2026-02-07T15:28:44Z,Apex-5iCYy,account.7877b85f1c0d4d919a0c6c67185c662d
2026-02-07T15:28:44Z,Apex-5sRonin,account.26108766fd534478816630afe99ee98b
2026-02-07T15:28:44Z,LiJ_jie_-,account.542ff3a716ef4b3a946dcaf1dd58ab98
2026-02-07T15:28:44Z,DAMON3333,account.78107e212a804ced92bb25e9ed45f168
2026-02-07T15:28:44Z,LM-ShiSi,account.78b663c5fbee43d6b08748e624d57bc3
2026-02-07T15:28:44Z,Agreatdealofluck,account.7cf2deb861ff4ce1b38a3c75d8a4e746
2026-02-07T15:28:44Z,rxk6493,account.ed44c395ca8746bb97fbbb91ba6d03d3
2026-02-07T15:28:44Z,Apex-5sZzx,account.f5d4c3e98a47481b9f4006d886a291e1
2026-02-07T15:28:44Z,3wWD,account.b2d248c9441941fbb4f92cafd424c9ce
2026-02-07T15:28:44Z,Aod-KjllerzzzZZZ,account.29b2fe67d10f4ae085833c0fdd00c712
2026-02-07T15:28:44Z,Riffraff_Uncle,account.e7efd88b4ee945d3ab10e6a978e7013e
2026-02-07T15:28:44Z,Frozen1sGod,account.608301a955ed452696c949ced2581b6d
2026-02-07T15:00:08Z,whitehairpin0,account.ea5e878c7f904f6984da805343b44bb4
2026-02-07T15:00:08Z,HuYa1977,account.f7957cdb3c4f461fbb8b60f5a10fc35e
2026-02-07T15:00:08Z,JY700,account.9c7bb2534aba42c9bc58742bcac8ae99
2026-02-07T15:00:08Z,Thanatos--x,account.76eaa558f74940abbdd9d11bf1806054
2026-02-07T15:00:08Z,JiuZhanG_c,account.2e10e80d65e74d8ba506ae71f1520c0f
2026-02-07T15:00:08Z,tianlong-_-,account.5e89bb1ad4c1469a8afaac50115553d5
2026-02-07T15:00:08Z,RUSH-LAOZHOU,account.3655ed60b28a45939481b3caaea6bef1
2026-02-07T15:00:08Z,woo_sang07,account.3912ad6f8b0a48aeaf5f48bd5f51469a
2026-02-07T15:00:08Z,Justin_07,account.6d002a4b308a4406a315e553f3b5e8e6
2026-02-07T15:00:08Z,SuChen-110,account.32a507aac12349cb92320eab254af713
2026-02-07T15:00:08Z,Pineapple_xx,account.cfa30f4b6aea4516a4b5c54fd52a4df3
2026-02-07T15:00:08Z,JQKA_-FanDouGe,account.3d20ba1efb3847a4b947d2f23ecc5cd0
2026-02-07T15:00:08Z,Jihoon_Xxx,account.6adaebecab69471e99e970c4dc32bfbd
2026-02-07T15:00:08Z,Gray_baobao,account.6492030f9a7d40edaf60f5d40cab1387
2026-02-07T15:00:08Z,9_9jiu,account.f8f462ce59cb4f73b394fcfd65aa78ca
2026-02-07T15:00:08Z,GunSpeaker_OG,account.b5e6684860914d5e853507afebdda8b1
2026-02-07T15:00:08Z,LJMLJM8888,account.3454313009cc4580b8663d9d9745f2c4
2026-02-07T15:00:08Z,XYH-Rshao,account.04c83dc85ee04835b4b956fc574e71be
2026-02-07T15:00:08Z,dmeny20ybn,account.81fb81d58ab54df58f1212f89243d267
2026-02-07T15:00:08Z,O9o3-_o,account.d1b0a808277d4670ab04cd8560759097
2026-02-07T15:00:08Z,SL-jiu-shi-jun,account.c904412099994167a65ee83f921bca6e
2026-02-07T15:00:08Z,68suiMengnan-,account.1790804846e44a59af3be24ddfd26aa4
2026-02-07T15:00:08Z,11_lc,account.98b9eee520fd438c9e342a35d01faf60
2026-02-07T15:00:08Z,hgjfidjsk,account.c281452048f34e178ec61f812274f12f
2026-02-07T15:00:08Z,FG_JingOuO,account.26450d2f26ad4b02bd8e879b78ada54a
2026-02-07T15:00:08Z,R99999H,account.3ae8fbf736504e30bcfd6b2790f62ec9
2026-02-07T15:00:08Z,komorikomoriAA,account.f1a6cb1b05c443d6a695034b62bc46e5
2026-02-07T15:00:08Z,PanDa01864,account.356661a8fc35494098c8c2180e78e85c
2026-02-07T15:00:08Z,langrenzhuo,account.8b6499c35def46c1aac53e072ceea593
2026-02-07T15:00:08Z,xIaoBozzz1-_-,account.0b2c3f0f140d4e5cb980d36e66d362b3
2026-02-07T15:00:08Z,Hxxxxxxxxxx_-,account.6b87a94fc040412394738388e85767c1
2026-02-07T15:00:08Z,Rs62,account.b7af078efc094c72986952bc4ec1cfe0
2026-02-07T15:00:08Z,WaitPromise,account.29d5a6c63e61427ebd112920f6b850bf
2026-02-07T15:00:08Z,GoDanGeGe,account.e30c18d4ee3540ad943e8257fe769b8f
2026-02-07T15:00:08Z,Tizzy_-T-,account.011942f56ca1482cb31e670f497c52e5
2026-02-07T15:00:08Z,Novice2018,account.d40b39f4a42a450a84c91f218315d06b
2026-02-07T15:00:08Z,cc_ylpa,account.20f02f6e31054169884aa2e4227bdf32
2026-02-07T15:00:08Z,INM00N,account.c02401977a8b4f99a3c8eeda0ea12ff6
2026-02-07T15:00:08Z,insist-fc,account.9a84c46736bf44ab90f4686bc3420fd1
2026-02-07T15:00:08Z,TxT22,account.d784aeddbd9140a4a5a393fc60461003
2026-02-07T15:00:08Z,GAI98,account.ce659ff35f374a64bd5dcd61092cd90d
2026-02-07T15:00:08Z,KFUW_14,account.ea51d3c9e85e4e91991b1a5562015ed4
2026-02-07T15:00:08Z,5AM619814,account.405fd959499542d59de69b409d9f050a
2026-02-07T15:00:08Z,1Keepgoing,account.3f66b4db9e8a4a13b121c66b94372387
2026-02-07T15:00:08Z,evnyxxxrose,account.b8c48ca368ec4a19a41fa4674c14c8d7
2026-02-07T15:00:08Z,Iza_lee,account.f8e9db894ad54cbe9e5e0aeff1606f10
2026-02-07T15:00:08Z,H319_-,account.9ecee25f5c9445ef868eb862f252d946
2026-02-07T15:00:08Z,POBG-LiuZong,account.fc33b6e8bda042bb828b7b8f9d076b37
2026-02-07T15:00:08Z,BiuBiu_Honor,account.d9947ba039ee46888c0540ffa7461e42
2026-02-07T15:00:08Z,sh1ranranya,account.52b355b10b5a4f1080e8bda869618725
2026-02-07T15:00:08Z,BR-YiRan,account.d5696cf929854a6a94062f364e445723
2026-02-07T15:00:08Z,Iuu_701,account.1a60142fac5d488f953ac249afde6713
2026-02-07T15:00:08Z,Zy0o0zzz1-_-,account.5d8480d50dfb412b9b6426bf008efc3c
2026-02-07T15:00:08Z,Mq_Hope,account.1a6f1a1c473b4c4ab3288b1423f85c8b
2026-02-07T15:00:08Z,i-_JIu-0v0,account.dca3fc4a1d2f4218958ea3652227c82b
2026-02-07T14:54:18Z,EVANGELINE0303,account.3ef1253667cf47cb828fbc8190e14931
2026-02-07T14:54:18Z,CURRY_00_,account.65e9e52f246947988e90dc56bde6fade
2026-02-07T14:54:18Z,Love13cc,account.c99f1d5c13aa40a5898fd5aa14f3b482
2026-02-07T14:54:18Z,Forever-0000-Kz,account.772747b802794ad683c671050b1363fb
2026-02-07T14:54:18Z,LoseFeng123,account.ead5325b56914677a4a650f9c7dead71
2026-02-07T14:54:18Z,Empty_MKX,account.a79b49b21a25497ba1dc552ba864e73c
2026-02-07T14:54:18Z,Empty_MKE,account.e57e07fc03e54a98bc836fdcaee038b9
2026-02-07T14:54:18Z,Cccc_A1,account.f9247793c2c049cda7b123e8ed68b4d5
2026-02-07T14:54:18Z,Chris-birl,account.20d079c053954391badd100007dad4a0
2026-02-07T14:54:18Z,Sep_flowers,account.274ed4d9a05b44e99d1980ab372bb361
2026-02-07T14:54:18Z,Yolo-Loser,account.afc47e0d51e8428b9b0651b2fe3b8bbd
2026-02-07T14:54:18Z,nhb128,account.ab1a8a01f9954bfebe987e20623550f8
2026-02-07T14:54:18Z,SSS-ChenSri-,account.978987e00ceb40a4a4f9ffe446aea19f
2026-02-07T14:54:18Z,Wzhhh2333,account.30174091d18a4483a82eb203024e1e68
2026-02-07T14:54:18Z,9656g,account.ffd240dfa4b34647bc51a12bafdf46e2
2026-02-07T14:54:18Z,TAT_Quan,account.ed23552df24140cfa65b715a33feda8a
2026-02-07T14:54:18Z,Empty_CSY,account.435cb149794e487f9d5eb7b2a7d90f61
2026-02-07T14:54:18Z,MaRXL-DaYSa-oK,account.3dff63b8f05f4c4b97f64e9ee8b622ca
2026-02-07T14:54:18Z,3upxx,account.0ba4aab4a8864a25974bab4a02a270c4
2026-02-07T14:54:18Z,Forever-O777-Kz,account.69cefce25e0241e0863c919bed880451
2026-02-07T14:54:18Z,lookBT_NO_2,account.226998dd00d44fcfb5485ce86bab4b4d
2026-02-07T14:54:18Z,GJCthisking,account.3433c2fd358e401b9035cbf08739d6a2
2026-02-07T14:54:18Z,Messy-wind-ovo,account.24ad8f2de3574c69ab665b5d22abe2e3
2026-02-07T14:54:18Z,Timorzhao_QAQ,account.88d70f4ee6314f29869a333fb52e2760
2026-02-07T14:54:18Z,wbzq62hwkbp2,account.5ff6c5a6631348e89f703449e8c79bad
2026-02-07T14:54:18Z,K-Gong_ik,account.7eeed6b1dbb7450ba47a65e3b4d61c85
2026-02-07T14:54:18Z,YuGB,account.4022341078e04f16b9c7f31f67fd88fe
2026-02-07T14:54:18Z,Resetxxx_,account.6a2ecb5213d64cb4ab4a02033e52fea8
2026-02-07T14:54:18Z,9248_,account.e152161aad4c44d08d0608624b4d448f
2026-02-07T14:54:18Z,v5feng,account.a7c1fc3715964c0c978992025bc33fac
2026-02-07T14:54:18Z,AK47--Liking,account.20c6b8a9ab564476a5d690883bd65a3f
2026-02-07T14:54:18Z,Buni_-,account.b8b53e766a96476e9b30fab4e4930894
2026-02-07T14:54:18Z,caidexiangtu-o_o,account.4dd4042947ff4c9ca368e4981d0f531f
2026-02-07T14:54:18Z,wsgvagva,account.d7ae1ce00e774fc38f451e083ee3bdde
2026-02-07T14:54:18Z,8x25,account.6d02eee19fa746d89ea8bc396c8c0f93
2026-02-07T14:54:18Z,MZ_LiuDaYun-_,account.3c5fd11c1fbd4f6094db34de3b813a61
2026-02-07T14:54:18Z,Palpitate_-GG,account.aea78cda0c264eca9492f1cb3ecb91e0
2026-02-07T14:54:18Z,007Ff-,account.cd7ac636e5d04785abacb36b728fdd92
2026-02-07T14:54:18Z,Bnetplayerlol,account.2ed50b8130684148bdd61f1301f4bf26
2026-02-07T14:54:18Z,fengnan999,account.1e5cfab25d0941d09dc51fb4f858aefb
2026-02-07T14:54:18Z,Yuanxiaorui_,account.ab432c1801d34c9a8a735b26c9a407ff
2026-02-07T14:54:18Z,Gohachi-A99,account.ddaa9bfaa6c0456ba3f542cedcbdca8e
2026-02-07T14:54:18Z,GuiTar_ZouYuYan,account.3f359f2b68304c7fade18d9a6a0cf22b
2026-02-07T14:54:18Z,QIE-_-ZI_,account.f8d75f979d3b49c4a9e52e1bd89d141d
2026-02-07T14:54:18Z,Jax_xxxxxxxxxxxx,account.a518fa81d5ee45b18873f6a5825cfc6c
2026-02-07T14:54:18Z,RASH-P798,account.e8e699f8cfde43ffb92449953126097a
2026-02-07T14:54:18Z,CHina__TV,account.02bd68577e4749ac988215b509b4d393
2026-02-07T14:54:18Z,zs_logo,account.eec804ee5a6242e1be7cf622d44d432e
2026-02-07T14:54:18Z,b1eMiaotui,account.91e8c334e8524255ab678667c39db29d
2026-02-07T14:54:18Z,C80-110,account.eb0058a74c884e4384076f2eafe25e5f
2026-02-07T14:54:18Z,puzzle-Loser,account.ea776dfb9d754d639c05c5a70dcde9f6
2026-02-07T14:54:18Z,Forever-oooo-Kz,account.faf7431ef40245238b682bfd6a84449b
2026-02-07T14:54:18Z,LandCruiserV12D,account.7eb3bc73c1214372bd4b66ef353ce92b
2026-02-07T14:54:18Z,Gohachi-A1,account.8140f56e1c614f50bad58bd65360aad8
2026-02-07T14:54:18Z,CaoNMbb,account.a4e60c8d7bfc49d2a2df38e3a75f076e
2026-02-07T14:54:18Z,Faust-Lus,account.487ef75d1c534f3bbf32660fc212b668
2026-02-07T14:54:18Z,puppypig520,account.a373c6c6813a4fbcbaa8126f83eea363
2026-02-07T14:54:18Z,blackdddd1,account.712ef16b687548c5919383723da0ce93
2026-02-07T14:54:18Z,kimboBB,account.2b0abaff311c45618aa1094fdc1ee1be
2026-02-07T14:54:18Z,X_not_ended,account.4c43afa9af564cf89b441ecae4303b31
2026-02-07T14:41:57Z,qingsong-1V4-,account.b6c8b3339c744cafa5a2e28467a1e33d
2026-02-07T14:41:57Z,lyy-3010,account.495d1330e69648e58d3b5bcae786cf35
2026-02-07T14:41:57Z,M_DAE_WON,account.30a79ca8d50246deafac66231b74e413
2026-02-07T14:41:57Z,o1c3,account.c8c7bd38b7814354a7db2df0286f6c53
2026-02-07T14:41:57Z,10520_,account.b00a42eb23fa436fa2f5e3f3dbb78f9c
2026-02-07T14:41:57Z,10927_,account.43f2eb1b3fc048a4948176c7c6d0838a
2026-02-07T14:41:57Z,SOSSOSSOSSOS9527,account.873c73a58c15458ea841c1dc46b932ab
2026-02-07T14:41:57Z,Zz-hwdzh,account.7403a22df2f944329eee8b71fe5eddd5
2026-02-07T14:41:57Z,yoke36b,account.1e148c298b344d1382b0246daaf6a397
2026-02-07T14:41:57Z,pract2,account.d2747ede7630457d909e051025687970
2026-02-07T14:41:57Z,Mingnvn,account.5f878b603576433b96e360dc503fa2cf
2026-02-07T14:41:57Z,PUBG-Camouflage,account.00acbe1bf84846879daff437326c0fa4
2026-02-07T14:41:57Z,xcbw000,account.da5d1fd74044426eae6ef91c109dab71
2026-02-07T14:41:57Z,Morimaas,account.0a16381574a94ae1af8f818284d08d7e
2026-02-07T14:41:57Z,DouYin_Youcha,account.82bb9b31072a4edbadca168fb16f4221
2026-02-07T14:41:57Z,Echo-715,account.754a673aa14c49adb9245735797d73aa
2026-02-07T14:41:57Z,Lsp_Godw,account.c7e6a0c35d3a4c65aae1ed1b36b26978
2026-02-07T14:41:57Z,GG__Goodbig,account.0dfa47000752477e9dc3ccaf429b53bd
2026-02-07T14:41:57Z,5ppang2,account.c5661ef1b2b04e5fa6885467c4f5c8dc
2026-02-07T14:41:57Z,TLQv4SYQaKiIB,account.bbd985de81234c4a866a5f40cc0bcb1c
2026-02-07T14:41:57Z,Speciate,account.9919fcb3245e44ceae0d5b7b42f89004
2026-02-07T14:41:57Z,75705_,account.02995791d10d4b54be5a00bc91530db2
2026-02-07T14:41:57Z,52-ying-_-,account.212c839a0a1247d993413a8f713db52b
2026-02-07T14:41:57Z,Jxiaoyugege,account.28a37573c7ad46a39342ed2581365978
2026-02-07T14:41:57Z,GX-WolfGe,account.3ed64e8aa000465db77d6b56ac4f7fd9
2026-02-07T14:41:57Z,Mnegshan,account.96fe564372c9461ba3fa84ca268a32ac
2026-02-07T14:41:57Z,HUNCO__,account.978e796242654f458fc4d554a1924f7e
2026-02-07T14:41:57Z,Han-Wang-Jie,account.e68302a3b0004bf987ea2b98ff5a2808
2026-02-07T14:41:57Z,dongbeige1968,account.7d100139e1c34cb48165d6631937c839
2026-02-07T14:41:57Z,CO_Legend14JK,account.3567bdec65b4461e87964103c5877dcb
2026-02-07T14:41:57Z,hao_124,account.1963b62029c9448db95cb58303537b33
2026-02-07T14:41:57Z,YunHo_93,account.27e6331471e54fe1a2e74032740d5318
2026-02-07T14:41:57Z,SIUUL,account.bb8ec10c7ecb40989dbc2141b53e9386
2026-02-07T14:41:57Z,AY_0958,account.c4cec0705e214c869adfcd85160cd0f1
2026-02-07T14:41:57Z,Wuli_77King,account.d0e05233256942caa7b6b874d84215fa
2026-02-07T14:41:57Z,o-Ice-cream,account.407f1ed80c68432988ba40256d6842ef
2026-02-07T14:41:57Z,aoteman--gaiya,account.316c314a44ec43b9bb0479999d11d9ab
2026-02-07T14:41:57Z,minnkky_,account.11dd495d7065426a8a177d7bdef8489a
2026-02-07T14:41:57Z,Taozhi696,account.1f939362f9754477beade161020f0e55
2026-02-07T14:41:57Z,CN-Y-LIN,account.897e676a385f42468c0791124e762a19
2026-02-07T14:41:57Z,HeKo--0_0,account.c32da83553014998942cd0a334c07f0a
2026-02-07T14:41:57Z,jiaohuanma,account.4a195825c8614d51b572ad1be2ba7294
2026-02-07T14:41:57Z,Chanel_Elegance,account.73e69768ee4b488688602a4b8e0d4761
2026-02-07T14:41:57Z,SugarLover_,account.9d7eabd3cb7547e281de71fe084d5ee2
2026-02-07T14:41:57Z,Invincible_y1,account.0ec7b29df2bc4db8807c61e2bf282489
2026-02-07T14:41:57Z,The_Honer,account.16818269035f4b998313eee8b83860bf
2026-02-07T14:41:57Z,esseforzen,account.722658d9f1134fb2a6f53d46d934369e
2026-02-07T14:41:57Z,Soulmateemail,account.d498472c4bb8440b9c4199c5a08bfb4f
2026-02-07T14:41:57Z,0604z_,account.234684b23d3c4ff79989cc9c4a80a938
2026-02-07T14:41:57Z,18CM_Lay-Man,account.bc2ccc01de5b472496195fce51ae0280
2026-02-07T14:41:57Z,Gae_GGolBatJyu,account.28f4daef5d314f30a334fb64df5f0067
2026-02-07T14:41:57Z,Leifxing,account.e23269c04875477abf97d78521af11c0
2026-02-07T14:22:14Z,GG__Bong-_,account.589751f14c7d45699bcfc018358a33a8
2026-02-07T14:22:14Z,THE66KAI,account.40c5e508fe254aeea2829d8805529c8e
2026-02-07T14:22:14Z,juelian6,account.2e1e91bf87254884aa95d39e5ec2d4f5
2026-02-07T14:22:14Z,laoshou08,account.bada955e4be5458897d8cc87c4171099
2026-02-07T14:22:14Z,HY-Flower_,account.537f7713f01b4b23822716aa57486ab6
2026-02-07T14:22:14Z,RASH-deming,account.909ce61f7b8149139adbd3cfeb82df0c
2026-02-07T14:22:14Z,Sea-Breeze-1813,account.cfb2fef8c4474a53aab442fa8e069bc3
2026-02-07T14:22:14Z,Baipengw,account.8713543837c048848b73946a9241a1b4
2026-02-07T14:22:14Z,coilish,account.ab6c623b0be2444b9770095690df5491
2026-02-07T14:22:14Z,QQaiid,account.a90d61ddc3fa4a5e9d0e8c550af54514
2026-02-07T14:22:14Z,RichZ-feifei,account.677a0c8425b3444b91aff2aa54ab34de
2026-02-07T14:22:14Z,RysjZz,account.78af20cc31f345ce962b0709e4cd2459
2026-02-07T14:22:14Z,katelyn_-,account.3eb9c31d311844b08948c675128ddd0b
2026-02-07T14:22:14Z,7s1nn,account.d4c953b0b5374b7fbe692b32c38c7dbb
2026-02-07T14:22:14Z,ZiMoo_-,account.e1b722ea79b546ef92dcdf449f33247e
2026-02-07T14:22:14Z,NiKa____,account.d6f769e3ec2e42508442a3a0e81366ca
2026-02-07T14:22:14Z,Dorr_c,account.11ce147f1899481eb79a0526b3b810f4
2026-02-07T14:22:14Z,ShuY1ShaoXc,account.db660c40e2894ed2ba2acd15a39f50cc
2026-02-07T14:22:14Z,Ray-YangGG,account.cc44057112164114891a75c3ac5059e2
2026-02-07T14:22:14Z,1aBuu_-,account.f4787156c3dc48f8ae02282c6cf34555
2026-02-07T14:22:14Z,nahwanyup,account.f1f1163ee533456898684b36a1c1c64d
2026-02-07T14:22:14Z,DY-_xiaowanzi,account.654e0c1a3339410489f1370738cf2fc9
2026-02-07T14:22:14Z,A-GK01,account.204e79ef6f4f4048a7b4e663b0c532d0
2026-02-07T14:22:14Z,luwq_168,account.209e6958f7084d298ad6f8fc97ae84f1
2026-02-07T14:22:14Z,16565445,account.24d1b1f9ad9a40f78a23ba9c4e9e3250
2026-02-07T14:22:14Z,Missamilano,account.f693118fabe64d5d99996d3c655d6988
2026-02-07T14:22:14Z,KobeBryant--YYDS,account.4115017ae0c44defbdd4d61273c5155a
2026-02-07T14:22:14Z,Kang_Hye_Won_06,account.0fd06cfb2ff045c3b9db64dd62f2b7b0
2026-02-07T14:22:14Z,DY_XiaoWanZi,account.d5d3a2c8f612420d8ae1b59a6c602dcc
2026-02-07T14:22:14Z,wfeng703,account.011dad1b78294d32a748574854c959f1
2026-02-07T14:22:14Z,WodexiaoMeirenya,account.730f8df370ee45c68429dce0dbae240e
2026-02-07T14:22:14Z,Rorevervv,account.21c6c23b88804075aea9e845d2ab2086
2026-02-07T14:22:14Z,DiGang_King,account.b10581470c20422e919b5761ee920649
2026-02-07T14:22:14Z,tj-chijipan,account.ece27eba5b6c4c1591f88ddc37eeab29
2026-02-07T14:22:14Z,Black-Eagle-1,account.e94a14db957f49ffa47d32a4c356b038
2026-02-07T14:22:14Z,wbyzxn,account.94a5494de9744d688722965530f65775
2026-02-07T14:22:14Z,Ember93,account.de6217e66afe4053a5cdbe9c241cd6ce
2026-02-07T14:22:14Z,SAFETY_N01,account.d7f0fb74024949dca1430ca74c8bfce1
2026-02-07T14:22:14Z,HEAVEN263,account.e531414c463d4f4cb1d1c0bddace3510
2026-02-07T14:22:14Z,Axe-Groote,account.c4cbb44742b043fe9899d89dbfb7ed8f
2026-02-07T14:22:14Z,BiuBiuBiu_J11111,account.19f84c519f8f48dfbae59878e225feb1
2026-02-07T14:22:14Z,CJLL-yuan,account.4206c9b3f4e74049a72a86f7780a8e5c
2026-02-07T14:22:14Z,Inomix-__-,account.a7013c30c7db4af0a023f4c6914eaec5
2026-02-07T14:22:14Z,kimboknam6,account.acaa3409220e42099a0d9de300c6b41d
2026-02-07T14:22:14Z,xx-wq-0910,account.07188911f6534f23bb2cf6d91ff02a82
2026-02-07T14:22:14Z,A-aoells,account.87b85c1d9c9e46478998377b9cbfed9f
2026-02-07T14:22:14Z,RanRanRabbit,account.8aa67b96015c4837aeb3ed82324e227d
2026-02-07T14:22:14Z,WangD-An,account.09de7a6699a84f74a6f78218cc182414
2026-02-07T14:22:14Z,L1Xx--,account.30acd72407cc4cae8e3f4a73d10de2f0
2026-02-07T14:22:14Z,Gulioi,account.3e9cb2ebe3e944d6a1f5640af6d77426
2026-02-07T14:22:14Z,RZ-GXL,account.c07351dc936c4af7aaf7c949cc75eb3e
2026-02-07T14:22:14Z,9axwe3yiia,account.0c9839f4afef4bd7baf36b862d8caabc
2026-02-07T14:22:14Z,KTG_abiao,account.f3c106405bbe4ad68cf71123df6af823
2026-02-07T14:22:14Z,fakupanything,account.78601bd257684d048a7abb5bc727e5d8
2026-02-07T14:22:14Z,HuyaTv_BaiYu,account.997a5f9877e54295ba66598fc889b0a9
2026-02-07T14:22:14Z,CJLL-rui,account.4a3e314c464f4292ab12e1c56d9f8c9b
2026-02-07T14:22:14Z,Ting-Fen_,account.827748d3ef574c04950aa1282cc79b94
2026-02-07T14:22:14Z,zzzzzzzzzy233,account.8e0f098fb34c4bffb78e37f403b0b5e2
2026-02-07T14:22:14Z,QinDhan,account.11bbf7545b5241d1a645724c546a3ee4
2026-02-07T14:01:48Z,Devil_Autism666,account.52a13fdaef664811bb47e6377c1c8d7d
2026-02-07T14:01:48Z,GouLaiTianBao,account.1ae1dc8036924c99965ee5f3ee635091
2026-02-07T14:01:48Z,HZ-huitailang,account.f06cff27652d467bb85c0bfbecb8a189
2026-02-07T14:01:48Z,ydcyyds236,account.7f75629888cb4c6aa3d92773f0b55987
2026-02-07T14:01:48Z,haoeawo,account.ebe4f788d35a45868e6bdaaf43f6a48d
2026-02-07T14:01:48Z,JamrsBond_OO7,account.f8a503202a7a40f9b279ae7a9937a162
2026-02-07T14:01:48Z,Y0ke_1,account.356bd0d252414249993cebe4bc65b987
2026-02-07T14:01:48Z,4AM--DDV,account.a83e42b778304f208493bd27ff8412ba
2026-02-07T14:01:48Z,4221ezvjpw9,account.ecd1ea289293465d80d13a975387e71e
2026-02-07T14:01:48Z,wuyouchuanwei,account.cbf0e88dd46a47789472e8aa35d56154
2026-02-07T14:01:48Z,HN-xinxintashu,account.b74e5dfc7f3a45608c19ef4aa3154b35
2026-02-07T14:01:48Z,GJ1a-,account.1375dd6d3f8e4fab938db93f6fbc5633
2026-02-07T14:01:48Z,ACHILLES-XU,account.300cf6c9f0ea4a46baf72c5b4e889cdd
2026-02-07T14:01:48Z,PRC_JS-SM,account.be76ac1c5b8f4a888599ce107f5b5348
2026-02-07T14:01:48Z,PiDanZi_0524,account.87eda0e8ce084d08ae860c79c7b405d4
2026-02-07T14:01:48Z,44445555ff,account.52861b32778646ed96cd841411fde125
2026-02-07T14:01:48Z,An-He-Qiao_,account.a002d91640c743af85db4534fd1be122
2026-02-07T14:01:48Z,OococoleeoO,account.543be6439b0649a88742df46e451b4f5
2026-02-07T14:01:48Z,cwjcuican,account.b74c6463d63743ca8c64904881565eee
2026-02-07T14:01:48Z,Revenant-289,account.1bdc91c7b61c4284a99ed083ed8d4d0e
2026-02-07T14:01:48Z,wujintezhan,account.704be954618a4144b11b892c02458822
2026-02-07T14:01:48Z,juntea-JENNY,account.68b9c3e34ec749b98f9f40e1db25cd71
2026-02-07T14:01:48Z,SuperHopeMman,account.d3f4d55b97e74e149927798487e3db6d
2026-02-07T14:01:48Z,TNG_9x,account.ca21695888ce477381c695249cac848d
2026-02-07T14:01:48Z,YZsy1111,account.806c48c2f6f64da787aa7c7881809d22
2026-02-07T14:01:48Z,DaYaoWanZhi,account.9f781435f86e40ec93e0b9e4d0720c2b
2026-02-07T14:01:48Z,ManMuXing_CHEN,account.279f8c4c67f84703a99624d0777143a3
2026-02-07T14:01:48Z,X1nJieB1ng_,account.e0229f8ddf994cf1acab812cdc710ab1
2026-02-07T14:01:48Z,BTT-GodKing,account.48b2f22aa3b4479c9f3ed6c4929a31ed
2026-02-07T14:01:48Z,Forever_LELEYa,account.1a1f086eeec94207bcb865a164ffe58f
2026-02-07T14:01:48Z,ss-307,account.27396d117ac347429eacf3d6b2f9feaf
2026-02-07T14:01:48Z,ZZB10MB-,account.33b8c9a206554b4fb9c337bc61049eae
2026-02-07T14:01:48Z,Jio1o-,account.b7f2ce08efac469ba737050ee6203d51
2026-02-07T14:01:48Z,lswuqq,account.8ea4e80a6c1841dba030f9c28a2b662d
2026-02-07T14:01:48Z,K1s10,account.d199bb6b61a541b48188b7128e3b33c4
2026-02-07T14:01:48Z,Lium0uYa,account.9dbd911b116c40d09623f18023ef19f8
2026-02-07T14:01:48Z,xiaojiangxinya,account.5e87bd76ae994cfda430eb2d36a7bfd0
2026-02-07T14:01:48Z,sihbh8104b,account.f01d5ba730e74103b8ff75c124d1012b
2026-02-07T14:01:48Z,Lbc-by0101,account.1c9a27efb55142f5bca9f725d717d907
2026-02-07T14:01:48Z,NMG-shuozi,account.2cfc2496e112444c90a8b6854d1b28e5
2026-02-07T14:01:48Z,Y-Y-H-0023,account.02661b14fbf94bc5b2063a89cb2ec928
2026-02-07T14:01:48Z,AdanYBB,account.9b220a53a8544eea9fc9a1695c1dad92
2026-02-07T14:01:48Z,SuperXiaoYeQuuuu,account.f4484d7ee060457f8ce13d1e7eef2768
2026-02-07T14:01:48Z,0jugsxn7br2e,account.707b8dce9dad4d569b95072d32405c9e
