createdAt,name,playerId
2026-02-07T12:52:45Z,Fckas1,account.312fe85214904c219f0e597d5ca6b549
2026-02-07T12:52:45Z,IMCHUNBAE-,account.d66ee78258774b648ea9e80f3d8974d0
2026-02-07T12:52:45Z,DOBERMANN_Ho,account.d6edb2124fd34bb7816c70013c0a5fdf
2026-02-07T12:52:45Z,xo_da_a,account.5796c4d4e707440faefd56e243430cd3
2026-02-07T12:52:45Z,Crazy-_-NBUN,account.4dc20e45817d4903bb7225dc965bc106
2026-02-07T12:52:45Z,Eo_-heddo,account.97802ee87f4f4b1f8f314112a4b01d8a
2026-02-07T12:52:45Z,IlllIllllIIlllll,account.de509f61fb9a42d5885fe384db4cd9f7
2026-02-07T12:52:45Z,fxxking_error,account.96f0560232894d93808e702da102e896
2026-02-07T12:52:45Z,A_Sonik,account.fd5eecafa12b4413b1e77411a142ff7a
2026-02-07T12:52:45Z,W00D-_-,account.1ebe45c80de3447c96619b5c2466cd32
2026-02-07T12:52:45Z,Ymh_Cmk,account.f20611f97eb546d68facb688a4953a16
2026-02-07T12:52:45Z,DIOR_Moong2,account.8a485a81574145eb9c9551a585721efa
2026-02-07T12:52:45Z,H_yeo-ny,account.c33cc92470604ec4b6ffce19db5fb8f6
2026-02-07T12:52:45Z,Koowoo12,account.d584417f7a0c43a5bbd15db6c905c134
2026-02-07T12:52:45Z,GMLWN1,account.138aee3fb09d4f078e82fd1e88d26790
2026-02-07T12:52:45Z,ghltlr12,account.01b3f863346e41708f9c2a30af09ffb6
2026-02-07T12:52:45Z,sexy_hohyun,account.01efa31843c64b9c8881a56ec0c8dd6c
2026-02-07T12:52:45Z,dowk_,account.c85bb477da7b4c9a84a82bccc33c37db
2026-02-07T12:52:45Z,IllllIllIIIllll,account.7f4f961d5dc14e78925cacd174ee8d39
2026-02-07T12:52:45Z,1st_goldenKong,account.89030a072b5d47809e1f8ad183245df8
2026-02-07T12:52:45Z,69-_-NBUN,account.359d74297ca74cfebac2c931a33ade37
2026-02-07T12:52:45Z,JoralGrounds,account.c46955972b294f4f9e1dc0fc58370328
2026-02-07T12:52:45Z,eggbanggukbong,account.218614ebc7754907aa7abb4b9b416a6a
2026-02-07T12:52:45Z,Chang_Mo_DTL,account.3f7aa7eff57345b1ac2060f294ffa445
2026-02-07T12:52:45Z,silsiljoggae,account.d283edfb9dce4071b0e2ef248b7ece1e
2026-02-07T12:52:45Z,DaeYungGod,account.bae6e6bd55354b5090688557b7e10490
2026-02-07T12:52:45Z,PPUINGPPUING-,account.722ba465076244138e249c28f65cce13
2026-02-07T12:52:45Z,011065dw,account.4ec656b1035544228f8af541e3c1d060
2026-02-07T12:52:45Z,DUBU-418,account.a38d18dd5f814d489381bafa6695891b
2026-02-07T12:52:45Z,DIOR_999999999,account.30beb71c2fcb4562bc8167537c1489d9
2026-02-07T12:52:45Z,2baeplz__-,account.243c7483c3074f9885be265fad9afa94
2026-02-07T12:52:45Z,MolaMola--_--,account.0c0656cdb27b45bdb13c0cc873d2a2ec
2026-02-07T12:52:45Z,Hello_-ryul,account.28c48bc5c6d240a68f8daee2f69a65dc
2026-02-07T12:52:45Z,BG_m2,account.d7852890ae6d4fca98a683e3e6876e4e
2026-02-07T12:52:45Z,vavanini,account.2d53c64ce3e543099006c1931659b71b
2026-02-07T12:52:45Z,Luna_Gem,account.c549d7ff061c41f68109a128994b810a
2026-02-07T12:52:45Z,Times_Both,account.db68555e7e5c49749cd60705cf0651fb
2026-02-07T12:52:45Z,NOK_HyunE,account.ca869d79967b4c6a87c4109bf7077e69
2026-02-07T12:52:45Z,Are_You_Mad-_,account.ec973c9fc0744714a59e5320394af543
2026-02-07T12:52:45Z,STRAWBERRY-__-,account.ba3b2f7b9ea3450bbdfbdddba3ad4df8
2026-02-07T12:52:45Z,Baek_jangmi,account.9ae4416454b140578feffb948180f153
2026-02-07T12:52:45Z,BEGOFA2222,account.e8717a342b1a4882ae17caf248b4cb11
2026-02-07T12:52:45Z,GX_DK,account.5960279224374b8f87ae3d0b897b95d5
2026-02-07T12:52:45Z,GodChangSunROKA,account.ea16761c3f1644eba17e4cc4e1567724
2026-02-07T12:52:45Z,toma___to,account.3f4008ff165a4e599d390f798a761bfc
2026-02-07T12:52:45Z,JJi_ririri_Gong,account.ce6ab1123e714309aa079b8453a5b5ae
2026-02-07T12:52:45Z,SSEEP_HARU,account.78efd1118fb6412e850cf2f98601b016
2026-02-07T12:52:45Z,SANGDUCK__,account.40ce2373a5464f6fac06d0a78c71d78e
2026-02-07T12:52:45Z,Yongbini--_--,account.62b8a7b3e672416ebf32b4e3e2f87c76
2026-02-07T12:52:45Z,BAO_goat,account.ab600d510dc24ebeaf8915dae0735aed
2026-02-07T12:52:45Z,Hae_Myo,account.8d4c07b145d34d3ebf397e5192a6842b
2026-02-07T12:52:45Z,illlllllllli4MI,account.90d4c8edf51447f9a82385a2096fc8e2
2026-02-07T12:52:45Z,48s59,account.f8f5a46e57ef483aa73634b7c390efa6
2026-02-07T12:52:45Z,han78843,account.d634ba00564e4247a975c09777bb2a19
2026-02-07T12:52:45Z,IlllIIIIllIIIlIl,account.f82adb203b4f4ef18ed7f64efadf5aae
2026-02-07T12:52:45Z,mengmong,account.90384790baa24cae8d34ae32d426f079
2026-02-07T12:52:45Z,Hyuk_4MI,account.463f06640e56483cab4d30d703c8b989
2026-02-07T12:47:09Z,babobabo-_-,account.aafe5dc3884f4caeaca7de24e75d0302
2026-02-07T12:47:09Z,babomandu0o0,account.1229cdf7e9274913abc0297348084ac3
2026-02-07T12:47:09Z,HwldduuruMadduru,account.52552ecbbfce4270b4108e0027bf72bb
2026-02-07T12:47:09Z,G_BALSORI,account.8b674f9eb6774b1db0d989d4999662b2
2026-02-07T12:47:09Z,990108-_-,account.657165c32dee431f8288f27153378376
2026-02-07T12:47:09Z,LM_1_RED,account.819396d5a1af465db9822c25d47bc201
2026-02-07T12:47:09Z,HorangJu_59,account.a9ad213791cb41409243b3316ee86cfd
2026-02-07T12:47:09Z,KNOWNzz6,account.bb749f5620934110adb5add46cd3a2d2
2026-02-07T12:47:09Z,Limyoonsu,account.1ea3c0d1cfc244e9a045a14136f15e32
2026-02-07T12:47:09Z,H_-GomJam,account.c17ced553a564d5b9791a5969c62cef9
2026-02-07T12:47:09Z,WF_-DooGeun,account.3b8f1f05f6584169b9e556ef4a803413
2026-02-07T12:47:09Z,mozzi_chuurrr,account.ce7077e76dc64a8cb42aed13579e04f7
2026-02-07T12:47:09Z,HU_HEE_HEE,account.a21d49ff315c48218020bca55fb7aa2e
2026-02-07T12:47:09Z,BorderCollie_EVE,account.57477309ff4e45f186229a0e2186f234
2026-02-07T12:47:09Z,whysibbalroma,account.c2723543b74a406a82273ece17ae33a6
2026-02-07T12:47:09Z,hiphopshake,account.f6b060c742ca4b978519daf31c31092d
2026-02-07T12:47:09Z,1st_eu,account.3a8fc8914e9845d8ac6c334d41d7d432
2026-02-07T12:47:09Z,CW_SIRASONI,account.1da7dca7f9454b529c9841c4fe050bdd
2026-02-07T12:47:09Z,980617-,account.3a3c30c9293a4f7f87dfb79580600175
2026-02-07T12:47:09Z,dydwnswlq--11,account.04c8411a221a468bbafe530aa5d3e895
2026-02-07T12:47:09Z,eqqzlx,account.244a686d788a41169db3bc9062623f78
2026-02-07T12:47:09Z,Dx9n_,account.573f8464e64140b6bffa0a0230172ef3
2026-02-07T12:47:09Z,B-Un-Korea,account.8a45b9898ac54ec0873291c82270df84
2026-02-07T12:47:09Z,M4-MasterArtisan,account.cf2b895e888840d5b6fc69b7f652aa65
2026-02-07T12:47:09Z,JeeOwO,account.9c78fbeed72941a583039f2e9140cb9d
2026-02-07T12:47:09Z,Kim_jeonggwon,account.3665fc5e4d0e4ebcb36dd877e7dce92b
2026-02-07T12:47:09Z,qpweorw__,account.96495de26bef4250b696f127cfc5578a
2026-02-07T12:47:09Z,qodbswl3_,account.a31a81a7ec86421db6a2e58710a859c0
2026-02-07T12:47:09Z,Jinusion1215,account.1122fe7029ee4e6783dcde7007956a6e
2026-02-07T12:47:09Z,goman_party,account.e3a20c19b6804916b87e0da0e948a295
2026-02-07T12:47:09Z,REDPC_16,account.945e62601c2b4ce6bd69fca844c5a5d1
2026-02-07T12:47:09Z,Ss_DreamE,account.765346133a394d1aa771cd5b2ae65675
2026-02-07T12:47:09Z,woo_weal,account.1a3c59a693c7494c969158eb0afe4b20
2026-02-07T12:47:09Z,dmddklsrh3,account.98bd063c99f64822919b31e9096f02c4
2026-02-07T12:47:09Z,yongyong9797,account.12c5af07d8b9446d960703da56d5863d
2026-02-07T12:47:09Z,Mynameisganggg,account.764e0ac0ac09491f8fe8b8e1d35039e1
2026-02-07T12:47:09Z,IceBear-_-7,account.f212b157c0c44e0cb1455ac4563b4e9e
2026-02-07T12:47:09Z,4NG4NG4NG4NG,account.09f8a5376e434971b45b6e0f97cd4aa5
2026-02-07T12:47:09Z,1st_tomato_,account.8121e49e78114592bc1d2f63b40a7084
2026-02-07T12:47:09Z,NoBBakGuPush,account.220529fc82024caaae8cf1a2a1173c62
2026-02-07T12:47:09Z,Dobby-ls-Free,account.c615ae86e07749bdb17b0b25b7284084
2026-02-07T12:47:09Z,Freedom03478,account.8edae22fe37f44d9b72e7b7d947b3c2a
2026-02-07T12:47:09Z,SI_GONG-JO_AH,account.7ba0c06f2bb943eab4576c21987ca7ce
2026-02-07T12:47:09Z,Son_2365,account.b9b2fd3fb17c4fa9ae155ec38217c312
2026-02-07T12:47:09Z,31_KINGBUG,account.5c31bc60350f48d1b10949bdb9081df7
2026-02-07T12:47:09Z,SH_IZY,account.3600d8eaf8a44911b48bdc45f7408ec5
2026-02-07T12:47:09Z,nagingbin,account.5eddc4f377564a4789e365c5d5413f10
2026-02-07T12:47:09Z,dnjfemzjq1,account.87efd6adcb8d412c9e5e7183c1fe8c00
2026-02-07T12:47:09Z,Kim_C-_-,account.c521ade6d96742a989515d68dc476148
2026-02-07T12:47:09Z,10_pong-pong,account.2bc26f227b5d4609b5d08c876e5313b1
2026-02-07T12:47:09Z,Ss_BEANIE,account.5a94d6ca2004491a89baddaf7b2d57e7
2026-02-07T12:47:09Z,From____y,account.eeadb36413cf4282b7e2b979e2b88595
2026-02-07T12:47:09Z,me_an_,account.a89b010e9ac544038b0c8c56f506af5f
2026-02-07T12:47:09Z,GlTbaI_budae,account.cf38527c8f71489d872340e40f24c9d4
2026-02-07T12:47:09Z,daily_20,account.e8c4240f565b491db8eae4f794468f9b
2026-02-07T12:47:09Z,rkatmxmaosaksrl,account.34a7766a23884d2f96be07095c206ba2
2026-02-07T12:47:09Z,Minjagamja,account.3fcec44fe6774700bbe413b433780833
2026-02-07T12:47:09Z,mydogru2,account.719f5cb203284812bbe2be66e5011bb2
2026-02-07T12:47:09Z,goooooji,account.652044a30ace4c3a971ab24d6029cea6
2026-02-07T12:47:09Z,10_SE0N_B,account.4bbda199c8124969a16c34867ad9d0d8
2026-02-07T12:47:09Z,x1xxd,account.a8e16b369a6a4652b15a6cbdd1daeb38
2026-02-07T12:47:09Z,ddomin_2,account.71cdb47ade2943db96b3890d299590a7
2026-02-07T12:47:09Z,yu_velyyy,account.add95ac2712140aab771fbaeb154f6e5
2026-02-07T12:47:09Z,HotSilbikimchi,account.697f27573fa94567b4b136ffedbe4147
2026-02-07T12:47:09Z,GSI_II1II2II3II,account.c8e47d38f4264d3eb7acac5d99482481
2026-02-07T12:47:09Z,DGR_Gari,account.36dc3bdf3b7a4c69b1cacbe8117a34cf
2026-02-07T12:47:09Z,TeamMinZZ_881,account.b0a7b1997b3549ff8c2f47b4534833a5
2026-02-07T12:47:09Z,hyebongel,account.2b43d35f7e784587b891551ae129e2a9
2026-02-07T12:47:09Z,EBBUNYA,account.9a5a51d1f08640adadbd8506ce70310e
2026-02-07T12:47:09Z,ForwardDaisy,account.f630c0b466514daead4acf4e58f2d856
2026-02-07T12:47:09Z,nababoda_,account.c3214fc6bcbc4c15bfebddcd05729193
2026-02-07T12:47:09Z,OWL_SseongB,account.7354096bc7b249da9455905c5740f457
2026-02-07T12:47:09Z,Yalla_Syeong,account.cbd54942af5848608b9fe5d9f7ba4dd5
2026-02-07T12:47:09Z,1st_JxxAn,account.f38b752193bf419cbf43286b64cde8d1
2026-02-07T12:47:09Z,angjimoti,account.a572ab55ec45417d9fe6694b98da26a2
2026-02-07T12:47:09Z,PAXX_3dung2ya,account.011a0c9af2e941d9811acdc91ad3679b
2026-02-07T12:47:09Z,imrnsjrudals,account.941471cb070841a79d9c98cfd97a21a6
2026-02-07T12:47:09Z,PPplease,account.c7e0bcba89634f70a00a079f6e466e62
2026-02-07T12:47:09Z,Kim_baengbaeng,account.8ab36ec7f0d64b6cb1c208c2f0c5056e
2026-02-07T12:47:09Z,STYLE-JIHAN,account.c020bfec80ea4ce7b3621c132d948a0e
2026-02-07T12:47:09Z,k1gs,account.302c49a325864097a7cbcfed136c5f1b
2026-02-07T07:40:42Z,VCN_-Flame,account.95ec53ed6db74f5eb6a643813cdea5ee
2026-02-07T07:40:42Z,huemul-JINI,account.f9bfe80f2dd44452bac10982af725311
2026-02-07T07:40:42Z,TTaerijiMayo-3-,account.caf3d7f42e2247b2b914b5ae109012ac
2026-02-07T07:40:42Z,INX_ddangkong,account.5be79fb2032a4a1caa0bc825e4e75791
2026-02-07T07:40:42Z,skswnsqlehlTdj,account.50175b9ad60e446c89820187ba50e19c
2026-02-07T07:40:42Z,Don_Zzi,account.5c0c5ef544524ebfa03d60b6139acfd3
2026-02-07T07:40:42Z,jjak-booral0724,account.d2dbd771d76c4a90a6be4f354666a4ba
2026-02-07T07:40:42Z,umcunsik,account.f29c9f406f7f4dcd89ce671243fce480
2026-02-07T07:40:42Z,dyekgml,account.0b87eb68070440a1a578eeccd6274b9e
2026-02-07T07:40:42Z,VR_GIMO,account.9cc6b885fb524987b463876d5b1f6b61
2026-02-07T07:40:42Z,Dgaza_OSAL,account.176bc9c1275244c2b0433077f0b38093
2026-02-07T07:40:42Z,DH_Siba,account.d296486c7d2a4e558246c23ca4f5d5b0
2026-02-07T07:40:42Z,bbangmin-,account.e2d92cd0adf246d4984f12627a9963df
2026-02-07T07:40:42Z,SR-Yangpa,account.efef9dd393f2413198605d47ef96e23a
2026-02-07T07:40:42Z,Yangjxrry,account.2d9db819278d4f4d8eb4b2db9c419bc3
2026-02-07T07:40:42Z,EntegrisKorea,account.9e4b931f8eca4b98ba45b4dfcaceb393
2026-02-07T07:40:42Z,JONBEOSALINMA,account.b6e00cf145f044ba9e09ed71635f4821
2026-02-07T07:40:42Z,whatthefuxxxxk,account.5e542c727b784a3fb01996ff5b8f35b6
2026-02-07T07:40:42Z,Go_men_na_sai_,account.ff4711cae82a490abcbd4dcfce94b760
2026-02-07T07:40:42Z,redsun--,account.2a3ed22f9eeb4a2298f9d512b3f5b4db
2026-02-07T07:40:42Z,YatCha_N01,account.507bae74e05149ada774147d1b895a9f
2026-02-07T07:40:42Z,ClanMozip,account.7056342dfe0b4263a08449bdfa50ecfd
2026-02-07T07:40:42Z,SSon_CHUCK,account.2e7e1ca564d344fe8a7a3dd8a73a8d64
2026-02-07T07:40:42Z,Dgaza_Fredy,account.fa8aa921e0b14725a2e898fe4a9ba68f
2026-02-07T07:40:42Z,DH_Collie,account.bf538caf94de4a3f8eaae4ca4563ebc3
2026-02-07T07:40:42Z,Red2Dog,account.ebf8a383a09f45c59369bd051420eb39
2026-02-07T07:40:42Z,MICH1N_CHUCK,account.73d096aabc8d4efd88caef81e2b786af
2026-02-07T07:40:42Z,INX_Ring,account.456cde1e336b4a889031bfb400a4213d
2026-02-07T07:40:42Z,DA_BingDol,account.698c8a3fa3384a35981c0b7a151b164e
2026-02-07T07:40:42Z,ZzangGu_Mayo-3-,account.d67cb283999b420ebe98e2076b44e9bb
2026-02-07T07:40:42Z,DH_WellC,account.8a795b6f4afb4061aa87ff54962194aa
2026-02-07T07:40:42Z,INX_Fuze,account.a4b63fe1ecbf41eebaf7a7812a036a2c
2026-02-07T07:40:42Z,CpN_1st,account.4c70da69f27b4eefa28a545ee07f26d5
2026-02-07T07:40:42Z,DIC_Shinnosuke,account.98ce8ea6c1674d67b764cf095abab320
2026-02-07T07:40:42Z,VR_KYUN,account.765866e62c6e42318757c6f840e221d3
2026-02-07T07:40:42Z,DH_Nogyeon,account.5d0a086e71964fd08ab66d0d058ab872
2026-02-07T07:40:42Z,KBGP-pio,account.93db319986f24e1f8c3e574c685a9883
2026-02-07T07:13:33Z,DKB_Yeol2,account.25bd7cad62854ecf92a6b2579aeb6779
2026-02-07T07:13:33Z,DIC_SUNGHEE,account.122770b2be7f4de488dfbf167387c30d
2026-02-07T07:13:33Z,EZR_BIBI,account.ea86b79d1bb047998d07e0884c2df6d2
2026-02-07T07:13:33Z,Juding-__-,account.8bc9a68e72cb4d05acf1f486db35a37a
2026-02-07T07:13:33Z,BGP_Sun-,account.d8b73436d81d403c95ff5b9164626a54
2026-02-07T07:13:33Z,DKB_Aaquila,account.09328dcf103e48c4abafef3607df30da
2026-02-07T07:13:33Z,BGP_Kiki,account.90c0422687fd4cada6c8ec8eb01636dd
2026-02-07T07:13:33Z,psmgo1613,account.bfb9419b1b3e47778a01942ae1de444e
2026-02-07T07:13:33Z,kahakkahak,account.8755c2a9b7984ab3b4f895a1eafb45af
2026-02-07T07:13:33Z,DDangCong_-v,account.e200097347e14f13ab82832294154469
2026-02-07T07:13:33Z,Strawberry2000,account.ad33af6adb57491a8a511f72e26803df
2026-02-07T07:13:33Z,DaeGu_YS,account.0b3f43d3fafe48e39984e78ba6507817
2026-02-07T07:13:33Z,SGR_o3o,account.a819953cb2ed40e3b3632988cb608e16
2026-02-07T07:13:33Z,DISCORDBUG,account.efd466b2bb8746669ebb288312f45d36
2026-02-07T07:13:33Z,margagi1390,account.dbaffec9b68d4fb2a1a5acd0f83aecaf
2026-02-07T07:13:33Z,Yeopo_M249,account.dc281395fb1747eb96f0d65f418fefd1
2026-02-07T07:13:33Z,hyang_zeus,account.8af07be62bda455b89e2cb0f58f3e672
2026-02-07T07:13:33Z,SSaMi33,account.7a80df61995e47c5982e2ff980c1666c
2026-02-07T07:13:33Z,sunho_o,account.38b737a0e92e46f4a90f8a9145592dbb
2026-02-07T07:13:33Z,BGP_ASHISLAND,account.405c1c7f10b4449b989380a67e4c4b65
2026-02-07T07:13:33Z,RedDuck_-,account.cbf3de806cb948a6b4785c04fdf302e7
2026-02-07T07:13:33Z,GUN_TAEGOORI,account.09d7b132d78c442f9c75d31a42f7f653
2026-02-07T07:13:33Z,Jex-Master-,account.ce3a01d01c574febb859608f9965a3f3
2026-02-07T07:13:33Z,BGP_DICE,account.c6441dff8d4d45bc801efe2d17587a12
2026-02-07T07:13:33Z,jaehyung--,account.fa06ff39889b40b1b4321768caf44e0f
2026-02-07T07:13:33Z,EZR_NIMI,account.6f8cea2538974e4783077793b62e085b
2026-02-07T07:13:33Z,MatdxngsaN,account.e3e681f8a5934829837846154d1d7c44
2026-02-07T07:13:33Z,SaviOrKSY,account.bde6d25589874a1890b87cbe7d50dbac
2026-02-07T07:13:33Z,SOOP_KA2DA,account.f81fa9e0271f47efa8d5c0da18b15b32
2026-02-07T07:13:33Z,ZG_D00ngti,account.97ff18bb4a3d433281ea92e3af5415f4
2026-02-07T06:51:21Z,yuri-gg,account.94dfd2fc693443e699006b17186ea2a2
2026-02-07T06:51:21Z,TLQKFSOCLZLS,account.61a6e27a4dd0444dad7f3290cfed6edd
2026-02-07T06:51:21Z,KOR42CO,account.3c737f69a54d43f18a58049f37abc3e6
2026-02-07T06:51:21Z,bksclass,account.5a8c7df05d5a45ca87aac70675f951b6
2026-02-07T06:51:21Z,Hi_four,account.87f5ab7e9b3c47b9a346f601d9c264b3
2026-02-07T06:51:21Z,M_P5K,account.9356f7cf0693415f94724c1d09c07da9
2026-02-07T06:51:21Z,mapo_J,account.b1211e7b1cb24327952267893f668e84
2026-02-07T06:51:21Z,GX_Sin,account.d82077da387f4b3f9f14006e1f94f7af
2026-02-07T06:51:21Z,MINBANG-,account.2ea87ee6cedd494bb0625c29d84244e1
2026-02-07T06:51:21Z,thug_1Jun,account.00f71e3a14f04e36ae0adf685723c9e2
2026-02-07T06:51:21Z,Ez_Barus,account.932aa12ff9194bca9f572e139234d694
2026-02-07T06:51:21Z,hyuneeeeee_-,account.ac52b18f3d45416ea8771eeabab95d56
2026-02-07T06:51:21Z,GNT_MANG9,account.98fe8d902af144ccb440b05e621ce84f
2026-02-07T06:51:21Z,ISTP-F,account.2cb9406a363041ff90ac4d4f229e86eb
2026-02-07T06:51:21Z,WG_SBIN,account.7687cf0bca6d471b8654f537b709e1e9
2026-02-07T06:51:21Z,MU_JanG_,account.568f0b4de4764b66887567e515746c10
2026-02-07T06:51:21Z,lllolllvlllelll,account.9bfe453379ba4743ab10b5b08b98346f
2026-02-07T06:51:21Z,GX_BlueDragon,account.7d92fd04b5554c66bc358ea6b355f734
2026-02-07T06:51:21Z,ShinSe1,account.a4c44b3039114df7b8baec4cc46ca3f1
2026-02-07T06:51:21Z,KOREALEE5,account.67d29f42fd624035819a1b8e99abedda
2026-02-07T06:51:21Z,wonhyeokGod_-,account.949214c433534125b838f6fddc6e0c8b
2026-02-07T06:51:21Z,JJALPA_2026,account.4215789b159e476f9c6cad718b807db0
2026-02-07T06:51:21Z,nanmani88,account.a2bb3cc432454fbe9b6d41df3065095b
2026-02-07T06:51:21Z,Chul_GOT,account.fb7eae6b004b4d67ba0aff61396a2183
2026-02-07T06:51:21Z,GX_BBiyak_BBiyak,account.0b7c39ccd63b48a0898459e7326d4713
2026-02-07T06:51:21Z,Mang_GOT,account.84a071cf4ae14f3c93dead1f6fcfab01
2026-02-07T06:51:21Z,R1ON_B-21,account.84a95f60839f49a2b24f9f971bd99632
2026-02-07T06:51:21Z,HaengBae-,account.4eae3bdf4a5a48e393f4b98ad1a701e6
2026-02-07T06:34:49Z,RAON_YeoBi,account.2637c093f3404da28b010543a2e877d4
2026-02-07T06:34:49Z,kkeror0,account.cba50c082925451a990daf2988e09f3a
2026-02-07T06:34:49Z,ZDMP_unholy,account.6c89836b1d6a4e9fa7db4509b08725a0
2026-02-07T06:34:49Z,JaemGu_,account.334d2675b26c432baf3a45f3675c210d
2026-02-07T06:34:49Z,1Day_Aggie,account.e62a702aaed14436b883eb7600516cdc
2026-02-07T06:34:49Z,Ne_Cush,account.47146d3e015c4a10b269a09bdd7873e3
2026-02-07T06:34:49Z,KINGH2E,account.4826ad26444248c9947a75fc873338c5
2026-02-07T06:34:49Z,Or7l-_,account.ab0fe7488a6b43649a227b737a60b235
2026-02-07T06:34:49Z,PMC_Dosick,account.8164d4deb459440d9c9e68f14eb342e2
2026-02-07T06:34:49Z,ilovecarb,account.f07443f3da65497f922d83f790a33676
2026-02-07T06:34:49Z,18ddakdae,account.a727516398ac4bce8f181b3429ff9a63
2026-02-07T06:34:49Z,iiiiiooiiiiioo,account.330f04fd065a4245a8f6bd0ca7d3d9f2
2026-02-07T06:34:49Z,hUNspRo,account.c1f3e89492ec41648e07987c825e5d31
2026-02-07T06:34:49Z,O_C_TIE,account.3cc8fa1c8ae34051825f73b731806575
2026-02-07T06:34:49Z,ZDMP_rnrn,account.d40790a8c29b412491a90e4fee305907
2026-02-07T06:34:49Z,RAON_Ako,account.732857bfacff4950962cdc52e2fe5ce6
2026-02-07T06:34:49Z,momomod,account.5940adcdf88645c1b5a7f9a3cf236233
2026-02-07T06:34:49Z,Lordmin88,account.aef66a13797c410c82fa229f0dbedd3c
2026-02-07T06:34:49Z,ONI_Akkaza,account.4a270424093141c580e693332afe7d2f
2026-02-07T06:34:49Z,ZDMP_unit,account.3a3eedbe3fe545698cba9d8b13eea6e8
2026-02-07T06:34:49Z,topsxx,account.e1e73b8601954c5a827195fe57669804
2026-02-07T06:34:49Z,C1_Fox,account.7d959d1d46224e4684c50fe9d61883af
2026-02-07T06:34:49Z,Surfff,account.6d8ef111a3ed453f8ac6556b998f7746
2026-02-07T06:34:49Z,AGT_SbutMap,account.13a84306dece4f8f9d32776ee4dcecd1
2026-02-07T06:34:49Z,herry_KJH,account.e94566bfbe9b4c78b76147da32497958
2026-02-07T06:34:49Z,kla_tlgerz,account.4215d44e11de4680bbde3f81d4d9898c
2026-02-07T06:34:49Z,BulGwang__,account.c6dbe10f2380436a81f0f256fd4b317e
2026-02-07T06:34:49Z,GODBILLION,account.7ee6f0ae54734dd39eccf04e6bd6868a
2026-02-07T06:34:49Z,O_C_Player,account.02af02ad132a41978ae719aa8a3c8a58
2026-02-07T06:34:49Z,ckstlrld,account.8de3f33d4e564b9d978c0ece031e186c
2026-02-07T06:34:49Z,Gz_jins,account.9bb78109be0745f0b9332e55cc9f32eb
2026-02-07T06:34:49Z,dkscner,account.7568bc727b5f49469871c94ae6bd9307
2026-02-07T06:34:49Z,C1_black,account.0e0b8b68d6534a49b7ff8d7bf959338b
2026-02-07T06:34:49Z,PMC_3_3,account.d8a0d3b4ac2742b99df9aea80c55fe4d
2026-02-07T06:34:49Z,appp02,account.c606338aad7042b0a2dd4273cbc5fef3
2026-02-07T06:34:49Z,PMC_-W,account.a49ed302063f4552bb58afa048c8a41c
2026-02-07T06:34:49Z,7H_AH_77I,account.760920a953464462a09712a223fa163f
2026-02-07T06:34:49Z,Edbh,account.e20fd8407b6d427e80fdaa53ca11216e
2026-02-07T06:34:49Z,patra_sihoo,account.9209e31d31d94a93ba405bc9eb4ade4a
2026-02-07T06:13:20Z,Dr_moomin,account.8057e01d6393445a9e67bbc35f2d97f8
2026-02-07T06:13:20Z,leejm95,account.ebe624b8d666428c80d174154d76e661
2026-02-07T06:13:20Z,Shinzo_WO_Sasage,account.927d25ce21744503a4a14182cbfc9a47
2026-02-07T06:13:20Z,zizoneming,account.ceee6adec7dc448bb2531e30fe002b1d
2026-02-07T06:13:20Z,xiiiO-Oiiix,account.ff9abaae0d96495c8a3b26644c5626c9
2026-02-07T06:13:20Z,CPCL-_-TEK,account.f19bc014f0994a0d87edb1d74863166d
2026-02-07T06:13:20Z,OrLr2350,account.4fb37871b7e3407382c6117d87ec850a
2026-02-07T06:13:20Z,o_o_ggg,account.193cdf41ce7347cea1ae0f0229a9c193
2026-02-07T06:13:20Z,CPCL-_-Yasopp,account.7c7867e888624df59417ca323d9dc818
2026-02-07T06:13:20Z,wnrdlrhtlvek,account.7f53e5cfac3d4be18cbe30f7ac062ed8
2026-02-07T06:13:20Z,BANANA_Chans,account.c2836df9ab8e436383987e08af403c99
2026-02-07T06:13:20Z,ZERO_CALORIE,account.4fa227365f1d4a90951573e58d9a259f
2026-02-07T06:13:20Z,Concrete_wall,account.f410d317bc2f495786922514e4e2990e
2026-02-07T06:13:20Z,ehdghks0225,account.ff95db38aaca4890a9e56078214c41b3
2026-02-07T06:13:20Z,Voice_Yool,account.7ee50be76c5944e3a636f3652255c9d2
2026-02-07T06:13:20Z,Ghost_Jang,account.5dbac2348eac4845aa492a7047af9d58
2026-02-07T06:13:20Z,CPCL-_-trigger,account.07ff6843a1174659bf6482fbf7a35f38
2026-02-07T06:13:20Z,DECEMBER_SC,account.848db9cf2ba54092811c156491ef7b73
2026-02-07T06:13:20Z,lllilillllIIlIlI,account.30da9a7a97c8449c9ff8671c86c435ef
2026-02-07T06:13:20Z,x_xJoD_Dx_x,account.0d2b725cbb4f4b048e60f99fd3d64e7b
2026-02-07T06:13:20Z,CPCL-_-Orochi,account.50327452f60d411fb6efa67e7eecb733
2026-02-07T06:13:20Z,BANANA_Hoons,account.870d7c53b8f84c87965e32193a27feeb
2026-02-07T06:13:20Z,sd6a5s,account.1474423ad416461fb8f0f552b681d633
2026-02-07T06:13:20Z,ATTACKER91,account.b5f65684135c4ed1aac5bf3e084ef2c6
2026-02-07T06:13:20Z,HWASEONG-man,account.9a036ace3b6c44d5a3e9c90e3f38142f
2026-02-07T06:13:20Z,snowroade12,account.93bde6a04326449696f9d795d85fe2ac
2026-02-07T06:13:20Z,tmdgus5631,account.6927caeb5dd844e09619e7d530e5c23d
2026-02-07T06:13:20Z,IronBanker,account.d1c122fdd6834ac3ae8ea6e8df4ca830
2026-02-07T06:13:20Z,p-rk6026,account.dd39d4b13ade4dcabfea6e39ebf9896f
2026-02-07T06:13:20Z,jobongfuck,account.c9025b7296b64d01862af14a585df11b
2026-02-07T06:13:20Z,MOM----88,account.1ffcd65f673840de92abed45a4eea1f6
2026-02-07T06:13:20Z,a_men45,account.f49c919cee1a4b17b5166d6e88aa9532
2026-02-07T06:13:20Z,ASAN_HUN,account.1a084e67fcb94e349058bd43c7e0b43c
2026-02-07T06:13:20Z,SEXYJU_69,account.cc9f9b5443dc438a906022b308e3a88e
2026-02-07T06:13:20Z,pakobulls,account.cf4a4d0581f4432cbaa145673411e510
2026-02-07T06:13:20Z,parkjinjae,account.0637ce6360884897bf591d5f7e651a0a
2026-02-07T06:13:20Z,AN_AIM_SHOT,account.aef52dc571c244be97ea530d462d98fb
2026-02-07T06:13:20Z,GHOST_BBang_YA,account.b6f232cd06cc4aa69610e5950539338d
2026-02-07T06:13:20Z,ToToRoBest,account.b3165fee45e948c2abf4840fac4295f7
2026-02-07T06:13:20Z,kyungmingodgod,account.5909279dbf1f41b2b7d02bccffad1296
2026-02-07T06:13:20Z,Cairo_12,account.107dfb47aece406eb32470991b296c59
2026-02-07T06:13:20Z,abcdefgkR,account.a2764eb561a949c38d6228bc13d4746b
2026-02-07T06:13:20Z,Pink_-X-,account.48799d6da7c94ec4b79cf7577d792add
2026-02-07T06:13:20Z,First_MoonDing,account.4cb19027cf0249088dc57484b4c55f28
2026-02-10T08:28:47Z,so1dier_KTS,account.567efb7e87fd4ee7838d98e09d44013a
2026-02-10T08:28:47Z,MyoungHo-,account.52479f0ecf90440f92346f229ae99fa6
2026-02-10T08:28:47Z,D00ngzzzang,account.02821baf14a2439d828b003c8a36977a
2026-02-10T08:28:47Z,shot_Master99,account.c7eb8cdfbc774c5ab5c21909d9e1f398
2026-02-10T08:28:47Z,TKR_BAZI,account.f81d3f7d8e274e1bbd9c25728e07cac7
2026-02-10T08:28:47Z,BGP_Imdo,account.773115d289344a57a32d076737afb2e7
2026-02-10T08:28:47Z,NYUKI-3-S2,account.1ac8c589863d455f9e3b065591a9d25e
2026-02-10T08:28:47Z,Suuuzzzz_77,account.8d82b75f173746a4a3bf686cc2495d99
2026-02-10T08:28:47Z,TKR_Shinichiro,account.79c786ea9af444bb84ac6af2812406cf
2026-02-10T08:28:47Z,heart_--_,account.78e86872a7b04f4085b161fb754d383d
2026-02-10T08:28:47Z,Ez_SDR,account.47021f6efe0945eca8051e99e2d62092
2026-02-10T08:28:47Z,TKR_Draken,account.db43dbebd1f64fe9ab35936746c7c4d8
2026-02-10T08:28:47Z,05119_05,account.aa8bbe322ec14e7b9b9aeadf6d4ac3c3
2026-02-10T08:28:47Z,NUminishu,account.7ca7a33e2d974105858390ab04863479
2026-02-10T08:28:47Z,ThaoDien,account.69c029f07fff45a6919dea9c03a8b908
2026-02-10T08:28:47Z,EZ_PUPA_-,account.e2fef72b159f45d69c55c54448676a45
2026-02-10T08:28:47Z,Ulsan_JY98,account.6bd90f402a624812a321f2a5b69e050d
2026-02-10T08:28:47Z,hyunoogod,account.93cb27831e464bab833107f48ecc422f
2026-02-10T08:28:47Z,lolalilalo,account.93a21a3e04f94fccb22cf797a59613a4
2026-02-10T08:28:47Z,rhaodrn_98,account.cbb759b2a0684c498608881570f756f2
2026-02-10T08:28:47Z,KIMHANDI,account.5517f5a191794da5ba6243b677582763
2026-02-10T08:28:47Z,Qkfflgkwk1,account.f176a031007049ceb8877e79e73a13b7
2026-02-10T08:28:47Z,akdakd_,account.bc871cb3bf744a14be532d8d58cd1219
2026-02-10T08:28:47Z,wjdeoghktkfkdgo,account.17bff7ed2823486a8a9cc9324c255382
2026-02-10T08:28:47Z,Bambi_hilol,account.eb4a881dcf41402db65caf57e5a8c54a
2026-02-10T08:28:47Z,DAF_HellSing,account.d6353bca204a4c688625bde2d07b1d0f
2026-02-10T08:23:32Z,FIK_ZoRal_,account.15540a96cfcf47d286cee7e239999927
2026-02-10T08:23:32Z,L4_HEAD,account.808acdf639f84fbb92a9e44760120bef
2026-02-10T08:23:32Z,WWCD_CWJ,account.da696107681746239105126695bb6d8f
2026-02-10T08:23:32Z,tM_Doflamingo,account.2e39caf902ff42f9a23e4a7f81b1add5
2026-02-10T08:23:32Z,ANCY_Y,account.f2af06056bdd479eb09ba60bcd538764
2026-02-10T08:23:32Z,SKL_SWASWA,account.bff6f664a78f40a5a132c4bd355cec9a
2026-02-10T08:23:32Z,m249zuseyo,account.5899936e4f724cad9932889830171222
2026-02-10T08:23:32Z,L4_JOTBOB,account.fc34c053cc504f77a55f60f4ea20a983
2026-02-10T08:23:32Z,thrash11,account.b2b86cf9d41947a18e24ca015ec03f62
2026-02-10T08:23:32Z,Peanut_Har,account.24fc5173df544e4aba0fb6cfd43d064d
2026-02-10T08:23:32Z,MI6_MI6_MI6_M,account.dd4bdd2386764157ad902d353333eed4
2026-02-10T08:23:32Z,TheKing_Sejo,account.a15a57b671f549739ec59a853d70caa5
2026-02-10T08:23:32Z,seomoksoo,account.7ed96f60d18945bdbc3efe2707efe017
2026-02-10T08:23:32Z,CASA_HOPE,account.8fc87dbce4db4923951241386335827e
2026-02-10T08:23:32Z,FIK_SON,account.6a0eec09ba9a42d0a9d2c9543cd07182
2026-02-10T08:23:32Z,NoRANG_HB,account.0436ce033bdd4f25b2726ff6cc4480bb
2026-02-10T08:23:32Z,Beluga_yjw,account.f3973b978851494ea22d6c96415b6de9
2026-02-10T08:23:32Z,Dinn_Dinn_Dinn_D,account.e58c49d51dbf4d82a3088127f18303c2
2026-02-10T08:23:32Z,1st_Aloha,account.e53ea6d56f5e498fa61fb8081c860b87
2026-02-10T08:23:32Z,flqkdldkzjaks,account.59617d992a7b41c9bfc315f0c00572f9
2026-02-10T08:23:32Z,Vigilant19,account.0aa2bed3a41c4940bee1fa353430ba9c
2026-02-10T08:23:32Z,smh_0717,account.7f0a77a8a70a4912aea96a2fde139f88
2026-02-10T08:23:32Z,GaeSsiBaRomCut,account.7985dbb394dc439ab895c75cedc6906b
2026-02-10T08:23:32Z,RNJSGURTN,account.2375e69d5fa34dbb9d025f2bd69dc854
2026-02-10T08:23:32Z,DIC_SD,account.8c1b6e4cbf5849ac8abb60ae4a9e29e6
2026-02-10T03:33:26Z,961120_wjddjs,account.79c37441e2d44a0f99ed613d71ba8d56
2026-02-10T03:33:26Z,Bakeulgony-,account.e7cb18858e4142489380ed703fb283fb
2026-02-10T03:33:26Z,k-_ong,account.2546f55371db4c9e83175d5af5e3643a
2026-02-10T03:33:26Z,6IX_Blue,account.1d2b68ea5b614b9089ec016efc978b5e
2026-02-10T03:33:26Z,asdsageqwe,account.815596026ff94de18eff9a977945a4a4
2026-02-10T03:33:26Z,Dazzle__-,account.31a64d4b6c7a43fa9220cbf50eec54b9
2026-02-10T03:33:26Z,puchhot-,account.baf6012e6f134a25b9b078e7ca459c8b
2026-02-10T03:33:26Z,dlwoals5520,account.89e0ae76c73b4ed89e460576d5cf1a89
2026-02-10T03:33:26Z,GABBARI_MAN,account.17e57b7754f74915a58e4196aab7c8cc
2026-02-10T03:33:26Z,floorssun1,account.5c00e9cc592b4c69b71625c6412c0ed6
2026-02-10T03:33:26Z,SALLEEROWHATDA,account.84bc441af4124be0af220ee3b9ab394a
2026-02-10T03:33:26Z,L_Ixx_Fiction-_-,account.0cab9d55bb854ecc83e3953d3eb30301
2026-02-10T03:33:26Z,SoEz_lilililllil,account.9c5fdc6cae4443fc951b80c3635677d0
2026-02-10T03:33:26Z,sibalzzizzi,account.1d3e06ccd2d1495185cb99017e5fff42
2026-02-10T03:33:26Z,dkatkfwhtla,account.1197bc70357243bb9e666bcd4c47439b
2026-02-10T03:33:26Z,Bee_JinMyo,account.ca418aeff5584501baa8775a4c891913
2026-02-10T03:33:26Z,MynameisCSI,account.d1915d3c8c634a23907a100e86aa17be
2026-02-10T03:33:26Z,Eop_1pk,account.f8d328ed9f1547528730bfd3b344d8d4
2026-02-10T03:33:26Z,tnt486,account.b5328e6d31f94c379d4ad219ed1637b5
2026-02-10T03:33:26Z,Eop_EEEE,account.33ec49d5cbb942d38f1b9e9ffc5e3baf
2026-02-10T03:33:26Z,DIA_-SIZ,account.64d61440481244e6b2e338fea0f486ba
2026-02-10T03:33:26Z,KimJinGu_-,account.ba739c83a1764742ab45eb8ce284f1f1
2026-02-10T03:33:26Z,lllllllllllll__2,account.5d6f51657d6d40ec9612ee6080f3d190
2026-02-10T03:33:26Z,FLY_ByuL,account.05bb470cf5bf4fffbc5c30de89001166
2026-02-10T03:33:26Z,Im_DDalpiYo,account.e93e1f8d0430407da48456788f59243d
2026-02-10T03:33:26Z,sunsak2-_-,account.d0512d54f3004911ba74aa5c8d42d0ac
2026-02-10T03:33:26Z,GABBARI_YONG,account.cbb25cb14f914f52930c0a985ded69ec
2026-02-10T03:33:26Z,hyunkkong,account.c4cda75137fb4814961cc678ef3e8b9a
2026-02-10T03:33:26Z,o5o5o5o5o5o5,account.c7c61b976a5544dabdd2ac5f1088c397
2026-02-10T03:33:26Z,Nuktty,account.814b93d76a2c40f4942781605ae26f49
2026-02-10T03:33:26Z,RTG-BBANS,account.181a47ffa278456eb3857146181909da
2026-02-10T03:33:26Z,JOBK0REA-,account.2bec7bb716194c0d883f8f26d04db675
2026-02-10T03:33:26Z,SoEz_1vs4,account.3ac6a7a8e4274b76ab355ba9a84fa069
2026-02-10T03:33:26Z,zkwlsh1,account.14341f05b11a43f6821e93cb134edf29
2026-02-10T03:33:26Z,LUS_YW,account.e5c37fd971274244a969c9faac165624
2026-02-10T03:33:26Z,GABBARI_TAM,account.3ac6209fde8840d9bbddbeff9f4219f3
2026-02-10T03:33:26Z,PiCaSong93_x_x,account.bf10e73fc52e43d281e3f8a174b6ff17
2026-02-10T03:33:26Z,TC_CEO,account.59889b7db4be4e8bb25338d3f948876c
2026-02-10T03:33:26Z,Y2K_white,account.c61cc2e1644947d9b49871e3592130fb
2026-02-10T03:18:20Z,khnkorea,account.6154b73ba6bb423b976d80c1569ee3f8
2026-02-10T03:18:20Z,Kamuy4U,account.b2ac0608e9574f34a44f7a1b823fcd85
2026-02-10T03:18:20Z,redamancyo3o,account.afa84043f27c47c58fb9ab4d6aa83d1f
2026-02-10T03:18:20Z,vvvvHONGvvvv,account.646de150d13b4aba9d300acb8e69046c
2026-02-10T03:18:20Z,BALENCIAGA_ST,account.7eb88c0bd24e49e8bb7ca247c5096466
2026-02-10T03:18:20Z,JATGGARA__,account.2a1a045335a74873b8674f089dc89ca2
2026-02-10T03:18:20Z,dksghdus,account.5d6a3a6818d34de988736ea0ff4a34ed
2026-02-10T03:18:20Z,GEN_MINZZOK_2,account.d481435484b54fa5bdb879964ca077f1
2026-02-10T03:18:20Z,LT-Valentina,account.1197b5b7c1bc41b8804b658c81909ab7
2026-02-10T03:18:20Z,de_fac,account.3db3ded1334c43f88a99d462e10ad073
2026-02-10T03:18:20Z,98_Zin,account.71b521f509a24820b247b0cf4175f1f9
2026-02-10T03:18:20Z,GWD_Aug,account.397c14c8febd47338647b6ce8af24060
2026-02-10T03:18:20Z,Reina_Tube,account.466055c05fe14fa9a93885c71bb68435
2026-02-10T03:18:20Z,Big_Void,account.008d97da4d164b46bbcb55edf21ccd85
2026-02-10T03:18:20Z,Yoo_Kyeung_Su,account.f5682eae637943b5bc32f0189785abab
2026-02-10T03:18:20Z,01045049304_Call,account.c16eaf4bd75946c7989f8ffe2bec5fdd
2026-02-10T03:18:20Z,moziri_19,account.d41366790a654bb6a62701798fad3ee9
2026-02-10T03:18:20Z,cheonan-m4,account.a41536a93d65433f820e9fa4f02dfda8
2026-02-10T03:18:20Z,87mn,account.4bbb7ecfe7f54b71868e9bf130602165
2026-02-10T03:18:20Z,JJangDrrrr__,account.0b487a5c52fa47568ad4b745b2b78091
2026-02-10T03:18:20Z,TV_badger,account.127d1be79e5d4717998b54417f69ae30
2026-02-10T03:18:20Z,JuJe2ya__,account.55c1d48ca9994770b9f48f12a4dc1228
2026-02-10T03:18:20Z,Dogkongsoon,account.314abb331af946de9e51e12492a9c166
2026-02-10T03:18:20Z,iS_mxsxn,account.01fa64c9624a432a9ae63fa8ef26703d
2026-02-10T03:18:20Z,ohyuseok1,account.c351a4010a7647d0ad7fd70fc63c1c11
2026-02-10T03:18:20Z,DaD-_-KraKen,account.d432e5c956004e859064081d91eb1d53
2026-02-10T03:18:20Z,gumayoon_0906,account.d519ed495db441029fe34cd6366c9d19
2026-02-10T03:18:20Z,muderhunter,account.f081d4e99cf249ccabf929aa3331fe38
2026-02-10T03:18:20Z,robot-0329,account.3afded8c222e48fc91302495d6a07138
2026-02-10T03:18:20Z,1004__eundo,account.8e8fe73e03e44d98a938ec10ba002ee7
2026-02-10T03:18:20Z,dd5ngjuil,account.606f762f63864e66b8119de4417aa6c2
2026-02-10T03:18:20Z,HAEGOMI,account.f81bafb2a7b0476ea9fbf15f2b687d25
2026-02-10T03:18:20Z,JJuniAppa,account.eeb0f901f8c244638870c3755eec4d65
2026-02-10T03:18:20Z,XedgehogsDilemma,account.724608cf2c5a4022881eb1cf35bcaa72
2026-02-10T03:18:20Z,12552896,account.fdf2a7cbcb5347abbc9bfb6c793b5671
2026-02-10T03:18:20Z,JW__0725,account.26749db45cbb49fcbe3b63e4fbd5a70e
2026-02-10T03:18:20Z,AGT_TeulTTack,account.25bb064c49e64519bd1d3c7ad0f8a09d
2026-02-10T03:18:20Z,YRD_Regulus,account.f9f93da9668f4343a020663f32c1ea9a
2026-02-10T03:18:20Z,Velociraptor-_-,account.60f0144cad3843c1a5a11e8e5aeb6c4e
2026-02-10T03:18:20Z,GYR0827,account.3f215c4e6bc34922b49bc4b3417017db
2026-02-10T03:18:20Z,tlqkffusemfdkgk,account.23cb354ae456482fbf934eee393134af
2026-02-10T03:18:20Z,AGT_BBANGCUTAN,account.9cc9217e91964aebab7ae3eadd7c4c4b
2026-02-10T03:18:20Z,OZMA_V,account.d9c1d8913de944c8bf354ce553cfd123
2026-02-10T03:18:20Z,fhqhzkq5,account.256c2cf996da4ce0b89a752dc36a4a6e
2026-02-10T03:18:20Z,BADNAME_260210_1,account.8f8e932c1e0c4615a3cd6017020ac9c9
2026-02-10T03:18:20Z,04nap40,account.d5bb738d6e4b4cbf8fd39d4e4c55ecd2
2026-02-10T03:18:20Z,KR_habaping,account.a810742e744e49ada09de1f4fe0539a5
2026-02-10T03:18:20Z,PR1M_Choi,account.27373534576f4d8f894b7a7ac61b6170
2026-02-10T03:18:20Z,Pencil25,account.6bc36ec427f747e59424905525ad7385
2026-02-10T03:18:20Z,BUSAN_DANI,account.b1eb369bb09e467a8685e8f646285ff7
2026-02-10T03:18:20Z,JJK0831,account.25f96c58132d44e28b7cb4e395396318
2026-02-10T03:18:20Z,Patrick_Star_HJT,account.8381d4341baa4bceb6a4ad16a703b9c1
2026-02-10T02:47:40Z,JORALMINCHO,account.d2f2a0d9c8f94f7db2fc747ee761e2cb
2026-02-10T02:47:40Z,sna001,account.9a789acda7e1488c97be56cec4d1f68d
2026-02-10T02:47:40Z,ME_Yourmom,account.5048bb56d11b4df3a7e2ef9c948409d8
2026-02-10T02:47:40Z,qudwn1704,account.af5ca4d455cc42af86686a90eccd855e
2026-02-10T02:47:40Z,For_Nova,account.dead3fd8c60e462ca4ed97c0158da0da
2026-02-10T02:47:40Z,NAJUNDAGNPOHANDA,account.dd392b20a10b49e985edbd764edd9e90
2026-02-10T02:47:40Z,EMP_MMASTER,account.10b10c50b6dd4364b59efe6d9688928f
2026-02-10T02:47:40Z,choiminsick_,account.9bb44e5884fa4704adb724f3e968ec2b
2026-02-10T02:47:40Z,AUGplz_-,account.6e3be9e8c77d415ea170c042104536ab
2026-02-10T02:47:40Z,JoBBaSeKi_Naga,account.91c3ca0077354d8c99574d17fc26ad33
2026-02-10T02:47:40Z,dasfsdgdfgh,account.99e845cd25634519b652f292103b07f3
2026-02-10T02:47:40Z,LunarisHeart,account.c4cb90bf93694e9dbde6f64e985c18c4
2026-02-10T02:47:40Z,whdbf96,account.a5e6335541454ecf8a3c1679543cf577
2026-02-10T02:47:40Z,For_MaXx,account.f7c11b537fec46d6be56f1c2b39c2b3b
2026-02-10T02:47:40Z,G0DOL,account.69bd39e03437493081446c025f953de5
2026-02-10T02:47:40Z,po_po_r,account.7f8b9266088440deb121448e937f59e9
2026-02-10T02:47:40Z,sool-g,account.48f020bfe52848718ecde88cbdff66e4
2026-02-10T02:47:40Z,EMP_DandanMukgik,account.0402c94e89c6435d84a28a2e4591ccef
2026-02-10T02:47:40Z,MOYO_MORAGU,account.cb985d4b877b4a1aa497e4d49c5eec32
2026-02-10T02:47:40Z,Player-start,account.cb6f2d57d8104b3fb1d2624e1ca8d78a
2026-02-10T02:47:40Z,Nest_yerae,account.a28f50ff50da4bb296984196ea54a2db
2026-02-10T02:47:40Z,rudqls12345,account.3cc142e390474fe18b0118b9fc1388cb
2026-02-10T02:47:40Z,95KSJ,account.f5c278283f77433ea497b445d78af718
2026-02-10T02:47:40Z,MiiXRent,account.911e4509addf4b15a06709a69f5c794b
2026-02-10T02:47:40Z,kks04,account.3dd5f30576ec48dd85c4966db83b7f12
2026-02-10T02:47:40Z,heieeeee___,account.d54297328ede493e8eb781cf02b2bc6a
2026-02-10T02:47:40Z,k__k0924,account.03d6cd30f617427f8897ba8c8cdb6fe0
2026-02-10T02:47:40Z,CJwon3,account.3ea35b903c3545708d52ce8e588cb971
2026-02-10T02:47:40Z,Nest_Monica,account.e03aaeb5089b43a585c931d1eec2a9be
2026-02-10T02:47:40Z,GO--stop,account.b93f1a8e01074d77a382522e15beba34
2026-02-10T02:47:40Z,reawon_kim,account.e8389512b276471a8cdb30edc870a416
2026-02-10T02:47:40Z,dddccc94,account.4aea6c40549d4a12ae54038390a01541
2026-02-10T02:47:40Z,For_Crush,account.27d2749976454dd0922668564c553ad4
2026-02-10T02:47:40Z,badlorr,account.e7bcaa71f0ed4c448aa930ca0478d080
2026-02-10T02:47:40Z,9709,account.ea29d3a34e0240d69d072379ddb0f801
2026-02-10T02:47:40Z,NamZaDainga,account.e3364d877cc54be8a86c6e3c6888cf46
2026-02-10T02:47:40Z,sy0___o,account.e7e47654cfac499881b8fdd8d4d378c2
2026-02-10T02:47:40Z,Geborine,account.364ef03b9991482f8a405df0effe424e
2026-02-10T02:47:40Z,s0_min2,account.11692a3dfdf445ffabeea4b2d8637a21
2026-02-10T02:47:40Z,aka-Greed,account.06b7b8f49a8d42ad8ac35b4458d9f7d2
2026-02-10T02:47:40Z,LOTTERIA_BUCK,account.ab639a7ba9224f878bd73893c901e9be
2026-02-10T02:47:40Z,jotbabine,account.d8e46f9631174328954dbbd6600fd567
2026-02-10T02:47:40Z,jaewoo_007,account.4aba76e894774e83a87a4f4c1091e70f
2026-02-10T02:47:40Z,NL_EnOo,account.67dcde148afe4877983327769fae5360
2026-02-10T02:47:40Z,liilllilillliiil,account.4d2e14f7befb4a34a2b2cf7ebf1fc5f5
2026-02-10T02:47:40Z,SwKs_AnT,account.8ae41a103da34fbba84e6848524efc81
2026-02-10T02:47:40Z,Nizoral-,account.a837505b1a654810bb799b4be28872b6
2026-02-10T02:47:40Z,OMBD_supermoon,account.7c9a41daff9241cab63741864d90fdcd
2026-02-10T02:47:40Z,For_Sung__1,account.9ee53c0fd0734c36a36e77cc6291b872
2026-02-10T02:19:31Z,BLM_Bakara,account.fba20ca84de4440cb05d75fa5a88cd62
2026-02-10T02:19:31Z,pakrgu,account.5971b543753d498ca8d9155696ae15e8
2026-02-10T02:19:31Z,1TiER-_-,account.07e51d9adee346c0bbff494e983287d0
2026-02-10T02:19:31Z,ZanCa-no1,account.805a49409ab84596bbc772a463f353d6
2026-02-10T02:19:31Z,Ultraman_-Taro,account.99a8c6dfdcd54b0098f7a81cf5c3bb73
2026-02-10T02:19:31Z,TAYO__________,account.beb91c2406a4409b975c423d14e57f2d
2026-02-10T02:19:31Z,BLM_TheKing-_-,account.dd187662a2df414c9bcee3c2a2653dfa
2026-02-10T02:19:31Z,91_04,account.194b20c221b6455a8a594036369e176b
2026-02-10T02:19:31Z,6DUCKOZ9YO,account.9df1ac5366d2425da60f604865ce5f66
2026-02-10T02:19:31Z,wogns1996,account.21ef69da68614c9f8a2e325803d3f2f8
2026-02-10T02:19:31Z,MIUMIUMIUMI,account.293a8ca82db448da861a52fde4a6357e
2026-02-10T02:19:31Z,AK_Barca,account.fbb75f28f40a4827b585d5af0b26b393
2026-02-10T02:19:31Z,LEBERA99,account.8db5676458d048e8b67acf13511d0f65
2026-02-10T02:19:31Z,krho_x,account.0c5855e009a145eeaaf2ce1a28070538
2026-02-10T02:19:31Z,Trigger__Min,account.812c9581a4da4d3da676432c90e43148
2026-02-10T02:19:31Z,hotsexy74,account.634bf308695a48c9bba72b7594dc8778
2026-02-10T02:19:31Z,yubi_UB,account.892db66c81d546fd8d38b4df630e6b35
2026-02-10T02:19:31Z,halabongadue,account.c0e59e97aaf64b4e8a31ca07ba69f380
2026-02-10T02:19:31Z,Royal_salut,account.492b749337464b9abe3853cb06c3d536
2026-02-10T02:19:31Z,NimiSibal-__-,account.dc76bb41d29c48fda9572befb85e5459
2026-02-10T02:19:31Z,gust37,account.61760dbeaf304d23b3994a3f42f0da76
2026-02-10T02:19:31Z,YoSo_WITHUS,account.1df1ed0279a3469f8cfd6fbc66ab2004
2026-02-10T02:19:31Z,dlfmadjqtdj-,account.42d965c61f92428795a27f53c79d4622
2026-02-10T02:19:31Z,SQW_SANGUN,account.81ce00bf5c724dc8a7085cf036ad5281
2026-02-10T02:19:31Z,SoymilkTvT,account.9c5c0ebbdf3d407f917cb9d4a216913d
2026-02-10T02:19:31Z,onlyheadshots2,account.ed2b4c96d7ea4706a647c2faaf36c6b7
2026-02-10T02:19:31Z,Ace_Astrick,account.45531598b1e14b4784e1af3f2e56135f
2026-02-10T02:19:31Z,P_Tybe,account.51f5fb42889046358dc3373d1274281d
2026-02-10T02:19:31Z,707_sasin,account.3660e8ef1140487a990bc134bb24e224
2026-02-10T02:19:31Z,danudana,account.bfab46f141e649329ec984d7421771d5
2026-02-10T02:19:31Z,Azra_02,account.bfc4562a15704685b74d6d86a21f4847
2026-02-10T02:19:31Z,ai08123,account.2d7a6fbf94fb4231a98cb49ba405bff6
2026-02-10T02:19:31Z,ACKEE2,account.f9773cc19ba44608a9e6c2332916cd16
2026-02-10T02:19:31Z,kimyss-,account.75a7be863e2943d2ace8a1e6359f2e0a
2026-02-10T02:19:31Z,BoETOP,account.b41c8c2684134508bb3ab788d339ccc0
2026-02-10T02:19:31Z,beakdusan__,account.776be483de4549ae86e68fab52a13e69
2026-02-10T02:19:31Z,PSN_MAYO,account.df3a5923078a485c90c9588fc4039b03
2026-02-10T02:19:31Z,zozorara,account.1f799dc490e24b65b921dd1f98b38f39
2026-02-10T02:19:31Z,KKJJHH77,account.944dbe390f454dc1ad482eb6144b6d0d
2026-02-10T02:19:31Z,heartsquare,account.989da834c7c844ad90cf55f30fd7e095
2026-02-10T02:19:31Z,bback_koo_gong,account.f213240b1b0d483c836243d86411f739
2026-02-10T01:54:46Z,hyeoksri_,account.75df96e896184ba1b682faf6db9e253c
2026-02-10T01:54:46Z,BBLACKCAT_T,account.3ffb156d56714ba992e9d776d7e2c46e
2026-02-10T01:54:46Z,cat_m_e_w,account.b56a101f34b24b11a05feec847a9f8f0
2026-02-10T01:54:46Z,HaePro_,account.fcfd659b98a84d92854e19cd65d26d46
2026-02-10T01:54:46Z,Despera18,account.8a8be0382a6e4b39a9f7df8aca10eb1b
2026-02-10T01:54:46Z,dudthghkd,account.cbadcd1cd24c46899d53506713b13847
2026-02-10T01:54:46Z,asdfFSD1212,account.0783cca1da894f49a60dd7747999faa1
2026-02-10T01:54:46Z,BOGI_69,account.d99d084923d343a4bfd1689ebc23490d
2026-02-10T01:54:46Z,MaestroMZ,account.0075a675df6746d2bcf5d4f77f8e5eda
2026-02-10T01:54:46Z,Noh_Han,account.eb7616c822cd4da18eb21f8676ae6485
2026-02-10T01:54:46Z,SIS_Noyal,account.8c59e6a61bba45f395fd0a2ca9198b5d
2026-02-10T01:54:46Z,wwvvwvvwvwvw,account.98475b7e0b6e42a091a8174fee812abb
2026-02-10T01:54:46Z,Naturemaker,account.c30178f7b93f43e6a009a44a6daef633
2026-02-10T01:54:46Z,SEUNGBIN0805,account.95e6cbd5f532495094193954f02d1c0e
2026-02-10T01:54:46Z,JOT_hyunjun_X,account.527b846ae29a4723a5b51be7b4b019b2
2026-02-10T01:54:46Z,Big_ssong2,account.fac97e54bc6647979b7c74c84512c9f3
2026-02-10T01:54:46Z,4u_kawaii,account.bb6b9956d76f4f73ae742cd6373b4b1c
2026-02-10T01:54:46Z,KOR-ZERO79,account.db94fe8091e54e50bf7bec9d47570e45
2026-02-10T01:54:46Z,Hsmss__,account.c24d7de26ec649cc8de1c80e39b4b89b
2026-02-10T01:54:46Z,NX_JXBET,account.ae98d063eef24f25933a159d457798aa
2026-02-10T01:54:46Z,Berly_gak,account.7cc3c3354c9c409981a568bc6388ffa5
2026-02-10T01:54:46Z,kNoc_3rd,account.8e3d47f2b6504ef5a4248282133c9451
2026-02-10T01:54:46Z,tavaszz,account.47bc6759e79e474b84bc5202a1feaf74
2026-02-10T01:54:46Z,Villain_Vista,account.ec3469fa518944e88ad8b1104bf63305
2026-02-10T01:54:46Z,rkaksdksrudTmrh,account.6386aa469abf4f35a7a4411f012865b1
2026-02-10T01:54:46Z,MCSIMS,account.f7dfd35d25ba46bdb974c2923c76d35e
2026-02-10T01:54:46Z,parkdongok,account.6499a9c41d4b48d885f4cd0a2adc7997
2026-02-10T01:54:46Z,8282aka,account.b99ca1ff7262482e8b2c0aef9230ef88
2026-02-10T01:54:46Z,AGT_BIBIGO,account.819f707de6334fa9b78a7d4561c3601d
2026-02-10T01:54:46Z,aosme-c,account.14825454f7d5449884a561138741cbb4
2026-02-10T01:54:46Z,moogiwara,account.5e843ec58c7840ef9c8e0da52233e152
2026-02-10T01:54:46Z,yjw9200,account.ae466ffc96e7446ab0c6ffcb50ab3994
2026-02-10T01:54:46Z,kkang_dougie,account.be8fc40f699442c28591c7d6c0b5b480
2026-02-10T01:54:46Z,jang01__,account.b2cbeb0db76344a591298c015ea2f385
2026-02-10T01:54:46Z,SIS_Royal,account.65a6970982f140d6b70af7c41e3f0d2c
2026-02-10T01:54:46Z,Keanu_Reeves_7,account.27f4ea3d88234e7cb59993bbdbf4ed4f
2026-02-10T01:54:46Z,LESH1230,account.c4e5f95b44b7410fb82d09f3b6843e0d
2026-02-10T01:54:46Z,YourFaceJotBug,account.fcc69828aa754ca9a1846e0b1c41ba0e
2026-02-10T01:54:46Z,S2HoiS2,account.bbeb2712779540a58d03308eee2c020d
2026-02-10T01:54:46Z,gunhee124,account.158fca6503094a2a8fd8a6e646734831
2026-02-10T01:54:46Z,CAR_McLaren,account.15e025fd24664a6580f16f11b5ad9e20
2026-02-10T01:54:46Z,ksk1980,account.08615b84bffc4a28a48a7a65241a34fe
2026-02-10T01:54:46Z,SangPro_,account.9ad8307e9306423981fb135d4b096fc6
2026-02-10T01:54:46Z,sani4224,account.a9c1507ca1c3482694e9c21bd6129b51
2026-02-10T01:54:46Z,JiEuns_,account.8cd13367e1644e9ca929b7f160bffa9c
2026-02-10T01:54:46Z,sehyun_vv,account.99809682195644188337668582720286
2026-02-10T14:43:00Z,IamMini_,account.41310027012842be9c4c2a0970260b9a
2026-02-10T14:43:00Z,Ami_Xvideo,account.d06fa6ad8f434218b5e5aa31b6d6cadc
2026-02-10T14:43:00Z,INX_250716,account.2f02c0d7abd34435821268c2707a6101
2026-02-10T14:43:00Z,BGP_Panzher,account.363d8d75c87d4fe5848dfa0397522659
2026-02-10T14:43:00Z,HES_Regu1ar,account.7ae168076f04418fa842e819c545878e
2026-02-10T13:55:18Z,BGP_HotBoyyy,account.2ba0aa0647f8414eb39b48a2f3c7da7d
2026-02-10T13:55:18Z,Ake_78,account.70a3cd6631744e819b3a297ac80d23db
2026-02-10T13:55:18Z,yeolmu-3-,account.5982f658c7fe4831b72f51bf5f59b6a8
2026-02-10T13:55:18Z,yeolmu-o-,account.86822e3abb8e43ffb46b11f5b453b908
2026-02-10T13:55:18Z,Ez_Wettissue,account.a480f117917848ce9ac8288576930b5f
2026-02-10T13:55:18Z,CarrotMarket99,account.7cca57ab9789441bbdd61c4286e03a58
2026-02-10T13:41:38Z,04_HllilliilliD,account.2de39e7a86434124a93d6daece482ffc
2026-02-10T13:41:38Z,song2ki,account.1c7b190e13e94bd8ae5130a450924eaf
2026-02-10T13:41:38Z,BamBi_doa,account.1d76a9a6722c4412889d90e46a5dfbcc
2026-02-10T13:41:38Z,HONG_MIN_KI,account.46cd27238ba5476d8dd87f307ee79fec
2026-02-10T13:41:38Z,JEJU_CK,account.81cd7b99742d4729906580d2084268f3
2026-02-10T13:41:38Z,Goodboy_heon,account.4441e16296c84f01b9eee68494769656
2026-02-10T13:41:38Z,GGyaaa-,account.3949450d02b84375950fc730bdc98582
2026-02-10T13:41:38Z,JEJU_MK,account.db37635aa78548dc9b2181f373c9ed30
2026-02-10T13:41:38Z,KingGodBBoNo-_-,account.edbd1fa00a314955b6465b63c0f496a4
2026-02-10T13:41:38Z,BamBi_JJong,account.7b3262487a85403ebd379059c3fee97b
2026-02-10T13:41:38Z,MujuKDA,account.d097e2c49a4e4f12928944fe1254d993
2026-02-10T13:41:38Z,BamBiINFP-_-,account.5ab3009f03754c5bba30b8c6fc00dd2a
2026-02-10T13:10:42Z,OPGG_Eunjining,account.623813a0272341a991abdb27572028d3
2026-02-10T13:10:42Z,Xiaoblackout,account.fc68073df453430cb19ab6a02eb26091
2026-02-10T13:10:42Z,x_-Reo,account.3908be0ea3724a1899c4e03a97e9871b
2026-02-10T13:10:42Z,EunwolGz,account.4b6c252528384140a569f40b9e8ad589
2026-02-10T12:39:35Z,1st_Master-_-,account.71d79d0f65db48a594b1d12ebf37a1ec
2026-02-10T12:39:35Z,BulbbaddaBGP,account.204ab94bfaa742da9496a969cf94575d
2026-02-10T12:39:35Z,do_blacktg,account.524aa73907fe4a0eb622ddcad7623ef2
2026-02-10T12:39:35Z,CokeFanatic,account.922fd48a5c5245909f93a832c7bd477f
2026-02-10T12:39:35Z,JUNG_10,account.2b7e67fa537148f08b6f30b1861ed5e1
2026-02-10T12:39:35Z,XHWHDTNSEO,account.52f2723721784422b538cc06660d59bc
2026-02-10T12:39:35Z,Dxxpro,account.d76add3af83e43bb84c2f3fb3c96f8b8
2026-02-10T12:39:35Z,BGP_NOBY,account.6bc4f145081a4554a4e1319b752691ad
2026-02-10T12:39:35Z,BGP_DD0CHI,account.625bedb271074769a6c6aa7af2339c5c
2026-02-10T12:39:35Z,BGP_Chop,account.d6c37543cb9f4316b44c3a8ff0e9870e
2026-02-10T12:17:16Z,Co_VEn,account.090b6278fb804474928819b1cf07c90b
2026-02-10T12:17:16Z,NUsksman,account.1fbf13ad2d8848b1a906b5a08085e33f
2026-02-10T12:17:16Z,NUCiRcle,account.11631bb20dbe4562afd3c818461dd5c6
2026-02-10T12:17:16Z,A_-ing,account.9aba9ed8d88f4959837164774cdf3094
2026-02-10T12:17:16Z,DPI400_GPROX,account.adae1c3a8da24bd3b32a07be9d7e1d63
2026-02-10T12:17:16Z,officially_Rance,account.2503653e3b414d439bd04e6fc6a33fe1
2026-02-10T11:50:35Z,PUBG_DDUGBEAGI,account.32733f7c7cce4ca980417477c3e6f8e7
2026-02-10T11:50:35Z,Ez_241216-,account.a717d6b17a4042dcb9a4f08f14e3b6df
2026-02-10T11:50:35Z,gaebapgeureut,account.086380fa55484c1aa290ee2b4a8fca82
2026-02-10T11:50:35Z,Gz_JOSS,account.2dd99c07525e4cce82ed1107116d77b7
2026-02-10T11:50:35Z,Ez_soddevil,account.cd75c1013ee04f1aad86475ba65bf336
2026-02-10T11:50:35Z,YongGarPING,account.fa6d595a6ba34bbb8adf07081f729d0c
2026-02-10T11:50:35Z,Ez_MulKimchi,account.428a5899310f4f889923de0dc4254498
2026-02-10T11:50:35Z,Ez_Hulk,account.cdc3bf60e1094a229e4261516c8d7683
2026-02-10T11:16:32Z,KIM_Da_0111,account.9823ea9050824084a28727755c5ab10c
2026-02-10T11:16:32Z,Janbari_order,account.2147d44711184db78dabcbf6d140796b
2026-02-10T11:16:32Z,o_o-insomnia,account.3f72d1e70b1b4f14b8f55a7051c8d65f
2026-02-10T11:16:32Z,XX_korori,account.538b87e11c474f35acdf9a8ee8f43946
2026-02-10T11:16:32Z,KOR_JY98,account.944689772c3d4e7c971fd1eb0dc8eab1
2026-02-10T11:16:32Z,ShinShen_miu,account.e44d3726bfba442f98a18ba362cb37b4
2026-02-10T11:16:32Z,6IX_177155,account.1b95a5254f7243a8b464cadf42194e30
2026-02-10T11:16:32Z,soyulzzoa,account.bdffbccaae644355bdc28428a5438fdb
2026-02-10T11:16:32Z,Sx_Wxx,account.3be0918f3a1b4c1a9a45597165437baf
2026-02-10T11:16:32Z,KingMungmoo,account.df771a0a34184784b1589ccfa4ec2f85
2026-02-10T11:16:32Z,ShinShen_J-BBang,account.1bd83b3f8bc440958d8563a7044ff3de
2026-02-10T11:16:32Z,JJangJinHan,account.3f6461f94c6445e2800762f951f76937
2026-02-10T11:16:32Z,ShinShen_JJANGGU,account.4956a9a75b1c4196ab170cb06c2fcbfa
2026-02-10T11:16:32Z,DIC_Obba,account.1a44dcde677640d0b3339b4ffc9db32e
2026-02-10T11:16:32Z,ML-BinE_-7,account.40b6b34a5d904ecf8ed1d7d50d032d5e
2026-02-10T11:16:32Z,N_H92,account.4055b492d4e042ae84e79188e1f80e25
2026-02-10T11:16:32Z,zojuss,account.61b412f8a7ff4fe186f3f135c7c4c71d
2026-02-10T11:16:32Z,hxx_xu,account.265367680a9d4af2bd3cf926a0a8a0b3
2026-02-10T11:16:32Z,HEEJUN-,account.1a516cad1508466282ecd0fbee9ec41e
2026-02-10T11:16:32Z,SSH-F150,account.64ffed14463841ecb200f1940229c4f6
2026-02-10T11:16:32Z,DIE-KNOWLAND,account.23103c13c7574f0c8d725a527fb17030
2026-02-10T11:16:32Z,OGU_SKIM,account.d90c73d8b25b4398aa28b5e15a00c945
2026-02-10T10:58:46Z,NT_Ricardo,account.ffc903fe1b8b49f6bb5e57b80eb51826
2026-02-10T10:58:46Z,nosoochan,account.ffe2638c6c8741d1ad52c51e6ae5f736
2026-02-10T10:58:46Z,BGP_DUNHILL-_-,account.6ef99e5b9c6b492a922394ac1b907fbd
2026-02-10T10:58:46Z,SIS_Hebi,account.2344c6a7fc104b50b92849febee6fa40
2026-02-10T10:58:46Z,HJman_,account.7f900f4521a2470ea67347540b3315ca
2026-02-10T10:58:46Z,BGP_Star,account.c389434a06354c69831b41ccfa56be0a
2026-02-10T10:58:46Z,dndbtlfgdj,account.a73617818ca8421e9f68a0e75500e817
2026-02-10T10:58:46Z,AngryWo1f,account.27772f2fef2d42a8bcbfc9355c9c1962
2026-02-10T10:58:46Z,BGP_1cushion,account.3d07d79bfdda4708a13b6d9446cf0c47
2026-02-10T10:58:46Z,0_Ham_MA,account.c92772ca2c494e809a0265147713d15d
2026-02-10T10:58:46Z,sunhungmom1,account.e9bc6fea3c3a4e8d8766648bf42b33d8
2026-02-10T10:58:46Z,q---0_0---p,account.e6178317688c4c969bdcddc8ef691303
2026-02-10T10:58:46Z,ICE_Driver,account.2a5f475e9d0e4f7ba1d0d5ba9ba0fa17
2026-02-10T10:58:46Z,JocaShipse,account.ce9187bb1c9947779547f8a096eb52df
2026-02-10T10:58:46Z,tlqkfRjwufk,account.90b9cc8532474289b64e850bd576dae4
2026-02-10T10:58:46Z,o_Mh_o,account.573a5a7a3128438caba46cb9353b196c
2026-02-10T10:58:46Z,Geuni_-,account.bc8812c7e4354070b122e0d7a01655fd
2026-02-10T10:58:46Z,ICE_Sup,account.de455993962849289427d8effb6b3923
2026-02-10T10:58:46Z,horing_,account.41999bddfdcc481f80d72f8c32661726
2026-02-10T10:58:46Z,MolRa___,account.6b0f584716874059b0221bec26100b7a
2026-02-10T10:58:46Z,BGP_Jmt,account.afada04ecb14401f88a6b972110fd883
2026-02-10T10:58:46Z,lliliiillliilli,account.cd0183ed04054e94bb8ec63b2001e3a1
2026-02-10T10:58:46Z,LOD_akTeRzzz,account.7fd9b84061bc49ccb84d22f8c3f97a79
2026-02-10T10:58:46Z,rmflsgud,account.0763e5f6ad634c76aa518505b28567f6
2026-02-10T10:58:46Z,NT_YoungThug,account.6890d087106d4bb49b7af256bb4c997a
2026-02-10T10:58:46Z,JeonjuMatdolEee,account.1fb8ebb95a244d888eaf49e7fa904177
2026-02-10T10:58:46Z,KOR-taeung,account.6c9923ecbb5142be9cc1ff6acbccb057
2026-02-10T10:58:46Z,kyun_0119,account.27716fc4065e46de97a9d69535ae43b2
2026-02-10T10:58:46Z,HBD_Gemma,account.49c9b3dacecf433ba797ce2f76d7e5ff
2026-02-10T10:58:46Z,Kr__01,account.d91256b21504477aaf97297c8d9f82ee
2026-02-10T10:58:46Z,sexintheclub,account.d2e7706c49a04c25ab22d712c434fd53
2026-02-10T10:58:46Z,SH_SIX18,account.5198d6b0df8a4753abd87f1802934989
2026-02-10T10:27:35Z,BBAK_DDanDDo,account.fbdc6b199f1f4ca7b57488e4e5039145
2026-02-10T10:27:35Z,AP-line,account.d144547f99bd4372a478a11543564380
2026-02-10T10:27:35Z,1st_tanatos,account.06679fcc08834b2c9003b89f6c85adea
2026-02-10T10:27:35Z,M1NGI-,account.472e413b932c4cd481fdadd30d0fb7c9
2026-02-10T10:27:35Z,4B_GURAPING_V,account.f9c14d61a8da4ea687cbcedbcf17c5de
2026-02-10T10:27:35Z,BBAK_PALROM,account.d312a53506b6402daf20772d2ea78ba2
2026-02-10T10:27:35Z,iiiiiiiiiiiisuit,account.7fcb1ff82d7d487eb91087ce6efbdf3d
2026-02-10T10:27:35Z,BBAK_JJInnG-,account.8b3c3532dca441eeb24cddfed653e4b6
2026-02-10T10:27:35Z,ggjh1,account.4faf82b0fb134bea9482635f7fff3710
2026-02-10T10:27:35Z,staifo,account.0305ddd83e5041ffb9ebe90820091b23
2026-02-10T10:27:35Z,DAF_1544-9030,account.128b8370cbf54d29bba5ec9af52f34e6
2026-02-10T10:27:35Z,DontDieBoY,account.f63f98bebdc94bc1849c1b42c3980578
2026-02-10T10:27:35Z,TommyHe,account.e8f7364b8f6243a48c1112b52690cb1b
2026-02-10T10:27:35Z,sdf45616sdaf,account.2a44aecf1179453a9e17441169c68815
2026-02-10T10:27:35Z,iiiiiiiiiiiiDEOK,account.35a0b81dcc444561ab65c310898f3dc7
2026-02-10T10:27:35Z,Sunflower2821,account.90f66cf925a84e2c9a83f138e7db88d2
2026-02-10T10:27:35Z,dre4m-zz,account.d70a4c3538c34c029c793798e1a99a86
2026-02-10T10:27:35Z,You_Die_Im_Seon,account.48f1c66a296b44658c97d4b9850acb0c
2026-02-10T10:27:35Z,ICE_Y0UNG,account.cad69d27e150460985cd7fa4537a0452
2026-02-10T10:27:35Z,ohjjogi,account.07272de958ff4274b65ddfc2a7f893fd
2026-02-10T10:27:35Z,o0owhaw,account.778f8bbefa86488694b3ffa380d1540c
2026-02-10T09:59:08Z,PG-GGoBuGi,account.807dd6d8e82d4174a3fe0fadae87fac6
2026-02-10T09:59:08Z,MadPitBull-__-,account.b7436aaca78e4a8db31e16c8507ad581
2026-02-10T09:59:08Z,hyunseokzz,account.530eec561984434486a08087ccb1287d
2026-02-10T09:59:08Z,yeommedic,account.0f86bb36293843dd97c46fcc1b70a763
2026-02-10T09:59:08Z,1st_Koomi,account.5ce1169de6544690a8d617d64d20ae2f
2026-02-10T09:59:08Z,ValKhan_SLN,account.636b6872c7f24f82a7e3a9d6c426302d
2026-02-10T09:59:08Z,Rof_jaehyen,account.6dbd2ead04bf478d8c10048b75a87e0f
2026-02-10T09:59:08Z,HO_BAK_GO_GU_MA9,account.562559c107c444d69d4967b0730ce869
2026-02-10T09:59:08Z,KYN_GoChu,account.79bf5f36df92413d97352d99ad26e378
2026-02-10T09:59:08Z,tkfsdldjk,account.f5ab5a91b3ae4a0f9eb5185ab2cc7690
2026-02-10T09:59:08Z,hsfezz,account.188e6610ce0c4d56a5a8c6ebc5037e84
2026-02-10T09:59:08Z,JJM77,account.165326e1d7954ff3993c9c98447b4b61
2026-02-10T09:59:08Z,FNCentertainment,account.54c95556ab604b0eab3038ba29bcc267
2026-02-10T09:59:08Z,UNG_0625,account.bfe0e1862fe644948f01ffaf92d9ebed
2026-02-10T09:59:08Z,Ahni_Yoon,account.2ca3d690cfc94c49bdf33b68bc0cdffe
2026-02-10T09:59:08Z,Ahni_-JILung,account.f92269c492e245bcbe8a3750bbe95207
2026-02-10T09:59:08Z,sin981124-,account.4c41100bb6d741d5b38b4ade880e26de
2026-02-10T09:59:08Z,Grozzage,account.bb57ab4082bd4d98ac91e384625bceb3
2026-02-10T09:59:08Z,Ahni_-Young,account.06bbef60c9c946168c95f8d47d89db5f
2026-02-10T09:59:08Z,LTB_Scourge,account.89e2096f13754020a4fffeb67b39ef0b
2026-02-10T09:59:08Z,sinwinter2,account.ab8b8feadda240c1b47aa573f29fdb50
2026-02-10T09:59:08Z,kor_water1,account.d62ca223faa14686946bd3c2561dc3e0
2026-02-10T09:59:08Z,LTB_XHAMSTER,account.776024995627474abfbf6e5f69d19a82
2026-02-10T09:59:08Z,sejinsipalseggi,account.733d7d635c89434a87640d85d7ddba9b
2026-02-10T09:59:08Z,GgR_Castle9_-,account.502c3887fc8242089ac14d73dfbdf11c
2026-02-10T09:59:08Z,MC_WonhwaRo,account.9f83db9356db4dd3bbccd5257ad7fc20
2026-02-10T09:59:08Z,BONE_18,account.b63d6fd322fb4d7782426249a7413a3e
2026-02-10T09:59:08Z,1Heads,account.0aa3ea50d0b24164b8bb7136b984d4cd
2026-02-10T09:59:08Z,AUGxMK12_EASTx2,account.cdae52c6947b4057a4e44ab77b359fe3
2026-02-10T09:59:08Z,Ahni_-G,account.8c0e032190a54f9e85a911e2547c7e48
2026-02-10T09:59:08Z,173cm_65kg_19cm,account.5b7b72c6c9db4014a86d58c66aaa9f66
2026-02-10T09:59:08Z,Qkzm12,account.9a5688dd6d5c462cba4b7761640f8725
2026-02-10T09:59:08Z,KYN_U_U,account.3c6d8e01c08f4932ae9cf5012039ec4e
2026-02-10T09:59:08Z,choichunsic,account.a46f67f9077f480e9a076665c1001310
2026-02-10T09:59:08Z,PG-MiGGuRaZy,account.ca599628bbed48c79a8e6c33d677ca05
2026-02-10T09:59:08Z,GgR_Pibak,account.fb17368ab68a49259650c07828b24aab
2026-02-10T09:59:08Z,onion_joonkyung,account.075381a84f054f9ea2823271fb20592f
2026-02-10T09:59:08Z,Reaper_LTB,account.8c56f4b4c87d4173bb09cd13caa66161
2026-02-10T09:59:08Z,ByeByeGame,account.cfb3c0df219445b195d2ff0c9f7a5746
2026-02-10T09:59:08Z,GgR_KanG,account.a530b95acb3b4bf3bb398ffb566b3903
2026-02-10T09:59:08Z,Bee_Tamin_E,account.93a68acc5d39406daf447abb288719e0
2026-02-10T09:59:08Z,ddongddong4,account.4895bffea6434155b5656e687cc8f988
2026-02-10T09:59:08Z,oneteamkiller,account.51984c8fee21406685dd9dc706ec40df
2026-02-10T09:59:08Z,km19980422,account.8e15562b64c642949f8666e99910d639
2026-02-10T09:59:08Z,KYN_4vs1save,account.2d5bcb7788d74735b6dc5dbcc0b7b521
2026-02-10T09:34:36Z,otter0__0,account.b7b9f1136b754bbd8fc82d53b812b470
2026-02-10T09:34:36Z,TR_DBS,account.4a2de0c456724a36ad0930cf4881cb9b
2026-02-10T09:34:36Z,ddxxsenje,account.84516b2245724596aa045b747c9ca510
2026-02-10T09:34:36Z,zzizire,account.c58dce8923fe428ebf4b86ad788d40b8
2026-02-10T09:34:36Z,Company_TJ,account.007a4eaef2bd4a3eb04f1ad15a4f1b50
2026-02-10T09:34:36Z,kwon1919,account.a8984aa0a3cc4b788e84fceb5cc4e7d9
2026-02-10T09:34:36Z,Meleer,account.8832c65adf15463c8f14ef54c76da29c
2026-02-10T09:34:36Z,3B2S,account.2f12c558902943d79971bc8d2ede16b4
2026-02-10T09:34:36Z,GGEUNG-,account.9885edc0ca624aaf93ead092e6d88138
2026-02-10T09:34:36Z,DDUCK__BAEK_-,account.5344aa9b89834d7fbc841ed687dd0eb5
2026-02-10T09:34:36Z,BINAISEOPPO,account.54887d73381c4b70b0251572166f0548
2026-02-10T09:34:36Z,ZZambab1years,account.53fb206cd3ad42b88ab58776ffd77e00
2026-02-10T09:34:36Z,llIlIIIIIIl,account.67c3ce064e59409aaa04f5e8c7a461f3
2026-02-10T09:34:36Z,rururru_,account.85272317754b4c4cacfe5031c769233b
2026-02-10T09:34:36Z,Ato-x-,account.494f7d37680347109e2f1fb9fad9583b
2026-02-10T09:34:36Z,KIN_SCIPIO,account.9a772f73e5134185b1d42dd5d426abc5
2026-02-10T09:34:36Z,yookwonwoo11,account.d7016f4044344322a3a99fd192c08fc0
2026-02-10T09:34:36Z,HH_AA_,account.e98136e504984f3cb3e4dc65a39b5859
2026-02-10T09:34:36Z,DDA_bongE,account.b14cebcd4e6145edb981e888de6298a9
2026-02-10T09:34:36Z,Ova_Doz_,account.cd23719d389f4103ac5145e2fa1c3c8a
2026-02-10T09:34:36Z,robot_OH7l,account.05709d970f03447caa733fb8b367fb83
2026-02-10T09:34:36Z,kdm121212,account.e70fb0c4b13c4c0c87cc6e56c6c5cb14
2026-02-10T09:34:36Z,Meow__0_0,account.53cf99a2d3f54b549efbeb2e73c05f75
2026-02-10T09:34:36Z,zizon_woooo,account.f125431570744a35917767d413b1d925
2026-02-10T09:34:36Z,kingkyt,account.4f6d056e9a814e6ba19918fbe5deae9a
2026-02-10T09:08:38Z,JJungD_,account.b7fcb8e07a3648569da384c4f7186452
2026-02-10T09:08:38Z,clipat,account.f928bd92ffa549cc8f020672429ea8d9
2026-02-10T09:08:38Z,LlOr7l,account.aa043bbc1b49418cbd92a27ea2e4c2a1
2026-02-10T09:08:38Z,Banmga,account.3aa26e5d6ea44a6fb04737d3d6b91232
2026-02-10T09:08:38Z,wwwyoungmincom,account.bf6b90dbc04d407c80ffbeb9531a9591
2026-02-10T09:08:38Z,sohawang123,account.a7fe7c7f33de49b9ad0f8e5194d2a759
2026-02-10T09:08:38Z,TemuTanVuu,account.b526dc34d4a24de49429af44c6a13289
2026-02-10T09:08:38Z,Asusquad,account.4dc91ea411274ebfa0b5c41946fd1806
2026-02-10T09:08:38Z,BamBi_RINGRING,account.971fad08954f450dadf012ff2a6b41aa
2026-02-10T09:08:38Z,KR_070,account.742f8809dd7942c3b60e50de2b1bfde7
2026-02-10T09:08:38Z,givemehackplz,account.3c871eebeb6643158e2b91c3271f4bf1
2026-02-10T09:08:38Z,Chaeinso_Man,account.269e6c68058446ca9397376a5168219a
2026-02-10T09:08:38Z,DD_Hanelbori,account.547ffa6370aa4ed39743e180090aa60d
2026-02-10T09:08:38Z,BOSS_OBAYASALIDO,account.834898e42ba8439598faed838bdc758c
2026-02-10T09:08:38Z,xogus3211,account.aab1bd0389a84491ab259c6c04a736f2
2026-02-10T09:08:38Z,GOAT_9vs1,account.dd65190e1df94cd184c1ed8247c4fbc9
2026-02-10T09:08:38Z,tM_Wallaby,account.fe82510df27f460fa7fd122fa9b3ea15
2026-02-10T09:08:38Z,HNB_Ghoul,account.afc3578bc7a946f6b705619b1c18e31c
2026-02-10T05:30:42Z,Saddo--_--,account.60fe1312cbfa47e1a67223139e043739
2026-02-10T05:30:42Z,Andy-3-,account.5ef74be0a66b4072a00b27f984f93f1a
2026-02-10T05:30:42Z,Nest_SNAR,account.0d9b869af1274c458ad4e23b07fa6d3e
2026-02-10T05:30:42Z,AFTV_ParkHyun,account.6b51e2521b2d4e9da16b88586f1a82ca
2026-02-10T05:30:42Z,Eomjiiii,account.308fdf596c5149c989ce438e86aa9589
2026-02-10T05:30:42Z,NNOWK-,account.02f753baeb084772b3233ecc4cb78cad
2026-02-10T05:30:42Z,OXOXOXOXOXOXOXD,account.463ed3a3b378463f86f8676fcc9ec1f5
2026-02-10T05:30:42Z,Haneul_Bada,account.8b8f1fdebe704745b8e14593fa09c2bf
2026-02-10T05:30:42Z,tankman_-,account.e37aa8753a1a4797b1b5f3b26a27a8b3
2026-02-10T05:30:42Z,hoik00,account.d9fb7fafe25541ebb25349b7dc5317dd
2026-02-10T05:30:42Z,Stella-S2,account.0104b19879944bc19ecd281608fa8e86
2026-02-10T05:30:42Z,nemhou,account.0c3b311a9ac04298a6ab2c6364080456
2026-02-10T05:30:42Z,New_Wu_Ju,account.761b1fb7c39b4223baea5e7b751e428b
2026-02-10T05:30:42Z,Rabubu001,account.61acd455fa8d46ebbc75aaeee9b82e0e
2026-02-10T05:30:42Z,liliiiiiiiiillli,account.be6d0834c20f4791a51419ba35fbbaba
2026-02-10T05:30:42Z,nopama,account.c0b12cd5b1564465a5ba9d64f8a57f11
2026-02-10T05:30:42Z,JongGu_,account.48f22c5c197c4ccca4559c1834bfc85a
2026-02-10T05:30:42Z,juh-buh-Guhnyang,account.3a73d1dcaaff4971b9ba02fc55490cb0
2026-02-10T05:30:42Z,MICONETWOONETWO,account.7db7f09729024c87a2b5a910a0c60f2b
2026-02-10T05:30:42Z,TaeGguDa,account.c613f4be4e654d33a2435955550aec27
2026-02-10T05:30:42Z,chdoch,account.51cadafbc28c48b6a5339b7e2a05e05b
2026-02-10T05:30:42Z,Ez_BboSic2,account.c011722aaea74787a7b83f79a121be32
2026-02-10T05:30:42Z,kinakdl,account.8d8f4a258b0141c0aeb9e0a13ab0ca0c
2026-02-10T05:30:42Z,gazette5,account.5dba472d2a27437eade4eb54ba6f5bc2
2026-02-10T05:30:42Z,kinggodhyung,account.29f2f73391d74bb8ab861ad978d0a508
2026-02-10T05:30:42Z,whdtmd0202,account.2b2e602a3f6743728e1cb561806023bc
2026-02-10T05:30:42Z,rlacjsgh,account.3b968338c3104cdbbd5d742695234cd6
2026-02-10T05:30:42Z,yoGo_-,account.67aac4dc1fa34085aa1247ea51ae24f5
2026-02-10T05:30:42Z,10BIRD_Atom,account.8c2fadb1b4974e2bb1062efeaa11325c
2026-02-10T05:30:42Z,anjfqhktlqjfdk,account.059a5e11dca84c84bdd0a7f69d000de7
2026-02-10T05:30:42Z,DJ_TITANXP,account.82d65cf01d2142ca91aa2cd1eabee9dd
2026-02-10T05:30:42Z,Rf_BeOm,account.b4fa9cdd8a854136a72a717092a0c3c4
2026-02-10T04:59:12Z,Holic_RAZER,account.778af72f8c7d4425b31db0d61850b6df
2026-02-10T04:59:12Z,SNL_BBANGE,account.7c1b6e8362424297b1db6ef837b82a60
2026-02-10T04:59:12Z,joonhee3,account.d5467be9570c4ad599ecb14002988204
2026-02-10T04:59:12Z,SOOP_Inonix,account.98dfeb9ed3be4b64ab673e5336c6817c
2026-02-10T04:59:12Z,A_Damodaran,account.eb1323c2233842c886289827a7ceca2d
2026-02-10T04:59:12Z,CP_Rojaru,account.8b160ee60b5747ec8fd05c16c8977b2e
2026-02-10T04:59:12Z,HaTinh_PSoul,account.79906ad91a6c4565bc11d5765ad47469
2026-02-10T04:59:12Z,ZERO_PROTEIN,account.dee6a7d1b87142058121aef7489821dd
2026-02-10T04:59:12Z,KMZ_GEON,account.baf4e2f42c0c4c1ea74df527339c3ec3
2026-02-10T04:59:12Z,CK-JJinBBang,account.be7d0fe5ea86429fa6c7dc8ed8ae54b8
2026-02-10T04:59:12Z,Holic_MANEUL,account.14b68173fad146fca9e699e0fc22eabd
2026-02-10T04:59:12Z,Holic_GGINGGANG,account.ad382dd79b4d40fbb0eb2ccc09bb0e14
2026-02-10T04:59:12Z,IIllllllIlIllll,account.7ec26af558a2475692219994c9f1ee10
2026-02-10T04:59:12Z,CB_-_GGang,account.12fc4f7e244f4bb88d757967ac844413
2026-02-10T04:59:12Z,GUN_YESOL,account.60869ade34e8489bb233161c2f5c5bc5
2026-02-10T04:59:12Z,Holic_OTL,account.3228e462678548239db99fb80ac433c7
2026-02-10T04:12:33Z,1_BGP,account.77894453c8d443a7a3ab67d92ff9597b
2026-02-10T04:12:33Z,J_Joy-_-,account.91e2e579fa1749c9aef2022041e16ade
2026-02-10T04:12:33Z,wncks3312,account.191eed169a794af7ad899139d249a3b3
2026-02-10T04:12:33Z,Huntsman_11,account.0c9f630124ea4daab6d233115f7161c2
2026-02-10T04:12:33Z,FM_HOTGU,account.869f8ab2394c4bd2bbeaae8bfa11343f
2026-02-10T04:12:33Z,V_Diver,account.4aeb13bae7674f048828ed19951db7c7
2026-02-10T04:12:33Z,0070_0070_0070,account.745bc4abed9c4bb6857451d5d3e27a1b
2026-02-10T04:12:33Z,AmolaBakaaa,account.5658f82d98ac4ee0ae3b24092421b996
2026-02-10T04:12:33Z,Ez_Xuinness,account.b566e4784b1d44448390d191de2da30a
2026-02-10T04:12:33Z,NongBuMayo-3-,account.4bd1930ede2a489392cde88838fb06d1
2026-02-10T04:12:33Z,Black_Adios,account.453c56d4569f4e6ebdbf49f7961097f7
2026-02-10T04:12:33Z,FNARUSH,account.34c66daa2c294d708f0366b26e227083
2026-02-10T04:12:33Z,V_KOREA,account.4c87e36b433246b5ac98a1926f3e1f0b
2026-02-10T04:12:33Z,BYREDO_-,account.467087b014e241888a2926d1ce80360b
2026-02-10T04:12:33Z,82ti-_-pu,account.1fdde88f7b12477391d9954307a4f70f
2026-02-10T04:12:33Z,V_Rafu,account.d4c5f2eeb22e4c9e8f14346b8ce482ab
2026-02-10T04:12:33Z,58BaeChunbae,account.c59531d642124e05a6fbbae0c4ea2506
2026-02-10T04:12:33Z,tnwlr04dptj98,account.ed1c8d9794c344f8b6ab56976bee33b1
2026-02-10T04:12:33Z,HNB_Lee,account.725c4c22483b49e8a2e73b069318ca1b
2026-02-10T04:12:33Z,0_HY_UN_0,account.dc21bf08b9f64d21808d843d08a0f216
2026-02-10T04:12:33Z,Choon-_-bae,account.b0665cdb509e4ff3a26332f0efde3872
2026-02-10T04:12:33Z,ekswhite,account.e39615f920364538a6c85fbc8855f0b6
2026-02-10T04:12:33Z,Jin9_Los,account.2720235ba0a84f23b473be544bd709b5
2026-02-10T04:12:33Z,Ez_G_-Linda,account.ab6fae9cf5a448bd96b4e771fd94f8b0
2026-02-10T04:12:33Z,AFTV_2SENS,account.4f4ad9169dde45de9f9d3f7e1bb6ae02
2026-02-10T04:12:33Z,V_Americano,account.534cd26730f0403e8275faf9d082dbbd
2026-02-10T04:12:33Z,W00RI_D00RI,account.a139b7178ebc496aae7c483300f675a8
2026-02-10T04:12:33Z,LinZhenya-QuQii,account.91bbd8423419481ca8aaae892c4c6d75
2026-02-10T04:12:33Z,IN_Yxxx,account.0dc2dc1feef942c4a630f1922443dcbc
2026-02-10T04:12:33Z,DieHard_1993,account.341cfef4240942378a3373282aadefa1
2026-02-10T04:12:33Z,Takwon_E,account.7476955f4d3e4eb2ba81ca1deb534c65
2026-02-10T03:53:22Z,daengdaenggur1,account.0f598c5a739c49f78002b2539fca605f
2026-02-10T03:53:22Z,Go01Apex,account.a17b9b9cfeb54e5dbdfb66d7c05744f7
2026-02-10T03:53:22Z,zaqwsx6328,account.e3b5b25d18f94030a6b1547c26877388
2026-02-10T03:53:22Z,ChapChapChu,account.99e76c4fd06f42299caa226c299110a5
2026-02-10T03:53:22Z,JINBYUNGJJASIN,account.d3d7d8cf948c46ab90dbfec505cfa82d
2026-02-10T03:53:22Z,NUduql,account.ded72b1dcefc43359fba1034ea762af8
2026-02-10T03:53:22Z,siwonApex,account.779658b161024aa1992729ffc1303d96
2026-02-10T03:53:22Z,Crazy_HwG,account.e9093ba0cba144518c19536cd91f20c7
2026-02-10T03:53:22Z,HxxAx_chu,account.4356284ac9574e2d8900cb721020b9a1
2026-02-10T03:53:22Z,L0kifan,account.35a1fcc89aa3436db6d96c43f2dbf8a1
2026-02-10T03:53:22Z,DMR_MK12,account.3edb599cf19a4197b98576a42f0c9af5
2026-02-10T03:53:22Z,neymar-_-,account.1c5a8793d7e143d0ac7f2bc0e4b26f58
2026-02-10T03:53:22Z,1vs4Killman,account.33a92349f17c4e37a0a12b3861240ada
2026-02-10T03:41:25Z,realbyungshin,account.65cbfa6e45b34cd3b5dc85636548553b
2026-02-10T03:41:25Z,GD_Kong,account.f42214dedcb74b69b89b3bc7c899006a
2026-02-10T03:41:25Z,LEEJAEHXNG,account.57ed046dc89a4aa898fdfbf80924f907
2026-02-10T03:41:25Z,HotGuy_YM,account.c83cd60799f74ba6987d17c69d50c1b6
2026-02-10T03:41:25Z,HIT_xpfk,account.0c2af9f99725429abf8f0bc6eb980ae9
2026-02-10T03:41:25Z,Rozaaa-,account.12aa9b19b6fa438e933f3632a399f888
2026-02-10T03:41:25Z,SSOSIJIMAYOX_X,account.78c56341e2cc4554bc44713510f1c508
2026-02-10T03:41:25Z,ICE_BENTAYGA,account.b1d99a37164d4a2dab547b30d59095d0
2026-02-10T03:41:25Z,xo2rhqnrvofaksrk,account.2d497b044c814a74bc0a9930d57624f9
2026-02-10T03:41:25Z,ICE_dori,account.127bde73c7044ec796b34ad25a757e2f
2026-02-10T03:41:25Z,younnb,account.e5f85858666f47f68ea62a221cf77642
2026-02-10T03:41:25Z,DUJJONKU-Tang,account.889fb2da73b84540a5b84666d31a0d0b
2026-02-10T03:41:25Z,ac8Bca,account.af03730e64a347cfa3153d3ce8fc8128
2026-02-10T03:41:25Z,MEV_AMG35,account.e9fcc5e59518426bb81962bac316235e
2026-02-10T03:41:25Z,DEXT2R,account.a631d9ebcd54448fbb529b874306ad85
2026-02-10T03:41:25Z,park-vans,account.11f17a5751f343bc90ce8fed417770ed
2026-02-10T03:21:23Z,19940622_,account.4dd98920171d49b2a1007a1b7d288293
2026-02-10T03:21:23Z,BamBi_SuBi,account.95b4aff302cb4381bce83338dd3a45ea
2026-02-10T03:21:23Z,BamBi_Mxx,account.901d4b9b6c1147d6aa544cc9caa17eb8
2026-02-10T03:21:23Z,GENSALUTE,account.6063ecf4da004acf846485205865c729
2026-02-10T03:21:23Z,TTaeng_S2,account.35de44e793284803b2626c445f11fbb6
2026-02-10T03:21:23Z,han300,account.fb6a04b0783443398c4bd72708925aa2
2026-02-10T03:21:23Z,woojoodaddy,account.195b006ad6174b768b0bc2e9924ecb5e
2026-02-10T03:21:23Z,BamBi_lulLu,account.d06da33dda7a42a68b23d24227b20f72
2026-02-10T03:21:23Z,RN_ttungi,account.2e536101fa1f42dd9b7d532a7c2a506c
2026-02-10T03:21:23Z,illliiiiiliillii,account.f9456eebb37b48699b29831833c84022
2026-02-10T03:21:23Z,dkrkflz,account.a6fd3217ec75461abdf8e544a834de40
2026-02-10T03:21:23Z,CAV_Captain,account.c73936a840134dca951c8f125eba9ea4
2026-02-10T03:21:23Z,kibaek22,account.e657cda12e8143b0a586270e1b463ead
2026-02-10T03:21:23Z,GT_AYA,account.2193a53844f64e909272b6ef52ae22cf
2026-02-10T03:21:23Z,20250213PR,account.df0b361b76e64b8883ff3fd2248ab6eb
2026-02-10T03:21:23Z,R1ON_Faker,account.8866eeaece2049178f2a3ede429c0099
2026-02-10T03:21:23Z,lllilillililiill,account.e66ba6e39be948fb8a65857a0a1b7bd9
2026-02-10T03:21:23Z,Is-co,account.8e56565411a74392bc706c955018811c
2026-02-10T03:21:23Z,Safe_Zero,account.e626eac6e2da473ca27afec537c8afc6
2026-02-10T03:21:23Z,uoomsn,account.b0c76c5ec5d14feeb6d88ced5c8ee4ce
2026-02-10T03:21:23Z,Killme0000,account.f37a1ec0dfc04e3dba52377352a03fa0
2026-02-10T03:21:23Z,gubo__,account.4854d59b40d44d5c9bdb0c687be5a732
2026-02-10T03:21:23Z,Safe_RugGer,account.62da15cbe24c4704b96323fa05309e70
2026-02-10T02:49:29Z,PBC_Gakgun,account.6df01098683e423bbc9110dfbd79e833
2026-02-10T02:49:29Z,GSD_1004,account.b3b23bd9bf3b4dd995f355ed46c3e7c2
2026-02-10T02:49:29Z,EVA_RAGUYO,account.b79fbb3b33fb44548bc37edda09e55de
2026-02-10T02:49:29Z,w1ckedNahyun,account.46aefbdaaa8b4eaa93bab45cc6f2854e
2026-02-10T02:49:29Z,chang_minKwaK,account.7a79341dcd0a4301a9c6091dd177569a
2026-02-10T02:49:29Z,ezleesunghoon,account.5b2efdef188949c292a18329c451b621
2026-02-10T02:49:29Z,bbobbbob-2,account.b26b3367b20d44689d9a54cc62a91167
2026-02-10T02:49:29Z,NUOrga,account.6ebfd220e6bb4774be299ff61b5b752e
2026-02-10T02:49:29Z,JoePpapCut,account.aa278dd3d4644d969e408591be80df15
2026-02-10T02:49:29Z,V_Battery,account.1b1dc709bc534abb99a3d5e88998f611
2026-02-10T02:49:29Z,ghqkrcksthf,account.e05150f3060f4b02a7b9fe6da8a94850
2026-02-10T02:49:29Z,PPUMPMAN,account.b966198dd7e544eda3cb931c03049224
2026-02-10T02:49:29Z,Gae_G-ul,account.8152fe9f8a6f4c3695e45d61a0bb882b
2026-02-10T02:49:29Z,wmfroadydID,account.5912606e08b04b74a5966b7335048b47
2026-02-10T02:49:29Z,UKnoWhatImSAYING,account.f2c1edc0777d4ebda6e22638b75f25ae
2026-02-10T02:49:29Z,EZhyun,account.e61c4297fd1643c698f403a7361b2ded
2026-02-10T02:32:58Z,kangminhohoho,account.bc0e383c74ec44098fa21386ad0fc426
2026-02-10T02:32:58Z,shin_bumsu,account.f6ae61bbbf12499ca004adb686e962fe
2026-02-10T02:32:58Z,wanu-_-,account.d86e3107a5854bceaec46de2ab983647
2026-02-10T02:32:58Z,UDEDx666,account.f94b94b7687543d8a77c8f32a033e803
2026-02-10T02:32:58Z,1APLUX,account.7ad84bafaee247f18d0d92f4fe39f1ab
2026-02-10T02:32:58Z,infdex,account.3f3be498f9634f89b842f7327858030c
2026-02-10T02:32:58Z,KJangH,account.15e356e88fc44917970d894daadd7251
2026-02-10T02:32:58Z,yunho52,account.fad61abd49c748ff9a3bca210e5e4915
2026-02-10T02:32:58Z,B0BSLAY,account.6668401543ae4fe6960227eb8c8d77ac
2026-02-10T02:32:58Z,dw351741,account.01803899f5d3409594ca31182a47b794
2026-02-10T02:32:58Z,SINBONGDPS-,account.046ebc38b971483cbdb743867f043827
2026-02-10T02:32:58Z,PaaPaApa,account.f0039487e68446feadd4ccd1750e4ae7
2026-02-10T02:32:58Z,HoonNam_Player,account.eabbe8e33edb43558c4dbe5b61b3d9e5
2026-02-10T02:32:58Z,Cozy_Red,account.7d8202e78c7c4e1ba5cadd9c3009ae5a
2026-02-10T02:32:58Z,1st_siwon,account.7255639c009f493ea4f14682b2f5cfab
2026-02-10T02:32:58Z,MS_BR0co1ie,account.3a0dfe552c4644df8da149a0661d3e31
2026-02-10T01:56:30Z,Gz_JoRalBoy,account.abdc04d1e21e48e2ab66366e3afa42c6
2026-02-10T01:56:30Z,bbubbo,account.bdcf6f272cf54bb29c4f881cfdc06f91
2026-02-10T01:56:30Z,OWL_Geeyoon,account.98dea354e5524e6e814b6a06864ee135
2026-02-10T01:56:30Z,NUBrad,account.b97f5c6b8d0845858816bbec3b5e3e65
2026-02-10T01:56:30Z,rinuPR,account.5dda3911aea748b182ed65307fafbb4f
2026-02-10T01:56:30Z,O0OO000OOO0OOO,account.d2df0f2fcd964ceca0422b0ed16ac234
2026-02-10T01:56:30Z,Gangdeokri_,account.8c08e6d003d042f3b16d723454b0e3a3
2026-02-10T01:56:30Z,1066603115,account.1127f8ef278745b983c49acaff92a221
2026-02-10T01:56:30Z,j_03_21,account.466ca70cef094c6684ff0c43c1c37e70
2026-02-10T01:56:30Z,xXx-VINDIESEL,account.ca46588db0704c15bac1be8a56bc79fb
2026-02-10T01:56:30Z,Oyongpal,account.ec378fe1061e4a8a96d536a4f8be6918
2026-02-10T01:56:30Z,Chi_-cken,account.2ea02e3fbbe34373ae8ce3f74ff9c11e
2026-02-10T01:56:30Z,AngBBak-_-,account.56abc067ae444e4c92a3a8bac65e9014
2026-02-10T01:56:30Z,18Cyclone-3-,account.12ffdeea44c448a2a2fb9f3c848fb413
2026-02-10T01:56:30Z,HIT_SxxGyul,account.408d6fa74b00492186573cef890180ad
2026-02-10T01:56:30Z,waycoc,account.ee9e7ba8be2447bd82cd179905e50a23
2026-02-10T01:56:30Z,Ain_POT,account.90754059c39b474f8677a69cefbf1309
2026-02-10T01:56:30Z,mmmnowayjusttho,account.2de2152cd112481d823c7fc7ed479cb1
2026-02-10T01:56:30Z,cutemacarong,account.e564e60e764c42508441237bf26d290e
2026-02-10T01:56:30Z,elegance_momcafe,account.5c9e1c2bd1234a80a10c768867022d5c
2026-02-10T01:56:30Z,matgojouckja,account.8e27d2738c854fd89d0ba740780160a9
2026-02-10T01:56:30Z,kyungezz,account.b2e4281958154dc1acd58d40dd9dfc0b
2026-02-10T01:56:30Z,hyuksuo,account.e036b998590d4e14bc6f35694e1612e7
2026-02-10T01:56:30Z,Flash_Moon3,account.4aa14486bc9d4e1d8a8889c0c7c6565c
2026-02-10T01:56:30Z,Aplus_Drink,account.05e1e131eae041fb8ab4582694e475c2
2026-02-10T01:41:45Z,CNV_CoCoa93,account.70eba2274e0f4adcbb8ee950bbf80854
2026-02-10T01:41:45Z,JuWakGuOkJuHee-,account.8e2c3ae845594e79a2aae48717109ce2
2026-02-10T01:41:45Z,Room_BBong_,account.f2246abab4c84144beeed74c8c6ca09d
2026-02-10T01:41:45Z,s2oobxii,account.6f1a99c084d24926a16d174b4e3b97bd
2026-02-10T01:41:45Z,M4_sangho,account.3ae3a1589b50439283bf19513a688289
2026-02-10T01:41:45Z,NU8goya,account.3b2c45c548fe4bcfaea42341efa4b6ac
2026-02-10T01:41:45Z,mindung_ping,account.c9d03ef1c3e649b0b09d202b0bbbd3e8
2026-02-10T01:41:45Z,ttagtta9li,account.5e7d8047cac44ae38fec3f6f97c6b581
2026-02-10T01:41:45Z,10Yeon2,account.142f43098e00490e8033a6f1d0facc90
2026-02-10T01:41:45Z,Sozimase_U,account.e859d3e9e18e4abc82af5540498ebb3c
2026-02-10T01:41:45Z,SaGoYa_Junee,account.516afdd72232488db6cdb8dbcccfbcba
2026-02-10T01:41:45Z,Watcherb,account.9be2124a0d3d419bbe3609a239955ef9
2026-02-10T01:41:45Z,Lck_yaseuo,account.15469a38818848aaa6378dbf4c21c7c3
2026-02-10T01:41:45Z,woogi-_,account.c546245e58c54ecd9ee401663b8fef57
2026-02-10T01:41:45Z,xecpa,account.eb58715c913841b48dc89c59eaecd241
2026-02-10T01:41:45Z,0_KOOOOv-,account.a0a7d48ed8d94ff98958667b2c81d381
2026-02-10T01:41:45Z,CAMPOMILITAR__,account.fa4b3246df984379b644cab1b9480590
2026-02-10T01:41:45Z,RK47-_-,account.b395a42c31234c1492e6586104385752
2026-02-10T01:28:48Z,hekity2,account.d0bc416bc39940938615fa490cc614f9
2026-02-10T01:28:48Z,C_Wonwo,account.e43859ebae334a56aa59554ae247dace
2026-02-10T01:28:48Z,TWO_TAP_CUT,account.02a1ad396b4f4b6d82fdddf9453c0d72
2026-02-10T01:28:48Z,bangsullll,account.4043f5b9ea3e4597b3ea6e7ff06522ed
2026-02-10T01:28:48Z,T2_9illl,account.1fa2708b9f92486e82d2fed232332a47
2026-02-10T01:28:48Z,killuminating,account.4e36335d40e145a5b54c1b27a01c2490
2026-02-10T01:28:48Z,Survivor500_IX,account.69cffd7ceb9a4b8f968dafd931b0013e
2026-02-10T01:28:48Z,vvhisper-_-,account.f2ad59be3879406f81845bd10ffe9c94
2026-02-10T01:28:48Z,Haksal_Nine,account.a34047a0482341f39c4fd8e012af820f
2026-02-10T01:28:48Z,BOOM_LeBron,account.62231d9454f349b7ad069389b4c6ae3b
2026-02-10T01:28:48Z,Lr_7r--_--,account.2c3c6fc0bbbe47229e99231cacac863f
2026-02-10T01:28:48Z,dijung,account.8cb67aa4f33e4db9897635ded5fcaf8f
2026-02-10T01:28:48Z,Moo-hyeonCity4U,account.7670cc22b20549a190f42a4febb39fda
2026-02-10T01:28:48Z,emidizutdda,account.35771665d8894a4ab795b44f31153708
2026-02-10T01:28:48Z,Pro_Unknown,account.b4abf5a8c43d44c1ac59b665b297ce42
2026-02-10T01:28:48Z,0__0cat,account.82266002900243a783476b41e59fa8b2
2026-02-10T01:17:32Z,Alesso_FADE,account.6640cb96fae24de7aa0ba608fcc04b3f
2026-02-10T01:17:32Z,Hwang_Ji_PIL,account.10d4b2e9080648509a1fef12c8e3def3
2026-02-10T01:17:32Z,aoe1546,account.b5910e3a508147c6a7f52d911470700b
2026-02-10T01:17:32Z,DoraBBak-_-,account.d2993cd8b6dc433d9bf51d097f3b5f4a
2026-02-10T01:17:32Z,Meow-Punch-,account.a94db133f50a4e4daa0d0207c2cc3a8a
2026-02-10T01:17:32Z,MING_FADE,account.6c21b048b1a640cd8fdc0475246443e7
2026-02-10T01:17:32Z,Ez_Rstone,account.c4000307097b4870abcde52954aee930
2026-02-10T01:17:32Z,nanjanggga-_-,account.cb580b1bde1b49099175d4a29acf06c1
2026-02-10T01:17:32Z,KOREA_NanCho,account.82bb631bee164e76bda96c736f409f81
2026-02-10T01:17:32Z,BomindaeyongHNB,account.f6f57d10bdd646f3953a431be3eb9b68
2026-02-10T01:17:32Z,sungggg1,account.f1c86211a9554f519a2e734c0bcd1dd1
2026-02-10T01:17:32Z,SOTXC_FADE,account.061961c5f1d5441181f3121058acf96f
2026-02-10T00:45:09Z,IFIFIFIFFIIIFFIF,account.448c6e3e00bb434baf7fb567dd0f4158
2026-02-10T00:45:09Z,2000_LG_PC_No1,account.00ec429d561347eda32c4b9fb41932de
2026-02-10T00:45:09Z,ReginaldKray-_-,account.c083e8def8da45a1ac70bcee72d46fe3
2026-02-10T00:45:09Z,IM_PIGG,account.4d48fedeefaf47f8a772570c9d7950e0
2026-02-10T00:45:09Z,HARU_MARU_,account.a5a8940590384c65981607abd79bd818
2026-02-10T00:45:09Z,yoremother,account.96c8da9e0c894046ace9d0a988ea6113
2026-02-10T00:45:09Z,NUY0UGUN,account.b8448a23d0a84686b2f4fe1e44787e79
2026-02-10T00:45:09Z,k-2an,account.cc34b88fef2b4ba68f6fdcb6310e7905
2026-02-10T00:45:09Z,Gbabseakki,account.f080547674e2482c8014705f354e649f
2026-02-10T00:45:09Z,DaeguOhamer,account.5e4db5088a9f4d7eb5325427982bf8d4
2026-02-10T00:45:09Z,CHANGE__BOK,account.9a9d53c893f24798a2e8a2941ee51332
2026-02-10T00:45:09Z,dwaeji9ugbab,account.ab15d02afd0f4d82bfa8c6f467f39851
2026-02-10T00:45:09Z,JueLyogurt,account.0b4a17f0567f4a22b245a2043ac89af2
2026-02-10T00:45:09Z,3004_qp_kun,account.6c35bd916f4c42af8766dfbecc8676c8
2026-02-10T00:45:09Z,Aggresive-Lee,account.09d4fcd909274f248622ae52934ecb6b
2026-02-10T00:45:09Z,MH_miNw0o,account.adff4306893d4c6b8db7d65d0e338201
2026-02-10T00:45:09Z,2remm_e,account.0ae51f0e171a4bb7be7cde8faf8f9d4f
2026-02-10T00:45:09Z,insidebrr,account.fc8c623c30e04311bd1c50045e377c11
2026-02-07T16:00:07Z,BapulinS_-,account.53736f784d4748a4bfea7dee55112080
2026-02-07T16:00:07Z,YOGI_Naep-3-,account.540d610d800e49eea7aa736e132279b2
2026-02-07T16:00:07Z,Hwang9_JIN,account.0af0a80ac8644b08b302147537278c40
2026-02-07T16:00:07Z,2CN_DUGII,account.48dfa8f18f194d60a3737513f297f1db
2026-02-07T16:00:07Z,aespaRichMan,account.9a7f12ba4fcf4f4f83d25de648bedd5e
2026-02-07T16:00:07Z,saekomacarong,account.9add6181c6dd410f849fb4774789948d
2026-02-07T16:00:07Z,10040725,account.475a9ecbeb2d4c83837cb42fb63f2125
2026-02-07T16:00:07Z,IAMJUNSTAR,account.2674d029b8de47709f71a1e38bf73e6b
2026-02-07T16:00:07Z,10041207,account.e34e8442b2cc43d4a8d9941028116073
2026-02-07T16:00:07Z,BARIBARIJINBALI,account.fda336c8baff4135988bde7fb7dc38e9
2026-02-07T16:00:07Z,Goat-_-98,account.53eb55e409ac4683b1a43b31543259de
2026-02-07T16:00:07Z,bum-_-zZ,account.a2ff3eca0d034f66ac1482f999c5f485
2026-02-07T16:00:07Z,SxxxHxxx-_-v,account.6e26873bb38c41c999190f9a6b5db22c
2026-02-07T15:47:19Z,400147,account.58d32a49e8134d91ac49ab2306ee2ef5
2026-02-07T15:47:19Z,Chunma_bari,account.2612012766fc4253b4c185bc5c52c0e3
2026-02-07T15:47:19Z,Ez_WhyeoN,account.ab13cd951de644a1b2bdf34bc843452c
2026-02-07T15:47:19Z,2CN_Heezzi,account.96f6e439770d45b2a18e5fe70105f43b
2026-02-07T15:47:19Z,INX_1253,account.7d4b9cfbac884f569c234f88c5797fcf
2026-02-07T15:47:19Z,NU_SIXONENINE,account.d69161c5f06d4a2e8e149dc0d7ef9594
2026-02-07T15:47:19Z,Sin-a-,account.f7a463e3a49d4f00ae065b238c1c097e
2026-02-07T15:47:19Z,N1kaboy,account.dc5ff63898d946e996c018e88fbb38f0
2026-02-07T15:47:19Z,TU-_-101,account.5c59335eb7e4420fa11079a726d68095
2026-02-07T15:47:19Z,rmflsdlfkrhgo,account.0f28dce9a1bd4a05963dc6e5d4ccf2f1
2026-02-07T15:47:19Z,maengzzi-,account.5861311b28734bc7b3d906d4b4927b08
2026-02-07T15:47:19Z,Ez_Pooky,account.1ce179300145425080a50f64fd57b26d
2026-02-07T15:47:19Z,V_Ralo,account.d218f67274b64803b35f98dc0b080c22
2026-02-07T15:23:15Z,PakaPoksin,account.eacd6f3f8db945a5923b3b22eb81ff41
2026-02-07T15:23:15Z,gusemfjrWKD,account.d369eaa56b36427ca6c025f41c690c43
2026-02-07T15:23:15Z,7z7zzz7z77zzz7zz,account.1bc88a68b35846089e998d8fed19159a
2026-02-07T15:23:15Z,wjdtis98,account.013121d958804b91b760d4d019f8612e
2026-02-07T15:23:15Z,OPPA-APPO,account.40c67a740b4b44219b859df54d390fa5
2026-02-07T15:23:15Z,tnqemfjrWKD,account.7855c6404afe4af0a6f5fac37f24af47
2026-02-07T15:23:15Z,TCN_Lemonade,account.b5dd95bb4d744e52b50cca2d44827944
2026-02-07T15:23:15Z,SxJyn,account.3b4a08b9b73a4a71b3081694d90a7601
2026-02-07T15:23:15Z,gorkwlsmsrhtHES,account.d2298a7bcfad4b7a83a8567a93ecb7e7
2026-02-07T07:01:29Z,IGK_4TAN,account.53b569bcf1044c3580eb1a5835860d8a
2026-02-07T07:01:29Z,Az-Gwangmin,account.4440074a6c2a4a66a8816fc29d43522d
2026-02-07T07:01:29Z,aggieO_O,account.1e424301750349d4b8ff04454294f772
2026-02-07T07:01:29Z,RIP_Wisungrak,account.07d75f61f4704170a2a26f051f425a0a
2026-02-07T07:01:29Z,IGK_MiLk_BOY,account.271cf35aa48f4d50afd32665b4946d92
2026-02-07T07:01:29Z,RIP_Smoker,account.533dc4c6932347ce8651bec51004e7c2
2026-02-07T07:01:29Z,IN-FighterASU,account.49912b480138459b9bcaa10860c97161
2026-02-07T07:01:29Z,IGK_Gang_E,account.8b1b6a7ae2da457c9a7874245883730a
2026-02-07T07:01:29Z,BamBi_INY,account.da0cf5b9a21b4d439e2e5b36bf2e3297
2026-02-07T07:01:29Z,CK_zzizzi,account.68a3aa103ebc44e79129ac188b3e47ca
2026-02-07T07:01:29Z,DDBG_dOperr,account.20afd80689c445ffaeaf64c4e288d948
2026-02-07T07:01:29Z,ybj0102,account.3a70208f5c724575a653cc74fcb5e8da
2026-02-07T07:01:29Z,302Whsskwkfgp-,account.501e82211bde49f4a3419593f3d58ae5
2026-02-07T07:01:29Z,Aromatic_555pro,account.60f634a26cae404394c62217dc572d76
2026-02-07T07:01:29Z,RIP_ZhangChen,account.e1f80080d29e496e81095f16b650101d
2026-02-07T07:01:29Z,BamBi_Need,account.7b66e0af31934d1a84b1bef79dbbd149
2026-02-07T07:01:29Z,P_pxg,account.d37718ccc1a14809bf0bc95da600ae84
2026-02-07T07:01:29Z,Unnie_Shot,account.9ec7f35a85ec465cbe887c9e49dc16ff
2026-02-07T07:01:29Z,IGK_STAR,account.a076511633d9484fb0dffab4b3108344
2026-02-07T07:01:29Z,Aromatic_999pro,account.8bb5e3ad44834987b043c697999d00a5
2026-02-07T07:01:29Z,ITAI_ITAI_shot,account.45ab25ef5f144ec7ab133c9c0187c0bc
2026-02-07T07:01:29Z,RIP_Ori,account.510c43336b844845b82b3a5f7cda37f3
2026-02-07T07:01:29Z,Aromatic_444pro,account.5f52267c0f6446ab9e6617ce8f9065ba
2026-02-07T07:01:29Z,Aromatic_666pro,account.444268aeda5747f3a893d710727c0877
2026-02-07T07:01:29Z,JinGun_mAnAgEr,account.e02ee6efcbbc4a5e932bc728225e723f
2026-02-07T07:01:29Z,Jonnamotham-,account.c2566c309bc94f32bcc25d303c681622
2026-02-07T07:01:29Z,JINGBURGER1008,account.112ec19b6abd4de59de9ede27f174311
2026-02-07T07:01:29Z,Sister_Shot,account.115d96363ac34c908e89a067e2dbed16
2026-02-07T07:01:29Z,GoldTooth15,account.f8fb2e8589f048a1a4e08b5ae53bfe82
2026-02-07T06:35:11Z,llilliilliillili,account.61b7f0a1f3f042938d62f9dc700d1544
2026-02-07T06:35:11Z,HUUNEYAO_O,account.07306bc7eb6e49f1b9c28547e0b9e718
2026-02-07T06:35:11Z,BOSS_TiaNe,account.9ef475978baf4ee5b425d7523e4fd405
2026-02-07T06:35:11Z,YOUNGSRI,account.66f1518df0464cd4b2971717ea0e901a
2026-02-07T06:35:11Z,Shin-Chan_Suji,account.c81fd8e4d4cd467eaba0cf6984f69dd4
2026-02-07T06:35:11Z,BuRolBBak-_-,account.d1ea6a92a6b14d1dafa5e57ed9287172
2026-02-07T06:35:11Z,sstack,account.f4b31b0934cb490d8df7c864c341412a
2026-02-07T06:35:11Z,kim4545,account.d00408c8f365419d91b6db271bc36807
2026-02-07T06:35:11Z,Ez_JiStone,account.18a6f35acb144abc83e233a93ae69041
2026-02-07T06:35:11Z,Mot1on-Gra9hic,account.319e6d3dea91466bb7bc30e6651bd08a
2026-02-07T06:35:11Z,BGP_BeBe,account.04550355e52549ea99457094928c0316
2026-02-07T06:35:11Z,Iam_OSaL_Youn,account.4143ac3898e14ca6a15ecfd3b52d798f
2026-02-07T06:35:11Z,Leedaepar,account.8e8fc5b61e4e4713b913ee742b30c140
2026-02-07T06:35:11Z,203SATDG,account.1533987ef7a5487190b1992fa8e5b757
2026-02-07T06:35:11Z,northyoepo,account.b9b7dd04fd814e09b743ccfaf8b59e91
2026-02-07T06:35:11Z,Ato_S2,account.cd18e9a631c24f33b71fb7caf74ac083
2026-02-07T06:35:11Z,nodo32,account.3fbd71bd24634a779650868b10884440
2026-02-07T06:35:11Z,VictoryRush-,account.c3b9c41dcbb14a8ba0ee3017dec5626e
2026-02-07T06:35:11Z,BOSS_2rud2,account.cd60f1f289eb4d95826261465997a0ba
2026-02-07T06:35:11Z,Ez_GGoBuGi,account.131434eb5c2f4666b9230c77f1a86882
2026-02-07T06:35:11Z,DJJC_SECYAMA,account.22ff882b5e9040f8ade29d7eea5c6513
2026-02-07T06:04:35Z,OWL_GOD_YUL,account.560ed739637f47b6b4ae74dfc8bcf2d6
2026-02-07T06:04:35Z,MGM-IIX,account.36e6f2a8d9f145e0884e82dc49129a39
2026-02-07T06:04:35Z,PUPPY_KITTEN,account.d96fa13837894294a16c3ef7014fac81
2026-02-07T06:04:35Z,imjaewoung,account.5ed14a81a1c444bc9253f5d795571707
2026-02-07T06:04:35Z,PSC_Cotin,account.2fec4f4dc0684968b2474e3e14fab3bd
2026-02-07T06:04:35Z,LucentClanWon9in,account.4e5dd4ee84444f1ebae2738a76396458
2026-02-07T06:04:35Z,XIG-CL,account.f2e104e4c88d461c9eefe036e3f695a0
2026-02-07T06:04:35Z,Quatro_Achieve,account.b710b51b03744652a267c86782072178
2026-02-07T06:04:35Z,ODIGA_a,account.f0c7ac30764d4c138d8f3b545f3f7c88
2026-02-07T06:04:35Z,Montae_,account.8900eae1c8f14b84be389fff68edf575
2026-02-07T06:04:35Z,mintoribaboBZN,account.95512e8a496741d1b05443ff608c2e6b
2026-02-07T06:04:35Z,NU_Code,account.76ee9e9640ed4040805ae0f107df0050
2026-02-07T06:04:35Z,kec0120,account.61cc1ca8847e4cab822299210e8632bb
2026-02-07T06:04:35Z,SCP-20041211,account.27df7c67951047a39d92edcc1850adfa
2026-02-07T06:04:35Z,ada-98,account.e48b6514d13c49bd82f87c01f6db5027
2026-02-07T06:04:35Z,AAA_A7,account.7cceb231b0644f05803dac4ef5702738
2026-02-07T06:04:35Z,SOOP_MinJxeZzang,account.7661676cf84a4721affc9a961bbf3915
2026-02-07T05:33:14Z,ENOM_PANGYA,account.657f14d19dd54805a0124b6fa78baa44
2026-02-07T05:33:14Z,X4C_Poker,account.17fe3325071b452fb84e427bd379360e
2026-02-07T05:33:14Z,NoAnswerUser-,account.d78cb1f71a7d48ce8aed0c0248f260f7
2026-02-07T05:33:14Z,Dobbyda2-_,account.9d68401cdda94dae8e4c33bda5d56f56
2026-02-07T05:33:14Z,wjdgml56,account.740efc9e6d414c16abcb3eb0506e2591
2026-02-07T05:33:14Z,P-gon_v,account.f4932feb72904baf82f8c6e5a8bba1a3
2026-02-07T05:33:14Z,KACHU23,account.678d6683a70548bcb808ebf0ef7e222b
2026-02-07T05:33:14Z,jvvely-3-,account.7748406947dc41b4a53996c47f307f79
2026-02-07T05:33:14Z,mentalpull,account.f58bee5111b64e918234da649d74acbb
2026-02-07T05:33:14Z,LL_Sentinel,account.45e211842b814f1b8b5e15a12561ecea
2026-02-07T05:33:14Z,91HOLY_Moly,account.52117cbe160644eb8f377677b3556fe3
2026-02-07T05:33:14Z,wlrmadjEo,account.2c8bdaa4b3564888a1713232ab4236f4
2026-02-07T05:33:14Z,ActionMask-,account.1847930cd9534011b763ed1c47459f8d
2026-02-07T05:33:14Z,7HAl77l,account.ebd052ec46db41a0af1272f5bb8bd078
2026-02-07T05:33:14Z,Yoon_I_H,account.4d2a82dbd0234d6cbd398bfe6ef41e3b
2026-02-07T05:33:14Z,noaspa,account.20a33018d014413c8a42a7a4e965f5d3
2026-02-07T05:33:14Z,yeahzzy-3-,account.9faba474a2df446c8fbee3eb4f5e729c
2026-02-07T05:33:14Z,VVIP_BMW,account.f6018add1e234ff8b5f8f5bd0a92e50f
2026-02-07T05:33:14Z,Oni_Yur,account.bad058aa4bb547a7bd7d851761ef3887
2026-02-07T05:33:14Z,21Guk,account.fa5211e2e85444b59753fec5b961de6d
2026-02-07T05:33:14Z,WGC_InstaGram,account.6d5db31b9a6c402cb4f17624af7c778d
2026-02-07T05:33:14Z,PPC_HO9TV,account.67f16230a9ca4d7cb37f357e45886e97
2026-02-07T05:33:14Z,91HOLY_Julie,account.cddcba61c32c42c7ae85f9cc88f97ad2
2026-02-07T05:33:14Z,gnooww,account.0adc36334ead4c80a37f4f7429819496
2026-02-07T05:33:14Z,RMwlfktlqkffjadk,account.05f1fcd94da74033a21c8bc03c842340
2026-02-07T05:33:14Z,SiHoo1993,account.5d9bb2d707df4b2e932c51c158493cc9
2026-02-07T05:33:14Z,FM_Hidden,account.d94fb18b3cfe4db699b69c7c07fb6172
2026-02-07T05:33:14Z,C_Roo,account.60cf58d4c51d4de1b12b7c68fd199659
2026-02-07T04:56:44Z,MUALBWASH1PNYUNA,account.1e38d099c6df490b9b9521e96eda5938
2026-02-07T04:56:44Z,dexx44,account.d817ce926018452ab618412f1b35166f
2026-02-07T04:56:44Z,DK_GODZILLA,account.bf5c8fc6e40346fc9249bc09675a6a93
2026-02-07T04:56:44Z,ToT-_DnG,account.fde51101644c4eed986afd440c0ecfe9
2026-02-07T04:56:44Z,SPO_Dino,account.d27c4ea563044ca5903cbf508329e865
2026-02-07T04:56:44Z,RAON_P9K,account.adfae4ab08a64d4a850fa6214f1faa52
2026-02-07T04:56:44Z,JUM5_Yu_ri,account.4855d6dfa9c5496aaec0ce467f142b03
2026-02-07T04:56:44Z,Life_rapport,account.5c6768e371d64c3795b2cd7950430e0b
2026-02-07T04:56:44Z,Rr-cong,account.b848abde93ed422d9044e82970ef0e5d
2026-02-07T04:56:44Z,Iwantyourfoot,account.41157466a1b146a499836f2749f7ec5a
2026-02-07T04:56:44Z,K4_Rolex,account.bbd711ce3dba4801b683de6dfd17ab53
2026-02-07T04:56:44Z,BDW_0508,account.811dc7e707d244c5a7f0eceba5d15271
2026-02-07T04:56:44Z,Axelrush_sw,account.b27f101c764243a8b4085557e28e12b8
2026-02-07T04:56:44Z,OH_BBangduk,account.cecf7c82a038440da128456e2fc45c1f
2026-02-07T04:56:44Z,JUGI9SH1PPO-3-,account.393bc2777ec94ae28d9f79105ce3b720
2026-02-07T04:56:44Z,SH1P_-,account.278221ed384d4689bedcd795a04e35eb
2026-02-07T04:56:44Z,UjjUjjU_JIN,account.6bb2ea8a49d24ac9815b889a3574c3e5
2026-02-07T04:56:44Z,Uality_M,account.74cecd9b27ac464f862b9490dc89ba73
2026-02-07T04:56:44Z,H4H4H4H4HH4H4H4H,account.d854c201e0104c6ca7a6b37e9eb030fe
2026-02-07T04:56:44Z,J_Andonj,account.e76429fb7408416c9fff86bb4e98af8a
2026-02-07T04:56:44Z,choicheolwo,account.c48546a8c9d842a58dba600380f05ba3
2026-02-07T04:25:12Z,jiheon_mon,account.607149dd06cb463ba50d6ee6d05fc5f3
2026-02-07T04:25:12Z,Rubelic,account.fd1647e9418743f7ac6e47e29d136c35
2026-02-07T04:25:12Z,Orochimuruuuuuuu,account.2acdb301eb544a5290d386bb87c0490a
2026-02-07T04:25:12Z,OTL_Jotdaeri,account.eb1605177fd14901b8541428d86bf1a7
2026-02-07T04:25:12Z,SKrr_youdoo,account.ffa4d2d8bb91485ead6b8450490f7de1
2026-02-07T04:25:12Z,jw5285258,account.35cc31e2bc3147f89d7cba3e9e504149
2026-02-07T04:25:12Z,Robin__H,account.bb3d5bf1d997410faeaf6b294788aff5
2026-02-07T04:25:12Z,Bin_x_Hoon,account.b1fcb235df404fa2a0f0937d6df8eb7c
2026-02-07T04:25:12Z,levzo_,account.41d2355343424b45ac6328aa209db54c
2026-02-07T04:25:12Z,yongcong_e,account.d54902da4fba471689fbb97980eb2eeb
2026-02-07T04:25:12Z,Kamad0Tanjiro,account.939f1d4684ff4c0b826fea847450ee03
2026-02-07T04:25:12Z,Hoon_x_Bin,account.b250a7085e9d48a8a9524dacb659e3bd
2026-02-07T04:25:12Z,SBM_TettoGuy,account.c96c16f1ce2d4fb99b4d4ce08b8218bf
2026-02-07T04:25:12Z,0r71760rZl,account.2433aca430be479f8c8afa6f480396c0
2026-02-07T04:25:12Z,POP9595,account.cb678468d4944119901d9d39a662f3e0
2026-02-07T04:25:12Z,HONEYRED_1MORE,account.fb925bb1030145d192553bd8543ce63d
2026-02-07T04:25:12Z,hamasten,account.bf2d54e297724548a577ab9c162658a9
2026-02-07T04:25:12Z,monkey-namjune,account.94d4c20d61fe4c9d9652ce394f35b801
2026-02-07T04:25:12Z,gamjatang2,account.9dd330e591df47e3aebc70439d7707f2
2026-02-07T04:25:12Z,pargujunenewn,account.8417e38023b345cfa3b9a28b4f36e7cb
2026-02-07T04:25:12Z,AFIN_KKyu,account.cfb07b0d27f74c969f98ed5e35f6be08
2026-02-07T04:25:12Z,minha-,account.112bbc77387b4d8383501be241e582a7
2026-02-07T04:25:12Z,Robos_H,account.2bb8dff089244050986452cb76689565
2026-02-07T03:51:41Z,Ardent_-,account.9a73ebd7796e40cf81fa296eccb63a13
2026-02-07T03:51:41Z,Ni_Doratx,account.8ab1fa998b6c4f16a11e6216f77b99e6
2026-02-07T03:51:41Z,X_X--Check,account.0c891d09e25f4402acd0f016790769f1
2026-02-07T03:51:41Z,IIllllIllIlIIll,account.bb77a06dfa77443491f9c696bfccefb7
2026-02-07T03:51:41Z,kingdsBaby,account.1035cc576db54635bc9b447f5e1b8bce
2026-02-07T03:51:41Z,chevalblanc0315,account.d3c975a9e035459ba6f79a1c8caeaa93
2026-02-07T03:51:41Z,Zero-cok,account.084fc84ef95d41f6a16b790ebe0eb68d
2026-02-07T03:51:41Z,DX300LCA,account.fd9c76f83cea488b851da7b38d2f4a40
2026-02-07T03:51:41Z,POOTZIP,account.cc4ca9e5c30b4cfa9179123f5ebdce43
2026-02-07T03:51:41Z,Lm_Aurora,account.a0dbd97385704521bde961e6d791e03d
2026-02-07T03:51:41Z,4ccord,account.7732fd9ce91c427f9fa45cce04f7e9ca
2026-02-07T03:51:41Z,iffy_sisiyo22,account.3f05b9af14bb4f6fa42a2036a292a520
2026-02-07T03:51:41Z,illillliiilllili,account.7c56b6ed8e7b41ae84bef36a2d85009d
2026-02-07T03:51:41Z,WGC_Ravi,account.5dc47d59ed3f4df7b25fcf93767aafdf
2026-02-07T03:51:41Z,Ck_Click,account.5648ef0a81634bb3976723a229b09926
2026-02-07T03:51:41Z,wjdtjrWkd,account.b36f986d08bc4dcea9e51d8bea30ad4d
2026-02-07T03:51:41Z,Kor_KimSeungSu,account.a9d2eee8f4074478abbe51d0eeaa61d7
2026-02-07T03:51:41Z,nimiddong55,account.e057c9dfcf724690bceda2b100ce406b
2026-02-07T03:51:41Z,YMD_CRONG,account.fd81355c1cb1435a837b6408416ddff9
2026-02-07T03:51:41Z,X9T_Dopamine,account.e7bc10398b744a90bcec0a05676dc107
2026-02-07T03:51:41Z,WGC_SanTaFe_TAYO,account.57f4466b338d4216a21eb8df1c29f70b
2026-02-07T03:51:41Z,WRHILITE,account.0411468a332e46c9be47383f836e38c6
2026-02-07T03:51:41Z,Pexx_-,account.e252cdaa589f49b4981df1f64be44be4
2026-02-07T03:51:41Z,Lm_txexxx,account.e2cc876db45b4a6db77de9f3e34aa49d
2026-02-07T03:51:41Z,limy0211,account.99a1d4f2697045b7967e109437a6f833
2026-02-07T03:51:41Z,PSYDAD_,account.676d0da132cf4fd7860193b2639a5750
2026-02-07T03:51:41Z,S1LPH_Hentai,account.982cd8dc11204e0592f91724aa4b1a7f
2026-02-07T03:51:41Z,NEON_Juyeol,account.f1c37b10df3b45a9bd999bc352bc9280
2026-02-07T03:51:41Z,Bs_0925,account.e19a61b7e11a4d27b6f0e4183ce56a1e
2026-02-07T03:51:41Z,Joshimhaseyo,account.f29a60e999374a03b39c7e02982450cc
2026-02-07T03:51:41Z,ehxhflanrwkqco,account.08787b9159af40b69eaa9f96a3bbe44e
2026-02-07T03:51:41Z,HINGDD,account.fdac3a7f1eb34c7fbd51338bb31920c2
2026-02-07T03:51:41Z,KimGisik-_-,account.194bdb04eb244ebc84225943444c8378
2026-02-07T03:51:41Z,hoyas32,account.1a696a7d6cf545d3bd01d5c2a9acbc6c
2026-02-07T03:51:41Z,DC0R,account.f8dd5d73658c4f3ba0412765529356ff
2026-02-07T03:51:41Z,Lm_Ryu,account.43700c1d9b2d4931b416bc1d50a2d37b
2026-02-07T03:51:41Z,whwakdrpazkqo_,account.8e2d7e9a11bd4ab291f342101a32cbdc
2026-02-07T03:21:32Z,bleta_,account.7f9adddf68bf47dcabe796284a0d4683
2026-02-07T03:21:32Z,2cooyoitASU,account.1e7e190633b845c59c56ba8a81576777
2026-02-07T03:21:32Z,fota1,account.e0d6f07e475743d69fa14e6f614d4f3b
2026-02-07T03:21:32Z,Hobbang2_GG,account.28bca0dcf85148449a460c511e9cfd22
2026-02-07T03:21:32Z,CokeCo2,account.38c6cfae57c54bbaa09d3cf4876785da
2026-02-07T03:21:32Z,KOREA__SWAT,account.19f35a3cdcc24713810de73e9f450820
2026-02-07T03:21:32Z,S2_YuBin,account.599651348e8742d587a02d1109c60987
2026-02-07T03:21:32Z,Pangseung,account.70bbad5f57e34d39902ba4eb44d970b0
2026-02-07T03:21:32Z,Really__Really,account.dca73c468b7242a6b4e3b399f8650ac3
2026-02-07T03:21:32Z,Wxxk2_HLML,account.601357fadc00419385608075cc73577d
2026-02-07T03:21:32Z,LoroPianaSA,account.0ce695bffca44f8394eae3326aa7b615
2026-02-07T03:21:32Z,iam_sik,account.73abb056993947d1a4510cbe1447c6bd
2026-02-07T03:21:32Z,siro_cube,account.67b3b3c25170444fb1e4d3cd3945d31f
2026-02-07T03:21:32Z,piesley_,account.3498e51ae6504bd1b3ec259b751b5ed9
2026-02-07T03:21:32Z,sapamin,account.51b29a7514cc43bcae32400a58d410f5
2026-02-07T03:21:32Z,2CN_PeanutLatte,account.77181a9da21d4e07a3c7b8a2672d5a73
2026-02-07T03:21:32Z,DAF_JjakSsaRrang,account.36cf230a19fa4a0080f876af0107bff7
2026-02-07T03:21:32Z,Tltmxk,account.8fff17c55b064fe689119f39eab7c62a
2026-02-07T03:21:32Z,keyringB0Y,account.e5af3b58944c482f903e3a736bca1fd1
2026-02-07T03:21:32Z,Lr7rZr_7Hseya,account.713e7f34a54b429ca053a203960f6a52
2026-02-07T03:21:32Z,DEVIL_CoC,account.3c6abb02d23544fcb1a62b26c58a4825
2026-02-07T03:21:32Z,Erato_-,account.6d8d2cace1914428ae385d1e5b721f7e
2026-02-07T03:21:32Z,TheJun_x,account.931a3cb523244562b58c36bfc46d9422
2026-02-07T03:21:32Z,CelestiqueenXENO,account.0559bc1e32414bafa43190a27bda68dd
2026-02-07T03:21:32Z,Kuma_HLML,account.d769d087276640b5805147ba177d13dc
2026-02-07T03:21:32Z,xxrblnoxx,account.8bddc24bebc2416083357c0c61dc2ed3
2026-02-07T02:52:37Z,ZZANGGU_00_,account.e8843112c9b44a7094d93e51afa54da7
2026-02-07T02:52:37Z,hansugi,account.db6be841b4f9431c96aa180d5f84a37e
2026-02-07T02:52:37Z,coolk7979,account.8f17287dda7944b2bde06a9d183e4869
2026-02-07T02:52:37Z,Brandx_x,account.65038c1702d14121a586813353b0f7ae
2026-02-07T02:52:37Z,GaO_O9,account.2dc83eb1fb354d3ba3d2bf450ae84eba
2026-02-07T02:52:37Z,lllilliiilllill,account.480791ef39f444658c1368d1366ff051
2026-02-07T02:52:37Z,misowg123,account.189e5162dd7844c3add1bd37fa30e5e3
2026-02-07T02:52:37Z,TvT_Hoon2,account.95720e4288c241c5984f1f2bbd7442a3
2026-02-07T02:52:37Z,BGP_SoHwan_-4,account.849b9358e14e4fc697de3b429d54488d
2026-02-07T02:52:37Z,LS_Apuila,account.27c5ff88623a4729bc5c21f1c3a4df6a
2026-02-07T02:52:37Z,Ssim_Land,account.56dd07c6f5244c1d80a7687a979c05b3
2026-02-07T02:52:37Z,aNtiQue--__--,account.c817e719a55248d297978685e3938082
2026-02-07T02:52:37Z,TxxHxxnPING,account.23d382aa04e9464498467675386a5ca6
2026-02-07T02:52:37Z,r2X_DDR,account.16a45ba584ab4f408e3b8d4360d260f0
2026-02-07T02:52:37Z,GXZXI,account.89e63a4fb0304475bfcaf80901c483e3
2026-02-07T02:52:37Z,KN_TOP,account.a326b85858534d84a5c7e508b31f42f0
2026-02-07T02:52:37Z,SangHyeonEya,account.5b107d6e775d489cbca4644432014d4e
2026-02-07T02:52:37Z,allmanner,account.5512054249f54cfb83cdaf7ca7fca168
2026-02-07T02:52:37Z,FEX_MrHan,account.b5eff76cf899405fa55e38aff26f328d
2026-02-07T02:52:37Z,D_I_O_R__,account.f2f0360863a34838b368cab20387919d
2026-02-07T02:52:37Z,Full_Squat_,account.b470a2493f14421386a229626484008a
2026-02-07T02:52:37Z,SAFE_DH87,account.b244866474e640f3b92488a90613ce40
2026-02-07T02:52:37Z,MU_TOP,account.3f73d00852fa49a191b593280d1995c5
2026-02-07T02:52:37Z,ahmond,account.d18f587f44704a56ba01271062b07605
2026-02-07T02:52:37Z,Amazing_ZiZi,account.6ad47335e9b841bb80e72e515ad02d6d
2026-02-07T02:52:37Z,BBO-songsong,account.e51dd7e41b3b4373a928c22d66f2de8f
2026-02-07T02:18:05Z,MC-JuJi,account.d30f483bb3384a3d932e9402da9ddfe7
2026-02-07T02:18:05Z,babo_gg,account.3998a0ac013f4d71bc1a7f35c29793cb
2026-02-07T02:18:05Z,T_Teperi,account.93044b38d30440d499a6082331deec41
2026-02-07T02:18:05Z,Dobi_owo,account.5f8a44e94e344f16b59683e02a68bbdd
2026-02-07T02:18:05Z,CUZ_HoOo,account.15c8fa6b8bdf4b219de8fbbc142388f4
2026-02-07T02:18:05Z,Surfer_MN,account.1ddc224c4ba94e2bb6eae4d8e0830300
2026-02-07T02:18:05Z,xxral,account.9a11a5585d9d45e28cf915471c70c4e3
2026-02-07T02:18:05Z,akira8670,account.8221c8173725475ba6ad55f3d9808d8d
2026-02-07T02:18:05Z,CUZ_Shield,account.385155c4ecbc4f2eac95caee4ce453b1
2026-02-07T02:18:05Z,WON_Salute,account.739cdf730e6c4750956b391299d3d0f8
2026-02-07T02:18:05Z,800000,account.215872dce4234467abdad0356422649d
2026-02-07T02:18:05Z,Jhyuk_n2,account.007210be8d56430899fd0daf774bc438
2026-02-07T02:18:05Z,JinRo-3-,account.4ef62dec696c454f96b6f9db070a855b
2026-02-07T02:18:05Z,SangHyuk-_-,account.a2e8e9b7276147679f2acacaa205f1de
2026-02-07T02:18:05Z,Nujn1m,account.e91c007b9c7e4e71a370ac038f46c3a6
2026-02-07T02:18:05Z,GGoChu_XXL,account.b31ab1a47013432d82e6d6517735a03d
2026-02-07T02:18:05Z,SonYoung_2,account.30e3fa561ba943e78e0b9278fd5818dd
2026-02-07T02:18:05Z,SUN_Salute,account.1b461207a7e74fd093919399c5ea4bf6
2026-02-07T02:18:05Z,lliillliillliili,account.831151b6b17c45eb85ce533c262ddbb9
2026-02-07T02:03:49Z,KOR-PoPo,account.a781980a31734316a216866ca1d6ed86
2026-02-07T02:03:49Z,HNB_NoBrain,account.5cf4585c1fca4e5e87f09cc310e9a45a
2026-02-07T02:03:49Z,illilllliiiiliil,account.3340aebe8278485a9d497a1a84e051ab
2026-02-07T02:03:49Z,BUDUTGASINA,account.451b88c3e86b4db1a7d228d83519b0b5
2026-02-07T02:03:49Z,Hp_Swallow,account.a1d77eda2a9b46b9a8c6e00e0cdca1ac
2026-02-07T02:03:49Z,Mory_dadXD,account.a86a911042dc4584b8fd6857bb4f5ab0
2026-02-07T02:03:49Z,BACKSIN-_-,account.fcf58eb5d88e447581bd096627f1b48a
2026-02-07T02:03:49Z,ODOG_Ododok,account.bc826bde5b094e3eabb4e772543cce34
2026-02-07T02:03:49Z,BOSS_DOGGGGGGGGG,account.df53ef23222341e6abab83a67e519737
2026-02-07T02:03:49Z,seungjae_DDDD,account.53f5b11c69ee4a2b96a272fbac4b197c
2026-02-07T02:03:49Z,Ez_IIIIIIIIII,account.6a18c46640024968892d2c64b948456f
2026-02-07T02:03:49Z,GX_ldldrLlLl,account.274814efec7a49ce8f9cc7d09a4987c4
2026-02-07T02:03:49Z,AfreecaBJ_RYAN,account.116ec94aea044765a0bf12bc91d932a1
2026-02-07T02:03:49Z,shAeL492,account.50fbf3ff92c1415d97438e704624fef4
2026-02-07T02:03:49Z,Mory_momXD,account.fc26c89e860040d785268aab7e9ac111
2026-02-07T02:03:49Z,ODOG_Doberman,account.b2b476a0c1ae465b9d8b67ef72ea640d
2026-02-07T02:03:49Z,BLC_DaHam,account.68df2650e382407d891a86710aba7843
2026-02-07T02:03:49Z,CHNA-_,account.554c08433c9448b1ab8fa37ba4f2cb27
2026-02-07T02:03:49Z,400dpiX___x,account.75228ea37c0f459e86957b9dfa80b378
2026-02-07T02:03:49Z,ODOG_ODOG,account.44e3633e1815475da6d813ec8136fa43
2026-02-07T02:03:49Z,V_I_N_T_A_G_E,account.bcfd9a3d01df447f88f37313c825e814
2026-02-07T02:03:49Z,Chuchi_,account.e20458e762ed43bd9c9d44333390e47e
2026-02-07T02:03:49Z,liiilillliiliill,account.0afd3dd4b9264487a1ef23a0016f9d1f
2026-02-07T02:03:49Z,uMc_AKA,account.7f76424aa9f74f0aaf888c6731f85fde
2026-02-07T02:03:49Z,xxxxxX2U,account.66aabecf2d414677849a491145807df0
2026-02-07T02:03:49Z,John_Erick02,account.7e07e6e2753d496988c0d67b9793eb9b
2026-02-07T01:35:54Z,JuFu_ZhWeiYuan7,account.0a13cdc8e23344e1be8e358e4e4c3d46
2026-02-07T01:35:54Z,SXX251120SXX,account.40d8f4771f34479cad5116789e9fff7f
2026-02-07T01:35:54Z,Horang2HNB,account.b38f3d450f9d410599c04d1f9213224e
2026-02-07T01:35:54Z,442x,account.f58d359a988a4b53bc59493a5eab5ed5
2026-02-07T01:35:54Z,Goobne_1996,account.8e6ea532ec6d44c1bc4ffdd13d14b10f
2026-02-07T01:35:54Z,sorkakrenddl,account.252ebc377f0a49cfb443380814375648
2026-02-07T01:35:54Z,Royalty_Bona,account.54925a0febe04fd79aceb892ba0dbae7
2026-02-07T01:35:54Z,cat-_-crazy,account.e3038903c20f4b9a9d04927d7a88571d
2026-02-07T01:35:54Z,BADNAME_251205_4,account.e07d1dd8abda4f0291abbd4b98cf26ac
2026-02-07T01:35:54Z,HxeDxl,account.a5c5a638a6344f3aba2a4627b99e0323
2026-02-07T01:35:54Z,rmsidekwnrdlfrp,account.a1c9e7566d8241ec80730086d3ee1fa7
2026-02-07T01:35:54Z,INX_053HotB-,account.8d85dd0c0dcd4e7b9a66499154ba7b7a
2026-02-07T01:35:54Z,kiokil,account.08a9871e52ee4a6594813cf68043b94d
2026-02-07T01:35:54Z,FD_lililililil,account.4764f50f420d4d8992ac9a29830ff73c
2026-02-07T01:35:54Z,si_bal4,account.32017168e5b64aa0b287c578e911648e
2026-02-07T01:35:54Z,chiken121212,account.97f0a07fbcc14d5d8bf92ca00bf3ceed
2026-02-07T01:35:54Z,GroovyONI-,account.7622c4090399439392abcfb2ed937557
2026-02-07T01:04:36Z,HC-NoTwo,account.cc87b4f8c1674e0ca63174986f7e3a2a
2026-02-07T01:04:36Z,RTNapp-le,account.36d768642f9f4440a49ddc63ed47416b
2026-02-07T01:04:36Z,HuGuxx,account.99e76c4fd06f42299caa226c299110a5
2026-02-07T01:04:36Z,SXXCLANMOZIP_DM,account.951dff1e65224e12be64316366acf0c8
2026-02-07T01:04:36Z,TLV_Groot,account.6157ed6c49a6426cbe876f3b3244e35c
2026-02-07T01:04:36Z,KANU_Ch33ta,account.0aec570cfbf84bc18ee4dc277984515e
2026-02-07T01:04:36Z,chaos7604,account.8934198eaa154e85b92ee5db3bf8b780
2026-02-07T01:04:36Z,NUminimanimo,account.6c10d80cde6848b79b2fe4aeec704610
2026-02-07T01:04:36Z,TLV_YAMUZIN,account.0c7117cee3814e1898cc46dedfe8f004
2026-02-07T01:04:36Z,NUTEAM,account.1ddd732b61e9483c90955bbf0b20f4ba
2026-02-07T01:04:36Z,YEYE_9_,account.2d7fd35e7a5a45fcbe0a8683715c1bfe
2026-02-07T01:04:36Z,a_chs_12,account.baf88ed5ad3a458e83f8f78bb4e3fc29
2026-02-07T01:04:36Z,SBD_DBS,account.ee117277933e467188e7b8a9567b5190
2026-02-07T01:04:36Z,EKVORHEKSLRL-_-,account.16b8110b2b264d6e8f7432030e6d4a11
2026-02-06T05:02:13Z,GDPANG_-,account.0b1c1059d4734bc8893ef340417b3e25
2026-02-06T05:02:13Z,SxxJxx8,account.548fdb9dd6f5478db2a875180c6a0719
2026-02-06T05:02:13Z,U_NI_QLO,account.ed3848a9d4274d75821379a764d8d712
2026-02-06T05:02:13Z,Ahyeon_love,account.ed135a084f2045ca872e32caef8f26be
2026-02-06T05:02:13Z,AraraKch_,account.9f48ba3639c14447b8446d9e700e805c
2026-02-06T05:02:13Z,GOLD_outsider,account.336d2d4c6f694d22845201b2b77120e9
2026-02-06T05:02:13Z,HANDABIN0529,account.bd47ad6b9edd4c068ec680a75fff8530
2026-02-06T05:02:13Z,6_6_Vvely,account.9c6167ab1644481f9e40e6c7cf252e91
2026-02-06T05:02:13Z,jaejimi_,account.26028f152db74c1e89c728b7e37d234a
2026-02-06T05:02:13Z,FXXKingNigga_A,account.b674704f1d924ceea026e32d52fbfedc
2026-02-06T05:02:13Z,SUAS_HONGSI,account.af1ef3e2fd3f4864bd3b435764ac0969
2026-02-06T05:02:13Z,Nuna_yanolza,account.eb8c66234018407d9315375ca335c99e
2026-02-06T05:02:13Z,osl_a_o2,account.cf75e06ba7d84c60b8e0ea549c310515
2026-02-06T05:02:13Z,940519,account.d9c45139fb2e4a338033e1efa7a9614e
2026-02-06T05:02:13Z,AYAAYAHAEYO,account.45447dfa2be641258a2d36dc2afc817f
2026-02-06T05:02:13Z,NOMO_99,account.0b0284bf0cd04f69b45bf173eca38ea5
2026-02-06T05:02:13Z,Oldshcool_x_x,account.28b85286d4de44a5b95e14468147eeae
2026-02-06T05:02:13Z,AlllAhu_AKBBBarr,account.3c1a7438aac14b90b10a193dd9707742
2026-02-06T05:02:13Z,Ayun8441,account.8baec7d5a01c4a578bb98e5b506fe2da
2026-02-06T05:02:13Z,nohit4652,account.d49e6e1244574d538c3746b133f4b705
2026-02-06T05:02:13Z,KBJ_BJ,account.ae4c40158af440d98e9e24669ebe958c
2026-02-06T05:02:13Z,Rok_MaN_,account.e0f533d93b004d90a8570beea7bd4d48
2026-02-06T05:02:13Z,FXXKingNigga_,account.7b7b95ac15f145579ce2c8a354bf8c22
2026-02-06T05:02:13Z,ZEST_LK9,account.65236696f10b48f4b438b4ba8ae1ba8c
2026-02-06T05:02:13Z,HoTSuN7,account.8852819a3e7d4985b475006b4903c9de
2026-02-06T05:02:13Z,o-2-2-2,account.189952c260b7418b88018ded5e3c0514
2026-02-06T05:02:13Z,Lyx_Felix,account.6886de7b8305412ca346c84c9b2f5b60
2026-02-06T05:02:13Z,DkMare707,account.2dcf338d631a4c169a47f499a6fdd898
2026-02-06T05:02:13Z,Beol_re_cut----,account.32995db12f384823be7bea48dc4c1978
2026-02-06T05:02:13Z,COR-SW,account.dee76734cf8d4fdf94dd1ab790466902
2026-02-06T05:02:13Z,FXXKingNigga_C,account.d4ddcca7d08b42f398ac8be49b8776d7
2026-02-06T05:02:13Z,v_i_p__joji,account.e4c3c3bf72b2433cacba445ff2ede674
2026-02-06T05:02:13Z,Su_preme___,account.5f4a4a20ee9e493795528428732e3412
2026-02-06T05:02:13Z,jonghyenJoHa,account.3c59f8e7456944e7af2f11bfe7c84f26
2026-02-06T05:02:13Z,zzapseokhoon,account.5b6eb90250814e7c8d50f57de0d9acee
2026-02-06T05:02:13Z,roikang_,account.a103c22186a14121b7a61238b94abc98
2026-02-06T05:02:13Z,sjrnfldnfqh,account.e6b955d2bf104025aed78cd09f259bb5
2026-02-06T05:02:13Z,T_T___T0T,account.ca84196f37a145cb9eb61037bfe78d82
2026-02-06T05:02:13Z,Miniparkkang,account.6afcedd22eb544009039d87c86a2ae31
2026-02-06T05:02:13Z,LOVEJELL_Y,account.8f628d47ffcb41d988ea71cac4781d16
2026-02-06T05:02:13Z,cloinece,account.d5663f46fdc049f98e37793bb3252e84
2026-02-06T05:02:13Z,ZZanG_DDoL_AJAE,account.48d34ede9589472a8c6f1bfedbc5f3da
2026-02-06T04:31:45Z,rlagusdn922,account.2f01a988d0fa49acbdbb2b9dd820b094
2026-02-06T04:31:45Z,mpmp_77,account.67088d2e68e4401385396cd07121089e
2026-02-06T04:31:45Z,FREE_nyong,account.fdbaf316a9cf4cd58e3d57ab14771ac2
2026-02-06T04:31:45Z,LEERAEWON,account.46f8a4ce9f3e45af84ec1e2737dc5474
2026-02-06T04:31:45Z,ybsna1234,account.55e16b88d1d84d0791c1a92928b23ead
2026-02-06T04:31:45Z,GxxMin-_-,account.f94fbbfc4e2d47ba9ec4446416da1587
2026-02-06T04:31:45Z,PK-DeaTH_NoTE_,account.e28d0117c5c1499ea3e3b9d2de79c511
2026-02-06T04:31:45Z,HyunMani,account.3f4cae51d54c40ed8b5a7085e009766d
2026-02-06T04:31:45Z,MICICOKO,account.968ecb51fe4b40de827fe3094caa7fe3
2026-02-06T04:31:45Z,ga2Sa,account.65d234ee36124abb9c7d5e3c029fa956
2026-02-06T04:31:45Z,cacao0928,account.954daed0167f4afca4440a9d45960e0d
2026-02-06T04:31:45Z,kdh11,account.6d3ee08da9cf4ef29797a9632b4b4015
2026-02-06T04:31:45Z,Mortalitat_,account.bb08493780344d65b88c56168345e2ff
2026-02-06T04:31:45Z,gray0221,account.71423724bff748cf8b9cc3941537f110
2026-02-06T04:31:45Z,BDDD__,account.aa0c5c4a26074ad2bb138a360293b29c
2026-02-06T04:31:45Z,Erika_Dubu,account.0cf2a42bf058473e98519343a7ddcdc4
2026-02-06T04:31:45Z,HES_DIOR,account.db1b4fa2dbfb42c28524a7001b7f7781
2026-02-06T04:31:45Z,XiaorenFuguan,account.9d6e74871e2e462f9e204c508386e316
2026-02-06T04:31:45Z,1004_Pixel,account.688ad3525af74a2887af4a7e7c37b2eb
2026-02-06T04:31:45Z,kkakung24,account.4d0cfb1e16114300bba5905ea4917fb2
2026-02-06T04:31:45Z,larszooom,account.6eed50d1686942e7b636e8490e741a8a
2026-02-06T04:31:45Z,lllksl,account.cf1de754898e4a6494bd8300565de84b
2026-02-06T04:31:45Z,DdangDdantv,account.e127bfbfd8084519a2caf845e140e247
2026-02-06T04:31:45Z,OJD_Terry,account.e050395c93794846a6b756071ef6cac2
2026-02-06T04:31:45Z,Nogirim,account.e0691443ceaf4ba7bcc03903a463a6b3
2026-02-06T04:31:45Z,luxxd_-,account.1a066562780940ed814bdb4ef93f27de
2026-02-06T04:31:45Z,Sexyyongho_00,account.be52cc28fc3342e192f1ec77bfba7f40
2026-02-06T04:31:45Z,bamdoo98,account.3c5fc97fa1c546b284d37eaeab4304b9
2026-02-06T04:31:45Z,gaejalmaja,account.4b15fa8f7243424fa58d01156a00e250
2026-02-06T04:31:45Z,atenazero11,account.20d1a8fb893a47928e694f1fc7c413ec
2026-02-06T04:31:45Z,Masan_GrandFA,account.c2f7fbd3e82244b5a523ac3068b6f595
2026-02-06T04:31:45Z,wlgnsaogjs00,account.125bc146a89444f79a1edc74e4e72a25
2026-02-06T04:31:45Z,seebal111,account.73c73e651d7345cb8287ee32d3b629da
2026-02-06T04:31:45Z,PK-Azas,account.a0695f1f2e244692a9f03f6427a95f01
2026-02-06T04:31:45Z,Bb_HdIt,account.1bc729064bfa4a8a816114695c998064
2026-02-06T04:31:45Z,Nawa_Bari,account.f3c5c96a24f7436f91c96448b6538b4b
2026-02-06T04:31:45Z,lliliiilllillili,account.4ba916fc49c442b894b49274aad83f89
2026-02-06T04:31:45Z,tigerspower,account.7df1395583b948eea4884c8f55093a2e
2026-02-06T04:31:45Z,H0GuHOlly,account.fc342bf508574cad81eeb89e6d1ac628
2026-02-06T04:31:45Z,namgung00,account.453f7e2f2fe54227bc58f6a72e40a7fa
2026-02-06T04:31:45Z,Kil1TheKing,account.6a97b9b4ebf14fa0801923de0bc8d9bf
2026-02-06T04:31:45Z,PK-Seong1,account.7a8f479e9cee4df0bae188d154f38581
2026-02-06T04:31:45Z,Mixxx12,account.a9a059bb747c4f7cad43a9f0b7e4fe1b
2026-02-06T04:31:45Z,jesusjiujitsu,account.1cc94b447cb34a5b91655858d4e11126
2026-02-06T04:31:45Z,CS_Mozzi,account.bf3b0e3f01dc4ba3a32d03b9e1572b20
2026-02-06T04:31:45Z,Kill_Bill-_o,account.e2e459855ed84bcf921dadfe28efdc7c
2026-02-06T04:31:45Z,mangbung,account.fb924f709f64412b93c509076429c566
2026-02-06T04:01:30Z,SOL_IP2,account.ae562f4baca542508c54bcd4a0034236
2026-02-06T04:01:30Z,superdynamic,account.5a837d419e9642298920e09bd6555a55
2026-02-06T04:01:30Z,SuperCracki,account.867413668fad4ca292c391c92479bb0c
2026-02-06T04:01:30Z,hwannyTOT,account.d754acfa2bc641cbbbf215f8b1b73540
2026-02-06T04:01:30Z,tmdqls17,account.15f25d58d2de400fb2d568d9e3aa100e
2026-02-06T04:01:30Z,skswhwqkq,account.ad54e647e98e436e97eb60e29c2f9e9e
2026-02-06T04:01:30Z,Twix__choco,account.a52e4d60eec148a8b5bc4be5e1d25c59
2026-02-06T04:01:30Z,S2_2X_,account.5cecdb1d75194a6ebdcec38c61034480
2026-02-06T04:01:30Z,sms8559,account.a9ff766e70bd4bb89aef79c9b0a539ce
2026-02-06T04:01:30Z,tiger0609,account.5ed77bfed9d549769131888b0dc97e8a
2026-02-06T04:01:30Z,SSIBZOKBAB_-,account.4863f7cfdfec45f194f6b43faede9685
2026-02-06T04:01:30Z,Bro_-Amsalja,account.c0bc0a4264ff48d28bbae8fb18f37f3d
2026-02-06T04:01:30Z,GWANGDD_-,account.1265dc69423a4285b604ae3f64bd1f10
2026-02-06T04:01:30Z,V9_Arcana_--,account.54a025a8f8fb48a7b15471ef5b1bf753
2026-02-06T04:01:30Z,dxo_xob,account.13376c9697cf45a3ac813bdb0afceba3
2026-02-06T04:01:30Z,DOPANl,account.42bb129d4ea1423bbea75c389b3ec87b
2026-02-06T04:01:30Z,WWUUNNBB_-,account.b922f49efb0649a3beb515670653b50c
2026-02-06T04:01:30Z,INI_ki_ra,account.a4c48785249c4c30945e7f8cb7e49ad1
2026-02-06T04:01:30Z,ZZZZZZllZZZZZZ,account.ac7aafe6ac424225910b2eaccb8243b4
2026-02-06T04:01:30Z,pyundabin,account.2b0a94df0ddd4591a96806e580e0e616
2026-02-06T04:01:30Z,76_SFC,account.50dbabefa08549d8a208572a0094c7b6
2026-02-06T04:01:30Z,INMYBANKACCOUNT,account.fd1512f245464c3b8c9c578b09aa29bc
2026-02-06T04:01:30Z,ParkChunSik_KR,account.a529c2b5b2114564a8a70c3724a7b54e
2026-02-06T04:01:30Z,hanpolnak_18,account.27413e2d7af547ce8579f83e5314765a
2026-02-06T04:01:30Z,mmway,account.9ff56ff21c174972b1e2d8526f7602ba
2026-02-06T04:01:30Z,Xia_HG,account.f8f449f87d6a45f6b50176e4de3ae867
2026-02-06T04:01:30Z,Sung_YunMo,account.e4c978835b5540298a97dedd491ebc1d
2026-02-06T04:01:30Z,lgj1255,account.2649483117024c6d9ce1ff00871e7caa
2026-02-06T04:01:30Z,MENTAL_SINRI,account.0812eefd19fe4a53a45298aed8865a98
2026-02-06T04:01:30Z,NAMEGlory,account.019000a31f7d448fb329e8b8b7bd1726
2026-02-06T04:01:30Z,Rkqclwlakqldtlsk,account.fc382f07068c41a48e098ce4048b72a0
2026-02-06T04:01:30Z,1066856294,account.a242b28532304d2c8064375f3b49f345
2026-02-06T04:01:30Z,vvly-,account.07163dba21af43a18046143b5c09c987
2026-02-06T04:01:30Z,BETCITY,account.6feecab2ed4f4051a4e63487d61b03d5
2026-02-06T04:01:30Z,ODIYAM_-,account.cc6de0ad45d440ecab686e814ef62e91
2026-02-06T04:01:30Z,T1_hajin0901,account.5931074ed69145edba794c4438b48eee
2026-02-06T04:01:30Z,DragonTigerPK,account.c41c953604e041e68c4ab7b73e371327
2026-02-06T04:01:30Z,GAE__JOT,account.2bb649e8fdce460eaf093bd5867a1d3c
2026-02-06T04:01:30Z,KOR_HWANG1,account.dcf7147328ef43988f169ee85dcd4584
2026-02-06T04:01:30Z,OF_Lr7r,account.ecc47cf5879048e5b03db485f69cb484
2026-02-06T04:01:30Z,LOJWow,account.995585463bcf4cc794b600056490b28e
2026-02-06T04:01:30Z,K_hyunsang,account.5c32be807d9a4e4f8b0d6726c81b9de7
2026-02-06T04:01:30Z,double-kkkkk,account.3b483e60783f4a30bb1f0caadd53739f
2026-02-06T04:01:30Z,qorwlgnqudtls,account.b73c436ee7a6406bb4db8921703ae957
2026-02-06T04:01:30Z,5051108,account.1e64f07af5d64627a1a4a7cb8064e24f
2026-02-06T04:01:30Z,double-kkkk,account.69344c2bb66b44608ac3671bec197755
2026-02-06T04:01:30Z,wnwpvkdkrwha,account.9bc11e43a8cc4802baf7580d22eb63b3
2026-02-06T04:01:30Z,MOTSSOMYO,account.b1d99a37164d4a2dab547b30d59095d0
2026-02-06T04:01:30Z,DDeathwingg,account.c154639dfa4f4ca1b534041a7f9b555c
2026-02-06T03:33:19Z,zz65,account.f3359a6b8b9b46b0845ed0b2637000c3
2026-02-06T03:33:19Z,lseunghye,account.11efa178591f4992a85db8f4110e2562
2026-02-06T03:33:19Z,Bin_lO_Ol,account.d0ed8eceb5d1479eb7229b9bd80ab89a
2026-02-06T03:33:19Z,noshowtime,account.614aef9208fd43cfbf20eb55826044f5
2026-02-06T03:33:19Z,sdafkjhbsadffk,account.7780aae193a44bbb999dd9d1ea3b0430
2026-02-06T03:33:19Z,Incheon-Bupyeong,account.756cf156f93d4a618cb90e4095301b3a
2026-02-06T03:33:19Z,nojagoja,account.04344b1ed95b4ddebe984b00ecf841eb
2026-02-06T03:33:19Z,michin-y,account.cb88c088048541968bceff26325c111d
2026-02-06T03:33:19Z,hoguo_,account.f704136e9e3f450f939abecd774e7491
2026-02-06T03:33:19Z,BBAK_Shark,account.6835ff7a441f4d99859fece276f27d19
2026-02-06T03:33:19Z,AGT_kaba1004,account.c33577b53c2842c68c326263f3fc8a19
2026-02-06T03:33:19Z,JISEONG_-,account.d315109e987448af88b03923f2c17e58
2026-02-06T03:33:19Z,minseok_0213,account.6359a80b58e647f3bcbc81359c486185
2026-02-06T03:33:19Z,3rdNavigator,account.a553c4ffab5e4d14aefbee3cb8ec2066
2026-02-06T03:33:19Z,minhyeokk-_--_-,account.da1421d49c2c4a07aa6878c15972207f
2026-02-06T03:33:19Z,llllIIIllIIlllIl,account.9d12b37993004225a3fce70c41752666
2026-02-06T03:33:19Z,bowooster,account.6ce8794002bb411d95c4ef2c25088750
2026-02-06T03:33:19Z,Ja_ji_king_0,account.fc623c575eeb4ae2a597a60be3fd855a
2026-02-06T03:33:19Z,Anyang_Joon,account.b35987b6c341477c8502490063bdd63d
2026-02-06T03:33:19Z,S2Y2K,account.31590a2583bc402e94594eff923961fe
2026-02-06T03:33:19Z,liliHollowlili,account.58198291f7e349f2bbb35037d25513bd
2026-02-06T03:33:19Z,HongBanJeom-,account.af64ff1a0f1640eda8a2de063ce39d96
2026-02-06T03:33:19Z,AVEC_SamSik,account.eebf1c935b6d4ef88296ee52ff6b3abc
2026-02-06T03:33:19Z,AllDieOnce,account.0774fe6dcd1c4dbe90a50d83a89b0fe9
2026-02-06T03:33:19Z,SONGDO_MC,account.78cde8edf6434e5fa23bfa54e003a964
2026-02-06T03:33:19Z,TtuBbyKka,account.7a0abbefbe12432a8fbbd95d7eb8db99
2026-02-06T03:33:19Z,R1ON_3DDUK,account.f5c755d6f32b4f108c2caaeefd5c61b2
2026-02-06T03:33:19Z,00PREDATOR00,account.aea777a188e44b30888788d33c9bf325
2026-02-06T03:33:19Z,777_Sentinel,account.57dddc4c8adc47d19b390f47a6f5a6d1
2026-02-06T03:33:19Z,JDS__NYEONG,account.82f26c66e6ac42c781acfba2f9f2741f
2026-02-06T03:33:19Z,hae0128,account.9bfb32277ef84c79ab630b8f228a4e15
2026-02-06T03:33:19Z,ma_gang_sister,account.153c4cb8731b40519572dc84f4fd6dc2
2026-02-06T03:33:19Z,JSPuppy,account.4a9e45b30d464c0ca681db496731bd5d
2026-02-06T03:33:19Z,Supreme_Hound,account.dc9891645da648f981cdf2850484e472
2026-02-06T03:33:19Z,DragonJJu,account.5d8c3e8314bb4d5092b0275081a2e1e4
2026-02-06T03:33:19Z,lIIllllllIIllIl,account.42a56615f59f4c63bc9504185331f45f
2026-02-06T03:33:19Z,v-WOOBROS-v,account.14ee8ae691b8417592f20262d764fe76
2026-02-06T03:33:19Z,neeaem2ddaragara,account.851a5ba5c62f4b259abb3018ba8f5f9a
2026-02-06T03:33:19Z,honttonigimchi,account.bda4217f84174057a16c4fbaed228b0a
2026-02-06T03:33:19Z,kooij,account.b4cdacb3bc0740d480b25c5a92aa150c
2026-02-06T03:33:19Z,JUNPR0_,account.f76f0bf04e86476292d0be0acc602044
2026-02-06T03:33:19Z,Dream_Caca_72,account.ac9432459922479189022d445f664466
2026-02-06T03:01:31Z,K_JiHooN-,account.3447f3fd9e7d467fbd9ad7f4a3476ee8
2026-02-06T03:01:31Z,xx_success,account.c8aeed48e32b4ac4ab4549d96cd81eab
2026-02-06T03:01:31Z,minhyuka0303,account.cf6bd25d1b6f4ca990293ce288b2da8d
2026-02-06T03:01:31Z,SIN_A-A-LaGo,account.4347b0e59f374108b28c256b566bf0a7
2026-02-06T03:01:31Z,DdiSuhy1003,account.2261922532f4451094b8f2341cc4c957
2026-02-06T03:01:31Z,sonhj0404,account.cdb65b29a564446fa5db03cfddf77c76
2026-02-06T03:01:31Z,LMK0330,account.dad6480588bc4e5fb8355b302c57be5a
2026-02-06T03:01:31Z,Hello11--,account.0095d3d4084340439a06d6a905683178
2026-02-06T03:01:31Z,sun_dang,account.d8a6f4dde3364e4ab27171b7a448e69e
2026-02-06T03:01:31Z,Lovely_Giselle,account.fcc5ba2035e84e28b08da98663d5e8ba
2026-02-06T03:01:31Z,Akavan_,account.21290bb8f9f14f6bbaf1436615665ce3
2026-02-06T03:01:31Z,happyne1,account.52ea5b6789c640ffbc8c49f75b685ccd
2026-02-06T03:01:31Z,Wones_,account.5fd4e6bf02f94e0995000b83c97e6c2a
2026-02-06T03:01:31Z,skatnrqhwl12,account.b402cd7685f2443e8386a4c6a66aa20f
2026-02-06T03:01:31Z,rhddyddkd,account.139d95c561c14f9d958a2bf62c4dc79c
2026-02-06T03:01:31Z,Swimming_Cho,account.01147c44b11d4008a35e982fa0631b08
2026-02-06T03:01:31Z,zeusnaz,account.bb8675d958ec4c15a52f0e9fc3d508d3
2026-02-06T03:01:31Z,Tyche-K,account.440baf2f418c4610bc2f7f6989fb708f
2026-02-06T03:01:31Z,2BU1,account.46593a2d49654f1ebc0986841f6446c3
2026-02-06T03:01:31Z,GPS_Owl,account.4c55bb252ddd440a870137a64314a7d3
2026-02-06T03:01:31Z,donghee_98,account.522b9f73ac18433dba5a9bb650661f3c
2026-02-06T03:01:31Z,NURSEseok,account.8190d1e0b9eb44c0979f50d807f7124e
2026-02-06T03:01:31Z,Jemzil456,account.a0b8d7be9478471ab2dd7b66c82c9f6f
2026-02-06T03:01:31Z,llllIIlIllIlIll,account.a0301d2f606c489086ea74cbea095736
2026-02-06T03:01:31Z,GPS_UnknowN,account.74285b7c3dd34ff087eb677514e0d164
2026-02-06T03:01:31Z,TWINKELJ,account.a94ae2e42be84b0282d4119fb50daf01
2026-02-06T03:01:31Z,1055224300,account.679bd20b14b44e338ee52c73381afcf5
2026-02-06T03:01:31Z,My_Deuk9,account.a5a6eef221634c458f2a7cc1c773f557
2026-02-06T03:01:31Z,DB_dolphin,account.8a8ea57fbff64dcd9454aad872bb2d53
2026-02-06T03:01:31Z,08217v,account.5fce45f37bdf4774b3c4a9b597ad5e55
2026-02-06T03:01:31Z,xixixooxixix,account.df064b9b44b0493dabf3bf8d60de00eb
2026-02-06T03:01:31Z,BUFF_Kar98k,account.fcbd03053ce846309975db374d954ef4
2026-02-06T03:01:31Z,choiyena0326,account.aa97659c18744b80bd64ff531d569474
2026-02-06T03:01:31Z,Young_Royal_03,account.ca9fda2dd19a407ba407350d94ce7dbd
2026-02-06T03:01:31Z,JAJUA,account.6a8177c1fc8443c180f7f624550447d9
2026-02-06T03:01:31Z,207272,account.1811a6a3755e47d9813a0b9245657122
2026-02-06T03:01:31Z,0ne_side,account.b1322a06b30846b39b53a1125c38757d
2026-02-06T03:01:31Z,kimchijesus,account.1e5e2842e9ae4fe6bc016adb4e706314
2026-02-06T03:01:31Z,subinnampyeon,account.04e06c0a8bfa468fa8cf4dc129f62439
2026-02-10T15:09:47Z,Merciless_i9i9i9,account.5cf8c028ff884d0aa3e61e976c3d6c60
2026-02-10T15:09:47Z,i9_shwo,account.38e059b7f91a42bf9560c73eb2ff821f
2026-02-10T15:09:47Z,Ryo99999997-,account.8a46d851869e4011b2ee21e00215f56e
2026-02-10T15:09:47Z,kim_han____gyeol,account.411ab14b006f4c339b5acc38dc623976
2026-02-10T09:43:17Z,SI_MONG_HI,account.4cedb90d568b4bc588ad26094d9ebc27
2026-02-10T09:43:17Z,CJ0902,account.d5a8b485edd343a79e8582b4aee897f5
2026-02-10T09:43:17Z,GHOST__HYUK,account.2218b24af12346539dc28a8e22d44339
2026-02-10T09:43:17Z,michael_lhs,account.be748570d8f044d6b777b0d83b5b9359
2026-02-10T09:43:17Z,liiilllliilll,account.660332b1bbe2493eb953b0e3390f8122
2026-02-10T09:43:17Z,kor_like_a_wolf,account.d095b5244d804b3485521b6f108f99dd
2026-02-10T09:43:17Z,IVE_Mir,account.cf1b95f54f294ba7aab6cbca9dd74ab9
2026-02-10T09:43:17Z,PGO_1BEST,account.4e20c616620749e5ad7d0ef6efe6b67f
2026-02-10T09:43:17Z,Momo_1223,account.03ba4b3f94d54874bc7a3ab9b24912cc
2026-02-10T09:43:17Z,jhin-one-chmap,account.b2f6834ea28849f1abcbc1c11cc8da14
2026-02-10T09:43:17Z,DDR_Kong2,account.0c70778de09f47729a5eec12455aa32c
2026-02-10T09:43:17Z,vvhhvv0343,account.ac04c6d874c2411b9c4db364f167e726
2026-02-10T09:43:17Z,dagarijosim,account.390c2a0e13cd47828bafd9448eb03e68
2026-02-10T09:43:17Z,FIRECHAM-BBOG,account.57bb44fd22e241c9945b3fe027d889b3
2026-02-10T09:43:17Z,Kakao_Seri,account.dae5c00737e14698ad38acc74d272e12
2026-02-10T09:43:17Z,Orange142592,account.0943e0924b444e208ec3125abcb0970f
2026-02-10T09:43:17Z,phmxn,account.7fa91412166d42c09aca214e77d8a473
2026-02-10T09:43:17Z,Rnfjrlqhdl,account.0d5c2635c2b247c580e0c1d9a9883188
2026-02-10T09:43:17Z,SSE_sco-_-,account.5a58c34def9446efacbd1d4bcaf69afb
2026-02-10T09:43:17Z,KOR_nembe,account.94a5c90f4209474ab6a51919d4a76623
2026-02-10T09:43:17Z,A_MANNER1,account.0b0b0830ce584558a968af6a98bc9913
2026-02-10T09:43:17Z,Av_tara,account.00638977de3b47e3984dec9ee56ec6fd
2026-02-10T09:43:17Z,gyulbaek,account.335e88f01f49454286c0767fc5fd3636
2026-02-10T09:43:17Z,nowmorning,account.44f7792e92174d56ae9b823df5aab9e1
2026-02-10T09:43:17Z,wldnjs1650,account.296f43dedb7e41b2806b052cf7b31ddc
2026-02-10T09:43:17Z,oilssam,account.38c79d1d87d440fca2134ec6b63d9269
2026-02-10T09:43:17Z,DA_KKANGPAE,account.c3918d7b56c4442195b7354f301785c2
2026-02-10T09:43:17Z,boki_God,account.a0139ab741ea4d8eb72b4aa8e46be388
2026-02-10T09:43:17Z,znacjrznacjr1,account.b441994826d54f45816a1a0b35cf5545
2026-02-10T09:43:17Z,IVE_Pang,account.02c25f1c6a5f4d9b957c13c125abb45d
2026-02-10T09:43:17Z,A_PTX-4869,account.eeef73b34e5d4d36a510ab4ada2c90e2
2026-02-10T09:43:17Z,jogunbang,account.030791f23ba6420c87eac16f39747b0f
2026-02-10T09:43:17Z,leonsolo78,account.1af887f545084491b04ba597c72a20ef
2026-02-10T09:43:17Z,PandaTV_8378884,account.021066afdd134369ac5c2e7ca0735b91
2026-02-10T09:43:17Z,SSENCOCOPAM-__-1,account.649de00565c9413da1b9bd963ab3913c
2026-02-10T09:43:17Z,C-H-U-N-S-A-M,account.d6dee0c88b704850abaeeddb18061d21
2026-02-10T09:43:17Z,Masters_sung,account.4897f727e0b04ee4bdf429d5b426a06a
2026-02-10T09:43:17Z,BAENALDO20,account.ddecaa298950484f8e4fdd07f3e40309
2026-02-10T09:43:17Z,vvwvwvwwwww,account.b1904707af274af3b6997035047cd377
2026-02-10T09:43:17Z,Av_alsabfwkddj,account.2d6bc50de33947618c0c67cb080eb5da
2026-02-10T09:43:17Z,tony068631,account.629f922614a34c89a007bebc6071ec7e
2026-02-10T09:43:17Z,c23la,account.474f5cdd91ac439da165fa0ee158329c
2026-02-10T09:43:17Z,koreasyb,account.da7e66bec9534c88a37a2a3b8730f5e1
2026-02-10T09:43:17Z,SinJJanGgu-o-,account.ae83259b17b04ca78678f7bc13796cc4
2026-02-10T09:43:17Z,BBTAN_goodshot,account.663544175e3d4ca6b629ffaafe5c584d
2026-02-10T09:43:17Z,sos6233,account.9cae3096e7714ce3aedfb7865fc630a7
2026-02-10T09:43:17Z,qkslfjrm,account.9ade8796b3af4d2b9c1ea677a0100fb3
2026-02-10T09:43:17Z,hullulullullluu,account.00abe81f4e6f46c4aa541d3625c66a9e
2026-02-10T09:43:17Z,PhysicalGifted,account.a74e01026606439383c9936e73895bfa
2026-02-10T09:43:17Z,banana-toss1,account.bae746a67612439081d328a34e2ca335
2026-02-10T09:43:17Z,hansol__-,account.b192387485154de3a6568596045ad423
2026-02-10T09:43:17Z,LuckyVickywwww,account.6f0651ba70cb4f32ae17ed4ae94a2c4b
2026-02-10T09:43:17Z,lovely_ddung_a,account.656212e0491947038b966611c9abf9dd
2026-02-10T09:43:17Z,king__0131,account.c6437611217f4c41a06d727d1148e637
2026-02-10T09:43:17Z,wlstn150,account.09073d7f75ce43d9a7e4c0587ad57602
2026-02-10T09:43:17Z,qttRzz,account.93ea7655e39b40ceb9641454333bef68
2026-02-10T09:43:17Z,Pink_-S,account.a6180e690b7c4d86929f3fb917e26f6a
2026-02-10T09:43:17Z,Ppakko_-,account.664bc68a7aff489d8f9ad25fac8a99fa
2026-02-10T09:43:17Z,kimbaseball,account.56e2d115f7ff446e8e3e4a5f9ebf5721
2026-02-10T09:43:17Z,Bullnalgae,account.14cc3ef771c14c2e82f40753e59fd0f0
2026-02-10T09:43:17Z,Jac_5,account.5a92f765b051410b8ceb182f96780c26
2026-02-10T09:43:17Z,mlp11122,account.37b0c2c940da4fa4ba1bae2b3223486d
2026-02-10T09:43:17Z,rnjsehownl,account.7bba5bdaefee484f9be97e76b2b16244
2026-02-10T09:43:17Z,IVE_O_o,account.eeaaf8bb36ea456b8800d2df3847550b
2026-02-10T09:43:17Z,Ha_ein,account.d2b34251457f461993eaa9d58383d879
2026-02-10T09:43:17Z,NW0410,account.cfc5a681cf6d41adbd0a57f336d8b01f
2026-02-10T09:43:17Z,yellow_mini,account.176b60a8aa384642b0e8c2c804b5f23f
2026-02-10T09:43:17Z,LuckyBUNNY-,account.a9c78dba04ce4f8c97053ed3a9ca311e
2026-02-10T09:43:17Z,Av_Siba,account.b787136e7b0145ef884e7e371a235a48
2026-02-10T09:43:17Z,Av_Bolkka,account.109a32fcd66a4256b7d8739447bd6645
2026-02-10T09:43:17Z,HOOPOOG,account.fcbfd887735a4e65b52bd9bcc73efbab
2026-02-10T09:43:17Z,Apple_Jenley_,account.85ff39cfbbe24670810839a3227d9f24
2026-02-10T09:43:17Z,Beryl_M762_Users,account.0a2e43b2f41e4ad887e28d3e4e2a960a
2026-02-10T09:43:17Z,WINTER_SEOLI,account.38f9ba18c9e64fe197c23f8f7c9a2434
2026-02-10T09:43:17Z,bongbong_010,account.f4a7351a6214405b89248c0b7030da97
2026-02-10T09:43:17Z,INFP______,account.23e1b52bd3b441518c68e153989599e9
2026-02-10T09:43:17Z,TwistFantasy,account.0e7f6c8e9da8468ca30c0eb7809c2093
2026-02-10T09:43:17Z,HOYASKRR,account.80adb12cd7714bb7a537f43edf6c2ad4
2026-02-10T09:43:17Z,PGO_Young,account.bd56581425be4f79903a59188e14c4f9
2026-02-10T09:43:17Z,1vs1_-SMG,account.c258bd75b0df49c1864de3b29f0f3d5c
2026-02-10T09:43:17Z,cjkimjaebaek,account.dbad70e1ed684a0eb755b65ca1b3161e
2026-02-10T09:43:17Z,HAMMER0723,account.00e8a5bb220b4d8a977a6935960981a3
2026-02-10T09:43:17Z,gamjahunjae,account.1e41f753a3904d6393b3896cb34a877d
2026-02-10T09:43:17Z,jooooolee,account.bc2bc94903e249dbb5626ed0b3a94449
2026-02-10T09:43:17Z,YeolBullDark,account.903bec65a63441a8969f4fc8e40d74c4
2026-02-10T09:43:17Z,GGanpoongChicken,account.3f4bbf3042414d11a7189d01b8720ab2
2026-02-10T09:36:04Z,familykimg,account.a3178e45b1a9446f993bc9239ba87d8b
2026-02-10T09:36:04Z,LN__Killer,account.37ba9353e8ec47f8be0829706a016c58
2026-02-10T09:36:04Z,eorms20,account.128914b3aa194ceda37eafaa04623770
2026-02-10T09:36:04Z,FM_Mintory,account.2632df5e737948799c340a4c8819a09e
2026-02-10T09:36:04Z,Mayo0_0o,account.5f8576a3afab4cefbffe0b0289c750eb
2026-02-10T09:36:04Z,daewoogod,account.c7ce226ef8724bd0bca3861a8b1adc2a
2026-02-10T09:36:04Z,dona0_0,account.fd754ae0248d49388d9145965c40650c
2026-02-10T09:36:04Z,weed8586,account.f99235532ffe4d56a603b16acd639cbc
2026-02-10T09:36:04Z,W_Fact_W,account.3896a330877e47a58a667024d2b875c0
2026-02-10T09:36:04Z,exxsangang,account.72236449a1254b1f9cefe120ae3bcbc1
2026-02-10T09:36:04Z,Lic_MH,account.1dee1ee51771425a8c4f7081285cd349
2026-02-10T09:36:04Z,loveszlove,account.a9fae1585d744a6db461b829ce6adad9
2026-02-10T09:36:04Z,sexy_baaaaaaaam,account.67f2e490bc794b3a890ab8def7ea8005
2026-02-10T09:36:04Z,SeungMin0_0l,account.a92307199cd5447c80359a92f8c40a0d
2026-02-10T09:36:04Z,NOLZA_ONEULDO,account.a1b3501ee2784243858afd253bb895f1
2026-02-10T09:36:04Z,MK_MKMKMKMKMK,account.bffe8d2bb9be48a3b52004d86a14ff8c
2026-02-10T09:36:04Z,hong7708,account.f2776181f2fa4460bc6c4576b790a40f
2026-02-10T09:36:04Z,GOD_Astraea,account.a5f07e067e26461698430d22af68c2b2
2026-02-10T09:36:04Z,jjangsyung,account.79e2347d9ae445fdba90a5214e50602b
2026-02-10T09:36:04Z,Flowers-HH,account.91f84f3f0b5943fbb865c4b936d50ca4
2026-02-10T09:36:04Z,JJINDDA-_-b,account.89e6d39c707f47faa74b6496341f4ea5
2026-02-10T09:36:04Z,wuta12,account.4356377310004a2ebb55fd05fcc6842a
2026-02-10T09:36:04Z,Jean_Avantgarde,account.362739ffd91c42b390accef7bd510dd0
2026-02-10T09:36:04Z,Dosna0924,account.349891945d45475b9a0e74ba9ec69121
2026-02-08T09:56:43Z,junsub12111,account.f6bc6f3fced44be38bcf99fa010afc23
2026-02-08T09:56:43Z,BoG_4485,account.fa422c8672b34bbe9e3565239d9f5bf2
2026-02-08T09:56:43Z,DIC_Ha98,account.4b90551499e34110a5c348b3147d3c65
2026-02-08T09:56:43Z,H-Korus,account.de365c60e9724c6d998cdc8b8b66b579
2026-02-08T09:56:43Z,SSENBEE-__-,account.d51be7fd08274634821e665435a93236
2026-02-08T09:56:43Z,gmrcndgus,account.9a1b447384eb4c2097be892137396520
2026-02-08T09:56:43Z,SEGYUN_M,account.940f8f1a40324b6ca4fff23ada7a85c1
2026-02-08T09:56:43Z,Genie-__-v,account.04dc0977154d435bbaa0e46e5a72fa86
2026-02-08T09:56:43Z,akakakak1245,account.1a6e3b2d8557412aa0d7b1040f8c201d
2026-02-08T09:56:43Z,PRINCESS_ALBAM,account.a0d24460b53f4bfb8ccf777fb3c9662d
2026-02-08T09:56:43Z,ADA_-G,account.49225856c74b471097e0300d25556fe0
2026-02-08T09:56:43Z,HAGIMA_,account.dc263c5d50a8420795aa7fed43f272c0
2026-02-08T09:56:43Z,bench-100,account.e5853b283a1245d6a2a453f2b7241fa9
2026-02-08T09:56:43Z,best7531,account.1234bbcae6da44bf97b13ed43fe447d9
2026-02-08T09:56:43Z,FLOWER_S_S,account.3682e0bc59b54ccbb5821848e4d6fad4
2026-02-08T09:56:43Z,perignon-_-,account.510465b6dfed46a482f5b7f8f7272e12
2026-02-08T09:56:43Z,CTS_ZomBie_,account.c8309caefe3544ca855c508f8df38523
2026-02-08T09:56:43Z,suyeong811,account.49cc865b2b2244afad65890b345253b9
2026-02-08T09:56:43Z,chigchig-G_G,account.468ed1de973a40e38bc8dc360124c06d
2026-02-08T09:56:43Z,978-BigBoss,account.299c96d5d2f84ae883e85bb6137f479c
2026-02-08T09:56:43Z,ksy070103,account.3897f2535282468cba4483ba194df190
2026-02-08T09:56:43Z,Polar_bear0320,account.e468e50ceea648a68aadb2f7db43502d
2026-02-08T09:56:43Z,art0gan,account.b17281c369d7446aa6b4e52615340cc8
2026-02-08T09:56:43Z,96O911,account.af075d2f4fad4f1abc496f89120ea7e1
2026-02-08T09:56:43Z,s0ex0machine,account.283c0230c45649629a1fa06931549722
2026-02-08T09:56:43Z,8ROMI_SSOJU,account.9fa9125317e24173ba997f96c43a9401
2026-02-08T09:56:43Z,JangMangNan,account.3d2f911dddae4050beaa303a380967e7
2026-02-08T09:56:43Z,1st_X3X,account.c5ca1d69893c4f0fa5bf5e4eda2de93f
2026-02-08T09:56:43Z,ChanMinSH,account.ce5f81ed9dc84c579a87d2bf1fe67edb
2026-02-08T09:56:43Z,notchoise,account.0e48715a1efc4507b93fa97ff78c3d06
2026-02-08T09:56:43Z,hibro-o,account.233ba05be9e94683877a371304feef23
2026-02-08T09:56:43Z,LOK4_Tattoo,account.37b8edafcdd747b09fb78f1f4837f1ea
2026-02-08T09:56:43Z,naavajo,account.ae9e39c0772245a490171125565bf9e4
2026-02-08T09:56:43Z,zzzaaasss1122,account.2ea9a6072cc846d09a1490344bd5f8ad
2026-02-08T09:56:43Z,Jar_HAgo_Ship_DA,account.831ce11588e5431a9cb9b50be700c567
2026-02-08T09:56:43Z,Ssarif,account.dca050a16039484ebe4b1e24beedb95f
2026-02-08T09:56:43Z,MC_NESCO,account.307258a954d1439bac9e9def5038a2a4
2026-02-08T09:56:43Z,IKSAN_city,account.c132215b3d1c40a7bf72c4a2c4bc2335
2026-02-08T09:56:43Z,JaG_4485,account.29cbb74a777a46e48de8037bf229b915
2026-02-08T09:56:43Z,zemenai1234,account.4df0a5055ef34bb0afb22cbf0c4cdb94
2026-02-08T09:56:43Z,Hello__Gun,account.552a9f66ea6b4ee89d25e480f0ee0b64
2026-02-08T09:56:43Z,dlarudghks,account.82c63c253c10487d8d2d37ebc7d6fe26
2026-02-08T09:56:43Z,1st_mandu_jian,account.70f6e097b8134ba9b74349d55967d6c4
2026-02-08T09:56:43Z,askfs123,account.84c6e2c7e09644f7a2a461a77a7828d5
2026-02-08T09:56:43Z,KJS_188,account.6957f6bd80fb47678ff03d56be566e82
2026-02-08T09:56:43Z,hssswon,account.c202c851fc72497c929f0c46b37668b0
2026-02-08T09:56:43Z,13665448,account.1510ca29df73418881aee314a62bf7f5
2026-02-08T09:56:43Z,woohyogy,account.79cbd84fc6994289a4f6193909a71781
2026-02-08T09:56:43Z,versatile_UDT,account.8ef7ab1088a5468b914636f5afa35859
2026-02-08T09:56:43Z,goanf1004,account.2078f630fda84a18841ac8b77cbc7f08
2026-02-08T09:56:43Z,GGamgooo,account.8c425bd22ace4199a148d7aa1a0bc890
2026-02-08T09:56:43Z,door_Tang,account.d37242c4e4894b9090fc41ea17ae3a90
2026-02-08T09:56:43Z,songcheoncaptain,account.3e7bf539a37044d8a5157f56e08b89a4
2026-02-08T09:56:43Z,Min0_0vely,account.6468ffa3d3fa4762bd8241c55bae87e2
2026-02-08T09:56:43Z,SalsalsswA_,account.692bcc6ddbd843fb8b407bc5f5d92115
2026-02-08T09:56:43Z,Blah_Blue,account.6aafae94a18247958abc8a044c877629
2026-02-08T09:56:43Z,Dolmeng2_RTF,account.e2dae493ef8243879a5f2139d309b70e
2026-02-08T09:56:43Z,yubunam3,account.b030eb456f934bfeb23c687e47683fe8
2026-02-08T09:56:43Z,ch_SphinX,account.19e42411d2c24efcb2901abc5df4dedf
2026-02-08T09:56:43Z,Bob_Hyun,account.c9edfe6630674d809e3ce4150b8364f8
2026-02-08T09:56:43Z,0_Healer,account.d799811e7eff431ca87a344fdc43b7da
2026-02-08T09:56:43Z,G63AMG_4Matic,account.433d2e324a894c938b2da648747dcea8
2026-02-08T09:56:43Z,geniusY_Y_J,account.b1c384129f1448398a74bbf15ea00bc3
2026-02-08T09:56:43Z,Ageong2,account.16758a72446e428e9d5d1c6efd1ffbea
2026-02-08T09:56:43Z,Beooom_seok,account.c7dee729c7bb469e9074250c21e0d473
2026-02-08T09:56:43Z,Desperado-Eagles,account.7626ebcb87ce445aab7a41b064b6a98e
2026-02-08T09:56:43Z,reeeo1004,account.fd6d0a515caa4ca1b5f3912cb3062ab8
2026-02-08T09:56:43Z,VoidOblivion97,account.f452cb34111e49709879a41c014a06c6
2026-02-08T09:56:43Z,Raviz_Hero,account.69ff522a6d5e45c99cf442c432ca51c6
2026-02-08T09:56:43Z,dmaanfwnl88,account.eaaebe7d8549430ca680243060460002
2026-02-08T09:56:43Z,mbappe111713,account.1de4c68e37474ac48414f8ec02021152
2026-02-08T09:56:43Z,HONG_WON_JUN,account.17d6b51861434d0f990f92db4cae4faf
2026-02-08T09:56:43Z,eunn_aa,account.e460459460a14968a6a532aa3b8e3568
2026-02-08T09:56:43Z,sung7nam,account.80c43a0838c249edbce63dda4d6f26dd
2026-02-08T09:56:43Z,165HZ-__-,account.3f5d61e9a7694efd9a746ad4f1bcba87
2026-02-08T09:56:43Z,Blah_Aera,account.a3e62bb9317d422db816ba6ff14b3654
2026-02-08T09:56:43Z,40MMPOSU,account.5514b9cda06a4286932d92fc67606ebb
2026-02-08T09:56:43Z,cute_sex_y,account.fb8d3c8c3afd4ab4b914d031b7b0f337
2026-02-08T09:56:43Z,GEN_JJANGSURA,account.f194bdfafc7d48d88ccbd9d67412ee07
2026-02-08T09:56:43Z,Cheb_om,account.eee7d17313f347bd82583224c38473ed
2026-02-08T09:56:43Z,Win_9511,account.bb1b028938fd4d0abe22d18d1ca976ae
2026-02-08T09:56:43Z,Nimeruljongyeop,account.b9ef112f59514303905d54c9c6255c40
2026-02-08T09:56:43Z,UhDDoongDDoong,account.3075be729f4d4a14a610250906519e3c
2026-02-08T09:56:43Z,dbals8421,account.37d89b599bea45cab57f7d7b5c7801f2
2026-02-08T09:56:43Z,oo_th,account.b2ae9a6df9b44fbb906fc3ca0e1bec1a
2026-02-08T09:56:43Z,PowerCexMen,account.536599581674421ba473a1627ac2de56
2026-02-08T09:56:43Z,010-X404-233X,account.04b8c80171d34064a4c025ec8b9714c6
2026-02-08T09:56:43Z,hshohoho,account.83ca8b37e0fa4f259b2e6dedc51bbac4
2026-02-08T09:56:43Z,myongkongsoon,account.19a3bbd4f7334bb5bc55eea08a950ada
2026-02-08T09:56:43Z,kbw0619,account.a25a3e17301d4856a55366d1fc0bc72f
2026-02-08T09:38:35Z,SSOiiD,account.ec5bed9e7b1140e78aaf0493f51f5c85
2026-02-08T09:38:35Z,yun_1990,account.ef5a53add7c643399f0956d0d4bb574b
2026-02-08T09:38:35Z,santan777-_,account.db7d2646fe6b489f81552cee16c4c910
2026-02-08T09:38:35Z,clutch_gae_sibal,account.56393044a64344d3a3362db23225a287
2026-02-08T09:38:35Z,dokyungez,account.4d7831f2d6c34b4bb2863c6d39cb4cf8
2026-02-08T09:38:35Z,poreshe_6666,account.75634b54c5fb47d9a5219347f0562ecc
2026-02-08T09:38:35Z,paparida,account.95957ee65b4f441183a9345bec3a2137
2026-02-08T09:38:35Z,rlaruddbs9,account.fab771e2f4624afe82608d1687d422bd
2026-02-08T09:38:35Z,AVENJUSTHIS,account.a1c5037d2d044c08b19d4909f1723238
2026-02-08T09:38:35Z,courancove,account.9cb64b05b1fe49e8ac97476fb9efd6f6
2026-02-08T09:38:35Z,kogxe,account.80e24e77666646c698a89f84c89939fb
2026-02-08T09:38:35Z,I68cm,account.68fe14ed49cf4a1b9f97aeade29627fe
2026-02-08T09:38:35Z,wonhweeshot,account.e17840f2c4cd4d2885ac07efcdcaee82
2026-02-08T09:38:35Z,HooGooOh,account.effc8e08e3da459cbfc84a51e424bea0
2026-02-08T09:38:35Z,sksksk50,account.dd21192497594dd2b07a3c66ac9a37e5
2026-02-08T09:38:35Z,kimhan1123,account.1f69331934ec4966a81074921f22d8e5
2026-02-08T09:38:35Z,juuuuuuuuumini,account.823cb83a9b024ba3bcfef2f00dc57d63
2026-02-08T09:38:35Z,shibuki_art,account.022008e90b974cb3b3484bd23855f313
2026-02-08T09:38:35Z,CAM3L_BLUE,account.a60e7873ad7d4e0dae092889d9d430c3
2026-02-08T09:38:35Z,ChaplinCode,account.155cf2b5b33843379105f4563ef32076
2026-02-08T09:38:35Z,cheese_stick_k,account.a97e16c800e14e71ae04271ae15cbd16
2026-02-08T09:38:35Z,ausfamer,account.0453a4c9762e42d2a3744275def3551f
2026-02-08T09:38:35Z,Guiyomi_S2,account.015ea7e85d9649e0a36bb4d68cf23871
2026-02-08T09:38:35Z,seonchul_JP,account.217139251b6c4c4499c6bf5638c4861b
2026-02-08T09:38:35Z,Kouk0,account.cefda02bfe9b423d8cd74a55260b0dc6
2026-02-08T09:38:35Z,JiNi94,account.03aa4161bcfa40c8aad598968f3d8ae5
2026-02-08T09:38:35Z,hoonstrong,account.69e6fc19c1784c60822babcbf33d6d9f
2026-02-08T09:38:35Z,daemamu_2,account.eaa04f17047e49b3a4d9082c24fbee4d
2026-02-08T09:38:35Z,kwasnwooking,account.3ddbef887eea4885954aabbd2d73dd20
2026-02-08T09:38:35Z,seonchul_JM,account.c961343a00ce4a9bb533c77bfeb333f8
2026-02-08T09:38:35Z,brokenickname,account.697f9621a96542a3b56177ac2c8dc876
2026-02-08T09:38:35Z,one1030,account.d71e5bd5e17f4578b3784874d05539c7
2026-02-08T09:38:35Z,CODFD,account.e8c2a67acf9f49d99f209c34ee875744
2026-02-08T09:38:35Z,dkny101,account.f4ccb0bb6af543299c8e941f2cb9ceaa
2026-02-08T09:38:35Z,GOMMI1,account.e6658c31100f44f986ea8ffac4893c51
2026-02-08T09:38:35Z,CHAINACIBAL,account.78e34cab0bad4232912af695b17ed4ea
2026-02-08T09:38:35Z,jjuppu_,account.031c538cd2784157813273b05aecbc3e
2026-02-08T09:38:35Z,rlawlgud0327,account.d741e9463e4f4e458d02a195987d55fc
2026-02-08T09:38:35Z,xoghks123456,account.76e5b7d0b41f44a49221c5bb3fe17e40
2026-02-08T09:38:35Z,nammong,account.334048f8e0594bfab2b5b3be03121dfe
2026-02-08T09:38:35Z,YoDa_013,account.bb6f655c357841e28f8f4d7cb4501573
2026-02-08T09:38:35Z,cat_1004ly,account.371fff18da5b43239809c628216f12a1
2026-02-08T09:38:35Z,JAEBONG_-,account.c51aa4000bc2412aa5a1726bcd2f5cb4
2026-02-08T09:38:35Z,stas2002400,account.d82df5f92851493a89cf0c6a956d5da6
2026-02-08T09:38:35Z,seowon0408,account.63982a4841f747318e810f417ec5be2d
2026-02-08T09:38:35Z,YY_ddenY,account.f385049b048c40508a12b6ca2cf82ca5
2026-02-08T09:38:35Z,CheonBon,account.04dfc9415321468a87c73f720547f498
2026-02-08T09:38:35Z,YESEONG_FOREVER,account.8fc9a08c36dd4ce99947028e5dccd997
2026-02-08T09:38:35Z,SBJUNGBY,account.73f9e0cfe4cf48d690db1c0ac5b32bd8
2026-02-08T09:38:35Z,KiKi_517,account.75566eb2c8dd41dbb7c6af2ec5e49393
2026-02-08T09:38:35Z,dign5088,account.83cd852bf6b84d22a16fb6a16c9d8571
2026-02-08T09:38:35Z,J_Plus,account.9d87c7849c3c4a3db41b4fe1350c93d6
2026-02-08T09:38:35Z,PPOPPOHAJA,account.2e6dd1676e8a45daa7aa4f4018bf0482
2026-02-08T09:38:35Z,PSDSDNT,account.7e63f2b65b534e298d2195472f0b34ab
2026-02-08T09:38:35Z,LL_tunhO,account.55b8827b47ec48978b7c3ab51af64528
2026-02-08T09:38:35Z,Ahri-_-v,account.34708a8c54c347ecbe63f68b4956ab55
2026-02-08T09:38:35Z,ParkChung-hee17,account.79b0f97d775d4747a302215b11e413cc
2026-02-08T09:38:35Z,nameistaebin,account.9990837823e045a9b9e86dfb1ad100a6
2026-02-08T09:38:35Z,Heetsss,account.39297b3c82674f4d99045b111f3d04da
2026-02-08T09:38:35Z,swift_st,account.a21facf627cc421a845b5689de2a3d0c
2026-02-08T09:38:35Z,YOOK001,account.fdddbecf277e405b9217b7024da2db6c
2026-02-08T09:38:35Z,sky-cho,account.fe5c24da094745b5bf0c87582267c04a
2026-02-08T09:38:35Z,Shepp_essence,account.f3aff4b1459c4e0da0a091e32daf0df1
2026-02-08T09:38:35Z,Jaay_one,account.21236d4566f2457d9ba18297525ba7da
2026-02-08T09:38:35Z,aewr1,account.0fe2328a68224ec3a0ff9ff83dc5b586
2026-02-08T09:38:35Z,GGWAK_BO,account.36591de17849410990f13d83b294157c
2026-02-08T09:38:35Z,Loyalty_M249,account.eff2d1ed632b4a7a9da57df531793170
2026-02-08T09:38:35Z,YY_gguginG,account.47cf455af6bf4e48ad4bbbcadbbd5453
2026-02-08T09:38:35Z,BeomTTu,account.544782d9ad3748acb067425ac9c5954e
2026-02-08T09:38:35Z,paladin19,account.6571d57bb1d347618efb1c5d1878ab18
2026-02-08T09:38:35Z,mjhwann,account.32068180a3604e798d41e259a8a7ebdd
2026-02-08T09:38:35Z,hunters_Moon,account.ebcf993571ec40a2ab5ec7c4cc54a57f
2026-02-08T09:38:35Z,dpfla69,account.542d63dcb89b411890d6c2f7c851091b
2026-02-08T09:38:35Z,Rockraccon,account.24fe0845bf684ea48146e330adeed697
2026-02-08T09:38:35Z,young9-_-,account.efbb3e2c9fae4826a7d3722e5ddb60c3
2026-02-08T09:38:35Z,ICON_ELNINO,account.accef9ac87634615820aeb093cb0cc01
2026-02-08T09:38:35Z,coco_Sensei,account.33ba7ac365c240108acebdf3fb80cbc1
2026-02-08T09:38:35Z,nanhammideodo,account.152b5abb4d2b4beab6aee117b361c33b
2026-02-08T09:38:35Z,zlatan0330,account.14532cc8d51d4ce7b762634ac19c4a0d
2026-02-08T09:38:35Z,jun0073,account.f5360234ac2d4dc8820bfc42979558fe
2026-02-08T09:38:35Z,YY_hadiminG,account.7a18838371d842aa858a40bd7a81dfa0
2026-02-08T09:38:35Z,kimhoyeon22,account.2b541aa729c14035862fdcec1221e3c2
2026-02-08T09:38:35Z,8flyfe,account.704ee52eb65746959a79e977ebc0fbd9
2026-02-08T09:38:35Z,poixp,account.1eb59cbc8d6144c38b5e0d26d52ec79c
2026-02-08T09:38:35Z,weoson,account.47770fb63ecf4d08b322b8561dcd4613
2026-02-08T09:38:35Z,EjeGmanLobbyRo,account.c42bc9c9bb6243b6b9f1a5dfb8b4c47b
2026-02-08T09:38:35Z,judam1818,account.8d378c59aef34112980dde54deee4fde
2026-02-08T09:38:35Z,AeMakGol,account.00b585a550ea477e8c49513a5f2b320e
2026-02-08T09:38:35Z,SURISURIKOR,account.ffd3dc16cda84ea29131b8625c1b6031
2026-02-08T09:38:35Z,bentley_7777,account.18d55369419c451f8742b067994c0761
2026-02-08T09:38:35Z,GoonFeelHyung5,account.8bd695d18ac64c25a66db547f61bd61d
2026-02-08T09:38:35Z,busa_kor,account.72c9781bbf9f490fa2eb4d56270ac722
2026-02-08T09:38:35Z,Y_HO_10,account.f0bdaa2c29e04d62a73cab8614b1a774
2026-02-08T09:38:35Z,YouTube_GJ,account.b23194b465344622bfa60c373c974a1e
2026-02-08T09:38:35Z,naranica,account.889ddcc7e554460ba2d37f6dec6b8363
2026-02-08T09:38:35Z,long_arm_parrot,account.f76416e75df8429f806eb0ee680ade47
2026-02-08T09:19:32Z,Drav_Cheonmu,account.cb7109218ed34f53aa3e4eed444cf8b0
2026-02-08T09:19:32Z,boo8345,account.aec4f6aa8edf4b3fa0a146989878cff9
2026-02-08T09:19:32Z,Oort__cloud,account.2096120b31f74767ae0f596ffcb092c1
2026-02-08T09:19:32Z,ChangHyun-94,account.2e0ef6e094e2461c90b1db81e4b9acaf
2026-02-08T09:19:32Z,JORDAN_Peele,account.10ad240699ca4c0d9de6022e2a665715
2026-02-08T09:19:32Z,94Been,account.e9980e0b1d6b4b3a85af27dd02b69bc5
2026-02-08T09:19:32Z,13730448,account.31b0977ae78b450a8c3db6c1877a233e
2026-02-08T09:19:32Z,HW_9410,account.3e37cf2bfc0e4ecdb5de419eae3607a6
2026-02-08T09:19:32Z,PCtorang2,account.17191cb520284dd6b3b509ee891d9b19
2026-02-08T09:19:32Z,purple0320,account.b44d550630b74a2c9156cf3d21a7450d
2026-02-08T09:19:32Z,eunchan--_--,account.181f1d5509894fa88b02cee24df95b67
2026-02-08T09:19:32Z,Mapn5230,account.7935233d567649fd9da5802cb46537de
2026-02-08T09:19:32Z,Hulk-SEEBAR,account.b03e611422bd43c7b6065d73ec34e474
2026-02-08T09:19:32Z,judi0_0,account.728ff5cdb9eb465f889be25758c6ded5
2026-02-08T09:19:32Z,Uncle__Thomas,account.6fa0978063a543978f22befd7d8d0465
2026-02-08T09:19:32Z,KKaMi-_-_-,account.62426aeafe994ca7b8ada7c8d62ebd86
2026-02-08T09:19:32Z,ChaosDragonHyeok,account.85c68408ebe54a2991076a38c0e6e8ed
2026-02-08T09:19:32Z,mymonkey3-4,account.f1814423ccda40938ea36962d2bc593a
2026-02-08T09:19:32Z,y_JUNGnAE,account.63a71663aaef4f2d8fed7f505be60830
2026-02-08T09:19:32Z,Riririra,account.354d4272cb60481d9f4b9dbbdd84eeec
2026-02-08T09:19:32Z,IK_MONAD,account.7ac33a4be63945128dc8f556a53af5d4
2026-02-08T09:19:32Z,GgR_Thor,account.9ad7cede33b04cc0bbde0d1b5a148f1e
2026-02-08T09:19:32Z,hy_companymtech,account.29a7867c7481436082509e7d11f26bcb
2026-02-08T09:19:32Z,Benz_AMG_-,account.d1207b5c4b1043c498d3eefa0dcedd05
2026-02-08T09:19:32Z,gkstlrrhrl,account.2a61f73375eb449989b10af328aa68a3
2026-02-08T09:19:32Z,Drav_One,account.ec7129dc3b5a44c9a27546dfe9fbfd6c
2026-02-08T09:19:32Z,ISTP-_-Aura,account.211ba989147c4267bfedda49adc50097
2026-02-08T09:19:32Z,M4__--01,account.a52a3a1047e74a8ebc5cd184f9ebbf8a
2026-02-08T09:19:32Z,seungJJang02,account.370abcc2d7a1471497892be5f467b180
2026-02-08T09:19:32Z,kimshyun21pl,account.759c7c28b774405f9f3eaa85e18b1d75
2026-02-08T09:19:32Z,Dr_PPer,account.385e45e9bf7342ef9abde819bffd9799
2026-02-08T09:19:32Z,NLPSIN,account.f7c7419088e24e25b2d049663787ad64
2026-02-08T09:19:32Z,chocobioneshot,account.31b4b540cc12458bb0805eac4e8f992d
2026-02-08T09:19:32Z,yangsyangbeom,account.b398a8f0774043ccb367f041e7b77392
2026-02-08T09:19:32Z,clap_hyeon_,account.1a850b4b0dbe4511b9222181009c5068
2026-02-08T09:19:32Z,battledevils,account.4075fe43968844cd9799602b13c6fdc2
2026-02-08T09:19:32Z,r1nzzang_,account.ab43ca7fb8024fb6ab5ff8389db4fc34
2026-02-08T09:19:32Z,GreenBerets09,account.0aa356594c9240d3ad1fa5bc037b2e00
2026-02-08T09:19:32Z,Gong_Gal_Tan,account.42cf11f31aff44f49d7d561d925ce28f
2026-02-08T09:19:32Z,seolttang,account.0a907c4368b44698b2b907dfd3a72d46
2026-02-08T09:19:32Z,kotae0,account.6d4ea48de8164bf8aaab1afcc682d5a7
2026-02-08T09:19:32Z,GyungBaek,account.d923e67df7054cf1aad6f4ca598bf798
2026-02-08T09:19:32Z,gkghgkghgkgh,account.9c717da95c07479497bbd7a6f0a94d9b
2026-02-08T09:19:32Z,crystal_4589,account.74651c82ff8f4817bc793f292fcf3b9e
2026-02-08T09:19:32Z,Geralt_Yennefer,account.b93c179ef9b24353aa22a7df14ada09f
2026-02-08T09:19:32Z,wmem9--9,account.27cb4897d98d483496233daefd5d6ff7
2026-02-08T09:19:32Z,13669616,account.9ce781d50f1e42619462be1c4b81ea39
2026-02-08T09:19:32Z,fu-iler,account.db91bae09b0e4e25bb04decb676f8548
2026-02-08T09:19:32Z,Ndkjjang,account.d6b8fd6475604b7681f7c52eddb35d25
2026-02-08T09:19:32Z,KIDARIAJEOCCI1,account.5ebe97b05c274cf3b54568dce70d4bd1
2026-02-08T09:19:32Z,mj_yumm,account.ec7e7a8a152540d9bbd27db8b3dd460a
2026-02-08T09:19:32Z,13828956,account.c4c7a5c1bebd44579e0a20e3635df51b
2026-02-08T09:19:32Z,zizonebobbys,account.b80bb47fab4c4f1a8c50e84d245e4aba
2026-02-08T09:19:32Z,2011421,account.6ea525cf9fef4cb6b80ba4d9895498da
2026-02-08T09:19:32Z,Petit__-,account.24f0e240bbc74c98b8dd9454a9e29343
2026-02-08T09:19:32Z,holollollo5,account.b243bd733a5643bebff3c0d5ac760f9a
2026-02-08T09:19:32Z,Drav_Min,account.610eccb64da24d44837a27406c5592da
2026-02-08T09:19:32Z,bella37,account.10f38f076cd94688b358d3e2d1a70123
2026-02-08T09:19:32Z,ssolssu2sso_oh,account.7634ebbbddcf4f739efae5053b8ad74f
2026-02-08T09:19:32Z,totNO,account.c8798a224b834c2b973ef44ff8e6fa7e
2026-02-08T09:19:32Z,skarnrdlekt,account.8b6f456e29774b0d9ff3f95f5f8a2d57
2026-02-08T09:19:32Z,GgR_JUNY,account.946cecbfbb6142d08e41a2ecac2c9032
2026-02-08T09:19:32Z,RARARARAAR12,account.ab1b42bd69884a3586e4044351e16274
2026-02-08T09:19:32Z,MJMJ1018,account.756d6ace744442b0a76f6a6769b0023e
2026-02-08T09:19:32Z,Golden_Blue_-,account.736a246d335c497ea44de97a7f5dc0dc
2026-02-08T09:19:32Z,Evil_GEUM_JJOK,account.e10d48c6de4b43f480e4f4bf002ea278
2026-02-08T09:19:32Z,Sex_Seong2,account.c04872b949614464b13ee2660e4c28d6
2026-02-08T09:19:32Z,ssolssu2sso_se,account.fa2467917db443e28a46e0e1a5f6ca06
2026-02-08T09:19:32Z,elxpgud,account.423291b3c0c04eababf22fa4b7be855c
2026-02-08T09:19:32Z,POPCORNTV_Dream,account.116f7ab5856b45cd8c7c0d12f865ba7a
2026-02-08T09:19:32Z,dlgusdn77,account.012698e8a1aa4166a2e10f3dedcab7a5
2026-02-08T09:19:32Z,Lr7rLr7r__,account.f834fa8c53944b339d025e3f235a094b
2026-02-08T09:19:32Z,kor_cha91,account.ab645d0204e543f5ba7354aeff20bcb8
2026-02-08T09:19:32Z,Misty-_-92,account.28ead4b84c5446b586b33408aa370a7b
2026-02-08T09:19:32Z,jungjaenim,account.04601c8d544c43e886c8b9690b30abb6
2026-02-08T09:19:32Z,GochuTuna__b,account.4933c4e04c3644d39c4e1f6f1a5d7a77
2026-02-08T09:19:32Z,mandu___b,account.49d655d60f6e46ea8b00397f642ba8e4
2026-02-08T09:19:32Z,Team-leg,account.51d684aa03c34c23882cb946c93fa0d6
2026-02-08T09:19:32Z,Winner_is_me,account.1b86b95264e142b4b5a76960348418d7
2026-02-08T09:19:32Z,y_sj__3,account.54de7ae575ed40e6ae39c3705d6a521b
2026-02-08T09:19:32Z,ss-1974,account.53b00a623e2f43129dcb17c03d2209af
2026-02-08T09:19:32Z,13254027,account.db0eb515eaf342af9e6cc3aa429415ed
2026-02-08T09:19:32Z,ChelseaFcHazard,account.24b04ae3d84b4c33894c8ff00e493f6a
2026-02-08T09:19:32Z,skdmltkfkd4444,account.d490ba8eec6c4d64bb3608d1de3a2b7b
2026-02-08T09:19:32Z,pink-Gorilla96,account.3fb80e6762914beaaed1712f04b9e6b8
2026-02-08T09:19:32Z,KOREANIGHT,account.c260029439b9489897a82ce5c46dcf19
2026-02-08T09:19:32Z,Haelming,account.d93a42ab03a64d9f9a5727d667441624
2026-02-08T09:19:32Z,Shunnel_Chicken,account.66321f036965409bbad23ce21b657659
2026-02-08T09:19:32Z,Chewberub,account.ec0a0a264f4f47cc8eb42b386601cb3f
2026-02-08T09:09:49Z,Atorvastatin10mg,account.bf2e9e6d1a024e31a5585c22d9b1fb7b
2026-02-08T09:09:49Z,Ye_Seul__,account.536fbca81fc14b0abb6dc8927d5e7fb7
2026-02-08T09:09:49Z,Arfonsen,account.28e61e38414d4ef8bbde6dc36a939649
2026-02-08T09:09:49Z,buk_sw,account.d6439b84559a4d938fc09e4efa445037
2026-02-08T09:09:49Z,young_MiNxxxxxxx,account.c4772a2acbc04682b2e073220b0a44e0
2026-02-08T09:09:49Z,jinguningning,account.5ecdc52292cd41989200cb83b7d3df56
2026-02-08T09:09:49Z,shelllwedance,account.f850d3cd6899402d805d74ab4db59aaf
2026-02-08T09:09:49Z,yen_ni_12,account.5b1169057c5f40559aa11d7284d4145a
2026-02-08T09:09:49Z,ICON_Peri,account.99557aa3c2594df88e1e1d9cf1499005
2026-02-08T09:09:49Z,gnlcks1,account.7e06e1d8600e4ea9b02dde8febc97f92
2026-02-08T09:09:49Z,mognspz,account.b6ffcdbf659d4d40866aa6b8c6cb4582
2026-02-08T09:09:49Z,DanDan_Muc_Jic,account.50b040747ef84c83bf07bd647bc5cfd7
2026-02-08T09:09:49Z,SESANDER,account.56ebe2188472407282969a640f8d353b
2026-02-08T09:09:49Z,BBOUNGGI2,account.4674265059954ae091eefdb4ff75535b
2026-02-08T09:09:49Z,lot_0222,account.5b752f461064434a98bd6d8fdd805f7e
2026-02-08T09:09:49Z,0verwatchGosU-_-,account.9c1449b5fb3a4faeb40a69a5bf216b6e
2026-02-08T09:09:49Z,DongGGuU,account.ab48940737524ba0b16600878abf90f0
2026-02-08T09:09:49Z,GR_TAEI,account.dd8f96f65cb947ef8ae671a980139831
2026-02-08T09:09:49Z,GoChuu--Bun_NIM,account.881750ed1876487e93b8ff8e47bd97f3
2026-02-08T09:09:49Z,O3ohn___,account.10e7e193386f496f84328a1a697dba3a
2026-02-08T09:09:49Z,hyung__K,account.0df3ba4639014f6fac1aa077db3379d5
2026-02-08T09:09:49Z,GoSo-_-Me,account.7a37aca9f27b45079ad3d3a0d6a5894a
2026-02-08T09:09:49Z,Senegal-Pistol_,account.3a2e65255e02435d96a32888303d9564
2026-02-08T09:09:49Z,O-D-SH,account.899796e5bf5c4e838cc80dd7f25a0f2f
2026-02-08T09:09:49Z,Bang_gui,account.86ef7fbb93fe4128b528fbbf77f99b87
2026-02-08T09:09:49Z,Newday_-Keep,account.bc18089f4a5945299723dba56e1cb0c7
2026-02-08T09:09:49Z,EYH_DO,account.8ad605e5b14a4144a370e5eeb23fbb6e
2026-02-08T09:09:49Z,DolDolYoun,account.d81b6e9040164ec789605bfc98631be2
2026-02-08T09:09:49Z,CIEL_JH,account.84e4e427d22c4ed58980ad86b3a79fc6
2026-02-08T09:09:49Z,Livy_v,account.78fe9f38c32a43f0ae6c05153b48b0c8
2026-02-08T09:09:49Z,HaAaRan,account.2f927f2ca0d747e89051f5a6a12fb65b
2026-02-08T09:09:49Z,motel-gaja,account.25ab7e42a951492dab5fbce96726a154
2026-02-08T09:09:49Z,HomeKILLERRR,account.fd4d84064f7545faaf4afdeaf215a8a5
2026-02-08T09:09:49Z,yoda0120-_,account.331b89607d0f4fc38c639621e7ff0750
2026-02-08T09:09:49Z,dh5409,account.39faa48f59034193be7f0f9bff260400
2026-02-08T09:09:49Z,okas_J,account.2fe67544aee84211922ece0574837149
2026-02-08T09:09:49Z,AsanBaekGGuNewX-,account.761f743f2c9543e391dc8f3181e9eb6d
2026-02-08T09:09:49Z,Kenya-shutgun_,account.c5a6b2f068b9471787839a91509a4b3d
2026-02-08T09:09:49Z,cute_eun_o_o,account.d8fef99588a24f1f8809e552ed3eb96f
2026-02-08T09:09:49Z,Madecasso1,account.24785c8e7cb9403aa0ebd3afa6d389bd
2026-02-08T09:09:49Z,NoCaptain_NoTuna,account.0f69ba4686984cf3975ecb038372449a
2026-02-08T09:09:49Z,GR_Park_C,account.c6dabdb29bef47d6ad450835dc82b9d1
2026-02-08T09:09:49Z,KINGSEONGSUUU,account.c9496a87894b43cda1b7b9f8047a60ae
2026-02-08T09:09:49Z,youngguns2,account.4c6754519cda4c9abc3b7dc54f5b8cb5
2026-02-08T09:09:49Z,9mm_VectorSS,account.daada9d5fd7945ffb15fbaca9655b2e7
2026-02-08T09:09:49Z,jangdirp,account.3eaeba48932142ea92540e88fef02617
2026-02-08T09:09:49Z,GGUDOK_PAPA,account.c7e7a7354d004f25b902289184352210
2026-02-08T09:09:49Z,0baya_salido,account.54a07c9ce7e443ed87d7880e79ced350
2026-02-08T09:09:49Z,Sa-nok-go-su,account.faa9ff7f457f4a23b74cb172e037eadf
2026-02-08T09:09:49Z,W00ngZZang9,account.c1617718032b46c0a10ebf400f27f48c
2026-02-08T09:09:49Z,FUXKINGMIN,account.fbe8242bd2c749068118ae2ff49281ef
2026-02-08T09:09:49Z,Namgyuse,account.899e3288a1e34477bfb10a9120e3a3be
2026-02-08T09:09:49Z,0_nahall_v,account.9250eed99e894056b0ee92b9ef64ede6
2026-02-08T09:09:49Z,GO_YUN_0423,account.4dfeb04a95f341e38dde7e6cc4b94a96
2026-02-08T09:09:49Z,qwer123543,account.0c65d2bcd63f46e6bf503c07bd3251d7
2026-02-08T09:09:49Z,1st_WarMth,account.45064980d0a3424dadd8f435cf8e0ff8
2026-02-08T09:09:49Z,rpdmsnamu,account.0f1f2354a8ca44e598f7a5ba6251ba2f
2026-02-08T09:09:49Z,kor_LETOON,account.563bb2d0eadd474e8e005867bf2a8656
2026-02-08T09:09:49Z,qlsl0108,account.93751b0c1d164f43840b27aa56fc0660
2026-02-08T09:09:49Z,ICE__SIX,account.145a83a74cf849ba83e3cce353cbcfad
2026-02-08T09:09:49Z,2023-04-28,account.e8ffd07ca7b0441aa8676702cce65ae1
2026-02-08T09:09:49Z,1-_-Bun_NIM,account.d8b5755abd024f4c91bcd265d961df5b
2026-02-08T09:09:49Z,Uganda-Sniper_,account.635ae34542c94ca8839215ec544633d7
2026-02-08T09:09:49Z,No1_KaIsEr,account.f2f0bf41d91b4da0a886c3c4390d424c
2026-02-08T09:09:49Z,ddadduni,account.81719640572b43028fd2caafbd470cdc
2026-02-08T09:09:49Z,gjwlstjr123,account.be4243053efa4c01a1fcb13c4cab943c
2026-02-08T09:09:49Z,Jxxkyu-_-t,account.e89a82ce19604396b2b7a5ee33ed014f
2026-02-08T09:09:49Z,O_Weol_e,account.033ac1ee33db4853ac8d00e73ed16f03
2026-02-08T09:09:49Z,GGUDOK_MAMA,account.dceff6ceb7f0406890ac35a1b90b9406
2026-02-08T09:09:49Z,ZakD00,account.a439532cdf4741099b9a87b46715e738
2026-02-08T09:09:49Z,sexyboy0202,account.2961dc0382d640e98800509e7c8c6c69
2026-02-08T09:09:49Z,Nebula_MIR,account.90cb0442e77c470dbe94aa150873ad14
2026-02-08T09:09:49Z,yoonizzazza,account.00f0f2742cbe49ae92326dfc70a8b869
2026-02-08T09:09:49Z,whtjdqls1567,account.6f71e0da1c8740f7996732b7d29ac58f
2026-02-08T09:09:49Z,TEPSTTIVAL,account.0a31ca49905a4e2ab0472a964f142249
2026-02-08T09:09:49Z,songsick7,account.c9e40bb1c7d34af3996a6dfb19d851c6
2026-02-08T09:09:49Z,envi--,account.dc0f78bbb6804af4870103ce4ddee0a1
2026-02-08T09:09:49Z,ddeungmin,account.6569c9ed006f40e29ec55d8ae88dc861
2026-02-08T09:09:49Z,JJANIII,account.a5b362face96423491271359d75d47a2
2026-02-08T09:09:49Z,HOLIYSHITTTT,account.01893075fe1843aaac30cbd6dbe93a61
2026-02-08T09:09:49Z,U-_-Bun_NIM,account.5d72cfde5ca442da9e7255d2ce451029
2026-02-08T08:57:39Z,Jaelook_,account.a1fac64a177b46ebbd4f63d8582aba6f
2026-02-08T08:57:39Z,Smile-Bill202,account.436e6446225b417dacec716f34eb6f3f
2026-02-08T08:57:39Z,Japan_host_boy,account.bc19b67d0be44d5d81a904549407a97b
2026-02-08T08:57:39Z,kki_Mochi__,account.04648fcc5e7d4b91922981cea053cc12
2026-02-08T08:57:39Z,Labolace,account.6401e94e69a24de284901787249bdc2d
2026-02-08T08:57:39Z,Absicht,account.449b0c47dd5f476f8d5e92ae85b404dd
2026-02-08T08:57:39Z,kakarun_gak,account.cfca29acd0e44734bef60d36d1896219
2026-02-08T08:57:39Z,Dekada1,account.2dce0b7480064a4f891506d66fc2a901
2026-02-08T08:57:39Z,Lupin_pavone,account.c1b7bbf1a5a14f3bae0047404ec7c771
2026-02-08T08:57:39Z,NE-2-NOM,account.72b44cb0689d4225bfbb680aec80638f
2026-02-08T08:57:39Z,Ma-Tang,account.ca92ab8d589c4d8b89f0edd8ad6a4599
2026-02-08T08:57:39Z,sdcard55,account.cfb1db3dfd30471fa18d0b33a5913c2a
2026-02-08T08:57:39Z,dragon_Toothless,account.bbaa3802664042d6b672309d1b2758c4
2026-02-08T08:57:39Z,pcopco12,account.8291863af3164f58bcea521a193979a3
2026-02-08T08:57:39Z,paroparo82,account.4333eecd94a9479e8e5f42f4920267ff
2026-02-08T08:57:39Z,oc2oc3,account.564b9dedd18449eaadfd404d8eb4b9b7
2026-02-08T08:57:39Z,hsg5782,account.cb4300aca4ab4e13afbd4256f3f2657b
2026-02-08T08:57:39Z,Ariang1_,account.f40117ec8b83451d998aa83212842c1b
2026-02-08T08:57:39Z,Maxim_-o,account.b5da82454acc4f7597b58cecf4e6e985
2026-02-08T08:57:39Z,jjanggu_9s,account.8d82f571ccf141d3a53d6cf00c61c3fe
2026-02-08T08:57:39Z,dudrhkd006,account.5a1c1dc726d6459486cb3a361ae5a7e0
2026-02-08T08:57:39Z,YooHD,account.0499ed2973da43e6b1bd0dee99cdca1e
2026-02-08T08:57:39Z,sanbonDriller,account.99ef2bf1a8fc4c6a9d9819f30480d759
2026-02-08T08:57:39Z,illilliiliiliill,account.eefe038fc2574973b0cb22ec4d381098
2026-02-08T08:57:39Z,CC0CC0_00,account.3b113c7d019f4cbdad545e8d4d40c45f
2026-02-08T08:57:39Z,HxNt-_,account.854ed25c0dee4e7f8f6ee8977a29c178
2026-02-08T08:57:39Z,JaeBoong2131,account.bd064a3604e047baa82967161a0358ae
2026-02-08T08:57:39Z,majea1231,account.56e2c98177ea46fb9fccb5aecdc6d356
2026-02-08T08:57:39Z,gsfadoihnv_-,account.65a6d017a9254020bc36769d44c77757
2026-02-08T08:57:39Z,sabbath_ky,account.a90097da1c3d43639301ad0df06257d3
2026-02-08T08:57:39Z,veryoung,account.3092da1b6ac5448d830097c15c975e43
2026-02-08T08:57:39Z,Ted_5,account.604aa3037fc7429a8d0fdaa29730fba0
2026-02-08T08:57:39Z,x_Kar98K_-,account.b7628515a99a4155b18d79d6115937b5
2026-02-08T08:57:39Z,frozenhigh,account.6aaca19e421948df8b474bfccdcc3661
2026-02-08T08:57:39Z,SonGodeuk,account.22da755240a4435f974be738e312601a
2026-02-08T08:57:39Z,DalHa_L,account.1dfdc2a238714a4abecc4676d20062ac
2026-02-08T08:57:39Z,STCFA,account.5527e653080943a58ba26d3736145610
2026-02-08T08:57:39Z,ChiRi_S2,account.e4d7b5842c3e4f0ca8b7e6a49f94de88
2026-02-08T08:57:39Z,Illulryeogomanna,account.f6d96b1ab8f44f9d9f8aca852db204d7
2026-02-08T08:57:39Z,sonji1115,account.7f0c55a3a215491aadd9158a4316e874
2026-02-08T08:57:39Z,MEVIUS8mm,account.78710ea7514641e49e280f2332f93232
2026-02-08T08:57:39Z,paint-no1,account.f8c638ccb61e4629afd3e1c59ac5bee6
2026-02-08T08:57:39Z,tomatonoodlee,account.39fa896deca04ee7b88b9222702ff6dc
2026-02-08T08:57:39Z,Jun_Young_Lee,account.1f79224f119f48028065b6426800f9d8
2026-02-08T08:57:39Z,AK_Pro_Miss,account.1b2419f1e93f4dc587864d2a0057b370
2026-02-08T08:57:39Z,East_TigerK,account.c69eeeea08a44f529202e4eecebfbf91
2026-02-08T08:57:39Z,bonobono2131,account.825ba688dfb34bde9ab6922f0faf960d
2026-02-08T08:57:39Z,Binnie_land,account.c866967e7867423999b5f750d69dbb01
2026-02-08T08:57:39Z,dallineungibun,account.1f5c585062a24d8593fa646ec45bb50f
2026-02-08T08:57:39Z,RLFL,account.c471e117568643288f0c0c21db84194b
2026-02-08T08:57:39Z,tjdye0o,account.4fc37518a3724ac3aa74adfda32f2260
2026-02-08T08:57:39Z,xooxxox2,account.e96cfe31be1f4059a013c18b23b18296
2026-02-08T08:57:39Z,0huny0,account.8636eade61ed48a1a657e67e25f87028
2026-02-08T08:57:39Z,RotnRkd,account.89ecb80f13b14f69821f952ea66fd3fa
2026-02-08T08:57:39Z,X1uChen,account.1fc6bb509cd24b5d98156cb2dd43ec0d
2026-02-08T08:57:39Z,rkfrkf22,account.481fe8741c28463f964f46415731d628
2026-02-08T08:57:39Z,TakTxK,account.2aa60a29fa214f66b9b90ebed11f6f11
2026-02-08T08:57:39Z,Trigger_5mm,account.1f2981aa25ae428a88d558931849a909
2026-02-08T08:57:39Z,ImulnengI,account.35a86393703746ed8c1d1229b036a9a0
2026-02-08T08:57:39Z,sSnake_-,account.ca71987f4d2743f7aa5690cb952da035
2026-02-08T08:57:39Z,qustdwls,account.388442d58d2446418ff24e9368ea7318
2026-02-08T08:57:39Z,kcj80,account.825a118a402149c986227e133bd8c543
2026-02-08T08:57:39Z,babeellll,account.3cd9837bd08f427c8fa642a6e4c2a73a
2026-02-08T08:57:39Z,Inomix_-,account.ec2be8449ebc4a1d92b6ece7dd26c6e4
2026-02-08T08:57:39Z,xzcqw,account.7fdb6fce48354fd795d588b435aa2111
2026-02-08T08:57:39Z,jigwon_010s,account.229176d12c1f4b74a89e63d2c62ecf76
2026-02-08T08:57:39Z,bb_xng,account.23bac504f409461e91161a91afcfe348
2026-02-08T08:57:39Z,yajarirr,account.c3a2753be67a4b73bcea5e766dd2559c
2026-02-08T08:57:39Z,nighthelpers,account.5772783f8ac24a2fa54e888a29f4f0b9
2026-02-08T08:57:39Z,Raccon_jong,account.004f2d2d84284813b2246cac92909579
2026-02-08T08:57:39Z,illillilllllilil,account.6ea7e71cab91449bab4cdfed64ac85b5
2026-02-08T08:57:39Z,SSAPGAENOM,account.12bb0be128e5488da198f2431873cc3b
2026-02-08T08:57:39Z,kingofkingkang,account.591a5f1e601647458a0b43eed96df62b
2026-02-08T08:57:39Z,asdxzczxasd,account.74240c0377fc46b3889ea2126a13e9b9
2026-02-08T08:57:39Z,kanghansik,account.f83c615437ac4a2a9450216fae9d04f5
2026-02-08T08:57:39Z,xounx_-,account.f80be23c5f714480ac57b35ccc74d34c
2026-02-08T08:57:39Z,Ss_NeuJagu,account.9329cf83364e4f0f8610a43d9c8d33d4
2026-02-08T08:57:39Z,sssss_kim,account.228cc0152902483eb502eeb73c5e7ca1
2026-02-08T08:57:39Z,imjingyo,account.cf74237b4fa54c2e916d3f9f6cb44707
2026-02-08T08:57:39Z,JacoB-HS,account.5ee8675b6543486888ce30c311098975
2026-02-08T08:57:39Z,MOOMOORETERN,account.cbbbe94bf34c43bfb7274eff960162ee
2026-02-08T08:57:39Z,Star__Killier,account.63a7a92e99184296898d1cef38a069bc
2026-02-08T08:57:39Z,dwdwdw0518,account.3914fa3857b94b33b8d22be7497a50c7
2026-02-08T08:57:39Z,dssssol,account.839b341973f14d8e82270f9be2a1d90e
2026-02-08T08:57:39Z,yamnaewaddang_,account.f628aa94d1744b85a0a8ddcbd2c184ae
2026-02-08T08:38:06Z,brown_BJ,account.3a1fab657cf842e1becdd7f31aaddb03
2026-02-08T08:38:06Z,2isright,account.edd04ecdd55b45dc96c14eb3ce48aff3
2026-02-08T08:38:06Z,CZ_ZzoGgoZzoGgo,account.d8c368c7e0c94b16b10445d988ae70c9
2026-02-08T08:38:06Z,jaema__ni,account.79d5ee9184274ebf9f73c355691f4463
2026-02-08T08:38:06Z,nmo_o7,account.ef3b74a21ff24fc38476768bb92e3316
2026-02-08T08:38:06Z,igonan69,account.4c878cff980d47a8a2185c31a15ce958
2026-02-08T08:38:06Z,tomto12,account.fa77200bab8449048af446f5d823d972
2026-02-08T08:38:06Z,FTW_Ls,account.b9472eeaa2e5494780ad95e4d73b0434
2026-02-08T08:38:06Z,gunhyung-_-,account.b9a5694605954d4eb468e00bd68e2e70
2026-02-08T08:38:06Z,8814_93XX,account.28c0710ab433445ab4252eac94f2d66f
2026-02-08T08:38:06Z,LoveHolic721,account.02b2d92304294166bafb1fd20e49d406
2026-02-08T08:38:06Z,CODE-87,account.699656acc9df4babaf34cec0d3122e58
2026-02-08T08:38:06Z,Mzo_o7,account.d55d89d5c92b420b93b8e9ff25c36b3c
2026-02-08T08:38:06Z,ddo_o7,account.cfafc72b807b4204931270e229ef7808
2026-02-08T08:38:06Z,SEOULFLIP,account.2158d4ad8b234b9ab1c052888fd6370d
2026-02-08T08:38:06Z,Yen_Yul,account.9af0b7778aac4a2e9e3cdc38730b0016
2026-02-08T08:38:06Z,Kagawa_Jingoo,account.d0177d62f3da402dafd08a3d782a16cd
2026-02-08T08:38:06Z,GangKing-_-v,account.866d4893c4dd4e12a49670a764096b47
2026-02-08T08:38:06Z,Kirzavigung,account.e332f0bf7cac4e5597b31f007d7decd7
2026-02-08T08:38:06Z,Afree_97,account.be6e86bd62ac4259a62a06afde5c8897
2026-02-08T08:38:06Z,M_PPAPPA,account.70d6f7c3a02c4870bfe061a0d0ae90a3
2026-02-08T08:38:06Z,ssSaKura0,account.2cc941b1b94446dc9e9452fcc3798729
2026-02-08T08:38:06Z,hoonkorea815,account.7c5f0b7536734822988520edb6959d77
2026-02-08T08:38:06Z,Oooo_HOO,account.c63a56665f40404ba4334b29c401f665
2026-02-08T08:38:06Z,mc_mandoo,account.4725622b9e8e41bba71dc54df6f5af2d
2026-02-08T08:38:06Z,ddp_o7,account.f8fc0c4378fb476f9cecbfd67d0cf255
2026-02-08T08:38:06Z,Zoo_MUNZZI,account.baa23f9c49c64b6fbc84cf293982a266
2026-02-08T08:38:06Z,CHKN_LobbyRoNop,account.38342e5271a2462f9a32cc75c22f526c
2026-02-08T08:38:06Z,H_S_eunVely,account.a1b0cecb5fe249e68cdefda7c3b6d714
2026-02-08T08:38:06Z,Ch1Kn_Buldak,account.d1a5d56e3f4645a79efe4a03d4aa177d
2026-02-08T08:38:06Z,MAEDL,account.5b6d191f37da453f9407e39d52e954d8
2026-02-08T08:38:06Z,yszzzz0,account.b97bfa3314a5463385f066b81f80a4a0
2026-02-08T08:38:06Z,Isoo_-,account.68b6ea9c69cb4454b5b58c1733320412
2026-02-08T08:38:06Z,yul9405,account.65572b92b87f4b7988e3964b5d5b74a4
2026-02-08T08:38:06Z,GITbal_budae,account.490d06d4ebb24851a216ad960b074b2c
2026-02-08T08:38:06Z,nomu2017,account.d8c7c58e87c44adba278eaffed6bceb9
2026-02-08T08:38:06Z,No-Moo-Hyun__,account.fe15064bb50142509dc47ad43a25917c
2026-02-08T08:38:06Z,goto_hel1yourm0m,account.f75eb0c9b5c34f2a98d8e1174ceb5f72
2026-02-08T08:38:06Z,Ch1cken_Cot9mung,account.f1b58807a12948c0a3a399ab7e01be31
2026-02-08T08:38:06Z,Lee_Summer-_-,account.933e0b85ecb94541b4f984f8e05d14d6
2026-02-08T08:38:06Z,DongJu-0829,account.d0299d76a38341dfa49d689a1c9a5847
2026-02-08T08:38:06Z,joosh0,account.e2b593c538b34eb39b9fc110fc271722
2026-02-08T08:38:06Z,Gimozzzzzing,account.90064bbaa3d64de687e248e5e5d04238
2026-02-08T08:38:06Z,INSU_Thanos,account.fe8f3894734e436e852d1e573d144ac2
2026-02-08T08:38:06Z,Youtubo_DG98,account.4e8851f900744613b82c7bc773be4202
2026-02-08T08:38:06Z,free112234,account.375ba8db96fe4eb9914bb3afb42f7f1c
2026-02-08T08:38:06Z,yamujinjeoj,account.bbfb86b78e8347ae85718ae056ab676a
2026-02-08T08:38:06Z,Wandeter,account.c3c454ff83934428969338613bb9f840
2026-02-08T08:38:06Z,kingkingbm,account.1a195c1adc86491db594f9f2cb011e63
2026-02-08T08:38:06Z,HO-m24,account.71cf1b3502844eaebb8bfc9f2a2aeece
2026-02-08T08:38:06Z,givemecake1,account.ac9038d03d764da6bf4dee0060b97ad6
2026-02-08T08:38:06Z,Jisoo_1ddong-,account.9501f7e6d76348649633a55321fd626c
2026-02-08T08:38:06Z,HawaiianWolf,account.e65795c701db4d768580eac6d03ea276
2026-02-08T08:38:06Z,71027141,account.135ecc57a70d424085fbcd837511e267
2026-02-08T08:38:06Z,Cooperhyo,account.e627907ed7bb4f7094bae1e0d11c2029
2026-02-08T08:38:06Z,2Brown2,account.7df95db5b5824eee884047104c99e91d
2026-02-08T08:38:06Z,CharIesLecIerc,account.34fc41475340486eb897fe1b066c1584
2026-02-08T08:38:06Z,manhoon17,account.1e200159572f48a0ae427a50dfba7989
2026-02-08T08:38:06Z,iasdhfiudash,account.5fcf375e80f34b048300b3b3b53ccfa0
2026-02-08T08:38:06Z,Ladolcevita_-,account.eb2a04d2a5cc4414a0961d4de39d2bb5
2026-02-08T08:38:06Z,vixxol,account.2101ee4a0e2f4033ad5f26d78dfe92ea
2026-02-08T08:38:06Z,OTL-_-or,account.3f4759a6e46b4483a917d3177f145d38
2026-02-08T08:38:06Z,50030,account.e7db9203348c4a97a033889b08de713f
2026-02-08T08:38:06Z,hosick-two,account.abecdc0859534818bf18bf5e0631c187
2026-02-08T08:38:06Z,poketmon_woo,account.d0c27959785c477fbfe0267d2f740edd
2026-02-08T08:38:06Z,SLIMFITB,account.759dfc9cbc22433199408e67e52bf4a8
2026-02-08T08:38:06Z,glooomzmzz,account.b356017927a64702b18d65474f5abb25
2026-02-08T08:38:06Z,19SICARIO74,account.85b2e80a85c94fdfaf24f2226bdc93c4
2026-02-08T08:38:06Z,tae_jun1006,account.1e81d90161844be79815172e2d03f279
2026-02-08T08:38:06Z,rye_95,account.2bb2769f9ed640ef9cdc360bf3b19837
2026-02-08T08:38:06Z,Zoo_RILLA,account.e7519528747d49888ed9549ae517313e
2026-02-08T08:38:06Z,WatThaFuk,account.69ae935e76054e67847c5e052db659cf
2026-02-08T08:38:06Z,Carrymachin3,account.c37432057c76422e9811b77402c965fa
2026-02-08T08:38:06Z,Hwwwijeong,account.d7887646fbd743419e3d6f92c6d908a8
2026-02-08T08:38:06Z,56ami,account.698ff5778c304175a4c9a007fe00d313
2026-02-08T08:38:06Z,jjangjaemin,account.5f4637de5f6e47eebd26c79ad08a81da
2026-02-08T08:38:06Z,captain_Zachul,account.259a409a6c584068975305b8f3c34f83
2026-02-08T08:38:06Z,GMP_CHO-A,account.e481c6d25c7442c4bbcfbacc74696b79
2026-02-08T08:38:06Z,byeoldabang,account.f153590174d94d61b37616472fab3232
2026-02-08T08:38:06Z,hdk0827,account.58784a54450b46afa7e0083127287144
2026-02-08T08:38:06Z,VISIT_Cool-k,account.cdabb502a2dd4312b422b68405e361fe
2026-02-08T08:38:06Z,OH_KYUNGMIN,account.c219be8950f840b99c97ad2e533ec6f6
2026-02-08T08:38:06Z,SS8A,account.3e50d76cf36a4120b59b92e453143cb1
2026-02-08T08:38:06Z,4321QWERFDSA,account.99ba9b62be0e4138800e2459f6054218
2026-02-08T08:38:06Z,sjangkrpdjqtek,account.34e7fa1d843e43d38f1ea830ca7d73f1
2026-02-08T08:38:06Z,junseok-O_X,account.61495f50709b438d883a97d35d3d7fa5
2026-02-08T08:38:06Z,sexyyunseo7705,account.4d125a3168d945c8a673a9ba22357915
2026-02-08T08:38:06Z,GMP_sung-pk,account.3c1f6b141bd24118bc5c0dfcbce9ce42
2026-02-08T08:38:06Z,capzang78,account.db43ee336e3b4f64a6d07ee1fee32f89
2026-02-08T08:21:57Z,Wol_Lu,account.4b756f62c1214c54a1a50fbb3635031a
2026-02-08T08:21:57Z,assa333,account.06343155af2444e4b2fe4eb31f3702ee
2026-02-08T08:21:57Z,JSBD_Kenny,account.2717690cca994e44a3fa5e8078f543f0
2026-02-08T08:21:57Z,protect_04,account.46735b89086b493dadd8f758f05ba168
2026-02-08T08:21:57Z,IuInaa,account.ab381a89672e41aea08e4399a0f4979f
2026-02-08T08:21:57Z,HERMES_Bomi,account.58d02cbcb3074d82879fdb870b036b66
2026-02-08T08:21:57Z,lllllT_Tlllll,account.b24e6da3def149f5a13d4fc1ccfdaf20
2026-02-08T08:21:57Z,14K-Ares,account.ff481d8caee84cb4ab403ea2f0551ace
2026-02-08T08:21:57Z,INI_SsuYa,account.b0f72e4fe87e4ada9732aeef5c13fb68
2026-02-08T08:21:57Z,INI_Luky,account.d547468b59664cfbb6079242431e97dd
2026-02-08T08:21:57Z,CHEEZESEUL,account.849bf19901c84c18aba483cc2e11b6db
2026-02-08T08:21:57Z,HERMES_DeulKiRum,account.502e06801ec64d219b675f44706dd6e0
2026-02-08T08:21:57Z,M0nkey-D-Spanner,account.7e6499c47988405b8c5ee124be8dc061
2026-02-08T08:21:57Z,jun__1019,account.ef531c2f91c640f18bba41c67b0681e0
2026-02-08T08:21:57Z,YaBoCHU,account.8e9cca2e48c441ff89475675648f32d0
2026-02-08T08:21:57Z,rosemary_02,account.24ca22d4bf884568b105a671842b39c6
2026-02-08T08:21:57Z,HERMES_okChule,account.6af0e3900e3f4652867707b78051a23a
2026-02-08T08:21:57Z,ddakjota2gi,account.be1203724b0a49fea2fceb15cb76b568
2026-02-08T08:21:57Z,ArataMomoko,account.15b83a5ff9fd4de5b62089411b0d5c22
2026-02-08T08:21:57Z,KR_Bxxxk,account.f089cc6c3cbd40a9a5479f643e2430d5
2026-02-08T08:21:57Z,HUE-MoonLight,account.cf82d7d64dfc4997979ecdf25c757239
2026-02-08T08:21:57Z,llllllT_Tllllll,account.2b2f769079df4d46b3823978afb09624
2026-02-08T08:21:57Z,rochqhdlqslek_,account.c223006cb8c34cb8853f29bae31450ac
2026-02-08T08:21:57Z,Siruuuoxo,account.55a1f405dc5d4c9797418b2e7e6da3e5
2026-02-08T08:21:57Z,cjdghk88,account.7f67e75c9c5a401bb36891c7005cd5a4
2026-02-08T08:21:57Z,X_MXXXXX,account.69d8f968242e405cb783548f8038bd8d
2026-02-08T08:21:57Z,Yunnn-_-v,account.80b967fd72084fe19367fe4357b04249
2026-02-08T08:21:57Z,LAST_AM,account.9616b0fae0d04857b034bd46cf2559d3
2026-02-08T08:21:57Z,una_119,account.cf3364573cb0463c97ef6b0376f00bf8
2026-02-08T08:21:57Z,Yoon_again---,account.6afe6f91579a4c43b217ec1af8df34be
2026-02-08T08:21:57Z,lilillliillillil,account.9d0b18eda4fd4903899e4c7169a8cc27
2026-02-08T08:21:57Z,godsangwoo_,account.f1463a1b049841d3991dcee9e929dfa4
2026-02-08T08:21:57Z,ruka1141,account.2c45ef5ba6d14799924ff8b5445430ac
2026-02-08T08:21:57Z,VESTA907,account.feb372332d3a4972ab1084bb9ae81c5e
2026-02-08T08:21:57Z,whvhrroal12,account.2508eaccadef4c8ca6c0ca38268be3f0
2026-02-08T08:21:57Z,haveagoodvibe_-,account.d633fc5d4178419e9b4fd0fc93223399
2026-02-08T08:21:57Z,DoRong_Hi,account.66c02ff7c9634d80b36f763de508fef2
2026-02-08T08:21:57Z,ghkddlstj06,account.ce78fe8c05b3424b93a58e4c4d30f67a
2026-02-08T08:21:57Z,Assyrian_-,account.2212fe2ba6854e4b8800237e526bf85a
2026-02-08T08:21:57Z,KevinRogers,account.31bce35b86b24052bdae60b9643478ab
2026-02-08T08:21:57Z,Mango-1280,account.d451600eab564d0faa76671ab3bb4bb9
2026-02-08T08:21:57Z,Hong_danbal,account.7f2a9b61b7db4bf49a72ced1901a8d8a
2026-02-08T08:21:57Z,kikikkiiki,account.dd4c2f20072b4e098412253f31914ece
2026-02-08T08:21:57Z,i1i1i1illlllllll,account.1a9dc516f04d47938cd71b2b9e7f069b
2026-02-08T08:21:57Z,rhgudwls__1,account.190e60a6fe614fc3a5811ab1719b578a
2026-02-08T08:21:57Z,buginga,account.181e9a3cf06b4823bee527813ef86563
2026-02-08T08:21:57Z,BAPSAJUSEYOPLZ,account.a00ff72f62b64cff9da21644b07e9517
2026-02-08T08:21:57Z,CK-Tiger123,account.0a4af951375447ee8d3a51627a540af1
2026-02-08T08:21:57Z,dwadjioa,account.1840797bd6634431a77c6f23b53b2fba
2026-02-08T08:21:57Z,lllllIT_TIlllll,account.f8b38f0e6fcc4f77acd77648bbfa2a4c
2026-02-08T08:21:57Z,INI_hongbangjang,account.9e82f96752414176b49964f8cea3709c
2026-02-08T08:21:57Z,DIC_DEX,account.add42f4f2538469ca50befa9ce502d61
2026-02-08T08:21:57Z,Tory_98,account.583e6f623d334e649e9e59f77b218e1a
2026-02-08T08:21:57Z,NADAACE32,account.2addb9c3db82447db03a6b2777d14af6
2026-02-08T08:21:57Z,so_easy_guys,account.3fca606ebe714a43b277720ffff91fde
2026-02-08T08:21:57Z,pogpoong,account.67a750db429f42638965afcd6eb150f7
2026-02-08T08:21:57Z,Raison_Reserve,account.2e97a6447cb247e38ce61b3997b8c975
2026-02-08T08:21:57Z,TouchUmind,account.68139ce8ef1a44f195d9af641d3c4425
2026-02-08T08:21:57Z,healthcenter_,account.e1b1189fa21a4772addaf0edc87e6580
2026-02-08T08:21:57Z,w__n920,account.48e9ad83f6024bc588438bc6467c6f5b
2026-02-08T08:21:57Z,DogBird18,account.93b8a0328d2f44e49e2bfebb91558fc8
2026-02-08T08:21:57Z,It-is-coolthing,account.46ea686564da488f835d714e3aac3083
2026-02-08T08:21:57Z,PAJUYOUNG,account.7216bc65957743ff9b81359e3f312cda
2026-02-08T08:21:57Z,jeungsangsu,account.a715562540e749fdb783bef5a1bfff29
2026-02-08T08:21:57Z,llllIT_TIllll,account.c89771507a414755819be325e70a8146
2026-02-08T08:21:57Z,Goto-thelobby,account.1365e9329e1a48cbaea8ef02fe710f81
2026-02-08T08:21:57Z,JohnCenax3z,account.82ebd8447ef643bebf8ede64d00e52d3
2026-02-08T08:21:57Z,PURMllllllllllll,account.0568686efe974511bb84fe67fddd2dda
2026-02-08T08:21:57Z,Amor_Zaya,account.1931046ee8d5411b96bdd1025a16e616
2026-02-08T08:21:57Z,HUE-SunLight,account.8e0a0274f8224501b82d81011057044d
2026-02-08T08:21:57Z,NaCuel,account.80cf8638287547429b22123f9cc38ee3
2026-02-08T08:21:57Z,jplusad,account.b4dd13925ae340a0942add0d64335483
2026-02-08T08:21:57Z,Knife78,account.f83fc2f10eee4bbc838a6c1c56c63987
2026-02-08T08:21:57Z,SPlKER,account.b7de0354fa704cdf83bf6b31c69ce117
2026-02-08T08:21:57Z,4cutphoto,account.18ff17b7ecd34a5f92e88ae1462367c1
2026-02-08T08:21:57Z,Ato_Ari,account.95ffe8e46e40421b92676bbd558465c9
2026-02-08T08:21:57Z,SBJY__0825,account.6b8241a12c214b58885535e34abee4e8
2026-02-08T08:21:57Z,Jay_B1,account.531ed9b0639d46558308c1339f095a62
2026-02-08T08:21:57Z,JunhaJiyeon0326,account.a40c1343d166468d99fe876d40a7e779
2026-02-08T08:21:57Z,yxoxhx,account.50fcfa43be214e51813ee8c5426eb1ce
2026-02-08T08:21:57Z,gunhwang-,account.24790cacbd0b460686105afab953a118
2026-02-08T08:21:57Z,wompunch80,account.7fba7c289bf64c6a93c86f516f4c7838
2026-02-08T08:21:57Z,Mass_Son,account.88f9eeb4e34f4326a33f12acbc9e5023
2026-02-08T08:13:11Z,GROGU-X,account.5ec879e80fc8462aa5ad1ddb12d7a0e2
2026-02-08T08:13:11Z,DALBOK_E,account.3c37df32dd0840d699ae520d6139b482
2026-02-08T08:13:11Z,Goguryeo_Master,account.054c88a60d174c709d5c1a72d0763c57
2026-02-08T08:13:11Z,Line_Ra1n,account.fbe815206aed44ffba41a414f720a5c7
2026-02-08T08:13:11Z,korNaYOON,account.3c3b4b399f104a66b40d40035d7c8a95
2026-02-08T08:13:11Z,TheRippingtons,account.7433aa88df1947559bdfbe2242de87aa
2026-02-08T08:13:11Z,HelloChihuahua,account.e25dcf081f23490cb79abadde0e30a03
2026-02-08T08:13:11Z,ABLUEGUN,account.0416414d0acf4b2a93c3b4779c0df8d2
2026-02-08T08:13:11Z,SeoyooDaewang,account.da7873448ea14201847226551c44e834
2026-02-08T08:13:11Z,sonyzza,account.001e7e1d7d16411c8468362e1751033e
2026-02-08T08:13:11Z,fernandotorreta,account.1f592d4a763b45b4aba665ac1ddd769d
2026-02-08T08:13:11Z,dansooya,account.0ce528ab4f39465a9e87a22266eeccd2
2026-02-08T08:13:11Z,dla7617,account.f36d1dc93fd54233b8a386f83994a6c7
2026-02-08T08:13:11Z,ArtistWj,account.bf637e5f39664fa282f3ab1c19bacef8
2026-02-08T08:13:11Z,drunkwomen,account.a04949b3e99d446a979a2d95719dfcfd
2026-02-08T08:13:11Z,MEEYEON1,account.5f4e46bfd4b248e9ab803a7c299c7fd2
2026-02-08T08:13:11Z,billysubkum,account.cc2d1f4d59184516b5693980fd254300
2026-02-08T08:13:11Z,Caxis,account.673d42ee55664db892076761a9032782
2026-02-08T08:13:11Z,ppaapa,account.273daff667394ccbb8dbb7be0cb29a49
2026-02-08T08:13:11Z,xodnr11,account.a267f216af05453ab56f5732767adf20
2026-02-08T08:13:11Z,qOoOp_l,account.3b434755ed9048f386a3f42855ec68e5
2026-02-08T08:13:11Z,qwerds1212,account.37f79c9fe9334afdbcbeaa9292e5c4dd
2026-02-08T08:13:11Z,HEOBAAAM,account.655b5740407b4fd687dae65b62bb39c6
2026-02-08T08:13:11Z,Hentai58,account.3b0faef3a065430e87c55f0f792d0552
2026-02-08T08:13:11Z,SSAEA,account.8fcf4dbcddee4db5bc400f9b3e7c50c9
2026-02-08T08:13:11Z,Rody_won,account.b600fbb115d5442a8574463d96c732b3
2026-02-08T08:13:11Z,onetwojabjabb,account.76fd8c6c89934f13bac08c6137016499
2026-02-08T08:13:11Z,ddubidoobap,account.860c6c949bed4ff188db75ea1979b2fd
2026-02-08T08:13:11Z,piddlesticks,account.27a34a44aa6640a68c3a01878626b012
2026-02-08T08:13:11Z,Billionaire_K,account.4cc0e0d3466f466c9aa51d2fbfbf1e30
2026-02-08T08:13:11Z,SukSniper,account.1e5c03de89bf47a594be8a3b55f91320
2026-02-08T08:13:11Z,doyouknowwhoami_,account.8a66892836424be684f5345d06860255
2026-02-08T08:13:11Z,97_dragon,account.76b3aa4835d54e39a18f2a1498c0d9cf
2026-02-08T08:13:11Z,GUCCI_KJY,account.878f9165e5494fab80d0a1189260b71e
2026-02-08T08:13:11Z,MOBBAYDIP,account.c3176477b1184166ba621567565835dd
2026-02-08T08:13:11Z,Carpediem_0118,account.6bdf2a25c7f54a01a33c0e870b9e5f5e
2026-02-08T08:13:11Z,cookie0409,account.b39db690124545468900b11e5f36d7fc
2026-02-08T08:13:11Z,Hello__Kitty--M-,account.1903b43d73e341c18466b226ae58ef3a
2026-02-08T08:13:11Z,sangboem,account.9f77125131ec4344808893cd818830bf
2026-02-08T08:13:11Z,Amur_Tigro_-,account.281a2c22950b4bf6865cc2cd066e239e
2026-02-08T08:13:11Z,TAYO120,account.20ed97c96ab54d608b890b401b899259
2026-02-08T08:13:11Z,sOoOoOoOol612,account.840124511144411db015e8cc6b0c0dfe
2026-02-08T08:13:11Z,qudtjr0610,account.a605c41a233545d7a70ca2bb0192464e
2026-02-08T08:13:11Z,llilillilillllli,account.63c2cea6735a4c388bb730e5bdc5bbbf
2026-02-08T08:13:11Z,TpK_JAJAKNAMU,account.e1e0d55209124529b8ffb97c68b40ab8
2026-02-08T08:13:11Z,New_Face_Kong,account.225042e0b76e49498a0c80065c1e2950
2026-02-08T08:13:11Z,ChongUpSseoYo,account.0cf24048b42244619aff9c35f2b77009
2026-02-08T08:13:11Z,asdfasdfqer,account.1170503ea7ed445c8209f63e971006af
2026-02-08T08:13:11Z,ShiN_NoSuke-,account.5a468c33627b4d95ac9ade7ea14abb8e
2026-02-08T08:13:11Z,kr_vtx,account.f912b1272aea4d8b8165fbfa6e8f8df0
2026-02-08T08:13:11Z,zerokill_songna,account.cc156ad035684ce0a5eac681a2dda60e
2026-02-08T08:13:11Z,Pck_Sy-_-,account.95998ff9709e4d2b9de78513a1d87887
2026-02-08T08:13:11Z,benz-choi,account.bcf64be1e4964ec98632326fcc620e8f
2026-02-08T08:13:11Z,HAN_DDORI,account.059787545f2148c7b8c72043dc551722
2026-02-08T08:13:11Z,Seori2,account.1e9faf9050f24a6685fa10206f54a4db
2026-02-08T08:13:11Z,zlzlzldndhk,account.a336734204ae42ca9d65424908841bc4
2026-02-08T08:13:11Z,Walney-,account.fcf8675021fe46c390552668ef307c02
2026-02-08T08:13:11Z,pioongsin,account.dc9a93aeb7274fa1b50afc2460f91ed5
2026-02-08T08:13:11Z,Lepsil,account.6282ada07a3a4572bde38f6226b320a9
2026-02-08T08:13:11Z,ZOeZAW,account.d79bc1fdfca04e3e834e075ee4b29a14
2026-02-08T08:13:11Z,MlIla,account.3f803000f9a1431e8fc73ad009498d3c
2026-02-08T08:13:11Z,dljdnn,account.a357fe69d88245b8b06fd99efa4f09b3
2026-02-08T08:13:11Z,L2JSOO,account.be9661a2dce84ee084aa31a797bcd5ca
2026-02-08T08:13:11Z,HuilDomoDatch,account.ae400cf2bc28418da85a94986053f7d6
2026-02-08T08:13:11Z,mnmnnmnnnm,account.74d8112a1083446c871f66e360b6d850
2026-02-08T08:13:11Z,oippoipp,account.760062ae5ae745dfb70cab7db6db3653
2026-02-08T08:13:11Z,9nak,account.02e7ae7436f74653861708d91942fded
2026-02-08T08:13:11Z,jihwan2909,account.e30ce019fd0441c0864209d6ed61cf63
2026-02-08T08:13:11Z,trailer_jun_,account.617b440c41a14dd9a149f4c7d85c7c11
2026-02-08T08:13:11Z,VEVAR_,account.2442c52ef7fb44d1adcf202884226119
2026-02-08T08:13:11Z,Xallos,account.9bd3429a25d341bf998c7469f527f7ce
2026-02-08T08:13:11Z,kimoojin,account.20d5b471340542279e788fc65bccb518
2026-02-08T08:13:11Z,Schako_,account.474430e1754b4218b21f8c525769d180
2026-02-08T08:13:11Z,hoonyhoon3056,account.e5ac60aaa0df49c1811d74371b380c6c
2026-02-08T08:13:11Z,TAENGOO_111,account.e9bbc32d48e6435aa622de0ea7f5c7a4
2026-02-08T08:13:11Z,00o00o000,account.209d5585e5f54f89a3f657f948d3a66d
2026-02-08T08:13:11Z,GAMDOR2,account.82e8b7b927ed4e069cd5da2480e87b0b
2026-02-08T08:13:11Z,slalfjf156,account.790d25029e7944d98979849e8fbfead4
2026-02-08T08:13:11Z,YANGBAECHA,account.390db7af2aff4fa1a0a580a104964e29
2026-02-08T08:13:11Z,J__ROK,account.0068a3c7a21c4effaf50aa94936d7269
2026-02-08T08:13:11Z,Carpediem_0901,account.c85c182e92704ad1ab4c188c9140363b
2026-02-08T08:13:11Z,hyunbini13,account.4747047121b54a9386304bf2f742f23d
2026-02-08T08:13:11Z,12asdfj_,account.73262313445d4e26b881bde9f30b975c
2026-02-08T08:13:11Z,jnh52,account.4824a226fd0c420e93944c68d74fed86
2026-02-08T08:13:11Z,kai1350,account.0315d621da3249368695dee1240c49f9
2026-02-08T08:13:11Z,shah12,account.96b60013987a4712b817a713c78d6533
2026-02-08T08:13:11Z,youngthor,account.58c90831c8c942d5994ba769ff6a8ab4
2026-02-08T08:13:11Z,hajung-19,account.ca44869eefad48f2994fc86cb98a9c32
2026-02-08T08:13:11Z,ChoiKyuho,account.ef478111a86f45ee8f0faba2b96c2d57
2026-02-08T08:13:11Z,RangerWhiteH,account.be4687d9bc5e4c16b76f9fa54f07018c
2026-02-08T08:04:11Z,jjo_97,account.04c1e0b1eea34cecb3b706d60fa0c830
2026-02-08T08:04:11Z,snowbook2,account.c65c57afab1d47da980e923636941c9b
2026-02-08T08:04:11Z,play_y,account.0d59a786b6584de5b0cbe7a95da00c26
2026-02-08T08:04:11Z,TOURNAMENT16,account.89791c1833cd4ff3bb1e761d2d4491f5
2026-02-08T08:04:11Z,kdh-1229,account.e222fccdceff4ff29bdfc9001d53eaa0
2026-02-08T08:04:11Z,Zxxsvnz,account.e377a39d069348d7bcb77f617e34c842
2026-02-08T08:04:11Z,Noob-_-o_o,account.3c711dfcfea14ef794c875f647c32292
2026-02-08T08:04:11Z,SONGYOUNGSEO,account.4811889802714f3e89217c15dc51e52b
2026-02-08T08:04:11Z,JINIS93,account.f8bc80ec5866480ba943beb9fb7e2932
2026-02-08T08:04:11Z,gyoosinja,account.411df8bcc2fa4f91b4d2618c24aa3cbb
2026-02-08T08:04:11Z,guktaiyoun,account.827b51b032cf4e53a410efd51192d96c
2026-02-08T08:04:11Z,Linux_KR,account.dda4ed8e8f0248f4acc4b8fba45a212d
2026-02-08T08:04:11Z,a_3_29,account.31d285d8e5c24ddc9c25f8984d164307
2026-02-08T08:04:11Z,rokosee,account.04c8c0e3d84c42a59a0852dd74529f6e
2026-02-08T08:04:11Z,DHJ_Sex-_-,account.aac00d5aef4841fd8480740151c474aa
2026-02-08T08:04:11Z,TOPGS,account.0e24ad5dd57445aaaa8f519a0f480d56
2026-02-08T08:04:11Z,reedcoffee,account.e506908b1455462da186834e57119416
2026-02-08T08:04:11Z,BARL11,account.afcb34ace03f4af2926bba6549afda27
2026-02-08T08:04:11Z,erd0-d,account.7aa20fab1e5d4e66bc778add6e4bc6b4
2026-02-08T08:04:11Z,SRRRRRRR,account.74b896d016804b90b77eb2580632ec85
2026-02-08T08:04:11Z,Redvelvetss,account.1f675152652a471db1514fbcf3105995
2026-02-08T08:04:11Z,BNanSa,account.422a20b2875a41338469b97e75634bf2
2026-02-08T08:04:11Z,dkflsdk,account.78b75d1ed11449f9b1147272aefe8217
2026-02-08T08:04:11Z,ayeon425,account.816ed2baedde4b858ca0b189e835eb63
2026-02-08T08:04:11Z,southpaw3,account.b39cdde3332d4032870f536ea7c17e5f
2026-02-08T08:04:11Z,ajsdnwi123,account.93a03b6733bd4cb299be140d0f08a4a1
2026-02-08T08:04:11Z,har_0804,account.a58b603cb57a4bbd892f0461087648ff
2026-02-08T08:04:11Z,Eunpi,account.b6b7f543314d459fa833a4a670f1fb62
2026-02-08T08:04:11Z,jonjalsangjan,account.98f1f50e05ed445ba897f32e8a97237a
2026-02-08T08:04:11Z,boon_I_I,account.22ee57392bdf46cc87b405bb18c2098d
2026-02-08T08:04:11Z,RobotJJ,account.d2d8483d74604ee58baec763b904373b
2026-02-08T08:04:11Z,GOAT_Lellnix,account.c761ff6fbfed439dad92b7e10affeeba
2026-02-08T08:04:11Z,WJDQHDMS90,account.ae04222d08f04876a92457bf3c98bcbb
2026-02-08T08:04:11Z,whtjsdk,account.9b4548b19f27499a9bb265bf2cd72b8f
2026-02-08T08:04:11Z,jaji-jamji,account.cd361127d5e044c88dd16f6f830f9b9b
2026-02-08T08:04:11Z,yoonhyo,account.ad8a12dcd3cd47b69def43d3ff19c730
2026-02-08T08:04:11Z,Maerong_hehehe,account.506c3a41adad4f8294e4e85b58193406
2026-02-08T08:04:11Z,SoonOkSon,account.45508324fbd54b6aab7984acb69096f9
2026-02-08T08:04:11Z,GGOM-KAR98K,account.05b1cb79681d460db089abe6258db38a
2026-02-08T08:04:11Z,ixeooon,account.92a78f2019d94a28a1001f68c803e59f
2026-02-08T08:04:11Z,ZERO_2020_,account.8d3da63855e6411881e1998e20095766
2026-02-08T08:04:11Z,qpalzm12557,account.7c5afaf05cf849dda8bd7ad144cb0d88
2026-02-08T08:04:11Z,rotoRl8,account.d150198e95154a99900ffd32a46496b6
2026-02-08T08:04:11Z,Yook0623,account.0fa5637738f74c5a8a6ed651a0541506
2026-02-08T08:04:11Z,chankku,account.d406459a60e6486d8fc3f0dad9335481
2026-02-08T08:04:11Z,attitudeW,account.e1d8c6452f484193a0f374e4bb6fbde2
2026-02-08T08:04:11Z,player_jjuny,account.2e23504933c649f2aa0d319bc7ce1a7e
2026-02-08T08:04:11Z,jammin0131,account.ac1a7629300c408b8ef7e7e8dc1ec79f
2026-02-08T08:04:11Z,ERU_Tory,account.13bd93dacd0d4d9ca6a26b874608afa0
2026-02-08T08:04:11Z,Jun-Ho_-,account.8797ea93f6764213a6e943507fd18ee7
2026-02-08T08:04:11Z,Jae_younmg,account.0966a5e736e84c89a960ec8845af18d5
2026-02-08T08:04:11Z,Watchout_0116,account.44a58676522b4d90a7a65258275b75bb
2026-02-08T08:04:11Z,TiKi_bibi,account.47a9cef7fefb43f4be21eaa2c4f30edd
2026-02-08T08:04:11Z,SI_RO_2610,account.8297fe1591bc42ad9eba36a565a0dfde
2026-02-08T08:04:11Z,si_wl_ag,account.abe4ef4883274f1d8eabb7de956a6e80
2026-02-08T08:04:11Z,haeinnf,account.b85602abf82f4835894e80ab9a5e817d
2026-02-08T08:04:11Z,T1_DOFPK,account.d44518041e384ed285a83c62cc6e3a70
2026-02-08T08:04:11Z,BUuuuW,account.f77fe29f5225420590daa09daed76638
2026-02-08T08:04:11Z,1st_bbanggu,account.c6595c78631547b4a9a3545a9d6d77f4
2026-02-08T08:04:11Z,tearofmen,account.6b30ea0bbd874a7aa611d26d15955c0e
2026-02-08T08:04:11Z,KOR_Borateam,account.9a03f4b614b041fd949735b02dafb5fd
2026-02-08T08:04:11Z,IAM_KDIENFGH,account.e1ef12b8e9454377ba4aa5e76ab9ff2c
2026-02-08T08:04:11Z,DHJ_HYUK2-_-,account.d0c285fb76e94b0e9a27faf84cd5875d
2026-02-08T08:04:11Z,Kor_Sentinel,account.058f7b6656444a1dabef6f3b47e22b64
2026-02-08T08:04:11Z,GOAT_GosuManner,account.5a8d6eada7284ba19097dcebb3a97b54
2026-02-08T08:04:11Z,just183,account.94004b0a24da4a64a12cf71262bf7e38
2026-02-08T08:04:11Z,leeimsung123,account.b4af2efa1adf4104acf220753f64374f
2026-02-08T08:04:11Z,KTanSa,account.718de8393a284df492a8a13782e09e54
2026-02-08T08:04:11Z,bemymo,account.fc1f4c7155944d10a64822bf217de14b
2026-02-08T08:04:11Z,DeathFollowsYou,account.7e1197cb199f4e1990da94312f449d2e
2026-02-08T08:04:11Z,b_g_00,account.d4e5ceff939e49c69f105c31536d4bae
2026-02-08T08:04:11Z,Bao_0120,account.1ec0eba682704e70b5a974cc075fba2c
2026-02-08T08:04:11Z,Hider-Hide,account.08bfc1213c4140b09910d58dfb94d4dc
2026-02-08T08:04:11Z,DUDWNS1018,account.f204fc995f3d4df99226b2e77444eb75
2026-02-08T07:37:35Z,dlwotj12,account.369e1ca272324516a493699eb6deffdb
2026-02-08T07:37:35Z,JINGRURU,account.c41c4800d1414cc0953ce19458e0ea85
2026-02-08T07:37:35Z,Grimi_Gang,account.a160a2b613b7470f8d33a82438eaf928
2026-02-08T07:37:35Z,brrrrrrrrrCakCak,account.11df6bb584b4451ea80a3547dce6f1e0
2026-02-08T07:37:35Z,ryul316,account.c6363cb8de164cc38af24ad845f3c189
2026-02-08T07:37:35Z,LWONnn,account.0f2a10e2e7c646468e1fb3a85eba06d4
2026-02-08T07:37:35Z,rimaingihun,account.d7132015cba64429a38fc3aa1f9cd5c3
2026-02-08T07:37:35Z,IAM_KJH,account.aceeab29196f4cb2801b1665d6e20114
2026-02-08T07:37:35Z,cEx_pppp,account.0b414de4eb174fc998ee2e27170d4b80
2026-02-08T07:37:35Z,ODOLL_E,account.9695cdab30f041baac8106e3d0333e15
2026-02-08T07:37:35Z,6IX_OwO,account.121d5224d46e49c2b9b8ba446426fa09
2026-02-08T07:37:35Z,KGARONG,account.ec9e7f9b2e894f5fb842d0047e640481
2026-02-08T07:37:35Z,13802565,account.a03b7861bc104ad58c1365dd5bdca2e5
2026-02-08T07:37:35Z,arrrrrrrrrCakCak,account.a0d645785acc4204869fdb929f71e2b1
2026-02-08T07:37:35Z,Grimi_Force,account.12d7ac9db7d54c5283435dbbf9e3a696
2026-02-08T07:37:35Z,LonelyBeaver-_-,account.99c68cf88ec942cbb73dddd662fbd1ee
2026-02-08T07:37:35Z,baesunghoon,account.789fade42e6543e39896d41afb2783ae
2026-02-08T07:37:35Z,SB_eeeeee,account.feb50f3ad1b942a9a49f3ee0305aa875
2026-02-08T07:37:35Z,NU-EL,account.329989f882c747e3baf006530ec5d6e6
2026-02-08T07:37:35Z,msg0_,account.5caa3328c449432ba3be11829723d59e
2026-02-08T07:37:35Z,5izz,account.b0445de77b2446778bddb597687d3e0d
2026-02-08T07:37:35Z,comeon_hanw,account.993b5fd3d9a4455bb10fa8e2ddead457
2026-02-08T07:37:35Z,Alexander-YM,account.198bb15b564b497a9ecbdc5ae0ba2f8d
2026-02-08T07:37:35Z,neizzang_,account.cbf30ab10d9a4b4ca1ea5be9990b8887
2026-02-08T07:37:35Z,Taegyeomih,account.fe973aed90dc4f7a9d577233f4b2e0a0
2026-02-08T07:37:35Z,XiaoZzuOvO,account.9618ec01d6f84a7f8aa7dfc7466196c4
2026-02-08T07:37:35Z,IAM_KDJ,account.b2418325f2c140ddb3a31d27c4ab83e6
2026-02-08T07:37:35Z,ffasdasdf,account.213bf6c739fa4642ab56287d1788ea65
2026-02-08T07:37:35Z,ha-ru_14,account.a066efc8654e4ba08158527d75f0ceb8
2026-02-08T07:37:35Z,coming_Xoon,account.5f3aea285a7e4af1b1e776a24d7ee2eb
2026-02-08T07:37:35Z,jotbab11,account.d16d04c37d3b4653a94fe6f0aeb667e7
2026-02-08T07:37:35Z,gocu-1,account.d91ca0a278774c10be764f275d927b3d
2026-02-08T07:37:35Z,dain95,account.d7e43792f1c14be9b6cec8c9ed58caae
2026-02-08T07:37:35Z,reverse_hyeja,account.8a3bd9ffb75f42e0ad19c27c77144ef7
2026-02-08T07:37:35Z,su_bin96,account.ac171814656540f79c09c1c0684a5fa0
2026-02-08T07:37:35Z,RMC_D3ADPOOL,account.2a1d6b3fbaa74365b846bb5fa6ef06a7
2026-02-08T07:37:35Z,dong-may,account.89f7463d92f54fdeb6ce1016e1722cd5
2026-02-08T07:37:35Z,nasafullrinASAP,account.e663340254004e5fba71608c2ca27aa4
2026-02-08T07:37:35Z,Han__sangwoo1,account.8e83cee4377245fd8867943a4deeec8f
2026-02-08T07:37:35Z,pilgrin5078,account.1db7a1b5d5604d55af476f3552c6b571
2026-02-08T07:37:35Z,Nuclear_Ha,account.87f2c511e5c24fbdaec31028cfd6c7fd
2026-02-08T07:37:35Z,nothingbeeter,account.8b8a2f128a38419aa30cab8bf845b28e
2026-02-08T07:37:35Z,m-i-n-w-o-o,account.6720f397afee4fec9d606a5d29a4726b
2026-02-08T07:37:35Z,9MM4ST3R,account.a0941d3fc07944b3bdbab203285a41c7
2026-02-08T07:37:35Z,ASASG,account.783a46f475234f799970de1630ac5f39
2026-02-08T07:37:35Z,youngchann_,account.34b56fe9195c42789542c5d5c475305b
2026-02-08T07:37:35Z,Gunnynim,account.52af0ffcccfb42f1a963431d1b523533
2026-02-08T07:37:35Z,AM_Ondd,account.303b2898232f4870b21edf3eba1f9aac
2026-02-08T07:37:35Z,INHOINHO,account.5c93a1609a1a47ba82801914a60b2a4f
2026-02-08T07:37:35Z,Yumin2222,account.334206914603444486039cfc1dd6ad9d
2026-02-08T07:37:35Z,hyangjater,account.21c249f9d0714580a16762c8d15850e9
2026-02-08T07:37:35Z,iiililililjilil,account.0aa6c72dc937484a90a1c34732fc965d
2026-02-08T07:37:35Z,tea2451,account.2f249042f0c04bf59210e65ec465cc31
2026-02-08T07:37:35Z,hi2hello,account.78e61caf8e91478ba407ffb30382e389
2026-02-08T07:37:35Z,6IX_Huya,account.cbca26dea3bd4d758c9409e71ed9d1c9
2026-02-08T07:37:35Z,G_anZiHack,account.5b8cabba2ffe4578a52f268da6240668
2026-02-08T07:37:35Z,Obongsoone,account.448acff7fe03427c86102d502db810fe
2026-02-08T07:37:35Z,6IX_J,account.1eca02072cb34bae966d39d4b5a5bd1d
2026-02-08T07:37:35Z,2q1-1,account.f8050246f8f64842b1fcf32216f2f640
2026-02-08T07:37:35Z,NEWACE_99,account.6c39238ab219439aaab76152cce390e4
2026-02-08T07:37:35Z,eommunyong,account.8ffea8b5ee1c46289e69a8d62fb098c6
2026-02-08T07:37:35Z,llIIlIIlIllII,account.d719fc51d09943b7a8a71feb90f6f702
2026-02-08T07:37:35Z,wnehdgur12,account.bd0134ff0a3444ff9ff8f410568f14dc
2026-02-08T07:37:35Z,dinopark_ksg,account.cfc36f55c65e435e902cafbe366039dd
2026-02-08T07:37:35Z,melancholyASAP,account.b37638ee0c2a433b841a034dbaefb603
2026-02-08T07:37:35Z,youngseo222,account.48d98f41f9e64429bf7d59dc823e445a
2026-02-08T07:37:35Z,hello_0____0,account.2f527ec627da46a69b41f79dadbce65b
2026-02-08T07:37:35Z,ClovaDaBang,account.407863de8c1142eea497e527195beade
2026-02-08T07:37:35Z,jeongik222,account.b7e4e587c02c46eca5ae63aa4a0d9982
2026-02-08T07:37:35Z,S_Demiurge,account.8531235a9d70499f9b2f74a7e5d1e537
2026-02-08T07:37:35Z,vvvvvvvvvv____,account.3cc71c3b06294986b5f604c3623718a5
2026-02-08T07:37:35Z,WWCDV,account.2bcc6cd2a72c44bfa3b2245ef25141c6
2026-02-08T07:37:35Z,FMC_Poodle,account.df4fb79fd890491181f183519d239bbc
2026-02-08T07:37:35Z,Seo_goon,account.7c9796ba181444b9a9e87b9a6cd76829
2026-02-08T07:37:35Z,6IX_JangSu,account.bfda9fd69e50446bac050ce831e77484
2026-02-08T07:37:35Z,sy_0120,account.5e254510b2104d36987e2aa0766709fe
2026-02-08T07:37:35Z,AltTep,account.c1f07ddd1022483eafe2b148cccb158d
2026-02-08T07:37:35Z,Sniper-_-Sound,account.7dd04e644f5d4cf49c0ef56701d47fa5
2026-02-08T07:37:35Z,JeongMadam2,account.ccf7aa3c71ee433fb0692d0eef2c748a
2026-02-08T07:37:35Z,y0n9m1n,account.0849e74ee14e4b78b89b01d361918a1a
2026-02-08T07:37:35Z,bbeeoo,account.5085bcc411ba45f5afb0e4b60061b098
2026-02-08T07:37:35Z,ghkdtkdals1234,account.f0793e12f58d404f8fc76d7c6c8ce3ca
2026-02-08T07:37:35Z,JAEMIN095,account.844b69542d2c4edbb604db0fd304bbdc
2026-02-08T07:37:35Z,NogadaExcellent,account.696d4f47658c419ebe1b27d5c271ec84
2026-02-08T07:37:35Z,asdkljic,account.89acf5cf655b47eb83a439c995469fac
2026-02-08T07:37:35Z,cyber_bullying,account.c1d374a676ec43d8bc53870b28aae432
2026-02-08T07:37:35Z,iuyeong628,account.dbdb1ec3f4b5443fa31fbc4155195068
2026-02-08T07:37:35Z,ASAP_JENNY,account.bc175c7ebc1d4f33b176358ddb867bfb
2026-02-08T07:37:35Z,FMC_DownShot,account.efc9ad13321a4c1390f00eef2b118254
2026-02-08T07:37:35Z,THEFAIDED,account.fccbfab4c3194d8ab3f1479f3dd6ef2e
2026-02-08T07:37:35Z,LI_7I_Dl,account.cdd21c0188e5411ea18e42d14c883788
2026-02-08T07:37:35Z,NongMu,account.840be873379144c18f1d052d2cdb3076
2026-02-08T07:37:35Z,Nigga_zero,account.e6c94e1c86434b3d9c2a4d156eb0458e
2026-02-08T07:37:35Z,hello_owo,account.b94bf05d0c594f63ba086a240c49df8f
2026-02-08T07:34:43Z,NORI_-Yun,account.f77b49bd46af4eae9faa68e16c3b4e77
2026-02-08T07:34:43Z,q2w3w3ddsa,account.ebfa3e61a2cd441fbc80269902001e48
2026-02-08T07:34:43Z,KIMozZlng,account.cea808309c314424a9916cdbc1cbc92f
2026-02-08T07:34:43Z,PTD_ANG249,account.8dabb89e6dea4f5883fd8f981e93c022
2026-02-08T07:34:43Z,GCC_gyeyang,account.6bf2a89aa3994824baf5d3eb33ab195f
2026-02-08T07:34:43Z,kwondohui,account.69f56675303c484f9557c91844ca8499
2026-02-08T07:34:43Z,PTD_GONG,account.1d2036fc526642c492d181fa466a243e
2026-02-08T07:34:43Z,jinho1877,account.583dc4f2a7374c72984fc6fcde3e2667
2026-02-08T07:34:43Z,DaeU_BANG,account.93f39c52c446494da951cb8071f6325b
2026-02-08T07:34:43Z,17_73022685,account.d7a704c6c3c44093b598725e16fff9ca
2026-02-08T07:34:43Z,mulb4nggae,account.0f378584809247acb4ebdae96acbc7ec
2026-02-08T07:34:43Z,LEE-MANSTAR,account.a2d995113751472abe9e5284b849ac36
2026-02-08T07:34:43Z,kbwkbw,account.9303ea1a9d84424bb1cb513953f2c13b
2026-02-08T07:34:43Z,JJaJJoNi,account.5b921a63477d490b9718d107b4b23731
2026-02-08T07:34:43Z,PTD_Tony_Stark,account.8a69d61fa5a44e10af4e41aed0ab0a43
2026-02-08T07:34:43Z,sseo-shy,account.50b66904adf34a18a5c3c2379d098494
2026-02-08T07:34:43Z,outdiak,account.e0f52b508e104b11ad5dd15ac32974ca
2026-02-08T07:34:43Z,tack_96,account.90969ee8c1c0470fa38cc3a90b8d5224
2026-02-08T07:34:43Z,dojidojido,account.a7633848da334a069baa84fc302397fa
2026-02-08T07:34:43Z,10BBaRu,account.9a3c5440137c43f28579467022f64d88
2026-02-08T07:34:43Z,ChickenNyam,account.c8c28c4f67bf4be895d77cbb4357be4e
2026-02-08T07:34:43Z,MLB-LA,account.33a82ca31f484a25a3ff8e152d04834a
2026-02-08T07:34:43Z,rrddqw,account.a14300ba55be4978a75dd05f174b1e83
2026-02-08T07:34:43Z,KOR-JSYB,account.2cd9c6ca729d44c4b15dc25be0560cc3
2026-02-08T07:34:43Z,Sergeant_Hong,account.051ebe6b11984b0390bacd0c7c36be87
2026-02-08T07:34:43Z,DDaraGaori,account.7ccba2c8889c4dcc9cca5782e5a93488
2026-02-08T07:34:43Z,zephyrean1,account.b98a12e97f69436484d10075143f509b
2026-02-08T07:34:43Z,ExinosFiver,account.e3421d68bccc46acbb8056a9ff5cf9f4
2026-02-08T07:34:43Z,MercedesBenz_Eqe,account.64c91d93aa8244428c88f94bbaf7bcd5
2026-02-08T07:34:43Z,vosxl0827,account.597be414b3344783a385becb4c319ef2
2026-02-08T07:34:43Z,BIGGJONSON,account.9ba8f5c1afce4221a0ba0d0bdacf18c1
2026-02-08T07:34:43Z,team_rNv_Dragon-,account.cdaa0a98449941aebdeeb12ff34c108a
2026-02-08T07:34:43Z,hM_Odin,account.c3a59725aa834c35a353503ed5a9ef1d
2026-02-08T07:34:43Z,Smile_Ripplecoin,account.f584828ee2b94b7d8c1c77237c960126
2026-02-08T07:34:43Z,manggococo,account.3852bb7f0c8141f9a271052406905c57
2026-02-08T07:34:43Z,alstjq12345,account.fa4a3746c41f49cbab51c869c13f8100
2026-02-08T07:34:43Z,JeonMessi,account.857bac316418447dbc5c8716a84cc358
2026-02-08T07:34:43Z,hyejin0524,account.340f30c5059f4d34838046bfb94d4067
2026-02-08T07:34:43Z,Vy_iLV,account.6fab614ed1bb45e0af6936275135516f
2026-02-08T07:34:43Z,ongman,account.a7757ee0bb9f4f9d9d8208666e97996d
2026-02-08T07:34:43Z,PTD_Dead_Pool,account.c50a53b8324a4c45b5b37e3c319a480d
2026-02-08T07:34:43Z,hM_Hermod,account.99e59a6d80194caba61133e631c1eef6
2026-02-08T07:34:43Z,DDong-rrr,account.207ff8a12c634de78c2caf78e31c0439
2026-02-08T07:34:43Z,obbayahambazo,account.c9577d68b2314620831b146c3df17c8a
2026-02-08T07:34:43Z,2Ryeong2,account.34a5f553a84a4d7e8bfee46ea89b1f87
2026-02-08T07:34:43Z,mionanw,account.3be12f9eccc1411ca90faf33f42d6cfe
2026-02-08T07:34:43Z,NaBang_09,account.58733109839b46edb0370c0f9064f5a8
2026-02-08T07:34:43Z,JyoSiuuUuuBar,account.b2c26573674545338f400e0647daf8ef
2026-02-08T07:34:43Z,Idiot_Piro,account.bc4d394aae2b4a0d816b157dfcbea0b4
2026-02-08T07:34:43Z,Ruel-__-,account.0f572ef710af44baa5574aa529cddd58
2026-02-08T07:34:43Z,THE__MIN,account.8823274530814f6fbee3b6e3a6bab152
2026-02-08T07:34:43Z,jiiiiiral,account.8eecc3b14c374b24959c50eac2d72f53
2026-02-08T07:34:43Z,moviebitch,account.855152107b1847618b13c71c20ab74bb
2026-02-08T07:34:43Z,1-tea,account.abaf127bb3514e90b2f31ca49cd81823
2026-02-08T07:34:43Z,vvo0onny-,account.4cb666fb6f9c406885bff8201fd5d2bc
2026-02-08T07:34:43Z,kj994508,account.e38dc8c7d3d14b6f87c392ba3e69678b
2026-02-08T07:34:43Z,dgazuang,account.69478e79a4b543d4868a214074844fb5
2026-02-08T07:34:43Z,komeseong2,account.9661afb0d3ae4e4f8e046a591d55cb9c
2026-02-08T07:34:43Z,sex-kang,account.1e54415976d2435e88674b28c30be509
2026-02-08T07:34:43Z,jaja-deok,account.352fe9fc189d46d19e31849d7e3f5619
2026-02-08T07:34:43Z,hun_bar_lom,account.68e1a795c8994b778c23412a9d18a23b
2026-02-08T07:34:43Z,JilManHaNe,account.e23a2ade8b634f80a5cf302a01ba887e
2026-02-08T07:34:43Z,hzx_hv,account.e80a05fd7c6d4f3a8713fde2fb040b2c
2026-02-08T07:34:43Z,Wo0onny-,account.e13a51b35c2548a7b24dc1805fbc77f6
2026-02-08T07:34:43Z,EHS_DDuBi,account.0bd4f91b5d3744a695b6bcf3faec4e0f
2026-02-08T07:34:43Z,Hoppiname,account.5dc1d2dd74004c9d9dd92f1361fc7872
2026-02-08T07:34:43Z,gypiggg,account.263bd6f27db246d59cb1d4b1bd5b6dea
2026-02-08T07:34:43Z,LargoBeat,account.78e2e9d7e3c44a41aec95b65ae76d4f4
2026-02-08T07:34:43Z,backnum1,account.4262c385d2ec470f8126746ea8c6caee
2026-02-08T07:34:43Z,seonggon981022,account.7de1a0c1026846ebbfd72def0ae1108e
2026-02-08T07:34:43Z,river_stone,account.b0c08770fa5949f0a0012f1a8a9af512
2026-02-08T07:34:43Z,BuRlle_-cuT,account.5753f23cf38946d584bf218436665fd5
2026-02-08T07:34:43Z,DINO_Rocky,account.0d6a499c523743328567178d583c71af
2026-02-08T07:34:43Z,OILBOY2,account.7cc67effea4c4b548850b9d1cdd2cab2
2026-02-08T07:34:43Z,ANGRU_S2,account.9da8ef92e3e047aeb12c644e2ad7b28c
2026-02-08T07:34:43Z,Hee-jea_lu,account.429019c3a38f45ddac3c2bbf151c0aae
2026-02-08T07:34:43Z,NaBang_07,account.8baa4c390bc64ac28c39b1a7627fbe3d
2026-02-08T07:34:43Z,pih0424,account.f112364bd6de453cbbc4d3eefb6ec657
2026-02-08T07:23:55Z,NUyoon,account.ac6a47705f664252a239787a697ea5b8
2026-02-08T07:23:55Z,YUNJJUNSU,account.dac05c63cd384321b6eb9492839345d4
2026-02-08T07:23:55Z,HC_Dokjeon,account.8d3d9f6b9b6f413fb3baf1e4f890961c
2026-02-08T07:23:55Z,JEONGWOO--,account.1d41bd011c0e49ada7743d1b81139986
2026-02-08T07:23:55Z,2SsungUpSsung,account.0bb01b781c124fb999372160d9f5e85b
2026-02-08T07:23:55Z,CC_RVD,account.5e93512b17664d4ebdb86b46520343fd
2026-02-08T07:23:55Z,LeeJeongj,account.ba37b86ea65b436eb015f1127c7e0e4b
2026-02-08T07:23:55Z,R7Joker,account.b4558ac623004e97ac3ef1205589dd4f
2026-02-08T07:23:55Z,R__yann,account.672910c6890c40ad85af1fc74f66a1e7
2026-02-08T07:23:55Z,AMG_NO,account.4369f6643892421184390dee6e04ef10
2026-02-08T07:23:55Z,GAMZAMUKZA_,account.0eba3ee9a3ef41a98df23c88253b5ec6
2026-02-08T07:23:55Z,seongzal,account.d714ea4ab351447ebcbd9c38c9ebf48b
2026-02-08T07:23:55Z,nowgnawk,account.5973f03bf1a747e3a481a942e33b9321
2026-02-08T07:23:55Z,NoSoOnkYo,account.a57b3e797b0e46f09cfffb0eae0e94b2
2026-02-08T07:23:55Z,fdefect,account.28bb7b4950e243f1bf27b26942a44675
2026-02-08T07:23:55Z,Ss_ATTACK,account.df78e598b1d94e9dbe7e4bb15aa6a970
2026-02-08T07:23:55Z,Ss_AGUMON,account.dc167180be3346eba5511ad377913461
2026-02-08T07:23:55Z,13844533,account.ccab83b1da1a4cf19a23c46eb10f682b
2026-02-08T07:23:55Z,KJJINII,account.185d884e59144c99b1b0e96a67f0c5b7
2026-02-08T07:23:55Z,dms_qe,account.3683ea550c3344f192231ef96b1b47ea
2026-02-08T07:23:55Z,asdasd242,account.8ef346ac6d9647f4a1497d2155a9f3e1
2026-02-08T07:23:55Z,RZ_y0ring,account.3057d857e68d4fff8af102e01813b723
2026-02-08T07:23:55Z,OneShot_NoBrake,account.425dca4513c944d68434a8c03a4389f2
2026-02-08T07:23:55Z,bluefrog__,account.252a879b5eb54a2784d3400dbfe83358
2026-02-08T07:23:55Z,99999con,account.57253d997c4844c79d216deda1dbe52a
2026-02-08T07:23:55Z,whdrlf753,account.e673502a792f4a66be775610ef0b2c79
2026-02-08T07:23:55Z,roadkillllii,account.043b958cd90c451493f391e4c82f0959
2026-02-08T07:23:55Z,mingming2boy,account.8c43d1444ba043bbb4be55e31f8b16ea
2026-02-08T07:23:55Z,JJangnam__,account.3279010dc6c74d5da42ff2896f37b051
2026-02-08T07:23:55Z,xx_x_xxx_xx,account.cd70bdaf9c304c9d9954d772ec6c2bd7
2026-02-08T07:23:55Z,CC_Hyenoonii,account.5725026b739c45209375acd9388884d4
2026-02-08T07:23:55Z,emma0218,account.623f3d41e6fb4b8b95ef7f7ff02fb72c
2026-02-08T07:23:55Z,PNS-series,account.42bda236e82445da9361bc9ce246c647
2026-02-08T07:23:55Z,Special-Force_,account.d5f4cedd35374201a70d82ee14e2c386
2026-02-08T07:23:55Z,LIKEY_1109,account.76b4248d603341b89df5e7e4fb450d2d
2026-02-08T07:23:55Z,sou07,account.b85765c78032416ea9a1050ab6db9c31
2026-02-08T07:23:55Z,Sukidang0830,account.31715cf9e651461589f74d760a2d11f3
2026-02-08T07:23:55Z,DiNi_Hyun,account.8b540c1a1b214531a2a1bd29a9b29475
2026-02-08T07:23:55Z,yeecle,account.d56dbd7819104922a9d1885814386ded
2026-02-08T07:23:55Z,4Out_BoBo,account.5992869d3f8a48458b175b4237f8b3ae
2026-02-08T07:23:55Z,meenoi__,account.84bfba72be0d449e8ae1ddfbf24751d2
2026-02-08T07:23:55Z,zysu-kk,account.5b446af41b894978a18a929240c93f32
2026-02-08T07:23:55Z,sincheljacson,account.099704e548f7436a91ae333e0b0bb293
2026-02-08T07:23:55Z,geundong2,account.9f8cd45492cf41578e1ca4d71845daa6
2026-02-08T07:23:55Z,152cm-_-,account.fec37718ab134aa09182b6ed00883156
2026-02-08T07:23:55Z,415451231,account.7e501b9f0ff04c129889b9fbcc322258
2026-02-08T07:23:55Z,pizzzzza_hunter,account.78efb574edc44f23bcacfe1c83b5aac1
2026-02-08T07:23:55Z,With_DonDon,account.80024fa9e9e34a47ac079c1b569ab59f
2026-02-08T07:23:55Z,OcO_Opix,account.7262da04a0844bf6a60f9d544942d59f
2026-02-08T07:23:55Z,IVORY_RHINO_PRO,account.74c0756eb33240299187517a9819a28a
2026-02-08T07:23:55Z,HC_WithGod,account.270a17499166450ca6a2a92d917e790c
2026-02-08T07:23:55Z,kumkum77,account.d0a9d00afeb349e99cdee56cd3c2cfc2
2026-02-08T07:23:55Z,BLACK_CK97,account.3106b097969f4fb18407e7e0a78f5d92
2026-02-08T07:23:55Z,Ss_JJUN,account.09fe894dfd7f4f0d98aab69d7f22d8b8
2026-02-08T07:23:55Z,Jinx___x,account.d5d01ac6cb2344028ac08c612ecc210a
2026-02-08T07:23:55Z,aceyeol,account.2d438c3d30d143e2bf098c1ef0899b83
2026-02-08T07:23:55Z,key185cm,account.7905f403a70d4ea984e39263322780bd
2026-02-08T07:23:55Z,ChOnNoM_LJH,account.7d7be0361302447fb548c2d76de8b777
2026-02-08T07:23:55Z,GaraOwO,account.a5ea4364ce8441a0a77540515b4bd48f
2026-02-08T07:23:55Z,virtues12,account.94c9be0dff414a1ca630b242de3551ad
2026-02-08T07:23:55Z,na_ddugi,account.0dbf1353c5de4761b1be7d6ec0f902c6
2026-02-08T07:23:55Z,zzew,account.537ba13262a04d99897c404f532204fe
2026-02-08T07:23:55Z,sunghoyahoya,account.a8ea6e0408c24dc4a3240150fa02f1d8
2026-02-08T07:23:55Z,eunggaddong,account.5954f315c9b14cd8ae747815882a07ae
2026-02-08T07:23:55Z,EuropeChoong,account.9d6f810908dc4a9f8dadc036b9ac7f92
2026-02-08T07:23:55Z,qwa626,account.2727499a891147979dd30b0058f28873
2026-02-08T07:23:55Z,BALDR_0,account.8403fca141e0439e933cca71be0112f5
2026-02-08T07:23:55Z,SSamu_rai,account.3f8d60bfb21a4ea5bd9048aead938b37
2026-02-08T07:23:55Z,Enny_2ny,account.37300a6cdf3a4e45a4e2cabbd61545de
2026-02-08T07:23:55Z,bbak-seung,account.df309bd3ad7b44aba15103f1f9299ac4
2026-02-08T07:23:55Z,GWONZILLA,account.52827158f8434fa18da8219420b6f34c
2026-02-08T07:23:55Z,noalneu,account.c2f2de98761c4ee18a2165d722c91ab0
2026-02-08T07:23:55Z,tngus02171,account.6d9bc3db549144228786a8faa37e1383
2026-02-08T07:23:55Z,A-NI-SIBAL,account.03124720d70942a5b88037505ab8129e
2026-02-08T07:23:55Z,KR_SMW,account.37cda997bde9412ab55e5d7132ccf869
2026-02-08T07:23:55Z,Malgu-_-,account.28cd54dc228349f5a69478b6570e0778
2026-02-08T07:23:55Z,SsonFle,account.8c1e2a4dd1bf49048a9356c59baa75fb
2026-02-08T07:23:55Z,13796700,account.82010dbe44ed45689a244375c8d299c8
2026-02-08T07:23:55Z,SI-RA-SO-NI,account.7fae404d926d4804aa13ed6609c384a5
2026-02-08T07:23:55Z,8600434,account.f8bcf0980dde4e52abd2ddb4a95b118c
2026-02-08T07:23:55Z,MIA4th,account.e76c375dd030448e9b99feec86ba9c3c
2026-02-08T07:23:55Z,leebyeolnam,account.b579fd622f09403fb99fa0d40be23900
2026-02-08T07:23:55Z,qwc625,account.d37165ec591146289909748a69a02839
2026-02-08T07:23:55Z,il1matic,account.b1b9a60f6e7e4007995a91c968294dd1
2026-02-08T07:23:55Z,Jeon-_-daeyong,account.cd9c8daa3a5545e683df9c6b08934701
2026-02-10T15:14:54Z,NUXeRo,account.adaa10768c4d41fc9e32e6f845448258
2026-02-10T15:14:54Z,GMG_WKinRun,account.02a5702c73c846528a38da3aed37f7fd
2026-02-10T15:14:54Z,TwoHit_-,account.d728faf433f94c2a919d441eb4898c25
2026-02-10T15:14:54Z,GMG_Topuria,account.fa20d9bc5bdc454b9b72764a053b8f66
2026-02-10T15:14:54Z,konzo_o,account.a5ddb78abd394c2a9ee5862cf1c6b0aa
2026-02-10T15:14:54Z,JONG_ZZ6,account.eb62e1c93b5c4853a3604acd49643265
2026-02-10T15:14:54Z,GMG_MingVely,account.0ae57947b71c4cd29b358481d0367b2d
2026-02-10T15:14:54Z,NU_daisy,account.a86b276280714332bc9dc86ff3846360
2026-02-10T15:14:54Z,NUNdefined,account.a2283cf5e2ad42659d30dac3947f10de
2026-02-10T15:14:54Z,KittyS2-_,account.51bf9294c0b74027a8a4b0ab0891a138
2026-02-10T15:14:54Z,2SL_NICKY,account.ecee3fa699e64a3baec11f1ed9f2800f
2026-02-10T15:14:54Z,NUdxxly,account.ae92150b269e4d08a81f89e78e424cda
2026-02-10T15:14:54Z,NUSALMUSA,account.f4debfaff05c4cf3abdcb3209b120b3f
2026-02-10T14:47:06Z,SiK2-__-,account.b9c7a343ee4a4bf5a838dad6393db9dc
2026-02-10T14:47:06Z,25010860,account.37338c8f40b74082981607da0a0eeda1
2026-02-10T14:47:06Z,B-JAEHAK,account.a0ec287eebf94d339ca3a83a010fc993
2026-02-10T14:47:06Z,MANGKI--,account.86d0348f009846dcaf64b761f0497f6e
2026-02-10T14:47:06Z,AVEC_LineZero,account.0d93e742fcd644caaa06215081ecbefc
2026-02-10T14:47:06Z,B-VVVVVV,account.2d1e0386a699455ea9c6662949ab7e0c
2026-02-10T14:47:06Z,NNY_AA,account.8ffa0c0ee60846238857b50a5a052d1e
2026-02-10T14:47:06Z,2SL_Ja-Ryong,account.eb3a48f42af84e6eaf466e4acd647de7
2026-02-10T09:45:56Z,WG_SSSSSSSSSS,account.067e860d1fb34c6d8e772ccd2c30696b
2026-02-10T09:45:56Z,JinWoo_Shin,account.88ae9f831d96400db1502c444f09241a
2026-02-10T09:45:56Z,GolF_NahE,account.ce796236c9b14109a3c694821450b1ba
2026-02-10T09:45:56Z,NyangSawon,account.75752cd30c4b415c9121c435d576f431
2026-02-10T09:45:56Z,eGo_-Jooya,account.367b40828a374794b120d5e62368fedf
2026-02-10T09:45:56Z,VERYOPPA,account.f9cf52c0116247d8897c3d67ec394377
2026-02-10T09:45:56Z,WG_Cow,account.2735e82343214662bdc8aea9f130490a
2026-02-10T09:45:56Z,lllliiilillili,account.3c0213a09f964be3929757ffe04c3cec
2026-02-10T09:45:56Z,MEV_Vincent,account.2b977bfd43cb4bd9ace99254c27921b0
2026-02-10T09:45:56Z,OJ_ST,account.d61581b168c94e8e9711d429bfe96ea1
2026-02-10T09:45:56Z,hong-dalk,account.91aabbe6673a457cba40fd590165e34e
2026-02-10T09:45:56Z,prodjsjb,account.221bba295cd240a8b76ed6a16d4cf678
2026-02-10T09:45:56Z,NCC_-Bum-SALUT,account.ba1a2659aab848daa8aebc6837450604
2026-02-10T09:45:56Z,WG_Nuri,account.5f0e83284aab405dbe259c2314bae1cf
2026-02-10T09:45:56Z,amomomod,account.465f5c6d18504ee69e8bfa8a4f59d82e
2026-02-10T09:45:56Z,Dennis_CHOI,account.1301e638b8dc4694875feab5686e2566
2026-02-10T09:45:56Z,KG_Pui,account.15957676628545d88d67c399745c1b67
2026-02-10T09:45:56Z,DIC_October,account.b5acf2ec82f548f5af21cdf4c42f7620
2026-02-10T09:45:56Z,ABBOl,account.444e37b7a4384c4aa31a98a2c3355cc2
2026-02-10T09:45:56Z,LCS_Shotfoot,account.b53a5f93b153482a9edcd6219ff4749f
2026-02-10T09:45:56Z,Lucete_Vita,account.f84df66f819144c6805a594ee912be70
2026-02-10T09:26:34Z,GONGHAKNAMSIN,account.cdfa5908ebca4a4bb94030473d94b55f
2026-02-10T09:26:34Z,O_Attack,account.54f4988b3ad04ae09b0c443c064e9d5c
2026-02-10T09:26:34Z,YellowCow-,account.c3202e36413b4402b8e3bc346f48de75
2026-02-10T09:26:34Z,2CN_Honey,account.3dd02a7d77ee4a6299d401d3a2c2f62c
2026-02-10T09:26:34Z,Milkichange1,account.0dc5ca6d5e42494a85f6bf7907b6a8ff
2026-02-10T09:26:34Z,baksuyeongg,account.88832de5776847ecbbd33d83a763ba84
2026-02-10T09:26:34Z,d63d63,account.81d987808e4145aeb275b9aa0765d087
2026-02-10T09:26:34Z,lovestrongmin,account.28ce8f83e7724d508aa9e622726ed91e
2026-02-10T09:26:34Z,skldhfljksdhfg,account.c5c1efa1ef294ec182d34c5b82f70d65
2026-02-10T09:26:34Z,daeeun98,account.ddca4b391a0848fe9d8b301ab3f7392e
2026-02-10T09:26:34Z,NxxxHNB,account.7185098b64b34cb7899751427adf3ad7
2026-02-10T09:26:34Z,INPYO-,account.09cef10a4fbc4ed9a888222399f07c68
2026-02-10T09:26:34Z,liliillllllii,account.5c4a39d300494fd8b3532a0a7070fa30
2026-02-10T09:26:34Z,Lm_Airforce,account.5468f718137945f5a34a1f8e93a2baa4
2026-02-10T09:26:34Z,dbstmddl08,account.aacf40e2eb6042dd93ef5b8f60ec9c9c
2026-02-10T09:26:34Z,NX_liilliiliilll,account.9ad5a677cc584138ae8475e400371ea9
2026-02-10T09:26:34Z,malo__-,account.7c3f394946bc42dcb2af614f089e0986
2026-02-10T09:26:34Z,D4HYE-,account.37d42803f0f249b0aad7f89e909831db
2026-02-10T09:26:34Z,2Vs1cut,account.e937ab42cff245deae2a7e6ba10783fa
2026-02-10T09:26:34Z,BGP_Eunseol,account.331a607604624834a14a4f31d9c34bb4
2026-02-10T09:26:34Z,HaziyoTAS,account.9c8709120d51496b9254e8a8debb0840
2026-02-10T09:26:34Z,Olly_Dragunov,account.ae047df41835423882aeab3e1b5932f4
2026-02-10T09:26:34Z,ZaiY1ng,account.f11e2eab4f1b47e0a65a9222f958f527
2026-02-10T09:26:34Z,PepsiColaPlease,account.cd795bd1de2c4b41a3251d9a437b3247
2026-02-10T09:26:34Z,xzxzxzxzxzx,account.42e6c2621bb1426485e0c713f4545075
2026-02-10T09:00:02Z,E_Enjoy,account.638c5dee677e4ff3ab24e288eb44a7db
2026-02-10T09:00:02Z,DM_BORIPAPA,account.0bc4687e49a04dcca64457b0bbf0d5d0
2026-02-10T09:00:02Z,Leeeeend,account.5f607ca7310840748ec338fefd432d59
2026-02-10T09:00:02Z,CpN_RooKIE,account.96c05e48713045e7801d20ab277866cb
2026-02-10T09:00:02Z,Gil-Yang,account.4cfc0f0d41314f19b523e2092ba428e3
2026-02-10T09:00:02Z,BBR_MaiMus,account.5e2b91657dd24ba6bce117186ee70a2e
2026-02-10T09:00:02Z,dbals03,account.b90726e50b594237adbf7879b54bbfa2
2026-02-10T09:00:02Z,BitCoin_88K,account.2e857a79c9904ea1b1f49e7363289f74
2026-02-10T09:00:02Z,Bull_DOG,account.847fac0b9dd44a96a4f6e1deedd1e5a7
2026-02-10T09:00:02Z,HanyoOwO,account.12b57946eeb74a02926e8aec73323bd1
2026-02-10T09:00:02Z,oi0717,account.1a12a7a28ee242a19d08597c0acd7660
2026-02-10T09:00:02Z,Byubjin2,account.69d042526da04ee5b118776a2ed1d0b3
2026-02-10T09:00:02Z,iiiiiiiiiiiiPAUL,account.be91d770bd494e41ac41c6e1a0028556
2026-02-10T09:00:02Z,dxxDx-_-,account.82df2dd335d3475db922c4c14800e601
2026-02-10T09:00:02Z,INX_GreyHound,account.986a42f155f8491393639c3bf27b8a5e
2026-02-10T09:00:02Z,TSG_KISSING_M249,account.e64c75d0ec60440c965c4a377c5404bd
2026-02-10T09:00:02Z,INX_BlackBear,account.0f567c4b1a87481180c89e804844c4e7
2026-02-10T08:35:28Z,JHbuckyou,account.2651948c17c742168702c1929661df14
2026-02-10T08:35:28Z,heoddanddann,account.0ee5a23a38214a8889b2d0b3648172d6
2026-02-10T08:35:28Z,coconutyogurt,account.d38e7a43ed734f36a3db306e49e52e76
2026-02-10T08:35:28Z,Nvm_suN,account.7d797643b417486ea15c26bdd19f50cb
2026-02-10T08:35:28Z,iNox_iscream0515,account.c8fd84e86f48426397c354b83bd9c4b5
2026-02-10T08:35:28Z,NUNXX99,account.e0812d37342f4f2a8bbe8db190fdac9a
2026-02-10T08:35:28Z,MSDS_Dowtherm,account.e62abf08f4614073ae752c603c28c6c6
2026-02-10T08:35:28Z,gnsek,account.19c81bfdd706474a864c8993706fa51e
2026-02-10T08:35:28Z,ICNS-rang2,account.57a68b900d85490a9014356fed200a17
2026-02-10T08:35:28Z,IguroS2Mitsuri,account.45cc7d555e904bcebc182af7a97403c8
2026-02-10T08:35:28Z,Excavator_Volvo,account.8ec15486caec48738e52f3ba030b8c80
2026-02-10T08:35:28Z,YOUHAII99,account.a80c7debba7f4b1f9a14aef7e04bb8f2
2026-02-10T08:35:28Z,TSR_COBE,account.2c501795e379473e9c901c63575cba7d
2026-02-10T08:35:28Z,c8_no_me,account.329a985397a44877b60fcb154d755e8e
2026-02-10T08:35:28Z,Holy_Moly_Saveme,account.bc79f878db254b9dae512066cca9ba23
2026-02-10T08:35:28Z,Feyerist45,account.15bb7f589a1e4c5cae209c95779d2420
2026-02-10T08:35:28Z,DIC_Wdang,account.143b8ce51e5f4744aea96f33a5c2a6d1
2026-02-10T08:35:28Z,BulSa_-,account.5df689d3bb5740039cc529d2d9e9f82d
2026-02-10T08:35:28Z,AOJ_BBQ,account.70e7e16e4dea43a3bf22557206c23cae
2026-02-10T08:35:28Z,V9_6003836,account.558dbce8c3024669b219d941ab30fa50
2026-02-10T08:35:28Z,nagajojbab-a,account.0ab914c0cc3141b7a7b430ef74ec5579
2026-02-10T08:35:28Z,25fullmoon,account.68eab7df6fbf4971b20b335f463a17da
2026-02-10T08:35:28Z,kys120120,account.de09d6783f0f45fc96b003cc0b7144ec
2026-02-10T08:35:28Z,qnapfkdtmxpq,account.d590ead6bb504317a59781b8b5253a18
2026-02-10T08:35:28Z,25waningmoon,account.b7ab34fb40314e778c90c23bd2ee4cfa
2026-02-10T08:35:28Z,xpxhsuek,account.570b65c1c9504eb1a9801745163f4ddf
2026-02-10T08:35:28Z,JYJJJJ1234,account.4a00eefd7cc54564b7a310a307d70db1
2026-02-10T08:17:41Z,sadfist-_-,account.64099ea61ec24c46a7f0d5bf040caee6
2026-02-10T08:17:41Z,luv_yeonhu,account.7d863586abf447a19119d5ce9aa2fb7c
2026-02-10T08:17:41Z,PaengDol-i_,account.d385ac3dab95426ca0a4cc11a1c17b00
2026-02-10T08:17:41Z,DKB_King,account.b3b02cc6e808429db41d95d13874e83e
2026-02-10T08:17:41Z,onemore_11,account.8daab5b10b9a4497a9515227f8334b5d
2026-02-10T08:17:41Z,DAF_HHarome,account.8ffa6d502106490a9ac5e927f1e62d34
2026-02-10T08:17:41Z,Ez_DuckBae,account.82baffc20b9b4d24ba6cd1820b2818b0
2026-02-10T08:17:41Z,GunDeaSiBar,account.c7ae826ed12943c6b5995db17fb0a03f
2026-02-10T08:17:41Z,2SL_LEE-SOO,account.78330915e90b412a8c7f20c43b88e7b4
2026-02-10T08:17:41Z,Tlqqudtlssuszjt,account.37ab5ae3604e41469feb5da8dc0230e6
2026-02-10T08:17:41Z,AnJungHyun7,account.ddc61b0c6bcc4f76840c755dc816525f
2026-02-10T08:17:41Z,dltjdwns1,account.3b00271e4d5843ae9be662e482215a14
2026-02-10T08:17:41Z,HAEKXXJANGXXEEEE,account.46d9234fe6b94c508c804805585b7ba6
2026-02-10T08:17:41Z,soon_gom2,account.0f1fd9b84319450fb43ba68421a2b891
2026-02-10T08:17:41Z,ten1kai,account.fc7f31036b2c43c7b3be5c72e0970178
2026-02-10T08:17:41Z,BotTegAVEneTA4HW,account.33073c00f1304b2797592d0a327219b3
2026-02-10T08:17:41Z,NoXthraXXdEiVorn,account.565b71f2b2ee41ac8dec7fb2dbaefffb
2026-02-10T07:48:05Z,dragon821,account.61198c691ffb47b29cef695d76368cdb
2026-02-10T07:48:05Z,1_Espresso,account.523cee11e77947c893d10161a2c4819a
2026-02-10T07:48:05Z,SSaJiMa0,account.4d162781f4f449b99246eade644f805f
2026-02-10T07:48:05Z,topuria___,account.f4f93b69f36540d69e4e9727c8699813
2026-02-10T07:48:05Z,HTC_SUWON,account.61366d1d95324ddfbae747bdac53c8bc
2026-02-10T07:48:05Z,qka1124,account.fcf03569159a4d83a53c32ef2ae2ddfa
2026-02-10T07:48:05Z,e-zip,account.5d8f206799c84a3e9fac3083199586a1
2026-02-10T07:48:05Z,10201204,account.00f05927d9a64ea0bcdbce27b038e567
2026-02-10T07:48:05Z,9699_O7,account.6d808f645ccf44a98a5a696a4ee3496f
2026-02-10T07:48:05Z,rlatmdflafla,account.c6b224f40c94497c8bb85c0b3fe41781
2026-02-10T07:48:05Z,PerManGod,account.b3f715062fd245728102d88213d03069
2026-02-10T07:48:05Z,Dinghiskanh,account.f1786db776364689b9624a9b1e465c4e
2026-02-10T07:48:05Z,BBalJiMa0,account.62acefe0578843159c48f43ffc86791e
2026-02-10T07:48:05Z,NED_IU,account.2f09d6a0522041f2b4930bca373c84c4
2026-02-10T07:48:05Z,KOR_CRAKERR,account.a527871d5a824c22b8510db663d27df4
2026-02-10T07:48:05Z,neon_0407,account.08dc417083ee4866b2d06c13b53a454c
2026-02-10T07:16:48Z,K-o-JUN,account.67aa75456ba8419c9b8f98809edd332d
2026-02-10T07:16:48Z,SBS_SR,account.b5715e34d4864ce9941aebe45dc449df
2026-02-10T07:16:48Z,Ra_lo99,account.8ad9bb3df1c34102a62419ca1c763a34
2026-02-10T07:16:48Z,BOSS_DOK2,account.6afe5e618c6046b8be3374514202243f
2026-02-10T07:16:48Z,CAL_Jxsxx,account.183bfd036a9948e4944045cc51db3276
2026-02-10T07:16:48Z,jonbeo_geukhyeom,account.b6521b0197ba442198c81d19a07ec5a2
2026-02-10T07:16:48Z,3SP_QuieT,account.136c98b1b1784936a7177608b5dcd40a
2026-02-10T07:16:48Z,CAL_Crash,account.9bfa0966d00344f99906f52e4a737483
2026-02-10T07:16:48Z,qwe123_-,account.58ab059b2d754886815153b73dc2c9be
2026-02-10T07:16:48Z,IamD0PA,account.10d7c97b24334c2db5fd497de320d213
2026-02-10T07:16:48Z,oRa-nC,account.3fec0ebc2e6d4f0a839075a7371efa48
2026-02-10T07:16:48Z,ORION_MIZzz,account.56619b86a81f4bebbd6619f4cb0ad23a
2026-02-10T07:16:48Z,CAL_BABY,account.c8d7a8bfade54788bc41545acb92c0f3
2026-02-10T07:16:48Z,kekekecarry,account.51cf884ced2c46518ec00038b9383c1c
2026-02-10T07:16:48Z,AgujiDadja_,account.0e96508f99e044239fa8fe2bd44a8152
2026-02-10T07:16:48Z,TPT_PTP,account.7836c2725ea64e6a91799a1323cf6200
2026-02-10T07:16:48Z,xeung__1,account.505cd833faff474cb6fa403972b6a541
2026-02-10T07:16:48Z,sibalsexgo,account.184d63668bb444d4bd20ffc22013a4d3
2026-02-10T07:16:48Z,CAL_GGOBUGI,account.e3327dde12e647edaff0f7baff7ff9af
2026-02-10T07:16:48Z,DoWonhyeong,account.1b0a6c323e4d45788f85615110dee4d3
2026-02-10T07:16:48Z,ppakhs12,account.556efe05a15d487a890b6d4ac0552be6
2026-02-10T07:16:48Z,3SP_WxxDy,account.f2b6f0cb7fd44b17a35dc7e7271a5cf2
2026-02-10T07:16:48Z,injaeyo,account.14be461dff9848c588b57da59da6502b
2026-02-10T07:16:48Z,ratmonster,account.4770373d686a431a9250e34656b1752c
2026-02-10T07:16:48Z,niiwakano,account.8134a0bdd316499b9c60f532260ba3b4
2026-02-10T07:16:48Z,VNM_Noname,account.b4e7c3033d0b42509f7111da6968b70f
2026-02-10T07:16:48Z,kwonsuhyun,account.7b754f8fe32b479e8161af75d8de3239
2026-02-10T07:16:48Z,WINS_KKWANG,account.b4c39c2d47de4882ae9423b31c50c658
2026-02-10T07:16:48Z,d-__-bABBAM,account.b7dbbb6e04454c67a1c118292506d623
2026-02-10T06:52:22Z,bbangddoah_,account.43679bb70d8c4800b4e27d7499e973d1
2026-02-10T06:52:22Z,Lumos_Solem,account.8e1c84cbefcb453084a8cde876385498
2026-02-10T06:52:22Z,JIN_syubal,account.5ec395ac2ce04b9fa8540851f39577c4
2026-02-10T06:52:22Z,s_angg,account.733b388bb63a49c6836be41a4dfec1ad
2026-02-10T06:52:22Z,WaB_JNK,account.ad0321f017d248d196dfdaac6038bf6b
2026-02-10T06:52:22Z,Shurato_VX,account.4140b6efc9e64df8807e3272eabdd384
2026-02-10T06:52:22Z,Ez_Kokushibo,account.f21e5bed51674cbb81665506e1055006
2026-02-10T06:52:22Z,HTC_hannamCut-_-,account.3ec006d4003344ee82887888e314a2b1
2026-02-10T06:52:22Z,DomDaDi-_-,account.b217cd2bdec245948b97a063bf448d86
2026-02-09T11:21:34Z,8-0X-K,account.a669cd1fc0f64610ba24e3dac3f4ee5d
2026-02-09T11:21:34Z,kingka123123,account.6dc0b5b379304c2db0b7e1ce61868bcf
2026-02-09T11:21:34Z,chuuzillla,account.02b480338e9740d6942f8ccb44a59ae6
2026-02-09T11:21:34Z,DIC_ninano,account.b9bc2dc4006c4f88adc1731828f507d7
2026-02-09T11:21:34Z,PaDak_YaMi,account.2c2c2a20d9414f4ebd6838a8fcce90ab
2026-02-09T11:21:34Z,hanpaegi,account.4ac0f4b2aa9849ffa540fb6986a3c2b5
2026-02-09T11:21:34Z,JottoMatteLatte,account.83bca1df5fd2460690b78528cc269454
2026-02-09T11:21:34Z,OnlyGensay,account.fdd7367117c54130817ce2e92a4ad906
2026-02-09T11:21:34Z,benzz_97,account.2552704e22664f7e8020a4c148f0e5d9
2026-02-09T11:21:34Z,0l0l-_-,account.ea5eea5b962f4b688665a30a5a143ecb
2026-02-09T11:21:34Z,Baby_KKoMa,account.f783046b9631469aaf0411b310c83cb1
2026-02-09T11:21:34Z,cc8roma_,account.8d330e3a44944b2ca085efa4835c4da8
2026-02-09T11:21:34Z,chuuziIIa,account.2b22399c60bc49c19b32f35cca578dc5
2026-02-09T11:21:34Z,T___MAP,account.6ac66bb677084334a9d0ff81ee5380e6
2026-02-09T11:21:34Z,MMing_Sentinel,account.395b37cd1c674087a587e135741825fa
2026-02-09T11:21:34Z,H______HHHHHHHH,account.afb6e06e7f7d409787aa3dc51894162a
2026-02-09T11:21:34Z,Cheeeze_Pearl,account.6fd068bba5314dfaae6c5d21f8e72c04
2026-02-09T11:21:34Z,Cheeeze_jeolmee,account.3d21a3e006f947739526b055047a3434
2026-02-09T11:21:34Z,AIM_RIFT,account.85661ac10cb449e9955ece65385927ba
2026-02-09T11:21:34Z,kingcapark,account.6d19b305fae3465681cf5c4962718593
2026-02-09T11:21:34Z,BGP_LAIKA,account.fa3d20cf77a64ca4850f3e77b21abb6b
2026-02-09T11:21:34Z,NoGF_NoPB_-,account.412f44ee41d6459aae6766ee84d38022
2026-02-09T11:21:34Z,HOTELYAJA,account.3bddf328ae9640efb879d78610ebe05f
2026-02-09T11:21:34Z,Dyelc,account.5f75f67cfb7a42d1a21487cf94719297
2026-02-09T11:21:34Z,KUDA-,account.fa5c1a32bf354b2a8d4e5b319275faf0
2026-02-09T11:21:34Z,ggamdange_Nigga,account.faa5ee02ead64cd9ac529b9b6d0855f4
2026-02-09T11:21:34Z,NUhoon,account.1ae9d391fb594503960e58e923554b72
2026-02-09T11:21:34Z,MaPo_SexyGuy,account.639a3d1cf7b54701b98f4557bc526352
2026-02-09T11:21:34Z,Cheeeze_Parang,account.eb86fd44938e4c51befb73994e6b8b12
2026-02-09T10:50:17Z,Gz_Garden,account.9cc5cbb17b5640518826d460936e23ac
2026-02-09T10:50:17Z,hanhu11,account.148f52b0c2e54016b4efdd39c6a2f508
2026-02-09T10:50:17Z,murumumung,account.f53ed7bb1ade479dbe89c8ad3553d001
2026-02-09T10:50:17Z,SamsungFlip,account.b8d56c889ecc495d96df82252aa5ae83
2026-02-09T10:50:17Z,hide_gx,account.7637fba368194474ba96ccf7831e0cca
2026-02-09T10:50:17Z,HEIBA0_0,account.8cb5357e99d14fc7ba47c4342a7d4984
2026-02-09T10:50:17Z,jae2001,account.dac63f88d3954f3a9202d7746c339229
2026-02-09T10:50:17Z,718_ClanMozip,account.b7a1c29fac844801b89d79e5579d85a0
2026-02-09T10:50:17Z,insangreroll,account.88f5d84c9e1c422fa4f72431966eb927
2026-02-09T10:50:17Z,JU_Elec_JOOOOOOS,account.c574efec32904655b8bc8fac6fa7e24a
2026-02-09T10:50:17Z,SamuelEto00,account.a0b2677aaa3e41bca2e4b2f1cdbf6e16
2026-02-09T10:50:17Z,eg0716,account.53111d8932b341f1913be84934b48eb3
2026-02-09T10:50:17Z,hichaeso,account.ff14bb318e5d4e3daa892fc41291a3d6
2026-02-09T10:50:17Z,Teto_Park,account.b4c683bd650c4e928b62b415e337d5ad
2026-02-09T10:50:17Z,NX_MOONAN,account.eb69b48d44534102b70916b07301ee26
2026-02-09T10:50:17Z,GOAT_Psycho,account.2dbe6b41d0a349bca31f2f790e1197df
2026-02-09T10:50:17Z,Goonus,account.b15f02de8729482e8ad0c4656081e149
2026-02-09T10:50:17Z,M762pearL_-,account.eb176a812ca34768b9a3a8252bb9cb2b
2026-02-09T10:50:17Z,IamYeotch,account.45fb5ccef68148f59892c2e73cd78aff
2026-02-09T10:50:17Z,bbaesubinn,account.5b486022a622496e8850ca3b651364f1
2026-02-09T10:50:17Z,yoon_MC,account.0b47e790afd145e986c4707b9356ac47
2026-02-09T10:20:12Z,UMP_-3Bae,account.c963211992504397b1133497a78f1ac6
2026-02-09T10:20:12Z,OKSUSu____,account.5b46597d500f48bba135d398b7df3c7f
2026-02-09T10:20:12Z,geo_nuda,account.6df7478554d743d699e04de06162ee37
2026-02-09T10:20:12Z,Performance-0-,account.ff840778b573464a9d4c7d6e62419e65
2026-02-09T10:20:12Z,Za_toichi,account.4256c7e7333c4f8880c5ff7c2a00c5b5
2026-02-09T10:20:12Z,Zoe_YeYePaPa,account.ac3cddb292f04b6e835bcf698a7c75bb
2026-02-09T10:20:12Z,yyds_-yY5413Q4,account.ddde7cbb6f8c416eb11f134c46589353
2026-02-09T10:20:12Z,medinet3822,account.94ec323a9c4c4de98e4eb1d640368d4e
2026-02-09T10:20:12Z,AGIRANG_E,account.b46cfde2d9a84a8ba3e39afc316cde2e
2026-02-09T10:20:12Z,Junpro_2Man,account.5f6e08b973234792871474d6c78afcad
2026-02-09T10:20:12Z,jjing_sang_ta,account.82a61ebc5fb2452c982758d82f37829a
2026-02-09T10:20:12Z,YOUTACK2,account.e63f860ecef74260aa5fa82feea14459
2026-02-09T10:20:12Z,Zoe_KinGGuN,account.cc6dcdfecc5a4b4ba601b6076e10ed89
2026-02-09T10:20:12Z,hyun2zzz,account.9ae892ae5f1e4a37ade6e8a99f95ff92
2026-02-09T10:20:12Z,S-helan,account.c2e7e46fad4c4b68831dcfa7cab9b93a
2026-02-09T10:20:12Z,naneunspace,account.01144f9dca7f402caa73c0a0edb7ecde
2026-02-09T10:20:12Z,KIM_SANGSIK,account.ccb5be1e8a914e4e882696a00889b424
2026-02-09T10:20:12Z,Zoe_Pepsi,account.a42e7860902e4e3ab44056e143e4094d
2026-02-09T10:20:12Z,xiadae89,account.c814f28ad7bf47c3b6941facc3ba43b5
2026-02-09T10:20:12Z,k_h_seok,account.d95033cac7014f5c83439664ee934e51
2026-02-09T10:20:12Z,Zoe_hoon2,account.c85e7b4dd18b4d7f9a622db653db083c
2026-02-09T10:20:12Z,salidosalido,account.69547717d6fb44058a3110a253797a00
2026-02-09T10:20:12Z,DMS_Diabro,account.3b8c05531fc344808c64b9a6b686e1cc
2026-02-09T10:05:00Z,YetiBalBaDak,account.5a44be467a1842569a4aa728a38842c4
2026-02-09T10:05:00Z,LineUP_InJa,account.5e8ae83a77184fa199d8acb3e81b9d45
2026-02-09T10:05:00Z,WallGang24,account.fc8ec2a1645c42979fdfeb502f72cbaa
2026-02-09T10:05:00Z,likecoke1,account.ada622621e3b437c84d12f60650f94b3
2026-02-09T10:05:00Z,king_maemi,account.59e5599e004a45389cdf93bd27ef63b0
2026-02-09T10:05:00Z,KotomiBalbaDak,account.0086f053e7764a1fb6ef3c6a01cb844f
2026-02-09T10:05:00Z,KaRiNa_o_,account.7e7d4a804b5f4ee18851654a61c7df1b
2026-02-09T10:05:00Z,11_CHEOLSEC,account.25edb5dae0f14abe8009daa11f62871b
2026-02-09T10:05:00Z,YS_GwonOh,account.34a36748bc834be5828e7554f1ddcd30
2026-02-09T10:05:00Z,Psycho0413,account.ac05424de0f24780be39a3ea6a13bb05
2026-02-09T10:05:00Z,H1P_Salute12,account.a674e4fe19ee49ae9fae553f6f3cdf36
2026-02-09T10:05:00Z,ZpeekOnG,account.6f50946df8d74e0cbdb7798bfc19a74d
2026-02-09T10:05:00Z,RZ_MinHyeok97,account.5da68b328b8544419a88fd289b7dc06e
2026-02-09T10:05:00Z,DHJJANGJJANGMAN,account.98b9a4fe2480401d80a85de3bf125a6c
2026-02-09T10:05:00Z,Fire-eggg,account.aeeb3939491e498da71a28592de24d8f
2026-02-09T10:05:00Z,wksthflrmaksgo,account.509a6952e0b44192b7a366478b731f0b
2026-02-09T10:05:00Z,ParkBaraPark,account.bb01d5b6274a4e0c91bc13051141005b
2026-02-09T10:05:00Z,9lloo2,account.873913e3fcb745188bea4243ebf6c1d6
2026-02-09T10:05:00Z,NX_Loki,account.ca7e36db98ad42f1accb1ea043e8679d
2026-02-09T10:05:00Z,Surferrr,account.1aa146f022494deda16b8b55d4d42a97
2026-02-09T10:05:00Z,Venie_-,account.821e7c62383a434ebefbf386cba63f87
2026-02-09T10:05:00Z,INX_MwoK,account.601948b2c5d54e4ebc98fde50a578e29
2026-02-09T10:05:00Z,Bonggoo-chun-jun,account.b4fcd65c07bc43feafc94b89e86c6d89
2026-02-09T10:05:00Z,XoX_DuBOO,account.cf5bcbdf464e4a2d997781b85ed64348
2026-02-09T10:05:00Z,dddiizzz,account.e6f968a0b753404185162210d76d3fef
2026-02-09T10:05:00Z,wisesunu,account.a0c5190b14ad48fcb006e3fd09ed6be0
2026-02-09T05:31:43Z,Han_roro_,account.df7b736b823c48acaafb05b573b276d5
2026-02-09T05:31:43Z,Douyin-75311357,account.603f88f499664f8a9e6cc7cf0536ee34
2026-02-09T05:31:43Z,0x4ty,account.edaffd83c3ac44dcbdeef084d6b34974
2026-02-09T05:31:43Z,XheaObbb,account.06b2ef124c7946879cafd09f48d672dc
2026-02-09T05:31:43Z,Ez_GGplxy,account.a7a286b74cdf4829bdfbcc17ee9830b3
2026-02-09T05:31:43Z,cat_x_x,account.8eaf028f215b4bb8bd487adc218cca54
2026-02-09T05:31:43Z,RGB_Purple,account.412bfff7823a44b5abc022b7ae4f5d25
2026-02-09T05:31:43Z,DPM_Taepal,account.fe1bfbb00f364fbfa2e4c7c2510eb69a
2026-02-09T05:31:43Z,Os_Mumallaeng2,account.abb3f25b95954517a8fac1ea5d5ae647
2026-02-09T05:31:43Z,lilililliliiiili,account.1234d509116e43c980392eca4c1f3d79
2026-02-09T05:31:43Z,SeHyxN_,account.f0c3ea7fc055473495c4a0e8f6e1450d
2026-02-09T05:31:43Z,Cheetah-o-,account.ff0e2436dc8b49a48a9c3e0916f192d1
2026-02-09T05:31:43Z,dongcha_2,account.73b3430abcd3434798e39f9bec7808b3
2026-02-09T05:31:43Z,DPM_Aura,account.4226a81cfb874e0a8666ceb564514c19
2026-02-09T05:03:36Z,9mm_sniper,account.9d72248d677e4bf89f96cca0b8f452e4
2026-02-09T05:03:36Z,SADAE500,account.6fe9aae264e4460094e63230e26a7376
2026-02-09T05:03:36Z,362510,account.7d5f1aa849464a8d83f91afbc6bfed7f
2026-02-09T05:03:36Z,subakmubara,account.7625f490db804f2197fd6aaec99d3bc3
2026-02-09T05:03:36Z,Gz_RooKie,account.37d0f987999042faa4e30f808434ced3
2026-02-09T05:03:36Z,COMET7991,account.53c2ea4dc57d4771a0a47733c8ded494
2026-02-09T05:03:36Z,JOBOKKI,account.b79f8f688f96432a8559df578d2684b9
2026-02-09T05:03:36Z,Bbigbread,account.0bd29e34a4f7441793ea058d2c87e0f5
2026-02-09T05:03:36Z,teamastsikbbang,account.6f11d9df96d64c8b8ae21dc1fdce45ba
2026-02-09T05:03:36Z,J0RAL-10270118,account.0cfc7e76c6064b75bbbdba542feeaaa7
2026-02-09T05:03:36Z,Hyebokchi-3-,account.2ffd781bf38147edba54db8261322095
2026-02-09T05:03:36Z,bmk3080,account.ad49ae35a19243ceae96a56c3f0bd8dc
2026-02-09T05:03:36Z,roahtgkshwjqdjfk,account.36eaf1c7c30e4f30b7ffdebb09cf7404
2026-02-09T05:03:36Z,sex-mc,account.05e531e367dd4ceb9dd64a16d8ded7ee
2026-02-09T05:03:36Z,9.45135E+13,account.4a923febec56486aabc2e96442e37dd7
2026-02-09T05:03:36Z,LARVAKING,account.408f0868c9ca4a849a8bd2295fce97ab
2026-02-09T05:03:36Z,oioi--,account.c885c3ad15ef40b6a4deca0e529a3a4e
2026-02-09T05:03:36Z,INX_310,account.af7b35bec1d745aabfb199ff91c8cf84
2026-02-09T04:44:05Z,CQB_RevEnaNt,account.e3a4b7c7a28f4cffbee0c1f08ab647c9
2026-02-09T04:44:05Z,woshixiaoah0w0,account.39f87d6eb6104ec3b69a775a36ce46a6
2026-02-09T04:44:05Z,MXNX_AMS,account.e9317ffbf416432a84ee3fcef93b3cee
2026-02-09T04:44:05Z,DAZYBBONG,account.9916563c36de4e09be4bb12cf9eca67c
2026-02-09T04:44:05Z,dktlqkfekskrkfk,account.6e36ea0043ab493bb0ea0031844f7e46
2026-02-09T04:44:05Z,aspicysauce,account.43442fc21e374a7ba602942f5ee45775
2026-02-09T04:44:05Z,SsG_-HR,account.b51f71b196b5425cb26619d1439114f2
2026-02-09T04:44:05Z,JANGBONGSOON,account.ad1467a9d7c648659f34d21ec53f12d0
2026-02-09T04:44:05Z,gyu__bin,account.72ad1e3053cd49a688d04a1aafc4f0a9
2026-02-09T04:44:05Z,kcy123_123,account.c75079a3a1c241f6ac9b65ce24d63b45
2026-02-09T04:44:05Z,M_HR-S2,account.b87d19ed5f9b4eeb9aa7b12466426b71
2026-02-09T04:44:05Z,DIC_Daehyuk,account.4d26f7221e204690babd17f8403e76f8
2026-02-09T04:44:05Z,INI_imdangdang,account.83eedb0af6544ef09beffa1cef4dd42e
2026-02-09T04:44:05Z,GPRO_GSP601,account.ffbe32f97b3c4eb7a03fd4400a468e8c
2026-02-09T04:44:05Z,IamToc-,account.781e2e0b1004439ea03475cebd7c07c9
2026-02-09T04:44:05Z,SsG_-JM,account.6c338558465d448abcf9e46471fa6bca
2026-02-09T04:44:05Z,Kim_Min_Beom,account.072b4bbbadb74d82a92d56ab3044cac6
2026-02-09T04:44:05Z,Mr__-Choo,account.50e245a1028e4e3ca91af88f052ab117
2026-02-09T04:44:05Z,umki9226,account.2be7d07573a947af8096f488274a3685
2026-02-09T04:44:05Z,13728502,account.956997cd703c418888b43d546da99d7a
2026-02-09T04:44:05Z,bottlechul,account.f448d122a6aa40bea1b8348298500695
2026-02-09T03:56:55Z,zzambbonggirl,account.bae607881d374697b33fec04f3be3ee7
2026-02-09T03:56:55Z,iffy_loopy,account.c6822778ffeb4fee9644a3067b5880d4
2026-02-09T03:56:55Z,KR_ENFJ,account.279552565e33458ca7691ec780502167
2026-02-09T03:56:55Z,Everhoney,account.be571cee45a54c6eac4cfbd0cc38c44b
2026-02-09T03:56:55Z,T2ACH,account.738f566941e240dc8d263d9bcdb84174
2026-02-09T03:56:55Z,Kensay-,account.c8fd2c57be2c4f73b27c18391c0dba30
2026-02-09T03:56:55Z,ujbhunter,account.994306d6f23f48c7b8c95503305de9f4
2026-02-09T03:56:55Z,DKB_xxx,account.a45cb409455d46d9a4ee2956c4620a4b
2026-02-09T03:56:55Z,GlGGu,account.e3e52f49e1a345c6b8a4757ab6b10a91
2026-02-09T03:56:55Z,0_-ZZI,account.3e75eb784a2c4589915faacbb489d0e9
2026-02-09T03:56:55Z,euns0ng,account.9bb830f6b6d34af58dc7c58945a7779c
2026-02-09T03:56:55Z,Twitch_roads,account.ea41ae043ec146dfa37747878d9a916a
2026-02-09T03:56:55Z,CHIC-0-,account.a61dacb0822d4f078feedc9089d9afb5
2026-02-09T03:56:55Z,LK_JJunny,account.fcf20159ac754ceeb2033420d36fc099
2026-02-09T03:56:55Z,Wang_gu_96,account.bb0f956e1f3f4851a16b413b15b738b6
2026-02-09T03:56:55Z,LALAVI,account.c5b6e0a515d64596ad78ea7a905fc551
2026-02-09T03:56:55Z,GirlCrush_Young,account.de87a81567824cd99e0a1fcfd7eac285
2026-02-09T03:56:55Z,elfEkfwjsans-_-v,account.2eb45f3dc54b4c45b8a5774aeb7b1482
2026-02-09T03:56:55Z,hyoin2zzz,account.d2ae61bb422a46d9b55f38284b67f23f
2026-02-09T03:56:55Z,inkDKB,account.e7182038d7eb4592b38070ed4356f388
2026-02-09T03:56:55Z,R-Point_Sniper,account.d53f2c5f174e48f2830714aa14f380ef
2026-02-09T03:30:43Z,ohgang22,account.771558a31952471eaa05bc2868f6a606
2026-02-09T03:30:43Z,XbeiXbeiXbei,account.4636e3c198d445708e74c3eecd8e8a58
2026-02-09T03:30:43Z,hamtorikimhaksu,account.89716a96f7004444be2189d3b564f697
2026-02-09T03:30:43Z,m_mnmn,account.1f6e99b54bb24729ba91bf7f1eeffa5c
2026-02-09T03:30:43Z,NBG_SMQuxxn,account.ef5e92c21f034aee82c5195977507dfd
2026-02-09T03:30:43Z,y_y_hyun,account.f246160f3b834c00a3c3247a4d4193aa
2026-02-09T03:30:43Z,BGP_GGulGGul,account.b9e9ea00a23f4da28c7119bc71e4e781
2026-02-09T03:30:43Z,NU_manjiro,account.6b77c0aa52e84d3da0639d81ac257df4
2026-02-09T03:30:43Z,LaminYangmal_,account.e49c0c680f564ff5936e2f630dc3b520
2026-02-09T03:30:43Z,PA_ChaN,account.7d6ed5e34f7d4100a957a3a1e8e28181
2026-02-09T03:30:43Z,woneung4,account.b8dc2dedd022495fb1d96008cc89b703
2026-02-09T03:30:43Z,BamBi_DoHyeonzzg,account.7840c808d29941788790dfd5a9496a34
2026-02-09T03:30:43Z,DNA_KKosu,account.808d28ec2a6045c5be2fd3624ed0ba6f
2026-02-09T03:30:43Z,4Que_fat-song,account.7c0baa9ee13d4349b254ce7f8ce872a6
2026-02-09T03:30:43Z,prrrll,account.e96a02c8e7a6442cafe1c19e502c7df1
2026-02-09T03:30:43Z,CTSM_WaPan,account.cd7dc29df3e84a3596f229f1b573b7e0
2026-02-09T03:30:43Z,dl-spd,account.12c099d419e3445eb5ce3490c1c4f42b
2026-02-09T03:04:22Z,Error404-LLLLLL,account.eb3f324cbe514d96bf1481427d179f1b
2026-02-09T03:04:22Z,Zzanmul_lung,account.b62cb6324853468a88517e51dd207235
2026-02-09T03:04:22Z,PerfectMan-_-,account.7537df7cb6fc4fbdadf8e42d37306ba1
2026-02-09T03:04:22Z,CASA_POOH,account.c27f92fa74c14f56a37e222d2754ca75
2026-02-09T03:04:22Z,kk_h_x,account.997fe1cca65e4d7dad3d7efad44472e6
2026-02-09T03:04:22Z,ralo900,account.8e908929e206444593ffb1e5ebd161e6
2026-02-09T03:04:22Z,Zzanmul_Attack-,account.1d98e1f6557f437e8ba907e55abc1c79
2026-02-09T03:04:22Z,Rjemfjreosp,account.0cfea239030f4180bda27fa0b24e549a
2026-02-09T03:04:22Z,DeeChuSaeKi_-,account.c0b6d66d2ba840e088717dc2a7696a79
2026-02-09T03:04:22Z,BZN_Beopallo,account.04db07971d1f4a8b84962c3fcdf3c6be
2026-02-09T03:04:22Z,1st_kang_kang00,account.551b67006e314babb37107acf3549e6d
2026-02-09T03:04:22Z,Ahyun2Pilyo,account.0020cfe2ea024969a11f36dc4cd6055f
2026-02-09T03:04:22Z,qhsrPdlsepdyq,account.81c5465c30074835b4c2891d9dc27bcb
2026-02-09T03:04:22Z,38813674,account.cb8109055c6045e7b4eba3a8c263a13e
2026-02-09T03:04:22Z,Error404-TTTTTT,account.5b399e242fb1434297d6dbdb0b2ee97c
2026-02-09T03:04:22Z,AK_JUN95,account.c84108e0b8bc4848a02e42341510cb8f
2026-02-09T03:04:22Z,roWjsmstkfka,account.724e1d6152c64e99bb785ce8aa0a79ca
2026-02-09T03:04:22Z,DoYouKnowTera_,account.2fceb47cab2a42d680046252017a2fb2
2026-02-09T03:04:22Z,solcho-,account.cc06185874e145c6961657dfb30e2cb3
2026-02-09T02:36:27Z,KANGEDA_MN,account.121c04d9552c41228dd5c57788df1348
2026-02-09T02:36:27Z,samgyeopyummy,account.a86fb7eae834448ebfcc7324bd621f7d
2026-02-09T02:36:27Z,DAF_fota12,account.7f48677996bc4bc29b9950a2ea6d61eb
2026-02-09T02:36:27Z,SINBONG_orb,account.c2e63fb04c084d49ba7d7090211aa474
2026-02-09T02:36:27Z,PSWIS,account.2849641b3efb44b58a9c3aa07e29c2fa
2026-02-09T02:36:27Z,Who-made-this,account.2c8ce12d3f39471fb4c44ee7a159ebd0
2026-02-09T02:36:27Z,50centToc-,account.cf4fb03c498f40f4b0d3f2e2daae3d7f
2026-02-09T02:36:27Z,maxto7100,account.d9b16262980a473da21eb96966bfcd74
2026-02-09T02:36:27Z,RZ_JyoYa,account.87058a83cabd4d2190e80cbd2a7a24fe
2026-02-09T02:36:27Z,DAF_Aruzzang,account.1da2fa185c9f4a5e9795eca3d486e1d6
2026-02-09T02:36:27Z,wangchuljjang,account.4fb22010c3b44b96a00461874835619f
2026-02-09T02:36:27Z,MGM-JOEN_DE,account.5b4ae3011a8d43c0886d88392591ed53
2026-02-09T02:36:27Z,LB_93,account.4019076df6e8444db2163783918481b3
2026-02-09T02:36:27Z,llllililllllilll,account.89e7e8f0aa1a43b7b67032e6788d8e56
2026-02-09T02:26:39Z,JSzzingApex,account.20e83a6092df404e9bafae0a4b058e5f
2026-02-09T02:26:39Z,CHANGE__SUN,account.fbd8aac64eee4021a4e46733d53626a0
2026-02-09T02:26:39Z,mOn_Chhichi-,account.4272beea567a4ad7ae5e78d312f6fdf5
2026-02-09T02:26:39Z,DNA_ERSU,account.b2096aa2f12d41fe9831bea09a5a6a5f
2026-02-09T02:26:39Z,lncute,account.dc027d0937f5429e8594b01860fdc61a
2026-02-09T02:26:39Z,godgodwogus,account.0b70d17e62554095a7e9b932a69140b9
2026-02-09T02:26:39Z,17-73009201,account.b603e4bfa1e14c3c848eae85a9f25ea4
2026-02-09T02:26:39Z,SSAGOAL,account.fe51cea56b8d4394969afa7892c1bcb0
2026-02-09T02:26:39Z,H0WL_Seize,account.ad58016ff2314b2a9071ecda997f5685
2026-02-09T02:26:39Z,J_Hyun7,account.4b9746d02f2d44eb801780579f80a676
2026-02-09T02:26:39Z,aRtFiLm-__-,account.1f08f3d0802141d9ba3632565873a223
2026-02-09T02:26:39Z,JEJU_Heaven,account.27d7cd0797fc434dbc83475898f281ed
2026-02-09T02:26:39Z,CIP_DontGas,account.bab52fc8365c44008acfb80a54134511
2026-02-09T02:13:21Z,housebong,account.3496daf6456241a39a623f476452ff56
2026-02-09T02:13:21Z,2NA_S2_,account.43549bacee704265a97cd92c3c5631d9
2026-02-09T02:13:21Z,Cutehoon_,account.092ce2e5c9894a0098959451e8ebda0b
2026-02-09T02:13:21Z,GaNg_BJ97,account.a397006a164843be851f3e23f41d671e
2026-02-09T02:13:21Z,Dosawon-_-,account.66d13f653da04791a484d99fd5601d9b
2026-02-09T02:13:21Z,Iwhantyoursth,account.165b8a2d07fa41a4a4cad29f747ad010
2026-02-09T02:13:21Z,BR_baskin_robbis,account.04081fa4e93c4935bdff881c45b74f19
2026-02-09T02:13:21Z,K-HARORO,account.037d16b6ad264633a34fdf08ace1d4ab
2026-02-09T02:13:21Z,14K-ISCO,account.bd510baeb0d643b1802c26eb6829a292
2026-02-09T02:13:21Z,WT_MoMo,account.869d968834af4e42802c51a8927631d5
2026-02-09T02:13:21Z,3040_kiasgood,account.ef5cbd4739fc46339ae70e145797822b
2026-02-09T02:13:21Z,RESCUE_FF,account.278ebd3f683e4a5293b00e36aa7a0120
2026-02-09T02:13:21Z,lllllllllllll_1,account.fbed97c659804481b9daf2e9f093c732
2026-02-09T02:13:21Z,cucudas70,account.2ad7895a330d4e6da1c6fa19bcffe79a
2026-02-09T02:13:21Z,askfljxcvijiowrj,account.9027dab2f86e44bcb3b162f19281c24f
2026-02-09T02:13:21Z,ss-69,account.67657310ee254c54b07f527b7a3db1f0
2026-02-08T08:03:54Z,B-Gings,account.fdaa757f403348408486ad0eb748a644
2026-02-08T08:03:54Z,DambaejomPizza,account.400210bb15044b95af920dc58cdc0522
2026-02-08T08:03:54Z,INI_HELLO,account.cc9ef2387f6d4b378526b0ac3b3a3fb6
2026-02-08T08:03:54Z,LLMP--_--WaRning,account.e32f3871203e4f11ad92b0451bfea68b
2026-02-08T08:03:54Z,tokyobananayummy,account.903f8d53bf754f4a981234f90e31725c
2026-02-08T08:03:54Z,SAVE-ing,account.547a56dc2a534781bc2fdaa7f9d0c521
2026-02-08T08:03:54Z,12OK34JN21R,account.1ad485212cbe4a86a5ffad65188ec0ee
2026-02-08T08:03:54Z,BaramJJomPizza,account.add31ca3ed5c46359eca8bc77c83bb90
2026-02-08T08:03:54Z,RoberryJJi,account.c1c9ac621e9b41d2a74f3be2b22334de
2026-02-08T08:03:54Z,BBO_MG,account.5043a1e3e21f473e8a48d8158f4f684a
2026-02-08T08:03:54Z,TacoLK,account.bb236a2976e94590a2d99a704d9f41ca
2026-02-08T08:03:54Z,BGP_L0K1,account.180ad153ccf94121aef25e86d12f3fed
2026-02-08T08:03:54Z,SSXRING,account.24ca0637bea145199a9ba8fc36d3be91
2026-02-08T08:03:54Z,chaaaaaaaaaaaaan,account.7dc0d241a63a43da8415acf598ac92e6
2026-02-08T08:03:54Z,DROGBA_rvg,account.2e2179f0f2d44d93adc8ca2a93fb4584
2026-02-08T08:03:54Z,HeRo_Lexus,account.9b70dc78da024dd28a53b4af7bcd93d1
2026-02-08T08:03:54Z,DuJJonCoo_,account.e46db7172120432b9cd342a9e1547801
2026-02-08T07:39:46Z,ahiredgun_,account.291cf68deeca497c887dc008cd1b5536
2026-02-08T07:39:46Z,SST_Master,account.6653ae3d67264b56b58ec9183e31b3a2
2026-02-08T07:39:46Z,lxxsk_-,account.1daf424eeef2437693a7fb6d8496a736
2026-02-08T07:39:46Z,M7BaJi,account.3846faf3124644418e10459e1d360561
2026-02-08T07:39:46Z,XIG-PRADA,account.a5567870b3fc4ced8cbbb8ec6efb2bac
2026-02-08T07:39:46Z,2CN_Nayeon,account.d8169351880e4af99c9428cafeded47c
2026-02-08T07:39:46Z,GGoMaGImBBab,account.b9696e40ed654b13a624276f857ec81f
2026-02-08T07:12:28Z,magsae_,account.82fb68b5609941ce834008db76e2f75f
2026-02-08T07:12:28Z,NU_SemoRami,account.d0c3f512701c4b088d01fabb7cb2b9a8
2026-02-08T07:12:28Z,mEEngxxxxxx,account.291edca92f2941dfb1680cdd90a15721
2026-02-08T07:12:28Z,dnrkr,account.29e507b622b54f908b50ab20a31690e3
2026-02-08T06:41:03Z,Pug_k,account.6c51f8c882d440a5a22c2b2340c12361
2026-02-08T06:41:03Z,DAF_TanVuu,account.606af4b43a664e769f1c629bce198516
2026-02-08T06:41:03Z,qkrtp_qkqh,account.e05da695d390451d904bbe8a0f2dc814
2026-02-08T06:41:03Z,MZMZMZMZMZMZ-,account.6f89e71c77504af78b583cf1f8a9bf03
2026-02-08T06:41:03Z,m1nzzzzzzy,account.ad15f0f8a7b34ab1b45100c8fec7555f
2026-02-08T06:41:03Z,lilililiiIIIllII,account.e03de727de264d0fa775bf2fba653956
2026-02-08T06:41:03Z,anjfqhk10susk,account.fad886decef346f19ba8de635c3930ec
2026-02-08T06:41:03Z,Seabellomcut,account.54f366037adc4b7fa173782dfc52fd27
2026-02-08T06:41:03Z,INX_EgenNam_-,account.21cb98516f384e509d2c858ac119a381
2026-02-08T06:41:03Z,qormgksgkfrj,account.61df45eab836457a99dfb8bdedb55068
2026-02-08T06:41:03Z,chiichiibbang,account.d399634d66184f6793e7e5c5d0da2b96
2026-02-08T06:18:23Z,Level_Tango,account.b3ab6346d11540e69e14f9112d7df090
2026-02-08T06:18:23Z,BBBBB9BBBBB,account.83deb25ce655451e905e8eaac36dce2a
2026-02-08T06:18:23Z,hop-hip2,account.d3d4a025fcff47d0ab43db830e6e47b1
2026-02-08T06:18:23Z,ACLS-VF-Asystole,account.247ba17741dc416889afdbd10220bd55
2026-02-08T06:18:23Z,VVIP_sensimafia,account.e2df843505c24778b1371775ce0da17c
2026-02-08T06:18:23Z,8958_655_joo,account.a60c2000d98043ccb99a7769203b5453
2026-02-08T06:18:23Z,XXXXHK_,account.f2cce8bc7c714c709baab08005703644
2026-02-08T06:18:23Z,Safe_VactorMan,account.7ce9544bc22943ef9c3694b7c67061cf
2026-02-08T06:18:23Z,AAA_GOAT,account.ea0e287505424136a1bad85230665825
2026-02-08T06:18:23Z,BGS_DIOR,account.05a489e0ccbe4c25a8250aeffbe9ff8a
2026-02-08T06:18:23Z,HwA_GwA_JA,account.505b4cc55e2443dab88ee3e3b4c9e2f2
2026-02-08T06:18:23Z,MONMAL_R,account.f44b03bc19cf487abe6e6b9d10629fea
2026-02-08T06:18:23Z,sexyyyyyyy-,account.acde35df55ec44db87f0d8da111cbf69
2026-02-08T06:18:23Z,DV_Jazzz,account.7b958bbce69142b6a23bc523ace633a8
2026-02-08T06:18:23Z,IGK_BoxeR,account.e6f3babbb7a1404eb2b7eeeb95793702
2026-02-08T06:18:23Z,3HIT_YouOnlyLive,account.286aee76dfb240a4a1724a157dea097e
2026-02-08T06:18:23Z,zxasqwedc123,account.37ef5ea8cec34efd93cc595cb4ceb1ef
2026-02-08T06:18:23Z,CKrush_GUCCI,account.baeabc798c7b409c9abaa376650fc339
2026-02-08T06:18:23Z,XENA_OSAL,account.bad031f1414b4f2684c5f9354f5484ae
2026-02-08T06:18:23Z,jeejeestyle,account.91ac343bcee647049035e705a5c620ff
2026-02-08T06:18:23Z,sexyyyyyy-,account.1e4e515980744815bf8e17c9a60e7fd1
2026-02-08T06:18:23Z,On1onMom,account.b27e6f1267ac4aec8f013ab411d4b7aa
2026-02-08T06:18:23Z,neOHMECRAM,account.20e88fa71b8c4a25b775db4c9379b033
2026-02-08T06:18:23Z,kinghwan21,account.df542772f98a4b668bdd58bdd609b151
2026-02-08T06:18:23Z,jangdoctor,account.5dd28b5cfc8d4297b0d806e8f7eeaa8e
2026-02-08T06:18:23Z,MiserereKP,account.da4d13c8e6144801968b6eec8d39ecb7
2026-02-08T06:18:23Z,XXXXWPZP_,account.b5b3b906a1454e8d8a68a16c81cec350
2026-02-08T06:18:23Z,otter_o3o,account.62e04dde206941bcb65fdafe5182fb01
2026-02-08T06:18:23Z,NANZALHE,account.8ef4c0b86aa547b48164bf32195a6285
2026-02-08T05:53:17Z,dmstldn,account.c2ca7fa80c9d44b68e18aacdfc82f94a
2026-02-08T05:53:17Z,AmsalChae,account.7e17b5cb59af46fb89c12ebc47037ccc
2026-02-08T05:53:17Z,RrRrRZZIZZU,account.460ffba4ea504d0e87e28c1243816579
2026-02-08T05:53:17Z,CRPT_MADAEH0,account.8987bc00cf2148b79b74ece0c56b2a36
2026-02-08T05:53:17Z,marcheck_kg,account.1dbf2cb5818b41c79af6c3a6646c4d81
2026-02-08T05:53:17Z,1st_Mangu,account.083e24ec03d145dc9e549a1d58610d96
2026-02-08T05:53:17Z,HAMCHEESEGUI,account.61614a221cbc464c951db4be5c6144d6
2026-02-08T05:53:17Z,KUmasji-_-,account.7fe9118c7bb34d81a1fcc80c493371fd
2026-02-08T05:53:17Z,Gamma_JxNx-_-,account.5b361a22db2d4a68ab169443498fa068
2026-02-08T05:53:17Z,1st_Kickuc,account.9e714b9264a4466a8c700e8f3e900e1e
2026-02-08T05:53:17Z,OMBD_JOKER,account.0b658566301e47ee837f1733f0b76ecd
2026-02-08T05:53:17Z,DDA_RA_WA,account.d9bc475849ff412980d8bddecf4ef4e5
2026-02-08T05:53:17Z,Korea_KiDong,account.f67d3411dbf2414b8a934044efe73b73
2026-02-08T05:53:17Z,Ez_hyomo,account.0cdd8d7558a04c84969096efa8e8d759
2026-02-08T05:53:17Z,NoohIjGnuj,account.15af7752ac76462cacfc90a5903f1f94
2026-02-08T05:53:17Z,TURKEYGUI,account.fc4533065e59406da258e8c9a0857345
2026-02-08T05:53:17Z,Invincible_w,account.dbdb4fbf23fd49f6ba36c2b9f873d5a4
2026-02-08T05:53:17Z,HALLO_BLUEANGEL,account.a4a88abee1e8481db13150893f75c605
2026-02-08T05:53:17Z,1st_Honeybee,account.c54cd70c4f20457eb4e8126d1649f97b
2026-02-08T05:53:17Z,VeenX__-,account.919b954b04894d248ad9462e3a148d80
2026-02-08T05:53:17Z,PongPongnam-3-,account.d08b6941da884618a91821da9c41eec8
2026-02-08T05:53:17Z,AWMGUY,account.b5dba96c44a84551a23a5a1d7513f9ce
2026-02-08T05:53:17Z,O-taesick,account.a5ed1ca68ff0432085129f68e18c0ece
2026-02-08T05:53:17Z,AmsalKimoo,account.c974808bb3f04bd694a11cf882649c6f
2026-02-08T05:53:17Z,1st_Kinggayy,account.0cb0af2ce00c4f51adb9a1af9bc17ca5
2026-02-08T05:53:17Z,qkflqkflwksqkfl,account.b95c359f09c94857b6e8d6447cc24d31
2026-02-08T05:53:17Z,Ez_dmdcjwkd,account.55cdd8b7ef0445098ff8d6489df66339
2026-02-08T05:53:17Z,Ez_heungminiUP,account.4ccb55854f3e4249b9ba71058f5831d0
2026-02-08T05:53:17Z,M1nxPyv4ra,account.18444ff63c7949058db505c4f153464b
2026-02-08T05:53:17Z,qpflfvlffy,account.7b5cbfc6043846d3a44703e5f387d3e7
2026-02-08T05:53:17Z,AmsalChoi,account.b98cea146b254317b3eda86e8cb5cad9
2026-02-08T05:53:17Z,parsing,account.2266598efdd649d7950262a78d20e4a6
2026-02-08T05:53:17Z,Ez_Raeun,account.970908d197c54792a55abc986fb2769c
2026-02-08T04:54:15Z,Poo_rrrr,account.3a4f5b3c3c234f90b419ae31781628ac
2026-02-08T04:54:15Z,WG_SOJU,account.ebb0712d6c244f68b4e0bc0c3fddb145
2026-02-08T04:54:15Z,Obbazzazeungna,account.990f1a20977d41e28f1c0af98238afa8
2026-02-08T04:54:15Z,coaals,account.c9faa503b4f342ddade963b1e6f1dc8a
2026-02-08T04:54:15Z,BokSBN,account.1b7be293622a4839b2526859523fe1e4
2026-02-08T04:54:15Z,WG_NemesisKyo,account.1f9243bdf7fb408f94e9112c929b1f4b
2026-02-08T04:54:15Z,Bario_MOON,account.65d85c54ec5d432389b3d28338af790b
2026-02-08T04:54:15Z,FUN_O-O_Luxury,account.78e14a45c5d64719b9fb4e9714ce865f
2026-02-08T04:54:15Z,KKIM0,account.a57e508e9b9146239c4d56ab17859b58
2026-02-08T04:54:15Z,MEV_MNMNMNMMNMNM,account.c673ee27b13741ed8fe4936977f1498f
2026-02-08T04:54:15Z,MEV_SINYEONG,account.2d9452d1632649bca4bc36d69c7e66e0
2026-02-08T04:54:15Z,Reaper____J,account.fb928e7d2c6a4545abe23673b9eebc27
2026-02-08T04:54:15Z,lllllllllll-_-_-,account.43323c62b1fc432096fc9cc6837c53fd
2026-02-08T04:54:15Z,dirdhfmwlg,account.be97809778024b1297de774063613e30
2026-02-08T04:54:15Z,KannyZ_-,account.9ff24bb379284f85ae15f7f859285c9d
2026-02-08T04:54:15Z,hogyu_SC5,account.7fdfb326b40140dd80ce63962aa73edd
2026-02-08T04:54:15Z,MEV_BattleDOG,account.893b1d1d924e492380988616e9c45f73
2026-02-08T04:54:15Z,11225599,account.a37e019114d3470587fcab50206eb70f
2026-02-08T04:54:15Z,arkhoon,account.6a6a497f604043d283723de0fe218a74
2026-02-07T10:27:38Z,DAY_95_1215,account.2e078b4fa450462b863f610415a8f3cd
2026-02-07T10:27:38Z,AUG_Supra,account.62825649766343b28f0697ec9ad14d51
2026-02-07T10:27:38Z,SNO____OPY,account.57b80c9203d04b5db8ab1545abd1562f
2026-02-07T10:27:38Z,INX_Fight,account.7b76cc5cc56b49e5afd1ea9a73708498
2026-02-07T10:27:38Z,Im__baerin2,account.bc5898668dc24828ad9878b2e7519454
2026-02-07T10:27:38Z,secretus121,account.74377abfe173481f91702d0bfcb029b9
2026-02-07T10:27:38Z,liiiliiilillilli,account.01b79d9cad744ac79c45931fd3dd5421
2026-02-07T10:27:38Z,COIN_DIOR,account.a7540736d7724e9bbb11854d33d551a9
2026-02-07T10:27:38Z,CVL_JH,account.d852a57fa4b1457c8213e63811d2c354
2026-02-07T10:27:38Z,PE_TRA,account.e422dc26030641f7994a8a1a5f234134
2026-02-07T10:27:38Z,xkrtmdvlf,account.62e8d5c05d5f475e82dff7e76b977f61
2026-02-07T10:27:38Z,Silent_kim,account.1869c38f37fa49f39729ed15a36135f5
2026-02-07T10:27:38Z,235CROKMC,account.d0e4ad07ad7c495b80b471cf5ffe602d
2026-02-07T10:27:38Z,bulldakbal_-,account.16ba34c316694ec8961d7560a11758fe
2026-02-07T10:27:38Z,es_cookie7,account.420eb29604864df382329ddc6214c0f2
2026-02-07T10:27:38Z,INX_Munoi,account.dfa62918a4c24bf18fe5a4c1128d8916
2026-02-07T10:27:38Z,GaeZalHaGoYo,account.dac7e23c20ea45ddbff6f0920552b177
2026-02-07T10:27:38Z,kfimeas_lrknk,account.55747fc8ac0e446f9607ab6d61671cdc
2026-02-07T10:27:38Z,DAY_96_0726,account.5cbef3d4dfce438caf1621c3da1683cc
2026-02-07T10:27:38Z,Jopenguin2,account.d030c8220230405c852912fa5a0e29b4
2026-02-07T10:27:38Z,codwodtn,account.8354eaf4357f44c7b51f2c186415383f
2026-02-07T10:27:38Z,Diem_Dragunov,account.3e90330d8e42412399c054149e0b2104
2026-02-07T10:27:38Z,IamGro__ot,account.f3d0d3c697504b278470754780404e42
2026-02-07T10:27:38Z,1660-0527,account.eaf61fa51af041759025d885c2c27df2
2026-02-07T09:37:56Z,fyah_,account.16a0b4b639a34ac2af5c873a72cacb53
2026-02-07T09:37:56Z,cnyun2,account.1d405acdfc79468ca6446660a40f8f92
2026-02-07T09:37:56Z,BigGangTae,account.c5586f771d284fb9947bdf00a9294a3c
2026-02-07T09:37:56Z,BOSS_B_O_S_S,account.b60339153af7401f9d20825f1c11fa02
2026-02-07T09:37:56Z,codenamekingnong,account.bbc6887be71444b7ab77f6c41513210c
2026-02-07T09:37:56Z,orangemacarong,account.da9c490ab8184bfa950e34c0a24004fb
2026-02-07T09:37:56Z,00Deadzone00,account.6a80949362ce4ac4887ea66aba833c0a
2026-02-07T09:37:56Z,BOSS_QUEEN_,account.45fc3b5fbb744045a62949d56a600351
2026-02-07T09:37:56Z,DaHyun___2,account.1c249107da63497ba5635c4b4e6a7b23
2026-02-07T09:37:56Z,xiyeonah,account.a2b8c83a138b47b38bebead8e6efeeed
2026-02-07T09:37:56Z,BOSS_MANDU,account.b0f3c9c6f9bc4923a8873e0234fe5bdf
2026-02-07T09:37:56Z,SC-H-HB,account.5e4731acadbf4606b420391b451283f0
2026-02-07T09:37:56Z,Boriyabapmeokja,account.794e4efb96524ec38b26520239f45ec4
2026-02-07T09:37:56Z,HBBG_SPONGE_BOB,account.d76d0c5f67ef4ad4913ea3c5fca02b43
2026-02-07T09:37:56Z,honeymacarong,account.9e6553970bbb470484bdcac5f698c2a9
2026-02-07T08:44:33Z,HNB_Majinbuu,account.c2055b0bb7a446a0872ffc354b040795
2026-02-07T08:44:33Z,akrcla,account.709305a3c15844aa944eb615e1ec08a0
2026-02-07T08:44:33Z,Gaboong_,account.c64f71ddfcbc44309997ae664a8e62a4
2026-02-07T08:44:33Z,10GOA_DDakja,account.73356be783804ac8a419fb79f26a846b
2026-02-07T08:44:33Z,o2kg,account.d2b40e32510e4ba3b3ddefccdf76d534
2026-02-07T08:44:33Z,TiMoASU,account.adfe1514c33d4e8cacb5ecbae07abd74
2026-02-07T08:44:33Z,gaegyeojum,account.d81fc6a5ae1d43868b98eeb3d5cb3a9e
2026-02-07T08:44:33Z,LegendneverdieKG,account.0754016713444091ba0fd073710988f3
2026-02-07T08:44:33Z,Or7l_ZZ6,account.12eec7dc62a04e4bab46a1257b95bbd0
2026-02-07T08:44:33Z,159cm_18cm,account.20c9bf696c9b4f14bf5c7c5b07f9af56
2026-02-07T08:44:33Z,roQkrtpwlC5,account.b1bc5818d4de4a05a227c264c05c145f
2026-02-07T08:44:33Z,EdwardOhMS,account.c6ba3dc6a7b94153b2c961927e056ba3
2026-02-07T08:44:33Z,HaeJulGe_X2,account.edcbb91f24024b4c9bf072b3892f9578
2026-02-07T08:44:33Z,FlyDooToTheMoon,account.03e3d6965ada49a785862fbc2033fe2c
2026-02-07T08:44:33Z,INX_balo,account.49b024f135704415b220c34696b92207
2026-02-07T08:44:33Z,GX_JINY,account.735581ec07b446d38c3027759d2d4000
2026-02-07T08:44:33Z,NoDieKg,account.73e305e3e5d74219bb2d2ab7cf5bd68c
2026-02-07T08:14:54Z,BUFF_Noir,account.7a22a311a1ec45fcb5845c7e74c4b57f
2026-02-07T08:14:54Z,Back_bojln,account.9ee543c27e94452c9b9583e24bf4e118
2026-02-07T08:14:54Z,Mystic-__-v,account.22aaf435249f42549e74b3720c6d16eb
2026-02-07T08:14:54Z,GaeBBoHHHHHead,account.2695701c0f47427c9765d5e778020341
2026-02-07T08:14:54Z,2CN_lamdm4n,account.e934586cc37b4b439ff8fd5728e19823
2026-02-07T08:14:54Z,SUPER6DUCK,account.094b6afbfdcc4c0abda07ed0d553c341
2026-02-07T08:14:54Z,jujuheedong,account.7029d079962240eba13efaf6c934cf74
2026-02-07T08:14:54Z,K_DYE_,account.af9587be3daf4fef95df1217bb955ddc
2026-02-07T08:14:54Z,MOK_AAAA,account.e4e2e42770894d19a2e85eab33660f07
2026-02-07T08:14:54Z,EZ_SSAIICO,account.12ca79a48ef942018cd05dbc6f4eb865
2026-02-07T08:14:54Z,zzMolba,account.a82905185674410e96e849b0d595a66b
2026-02-07T08:14:54Z,3040_5,account.0121baa774e449b495f262c6ad0da880
2026-02-07T08:14:54Z,2CN_novissime,account.9c37695142284a40a2affebf6c014675
2026-02-07T08:14:54Z,kanghyeong1,account.baa81653a26941fb847238ab2deed99d
2026-02-07T08:14:54Z,Naga_2shikiyaaa,account.2c3c6741ec4f414388092dfc3ff7b51b
2026-02-07T08:14:54Z,rhguswns12,account.a6884332474849e9b00ba4df2e8c9cd5
2026-02-07T08:14:54Z,AZ_DIJABRO,account.92c7f56428c1415d93f99c4ef2fcf647
2026-02-07T08:14:54Z,2CN_redzone,account.9fff698cd2754af095b5a7c2579d990f
2026-02-07T08:14:54Z,EmeraldSword-,account.66ff76944ab84ad6aa7e5fa4af46833a
2026-02-07T08:14:54Z,DTT_DDoK,account.c7d52cf9cd704edfb3ead6c8ac392ce7
2026-02-07T08:14:54Z,RIZZ_CHEWBUB,account.83552647c61c4276944b86d87ef4a203
2026-02-07T08:14:54Z,BestScarUser,account.24936492e6084d34b2dbf7f8ffe5788e
2026-02-07T07:42:42Z,HakBGP,account.2fefa1fd85a24cce834773da006e5f8c
2026-02-07T07:42:42Z,BGP_AAAMSAAAL,account.60c22bc5603c489680dba3943506189e
2026-02-07T07:42:42Z,TWIS_xmpl99,account.c96950a39a7c4b53a62d7a8394115e5f
2026-02-07T07:42:42Z,INX_HZ,account.3f1722dd92f14bde9bdcf84ee89d70e4
2026-02-07T07:42:42Z,DTT_JJANGTAE,account.253b19a1089c45108787e53203e6fc0d
2026-02-07T07:42:42Z,BGP_Som2BaBo,account.291628c238dd45719363cd53c9eaae31
2026-02-07T07:42:42Z,DTT_dzOK,account.922cbf044c874f93bb08b0065cc06bee
2026-02-07T07:42:42Z,sorkeksqlek,account.64812c34fb7546fcb6eadb2ce2f2d13a
2026-02-07T07:42:42Z,MsAnjj,account.400de13dbf974b9e9c135281561c058a
2026-02-07T07:42:42Z,sinmajogi,account.cc9b33e8210d4f2ca2ef690880ed8a90
2026-02-07T07:42:42Z,NE_CAR,account.a14dd22426ed4de7afb7da1fd69e60e4
2026-02-07T07:42:42Z,Wind_M,account.62c6f069ac964bc8bcf43b2a1aa76635
2026-02-07T07:42:42Z,KING_SEONGMIN_,account.5becf447a1304cfb9614529703ba0193
2026-02-07T07:42:42Z,kjomi,account.7c3f169e76c64cb0b0ea7cc51f9f7e54
2026-02-07T07:42:42Z,ICON_GORAL,account.da557d2f52934c79ad890e9f47940d30
2026-02-07T07:42:42Z,jaegalchunbae,account.f24e97d00371496285a90f145e30d3b8
2026-02-07T07:42:42Z,Yanggun_sia,account.17dbdebf69eb4a1a9494f4a2620b885a
2026-02-07T07:42:42Z,CHO_DUCK,account.54c5006a8395495688ff282e0542b679
2026-02-07T07:42:42Z,TSG_Lay-_-,account.37269dcb1f404f4badef9309e034273a
2026-02-07T07:42:42Z,maehwa_-_,account.e52205444dd845c9bece99980a00de52
2026-02-07T07:42:42Z,aaasssddd--,account.575f050d453346d5bed05979d3e06154
2026-02-07T07:42:42Z,SEOL-2,account.139b9b074a4f4d07bd9e2c4185dd23c6
2026-02-07T07:42:42Z,asak2,account.de4c4e569a86475196c01dcf27238e48
2026-02-07T07:42:42Z,iiiiiiiiiiiiJJUN,account.e8e1fcf58e4045048fbeee27680a5038
2026-02-07T07:42:42Z,SLR_UpGrade,account.6745a063e35f4dcab652738d5c75564c
2026-02-07T07:42:42Z,dokgochangdeok,account.a2000c584b764d6a97911bf6540248e2
2026-02-07T07:42:42Z,GGo9ma__,account.cc4bde042ea042f5be83ece5d8a08820
2026-02-07T07:42:42Z,106HO8103,account.a53ea8d458454e519b3bf0ff94d83555
2026-02-07T07:42:42Z,Moovingboso_-,account.4ee9ec5576d246e8baea11f4e931518c
2026-02-07T07:42:42Z,xxhekik,account.451042990d6145c08b8951ca2442f29e
2026-02-07T07:42:42Z,vvvvvwvvwwv,account.dd28a48925cc45389f56c6da3375bc9c
2026-02-07T07:42:42Z,MK_BADUKI,account.0dd6ebdf73aa4c33a33a74aa78211405
2026-02-07T07:09:22Z,HOYA_Buldagbal,account.d3b02a50438746148289a32e9f2400cb
2026-02-07T07:09:22Z,NEAPE_BALSORI_82,account.892d68e3bbe04f549875157a8e283bbb
2026-02-07T07:09:22Z,djrmdpazpdl,account.169d0bfaf6bc4c4eae49292a71d8610b
2026-02-07T07:09:22Z,MOON4330,account.acb5df0a6a8d463d81d1c0ad793dc66e
2026-02-07T07:09:22Z,DoYa_JJamBBong,account.61f70addbaff410c875e8ed737285904
2026-02-07T07:09:22Z,OHMOZZI-_-,account.e737435965cf473ea24541807a5e62f4
2026-02-07T07:09:22Z,ChiYanLongShen,account.84946a4e067c49a5ae388b062f267ddb
2026-02-07T07:09:22Z,dongeuin,account.d89985d0411c4c1499b5a567d683bc91
2026-02-07T07:09:22Z,JuFu_TianWeiXiao,account.a78f5d3392d3414a989c9d0566de3b6c
2026-02-07T07:09:22Z,GRT_KOGEE,account.71df1f57eb424b4db904b539be90139b
2026-02-07T07:09:22Z,7mm5mm,account.373a3401f29f4c7baa91ff97384c3dc3
2026-02-07T07:09:22Z,YeRenKuangFeng,account.0299943847514568b0ab7cd0d2f20a36
2026-02-07T07:09:22Z,Junbeom_0824,account.0681d21dd69942cda7be4773eb275003
2026-02-07T07:09:22Z,wndQyBodyguard,account.8db054d12b2a42e485019a6dfc279411
2026-02-07T07:09:22Z,goagilyeon,account.63f17993b0364b2f8b478f79b578c0d9
2026-02-07T07:09:22Z,WG_YoungHon,account.fea8948ec05e44c3add459367f75f831
2026-02-07T07:09:22Z,J_DOOBIE,account.b968d36249674754b6c4492110f4f91e
2026-02-07T07:09:22Z,OverthereDangki,account.1ae5265fc17748b68e2f8fd0eb41f5c8
2026-02-07T07:09:22Z,KIMSEONGHYUN_,account.4256b28c73734d5094d63ea53474174d
2026-02-07T07:09:22Z,VIP_J_O,account.2493a52863be48ba887a2d4d3c69654e
2026-02-07T07:09:22Z,DkMo_orb,account.aee9f358a06245a5a5bc8d13bdfa10e4
2026-02-07T05:53:31Z,HYOBIN____,account.e9cb75877c2c45fb8bce87ccb33df936
2026-02-07T05:53:31Z,iilliiiiiiliiill,account.20f311f71d474e3889061f67a3acf986
2026-02-07T05:53:31Z,1041991970,account.ce99e63d599947df8cd13f10af961ac4
2026-02-07T05:53:31Z,Daybreakysm,account.5c8fa899d87f4926963e202053708659
2026-02-07T05:53:31Z,DoB_USan,account.31ac7f6a7c2b4355ae2bfcfc8e6f9a89
2026-02-07T05:53:31Z,HaYes-_-vv,account.b36961f0e9b442cb906ed485ebebde84
2026-02-07T05:53:31Z,DDR_Janbarishoot,account.13b9f8e623ae44899aecc16b84f52a19
2026-02-07T05:53:31Z,MY_A_PA_HAN,account.5d948a24d05e4c51b9b53457702fa868
2026-02-07T05:53:31Z,Buralddae,account.de5640116d7f4c80a8e0008defe29626
2026-02-07T05:53:31Z,DoB_Navi,account.c9fb29da65094877a6f0f69749a35423
2026-02-07T05:53:31Z,jootgani,account.6f22b5d057874f0aa8d92d5a36543621
2026-02-07T05:53:31Z,9.69697E+15,account.b322eb2ab2dc433fb26c6b89dd8abcee
2026-02-07T05:53:31Z,BbaaaMa-__-,account.d4be3b5792e74c8787941520524eb702
2026-02-07T05:53:31Z,Mutantang,account.2f6e921507494c20a976ba1701026ec6
2026-02-07T05:53:31Z,gooseunglee_,account.f435521f2f97470ea4e7d04689282196
2026-02-07T05:53:31Z,GAESEUNGMA-__-,account.ca3c595551ef422193015f263d6e89ce
2026-02-07T05:53:31Z,Unknown_JETT,account.db82c68e2f464b6383d5479ce30e1e97
2026-02-07T05:53:31Z,BAEKHO_10,account.747c29f20b9f432b8390c83abad81dd2
2026-02-07T05:53:31Z,NnuuuMa-__-,account.c29c5cffaa814ba4b0aae24dc6e943b7
2026-02-07T05:53:31Z,hanniphaeyajing,account.d4b9ae14682e4bc2808c9fc4eda745c9
2026-02-07T05:53:31Z,MMD_YANG-3-,account.e9836fb6db2145399ac9f25a8676dc8d
2026-02-07T05:53:31Z,Jines_,account.5ad22c45df804408b63d72c26d082ff7
2026-02-07T05:31:35Z,AVEC_ARBY,account.168e33c127004b1c9eb6988e59a7eba0
2026-02-07T05:31:35Z,wksqkflzjt,account.40b5d7023d3c48fb9127f1fc6896bd7f
2026-02-07T05:31:35Z,GONZO_DJ,account.7b5529d1da5a412fa1a54f869427ca48
2026-02-07T05:31:35Z,DIC_SENSE,account.27cf1b8362e94a05963410d24f2ef214
2026-02-07T05:31:35Z,K-BBAK,account.7b14941eddfb47fe96536a1c993ab698
2026-02-07T05:31:35Z,GONZO_MOM_,account.72b09567dc704ea39721b719c00993f2
2026-02-07T05:31:35Z,NOMUHYUN_222,account.4aec41dc97134259aeb70091497c7e47
2026-02-07T05:31:35Z,GGU_DDANG,account.7e88411c656c48cf8a5e91517ac58abd
2026-02-07T05:31:35Z,GGanBu_CEO,account.6410009333d6429b8c03cee538cca9c7
2026-02-07T05:31:35Z,KBG990621,account.fbc4996e1829476bb774a096134fdf46
2026-02-07T05:06:13Z,CS_BBuuuuuing,account.19e7462dba7b49878b92174ecaddcca7
2026-02-07T05:06:13Z,Hes_Asher,account.9088b4358359434c9b88bff25951a019
2026-02-07T05:06:13Z,MinsuBryantt,account.90887d2ee26b4467b215839feffc11c4
2026-02-07T05:06:13Z,SuSan_GaOri,account.adb3e4e94f15478d82868d5fc7044e4c
2026-02-07T05:06:13Z,NOLIMITHakatory,account.4914e1b6e91d487699b90c1d30d07cbb
2026-02-07T05:06:13Z,CS_COSMOS,account.0deaffe230da419ab7d3fa4e85a7cbac
2026-02-07T05:06:13Z,SuSan_JanBaRi,account.fef6d42424944cab83cd94de014f5962
2026-02-07T05:06:13Z,johnson6192,account.3d1b89ade1ae4687a63d7faa7ae1dc9c
2026-02-07T05:06:13Z,ROZA_-,account.13e563bb4f59433a8e61f907dfcf65f6
2026-02-07T05:06:13Z,HES_ttotto,account.a4727d8b5cc9450790612394d68539a8
2026-02-07T05:06:13Z,Pexk-,account.488fd7830c3d4b77bcdbcd07f40f4c69
2026-02-07T05:06:13Z,NOgariz,account.ffe15dadde1d4b8399d5a757d8246814
2026-02-07T05:06:13Z,9614_-FH,account.bf52a46f20ec4baca3cac7d89e519565
2026-02-07T05:06:13Z,7H_CH7r2I,account.a3a1563582fb439f9673e29549b30f42
2026-02-07T05:06:13Z,HES_Ninja,account.862a37b169f6485c82395d2011c19b7a
2026-02-07T05:06:13Z,Hyeok_gak,account.2160c70ba33b4800ba137018ccdbdb6c
2026-02-06T12:56:23Z,A_N_G_E__L,account.e7d0bfb01685496daa16d56939dfcae5
2026-02-06T12:56:23Z,Xeus_ThiefNam,account.75637db7c17c4a85b551c8bde84a01b5
2026-02-06T12:56:23Z,What_yap,account.b84bbed962894c4b84a7fa54830bfd32
2026-02-06T12:56:23Z,DIC_JeongRae,account.d2c9a7fb80204135885aa12dcbc3efe8
2026-02-06T12:56:23Z,DoyouknowISme,account.e29b77a577484194b6b139668537d3b4
2026-02-06T12:56:23Z,Jinhyuk_99,account.2efbbfacb151455ca576dd1d5c3c50fd
2026-02-06T12:56:23Z,paul1074,account.0f185b689bea478ebc6200e31c9f052f
2026-02-06T12:56:23Z,BW-KIBANG,account.5e2a020745af47278f6458ec4ebeb383
2026-02-06T12:56:23Z,BigBoss3829,account.a078d2d17679435f96200f4f9f51fd51
2026-02-06T12:56:23Z,xxxxxxxxxxo0o,account.6ec23f56edee45c2bc0b2937bdc13751
2026-02-06T12:56:23Z,GodnewFe,account.5849b6c10289470d8bfd34f0fd709c8b
2026-02-06T12:56:23Z,18X_Go,account.b69655883f88463392c425aa92b1744d
2026-02-06T12:56:23Z,PGT_Emperor,account.e7dfa6ce6e5b41ee8ecd83a969a5f136
2026-02-06T12:56:23Z,nicem22youu,account.687ae9e9e1714a23808c1e7195aa29da
2026-02-06T12:56:23Z,GangSterASU,account.e6c27576b03c437ab4140c07984300f7
2026-02-06T12:56:23Z,jyulyul,account.c6338fc5ea67430eb9c6d9af8e78c99b
2026-02-06T12:56:23Z,h__zzang,account.bc6a7c0fa7354c9683e89fc0fba6b663
2026-02-06T12:56:23Z,KIMSEONH0,account.ab95c7d4a56847579ac56d87423efc9b
2026-02-06T12:56:23Z,Mercury_Hero,account.d0a57699750e489ba8625e95c9db898d
2026-02-06T12:56:23Z,seexi6900,account.a4176a8f8f974e2f82205a2e804d2f7d
2026-02-06T12:56:23Z,uAwAii--3--,account.65d6bdb66cf74cde861fd607f20e189f
2026-02-06T12:56:23Z,banhob,account.743f4e46b16c4debab056aaa702f515c
2026-02-06T12:56:23Z,LA_LOA,account.2a70145e7ebe4fcf86bc62debffa7e2a
2026-02-06T12:56:23Z,bbotokki,account.fe2e6a64da154f53adf22f49267db8cc
2026-02-06T12:56:23Z,3mm_sniper,account.d5207aa7375e49d1a0a4f28cabf55f9a
2026-02-06T12:56:23Z,bbutokki,account.83553194b66140e9a42166ebb935eef5
2026-02-06T12:56:23Z,BaBSANgASU,account.b02feddd115f439d94d1d00eefb19947
2026-02-06T12:56:23Z,sinjaehong01,account.b7e5413cf89546a3a888c4b3baedbefc
2026-02-06T12:56:23Z,ASU_RedCombo,account.b2d060d3a3bb4e868fecddbcc45da13d
2026-02-06T12:26:17Z,999-SeoK,account.40c790394343457d9d1046985e7c4262
2026-02-06T12:26:17Z,Pride_houserice,account.32bdd338db2f43868f6d0fd781435ffd
2026-02-06T12:26:17Z,Ttokkiya,account.cdd4466ed7534dae9822721e031cd1f4
2026-02-06T12:26:17Z,redhotcpeppers00,account.4c8ec17316b54964bde159cb7593b5ec
2026-02-06T12:26:17Z,DIE_rush-_-_-_,account.2d24de74a4b7446ca9ac12395abd3af2
2026-02-06T12:26:17Z,AL_Kains,account.c152304d009444d8948c40546b900896
2026-02-06T12:26:17Z,DIE_Reaper,account.b723a291f0d14d36b00eb5866658e70e
2026-02-06T12:26:17Z,Monster_Curiosit,account.d1852daa764a4ddaaf96e7304a01c93c
2026-02-06T12:26:17Z,1990_Roman,account.b2dc7205730e46a09b63717b5809e332
2026-02-06T12:26:17Z,Probobbaler-_,account.4d1a12fd7c22431b88a0e29377af5a34
2026-02-06T12:26:17Z,llliiilllllliill,account.74dab377458240e5bcd002e5d0bd2147
2026-02-06T12:26:17Z,BB-_-Side2,account.2ae89ce2f0ac4286940f9e658de01707
2026-02-06T12:26:17Z,ssummerhot,account.b1bde47efe674f6f9697c9fe848ed035
2026-02-06T12:26:17Z,WONSICKING_,account.a6821da24397496498e131fa0563988c
2026-02-06T12:26:17Z,MrZzong,account.536270fae17e4b50a1a363d3a3df1bd9
2026-02-06T12:26:17Z,kun9795,account.c238763c908546079031df8d09bb8e3f
2026-02-06T12:26:17Z,DDUKJEBGP,account.e06c49eb1baf4a15b4a596b8baa5d118
2026-02-06T12:26:17Z,FRO_1stROKMC,account.a45c28e3437c42bbab98126e7d0d2c9c
2026-02-06T12:26:17Z,Jun_w2,account.6a230781e095424d87e772b6b6b1ee1a
2026-02-06T12:26:17Z,fesst0,account.30f0ada6c2074cb4959478cdd8cf54d6
2026-02-06T12:26:17Z,ont_x_x,account.a64d5dbc9e774166a78403702e25990b
2026-02-06T12:26:17Z,MOJIRI_YOU,account.19f8a6ef60644cc3b88e27a99eec560d
2026-02-06T12:26:17Z,xhxhfm,account.1826893c4c674fc1bbd505f8b7cc3608
2026-02-06T12:26:17Z,HEAD_BYOUNGSIN,account.9c336723c1ce4d629fabda1568b1a07f
2026-02-06T12:26:17Z,Train_Mugunghwa,account.8aef2123d0a544f0a2126b2e2705b905
2026-02-06T12:26:17Z,aewfeaw,account.26b82c91632c4980972b6ddf8a7b0704
2026-02-06T12:26:17Z,1990_Soocut,account.f621cc6ca76c44d7a97fdb718eb504aa
2026-02-06T12:26:17Z,1990_Tiger,account.ab6e845ec1de404083eb12327c80f396
2026-02-06T12:26:17Z,INNOMIX,account.7c7f4924160c4624b6e51151851de994
2026-02-06T12:26:17Z,Superb_mood,account.07f21aec058949bda37aa0068936901d
2026-02-06T12:26:17Z,BT_Orang,account.4989a9f9a1194bc996a890411e3de800
2026-02-06T12:26:17Z,1990_Nangman,account.2fd9273488ac4758b9a4344f34d18b67
2026-02-06T12:26:17Z,HalraeMalrae__-,account.92fbd9845b8f4a93a917c54d11a72936
2026-02-06T12:26:17Z,BGP_Many,account.bcf510482c5e4ac6b6e10246fed6b792
2026-02-06T12:26:17Z,handsomeo22e,account.42b0db9ec2824d82a63fbbacc1815370
2026-02-06T12:26:17Z,TFD_UMAI,account.b20b6b4e4128460ea06fbdad473416f0
2026-02-06T11:31:18Z,Happynersss,account.3975091cd66d4a0facddd6ba7db454ae
2026-02-06T11:31:18Z,lNFREES,account.b622787a469e4a82a1bff9f967a8174a
2026-02-06T11:31:18Z,CK-SKYOUNG,account.a6bdbf24bfa84b1bac033659bd446e10
2026-02-06T11:31:18Z,vosvos1101,account.812ad248878e4076b90e2d9b0947691f
2026-02-06T11:31:18Z,HyeokjinOh,account.f28db52c062b43eb812b94dd941adafb
2026-02-06T11:31:18Z,grrrrrrtgak,account.da8ab4bf0b1b47869039391d934df645
2026-02-06T11:31:18Z,MarinB0Y,account.f798205d6f864757acbe910df2ed65e9
2026-02-06T11:31:18Z,sosia_0691,account.bb191a539f2f46e6b4db5f1f80b72690
2026-02-06T11:31:18Z,player-DDAR,account.08d100492efa4b79a769df41e3cda46c
2026-02-06T11:31:18Z,Hacksh_,account.bbc4d76566de4a57927a2f7d13b38e38
2026-02-06T11:31:18Z,1baoyy,account.59d206c00e1240c2a094084ebd1f1306
2026-02-06T11:31:18Z,qormsjadjfudnj,account.4ab61bed88a44458833d5eb5f86e3411
2026-02-06T11:31:18Z,1KiIIManOWL,account.1ef0d973f44a4a9c8d50ed016c508e7e
2026-02-06T11:31:18Z,feelsogxxd,account.695c3f82d4e1439c98b80105d4124625
2026-02-06T11:31:18Z,HELCO3031080,account.5de060b5daf44447816f7eb7cbcad958
2026-02-06T11:31:18Z,FxxxDxx,account.f54b14660cf34a62a88abd0a7b1043a6
2026-02-06T11:31:18Z,Nah_z1,account.74c902b91caa463492ec32a44b11d7d3
2026-02-06T11:31:18Z,WORK-OUT_,account.b010198462c04facbd4da17f16b7dbb6
2026-02-06T11:31:18Z,morningbbang__,account.7df74cccd12f4d8f8682fbff4d638124
2026-02-06T11:31:18Z,Rf_MO__MO,account.7646933450d645bbaf6bd0f0c1a83a5a
2026-02-06T11:31:18Z,Napm_,account.39865fcd3e4d4754bf1739535047a040
2026-02-06T11:31:18Z,1st_bbbdo123,account.cb1e26348e3c4ac7b6bbd2f3ff39edb2
2026-02-06T11:31:18Z,OWL_Maekom,account.afaa95eded254b84b2ef9a1442f5487f
2026-02-06T11:31:18Z,nas77777,account.e8c33a12fb554c848bc91cec3e13e26a
2026-02-06T11:31:18Z,Sonamu-__-,account.634f023e5e7e4fb0864f7ab49142a6af
2026-02-06T11:31:18Z,GoChu7rRu,account.8ec455f67e0d4a1f82a9b7944e82a312
2026-02-06T11:31:18Z,HAMMER_CH,account.bead30c9bd504c10baba5a9d5d8cc07a
2026-02-06T11:31:18Z,NAGAJULRE,account.d357e8f8554e447d84a8f937855a02a1
2026-02-06T11:31:18Z,Dead_Reaper_X,account.ed6a2b7d0ada43599a231732bc7863d4
2026-02-06T11:31:18Z,Clear_Yuuuuuu,account.ebc4800489af46749ad0bfafb8c28f6b
2026-02-06T11:31:18Z,PEU_DENG,account.a622e12fa32c4c3983e404d36938983b
2026-02-06T11:03:20Z,binzzangzzz,account.7a863823dda34eca845a39db8b3a4823
2026-02-06T11:03:20Z,DAF_20002,account.7ec7c4a0d49b41c29f5ba38da99fa207
2026-02-06T11:03:20Z,PPM_TAEHYUN,account.0405381ecd334b7cb478d4a8aa0683c6
2026-02-06T11:03:20Z,ENOMAA,account.954276748f2e438fa58028a0daeb6ef0
2026-02-06T11:03:20Z,DIVINE_317,account.690ce639e39d4437b3b858b8e442303c
2026-02-06T11:03:20Z,END_Obbaya,account.4455d43065984b46a99d2c93cf0d1164
2026-02-06T11:03:20Z,HYEOPBBAK,account.915cdd7578a74163ac35558b1eb6238d
2026-02-06T11:03:20Z,GIHWAN_JJANG,account.4be93146813c4e689fd9f5cba0522e66
2026-02-06T11:03:20Z,YOONSUNG1104,account.aa06aa874d8544b68085c1931f8b05b6
2026-02-06T11:03:20Z,dbdudqls12,account.9b189b0796ad4147b5f74a5797db7132
2026-02-06T11:03:20Z,G63OWNER,account.018fa698c4cd405c8b15ddb67b0644ec
2026-02-06T11:03:20Z,99ja_,account.6f3ab6166977462eac3bec3ca8fddaf1
2026-02-06T11:03:20Z,dsofkdof,account.f933dd54e47c432f8e1631b49ea196a6
2026-02-06T11:03:20Z,LeeHyunJoon,account.eb4cac67fa194ed9bdd8764b3ecd9e03
2026-02-06T11:03:20Z,Venomwave,account.5feedb3d5fe54338b6fec1fa0b1b6e11
2026-02-06T11:03:20Z,MoHamJinZZa-_-,account.b76cd5826b6247aba33c18582f4cb95b
2026-02-06T11:03:20Z,marinadevil2,account.043bb8893f644e4391be8cf7545bdf76
2026-02-06T11:03:20Z,QT_GGamazinG,account.439641e4bc284084840fb7008b18de61
2026-02-06T11:03:20Z,tjsrn456,account.22240d887bae4dd1a08d2ece07476909
2026-02-06T11:03:20Z,1995101111,account.413b8ecff5fb4ea592b273d2476da1c2
2026-02-06T11:03:20Z,docute,account.84e9585239f941dea74d5d72ba976ba1
2026-02-06T11:03:20Z,DAF_TomDwan,account.38a6e5e6ae3940559385b51e19251a58
2026-02-06T11:03:20Z,Park-Gangmin,account.8cad8aff5107421285de8a9d58b80689
2026-02-06T11:03:20Z,4231formation,account.6598bf24709040f88bd45afaff1e0eb6
2026-02-06T11:03:20Z,nimizzz,account.4478679c5bf843569b9b2c7d8eead8e4
2026-02-06T11:03:20Z,gkdl3030,account.d5d4b39442204a95aed7ac5a8e5298ab
2026-02-06T11:03:20Z,v0_0vBello,account.5ca7f721da2a4d2c800343649603d461
2026-02-06T11:03:20Z,hhsszzz1,account.56244dcb73de42bfa141232c99c82c3f
2026-02-06T11:03:20Z,Dok2nQ,account.4ef5fa96ee10418a8b9b54720691fd49
2026-02-06T11:03:20Z,PSS1013,account.c941a8cc97fd44a5b33e3cc54c6a1dfb
2026-02-06T11:03:20Z,sdfcasdfasdf,account.8af3b7218c474354ada296c08c3a03bf
2026-02-06T11:03:20Z,719_Xx,account.9da02233aa67420ab72a734a73b569e2
2026-02-06T11:03:20Z,m8m8m8_m8,account.a64e690c396f4df883241c57c032ed20
2026-02-06T11:03:20Z,CONTRA4U,account.5543c7c2a5124d83a27883613f4f8734
2026-02-06T11:03:20Z,END_GAZAGO_-,account.7a9e9d13b8674cca9f1749d433530421
2026-02-06T11:03:20Z,rindabin,account.20f94c9e0a404de184411764c309c2c8
2026-02-06T11:03:20Z,BAEKWANHO,account.e1e62cdbbb8c45c4a42dbd227fc47bac
2026-02-06T11:03:20Z,08LiverPool,account.a43ab23fd2854385aa5d71d082e4ffa4
2026-02-06T11:03:20Z,on1995,account.781e88daf6814afea0bfd3b649e6d2c5
2026-02-06T11:03:20Z,DAF_NaNa,account.a0f49a6df8cc421eb8692cb75d1a07b9
2026-02-06T11:03:20Z,steam_killer2,account.058482e7deef4fdea139509b6d6ba14c
2026-02-06T11:03:20Z,MEV_Path,account.3cdaa65e3eb342a4974e8d32a14452fc
2026-02-06T11:03:20Z,AZA_COCO,account.3bd1f48ba1824f158d143476966cec86
2026-02-06T11:03:20Z,BaBo00900,account.705f5e8899324f08807a8b899aba786c
2026-02-06T11:03:20Z,no_17-_-,account.a1463b7e76d548bf9f77f6f56e79ac5c
2026-02-06T11:03:20Z,QT_Crossbow,account.760ffcc2cb4348809812da052fc267ca
2026-02-06T11:03:20Z,Mr-sun-shine,account.71e069fa8a804894aeeee2dd4d34a7f9
2026-02-06T11:03:20Z,imhotga2,account.bc0cfc81671c46b7ba672ff95863090e
2026-02-06T11:03:20Z,DK_I_GO,account.cc8a6c97a3a644a3bc5e4f6030c3542c
2026-02-06T11:03:20Z,lshkmss1232,account.54feb2caca3848b6a4c03bb632091b16
2026-02-06T11:03:20Z,JORAL_TumBung,account.e16661e463774bdd9475e78d81cb2218
2026-02-06T11:03:20Z,m249_yaa_rong_i,account.1dc4d1a082634b8690346d8ee42805e4
2026-02-06T11:03:20Z,QT_M1NW0N,account.b0116debf34a4b448feb0696596918e6
2026-02-10T13:50:38Z,70679495,account.394112639b1446aea480a84636ca10b1
2026-02-10T13:50:38Z,Derrick_DO,account.bb435c3ad0a84705b75276e1523b6653
2026-02-10T13:50:38Z,BGP_what9,account.3dfc0b3a063e4e7da1fcd7f03e7127a0
2026-02-10T13:50:38Z,MonoPet,account.4720e4b48d28448eae1171b0f4495e97
2026-02-10T13:35:00Z,NUWULRAE,account.ad9d7e9f1c2f4d58b37960f8148e5997
2026-02-10T13:35:00Z,M1CHAElllllll-_-,account.6da38c7d23a1460b9f3775cca48fb1cc
2026-02-10T12:42:35Z,Buseokguy,account.ac7566d91e224c9b8a7f5fb0f6d31e2b
2026-02-10T11:08:35Z,TaJJa_JaeGury,account.d218f6591baa4f9fad669673736f8821
2026-02-10T11:08:35Z,RIP_Nomodic,account.60e22e08fa0f490a919a5ae9eba96994
2026-02-10T11:08:35Z,mmi05193,account.e63c0169664743a8825f073b03a347fb
2026-02-10T11:08:35Z,OS_03,account.1e23cd32216c42e2bed96987c49ed6dd
2026-02-10T11:08:35Z,cc-catch,account.078177f01d6f401aa3423a2fcde40494
2026-02-10T11:08:35Z,GU_GuCon,account.c7765967434a410da61aeb66d89bdead
2026-02-10T11:08:35Z,TaJJa_ShinGury,account.81997c2e2d4548e487a5648dd2f49a04
2026-02-10T11:08:35Z,RIP_Linzhaoming,account.b597ca52c13f4b20a7b8208517ad99a7
2026-02-10T11:08:35Z,Ez_HUNTER-,account.62be03a0cfd844ebb324dd02d08ce837
2026-02-10T11:08:35Z,HDH_1st,account.b05f6894443446fcaac1ffaa8db2d58e
2026-02-10T11:08:35Z,ALLRIGHT24BGP,account.bc4ddf8e071148a19b10f8b6eb8478dd
2026-02-10T11:08:35Z,fvomiehg4uigt8,account.a3ec2b2af6a74dd192cd9c2ff43a6ed1
2026-02-10T11:08:35Z,Yal_mi,account.6488c079c3f647c1bff9f5d840ed6122
2026-02-10T11:08:35Z,13781005,account.8f65d69b3f544f8d85a26fce98965823
2026-02-10T11:08:35Z,OntShot_SioN,account.61f43ce2d0a34b8081b0b1b82dbcd8f0
2026-02-10T11:08:35Z,seounghyeun,account.e1c2f57e9b234c379fd424101fe13fc6
2026-02-10T11:08:35Z,PacifistBoy,account.85338a02d89545dfa0ffa8f68a50267c
2026-02-10T11:08:35Z,X_X77777777777,account.7c4b5f58729642cf9eea82b4e622a060
2026-02-10T11:08:35Z,TaeJJok2,account.8ca1a93830e34fa9ad39aa6115e95305
2026-02-10T11:08:35Z,JotBangMang2X666,account.9ec0c848ea31472eb9191c67d7c74377
2026-02-10T11:08:35Z,RIP_SeKom,account.dddbd18cc8fb41b992c1b2ab46fa0e92
2026-02-10T11:08:35Z,SSAP_Jun,account.9083394246af4e3c8c9f2ee20a21e909
2026-02-10T11:08:35Z,EverlandOwO,account.d2e8ec4c56554ac08706e2029b1b4372
2026-02-10T11:08:35Z,DaeJ_Typhoon,account.5b730dc6204a492faf24f9be524f13e8
2026-02-10T10:43:33Z,KDT_roka,account.0abf5f9bf6e944298a5f1fbf3b8618ba
2026-02-10T10:43:33Z,Grimi_JY,account.f46c5b1e153147e7a6bf45e30b8df689
2026-02-10T10:43:33Z,yeobyeyo,account.6ac94d660afc47fea98ff8f068f5089f
2026-02-10T10:43:33Z,BaBaCu,account.924c56e8af3b48f9abb571e4782a7474
2026-02-10T10:43:33Z,pigkiller_zz,account.b4cb37cf02fa4869bc9a8206cef75dba
2026-02-10T10:43:33Z,KDT_1s_Best,account.654398f675fa4ca7ba3bbcd3304aca32
2026-02-10T10:43:33Z,DES_CHAEN2,account.c24d07ad36c94e72a490caf018de550a
2026-02-10T10:43:33Z,Seminboo,account.eadafe97f5084415b60a56102164a4db
2026-02-10T10:43:33Z,hwanyeyo,account.ebc4e9e4afef447c96815b3030c5557d
2026-02-10T10:43:33Z,Safe_Hello,account.4b6bab784bd44492b26cb6cdd8f9d307
2026-02-10T10:43:33Z,gnjn_wn,account.db264de34f894006acfeee275d7ab112
2026-02-10T10:43:33Z,Av_HawkeyE,account.ac401327ef8f40aeb5b0303329602d42
2026-02-10T10:43:33Z,NWJNS_SALLUTE,account.76a272b1410e4a2981009c6ad8d91aa2
2026-02-10T10:43:33Z,Safe_3su,account.af6f68366606494bae229a62aba5cad8
2026-02-10T10:43:33Z,zhwpf_-,account.420c63e7132c40fca4d986cb6a878f3f
2026-02-10T10:43:33Z,KDT_KOREA,account.08ad1110a2f14740a99d2bfa75a47909
2026-02-10T10:43:33Z,EGAL_sara,account.41da88217558400394d247ab006ae686
2026-02-10T10:43:33Z,DORIXD,account.a91386bf5f794f689ba07f9bcd509dba
2026-02-10T10:43:33Z,Lee_GT0711,account.0f109ec50e1f4d65acbfec2aa85eaa64
2026-02-10T10:43:33Z,KDT_YAMUJINE,account.2209181f8e1a40c7933847089c8ca1c6
2026-02-10T10:43:33Z,D_Otoro,account.46f4d15f89a64f489cad04891ce0b756
2026-02-10T10:18:44Z,bohyun12,account.d96bbeb2cd54409b8272c2ea3797a00e
2026-02-10T10:18:44Z,Mar-boro-red,account.369f15ce27dd46089ff2fe2b24778de7
2026-02-10T10:18:44Z,M_mura,account.be7d790e66504b2c93aea3dcab69db7a
2026-02-10T10:18:44Z,zoro-__-0,account.650a58b3613449bba3b89c141fe18191
2026-02-10T10:18:44Z,gsdafw,account.dae72b3813524b7dba8604efdb6149c7
2026-02-10T10:18:44Z,RED_JeongHeeGaKa,account.7d743e39e4e24d238056edf1f8c429c5
2026-02-10T10:18:44Z,Beans_x,account.ab80a9cf39464835bd342a12bb640613
2026-02-10T10:18:44Z,aratakganpan,account.37b2f25b58834fc8a9230a0269e481b1
2026-02-10T10:18:44Z,Grimi_SH,account.a1be1fab02e9459f9dc0d491c557f3d0
2026-02-10T10:18:44Z,igo_Baeya,account.597bd3b7f77f4beea645e2b913d10746
2026-02-10T10:18:44Z,POWER-SKY,account.79d404b0d65e439f8708dde937ab0b15
2026-02-10T10:18:44Z,oio_x_x,account.56395d8567ae457abafb21b96461f48a
2026-02-10T10:18:44Z,AK_Psj,account.9c7fc48556884de6a588987727a74276
2026-02-08T14:18:08Z,junhxxxxk,account.bef526b962c746bdb77fc9f941beb250
2026-02-08T14:18:08Z,m0ve_hye0n,account.13ebf8bdb55745268d996f94c4cfa579
2026-02-08T14:18:08Z,VP-DAEGALY,account.c76df57774c74b3da23496687e6f6b7f
2026-02-08T14:18:08Z,97-seok,account.ed342bb3a9bf4d06b4cc2935d78a6ff4
2026-02-08T14:18:08Z,KANGXXGON,account.f87c82556f1640f899545dabccb774d7
2026-02-08T14:18:08Z,junhyuk99999,account.676d7a523e664e528c90cd6a819c21a7
2026-02-08T14:18:08Z,ZeroCokeFighter,account.99ac0d42c62742bb9476f9f67313f0fb
2026-02-08T14:18:08Z,QPQPQPQPALAL,account.0d526318242043088b3ed25ee8b7dd32
2026-02-08T14:18:08Z,AllJJangE2E_,account.6450a268e37d4907a097ddbcbb63e8e7
2026-02-08T14:18:08Z,MEV_RAP1D,account.f76bed28bcbe44109d4eb8744b0ff50c
2026-02-08T14:18:08Z,MEV_z4eu,account.0ac78f96c2e74985951d346aab0714ee
2026-02-08T14:18:08Z,Jo009,account.8f79a416b22d4e3db10400276177acc3
2026-02-08T14:18:08Z,mad_seamonkey,account.7cc0612708a0476ea23bdd230e41e47d
2026-02-08T13:53:03Z,enjoyhcw92,account.b76c93e983704b83abe25ffc7a575100
2026-02-08T13:53:03Z,Munipapa,account.cf30e46108f44ea396e28d96a521f6b0
2026-02-08T13:53:03Z,2_GYUBOY,account.476fa009cfd045d99f623a8aa4d67716
2026-02-08T13:53:03Z,jawsdak,account.f7ce8222f9d34347b47467c21dc95bdd
2026-02-08T13:53:03Z,leebellwon,account.175959d5e91e40bfb19c520cd64200d7
2026-02-08T13:53:03Z,Xelloss__-,account.c0e7f99971b24b3cbe9bd3a07411c962
2026-02-08T13:53:03Z,SxxWTxxe,account.a2f548b103054e69b6c40fbc221333f7
2026-02-08T13:53:03Z,hanchang10000,account.80d52cfaf4744c2eb427763d7336ff75
2026-02-08T13:53:03Z,BANG__GU-,account.5a6b32696c354d6ea04ecfde1eae574f
2026-02-08T13:53:03Z,SFC10,account.87fd2e4c42e34125afbca84713ad791b
2026-02-08T13:53:03Z,SSENSIMBAAB-__-,account.13002d61453c4a6dadc89a4833252948
2026-02-08T13:53:03Z,BONG__Gil,account.06d28d2cfb474bfabda514f0dd2c779b
2026-02-08T13:53:03Z,1st_114,account.eb0a0c10179f4a918f0ff4478170e973
2026-02-08T13:53:03Z,1_SKIBOY,account.d90d51e8936743abb87bd7e3d8111a7a
2026-02-08T13:53:03Z,ckgnaclwlakfk__-,account.d3d45817d94c426b9e64d7becc24b8ee
2026-02-08T13:53:03Z,OTN_-VALUE,account.0b9185315e1941eeaa7f7422e290eea1
2026-02-08T13:53:03Z,eorkflrhcnqkt,account.f109646769f04c8684757c06ea04ed72
2026-02-08T13:53:03Z,NaeJiGam,account.4c9459e4980141a9894ff6be1f10f99c
2026-02-08T13:27:42Z,qikmdf,account.7abf194815ba4c3c87bc029d9ed472f3
2026-02-08T13:27:42Z,NeoMweoDwe--v,account.acaed88bc8aa4e82811b147bb1aefc54
2026-02-08T13:27:42Z,HxxJxxHxx-_-,account.948b82779aac44fbba0dedac810fc9de
2026-02-08T13:27:42Z,nicknamekbs,account.9d3bafbe06fd48e1a9bee05c7726e47f
2026-02-08T13:27:42Z,Kings_Bbangpro,account.23ed025488264cc580551e8f8c747823
2026-02-08T13:27:42Z,PNS-Alan,account.74673b837c4b4b159745f8d24a34735e
2026-02-08T13:27:42Z,sung__sik__,account.896f3752d8134708b74ec1221e3bd419
2026-02-08T13:27:42Z,Baby_mindi,account.525709e42af84c77ae9407eea858f178
2026-02-08T13:27:42Z,One_Tap99,account.a866201fd8da44788ef1bf2bab50b4ef
2026-02-08T13:27:42Z,Kings_BBaKKeun,account.2765da82c6e943ffa16c3c0f91455875
2026-02-08T13:27:42Z,CK-MOKOKO,account.fcf56a2ecbd44cf29e5eda0cf32dd85b
2026-02-08T13:27:42Z,TLC_Loveeee,account.43a1d372be7d425e9c3d92b8527e40b2
2026-02-08T13:27:42Z,M-A-S-I-D-D-A,account.7914afa1426e4126b01327fdd95f14bd
2026-02-08T13:27:42Z,ssibballama,account.0fec8a920bda4090bafa5366df4e7998
2026-02-08T13:27:42Z,PAMINGHAJIMA,account.48be808d182f47fd8f8dcf896eb9187d
2026-02-08T13:27:42Z,nicknamesbs,account.ad2ad8eb907147dc9d22be93b596cdfa
2026-02-08T13:27:42Z,Nollajjozzzzzzzz,account.0db400d47c624f1ebbac165bd9969901
2026-02-08T13:27:42Z,gemdol2e,account.50deffea195e4c16a7c4d9a64b69d018
2026-02-08T13:27:42Z,WT_ManGoPaPa,account.2fb67a8d8eec4b82b6ca9af880a9558f
2026-02-08T13:12:31Z,KlMPOTATO,account.472db191812f47ca8e4c252475afba07
2026-02-08T13:12:31Z,L7Z_StunGuN,account.292109ca97204847bfe0a6de03fb90c0
2026-02-08T13:12:31Z,Uzinun,account.4e21465074204d95b8ee553f044a1a87
2026-02-08T13:12:31Z,P2G_SaSin,account.81cc52e91c5d4d41ad8d824cd45a23ac
2026-02-08T13:12:31Z,SNB_ChoeSalute,account.aab1578dfca449fa8a1be002cb4c2b88
2026-02-08T13:12:31Z,P2G_NaGa_Saekiya,account.7c520952715741dc973fa98a66d00041
2026-02-08T13:12:31Z,L7Z_MP5VSSPLZ,account.bac70500aad348a0a5e9f507f7107774
2026-02-08T13:12:31Z,DIA_GyuThree,account.bc0daf435df64d6f9e1780cb734dd62e
2026-02-08T13:12:31Z,qormwhqkq,account.1ea6da66c73b42d7a3f001ae387099d2
2026-02-08T13:12:31Z,NOCHUNGBPG,account.653e8a5e083e4f7798bf6e744eca5f2f
2026-02-08T13:12:31Z,2pYan1,account.4906b305eb9d468187ca8972cbe1afbb
2026-02-08T13:12:31Z,2SL_Baby,account.59da653473994454b11af3d9e2008315
2026-02-08T13:12:31Z,DIA_Gang2,account.5211253f223a419580ab50392699a7f5
2026-02-08T13:12:31Z,Goseong-,account.d7c05b68a20148bc99f38e20df9684c4
2026-02-08T13:12:31Z,LWYC_HG,account.35ec996fa04f4b13b05148befc3997f4
2026-02-08T13:12:31Z,lliiilliiiiliii,account.0ec7948a26744c5daf9e60d64458474f
2026-02-08T13:12:31Z,bboo3o,account.300fad7ce6ba4787a13ee025907286cf
2026-02-08T13:12:31Z,9ustjrdl,account.4cbb9e8f91e94bc1a9f4bf6fd31fe5a6
2026-02-08T13:12:31Z,NUtxam,account.62785b4ed5ac484fba5021a973bdec68
2026-02-08T13:12:31Z,LCT_Jango,account.a029542c567c488b9ac9a286a93b0c29
2026-02-08T13:01:54Z,T2CN_JaechanE,account.e5af3b58944c482f903e3a736bca1fd1
2026-02-08T13:01:54Z,joopyroze_,account.662362b0a2814d2fbb8b9d25c658b584
2026-02-08T13:01:54Z,surf-cast,account.a8b56b0bd43d4aafa5a99015d848ac50
2026-02-08T13:01:54Z,YuHwaToc-,account.d7c6a9304262467fb13f8f30077a2f6d
2026-02-08T13:01:54Z,DOTOMI69,account.4205f4037e824e7d9d58f1fecd4ae015
2026-02-08T13:01:54Z,komitground,account.fce0821ceb9a4559b813fbbc7535ced5
2026-02-08T13:01:54Z,XTongXTongXTong,account.306e1d0e90b246df8f9623acc4841afd
2026-02-08T13:01:54Z,BigmanT_T,account.27bc6265aeaf46b6983be91669fcbf8e
2026-02-08T13:01:54Z,groundFan,account.b073566ddc894db1bc70051b72e13cbc
2026-02-08T13:01:54Z,49IK-,account.5bb03a13a8c94e9f899ca6e86b5f3ec3
2026-02-07T16:09:36Z,No487_Giratina,account.fbbd7135ab9243c1951d7c64e7d86b1a
2026-02-07T16:09:36Z,3040_AimBot2,account.8af313ea821c482080a99fd7c7bd3df8
2026-02-07T16:09:36Z,DIA_INPARK99,account.14277351b2d2446385c32b012e7bd673
2026-02-07T16:09:36Z,Rabal-_-Bun_NIM,account.ac515c8301934534b659804cfe23c15a
2026-02-07T16:09:36Z,DIA_Lizard,account.541ea1834720472da2c2f5e425fd9b42
2026-02-07T16:09:36Z,CK-SOL,account.f0a6f8d1e24c4b1881bb826ac3d82fd0
2026-02-07T16:09:36Z,CK-Root,account.b4fb164849984510afbbcd40348134fd
2026-02-07T16:09:36Z,HARIHARI_-,account.e600a0f3d1ae4c50a07c1bb271576bc8
2026-02-07T16:09:36Z,j0tBBUG,account.ca507df7df964fcea3cb7f5e03630077
2026-02-07T15:46:47Z,AMD9800X3D-__-,account.eb37434b2f994e018deaaf8470ad1b86
2026-02-07T15:46:47Z,45774577,account.7c2a9885854c447e974bbb247f0bd10f
2026-02-07T15:46:47Z,sexwithyourdad,account.92f9d9fc48064e65a47b8d9b96c1fe76
2026-02-07T15:46:47Z,DL_Psych_o,account.a504ad54c148484c9600c5a66f194da7
2026-02-07T15:46:47Z,gaurddaww,account.007e0507018f43a99fe0fbda305d8afb
2026-02-07T15:46:47Z,ZPZG_AGARI,account.c5fe65276eaa4a2f8c4d8a3421a7c38d
2026-02-07T15:46:47Z,koalaworld,account.2d3c5c3708a94c71a0d5dae5f3c2025b
2026-02-07T15:13:28Z,rodalsdlek_99,account.9e48fa39c2e9460fb64879f0ef188e5d
2026-02-07T15:13:28Z,tM_HYUNSEUNG,account.aadb37ac22b04c6095ed4a8b73d921c7
2026-02-07T15:13:28Z,tM_song2,account.7c6336fb681643db8c178cbbba5128d0
2026-02-07T15:13:28Z,M_asse,account.3579d73007ac47fb851516e01a4aff31
2026-02-07T15:13:28Z,BananaSexba,account.ca40698159164662ad65835f0459ddf0
2026-02-07T15:13:28Z,sangnonix,account.617e37f1b08c4764bb9ca6d281b9103c
2026-02-07T15:13:28Z,leeheeyung,account.20d7d34b53e240878179708bcb66ea34
2026-02-07T15:13:28Z,Soocrates,account.5b1a8e861d20487c8e62ad9b1761e337
2026-02-07T15:13:28Z,LC_Antenna,account.654eaea5858646aaa7c5d67cccb86353
2026-02-07T15:13:28Z,EIEIEIEI_-,account.422580308f9645388377fa4b41ece560
2026-02-07T15:13:28Z,Colasiva,account.f580211f522b41658f5577e340aa0e8d
2026-02-07T15:13:28Z,TitanJungMin,account.170876858d4e4b3aa4c087dcb1748869
2026-02-07T15:13:28Z,juyoung_up,account.154aa63f0a6740949a30dbc719c873aa
2026-02-07T15:13:28Z,bbe-zzi,account.b7d7cf25b53e4d729585a368e01210ff
2026-02-07T15:13:28Z,mo-zzi__,account.3c002cf440184ead86e379bc41a2a0ba
2026-02-07T15:13:28Z,MMR_September7,account.a917ef43e54d4df6b75594009e55b4ad
2026-02-07T15:13:28Z,sil-bes-tel,account.79b9c6151d074c629d3d269748c25a37
2026-02-07T15:13:28Z,Gaebokcchi,account.7ba0ba038de04e258f20f1e111c890b1
2026-02-07T15:13:28Z,DIC_911,account.de4fe2cd1d9748a199e6b06b6970043e
2026-02-07T15:13:28Z,20saekkicut,account.5729db514c5f45c1ad267c8a5be88933
2026-02-07T14:12:54Z,CHUNGJUAPPLE,account.d8cca7a86b44479a9cb41c34dc4bbbee
2026-02-07T14:12:54Z,DDDDdngur,account.b13492cb18fb4efe882f10874e2e8ab3
2026-02-07T14:12:54Z,Haeineeeee,account.2c49c5c3be7a461f969bf23bf37a4230
2026-02-07T14:12:54Z,DRW_KINGJ,account.658991ab56964a30a53ffc77bb00ceda
2026-02-07T14:12:54Z,DIC_First67-1SEA,account.b6f8fcc22461442bad8cf0c049fdd069
2026-02-07T14:12:54Z,AUGP1NG,account.9499da7a30e94433b96d279a1eb8b5af
2026-02-07T14:12:54Z,seokjooooo,account.7b3dc056b1ad4aec845320bd13200f38
2026-02-07T14:12:54Z,Rf_OKSUSU-3-,account.2b050a7f4a7d432795ad697b1c1d4b02
2026-02-07T14:12:54Z,ZmJJKK_-b,account.c549ee68b55440558b86ee2132366cec
2026-02-07T14:12:54Z,TA_YO_BENTLEY,account.cd0fd2f9ed204dd2b7e876b408e4cb1e
2026-02-07T14:12:54Z,JJ-251117,account.f81bea6cfe794681a6484dfba2907925
2026-02-07T14:12:54Z,Cc_yPeng-0991,account.cf2fddca2cf34a138341e381ef1a09e6
2026-02-07T14:12:54Z,14-75387408,account.5a651d66e51440f7ae47e79c17089f5e
2026-02-07T14:12:54Z,insu_-,account.f2fca9c17386472bb3b310d26434a6c4
2026-02-07T14:12:54Z,sungil25,account.07e6a542eae148f28c11d515492124e2
2026-02-07T14:12:54Z,NU_HI_RU,account.39b30680c4a34ae9b09edb4fcfcc1fe7
2026-02-07T14:12:54Z,applepie1000,account.c0c0850df09e4daead005e49fde36b00
2026-02-07T14:12:54Z,zDG98x,account.3eb83bb9695a46d29a96ff0ded33a2ac
2026-02-07T14:12:54Z,PPORI_,account.386d8f82925941c1954bf5cd450e6cc1
2026-02-07T14:12:54Z,15-70006901,account.afd59e7cdc0c418a92053d1e45bb0736
2026-02-06T15:01:43Z,Av_SpidermaN,account.5010c4fab8504c539e23b769dcc05f18
2026-02-06T15:01:43Z,EHS_mint,account.76d222d685a946fbae5e75ab04c8346f
2026-02-06T15:01:43Z,GwangJin2-_-,account.509b9d5fe8b94dc9870c00d2b4b648dd
2026-02-06T15:01:43Z,dbwlsdlek,account.61f3a84e49b448e98c63e1f0699c0073
2026-02-06T15:01:43Z,originalgom72,account.94c384cb27f841c484ac361d624a5390
2026-02-06T15:01:43Z,AKBBoriSeVen_,account.8e5e3b8f03b545b3bf1ecd18916a8fe3
2026-02-06T15:01:43Z,Av_GrooT,account.c9938b57ceed437cbb60192a47ad4f40
2026-02-06T15:01:43Z,jeonuzi,account.cbe20a42e97d438397f2355a76cf302a
2026-02-06T15:01:43Z,ASHdrum,account.47df68f51a2d4f91ae7773ddc4a14359
2026-02-06T15:01:43Z,keaunh,account.69794f2200fb4cf19c960eb18bb0e521
2026-02-06T15:01:43Z,Ez_BXX,account.c06db73432ec4363a93aef2ec68ef292
2026-02-06T15:01:43Z,KFC_ZOMBIE,account.27a18b8d36924442bf1c5b3aafe5f3ff
2026-02-06T15:01:43Z,swooo3o_,account.290e986fd95f4ed99ea3afd9cefd1aed
2026-02-06T15:01:43Z,JinDo_Bear,account.19f3aeebe88948d4abece6bc5a0749a5
2026-02-06T15:01:43Z,HyunGuen-_-,account.ab532b9b8a11442ab6579ad2eca20040
2026-02-06T15:01:43Z,PAN_MAIN_CHEF,account.8eac30089ab3409e97357be2b98cd622
2026-02-06T15:01:43Z,183Jm,account.d8984cde527f433eb9b30ec8a9669f54
2026-02-06T15:01:43Z,SxRxxg_,account.d76fc716b7e1433f982dec122acf2834
2026-02-06T15:01:43Z,ChaeWon-_-,account.d179365170bf41499029e6dfd84aa277
2026-02-06T15:01:43Z,WoShiSha0B1_,account.8daabb35b6c240729bdde26240847a26
2026-02-06T15:01:43Z,akfvhdl8,account.1ecf9d98680a4202ab1e68d561255fb6
2026-02-06T15:01:43Z,NIM-GNAS,account.2671a2ea60b5418490a9794a54fda8db
2026-02-06T15:01:43Z,PEEKKING07,account.0e311a2372e54d7db98ac3795d38670d
2026-02-06T15:01:43Z,Ogplayer,account.5001cee2431e4f7e812d7ab1a692e030
2026-02-06T15:01:43Z,NUS-GNUOY,account.2df5bc1f56ae4bffae79adc5b9b81479
2026-02-06T15:01:43Z,Changura,account.0e1274f6f5ce47c59ac58d3964ca5832
2026-02-06T15:01:43Z,dnjsgml4845,account.a676acace7484819ad0e2ee5a1a0e8c9
2026-02-06T15:01:43Z,hellomynameis12,account.a84a64caa2de4bb3b33d3df1c4dcc504
2026-02-06T14:29:08Z,ETG_YU_U,account.947778c02e48400a8a2b6cbd03cb170d
2026-02-06T14:29:08Z,BBR_SARYO,account.24232f09b0f841e486355bd144ba0b9d
2026-02-06T14:29:08Z,BECKHAM_rvg,account.3e167d02a7d842deae6cd75dd7fb2d33
2026-02-06T14:29:08Z,BBR_Pig,account.6e7b43db566f4a5186ce741d424bdd8d
2026-02-06T14:29:08Z,HongHoney,account.9b2674eb24414dfd95f44dd72f7e004f
2026-02-06T14:29:08Z,jefreeco,account.30cda22a4da84cbbb4382ea90618ce3a
2026-02-06T14:29:08Z,kimdnhn,account.f386dd46a7d349d3999aced922c64f3f
2026-02-06T14:29:08Z,captainwando,account.82143e3eaa1a4377baa83fe674bbbd72
2026-02-06T14:29:08Z,GetOut_PORSCHE,account.e307e5600af14cd192e05058ced2ee97
2026-02-06T14:29:08Z,sexyjun1,account.efcc5e4b7af248d18349bd684943db64
2026-02-06T14:29:08Z,jiwonxrala,account.71374971f87c431bb258d78492e32923
2026-02-06T14:29:08Z,BJM_91,account.9c69b92d1ed940e99aa321ee1ecb2cbc
2026-02-06T14:29:08Z,hyubss,account.70b7a407f91242a8b4d6d3afb97caeaf
2026-02-06T14:29:08Z,BBR_110Kg,account.586c506618624819b256ae72400650a8
2026-02-06T14:29:08Z,17-71002542,account.b441483ad760424a9bd7bd748058136b
2026-02-06T14:29:08Z,S-J_sniepr,account.629b5a13bf1542ff80a0b5554a684862
2026-02-06T14:29:08Z,marinecorps2,account.9d26a47393884608998ad65c57cc7672
2026-02-06T14:29:08Z,KINGDDAKFUL,account.0811da07fd66466d8860d94c6035fbd9
2026-02-06T14:29:08Z,WE_JUN,account.ef244d1de1594a1c8b87648c6bc2d03a
2026-02-06T14:29:08Z,INX_MangGu,account.e6c1979bb99a425da6f8519c1f72807b
2026-02-06T14:29:08Z,WE_SWAT,account.88623181eee449d9858c0ab81fdcb909
2026-02-06T14:29:08Z,hanibmam-_-,account.e1cdb00fe8b84037a0bede37b64bbd4d
2026-02-06T14:29:08Z,under_Amen,account.0b8687edbd6f41fdb00525bc125ed474
2026-02-06T14:29:08Z,sxxyano,account.b764dba8b22a4aa281ca4e69cdaa6944
2026-02-06T14:29:08Z,BBR_Apa,account.dd0c264cc1e74b3189606c0579f8f432
2026-02-06T14:29:08Z,JekkyLLAndHyde,account.0d86cfdd84414ce6b6f2b98b7daf845b
2026-02-06T14:29:08Z,WE_HUN,account.aca5238ddc284fcfa9522e12d8a679cf
2026-02-06T14:29:08Z,yaminam-_-,account.78940fb4cead416d8730916dbbea0823
2026-02-06T14:29:08Z,chaawoochawoo,account.a982c86f8ace41499463b04c85344397
2026-02-06T14:29:08Z,seokmangood,account.20c5b86b3bd048b397d238078ca3e786
2026-02-06T14:29:08Z,BBTANZ-,account.36d4c40a5bba4d298f67a0be5e90b131
2026-02-06T14:29:08Z,JonNaGoDokHam,account.a5ba3cbc364b4913addd372cb1bd0bdb
2026-02-06T14:29:08Z,Jh_3480,account.d285796dc35a44199d0c64d5a3b4e212
2026-02-06T14:29:08Z,ETG_Hyun,account.8be7abbe78af431a9269673fbab24f66
2026-02-06T14:05:41Z,MSC-_-TUSKI,account.d3639eea5c684111b8c39eb6f5944f9d
2026-02-06T14:05:41Z,IIXI_,account.7bd4b4c4539b4aeb84b1afa642f1d921
2026-02-06T14:05:41Z,SH4k1ra_Xx-_-,account.c35bf7e7f73b44b1ae4b5f6c15cb7336
2026-02-06T14:05:41Z,Mcggam,account.6224148d7fab43d2b77d7d99af39206e
2026-02-06T14:05:41Z,sim9800,account.48ca4846f3014f26a0d25a91b38a3fd7
2026-02-06T14:05:41Z,llllililililliil,account.d4d7dfa5312b467e902fdad2bb7a63fa
2026-02-06T14:05:41Z,tM_get_out_Lobby,account.c9e77e753ef54f3e9ec3a4dd5c7d985c
2026-02-06T14:05:41Z,Uice_Cream,account.83fa8040aeed460db75b296fc293a985
2026-02-06T14:05:41Z,sky9462004,account.7b8aa1fe90454dfb83bdc5961b1db7d2
2026-02-06T14:05:41Z,QQASU,account.57f17c92d3764942b27593aed49c7ca8
2026-02-06T14:05:41Z,Reverse_Savitar,account.e5e6e8e481074ea49a9bda88a39efb96
2026-02-06T14:05:41Z,Gz_Space,account.29720152b9e544029a4a1f4549f146ab
2026-02-06T14:05:41Z,illiiliililillii,account.429dab25916f446889ae4e66cfc6f6a6
2026-02-06T14:05:41Z,akfdkckrl,account.df129f39e7ca41178f5acc329ab1c372
2026-02-06T14:05:41Z,Sa-_-Ma,account.3b6b1c2a0b764657bd01e15f63eed39b
2026-02-06T14:05:41Z,Shin_RaMyun_K,account.955fda9e35964ae49207cd3d25511744
2026-02-06T14:05:41Z,CS_TERY,account.34f0b9e7a97a42d0a3543fa81e1da05f
2026-02-06T14:05:41Z,PRFCLANMOZIP,account.8925905c626442da9fa21e5748b9688f
2026-02-06T14:05:41Z,Olly_Dooly,account.f6012c4d08ee4b2083c44d719b79e357
2026-02-06T14:05:41Z,Porsche_YES,account.1217b901a99e456493f40afe41ef33d4
2026-02-06T14:05:41Z,1Cha-_-,account.e16a251e5d7b4267a0b0740a18fe9d7c
2026-02-06T14:05:41Z,Oliveade,account.b6890651240e41dcbb668307ca52e20b
2026-02-06T14:05:41Z,Gz_DAEL,account.331a1eb6e017442ab434dec039d46123
2026-02-06T14:05:41Z,EBSG,account.c39cc694617143e1a908d08f008d06f6
2026-02-06T14:05:41Z,OjigoChaljigo,account.c0d98478af7246da91ba2af9dff681fc
2026-02-06T14:05:41Z,Koreajaehyeok,account.d4ecdb17e96946e299114b6bb73861d9
2026-02-06T14:05:41Z,MMG_K1ng2cks-_-,account.9ea825092ee241d2956dc1549ae25e60
2026-02-06T14:05:41Z,wages1124,account.9253f094204949d7a5ab0aa1b49e6228
2026-02-06T14:05:41Z,YouTube-1WayMan,account.5dd6397d0b8d4250b512308b5d62971a
2026-02-06T14:05:41Z,Mercedes_YES,account.242c00007cc3428bbee8082c4624d706
2026-02-06T13:43:55Z,ZoneBully,account.602c33be72bb4de4aa6f705954b4a235
2026-02-06T13:43:55Z,NAGA_DDORAIYA_zz,account.212dba7abeb34c15a73816d8cf80018d
2026-02-06T13:43:55Z,sunbin3303,account.ea596a411df44d25b869e168a4096c98
2026-02-06T13:43:55Z,RyuSang_,account.8d77e2bcfa6b49e58843897555c85985
2026-02-06T13:43:55Z,Xiaozuyoung,account.d4e645238d7740288c10da4e90f2bc47
2026-02-06T13:43:55Z,S2balNun,account.a628fff3eeeb49cbafcee63f630c9dfd
2026-02-06T13:43:55Z,nnnnna_0,account.98732eb65b1848649c05e5a17e4c7773
2026-02-06T13:43:55Z,HNB_Lauv,account.3dea3d417d434dd4b46fb9882deeeb97
2026-02-06T13:43:55Z,gotsalmong,account.17f656dd8a7f4a7aad25313bbdeda8dc
2026-02-06T13:43:55Z,CP_ShadOw-_-,account.1efd0bc9bec14680aac597b7fbebf204
2026-02-06T13:43:55Z,free_soul_e_g,account.23f0f39f3ebd4fe8b62ae0a7cc210b11
2026-02-06T13:43:55Z,ODImilk,account.7077baebbdf74932b64347cd3c49e77a
2026-02-06T13:43:55Z,KAKA-_DTL,account.d2b2cd03019b4de4ae7f357f101b3ed0
2026-02-06T13:43:55Z,NUSamGyeopSal,account.ea5a139dc9b04876bd923d78ccba8ca8
2026-02-06T13:43:55Z,JWPK123,account.af3154035d2a4d8587acf1d4fd4e217d
2026-02-06T13:43:55Z,dhkdEkHNB,account.2ace8e59c7e54ee6bc01256561f6fc93
2026-02-06T13:15:40Z,yunsik98,account.00523bae1bb54308b0595f7724cfc6eb
2026-02-06T13:15:40Z,4050_hermezeus,account.e60f486e302847058461c8e3cbee12c9
2026-02-06T13:15:40Z,Ssong-_-Ji,account.63dfdc62e52e4ef888221882735c1a29
2026-02-06T13:15:40Z,mindol1234,account.7ec3ebe446c746e492e71cb5dfc3919d
2026-02-06T13:15:40Z,fures4169,account.42759e2f12c54701aa4b00df9bea7d4e
2026-02-06T13:15:40Z,GAJAGO-whiskey,account.e0c2a17faf7744a38e885852119f39ce
2026-02-06T13:15:40Z,SxRxN_-,account.13826841cbcf4421b4abea782949ebc7
2026-02-06T13:15:40Z,SexnYong,account.b8944fbd8db347f4a2b82832fab83840
2026-02-06T13:15:40Z,HE_Leader,account.a74d515d88e64c709e2200917a3fbae5
2026-02-06T13:15:40Z,SUPERMALCHA,account.444760e6c00842198d63c01d6a52c1c3
2026-02-06T13:15:40Z,sus2jun,account.eb8b59f6a8ea433da0c895128def6a4b
2026-02-06T13:15:40Z,HUBCHA,account.cd2fab0ae18148e9be9f0a910f5bfc89
2026-02-06T13:15:40Z,retsamc,account.b6c66f49e7124b2cb5b9c852542ee1ea
2026-02-06T13:15:40Z,Hong_juho,account.ca851994bc5540358a6ab4ffae4f7bb9
2026-02-06T13:15:40Z,HEOTGAE_CHA,account.6e31a57705e54b3bbcb58a28422d2832
2026-02-06T13:15:40Z,HE_VeryGood,account.1479dcfd65f1492c85f0aa5abfb8c846
2026-02-06T13:15:40Z,minhyeop98,account.daa816d8bbed454792ec2a7e2f136ab6
2026-02-06T13:15:40Z,redpunchssanta,account.f8de61e0c3ec470fa9d8b25e589543f1
2026-02-06T13:15:40Z,owlstrix,account.5a51cd9021c44e7e8cbb351ab12dd20c
2026-02-06T13:15:40Z,suppong,account.6c74b68b9b5e4bee95b580c98e5fabbd
2026-02-06T13:15:40Z,ARedHorse,account.8f91e5d5eacf4c8e8732eb669f7eb573
2026-02-06T13:15:40Z,chlrjs12,account.3587ac6c95644029a3e2d5ae53de116f
2026-02-06T13:15:40Z,RKFAT,account.787331c1b28c4e8aba06bfad7932defd
2026-02-06T13:15:40Z,hesung15,account.739956d3dcdb4a8688c81491e7cf03b8
2026-02-06T13:15:40Z,SSSS__Jung,account.8f34587be57942a7b451c42dd41d45f7
2026-02-06T13:15:40Z,KimGiGiGi,account.dcd749c4cb3d430099b044977833f1c0
2026-02-06T13:15:40Z,MHS_H,account.ad8a05880090469bb057b99b0838f454
2026-02-06T13:15:40Z,apeuzinabbanghee,account.a19a2873ba694717a5d835af338f8752
2026-02-06T13:15:40Z,dongho_123,account.da2f611640c14c92ad1033929612bd3b
2026-02-06T13:15:40Z,yosep92,account.cfca9fa7fb1f49d99b0d4b395b9faedb
2026-02-06T12:50:24Z,Seob_yolo,account.8c9094bbf065430489c8ada0ad5dbe76
2026-02-06T12:50:24Z,B_YOGOII,account.a96625ac756f4c7b97c9773aec24c3e0
2026-02-06T12:50:24Z,Jv5tXL1b3rt7,account.61a0595a1f894265af55016fd5cae3c6
2026-02-06T12:50:24Z,rN_SSG,account.fcaa5f69fa5042639ddb111ff92cf46c
2026-02-06T12:50:24Z,hyunyongkk,account.5971a7aade8546dba3c3101645a01173
2026-02-06T12:50:24Z,borang2hojiteol,account.aac6148fb53045dcaf0f8d1911f494bf
2026-02-06T12:50:24Z,J_BrO_L,account.ffc888e0a9d642b3a896a3a08b96f606
2026-02-06T12:50:24Z,SHKA-__-,account.115b9f3a7e804ded87fd86d937c43ce3
2026-02-06T12:50:24Z,jarang2hojiteol,account.8ea3663519ce4064a4e976421bb0439d
2026-02-06T12:50:24Z,BBangGuYa,account.9c15fb0a60234e7ea6d0bd1032ad4d1f
2026-02-06T12:50:24Z,M_JAE6,account.696d474ce24544b4b19403b8aad8b926
2026-02-06T12:50:24Z,SIRU_HACK_PUNCH,account.f00667e90fc04fe8a3cd19555a37b46b
2026-02-06T12:50:24Z,J_BrO_H,account.d61d7ce3f94e413eaa7a7ee8ea19cd8a
2026-02-06T12:50:24Z,jarang2hojiteoI,account.63a7782d74b945fea94b4143a524175e
2026-02-06T12:50:24Z,J_BrO_S,account.ae3f96947ffd44418d3f97712411800c
2026-02-06T12:50:24Z,hoyoung707,account.aa106da57ec24f5389b7ec78e83e356a
2026-02-06T12:50:24Z,mvlf1,account.525dace119f24ae2beb71746a69fd9f1
2026-02-06T12:50:24Z,woma-_-,account.b9e937b743e941cfa8c598714d25fb47
2026-02-06T12:50:24Z,SungMinJ1,account.14eb14befb9f452b8a65f8bc5678ef77
2026-02-06T12:50:24Z,Lima-__-,account.93af89cddb9f46a3b8473abd49891251
2026-02-06T12:50:24Z,GILERIBEIRO-3-,account.63d02ab4d35d4bcbb925b67b1df390d5
2026-02-06T12:50:24Z,WXXG1E,account.c3c3ab47750b4ec782c78cba4f250c2f
2026-02-06T12:50:24Z,BatY_-,account.a9f5abc917ee41538cc9b3595f59d111
2026-02-06T12:50:24Z,borang2hojiteoI,account.791569b07e774f1e8b3a856dccab4c14
2026-02-06T12:50:24Z,A-A-A-A-A-A_-,account.4a8b516ab0934c92a29c1af59a35a43b
2026-02-06T12:50:24Z,Maeng-Ku,account.3f700fabb65646bab74dc472d2d03989
2026-02-06T12:24:25Z,Lr7ro,account.8830d4ca3b2c40909be3118d44d0b956
2026-02-06T12:24:25Z,RAVI_END,account.5b30a7898d244ca4a4b6e8a5add6bb9b
2026-02-06T12:24:25Z,MAGOKANG,account.8f620d7f9a9a4352b034e1c30bd94eb2
2026-02-06T12:24:25Z,CS_E-Clas,account.2fcf214b70b9446aac95e6d25227958e
2026-02-06T12:24:25Z,SSENTAESIK-__-,account.7975e181e2ee456cb7185d578366316a
2026-02-06T12:24:25Z,S2SJS2,account.fab5fa61087841f598bd48f5ebf68dfa
2026-02-06T12:24:25Z,anjfqktlqtoRldi,account.f90e6f2885744e77ab910ac5b933e489
2026-02-06T12:24:25Z,No151_Mew,account.0f865b66052a45d79c529a3386e093df
2026-02-06T12:24:25Z,eunseorang,account.0327fae1087642beb6afa52c35436c74
2026-02-06T12:24:25Z,Discord-3-,account.ee5485f1c09b41e7968c97728ee72f35
2026-02-06T12:24:25Z,DAF_Backup,account.7993ee535f5e43b19020d3c1992d5e56
2026-02-06T12:24:25Z,DDalp_JAY_-,account.355e156ac9e740c4aa5378958559c4e6
2026-02-06T12:24:25Z,Cbal77,account.718275924f844e9e8b0739ecd0442363
2026-02-06T12:24:25Z,13857654,account.292329b429e44e44ab12a2a66d701957
2026-02-06T12:24:25Z,Bachudosak,account.779c03af28d9493da602deeecc0c76bf
2026-02-06T12:24:25Z,KonGKonG_HEE,account.7b1a39a19b8446c6902b5f6fc66737f4
2026-02-06T12:24:25Z,BGP_JunSung-_-,account.cbdb40f31ca045dcb8173cec2a3b8623
2026-02-06T12:24:25Z,13816323,account.e63c5d7e80af4626a0d7b7c6b0fdc7d1
2026-02-06T12:24:25Z,1st_kimgi,account.fe3bd1f6270f4c8498ef80d2367a63b4
2026-02-06T12:24:25Z,myungjin117,account.4150cd11807d4de4b010558ba4d6cb7f
2026-02-06T12:24:25Z,TRG_Calm,account.00e05afb7fcc43b9a26bbe6f9bb0fc32
2026-02-06T12:24:25Z,DDalP_Heart,account.ae69614670b740de911afd8321878b35
2026-02-06T12:24:25Z,YEON-SEUNG,account.820f140103764f8f937fc3bf34db8d92
2026-02-06T12:24:25Z,NEOGURI_END,account.1282a0ac4e164d59bdd2cc66799b781a
2026-02-06T12:24:25Z,Tyou_Won,account.ec14cdf6a3674a15ae96017cbbbeb9db
2026-02-06T12:24:25Z,SHEEP_END,account.b9ad83d29cc3491480e738c71d1ef2c7
2026-02-06T12:24:25Z,peeeeeuuuung,account.04e619707eb8417a926f39e407485b3c
2026-02-10T12:46:02Z,vlakddl,account.50a6756c23f041c996380f05f2b81729
2026-02-10T12:46:02Z,ZRB_100,account.d7170ad9f22b49d0a69f3cb869dbcf56
2026-02-10T12:46:02Z,tM_MMing,account.1110e064e6a54654b5cb163456e7ef35
2026-02-10T12:46:02Z,4Out_Pooh,account.7a300e76725942bfb2ddc5f8c1a11762
2026-02-10T12:46:02Z,DSCI_KingsMan,account.7684396fbf4a4e9ab7bcc5fd07df0cdc
2026-02-10T12:32:43Z,ejrghkddlsepdyd,account.92bfc5f83e0540a799be98570f8a3b36
2026-02-10T12:32:43Z,BGP_Cunha,account.5374fee853dd4ba3ba92893cc46a6cda
2026-02-10T12:32:43Z,MinToc-,account.2d8f276285904086be36e917001d2405
2026-02-10T12:32:43Z,800_43_1-73,account.03a0a9a46e4c4ae0a537f3907cca4f4c
2026-02-10T04:46:58Z,sssss032,account.e66fd14d71fe4a2fbd985565439583b2
2026-02-10T04:46:58Z,The_blossom,account.f6ed22a7d3c544c082c7be9dc6814747
2026-02-10T04:46:58Z,SANRIO-0-,account.d651e3c125244672b86c2f4a784edaa7
2026-02-10T04:46:58Z,HELLLM,account.050f4f45e03e4482a654c1c4f8fab551
2026-02-10T04:46:58Z,ArtisanHienMID,account.91507f2c1cea4a32943d1e2c10a7aa18
2026-02-10T04:46:58Z,Fy_ONion,account.0d791f4687af4cae94c951ca716a8807
2026-02-10T04:46:58Z,LuCiFerJenoa,account.420f8d25c2854a0d993225f00d3cbebc
2026-02-10T04:46:58Z,LemonButter_K,account.64f6915c8e4f4e0d84b770a78588293e
2026-02-10T04:46:58Z,KOREANCOP_SH,account.874e5da1a13241239328537f3785ee2b
2026-02-10T04:46:58Z,13592346,account.5cbd1a93cb964f5ebbc2e8a297b554ae
2026-02-10T04:20:53Z,goodluck_125,account.cdd5beaf3a114b70a0eea9f92093aa17
2026-02-10T04:20:53Z,joy_Min1,account.d7a009ed0c034fdea61830c489637942
2026-02-10T04:20:53Z,tkwlak1,account.b291706d2dfb4f67a3ae44e2c853fd28
2026-02-10T03:46:34Z,Safe_ROKMCKOR,account.301c52f7b97e488aa2a940f86ba85596
2026-02-10T03:46:34Z,Safe_YouBuNam,account.7900bb36c47e42049a2fd333c0e43725
2026-02-10T03:46:34Z,BLC_blcblcblcblc,account.faa92f28c22c433388f9f5ffdb817cb5
2026-02-10T03:46:34Z,BLC_SoopHaenjung,account.bcacb352c4b84e1ebe6e40fefa862077
2026-02-10T03:46:34Z,BLC_Sang,account.fdc5ff53dd5140e2aa47f1e6f290c58a
2026-02-10T03:46:34Z,dlwnsdnek02,account.d48ed82bbcd945aea5c09742ac389a14
2026-02-10T03:46:34Z,SIRU_JANG,account.871d3435ec214c1fa1e2a7dad600d9e4
2026-02-10T03:46:34Z,WraithHound,account.9a2ada29f5c34cbdbb9a067411ec93f4
2026-02-10T03:46:34Z,Asanim-v,account.e52c0e9502d74a0fbb182f4e8fbc3aae
2026-02-10T03:46:34Z,Osal_ZzangGu,account.a9bcf4351bd84d7794c6bd275e87c6b9
2026-02-10T03:46:34Z,CK-J0Y,account.536399d61a5e413e938264996e542506
2026-02-10T03:46:34Z,machine_coffee,account.01c2e4093a6a41dd8e06e9e45417beba
2026-02-10T03:18:41Z,HST_kong,account.60531e9a16344c1ebc5ec0289b9322eb
2026-02-10T03:18:41Z,MY_A_PA_SONG,account.74f40d235fa9495d970e4300aca8742f
2026-02-10T03:18:41Z,2-GUNHEE,account.e6f74d42f8ce4b538530310edbef5ba2
2026-02-10T03:18:41Z,JUMMA__-,account.d4e7f353b2f34d9f8d170f6a667fd78f
2026-02-10T03:18:41Z,2baeplz_--,account.f1bc9ea3d4974bf1a8690eb0b676332f
2026-02-10T03:18:41Z,gkfntkfdl12,account.a6622820825940c6aad7768fb0f39d23
2026-02-10T03:18:41Z,ApocalypseKZ,account.dd6e638b207d41548775711851809ed3
2026-02-10T03:18:41Z,QnwlrQnwlrQnwlr,account.295f6e78b67c4e75b6759634f6f78fd5
2026-02-10T02:40:47Z,4LV--gabang,account.e5477771e912400997626854cf6f67e8
2026-02-10T02:40:47Z,PinkyPigg,account.0e3668288ecb4d3a818c731d7b48f717
2026-02-10T02:40:47Z,SimSimHaDangDang,account.915a4f010b3745cdbcfb0796e01f57cc
2026-02-10T02:40:47Z,GooDBoy---_,account.2a63cf51600845e99751d0a460bbcdc8
2026-02-10T02:40:47Z,eornemfro,account.ae1ed08ec70a4338b75c3fafb47defe8
2026-02-10T02:40:47Z,RTF_K9-JAJUPO,account.9ab06e3900e5430d8cd211b414ec2cbb
2026-02-10T02:40:47Z,illilllliiiilili,account.c3ea5d26841f4e64b65cba7486c233ab
2026-02-10T02:40:47Z,Hakatory35,account.563b69d98ce44bd5a0ac7f70f30eb6a3
2026-02-10T02:14:04Z,bu9x,account.5fe172c32e6841bebc7a306395251d30
2026-02-10T02:14:04Z,HOTDOG__HOON,account.24f9b60e02e74d46a982f247febbab8c
2026-02-10T02:14:04Z,Ez_xxplay,account.b6c7cfe7a39c41d9b887c6ad53152243
2026-02-10T02:14:04Z,ruzby__,account.4f3abd2d9f6b4bdcb08f210cbf24490c
2026-02-10T02:14:04Z,llheadhuntersll,account.6a3f669a194742b49463b0d6c2b1858f
2026-02-10T02:14:04Z,1000_0SUN,account.6913ae791a894bacb137edcdbe4f49f7
2026-02-10T02:14:04Z,liliiilliilillii,account.e8365c677b884326b65bbf662a8bdd9e
2026-02-10T01:37:09Z,teemoyamm,account.20c3f1a6fedf459f900ddb352418a148
2026-02-10T01:37:09Z,DokGO_B,account.c49f274eacfe474280ae030b997e9fd7
2026-02-10T01:37:09Z,seokhwan0,account.be9d5fab342f4cd49b5566987ba7346f
2026-02-10T01:37:09Z,minminminn,account.79b359ddd3214f91b6c3ec5f823b7afa
2026-02-10T01:37:09Z,AZUMa_OdengZZom,account.029077ba322346b589690f84d0f5669d
2026-02-10T01:37:09Z,airpig_-,account.31e9738e45894362958a4c231acc5127
2026-02-10T01:37:09Z,Kim_y_bin,account.b04b18e68e5242f79a312cc1d32283af
2026-02-10T01:08:09Z,liilliliillilili,account.f403f913ba394c868ca09d17741b8110
2026-02-10T01:08:09Z,KINGAxxino,account.a38dcdd159fb4e4c97b084575ab81a4e
2026-02-10T01:08:09Z,toflrhdwn,account.c85d83876565449ca4ed22e08893b9df
2026-02-10T01:08:09Z,minnimiminn,account.5a9d4716dd45413c96bed727401a42ba
2026-02-10T00:29:44Z,FuxkMyEyes,account.942680facb924d759cead9a5d89635fa
2026-02-10T00:29:44Z,Temu2sihwan,account.b36d410ae4b14169809fb0cfce210651
2026-02-10T00:29:44Z,NOGI__H,account.70c345e1424f4a078468d970750c0131
2026-02-10T00:29:44Z,CLFCLFCLFCLFCLFL,account.4b122698112a44abaf8dcb5eb48c26c5
2026-02-10T00:29:44Z,DPX_Zero,account.12b16e363afb4cb0b4b2185a379b1ece
2026-02-10T00:29:44Z,10tet0nam_DKB,account.67266552b09a41f8885a6ee567f240f3
2026-02-10T00:29:44Z,7H0r7rZl,account.9a35e106c4334547a608051944ebb6b5
2026-02-10T00:29:44Z,lmProfessor,account.395bb74d5e924ebba6ae9e648f60c219
2026-02-10T00:10:03Z,soolzip1,account.2a9a2360d5da49f98787129df8f1d694
2026-02-10T00:10:03Z,nabi-772,account.2248fc93bb184585936b5895329b0152
2026-02-10T00:10:03Z,haruxsinx,account.524b81a6a4614b01aeaa9b3ff537e605
2026-02-10T00:10:03Z,SIC_P,account.59214ad3ec4647bebb5ec5c354ea8d81
2026-02-10T00:10:03Z,p_0817_p,account.07f3b2500ce74d1489aff32b93d82eb9
2026-02-10T00:10:03Z,VITAL1_cam,account.d13f3c388e494481bf8c4baaacd7a580
2026-02-10T00:10:03Z,SsTAaRBeERRyY,account.f82cfe4fb9f54a05b4a1be6f8e254210
2026-02-10T00:10:03Z,Oneday-lady,account.f00c812ca8c441d69ed39b5cc5e3908f
2026-02-09T22:33:36Z,tjdn002,account.0eca5ccd62724bfc88ec7338b1fb6082
2026-02-09T22:33:36Z,no_open_plz,account.bb6df936ed0f4a6292698094ce3eac90
2026-02-09T22:33:36Z,BBarji_Mayo-3-,account.ecd0f0c4681e47ddb79baf60e766af8c
2026-02-09T22:33:36Z,krbeom123,account.7627b1f840bf4fcd8ac3427719676c16
2026-02-09T22:33:36Z,Ez_tktktk,account.e76c52888ebd4ac18ba4aeaff36959f0
2026-02-09T22:33:36Z,CQB_Star,account.c11b870d51334ab486f1af1b0d1fdf92
2026-02-09T22:33:36Z,SSaJi_Mayo-3-,account.9078c318fa0d436d84f59f822c64f3ae
2026-02-09T22:33:36Z,Aplus_Oops,account.5fb3d924bec24458a101258e3d8b17b8
2026-02-09T22:33:36Z,Vex_Buk,account.fbec3e7a0d6144dd93638fd7a6943853
2026-02-09T22:33:36Z,THEERATHONFIVE,account.6a976c84b226429f8b35265be891414f
2026-02-09T22:33:36Z,robot____1,account.09daf91528a54d53a7b67fff368f18c4
2026-02-09T22:33:36Z,SuKRoof,account.d2ce41187d3a4b2788968e46e632479e
2026-02-09T22:33:36Z,NL_Model,account.94845eae37f74ff8aac7158cb3615b76
2026-02-09T22:33:36Z,FWB_usjotta,account.5b293f2fb5804deaba2e9a32127a63e6
2026-02-09T22:33:36Z,SHOTGUN_U,account.5b3eb4abe8b849399bf0cdaf6b966553
2026-02-09T22:33:36Z,109Va2a,account.9a5af10a065a46f79921f85085d374dd
2026-02-09T22:33:36Z,KingGodSsatan-_-,account.8e3bff70d602447082d1f5f1dcd9023e
2026-02-09T22:33:36Z,ATX_90TAN,account.5bb1db2ba9ff49408cb5a47678edfdc0
2026-02-09T22:33:36Z,NUbattle,account.79adde75a3d14816bf738b3d144a1a79
2026-02-09T22:33:36Z,dhowkRnqhk,account.9ca2abbb23e44473ab9c2fb4089fca28
2026-02-09T22:33:36Z,rejecting_machin,account.a98d0bb9336c47b4a3586b1a7fa72a81
2026-02-09T22:33:36Z,300_llllllllll,account.72695e9be068411ab198a40880d2521c
2026-02-09T22:33:36Z,BARABARABARABAM_,account.6687709d8be6484489d98efc1e6e446a
2026-02-09T22:33:36Z,109Ren2,account.f1c0165a68bd49a2a831253612e7e9d9
2026-02-09T22:19:19Z,DopaminGhost,account.4eae32faef434a6093a69a5da0e0d078
2026-02-09T22:19:19Z,Tsms0043,account.3a3a14742ae24775af3dfe2dddd4e5f7
2026-02-09T22:19:19Z,4pinky4,account.17e249b3e8794f9480418b162dd09407
2026-02-09T22:19:19Z,pureT_T,account.5dc007fbc5304aa880332ff9944afebb
2026-02-09T22:19:19Z,Aromatic_77pro,account.dd028391cda6436792cca266bbc728ac
2026-02-09T22:19:19Z,Confrost_,account.a8d7225c1f384c318d49f973755bc931
2026-02-09T22:19:19Z,Duelist_K-,account.6afb4eb04ff4448bb8027dc9c390936b
2026-02-09T22:19:19Z,Wisp_A,account.30b4285caf164cb7b32bba483e26217a
2026-02-09T22:19:19Z,jokkaseyong,account.ce8fc02921ee4057962bdd06919b0c7b
2026-02-09T22:19:19Z,Squad_attacker,account.7ac3b01cef59421681227256f59e4946
2026-02-09T22:19:19Z,HooNee-_-a,account.67bbcadf699349a799140755ce7c91f0
2026-02-09T22:19:19Z,Duelist_Woni-,account.3e8fc43d9d54451aa405a521c387f17f
2026-02-09T22:19:19Z,popcorn_bs,account.4abe2fc915fd47329434198ba3d78f57
2026-02-09T22:19:19Z,VOVO_Undertaker,account.7c1e5c36ec79410899f402e03c69e0c0
2026-02-09T22:19:19Z,DIC_Maick,account.78cb5b1df9294746a568e2f7cb92c8c0
2026-02-09T22:19:19Z,BZN_960412,account.83a9a465676c4d6db45fe80df0e260ac
2026-02-09T22:19:19Z,1Day_Blackzzizzi,account.9e058a9d51d64edbabf736763e7b4de5
2026-02-09T22:19:19Z,Gz_Poppy,account.b7e1c9be3096492aac881b5dc505e3db
2026-02-09T22:19:19Z,PIRIN-,account.4b81d37535314c4e9afc26b11adfe662
2026-02-09T22:19:19Z,u_u_rimi,account.26003fad8d864933a8be3e894e49424e
