createdAt,name,playerId
2026-02-06T11:20:44Z,55BT,account.e109d103a0f64f12b2f758ecb548422d
2026-02-06T11:20:44Z,No-BB__,account.599c842e62b941b2b828ea4440d46943
2026-02-06T11:20:44Z,eMo-MrChen,account.18ddeea04aa34acb9c3376c7a55fb6a3
2026-02-06T11:20:44Z,4AM-NB857,account.43224dda62e240d29c6d71bf70d86fa8
2026-02-06T11:20:44Z,1203u_,account.1766ce5e5737436e8d456a4d7cfee404
2026-02-06T11:20:44Z,burning7779,account.235514205d3242359950e93ce31bb9dc
2026-02-06T11:20:44Z,DcGaming_xoxo,account.f8d527e8f81f4684ad9d9e1cad4995c0
2026-02-06T11:20:44Z,Thorr_-,account.d4ab3d3953524375a75d7202a6fcfbd0
2026-02-06T11:20:44Z,shenmididai,account.f1a42a5dd3a54613b56be09133c43e17
2026-02-06T11:20:44Z,GoodFortune-Ye,account.ee2a1b88d33740f4849cd27bcdc13fab
2026-02-06T11:20:44Z,Tiao___Lx,account.f166bc8ddc5947188efb2f0ee7bf911c
2026-02-06T11:20:44Z,0320u_,account.d5a684ac7fc347ee838eaad979e753b2
2026-02-06T11:20:44Z,Spring-_-96,account.e431af83080e4836832d5207cfa6a884
2026-02-06T11:20:44Z,ParTzAn-_-,account.91c8bb7e54bb4e49a7f04abeedfffc37
2026-02-06T11:20:44Z,y-z99,account.13871ccee7a242c293d02332f7475dce
2026-02-06T11:20:44Z,8956071333,account.e84af9f487ba42548c8945e8b6ec2501
2026-02-06T11:20:44Z,hxmy100,account.ba2c99cdfc374636955cd5cdf94aadd3
2026-02-06T11:20:44Z,TZY_kexi,account.54f1e965cff8470da5d621a6d8d69962
2026-02-06T11:20:44Z,LonelyofRoue,account.46c26019bcde42aabe25b3e330660726
2026-02-06T11:20:44Z,UT_Hou,account.57ad4b0ccb714dd5b358d8235ea91c6e
2026-02-06T11:20:44Z,AiHuhu-wu,account.873fd4402e814d549a5f797308eaa32f
2026-02-06T11:20:44Z,E-Sange,account.dc8ca9d0cc414a679e74efa0bed506b1
2026-02-06T11:20:44Z,KMJ-FULIU_0101,account.62f789def5374299951c3b86d2ba9700
2026-02-06T11:20:44Z,Za-Hui_8023,account.c8af01b8ca2d4e6fb931d6f48e74c923
2026-02-06T11:20:44Z,Tsic_,account.440fed56091042489a467680b86ee71b
2026-02-06T11:20:44Z,BaoBlitz,account.4d306e3cc0344c3f880fc8cef02a2eea
2026-02-06T11:20:44Z,RaytheonAthena,account.8dff3a3b67c4479497059b44b75aa5b4
2026-02-06T11:20:44Z,msj9999999999,account.9f8791e2acbe4a32b93eeb0962def29f
2026-02-06T11:20:44Z,520WIUFAES,account.bcbfd95c05eb4c68ab26ffab18eec87d
2026-02-06T11:20:44Z,BBBnidaye,account.bd6e8e7bbed44f6182492e1130d7a041
2026-02-06T11:20:44Z,ZYJ-93957426,account.c73c2c4163354a20ad0a4e64ec296a2a
2026-02-06T11:20:44Z,io5uo,account.5c895fb0239542eba8bc3c9a6bd2c980
2026-02-06T11:20:44Z,c-dhsqj,account.f82ab833504c49d7b6ecb4c88964c2dd
2026-02-06T11:20:44Z,Smyster_xx,account.9d7edb938dd242e19f90e1f8b716efef
2026-02-06T11:20:44Z,LH_meng,account.ac56b962eb6946c896ecf5052ab57234
2026-02-06T11:20:44Z,YPY-9527,account.2eb95e8c14ac4b0cb7fd3bf8e567d0e9
2026-02-06T11:20:44Z,baozituling,account.7dea0172ee414a39a9c6e524292b95bc
2026-02-06T11:20:44Z,gux3_-,account.86d7327348e244489f4cbdcf7fdbf91e
2026-02-06T11:20:44Z,oo544-_sgggggg,account.0ee3197cb5b946bda7095ce4ce8666c3
2026-02-06T11:20:44Z,Scorpio-H_,account.b26a49f7f1ba430f8c48af49b47a8233
2026-02-06T11:20:44Z,lixiansheng____,account.bae6d2431b5440d0acc23b42afc67f7f
2026-02-06T11:20:44Z,Rekindle96_-,account.9eb1ddb296b6401ea2143eee432ff83a
2026-02-06T11:20:44Z,OIdDriver_ShaoFu,account.ceabda621bbc444a803b61c1f4bd1156
2026-02-06T11:20:44Z,Yu2i_-,account.f36325ee0ab04a15a1943b06fe6466ff
2026-02-06T11:20:44Z,Alone118-,account.d71cfc9272ec4bfe840b3fd14b48ac17
2026-02-06T11:01:09Z,ATC--L,account.4cf0404a37a64cc3b4cfdddd1e6db9fc
2026-02-06T11:01:09Z,Tp-LINK_DAVE,account.ec6adedef47c425690c09570f68a3f36
2026-02-06T11:01:09Z,AiDouikun_JiGe,account.d9db018f11254df1903f91861986973f
2026-02-06T11:01:09Z,XMG_08,account.3928fa2336164cf6b4713ae36dc98a13
2026-02-06T11:01:09Z,BuYaoKuangBDaSha,account.27f02c191a6847a3a4973d8d1f472cfc
2026-02-06T11:01:09Z,Y-Prettyboy,account.0c31b77d709641888d315ea9ee6891df
2026-02-06T11:01:09Z,Alex_Champion,account.e6a53c9bf8144efc8a4890a4335a0f3d
2026-02-06T11:01:09Z,Sonw_www,account.a20ae2586fd946168a425595e95fe2db
2026-02-06T11:01:09Z,Crave-Zoote,account.90236d57411b408f8d6476df75f7723f
2026-02-06T11:01:09Z,Cai_ei,account.a4dedff5d25249c2ad534aeb70966232
2026-02-06T11:01:09Z,didid1_,account.f6d48ccee46a49caa44bec1a6abfd2dc
2026-02-06T11:01:09Z,Big_Vinegar,account.c54d74a500374257828a1eba12d0aed8
2026-02-06T11:01:09Z,wodnjsdlqkqh_,account.7509b571e6274217bd72d2b7cc1a5157
2026-02-06T11:01:09Z,ROG-RTX5090-GAME,account.ccc15b3c5dd0445da46f04fded5d91af
2026-02-06T11:01:09Z,AnaisxX_-,account.f810ace5b15945b4bff0488638b2e536
2026-02-06T11:01:09Z,kiki-koi,account.690726476f3945a08bf97289b864bfcb
2026-02-06T11:01:09Z,m1ngwangg_,account.25b9a4dc660e456496dc1603e0019dfd
2026-02-06T11:01:09Z,HeBi_XXXge,account.30c2304c5bc44054b6bcf89f97398f0c
2026-02-06T11:01:09Z,Cc1YeBa0fu_-,account.74fdd59c9cd94b258844dc3c0b5d5288
2026-02-06T11:01:09Z,Thought_YuanG,account.2bedef4a59914c56a3d4683742aa6ab0
2026-02-06T11:01:09Z,Nshun_,account.d956013130804a74a9a24a0a5f21a6bc
2026-02-06T11:01:09Z,FKLD-001,account.95336395266949bc88cf3ad4e5436fab
2026-02-06T11:01:09Z,zmqzmq1314,account.f0a2373423824f95b8de6a9bfe402b79
2026-02-06T11:01:09Z,YTTTTTTTTTTTTT7X,account.c4517331cfb44a7c8c1d6c08bc2a0e31
2026-02-06T11:01:09Z,Hai-----ou,account.809a218062124106b32de0a866134104
2026-02-06T11:01:09Z,lujunshiwoerz,account.5c42d1cc153045aaae5f9fdf48728568
2026-02-06T11:01:09Z,Kokecole49,account.061728c640004f17ad18d0546e1387a7
2026-02-06T11:01:09Z,LRRRRRRRRRRRRRRG,account.c254ce00098d408ab880f4e6449c52a2
2026-02-06T11:01:09Z,winnerhaoge,account.2a0ba76e0c354f2e9de245ca38caaec4
2026-02-06T11:01:09Z,9S-XX,account.89bfa2b6ef9e46aea444fa58b93e052d
2026-02-06T11:01:09Z,jjaanngg_star,account.d3519617a61a42198dd588854173695a
2026-02-06T11:01:09Z,9614_-winter,account.aed59927b1814783ba7ef385eeac0092
2026-02-06T11:01:09Z,1NONICS,account.a86de90f6f694640bd2baa9396b6113b
2026-02-06T11:01:09Z,SliencebreaK,account.5441c4414e8644638c37ae7308403384
2026-02-06T11:01:09Z,JianDan_YangQi,account.84e8a570bf714c648fd42cbe27841e7d
2026-02-06T11:01:09Z,Diao-ChaoTian,account.0f3b207644274f16a5483e7e319aa599
2026-02-06T11:01:09Z,cainiaoyaosharen,account.766a62faf05f4d6d80df241aba0e46f6
2026-02-06T11:01:09Z,XST_Eternal-donk,account.65a6afd48bea4fd1b560943c4d12b2d4
2026-02-06T11:01:09Z,zhangyazhang1,account.13ec243024404918990369e99e2b72de
2026-02-06T10:35:08Z,WM_BARGO,account.071c10c5232a404aab8b6d540f6ec66d
2026-02-06T10:35:08Z,G-DRAGON-SOON,account.f35c91b908c444db81855eee8ccc9ff5
2026-02-06T10:35:08Z,LOVE__2xiao5cai,account.6b87824571164e4b9b70bd9c6408840f
2026-02-06T10:35:08Z,XiHuanWeiPangMvM,account.0ad230b350704959ad680ab2029f42f4
2026-02-06T10:35:08Z,Iam_Pervert,account.bbfa26d932484096bc140f84e61d1c4b
2026-02-06T10:35:08Z,WM_HAN,account.0a4439f7166d4129a54ab38c4b2d6ef1
2026-02-06T10:35:08Z,ChenHui-0623,account.877c24ebd9b04a2a9cf073fb66106473
2026-02-06T10:35:08Z,MITHINNOM3,account.8c6c5ed81fe1478b900537f987b64155
2026-02-06T10:35:08Z,MM-_-69,account.cc399d0c017c4d8384f8a7947ef74ee8
2026-02-06T10:35:08Z,jmkO_O0612,account.51895b0f359d47dba2558069a4fbd240
2026-02-06T10:35:08Z,WM_SIN,account.a019e0a7726e4e5ea118bbd1c529f93a
2026-02-06T10:35:08Z,aOwOr,account.1d83349223c74d32aa7dc21018dd9163
2026-02-06T10:35:08Z,Avengers_Heixiu,account.83dfcbedb0b54a31bf19f0dafdaffc46
2026-02-06T10:35:08Z,Chzzk_MINOTV,account.c59a86ba378149f3afe0022c5186b0ac
2026-02-06T10:35:08Z,ukgga_ssibal,account.42884cb0be1042ccb6cbb8fa7aa6503f
2026-02-06T10:35:08Z,7-2025,account.35c747a12f2449fa847bdeb463f0ec52
2026-02-06T10:35:08Z,Moon_jihoon,account.02d4772889a44a7eb41da7d860a89d0c
2026-02-06T10:35:08Z,Z-W-Li-Shang-O_O,account.7d9cf1664a0d4b7294c7b61780d99212
2026-02-06T10:35:08Z,17_lu-yi-si,account.37bae9c1fe6b4e50b891c455d7a7d883
2026-02-06T10:35:08Z,XiHuanWeiPangNvH,account.533a8a1276014d0293da6793c0c82b4d
2026-02-06T10:35:08Z,WM_MEDUSA,account.1f404628c70048faa2af9feceef0f4f2
2026-02-06T10:35:08Z,Uz1zz,account.44424cdfbfa741fd9384d1a407bfef27
2026-02-06T10:35:08Z,BBBRabbiy,account.c121cda20cb347bb92c6b4fbf570f0ae
2026-02-06T10:35:08Z,WangTao-0304,account.5b452ed3f30045e48dfc7dcd206f0570
2026-02-06T10:35:08Z,Jiu_Yue_918,account.328589d8bbf847e58090c9f8cd0a8f3a
2026-02-06T10:35:08Z,KunLess-_,account.cc2a40de99f64f7ca08e0513ff34f572
2026-02-06T10:35:08Z,RED24180,account.11014d7091034d0096614416f85b925f
2026-02-06T10:35:08Z,slovememore,account.29214110afb34d85b3a82bdb6eec1c1f
2026-02-06T10:35:08Z,wlals3431,account.9a38adcf78cd4711b1747b5ea00dbf77
2026-02-06T09:27:41Z,PUBG-bigboy,account.51b7249e05f94692bf14811ca7d4c343
2026-02-06T09:27:41Z,NikkiRabbit,account.03e47b2f796f4803a0299ba733bbe4a3
2026-02-06T09:27:41Z,RTX-2080TI-SUPER,account.2bf67265abf24884b57f3a1600973436
2026-02-06T09:27:41Z,JIE0SEN----CHINA,account.33d1fa0e2a65415fa0d2ba716c21801d
2026-02-06T09:27:41Z,Edinburgh-F4,account.d535c7165a9a4cd6b8ffa44cbfe37a7b
2026-02-06T09:27:41Z,Mowang-wei_-,account.d42b75d074b0485eb88666cf4d246924
2026-02-06T09:27:41Z,AiSanlpo,account.e0001160465042ad8168ba380f94c37a
2026-02-06T09:27:41Z,guozengliang,account.4ad49a02e7c24bde89d617164c193de9
2026-02-06T09:27:41Z,Sorong-_v,account.99724dbd3a034abe95b3546d95a24e3f
2026-02-06T09:27:41Z,Armani-LLX,account.0da370b9a662467b9b84e05976777d06
2026-02-06T09:27:41Z,Crazy_QLZ,account.fe74f408b4104f48ad317f8797a57df7
2026-02-06T09:27:41Z,Deey-_,account.4f80bff4933840f3a6417280dbffc639
2026-02-06T09:27:41Z,swanJ,account.8b8c9079236c4a638e3ef4944af89e13
2026-02-06T09:27:41Z,sherlooock,account.bffc902b17b249b6a2bc19630ef0a9b2
2026-02-06T09:27:41Z,77zdan,account.41410d37905140158f9152212ff577ad
2026-02-06T09:27:41Z,Rou-Ni-Nai-Zi-_-,account.9463b19da5dd42f9bdedb0cd092daa92
2026-02-06T09:27:41Z,4am-chao-fan,account.88a882f2b7b444f691542531ef99e623
2026-02-06T09:27:41Z,Xx_Guts,account.eef0972f2d17429ab10699170b099ead
2026-02-06T09:27:41Z,55Ljj_-,account.9c49de0bd4a040e7a181c63037941519
2026-02-06T09:27:41Z,WoshiOhGun,account.928a5cb2270245b688f8986e5a6d5ff1
2026-02-06T09:27:41Z,head__2tap,account.0356c71c1b9a41578cc7477261d71cf8
2026-02-06T09:27:41Z,i8_Aming,account.0f7766c9d68a4205bec1d8c4f1eed122
2026-02-06T09:27:41Z,miM1_1978,account.8e0086a901714e188e6dbf8f19f208b6
2026-02-06T09:27:41Z,Pur_Monster,account.b4800fe3c5a64ff6ac4f13de8fe69d6a
2026-02-06T09:27:41Z,Chillax-_,account.d7d3af40efeb49aeba9d291b542aefb2
2026-02-06T09:27:41Z,SSSS2SSSSS2SSS,account.038b0d2fc748494280c55393efc1b2a2
2026-02-06T09:27:41Z,NOW_dolsi,account.9c4c24dca3fc4d98be03ecb20b8d0d87
2026-02-06T09:27:41Z,Timeless-secret,account.d8d1fcbc6d6a4e5f890b19c240203091
2026-02-06T09:27:41Z,hhbrnm,account.e5741e4bb39342b48e9079e785f786ed
2026-02-06T09:27:41Z,YK00TT,account.c99181154d1b4be2b2530ed3830f5792
2026-02-06T09:27:41Z,ZhuGangLieGG,account.da68d3b4c0874cde90acdbcb2a8dd706
2026-02-06T09:27:41Z,Neimenggu_TL,account.66b1f22ff7054aa4989c42d1bad2a832
2026-02-06T09:27:41Z,meitiandounage,account.e1e9e59c6f914cd58b7addd616613f4e
2026-02-06T09:27:41Z,A1erted,account.2f27f98afbda408ab5c383c9bc4dbf32
2026-02-06T09:27:41Z,yixun999,account.8e6a5c0db28f46c0a6544e2900f51a46
2026-02-06T08:45:38Z,terry_014,account.add80cf73efd4398866c0decfe034ce6
2026-02-06T08:45:38Z,dasisuoyTV,account.b95436372cb345fe9b669b207aa12394
2026-02-06T08:45:38Z,N-B-Xiao-Huo-zi,account.265743ad50fc4728948f737dc80ee650
2026-02-06T08:45:38Z,AHQ666666666,account.e3f42f4c9e224f86a0f8bf960056c4df
2026-02-06T08:45:38Z,nanmeng98,account.cb72e4b7750945c6948ba845ca41bfc6
2026-02-06T08:45:38Z,qpalzmsk,account.0061810d7ebc472384edec29bf4ed776
2026-02-06T08:45:38Z,RASH_ToTGGBond,account.3bd3ac6334f043a39a8500c376da5422
2026-02-06T08:45:38Z,MaDou-AiLiuBing,account.33baf0703dcd4e2988709c562820cb17
2026-02-06T08:45:38Z,VotopDevo,account.21fe52f30b694737a7eaa69fa3730cdb
2026-02-06T08:45:38Z,B-IEPAO111,account.798d0df093494deba5ca0f6d38973ada
2026-02-06T08:45:38Z,XC-dbd,account.1180ea753b1f4bce835c7dd9e5b91bdf
2026-02-06T08:45:38Z,RS-ChenRui_-,account.f89d2277b33f468e9acfbf19337d667b
2026-02-06T08:45:38Z,SharkChili-QAQ,account.8c2e603e66614c869c71d6725b0fbcad
2026-02-06T08:45:38Z,g5LBB,account.adf38e8627ca47b38522e2217d6a4f88
2026-02-06T08:45:38Z,Robot718,account.491712e0cc6647f8b652a60ff5f0068d
2026-02-06T08:45:38Z,illililliillli,account.3f50bb7a294a423ca3737cd55bd46919
2026-02-06T08:45:38Z,ililliililllii,account.abb9192e27514c2f947b805ad7916cc3
2026-02-06T08:45:38Z,SQ102813,account.dc846846659146c08253822433260639
2026-02-06T08:45:38Z,classmatenanmu_-,account.38b044a826d044c8aba5348280cd5278
2026-02-06T08:45:38Z,Svip-GGwd,account.484aa0a7757e4ede9ef6ce58be4ea512
2026-02-06T08:45:38Z,DiesV,account.e8bf5ca14909426c81b8faef2940853c
2026-02-06T08:45:38Z,Nuclear-_-,account.ff0fa07b3e3f46f4970375500f1d7f4a
2026-02-06T08:45:38Z,ShunL_u,account.fdd8776aa4fb48b3a2ec171de955a8f5
2026-02-06T08:45:38Z,y0deI,account.c541208c9c7c4bad9d3e80256bd4fb7f
2026-02-06T08:45:38Z,NyWiiay0927,account.db2677690a924a73b1f6a86aaf01a164
2026-02-06T08:45:38Z,1_Lanmao,account.f70fbda148ff4f0e940cf74bde424254
2026-02-06T08:45:38Z,Jinx--Yang,account.9b5a82ab392942658166f2c45eae1d1e
2026-02-06T08:45:38Z,daho_vV,account.21c1f8b9508b44b2b0cad0b76bb65e6e
2026-02-06T08:45:38Z,muyou1456,account.457132ee5ac0488cbab0b800b2375a4f
2026-02-06T08:45:38Z,Cats_Friends,account.dcadec6c029f4cae9ed42e1f8941644a
2026-02-06T08:45:38Z,Douyin_007yo,account.44ebd033957f45d6a9b7e1dd3ba689bb
2026-02-06T08:45:38Z,Peiter_,account.5f5a00cbde504f3a86b9e70bbd8dd3df
2026-02-06T08:45:38Z,rlarnsqka_-,account.0dd45580780347598cce4e1db586983d
2026-02-06T08:45:38Z,Jieger_-91,account.46a83633a0c14c2eaa285ed549ba25c6
2026-02-06T08:45:38Z,YmeS_YunBB_-,account.7ca677bc629e49a0a9c75438c27ab707
2026-02-06T08:45:38Z,b1eAmmH,account.e4a3d06bcc7e46e8bc0df6dc49633694
2026-02-06T08:45:38Z,pig1cal_98,account.580b40bc028a463a8d24316417601cae
2026-02-06T08:45:38Z,Sugar5weet,account.3d1c05a8e0a049549a9bc2a1378f9b1f
2026-02-06T08:45:38Z,Crazy--Chong,account.e75eee9b74494c00ac9f96fb4962439d
2026-02-08T03:32:21Z,jiNiTaiMei__QAQ,account.2769cc319f70453cb1479070aef9887d
2026-02-08T03:32:21Z,1NCHE0N_,account.b816dd35069f46118ae0e1e2a0eeddcd
2026-02-08T03:32:21Z,W-FanFan,account.78b8bd02d9ad49638918f2d9ae39c76e
2026-02-08T03:32:21Z,hy2seung,account.6bf43589a9e045f8b86d04bc10f000a7
2026-02-08T03:32:21Z,DG_INONIX,account.081b5c4908184352aeae7e72e11877b3
2026-02-08T03:32:21Z,NX-FreeDiallo,account.a7f8796e078c41e28745abb195604750
2026-02-08T03:32:21Z,liang564500,account.7bf6afbbf4f44e56b91e29240872232c
2026-02-08T03:32:21Z,xiangju2024404,account.ba690bcd211644b9b145b5ba413908ee
2026-02-08T03:32:21Z,Nmg_Ctl118,account.ef1801dc55534a09908ff032b04a34b5
2026-02-08T03:32:21Z,simorlll,account.d1b7104d780445889be3e0171be2eebd
2026-02-08T03:32:21Z,2022_4_11,account.f08a8a5660584a72bcf2e109bc79823f
2026-02-08T03:32:21Z,Ilikeapple1996,account.6ce46ae911464a6796f53c092cab36a8
2026-02-08T03:32:21Z,Cate777,account.da51a9cf32c04c1bb535feac8a1be996
2026-02-08T03:32:21Z,XXzhenTMshuai,account.9fd6675f91a642b99eb636fa8e1e09b6
2026-02-08T03:32:21Z,RadGoblin,account.c9a78ba203a84bdb956a189f05c9ecbd
2026-02-08T03:32:21Z,Noillusion-,account.05d0278058f04ba48172d32ba6a9828c
2026-02-08T03:32:21Z,blessMM,account.95c9f576013c403fa3134c35ec8df2ad
2026-02-08T03:32:21Z,SPA_JS666,account.9974c2c7da5d4e3ca936e28695381a33
2026-02-08T03:32:21Z,OptimusPrimeLLZ,account.6089df0ec17c4bbfbc5bba02350bcf50
2026-02-08T03:32:21Z,CH_fxxk,account.69198e5a77d54c1381a560add0add37d
2026-02-08T03:32:21Z,Hu_310,account.0f424e01965143cb9458a085fd5b2df0
2026-02-08T03:32:21Z,YoukissBaBa,account.a45d4b21a3504ff489cb01874f33bc24
2026-02-08T03:32:21Z,Mr_Cui---1998,account.fb43c830332d48fea835b2b5e5c6f3e3
2026-02-08T03:32:21Z,Fanta__Orange,account.a1557098320d4ab4a61848ab8d13896a
2026-02-08T03:32:21Z,948521,account.7c9ad9a0c8be4addbe1949b64d89aeb5
2026-02-08T03:32:21Z,PeaSister,account.2ceb857e43264197b27625e34a24643f
2026-02-08T03:32:21Z,Super---Sc,account.d1d82d0b90c64008933c44ca95037de7
2026-02-08T03:32:21Z,China-No-520,account.98e1e75baf4c408daa333647510eac50
2026-02-08T03:32:21Z,XIAOCUI0-0,account.e10cb9c0d22947dbbe1b272c34fdca7c
2026-02-08T03:32:21Z,MrGuan,account.c7586d8fbe754bf38f13b8c3384b66ff
2026-02-08T03:32:21Z,xkrajaj,account.14db66121be54b12b56e3abb95365fc6
2026-02-08T03:32:21Z,AI-TaoziO,account.0bd36669a65642e9b0762572e24ee243
2026-02-08T03:32:21Z,MuZ1Plum,account.cadb255f45f945b7a9b891c8799b318b
2026-02-08T03:32:21Z,with1nk,account.1b290ce903834c09872711c859a3640d
2026-02-08T03:32:21Z,RedDevil_Eternal,account.28029ac5675347c5b85fbd05568c1890
2026-02-08T03:32:21Z,MyAurora-_-,account.31914a35db9643b5b75a68237a2b2a9a
2026-02-08T03:32:21Z,JunhyPlayer,account.75ee5bf8446a4e938e301240633b5358
2026-02-06T20:32:28Z,JiangXiaoYu-_-ai,account.b89b419f60a849e38504bc9189c3c60e
2026-02-06T20:32:28Z,QAD-Dlla,account.2923512ce5cf4ae391d01f2bd05a9878
2026-02-06T20:32:28Z,XSBN-0007,account.71e45c60e71b49f9aa2d447d67aaf995
2026-02-06T20:32:28Z,Nidemingz1_,account.2160c9c9beb646ca99f93834fada5711
2026-02-06T20:32:28Z,SunYyTt77,account.a0bfda8bafa0498690073160ff4f519a
2026-02-06T20:32:28Z,J765,account.abd5314e714b429b840bdf413d084a47
2026-02-06T20:32:28Z,LspJdAh_,account.180af5ee4b8e4038bea8c3de58bc1878
2026-02-06T20:32:28Z,EastJay,account.22ed8cf6b24f4331833930ff9ab0c516
2026-02-06T20:32:28Z,Wang-Xiong_0938,account.0d4814dd33ec4f97b0a131defea07593
2026-02-06T20:32:28Z,KIDSR,account.60479c5e60b4435492a68f7a4b59f304
2026-02-06T20:32:28Z,JiaoWoZzzGe-,account.9a6ee548cd33453cb0e590f1e7d2736b
2026-02-06T20:32:28Z,HuaZ1-999,account.285d40f8c16a434e9300e632fbcbff38
2026-02-06T20:32:28Z,8Lo1,account.33e62cb27d1e4f5b8d9c686806160860
2026-02-06T20:32:28Z,skyARm,account.e8f32d168a74457aa3b95de9c46b523e
2026-02-06T20:32:28Z,V50_QinQinZui,account.8fa2236301014b6daafbbb54f8efb4a2
2026-02-06T20:32:28Z,cjxk1ng,account.4254499f773e476880b3127e0ddc8c29
2026-02-06T20:32:28Z,ANGEIwg,account.64cf1a1957c441959f242ea1390eb336
2026-02-06T20:32:28Z,T0p1-_K,account.db8e407e1aa5442c9cc15201edbf76fb
2026-02-06T20:32:28Z,GongYi-Jik,account.68af3f05c4f04b52b0b65d5320db7093
2026-02-06T20:32:28Z,TDH_Daxiong168,account.ee6157dea5254da4a6a19d8cfd5cc774
2026-02-06T20:32:28Z,TAI-yang-G,account.924e58296fde413e997dcb5d25cb5b63
2026-02-06T20:32:28Z,iaLe935,account.2453d7e17ae24f95bfb3d11256dcdd0a
2026-02-06T20:32:28Z,KONG7746,account.182d8225214643ac9c909b71300376f3
2026-02-06T20:32:28Z,chenyan1112,account.501559124bcc4f01bbf432d9a157963e
2026-02-06T20:32:28Z,TwentyOneJH,account.19f1c2e4a3314dc8833dae7a8d1e9b97
2026-02-06T20:32:28Z,BOY-IlIlIl,account.0ae1dbbfaab84b0dace5abef3103d6bb
2026-02-06T20:32:28Z,buruizwe,account.3db3ba3e60994354b9616b89ad3347fb
2026-02-06T20:32:28Z,3----YuanShan,account.8c9e3a9e8cf94ac4be169b7de0f77da8
2026-02-06T20:32:28Z,Wuuu-1990,account.b169150511e0446a8df3aa9bd32a94b8
2026-02-06T20:32:28Z,QIAO-ZQ1996,account.e81db718ec994c8e99633829bb3965ce
2026-02-06T20:32:28Z,HiramRGalbraith,account.eaef0875ce9142059cb04e0cdbb2e607
2026-02-06T20:32:28Z,bugaox1ng-,account.550e0bc8d53245fe9a949138889add63
2026-02-06T20:32:28Z,LspJdAy_,account.388bf1509bb047438bf3f812903d1c0c
2026-02-06T20:32:28Z,XUYULEN,account.6b3e824f5a824ed7a6c5d7873275abc0
2026-02-06T20:05:37Z,BNTHKF,account.f6122b930ecc4d08a4b94243f98b8c27
2026-02-06T20:05:37Z,O_-Beer,account.d84ebb5c28c8420391bed7fed4131d83
2026-02-06T20:05:37Z,So_Tuique-,account.5296dadca0cd4661b6f75720980dedb8
2026-02-06T20:05:37Z,Im-guage778,account.e76c3850dc634ec69a492502489e63fe
2026-02-06T20:05:37Z,Aegis13,account.bdcabc58fd1044c4bd6dc0e32387a708
2026-02-06T20:05:37Z,OuYangNanNing,account.9868a8f0c77b4e20839c4381fab5151d
2026-02-06T20:05:37Z,Mechanic-Bishop,account.f04d646742a54c7b9a70ee144ea27068
2026-02-06T20:05:37Z,X1aoT1an11,account.4426cf033db94d2b9b55496942ca908d
2026-02-06T20:05:37Z,lllIIlIllllIl,account.3ac506b90c4e4732950ebbf0bd72eafc
2026-02-06T20:05:37Z,AmriuX--,account.7f6ed5dae62a4df185ee7b8989e84bdb
2026-02-06T20:05:37Z,Tempted_Ysf,account.e5678196b7344e148bd0d8ce2b1e5dde
2026-02-06T20:05:37Z,Gz_wX1Aoo,account.8020878801464d0f987069284353a957
2026-02-06T20:05:37Z,5T3m1HKt7iYCVl,account.68a10c4bb7d34dc58a08f72782b0411f
2026-02-06T20:05:37Z,YQWDUANG,account.935e8249215443d98dc2778c44017ce1
2026-02-06T20:05:37Z,777__GH,account.2da09212c47d4eeaa4f101d8f56fbecc
2026-02-06T20:05:37Z,RuoFengi_-,account.32b094c254c247aa84d39b252b24d0a0
2026-02-06T20:05:37Z,Max_laoji,account.56cf6eeb16df4c38ba98bd488fb3e957
2026-02-06T20:05:37Z,gosuRddo,account.37562740b97d41e68511bf2267454f72
2026-02-06T20:05:37Z,U-DIDA-DIDA-ME,account.a9fd1c8c7d6d475b8289c468140f8754
2026-02-06T20:05:37Z,YuFKwjcMM,account.4b1de9e357ee41768d5179981359e6b7
2026-02-06T20:05:37Z,Brave_LaBuBu,account.cdea14ffb6df4caaac3eb4b01df7b5de
2026-02-06T20:05:37Z,FshNb_,account.b9bd2bd5bc174eec917e19372ba6f3a4
2026-02-06T20:05:37Z,Magicboys_,account.85e2710609694104a2b9b2f4f296175b
2026-02-06T20:05:37Z,HetXc_ss,account.244bef69ca6c408cb059047949bf5903
2026-02-06T20:05:37Z,DAOWOWANNILAI_,account.5ca325d5ecf04618aac36df821351b66
2026-02-06T20:05:37Z,JPwarrior,account.2fd9957bca294e35a1ba25a83c0ac535
2026-02-06T20:05:37Z,DaBoLuo_XX,account.15511ea3d7334e81860bf46048b62f07
2026-02-06T20:05:37Z,yzhwbhnn,account.36b859cb69134d498ef59b4d8b979e4e
2026-02-06T20:05:37Z,Vite_8c,account.8da0be3428d844ae985cabf26fb1c4e5
2026-02-06T20:05:37Z,FJMUSIC,account.2bee407cae8040e98c6b1dcaf7a0027e
2026-02-06T20:05:37Z,Plant_C,account.5e7c82f2c5a04eec8709e8d98e43308a
2026-02-06T20:05:37Z,kyul2_2,account.88ee79df98bb417e86c2be1daef47e13
2026-02-06T20:05:37Z,23cmdajiba,account.11b50ef2767f4c62ab66e269be685953
2026-02-06T20:05:37Z,MICHAEL250925,account.b529149eb9364541bb525c5b6d1d40ed
2026-02-06T20:05:37Z,XJ-TaXiLang,account.b7721b89165b4040a744c32900d8aae2
2026-02-06T20:05:37Z,hanpu00,account.867537d0dbac4510b6552cd2e52440eb
2026-02-06T20:05:37Z,XinAJ_LiangZ,account.0576c275174942f0a0b062a5cf93d787
2026-02-06T20:05:37Z,S2_React_00,account.a88611c9278f4d999eede6e3c8561c0b
2026-02-06T20:05:37Z,ERGGC09,account.4f8c9bed57ae49aaaa4e9d4ced939e75
2026-02-06T20:05:37Z,Lzyii_,account.cf97390072a04a3b9657ef4758061900
2026-02-06T19:41:10Z,WanJi-Audrey,account.0b5bc3021bcd4d3d90587e9742ee6e04
2026-02-06T19:41:10Z,deft1_-,account.ce7847fa821b4e779a5ac47937b72069
2026-02-06T19:41:10Z,Y1986_,account.76273ad0a5634510a0515fec88eb6574
2026-02-06T19:41:10Z,Uproar_-,account.905fa48481b04cb591bf696ec7462702
2026-02-06T19:41:10Z,FU2K-UP,account.0a4248b3cb6a4a8ab945abfe196a6cdf
2026-02-06T19:41:10Z,VX_HYUN_-,account.48be1005478742deb971075bd916b5d9
2026-02-06T19:41:10Z,l8or,account.14bbec67fb8a4eb789b9c5b1bc6e0ef1
2026-02-06T19:41:10Z,LandCruiser0,account.f8bf810f9acb4173a293aaccf967ec97
2026-02-06T19:41:10Z,iluvboyoung,account.5e821cf017404838b747f8c4bbb50ece
2026-02-06T19:41:10Z,l4or,account.d3a1cd3b290d4789957e34505946580a
2026-02-06T19:41:10Z,LaoXu_OMG,account.b06755363f4348b892767d79b650931b
2026-02-06T19:41:10Z,666w-min,account.0c4e8947070a46ada01e81d987200e1a
2026-02-06T19:41:10Z,0929is_-,account.dd3b70358ae64a56aee6d010e56cb563
2026-02-06T19:41:10Z,9605ix_-,account.d18796417dc94a538510f5d6e3830528
2026-02-06T19:41:10Z,Tonmorrow,account.5e396115c4df4eb89f699a497bd5936e
2026-02-06T19:41:10Z,4urLov3-,account.91d047bcb9154929a5e3bb9d6a9e32e9
2026-02-06T19:41:10Z,BBOOOOOOOOOONG-,account.03437364ecf245cfa89a8a40f7541473
2026-02-06T19:41:10Z,A_sri_,account.928dc56879004e018644b9dcfd6daafd
2026-02-06T19:41:10Z,RASH_fuzz,account.15b5f352a7124f10b2b0ba015051e0d0
2026-02-06T19:41:10Z,WithHug,account.d7869d6499264f5f8cdea305a647dfc1
2026-02-06T19:41:10Z,VX_Tyrannosaurus,account.e0c5d76420f94fc1a427d3a9838a5e2e
2026-02-06T19:41:10Z,l9or,account.c1605f367b0f4f2e981acf5c3f4e012f
2026-02-06T19:41:10Z,c9k1,account.df8183146e084ee786ea5665afdcc8be
2026-02-06T19:41:10Z,i7er-,account.f2a4b3d84cdf44989aa5674d6c55e3ab
2026-02-06T19:41:10Z,DWG_MYway,account.430b481799b84b5289890df8ee92cb3e
2026-02-06T19:41:10Z,Jun20_Z,account.aa7a720b0621417488f56f00672a678b
2026-02-06T19:41:10Z,14K_HaoYang,account.2e8c351b0bf04e8abcacfe5f0b9d775e
2026-02-06T19:41:10Z,hEyComE-Ts,account.4e42263fa3324bc08d6c8e0f249548a8
2026-02-06T19:41:10Z,Nevvcode,account.481a5a05ad1641548e83dca449dabe70
2026-02-06T19:41:10Z,GenG_Chelator,account.772b7981e4934f208b8bece25b850e4f
2026-02-06T19:41:10Z,sBdczf545,account.f2656112953b48a58869479396ba1431
2026-02-06T19:41:10Z,T1-_Seven,account.9670fdb732ff4b869a31664a4944f52f
2026-02-06T19:41:10Z,Luo-luo-qiu-tong,account.8923cbc2f77b499881812f13415505f5
2026-02-06T19:41:10Z,INAH-YZVIK,account.3d53caa859b14a0da1a2fc6cd2b1f3fe
2026-02-06T19:41:10Z,C9-Zyz,account.ea1af082d76a41209d02d52b9e8ffe6c
2026-02-06T19:15:56Z,rimimii,account.6da1ea8adf6b4103b37fa4c48f1a5c2a
2026-02-06T19:15:56Z,Kv_SiberianWoLF,account.1e623be98e33440fad97ae1b4ef62c98
2026-02-06T19:15:56Z,ii-Aj1Ngg,account.9ed11d146f2c4a49a8e43436f3d25bd4
2026-02-06T19:15:56Z,Rose_Seven7,account.80b90a5d54f54e2fabf3e6e156990401
2026-02-06T19:15:56Z,lutxkill,account.9bafcffd2c834726820586ab96ef4ab3
2026-02-06T19:15:56Z,yukiko_x,account.542bfd900cdd4a59aacc99fb61d706bb
2026-02-06T19:15:56Z,RASH-0066,account.b019c2cf96bd4ed3a75207206f7fbc26
2026-02-06T19:15:56Z,Tree-Two,account.db170c572e4a42e9995138bc07025e63
2026-02-06T19:15:56Z,Youcan_trustme,account.ff32a7cf9c02457f9916210b3c7d37d3
2026-02-06T19:15:56Z,meolkkorabono,account.2693766f6e8c4dd7b7de7371ff78600e
2026-02-06T19:15:56Z,S2_Konatsu,account.72a8fa45bb9d4db08d6026629c61cb42
2026-02-06T19:15:56Z,7iu1-,account.0e0fb1d41bca4ac5a63a245eecef69f1
2026-02-06T19:15:56Z,12234322,account.4b8ddf1c4c1749ada161812a3b2fcedf
2026-02-06T19:15:56Z,Taehani,account.ec07968159f5419babf7cf867efb1136
2026-02-06T19:15:56Z,Mignon_0_0_,account.89381f9112804c23aba96357ed9ba1b4
2026-02-06T19:15:56Z,i0218-_-,account.16de63cf721b474cbd2328f1c5fb1df3
2026-02-06T19:15:56Z,YeooBao,account.07a321847696453c98702b63b6410e69
2026-02-06T19:15:56Z,a_z1991_911,account.88b46868be214510a85724d482285ae5
2026-02-06T19:15:56Z,xungxk,account.a9dc33540c4d457287ec1ebf819997ce
2026-02-06T19:15:56Z,Amo1212,account.5bf7be2cdbd943bbabc55087916ad6c5
2026-02-06T19:15:56Z,lliiillliilllill,account.ef24d797e5504cfab01044cf822b8f60
2026-02-06T19:15:56Z,KR___Wild_Stripe,account.b9ed45d360f246ee839d8bb5cb871473
2026-02-06T19:15:56Z,Abooo-_,account.121982a22713453889a9df4288a9b681
2026-02-06T19:15:56Z,ii-LiZhi,account.84c904154ed44a35b8404d33f40de6da
2026-02-06T19:15:56Z,JianMuBaBa,account.afd1c0d1b64d4672bd1b1bc701cea7da
2026-02-06T19:15:56Z,Salutian,account.55f7357c2ca9440bb7f6d4ac080b26d8
2026-02-06T19:15:56Z,K_8T888888SS,account.5b1965798b534268983f9e779ce603c3
2026-02-06T19:15:56Z,XX-KK000,account.e352ab05efe5432aa8880acf9bf5ba33
2026-02-06T19:15:56Z,matao6868,account.18a1c1ce9dde44b29ecc6527a5efe0f0
2026-02-06T19:15:56Z,seyt-_-,account.b8a9e93aad294468ba6af5afe8ac3b14
2026-02-06T19:15:56Z,goaryun_no1,account.04e85a6f27f44c85b3da408d127a4cdb
2026-02-06T19:15:56Z,sweet-cakeQAQ,account.ef5a56841a6647539d0db507297232cd
2026-02-06T19:15:56Z,JieRui_009,account.8b10ea3f2d77466b9f82a90fac88cbd0
2026-02-06T19:15:56Z,6230-,account.ec46dfdab71548ff888502db05647870
2026-02-06T19:15:56Z,isSsshu,account.97a603c7693a437593728e35de9584bf
2026-02-06T19:15:56Z,CAI-XU-KUN-KUN,account.fbf2d5e7ef8f41e78e72ae34bbda4692
2026-02-06T19:15:56Z,CCCCCCCCCCCC_G_T,account.7dff6ea501f34f7893f1761f5aefd9bb
2026-02-06T19:15:56Z,xyk-hy,account.8654ff200f23406a8605ca2919088cf7
2026-02-06T19:15:56Z,ii-AiLvgg,account.35d99670a32c491e80bcf52830cf4123
2026-02-06T19:15:56Z,Yanchi-YF,account.aa437df768c044eda38176f6cce88e9f
2026-02-06T19:15:56Z,7ikw,account.048df5d1c5f0428d876733c785f0c823
2026-02-06T19:15:56Z,CXK_DaHeiZi,account.ed5ece704f67429fb78c1feee32d9d47
2026-02-06T19:07:48Z,LoD1nG_-,account.2686b7621a0c436f980046a7ab28bee0
2026-02-06T19:07:48Z,XueLuo_sososo-,account.1c579e084d8741c7904433eb2d1799cb
2026-02-06T19:07:48Z,beihan798,account.3f6c6001d7eb46d582598b53e92798b1
2026-02-06T19:07:48Z,lailelaobao,account.c3fa1fccfb674c74badc99cb9514bc83
2026-02-06T19:07:48Z,Kuikui0903,account.ab61006c3e434374af0d9dad50b01050
2026-02-06T19:07:48Z,CanMena_PW,account.33f5911e7b2141a2becf13ee67b1d2d7
2026-02-06T19:07:48Z,DouYin_KeYi,account.3e70901a979c4a71a8d6bc9721b37a17
2026-02-06T19:07:48Z,Youbin_-,account.3e96180ee270428d8fc4a9eb93312711
2026-02-06T19:07:48Z,Tium6216,account.605f6acce42f4c709853d0b99cb34835
2026-02-06T19:07:48Z,CHENCHEN7o7,account.a2ca607c5dd347818df11039577f894b
2026-02-06T19:07:48Z,wuwith,account.21ec03e317c94320a1d0e81c3687a7a5
2026-02-06T19:07:48Z,ZouX1n_-,account.e8b8313606004ba7aa1c75b3e46cd016
2026-02-06T19:07:48Z,Ayuan-_-9527,account.6e7cb2c426184520896b0522c664d3cc
2026-02-06T19:07:48Z,meCcc_,account.f92fd2b3e45348e2b60de4095c12c77b
2026-02-06T19:07:48Z,RPG-C01,account.51d6486755ee4978b56ad55879e14f8e
2026-02-06T19:07:48Z,Qi7Babyz,account.71ed46580f174d8a9cbb59d0caf21379
2026-02-06T19:07:48Z,Yisheng696,account.c70a99dc762a4698bda8b9ab2ac0ed07
2026-02-06T19:07:48Z,RASH_Sggg,account.f0f546e9a0d04b1692b368c0810f7978
2026-02-06T19:07:48Z,tangfuchuan1,account.5dbcca37b31f4cbb80c54d403eef68de
2026-02-06T19:07:48Z,Zippo_JJ,account.bdf94b55b3dd4b5f898203d26985d3ce
2026-02-06T19:07:48Z,Gi77_-,account.502cb99113554cab93435f50fd135bde
2026-02-06T19:07:48Z,RackGeun,account.34e7599f9f7c4481ab9486249b6203c7
2026-02-06T19:07:48Z,HaohanRaoming_TG,account.db646ba014db48a28412e6fdc023cad7
2026-02-06T19:07:48Z,MK47DARENHENTENG,account.fc3196ebae6b44bd8a34f21972ddf010
2026-02-06T19:07:48Z,KoreanSniperSong,account.b8d9225f7a5040f597cc2afb4328701b
2026-02-06T19:07:48Z,TendernessZr,account.ebf486e83e314ac4933d9613334a070d
2026-02-06T19:07:48Z,GBSMGBSM,account.a6956e32c9794a8db7c354e7914c6118
2026-02-06T19:07:48Z,4amqiu1,account.4023c4669fc741ebbf4642556d580b80
2026-02-06T19:07:48Z,WanWanYo-,account.29b3286cfa50435eb3baeb425c2216f8
2026-02-06T19:07:48Z,zxj567,account.df33d556b6ce4d369b5377997dbb4868
2026-02-06T19:07:48Z,Fy--akang,account.a71943dbbee2462a8dc6bb28bebde960
2026-02-06T19:07:48Z,G-Diu,account.bedb2d5f51f0469685ce1a5aae6fd585
2026-02-06T19:07:48Z,FIFI_SI,account.30e38bfa592142839e4eda0ab2197d4d
2026-02-06T19:07:48Z,Yun_Lan_,account.64473f02aa794e29a7a83d69056ce5b3
2026-02-10T15:10:56Z,Ancony_freak7878,account.e438cfa1b1e84a44a3f565eb915591c9
2026-02-10T15:10:56Z,Navi_yamu,account.4790dc28baf143e69eb5d40af40ed12a
2026-02-10T15:10:56Z,80668,account.b2f6726864644f2589ce903475b20a58
2026-02-10T15:10:56Z,D925_-,account.cf879dfd82c34e85b2efd4c6bf8894c8
2026-02-10T15:10:56Z,Promide-P,account.0185f64016f04f34acc0e3e8afdd5f88
2026-02-10T15:10:56Z,Sarao-o,account.0a2334a8f0364ecfba3787f1205f449b
2026-02-10T15:10:56Z,3dao1ge,account.80947e393b324195a88effb372d13974
2026-02-10T15:10:56Z,LIANGKELEI11,account.e8bc75ca85c74c48bf297d97e6f7116e
2026-02-10T15:10:56Z,GB_DIWU45,account.a3a20dfb08c74d91a172eacb7861de4b
2026-02-10T15:10:56Z,shan-6235,account.425bd5b80152406a802126b848fe0dfe
2026-02-10T15:10:56Z,1oEo-_,account.8de6e4ee61064a6ab4d09db080313288
2026-02-10T15:10:56Z,ROD_Qw1ko,account.f39e3d4960f24ef4994ab4f4ef545421
2026-02-10T15:10:56Z,BEHKN9,account.9278bb5c809948b185978c48e123b114
2026-02-10T15:10:56Z,SAK-ssss,account.89c7307e4a9c4a58831ac6c70c747440
2026-02-10T15:10:56Z,tongtongya012,account.dbef0662dee94b3e846c772e0b31841b
2026-02-10T15:10:56Z,E99six,account.34e9511f3fb340ffa255aa08a823d068
2026-02-10T15:10:56Z,Fautisn,account.89adf5d57771490c89e0dcfc2fc78861
2026-02-10T15:10:56Z,niyeye101010,account.5a937694840b443a92ac3fb3293beabc
2026-02-10T15:10:56Z,Huang__G,account.3ba67944ffe84b50a6e6d665d3211fb1
2026-02-10T15:10:56Z,yG1N,account.d44cf731996b48949b1c0c011336b6c3
2026-02-10T15:10:56Z,IceFrogs,account.933597d6cf0b429fb8935e226689cfb7
2026-02-10T15:10:56Z,nidaye101010,account.f4412952c69f44cda93d7414b49ab995
2026-02-10T15:10:56Z,KR_MiChinNum,account.38ccf2289dd7427c868dcfc34f26c83f
2026-02-10T15:10:56Z,CQ_Q_Q,account.3412a70baf1243328a0c028baa9d8c40
2026-02-10T15:10:56Z,Submergesd,account.a2d7e10bb699416e9525ec726f207822
2026-02-10T15:10:56Z,ikun-CXK-085,account.761dcaaa220143499a85452015f22719
2026-02-10T15:10:56Z,LRyouli,account.47d6f1cd59a746c8b488231705ab3add
2026-02-10T15:10:56Z,lang-da-ge,account.ba19676a741e46e5ba387b4c240407bd
2026-02-10T15:10:56Z,F517_-,account.30ba702b10944b04a979af0f8f6ca567
2026-02-10T15:10:56Z,GuiXiaTianWo-DJB,account.cec6fd86c386465798e09187edbea58f
2026-02-10T15:10:56Z,wcy1256,account.a5be3a7d987e41109436a3aaa2f6c8e5
2026-02-10T15:10:56Z,CZ_-_ZC,account.48cd4bb8734444a5a924021b8bb9df4e
2026-02-10T15:10:56Z,PanDa_77owo,account.70024c256cd74893804ddf17e07462fe
2026-02-10T15:10:56Z,Manchester_MNU,account.e93719d5154545d1988b82b8b06a591a
2026-02-10T15:10:56Z,ZhangBoZh1_-,account.af907ff3143e472db3ed0aebe55fb16c
2026-02-10T15:10:56Z,xzbb-_,account.689c86a9c34a4d1bbd2954e2de440214
2026-02-10T15:10:56Z,qizhi777,account.c7cd5befc7794aa1a58361db5a97695a
2026-02-10T15:10:56Z,Bo77-,account.f439680e7b6b445bb69f8621f3d6fead
2026-02-10T15:10:56Z,JUH_YEONG37,account.67f4f0e211f847278f71c440532c547d
2026-02-10T15:10:56Z,munn-_,account.64e5387b41154538beeaf65dcca9ec9b
2026-02-10T15:10:56Z,TingGe5shale,account.a6ecde7c180b4ef7be4006555217bdbb
2026-02-10T15:10:56Z,Evil_XiongMao,account.1e3fe8c21f4d4ee7bd3bf75c32ccfa08
2026-02-10T15:10:56Z,LiuHai_-,account.2424903f50ba40cfa77b80be96a82250
2026-02-10T15:10:56Z,HLT_PENG,account.b091b39753154edbadd9b4341991a2a8
2026-02-10T15:10:56Z,jql1234,account.440926fdd816407395b29137d73cd0e3
2026-02-10T15:10:56Z,yrybz-,account.5bc6c6ac241f40eab63bcca1bfe905d4
2026-02-10T15:10:56Z,SeilerAnt_H,account.6150bbeb1ec848b8aae6f1a58fd833af
2026-02-10T15:10:56Z,JOJ1YA,account.056c560cc1ad499694badd5d4e8515b4
2026-02-10T15:10:56Z,AngeIababy_-,account.cd5bd2e6da9c4148a8183e5f7f19c6d2
2026-02-10T15:10:56Z,Fwsvfkf786,account.4118f851bc7042dfaef413c23294e1f5
2026-02-10T15:10:56Z,Wakka_oil,account.6be2903fa8a54af3b9c0794b51b16d20
2026-02-10T15:10:56Z,Vashay,account.cf77cca2c48f4dda995d8d180b0c9a7a
2026-02-10T15:10:56Z,RICHARD517,account.63d5c78ab7734c2ebc812fd98652550a
2026-02-10T15:10:56Z,7iBo-,account.667cf1c0b3bc48d9829c7b92d982e35f
2026-02-10T15:10:56Z,yt_TYemer,account.a49ba5fa5af54f4a9dcf89ca066a92d3
2026-02-10T15:10:56Z,HLT_Cheng,account.12615d24971548ca9ccea45bd92875ee
2026-02-10T15:10:56Z,TaoT1e_-,account.f7d3bd11464847ce8bb7f8bd302054af
2026-02-10T15:10:56Z,smaonang,account.dc52accf24de44f79559a8d8a6e300f6
2026-02-10T14:59:06Z,jbr9spade,account.a06e3626d07e4ad1aaa280e22f665cf0
2026-02-10T14:59:06Z,kangvelyboy,account.3ecd6cc06bb445f39d14328c7cb3c9ef
2026-02-10T14:59:06Z,555555Five,account.05aa162cd9fe402db5f7facbd2c4a521
2026-02-10T14:59:06Z,Mojian_M20,account.090978b746df469ea3b41657f3f73595
2026-02-10T14:59:06Z,HouDaJiang,account.a267d62580aa4246a75ab64c617067d7
2026-02-10T14:59:06Z,Y-2097,account.347890dfb0a44387a31f85abc45966cd
2026-02-10T14:59:06Z,DAwuTC85201,account.f32c55c9a68847258288ca16d7b39539
2026-02-10T14:59:06Z,Tangcc28,account.0f5b27303bd543d7810dcfa7ab68773f
2026-02-10T14:59:06Z,My-0o0oooooooooo,account.86581a4ea2584a778d2f9b3e4c7cf643
2026-02-10T14:59:06Z,DouYu_7099800,account.dfeef59f612c44878549668daa094999
2026-02-10T14:59:06Z,Aofei_,account.203ca26c329b4d138fe4a48368d18a32
2026-02-10T14:59:06Z,mabaoguo-DJ,account.bce79050ee9447428fa1764ebc91f302
2026-02-10T14:59:06Z,Sobered,account.556cc66cbe3148a3a2c35c7d64ceca47
2026-02-10T14:59:06Z,yangzepeng1,account.0ffeb0439e5c487ab73a88183faa9411
2026-02-10T14:59:06Z,DaDi-SoNG,account.a4c19c6a5dd346be94519b46b39d2990
2026-02-10T14:59:06Z,diankuang001,account.6aeaf2d7390243b08df44d8292467d0c
2026-02-10T14:59:06Z,CQalongge,account.0d3f148fb1c7487f94b56072d34d0e12
2026-02-10T14:59:06Z,91-KFC-U,account.36f97e27eb4e447690b4d042e8222188
2026-02-10T14:59:06Z,Aquarius-Boy,account.763c52ae588b4f1fa1c26065eaf1e79f
2026-02-10T14:59:06Z,EmperorOfSummer,account.137a045e81cb4615b63cd5b90ba8e5a1
2026-02-10T14:59:06Z,1C4_Pao,account.f2a7d93df00a489b903ba7dc3feae88a
2026-02-10T14:59:06Z,Oops1xin,account.b809e4ba63cd4b93a61f88e907cbfebc
2026-02-10T14:59:06Z,Ix7i-_,account.8508478e32fb4e99b368e19ccf9e935d
2026-02-10T14:59:06Z,Durector,account.20e6b95021c8486ca92074e5933df67f
2026-02-10T14:59:06Z,BO-BO-PA,account.bb79cbb71f424da7ba11cd2eb2812f8d
2026-02-10T14:59:06Z,wy234033791,account.bf33414e70aa4d8c867c1f6ca074369e
2026-02-10T14:59:06Z,CsmNB,account.d734af6e8d81479998bb24bdd1d35f82
2026-02-10T14:59:06Z,lanbowankangbazi,account.3c9a273c83c34254b07d3e6fa4299343
2026-02-10T14:59:06Z,AHJOL-0419,account.030a4d53382c49689f827e44a6a254b7
2026-02-10T14:59:06Z,X_uelin,account.01a999226c3a4ec3ae3c72624013798d
2026-02-10T14:59:06Z,matthews_52,account.feaa2a33fb9a42b096c21fa1ddffe959
2026-02-10T14:59:06Z,SRHISINOIMPTY,account.c0ad0b2eb4bc4744afa92d42cfa38268
2026-02-10T14:59:06Z,Q-Miii,account.bc2b3c6d1b674e7baee0e6315fe212aa
2026-02-10T14:59:06Z,ifpsrfs,account.ee6aacc59e154172a30820333eb6ead7
2026-02-10T14:59:06Z,M0416_-,account.c334dea3a1fc4119b5d7e8e58e24f2e6
2026-02-10T14:59:06Z,DMA--si_quan_jia,account.5d41f77d4c0a49f3b9808327047ed491
2026-02-10T14:59:06Z,msl_baimao,account.bed5dbca28fd4e60ba4bad0c002c2c88
2026-02-10T14:59:06Z,666liumei,account.e09cca2029794fb8939ee39cbee3ff3f
2026-02-10T14:59:06Z,MI66,account.ee7284840c0d4ba2b3fb86f159f28a0e
2026-02-10T14:59:06Z,BBGUOGUO,account.0c1f8840252d453cb34d7bf36bc94862
2026-02-10T14:59:06Z,LM-ShiSi,account.78b663c5fbee43d6b08748e624d57bc3
2026-02-10T14:59:06Z,GX_PLA,account.63502355ccad456a98f27608f32e7163
2026-02-10T14:59:06Z,DouBiTv-DaSha,account.9041c03541eb46d58b9fa227f3f663b4
2026-02-10T14:59:06Z,6ndd,account.3180624b801d4eb48d18ca68e6aa967c
2026-02-10T14:59:06Z,XinMyAll,account.d365a54243ae4ab4aaddce2a53b5b62e
2026-02-10T14:59:06Z,Just-soso_-,account.81f475eaff144515a43904f544e7a4c9
2026-02-10T14:59:06Z,XLu_2026,account.8346a179a6e94cb590cec6fc7865ba81
2026-02-10T14:59:06Z,ESxTjil,account.83b8324668f34a8da743793657b547fb
2026-02-10T14:59:06Z,KaHaR07,account.f7208204f37245968f4a88508f17ba20
2026-02-10T14:59:06Z,Beclai,account.1c6c19fa33aa4a689d1e77551ad5d36d
2026-02-10T14:59:06Z,lxxxlj,account.dfd289e2d76947d7957e2ca418697fd4
2026-02-10T14:59:06Z,tangjihede,account.bdff7887883642a6805a361df506c5b0
2026-02-10T14:59:06Z,zh2515969171,account.3fd410af26cd461b9b0476134511578c
2026-02-10T14:59:06Z,o926__,account.3a8e6ccc2eb747d0ba60a6f6af2af64b
2026-02-10T14:13:19Z,AHc06zz,account.31f53f7d2b1349e0919c3c6a7893ba86
2026-02-10T14:13:19Z,Darba-,account.bdb2cfd30deb4cedae9aa95f95dad99b
2026-02-10T14:13:19Z,xunwu-__-,account.35bd01e34f4441a28b544deff813cc36
2026-02-10T14:13:19Z,1306-_--,account.b9571cc8a85a482881726d3494eb8cdc
2026-02-10T14:13:19Z,8309_-c,account.375f5667128e418c9ec87d2fe3eb352e
2026-02-10T14:13:19Z,i99z_-,account.948edb170a4a4fed85fa30cacaac49f2
2026-02-10T14:13:19Z,Bimmer_9527,account.0dac79f17e28420d928bca79f54012c0
2026-02-10T14:13:19Z,XZFACE,account.6c6ae4faee8b4810993f1dc88f0e3c6b
2026-02-10T14:13:19Z,HiMa1aYa-DenGuo,account.a5c2cbb65d6747f8abaca7ced85b8d83
2026-02-10T14:13:19Z,luRenWang_left,account.efa9550a0db94dd4bed4d4844607e727
2026-02-10T14:13:19Z,buzaiyouxi_-,account.a3296e8dc5ae445582871182fb41a0b2
2026-02-10T14:13:19Z,yeqingningbaba,account.db1b4bb8cfbd4e349b1c8f830e255394
2026-02-10T14:13:19Z,Tfhh_-,account.41aa2fa281b74a9b9c720481779c7b0f
2026-02-10T14:13:19Z,Mdzz_wodeJJ17cm,account.7ff6cb69f9d748d6a9856d2ef900ad27
2026-02-10T14:13:19Z,Bashen-,account.69a3f9527d2c4e82ad81577bacc600c2
2026-02-10T14:13:19Z,ikun_AyongmHaHa,account.9dae7ba3c2a04ab7b538cb154f2fbaf8
2026-02-10T14:13:19Z,AllenZ-Z,account.9d22503616da45d080dac1e8a17ec048
2026-02-10T14:13:19Z,001_Xiao_Yu,account.eea0668ac9f648d69c4ab195e8bf2bc8
2026-02-10T14:13:19Z,NONAME_RD1031,account.1f19ecd3c9bf46b499e0b1bdc26e1e90
2026-02-10T14:13:19Z,NONAME_RD0711,account.2c36ecefaad64b1bb441c32cd21ce97c
2026-02-10T14:13:19Z,VVVVAN0923,account.40d0cd272b3c412a9babbb52bab6ca59
2026-02-10T14:13:19Z,k-_-min09,account.d2da1c3db9f144a49c34f5b0ba08c865
2026-02-10T14:13:19Z,WJRXJ,account.4eb6c034a8584c5db37326c943b5ef55
2026-02-10T14:13:19Z,F612_Bar,account.90db1ecae9884de6bd56d4984f4ccc56
2026-02-10T14:13:19Z,Vwo398_laizuoai,account.679ab7915a084234906ab6d399f739e2
2026-02-10T14:13:19Z,CaressYoung,account.e88d8e6a63c04a098504e7600c11b02d
2026-02-10T14:13:19Z,Zuoxianseng,account.5792ec7946dd41c784cdaedcd8a1968d
2026-02-10T14:13:19Z,DontGiveMeWaWaJ_,account.6b70f65dcf8647248977a3bf94437f51
2026-02-10T14:13:19Z,Billy_yang1,account.e1baa2eeadb54e19965059994b8248e5
2026-02-10T14:13:19Z,17_X1aoWu,account.1e81496ea2aa4dc699918318bdabdd60
2026-02-10T14:13:19Z,Nemo-Q-Q,account.0569764071254e6b8341f534e0d4a7ac
2026-02-10T14:13:19Z,Niubility_9Lipu,account.a4e570cebd79434687c13193572c8178
2026-02-10T14:13:19Z,Vwo698_baoye2ci,account.eefa43d39ccd4371a10fe7f3618019d4
2026-02-10T14:13:19Z,bankingdoll2,account.196411cfdfc44ae5a430224aaaee1b2d
2026-02-10T14:13:19Z,Awey_return,account.805822dc24594bb8b97c62a9e697647b
2026-02-10T14:13:19Z,miliaini,account.380b618dec8a4ce484224da1fcf40bbb
2026-02-10T14:13:19Z,LiuGe1206,account.0ec035f69ba744c2b7fe45af3994e0f6
2026-02-10T14:13:19Z,yaolingbailu,account.a086c6cf88a948afa5f8a44bf6547b74
2026-02-10T14:13:19Z,ZUU_Peas,account.bdb6f91f303049ab8760932d10a071ed
2026-02-10T14:13:19Z,EdisonXwl_,account.81bb9900267f4e0baed006a94626087c
2026-02-10T14:13:19Z,BuYaoWaWaJ1ao_,account.b1227af10eb44a78900b63a9aaf2bf23
2026-02-10T14:13:19Z,Echo_Mis,account.99774e7d9526448dbab07b3d498750c2
2026-02-10T14:13:19Z,a-ko-ko,account.3b9e3e69a5e04a2590c8caaacfe730b4
2026-02-10T14:13:19Z,qisishao,account.a10f58ffe9cc422b87e8da45192f09c3
2026-02-10T14:13:19Z,1yG7,account.6637d2faeb8149f0b12ee08efef3f4c6
2026-02-10T14:13:19Z,Yuanzai_z,account.82db752864f64bc0b07fa699b3addcb0
2026-02-10T14:13:19Z,Nobody-Killer,account.e6d2a66b36e84ef0be02f606b6a6411e
2026-02-10T14:13:19Z,xiaoou_991,account.bd588a360b4e413db1f4d0ecce1a7e10
2026-02-10T14:13:19Z,HiMa1aYa-RxIxP,account.ea113c14918a4a2394e68098c014ee52
2026-02-10T14:13:19Z,hhhjmjmjm,account.e7d02ba3d1cf4700854449e51bbaff28
2026-02-10T14:13:19Z,Y_0527,account.a3d0027c7c32431d9870401ed6355eb9
2026-02-10T14:13:19Z,1yG9,account.83654cf7bb83471ba766c76b41c06234
2026-02-10T14:13:19Z,Duang59421,account.83345f566de842a8aa858ef599ea1bb3
2026-02-10T14:13:19Z,Anti-P,account.4bf6004ec5804628aae3306e2c54a36b
2026-02-10T14:08:10Z,Head_butt_-dino,account.25cf951a7bda40458e7cde60ec116969
2026-02-10T14:08:10Z,zm-duosun,account.87ae3078a6e74c7b95aa9fcc9bb47f2c
2026-02-10T14:08:10Z,Kyutical-_-,account.2a6d11970918488588c807a78db62d95
2026-02-10T14:08:10Z,Gz_x1A0xIao,account.00b4923114d44b029ed6e9a5f83d980c
2026-02-10T14:08:10Z,Elex7zz,account.8984db14636b4310a89a4a1a126d6734
2026-02-10T14:08:10Z,0102na,account.423922ae1ecf4b4d91a358b238e7e44d
2026-02-10T14:08:10Z,HN-LJ1987,account.5daf6552d0424dcd92331a194ad68e14
2026-02-10T14:08:10Z,Ephemeral828,account.cf791b10c3fe4ec4acee7c4d6744709b
2026-02-10T14:08:10Z,xius,account.1699353ef79640e09f7b00a1a4459cbf
2026-02-10T14:08:10Z,BOOKER_21,account.1493c0dd1f604372923396d6b5c1e41e
2026-02-10T14:08:10Z,Wqi_777,account.5334d20b5e5f476f87f14043de0f2d63
2026-02-10T14:08:10Z,Gao_m1n9,account.45cc4f4aa1eb4bc0814f4cf0e487d8ee
2026-02-10T14:08:10Z,DD_dagger,account.efb4c1f59e6d4470be81547611643b0f
2026-02-10T14:08:10Z,Mb0b0,account.b52f50bff15d4b7782e43d190e37cd81
2026-02-10T14:08:10Z,CarryYongO,account.cf9e1e31f6cb4e899c604290b2f6b3be
2026-02-10T14:08:10Z,huage-6789,account.5e77231fd2cb4097887aa9a22733d019
2026-02-10T14:08:10Z,Sens1210,account.2a6326809c8f40a6a80ef3de227acd0e
2026-02-10T14:08:10Z,AMG_G9T,account.877b69be363c4ff7a098ae10f6b87dd8
2026-02-10T14:08:10Z,PJun666,account.6b31f1c2f68c47b3837d6aa40aae2a5b
2026-02-10T14:08:10Z,douyuTV-babaNB,account.0d403417208f46e084f9d11345530c23
2026-02-10T14:08:10Z,LFCLL,account.acd975b8aa9941e5adbf21f7ce09a33a
2026-02-10T14:08:10Z,DeokGI_,account.6d08077a6de8400fa1ce9bc6be59dd1d
2026-02-10T14:08:10Z,Bad_Sun91-_-,account.4548c104487d49ea94c62f5bb8580c6c
2026-02-10T14:08:10Z,Ronaldo7011,account.e7240b7858cb46ecba6b1bfa91e5fbee
2026-02-10T14:08:10Z,Amy-XueBa,account.6b804e28721c4700ad0b07f209adf9f6
2026-02-10T14:08:10Z,Mentel-Lei,account.10138b5809124146b6ff47ba8ee39d39
2026-02-10T14:08:10Z,Emolewo,account.953e222a50bb420b8ec8e38760e8dfdd
2026-02-10T14:08:10Z,404_Not__Found__,account.cf73837686ff4439b18f4e69ef3fa232
2026-02-10T14:08:10Z,Lucky_-Jin,account.25796d6c7e764b388f37ccc2860f56a7
2026-02-10T14:08:10Z,Serene_liu,account.608a04dfed614a7580f524cb2cbd210c
2026-02-10T14:08:10Z,Dorte_Qiaodad-,account.1c1080ab990449a383b64951dc6e8b28
2026-02-10T14:08:10Z,RexVetor,account.ba5c4743d7014bdaa16f95c919bcf01d
2026-02-10T14:08:10Z,nitege001,account.be6e7b885b3c46d2903518882c5286be
2026-02-10T14:08:10Z,ChickenFD-,account.d22231974c234834a4591bc986e7f927
2026-02-10T14:08:10Z,GDzHwXHQ_-,account.ea1b510add904d5d8a89918d32f7b7e4
2026-02-10T14:08:10Z,Fiechazo_,account.f45d34c2f1bc45fe8b5889d33f49e0b2
2026-02-10T14:08:10Z,Doosmooth,account.6055c0f1f1d441d89f8b1717c8c97b95
2026-02-10T14:08:10Z,BIEDAWOHAMA-,account.d14ed0983b3c441fbe4f2d1420039c27
2026-02-10T14:08:10Z,mengguoguo520,account.db74ebe2cd3a4f71a808af74746743cc
2026-02-10T14:08:10Z,9990x3D,account.be6208a5be4449d8a2aea6bee5f5d44b
2026-02-10T14:08:10Z,pistolmanzz,account.df61ca74ae0944b98da7c17fe730f8ad
2026-02-10T14:08:10Z,Jony1888888,account.62c7c31c91b34954bb97a6371c11748d
2026-02-10T14:08:10Z,PangTiger_23,account.d5da856aaf304b50b852ff15dea69d74
2026-02-10T14:08:10Z,JunAnRen,account.cf162981d8024ff3aab7a23e7100904b
2026-02-10T14:08:10Z,hcup_bb0ng,account.2d965d1eddf04f82bfd2ffaf507d4182
2026-02-10T14:08:10Z,Xerz63,account.36c2c173f5a6470ca46b818dc124d5f8
2026-02-10T14:08:10Z,2O59,account.607cab6058384bc4ac3b1ba974379dcc
2026-02-10T14:08:10Z,GGF19980718,account.23e3a76e2b2240669f58cc18c62c669e
2026-02-10T14:08:10Z,SEVEN9_W,account.dcac4b13bb644fcba3c969f01edb403f
2026-02-10T14:08:10Z,NG-pengyuyan,account.84ca25e2efab4f8f849c4629ce7a8709
2026-02-10T14:08:10Z,GFxingshou,account.7c4322ce1da64d5fa608f3fdac82836c
2026-02-10T14:08:10Z,DC-TaoGe,account.51cfb57d62144197a89adbd4eff8e58f
2026-02-10T14:08:10Z,YDOG02,account.75ed7c2be6be4c66978d128844f5b493
2026-02-10T14:08:10Z,K1-_-91LLLLLLLLL,account.6b7bc516356a405da5724bfdca3b6d2f
2026-02-10T13:43:11Z,Sunny---girl,account.23d0e9a88fec4955884db5827ebb4e56
2026-02-10T13:43:11Z,Wu__Yan_Zu-,account.ccc6fd9857e14ad69a8a392f894c2339
2026-02-10T13:43:11Z,Mafia_ffffle,account.f36127a02cdd451385ce6146b0c2df69
2026-02-10T13:43:11Z,SuperAs_Lucky,account.13006be2fa83447ba4d309a2868c45fe
2026-02-10T13:43:11Z,X_8cZ-,account.4a6ec480664a4cd3af485dd58c71afe4
2026-02-10T13:43:11Z,C_Top_y,account.5e7556fdff344bf387d3ac791cdf0c6e
2026-02-10T13:43:11Z,Lonely_lolanto,account.7ee20feb98d94eb692ec11602aaafa95
2026-02-10T13:43:11Z,oo-_-00_-_OO---,account.26bac94ce48a44348f9dcc89ef2938c1
2026-02-10T13:43:11Z,TUOMU,account.cff830f26371478f8d506cdc1a88c18a
2026-02-10T13:43:11Z,SportCross,account.65aef65b0f404e3e92926748e89d717c
2026-02-10T13:43:11Z,A-LiangShu,account.6212e3ae85004c90b128b08587c17dfe
2026-02-10T13:43:11Z,7FF7,account.9fbb4c6e48ed4ea3b50f2b8661e761ba
2026-02-10T13:43:11Z,KaZl_-,account.aa60379e9b7c44318d5a88d385a6c639
2026-02-10T13:43:11Z,Ai-BigBreat,account.991c79e1923b4d67a2b3e359ab13b42e
2026-02-10T13:43:11Z,WNJ_1996_0329,account.2d3dd9701f9c4307b00bebf291a89c58
2026-02-10T13:43:11Z,Wow19cm-_-,account.4927a96975fd47da987ab2cf4ccdf9fb
2026-02-10T13:43:11Z,XiaoJiangbaNiko,account.d430390aa6bc44988dfad3e42ab2a44f
2026-02-10T13:43:11Z,Xxx_ol,account.160032adab8a4ae2b5f0bcc71939fea3
2026-02-10T13:43:11Z,NGNR2,account.f57761a4687d476392483a4d9bffd0ff
2026-02-10T13:43:11Z,Blmx_Beast-KinG,account.b5c1a35f07f040649a3c1523594a9e0d
2026-02-10T13:43:11Z,lgx2015,account.a72145c2f68340f4972f759cc9f5441e
2026-02-10T13:43:11Z,monkeykings__,account.4ccb692619cc4e18899013a6cca59756
2026-02-10T13:43:11Z,666scl666,account.779b96144153420ca2ee446271a808db
2026-02-10T13:43:11Z,BoLuo-6969,account.99c08741195c4582b02a70440cb097aa
2026-02-10T13:43:11Z,0923-_-1,account.e7a8632f21fd4ffd94511c029cd67fe2
2026-02-10T13:43:11Z,zzh050310,account.1e59ed4ff8704cfeb220784c37c9bb22
2026-02-10T13:43:11Z,chilefanlema,account.16ccee6c252241a6afe05b19262a69d9
2026-02-10T13:43:11Z,MLB_LYB_No2,account.e39717bc9deb44318948d89d202314a6
2026-02-10T13:43:11Z,2025-1202,account.872148734c914d75ae65db1605165305
2026-02-10T13:43:11Z,PeRo__xiaochuan,account.08d6f899587d4812a414df92d4153576
2026-02-10T13:43:11Z,fengyangzzzzcj,account.016644542dd64a7392dee9c2a8f83fc7
2026-02-10T13:43:11Z,SHYKRJYH,account.37162a4851804313ba21ac9cab1a02a1
2026-02-10T13:43:11Z,Super_worker,account.8545e704bc904a6d86193670cf9e3677
2026-02-10T13:43:11Z,QT-iw98,account.4e2de4bbd77d422dad86e68f69dabe21
2026-02-10T13:43:11Z,7_iAmo,account.a4bf51891c10421395143eae43b6cac7
2026-02-10T13:43:11Z,Lee_Hye-ri,account.a2695c573dab4f1d893d8c17bb57eb99
2026-02-10T13:43:11Z,WNV_YJ,account.ccab0c11c0024c82b4578586f2f5f0ff
2026-02-10T13:43:11Z,Kleiwei,account.2164c67ef5e143e1bc916d14027b511f
2026-02-10T13:43:11Z,amateur_god,account.c38a9381cd1c45139026ece7f593edcb
2026-02-10T13:43:11Z,godbaozzzii,account.7ebb5d4a1f4e40f69b5dfbdc1238bd0b
2026-02-10T13:43:11Z,xiaoqiabaji,account.f98bff6d4e484c478d47a955064a8ec8
2026-02-10T13:43:11Z,CL1015284966,account.42f6611806ce419a9677c4a52310cd7d
2026-02-10T13:43:11Z,Blmx_CyriL-KinG,account.1344cd68995245c28a55968a774b6468
2026-02-10T13:43:11Z,Q1ngDaWoDuiYou,account.9d79321cad934adf8b4cae919edfdf46
2026-02-10T13:43:11Z,Forher-Q,account.aa3a7c81db764118a3170e3ada6babd4
2026-02-10T13:43:11Z,wojiaoluyousheng,account.ff1f9850527b4873adc29a91db0e4d61
2026-02-10T13:43:11Z,SY-Rodman,account.a6326fec1bd446d9820be539161fff99
2026-02-10T13:43:11Z,peek9od_0224,account.0cb26ea3e22e4b58a6e9c9f9e9702c6f
2026-02-10T13:43:11Z,KaiXinChaoRen-_-,account.fc20a2f6ad164b9e87f5214ec6218f40
2026-02-10T13:43:11Z,LIXINGZHI11,account.2232b3e9b2884e98bf47aaaddcfc8054
2026-02-10T13:43:11Z,funplus520,account.cba453aeb1c3435196912297c4755d14
2026-02-10T13:43:11Z,Mathews_AJ,account.5ee62bbc0db043c0b212f6cbe285149e
2026-02-10T13:43:11Z,Yaoaii,account.389a9f33a9654fffa28e068ee6a312c5
2026-02-10T13:43:11Z,godlo88zzzii,account.f9d5913878e049ee8595cf1d8ab7a5c9
2026-02-10T13:43:11Z,TZZ1314520,account.6f50b4bafb9b497ca80ebe9ba23d0250
2026-02-10T13:43:11Z,Heifei_XXXF,account.a0b0c7a6a8a74123a2cbb9405c60790a
2026-02-10T13:43:11Z,jshzshao,account.f4cd76cf32504e23be67c9714c868adc
2026-02-10T13:18:30Z,GY--Batulu,account.1e964787a08d499db74a148c8b05bf0b
2026-02-10T13:18:30Z,T-520Game,account.ff847b31b6034073a2fcaf630611779b
2026-02-10T13:18:30Z,XY_001I,account.6a31e3a29e5f4f29aba8231de5d938ef
2026-02-10T13:18:30Z,CFC886,account.39effc06c0dc41d7bf4d391e47377048
2026-02-10T13:18:30Z,Virkaten,account.6260580959f04b0e9aa195d293c7ddb9
2026-02-10T13:18:30Z,Suai1-,account.d9f469b6bb5048f69a5487b0d0e347df
2026-02-10T13:18:30Z,BxyuD_Tuzi,account.7006bb038e774bfd9ba32fd5552ebc7b
2026-02-10T13:18:30Z,Raging_Bull_110,account.d45576ea24034077b0ff99f8460cfd79
2026-02-10T13:18:30Z,YANLUOWANG00,account.549c71485b1f4303b31100d8ae9ff799
2026-02-10T13:18:30Z,Maple--_--rain,account.0a2cb52e84514d93b28a5f55d2f0bfbd
2026-02-10T13:18:30Z,Lazy-Cat_Mao,account.eea00323a45644abbf6d76e5aeadfa7f
2026-02-10T13:18:30Z,Angel-aikun,account.793a162ecc9d4a46a42591321209ddf8
2026-02-10T13:18:30Z,Dean_T_Z_Y,account.1d7bc4c4be4540538e922e3118e5cbed
2026-02-10T13:18:30Z,Bi8boqa,account.2cfde8efefb8405dbdfae5e86db03be4
2026-02-10T13:18:30Z,7e70_-,account.1c56c4e753d343d2a8aaeaaafb34d835
2026-02-10T13:18:30Z,M665,account.9c41569ddd1140c8aba9c206a201654a
2026-02-10T13:18:30Z,35-KevinDurant,account.70d480d02b8746889e00003b41fd38ca
2026-02-10T13:18:30Z,Adaixiaohun,account.964940f69b9a434792524aa222a17aa9
2026-02-10T13:18:30Z,HY-JSLSP,account.0681ba515105484bb1a15d695a33f856
2026-02-10T13:18:30Z,RJLX123-,account.3e79796c95bc4eabad8459ed293001bf
2026-02-10T13:18:30Z,Dorte_DaSaGe,account.51c4ac1b472f4046b3cfabf422958541
2026-02-10T13:18:30Z,ni44443,account.7b2275a524574665bd2d6df2967e1eff
2026-02-10T13:18:30Z,3Lun_-,account.3da01449e8ab42f9babf46812a6077b9
2026-02-10T13:18:30Z,1aMe1nn_,account.51cef3bbe1d34a5890c310d9ed0c6352
2026-02-10T13:18:30Z,Yx_56,account.20377780db6d46fa889f5085a69a07fb
2026-02-10T13:18:30Z,16688_,account.ee5b2e15c56b4ebdb3882206ab4d6887
2026-02-10T13:18:30Z,Dorte_Bzzz,account.fad0474d7dae4fa098ea563a6111026f
2026-02-10T13:18:30Z,RBBIKE,account.e2f33e8e60cb4d889cb6e42421a6a9f5
2026-02-10T13:18:30Z,RIBIKE,account.707719aa6dbe444b9d8579e6b4446834
2026-02-10T13:18:30Z,BxyuD_baobao,account.60435171fd174815925061055efe4300
2026-02-10T13:18:30Z,Dean_Y_Y_Q,account.e0fcc791bbcf4b5085ad5bfef69e691a
2026-02-10T13:18:30Z,NaiZi_36E,account.8a62cd160aab4b67a866ae37080b3c0e
2026-02-10T13:18:30Z,H201017,account.d570a9b2d7774078bd5ed9f0e62f3752
2026-02-10T13:18:30Z,XY__NANZI,account.146045287ef048cca9cd6892709fc595
2026-02-10T13:18:30Z,Easy_miaomiao,account.1c4bc87d61594cf1948a231e14420537
2026-02-10T13:18:30Z,Q-S-W-W,account.63280247327241f09a4c0472a652f0ee
2026-02-10T13:18:30Z,Killyvwmf,account.6f3929d4212c4daf9af4fc444720520b
2026-02-10T13:18:30Z,cdwuhui,account.464580ec21a645a886f59806f8222806
2026-02-10T13:18:30Z,Endlys,account.51dd4665db6747b8a110adcb12ce3e3a
2026-02-10T13:18:30Z,Mayday-Jerry,account.08366aebcec041e7b1a90e99a1a00d21
2026-02-10T13:18:30Z,ShaYuLaJiao-Tt,account.110dc531b7b747cf96d48a7342fe5b00
2026-02-10T13:18:30Z,dabudaohaoqiyo,account.b40607a8df734b139e95121f9dc72a4f
2026-02-10T13:18:30Z,DeiHerazi,account.99f3b13b0d7f4ed59c4a3b626618e1e5
2026-02-10T13:18:30Z,HaoyouGennnnnn-,account.19e33de3b01f4fe6b1dcefc63496f22a
2026-02-10T13:18:30Z,Maple-rain,account.ea7f08dfd02942e3bfcb6f356db36987
2026-02-10T13:18:30Z,ic7xi_-,account.5ae0d0959880498da743757d2055f305
2026-02-10T13:18:30Z,GNie9,account.6a151d775cac485eb7e0291eea1d8f8f
2026-02-10T13:18:30Z,sexy-aikun,account.d87f70273ad24e91b311306e8713926f
2026-02-10T13:18:30Z,Super-wuhuarou,account.969284b59da347c7bfaa99b7de044292
2026-02-10T13:18:30Z,Fate-wwwwww,account.c29778206d244e7c801d3d69c023a117
2026-02-10T13:18:30Z,Jackal-95,account.5fe6a1e1d2f543fb83392e41860d006c
2026-02-10T12:53:45Z,9DaN1,account.aea9e0e96562401097edba4482f295db
2026-02-10T12:53:45Z,91_AGuang,account.e10c4831e09443b893a1a06b97ad430e
2026-02-10T12:53:45Z,WK9tzc,account.a09d6aa7b68c40b5a93cd3b952a81241
2026-02-10T12:53:45Z,CH-CKG,account.1f7293d40a8f45128b71f5f92c4a89a8
2026-02-10T12:53:45Z,Kiko_Hiddleston,account.1ce91b4a56824d439a9433accbc4363e
2026-02-10T12:53:45Z,SeicoMeme,account.79a21a7ceaf64f16a2651792ab97bdbc
2026-02-10T12:53:45Z,Smoke_6661,account.085bbb8b8df348e0bcb6aa5a54496741
2026-02-10T12:53:45Z,LLLLLLmimi,account.7ec7af0912a44116a33c3a5d50e57225
2026-02-10T12:53:45Z,B1e_shuohua_-,account.94afa86d7ea74ec6bf94a76e1395e5e1
2026-02-10T12:53:45Z,XmingOoO,account.802157e6ad2d41f39ea88da9f946413a
2026-02-10T12:53:45Z,lin_-Y,account.077284d8ac244e3c8117948efca9c6f0
2026-02-10T12:53:45Z,KL-XueXue,account.9f4574d8591c47a794c19af947a70286
2026-02-10T12:53:45Z,xiaohuizu,account.181e35610f3c43d593b526cc04692e6a
2026-02-10T12:53:45Z,80i3-,account.8934a2ff6b80437099b90e95f93c9261
2026-02-10T12:53:45Z,gkruas_08,account.a932d230f7554388943c642bb158fcaf
2026-02-10T12:53:45Z,Lao9Lufell,account.c9361c5ea6924bfab6516f2d6efcf4c9
2026-02-10T12:53:45Z,kjb66688888,account.98947191020e44878835bc43df66c6be
2026-02-10T12:53:45Z,8014-,account.7fcbd9d6dd9e4643bc9d52918acba845
2026-02-10T12:53:45Z,felickappa9712,account.479b9398fa794f89a50a2901c0c75dd2
2026-02-10T12:53:45Z,bubeibb,account.824b71aaa4ea40c4b3c0484e4bbff76c
2026-02-10T12:53:45Z,4RC3US,account.fe515c2420474178b90c9f5522b3a50f
2026-02-10T12:53:45Z,TSL_honey7iiiiii,account.f806e44bb09f4f899a94796239e3890f
2026-02-10T12:53:45Z,9vid_,account.a4f5a64b82b140dda079c054b073c4a5
2026-02-10T12:53:45Z,Idol_LuffyXGZ,account.cbef03ab970d49aca55a334fe6633fe9
2026-02-10T12:53:45Z,iamDuyaoo-__-,account.24efb87c3800401a875dfa460bee9a44
2026-02-10T12:53:45Z,BackShoot-_-,account.f3fdbad4d0f148f58e285573d9191a8a
2026-02-10T12:53:45Z,Kar-98K1015,account.c62265f5d6ee4f49b2232cf14581e15b
2026-02-10T12:53:45Z,Idol_DeathGod,account.c8d158e804894aadbc0575d683472020
2026-02-10T12:53:45Z,BaoTou-RanNao,account.6df2f4613ad34dee86be2e5d35feb7f7
2026-02-10T12:53:45Z,Y1mslo_,account.1d86c7146dac47948f5d72c55ec37570
2026-02-10T12:53:45Z,1713s,account.df2889943fd24f2dbddfc607c93a6806
2026-02-10T12:53:45Z,add_love,account.bfc3c240d0c34d08b838609b66d1630c
2026-02-10T12:53:45Z,You_Mom_Is_Boom,account.be1abb5b6fac4a3da44154aaa0fc4dae
2026-02-10T12:53:45Z,luvlitter1,account.ad99f2d698ce4f8991f4a54dcb3b7f1d
2026-02-10T12:53:45Z,Liu-caidekojiao,account.f9dcbe236e9e40ff94cc4776c8ede639
2026-02-10T12:53:45Z,Antk-,account.3664943fcd294cd8a32c38d7dcfac100
2026-02-10T12:53:45Z,DN_spirit,account.1ade220c92a64b438d56e429c1069631
2026-02-10T12:53:45Z,Weaselmd,account.b182f25b4d1b475d9cb69a46c94493e0
2026-02-10T12:53:45Z,LIQUN5599,account.dd20eac9f6d64e09aaa1891d9b41c339
2026-02-10T12:53:45Z,LI-TIM0,account.6007792dadf94074b9bc9909d6315662
2026-02-10T12:53:45Z,lin_Y-,account.ee8e5db650c84d39860dc0e79034df86
2026-02-10T12:53:45Z,Ya1a_D,account.de42c9e2120b4a0493bad8cddf658798
2026-02-10T12:53:45Z,AFpenicillin,account.792aed88b7c64fc0bf7b4fe3c5cfdd0c
2026-02-10T12:53:45Z,wohenkun_-,account.1b4934fb7b9d4487838fdeba5c2cfd56
2026-02-10T12:53:45Z,LiuMangDaFeiiiii,account.277c7beb078a4daca7987482b938deb8
2026-02-10T12:53:45Z,DAHEICULIANGYING,account.545d632edcdc454d9b6920a6bf49a761
2026-02-10T12:53:45Z,xiaoRyxz,account.dabf2c9645344197811e9f9889b16e7e
2026-02-10T12:53:45Z,Dopestr,account.783515db1310469b821c5c694cf68c57
2026-02-10T12:53:45Z,Idol_Churchill,account.e94497e7a782451d8611c9d0f6a99662
2026-02-10T12:53:45Z,llXJll,account.18e402fd156646639165fde9d9fcc488
2026-02-10T12:53:45Z,Daisyr_-,account.d12f5a8c3b6541e58095ed98ae27da9a
2026-02-10T12:53:45Z,Maverick_HQL,account.ee9014c987734e76a2cf90c1a3e96051
2026-02-10T12:28:07Z,l1Nuo_,account.6cf2b08afb634ac1b166c1b32cd19738
2026-02-10T12:28:07Z,HHQEE,account.b2ac6dc48f944bf08f37c0def8382411
2026-02-10T12:28:07Z,DAE-xiaoxiong,account.792e8f64c54b4a4cb73d7b368b17dfb3
2026-02-10T12:28:07Z,qwerlll,account.4e99ffaf59e4484d8c879bf9de358e4f
2026-02-10T12:28:07Z,NY-Rose-,account.b2ee4dda13a549419def2c23500567e1
2026-02-10T12:28:07Z,ijabbussyo,account.433338ce76364310830c63e0c030029d
2026-02-10T12:28:07Z,Edison-lF,account.44e1252ee4894969919a8c46c44f0d84
2026-02-10T12:28:07Z,kjian_,account.e8e9d2bf7a664c6fbe9cfd70e6818075
2026-02-10T12:28:07Z,1Geren-,account.742296b66e324d7eb75765071c23f630
2026-02-10T12:28:07Z,YsilencePredatoR,account.5c9790c0be774cd7b81fffceb9074aac
2026-02-10T12:28:07Z,GSG-captain,account.b0c371380bbc4a60b46223e7c43af268
2026-02-10T12:28:07Z,GoWiA_A1on9-_-,account.d583d842450c4d26941c5daa6e01fd0e
2026-02-10T12:28:07Z,GoWiA_RonpzZ,account.bca212782f9f4e679e198ab4d757ae99
2026-02-10T12:28:07Z,GoWiA_BlackmilK,account.4fc087410b52460a9c0229b134a8025f
2026-02-10T12:28:07Z,18RoMaSoJlMa,account.7604a9e7925345eab46b90b7b4b63995
2026-02-10T12:28:07Z,Yformat,account.bbd5c21cd818494cbcf98de225e4c23d
2026-02-10T12:28:07Z,M-Design-JY,account.74a190e8a94a49449be778820bd6d754
2026-02-10T12:28:07Z,His_her_,account.60d49c2c9ee246a091dba53d113a81d0
2026-02-10T12:28:07Z,injojandi,account.fca14d3f674442fbb395a76aea47bf25
2026-02-10T12:28:07Z,M416MDYP,account.929da1f191e04200b33d98782b0f63b7
2026-02-10T12:28:07Z,Amarsntos,account.6c96be5f731343f4977c5adb1e5a6b13
2026-02-10T12:28:07Z,LT-Sly,account.b74d21469370416681cf1e3d6faf58e9
2026-02-10T12:28:07Z,T_treasure,account.ccebf7654acd45139db6275b1aafb9a0
2026-02-10T12:28:07Z,HADES-001,account.ea49fef7225a4a5a8b2c4f189e64d814
2026-02-10T12:28:07Z,SleepYourMama,account.0f2f145d63704007afd03f14bfebdf50
2026-02-10T12:28:07Z,Bom1211,account.e29a0e8006394368b5c244acce0bb915
2026-02-10T12:28:07Z,7-HHHHHHHH,account.a620dea0ed394fb18dda7a8f64aaf022
2026-02-10T12:28:07Z,dlrbxo2,account.569a0d3e30f14644ada9068279c32632
2026-02-10T12:28:07Z,yixin20001213,account.00ed8c18e2ab461a9b190940b84609ec
2026-02-10T12:28:07Z,eorkfleorkfl,account.19b4237ba4f84515b55e88f62dce5810
2026-02-10T12:28:07Z,Alone_0614,account.e6be51c3138640908c7bc463892aa9fc
2026-02-10T12:28:07Z,ZUIAI-kiku,account.94aeef5098d642ba9897418d7b7179ce
2026-02-10T12:28:07Z,Outsider05,account.4c3d47e6dabb4bf5a2dfa62bf8a90db1
2026-02-10T12:28:07Z,Alone_1001,account.7476ce3c27c24017b0acb78e4423e2b6
2026-02-10T12:28:07Z,SanJinMIN,account.8f64d0a92a284d1db714862c93df5b84
2026-02-10T12:28:07Z,ON_VIRUS,account.bd1f1c103e124cc5b7b5965aa1c64dc5
2026-02-10T12:28:07Z,Goldyamyam,account.5e37f158acbb444288f78e08d6dfca53
2026-02-10T12:28:07Z,Nm0523,account.76a46862f674480d96d7afe640900cf7
2026-02-10T12:28:07Z,daimengxiaoasan,account.3b5d6f98798b466386fdba8b1be4d0e8
2026-02-10T12:28:07Z,WQNM_LYB,account.e6b2031ec8714120b3d032e42e6ffc6f
2026-02-10T12:28:07Z,Ab0ut_B16nk,account.59b0a10c81e34cfb8201963ecf9ce4b2
2026-02-10T12:28:07Z,HaoXTwT_-,account.6c4d1e381c0a48919a6c552dd56b2d78
2026-02-10T12:28:07Z,Wa1TeRzzzZ,account.37f9afd1ba2145db8727eeeebb3b516a
2026-02-10T12:28:07Z,Chris_HuangBN,account.970973f9875d4e1db3cf364740a39a8a
2026-02-10T12:28:07Z,Soul_MaomMao,account.9e3ecce63fb34a15b815f85312a525f9
2026-02-10T12:28:07Z,CnA9_,account.02258d440fa1447b968b3772db2baf1a
2026-02-10T12:28:07Z,salu-z,account.f6ec0be99f5e4efabf20d34506a15d10
2026-02-10T12:28:07Z,leejoo_h_h,account.3e65e88c8404446889015908ead73bef
2026-02-10T12:28:07Z,LWGdapianzi,account.dea5295572a540fe80d64e14c4a09039
2026-02-10T12:28:07Z,MaLahuogu,account.6537022936ec455e8826a4d07886640e
2026-02-10T12:28:07Z,Ssway9,account.6795a6a680cc47e8840c581a063574e3
2026-02-10T12:28:07Z,Jirry-XD,account.e316a685b05d462aba2d4eebb572c37c
2026-02-10T12:28:07Z,DWDSDSB13,account.cfd1e75251f44738aa1d65d2acb2449c
2026-02-10T12:02:21Z,ML-MJXBABAAINI,account.b093dbf4ad3247899ee787a6463bff78
2026-02-10T12:02:21Z,Lucky4th,account.8244cb1a967141f4a9f4a0311736e0a3
2026-02-10T12:02:21Z,guoyuanlu,account.aed437c4a27a4d438fd30c9d0a90a785
2026-02-10T12:02:21Z,CTD-FKY,account.b899c304a7ae476d9c9db313b401206c
2026-02-10T12:02:21Z,BIBITAN_0,account.8bb869a4aca04aa3b8e19987c7bb5a57
2026-02-10T12:02:21Z,1engJingcaozuo,account.3538947c9ef3442ba4988fd14e11cffb
2026-02-10T12:02:21Z,Robbery-DT,account.9da1eb3cec1d43aa98851a502960dbd7
2026-02-10T12:02:21Z,Soul_PLMM,account.2fe178f3dcd0437295266be61aada460
2026-02-10T12:02:21Z,TKL_XboluO,account.6bb76b97ef0646a19294539d3dce544a
2026-02-10T12:02:21Z,TCA_Aurora,account.523cf594f3ff4d07ae8e4a8e160aa58d
2026-02-10T12:02:21Z,ZZiIK,account.fb0bc582a2c54429ab5c9b018368cb74
2026-02-10T12:02:21Z,JsNjJnDs,account.f3ac212c594c417f9b9cec1c84d79f95
2026-02-10T12:02:21Z,9Vivii_,account.6294418cd99d45db82c21a90a7a7d401
2026-02-10T12:02:21Z,KNR_BB,account.e3242e565b754f4f8ffe452e8558c3fb
2026-02-10T12:02:21Z,Xh-AoA,account.1c816d76169e4891b95a92e2f09ce25b
2026-02-10T12:02:21Z,FaZe_Head,account.f9488ab0454c49a38bea58697f2e8621
2026-02-10T12:02:21Z,kylin-Rtl,account.e81a13a7a56f40839af98648edc7b003
2026-02-10T12:02:21Z,tps-Long,account.b4161bdd0a504fc1b532f0d98d29bbdb
2026-02-10T12:02:21Z,HuYa_26760920,account.7da1bbf7c20d4e599841591477da2e04
2026-02-10T12:02:21Z,Npcshu,account.8e4a84ec7ef041b79372b4c9636dbf8f
2026-02-10T12:02:21Z,8898--_,account.25453da6c32e4495a56cc77465ebbfdc
2026-02-10T12:02:21Z,HuYA-SHIYEYEE,account.ff7259a7d56143e88eb334d52274460e
2026-02-10T12:02:21Z,ALi-Xiaoshimei,account.3b3b0bae48f24982a5d76744bf70ce94
2026-02-10T12:02:21Z,7sx-_k,account.23ad7f39b9ec4f6dafd2ec2bf26d51df
2026-02-10T12:02:21Z,BaeSAng,account.b104badf1acd4ae09ce1a32aa87437c7
2026-02-10T12:02:21Z,xfile-bee,account.6c9c9c8058aa4f828fbfca90d596c4fc
2026-02-10T12:02:21Z,26-Jun,account.5883e1768eb244d9bd03a767fcc9bfa8
2026-02-10T12:02:21Z,h0_shxl,account.a91fd6eb2671492aba50a8463f23bc21
2026-02-10T12:02:21Z,8mmmm-,account.063f3eb5505d4386b8fad625a7200188
2026-02-10T12:02:21Z,Encounter-Sr,account.463150ca91c841698b83cd2a141e3723
2026-02-10T12:02:21Z,Watch-The-Moon,account.ead5fc08b9894f98b2f257555b1ea811
2026-02-10T12:02:21Z,Su_2025,account.404af30df84b4b089f2cb3c69ca3b34c
2026-02-10T12:02:21Z,Mini_willow,account.ec0b40c08094489b903ffd00ffbe4ce2
2026-02-10T12:02:21Z,TKL_Aze,account.99a39c8d207a4c92af9f3f414a69dc3b
2026-02-10T12:02:21Z,xrfy520,account.d639b0324501417ebb0d878f935a7a29
2026-02-10T12:02:21Z,Tho__mas,account.41235370988b45f7af9501cea0f49d07
2026-02-10T12:02:21Z,KElllll77777777,account.6415725e45a7430191ef24f835a839fc
2026-02-10T12:02:21Z,TKL_QQya,account.2be79cadd95543d783f798066e13138c
2026-02-10T12:02:21Z,ZGXFJY-PTPP,account.152df45433ab4faaa65fa81bbac9b498
2026-02-10T12:02:21Z,iPhone13Su7,account.19bd1e8bb8bb440f8c9ac9dbb26c29d6
2026-02-10T12:02:21Z,TKL_Vccc,account.31b838267627489e8e6965934b5b199c
2026-02-10T12:02:21Z,FKINGSRAM-,account.17511a88ca9345e1989fd0176de1a7dc
2026-02-10T12:02:21Z,hamoludo,account.f9382e978465452990ece5dc3ad0b2a1
2026-02-10T12:02:21Z,X-Victory1st,account.9e63dac0e752434db00279291b8d60de
2026-02-10T12:02:21Z,Dabaobao77,account.5f7013a6e0c74c62af5e36bcb1abcfc4
2026-02-10T12:02:21Z,5mmmm-,account.cff9f791bb974f13818655ed68cf410e
2026-02-10T12:02:21Z,fenghen123456,account.6666e014ff6946688ee256f0a67be5b0
2026-02-10T12:02:21Z,wendada0821,account.fab77272687e40bda384c8d31ee9ad9a
2026-02-10T08:43:35Z,SPIKE-0KT,account.fb6da2bfeaac45e9a5f3abca6319de88
2026-02-10T08:43:35Z,XDD-WangZhengWei,account.84bdd06d5b794e63bafd346b501cbb71
2026-02-10T08:43:35Z,feng7400,account.cc9515f937354941a040a45be4c098ff
2026-02-10T08:43:35Z,yeonghon2,account.26eca17e4e4149fbb6bee8d2e08c671f
2026-02-10T08:43:35Z,GuaBiGou-Q,account.fae0cd83f6ad48668cda04a4f642145d
2026-02-10T08:43:35Z,yuanbaodi,account.061255b188134e5bb603af3333d18260
2026-02-10T08:43:35Z,NB-daadangjia,account.c9cb6c514c2640759ec4b17c5f83491a
2026-02-10T08:43:35Z,IllIIlIllI_IlI,account.5556cdff9b9f491b8048d9710dd73af9
2026-02-10T08:43:35Z,Empty-silence_HG,account.2c1d978e5ddf433e90bdafbcaf006e76
2026-02-10T08:43:35Z,YaaTengi-i,account.846ac4f6947b4204822678a7980b5366
2026-02-10T08:43:35Z,TQT_SevenNight,account.f8db5d5c3a114407a3b0082b70f69274
2026-02-10T08:43:35Z,Hani-o,account.9799516f3079427eb63434e9d968efd6
2026-02-10T08:43:35Z,9Y_iAn,account.91876f0d26b7448a91197e1057c31e1f
2026-02-10T08:43:35Z,Kz-i7Cc_,account.6c4ecf11929d4e7f9f2cb29367447607
2026-02-10T08:43:35Z,HuYaTV-189316,account.aa0f0b96e0944f67bc9e9d8dc1fd4451
2026-02-10T08:43:35Z,RASH_GAS,account.94ee1625d9de4f87b148109592044f6c
2026-02-10T08:43:35Z,lairenchiji,account.1be402cad8774510b354e3b41c03fe84
2026-02-10T08:43:35Z,lfeelyou,account.8cf1daa06010492eb22c51983ab480f0
2026-02-10T08:43:35Z,EV4NDE,account.ad2b8734f5334a48b4f724cabeb9ace3
2026-02-10T08:43:35Z,QaQ_zhanshen,account.f96c456dd1cf4963af6a04bb1e7054c8
2026-02-10T08:43:35Z,Luweiguo-,account.692002a246fd419a998b22fb40e6d8fd
2026-02-10T08:43:35Z,Regin-baibai,account.f73bb0c399594f599a24a10585444d83
2026-02-10T08:43:35Z,Pg221,account.15099d593b1e4b04bfaa9d7e2c6575b0
2026-02-10T08:43:35Z,A609ZZ,account.2ea0ee91d431405990cf7821f52afd57
2026-02-10T08:43:35Z,tang8088666,account.04020a50ddce494c8df1f341bb2a8024
2026-02-10T08:43:35Z,dy-hzk,account.87dc4a0d730e457789569252cc3ed4a9
2026-02-10T08:43:35Z,8107__,account.599accaef9114526ba6d850fd369a50d
2026-02-10T08:43:35Z,DragonAndRain,account.f90de57116504061b836e956865f5099
2026-02-10T08:43:35Z,Empty-silence_JG,account.80af35e099f4456998abcdec81522169
2026-02-10T08:43:35Z,cj_hao6,account.d6a378090ee746d8b01d29f6b53d9a4e
2026-02-10T08:43:35Z,Regin-Douyinwang,account.c75736c673074a5f96a666d9ff55d183
2026-02-10T08:43:35Z,angeLin_pp,account.1ce5bbcdd6f04966a7ef66a779d7846f
2026-02-10T08:43:35Z,MACHIN_GUN_GUN,account.32cd0107eeda44fbb78b79dedb916445
2026-02-10T08:43:35Z,qilinuo,account.e3cc02a234404041a60194855f801be9
2026-02-10T08:43:35Z,Awonssss,account.8c610483c9f244a18aa3dab9bd2b851e
2026-02-10T08:43:35Z,king2-1-2-21,account.979eb23be87e4429b31a80269547d452
2026-02-10T08:43:35Z,Mr--yunan,account.3caf957fdf544d3e8749e9dc49f21801
2026-02-10T08:43:35Z,oyouwei12,account.6bd831d9863d4f6f90c02eb8c22ecca2
2026-02-10T08:43:35Z,dlawnsdudkillop,account.fecb240f1dd1486fb39f969034aac29c
2026-02-10T08:43:35Z,o0fqtt5q7r,account.af234cd7c93d4f37ba1536cc950e24a1
2026-02-10T08:43:35Z,Good8fortune,account.489add221b3747009eb58b30773c6aa7
2026-02-10T08:43:35Z,Ch1Woy1LaoQ1u,account.d16bed3ed7484d019b0800595faddac7
2026-02-10T08:43:35Z,RetroAim_L,account.7dec1923080c479582b1bde836d2cc0e
2026-02-10T08:43:35Z,Rioters_SSRRan,account.39d75856efc64162a5acd4cdd3087191
2026-02-10T08:43:35Z,WO1rdpeace,account.32b5cfa0141b400c9fb699d46e312533
2026-02-10T08:43:35Z,SanDuo-Gc-1988,account.de0092a940df4a1fa170fbdd970e9a5e
2026-02-10T08:43:35Z,juedifanji668,account.b6c4f5811dc140ef824e24f48fc9f9f8
2026-02-10T08:43:35Z,Kaelixar,account.d3aee2f22455407cad1c739833584e70
2026-02-10T08:43:35Z,akulaMatata-33,account.5d384f6ae5a34b61a3ade2045ca1ae88
2026-02-10T08:43:35Z,Hypoxia_uu,account.e4a5f911aa0747888aa91c61288c5726
2026-02-10T08:43:35Z,Iridescent-__,account.8d4f19a8873f4e4b8958fdad2516f41b
2026-02-10T08:43:35Z,ChangQ1ng-_,account.37b97b3416dc4b1b8f5f68eef3b3f275
2026-02-10T08:43:35Z,Mr_PanDa_a,account.916fbda9b9714b11a76b372b8d9e02b0
2026-02-10T08:43:35Z,9Y-ShuXuan,account.3a674683183d43b59be14e6a02c2d951
2026-02-10T08:43:35Z,Kiling_Godfather,account.4bf3bfb251204dd3892cf06b13002774
2026-02-10T08:43:35Z,dghcl,account.91c151c784b04a0696fd02175bc6eda9
2026-02-10T08:43:35Z,Divivner-,account.a17133722efe436589be0d124d421075
2026-02-10T08:37:36Z,MENGMan-K,account.2f11cbd05a7044a196c73900ad9cd1ef
2026-02-10T08:37:36Z,Poole233,account.3611cb32f0e8453db709ccc4a18905f9
2026-02-10T08:37:36Z,Yong-Ge233,account.21995ab8dae04947930d0eea04d0ca29
2026-02-10T08:37:36Z,Monody-0088,account.8f7f5fcdac2447beba7ec50b72fe247b
2026-02-10T08:37:36Z,Youth_wireless,account.adf0e2c162af42d6b8a48adf99bbcd51
2026-02-10T08:37:36Z,Luuovo-,account.c0cc9d2aca0e4f58bb5d097789006f27
2026-02-10T08:37:36Z,RiAy7,account.da17e6d8477e49ce95f7c7b5f58f9232
2026-02-10T08:37:36Z,HS_JYY,account.8620399a35884aeb9961b97a8b90d614
2026-02-10T08:37:36Z,SYS-Hj666,account.af8a0d8fa23b4fb78652327acf41ca50
2026-02-10T08:37:36Z,crazydaniuge,account.089a92ce11814c6a94cf2d6ede81e929
2026-02-10T08:37:36Z,OLG66666,account.f931c2c9c9404ccf93f8350ad8da4faf
2026-02-10T08:37:36Z,Dous_DD,account.c4f30580ce274ca19c7fd2ad8a2efa43
2026-02-10T08:37:36Z,ghdud2022,account.e394253a6f81411580a0bd96f2b8a86b
2026-02-10T08:37:36Z,zg-hxy,account.f7a879adc4f4417b868375e88a2c4db1
2026-02-10T08:37:36Z,Lucky141414,account.0d891a1f31d14c39844d083fa68c7cf8
2026-02-10T08:37:36Z,Ybsy8585,account.33b0cf08a86b45a8a681d5608133d54d
2026-02-10T08:37:36Z,xuan-xuan123,account.ce94cbfa34bc4cebb95724a3e92975e9
2026-02-10T08:37:36Z,XMH-YG,account.aecbe031deb6401f9825875cc0fd9514
2026-02-10T08:37:36Z,XJ-JG,account.0c559a79fc734a13885ac6927602aa7c
2026-02-10T08:37:36Z,KOREA_USOL,account.93ed32bef3fa4a858d14a1b7e5d3387d
2026-02-10T08:37:36Z,ChinaPower_Six,account.f739097657ca43ff81a1ad62f9367779
2026-02-10T08:37:36Z,Any0567_-,account.743f3d31392d41b6896eedeffbfa8164
2026-02-10T08:37:36Z,chengcheng86,account.c1a721ac783b4c6893a75534a080d5fa
2026-02-10T08:37:36Z,DUBU-______-,account.07c18124b48c49619fc67c3a3ac2ed88
2026-02-10T08:37:36Z,Binky_Way,account.dd1704bc7cfe4a51949cad5fa0fee9c1
2026-02-10T08:37:36Z,Anh_Trai_Ma,account.a238434565ed4deb8048b97e444bd5e6
2026-02-10T08:37:36Z,KOR_Nanring,account.e801325a929c4103a0ec6b2edb449da0
2026-02-10T08:37:36Z,Movescq233,account.f431e14a7d7b4aa58df4dee25f7a98e8
2026-02-10T08:37:36Z,1ix5,account.12229f5ce9a048829db8b4076d1a38bf
2026-02-10T08:37:36Z,ooIooO_,account.171149cb4d5245ba9ca960781304c01b
2026-02-10T08:37:36Z,Bixin_anjing_,account.7fbd4faa970a4533a17693ca211eb28b
2026-02-10T08:37:36Z,SMOKE-LaoK,account.f4b3d6e129e94f138d862db44e874682
2026-02-10T08:37:36Z,DouYin_QI874,account.8e777fcbd144464c9c84e7a3cf8aea2b
2026-02-10T08:37:36Z,jjn780125,account.bb478cf81bc34603bda57fbc180e97aa
2026-02-10T08:37:36Z,cyfcyf1236,account.7c9c0e7b34a646658aeb49ff56572d20
2026-02-10T08:37:36Z,XIATIAN__er,account.1df76f762536421396c7497ef1d5f515
2026-02-10T08:37:36Z,DRSF1,account.2f875cfac84144a7ac206702c568dab9
2026-02-10T08:37:36Z,big-clever6666,account.9584ee242d554384a051f9e77e7f56e6
2026-02-10T08:37:36Z,yyqHzhJn_-,account.a6939f489aba4879b1fa933eb35a4b89
2026-02-10T08:37:36Z,iy99_-,account.f5766f03062346fd840fb45e08c62b3b
2026-02-10T08:37:36Z,sjakswhgdkgo,account.8c21f03fd27242a382a43a86f45a1032
2026-02-10T08:37:36Z,AngZai-_,account.d22f4a24fd27468984687ff47310393a
2026-02-10T08:37:36Z,water7979,account.e57842ec591f4e80875a140721cb550b
2026-02-10T08:37:36Z,Xwar_,account.0372246f9f154b13ae381afabf8b49a7
2026-02-10T08:37:36Z,Vibb_-,account.f5e857d07c9245cb899178ab4c7e400f
2026-02-10T08:37:36Z,SheHuiNiLooNGGE,account.9592af883cad4e6d9b052926a96830fc
2026-02-10T08:37:36Z,o7oo7,account.b4f009fadc224ed385feb8857b5bed72
2026-02-10T08:37:36Z,376518212,account.b440af9a7b584427b4e8b849a6392a5d
2026-02-10T08:37:36Z,500kg_Bxxxxx,account.7cf95331c96f4e7990ded2b6c588e301
2026-02-10T08:37:36Z,MQW_bb,account.219118ecaf5a4331912cc28ac6f330ac
2026-02-10T08:37:36Z,Yvemi-Z,account.1ab4b66e2077432a8c528745bd5411bb
2026-02-10T08:37:36Z,Knell_Lyg,account.cb4667e7ad23465e826838bc87a42bb6
2026-02-10T08:37:36Z,Douyin-maov587,account.d654af911bb54c1ba2b626cac7509a50
2026-02-10T08:37:36Z,blg-clever666666,account.94a72cfd00d24af2b449683f460d35f9
2026-02-10T08:37:36Z,pd92yaovxw,account.a5b903ca318049b1b958b80d65d97fd7
2026-02-10T08:05:06Z,Gz__xiaoyi,account.574b848d065243729eb943bc03bea87b
2026-02-10T08:05:06Z,DShot_98,account.b777995cae924f9f995cabf4774a707c
2026-02-10T08:05:06Z,CamelHui,account.1ca4b700e28d404eafa13821fbd2b5f8
2026-02-10T08:05:06Z,Smoke-Yuyi,account.89aa64b470b04a6a80e7f158c0337cc9
2026-02-10T08:05:06Z,sanyeAK,account.014c9f1c17234b51a5b4aee53283ca06
2026-02-10T08:05:06Z,FZ0319,account.60c4cbd80ff74e479ad3087567dedf96
2026-02-10T08:05:06Z,ForgetZK,account.6d37878ff1e04fcead2cb996ceb5546d
2026-02-10T08:05:06Z,JamesHerdan,account.ba6dfefc605e4714b4a02d878476b783
2026-02-10T08:05:06Z,Fgxxxxxc,account.89c6bde647d6466bb8f4c7234578c524
2026-02-10T08:05:06Z,Mr_Zike,account.e82a8e8a5c0b48b197c7f3aefdf0991d
2026-02-10T08:05:06Z,ik11-_,account.4b3efcaa85064436a8a1cdb8386eb3a6
2026-02-10T08:05:06Z,ic837hpoker,account.9f8d52993edb46eb88bc157b22dbcb2a
2026-02-10T08:05:06Z,DoYouKnowHanpro,account.37df9c6d6cd6454ea510b2e88a25363a
2026-02-10T08:05:06Z,yaoyiyao166,account.8db47dcd01ee4629bda57fdae76abb31
2026-02-10T08:05:06Z,GDX_YangBer,account.ba90c6c9be7e478f8ecebea5b6c02711
2026-02-10T08:05:06Z,CNTL_HaoY,account.cdafeff0752e4f0898a835e23bfe75e5
2026-02-10T08:05:06Z,Passer-by-7,account.92c61639069a4fcd8a82e38c54b206a2
2026-02-10T08:05:06Z,Self7Discipline3,account.0587a8cc089147eaa9408368fb84548a
2026-02-10T08:05:06Z,Wangjiaer1129,account.7f6e2ac48990455ea9df7c706f2ecd81
2026-02-10T08:05:06Z,Fnat1c_0,account.d91fe1e3391f4471aca8a3cf43db5b21
2026-02-10T08:05:06Z,ManShow-_-,account.4bd8d77f21184634a4cd3a1ecb1f1b1f
2026-02-10T08:05:06Z,JINXY1662,account.723b845aee784ea28cafbfc5d8f6dd99
2026-02-10T08:05:06Z,LIt10144,account.4777a660883843d69b526987ee161b8f
2026-02-10T08:05:06Z,56287213qk,account.558b052bcdcb4ebfbfd6b1caa72a52c7
2026-02-10T08:05:06Z,nhtsjhvkqa,account.0268566907b9497b83d30e14c18d9a81
2026-02-10T08:05:06Z,Shadow--Wanderer,account.232c17699c534d9bb801eab537371cb5
2026-02-10T08:05:06Z,KaelthArionYnX,account.db6e401f9a6b4285ba280b2c560b902a
2026-02-10T08:05:06Z,Thee-7,account.39980a00037648a7a3269842c85c7ebc
2026-02-10T08:05:06Z,0so-so0,account.29c08c9208e1423fbefa0afeee8755fa
2026-02-10T08:05:06Z,Prisoner-Moo,account.292954015c124e1e911dc817610a665e
2026-02-10T08:05:06Z,zhixixi,account.78ad80a492bf469b81fcc53f0bb15661
2026-02-10T08:05:06Z,Crazy__Black-,account.5b762b27dd6f4344a580414924497699
2026-02-10T08:05:06Z,Smoke-Bo,account.1fd7b04d22904f24907bcb3ef5fd39d2
2026-02-10T08:05:06Z,CccBin621,account.a129875bfbb740f6aaf70097bc193277
2026-02-10T08:05:06Z,BinG13921,account.90d660b389fe4f78bad3262cf1840d8e
2026-02-10T08:05:06Z,AiQingdao1314,account.02c3a0984ea84fbaa06208aa80a3be54
2026-02-10T08:05:06Z,steve-xiao,account.6c895b57ca7b4aa9a45f7e1ea9251860
2026-02-10T08:05:06Z,GeYou_GuiZ,account.4c978fb4b8b64dd8b0c7e91b0e7ff36b
2026-02-10T08:05:06Z,MF--5555,account.b47e9b0f45dc4d3b87c6b1ea401bcca6
2026-02-10T08:05:06Z,Opju7G8,account.ab4423cd8fd343e385848737ec3e2241
2026-02-10T08:05:06Z,ursogreat,account.e60dc0624f204f1b9ac917f771ecb2b2
2026-02-10T08:05:06Z,Smoke-Draegan,account.9de5cfc39f944bf38cb6527a2947c7f6
2026-02-10T08:05:06Z,echo_zhangzhang,account.b337ad7b35c44eff81437bfccebb8fb4
2026-02-10T08:05:06Z,likebaba520,account.67783ad6cc894a43a0f512e4845d426b
2026-02-10T08:05:06Z,Wusaqi_LaoBan,account.14b4ebec52614d25b3ab4e3185dcef2d
2026-02-10T08:05:06Z,No_Signal416,account.ad138a3467ac48ba8f9085b4cdfc692c
2026-02-10T08:05:06Z,525o_-,account.961fedebdb99430a8d862e822b07becc
2026-02-10T08:05:06Z,Ever_likeyou,account.3d3eaf801f9b42458d3af12f2f81382c
2026-02-10T08:05:06Z,Accy_-,account.d682662afd834c9bb69f3e7cd8aec71d
2026-02-10T08:05:06Z,Wusaqi_kuaxiaqis,account.7b5b68641e8549d2a09ce992310c74e4
2026-02-10T08:05:06Z,pppqqqooo_00,account.8a78c16718cd44aeb4445071a57c731f
2026-02-10T08:05:06Z,jieshao0726,account.278be45d7bd04f03a50f58cd31f5a3b1
2026-02-10T08:05:06Z,Lucky_8KuKu,account.ca4f8983a4cc4d07a2ee7e744e5911c0
2026-02-10T08:05:06Z,DonotShootFace,account.621a73f35cff487d8010ebcfa267acca
2026-02-10T08:05:06Z,Pa4o,account.2389806de6b047c8be1f90d48aba55c6
2026-02-10T08:05:06Z,yuan0898,account.4f942fee2f8444099ab83188a7980e2e
2026-02-10T08:05:06Z,Verce9527,account.fc9d0c4aec234ed5af61297c80a1309f
2026-02-10T08:05:06Z,LAN5058,account.b2413d59297a49feb2f2aa5e7a7adadd
2026-02-10T08:05:06Z,Smoke-Bao,account.067e6382afef4feb8b0dfa3750f86ca6
2026-02-10T07:43:53Z,WL-Han-De-Zhu,account.64921646087848ea8416b6c5e2f9c577
2026-02-10T07:43:53Z,7iver_cm,account.5ea0590b841d40e480bbe087b0336483
2026-02-10T07:43:53Z,bwcxfdsz9,account.d7711de74b7f4aa4b24bfdceca783a13
2026-02-10T07:43:53Z,shenmecaomei,account.29783b1943ea403da0984b73dc4944af
2026-02-10T07:43:53Z,XiaoNanHotel-O,account.9c07a37780644271933da46f7a24f9ff
2026-02-10T07:43:53Z,Xirali119,account.4f0a1774552b42bfb1343318aba1aa34
2026-02-10T07:43:53Z,91_TaoSIR,account.e26aa9f6b4824846a6e0d310e845bf39
2026-02-10T07:43:53Z,LSZL-LaoLin,account.b0c4434325244e5e8d8acc1a93d3c489
2026-02-10T07:43:53Z,xuan-1231ilil,account.0d290cd5745e403099efc349a9a4f65d
2026-02-10T07:43:53Z,ssssswwwweee,account.efce304729dd4a0a8ba94582db600cc8
2026-02-10T07:43:53Z,i777u_,account.7ef375c9208d43f5b22c74233359b216
2026-02-10T07:43:53Z,Y7_0471,account.ba5833d7c51947e4ba865558b3627db9
2026-02-10T07:43:53Z,Zooz--AA,account.c113bb410fef46fa8cdfc70245bbb9f1
2026-02-10T07:43:53Z,bdlfk,account.7fe5b1994c9d40a7a6c14e9ef7c33acc
2026-02-10T07:43:53Z,sorkwlssWKaldks,account.096aabc85eff4799bcb77a1cd3b22e48
2026-02-10T07:43:53Z,8road_K,account.dcee58d63eb84ce583e579cd5481663d
2026-02-10T07:43:53Z,BTHS-9527,account.f0e78093705847e29a8077bbbcdb528d
2026-02-10T07:43:53Z,XIAOYONG__GE,account.aac210d11f074728a776e4783519a0b8
2026-02-10T07:43:53Z,JBovo_25,account.7c42dc0aeaba4d83bf649805041fe74c
2026-02-10T07:43:53Z,tingmeier_0,account.d2d2cdaf746d4b7a8b4ecbe349a08578
2026-02-10T07:43:53Z,LSDJ_DaPeng,account.7470d31451544435860fd2389ec82e62
2026-02-10T07:43:53Z,HaiShiGeChu-_,account.78f629d0aea946cdaf0b398aacf77a35
2026-02-10T07:43:53Z,8road_C,account.4b5f2b4d94714624a6af5c572c50dc32
2026-02-10T07:43:53Z,OidSix9578,account.a313e8e617cb46a9a0c4427a435aaea1
2026-02-10T07:43:53Z,ZhenTm6_,account.44257585693e4b669e70098841b0db66
2026-02-10T07:43:53Z,Xing-Hua-Ag,account.5a123f12099248e7831a487ba12a278b
2026-02-10T07:43:53Z,BBS-DG,account.b8b9e2a100354c0d974212d8cb8d2bae
2026-02-10T07:43:53Z,11111yyii,account.1334be09b63546fbba645885651935cb
2026-02-10T07:43:53Z,KLK2025BWJJ1688,account.85dcf9c088504e82887e0c21feb2526a
2026-02-10T07:43:53Z,Aoho_0316,account.2d3a116c02db44128933ace1010d2070
2026-02-10T07:43:53Z,1999RF,account.86b6963296f44a7d905d2bf9314c69b9
2026-02-10T07:43:53Z,buchaoshi666,account.eaf1908cdb684beabc9a549d8303cc8a
2026-02-10T07:43:53Z,x--s--j--1314,account.ab767874145e4ee383967577354d8158
2026-02-10T07:43:53Z,rushi1194,account.fe8bd19ebb4b4972ac79dc7bb5b7e069
2026-02-10T07:43:53Z,Nine-2-9,account.ba01c7a50a694edd8ffd60f2c118297b
2026-02-10T07:43:53Z,S-lll-1,account.3b246c0d7ee546b3bc3f2c318556c59b
2026-02-10T07:43:53Z,2oeyWang,account.5d1fc810b0e4434996f5aaa0bb54180a
2026-02-10T07:43:53Z,Liang-Txx,account.871379f9d27647de8deb10606f5a07ea
2026-02-10T07:43:53Z,FAN-FAN-0653,account.823aaadfec9e475eac845dd8144ad5db
2026-02-10T07:43:53Z,Holy_y,account.2d7ece9450de44a884b9d90adbc0781b
2026-02-10T07:43:53Z,wluckjtooy,account.751c984a0b5047ba86985833bac7f0ac
2026-02-10T07:43:53Z,Death_VVS,account.0bfa40b33a6749eeb917ec8b33e89b4f
2026-02-10T07:43:53Z,CCTV_1_CG,account.353b72ea757f4d1dbe12fbcb7475714a
2026-02-10T07:43:53Z,SiBzRVuzxeTpE,account.4a1e8a5bf781484f9635bf04bf8e7453
2026-02-10T07:43:53Z,syugsyug,account.dc148cdad8564f23ab1feb19f8d75727
2026-02-10T07:43:53Z,Rzoky--Jode,account.2f139c5ae1864588b83f3d7e64fea932
2026-02-10T07:43:53Z,Lou_19990606,account.a08776a98e4449b8ac1acdcd0da7a4ac
2026-02-10T07:43:53Z,BossAwen-,account.efc9f81895084c5da782a8fb279b8571
2026-02-10T07:43:53Z,Lucky_O221,account.8e54c7a1580941e284a3af81a60bcd54
2026-02-10T07:43:53Z,Coach_Tn,account.e148996d28a14156812ef3da0b323ce8
2026-02-10T07:43:53Z,EDC_TDF,account.1a0bdd2a98cd42dc89cbafc5a0a351fa
2026-02-10T07:43:53Z,nikebab,account.2983529fdb3047e59744e7cb7193b07b
2026-02-10T07:43:53Z,18cmoxx,account.8c50e54851664057a463e057d67d0962
2026-02-10T07:43:53Z,LSZL-YuanSir,account.2d78886e24fb4e3d93e67dbf9e87dd39
2026-02-10T07:43:53Z,MadStar_5882,account.e452b71d780d464f8d3f891094722aa2
2026-02-10T07:43:53Z,barbarity_XY,account.52f92eef5bc947c29da460423b692d69
2026-02-10T07:43:53Z,XX-DOZI,account.d2de925ece9243f0af3c3cdb6987a085
2026-02-10T07:43:53Z,wenzi0721,account.10305bbe69d547ab8850ef327072c959
2026-02-10T07:43:53Z,Crazy_ibiza,account.4dd0000bd4aa4ea1951056ef16d80970
2026-02-10T07:43:53Z,BTHS-Zou,account.1f8393af17884504b6c81f788810c309
2026-02-10T07:34:43Z,yN_1st-TianBXia,account.fd277485fa2c4360ace917299fee364b
2026-02-10T07:34:43Z,S_sssady,account.0f5a1aa0e4dd47be993562957b2b4893
2026-02-10T07:34:43Z,lilaogui9001,account.1162cf0fcac74da88a26672a86b6b21e
2026-02-10T07:34:43Z,xx-0903,account.ef75b86c42af4018a6c3c1070b02fbbc
2026-02-10T07:34:43Z,oi_Dayu,account.bed434b6cbe343108baadfa077792b37
2026-02-10T07:34:43Z,D_DARK_SKY,account.b4b18fac5b814969993ec717c689606a
2026-02-10T07:34:43Z,Hello-_-There-_-,account.812b6be7b3aa41ec892f75e8dc3d4d35
2026-02-10T07:34:43Z,Butterf1ies-,account.f62bdb1220ae444db7752e931d448481
2026-02-10T07:34:43Z,DG98-__________-,account.06b83f861b7e4beeb7afb7a4f49c7940
2026-02-10T07:34:43Z,Miss_XuXU,account.bd96ce305776470594e426b4c7188239
2026-02-10T07:34:43Z,ZzBb1oo5-_,account.8e69392093e449899a7906f4ac212a7e
2026-02-10T07:34:43Z,Pigflyman,account.ea794377e3954bb9a235b58d2f1b9e62
2026-02-10T07:34:43Z,SoLoYou_2777_-,account.5832a42633f94f15a7605d83da4fb930
2026-02-10T07:34:43Z,eggpie1sunflower,account.f91fac757b744fb0a9072c97006b07b2
2026-02-10T07:34:43Z,Panda5926,account.ac868a1e83c44390a3986a194d6d72cc
2026-02-10T07:34:43Z,Zz_J_HAO,account.ebf85b78f14945bba8f48074b2a0077e
2026-02-10T07:34:43Z,Liberation686,account.3795aeadcfac453ea27009d070696941
2026-02-10T07:34:43Z,1iing-_,account.64dc9c8746cf49b2ad2c260a9bb557f1
2026-02-10T07:34:43Z,NBYBOY,account.c25e2d9c06f2457c89d60b6a971ba6e1
2026-02-10T07:34:43Z,Hobo-ronin3,account.0551fe5a3c1f4af7854f3d83ac8cf2d5
2026-02-10T07:34:43Z,kchuang1111,account.d77aa5a1cdb94038bdd049c0cbaab9bf
2026-02-10T07:34:43Z,9birds,account.72bfdfa0de224447b38a6d94b30b0b22
2026-02-10T07:34:43Z,songsong007,account.97c642e72b0948a68485eaf204186343
2026-02-10T07:34:43Z,TZ-1976,account.078e5b97ee1e4875a0eb43a23a9a3031
2026-02-10T07:34:43Z,Sea-ED,account.63ab7409541c40969da043ba2cd55859
2026-02-10T07:34:43Z,nanheyuzong,account.762fdff4528746c493511363db65b8cb
2026-02-10T07:34:43Z,dadaoniuniu,account.dd89f38eaf88481f80dca6f86a09c167
2026-02-10T07:34:43Z,LuLuPig-_,account.9640fbf546bc4ba98f7bf4342d2e483e
2026-02-10T07:34:43Z,TP__988,account.de13cb5913e044e8bd4a10a0fefa2cbf
2026-02-10T07:34:43Z,James-9426,account.8ea62345c6b14caca06b1b2263371b67
2026-02-10T07:34:43Z,NanMianDaXiDaBei,account.b65402b5421f4e0dad2cf52d48ef630f
2026-02-10T07:34:43Z,viMys779y,account.5700fe9deff04bc0a41f604017064998
2026-02-10T07:34:43Z,Assembly-Yy,account.533a747164ce481a8c1f154de2c7f6f8
2026-02-10T07:34:43Z,Jay-Xxw,account.fa554633dc074b4092c76cab7968f30c
2026-02-10T07:34:43Z,zhy71747,account.04f069d530834495a2d5e75e324109c2
2026-02-10T07:34:43Z,R1anBo0w,account.9248ea4b79f743b28f33f7096b68835b
2026-02-10T07:34:43Z,BERYLM762026,account.fd3b622d541d4e1ca35598787b6e384b
2026-02-10T07:34:43Z,b1eTzz_-,account.b29dcbe2521e49308da94adb401e3751
2026-02-10T07:34:43Z,Liumangtu_beauty,account.5ffb475c96ef4403a1df85cc3f7e559e
2026-02-10T07:34:43Z,Rabbit-Rl,account.dc8fd8d82935482b957ae6e707622736
2026-02-10T07:34:43Z,Swh_Very_NB,account.0951ead7db3c40dc8c1430166d70365c
2026-02-10T07:34:43Z,Bz-88888,account.d3e397234448470da702c70256dad6ba
2026-02-10T07:34:43Z,Auroraind,account.09db7faa6a77421a851c22072e4703e5
2026-02-10T07:34:43Z,mxt-yjjllsel,account.bc052daae5e3423b8887d5ddaf445d5d
2026-02-10T07:34:43Z,TCO_Mr-ZHENG,account.f0616abc70074a4ba3c3c5f864a220a1
2026-02-10T07:34:43Z,V5Oa,account.ae352274a47e4e93a600fba92c2715c8
2026-02-10T07:34:43Z,Pornhub11,account.5d40cf7029844fe18b85d778946e63f6
2026-02-10T07:34:43Z,Rush-_-CL,account.93d8d4d18b2a48698a78dc6542f78671
2026-02-10T07:34:43Z,B1e_jiao,account.d1a2f8ee451f45c897e2cf85398fb385
2026-02-10T07:34:43Z,GodLam-24,account.a91e74da817c45bd9f48bb6afd34cc62
2026-02-10T07:34:43Z,sdasc,account.4c58ce9c041b4ba0911d187eae97562b
2026-02-10T07:34:43Z,5am46812485,account.c7d676d4ab7d4a7aa66131cbc7f87d7c
2026-02-10T07:34:43Z,TCO_Mr-LAOLI,account.2e39ade34ac84265be43c2973a856357
2026-02-10T07:34:43Z,TT-T-T-T-T-T-T,account.ee36bade5340457aa905a422ac3a2799
2026-02-10T07:34:43Z,rng_jfz,account.856ae3b5336f4e99bf14bff21806a324
2026-02-10T07:34:43Z,b1eTmm_-,account.a1982f48b982482da2e7ad8c4788a330
2026-02-10T07:34:43Z,b1eTxx_-,account.2d21bebcb1414772bd2a980ef29f8992
2026-02-10T07:29:15Z,PUBG_LENYAN,account.f408b72954bd47b6af37cc2f6b08307e
2026-02-10T07:29:15Z,panggehejie,account.9dccbc3a805b4b398244c8e39671138b
2026-02-10T07:29:15Z,V50--kan-kan-tui,account.06b1627dede34563a579523ad0cf8d15
2026-02-10T07:29:15Z,jsl5588,account.ce44ccfcb3b843eb9a4dcf420f21fbef
2026-02-10T07:29:15Z,TaiUvv,account.f8af420e8192444f8f64791d71176d70
2026-02-10T07:29:15Z,RachelWxx,account.f590bb0460034b45a13fc192019f9dcc
2026-02-10T07:29:15Z,MIN_XJ,account.888fb340047f4d8d893c7dc66b6a2b29
2026-02-10T07:29:15Z,Liebe64,account.4846a9f2e99f43869be0e96a809f7ffa
2026-02-10T07:29:15Z,e5ylgofu,account.b6487d379fda46548b1e9aeec6c9f301
2026-02-10T07:29:15Z,ZHI-QIAN-,account.0268314305ef4107bdb1f7344baa06cf
2026-02-10T07:29:15Z,ty19880509,account.970487738b4b4a13831d8e6701ef1c3e
2026-02-10T07:29:15Z,SkyLiJian,account.5e14ba2fc4e54ceabc8e0171a780ab2c
2026-02-10T07:29:15Z,XiaoTuoLuo_w,account.ffeeba06d703415ba2463e553d2690f5
2026-02-10T07:29:15Z,llffxxjkcs,account.5a1c264fd1db43c6b5256b125eadd868
2026-02-10T07:29:15Z,Farmer2GD,account.0ab02fe8a0d14b44a95ffd170c85aebf
2026-02-10T07:29:15Z,kyqzbb6kg,account.90465123848f464eb6fcd10caf3c0ed8
2026-02-10T07:29:15Z,W0LEN,account.de991e51862640368f9fadc5ca93a620
2026-02-10T07:29:15Z,IK_BaBa,account.be981541730e4608815009577c819147
2026-02-10T07:29:15Z,TYHEHEHG,account.ede12ca0172849f0a74df47054536c71
2026-02-10T07:29:15Z,Pla_air_F_LBXX,account.73eed0552a3043b2914d6a60f7aae654
2026-02-10T07:29:15Z,Lxysttp,account.3daa47676b044f3e877072bb5ee93383
2026-02-10T07:29:15Z,WHT-Ey3QHD,account.6d37144b8d3c450e9bf10cb9e87a4c1e
2026-02-10T07:29:15Z,NO-DNTJR,account.193b468a366a4532a41c2e8363dcbe6c
2026-02-10T07:29:15Z,BewaterMyfrind_-,account.795cb9e2178a4f9ea838a282ea9b8550
2026-02-10T07:29:15Z,nipangge1998,account.19a387c01f06464c9e1f4730fb3ec75d
2026-02-10T07:29:15Z,Globe_-,account.1f0c2c91752442fc9ff2de5eb6f2cc89
2026-02-10T07:29:15Z,Ronin_Dragon,account.eaf58b2f694a43448c011768626f9a6c
2026-02-10T07:29:15Z,6D1b_YanZi,account.abc574990d154639a4f2493f13d42c46
2026-02-10T07:29:15Z,nicsll,account.06204cd41e2c45ef8bcdc92217e1cb23
2026-02-10T07:29:15Z,0-0baigei,account.c09bf29c29384091886c8f6d08d60313
2026-02-10T07:29:15Z,Bolobro_y,account.47911fb8964a400f853e4b905d9b69d2
2026-02-10T07:29:15Z,poloG995,account.2ed46e23d1534d9b91b4252b99a15136
2026-02-10T07:29:15Z,GTO-M249,account.0b33fbc079ed45a69cde03474d98d72b
2026-02-10T07:29:15Z,R6rainy,account.2cceb36714c144edaedc7cf0bc8a3938
2026-02-10T07:29:15Z,yi__wai,account.155dbc7354304c48a4993ea5bd9ad70e
2026-02-10T07:29:15Z,ZhuZhouBeiDuoFen,account.e8c5722f69794750a9a2030e521f95d1
2026-02-10T07:29:15Z,ORclub_Song_-,account.f17d321e9632452889a39bba56b461a8
2026-02-10T07:29:15Z,HLX_Taltalmo,account.cb4425629f174a8c8337867f9bcc8fca
2026-02-10T07:29:15Z,DOR4_-,account.cb986656bd674a06ab5ab54cbf4dd065
2026-02-10T07:29:15Z,lsj0821,account.4848bd7fdc6b4462b510232061f7d2f5
2026-02-10T07:29:15Z,shadyez,account.f2e653287ca248788232dde3de2b7134
2026-02-10T07:29:15Z,MeiMeiBieShaWo_-,account.8c838db132394fdaaf7472968348da66
2026-02-10T07:29:15Z,HOUMU_BUCHIYU,account.d00888c08fba4761a1fd02a09fbd6286
2026-02-10T07:29:15Z,Ik_ReRe,account.9525545fd7af424e9b9001ce46b875f3
2026-02-10T07:29:15Z,1nTo-The-Light,account.b257179f598a4dae8ed6bafe9c7ffce6
2026-02-10T07:29:15Z,0kara___,account.5559993de85b456d8fa34d461a7ec7d2
2026-02-10T07:29:15Z,XiaoYaoYV,account.616538d33bf94edd83f2ac3b3015e215
2026-02-10T07:29:15Z,MickeyYung,account.d35d9862962b47499e996cfc39658193
2026-02-10T07:29:15Z,Pla_air_F_Tttt,account.7339874261b74bfc91b13da7282588ba
2026-02-10T07:29:15Z,GanJueBuDuiz_,account.4e70818e6a124a209d7be4978b0cd74b
2026-02-10T07:29:15Z,HLX_X1He0N,account.ce19c9d48d184b37be96dffe3f6c00ba
2026-02-10T07:29:15Z,SSSSMSSSSMSs,account.34cc135a67d740588ba2ca453c61d1d8
2026-02-10T07:29:15Z,captian111,account.9d79b2ceb4c743c188a470bc118deb15
2026-02-10T07:29:15Z,18CM-deShuaiGeGe,account.d9495bfcbfa94585a910289278c1c5bd
2026-02-10T07:14:28Z,yanyanbuyu,account.77f0952b89db47e2b8f728e960da6e48
2026-02-10T07:14:28Z,OnIookerO,account.182ff81c1cef4d469fdbd06867b38a4a
2026-02-10T07:14:28Z,Magni-Alter,account.10c8e094624f42ed82be77bfb8b36c71
2026-02-10T07:14:28Z,benbenDDD,account.fc6ac27c96af4625be85a9e5f6c09cd3
2026-02-10T07:14:28Z,liuY61,account.e8a2a9d1914d49af9730c3d8b89e8a6a
2026-02-10T07:14:28Z,FeiBoxxx,account.4520659db02548949ff7833a146ccfad
2026-02-10T07:14:28Z,Zo77_,account.7bfcdda58a174992993b1dcbd297b52d
2026-02-10T07:14:28Z,liaihanlaw,account.c55fe120038341b8b759c6c737c70b50
2026-02-10T07:14:28Z,RG-diyishen,account.a89932be1da3407d8a4417eedb4338e7
2026-02-10T07:14:28Z,linxixixixixixi,account.065684d5adb24b2aa0154b4f4a4eea05
2026-02-10T07:14:28Z,PU-778,account.9a7b821f8a3949d394c6a471b699711b
2026-02-10T07:14:28Z,CG--hudeer,account.9cd3bd21a96c442288f1d766a432de83
2026-02-10T07:14:28Z,L-Y-A-W-L,account.7abffddfbacd4e48b7e226064972cbf5
2026-02-10T07:14:28Z,Gouki-nightmare,account.98a8b60529f044e4bf19be31bfd90c23
2026-02-10T07:14:28Z,RG-XZJ,account.2c536e5795d44e75aa66caf2fb2dcaf3
2026-02-10T07:14:28Z,SamMaDeline_,account.db7abe621bfd4efaa9f08088670174fa
2026-02-10T07:14:28Z,SHUANGXI1876,account.55638c6ce44a497096ea15d07b2797e1
2026-02-10T07:14:28Z,Forever_NX9527,account.6d7cafa84b2d461d9adae896cc9c0214
2026-02-10T07:14:28Z,Thxmrn,account.2a43a3fdd3ed4015854eb96a13f5205f
2026-02-10T07:14:28Z,IU_NotbadO,account.704a66a414d049fc9297ebe28fb91424
2026-02-10T07:14:28Z,QyLin_7,account.d464531ae85541c78f3d77489ac0c9ed
2026-02-10T07:14:28Z,RG_xIongDaYe,account.254ec13cf0784ded9e0213d38fc822a2
2026-02-10T07:14:28Z,0635-W,account.b3b0681f770e4b4aa5e9b6240dbdff80
2026-02-10T07:14:28Z,112654698,account.486d8f5ed195422bb9a90ea47743f9c5
2026-02-10T07:14:28Z,MasTerWaynEeee_,account.b5d9dcca7baf4a37bfa6abb130078646
2026-02-10T07:14:28Z,Forever_Mickey,account.957443ddbbb140688fa447eae3b3e20e
2026-02-10T07:14:28Z,caicaide-M249,account.8b87e9b09ae64dd3ba526ff05d57de99
2026-02-10T07:14:28Z,yyl020712,account.e505b3ed3b4c43a38fbebc5bfd98c37b
2026-02-10T07:14:28Z,4AM-xxForeverZZZ,account.01c6e6da2b8546b6b52e257fbe620be5
2026-02-10T07:14:28Z,Scorpio_Colin,account.df7e8fa2766f4936941392a37ad00ae1
2026-02-10T07:14:28Z,BeiJing-Laop,account.2d8370f4ea1e41e0a93de1a2fe9778b3
2026-02-10T07:14:28Z,1_T1aN,account.5ca2a414b663487490f6b1316690c3cc
2026-02-10T07:14:28Z,7Ykay_,account.352534e4a0f846f7a54657ffe5e521fa
2026-02-10T07:14:28Z,LisaMonStea,account.ac4467e723a6491598a9a8cf0fd45ff1
2026-02-10T07:14:28Z,binghunxin,account.09679c8df5f941cb8b84ed05fb397d33
2026-02-10T07:14:28Z,69ua_-,account.2c638acaf15e4329815c0483b1e87807
2026-02-10T07:14:28Z,Lichengyi41319,account.7f1e4fc2e5f44aab835bb7b10bae33d7
2026-02-10T07:14:28Z,Small-small_Jb,account.bbf639d0bf0e416882cec305324ce1a6
2026-02-10T07:14:28Z,GuoYanShang_,account.a90e126344ce40739494444bd0a191c1
2026-02-10T07:14:28Z,FamigIistmo,account.6213d3a5cb5a410f9da6b7ba411abfcd
2026-02-10T07:14:28Z,hefei-789,account.129bc7f7fa404b3ca0e25d7126ae9dca
2026-02-10T07:14:28Z,zzvvvty,account.cd563e6916204f39b76c07eebe59d13b
2026-02-10T07:14:28Z,Lomnitz_TxT,account.c8f79bfccbe048a781dc041f43aaccb5
2026-02-10T07:14:28Z,Legendary_knife,account.6214161a071947b0922cfadee2509f8c
2026-02-10T07:14:28Z,RG-diyibaolong,account.416230f2b8a9498593db51935bdf0f5e
2026-02-10T07:14:28Z,QL9711,account.02ec1f266ae044b2b6200a53dd513d1e
2026-02-10T07:14:28Z,hjz459,account.820a9826f5e14d5d90fcc05162baf3cb
2026-02-10T07:14:28Z,chenxiaofen1,account.35477a9ef0784b2d8b3ebdc667920242
2026-02-10T07:14:28Z,WG-Power,account.dcdd99f042b6408f96a57d2d2bc5c897
2026-02-10T07:14:28Z,17_LpcFollow,account.cdf2ac8329b840edb664c80804071246
2026-02-10T07:14:28Z,55ua-_,account.edfc88e8d6da4604887804526b29521a
2026-02-10T07:14:28Z,Silent_7788,account.7ef58df3a46d4d4789878ce9d32e7a32
2026-02-10T07:14:28Z,MaoZi_QuQ,account.13614d6d51b64a669c4cf9155cc835ee
2026-02-10T06:57:26Z,1zuuo,account.4ec0ee0736024b98a7514c45bca23a91
2026-02-10T06:57:26Z,scx_1620,account.f3dc9bec079f4e11aea12b08a63882b3
2026-02-10T06:57:26Z,QQ2068895409,account.fa2266ccd0a041f1bfac67e6306070ee
2026-02-10T06:57:26Z,MOMO_xlz,account.4283ed2b277b4d2a8da7e5ddc47e8518
2026-02-10T06:57:26Z,HELLO-ID-LI,account.06dc652a092c4485b1ff0d1ef08a7fdd
2026-02-10T06:57:26Z,Sagittarius_moch,account.d3ba283c639c4305b2eb42db5f004a6a
2026-02-10T06:57:26Z,Gang_saoB,account.491df1fbdce7406c97c8843d1663fbb5
2026-02-10T06:57:26Z,JiMo-Team-Y,account.ab76d85bae124ceaafbae421223e3b8c
2026-02-10T06:57:26Z,Dsemo_xl,account.a9d22df90f114eb98abe16e4d3587cf9
2026-02-10T06:57:26Z,Aouora_Haoo,account.70a348a2b1ca44d3b4981da30f69da2d
2026-02-10T06:57:26Z,lzy-91,account.e394127bd3ad4ae9ba90e66b0fbe24a8
2026-02-10T06:57:26Z,BL-Superman-,account.96f83040f7bd4ea89fea98353c831de4
2026-02-10T06:57:26Z,MiRenL1,account.2420962343db4c3cb213fdf684831aca
2026-02-10T06:57:26Z,LDJIANCHAGUAN002,account.2768b7c9da3d44399be86168a777b814
2026-02-10T06:57:26Z,BornFreezZ,account.5148b64383d840d195847bf1f1ab5eb5
2026-02-10T06:57:26Z,Aquarius_iio,account.53a5a2d248e047d18a12b68f4d037a21
2026-02-10T06:57:26Z,nongxiaoguang,account.50f6975cf1d44f74aa65fefe30d30bb5
2026-02-10T06:57:26Z,Fe1bb_,account.d70e3f21739e45248c1b71e5a8dc3bdf
2026-02-10T06:57:26Z,LDJIANCHAGUAN001,account.1570c23d9ea3464bb7247672ceb86584
2026-02-10T06:57:26Z,GG_B0nb,account.ba4fa90e69ae4a16bd99259b0f263a83
2026-02-10T06:57:26Z,Yongyuan888888,account.46aea0af9f6c4aef8d80287c1f7df0de
2026-02-10T06:57:26Z,Butcher_0918,account.bc4da08048a74a26aedd9b537eb622c9
2026-02-10T06:57:26Z,JamesMan23,account.436248eed7464722b49fcb6efa65f3cb
2026-02-10T06:57:26Z,7Yueyalo,account.a63ef72b28274bf183f86656cfa32ff0
2026-02-10T06:57:26Z,PA-PP,account.a9cbdf0e33fa422db8d1729b18ee51ae
2026-02-10T06:57:26Z,Death__TK,account.ee582c78ddb142cd88b7a3db8b35aeea
2026-02-10T06:57:26Z,dsyhan,account.da481d0c945243018e8cc70d6f4b0024
2026-02-10T06:57:26Z,OMGlionkk-_1,account.d084d213f5cc469487a08b237ac62c83
2026-02-10T06:57:26Z,Butcher_0706,account.de8e215ba19845f583983366b7b2b578
2026-02-10T06:57:26Z,babycucu,account.65407141c405477aa02eef7e34b1fae5
2026-02-10T06:57:26Z,Gods-gun--,account.6e8f7b862089432386646caa1f4cd021
2026-02-10T06:57:26Z,CQEC_yanhua,account.715b1085d99c430fa4acb26259833aa9
2026-02-10T06:57:26Z,laotaook,account.a3348c09adde459ca406f81b2f37e75b
2026-02-10T06:57:26Z,NONGxiaoguangB,account.b60dc6b3b947412f8b0c1f2dcce7f58b
2026-02-10T06:57:26Z,dbJ_L0gAnFps99,account.6959e4ce0255496980b0bae2adcdaff8
2026-02-10T06:57:26Z,Pek-Soho,account.77d8decd00594d559a9649c39c9fada1
2026-02-10T06:57:26Z,Encinl_,account.c369f2f5b31d463baaaf7229f5061139
2026-02-10T06:57:26Z,asdeqeY,account.394eb43a88c04e27a697a45e7b3739be
2026-02-10T06:57:26Z,Matadagas_-,account.038bb45fd2154aef939e9b3444c73d0c
2026-02-10T06:57:26Z,EzreaMenG,account.3ed1e485bf17401b956ca477f93992fa
2026-02-10T06:57:26Z,Yanan-_-,account.6f7baed08b2f4d3a9652e81067907970
2026-02-10T06:57:26Z,Gang_SB,account.985595de540a423c86af08b56ce2e0e1
2026-02-10T06:57:26Z,Gods-gun----,account.0e26e35aad714ba5a789e8bc795e2654
2026-02-10T06:57:26Z,912t_t,account.d6254173e493423b827b3f9cf1664fcb
2026-02-10T06:57:26Z,ninainaidetuide,account.822b209650c04cbb8a39f488ce6dcd35
2026-02-10T06:57:26Z,Ao-Tu_1,account.7ae3b809ecbf4a1393fe86b74b8c43b6
2026-02-10T06:57:26Z,ADD_Noie,account.a599bae2d25448b6a1ca4f85032baf2a
2026-02-10T06:57:26Z,Da1Da1_C,account.87ef75844a2947c88dcb805de7d7db5b
2026-02-10T06:57:26Z,Gebi-Bigblack,account.abf1a64ddced400e93241aa7804284db
2026-02-10T06:57:26Z,batiesmAQ,account.ec64639731974c899cb84f69d157968b
2026-02-10T06:57:26Z,Sat_000,account.b85c8aebdbd54ede8f316175e7f7b2df
2026-02-10T06:43:16Z,tonghang6666,account.ae6f09ee33dc447d8e3198b3ecbf0cd0
2026-02-10T06:43:16Z,GenG_Seongjang,account.4ae61ab784f345bcbb4e07f94f2284f5
2026-02-10T06:43:16Z,i8587_-,account.95cf0b8154f1402ba5c1e6d942d0bf75
2026-02-10T06:43:16Z,Slayer-9527-,account.6ddba080b2344be3aa73342bfd24eb7a
2026-02-10T06:43:16Z,OnePiece-DRAGON,account.c1f765b6e1044fd0bf9631f249d8d72e
2026-02-10T06:43:16Z,John_Smith1945,account.92ada19f45044ee0810ed8f4674f1b74
2026-02-10T06:43:16Z,0108_---,account.68f6c7057c42403d927899a6d65d5769
2026-02-10T06:43:16Z,Acepilot007,account.212d6fa3562c484684c1b0ae685b1eb2
2026-02-10T06:43:16Z,huya_qunge,account.fff46ac5ca7b415a9c28a18a9a4e19a6
2026-02-10T06:43:16Z,47xzppemesk,account.f33355261c72446cb03876c5b5f84b64
2026-02-10T06:43:16Z,i-xio,account.cf744488941446ce99dc04fc589cc6bf
2026-02-10T06:43:16Z,LoveJk-_-,account.ca6566cc48914492aee69a910f3d08fe
2026-02-10T06:43:16Z,ZZC-WJ,account.d74399dc33894077befcffb0ce9bd169
2026-02-10T06:43:16Z,Sunshine_deft,account.fe16b52529b449558adf9f848704191d
2026-02-10T06:43:16Z,Predator-XIE,account.162b56ce98174ecd9fed868ccf9520af
2026-02-10T06:43:16Z,Lovable_Ran,account.9f0e609d14b943ff85118a03d9cfe0f4
2026-02-10T06:43:16Z,iooby,account.b3eb0919d06240a98f7cbce8e38e869d
2026-02-10T06:43:16Z,XiaoLiangMM-,account.a734b3bc928046219d0bc0bd24ba22d7
2026-02-10T06:43:16Z,S_Minox_-,account.4979a96b8074460ca1e8e1fe90c33505
2026-02-10T06:43:16Z,Zzz_Frederica,account.93aa29a7092f4c47bdb670a63de3f7ce
2026-02-10T06:43:16Z,Himmas_,account.1f451f6616ba49298dde858168b9fbc1
2026-02-10T06:43:16Z,vikingok114,account.b826eec79f594d83bf0cf3757c0f0d1d
2026-02-10T06:43:16Z,Dabaito_-,account.daa3763b76a84f5291aaf789414cbe7b
2026-02-10T06:43:16Z,Lee_TianJi23,account.8210aa99f839465cbff2ca1a9850e149
2026-02-10T06:43:16Z,86ob,account.9800342bfcc84002a0a4caeb35bd2f48
2026-02-10T06:43:16Z,Lovable_Duo,account.88aacf8bb1ee4d46b80f23416bb71ddd
2026-02-10T06:43:16Z,p6rjfb,account.f0623cac9e384c04adf3969f7acaab1a
2026-02-10T06:43:16Z,Killer_Dac,account.ff1df97a99e34e01a2e90239d989ed92
2026-02-10T06:43:16Z,9406-AH,account.718ac1a0914d4756a14a9deac2ef8191
2026-02-10T06:43:16Z,17_divination,account.1b68c1da03644659b8a456537749f9e3
2026-02-10T06:43:16Z,HHHHHHHHHHHH____,account.b4bd3a56ecee491ea028dd7ae7001f1f
2026-02-10T06:43:16Z,Me1Zta1,account.81dd7ccc0d4b4548ace78a2fc9ebf96d
2026-02-10T06:43:16Z,Puffwawa-3-,account.367c5b351fae433db27a730ac4e3e5ee
2026-02-10T06:43:16Z,BaddoG--Y,account.e19ad9a7193c432bb1ce49d152a7d73f
2026-02-10T06:43:16Z,HUIGE-hunzi,account.ccadffb78ccb4ff88c2d8618b2d6a773
2026-02-10T06:43:16Z,Yn28,account.9a9adb74f8fc4894ae196ab47e623332
2026-02-10T06:43:16Z,GarbageGG-,account.17da91ba2ae84c569c1e3837f29bcfd1
2026-02-10T06:43:16Z,tang-_-13,account.99a8e9f7f5274fd8838279184d1f2e7f
2026-02-10T06:43:16Z,GJ_JCYLZ,account.d060fe0dc6f840df8ea7d2874b833298
2026-02-10T06:43:16Z,Shadow_Hunter-0,account.de04a404ff784383aa2b10e35a0e8f7b
2026-02-10T06:43:16Z,BEe12eBub_,account.9516fc8ed17f4982b1e5ae4c41ba0c75
2026-02-10T06:43:16Z,SoulHarvesterHH,account.a0a4350273e14dec83b63f55434785ae
2026-02-10T06:43:16Z,DoikDoik_-Fav,account.c6c4d17bb343439e95ad5d90f90478fb
2026-02-10T06:43:16Z,sunjian0101,account.f0989f4195394627a288a9b16523a816
2026-02-10T06:43:16Z,ProPlayer-2KD,account.0846072e10a442c1952312df3a664786
2026-02-10T06:43:16Z,bestW1SHES_,account.eead56b633b5402e82430bbf57dcda23
2026-02-10T06:43:16Z,aespaislove,account.7b122c6cd97d468abac4bb3e400da2e0
2026-02-10T06:43:16Z,Lovable_Max,account.c16f40717d4541cda802aa9f8dd78c77
2026-02-10T06:43:16Z,Wo1Song,account.43052ec0b1d648089ca641f40a049dd3
2026-02-10T06:43:16Z,Levensten,account.28ffb03bffaf4be69e4b6496b7fd2c6f
2026-02-10T06:43:16Z,black_jiho,account.2edcc787c03f4a1188894c605c332e61
2026-02-10T06:43:16Z,1Tap_-,account.406dbcb608fb4d7ebcb177b4b825166f
2026-02-09T17:48:57Z,5rgasm_seok,account.5334f6ba16e74ec09681ddc36cc4c936
2026-02-09T17:48:57Z,sroll-,account.46ccdde8271b4651ad9acae3028b9235
2026-02-09T17:48:57Z,9Y_6gege,account.d2edd41f2d6045bea6b5230da1c49610
2026-02-09T17:48:57Z,GYE_PangHu,account.33c754fdfe784630a5cd28c04eb93a81
2026-02-09T17:48:57Z,duish1,account.83142863b5644f119be7695887c32e2d
2026-02-09T17:48:57Z,W-mmmmmmmmmmmmm,account.538013637c304afd8984dd292d3b63f3
2026-02-09T17:48:57Z,Benjamin-FPF,account.496fc1710bc542a78bbc740118209e34
2026-02-09T17:48:57Z,OmOvOo3o,account.316f2d8ef41d4cfd9889b50732fa970e
2026-02-09T17:48:57Z,wxhxaio,account.e97047f31fc741ce8d442189a7c53b56
2026-02-09T17:48:57Z,NLclub_XiaoAH,account.e2266a41eaa44e258e1a9b68e1d3831b
2026-02-09T17:48:57Z,UnKnxxn,account.4469d521ed4c455da34d25ccf4e0e816
2026-02-09T17:48:57Z,GRR_1cx,account.afb8e84f19884a2dbb6ce3c9c062e773
2026-02-09T17:48:57Z,Grayyyy-_-,account.7fbc22d61e7445da951aa46350355f7a
2026-02-09T17:48:57Z,ii-Bochen,account.1cd5c7e13547413185237d11c2aa4882
2026-02-09T17:48:57Z,vsHYUNJUN,account.17e27ee59d6744088aef5b45668256b1
2026-02-09T17:48:57Z,DouYin-BoBoGe,account.e6b8cfc8bb7c45aa92ee75eda537b1de
2026-02-09T17:48:57Z,LEG_ChuY,account.91e77bc3fa724782968dda09096837a4
2026-02-09T17:48:57Z,Celebrity_,account.f24ab24a42c54e039f4e95b0e5514d46
2026-02-09T17:48:57Z,FLCN-Kausar,account.6f9360899c394179b467dd05e8b9b91b
2026-02-09T17:48:57Z,17kis_,account.568453346837477db4853671a2f18240
2026-02-09T17:48:57Z,Hyekaza-1-,account.87ae90fc18fe4abca14fac0dde7e6ea3
2026-02-09T17:48:57Z,TlomL_Hr,account.d3526a392147470fb7d653fd8db7393d
2026-02-09T17:48:57Z,Ayuuuuuuuuuuu-,account.fd45c854f4ea45ef94b4edfa5f8ef09b
2026-02-09T17:48:57Z,W_sssssssssssss,account.6ef30811b0694ce6aa6585b7081b9985
2026-02-09T17:48:57Z,vip90988,account.c493fb3233b546baa62f9e3482155fad
2026-02-09T17:48:57Z,KrbyZ,account.5cb1b170e3b64acea6c4568b77612a05
2026-02-09T17:48:57Z,Nobb_Bcok,account.a1a7f6ef68054dcd98b428073f46da4a
2026-02-09T17:48:57Z,butcher1-,account.a376445e693d4bc18e6a72f0e45dbfc3
2026-02-09T17:48:57Z,KR_M249KING,account.12959ad651d645c38fe9829765dd144e
2026-02-09T17:48:57Z,wangyulihai666,account.c9e6011e708a4c6580607187117928f8
2026-02-09T17:48:57Z,Yang---Zong--98K,account.6985fe631a8a496d8353d6f2b4e7c16d
2026-02-09T17:48:57Z,Explosive_Zyk-_-,account.6fc41f1c3fc741559058f24220770b25
2026-02-09T17:48:57Z,Panta_110,account.a64ffcc293a54ac0902b4d8f66eae365
2026-02-09T17:48:57Z,YCBaByA-_,account.5184e0e3b84441cf968796278ae1e892
2026-02-09T17:48:57Z,O7-13,account.24f91a1cd9ab421ab068e428d6abdc1e
2026-02-09T17:48:57Z,LALAONI,account.162711f187864af38fc8edabbcc2fa11
2026-02-09T17:48:57Z,77-_-WYZDZ,account.106d458d6ade439b913ff9bc56e6d5ca
2026-02-09T17:24:24Z,KaZra_-,account.cdf6fd61c5ff4b8195bba535ebd6fd23
2026-02-09T17:24:24Z,JDG_SuZe,account.394a8775b60745baac9d172c4f581830
2026-02-09T17:24:24Z,JDG_Dec12th,account.5f9cc3910da740768345db01cec5ee24
2026-02-09T17:24:24Z,S2_NooAK_,account.8d5b9fc5e0b04dc68cec49ef43347ef5
2026-02-09T17:24:24Z,S2_purple,account.955db6d1b0c047b8b718bc47e0a48d99
2026-02-09T17:24:24Z,Hyun_JeJudo,account.4b7d1724ac8f4fe4bade22a10ff4f82c
2026-02-09T17:24:24Z,S2_Yo0oP,account.024ae563f2c6424893f6b1dbaa927ed7
2026-02-09T17:24:24Z,GJinHyang,account.23092dfa60704411a4c5af752489a052
2026-02-09T17:24:24Z,I866,account.f81bffca44244106a940ff7962b0df5b
2026-02-09T17:24:24Z,ZAANGGANG,account.eacf2ca69b57452c980b944b3979892f
2026-02-09T17:24:24Z,HORANGl,account.8a95108a8c7d4dc589543858668335b0
2026-02-09T17:24:24Z,us4zqo0k4,account.2b7f8a10da7342e4a4637ba2ad2d2940
2026-02-09T17:24:24Z,Shakya-_-,account.88f70728623e4042aec6e2ca0eb74df4
2026-02-09T17:24:24Z,TeamSentier,account.db16c28fe7ef4eb4a07f9d5808dbd2c0
2026-02-09T17:24:24Z,CCG_HuaHua,account.b3736a1dd12541caa214a0a42a5cd0b6
2026-02-09T17:24:24Z,JiuAiKaiZenMeZhe,account.b151123b1fcf41538423e3c87c7bed95
2026-02-09T17:24:24Z,GMinHyang,account.560ad71c952b4afba23ec376ffe6b150
2026-02-09T17:24:24Z,solbaron,account.a09db650dace401b85bb5264fba6540d
2026-02-09T17:24:24Z,VeilSidE_,account.9dfaf97c010844508a2cdb7f8422c8e6
2026-02-09T17:24:24Z,Tracker2,account.27a7026d5f0240d99d4bf5d08b97c11e
2026-02-09T17:24:24Z,2tap_CTRL,account.e57d6bda46e04fdfa6a2b5ee3203914f
2026-02-09T17:24:24Z,D0BBY-1S-FREE,account.e174a69b33604b89b29b13aea4444750
2026-02-09T17:24:24Z,KR-2st,account.ba1ad5f7ba3e435299c3c86d081225e7
2026-02-09T17:24:24Z,Solo-00000000000,account.1aa50608487c477ebac1c966633e9405
2026-02-09T17:24:24Z,Very_BuDuM4,account.65dc19dbb405474283b9cb32ce0666fe
2026-02-09T17:24:24Z,Beaut1ful_Taoge,account.b91dc31997d443109827289b9e9828b9
2026-02-09T17:24:24Z,XL-Justice,account.fb4e90c4a04b4aa780557bd9600b84b1
2026-02-09T17:24:24Z,7HAl77lOF,account.e62ce100e23e44fd95d365e6fd4a2901
2026-02-09T17:24:24Z,Aikzy,account.17e8707af6d5409b86accf7d9b4cb72c
2026-02-09T17:24:24Z,B1ere99-_,account.74c523b6845e46b0a124da175188a158
2026-02-09T17:24:24Z,Yxzzi,account.9319cb50d202437b82f8f670aff61498
2026-02-09T17:24:24Z,O523-__-,account.616925607be9419086f17aaf8c8c498b
2026-02-09T17:24:24Z,Xiao_Tu_ZaiZi,account.27358cb9b9274f828ccb1840086ad80a
2026-02-09T17:24:24Z,7uOo_iiiiioYyds,account.7db5c6a64d384872b9d8b5bfc1d191ac
2026-02-09T17:14:18Z,Star_H-X,account.cfdef8d36ac84485855277e68095aa86
2026-02-09T17:14:18Z,IKUN_wsXiaoHeiZi,account.eb6ee186fa63424ba635b0875e01550d
2026-02-09T17:14:18Z,yyg-6666,account.f33154681a894acab3a8bbdc1a6c14a0
2026-02-09T17:14:18Z,CHN-LeiGeGe,account.39ba86db796a4e869a19530294b92080
2026-02-09T17:14:18Z,0211-,account.84af967de2cc440b88cc26a5d29001fb
2026-02-09T17:14:18Z,Foolish-Me,account.800edc1d894741a78e7af51d470612df
2026-02-09T17:14:18Z,CSkisswuxin,account.924e8ab5b1864799861d885057e8334e
2026-02-09T17:14:18Z,PGone1npm,account.f3f616858fb641089c0db4b22d26ae20
2026-02-09T17:14:18Z,FIvtack,account.7a29c0d07fc947219c7e985ade3406cc
2026-02-09T17:14:18Z,Mr-Chi1949,account.235a816ff6674597ae0d4a4146ec9ebc
2026-02-09T17:14:18Z,ZYZ-Echo,account.828ea381955849b2ad2502d70845a65a
2026-02-09T17:14:18Z,ROMANCE_1314,account.39ba07d4d8d04f21b6cbcc12244eb1dd
2026-02-09T17:14:18Z,89800,account.3be46f13491d4e18a79177398de52cf9
2026-02-09T17:14:18Z,Klyan_XXX,account.dfe8bf0d8d6e4a19b5e2786bc95fed7d
2026-02-09T17:14:18Z,My_Name_QiaQia,account.b0cdc72d3c0742f5a39a732ee23e8888
2026-02-09T17:14:18Z,Namelessssssong-,account.d540f955e0ca442f966681f177fca4c5
2026-02-09T17:14:18Z,FreeDom5_,account.d28c61274bb048798e6854682bf43b0d
2026-02-09T17:14:18Z,Fantasy32_27,account.607f0498664b46b68390a75efad178db
2026-02-09T17:14:18Z,DUIJUDEYING,account.ed92e7c7189b4ecf8c2b8af775c146f2
2026-02-09T17:14:18Z,GIN-ZZA,account.30847af750674db88dc4bfd9d07a8dad
2026-02-09T17:14:18Z,Darlingsweethert,account.adfec117bedc4a48b545e9a61f29137e
2026-02-09T17:14:18Z,HOG-Drunking,account.5709cb0904424d61b456e80f9799d4d4
2026-02-09T17:14:18Z,tiancaizhishao,account.9c435d1441cb4dd2b6a63e397f599d6e
2026-02-09T17:14:18Z,0i17_,account.e777d7d5cedb461fa7c6a82dcc6c83f9
2026-02-09T17:14:18Z,What-happens,account.9ac9bf946c894c559783af4ad2669f39
2026-02-09T17:14:18Z,Huang-1103,account.9e526045b0b44fffa70d7715fe57a9b7
2026-02-09T17:14:18Z,Rampant5_,account.0187aaaf83cc4973b328c2da5c5e70c0
2026-02-09T17:14:18Z,mimimimmmmm,account.cc805e6db2f7400397f20a755990f3fa
2026-02-09T17:14:18Z,JinWanda__LaoHu,account.65ff1cd6c8bc4554af2c4dd308e83225
2026-02-09T17:14:18Z,S2___S2___S2,account.9413172e83054f69a765890ffa47227a
2026-02-09T17:14:18Z,China_CCTV-66,account.fc868c044c36454ba0d18a15bd3c90e5
2026-02-09T17:14:18Z,CAT-SNAKE-TONG,account.d4e8dbc52a0a439086349f3594868934
2026-02-09T17:14:18Z,peter-real,account.f5690eb767ba45b4ad66581ab62b53ab
2026-02-09T17:14:18Z,UO_OU,account.961bf8f1c389460987d6a448c7b8d03a
2026-02-09T17:14:18Z,BPL-007,account.dbb643f3b6354d2f978b0cf50ae6cd80
2026-02-09T17:14:18Z,YCGP-Calm,account.00d8c9b32adf41aaaa92d259aae8be0d
2026-02-09T17:14:18Z,DNL_CY,account.a611ed8745b0486f951435887b677c2a
2026-02-09T17:14:18Z,Yu1-_e,account.05f2d5b725a24d31b8eb8cc0da3a4fbc
2026-02-09T17:14:18Z,KuaiLeShiLaiMu,account.7dd2adb67bb140e4ae15b38623ef2183
2026-02-09T17:14:18Z,KR_Ackerman,account.8c26b854cb1a4e879a3afe3b02a4d5a2
2026-02-09T17:14:18Z,DR_369,account.87952f3bef15467f883dad5815813698
2026-02-09T17:14:18Z,xT1anQvQ,account.c0e87967d8224a4d940a0f4d447e23f8
2026-02-09T17:14:18Z,Seev1n,account.3062cc8617fd4e97b96b74bd02e25645
2026-02-09T17:14:18Z,IIlllllllIll,account.8cdccb2aa56e486b92e5e922786a52c9
2026-02-09T17:14:18Z,IntelFanta,account.46e98f4898ab498c9f8ddd4739abf4ad
2026-02-09T17:14:18Z,FeiYu666888D,account.3cb07866367b4c379f1165331598ff33
2026-02-09T17:14:18Z,Gei8Mao,account.6d9146ff44e849e982997ced7a55bbd3
2026-02-09T17:14:18Z,MD_9527-,account.b399d270e63849e9bc424ff23fa47ea1
2026-02-09T16:42:44Z,JypppppJ,account.ada81adb2ca7414186cd426c95b34b81
2026-02-09T16:42:44Z,DaSheng_2tap,account.94f18184ca6a4a4db96208e28e469678
2026-02-09T16:42:44Z,shuangjiang1006,account.fbd493eed054400582749047e559145a
2026-02-09T16:42:44Z,AKuma_-__,account.b61fbc1e4ca14a7d84cbe711da28d5a5
2026-02-09T16:42:44Z,BaoZaoDeWang,account.2f818036068a429697921d08bcc24c5c
2026-02-09T16:42:44Z,Fyicc_,account.b2094c24dec74409ad0c7ddd056a3dce
2026-02-09T16:42:44Z,Bmhp45T6bwqcF,account.555832eac7e14421893001ce6c70f41f
2026-02-09T16:42:44Z,iAcro,account.446b54958c264e0ca0993562b726db38
2026-02-09T16:42:44Z,PiPiJingPPJ,account.3006d8c217ae4d4c9308d9e688cd2a16
2026-02-09T16:42:44Z,E-oopp,account.22c7a83c395f430688c727e094e05ec3
2026-02-09T16:42:44Z,chary1993,account.2d7f4713c27b4f0c9cb50a3cb738b389
2026-02-09T16:42:44Z,jlin32,account.85207325691342349dbe84e12efc494b
2026-02-09T16:42:44Z,Dadai-Gua,account.36d2a27827b04b4fb162356439111ae9
2026-02-09T16:42:44Z,Hoshino_9527,account.adeecfcfc7664b98927dbd87be973703
2026-02-09T16:42:44Z,KKAttack,account.4fc7837148254f0ca9ad5ba157c39cb6
2026-02-09T16:42:44Z,MGL-dawa,account.9d42f46697cf4316b45b9af08e817a70
2026-02-09T16:42:44Z,PATEkPH1L1PPE_,account.dea970b70bad4cc09113d88a18b638cd
2026-02-09T16:42:44Z,James197,account.9b2d5a811754478ab759edebe5ddee16
2026-02-09T16:42:44Z,b1eGaoBaba,account.79198750c61c4716be5e6e942359c7f5
2026-02-09T16:42:44Z,DY-fenggou,account.376c9227c8c74fd586fbe5135098fe73
2026-02-09T16:42:44Z,AierBude-xoxo,account.a6dd11cbba02447e9ea0cc274142d078
2026-02-09T16:42:44Z,AierBude-xxx,account.a692d9ae3e8d4c99bca30ddbd283be5e
2026-02-09T16:42:44Z,Smile_mon,account.758639d0cf1b4c4a929c27235339f446
2026-02-09T16:42:44Z,7AyII,account.abaffdce08494cb7a98d8baa46fdc541
2026-02-09T16:42:44Z,EnticE-MiQing_-,account.f4e985609f594d52ba547e9b19e44c48
2026-02-09T16:42:44Z,Tearest_,account.0a75f55c7eda483fb74dbf99478adb34
2026-02-09T16:42:44Z,Pirates-Jxy,account.e28a3c43b9024ec991f8ef1274e4b2da
2026-02-09T16:42:44Z,0972-saddam,account.186ede6ed80d4007b38dc2b00f68b150
2026-02-09T16:42:44Z,suitu007,account.7cc92d43a78340d483b9c240d4b40e36
2026-02-09T16:42:44Z,Lsz_Lajiao,account.5fb1f167415d4baba438b67b740cd46d
2026-02-09T16:42:44Z,EROGBao_,account.005cddd0bb11469594d9ce806f451286
2026-02-09T16:42:44Z,A1MoDaMiMi,account.d117c6b7ac8040e48134d08f930598d7
2026-02-09T16:42:44Z,tuzixiaojiejie,account.9efbe2bcbb35493291371425c1d12504
2026-02-09T16:42:44Z,Ak1n_ovo-,account.e290b768a1c9486589e0d7f337350cac
2026-02-09T16:42:44Z,D1Y1ShenQ1ngNan,account.9b634ee476c64f4e98fd9ed4ad85aaee
2026-02-09T16:42:44Z,4Hero-CannonKing,account.e0ecf94169d94d66a1e98a73b2f94b4e
2026-02-09T16:42:44Z,icecoke--,account.d5c76db8044e4a26b86dff10af1f2c72
2026-02-09T16:42:44Z,Mongol1a_WuLa,account.5b720e5b47064d4294dc3534127ceca0
2026-02-09T16:42:44Z,AierBude-oxox,account.df1eee7c61a24f2490aa88668f7fe803
2026-02-09T16:42:44Z,Outier_-,account.152bd78bfd5243e3a506a780ae24089f
2026-02-09T16:42:44Z,PZIHAO,account.b0be1ef21c8a4741b88ba730d558eaf0
2026-02-09T16:42:44Z,HZ_long-_-,account.47fd2f37bcbf47b980ecc66c8698b4f3
2026-02-09T16:42:44Z,0c6i_,account.97a632e9b582481a9c6070953d32d496
2026-02-09T16:42:44Z,Cute_commander,account.762a7b361669429fa65e8cdc1eabc406
2026-02-09T16:42:44Z,ftz-720,account.edf466b2d9eb4a92aa5dbbc4ca511658
2026-02-09T16:42:44Z,xiaoxieewudi1,account.7cb5fb1b371b45c6a623d84c096060d7
2026-02-09T16:42:44Z,Ypmfbff218,account.a13c7cb02d9749f1b2da6e9c14ca5053
2026-02-09T16:42:44Z,K_Demonios,account.4cb77f90737f451ab26b404d0b601dc3
2026-02-09T16:42:44Z,Bigdiao-Xwb,account.87a438e90de3483abe65f9320cc6b9d3
2026-02-09T16:42:44Z,10086-ming,account.9df038aabf6a493a9b188a0a39dccc02
2026-02-09T16:42:44Z,Release--1997,account.04ff946a1ade4446ad3367e7b98e0f2c
2026-02-09T16:05:58Z,Bnaa_-,account.b153ae0c32834797a1e5d6e6fc445815
2026-02-09T16:05:58Z,Mr_ccccccT_T,account.7bfa97229c984d3cb13cd8611618b41b
2026-02-09T16:05:58Z,natianai,account.e09c512fc6ee4f89b8fd272697e7144a
2026-02-09T16:05:58Z,Hastr-,account.38fc074fd9a648cc85155dc0b124ceea
2026-02-09T16:05:58Z,JasonChenlOVE,account.8cc4ce79722047da94ef75a48709e002
2026-02-09T16:05:58Z,Best_Ash,account.2ed2ce5d9db743c3a089b22b85b23f77
2026-02-09T16:05:58Z,baba_aini_520,account.3954121def494448a06c6e7f41ca7c11
2026-02-09T16:05:58Z,wangjunjiewm,account.75de5cbc0c42472e919958ae5f8444e5
2026-02-09T16:05:58Z,Red-Bull-00,account.2c42c4ea2fa245e39f22360baa40ac79
2026-02-09T16:05:58Z,4AM_8561,account.ea7b05938a2b440db21035659a9de31d
2026-02-09T16:05:58Z,Antelope_Y,account.aec9e2c91d6a47b7b43b40566fddf8fa
2026-02-09T16:05:58Z,JIUHEDUOLEYAOKTV,account.f55b97a759214abc81ee76878db49ee1
2026-02-09T16:05:58Z,Changgeyaohanmei,account.148390c2e59743718ba3f4b57f0cefa0
2026-02-09T16:05:58Z,PEPSI_GangGE,account.1bc5bfe533384bb6b2be69868fea4359
2026-02-09T16:05:58Z,WeDo_Missio,account.c1d895b02f004573bd84407bd80767c4
2026-02-09T16:05:58Z,Choi_thor,account.c79e8f6e3ec54cc0b7dadced75d2b929
2026-02-09T16:05:58Z,TvTP_P,account.eceef100a63d4dc0b53ba60966291d5c
2026-02-09T16:05:58Z,Zoo_AL,account.1ad8fa7f24cd4964b5a7218a1a26a69b
2026-02-09T16:05:58Z,BT047,account.30373ce958fb4d5ab004b07e2e9f2cee
2026-02-09T16:05:58Z,vTr_JoKer-_-,account.d799c9f900ee4eb78f5c611e88ef2932
2026-02-09T16:05:58Z,Chaojiwudishuaio,account.14002c942290472cb8261cce989438ae
2026-02-09T16:05:58Z,17-paopaotang,account.bb359b3b4b0d43f2994f514fcfd37384
2026-02-09T16:05:58Z,aith1v,account.3069bd8c38884ac2ab4c2992187f2cd3
2026-02-09T16:05:58Z,Bye812,account.9f684aa68ae049278ebcfe2d671fd566
2026-02-09T16:05:58Z,T1_i70719,account.f09b4a7e92a8408cb4aae366baa3be39
2026-02-09T16:05:58Z,Ian__Chef,account.df0b46b7c41346dd8cfc3fa45a86b384
2026-02-09T16:05:58Z,Kan_cai_dao,account.21f6ff9159174cce8a74b6f639874ee9
2026-02-09T16:05:58Z,9901Mad_,account.ca98ec7244034bfca0c71bba0bc3c9e1
2026-02-09T16:05:58Z,S-KJ_OO,account.69432be8bccc4e648628fb8293685a20
2026-02-09T16:05:58Z,SAYDADA___,account.cc89acbc77bd49d2baf1fdaa30a2d683
2026-02-09T16:05:58Z,LangBi______MJ,account.dce2c7ce07de4e54a6f39ed6d936a0cd
2026-02-09T16:05:58Z,TU-TU-0-TU-TU,account.caa39c4a85994ca5a8623b3e3d8cf619
2026-02-09T16:05:58Z,Vino3o_,account.a657e7fed27741d98c8f5cf105f9c3f5
2026-02-09T16:05:58Z,Ca1x1aoM1an,account.68324bb3aed04620bb8d007718c09942
2026-02-09T16:05:58Z,Timberwmlves_WM,account.3166ef01686749f7910fdd7e960bc3bd
2026-02-09T16:05:58Z,Anyang_XiaoHaoye,account.7506339bebc946ebaf1bc8f2d6ccf97d
2026-02-09T16:05:58Z,AresSatan-06,account.2ed2fd820c5d45b0abaa31a3a14739c9
2026-02-09T16:05:58Z,Tidy_bobo,account.86789546391f4ccf83fe33d0a6d1a444
2026-02-09T16:05:58Z,J1angGe1-,account.dd20ba4910704aab81935062b3014806
2026-02-09T16:05:58Z,moonstruck_love_,account.93106f8107d14eecb4021b7e77157cfb
2026-02-09T16:05:58Z,Notyet_Banana,account.0803b6072b0e484c91627b7d8d4f272f
2026-02-09T16:05:58Z,BABY-TellMeWhy,account.f27fef3d920e451683cf8785f0f32def
2026-02-09T16:05:58Z,Best_Css,account.e722c233072c4d9a8e95e1eae9a7eb04
2026-02-09T16:05:58Z,ZhaXiDeLe_TB,account.396f45051acf4988bdb92d0b844aafb1
2026-02-09T16:05:58Z,CYB1225,account.d3e449510be94a3d9324a8e475ac00d1
2026-02-09T16:05:58Z,zoroo_p,account.2f917a681aad4b1490451c0c9bd7ca25
2026-02-09T16:05:58Z,VEXOR_ii,account.4a98836f8f4148ea82610aab6005df3e
2026-02-09T16:05:58Z,xtt-660,account.c3373b822a514cadaaf29237a85ddc08
2026-02-09T16:05:58Z,919DALIANGGE,account.1b83360a601e456b90ce30fd8f44377b
2026-02-09T16:05:58Z,Mr--------Gao,account.3db68f20166c4ccdbbbc1ea00a26fb97
2026-02-09T15:42:00Z,shier_wang,account.37725453653849ceaea99027e7587474
2026-02-09T15:42:00Z,Ki_mi1,account.e378a8b8e4854fa7908e4397dd35aa58
2026-02-09T15:42:00Z,YY624605-17,account.59eb861b83de49a9878b28c0d9ae8cf1
2026-02-09T15:42:00Z,gogo_gi,account.198e39d07c364c83a002908b82309d4c
2026-02-09T15:42:00Z,The-laoda,account.e4ca4657e5464d4eae58de7ac8b829a7
2026-02-09T15:42:00Z,91Mr_dog,account.35180f8a0fbf4208aa4e45d578d652ba
2026-02-09T15:42:00Z,911MrDOG,account.6a1d639450d64689b8e3f0015085bc3b
2026-02-09T15:42:00Z,ie8jl77d,account.3fc4419d6eb640cd9395e3c180f2a13e
2026-02-09T15:42:00Z,halley-929,account.ad25bc1841fd452d96f7eaf03bc3fc12
2026-02-09T15:42:00Z,1iizZ-,account.ab6d4b02ca13463d940172a38945ad5e
2026-02-09T15:42:00Z,TwisterYY,account.c15e03d003e746cfb78512bc831ac9af
2026-02-09T15:42:00Z,Hillo--Killer,account.59f657390f4d4a0f8c9c8d9dcf5a9d21
2026-02-09T15:42:00Z,Y1ng9_-,account.25b0232c88ae4189aa9b07ac74da8dfa
2026-02-09T15:42:00Z,PioneerZiQi,account.12f79d71b96d4a3ab51fd3fa76679350
2026-02-09T15:42:00Z,XiaoSa---Ge,account.a7d900abdf874b86a43715394ea8665d
2026-02-09T15:42:00Z,YURiCAHana,account.47a5d4b8de784ed38bdaee8258af5891
2026-02-09T15:42:00Z,A-kram,account.9f0f7bf3a63742f387b22782e07d58be
2026-02-09T15:42:00Z,TQWNB111,account.7d99a275caff4ecda3f803ebad68caa4
2026-02-09T15:42:00Z,JX-FZ-WangDaDa,account.cbd7a4b120e045819c171a32e935168b
2026-02-09T15:42:00Z,HF--hudeer,account.9bc546ced98447dfa59ddf9d978327b5
2026-02-09T15:42:00Z,0979_A-san,account.528eafab8c12421fab3ecee07a584027
2026-02-09T15:42:00Z,Hawk-Eye_Jingege,account.99711fb8530d4ee587ce29179c375cdb
2026-02-09T15:42:00Z,shi-di-nong-ming,account.11685607bc544ef1a0b2130c2a5141d2
2026-02-09T15:42:00Z,qunxu,account.cc869d4eefe24cbbb11225f3a2f4d2ab
2026-02-09T15:42:00Z,LLLLLjhhhhh,account.22f57086857347248ec1e2b7f3dc93c8
2026-02-09T15:42:00Z,YY624605-XQ,account.3f2d175ce5984c3584cf9306f8e66d28
2026-02-09T15:42:00Z,zzigul,account.bb9c80b93fae4aa2b9e0a4c23d7053b6
2026-02-09T15:42:00Z,Thorn-Knight,account.3cb343b038a243e998d74cd3d72b20fd
2026-02-09T15:42:00Z,1uodisi,account.a12ddee1e7e540e790028434a85aba44
2026-02-09T15:42:00Z,baibaibb-,account.b71f67d5d13d4b1aa3773e3cd44be2ae
2026-02-09T15:42:00Z,yrxsoe_,account.9707b9c968404a31b790363ab29a7e3b
2026-02-09T15:42:00Z,G_BLOOM,account.06d3afad1ad5439c92c3c80b4b0b3060
2026-02-09T15:42:00Z,ic78_-,account.727ea92f21cf4ec7891448e951f92a1d
2026-02-09T15:42:00Z,i788--,account.5efaffd86219477a9f941fbe8d6cb8fe
2026-02-09T15:42:00Z,Eq--hudeer,account.594e6c0fc33f45e683374c7fdc9a94af
2026-02-09T15:42:00Z,PioneerBoyu,account.9be9a8d9803e4741bf90d054412e18a8
2026-02-09T15:42:00Z,O27Y,account.7573b4cb584a465990c4fa5ed1625e6d
2026-02-09T15:42:00Z,Airorne_TroopsL,account.180fc826eb9942e99a42869ab4cae51e
2026-02-09T15:42:00Z,Sunflowers_XXX,account.b003bf1b5bec4c59b859f7ba9b8f0508
2026-02-09T15:42:00Z,KK-QL,account.83412b56d7cf464eb892deba7b6c3bf0
2026-02-09T15:42:00Z,DSY88666,account.3d02f18db7904e35bc863920006eb431
2026-02-09T15:42:00Z,Y_wldnjs0112,account.7df7e5be66694f1199fec457eb61adc1
2026-02-09T15:42:00Z,CCYV-XIAOLIU,account.33ceaa9a8276433fa5438552f6d4e95d
2026-02-09T15:42:00Z,NN17CM,account.b5dfcae197e440c0ae70190d4f1ef122
2026-02-09T15:42:00Z,Yauld-Yao,account.e721e04a3da04d8e8b7c02c5663772c7
2026-02-09T15:42:00Z,A_-98shamer,account.964b62061c734effb32ce073cb58e318
2026-02-09T15:42:00Z,1iicc-,account.5c21914d3a9b43df92f2d4e554a776b1
2026-02-09T15:42:00Z,i8715,account.a3c7a99ac56146f3b785aaea06e81546
2026-02-09T15:42:00Z,yjy821505660,account.944a462cc95f4410abb04d7dee3face8
2026-02-09T15:42:00Z,DWG_Boss,account.38e99f27f3c845f18bcdf48f0791453c
2026-02-09T15:42:00Z,PIPIPI-0000,account.d5b36952030b4149b03585c3fa4c428f
2026-02-09T15:42:00Z,BiLaL-M24,account.b0939a52aac94b3880fd014b9346b87a
2026-02-09T15:42:00Z,CavinDeng,account.23884ae2e0954376b7ddad14e03e37d1
2026-02-09T15:42:00Z,Hawk-Eye_A_Hun,account.060f958097d2415f9196993cc0c9b720
2026-02-09T15:12:14Z,ANiiiAN,account.61b94cfd256c4b1ba1a9f57b2de515e3
2026-02-09T15:12:14Z,Huy_Minou,account.d55a3d0465284df78defd14db14a90a9
2026-02-09T15:12:14Z,Final_LD,account.fa2f94d0cc634a3bb99c2679dd8eb864
2026-02-09T15:12:14Z,BmmACup,account.9c5f2dc43665492b9af7ffc02acf4c7f
2026-02-09T15:12:14Z,WLH314159WLH,account.f4ee6b38acc244b2bbb57191a3921a44
2026-02-09T15:12:14Z,Mars-MC_,account.419407a7031948fbb7da90b5cfe9ac40
2026-02-09T15:12:14Z,Koko_Tdaye,account.1d65dd268122450cbb465c9e74cb7ede
2026-02-09T15:12:14Z,hual900,account.9a07918eab1144c48d0e846e076dfa09
2026-02-09T15:12:14Z,YuzhiFU-,account.f69e7d33deeb42249b8a9f0f4fe04aff
2026-02-09T15:12:14Z,Luluuuuuuuuuuu,account.63316d2fb6c847f18e27b95c926db9de
2026-02-09T15:12:14Z,NanNOBBzzz,account.fe51355e10b54d1194214f77178ee3c0
2026-02-09T15:12:14Z,Esc-88,account.cd1dfdfafda743ceb848c0ae78010535
2026-02-09T15:12:14Z,GOLDEN-N1GHT,account.9b274721c00943c2beada73f56432226
2026-02-09T15:12:14Z,GangZi-OuO-,account.656c90b476954fb9918c049aac277615
2026-02-09T15:12:14Z,Best-GaMuSa,account.4a71ca7ff0e44c2ab1c85e88979ef7f9
2026-02-09T15:12:14Z,DL_SoLo,account.0649fce5d0774ad0bd457d907fb7e7bc
2026-02-09T15:12:14Z,Fu11_,account.9860ac088cda48dab7710b17b2c22e5b
2026-02-09T15:12:14Z,Nuyoah_koi6,account.8e53202b063747ea9beb5631aed4e1de
2026-02-09T15:12:14Z,ACG_Pitt,account.5359fee7a0474126be4658d14d4102f7
2026-02-09T15:12:14Z,TuoLuoJJ18CM,account.6d9691799ffb4f2fb4cf35a224566cac
2026-02-09T15:12:14Z,KoKo_Kirby,account.a3e0d8d4f614419ab269c7cfc59e0753
2026-02-09T15:12:14Z,hunzi-dong,account.184e7ca1c6d641478350cc90694b55b3
2026-02-09T15:12:14Z,DL_LiNz,account.55c2687310264de1a3a0b57d83406a51
2026-02-09T15:12:14Z,Nuyoah_Qw1ko,account.c6958342eacf46c19412f236054c5b93
2026-02-09T15:12:14Z,L1xuexue-,account.31d8e154cfe048d897fb8503ad5ef244
2026-02-09T15:12:14Z,Hinata1_,account.919cdda13f9b4fe7bdde0f2a2bf4d750
2026-02-09T15:12:14Z,GLR_Bentley,account.c5c38a091acf42ac92f3e6f2ff9a8294
2026-02-09T15:12:14Z,YangNing_GG,account.3a6208316cbf41319cd0b92609cad5b1
2026-02-09T15:12:14Z,B1eJ1ao_D,account.b715c53350ce4b2ebdf1bc95fcee6acb
2026-02-09T15:12:14Z,LLLLLLLLLLLSS,account.1dbcb276d1d842f1b5611ecf25cb4978
2026-02-09T15:12:14Z,zihao112,account.64ec2d6b3c694841a829363cffe88674
2026-02-09T15:12:14Z,Preference_17,account.f3127980c8cd4089adc963d9e458ff4d
2026-02-09T15:12:14Z,BingduPUBG,account.97d41731d0e1476289bb55267293cfbb
2026-02-09T15:12:14Z,Niaon1ZuiLi,account.7b3027fa2cd348cf9e3c8c0a8bb63add
2026-02-09T15:12:14Z,Chi_Qiu_Li,account.f7baac0c282740cd9d0dbd7a0a515c62
2026-02-09T15:12:14Z,NBG099999,account.7fe699e411bd4246a95b2b214cfbfb5d
2026-02-09T15:12:14Z,Paragraph_47,account.0247ef50b1f14bb5bef42a3ab130f529
2026-02-09T15:12:14Z,DL_TuLu,account.d46b8f41764f4cae9c10d0ee3e120d25
2026-02-09T15:12:14Z,Xiao-_-Yi-_-,account.eaf71faa9b744c1da829994bde3a17bb
2026-02-09T15:12:14Z,4Niiii,account.357f0db8a42a4166baefb4d88e4849c9
2026-02-09T15:12:14Z,u1ovo_,account.b8385c3b16cc41eb8d69ca8bde8abc2b
2026-02-09T15:12:14Z,iFei-_,account.2def0f183c7948ec9b045ac91f2e1732
2026-02-09T15:12:14Z,HF-XuLa,account.70d4c4a4f3cc4cac85fdab5a7b6ec113
2026-02-09T15:12:14Z,Pcsy_,account.bf1ea72cc03e40a580331a26022a48ec
2026-02-09T15:12:14Z,MasTer_San3,account.d5ab88d1744d4a9fa4ea63fd8f79f829
2026-02-09T15:12:14Z,liuziyang-1995,account.de477be39d184da2824920755546fff8
2026-02-09T15:12:14Z,GLR_Mercedes,account.671a1fa678264642a21fbeb2f14ebff4
2026-02-09T15:12:14Z,17_shou0202,account.5d5b2b73882f465e9308e11ed75c0f06
2026-02-09T15:12:14Z,Yo_Minmin,account.c26fe317245949c394aeac00de5487a9
2026-02-09T15:12:14Z,Miao-Bian-DS,account.ec2ad9c6fd1c4258a2bcf612b6606e8d
2026-02-09T15:12:14Z,Jsxby,account.f5bbfdbfd0774f2484bfd331f4481b92
2026-02-09T15:12:14Z,LaJiYouXiooooooo,account.689d5ab6f2f446bfb4bb191f6973eec1
2026-02-09T15:12:14Z,KoKo_AKAok,account.43efe35eac8c4c3caead345aab340f3e
2026-02-09T15:12:14Z,KoKo_momo,account.7cf38af66cea461bb8d9f7dcdea3de92
2026-02-09T15:12:14Z,Sh1lele,account.3f8177bc891c43c4a415d2093ca7f453
2026-02-09T15:12:14Z,NoCanNoB8xxx,account.290333c131fd494e9638dc1fb40f0dfd
2026-02-09T15:04:30Z,Crazy_WangSir,account.dc8ae72d24ff40279855314bfcf269b5
2026-02-09T15:04:30Z,K1nG_AoTeMan_,account.4660e7ed2f5c475f9b65967bdb846486
2026-02-09T15:04:30Z,BBANGBBANG_AH_,account.ce7b30a3ca4844b5b96aa6a6f8d42b2b
2026-02-09T15:04:30Z,WJ_PT,account.38b55d0933f04a99aac88b9cabf10b63
2026-02-09T15:04:30Z,Call_Me_TeAcHeR_,account.ce0cb1847f494a0e89c7d6df5ccb6ef2
2026-02-09T15:04:30Z,LuCky__AmyWK,account.bd9cf4ad578b4515972256e71ad12fa5
2026-02-09T15:04:30Z,Corrupt-fish,account.dd3a7447515741e380011273c1b7a760
2026-02-09T15:04:30Z,JeeP-Aurora,account.a2f06260e3a8412f9ee0edd0048eae73
2026-02-09T15:04:30Z,ImCuteOvO,account.ea4a550f37414428a87958b39eb76467
2026-02-09T15:04:30Z,Corrupt-Makarov,account.00c5c8a7acfb4e56a305f38cc0df6435
2026-02-09T15:04:30Z,abyiyiyi22,account.4f7cd8a57bf74712b87e0a5bd0bcfdaa
2026-02-09T15:04:30Z,ACE--1012,account.9e6b9ba127f64ff79a7d3d1aa347bda0
2026-02-09T15:04:30Z,JIngKUnk,account.b6f2fb8659e149c4badd0ab9a6b45736
2026-02-09T15:04:30Z,JIALEjdhyu,account.9716a789570b4d4187252f1e805f3424
2026-02-09T15:04:30Z,Bcci_,account.605132386d604bb1bd6e41f4a23ef396
2026-02-09T15:04:30Z,PeRo_kailiXWG,account.56e0e12346844c4d84339fa5cb661bbd
2026-02-09T15:04:30Z,Rich_96X,account.7935e75fa2384ab18f3d56fe3649b359
2026-02-09T15:04:30Z,BSG_Nefertari,account.800e4b148f464121ab3a48411cfea162
2026-02-09T15:04:30Z,Magic_Van,account.12e266426e3c4c388c185bd35dba7a6a
2026-02-09T15:04:30Z,no_rovirus,account.901bc62e1dbf4e478d4ac317d559d87d
2026-02-09T15:04:30Z,LuCky__AmyXxy,account.f1001ece6d8749ada904362863d30fa3
2026-02-09T15:04:30Z,Crazy_YaoSir,account.b35d67e71b684deaabeec534fa09c6ae
2026-02-09T15:04:30Z,listenrain0130,account.27ce304051ca4ae8825f14114b31fb56
2026-02-09T15:04:30Z,serap1c,account.ca36ca3607ba4770a2c9fc0d6303df77
2026-02-09T15:04:30Z,YuXn_-,account.e9502de5180341f3908065aac28391a1
2026-02-09T15:04:30Z,ziwendd,account.c7cfc609d54049f68adf82a5e4ece0d6
2026-02-09T15:04:30Z,Huoz1_,account.f1daffc5c8b54b02aac45dde27024ca1
2026-02-09T15:04:30Z,WoYaoFaCai666888,account.81a4bf304fb940e0a86cf2cbcb7d1475
2026-02-09T15:04:30Z,DaJB_PLUS,account.e76ab6daf3c042c48c9bce24ceecef4c
2026-02-09T15:04:30Z,nice_mm_,account.035f5ec29b254a15934f0376c9714ef6
2026-02-09T15:04:30Z,LuCky__NiaoGE,account.3f44227553dd48989ebe7ec4fa0c1fff
2026-02-09T15:04:30Z,woshizijiren,account.1576b01dee3c45b8b63845e51ccac54b
2026-02-09T15:04:30Z,woke8,account.3fa9fdcd6f26400499943d789827bc58
2026-02-09T15:04:30Z,9212-YAN,account.993465f857804dbebcbeb9b68992b4a1
2026-02-09T15:04:30Z,OKJI_YAM_,account.7874e6fcb09a446c9e0362d73cb0980d
2026-02-09T15:04:30Z,1OOOOOVolts,account.dfad94c380eb44c7850053d8f730c4a9
2026-02-09T15:04:30Z,LuCky__JINGGE,account.3169a92deae9490db04fb61257107380
2026-02-09T15:04:30Z,Ace_Kxl,account.1b0374384b3e4b25803908e4a7b967ae
2026-02-09T15:04:30Z,Geum_jjog_ii,account.77e50bd8852e4be5b41a3d346c6fe844
2026-02-09T15:04:30Z,WoooNenD1e,account.cd203c02aeed4c48b3270e1285c9d219
2026-02-09T15:04:30Z,BSG_Jack,account.5840845fe3c14849900e05d807e90e70
2026-02-09T15:04:30Z,August6th_-IIIII,account.a07706ec93a54ebbb232a87b2b39a591
2026-02-09T15:04:30Z,forestrim02,account.8c3569d07a8348578b50e8351cbe75b5
2026-02-09T15:04:30Z,CouvrirGT,account.a77df9e5e34048388de75dd1f3e63317
2026-02-09T15:04:30Z,OppayasalriSu,account.5e4fac78dd284cc4a4f73d456b6a3036
2026-02-09T15:04:30Z,no_Elephant,account.f862e6704da8459fa17e388adecad325
2026-02-09T15:04:30Z,HuYa--20702351,account.787a165d3e4c43699e72689c62ca5d7e
2026-02-09T15:04:30Z,9212_TuZi,account.d77da34114a44823b9e11f91ed9e9228
2026-02-09T14:35:27Z,ARLAN--EA7_Omer,account.97ab8fbd3d9c43bb97536c19008c3e1e
2026-02-09T14:35:27Z,Arlan-721,account.094beb8af22c44ac8876542f7951911d
2026-02-09T14:35:27Z,Koi-Statue,account.d99f3d1841ca4cb98363fff956acab42
2026-02-09T14:35:27Z,mengnan-hr,account.149cf095f5884267b566a2f6ddaa1f73
2026-02-09T14:35:27Z,cuicui-cy,account.0470854338b344018640fb73cbc3499c
2026-02-09T14:35:27Z,JiangAn-Chu1ian_,account.56757737ac68427783e8f219d76321b6
2026-02-09T14:35:27Z,BenBenzuiniu_,account.a41707a40dd84fdb9af35e5aab3d1079
2026-02-09T14:35:27Z,TBG-24,account.2ad89f69ca1443429f7854843ec26eff
2026-02-09T14:35:27Z,TBG-YZT,account.b99df9be9c274101bc86333981dee6c0
2026-02-09T14:35:27Z,Sang_Ong,account.2ae93f6863144caa8923fd9a6928ca06
2026-02-09T14:35:27Z,CDKJ_Duan,account.7554320552e74331a6c354fc41bfd85b
2026-02-09T14:35:27Z,A1ibba,account.e7122a9b7d304103b7ba020e58a10d30
2026-02-09T14:35:27Z,0000cj,account.94342882c6c24cd9834edf53e8260b0e
2026-02-09T14:35:27Z,1m-Not-Pang,account.b2c04dd0c2ba416f942872ded2f0fbb6
2026-02-09T14:35:27Z,EWM_0407,account.a83eb420f3c04279907ce01dd4f2d4e0
2026-02-09T14:35:27Z,C-momo_,account.c101e7e83d944ad4840a7281d9d2bdc4
2026-02-09T14:35:27Z,CDKJ_Wu,account.27848f92f5924e5aadfca4822592287d
2026-02-09T14:35:27Z,YrMajesty,account.42affff5ea1e44cc8740c302ecf52117
2026-02-09T14:35:27Z,A_mouse_,account.14ae574f0ae249c8b5fb08b0a412054f
2026-02-09T14:35:27Z,XXXTentacian-_-,account.a51ed5f06624452f8f0b14074844eb06
2026-02-09T14:35:27Z,Jyan-2,account.75e6d98236ae44bc8000b1ae83dea03b
2026-02-09T14:35:27Z,Friendmomo,account.bdaad1a189f7402e856ae52f0904c522
2026-02-09T14:35:27Z,Beancufd_99,account.b166357d918142039ad5e2ad692bfe74
2026-02-09T14:35:27Z,Bigg_Star,account.18b30615cdf445bca63a1c8b0b901f61
2026-02-09T14:35:27Z,woKOlni,account.ffae77c54e0440ac9ac4f3d4cb79e6f0
2026-02-09T14:35:27Z,chsl110,account.3f893c65493d4f5da93b97aade4363c2
2026-02-09T14:35:27Z,ChiLiMei__1YuSu,account.e7252f256037417fbf4cef6a5fe60cf3
2026-02-09T14:35:27Z,bearloveya,account.2429ad65470547d3807a3358a33d7864
2026-02-09T14:35:27Z,Quietbullet522,account.2986c85707d6492ba51759feef71ff6e
2026-02-09T14:35:27Z,iIKvn-_,account.393477fc0d4b4e30891e1acfcdb899d2
2026-02-09T14:35:27Z,LaoGuCheng,account.c368b058f4f943f5912f1df66235a79c
2026-02-09T14:35:27Z,HuYa-Augus,account.b06ca87056bb471ab13fbceebcec8e35
2026-02-09T14:35:27Z,Gan-ni-ma-der-rr,account.41c25381ca3741f19321817a5fe8c1a9
2026-02-09T14:35:27Z,Ak_YaoGe,account.173cee73bf1c49c78c54e8f20904e01b
2026-02-09T14:35:27Z,LuRenWang-DJB,account.7887b698a4444c14bf9cf7c4499fa2d6
2026-02-09T14:35:27Z,ASSASSIN_0804,account.c0b2175c544b45348dfa2a23a683920e
2026-02-09T14:35:27Z,TBG-Xinyang,account.0039fd6647384f27bd78bbee0bc9e703
2026-02-09T14:35:27Z,Koi-bakedbeans,account.e0d0f0343fb4480c9ed879da96859a42
2026-02-09T14:35:27Z,A1iliu,account.7144f84d29794fe5bac4e900e1fe0be7
2026-02-09T14:35:27Z,moaiwo,account.f64ac82e875e4902b42829edb5f0e839
2026-02-09T14:35:27Z,XOXIX_-,account.4672ff633b974b46b71a609c8f322196
2026-02-09T14:35:27Z,PianoSir,account.74339fe7058b4538ac3ae4cb514c4653
2026-02-09T14:35:27Z,sorry-xiaoan,account.c3823e49604c404a8d672d8de1550062
2026-02-09T14:35:27Z,Chaina_lzq,account.5bcfe67cecd5470fad5828c4a3ad44d5
2026-02-09T14:35:27Z,bluish_777,account.9df4e4ce18a248509008e4781d0bf8ca
2026-02-09T14:35:27Z,ChiLiMei__4Rain,account.8c5df609a85d48fba3e9662564218b00
2026-02-09T14:35:27Z,ilililililil11-,account.7cf042222ff64bb2a2df36a474be9265
2026-02-09T14:35:27Z,AINY_xx,account.36fd1049c10643caa50d59c69e27f188
2026-02-09T14:35:27Z,Kissssso_-,account.fe91b264cd2e4588bb7c14ff3525c713
2026-02-09T14:35:27Z,rlaehddn0221,account.8880a5265d4c4a239350ac0ee643fb13
2026-02-09T14:35:27Z,TBG-NanBoWan,account.607f541623a849a98b6db46fd6ef228e
2026-02-09T13:12:02Z,CN_DengPao,account.768a18b3ee2f4e7683fa4f7fc3fc41a5
2026-02-09T13:12:02Z,Alan-liberty,account.d263a6a543294bc890075f9aa477d39f
2026-02-09T13:12:02Z,tl-qkf,account.af191b1135e041e39b2d1470588b611b
2026-02-09T13:12:02Z,Cola-with-ice-,account.08761cc299264af897e84d4448bc6deb
2026-02-09T13:12:02Z,wsssss0,account.4299c1a0c9c64f39a1de16a1e783d99f
2026-02-09T13:12:02Z,BAI--17011111177,account.6c9374a5c5e144699536acfbb56754fa
2026-02-09T13:12:02Z,FNH553,account.46564b1b7d12492796176d99fd98e7da
2026-02-09T13:12:02Z,WeLeadRacing,account.9de4b430d9cd437cbb08570a18472b24
2026-02-09T13:12:02Z,Chnagsha--Pz,account.b184be4c8b064dc29f4842d6ba076586
2026-02-09T13:12:02Z,Gei_Ni_Yi_Re_Shi,account.e726353e314d43c19535b0c0c425f21a
2026-02-09T13:12:02Z,WuHAAA,account.3983decece1d4a7ba1926d628370f43a
2026-02-09T13:12:02Z,chaechaeya-,account.d6648980756741d2a062b3705f034f5a
2026-02-09T13:12:02Z,CCTV___20,account.eace6f8c44f64f8296d1e9e3509168c3
2026-02-09T13:12:02Z,Peekaboo-3,account.b506b3eb78844d2c9d1cc70f9b4ac423
2026-02-09T13:12:02Z,Mars_cobra,account.0d54c0f51cc644629660e17ab8d0630a
2026-02-09T13:12:02Z,o7r3,account.095d32d933cb44009d1d7c8d2233aa92
2026-02-09T13:12:02Z,LaoZhang5200,account.bfde452095ec4718b62cb30a189e312b
2026-02-09T13:12:02Z,Cz-Halcyon,account.0a71db879c494c9791c405905e2b36ca
2026-02-09T13:12:02Z,Obsession---Y,account.13debf6aaf8b43f78905da6c5ce13dd9
2026-02-09T13:12:02Z,She-ye27,account.108e239d62ad44e586ae1e92023a9841
2026-02-09T13:12:02Z,YunGeV5I,account.54c0dbbbda3d493aa60e643f2603eea1
2026-02-09T13:12:02Z,Old-Six-Boom,account.0ce6e1ce11474c66854d695428717022
2026-02-09T13:12:02Z,5-870,account.01a0d1ab75804853a1d43578a0724abc
2026-02-09T13:12:02Z,kshendabaoyiqie,account.75d03b24264f44569341938aeef31ef2
2026-02-09T13:12:02Z,Mars_anqel,account.b0b648b7074d4510b7fe758ddfd46e10
2026-02-09T13:12:02Z,long_L022,account.19376916c7734f198ee27d94e44e5b50
2026-02-09T13:12:02Z,Promiscuity-_,account.d8b8b21c594d4b4abd359901265a53ac
2026-02-09T13:12:02Z,Nekooo_-,account.f220e31ca9674cd29b70ada7c4b4fdb7
2026-02-09T13:12:02Z,Chengquan_M,account.ac3b58ef657645d6b486577c65690a20
2026-02-09T13:12:02Z,GaiYa520_,account.f823a3ce683c48da8481290d728abc07
2026-02-09T13:12:02Z,llll_-_ccc,account.813dcb64afc14c2bb59e07deae64e754
2026-02-09T13:12:02Z,Hezi118,account.35545ec687c7417593f894733fae54bf
2026-02-09T13:12:02Z,Provoke77,account.c04f772e9c5b495bab44038dc9de1c20
2026-02-09T13:12:02Z,Ruel_99,account.cdac86cccf344aa1a853f750738d3761
2026-02-09T13:12:02Z,Xmzu1_-,account.6573e0a948c54d2a8b5343ebc26176cf
2026-02-09T13:12:02Z,zsss5233,account.3c92eafc5dfc47819f30443606eb38c2
2026-02-09T13:12:02Z,Ddyy_z,account.6d8ffc969bbc453283938d46e4ff8ef2
2026-02-09T13:12:02Z,EasonChan-10,account.a0f46993dde44e82981584dcbb644b18
2026-02-09T13:12:02Z,MA4_LaShouCuiHua,account.5953614cb09245669983ec0a4a9f38db
2026-02-09T13:12:02Z,L1jia_-,account.1d6269eca3ff4252acacc892d51e8e86
2026-02-09T13:12:02Z,Xiao-yixian,account.2fcaa72d48ea4295b372d529bea1c408
2026-02-09T13:12:02Z,LaoYinBi--MK47,account.e089878a291640638c9fe7e1acdea6c5
2026-02-09T13:12:02Z,tiantianbo1102,account.47ad2753118b459f8ca75e3561c8d0d5
2026-02-09T13:12:02Z,bull__bull,account.c81e4291d201440eb7e802be646428c9
2026-02-09T13:12:02Z,luckyjymiss,account.b0d471d7abdd4c43abbd0edb6f233e6a
2026-02-09T13:12:02Z,LittleRuRX,account.25e0f126f8794edf9ec5aaa6cd9929b0
2026-02-09T13:12:02Z,TonyTonyChoppe_r,account.96325ed0c6ed4cb6a7c6ba371d9c0029
2026-02-09T13:12:02Z,x1nYuGege_-,account.0460f49cc2b94a1ca71c678ce6cf3824
2026-02-09T13:12:02Z,Leo---01,account.8bfc046428594068abbc2994339ae717
2026-02-09T13:12:02Z,GTR_AGX,account.c149d3e0410743b8a2e16b63432fc93b
2026-02-09T13:12:02Z,91Cj_,account.58bb66d1250e46b28447a4fa333c6eef
2026-02-09T13:12:02Z,CayYolo,account.66a1648a33214419965bc11ed62cfaac
2026-02-09T13:12:02Z,Jujubeeeeeee,account.831cefcff35a4c84896c39eab04ad5a2
2026-02-09T13:12:02Z,OldSix_sean,account.9a55f8232f0e437d85dbf74b5e4c82d8
2026-02-09T13:12:02Z,Mars_smell,account.00f6969b2b5646edbf3934aa607ef549
2026-02-09T13:12:02Z,V50-suo-wo-niu,account.770cf67644c74f679550851408ab739c
2026-02-09T13:12:02Z,7n1o_O,account.e875b9efbfdd43d8956bc3bc48b7f834
2026-02-09T13:12:02Z,Baoooo_-,account.1042ecf8f1b846b68f79060eb72137d8
2026-02-09T13:06:50Z,HoneyJar_Marvin,account.ed86eb1faddc44a883788afeb41431f4
2026-02-09T13:06:50Z,Ibert_,account.1c9fb16aff2d4ffbb235556d2708b6fc
2026-02-09T13:06:50Z,Palpitate_XySS,account.5bbd94ad554945f483b85e448617bac4
2026-02-09T13:06:50Z,Rae-pte_,account.bb19834ab61c4cd195a58e432e07db6e
2026-02-09T13:06:50Z,csxfff415165124,account.71643ee37ae34abf94c8ea0b5fc6daa2
2026-02-09T13:06:50Z,1Yao9,account.a0cacb10766d44f789c22f38fb400017
2026-02-09T13:06:50Z,G-cash,account.306f5c31ba88490ea6044937954aa0c4
2026-02-09T13:06:50Z,g-900900,account.a2ef744cb369462e85a49b5b047efbd0
2026-02-09T13:06:50Z,XPC-zhang00_00,account.ae7ec49c4e11434caec10173c93cb89d
2026-02-09T13:06:50Z,LeYi-1111,account.6dda90ffdebf45ec853a5aef9b6f1dfa
2026-02-09T13:06:50Z,MeMeDa_Qiu,account.a89ce8372a9e459c93ac63a82d790720
2026-02-09T13:06:50Z,M249--G,account.4d6470b9479d441c83b60ee2ecdbe3a3
2026-02-09T13:06:50Z,Star0923,account.e6b405d6703a46d99a09483b67a34005
2026-02-09T13:06:50Z,Hohhot_JY,account.019460cfb5e54220948e6b39eeb0a533
2026-02-09T13:06:50Z,24-woke,account.f84d58fddf8a41c592921359f080b065
2026-02-09T13:06:50Z,WoShiYanYuan98k,account.662eb30db87442a18babb5ba51b935c6
2026-02-09T13:06:50Z,zxmxylsh,account.ee1711c3c92e43b195a0516863087dfc
2026-02-09T13:06:50Z,a1yinyue,account.579dc952eadb4146b28c1601391977a7
2026-02-09T13:06:50Z,daxxxxxxxxxxxxx_,account.3b8d831864ca434180fd5dfc52cac607
2026-02-09T13:06:50Z,Pai_BoomBoom,account.cc82d02033c747d2bcce0436fa99772a
2026-02-09T13:06:50Z,PLA_DB9527,account.207aed73a63f4294a00a899f89e5b256
2026-02-09T13:06:50Z,Timid_Yezi,account.cbb6390a81b34e04afa430804dbaba6a
2026-02-09T13:06:50Z,LmqtPz10iYVSG,account.e3f2bd84c9e1481ba1275e6d0c9b5d23
2026-02-09T13:06:50Z,QianYiDaddy,account.d986e0b652ed491bb7b5c853fc4d552b
2026-02-09T13:06:50Z,Kawasaki-LIN,account.607f39fdff504e23a9c31c63a8296b67
2026-02-09T13:06:50Z,Vceny-,account.bbeb96330372432d8b2dee3c1e27b2b8
2026-02-09T13:06:50Z,Pai_Kda01,account.464bd91a2a424691ac59c56e6677bf6d
2026-02-09T13:06:50Z,4AM-GANLIHAO,account.9310940aaf6a4c46b0522ab52c1f3a33
2026-02-09T13:06:50Z,shen_xiao_nian,account.fbb10769ad744e3a851cde6fa025633b
2026-02-09T13:06:50Z,xyt495100627,account.e933fb443dc8429eba09ddd7447318a7
2026-02-09T13:06:50Z,Future_echO,account.f20e39494ca4412b92b7ed99f82a611a
2026-02-09T13:06:50Z,gvfdsgffd,account.e1528ad8323046ae92bb2647d6eb64d2
2026-02-09T13:06:50Z,Bravetroops_-,account.835fd160d0654726a3df1d5982692ebf
2026-02-09T13:06:50Z,biubiubiudid,account.7e6565077a684f1d9af161aa4a330387
2026-02-09T13:06:50Z,Dream--Seven,account.d5506a9165904392859c86bad2f2f854
2026-02-09T13:06:50Z,XPC-Longsir,account.76bbfc90daaa4fc1912b5750cb520118
2026-02-09T13:06:50Z,TonyStark_1963,account.13ca9c9ab8144e97ae231c3eb20be4f1
2026-02-09T13:06:50Z,SakuraAiTaiYo1,account.817a8dbf3d34467ca042a4f5ff08b875
2026-02-09T13:06:50Z,0370_,account.fb4e78b83c3248d289a898b87d7568ae
2026-02-09T13:06:50Z,Crrazy-112,account.2b27b72e0035425f8edfea6c3c18805b
2026-02-09T13:06:50Z,1uyr,account.596f07f7bf034168a68a91371e6d2694
2026-02-09T13:06:50Z,zhongmenduichu,account.fd772d8d017748e7ab1464cbe2715117
2026-02-09T13:06:50Z,ICU-doctorLee,account.07285044017448039f351e6a57e3d538
2026-02-09T13:06:50Z,aSlimeLOLchen,account.2b9a1e904ba043ed843df9f4d07c41a0
2026-02-09T13:06:50Z,a9bibi,account.4984542413104b219968712976911159
2026-02-09T13:06:50Z,84400,account.f6b69332412c4913b493b15156e0b305
2026-02-09T13:06:50Z,CC-ssMObai,account.9a6a55450bb042c480d820eb8dbb9776
2026-02-09T13:06:50Z,Wx195122--73,account.31ac9c1c80ff4725bb8a67a256ae1b2a
2026-02-09T13:06:50Z,Tiog_22,account.2b64b30aed1b48bdb28e4fc0db06946a
2026-02-09T13:06:50Z,GZ-CCTV-12,account.fb348776f6fd4c5e8945c53d7d54b197
2026-02-09T13:06:50Z,DesertedOnlooker,account.05d6339698364f8b84a389ab04f52005
2026-02-09T13:06:50Z,Vceny,account.68e713caddaf4e1e8c98c20e29d8f462
2026-02-09T13:06:50Z,BCCCX,account.f791295865664623b06859f03f4793d0
2026-02-09T13:06:50Z,AAKKPY,account.c1823ba6cb2e4c51bd00b429fc732628
2026-02-09T12:41:44Z,DongQKing,account.2bfde09537cd4f36a0c3cea24db3bfe3
2026-02-09T12:41:44Z,ItsOk_go,account.88c3d6413c7849758e701f8d313d49bd
2026-02-09T12:41:44Z,42ii,account.df915b456b5f46b8b2ddfdb7e598646f
2026-02-09T12:41:44Z,IamWenHuaRen,account.b91afb70b00c4ac89386b8edd1734c0e
2026-02-09T12:41:44Z,DDF_GBmeiBABA,account.d474618fc0b94b0fae62d48e612f40d4
2026-02-09T12:41:44Z,DDF_GBSiMaMa,account.5071c4db8989414586489e65044617a0
2026-02-09T12:41:44Z,loveyouVOLVO,account.3d468b47ef4a4ed58541f43089d2e228
2026-02-09T12:41:44Z,A1nSheng,account.9f07e9b1e31a4eb3b346315a2d8c9b3d
2026-02-09T12:41:44Z,YALI-0421,account.c67e47ac4b274d699df07b88cc9a42cc
2026-02-09T12:41:44Z,EVO2333,account.a3504ced1ece4a17aa3768ae8b032e0b
2026-02-09T12:41:44Z,rbbdtao-12,account.55b9433c3e2d4e17a75d67482b4ea2d5
2026-02-09T12:41:44Z,GFL-XING,account.677f30f67aaf4c60900f8abc660b09c6
2026-02-09T12:41:44Z,zy-Dding66,account.03d9f61cc1344e3aac69bab08cde6be9
2026-02-09T12:41:44Z,MaxRua_AL,account.be089afff7de40aaae2fa2c169274941
2026-02-09T12:41:44Z,Wa_iting,account.2cba2c08d58a4ca6949c71a8edece1ae
2026-02-09T12:41:44Z,bie-gen-wo-,account.097bd64555cf44b0bb7eeff91ee29f00
2026-02-09T12:41:44Z,TouTieQiangMa,account.0318b5e061c542ec9ce8c1877cefbeb5
2026-02-09T12:41:44Z,185c_-,account.6eee2ba84c12468783279d1da9d056a7
2026-02-09T12:41:44Z,HeadDogKilling,account.00bae2234fb345f19f89ec51b25c019c
2026-02-09T12:41:44Z,niubi5522110,account.619175ddf08945b2bad8187d1dbec727
2026-02-09T12:41:44Z,JOHN-_WICK_,account.d76055a086f64be48b2eb12dd8ff66f3
2026-02-09T12:41:44Z,aprilia_YBWL,account.9be2af15a4b14ccf86a56d0547234f16
2026-02-09T12:41:44Z,ViciouS_Dawn,account.0b35b0d9670842acb6aec198e0ba4bba
2026-02-09T12:41:44Z,woshinanshen88,account.97e6dcbd7bed44908c2f24ffada8e454
2026-02-09T12:41:44Z,Tianba-xuanskr,account.887483ba6bf04930a93463a267f28883
2026-02-09T12:41:44Z,DDF_GSLYB,account.b9f48cd7031f4c9c8da46762e68b88c8
2026-02-09T12:41:44Z,TY0724,account.c194bcb8bad54c05be655e3bbd922082
2026-02-09T12:41:44Z,BIG_JIAJIA,account.8ebedda42e6c431693c281e289740fd5
2026-02-09T12:41:44Z,o5iiiiii,account.bb71b89a55f74e5ba7bb54ea2a4e4443
2026-02-09T12:41:44Z,LiKe__Rainbow,account.cf94669e93404e069190833ece7cb712
2026-02-09T12:41:44Z,Fovfors,account.52a36835279d47feb156bd6953fa2f44
2026-02-09T12:41:44Z,iocola,account.f00c1fb908814166b54b052cd82450b3
2026-02-09T12:41:44Z,Qr16Dh_-,account.46ef829dc38249209cdaeea71492b0d2
2026-02-09T12:41:44Z,CharmQG,account.61ef70cdfba349238bb6da7d44466c5a
2026-02-09T12:41:44Z,crazy_xwen,account.37f9c6dee0ec4e1c8ac9e3599c829a5c
2026-02-09T12:41:44Z,MaxRua_Dacan,account.4003172ce2814702ba17774bdabf6660
2026-02-09T12:41:44Z,Lulu-0o0,account.88c72dbb7f9942c9a891a2549fb6b94a
2026-02-09T12:41:44Z,Saintlike_xx,account.0e39414bfc5042e7bb341a527c83456c
2026-02-09T12:41:44Z,YoLo--kk,account.2fb0c7a6a8844e7181dda19c02945b7b
2026-02-09T12:41:44Z,PLA_NBsong,account.12498af3b160477c93948b989d7a2f02
2026-02-09T12:41:44Z,zhl-lookout,account.89653263708f45fe890d9bd45db5a9b3
2026-02-09T12:41:44Z,sssyyy00,account.ab397abebfb3403b970dfc1b0b2cc66b
2026-02-09T12:41:44Z,Alfredo_MY,account.69acb89d3ded46019d39f881a4e6964a
2026-02-09T12:41:44Z,ccdarkcc,account.cbe9e6db3bd8477aa6bded94995851d5
2026-02-09T12:41:44Z,DDF_GuabiCNM,account.7877b654c42f46f184a5c0a4d1790d28
2026-02-09T12:41:44Z,MxWHAN-Li,account.d4960f1f36844a34b98929bfffcd3d5a
2026-02-09T12:41:44Z,358Team_CocaCola,account.809e3369189e41e2aa8f08844d283c2d
2026-02-09T12:41:44Z,A_clever_fairy,account.1a16964560764e609c4cb79e71527760
2026-02-09T12:41:44Z,WaKao_NmdGb,account.a4d515f53d60476187b5889efe501ebd
2026-02-09T12:41:44Z,PLA_NBmen,account.d3dcc939063041bc8c3bea7010925248
2026-02-09T12:41:44Z,Sovforf,account.750bf56d486c4efaa708238757f9c59c
2026-02-09T12:41:44Z,LuLu-o0o,account.ab2d25fb4d0348f5a0165de68f5ede32
2026-02-09T12:41:44Z,ViciouS_Vampire,account.0631a520dda24379b5da7de86d1ae3bb
2026-02-09T12:41:44Z,Erliuzi_007,account.23f599380ce74b97ac4795d6698e058d
2026-02-09T12:41:44Z,LUPINGDIAN,account.511b3a5add49425480031105e3b3e188
2026-02-09T12:35:00Z,KanKan-tui6,account.3f8d3d47f926462fb0bf08c9c313fd43
2026-02-09T12:35:00Z,wshqf,account.aa4846ce73bd4a3e8c138ed079dbee37
2026-02-09T12:35:00Z,Ly-Hgg,account.f215fa65c30b42afb3fcb23bdc29aeec
2026-02-09T12:35:00Z,Ketchup-_-Zoz,account.31fafb8663d046ccb4d40ee07a2c0742
2026-02-09T12:35:00Z,guohedou,account.01d309c8b826447ca64bef872d11ca0a
2026-02-09T12:35:00Z,GiannaJ-1,account.e2fb9038fd184be38878170217346f1d
2026-02-09T12:35:00Z,DingQueen,account.1f06ecb2bf5e4e669927142744be520c
2026-02-09T12:35:00Z,MZ_GuiWu,account.4bba98bd8c554c1da8f30d2056efba4c
2026-02-09T12:35:00Z,LYB-xin007,account.364f4c172fd64873a0a33b14b493f576
2026-02-09T12:35:00Z,iCedMintT_717,account.ee71d53030b54f10a1d9a135ab5fab9d
2026-02-09T12:35:00Z,mahuatengtadei-6,account.179b038dec404e609e292e5a89eb4244
2026-02-09T12:35:00Z,DouYin-_Lizi,account.2a44ece33d364cde9af2e0c21ac1c68b
2026-02-09T12:35:00Z,ymr521,account.31b91b3e3fcc4a9da45954989d6b297a
2026-02-09T12:35:00Z,Zunyi-A_Bandits,account.f5727b9724384aa4b330e2d8e0b31514
2026-02-09T12:35:00Z,VVWMVVWM,account.0d60489c83f84193a40a17a5bb8932ef
2026-02-09T12:35:00Z,balckiIIer,account.23b38252163e49dbae5c79de22d2eb4e
2026-02-09T12:35:00Z,x-Emo_-,account.d5b354cce695410aab0c7a3f1e891460
2026-02-09T12:35:00Z,1u3s,account.ff4efa794d904d51915b07ebf9e99c62
2026-02-09T12:35:00Z,3i6_6i3,account.dfbbeb69a7234ad1ac2350405e17e12b
2026-02-09T12:35:00Z,Godshan3,account.87b3adee3f7f42069541ee6304f68e66
2026-02-09T12:35:00Z,4AMGodv-AnyThing,account.f45328633e824869824c3c1115c20249
2026-02-09T12:35:00Z,Pice-7G,account.15fdbce5d3c24fc495a778337a8a9144
2026-02-09T12:35:00Z,Sanhuadannaia,account.c87781065e894c259a1230df5589f533
2026-02-09T12:35:00Z,A-JSM,account.0211453952ce4ccfac6ab0a34e8cf1d4
2026-02-09T12:35:00Z,ojhflkasf,account.8f4083c233cf416a984b7246ea69b88d
2026-02-09T12:35:00Z,Wyndiapaw,account.ae93a83f047b4e27a91e3a3148abdb6a
2026-02-09T12:35:00Z,Blox_9527,account.1e168f7839754701882ee2bbb10c3056
2026-02-09T12:35:00Z,HuYa-YM13141,account.adbc582cb40b4b4a8605c481e6ce4fa1
2026-02-09T12:35:00Z,NJsunnga,account.ee8febd08d2f46009f26ce8f4b1784e8
2026-02-09T12:35:00Z,ThRicO,account.9e7b0f06bbcf45a4972f6e263a0f6946
2026-02-09T12:35:00Z,Sp-GodF,account.60920984dd8e468a97ad88c7ef3f6de7
2026-02-09T12:35:00Z,DuiDui_Obsession,account.f8b68e5088db4ffe9a2badf29c60e376
2026-02-09T12:35:00Z,1201_MJiang,account.b49dbfe4357841a590ff8a62a0554909
2026-02-09T12:35:00Z,lovedaidailove,account.8b599a763ff6441a9188695de95742d8
2026-02-09T12:35:00Z,Wcc214,account.1ad2ccc5e113432eb552cb44173c4125
2026-02-09T12:35:00Z,CPLASF_666,account.f810616e6f83418ca4d317f14e61c60c
2026-02-09T12:35:00Z,PBUG-hugege,account.08a8bdf502114ad49a3608292bcd524e
2026-02-09T12:35:00Z,V50_Ge1KanJJ,account.dec03a3047af431ca6b09a3351398bea
2026-02-09T12:35:00Z,Maxi_poi_poi,account.aaabddbf164949ebbbf8ced2c5b9cf2f
2026-02-09T12:35:00Z,Tranquillity0422,account.ce57f80d04044d6f9f51d9367b56c2e3
2026-02-09T12:35:00Z,Tsyichen,account.c5809a4f6c6749f9a9fcd6f855f64585
2026-02-09T12:35:00Z,Robot_DiDi,account.fe3ddc0f6976451b8bfe449be9351b85
2026-02-09T12:35:00Z,xXx_Kov1ooooo,account.ac8034713b1747cba0a93d8a121b4cd0
2026-02-09T12:35:00Z,AK308,account.4a99d2333d73482d9ce104f80653a65e
2026-02-09T12:35:00Z,JACKS0N-Z,account.7d011dc6cb4e4377873a4a6071ce907d
2026-02-09T12:35:00Z,Kings_XianYanBao,account.bf6d5c3406784bd0bbcdf7d6dd52b10c
2026-02-09T12:35:00Z,My_Bear_XYM,account.98c79c14e9a64772b82a13be13c35f5e
2026-02-09T12:35:00Z,17_BzGods,account.0ebb87a342e3423da19b22f8756f0477
2026-02-09T12:35:00Z,Rok_dabowang,account.4b96c92957844ccaaff5e117dafa1dee
2026-02-09T12:35:00Z,zhubeizhen,account.de3ad9be07d84d0cab520f7523689e66
2026-02-09T12:35:00Z,Dreambot-YY,account.1b8d5dc269034496ba656872ae9c47a2
2026-02-09T12:35:00Z,100Avenue,account.4cb92447e5cc4e88a5341ac8e1f3a48c
2026-02-09T12:35:00Z,MIAOBANJIN,account.b42a5e4bc1f548969a21b4fd70e5feaa
2026-02-09T12:30:24Z,iov7_,account.44a2aef7147e4dc893e82651fd20f016
2026-02-09T12:30:24Z,HZclub_yijia,account.a52176d27b7b4d6cae15a6ec95dd6fc7
2026-02-09T12:30:24Z,0112zhang,account.0ceddac0ed12455fb52347db96d3a193
2026-02-09T12:30:24Z,Sword123666,account.92c29ae49a8d48c3b815b220d6fabf67
2026-02-09T12:30:24Z,Al1gaduo_-,account.4fd3bc8763384821a2cd0a05c9439a3c
2026-02-09T12:30:24Z,Zhangjinyi55555,account.48361b13a95749f2bdf162e3f46365b8
2026-02-09T12:30:24Z,Qx8k,account.a2c9b20021c842a28b78699da29d43f2
2026-02-09T12:30:24Z,Qw8k,account.b685583d82964a61adefea83cc227bd2
2026-02-09T12:30:24Z,Zombe1st_S,account.4108cc0c1e324f3cb2d1147da05bc7b6
2026-02-09T12:30:24Z,I_LOVE_SIHYANG,account.b2d1b342a93f49138723f0fd3661e200
2026-02-09T12:30:24Z,LYB_BaBar123,account.b0a2f0742e3544ee804c445274ed141f
2026-02-09T12:30:24Z,lubao1230,account.9b74f4b04cee4c81ba889d6bab7efa25
2026-02-09T12:30:24Z,Zombe1st_G,account.83ff43a4de844345a7131e1e4f7dd187
2026-02-09T12:30:24Z,k1rxy,account.61dfa85e6faf48b8852aaca6beb1f808
2026-02-09T12:30:24Z,XiaZUI_,account.06ff1143d239415392db850ff069cff8
2026-02-09T12:30:24Z,VC_TURBO,account.c6bf197fa98f4bb884bf5d4651e54813
2026-02-09T12:30:24Z,Zombe1st_p,account.7499edb856f344db92e8abac03545fba
2026-02-09T12:30:24Z,ColdShot___,account.6e4675098656438da910a3be97438351
2026-02-09T12:30:24Z,Hy-Hcy,account.a574269678394d1fb10e89cdc5aa3b3a
2026-02-09T12:30:24Z,LQoEcP74w,account.ffe0335795a94bebaefd35adc2254e01
2026-02-09T12:30:24Z,6iiy-_-,account.f6a206362e7146d9a96cab1e851ab790
2026-02-09T12:30:24Z,XIXI_A0JIA0,account.8d6bafab8192485db4b57f4745cd0558
2026-02-09T12:30:24Z,Pa07oO,account.79808a8d584541beaf68290f91bb7622
2026-02-09T12:30:24Z,EasonPlume,account.1652c66863a742be994e6e492f1b12fa
2026-02-09T12:30:24Z,ANKKNB,account.a98fa7fb093e46c08f745b2d2d211b2c
2026-02-09T12:30:24Z,Mila-Eudora,account.360acf27dd9b4e5b927dae76bc2aae35
2026-02-09T12:30:24Z,Realong_AJJ,account.8df91253fe854b8da12fed1565b7beae
2026-02-09T12:30:24Z,sea_king---,account.9458fc62ccf043658ad8a3a755ea2549
2026-02-09T12:30:24Z,7iiy-_-,account.7033f179442b472cb21bb5aea1f56d6f
2026-02-09T12:30:24Z,Moosebum,account.ab0e9bee541a48d0a629e5a4ed137076
2026-02-09T12:30:24Z,XiaoLongMengNan,account.a0a4c8f5e37c4c98bddfe9ad6c2700f7
2026-02-09T12:30:24Z,Acme_Flowerbaby,account.d5b6e4e1e8c1432b980af62ea19f8538
2026-02-09T12:30:24Z,Beloved_Xzz,account.823f7fd07cb241c69a7c033875415e38
2026-02-09T12:30:24Z,MIraitowaML,account.4fea7869740f42969b48b613ff8e7f59
2026-02-09T12:30:24Z,YIYOUDASHUAIGE,account.192fad9c669c4f92b1f942b08ec2776a
2026-02-09T12:30:24Z,Senxong_-,account.8b685e86aee24364a658f2b5ac0cb980
2026-02-09T12:30:24Z,yc_XiaoNiuZong,account.a53d3f59825f450e9400fc7c48db5ee5
2026-02-09T12:30:24Z,yc_menggg,account.23ed838ece104d229dc06bd4d514935b
2026-02-09T12:30:24Z,TNT-XIETINGFENG,account.a38876341d4c47a1b5507662d4a8e365
2026-02-09T12:30:24Z,whj100200,account.237d0466a4f741c097b5539a22e439cc
2026-02-09T12:30:24Z,OMOMOG,account.cd59c8bbd8754927a2903726a2e8cb6d
2026-02-09T12:30:24Z,W0NDER-0F-Y0U,account.a2eb8d679ac249baab661c8c1c44f9b9
2026-02-09T12:30:24Z,Little_Grandpa__,account.4cb2ca333ca345e7aaa3381af0401d6a
2026-02-09T12:30:24Z,21vo,account.92301cb98ffc491196ef9b73a2a87aa6
2026-02-09T12:30:24Z,oOhurricaneOo,account.19cbfc18727d4e4c9e7815c204b0cca2
2026-02-09T12:30:24Z,Y26PH6lel,account.44fbde6bfd6a4e89b16018aa66be0571
2026-02-09T12:30:24Z,NewHappy-Y,account.6b9755e68e8641ff881e156bb2bee30e
2026-02-09T12:30:24Z,Realong_PP,account.b2a5b23f15f4486ba8fa11fce3ffbf82
2026-02-09T12:30:24Z,1ikai,account.7e5ce60eca2f48d1bc4d5e599fbfac33
2026-02-09T12:30:24Z,SanMarTin_xia,account.5de2eed8743241d9b69caf287d854ffb
2026-02-09T12:30:24Z,Realong_TT,account.0a2d487a983049288770f3bf48a19230
2026-02-09T12:03:59Z,DDorr-,account.32696a33e4604a0fa157993d3f01b8e2
2026-02-09T12:03:59Z,72cm_-,account.988f9d1536384827998595003ec47d60
2026-02-09T12:03:59Z,origin_xx,account.f99132c9a446446eace28870cacf90e1
2026-02-09T12:03:59Z,3ON_2,account.62155c0d88c940d493f879d95a31443c
2026-02-09T12:03:59Z,djeee2,account.6d40b77dc7024c9992451c0c98d67ec0
2026-02-09T12:03:59Z,wrsndmnmmp,account.d3912eaed559489f81a249a707a43ada
2026-02-09T12:03:59Z,z-lin1990,account.525c6223f788423088c0ec93dd4725e7
2026-02-09T12:03:59Z,Gxia0,account.a61bab2e6fdf403c80d7c11d2a751121
2026-02-09T12:03:59Z,Walker-oL,account.c4b86031b15f4f6e9296637e1a18e74e
2026-02-09T12:03:59Z,minseoooooo_o,account.0e131c0db559476d9e46672cd12ab6a6
2026-02-09T12:03:59Z,8170-,account.e5e365e433594f1aa00fb6de0f59eb30
2026-02-09T12:03:59Z,ZCL888666,account.f784b63691f5466381bb128539ee19ce
2026-02-09T12:03:59Z,CUTE_ZORO,account.338db8cb53c74947882a61c1900e8ae9
2026-02-09T12:03:59Z,A--Jun---,account.f4fbb3434748439e8991a6f6757b965c
2026-02-09T12:03:59Z,1Mnoi_,account.966c087da77a464db380f7fe6c61846c
2026-02-09T12:03:59Z,HLJ-laowu,account.24e939ea33534502844e9692d61b83e7
2026-02-09T12:03:59Z,L_SHlMMWR,account.1d0f319cb60245b4bc1686ebf21b749d
2026-02-09T12:03:59Z,Anjing9353-,account.36b691a4017a4543997822280502945d
2026-02-09T12:03:59Z,Muyue-x,account.6d79ac1430e044eeb7116a356529ad91
2026-02-09T12:03:59Z,fieldBaby-,account.eecfda945af040b9871ed7dde470bac1
2026-02-09T12:03:59Z,C-oldboyDG,account.09e4116dd65d45b89d77e859547e9f9f
2026-02-09T12:03:59Z,OLD_ZHAO6,account.143901624215471e9272d22b1e8bcf77
2026-02-09T12:03:59Z,KTG_Lao9,account.07692382f9314e71947bcf3338903f94
2026-02-09T12:03:59Z,LaoP1anZi,account.07d077c24b314d40836890c17ca88154
2026-02-09T12:03:59Z,FURY9859,account.388fa5515cf244c5855a4adc21ddd55c
2026-02-09T12:03:59Z,GangnamUnion,account.9e8c8e3134cb4635b65d1aa1de095052
2026-02-09T12:03:59Z,NH_MICHIN,account.cfd0fe2d11cc49c38ea25a30168ccec6
2026-02-09T12:03:59Z,ljpasdf,account.10925d3da9a844f78d26c93f22a14c45
2026-02-09T12:03:59Z,XX_LuoTuo,account.8c9bad03e1a347db862b60124824904a
2026-02-09T12:03:59Z,JediLiBaiking,account.4f0c6da64fa647258d862f347eca1ece
2026-02-09T12:03:59Z,Choonsik-BBD2,account.28d6497f222a4742ba108b023cf92c6d
2026-02-09T12:03:59Z,CN-MEIBOZI,account.beb403344ea948d5838db7e8a1f35c00
2026-02-09T12:03:59Z,FFooooooooooooo_,account.1f805187b1894bba9e7f267aed8bbbc5
2026-02-09T12:03:59Z,HY3ON1,account.416df96641f14d1496bb02657ac1d7d4
2026-02-09T12:03:59Z,oM99_,account.b3364d238e4243518a37a0518702cf97
2026-02-09T12:03:59Z,yangba99,account.5d945cbe5c324eeaa75f3e217e058389
2026-02-09T12:03:59Z,Badgon,account.ae15cfbc96ee4004b34f0ed5ebadb397
2026-02-09T12:03:59Z,0_9kei-,account.c41ebb19b4bc4f4291056f83c393e870
2026-02-09T12:03:59Z,Posison_z,account.b3c6933232de4053b3df04a8fcaba855
2026-02-09T12:03:59Z,longS_-yuan,account.e6e1a1ec0fd642c9abd19e092af13ab4
2026-02-09T12:03:59Z,malzo-__-,account.e3a14143fa1e4eb7b300c18824c0a3f0
2026-02-09T12:03:59Z,bi8_bo,account.5820113ea9404c3494b0ce8c79828b92
2026-02-09T12:03:59Z,OLD_KING6,account.f0a034e47d3049088c53e0e0bd7320d8
2026-02-09T12:03:59Z,2SUNHWA,account.8c804d8232984d98a5ec02188314087e
2026-02-09T12:03:59Z,WangDuDuZaiCi,account.3898660c383043388e483b6485e24990
2026-02-09T11:44:47Z,Ghost2-mR,account.67301ab005c14dcea8e03a055b914350
2026-02-09T11:44:47Z,EAseven_BaoMi,account.7eb4941ca46f473a8e90cb5e1d91525e
2026-02-09T11:44:47Z,LEE_JS,account.923f7ebb8ad543c2a82d99e5cac41cc3
2026-02-09T11:44:47Z,GuCiShiSB,account.a2c52f89852c4d3aa7ebbc1b7d8bcfd8
2026-02-09T11:44:47Z,Ww-_-_-wW,account.136ac0266a7d4f8ab0407b95e68c271b
2026-02-09T11:44:47Z,NizhuzhongLL,account.f2dacb6ee1d04fd49bf7b274a39922e8
2026-02-09T11:44:47Z,bbobbo_o,account.2e99231f0a444d69b79e57c697a39e19
2026-02-09T11:44:47Z,jeevunKSA,account.56fa6acfec2a4f12998804952925f31d
2026-02-09T11:44:47Z,Nice2cuChen,account.1ad3aafb6dc24c28a404f943578c48d4
2026-02-09T11:44:47Z,lllillllililll,account.d59a81377327407eb407b572d4c2ec2e
2026-02-09T11:44:47Z,ii-orvR,account.976abc230a6f49188105044e3fcbf8b0
2026-02-09T11:44:47Z,RASHRangers,account.07d513ccd37b44caad807bec110a8dd8
2026-02-09T11:44:47Z,judge---666,account.9b34016b442d4b2c8d5887497585960b
2026-02-09T11:44:47Z,last_gaksital,account.4657d22d7afd4a398cfa3feba67673b4
2026-02-09T11:44:47Z,sim-simhe,account.62fcf3ed535c4141ac535271f107f41a
2026-02-09T11:44:47Z,WVLW,account.6e2015917a7a4004ad65ad50cc894fe0
2026-02-09T11:44:47Z,wuxizhazhaxiu999,account.9506faabeccf496abd6b787d22afa73e
2026-02-09T11:44:47Z,ZZAPZAP__,account.9febb4517415486fba7266b2be3bae6d
2026-02-09T11:44:47Z,God-mm1,account.a3072a951c794f159f543dc53abe9c93
2026-02-09T11:44:47Z,Chilaozipi717,account.99bab59b982243f0bf375d45cba29205
2026-02-09T11:44:47Z,i02-05,account.2f19ee3e556d482895d4d7eb9f59eeeb
2026-02-09T11:44:47Z,HX-Hannah,account.60741b3b61644e18833c8acff48f3848
2026-02-09T11:44:47Z,AvN_714,account.aae33cd1afad4674bb2407af43893417
2026-02-09T11:44:47Z,K-kuai,account.18d04527a79b4b169853ea9d37299195
2026-02-09T11:44:47Z,xx-kaikai,account.ca64b28f25af4bbd8f78b0271fefcef0
2026-02-09T11:44:47Z,1376BabyGirl,account.4d1a15bc3dae4dd797709286f60d402c
2026-02-09T11:44:47Z,sprayKing-,account.829fa8a5b51b4cbbb00d51f4f74f76c7
2026-02-09T11:44:47Z,FST_LaoWang,account.1406ff89d63b4c3aa560ac0a427ebba2
2026-02-09T11:44:47Z,Flint0823,account.b5aed5587fe44f5487fa31c84dd6c989
2026-02-09T11:44:47Z,1376WanBao,account.ff00f9babd604e2aa9bacb5e5b5b1cad
2026-02-09T11:44:47Z,TREVORkr,account.a53ffb8c56f84527b9f80db61d1663a1
2026-02-09T11:44:47Z,Jefir-,account.c220381d111e4d64bf58a8600afc9a14
2026-02-09T11:44:47Z,Irc7-,account.b0eb5023120149aba7a2ff1386132a60
2026-02-09T11:44:47Z,Himess_SR,account.7d75766ff0154ae18852bd627b076665
2026-02-09T11:44:47Z,13oonmal,account.5d418b3c74e74316b133daa5113b1570
2026-02-09T11:44:47Z,BaiGe_001,account.d4d3918bb32d47689a16298136ef6552
2026-02-09T11:44:47Z,Mr-Dannnn,account.24ff1f773ca0420592f641aa30602392
2026-02-09T11:44:47Z,QBBXMM,account.498b46cca66b4df2a578b72298c271c3
2026-02-09T11:44:47Z,YouRa1seMe,account.6b5912504e814a19bcb2ba8aefb3c7f7
2026-02-09T11:44:47Z,steak2443,account.45420e60933e4ceba19bdba1b9bd0ac0
2026-02-09T11:44:47Z,YAMYAMM__,account.c54a2a2ea74340c29f37f4672f41e969
2026-02-09T11:44:47Z,DarkSoul_011025,account.46fc43c368634daba80a4347c57006e0
2026-02-09T11:44:47Z,Killy3a4n,account.966f66a02d964ebc8ae2792068949c29
2026-02-09T11:44:47Z,LYB-NIHUDYE,account.d84e940a85984f64ad9615e08a10462f
2026-02-09T11:44:47Z,Jwtia-,account.8720ce32cb8f4700bb1924ec57bc5f31
2026-02-09T11:44:47Z,HYuuY_,account.9f0301a09620483494a80bb7961e8fde
2026-02-09T11:44:47Z,GuiJi-_-,account.fe09b0134c2f4082a17405cf826da258
2026-02-09T11:44:47Z,Try_318,account.6489187b2933494ba3f9bd5205d87183
2026-02-09T11:44:47Z,Honggi-,account.e7444cb4645b4972b1fe180caefe2014
2026-02-09T11:44:47Z,Li1021-,account.0c92763d4f6147debedc98877f0e7a01
2026-02-09T11:44:47Z,Marihuana1204,account.37c152230c774a4ebb67ba2a72ae3715
2026-02-09T11:12:14Z,yuko_-,account.5c4865a4004b4c2f8de8d994fcf751c3
2026-02-09T11:12:14Z,ZzNx_Ysss,account.ab726315ba5d4d58be031e11a8c3ee31
2026-02-09T11:12:14Z,GailiuZzzzi,account.f6718c130c7d45639eeb3cc937313b8e
2026-02-09T11:12:14Z,Coke-Alin,account.3edd1dac4daa47dd92d77a07901b7a70
2026-02-09T11:12:14Z,MeleegodO6,account.8b634753672749a487a6ebe1f220da0a
2026-02-09T11:12:14Z,todayeatjijiba,account.62b7742e20514c37bdde22b982ec363a
2026-02-09T11:12:14Z,295271171,account.5cebe06e62b74ddcae97293ea88385fc
2026-02-09T11:12:14Z,990103_,account.e13f200559ae400e9ba124f6a56c0e9a
2026-02-09T11:12:14Z,BeckhamWosen,account.92543b2347724559915a1a6196f40a7f
2026-02-09T11:12:14Z,FUTURE_Chicken,account.ec7f800aaafa4ea295f17fd352e90b3e
2026-02-09T11:12:14Z,JJUKKU_YAM,account.53b037d49ce649efb7eecbffde01feac
2026-02-09T11:12:14Z,PokerKele,account.f17e1584dd024de3b90e4333c0c19756
2026-02-09T11:12:14Z,CJ-jjbb,account.2aac670c21f44d6cb74d05848062d5ab
2026-02-09T11:12:14Z,0919-A95,account.a2b127bd3c5a4582a755e732b405c6c1
2026-02-09T11:12:14Z,kapue_di,account.9fab9aa07a3844e680dd31351f2d6245
2026-02-09T11:12:14Z,Gebi_UncleXxx,account.8186752e945c41108bf83da31ea5c0d5
2026-02-09T11:12:14Z,PokerFaceWwu,account.b9e1ad5aae9a4438b3622d4d0865065b
2026-02-09T11:12:14Z,Bello_hello,account.a471c455a44d4905bd959f839cd48425
2026-02-09T11:12:14Z,Hz-b1ebB,account.eec036545c884672b676ce882d55209f
2026-02-09T11:12:14Z,haokaixin2025,account.0f4aca1d46f14764973aa37e03211b22
2026-02-09T11:12:14Z,BCD_P,account.6c06c6b265b54d89b21835798f80194d
2026-02-09T11:12:14Z,joonso,account.0f28a4de372844b0b502af96becbf694
2026-02-09T11:12:14Z,s2xy_It_SeLf,account.d27e69ea772e48ec9a1f8a0e21bb42cc
2026-02-09T11:12:14Z,SOUL_Holy,account.a15df16fe0cd48178302900471b03326
2026-02-09T11:12:14Z,M530i_-,account.2d2e11facc2243529eeea71ec859c9fb
2026-02-09T11:12:14Z,Zhong-_-18,account.5d99a077685a4c6699edfa3c99fafd2f
2026-02-09T11:12:14Z,Princekin-CY,account.bf01a91d70c84908b4e6d41104a54c39
2026-02-09T11:12:14Z,Food_Force_234,account.20c48344265c4f9aa4209ab94ce6a9fc
2026-02-09T11:12:14Z,DianJing_lao6,account.53f7717287ae48b1a97f671eb6aabeab
2026-02-09T11:12:14Z,Born_to_die_chen,account.094ed68d189e4ef6a03560f6c7ca2fe1
2026-02-09T11:12:14Z,jiaowobuye,account.643e17cdac454ef4af156e4c72f54113
2026-02-09T11:12:14Z,eagle2333,account.6aecd62ea5194f24946c4d7f514e2d0e
2026-02-09T11:12:14Z,Beatybaby,account.af97f02cc9fe4d05aa881a223d2cb922
2026-02-09T11:12:14Z,CaoggJumpu_,account.46aa9f15f823425f8b0c7097ea0486c3
2026-02-09T11:12:14Z,0726c,account.5fc07b07caab4348ac1c36bb1f78b4bb
2026-02-09T11:12:14Z,Stars_No17,account.b397e633fe514b2c826c149beca1f771
2026-02-09T11:12:14Z,Cheney1111,account.82730f4cfe9a4c52a3b33ab6acf667fa
2026-02-09T11:12:14Z,WeiShanovo,account.d23c7989d37f47d782afcf55b7eb266a
2026-02-09T11:12:14Z,Gebi_UncleYao,account.303a059eec964ea4b9764a0188f8dd8e
2026-02-09T11:12:14Z,Fe1i_-,account.89846de60a174c76826d8e0c570d8e6a
2026-02-09T11:12:14Z,7cheg,account.713612a54b544919a284ca06702916d5
2026-02-09T11:12:14Z,ULTRAMAN___GEED,account.a865e69ce4dc48a2b9d9c5079b821504
2026-02-09T11:12:14Z,zaijiwuyu,account.a30e8043bdab4a69ad845b795fbc0e55
2026-02-09T11:12:14Z,17_hezijun,account.244b83b0a1904a53b6d386a2f4ed3852
2026-02-09T11:12:14Z,Pokerxingmuuuuuu,account.ddd19397e8b242789de9fbd0e322ede8
2026-02-09T11:12:14Z,Pyeongriwhytory,account.32e10c15897e447a944a835744fdfa72
2026-02-09T11:12:14Z,ix7z_-,account.3560c29bbe5840c6b2acb873bb477724
2026-02-09T10:40:27Z,bigcalbasamonkey,account.fd05b60a5d0146f98bea6e7c05b2374d
2026-02-09T10:40:27Z,PadoRush,account.29fea35fac2e406c9afa2488b2a745ca
2026-02-09T10:40:27Z,killer_noemotion,account.d210c44ccc3c47d3ad8fc7530483697c
2026-02-09T10:40:27Z,JEAJEA_ROO,account.6a81b4087cf84c9b8ab0f4742b23ab76
2026-02-09T10:40:27Z,J-040107,account.5d972e8954f041289606b859fc24afa2
2026-02-09T10:40:27Z,13ixdep,account.08141c09375c42018a0d6ac6f78dee0e
2026-02-09T10:40:27Z,BiuBiuBiuSixGod,account.666705d056f647708a3f30d9bf4a3acb
2026-02-09T10:40:27Z,CaiBCaiKaiGua,account.151d92ef2d2648f486aad62f8a752700
2026-02-09T10:40:27Z,RASH-DAI,account.6a8298ba835846d583a794b260f93d84
2026-02-09T10:40:27Z,Olly_91,account.598c95d6533c4af29ce6fa5773f870f3
2026-02-09T10:40:27Z,FanXing_GG,account.145b363f42f5484b8328bdadbe13b9a7
2026-02-09T10:40:27Z,Holicc7,account.13c0842b8e8545dfacc6a3c8e4d71fbf
2026-02-09T10:40:27Z,sungbin22,account.edf826aaee1d468eb8583eea47ab4150
2026-02-09T10:40:27Z,T-LiuYiXin,account.c43a1798fd5d463b8baa911b960f7785
2026-02-09T10:40:27Z,LeeJaeY_04,account.fee2b60ecbd54b7d9c5e87e7e599831f
2026-02-09T10:40:27Z,Sexytaotao,account.4a85b7601c1e481f9fee03d13fa8badf
2026-02-09T10:40:27Z,MINMIN10045,account.4140076fefa5456ab4fc495c284eee16
2026-02-09T10:40:27Z,SocialmanXm,account.fbbac090faf74eb4a610673ffd993a5a
2026-02-09T10:40:27Z,SUN_hun_,account.a67a8405f5694f4182affc1326d3dee9
2026-02-09T10:40:27Z,Fast1aneHdashu,account.7972b543715144589e4f38cfd4dafe96
2026-02-09T10:40:27Z,KimDaHyeok,account.4d0c463be2e54c99964db651f5e67a13
2026-02-09T10:40:27Z,dk7137-,account.cd9cbf6ae3aa4cecaf23af73242b33a1
2026-02-09T10:40:27Z,cd0631725,account.26482bd4bea2455db355330b86111fe7
2026-02-09T10:40:27Z,Lovis-P,account.4e98908c1f704e68b5fd82cfebc0fe76
2026-02-09T10:40:27Z,Gesar-V12T,account.1e3420333cba4ba29b906bc27ead388d
2026-02-09T10:40:27Z,LoveStoryZS21,account.fa6b3b5e879741229c1fdc2c967d922e
2026-02-09T10:40:27Z,Ernie_boogie,account.0647ceeaa9584f7a9ed1535f60d68ce3
2026-02-09T10:40:27Z,Dadada-762i,account.2be752e9d5af41339a55bdf361ecf272
2026-02-09T10:40:27Z,15137BB,account.708c8c6a9e384037abdf49b729e979b0
2026-02-09T10:40:27Z,1Kutox-,account.97cae7846a3b44e9a558797bd4553f81
2026-02-09T10:40:27Z,Paul1x,account.b7e926d6e99944478c6c9bf00056954e
2026-02-09T10:40:27Z,SXSY88,account.7f3f046e167d425ab1644ad8613fbc65
2026-02-09T10:40:27Z,ISTP_Hyeon,account.2346454fa2e6485fbb4d9333bab8aab8
2026-02-09T10:40:27Z,DAM7777,account.785c71246c4749a988dc08e0ac40ced2
2026-02-09T10:40:27Z,Hx1YvAN,account.ab6f5d9e5c874ef3b35d9b4502835dbf
2026-02-09T10:40:27Z,NongBuMan,account.28e3305908934fccac1862899c51bf7b
2026-02-09T10:06:27Z,GTR_Chuan_-,account.ba18f71eac3949818ac07b809234cf0f
2026-02-09T10:06:27Z,o925s,account.3f2cd14bab6c45a18b33c003659af0ac
2026-02-09T10:06:27Z,Tianlinxx,account.bb94587fc27a4a7baae7f35b13c9570c
2026-02-09T10:06:27Z,DDpw_,account.1514adb23c204939aab2a2bc57bb219c
2026-02-09T10:06:27Z,RASH_HUAZI,account.67c743764caa4ba58cfe3581e1b58b4f
2026-02-09T10:06:27Z,ww-binbin,account.7283eced0d0a4fe3a9c546f3afbf9469
2026-02-09T10:06:27Z,4AM_7127,account.f5c5c54134644cc99f66a46db63cb6db
2026-02-09T10:06:27Z,7350i,account.9b29edf897924883bd2038b4359136c8
2026-02-09T10:06:27Z,Vlrt_SEOB,account.cb5082b65ca4400cbcc27282d049323e
2026-02-09T10:06:27Z,Xian-daye,account.c12fda0c9c954e0cb84627d660d1b027
2026-02-09T10:06:27Z,lin7979,account.ed441ca7b63e49bb9683894526c7d9ec
2026-02-09T10:06:27Z,Booollll,account.d7d9d82131e74c218673f57c38f9840d
2026-02-09T10:06:27Z,iily-_,account.e7f2da0221c84db18bae2e681f4c86f2
2026-02-09T10:06:27Z,JueQi_Ak,account.f40fec121897461ca47b79e8900864dc
2026-02-09T10:06:27Z,OoO_Ann___,account.e91ac2bfaa9445fd81cfc1bd81333182
2026-02-09T10:06:27Z,Q1GuaiDECHENCHEN,account.4fb4bbf411f544c9b456d49ebc27ff50
2026-02-09T10:06:27Z,Binxwb,account.7856cb162c86410ca67574b481faf8a0
2026-02-09T10:06:27Z,o128h,account.065dd064294848b08d9835f83bee6717
2026-02-09T10:06:27Z,JunZiBuQi66,account.8b46fd543b284bfdac7f4517d440a634
2026-02-09T10:06:27Z,Blacklist-xiuxiu,account.23f8abe3643444e0b0cf94d929f61f19
2026-02-09T10:06:27Z,Lao-Yin_B-07,account.02d53cf39b8f4cc4ab3a9bb94434cba7
2026-02-09T10:06:27Z,GoodFortune_Z,account.8cded23f466b4ba192dad45b5b28c908
2026-02-09T10:06:27Z,Blacklist-ikun,account.2f64d607ea864d2ba0d103cf5b21379f
2026-02-09T10:06:27Z,FG_HuiY111_-,account.55905f9a9b63424fbae84e826b4a5988
2026-02-09T10:06:27Z,anhua-pengyuyan,account.96c2549ba98a4f62b060f818cc0d9bcd
2026-02-09T10:06:27Z,Syl_Eireann,account.cd9898ed9301473788b005aad3f2d978
2026-02-09T10:06:27Z,o9o2y,account.bef08f6dc52c472da5eacf5c66a2497b
2026-02-09T10:06:27Z,Axbb_,account.16731bbdbfe34645bf8fd3788f836c30
2026-02-09T10:06:27Z,818_CaiCai,account.c8207c748b0a42a8a16d33b5610d428d
2026-02-09T10:06:27Z,MOMOMO120,account.887691e397b945b4b284e7bde6a1fea7
2026-02-09T10:06:27Z,iBack-_,account.9a3d000636e5428092c424a46489cd27
2026-02-09T10:06:27Z,Blacklist-Ying,account.43111452bd9744829d4921e5eb0c7283
2026-02-09T10:06:27Z,0912_XuanHua,account.af3f28ef90244fe08bb991f762f65e6c
2026-02-09T10:06:27Z,Blacklist-Leo,account.1cfd62f1c67a4820bd14d63468de8224
2026-02-09T10:06:27Z,GTR_Jiang_-,account.3d44e79e63d8429a9409b5e2b1d04ceb
2026-02-09T10:06:27Z,jian_0905_95,account.4f3df8e1861b4dc2af514c755bc24024
2026-02-09T10:06:27Z,Lee_Gemma,account.c461c9b64c2e4c1393c47d0dc025bf8d
2026-02-09T10:06:27Z,TigaFPS,account.471a07ffdf2c43419b833c9f5a95a77d
2026-02-09T10:06:27Z,K1ng_DQ,account.63f979e374024423989858bdf5c91227
2026-02-09T10:06:27Z,GTR_quanhuang_,account.682a2effb32a4569928b99ed76932531
2026-02-09T10:06:27Z,Hi_Wonyoung-_,account.308b36b43ef945729577413a03bbb3cb
2026-02-09T10:06:27Z,xudagege6666,account.48ee7ed1385a425ba796f5334402fb8d
2026-02-09T09:37:16Z,yza0722,account.36bb2d4a6c044d539f014a300bfca55b
2026-02-09T09:37:16Z,NianJiu-80kg,account.e1fe75b71f564557ab315121f26ef50e
2026-02-09T09:37:16Z,Aurora_1003,account.de307653bad54586a27d97160b387aa9
2026-02-09T09:37:16Z,Mi-jie-001,account.2b0765aeb4b6460f861134a14e3d1888
2026-02-09T09:37:16Z,1nvoker_,account.0a3e0b3f5f2b481b80544dc79d264e50
2026-02-09T09:37:16Z,litinghaiking,account.7174746b1fc54efe960aee69c4aec92f
2026-02-09T09:37:16Z,zL1995-_-,account.6b4e08aee64d41a19ff7b50845dc18ee
2026-02-09T09:37:16Z,asd789-_1,account.e329991fc8744acd9ec21d1b8ab86f6b
2026-02-09T09:37:16Z,EG_wrlm001,account.5094630a18f446f081edab2ee198ac56
2026-02-09T09:37:16Z,xinxin0522,account.c0c6d7b5f5844ee4b5453fa2d31a5812
2026-02-09T09:37:16Z,wbq1234,account.952e87a8e58b426f80244bbf9a41cd9d
2026-02-09T09:37:16Z,DDragon-warrior,account.30a3512dc9ee477fa6e45f209b61518d
2026-02-09T09:37:16Z,pite_2626,account.10ea340ae04147b6b19d2a4242fc0a89
2026-02-09T09:37:16Z,Tommy-kickstart,account.f38d30846aef41d1b460e987090f6539
2026-02-09T09:37:16Z,kingsleyX,account.1af60ae64dee424e912994c4c7d44f0c
2026-02-09T09:37:16Z,in7cc-,account.372a7bef209a40b580a92a0ceab4e0b1
2026-02-09T09:37:16Z,QISHIZHICHU,account.97c6e6b77dd84ac3842cbb967b1f7ad8
2026-02-09T09:37:16Z,Aku-xiao,account.7d898e2b5bdf4b24b4966c5daa7dd416
2026-02-09T09:37:16Z,Me-_TianH,account.532c92bf565e434aa1b2a0bcd85e3c42
2026-02-09T09:37:16Z,Jay-0723_,account.3d4b70e0c3b9459bb409c1a73979613d
2026-02-09T09:37:16Z,MaMuJi_Mmmmmmmmm,account.05e4cbfc4e5b47c1879c314bbcb55e3d
2026-02-09T09:37:16Z,TuFei_Bond,account.c3aaeaa4f60243a4acab1588aeabd8eb
2026-02-09T09:37:16Z,PLA_Likangmei,account.c046c2a1810247199b31f8d989b83dd8
2026-02-09T09:37:16Z,MeiTuanSuYun001,account.4caf848f59964af1ae131d6f2cfde0ad
2026-02-09T09:37:16Z,Goodluck_YunFei,account.e5309c9908b64047af62509a7bc407ad
2026-02-09T09:37:16Z,RS-1903_-,account.782fee6eee13481faf01c9940c9bfd60
2026-02-09T09:37:16Z,RD-TOP2,account.d4874a31aa914607b172ac958b8af7f6
2026-02-09T09:37:16Z,rrrxxxxxxxxxxxxx,account.00bff15057b94261b9726537631ad6b8
2026-02-09T09:37:16Z,Zkn-02,account.65887aaa36a74dc4aa885992603b873e
2026-02-09T09:37:16Z,dushen-333,account.765b8e40ab93421ba0fb52150f78ca01
2026-02-09T09:37:16Z,wolves_secret,account.8a0ce5dfd11d4d0aae937aaa935b103b
2026-02-09T09:37:16Z,l3wtywu8,account.2dc52a164b4b46d58c63e02d28d7820c
2026-02-09T09:37:16Z,Rush_Sniper001,account.12bc1d2af4694d44b37e48f4a0a0dafa
2026-02-09T09:37:16Z,Dear-Yuluo,account.540fde82744948689bf7f27d233cdcef
2026-02-09T09:37:16Z,wu020417,account.85ef54140ac446a2921007cf9ac25f94
2026-02-09T09:37:16Z,CHN_yikao,account.dafaa92a68784ed980835a3ff74ca448
2026-02-09T09:37:16Z,ElysianDawn,account.0f67d367d19f46b0b28b6129c3b54e97
2026-02-09T09:37:16Z,Itsridiculous,account.51d4814aaa8f43069211ba409e4ef081
2026-02-09T09:37:16Z,CNG_WangU99,account.aa6b4e79f3524a90bd0bfb5b4a689f6d
2026-02-09T09:37:16Z,wy98ksdbq,account.8a397845e51a469fa5d14dd27b977d2a
2026-02-09T09:37:16Z,Upxx_-,account.31fd7304344d456fb8919a899895aa50
2026-02-09T09:37:16Z,ImLius19yyds,account.6c896ce01ef444018eafeacd28e2cc95
2026-02-09T09:37:16Z,19-95-03-22,account.d1488d273f3d4e6790f065054b716bc4
2026-02-09T09:37:16Z,jiekelang-kiss,account.3020d80180f74b2cbbb65029d6590046
2026-02-09T09:37:16Z,Tornado-Lt,account.a718efc88fbe444298c48543a08714ad
2026-02-09T09:37:16Z,weiyixuanwt,account.58929e0b50364d87b30e07558b3762f6
2026-02-09T09:37:16Z,Unicorny_-,account.9e83283aa5c84f3fb4945b716bed8cb0
2026-02-09T09:37:16Z,X1an-1,account.df685934349b4aea9c7b254908e484f6
2026-02-09T09:37:16Z,TuFei_CBY,account.8efabef27f054603937bfb2210200b4f
2026-02-09T09:37:16Z,AD-TOP1,account.db96ef0759c54a968b6bc9b93b673df5
2026-02-09T09:37:16Z,MaLou-WanAn,account.745b968161524020918908f03210a202
2026-02-09T09:24:12Z,ShangCheng1999,account.c6166adfd6da4fc8905dc9a0b74aa1bf
2026-02-09T09:24:12Z,0259_Z,account.8288f5f747f447d1a42dd53953e45d08
2026-02-09T09:24:12Z,dayuzhou61,account.0347149c21ea44deadcdbe53a4360353
2026-02-09T09:24:12Z,King_Ajie-,account.a6e2adecbb174cc2a302195d5e4050d3
2026-02-09T09:24:12Z,XL_0473,account.1d43e0e3dffd433cb869b7b5d9acb6fc
2026-02-09T09:24:12Z,ovo_0115,account.b418c977fb0741aea970277e5f28f2ab
2026-02-09T09:24:12Z,xiaoliao-_-,account.2397aef4be2844a6a025f53a44331368
2026-02-09T09:24:12Z,CCTV--1334,account.e9739e6aa77249659e4241a2cdb37455
2026-02-09T09:24:12Z,4Nyx-_,account.f5f3b24a0b5d4ba9b4c6a3c169fe4f80
2026-02-09T09:24:12Z,Guwangx1,account.83147fa893e2467089a3039773d92f24
2026-02-09T09:24:12Z,ArArya_,account.fbad3fc4a5e34458bbada1be1b6f8947
2026-02-09T09:24:12Z,77_0473,account.4aafe0ae81084fa3adf3865a80b6699a
2026-02-09T09:24:12Z,ovo_0112,account.b391487b6d424e7f9dd108ab01e13514
2026-02-09T09:24:12Z,iiou77-_-,account.31e54502c625478b9109ab40cc036191
2026-02-09T09:24:12Z,Yh_Luminous,account.037448228aaa4a7f9539e53b1f04dd69
2026-02-09T09:24:12Z,NMT_Xfeifei,account.9cb5d24f5f274c498e39df3cc7047f55
2026-02-09T09:24:12Z,yY_0473,account.f5579dd111e644d7b2162007cbb285ed
2026-02-09T09:24:12Z,SWG_-Ever8888,account.ae8aa68c7e2044329ffedd459fdb31bc
2026-02-09T09:24:12Z,SYueOvO,account.3ada87615b6f45b8a814d405b11f7356
2026-02-09T09:24:12Z,Qw1ko_XiongDa,account.7ec5dbcfa0f04123b3a3a3218986527a
2026-02-09T09:24:12Z,nniuyichen201104,account.3806cdc2590e4baaadbce2e77a932b44
2026-02-09T09:24:12Z,Coisini-0324,account.dd150df70c504284889dc6ea9aed978e
2026-02-09T09:24:12Z,7TAi-Huzi,account.980d928503ae456ebcedc76f2bef25f0
2026-02-09T09:24:12Z,V-NI-50-KKSaoB,account.d3a4c69645954425bab5688077c55a0e
2026-02-09T09:24:12Z,TiMing-__,account.a012fd84e53d4c709172923ebf2373b1
2026-02-09T09:24:12Z,The_Summer_Book,account.66ae479c5d37445c8f21f81876d656cf
2026-02-09T09:24:12Z,Flax_Ami_WarLxc,account.32377a967a594b5e911befb7c244abe7
2026-02-09T09:24:12Z,lucky_day666,account.bcd24477c90f453ba716b4c8c8791b9f
2026-02-09T09:24:12Z,Fissydusk,account.39e6ae59f08e4502913048ac15a67d7e
2026-02-09T09:24:12Z,weikunlin1,account.f48e9167f9424fcf8180d5b90ccecaf6
2026-02-09T09:24:12Z,jilimeiyouge,account.e59d59f08b804965a99c177d1456f197
2026-02-09T09:24:12Z,wldjwk1,account.0f8a290709384243bce763964bed2eaf
2026-02-09T09:24:12Z,xiaohai7752,account.9ce74216b6b04a339c77a56f61b8c245
2026-02-09T09:24:12Z,0392--,account.c18625d4556d48639e58fa47cd7ca60a
2026-02-09T09:24:12Z,Kan_Kan_SaoBi,account.be1b170bfbad40b0bd7bffc12fc2173b
2026-02-09T09:24:12Z,Don-t-BB-XXX,account.6e0c04b7452f4016bd1b2c693b607f2d
2026-02-09T09:24:12Z,mixt6868,account.5e519bf7f13647ec8eacd7c638043631
2026-02-09T09:24:12Z,nidebaba11132,account.6eded4d9ea7d4728a40b066ba2a4bc38
2026-02-09T09:24:12Z,CHN_0914,account.a5f7bbf227d74470b1a09d6d3299f7b0
2026-02-09T09:24:12Z,0-o-xiao,account.b84b25cec5924ebc82353cf7db09b13b
2026-02-09T09:24:12Z,NanG8888,account.12e5e2ee8a494f5db0a4864f365f3665
2026-02-09T09:24:12Z,OMGirloyasumi,account.6a594b92500141d38ea365d89d4cac87
2026-02-09T08:54:51Z,bbzmkh01zv,account.4e83de3030224972820e44cd83bb2c0e
2026-02-09T08:54:51Z,FielReaper,account.6a2fc88115e64f36a9e34cc4c266931e
2026-02-09T08:54:51Z,03i21,account.9b4095d69ee74f358f2813bc1a2a3182
2026-02-09T08:54:51Z,Fengzhaxin,account.dcf37d44c08d4a2e92d077714b314340
2026-02-09T08:54:51Z,isne,account.aaba2defb6464641b0df7976e12e4548
2026-02-09T08:54:51Z,KR_RedJung,account.149c9b01555a42098076438a22b75792
2026-02-09T08:54:51Z,BT-de-M249,account.3e9d338de3e24b3eb62f6be74383019b
2026-02-09T08:54:51Z,7Xik_-,account.79d8fe7d2f0e40e2993f7301f0d729ac
2026-02-09T08:54:51Z,joraengyi,account.a71a67e4a5fc4eca896f4e107f49cf0e
2026-02-09T08:54:51Z,7-HuaSheng,account.8294d1ee096c4ceab520eda2a2e725e0
2026-02-09T08:54:51Z,iwGo_TnT,account.204ca25ca59b47a0bc1909ccf2bc6f9f
2026-02-09T08:54:51Z,Smile-liang77,account.fefe2e05a4964d1ea044a0c0c8f10a67
2026-02-09T08:54:51Z,01i06,account.ab7130e50ed44f9f92143cf370e53977
2026-02-09T08:54:51Z,WarThog-Qing,account.18deba13e5dd43c8b2ac2da4689695cb
2026-02-09T08:54:51Z,i9246,account.d7969f7d0484481889841880f8d9cf1c
2026-02-09T08:54:51Z,08i21,account.ed5ece5f39c145279c7f4055b14704cc
2026-02-09T08:54:51Z,Hw-Hz,account.de2cff3a79cf48ada4f2f284bebfb0c8
2026-02-09T08:54:51Z,Distance_Toxic,account.da297f55fa6a440da98025b3d2b29852
2026-02-09T08:54:51Z,SOOP_BackRo,account.5f9ec87836ff42579e49c907729a2fb8
2026-02-09T08:54:51Z,i7oooooooooo,account.c091dfe6c827460283edd4142a5f7393
2026-02-09T08:54:51Z,5iM2_,account.43f2ab8444764883a35a008ac1bc7331
2026-02-09T08:54:51Z,sqxujin11,account.df676cb3037b411882a9fe716ed86195
2026-02-09T08:54:51Z,K1rby__,account.9d6e2ef3d15b4ba49ab1b448919dd046
2026-02-09T08:54:51Z,Killer_YGG,account.76633d2be7184d85bea950d41d081559
2026-02-09T08:54:51Z,princesstaehyun_,account.b434ad2d4a6a40b6aabf430b0a35ebd9
2026-02-09T08:54:51Z,i1oooooooooo,account.a1747b44d15c42d2aeac4e855191b9aa
2026-02-09T08:54:51Z,BaoZaoDexiaoY,account.e3371172b2bb46bc897a97f25e63efbf
2026-02-09T08:54:51Z,Wo_di_m24,account.1064a42ba2b742828881caaa50c82663
2026-02-09T08:54:51Z,Krytos-T,account.ef5801370ed74483a7020cd30023be00
2026-02-09T08:54:51Z,0906-_Y,account.de2f2747f1344a109b62555dac8824a5
2026-02-09T08:54:51Z,BerisViedma-Ran,account.439fcef54806413da868f75971ec4fb9
2026-02-09T08:54:51Z,women1234,account.b1e326c2882441f89f17792049f0342e
2026-02-09T08:54:51Z,NanChong-HuGe,account.4943011b2e6449019655902c52e155ed
2026-02-09T08:54:51Z,124321-,account.90556f17558e4883904f09ab24401494
2026-02-09T08:54:51Z,Gan-Xiang-Cai,account.77d70072b5994fcf85a706218624a104
2026-02-09T08:54:51Z,Tiedan_TnT,account.eb093b4566694f8a97dafce6312a35a2
2026-02-09T08:54:51Z,RenzhaGG,account.24838d14444847e9b38f6c835511e47a
2026-02-09T08:54:51Z,Hy_MMc9,account.d151862f335b4ee48a7f3c70a829d8b8
2026-02-09T08:54:51Z,Dee-Amarantos,account.7c0f67031f4646ddb6d998f5184d6890
2026-02-09T08:54:51Z,ToKyo_2017,account.aaf880604eaf4cca85fbfbebe50b915b
2026-02-09T08:54:51Z,suii_TnT,account.96e867cc5af64d068df4912c97827e55
2026-02-09T08:54:51Z,AnyOimy,account.1db789dd80984ef5bccadacfa5ccf1b7
2026-02-09T08:54:51Z,Wsh-95,account.160050c0e02d489d9c75b34b3f842c06
2026-02-09T08:54:51Z,LAi77-,account.94218fc403d6404497cd78174b307da1
2026-02-09T08:54:51Z,Devils_-Xy,account.a6ef993f4db04a8296f692c2b3eea152
2026-02-09T08:54:51Z,ADqqqqqqqqqq,account.411a306c54a84ec1b401f158b65501ca
2026-02-09T08:32:49Z,Poppy-Lf,account.201c48e656134ad08925f3e6ee873d9d
2026-02-09T08:32:49Z,hpphms,account.6bab7d1a229d422aa363d5915de42ebe
2026-02-09T08:32:49Z,OOREE,account.bf371163099b4c60b9dca7ee1b0d67b0
2026-02-09T08:32:49Z,YeZi0509,account.f10411278e134884a6da18e2ff695b15
2026-02-09T08:32:49Z,Happiness-xuan,account.be06ec77ed184be0a03055108ad04a84
2026-02-09T08:32:49Z,dly555,account.6ecf8d65cdb14109886024c93b2f781b
2026-02-09T08:32:49Z,ohno-pitiless,account.5dac5148b0174eb6961c43d159956d59
2026-02-09T08:32:49Z,ohno-xixi,account.f4859fb4a83f40a7b12499b9c1bcb818
2026-02-09T08:32:49Z,ZJK-SanWang,account.e58f5a5804ae41b2bf9de25ede78e646
2026-02-09T08:32:49Z,021o_N,account.db0ee71246a44c658a00d576f4380018
2026-02-09T08:32:49Z,zzxckygs_,account.f9707725244a4d4295f8bee7ff2b9b46
2026-02-09T08:32:49Z,iuuco,account.c139d3284c5f49908e48b70413287eea
2026-02-09T08:32:49Z,MM93_wOnderful,account.3b4f9408d3274dbe9194006ca52d3749
2026-02-09T08:32:49Z,ZXZC666,account.e99208de43ac4a3bb2f07b272e268c98
2026-02-09T08:32:49Z,Soulmate_Hz,account.a0d27769424148b4946b41a2b4b7f187
2026-02-09T08:32:49Z,RongSirHR69,account.23d63c058b3f412ba7db078167b4b888
2026-02-09T08:32:49Z,ST1_HFS,account.9336ee1ebf3540bdbbf9bec722de2e5f
2026-02-09T08:32:49Z,y1q1angtou,account.f8b25bca8ddd4872b6ca50f6519e1d70
2026-02-09T08:32:49Z,ZJK-ChenHui,account.0c9792aec19344ec95bca07a5f127636
2026-02-09T08:32:49Z,ZJK-CLCJF,account.f736844bb9e64a4e8e8ccadb93a5a431
2026-02-09T08:32:49Z,SSR-UP,account.b79006ace95b41d3882c8c5d21e1cc96
2026-02-09T08:32:49Z,Scofield-88,account.3b31a42150d24c1d8f87a64ad23a551c
2026-02-09T08:32:49Z,Shi----Yi-11,account.93f8395288574dd9a8e480fb08769a65
2026-02-09T08:32:49Z,Wobushimeibi,account.c6705fc40d994f4ab8f3a4227e1dfb9c
2026-02-09T08:32:49Z,Fairy-Dou,account.fef972f89e104db297f847dc1ec2f2f0
2026-02-09T08:32:49Z,swa-at,account.8d2cbb2c0c4a4da59a41a2fd691adfcd
2026-02-09T08:32:49Z,XIAC777,account.97efcd35b33746cb8f59ee788ed67ff1
2026-02-09T08:32:49Z,fengshaoku,account.464e693353e444fab9886d3c27cc3ffc
2026-02-09T08:32:49Z,Gongxin1988,account.43430962d562431ca7fb94defb2d52e4
2026-02-09T08:32:49Z,KBJW-_,account.3b54956071a04c0aa9b07e87b34ecfdc
2026-02-09T08:32:49Z,OIddddd_six,account.470b6b48ca2a4146875ca3b3e12c1246
2026-02-09T08:32:49Z,douyu-11029759,account.2ab6a6b16de3470b8346c6cf17450f44
2026-02-09T08:32:49Z,jujubaby666,account.7a35b51bfb824c14b0899026a6b3b410
2026-02-09T08:32:49Z,Alice-_-o,account.deadbd3cc5574245bbf06d628d8cfc95
2026-02-09T08:32:49Z,912yo,account.a0010f006db14deda49c83c032e496e0
2026-02-09T08:32:49Z,Im_lucky_koi_77,account.eeec3a575c4f4b0f96cdfcbac0a9f645
2026-02-09T08:32:49Z,EvildoerQlior,account.57127f22fc354731b5ff61d54ef8df7f
2026-02-09T08:32:49Z,7kiu_,account.a93ccae8c7224bbbb0ac603150fb7da9
2026-02-09T08:32:49Z,woshiniiiba,account.0d99d264f54e4df48a18d23a7da3c7bc
2026-02-09T08:06:04Z,ZN-GOGO,account.4de70f9177ae45f48b516167783aa2b0
2026-02-09T08:06:04Z,z7yikou,account.50f10004f5bb4f57957c1eda6c1b208f
2026-02-09T08:06:04Z,Funny_1995,account.2588480681ae4f70a1dbb3c955783d62
2026-02-09T08:06:04Z,daydayup1217,account.eba660c5fe6348939ba24d32e4b354cf
2026-02-09T08:06:04Z,WangFeng_Baby,account.f01f1a398ccd4d5e80f61e5d32402376
2026-02-09T08:06:04Z,hate0831,account.b39185c8a8b64fee949fb4108e663d6d
2026-02-09T08:06:04Z,PUBG-XTT,account.225fcbe72fd74b468fe19b97977baeb6
2026-02-09T08:06:04Z,gnolgnok_,account.d1795f1a1b0546de870e959630a1144b
2026-02-09T08:06:04Z,FULONGLEV520,account.0f5fb301884d4183b58ee56700b59d95
2026-02-09T08:06:04Z,YJ-xiaoQ,account.6a3fa807dbe247d69ca3dfe1cda19aba
2026-02-09T08:06:04Z,x1uxx,account.aaf15782790c48178e5b9c02866ab71e
2026-02-09T08:06:04Z,Word_T,account.67d8871a735d4d42a51041a0c6d47fad
2026-02-09T08:06:04Z,NNNNNNNNNNNNNNiK,account.ec8bbeabaa604baca83d7ab285266973
2026-02-09T08:06:04Z,NBA_YaoMing-_-,account.7d68dab993b54b05910bc0732fe834af
2026-02-09T08:06:04Z,Xu_manman_,account.c7a0ecf1ac4e486cb380d9bd57e9f056
2026-02-09T08:06:04Z,NoScopeHawk,account.1bcb060c34154438bdb5da9d82a0bb0c
2026-02-09T08:06:04Z,ywr-yyds,account.d2f7614e262f47fa9944866b8c0b6e54
2026-02-09T08:06:04Z,QZR-777,account.a43217452b4242fbaae9725f5273d396
2026-02-09T08:06:04Z,T_-Daya,account.f0667db84675455a9eb0a0cd535a61e1
2026-02-09T08:06:04Z,warrior-JG,account.2d76f96caf0e46bcaeeb336c262d0ac5
2026-02-09T08:06:04Z,4AMsmlie,account.7a6c0cb931bd4aa1b0e20d4e718ac8a1
2026-02-09T08:06:04Z,NBA_James-_-,account.6bf83a16e79f4ef48a631e914dc84f98
2026-02-09T08:06:04Z,U3_Kyo,account.423a3080a15c438da3e32a12089e17fe
2026-02-09T08:06:04Z,wjdgus_0,account.3414f6dec21e48a885033a2ca7b01b25
2026-02-09T08:06:04Z,battle123tag,account.84e357e8890248339dea12045891962f
2026-02-09T08:06:04Z,yanchu10086,account.3e67e6cf87384067bc29e9e88bb13ac5
2026-02-09T08:06:04Z,warrior-BL,account.9eafe0ed8e394508b2008ae79f6d5066
2026-02-09T08:06:04Z,feng--biubiu,account.27e9ceaf5fa9474fbe9bdc36bdccf312
2026-02-09T08:06:04Z,csxspanda,account.1cf7b14e2aa545309ec7809da25e99cf
2026-02-09T08:06:04Z,INSQXF,account.5ddc58f425394fd6b24f9041e0fd3128
2026-02-09T08:06:04Z,iuT1-,account.4f7822e2f5ae4dc49027a1a2d82b8e8b
2026-02-09T08:06:04Z,warrior-LAOJIN,account.d4a0e17dc3d6480c9783b63dd9517f3b
2026-02-09T08:06:04Z,IIIS_A_KilLer,account.630c37c5e4d64170af6b426e2f3896ff
2026-02-09T08:06:04Z,GOGOGO-DIE,account.d23b7674946f4b92895da474e035ef6f
2026-02-09T08:06:04Z,v7_AaaGT,account.aac1cd454c28458c96cbdea9b459e5b6
2026-02-09T08:06:04Z,l215-_-,account.b4008a76dacd468294b8388947cffb40
2026-02-09T08:06:04Z,ZR99_-,account.ecf727e9dbbe4f48a8028c25e6db80b6
2026-02-09T08:06:04Z,zw-ali,account.a5fc54a5c27440f79946ae868d453dc0
2026-02-09T08:06:04Z,Lakun-__x,account.c327b2c8cd0f45edab70ea845c0195f9
2026-02-09T08:06:04Z,YANZuzzzz,account.e5b1aa0ce4ff44bc8026f73b8b70f4c7
2026-02-09T08:06:04Z,DUEBAV,account.b8d6cf8f61a846feb33da3c22bc0c976
2026-02-09T08:06:04Z,Who-I-am-L,account.47a73693136d4ba885c3f8a7b72cc10e
2026-02-09T08:06:04Z,Shocking__Whale,account.8f95b49a2c3349bc93cf21f60f7c0200
2026-02-09T08:06:04Z,0411__-,account.f4c222e428b14600bf2a8e70e093cace
2026-02-09T08:06:04Z,NBA_McGrady-_-,account.61982376532444b49dac24ee69e46435
2026-02-09T08:06:04Z,ZHXB--ZGG,account.09cf3ead7ab741ea9af34874014f00d4
2026-02-09T08:06:04Z,Kr0ng99,account.19526f8a82a54501ad1f8a59d8984796
2026-02-09T07:39:27Z,CHINA-ZJ-H19098,account.de3d7f74947645249c1d157a393c182d
2026-02-09T07:39:27Z,ImDr_,account.960edf451e5748d994948f1280ba4b09
2026-02-09T07:39:27Z,DongGe-zero,account.b0e3a52beb5140b682152cc5650b40f1
2026-02-09T07:39:27Z,YOLOc,account.4f239722c4d54a99a08888d88efcb40e
2026-02-09T07:39:27Z,Ey1Un7Pn2Fc8,account.7de126683bd642e99ff43a0d2b2a3633
2026-02-09T07:39:27Z,Hawk_Edge_Lee,account.fce55430f759459c914ec491ee9562fb
2026-02-09T07:39:27Z,GdmYmm_eVan,account.5f2e2a0c3d1f4d0899dce53ebcf7c9cc
2026-02-09T07:39:27Z,CHINA-HB-AT06G5,account.d50adc7fcfc34efe9810e16a7b7e98d1
2026-02-09T07:39:27Z,TY-MOUSE,account.3052c6fc4c7a4390ba05284ec1caecce
2026-02-09T07:39:27Z,DENGduaLANG007,account.3f26308dfa1b4fe7b423f7d71448d40b
2026-02-09T07:39:27Z,MilchstarBe-LL,account.834adaa136094e08ba1e7574d1854a18
2026-02-09T07:39:27Z,9685-00,account.f6cfc7b2d50e4cef93d01282b20f7bc6
2026-02-09T07:39:27Z,WRui___,account.36478833ceb746a98c5bd8563c5ed71b
2026-02-09T07:39:27Z,28Yearsold,account.b409f199d9ae4d829fbece69da1231c0
2026-02-09T07:39:27Z,Couoi,account.4238a771bbb24e5c8dc2bd9738088450
2026-02-09T07:39:27Z,Cxjie_OoO,account.95d9cb37bf7c441ca184eaf7aa327eb7
2026-02-09T07:39:27Z,ssisi_-,account.77741293e1644f1dbeb8226df6cc128b
2026-02-09T07:39:27Z,GodV-is-My_son,account.be5f9fe27eaa43f68d94c1f825b79cd1
2026-02-09T07:39:27Z,CMT_BO,account.66d34cde742c42a5982c8fd15b980761
2026-02-09T07:39:27Z,sexydlxodbs0811,account.e5d2d7fd854740a2beddade7cbf18c16
2026-02-09T07:39:27Z,NBkelaS-696,account.fd2429256b5d447e987e0044a878ff2e
2026-02-09T07:39:27Z,bgg307,account.77b2d51ef10d4bcda9dbfb61276d4a4e
2026-02-09T07:39:27Z,Xiao-song-_-,account.12dafb520c6c40498492c7f3477ff641
2026-02-09T07:39:27Z,0o6y,account.cf3b0d8241de4810af9c239190127d4b
2026-02-09T07:39:27Z,8mss,account.10872aa7b43e4ddcbe65340f8a621f6e
2026-02-09T07:39:27Z,RRRRRRRRRRR1i-,account.f9fdf8245a554621bf0c37b76f36acf1
2026-02-09T07:39:27Z,w-G-G--G-GGG-GGG,account.a6bf170373164bed8876c8c35b1a6ebb
2026-02-09T07:39:27Z,hardcarrygirlman,account.6ae0f57cbff740a1b54669cb723e1db5
2026-02-09T07:39:27Z,Alex-nice,account.880b472567234636bba1511edf45b455
2026-02-09T07:39:27Z,1014pupupu,account.8f5de8b113c947a5bf1815953a496827
2026-02-09T07:39:27Z,penetrative,account.22321de1890442ffbfa2ceef0120f936
2026-02-09T07:39:27Z,woshixiaohaiZZZ,account.671673d4a3dc4941b25be0304c2a8338
2026-02-09T07:39:27Z,JUST-JAMES6,account.31457cc518f2463d9515b50a44b36e29
2026-02-09T07:39:27Z,Paw_qiangge,account.f8b342d4f99a4fadbbc6211f08bc1b12
2026-02-09T07:39:27Z,QiaoLiWaZzzz,account.8687f067e2c74d2f943ee0e33930f429
2026-02-09T07:39:27Z,Fei99997,account.15cd12a8ff1f48648b3e69714a2f1c5e
2026-02-09T07:39:27Z,Audi-RS7-Ev4,account.9720db97cd794117808e0f633ce5d13e
2026-02-09T07:39:27Z,MoMojuju-,account.e13e44fe7db44271beb0565ea7bdffec
2026-02-09T07:39:27Z,mizhizixinlqs,account.11ad023defb344d797aa10f877c26bdf
2026-02-09T07:39:27Z,ioyiorty,account.8d1bfc0d71bc4f6a888680d80d13346a
2026-02-09T07:39:27Z,liangliangbobo,account.5657bdf3ebfb4988baed3e66d3a58d8d
2026-02-09T07:39:27Z,AVG_OcculTator,account.aed41906e94041d7b5913f312fb7c672
2026-02-09T07:39:27Z,Ares_tiger-,account.e22690d8f5f24df58272a7fbee1005d6
2026-02-09T07:39:27Z,Hollow-Men,account.6d5a35e8b3ac4965923485f2851f8344
2026-02-09T07:39:27Z,Tempted-To-Baa,account.33635f1b4b5b4b11a330f640b53bfcac
2026-02-09T07:39:27Z,Plkilled,account.b6f1f469aac441618e59a6a3349779c4
2026-02-09T07:39:27Z,h0245pieck,account.1394dcdde1fc44bcb064500d5519b0d0
2026-02-09T07:39:27Z,NeverDefeat_,account.14e5e339890d412fbd45ac4cbc3fc66f
2026-02-09T07:39:27Z,Esthetics_,account.be036b627b6a437a8f0303bb66a02233
2026-02-09T07:39:27Z,PGGBNXT,account.1192b6ccc1d745c89d382b0667447342
2026-02-09T07:39:27Z,qltmq8p,account.558274e34c434469aaa2fac8e6754ff7
2026-02-09T07:39:27Z,Qiang-0352,account.b2fb61bbdcc9439195fa5f92d37df3e7
2026-02-09T07:39:27Z,Hero-Potato,account.351c659d5d0340a48debda6fc68987fb
2026-02-09T05:41:36Z,0329-S,account.fee25be8b2d34562a4fd3241f0418a96
2026-02-09T05:41:36Z,2Er_Duo,account.4775cb1642a045f09f8fc2bba7affe6f
2026-02-09T05:41:36Z,Bean_--,account.f2eddf880c19495396405210f12bd574
2026-02-09T05:41:36Z,Jasminey0,account.a9fc027f3f7f447f861216782cbb4707
2026-02-09T05:41:36Z,PENGZZZZZZZZZZ,account.40b20b3be9e243d5977ca7584b652195
2026-02-09T05:41:36Z,Meng-ren--,account.91114c5359074677a1254a6baa84ae07
2026-02-09T05:41:36Z,Tking883,account.04735a562f894fda8412b1113b1ded91
2026-02-09T05:41:36Z,CHEN1374,account.f8bf9118ca884196848f484ea408e7cd
2026-02-09T05:41:36Z,LIULIU_0225,account.8c699a17a7f0414d8a4b8297c7a6699f
2026-02-09T05:41:36Z,nice--raoge,account.6cc6e604372a42548502ad1b1d3fc134
2026-02-09T05:41:36Z,midlina,account.0fb816b96605430fb5f2c0e21e9b5791
2026-02-09T05:41:36Z,Come_on_mmmmmmmm,account.4f2c0f36bd73454aa202f4329b84728e
2026-02-09T05:41:36Z,Ange----,account.740dd74a46fc412f9ddcd340ef9a87ce
2026-02-09T05:41:36Z,sdfgjjlk,account.d4ea1fb1be554416b742b446585e500e
2026-02-09T05:41:36Z,Wik-N-0126,account.fca69a64a2544ee4ad115104a0bfa2b4
2026-02-09T05:41:36Z,whoiswoman,account.c290667a30f441679a790953bdd83e1f
2026-02-09T05:41:36Z,BPK_DORI,account.d1b44c7344b04af7a643ba39743019a1
2026-02-09T05:41:36Z,PORSCHE2020,account.7e61906970404285816fdefafeb6ec67
2026-02-09T05:41:36Z,ChangShaManGe_,account.bcd8c5b3371643ba90aca596e9e7ff11
2026-02-09T05:41:36Z,xinxia-79,account.23bc80d203ff49e49b00d7ee8b1bd5fe
2026-02-09T05:41:36Z,0794-laoliu,account.85138825c0a441a4a1fca53e4bd2d5f2
2026-02-09T05:41:36Z,Once-Again_,account.4406cae6846d4dbdb4ea542854f9a2fd
2026-02-09T05:41:36Z,yxw-6,account.c70ee732a8d54c9d9f4894a4a009aa1d
2026-02-09T05:41:36Z,sssss55454,account.19c56c8345224ce38386364aa05e9b77
2026-02-09T05:41:36Z,Rec-MixShop,account.695a1d768c4c46c4b546b487ba31538f
2026-02-09T05:41:36Z,rfgery568,account.52c3b00ceb6b4d9080349d6e389b6e46
2026-02-09T05:41:36Z,9iEV4,account.987e0ca14d2e42fcb038077988fd881d
2026-02-09T05:41:36Z,UN-beaten,account.6441e0db90ad4221a5693a9556df12a4
2026-02-09T05:41:36Z,Darkness_Fall,account.511909362fca49999f4842ef78d9bd69
2026-02-09T05:41:36Z,TuTeemo_-,account.2346d89496e74bd3a8bfe19c109cba9b
2026-02-09T05:41:36Z,xanadu2_bk,account.94a6733c08b84f57a019a3faceef1bf7
2026-02-09T05:41:36Z,IIIIII9506,account.db03cd97b3c74616a9bae1df2aa9e376
2026-02-09T05:41:36Z,SupremeAJ3_,account.329b4803658e4fdaba0b05bc31bfb2ec
2026-02-09T05:41:36Z,tianyong_du,account.b6f6578e805943ee82abee33b60594f5
2026-02-09T05:41:36Z,pengxihao,account.bb98d8718473415d813de13a929eef28
2026-02-09T05:41:36Z,jE_oOhaX7,account.a83f133d4aaa4f75809a65d9c7c787ff
2026-02-09T05:41:36Z,Yy_-anjing013,account.de25ecd25bef452ab2269179877f5128
2026-02-09T05:41:36Z,QIngT1an_ovo,account.b80e870f1d5c4aea8783f133162f12c9
2026-02-09T05:41:36Z,iX1n777,account.f93871aca68f494ab7692e670f0dd46c
2026-02-09T05:41:36Z,BPK_W,account.ffdf6a2933ab4935b0a12a0ac42aebff
2026-02-09T05:41:36Z,Ezzz_SHAdoW,account.a20a1eb086f54fa9b15a9c6dbbfd8c92
2026-02-09T05:41:36Z,BUG4444-,account.feeb6a04a1b64b739ba5ff7b2282c661
2026-02-09T05:41:36Z,JakeNapier,account.f33502ef108d4caf9170370bf4af99f6
2026-02-09T05:41:36Z,Wxx-51,account.a81e890bbdbe460ca8493623d47459e9
2026-02-09T05:41:36Z,Oibb__,account.991c148f4517428e9833aeb5293d1e79
2026-02-09T05:41:36Z,ijkngla,account.d3b2690551c94c04a404582bc2039cb6
2026-02-09T05:41:36Z,juyuanjinshu,account.2969c52702b6434887dc8026aedda788
2026-02-09T05:41:36Z,Chowhound_Chenxi,account.44ffa6ea38d349a9ab0b880171f7c70f
2026-02-09T05:41:36Z,Bey-Labubu000,account.fef4ba435d324f8fab1d764e1ce0f6db
2026-02-09T05:41:36Z,Yard_--,account.97a7641f045445c6a88c5b89c5026051
2026-02-09T05:41:36Z,Fury_xxxlu,account.16f8ae0e1dcf4b32aa9adf97938e4630
2026-02-09T05:41:36Z,Day7Fire,account.295c6ebf5cb84a8e9b0ed22af2f7044a
2026-02-09T05:41:36Z,George_Tan,account.17ed8031aea54d31a21e6948bfd316bf
2026-02-09T05:41:36Z,giggitygiggitys,account.888dde10a3c9424ea49517585ace71ba
2026-02-09T05:16:16Z,CHINACamei,account.9657355186d344b8b8992985bf69cb02
2026-02-09T05:16:16Z,CupiDo-_,account.8680ee76c9e9449d8d8822a54c02fb5a
2026-02-09T05:16:16Z,Sheng-hui,account.2110351418dc4920919b63a03247349b
2026-02-09T05:16:16Z,mima1314-78,account.45f592365d50448e9691143c73f4f1d9
2026-02-09T05:16:16Z,Buerle0509,account.a3de65f292194161a6b346aed236653c
2026-02-09T05:16:16Z,Zzzzzz_s-,account.2ed7a562814e4ba0a5832ddfea23a41a
2026-02-09T05:16:16Z,Ry66666666666666,account.454d2d0967554949bac6e17e2cdce25a
2026-02-09T05:16:16Z,Risw_joy,account.6bcce85d49a04cb3b8eeb7e7f700b6da
2026-02-09T05:16:16Z,4vempMHfD,account.e7451abf1ae140e5977798297a5eef1e
2026-02-09T05:16:16Z,ChickenFather_,account.6891af3146f04ceda7033d9edfd9fb0e
2026-02-09T05:16:16Z,GNE_-_MD98,account.f6ef75d3c51d4e2f850e70244d009bf2
2026-02-09T05:16:16Z,7aqb5amngnz,account.e45729ea09434e5887e26e61a6ca9f40
2026-02-09T05:16:16Z,BQYS-666,account.ef33c756bc1b4ba9a57dd1981f603222
2026-02-09T05:16:16Z,Aapengpeng520,account.c43780bf6bbb4a6bac84491bd21db132
2026-02-09T05:16:16Z,Lolanto0917,account.872c1aa78ce8467e9e4ff7297479aa6d
2026-02-09T05:16:16Z,CJDL_QiZhu,account.fd640d2466734f439d95a1f454caa6b8
2026-02-09T05:16:16Z,KD_Wadu,account.5f5953d6d6e24db880778821c9a3eb54
2026-02-09T05:16:16Z,DaaBaii-Y,account.d5b374db6106483195d1595bd83edf74
2026-02-09T05:16:16Z,heochoonbong,account.906136f7ae4b4759b03672806c897f65
2026-02-09T05:16:16Z,Silver_Junne,account.23908a6f08ed48b8aef3d37e6e725365
2026-02-09T05:16:16Z,0202LY,account.7be2bd5e7fac4d8bbfb28b0e22f3ce3b
2026-02-09T05:16:16Z,Super_TanKK,account.8a83f0ddf87c493a942fc297b58865ee
2026-02-09T05:16:16Z,MOHACK_,account.b395dd2db9f543879be8de45ce459963
2026-02-09T05:16:16Z,sadness-empress,account.ca2145704f994e6db5553117565a7c2d
2026-02-09T05:16:16Z,GLJ-1996,account.32b2bb74d14e42928f7e86b1351e658e
2026-02-09T05:16:16Z,ZOOMZOMHACK_,account.3e6ada6845b14977964e6c3be99d4e42
2026-02-09T05:16:16Z,Anbis_ssssss,account.b103d9bca4404ebc9a297778066b5497
2026-02-09T05:16:16Z,MMM-AK741,account.016a1ce7e7954eaeb5bb88fa3f9998e2
2026-02-09T05:16:16Z,Arnimagcb,account.4a31a7c9628942bf84a352f9a9618926
2026-02-09T05:16:16Z,dapo_-,account.640d0e8a87b04332a301c8560b11fc0d
2026-02-09T05:16:16Z,Rampant-YM,account.cf8684b132ec4632bb0e5db97f912a2e
2026-02-09T05:16:16Z,Xiaon_An-1K,account.2f59ac17db8548929110f8e0e7ecb147
2026-02-09T05:16:16Z,baby0905_,account.32942d9a62084e2da51951030c791c56
2026-02-09T05:16:16Z,Cavilleria1983,account.9e5522f9f6a44085ad79fda9883afa18
2026-02-09T05:16:16Z,LOVE-DEAUTY,account.a03a446f30864140be729e06caa2de94
2026-02-09T05:16:16Z,NAANHACK_,account.f5c41603cb954ca2b618dade45af47ae
2026-02-09T05:16:16Z,heyi2025,account.56fd4511c9ff4dab9ce2fcd1565acc81
2026-02-09T05:16:16Z,IFM_903,account.585a61ec58c5444995ad6029ea809762
2026-02-09T04:58:40Z,Kate-Chan,account.b451b0104cfc4e41b9d49d0879af825e
2026-02-09T04:58:40Z,Wassliy,account.9af27ce1030045ba9b4bc9228e8e3947
2026-02-09T04:58:40Z,longshao6456,account.e99a0257ec444f1d8eb30fbce19d7158
2026-02-09T04:58:40Z,Aikin121,account.fe5af0f529f349b084c0ad9a475e0370
2026-02-09T04:58:40Z,C0HFbmt3LizioX,account.362ceb02ffcc415cb9bd0fbeb7a1ac48
2026-02-09T04:58:40Z,RASHmadman,account.d81c0d5998c24af0ac5d2fac81fc2c1f
2026-02-09T04:58:40Z,0479_zxf,account.6e397bddf4ea4b54af519f3779325463
2026-02-09T04:58:40Z,Pv2_Hell-Man,account.9df0b577b4aa4a4e81d9028e17e0d53d
2026-02-09T04:58:40Z,82_dryMartine-,account.5a3a3bbed88648818903d39ec4942079
2026-02-09T04:58:40Z,gogogo__1,account.00ef46588e9d4915b23283a938d70081
2026-02-09T04:58:40Z,Jackie_DTCHEM,account.081d5712d0894e1f8cb1bea988376482
2026-02-09T04:58:40Z,LYB-01011,account.841f6adaa2a247be84dfa92a7b917580
2026-02-09T04:58:40Z,290_dazhutizi,account.81d43fa27ce5473a8a9a80d0490b5927
2026-02-09T04:58:40Z,guyue-PAN,account.b77829b1189d4cd2af5e8c28bcade6a0
2026-02-09T04:58:40Z,17-Youaremyeyes,account.34ffdf32aaaf4099b6d10ec2597ec005
2026-02-09T04:58:40Z,TungTz1213,account.6f8b31349f6a43118d1b2d3984b35812
2026-02-09T04:58:40Z,SoulSeven-,account.768ef7d8fb314855b84b06ffcc7f29bc
2026-02-09T04:58:40Z,ARTDONSONG,account.6d39aaa5397b4b8289dab9f4231b4006
2026-02-09T04:58:40Z,KaKasGniM,account.9b1de997aecc4c9db900a9c680009656
2026-02-09T04:58:40Z,Hu-chu-xuan,account.027aca94e20c408f8c2dc87d989565e9
2026-02-09T04:58:40Z,qian1101633649,account.2ed2a327f3344eee934149d755145aab
2026-02-09T04:58:40Z,TxgTJ,account.59fc9d05a1f54cbb8fe422e3869a88f5
2026-02-09T04:58:40Z,Bianxy7,account.48cf5560322e489d9d33f19aa943c5b4
2026-02-09T04:58:40Z,D777P5,account.7e1839c7b3f74d81a51e5c8e69c6545c
2026-02-09T04:58:40Z,danchouchu-jin,account.5e36087090c143f894b5a646bd9af61b
2026-02-09T04:58:40Z,China_Peijiahui,account.77599ccd2a474ece9a04a011a2eeda83
2026-02-09T04:58:40Z,daodanTV-12135,account.592c2070325141ce82d1d61f2d2a880c
2026-02-09T04:58:40Z,wbhzmp,account.10166560659d4be2a7c4830350a64f95
2026-02-09T04:58:40Z,AJ1n8,account.ad1a090e48494f58a246bddfdaaf9b56
2026-02-09T04:58:40Z,ZYD_Doudou,account.934039acd75f4165b3dd06cb4893b8d6
2026-02-09T04:58:40Z,GYTjarvanfour,account.1616c8459dd54564a909797427b82369
2026-02-09T04:58:40Z,chenwudinb66,account.cc592f058cda4651b1bb27b2044216b5
2026-02-09T04:58:40Z,Rank_xiaoshao,account.06291cc4f21f4d24aa5905eccaa09086
2026-02-09T04:58:40Z,BoomEo,account.2baf8c6f3dc8449b931322f6c8b0e71d
2026-02-09T04:58:40Z,77iok_-,account.58e2f865e31d4bdca72129fa0c37bc96
2026-02-09T04:58:40Z,CPDDTZR18168,account.b1b4feaf2f2f41348504a549d8804431
2026-02-09T04:58:40Z,Demon_Br762,account.e03a7ef1ec604271bea9ac8f5a05e0f3
2026-02-09T04:58:40Z,minjk1,account.03f976f77e9444afa2a7aa5a791d4bbe
2026-02-09T04:58:40Z,Hero--NaTaSha,account.21e1b7f8d96048d4aa04a8b6dc0bd780
2026-02-09T04:58:40Z,Ya__chiBer,account.381b2a095d0240fd8d4269ea837fc687
2026-02-09T04:58:40Z,WCG_NO_Rambo,account.6b5e5e0c9779432090bb7f467a041880
2026-02-09T04:58:40Z,Tokyo_Hot_Actorx,account.60320d8cb303477d9bf8eefa0bcdd37e
2026-02-09T04:58:40Z,sixn1neWEi,account.33c087a29af1431299c875a5b0447384
2026-02-09T04:58:40Z,LGF_MrP,account.9469b4cec7684be4a98771449cf4e9b6
2026-02-09T04:58:40Z,YJ-TG,account.b6b190ea3e1f435bbd48cd9201634fa0
2026-02-09T04:58:40Z,CT_BURE_10-18,account.6e2101fe67c544d796d1b70573181ffe
2026-02-09T04:58:40Z,Creator-9527,account.28509443e55f4794823e5d84e2392cd2
2026-02-08T19:49:06Z,CandyManSK_,account.853874c9a59840cdb234426509d7f2bc
2026-02-08T19:49:06Z,H3artless00,account.d1cb671f6e1c4fb0b1f6efa74ff0c5a3
2026-02-08T19:49:06Z,ptnasxik,account.22c12a71a6af448fb26e131888335ff5
2026-02-08T19:49:06Z,KoBietGatGio,account.f2d9b96407f34e5bbd28bf69b01e5810
2026-02-08T19:49:06Z,BadBoyy2x,account.d2e169114f5942daaa64387f8d51f731
2026-02-08T19:49:06Z,PAINISYOURGOD,account.599684ddb7cd4365b7ca4b0463105453
2026-02-08T19:49:06Z,Z2h1-_,account.4f1bb14da4a5450992dcf4086dff796c
2026-02-08T19:49:06Z,AGuai_455,account.a83793f4f28c4a0bb7d3187901a569a5
2026-02-08T19:49:06Z,Basvbb,account.da652aa73cca4fb394fe212d156646b2
2026-02-08T19:49:06Z,Hadess07,account.00a30b9b312245b09a407a356af49027
2026-02-08T19:49:06Z,Kiooil,account.71354a66dde64bcebc90bf38cfdaa657
2026-02-08T19:49:06Z,YANY_BAO,account.3392cfbc8a83417fb20f03cebba0a25c
2026-02-08T19:49:06Z,MadStar_YamMa,account.221848ba243248f2bb99b5f7ece62f8d
2026-02-08T19:49:06Z,xpeadgql2py,account.93e20e2828e24ceca960505faaf9f675
2026-02-08T19:49:06Z,CuongConLonTon,account.7eed03ea2af94aa0b0bbad94864da07f
2026-02-08T19:49:06Z,WDADCACACACACACA,account.db1705d914e44776ac41f03d1e302ff4
2026-02-08T19:49:06Z,GDK-AH,account.1dc8568e1029428099b012aeda8ee8f7
2026-02-08T19:49:06Z,BIUBIUBIWDAW,account.8ed71b1a29e244ddac37737e7908c616
2026-02-08T19:49:06Z,Unique0v,account.84a768f6eb5d4e0cba2c94e2a4f46cf8
2026-02-08T19:49:06Z,LonggNee,account.354eb9055d36455883b3fe2f8b9a66d5
2026-02-08T19:49:06Z,Z-LinFeng,account.c71b4fe26f3241ada19dce0ff878fb96
2026-02-08T19:49:06Z,Silence-ton,account.603bc04364714de0a1a493b944b9c79f
2026-02-08T19:49:06Z,s4berrrr0612,account.17d0501f8659452c9b70ccc0075d3352
2026-02-08T19:49:06Z,N1ghtxt1nexee66,account.1c43ac1767ae4e1aa398acc9f0cecb7f
2026-02-08T19:49:06Z,puxit,account.66822123fe7741c387a44b2154db9cbe
2026-02-08T19:49:06Z,Estarosa-TDL,account.29a65c2c3a0c45b281ee5a3bb58ff963
2026-02-08T19:49:06Z,xPongNeng,account.dc85489c7e274f6fa4e81c6149d547a5
2026-02-08T19:49:06Z,MadStar_Keon2,account.71cc836a2fcf49499af539c1937a8904
2026-02-08T19:49:06Z,xavisinine34,account.579bc1b9508e43178f7e1c5a06b3991a
2026-02-08T19:49:06Z,cxu8756,account.da5b1ea3371c4b28bde01ab3f1d75891
2026-02-08T19:49:06Z,PeRO-1990,account.11ec5bdb133a4ad4a277b7b01ffba568
2026-02-08T19:49:06Z,1ncogit0,account.aa02f5ef6cef4492a32a4c7d0bef9bd6
2026-02-08T19:49:06Z,Son-Pham,account.dc66d6fd007c42df8204a4f35469d801
2026-02-08T19:49:06Z,1V4_0957_-,account.c2cc0068392c4d96bf7929bf2a80473c
2026-02-08T19:49:06Z,Hz-Apeps1,account.b2b28ca6e0184219963f1ce52915bd9b
2026-02-08T19:49:06Z,AK-4-7-TV,account.16a44696271e409f9702deb780d933b9
2026-02-08T19:49:06Z,Mr--ycp,account.58e973b052354964b02332ec59f9da4f
2026-02-08T19:49:06Z,HoLeeSyet143_,account.8d54da5a7ca9491db5633c31fc67114b
2026-02-08T19:49:06Z,DouYin_Senlin,account.a449428462c64fada127a08482323c55
2026-02-08T19:49:06Z,tansangte-,account.f1ec187efdbe4856b943af4666da4a7c
2026-02-08T19:49:06Z,DDDino_,account.9d49e33ab75545259dee7cfb36efef58
2026-02-08T19:49:06Z,n1celvis,account.44e1c7d3eb62474391afd50dbdca7545
2026-02-08T19:49:06Z,l3us_,account.34ed8060e4394b36adfa44f1eb84913f
2026-02-08T19:49:06Z,Jahhhhh,account.999c557ed4384a9a87abd162b40b7fad
2026-02-08T19:49:06Z,FLTrieuDuy,account.b822cd20626140b9b6699f84210b6617
2026-02-08T19:49:06Z,KanoonJz,account.b709f895d58b49fdb67efc69fa82a122
2026-02-08T19:49:06Z,Apoc-ZeRo,account.22c9b5bed0d946158cd55edf1a67361c
2026-02-08T19:49:06Z,DayNguXongChet,account.dbed496b83804172baafa59c965fe0e8
2026-02-08T19:49:06Z,Crypt3x6,account.242ce131153544eca7c2eccf5baafdc5
2026-02-08T19:49:06Z,ysg-n1,account.6698feff655b4877978895044c36103b
2026-02-08T19:49:06Z,SaVeZoNe-,account.4490d718bd3c4913b94e277b4ed5b767
2026-02-08T19:49:06Z,Un10veable,account.9bd7ebfcc754484ea3832e4960e44cff
2026-02-08T19:49:06Z,Seven_TT727,account.e22448447a774f32ac41561f01d25ab0
2026-02-08T19:49:06Z,MadStar_hyundor2,account.4b615dd422144318ad300c1f04f181c0
2026-02-08T19:49:06Z,Mekkala_Dream,account.9178fd35022a4580a9465700080f1626
2026-02-08T19:49:06Z,Linkn_-,account.7c65903390e14e3994bc182335f7a32d
2026-02-08T19:49:06Z,Hfeng-_2025Y,account.fac7002cd3d74d478e7c178b61767644
2026-02-08T19:49:06Z,M1NG-VTLUX,account.c9e15d44cb4847229cc3a991abd9dde7
2026-02-08T19:24:22Z,DEEJHARPs,account.eda9677e9b914a0bb01227d47d2d1e03
2026-02-08T19:24:22Z,Lilithp,account.da439fb7077944c7a1291988b7c0c9ce
2026-02-08T19:24:22Z,kuanglang-_,account.fda93c4401514b7ab112272185abfcb1
2026-02-08T19:24:22Z,Fxiu-_-,account.2136836fae334930b85fe0226006e5c5
2026-02-08T19:24:22Z,Chuniuu,account.638ed247faf74b50b36bbc84797955b8
2026-02-08T19:24:22Z,Andy998,account.d764c3f5ad9445c3985595d4ede6e395
2026-02-08T19:24:22Z,0lishiya0,account.7c6a9d7624fc4491888a51bbfa7cdff9
2026-02-08T19:24:22Z,Back-----------B,account.0dd7d95d1bba45d2a525f271e6a81962
2026-02-08T19:24:22Z,PiKa_Chuzzzzzz,account.c1a19223604141f1b441d7c786714178
2026-02-08T19:24:22Z,I-Narumi,account.427748bdb9be48309694785131221784
2026-02-08T19:24:22Z,ossn1,account.ed38e2ac0b384f8f8a623c996d637ca1
2026-02-08T19:24:22Z,GVT-XLJF,account.119a5013b6994f69b7fb3cf45d90e107
2026-02-08T19:24:22Z,chaoj1qiang-_,account.b89542a5c57f4214a543363832140ec1
2026-02-08T19:24:22Z,i_happy_duck,account.59e31542692b48a3a3109aeacdce6318
2026-02-08T19:24:22Z,5skr_xiang,account.a6a23cd1ad9d49138ec76a0126a044d4
2026-02-08T19:24:22Z,2T_BabaYagaXV,account.ab2698727b3841dc99ae06b044f71a89
2026-02-08T19:24:22Z,YLU88888888,account.e26f3b9ed5974228b327b3798509c7ed
2026-02-08T19:24:22Z,lalaii,account.82c782eeff9f4f199d283bf9c04f8eac
2026-02-08T19:24:22Z,Xinzhisuonian1,account.e29e0e41fda14813b0392f46d792b7a5
2026-02-08T19:24:22Z,Martinccl,account.ce507975406f46549a42cffaec116375
2026-02-08T19:24:22Z,KimNguuThang5,account.ff8e6f9516d449bd891677ccc3ff821b
2026-02-08T19:24:22Z,Dy4nnX,account.2102dd37c2ba4c95aaf1872fe6292ec3
2026-02-08T19:24:22Z,Bmzh_oEZ,account.853716578e6d4e6088f1c4c89927bd15
2026-02-08T19:24:22Z,VuongTuanPC,account.abd56673daae457288ab27986e7c2de9
2026-02-08T19:24:22Z,iuuuchannhutttt,account.ca445e3ef81f439e96e7f644120819f5
2026-02-08T19:24:22Z,HYyilufa886,account.ae05dd29091f4d79980aba55ba43a9fa
2026-02-08T19:24:22Z,mishang1551,account.c77ee4bc9982447cac33304a08a7edfe
2026-02-08T19:24:22Z,underscoresx,account.aa9281a901654c44bf3e23efb72ac61c
2026-02-08T19:24:22Z,AlwaysSmilee,account.ec56c204e3d74751bc519f3b27c17572
2026-02-08T19:24:22Z,1Dioo1,account.8e83063c81df45cc9449c0c7a03b4fa1
2026-02-08T19:24:22Z,N1N8_Nice,account.1ed230747da5409394927a499caf5e18
2026-02-08T19:24:22Z,Fly--D,account.cc9cecac04dd4e0d92c11fc29a08a547
2026-02-08T19:24:22Z,Sniper_AKay1st,account.ffb584edcf97412a831197abe0a9a74e
2026-02-08T19:24:22Z,Trung_CaVeHp,account.0d428ed4d86e46c98e5b9834fb1f36cf
2026-02-08T19:24:22Z,N1N8_Feng,account.75ad4a8b92c442c9813c421646fde78a
2026-02-08T19:24:22Z,Prince-of-Demons,account.f21a1dce109d41cbb4ba9b9bffc6f2f2
2026-02-08T19:24:22Z,Whisper311,account.80babe7dde64440093c2134c26fef3eb
2026-02-08T19:24:22Z,N1N8_001,account.cee16c8cbd30420bab8d24775aa89fe6
2026-02-08T18:52:48Z,I___tachi,account.d0d881b3ae334c10892127cffab94275
2026-02-08T18:52:48Z,SE_Ericd-,account.e0ee35550d9b4ae894ec8975ea5ccfc1
2026-02-08T18:52:48Z,ICE_xiaorongii,account.5ea64ca13d334271aa02e26551ae2990
2026-02-08T18:52:48Z,SandManToT,account.25ee0632ddfc44b0bda9a8fc911c6850
2026-02-08T18:52:48Z,AnhBa9Ngon,account.8350db3b07a1427caffeacaa0a140760
2026-02-08T18:52:48Z,iAm_AhWang,account.4079c6e1048d466a9d76ed8ece8b7a4f
2026-02-08T18:52:48Z,Flukxii,account.fd7f9a4477b346dda469c41175e8c2f6
2026-02-08T18:52:48Z,MrJames_-,account.ac1440c3d6b840fdab143e11e744cc24
2026-02-08T18:52:48Z,Heennnn_,account.3c3dcb38d27e4f969a0b9cdd69a68463
2026-02-08T18:52:48Z,wws58446,account.4c05dacc43c945b1b10e0057023b2b9d
2026-02-08T18:52:48Z,zh6T,account.7e3e936cc3ec45cc9b8a340cd3d0d07d
2026-02-08T18:52:48Z,0218_Zz,account.5987d323b2d342189b36f4c5181036f8
2026-02-08T18:52:48Z,Chocob0y_-,account.c24d009d05b7445b84bd4c0beeffd41d
2026-02-08T18:52:48Z,SEN_TharoOwO-,account.750bd06a8b004a76b068e54be0cdc64f
2026-02-08T18:52:48Z,49LD_LeeCungChi,account.a5f00832bfb944d8a7e4684b9098423f
2026-02-08T18:52:48Z,EAVOOOOOOO-_-,account.314e44132a4543549afe4f6f0182a62c
2026-02-08T18:52:48Z,sexypig1205,account.17c8bf5851f64d038da420e771d2c142
2026-02-08T18:52:48Z,BabyDuckiee-,account.1aa63733b1ba4f64b50ab02af1fdd2a8
2026-02-08T18:52:48Z,10trip-,account.055d39f11af142a091e3bff036f37cb8
2026-02-08T18:52:48Z,Ru_ta-_-,account.a9d441a309a342ecad37b25952354559
2026-02-08T18:52:48Z,TuVann482,account.5def2c933e69499e892bdf463b6b6a40
2026-02-08T18:52:48Z,T600NE,account.72f1e7dc601445c0b57c4f1c9d7465e5
2026-02-08T18:52:48Z,49LD_DucViT,account.86450c669c9e486cb13cc6fe3e4202cd
2026-02-08T18:52:48Z,Rx_BiuBiuBiu_M24,account.51326eea13cb4a24830e9d752e469813
2026-02-08T18:52:48Z,DH_1757,account.7da81ce4d0de46f186103db86bc24203
2026-02-08T18:52:48Z,Style_Hzzzz,account.674282c82a734981962b2488ea511260
2026-02-08T18:52:48Z,Support2024,account.820675e3eaa74561bbce5bc36d4cc32f
2026-02-08T18:52:48Z,CuongPT9x,account.53c11bfadd864b1c93c57718b348ab5e
2026-02-08T18:52:48Z,iunQ_,account.a64d44e26b55411eb4279e7c86c8e41e
2026-02-08T18:52:48Z,98KANGA,account.abaa3d06fe604058848f7676d0af82c1
2026-02-08T18:52:48Z,SE_Sovers,account.18c7cd66f0d84dfa8b7d7f0a50665482
2026-02-08T18:52:48Z,Farasi-i9,account.b1fc61c847354ca695425ed4f058c394
2026-02-08T18:52:48Z,ML-0478_666,account.ba89bf52d53541179b6b07ca448726ab
2026-02-08T18:52:48Z,a1wayshappy-,account.7d83b200135a46c8b6966738cb7fa557
2026-02-08T18:52:48Z,UnOnMn,account.7b364f063db24bc991ba3bed4bec96cc
2026-02-08T18:52:48Z,Jungcookk,account.3c4e191de9394ad7b62786cd307a3294
2026-02-08T18:52:48Z,BiejianCeWolll,account.a7a793660d6a4912928aee33f9b6206e
2026-02-08T18:52:48Z,1StEimiFukada,account.fe90b9d9fb5b4f178abfc446c5203153
2026-02-08T18:52:48Z,SE_Negyun-,account.efe61c7115e84e07a1b68c9571d9fea1
2026-02-08T18:35:31Z,Nam_Manucian,account.cbcedfd1e51e4378a2dbdc8f2c775da9
2026-02-08T18:35:31Z,Thanh--Ngoc,account.57536149f57d42b3b242abdb57312cf5
2026-02-08T18:35:31Z,JackPrakrit,account.f1fdbb10c01747aab7ad4e491a89756e
2026-02-08T18:35:31Z,K2phnompenh,account.32b5913d734942d79afd95d98f6c6049
2026-02-08T18:35:31Z,x-BaOBei-DuyLin-,account.2e0f5e0d2576439894f349ab41d6c515
2026-02-08T18:35:31Z,R0manDo,account.068b07bc66804d13bba5eb706690ff08
2026-02-08T18:35:31Z,LayKheng,account.5ff3c61d70cd4b6ca99688a37d26de00
2026-02-08T18:35:31Z,Shipper_NamNAm,account.df7644fb1cf64b7dbf8e9518b0752977
2026-02-08T18:35:31Z,KiLLeRoSe,account.16954e3dfae94e898606da2cbbb76127
2026-02-08T18:35:31Z,LuizDIAZ-_-,account.d2c0502bc9784c389e8fc9653dcc74f3
2026-02-08T18:35:31Z,2Shot_-,account.be2e795b976a459db6c2fef5b3318856
2026-02-08T18:35:31Z,707_Han_,account.5b7a60deaae2424bbc7c40fa4c28c7c4
2026-02-08T18:35:31Z,DouYin_TusAnh,account.81b873e4521445b9945c050a1b6ad3ee
2026-02-08T18:35:31Z,XgggggM4A6,account.ee70ce350c8b4100839e052ce9be54c3
2026-02-08T18:35:31Z,MYNUT-SV,account.fe2f7331edca43dcb6ae28a02e182689
2026-02-08T18:35:31Z,Dead_47,account.a6c7f30407c74caaaabaf54e45acf272
2026-02-08T18:35:31Z,T1roger,account.b6da4458eef345ceb4027cc1bd93bda5
2026-02-08T18:35:31Z,8386_-VK,account.8e50fcc996ca492ba4f1f6a1df5bdcba
2026-02-08T18:35:31Z,BanX1nG-,account.62a28a5489f64206a17b302953522118
2026-02-08T18:35:31Z,Jerrysuu,account.d549612bdac142c48d06b92696a2da05
2026-02-08T18:35:31Z,Durex_MatCha,account.96e95e009a2447baaceccdc444e94a05
2026-02-08T18:35:31Z,HelloMyFriendGG,account.4dcb6bffe3e0448fa8ef399d6098c7c0
2026-02-08T18:35:31Z,MissArox,account.1e9c81ec4b154182a92886bc15503b84
2026-02-08T18:35:31Z,Back_Forever,account.6ba222ed16cc40cc8f143f301d6efc3c
2026-02-08T18:35:31Z,i2ye_-,account.09d72c6a2b5746428161a33142887199
2026-02-08T18:35:31Z,707_Hyeok_,account.40e278b289e54c3fade3aa7800520569
2026-02-08T18:35:31Z,jtns2p,account.7f442a6271844f2aac3673d4df194987
2026-02-08T18:35:31Z,YoYo_isme,account.763e6116808c4ee496381732cedf77fe
2026-02-08T18:35:31Z,zlllZzzZlllz,account.5d50003c38ab48c1960dd3278419790b
2026-02-08T18:35:31Z,PR_Zordon,account.e500e8cd87834b10929bb6bbfa47564d
2026-02-08T18:35:31Z,NFA_Justno1ze,account.b9d16fbed0934291b72f6b158cce85d8
2026-02-08T18:35:31Z,MvPxHydra,account.2d0d21a489994d15ab26f6dfb096dc6c
2026-02-08T18:35:31Z,xBadTr1p,account.ab2071a9cc4a4cabbbbd5b066ed4d657
2026-02-08T18:35:31Z,NanMou_WuQing,account.a2ca3e5895024f0bba572d564e96a656
2026-02-08T18:35:31Z,010-9019-0189,account.883bf7ef55a64229b99594111fa7d8de
2026-02-08T18:35:31Z,Back_YangGG,account.b83ccf71ef3c4865881d76b5895c72cb
2026-02-08T18:35:31Z,ChoiBangThucLuc-,account.1f7b8ce4c50c40c4a1247bfb2ebbb901
2026-02-08T18:35:31Z,707_SOOP_,account.56695b1918a64e619645d7960f1296ce
2026-02-08T18:35:31Z,Aldirovikk,account.6c4c9cd7696348f98b4614f551a604d5
2026-02-08T18:35:31Z,beerRKK-,account.242056f8d23f4f69b48645f45f47d766
2026-02-08T18:35:31Z,LeYi_uk,account.2d675858743041f0ac189dbb7dd9b6ba
2026-02-08T18:35:31Z,Anh-_-SuonG,account.42108afc232142c19a8c3e7dfcc8b361
2026-02-08T18:35:31Z,PA-Dish,account.1e190cf616a8405cb796330e8afb944b
2026-02-08T18:35:31Z,faxin001,account.05c8f541ae694f35bc1edd8c06d6a5af
2026-02-08T18:35:31Z,Cuong_Be_Bong,account.2032902201db4a5296bf5552543f7406
2026-02-08T18:35:31Z,KingZ_Killer,account.53e78213ee7a49f8b45c7c3c0ee12c98
2026-02-08T18:35:31Z,Mr_CAPTA1N_,account.5e033da1df9d4df68a93c75ed7ea0bf6
2026-02-08T18:35:31Z,sky_likeyou,account.037b6285870240bbbee7c5b7aa335bea
2026-02-08T18:35:31Z,WANG-R-U-I,account.0d5273728f2a49bd95a92d183534d241
2026-02-08T18:35:31Z,MuNisZa,account.d51673c6b2554b93b17bf9b283997a4b
2026-02-08T18:35:31Z,Re_Guan,account.4a5bdf17eecd4d0c87e7e7093d455278
2026-02-08T18:05:24Z,ManYuShouSi-_,account.3004f2bd9f614182a151ab971d238291
2026-02-08T18:05:24Z,opengq,account.c67380cb3cc1425ca0626905c3b1a4f9
2026-02-08T18:05:24Z,Bixa_Vitas_X,account.f4df711080a04f58a3ed9307c113a6f7
2026-02-08T18:05:24Z,Soultiffany,account.6924dd899cd3456e814a2609bb005b73
2026-02-08T18:05:24Z,SanRaRai,account.6f715915615a4a928f4913cddbf2b784
2026-02-08T18:05:24Z,AK_IND,account.cef8132ca79945fa8fbbd60bcba70575
2026-02-08T18:05:24Z,jinzi-549,account.98141ba756634cf0b55c579b624fc30d
2026-02-08T18:05:24Z,Me_I_aM,account.8fb49fe674ea47668f752aed7f9659b2
2026-02-08T18:05:24Z,Jeyyy99,account.091059206de542e0a04a993164e899d5
2026-02-08T18:05:24Z,NBclub_JieGe,account.b152c417a6574117898cb9fff7f47d04
2026-02-08T18:05:24Z,Cago_CHN,account.9b5cb42fdb2445f0b67ac301e4cf1a2c
2026-02-08T18:05:24Z,Alan-dy,account.626714600e634107b38bcd02146e4ed8
2026-02-08T18:05:24Z,Mr_RPG_,account.cb990923486b4839a386e93dad6b67a5
2026-02-08T18:05:24Z,Recklesss-,account.8a147d280b624185b2d53898c5045f1d
2026-02-08T18:05:24Z,ouoi3l-Yumi,account.52a4a32879aa4fc4b7f6f85cbd6c18ab
2026-02-08T18:05:24Z,LayChoAnhCayAKM,account.626c2a60f2e54eb292feb0ef06624651
2026-02-08T18:05:24Z,KingKillDogs,account.94c295ccce794d3e861d346b223396c3
2026-02-08T18:05:24Z,Muc_Brooks,account.72f65912d9a34d6da2969cba7c96a19e
2026-02-08T18:05:24Z,XX_SuperQ2025,account.96c42483f8114f3db4d7c5daf2b5c2b9
2026-02-08T18:05:24Z,SGD_GDP,account.e66c30ada6ad4e4aa2120a8bad99dc3f
2026-02-08T18:05:24Z,Yololman455,account.0b630bf4d1ac4e3fa6f7a215068fce26
2026-02-08T18:05:24Z,2256_-,account.f84bb602b4374bd5ac49b6c8011e11b9
2026-02-08T18:05:24Z,cyl520ym,account.58829975b8af4d5d885ef4634e795bbb
2026-02-08T18:05:24Z,sNook_24s,account.24e57da830454ca99d27298cc13fab16
2026-02-08T18:05:24Z,HFei_CHN,account.26661c171c69493c9054a5b905437b60
2026-02-08T18:05:24Z,WoeisYou-,account.4650461db10b4a9a8ca4b1d513713750
2026-02-08T18:05:24Z,TurbO7800X3D,account.e85d8238d43749308ada570993bd6e5f
2026-02-08T18:05:24Z,7nbp,account.3daae96ad062450f96e41745a436da3d
2026-02-08T18:05:24Z,Hongtaeeeee,account.97abd037cffe4dcda3f2bd76fa53aae1
2026-02-08T18:05:24Z,KRISH7678,account.cebe8e396369476b80df22c82aff7f9b
2026-02-08T18:05:24Z,Vu-Huy,account.04e4f224cb9b42399c7ec201984d8a81
2026-02-08T18:05:24Z,ZuperZa,account.26789e6ac86e4951873bab68e57107bd
2026-02-08T18:05:24Z,HengZa,account.44017c4cf49443d0b60edaad54b517ed
2026-02-08T18:05:24Z,Sep4X,account.541d2c09e7ec4546a5dacb357acaccb1
2026-02-08T18:05:24Z,I2I5,account.de1b61d865ba48999998ca55c277b686
2026-02-08T18:05:24Z,n1ngsu1,account.38fdeeb905a14bfd866fab6be3f6e18f
2026-02-08T18:05:24Z,xiguawa,account.cd718ed09eb84708bc739979c40971ac
2026-02-08T18:05:24Z,ONS_FWB,account.1e48d8a89e8a4a2db0a2308bbc3cc0be
2026-02-08T18:05:24Z,OK-HellBoY,account.7b10b49030a84295a24168baa6caae0a
2026-02-08T18:05:24Z,Far9,account.97314cd243344776ab7e601420a9f25a
2026-02-08T18:05:24Z,MadStar_BangBang,account.563f3ca65f304f9ea4855192122dc372
2026-02-08T18:05:24Z,xacchet01iwantam,account.fb49ba2de7a64ab4a85dc6c5e1ae3df2
2026-02-08T18:05:24Z,NBclub_Deping,account.c2f865fcf4914b55977088dd4b468e4d
2026-02-08T18:05:24Z,jstQ_,account.04bc46f62b2b46789a375950df72dd3d
2026-02-08T18:05:24Z,zhnagdewu1,account.195b96bb56d04c509608c35a20b39d5c
2026-02-08T18:05:24Z,KpzSwag-,account.04e515a2bf004696b8c5009ccb39f0ee
2026-02-08T18:05:24Z,iOhm-_,account.2e38a766a38e4d4a99165dcd92229ef0
2026-02-08T18:05:24Z,ThamThamYES,account.27be5d27116d4e70b9d550e4c4585270
2026-02-08T18:05:24Z,huang0010,account.eb470c1a81874d059df6325af4387371
2026-02-08T17:34:11Z,Henry592,account.bb3e0107d3f547648769395dc071b770
2026-02-08T17:34:11Z,El-Pozo_NomadNUR,account.f998066f9e2747d1b4406db753cee1a5
2026-02-08T17:34:11Z,VietnamDragon-,account.305d3abc78e7498bb53200d5147b83e2
2026-02-08T17:34:11Z,226-_oOoOoO,account.3e64c8c82e1f4cc1a17bc8b428962044
2026-02-08T17:34:11Z,EI-Pozo_HU3,account.e9aab5e30e39491b9d1754c65ccfb5c6
2026-02-08T17:34:11Z,Babyheoo,account.c39a97585c23495fa444a399e6589ab8
2026-02-08T17:34:11Z,CallMeDaddy_03,account.0e44307266494a22891f8f45d85a4f2e
2026-02-08T17:34:11Z,El-Pozo_Nice,account.67662b8b457e402d891cff366e56aeac
2026-02-08T17:34:11Z,MadStar_hxxx,account.0e308f4eb1cb41b3a067242f1894f01d
2026-02-08T17:34:11Z,El-Pozo_Cgs,account.1935221104f1440da509a667763bf4de
2026-02-08T17:34:11Z,zl762,account.e22f17412dbe4158871c157148eb1b4c
2026-02-08T17:34:11Z,AVG_Xiaoyudd,account.cc92559970674b8c83b3ca2a55e298e3
2026-02-08T17:34:11Z,Mp-Maruji-,account.bf5dfce734634460843befcd9a76f62b
2026-02-08T17:34:11Z,Oldwine_,account.9e4529dc86b4457e94a22ac3dac48bdd
2026-02-08T17:34:11Z,weilalzhanshi_,account.d2e55880ce6e4d2ea7697a4d1d34e1cf
2026-02-08T17:34:11Z,UncIe-Eight,account.24639f4295534613b71d36de15db1920
2026-02-08T17:34:11Z,L-A1utumn,account.f9e5b482c4cb4ccf9d3afb4ba3f8b588
2026-02-08T17:34:11Z,lonei2,account.13d61327e3c745fda01b31607e32ee0e
2026-02-08T17:34:11Z,Aix-_Ysssss,account.98a7c3223671416089e02bacb2466cfc
2026-02-08T17:34:11Z,lacdan22,account.9ac6e51aa8f54855a4f70fcc5e0217be
2026-02-08T17:34:11Z,Yu98_-,account.6d9b164d4d5c4b738d205fe02b10cba1
2026-02-08T17:34:11Z,DurSaki,account.adc2e567030c429ba5e0366acfd57b48
2026-02-08T17:34:11Z,KL_caim,account.e682daa331aa4b2e9f5aa9c248cff225
2026-02-08T17:34:11Z,S-NanM1an,account.0979a568627346d780863487c57b3783
2026-02-08T17:34:11Z,HiGhDoGrA,account.576d2455e1384614b4f7d50414f57d24
2026-02-08T17:34:11Z,N_EME_SISs,account.a2e258ab53f34751b7ad133eb12c08e0
2026-02-08T17:34:11Z,h-77e,account.a170f69d9f8245318a378b2caef25897
2026-02-08T17:34:11Z,MadStar_1213,account.8fdc515b42f9430f83861caa1b91f33d
2026-02-08T17:34:11Z,Lucky_Box_King,account.f555403b8dfc46e1a21b761cf4a80dc8
2026-02-08T17:34:11Z,Semp7e,account.a148e705672c4742be7627f63e7f33d3
2026-02-08T17:34:11Z,X-Chu1zi,account.3be56d22773d487fa4ccea31114060ad
2026-02-08T17:34:11Z,MaFia_NuEl-bYa,account.e3e183bbc1a54d80a46925736c52deed
2026-02-08T17:34:11Z,5Xun_-,account.7e8194f97147457fa0103a04eb9eae1d
2026-02-08T16:51:09Z,Trnsluc3nt,account.93b43addccd9402581b1208208a2dfb1
2026-02-08T16:51:09Z,4AM-TangZY,account.6ae5d6b0247c4a7b82cea49c942e956f
2026-02-08T16:51:09Z,4AM-Heino,account.5327f0c5e4b64361a960d58d29862209
2026-02-08T16:51:09Z,asdbds7740,account.7631b648133548e5bcb6cacd8ec004c9
2026-02-08T16:51:09Z,isC0NE,account.b23783ec0b82443a833f9cdde88a6d58
2026-02-08T16:51:09Z,ZSUPERMAN0902,account.2839aad3b2c7496690d95befb22431ae
2026-02-08T16:51:09Z,c0kesensei,account.c8d9cd1237f047c28bbf58888eb3804a
2026-02-08T16:51:09Z,s1ckEnoughToDie-,account.bab01c44db33463aa8d06f6c4e0a2181
2026-02-08T16:51:09Z,04NanDa-_,account.0a368da9191e4dd4b2f0c7c10bf1e5ce
2026-02-08T16:51:09Z,DrinKing-0,account.12ba5c8cf3d54f1dbc34d970b55eb632
2026-02-08T16:51:09Z,FFLLongday,account.e147c9dae49f4489bc1e84f06169c405
2026-02-08T16:51:09Z,Cafe-Racer-777,account.d6e1f6d8167d48ab9c084131982a1c8d
2026-02-08T16:51:09Z,VN_Dragon,account.858d992c699b425b89cec2dbc0947891
2026-02-08T16:51:09Z,TigaRreal,account.9a85c6e3df9f4a398da6f42fd5d3e764
2026-02-08T16:51:09Z,RNJMLGLP,account.34bbd62117a34cb8bce93d3bb1611011
2026-02-08T16:51:09Z,x1aoxxxTT,account.da4ca43b59dd47f98604c964b6852c4d
2026-02-08T16:51:09Z,SniPauL,account.3e5fa9863a9e4f22831bb9fb6ba6d9f4
2026-02-08T16:51:09Z,RAWKaR,account.506989af09eb49ad9e9b93881930b68e
2026-02-08T16:51:09Z,cd578395,account.edb34aafc7eb4bf5af69d9c161a2dfc7
2026-02-08T16:51:09Z,Vietkonnn,account.6a8f3e5b639b4b17a3d307e9a023f908
2026-02-08T16:51:09Z,BaoTou-M24-,account.6faa9b0f9753473f88ecdd55f20a741b
2026-02-08T16:51:09Z,Sbn_Harahap,account.145f81f724264ff0a100005dfb99a5d0
2026-02-08T16:51:09Z,10JQKapitan,account.ae3037fc820f4bc789fa44aa37e82fbc
2026-02-08T16:51:09Z,G-DraDuong,account.8c7a2803b35d43e5955bdb7fb071ad32
2026-02-08T16:51:09Z,VleanesBARBAR,account.092afa3f781944e8b6a2e0679bffd122
2026-02-08T16:51:09Z,xCamper_T,account.4a17069be05246839a21b9280667118c
2026-02-08T16:51:09Z,hirotu,account.fd72b073742b465fb2e47af19b6de545
2026-02-08T16:51:09Z,TGX-9527,account.cf77da09eda749519dec4466144f6640
2026-02-08T16:51:09Z,I2RXQCyMRDbZD0,account.da02131582d7497cae6c82d16fac056c
2026-02-08T16:51:09Z,MoonK_-,account.849db091ddfd4ff9885d12ac24238207
2026-02-08T16:51:09Z,Zero_GGbond,account.ccfaf93534ca4834a0fc6a4f371512cd
2026-02-08T16:51:09Z,MasterC-_-,account.b717d71bf4aa43659cae45ec3f7e0521
2026-02-08T16:51:09Z,i66Baby_,account.e7a4cee6eef642df972332965761705c
2026-02-08T16:51:09Z,Laibabaaini_-,account.c089d56ce567485d8f9eaa09803330f5
2026-02-08T16:51:09Z,Medusa_P,account.504300c4f63f42cd9688ec051af1d9a6
2026-02-08T16:51:09Z,Dead_Artist_KOR,account.c2e0682e310a4a778270a4123cef9acd
2026-02-08T16:51:09Z,45LPL,account.4faf5be81079434bb2465229ee4d7179
2026-02-08T16:51:09Z,Fan_Titan,account.e1f10a7e840e4d90954bc6d0f5265a2a
2026-02-08T16:51:09Z,TaiLG-Quan,account.4bd8749e9aab40b393ea663467df7a8e
2026-02-08T16:51:09Z,J-13mm,account.66263a4542ac4d8bab465aae753e1465
2026-02-08T16:51:09Z,aaxiaoan23,account.9df99d17033544e4922feeefb68fad79
2026-02-08T16:51:09Z,zibeixxs,account.a8a5ad143b064ca38aff0eb1e3c2bea3
2026-02-08T16:51:09Z,KaiGia,account.fd8108cd7ff446538a0364d5e7574150
2026-02-08T16:51:09Z,4AM-YouLande,account.db18e8d5ee5a455a9c501b4aa282287e
2026-02-08T16:51:09Z,uYONG-,account.0af17669a16f49719d578a14c2e5c64f
2026-02-08T16:51:09Z,hardaway-810,account.2cd1c2f9773e4fa297614536b20e82f7
2026-02-08T16:51:09Z,NoirMaLa,account.d3698517e2e8481497c493f755fc5589
2026-02-08T16:51:09Z,TAG_FengHua,account.e60a7f5187494f5d8d9dc690225e11c6
2026-02-08T16:51:09Z,kakaofua,account.e3c81a91e34a4725a2bd52108126b0fa
2026-02-08T16:42:41Z,fudimovshuanyin,account.e2561fb84667427389907f124e6a4bed
2026-02-08T16:42:41Z,SIK6666,account.e4cbd31dd35140a7b1fc41a62c123bd8
2026-02-08T16:42:41Z,LPKD-MyBaBy,account.6a84fb97555b4274a6e98e4565b8024d
2026-02-08T16:42:41Z,NerBHbli,account.f74a0b4b68a04c5e9d6343da594385a4
2026-02-08T16:42:41Z,dafeihenxiaosa,account.f8e81ba595ac4e458ca098e607980592
2026-02-08T16:42:41Z,Evil__Y8,account.65a99aa4de374ff8934728843c6224d4
2026-02-08T16:42:41Z,BanhMiXiuMaiiii,account.da5305dfbcdd44eaa30fe64326d086b6
2026-02-08T16:42:41Z,UziQAQtt,account.cd05847eb1504003882b18f988da7292
2026-02-08T16:42:41Z,TanK_1989_,account.a8eaac1500b24b4e829c468298cfdbf0
2026-02-08T16:42:41Z,Auuszhang,account.eb575c08a99841009d0c10d21e2c8971
2026-02-08T16:42:41Z,Boylyyy,account.6415e338b7634d22a3fb66d6bfc51949
2026-02-08T16:42:41Z,Riu77_,account.b17295000b9e4ab496ab4d28a7beae03
2026-02-08T16:42:41Z,PG-HUYx96,account.5399b65ffc60440893d7453ce6a6e062
2026-02-08T16:42:41Z,Evil__Dz,account.d5b0df2bf572458ab40a605fc33d746b
2026-02-08T16:42:41Z,GeJuyaodakai1110,account.41327eb06f9a47c88b6607e1b49c1ef5
2026-02-08T16:42:41Z,123EdisonChen,account.77f1ef2a976647608a7929dfee966ea7
2026-02-08T16:42:41Z,Cuongg-20Cmmmmmm,account.e807281c2974449c9a2025464c7c7334
2026-02-08T16:42:41Z,So_RosemariL,account.bf00c071952445ba96884e61cfcb2992
2026-02-08T16:42:41Z,96s1,account.5da21ea0b074464f8211be9e28bec42f
2026-02-08T16:42:41Z,Red-is-me,account.d313260faa6247bc8a5cd043dab28ca5
2026-02-08T16:42:41Z,BoWxSajjad,account.fe10d9922f4f403b9d7322300e2f9f4b
2026-02-08T16:42:41Z,ngvu135,account.18097500d55f4952812157043895555e
2026-02-08T16:42:41Z,Sl4Yiunu7suWvD,account.6095749079fe4d0f9856d13ca512f15d
2026-02-08T16:42:41Z,ManDdian,account.7f7bbfc818974dd7a46598816caa7d78
2026-02-08T16:42:41Z,G7-Vinh_Lee,account.1e5ff9a5563d4afc9f08029bc5cda056
2026-02-08T16:42:41Z,Because-Like-You,account.c27b6295a60e472b8806b155e998e6fb
2026-02-08T16:42:41Z,91nz-,account.dac07f1c70dd40ac88a8c186bb14a4e9
2026-02-08T16:42:41Z,Shydjinn,account.195dc3b3ac1a460cac5de968aac34bbc
2026-02-08T16:42:41Z,i_Ruge,account.93ae0d1783584f89b486d137358f5658
2026-02-08T16:42:41Z,Id0vo-_,account.f12cda0cf25649a99f279d5b05343781
2026-02-08T16:42:41Z,iu777-,account.b14aa5e250334db1a2d857742a4e56f2
2026-02-08T16:42:41Z,kangbasishen,account.5c57b458aec54b0090ccb42e4f7ee96c
2026-02-08T16:42:41Z,NTMBO,account.78654a29468942519e409afcc06a21dd
2026-02-08T16:42:41Z,kaikai6969_,account.bc405637279b4950af6b00b7ec1f9f4b
2026-02-08T16:42:41Z,Mercedes-OXO,account.1118e1390b0f4639ae6212787316429f
2026-02-08T16:42:41Z,VIE_BanhDauXanh,account.9578d407ff114160b13b6f0ba4abcbe4
2026-02-08T16:42:41Z,purelove-77,account.b0febc2fda2f411a8299477b5ce7745e
2026-02-08T16:42:41Z,xinlinew,account.985ebccf36984445836ba559bf4ab8cd
2026-02-08T16:42:41Z,ShiroThuHa,account.4bd6241daad44b9d999eba6ace0e53d6
2026-02-08T16:42:41Z,KMPauth,account.3493b880b88e49f2b4cfa09dc7b59e18
2026-02-08T16:42:41Z,MadMan_XHH,account.7f622d71946c47f5a57a381e75fa5288
2026-02-08T16:42:41Z,Tank_1992,account.cfe571ddadc246a48f2591e457cc4a2b
2026-02-08T16:42:41Z,PappaRotii,account.6082430f24464075891a214b4afe61fd
2026-02-08T16:42:41Z,GoldSider,account.076d5f91f0734687919e1a8842fe5c5f
2026-02-08T16:42:41Z,CHU-TICH-QUTW,account.d4467e2fa7e5437f99b88f83e3fd27d8
2026-02-08T16:42:41Z,CrayonShinchan02,account.b6518cc2b6414e5f998cd65a41ed999b
2026-02-08T16:18:45Z,Louis-196,account.8f21c939c7054700a09d2186959d1c23
2026-02-08T16:18:45Z,WeionFuah,account.a1befa51636f43e7b0fd3a3ac802925a
2026-02-08T16:18:45Z,Jill_jx--,account.59e364a5261649dbb085249ecf2251b7
2026-02-08T16:18:45Z,Piinkyyy,account.973ff294b95b44c080c3231e36ce1186
2026-02-08T16:18:45Z,SirH212,account.dcc24a301550488fbdffae467ae11e1b
2026-02-08T16:18:45Z,ITon-U89,account.63eb799f310640c1908a5608d44a33b8
2026-02-08T16:18:45Z,Yx-BieTaiLang,account.d946cfb521fc4d65977320cd59eb8cd9
2026-02-08T16:18:45Z,YW-_-ZhiNian,account.109a25198dff4fcdb9c2e571b37bce59
2026-02-08T16:18:45Z,LaOdi_No-1,account.a8bfbd489ea04502b148c1135c389c7f
2026-02-08T16:18:45Z,Kiraa_-,account.dbd1df20f90244308685a2d1613243a2
2026-02-08T16:18:45Z,yncxbinbin,account.0c537adaaa054cb4b50b45483c5402f0
2026-02-08T16:18:45Z,Lightningfastzz,account.3abbfda1bf6549f5b25482ffca59cc2d
2026-02-08T16:18:45Z,Charizard_-,account.b2ca26874214497293c0ecfb025e6e74
2026-02-08T16:18:45Z,Ou_hao---,account.765b714f483d45bab3302f330fe2cc80
2026-02-08T16:18:45Z,4somaR,account.df584db5aa4b4089a65960526f8e0af7
2026-02-08T16:18:45Z,Nona_Ambon,account.a756954ae3ba4985a3fcc81d446193ff
2026-02-08T16:18:45Z,VIE_Usopp,account.2c447199ddd34fe593703f9c9dc20d3d
2026-02-08T16:18:45Z,OG_AduMa,account.fe2a3b59dad14ae18e6a4a46d0507384
2026-02-08T16:18:45Z,Ys-ys-98k,account.1e2b0274c9714b7a8957f5bd6e19ecb8
2026-02-08T16:18:45Z,China-TOT-0607,account.9eb22748e5de4c54863dbda4c653644c
2026-02-08T16:18:45Z,Chennapoda,account.66b58b39621e4ec380fdf57cf8a87d3d
2026-02-08T16:18:45Z,PlayboiHPL,account.16eb196dfd50442b9a6184b5ac93a842
2026-02-08T16:18:45Z,271004_-JN-,account.2c2ca8af263344f29c548d81f7b38b15
2026-02-08T16:18:45Z,KKwarrior,account.d1381faa920d4310bced1955b82e416a
2026-02-08T16:18:45Z,i014-__,account.7be950fe4c294c5f8875977a70a5a9b7
2026-02-08T16:18:45Z,Mojo_jojoe,account.1ad75be86a944491a13f1473538fe846
2026-02-08T16:18:45Z,ninhden0212,account.860e837043c64f4eae47209c4382343c
2026-02-08T16:18:45Z,AG_Sabuuu-,account.0800a662f73040419007ab7dfc840e10
2026-02-08T16:18:45Z,tutp666,account.61c69f4a1e064be39883204ff43bab6e
2026-02-08T16:18:45Z,SSSAAQQA,account.ab728aef7bad4fbabe7ca682feb563cf
2026-02-08T16:18:45Z,LuffyJon,account.cc2445a279424972aec6366bfd84319c
2026-02-08T16:18:45Z,Ahtizaz,account.81240980afeb4530a2b79a41d28b125c
2026-02-08T16:18:45Z,KoKo-Tao,account.37352cf772c149e3884124a3df857e79
2026-02-08T16:18:45Z,False_Luv,account.c4ab3ade577f477cb627357e2cf4292e
2026-02-08T16:18:45Z,MINGTIANSHASHEN,account.34488342809e46bab910773a1ca918df
2026-02-08T16:18:45Z,DeadShot_Trung,account.9b28a2acc2f04529bc42be3758dffa28
2026-02-08T16:18:45Z,KalaVai1,account.70b3676232c14f6c9ffbb9eb3c4d7426
2026-02-08T16:18:45Z,ML56ML,account.deffa7717f4b4af49e564526aa17d8e6
2026-02-08T16:18:45Z,TayKhongDanhGiac,account.c5cba8ff0fca4e0c9ada2b67bb55e4d3
2026-02-08T16:18:45Z,victorcreed456,account.409309e339494e6ebad7bfb97afe210e
2026-02-08T16:18:45Z,panikbro,account.96c91bf07e514faf958ed41cd049cef5
2026-02-08T16:18:45Z,OilverK,account.fcc31445725f4419be37a627b0857620
2026-02-08T16:18:45Z,NaariyalBrah,account.a0f9ecaa0efa4458b431e5c020d6e643
2026-02-08T16:18:45Z,ApIXPreDaToR,account.de78a0493f6543c29c7b9c280c824aa6
2026-02-08T15:42:28Z,Iyxiu,account.71fc17d599fd4243a776cdf6204dd90b
2026-02-08T15:42:28Z,Zucky279,account.010974a6730e422e8e4f2214e7c41431
2026-02-08T15:42:28Z,Aeschylus--,account.ce0f606ea37740d7bcf41432cec9c572
2026-02-08T15:42:28Z,4AM---liuchuang,account.cca144e667c64d63917bc3f000fb3d8c
2026-02-08T15:42:28Z,HieXinhDep,account.9c6cb87fddb1436e82fcb47a4220aa3d
2026-02-08T15:42:28Z,Kin3tic_,account.0f09e1980de74b50a06381f8f837eb44
2026-02-08T15:42:28Z,Chengzi-LL99,account.eca83d99f42d401a987cdfb444a955e1
2026-02-08T15:42:28Z,SWAG-Holy,account.799f4ee5ba514b87a1cb2c585590fd58
2026-02-08T15:42:28Z,WuTianRui,account.c4a2d0d401eb4dd2894d270c34f74598
2026-02-08T15:42:28Z,Hluan1205,account.aeda27d94d2b4368a376f58e97ea8b55
2026-02-08T15:42:28Z,Ring-255,account.934461cc2c4e4176b29850d9a120ab72
2026-02-08T15:42:28Z,Milk_NoMercy,account.f859c0660d2c45549e269b2bc176c806
2026-02-08T15:42:28Z,Anastoclasia,account.c9505abeba524bf8bc8109c40c314be7
2026-02-08T15:42:28Z,DouYin_GaryLau,account.a818fe48faa64284938c05e8d744bed6
2026-02-08T15:42:28Z,NiuWa_Sniper,account.e585fb77bae3492abc67c16abc8fba3a
2026-02-08T15:42:28Z,xJoyce-LK-666,account.eeed8c8c6d32442183114236a611146a
2026-02-08T15:42:28Z,hydR4Xman,account.4e87a2414446499588adc9b8ee012b7d
2026-02-08T15:42:28Z,XBX_JIA_GuiYang,account.9a778c3226264c658b3d09ce397d7ce4
2026-02-08T15:42:28Z,Sizuuu206,account.ac301889b83a4a1498781719b4740ba1
2026-02-08T15:42:28Z,PandaTV-159027,account.d0440767e6164dd69cc9b6c32d6a8466
2026-02-08T15:42:28Z,W_beihai,account.08c5debc88a04de1905471c40a3d8d76
2026-02-08T15:42:28Z,ShutDAngelz,account.72829b6914f546d38f9b13f353055bc9
2026-02-08T15:42:28Z,ATR_Rebbelious,account.50ee2e88c6a64c97892747225f7b9f80
2026-02-08T15:42:28Z,J-O-K-O,account.9a52d100171e46629dda600fc4147da7
2026-02-08T15:42:28Z,JKO5,account.ed4f22b6cc65415a8c05c7ad14177a00
2026-02-08T15:42:28Z,Quella-CY,account.8a38bdcf6c524696ac4ce5aa9d0eb2f5
2026-02-08T15:42:28Z,vArshaka-,account.7a7daf5ac86f4074b5fa1e6a33ced368
2026-02-08T15:42:28Z,Aphrodisiacs_1,account.32b62f6d2b35445cafa8b7aa913cb779
2026-02-08T15:42:28Z,Hexaxi,account.9912f22523144e9c82da8712973c584e
2026-02-08T15:42:28Z,Douyin_Tange-,account.238d4896f78d4ff19355a781816f6173
2026-02-08T15:42:28Z,EwanCyming,account.73984e00ce32419780e76ff4033bcde4
2026-02-08T15:42:28Z,S4OD-Kyo,account.3e07154fab344c05b607e528c365ca3b
2026-02-08T15:42:28Z,XiaoZitJang,account.e819b1f1ebf64adc810b20bf55c58832
2026-02-08T15:42:28Z,acclo05,account.5d51ee7598704c16a576b8f5458900c2
2026-02-08T15:42:28Z,NingNing_77,account.74f1afb4703c4f41b0c23ca8e6b14979
2026-02-08T15:42:28Z,ReBirTH_Nut,account.c8307de529b74d1287caa4b859a6f080
2026-02-08T15:42:28Z,DD-Seriza,account.581b85ede34543478d60ef86a7bac15b
2026-02-08T15:42:28Z,da-ji-ba-100-cm,account.7c23324f5d7b40fb9dc443c9def2ba0c
2026-02-08T15:42:28Z,HiaDoung,account.4f23a715fe6045e4b76672cb98016294
2026-02-08T15:42:28Z,Sticky_Chicken08,account.fb3913007a264ddaaf114450bfc3cb19
2026-02-08T15:42:28Z,ZinKhongSuyy,account.e5a3d61343ab4086ae2bb00d49d25e1b
2026-02-08T15:42:28Z,Tequi1a_Boom,account.99fc6d821fcd4da3937983387bb1958e
2026-02-08T15:42:28Z,VITAMIN--GAUGAU,account.a1c44eda1a7749efad1da79aa900e454
2026-02-08T15:42:28Z,Oo-Aggi,account.c66e1b1a634246db9657dfada7cc69d2
2026-02-08T15:42:28Z,FoRce1G,account.3e87524c28c3415ab3f66ca1a727c8c1
2026-02-08T15:42:28Z,JourierHJL,account.fe6603da13ce4394a0b91286b2012b1e
2026-02-08T15:42:28Z,D1owzz,account.e737a9cd4138434fa3b66735cddca2d8
2026-02-08T15:42:28Z,GnurTNE,account.96400b2068b44cc988b13360e0790eb7
2026-02-08T15:42:28Z,Kotori1224,account.5a44ed0100ce47d8b8efd81a3f383445
2026-02-08T15:42:28Z,Vita0716,account.ee25b70497dc4038970c1669d353772d
2026-02-08T15:42:28Z,TDW_RAMBOO,account.29e1551355bc4638a08003aa936a38a5
2026-02-08T15:42:28Z,sbqus,account.048a23eaa40e465e85d8ca82f85ddec5
2026-02-08T15:42:28Z,N1_Long_9_ngon,account.eb8be38fc7d44a959543b75ad88fbf61
2026-02-08T15:42:28Z,TMH0311,account.5e5c4a6a937e42e2b1a58acc8e364218
2026-02-08T15:42:28Z,edisonivan,account.b4a869ca9c8b4af8bda2a3fea85b381e
2026-02-08T15:42:28Z,29T1,account.1766e4c29b684383a4bf1a968339b77c
2026-02-08T15:14:49Z,EVER_DGG,account.9b035f8674664dedb39c49587071b21c
2026-02-08T15:14:49Z,zaza9393,account.ffac8def7db4471dbc03543266a8c01e
2026-02-08T15:14:49Z,Cyyis_-,account.de00b6eba53a4ad1bdfc6a792ea87963
2026-02-08T15:14:49Z,Cardinal-01,account.bc88bca3e84a4a6b8e657af48b57c956
2026-02-08T15:14:49Z,Seol_--,account.3bbb933333904e8180a6f1d19ac0b6dc
2026-02-08T15:14:49Z,Cokele_gi,account.a6720d65fd0e4899a454f5a29274b9ae
2026-02-08T15:14:49Z,TG-Lonely_X,account.de932a72c06d4309ab7d8929ddd7038f
2026-02-08T15:14:49Z,BeeN_--,account.75ce7a60f8264f3baa3c0e897e87cc52
2026-02-08T15:14:49Z,Michael_x1an,account.c89c0886351a4f74b83a638f3c25c03f
2026-02-08T15:14:49Z,JeongBardLF,account.4f7d5393946d47cca86f96ed98cd5627
2026-02-08T15:14:49Z,Gwangdae_--,account.52b650f86a45443db4122466afc15789
2026-02-08T15:14:49Z,69re,account.b8e8f75a62744de886f08b1079c67e87
2026-02-08T15:14:49Z,PINK0208,account.c317f1262aee47cdb79d75d848d6a030
2026-02-08T15:14:49Z,ONE-PIECE,account.295c6047bcb64cde9411e89aed78e867
2026-02-08T15:14:49Z,minslk,account.edf131fd806849e38d82b28f1c7de112
2026-02-08T15:14:49Z,RS-M416_-,account.310cce4f5b9c4f4fbce0a56678fe2f7d
2026-02-08T15:14:49Z,Boon-ii,account.2568523c5b6c4e969ab1f2bdbd5ce9f9
2026-02-08T15:14:49Z,LBGqiuyu,account.3ed63bc53c3547aaa2172b33f5f4a9e6
2026-02-08T15:14:49Z,Zerooo__,account.7e23adbcb5bb4789babc562fe6ad826c
2026-02-08T15:14:49Z,LSP-Goutuizi,account.c99dbfcf8b2f46ac8a6a8aaa15d91a06
2026-02-08T15:14:49Z,EVER_Yyn,account.b720e4b43e62465588c04e0d8697bb24
2026-02-08T15:14:49Z,Yu_shiaaa,account.42843422b1fe414cbb2009f990eeb917
2026-02-08T15:14:49Z,Huya_1648527,account.2616570f0ff14e7aa2efb3093e9a8e9d
2026-02-08T15:14:49Z,TOP_JiushiganLA,account.cdde7e7c5b3f4357a750c6a3440da2ac
2026-02-08T15:14:49Z,MinDol2ya_-,account.9b14578aacc1490bab9c199ac5e127e3
2026-02-08T15:14:49Z,DH96O3O,account.c710ee23e9c14cc18d5d33d016d082a3
2026-02-08T15:14:49Z,Esport_GBK,account.749a99d10b9c4370b5cac618535c1fbe
2026-02-08T15:14:49Z,Go_Chunsik,account.6fcb0f13e68f4daca8dd64798e93e94c
2026-02-08T15:14:49Z,Noir-Eclipsa,account.fa71a66d0dfd4ddb9d549dd09fce625a
2026-02-08T15:14:49Z,SANGD_0708,account.cab2875c84904d0fb40f898fa14a0635
2026-02-08T15:14:49Z,yy362800,account.0d3a909cb066476d9c150465c9466b01
2026-02-08T15:14:49Z,VaGaa-1v3,account.98fcb78fda83424e8556a7a4f7050df0
2026-02-08T15:14:49Z,kimyongtea-,account.452bffd9fd3447f3ada56b3008848b2b
2026-02-08T15:14:49Z,TOP_Yo1s_-,account.fd950b2fc54f48ba87c76ae8c517f7c2
2026-02-08T15:14:49Z,JSFMQX-,account.d6dc662f24124558a480443c6c2bd0b4
2026-02-08T15:14:49Z,Max-China-xiong,account.1bb25e2a44ac4fe6af42b7ff004023d2
2026-02-08T15:14:49Z,Cate___dalanggou,account.8c1e47713fdd4c57a2c11600530e8965
2026-02-08T15:14:49Z,EVER_S7,account.37baf206a067495f8b1096e9fabb354d
2026-02-08T15:14:49Z,Durazes,account.0d54e2bd24cd4f3a95c2f0f7ac67dff3
2026-02-08T15:14:49Z,EasonHLzzZ-,account.4af83ebe391349769abf93c9ce0d7153
2026-02-08T15:14:49Z,EVO-Shuo-Apr,account.2ddeacee6d464705ada9edb1506a76ef
2026-02-08T15:14:49Z,GhostSniperIIIII,account.b2959d580c0d4a5a884e003709345b8d
2026-02-08T15:14:49Z,Listenboring,account.fe7f2b77af6b4045bbe5e3e444aec384
2026-02-08T13:23:21Z,2zdk8ujsn,account.5ba3d58839754331836dca446150fc90
2026-02-08T13:23:21Z,IDwang_,account.a5aa50e9fdef4de5a7933540cc470782
2026-02-08T13:23:21Z,Niu_-8,account.0fb8b17e877c4442a8125748c1b19da2
2026-02-08T13:23:21Z,Biebukaix1n_,account.f281d4b1e8934bd78b3d73e68692571e
2026-02-08T13:23:21Z,Annai_-,account.0fc7334f1deb4e75857304d706c332cf
2026-02-08T13:23:21Z,Best0327,account.72ef0f83ca8a4f8ea9daac57c93d5433
2026-02-08T13:23:21Z,x1nyTvT,account.020fae58b7314acba1251d39a59d7d18
2026-02-08T13:23:21Z,yundabao1,account.71c4a744da994c11a4aa9224a5eb9487
2026-02-08T13:23:21Z,tlqkf_lililiiiil,account.32227f03d6ed49139e11202ebcb17bd4
2026-02-08T13:23:21Z,JuneBreeze_-,account.00ee7cfb097a450fb92bfa5d11b54e20
2026-02-08T13:23:21Z,suda-qian,account.f93c13d754e14f41b8100a2266142249
2026-02-08T13:23:21Z,RedDregsJs,account.cdff59b6dc004d40862ca94963d561ba
2026-02-08T13:23:21Z,BeTheBest-VvVvV,account.46a34a359cf04a30bb698c65ab23e869
2026-02-08T13:23:21Z,CaIJ1uDuoL1an,account.8ed611b0cad84a6e91677425164dbce9
2026-02-08T13:23:21Z,S-Y-QING,account.9fcab240f20b436382e44587a76c009b
2026-02-08T13:23:21Z,Dr_Jang-,account.3e48e26f4d5344a294462fc70a04e215
2026-02-08T13:23:21Z,Alove998,account.f83b9fafeb9240f995041062943c4158
2026-02-08T13:23:21Z,ks6n,account.89d4a85a2c0344789f7916193bcc6eec
2026-02-08T13:23:21Z,7Yya_,account.05e1f8291c4345bdb3bd84ae4fb85470
2026-02-08T13:23:21Z,liU-liU_6-6,account.177a35cb96a74508af79e2a799180c33
2026-02-08T13:23:21Z,ChenMengT1ng_OoO,account.702b5a32554343699f79d3675c13717e
2026-02-08T13:23:21Z,iMay__66,account.dff9991356c44c818b0592c14d86fe50
2026-02-08T13:23:21Z,Lovely-Alien,account.6174f90536954f0795676c7c1a8ab9dd
2026-02-08T13:23:21Z,iHey5,account.42403a005af047b1b9af9798a8b0ef61
2026-02-08T13:23:21Z,ma_-ma,account.feebbf1f6fee43a38cbd8d2843996784
2026-02-08T13:23:21Z,Zmih1KkGUP,account.44788a22a3414d7d8475ccedf0efa03b
2026-02-08T13:23:21Z,nihaosaoya--,account.59c971166f4847799183fac8878040ab
2026-02-08T13:23:21Z,Samantha-YG,account.6dc8250a3ebd4c6f908c05d36b610289
2026-02-08T13:23:21Z,ANnnnni7,account.b49b452900514d4ea83a012b171e75dc
2026-02-08T13:23:21Z,piziyang4381,account.cc4fee92483d4051ab70f3035cb88f08
2026-02-08T13:23:21Z,7dabaisha,account.3cc0219add1c4ca4a799cd946ff9d691
2026-02-08T13:23:21Z,axollucion,account.12c69a9d87f143a682777533c9fd3a91
2026-02-08T13:23:21Z,X1aozhou-,account.b93f5fcb53a6451cb2cbb540c9407d71
2026-02-08T13:23:21Z,CHina_W_BinBin,account.5f5bb965b4d047a3af010423f3efb128
2026-02-08T13:23:21Z,QianKeSaoRen-Tu,account.c864f851516d404eab692e2d0e1da0ca
2026-02-08T13:23:21Z,ROLL-GG_Bond,account.31005cbb38064c0a924edc5614e97206
2026-02-08T13:23:21Z,liu-shui-luo-hua,account.42233ba4ee8f461ea0cb49a5cda3f76a
2026-02-08T13:23:21Z,KingGamjaMon,account.dd953969a83142a4868464388e890fbf
2026-02-08T13:23:21Z,V01-iDD,account.6babeb9afbb44af4883ed0c9fd5b506a
2026-02-08T13:23:21Z,ZY-YoY9ll,account.d56b490baabd4abd8d2aa59142ae2a8e
2026-02-08T13:23:21Z,lspyyds663,account.557854bf20674fd3b95e4c7ef093aee1
2026-02-08T13:23:21Z,Lyorz_,account.0a3b807f7cba4857afa72815bcf27e30
2026-02-08T13:23:21Z,Wait-Andd,account.ddb903a2237d4965925706deb591940a
2026-02-08T13:23:21Z,moreksin,account.b588f0c14c454d79a100cf15a2a78021
2026-02-08T13:23:21Z,iikeu-_,account.6445e4173a6c43f3b2e94e1b32ec75d0
2026-02-08T13:23:21Z,noK1ss,account.1c15bb611e164082a76c1ddb0a48bc57
2026-02-08T13:23:21Z,yong--shingg,account.2ed19a8e729c41e1928f2de6784952c7
2026-02-08T13:23:21Z,Distance-liu,account.b3215ec6ee9e4cc780e3197d1dd21af2
2026-02-08T13:23:21Z,UWILLDIEIN5SEC,account.6caaa39fe2994afa8df20629bd930cf2
2026-02-08T13:23:21Z,ouodd3,account.1891407c3adf4a7babd86b32555f5433
2026-02-08T13:23:21Z,PINK_GOdLess,account.6f0c1b3be2cc4471aa6130b2820dbac3
2026-02-08T13:23:21Z,Stiwen7v7,account.3261e9e94d214792b008523f2f60d34b
2026-02-08T13:23:21Z,CHina_F_LinLin,account.c6f7cc4f9ba44f3985b51901fd3b5b29
2026-02-08T13:23:21Z,asd333000,account.e31db65c4d204dd0bf053f43f86ad5cf
2026-02-08T13:23:21Z,nm5am_8992150,account.81d3784e72144db389c76dcd756ed878
2026-02-08T13:23:21Z,N1qusi_-,account.d14c9e8dea4647c998e0e23ef4c1e629
2026-02-08T13:23:21Z,70koo,account.8dde5f7303ed48fcb2f88555c8941de6
2026-02-08T13:23:21Z,9isomke,account.410f503df99a48b9aa1fa8fef162242f
2026-02-08T13:23:21Z,Weedboy--,account.41a75633b14047f5a8bcff992500a558
2026-02-08T13:23:21Z,iyuyou-,account.133b314bc35242358c13e5bf8420d1f3
2026-02-08T13:23:21Z,SuriCruise33671,account.738d8d235d9048e8959e74715260e853
2026-02-08T13:23:21Z,Seeyou--AgainBB,account.b55244a9b7e14390aa5875a99df6f08b
2026-02-08T13:23:21Z,iiiiidou,account.4b1c8bd488bb47b589e0696a09855091
2026-02-08T13:23:21Z,lovely_arya01,account.219607e647b842bb9758d79af198ca43
2026-02-08T13:23:21Z,Jennie_callet,account.31df75b54fa3497997fc82d72e52a770
2026-02-08T13:23:21Z,DaJiBa---16CM,account.08abf2bab2cd46a99ce77ed264ae41ff
2026-02-08T13:23:21Z,80_90,account.d1a7a210003241b293abaf96134cf0af
2026-02-08T13:23:21Z,t1nghao,account.992a93b55b0e422895796a92d81c5855
2026-02-08T13:23:21Z,QianKeSaoRen-Tx,account.fd56a04102464683bd4f64cf430dcec8
2026-02-08T13:23:21Z,Checee_,account.699b9d565311414eb521d0d207ee9ca1
2026-02-08T13:23:21Z,Fantast-ZongWei,account.5ac1818c55e343b79111af3f1c867072
2026-02-08T13:23:21Z,Ruapu1,account.5d21e5df9ae44e18a350898d25edaa99
2026-02-08T13:23:21Z,yanmingzhe1996,account.d896ab1246a44f2d8d6e8d0cb74714b2
2026-02-08T13:23:21Z,iioe-,account.57bef16f6b1a485e8ac19bf54f3c3e56
2026-02-08T13:23:21Z,Allin-S,account.452a617aa3c8413890442eb8248285f6
2026-02-08T13:23:21Z,PeRo_Faker-TT,account.31b59d76787e4c538c57077e57408a85
2026-02-08T13:23:21Z,SSAUM,account.4c815e3a2bc14251bd553ae434eaefea
2026-02-08T13:23:21Z,Dolphin-AMan,account.cd03ac226ec54e70a965bd4aa99332ea
2026-02-08T13:23:21Z,Dreamlandl,account.734602cbda3c4c38b7c706d39e4333e8
2026-02-08T13:23:21Z,Z_yong_Ace,account.220bb6db8cb74bfb97c6213717306abb
2026-02-08T13:23:21Z,DAISIQI158231,account.e3e77d4a6efc4ace82447a8e89a9b824
2026-02-08T13:23:21Z,Explosion_Bobo,account.a4c78be98d374bc2a9568777e8b89c5b
2026-02-08T13:23:21Z,PeRo_paradise,account.42edf326939c46a888328ce10b4d4469
2026-02-08T13:23:21Z,N_Outlier,account.1d420b1956424b23805f6b68017ff07d
2026-02-08T13:23:21Z,AiChen-2023,account.8cdcb62723a34c74a98165d941701474
2026-02-08T13:23:21Z,icute-,account.20f1f6d3189c41e9910586b727af1b89
2026-02-08T13:23:21Z,LoVeActuallY-S,account.363770febf4d409d8e81af93de8c50a6
2026-02-08T13:23:21Z,KOR_berserker,account.d946cd43962048a292bc7a03bdfaba36
2026-02-08T13:23:21Z,N1ggeBobi,account.ca598dc717b3485b95e614816bbbc2d3
2026-02-08T13:23:21Z,UQSQTQ,account.b9124a9dd3bd47f082bf7dd0f872e9dc
2026-02-08T13:23:21Z,SUFFER51K,account.30d879dcf9874c39a306d52824492ddc
2026-02-08T13:23:21Z,Sunnyszf,account.3c7fc4107a14444b9301d1087176daea
2026-02-08T13:23:21Z,kunm4885,account.0e0a4a3cddec4102a85770e32915ad13
2026-02-08T13:23:21Z,7ingbb,account.c8ffb3e0b8d947c5bf0ebd8253a2fbd9
2026-02-08T13:23:21Z,11Monster-,account.65f7af074363445e890008decb27d5fd
2026-02-08T13:23:21Z,SoBabyDontCry_,account.98145aa64ffa48a1af7f718041f03e55
2026-02-07T15:55:11Z,Simple-ml,account.1248557a346e4cd1862466e96d233aeb
2026-02-07T15:55:11Z,TimeTEARs-Huan,account.e41ab1dd050c44528205d1cf498de81b
2026-02-07T15:55:11Z,1997_man,account.489c5c4d966a4db793f4e5948f938912
2026-02-07T15:55:11Z,91-hyz,account.868b850243e442aa87ef09b229738fe1
2026-02-07T15:55:11Z,TS_kimbrel,account.1bbe8b974a294ae4978d188a2765e9ae
2026-02-07T15:55:11Z,o7-I2_,account.1fac0d6e5b8e4bf88bb8ee2bd33d9ccf
2026-02-07T15:55:11Z,Passer_Qgg,account.d1fc2f534e3d438ea1315e068b3fd345
2026-02-07T15:55:11Z,Hunter-wq,account.5ab9b9adea544f4d8deca332e69b9cdd
2026-02-07T15:55:11Z,iom7-_,account.26e59cfa29f74fc19e378bf3925ceee2
2026-02-07T15:55:11Z,i2cn_,account.b850bd1691444c6a8a91c81f3862f7a2
2026-02-07T15:55:11Z,Let-ILookLookyou,account.5103c63585db4163b97c4de2c80c1d11
2026-02-07T15:55:11Z,Sqi_ovo,account.33136763831544c58dda2d867faa6649
2026-02-07T15:55:11Z,MGL_RuHua,account.d4dcacc707a8490ea8121d8252ecbe81
2026-02-07T15:55:11Z,Ks_Xu3s,account.a55cc861a9484de2b03f4f547eeab839
2026-02-07T15:55:11Z,Inparsokhuman,account.6a499ced860049a39187786bbe8587c2
2026-02-07T15:55:11Z,NH_boo0820,account.b85b21c38a804360b52cd980ae49cf4d
2026-02-07T15:55:11Z,Goodbye_Youth_,account.e9ae02e140f8474c8a188264b5c74ac3
2026-02-07T15:55:11Z,Shadow_J,account.567ae06f8eb74cd2b93f7b93417231a1
2026-02-07T15:55:11Z,PapaJohnsPickle,account.3abc2ba7cfe44f1181a7a655a09aae6b
2026-02-07T15:55:11Z,91-RJ,account.3d4ffda5060c4eabb71e85d0049ed12d
2026-02-07T15:55:11Z,CaiJi_mianmian,account.b3b0500db3d7408eb4c910218b31a1c7
2026-02-07T15:55:11Z,V2000_dayipao,account.05e315fa310243368cbd327abd324abe
2026-02-07T15:55:11Z,LongtimeKR,account.624cf952320d4971888657b69a890c3a
2026-02-07T15:55:11Z,ioj7-_,account.0843f24ce2784e90a92d90c934104f4a
2026-02-07T15:55:11Z,CaiJi_Pudding,account.7b1f1485886949d69ec4e09db66bd4f4
2026-02-07T15:55:11Z,Re_iic,account.4a1364fe904c43a9851e457a004ec5cb
2026-02-07T15:55:11Z,tibei-pa-SANG,account.994a495cd9954bfabf165db800795ff8
2026-02-07T15:55:11Z,Woo_M,account.2eb8e14ad7e240868a8ac1de12486fc0
2026-02-07T15:55:11Z,Beanonymous_,account.cad77d8bc0934c139dfcf2fc1d0ea234
2026-02-07T15:55:11Z,4p4op4,account.ff338692cbfd46a998b61b0e725a817f
2026-02-07T15:55:11Z,TangNa000,account.fdfb1d6138a44d9696fc69d616b34480
2026-02-07T15:55:11Z,XiaLiBa,account.3a5194eb37b6438ab02cb124fee52043
2026-02-07T15:55:11Z,HanTenderness,account.404bab8dd6bf49b494c98b0a0c8d6aa9
2026-02-07T15:55:11Z,ID-ennnnnnnnn,account.46ff25f2a27d412c8a8e92be220ffa36
2026-02-07T15:55:11Z,Parcel_Article,account.73772d35a8a34f3b87102b51671286d9
2026-02-07T15:55:11Z,Kiss-Spicy-dance,account.71ac6a6c48574fb28d78ccf0ab89d1df
2026-02-07T15:55:11Z,C63s______,account.d0c96f5d498d421bb7cff51df1480a83
2026-02-07T15:55:11Z,Dy-D-Xy-O_o,account.7747a3fcda6d4800a7a6b9c1e92bfc28
2026-02-07T15:55:11Z,weed1128,account.207777bd326348d49d2f4daad9b256d8
2026-02-07T15:55:11Z,i0307-_,account.af23157845c84a84ad09f1d2b807bfd4
2026-02-07T15:55:11Z,NNNNNNNNNNNNNNio,account.86284c47a4084afda1f6c9cfe0b1201c
2026-02-07T15:55:11Z,Heondopro,account.578fb8a4daf54a62aa1a5b26d900b78b
2026-02-07T15:55:11Z,Mizkk-_,account.5c2d8b9a10484a03ab27993ef9e4e7a6
2026-02-07T15:55:11Z,anananananan123,account.33475b31bede43d6a0f81b60f25905ee
2026-02-07T15:50:11Z,Gentle-Man-012,account.7765604de4be4faa83735e5bfe822fec
2026-02-07T15:50:11Z,Black-Humorr,account.7ebd7e40bfcc49eeb69cd7bced9a8402
2026-02-07T15:50:11Z,DL-lightning-x,account.a4cc92b6dead4e269d82771da5820dbd
2026-02-07T15:50:11Z,Cc0109Mx,account.02d209ccf2324ef6952265bc334ded08
2026-02-07T15:50:11Z,My-Name-Si-Dad,account.3d593736776c41b4b852b9f3652a3831
2026-02-07T15:50:11Z,AdaJillAshley,account.d0455a1da36343869de480a6140f1142
2026-02-07T15:50:11Z,MMNIaoBIeSha0,account.9ef51269175a4c759899f634c0a29aa7
2026-02-07T15:50:11Z,Shiwuwuwuya,account.e5d7d18688b84a7ba43552fe7d2be588
2026-02-07T15:50:11Z,1zhinagou,account.c7fcac06381443d7995512d521b4605a
2026-02-07T15:50:11Z,VIP0660,account.d401a1d52f4646e9a3862e48c68e23b5
2026-02-07T15:50:11Z,Akmayusi,account.6864ee902d3342e3818c4847c865925c
2026-02-07T15:50:11Z,DeStijl_24,account.618ca1ec014549caa7e935409ab958c5
2026-02-07T15:50:11Z,chiji_xiqi,account.085aa00d56d643a19e2b4fc3755632c4
2026-02-07T15:50:11Z,sy30sm,account.1f76c53f39ed458da5caa69ef91b890f
2026-02-07T15:50:11Z,Hot_cookie6,account.53f4677099c24ec0b9b46d57f9312a66
2026-02-07T15:50:11Z,ZaoShuiZaoQI-_-,account.a3a4197548ea4e22b6d746558c908a07
2026-02-07T15:50:11Z,Apex-Rakehell,account.56938c333784484a806fa7cd4e0ecbb7
2026-02-07T15:50:11Z,Lz1mo,account.ccbea646b4664bfeb3fe72580ff94195
2026-02-07T15:50:11Z,bc467904,account.4d927a9289fd4d268c4e5c9a43573059
2026-02-07T15:50:11Z,bongjun__,account.9854676c4cd54197b4ca5b0f61c26dc1
2026-02-07T15:50:11Z,DL-super-z,account.d1fc5ea0193e4a82878e34c95e666371
2026-02-07T15:50:11Z,sy1s3ze4zzn,account.799c5fcd767c47689565291012261efb
2026-02-07T15:50:11Z,qkrdkQnRk,account.59604da8d51c473c8133b135cff58900
2026-02-07T15:50:11Z,Troll_-,account.641db63bd7c943368178c6b4528b998f
2026-02-07T15:50:11Z,Mizukiaiga,account.007d81c791894b868c6e836eff65484b
2026-02-07T15:50:11Z,One_SuBao,account.936471c4b145492ba0712ec5d8d767fa
2026-02-07T15:50:11Z,jsykillyu,account.19a6500c40f5407ea98f5000e1ede9cf
2026-02-07T15:50:11Z,MHCJ--RengMing,account.e075eb290de54297a5447b82b973b10d
2026-02-07T15:50:11Z,XXXXXX-Music,account.20645b4aadba454b916879867fee3c06
2026-02-07T15:50:11Z,Cjh-Xo,account.7a033aa847a24a0e88bc8dafd30909b1
2026-02-07T15:50:11Z,ASWRWED,account.492c1c899fb842169fe29c472e315ffd
2026-02-07T15:50:11Z,JediLD,account.877763cae3ab4941a49a6a3f2c6de9ae
2026-02-07T15:50:11Z,CBR929,account.53f24f04b6ae4b018d3345b0f1121cf7
2026-02-07T15:50:11Z,LCC__DB9,account.6f23ec762a614b7292e5308080370515
2026-02-07T15:50:11Z,s_17R8,account.4b9f4c4a46ca46578839870ee12f09ca
2026-02-07T15:50:11Z,Apex-HaiBiBu,account.258a2ee1ee5d4e61bae5e8b7d96b42eb
2026-02-07T15:50:11Z,ZZM-1988,account.70fff9c1f18f4ce2ab8b9d52399b6249
2026-02-07T15:50:11Z,Huya-BiLiBi-KK,account.edf14e509d1f4f5db27d46984f8d8efe
2026-02-07T15:50:11Z,ZY-teihanhan,account.de8e30c327c94670895c76602c17e00a
2026-02-07T15:50:11Z,One_QingYang,account.13d3e8788e7a40adb2c5feeada45e23a
2026-02-07T15:50:11Z,M8878-_-,account.19b7b63deced48d19bffa1c9c6abc1bc
2026-02-07T15:50:11Z,iyov_-,account.339f692644b74188a782082196989c84
2026-02-07T15:50:11Z,hygyhuyuan,account.bc0031191bcb4769b97eec1537b3bcb2
2026-02-07T15:50:11Z,KRAFTON,account.7f9fe8254329421a89a7ff6eb7bbefe7
2026-02-07T15:50:11Z,Huya-NMG,account.67e4c10ea9f3406587bafb9dd1a4c198
2026-02-07T15:50:11Z,NMG--NiuNiu,account.eb9ed7207f464fc18b20d5ecfcb625a6
2026-02-07T15:50:11Z,ZhaoCai-_-Junbao,account.16f8ca3ee57b445394554d81f362a79c
2026-02-07T15:50:11Z,MHCJ-Madcow,account.dd6d2dc653734120a451a9c8d3ad6605
2026-02-07T15:50:11Z,Leyili_-,account.c60268d3b69d4b16a2f92137671862d2
2026-02-07T15:50:11Z,half_nine,account.c7530ab816234d25b8d80e8c7d1c3db6
2026-02-07T15:38:09Z,YiYiBae_,account.7d9907e9c5d3464790502226220b8e7d
2026-02-07T15:38:09Z,Momimi-CK,account.7bd52c3a4df847dc98385db01c55a448
2026-02-07T15:38:09Z,wj0451,account.8ac4e0fcc1654f7094ef31111ffc85fb
2026-02-07T15:38:09Z,HOVXL,account.90fdfed1ee514b899d93e0d88b7d2dcb
2026-02-07T15:38:09Z,zmj6_,account.3ffde068cb21444795e3c64621689bd2
2026-02-07T15:38:09Z,mindray0827,account.4fd384d6499047a68c69b98b95717f26
2026-02-07T15:38:09Z,Mars_-Yu7Amor,account.485194bbab544d3f8909b53577e5a25a
2026-02-07T15:38:09Z,PUBG_Li-,account.0bce6f6ee2444285838b0f00c6b5f77c
2026-02-07T15:38:09Z,QIanNanYou18,account.7da5bf7c6c3a49abb68676e712151d1e
2026-02-07T15:38:09Z,PirateShip-Gw,account.e898e29e168c45e7a14cf403a8732604
2026-02-07T15:38:09Z,7Diamant,account.901b0a3714c548fd800c1d6f57fea4c7
2026-02-07T15:38:09Z,GaegachiMincho,account.d450cb0d879749338e147e34ba84ccef
2026-02-07T15:38:09Z,Benz_GQ,account.b19bf51aca76425ab7c971c0299f7903
2026-02-07T15:38:09Z,NWJse,account.e09a8b5ef77a46dc9e10e058a6b92b42
2026-02-07T15:38:09Z,Labrador-0810,account.3a296cbfadf24930830484a60b4abdce
2026-02-07T15:38:09Z,PatrickStar__-,account.fc5964f6cd714ba29e0ae59495de220c
2026-02-07T15:38:09Z,Squidward_GX,account.8864e1eaa69a43c4b8e3a1366a7c9072
2026-02-07T15:38:09Z,hereum,account.b928d216939f4a769b10cc2d39c34879
2026-02-07T15:38:09Z,POING_POING__,account.a21b5d1a56304110926eeae7a183b201
2026-02-07T15:38:09Z,1nG_o,account.7a138fa5b62b4608b831499a405dee65
2026-02-07T15:38:09Z,Mars_007Dong,account.3aaa39fd87064aec9830d8f2ede2a6bf
2026-02-07T15:38:09Z,9BuNi_,account.6963c904e8344a14bb2f961a2b26d3f7
2026-02-07T15:38:09Z,M-B-0472,account.6ae68ab4592d4417bea18fa2ee0a3b36
2026-02-07T15:38:09Z,canyu-01,account.6de80b0a26084373b4eb2ea9d37a43cb
2026-02-07T15:38:09Z,MOMO_TMD,account.c334308765f3435aa2446d650a2f8a89
2026-02-07T15:38:09Z,OMG_deathman,account.7daff889cdfb4470b1387c5ce313ecc3
2026-02-07T15:38:09Z,WBG_Bf4theR,account.10c08682c8e846be8075a994d471c5c9
2026-02-07T15:38:09Z,Serenity-v,account.5fd7ecde86f846f698d21aa5a61efd0c
2026-02-07T15:38:09Z,HONOR_01,account.cd180366d6884beb83528dcb9532ceea
2026-02-07T15:38:09Z,Vanko_wang,account.bf7169072d8f4f43a89cc76c3335b5ea
2026-02-07T15:38:09Z,GaegachiHaerin,account.7355d90e514d4c1dba6fa01d75f49ec2
2026-02-07T15:38:09Z,Ashin1022,account.091eb76a3dfa434e98f598016d673bb9
2026-02-07T15:38:09Z,AK_460,account.38e3e401597c48c5a0f59511a30abeb6
2026-02-07T15:38:09Z,byz_5959,account.77140d331b734cbd8ed5af30b794878f
2026-02-07T15:38:09Z,Pott1_-,account.ea48cd2ce4214bdfb9e486e0540a61b3
2026-02-07T15:38:09Z,Douyin_SuCheng,account.fe56d4c5ccde41099adc0285578cbdda
2026-02-07T15:38:09Z,FuRongWang_Lin,account.9458277eb62049a68346a4fe07d1b5f7
2026-02-07T15:38:09Z,GaegachiMyuImang,account.e9d00a4d4fd44af6802314427bd34f47
2026-02-07T15:38:09Z,icy_uu,account.06cbeb21525f4214917f975c2278f7f9
2026-02-07T15:38:09Z,GaegachiBoowhal,account.4a2db0bea0ba4117bc474b6358413e41
2026-02-07T15:38:09Z,Jam1_-,account.43a21d2823a9431c95099ad3c943592a
2026-02-07T15:38:09Z,NiBaBar-_,account.c43ebc222c8541229164071c872d0ebf
2026-02-07T15:38:09Z,Yan-0317,account.42fbd3f894d84823aedbd0fa77f2c47d
2026-02-07T15:38:09Z,NIng--Bao,account.5315f2a615c1493e952a3b843513aba8
2026-02-07T15:38:09Z,oooi-zd,account.89bd6a675ba74d078be342ae800feceb
2026-02-07T15:38:09Z,90000i,account.52141ae299034bd8a8b713657df3d020
2026-02-07T15:38:09Z,LegEnd-LZH,account.6e8b7e14b14940f287e160e71a1da9c9
2026-02-07T15:38:09Z,4AM_CaiBIwANg,account.d4c63b4763d04178bd21359f78e02b3e
2026-02-07T15:10:41Z,kukoldinser,account.4435363a3a38481f9bfe77508e0587b2
2026-02-07T15:10:41Z,NPC_Devil,account.914cd7294aaa4e8087d971822f3aa403
2026-02-07T15:10:41Z,iuoolx,account.d75c9a32f1f34419aeb1b5c95620ff26
2026-02-07T15:10:41Z,Liu-10cxxl,account.8fe0ec3c295a45c09e2f294da249e474
2026-02-07T15:10:41Z,Baby_Milkia,account.fdc0a2bd5de34e14971ef24682a20d06
2026-02-07T15:10:41Z,Aurora-Came11ia,account.79e49ea4a4d04b5cb349c0d28f580ea6
2026-02-07T15:10:41Z,HuaLuo99,account.62fcfcdd72cd40e1989c5c1d00ddeac0
2026-02-07T15:10:41Z,sriru_96,account.25167f4963d7447aafc39d0cc35c7422
2026-02-07T15:10:41Z,1Gie_,account.4ffbcedd9b4744c89ca2f60acd5fce07
2026-02-07T15:10:41Z,zhanglimin,account.4d682e5b11b240cc94a39f6b472cd73d
2026-02-07T15:10:41Z,i11Eleven_,account.83218e44d6c94257a435b573aaab9f62
2026-02-07T15:10:41Z,MARTELL-X-O,account.7c84502437fa4597b374f026eec0fcef
2026-02-07T15:10:41Z,Gold-struck688,account.f4836434acbc44538a75047dc2ea9c8e
2026-02-07T15:10:41Z,yuk_iu,account.4fb886bcd7cc448993a0006fada49f15
2026-02-07T15:10:41Z,Atlantis--,account.5d2e9f212a68489994ea747a7675290a
2026-02-07T15:10:41Z,NFG-XRBB,account.a18936bbbfb64fd3bbf43d8a795dd72f
2026-02-07T15:10:41Z,Astro_NORU,account.6fa4cb4c9a1842938ae2da8b9777e810
2026-02-07T15:10:41Z,Gqts-Hjc_-,account.cac28ffb7a644d7f8ef14c86b89f6865
2026-02-07T15:10:41Z,HanFeng_Zhouzhou,account.4ef066cdc8d047019d0d885789a5366e
2026-02-07T15:10:41Z,Fish_man--,account.acb4b6d3235b494faddbb37e129d44ff
2026-02-07T15:10:41Z,2452_,account.37104edf72d14d818ef66a242d2f4931
2026-02-07T15:10:41Z,985Gr,account.7fef01ee06664484aa82a604f7d3aa53
2026-02-07T15:10:41Z,kN-alex,account.f5efeb6d8df14996ab21a90dbceec749
2026-02-07T15:10:41Z,Steam-WzZz,account.cc286394ddec40d7b150ba2ee255de69
2026-02-07T15:10:41Z,MOK-NiuGe-,account.e60b8a85472840dbb9d419e6d299f243
2026-02-07T15:10:41Z,Aurora-Man8_24,account.b8702731357f4d24b5d89e6685fbb79b
2026-02-07T15:10:41Z,ByWoOXxiiii,account.0cac276b8e9c4ff597f2c272b081d19c
2026-02-07T15:10:41Z,Aurora-se7en_-,account.35982a9cf5be4a9a9c0d2e4a0aaa2706
2026-02-07T15:10:41Z,2023-857,account.426d304589e24d63a674ef2fe5e5c489
2026-02-07T15:10:41Z,HS-XYC,account.b8d6b3765c4b4024ac61437ff4289017
2026-02-07T15:10:41Z,78RW_-,account.48eba480d60d483eaf33ce881b4e60c8
2026-02-07T15:10:41Z,xiang9988,account.7a0f426a2937414fa9cebba1f4d0ae1b
2026-02-07T15:10:41Z,JQ2Top-Christ,account.cf31b99d3f0f45588b175ac62f4806cf
2026-02-07T15:10:41Z,AF_seok1325,account.cbe9765820714a6b81f146193cee2c2e
2026-02-07T15:10:41Z,TGM_CNM,account.5b0b8038761440278a706281d96760c3
2026-02-07T15:10:41Z,Lucky-K1SMET_,account.280a6b3c5f9a42edbb5678a4709a2f82
2026-02-07T15:10:41Z,Miserable_LaoLiu,account.1b099929918c4395865617c15cd90a66
2026-02-07T15:10:41Z,xprite_-,account.28e2d9f145924433b630ab747b70f174
2026-02-07T15:10:41Z,YuzhoudiYi-AWM,account.9ed006a0f9454485b943029cb9d0cf37
2026-02-07T15:10:41Z,Soul_HJ,account.5cd2f78b89224b109f50be2bfe792fe0
2026-02-07T15:10:41Z,YMX_9527,account.1156c12c8e254bebb19f0a5efeb7444c
2026-02-07T15:10:41Z,L1s7Inggg,account.05db605555e74131adfd36a6c15e620d
2026-02-07T15:10:41Z,72-Tupaci,account.813c123006844a27b2716ba2df967b7b
2026-02-07T15:10:41Z,GzZunYi_xYong,account.f967b0d6e34f4ff89b242fa0eeca89c7
2026-02-07T15:10:41Z,Lucky-JIA-,account.7a0bc28414b84d36a4e64f8919b92804
2026-02-07T15:10:41Z,X_CYF_1987,account.beab8a26a75e49238021e395afbe0c1d
2026-02-07T15:10:41Z,AtakTuT,account.4898ecbdad8448b0a0c4a0a520414cbd
2026-02-07T14:54:38Z,Escape_Pyzzz,account.d0114599a12241ecaea9b6bd40bb0062
2026-02-07T14:54:38Z,Drayco_-,account.895a8e02135c41a9b23313bd9fcf073d
2026-02-07T14:54:38Z,90259-,account.b0a9839c76c7424db9f8c41e572845e2
2026-02-07T14:54:38Z,Han_Sssssss,account.90a6795b8d084035addf12d0f04142dc
2026-02-07T14:54:38Z,Cq_HXX,account.58f1d460d9af49bdb071b1d9ccdc02c9
2026-02-07T14:54:38Z,7i2ke,account.b30f585544df4a289eb92b02c1c9ab68
2026-02-07T14:54:38Z,Darrick-4,account.22228da28d1f411eb0a40936d385197a
2026-02-07T14:54:38Z,aa7874,account.e7d1c100da79464bae43723f9d969ed7
2026-02-07T14:54:38Z,HAO-xiaosa,account.87fe035f41564466b3683e9acadf1c6a
2026-02-07T14:54:38Z,DDDRUNKKER,account.6a3cb6bca0a94b20bfa3bcf964f134b2
2026-02-07T14:54:38Z,YZaurora,account.07d09f1e65124b31b856b918158b3516
2026-02-07T14:54:38Z,BoBinBap,account.dee25b900d564902901e75b31b2acaa7
2026-02-07T14:54:38Z,RosreS,account.5a06d850744741958ca2d2ff643f0949
2026-02-07T14:54:38Z,Angel_-9,account.4ba5d2377bb74af0973a0f0769672e8a
2026-02-07T14:54:38Z,3019-,account.a352de95941b4874876ba3bf2cb69815
2026-02-07T14:54:38Z,Paisi,account.ab0352de75864773ae2656cabff348f4
2026-02-07T14:54:38Z,SugarFree_NM,account.3c34cb1f8d5844b6a172afbc172aa8fc
2026-02-07T14:54:38Z,W899_,account.0855d97ac2264a6491bf00b076137665
2026-02-07T14:54:38Z,Luminous_Eyes,account.6f9c37bf484b43958f4f846f0e94876f
2026-02-07T14:54:38Z,JiangJiangvov,account.7238c6bb52fe4eba8cc23c701a716045
2026-02-07T14:54:38Z,aqiooBbg0,account.50fc42a3315f47b29a83559cd4cbe5b4
2026-02-07T14:54:38Z,Tvtuppu_-,account.32ef70b194e84b0c93e83bb83fc82c2d
2026-02-07T14:54:38Z,BaoHu_Hututu,account.8b81d981bbb44afc9040e62418f92bb6
2026-02-07T14:54:38Z,Han-Drug_lord,account.68828e683b194c5b83b5d92a3976483c
2026-02-07T14:54:38Z,DP_HERACLES,account.da96d581dc0a4c368da3f4964ac44521
2026-02-07T14:54:38Z,Cooki71e_3,account.d2fdfff68dd24420848a971aa431280f
2026-02-07T14:54:38Z,LOVE-MISSYANG,account.2fa1709a0aa348f0817170185d6d7c94
2026-02-07T14:54:38Z,Lzy_liuziyu,account.8385781830b24084907fa7a3cbf0d22b
2026-02-07T14:54:38Z,Xz_0328,account.f1ce4ba3122349a780ac3cebb4aae290
2026-02-07T14:54:38Z,Spieler--,account.55215218a56f4e98a26995eac4e1bedd
2026-02-07T14:54:38Z,684333yZc,account.08f4c379d93c4591977d4ef79f5cba88
2026-02-07T14:54:38Z,4ccik,account.8fab65280eca434d8a0f96f2dead9512
2026-02-07T14:54:38Z,Zppp_-,account.776a1e52156e41408f9e9bf77e9c4537
2026-02-07T14:21:48Z,1st_L_Burger,account.ddf8d614811743399a5624c47d6cff09
2026-02-07T14:21:48Z,1zHsaT_-,account.1980774975a54ae3b5ad6e1c843ed1cc
2026-02-07T14:21:48Z,SalaHang_,account.68d9f99881aa4b9b883726ab2890930c
2026-02-07T14:21:48Z,JyYy_-,account.8ae95f06a84b4a2993ae05758bbe8ce7
2026-02-07T14:21:48Z,gyung4564,account.742b15c0179b40e9b851378f85f35691
2026-02-07T14:21:48Z,1st_yong0528,account.93812e6be632441d856af5c5d5636399
2026-02-07T14:21:48Z,NLMK_Scarlet,account.8c203845f82d4ee68f59e0671dd6c531
2026-02-07T14:21:48Z,Tuzi1__-,account.a714add11456430fb24050acc064b752
2026-02-07T14:21:48Z,Yun_NB_666,account.7978942278bc42238ed4effb74b72b12
2026-02-07T14:21:48Z,U2in,account.9e335368468c4f479212e76d2fd7ba0f
2026-02-07T14:21:48Z,GangMinu,account.3c169dd4c61f47e7b01ef2decca8fddb
2026-02-07T14:21:48Z,WaInmmmhq,account.5fa5aefdae264d07bef759454ac10640
2026-02-07T14:21:48Z,Xiaoliangsn88,account.07d0cea33efa4588b58a521058528bdc
2026-02-07T14:21:48Z,775755,account.54f41ee04285451d890aee8187876268
2026-02-07T14:21:48Z,IAM_benzon,account.4eb7f0fa41294e56bb40b1358519cb8f
2026-02-07T14:21:48Z,YS-DaWeiGuo,account.8adc4bdccb2b4f41af4272ac60c6b75f
2026-02-07T14:21:48Z,aiiflj,account.b595719a266c4b96962e0faefd065549
2026-02-07T14:21:48Z,houdada666,account.4e492ff143454e32bf30d21332879c91
2026-02-07T14:21:48Z,Familiarwithjing,account.2b0c31553ab94e7ba6bf6290b553a5ca
2026-02-07T14:21:48Z,Butcher_0573,account.00d40a4583cd41659dcc4e9a592763fb
2026-02-07T14:21:48Z,CHN-XXiongGeGe,account.be2cb291625141ba9b510e801987ee75
2026-02-07T14:21:48Z,Best_YinGg,account.ca662b9eed8d4c84ad0b1b4dea145c22
2026-02-07T14:21:48Z,DY-_-Xhao,account.a525e4d490314e4496d4aca326f3e41e
2026-02-07T14:21:48Z,biubiubiuHLS,account.d3b02802626e4d6dbd6ee9aff849b669
2026-02-07T14:21:48Z,AKMF-xiaoqiang,account.9c5e3ae229134a1eb41870d0d474d22d
2026-02-07T14:21:48Z,Yasugsz,account.e68313c15c264f8485615508b4144052
2026-02-07T14:21:48Z,lol_seoseo,account.36abe9d26bd6401c8534fc0d871a8086
2026-02-07T14:21:48Z,5omeday-_,account.81ceff2c03814b87a83a8240fb85eed5
2026-02-07T14:21:48Z,CHN-PeiQiGeGe,account.d52fa5af0aaa4793b1c8c76117f7d966
2026-02-07T14:21:48Z,Wwnmgcb,account.c35c64a6190e44659863e374daf01177
2026-02-07T14:21:48Z,Butcher_8181,account.48b4fd5c4f3246bd8db9e531dc00d6c6
2026-02-07T14:21:48Z,SeUnGwUo4,account.500e10fd846d479f9f0bb1b9ec75eb26
2026-02-07T14:21:48Z,GaBiniNuNa,account.b7cda720553e4d3abd57a4bf7c95ff44
2026-02-07T14:21:48Z,Alice_sj,account.834b64bd09c0491cb5586fc544f3bb62
2026-02-07T14:21:48Z,Holyhigh-111,account.d5283bd2ffcc490bab07af4bcaf23f8d
2026-02-07T14:21:48Z,biubiubiuLSJ,account.21b7bfe338c2401a8930b4de723ffd87
2026-02-07T14:21:48Z,1st_BuLDoZer-_-,account.dc8bf8ab5ea547fda723cf7e014e2313
2026-02-07T14:21:48Z,Rare-_Z,account.9bbd26d19c454313837f0a87445acbb5
2026-02-07T14:21:48Z,d_____OxO_____b,account.731cb969c2964a879f772219645dadae
2026-02-07T14:21:48Z,Butcher_9527-,account.692b668a34974ff2abe82cb5cfad8e6c
2026-02-07T14:21:48Z,Satnlo,account.4558ed4a6667469883e162bfb1c758b0
2026-02-07T14:12:01Z,TenDernss_Koi,account.3329834acf304be38ee4d6ff01be8465
2026-02-07T14:12:01Z,Ysjsss001,account.0b213342fd9f458e94b2aeac6df41bd5
2026-02-07T14:12:01Z,PeRo_JokerXZQ,account.5499a856dfce4acb8ebc4b5513f6feb1
2026-02-07T14:12:01Z,JAYD_DF,account.4bd14a787d2b4fb6b2d9ccd437986c4c
2026-02-07T14:12:01Z,CTM-STM-FWH-DDSB,account.a8166d66dbcc486683787745b7d2ca94
2026-02-07T14:12:01Z,Yh6Pnsl9S,account.1ce64fb33ebc47f4b9d346644f3637a4
2026-02-07T14:12:01Z,D1baobao-Nice,account.02d2aed682614c56888029a23acb8ba2
2026-02-07T14:12:01Z,long-Hickey,account.33db05b053e44c2aafe9f8604eef2d62
2026-02-07T14:12:01Z,Misayaes,account.b0cf1bcb912c4ee9aa82e26536b9abf7
2026-02-07T14:12:01Z,Flirt_83,account.b7aded326df44206b65e7d3b5488407b
2026-02-07T14:12:01Z,RankGodzz520,account.c29640008d9b4a0b95cd3843b0826835
2026-02-07T14:12:01Z,Adelaideeee,account.93ca01239b1e407386bfc175b451a82d
2026-02-07T14:12:01Z,Yy30700_Turbo-_,account.aad4201ba1044af7808f7faed01cb420
2026-02-07T14:12:01Z,Nagasao_Yurie,account.4a8a0c5a8c7a48b88ae1884d0e233399
2026-02-07T14:12:01Z,Flirt_FK,account.4719301387324497894c757021561597
2026-02-07T14:12:01Z,CTM-STM-FWH-SB,account.ce6b5b9f2e554837b3e7b77461b04650
2026-02-07T14:12:01Z,Flirt_oo,account.6a9a7fc11a094afbadfcae47260017ef
2026-02-07T14:12:01Z,i2Go__,account.8097f44ec4c544c59decf3e163dc017d
2026-02-07T14:12:01Z,KOR_ENFP_JIN,account.8d746afc307941af9bbb605662f8515a
2026-02-07T14:12:01Z,RoverOne,account.3ad39dc6b6ca44e19f07dae1c1f53b08
2026-02-07T14:12:01Z,Boff_G1y9,account.e32b7a6ff3ef4246be76d9e0766da64e
2026-02-07T14:12:01Z,JAYD_HCX,account.f1965bbb9d0845acb76b1eeaaa7807f4
2026-02-07T14:12:01Z,aqdegtjuswfrhy,account.4bb14958f4244a2ab9fbe734a5a5b585
2026-02-07T14:12:01Z,KGDDSDSB----CNDY,account.4daba93173434eccbc29476fc7a96c17
2026-02-07T14:12:01Z,Boff_LuLu,account.0974687a234740dea2f0ffd0e4a9d8ca
2026-02-07T14:12:01Z,Peng_1Yuyan,account.00baf30f3f4d499f8e47e39b6f1d614c
2026-02-07T14:12:01Z,K-Wss,account.109de6c38a3943c8bb68a81b6cabd1e7
2026-02-07T14:12:01Z,THOR_wjddus0731,account.1e8c65841dee475ab63e52f8234d97a0
2026-02-07T14:12:01Z,ZPMM-36D,account.130d766d313f453f8ad9cadc270b576e
2026-02-07T14:12:01Z,AhChiken-,account.03b04111ea984207b9d53a758340b3de
2026-02-07T14:12:01Z,HelloLvze,account.82121c44359e41148f3864e230a8ef01
2026-02-07T14:12:01Z,Guizhou-Daisy,account.a8b311d77eca40f48445cdb25a5c15a8
2026-02-07T14:12:01Z,Flirt_YS,account.3579d50b620b4d9b8d3bdb57cc5c8d28
2026-02-07T14:12:01Z,DY-jingxiansheng,account.72d9ca6a9d2148278bef596d21114fda
2026-02-07T14:12:01Z,IllllllIIIIllIl,account.55fb7d5fe2e449138a275ad5029d6bdc
2026-02-07T14:12:01Z,GA_120,account.9299ba3495dc4372b7b27521b157fa98
2026-02-07T14:12:01Z,1GeDouBiePao,account.a93b0d6f006443938c7290612c266ed0
2026-02-07T14:12:01Z,seong_su0_0,account.fa2e0c2f89a94fd0bbf3dc8c86e2b8f8
2026-02-07T14:12:01Z,ST-100100,account.8f2cde531cb149c585fb8aef9a9daf4c
2026-02-07T14:12:01Z,KaiGeEv5,account.e170aac2280d4715a285c2b859a57d69
2026-02-07T14:12:01Z,Lazy_Catttt,account.2536cf22620342eeab2d01d19ea32c78
2026-02-07T14:12:01Z,T-o-Tem,account.303b78563d22420f9a49ced5d66dbb49
2026-02-07T14:12:01Z,cc772393309,account.ab5b8ae9611b441798ac0c0c38d6c13e
2026-02-07T14:12:01Z,DY-Boff_Happy,account.9b87bba91ca742f4a13c7a853e5a297f
2026-02-07T14:12:01Z,7D_aiManniuQQ-,account.e2dda5f9452445fc913b7b4c7b8d8199
2026-02-07T13:57:33Z,LELE61219,account.dd398b15dc8c4aff851e584e132e184e
2026-02-07T13:57:33Z,MKHHKJG,account.72096dde899b46b2a61c34ec3b27731b
2026-02-07T13:57:33Z,mu_TTANT,account.5142157936be49d5855f4003f0c2b36a
2026-02-07T13:57:33Z,Noah12345678946,account.978727e5d5fd45f9ac0a754a679622ad
2026-02-07T13:57:33Z,cz_xiaoxi,account.9388dd3e889c49d9a37fc1b68e59a8fe
2026-02-07T13:57:33Z,3YKK_,account.c510a6de5a8346d9b4348f272585ab2e
2026-02-07T13:57:33Z,Loris-Xiao,account.dd5f93267d9947a29e842f4aa8cfca29
2026-02-07T13:57:33Z,KAIX5528_,account.142759de82144b59a386624f2e0041de
2026-02-07T13:57:33Z,Nyixue,account.9a1d09f2bdf343ebb475c4248c3951eb
2026-02-07T13:57:33Z,DevilMayCry_Lin,account.2eb5b61898044284a5ec7ad5c55a4474
2026-02-07T13:57:33Z,sylph26,account.97bb5e42e7284bfc8d88a2a792c2f510
2026-02-07T13:57:33Z,junmoxiao153,account.f27b1fcb8b1b46b3a1d2826b1e4c77d2
2026-02-07T13:57:33Z,Saxy_GuySeonu,account.41151441a0094820b12fb619733364c1
2026-02-07T13:57:33Z,XxxXx0o0xXxxX,account.449b3949e51347eeb5b9f714483d61ec
2026-02-07T13:57:33Z,LW_Wula,account.76845077b9af4205acc7ab789e6bd992
2026-02-07T13:57:33Z,0912_MTF,account.c6b6fdb6718f4675b34b91ab8fe1a14e
2026-02-07T13:57:33Z,4AM-DaBoMei-_,account.86ed196e5ad84d42abb03e509937b0c9
2026-02-07T13:57:33Z,DouYin_794630444,account.3a924448195e4e249dce8fbbbfd5c1ce
2026-02-07T13:57:33Z,Sprout-cn,account.d15d92d502714e5eb64676df95deadd5
2026-02-07T13:57:33Z,WXJJ__,account.bcba2d3a9bba442b858e5ae0a1528daa
2026-02-07T13:57:33Z,1ccGadv,account.5f1cb99d9b8244c682350768e884f310
2026-02-07T13:57:33Z,ccno_-,account.11c97eb43b464d619c5a1a50f79a0010
2026-02-07T13:57:33Z,Luoxiangyang1024,account.48d9b56660ed407e88215b5157cb758d
2026-02-07T13:57:33Z,crew_v,account.fe92cfdaa8924e95bc62eda08b52fef4
2026-02-07T13:57:33Z,TongLing-98K,account.31c3b0a28b814a5fb17ffe4ff8f758c4
2026-02-07T13:57:33Z,BaoBaoBaby_-,account.f65766e7e1f44c1ba2c27bed344d8902
2026-02-07T13:57:33Z,SUHYDHS,account.8a28abe829fb46fb82b167c25da4b4d8
2026-02-07T13:57:33Z,TOWFP,account.cc9ef7566f7b464c82b1db682e69127c
2026-02-07T13:57:33Z,Codename_Han,account.229eaaf281fc4825b874085618f16b80
2026-02-07T13:57:33Z,zaixiandengliao,account.479eabe54aaa4c2791a9885f649a04e4
2026-02-07T13:57:33Z,80_YiGe,account.4887403a784142a486d36547ebda0943
2026-02-07T13:57:33Z,ChenGZHiYeYe,account.a111dfe605fd4a70a84f084d7ea1aef2
2026-02-07T13:57:33Z,iLmy-_o,account.8086432fe75849feb93a8e41b9810dae
2026-02-07T13:57:33Z,qiyu-88,account.546b3211cc5f42ac83d3d3edf30fe565
2026-02-07T13:57:33Z,whathefxxk_,account.da136efd54a742978d85fd7339d74723
2026-02-07T13:57:33Z,TvT-Jccccc,account.19d485ce6e734487bf1e62edf6b2046c
2026-02-07T13:57:33Z,GGYLGJSu,account.b355cf9bb38b4d209db2a41eeec9aabc
2026-02-07T13:57:33Z,O744-,account.2958cc8e8af74d968cc254165bb11431
2026-02-07T13:57:33Z,Hanai77,account.94b50447e04a49169ba311cafa2b33ab
2026-02-07T13:57:33Z,miniwpn,account.a214a043ae874881bb66c83e5f8d9ed8
2026-02-07T13:57:33Z,OJ8K0831,account.655d56f4a65e41518cebfbeab913dd8e
2026-02-07T13:57:33Z,LookLookDJB,account.79b359be2e364f51b5b7296451bce2a4
2026-02-07T13:57:33Z,Kobe_Byrant24,account.f7f00477562748529f750d0f23c029ec
2026-02-07T13:57:33Z,CColo237,account.322b27f6013b4b42bfe6bb4f1a4df9ce
2026-02-07T13:57:33Z,KORGENT,account.246a5986d662466583eec744fe9c1d64
2026-02-07T13:57:33Z,0912_Ankang,account.9830d2621b224281ac94e0ff96a7f757
2026-02-07T13:57:33Z,kxw-we,account.5327fcb5a1cc48a3864ae2a87e48d258
2026-02-07T13:57:33Z,rainbobo,account.3d9f11dd53d048a6a405aeea5f1f503b
2026-02-07T13:57:33Z,XXX-OOO17,account.b976533361d04f71a942adc01750989b
2026-02-07T13:57:33Z,ZhangGengSuo,account.1a90f9a3edbd4b8e8eceffb1c761efe4
2026-02-07T13:57:33Z,Nog_DaFeng,account.b03faa1cba02487a8cce592bf8f6ad29
2026-02-07T13:57:33Z,Wupp19,account.521ded4e69384d96b7cb5bcfecdd0170
2026-02-07T13:57:33Z,0452EEEEEE,account.f6a92c7d783c49f4bbd96c4a71f82b6e
2026-02-07T13:57:33Z,Ge_DonZ,account.722646de3bdd4ac994256665fb0fb18c
2026-02-07T13:32:59Z,MuYuHua82,account.58f9bdb61aac4fb69b73e195218dfff6
2026-02-07T13:32:59Z,HGM_Tufu,account.ce3ea7799e174e44a69297c322d937b9
2026-02-07T13:32:59Z,hb95024,account.63f7ad1cdb6f40ed864aab138181d3b1
2026-02-07T13:32:59Z,O-xigua,account.7d18bcb37130434f9731f0da79339596
2026-02-07T13:32:59Z,gelato-ak,account.8446224a5caa42c19ad2e33f80181230
2026-02-07T13:32:59Z,Ailin_--,account.ee944d6b1a834a10b6f727ca15ad5f3a
2026-02-07T13:32:59Z,E_PPO,account.4b2bea5bfd9740fa9b79cb5acdfa92e3
2026-02-07T13:32:59Z,Wangqi4217,account.149521a1094344959fb03562ed415320
2026-02-07T13:32:59Z,Ruthless_Steady,account.be069fe26c3e47f18daef6f143d8375c
2026-02-07T13:32:59Z,BOREUM_PIG_WOW,account.7b30d06b64ab4b7c9cca306797508b20
2026-02-07T13:32:59Z,7iiku_,account.98013e88945e4f1d9dda363036de7e21
2026-02-07T13:32:59Z,q-yxy,account.e6d29ea7723146c5947990fd68030935
2026-02-07T13:32:59Z,We1come2Subs,account.45730d2cadea46a1b24c1d8e2b96fc46
2026-02-07T13:32:59Z,imqdomg,account.201e8571e29048dca6650bb193059b1e
2026-02-07T13:32:59Z,dididi-duanduan,account.774226cce31a418a92ae386a9ae619d6
2026-02-07T13:32:59Z,zmakio08,account.d86bb3f99ad64e6382e097ff8272ae96
2026-02-07T13:32:59Z,98k-00781,account.71f40350f28b41a89aa7185b1208c649
2026-02-07T13:32:59Z,Himyr,account.f0e5026087a2420fab44cdbd6f67b479
2026-02-07T13:32:59Z,ccccccccluo,account.2a5c99124a07455e83f267c1f7cc25af
2026-02-07T13:32:59Z,China-NIBI666,account.a606d443245d4f98a66026954c09311a
2026-02-07T13:32:59Z,BoJungKi,account.95e21d68ae0a4e4fba2930db0393e76b
2026-02-07T13:32:59Z,MaLoou-1,account.60817ebc5b274b988df87b8d44997e3a
2026-02-07T13:32:59Z,laoshaoji,account.c707267cde6947f589a65e106dfdee65
2026-02-07T13:32:59Z,Wailaopodaren,account.b6b7c67498dd4feeb63c8da9705a3070
2026-02-07T13:32:59Z,1Aiaa,account.646617c97b904595bb8f8e56d7a65a99
2026-02-07T13:32:59Z,Eternitv-,account.9aeee9379a344c93a995d90815b742ea
2026-02-07T13:32:59Z,oo70v0,account.b80071961b584320a23e8562b1490c35
2026-02-07T13:32:59Z,91-xkz,account.216553ec64d3465bb013345a57a4e43c
2026-02-07T13:32:59Z,7emo_0,account.4774347ed0a74927919330de693492bf
2026-02-07T13:32:59Z,SofU01,account.1a36d5bff18a435bb89180cb508e5264
2026-02-07T13:32:59Z,Johy_R,account.de61d35445b043bc8bc0c00c1993e609
2026-02-07T13:32:59Z,OvO_1226,account.6a8b04052f66409a94167244895079ac
2026-02-07T13:32:59Z,oMiFFY,account.5404af450c0f42e9afad26b8a31e4b34
2026-02-07T13:32:59Z,1AmError,account.f52b23e08d2044469ca7f3ba7bb7d570
2026-02-07T13:32:59Z,Nah1021,account.9109f44f3d5f45feab3d9ce698734126
2026-02-07T13:32:59Z,6G-kai,account.2b1f779bb0c34f0aaa97908339fb0a41
2026-02-07T13:32:59Z,Moondr-ss,account.99a80683564e45379b45b222c7dc83e1
2026-02-07T13:32:59Z,k-lion-o,account.a3e207a205b3422bbac42ce09eba99bc
2026-02-07T13:32:59Z,AHshai,account.e67bd9213c02421480771c87f99b09f1
2026-02-07T13:32:59Z,DaX1aoJieJiaDao,account.5d14751de2914e8b9899bce7b4a416e0
2026-02-07T13:32:59Z,xbgf967,account.e0d9c328272448e2b9aa67c7faec310d
2026-02-07T13:32:59Z,Hannah_Zzo,account.ae8ae0ad53c548da82db9134bdafa513
2026-02-07T13:32:59Z,yuanaiwuyou---M,account.a670f1102de14529911932c7058ce1dd
2026-02-07T13:32:59Z,Willow-wwh,account.024bf99ee02d4fbe9e2cf73064ad2a2b
2026-02-07T13:32:59Z,Abandon-Tchen,account.9b80074629354c38939ea7e19d2ced00
2026-02-07T13:32:59Z,lzbaba012,account.632925c4d0fb4f3388a2f114abad8bb9
2026-02-07T13:32:59Z,iLiyi-,account.60c8343e9e9541688df993190d477b46
2026-02-07T13:32:59Z,HZ_XLong,account.71f76223609a470c8e17b75ec8aecdbb
2026-02-07T13:32:59Z,gklswez,account.35dc933a67b44c069c6bdc61e8d01dea
2026-02-07T13:32:59Z,syndromer0123,account.7a601ed9290f419baabfd3522d9e0332
2026-02-07T13:32:59Z,Duomitongxue,account.5aeec2a7c9124562a698d9cefa71a738
2026-02-07T13:32:59Z,MAJUNXI99999,account.9b76a9e6cf7a4b83a5b9e131b5306a96
2026-02-07T13:32:59Z,oTOGEPi,account.ecf2bc3b43b14c38be0bd05d8a46ee27
2026-02-07T13:32:59Z,tonyhuang168,account.6921a8c4dbe8492a96008d72c0a77160
2026-02-07T13:32:59Z,JiangAnbaby-_o,account.63f4c29033cd450098d9a85d9f5bbf8d
2026-02-07T13:32:59Z,wdnmd-1v4kai,account.0273a208063e422b9b013c826b4d8066
2026-02-07T13:32:59Z,HGM_andre,account.0769ce28b40c4954bdcd00cf1ba673be
2026-02-07T13:32:59Z,AcidYi,account.9a1f7e2f591a4b8ea6dc7ad9fd50aea6
2026-02-07T13:32:59Z,Strange_Vivi,account.362eae18998a45e8b2a7b9eb10bdf278
2026-02-07T13:32:59Z,Koooimi,account.46af05353ca8420e87de7de4243cd25e
2026-02-07T13:32:59Z,Hyvoc-loy,account.b93cb22fba8f46df91147dd120073fc0
2026-02-07T13:32:59Z,xiaogua_0,account.69ad05991492442f8b980a3344381f1a
2026-02-07T13:32:59Z,zhu11wo,account.adff534f13ff4c7680d965dfa798c45d
2026-02-07T13:32:59Z,9iiee,account.7b99ffe5ff6940ed949075c75f6b7c5a
2026-02-07T13:32:59Z,PatryTm,account.303b79c5a341463b98cafe01b0d75ce3
2026-02-07T13:32:59Z,qeqe666669,account.c6dd3a53320040fd89521a0d1c19a565
2026-02-07T13:32:59Z,404NtoFound,account.47e217d3e9eb4cd983b4650c6b37c743
2026-02-07T13:32:59Z,Eucken_01,account.1d63947a85d7480c80051c9d548d5da4
2026-02-07T13:32:59Z,LETS_G0UK,account.7f37ed1d7a9b45c2abfe4d3d887de094
2026-02-07T13:32:59Z,minana_,account.208023ee0d304a1f94a30c8416c206e5
2026-02-07T13:32:59Z,yang60321,account.e7cbd13579c74877a0ee51822aabc63f
2026-02-07T13:32:59Z,coustain-,account.88c6ba4366054854b58f6966ecbfd41d
2026-02-07T13:32:59Z,ix1ong_,account.5a8eb67ffb8d4d06b103c5a8f90155a7
2026-02-07T13:32:59Z,Vaion-song,account.fe95d1c1e2d94c64af9b997ed0db30e2
2026-02-07T13:32:59Z,srong-YOUR,account.8052516531da4932b6221b21cfac4a26
2026-02-07T13:32:59Z,Gerzndpa-Tiger,account.0da43a9a85a94dfa8efce28afac3dc68
2026-02-07T13:32:59Z,4everliliii,account.948a8ef044f04385985615ad5b5f6684
2026-02-07T13:32:59Z,77cv_-,account.014e7ef6c0194750919f5890e3a93e0b
2026-02-07T13:32:59Z,Stevejkh,account.98eabbc7061d41b4b26ccf83dbdb4997
2026-02-07T13:32:59Z,just_1x,account.ab67def1544a47cbb13a76e8abb365a1
2026-02-07T13:32:59Z,hiphop_NMH,account.3c5cc65add934c99be1af89555e52153
2026-02-07T13:32:59Z,Thb-J1n_J,account.516b50f3f4db488caad965e58940213b
2026-02-07T13:32:59Z,Nothingrea1,account.3fc00d6b0ec843feb788ca65c262e8bb
2026-02-07T13:32:59Z,LoeY-7788,account.c666f36e2aa14fd1b8190817a5d8c224
2026-02-07T13:32:59Z,sdhadhnao,account.d9fdeb7987064f6598ef57d0a131ff66
2026-02-07T13:32:59Z,LanDun54188,account.6f4f2b169b7841beb82e8b280bd0f75f
2026-02-07T13:32:59Z,TT-kc,account.5720a2ac279946149c0daf8b6e2f38c6
2026-02-07T13:32:59Z,KINGLINGZIHUA23,account.f1a5c93dfc6545b0a4110203524c16a0
2026-02-07T13:32:59Z,BigDXXK,account.99e237c22f724e38bdc4789e1b882907
2026-02-07T13:32:59Z,7iovo_xx,account.e9c239c51fea45c29cc0f1cfd8990103
2026-02-07T13:32:59Z,sange1974,account.2a4181128f294cb1b8b4a8bbfb87dbb9
2026-02-07T13:32:59Z,Bo-mini114,account.12d14dd03eab45499ed65afcbf3fd225
2026-02-07T13:32:59Z,SumeR-baby,account.e18153681fe2464c93d36f30e38c5ebe
2026-02-07T13:32:59Z,LXYDGLWRZ,account.1accfb1f2db84a9ebe38d41290b3fb33
2026-02-06T08:41:04Z,CXHNBA,account.8869af377aaf474eb2a2f01e1be6aac9
2026-02-06T08:41:04Z,Sc_Giagia,account.f97f4213095b4b38b56ba39782db7169
2026-02-06T08:41:04Z,V-Funk,account.ccad19f7d65b4d9b85e1ebb50beb16a8
2026-02-06T08:41:04Z,DXOPOBOSS,account.5c4a7e4d79c8409e8ce2fb961eae8968
2026-02-06T08:41:04Z,TS-DreamMeng,account.a97db94d8c8543408a7aea1bcb7e6360
2026-02-06T08:41:04Z,TGIRLTN,account.db147dab24464aed803e0791878b9724
2026-02-06T08:41:04Z,7ueo_,account.389e1007cb714ad887dc0c57066903e3
2026-02-06T08:41:04Z,TaoWei-_o,account.ee9b71da79ca4d4eb3f7148473630f1f
2026-02-06T08:41:04Z,SKY-xiaokeai,account.4847ac3982374dfaaecf56c1fd28ec81
2026-02-06T08:41:04Z,Teemo_tss,account.6d1a21d280e8475b99c2456e976ef8ef
2026-02-06T08:41:04Z,seo_0719,account.bbf474a25e4a4152a1912ebb0ecf0d65
2026-02-06T08:41:04Z,ZLXSNB,account.d03343b9b92445e48880850fc80e4b66
2026-02-06T08:41:04Z,aaa114w,account.bd08ecbfb5a541a0b75a7e2710f8486b
2026-02-06T08:41:04Z,forestfcm,account.a289b9c3b4db48be8d7205db77b78550
2026-02-06T08:41:04Z,Lubenwei_UUmei,account.c1e3ebfb354e457d9ad445ac96fdc370
2026-02-06T08:41:04Z,X--XiaoTao,account.39912d3b560c4bdc9673d80bbba7e309
2026-02-06T08:41:04Z,HUjianhua-,account.3e328d4f44c746b08c589778c691cb1b
2026-02-06T08:41:04Z,Dx_50,account.bfd3bf12265b44389c477692f8607ae2
2026-02-06T08:41:04Z,Ching---tv119,account.78abb01993c245588208df9f2b8d0afb
2026-02-06T08:41:04Z,18_NB211,account.1f70b8eb907447e0b2efaed3db94e481
2026-02-06T08:41:04Z,M416--MengNan,account.021d97a72cd944e7bc50efe2a214b301
2026-02-06T08:41:04Z,iLxinming_,account.9c1feee6bb854b1da387be3a2faed9d7
2026-02-06T08:41:04Z,Thick520,account.96e94742d83e47108bdb209d3eb7eb8b
2026-02-06T08:41:04Z,DaFeiYang888,account.1631919858b749dfbc5f05b1a366f65f
2026-02-06T08:41:04Z,Byee_STONE,account.fe168b70ac0b4451b804bc0ea55c5e34
2026-02-06T08:41:04Z,China---TDD,account.e4371c81d00c479d91562099a819bd4f
2026-02-06T08:41:04Z,MaDouTv-Wg,account.71be9646c0354612a45974c5f2b121c4
2026-02-06T08:41:04Z,89su_-,account.c65f953625cd45bda4513382f6e86cab
2026-02-06T08:41:04Z,Ash--Aholic,account.ec611abe59984ed6a5315b827f2f67a1
2026-02-06T08:41:04Z,kirihara-01,account.8741ec01e08d4731a3bb9db9ebdf03a8
2026-02-06T08:41:04Z,yohlove520,account.0f020eaf0a524341ba91261b68f1036f
2026-02-06T08:41:04Z,1000xx,account.9c842ca8caeb4e69bb6bb48239981d46
2026-02-06T08:41:04Z,SY--sea,account.a273ecef170142469140db3c708087e4
2026-02-06T08:41:04Z,A_Super_Liu,account.fd16ad69dab34e51a3d0ede8d08342d6
2026-02-06T08:41:04Z,AMRSSSER,account.77c63ba70e0441b88e2152a27d360a88
2026-02-06T08:41:04Z,mghvlk,account.ef8eda91e2cd40f49b949ef81df0861a
2026-02-06T08:41:04Z,PRC_A1211,account.28c71986e8d843a3874f81680eb41f7c
2026-02-06T08:41:04Z,Y-baobao-Y,account.539b6e252ff74d848ea46eb8d4c1e4e1
2026-02-06T08:41:04Z,rhrnakehsRkt,account.5bf59de8ad1541099999fa15a0b2c566
2026-02-06T08:41:04Z,ministyle,account.5bbf8c77f5c6499e9cde909764167f19
2026-02-06T08:41:04Z,Huang0900-_,account.41a18d4ec8d94be2854eff4be43c48fd
2026-02-06T08:41:04Z,AsiaHYS_,account.3aae11ef443843cc853047c43dfb43cb
2026-02-06T08:41:04Z,1Mia_,account.1aae38324ff940f09665b012f51a9e90
2026-02-06T08:41:04Z,Lxq_ZzzHL085,account.66353f03215b4ccdb03e2e0ce34af3b8
2026-02-06T08:41:04Z,Ice-Black7,account.3ad852cb6a884ac0a74c6bf3ee42582f
2026-02-06T08:41:04Z,Da0hua_longtime,account.9759a4377f42490f80e0800c354445f4
2026-02-06T08:41:04Z,2Vniub-,account.54aa24aaaedb49c8b4498d3dcfdacf30
2026-02-06T08:41:04Z,xiaoxuan_96,account.5b3fce54a30d4a42a2d9c605e3264045
2026-02-06T08:41:04Z,LuckyKing_Mn,account.cf59b53f407f4dbda942a3989561ef17
2026-02-06T08:41:04Z,GuoJia955,account.f66e33b76afe406e996deb125b00e9c2
2026-02-06T08:41:04Z,Sylvia-2026,account.7c13a7e391ac4f1d9c4adb22d90df628
2026-02-06T08:41:04Z,DNXJJJJJJJJJ,account.18f272b6fe32420f935dc0741f2a78b2
2026-02-06T08:41:04Z,yes2x,account.12009e949ccf48ba89d2f272dfcecd90
2026-02-06T08:41:04Z,hVLNbDDzUq9GxG,account.578bf457d1be4706a7ed3006acf79bfa
2026-02-06T08:41:04Z,X--xiaoFeng,account.ca4518612ea4453ea9ca4dbe24ce7376
2026-02-06T08:21:39Z,min_jae0313,account.12536debd75a44fcab00ca3f76fbeeba
2026-02-06T08:21:39Z,China---L4,account.ac0f5cc682fc4f5fa471a1e9b8e916a1
2026-02-06T08:21:39Z,mahaoxiangnb,account.a70c4537b8e14b009bee7cf9a2dd8342
2026-02-06T08:21:39Z,8yv3gfsfmn,account.1c3585dc9b11467e85207e69e01305ef
2026-02-06T08:21:39Z,yuwineyes,account.0ec5c9dba1c948c4b769d6c5934533ce
2026-02-06T08:21:39Z,Huangchuan_m762,account.bbf9776580054aa7ad82877a9527fb8a
2026-02-06T08:21:39Z,Pitiless_Gun,account.bb175153807e4ef1ab9fb6a8c55a88d3
2026-02-06T08:21:39Z,cd_25926,account.784cf899be374942b56c495dde68803a
2026-02-06T08:21:39Z,Xxiao-Sheep,account.c6cac22d53884825821dcb4f4585e916
2026-02-06T08:21:39Z,SANBIN-LuBenwei,account.b2b3b6e0145c421d8a7ee5e4bdd4206b
2026-02-06T08:21:39Z,CXjiuhenshuai,account.d31c50e187f3416d908523ce7212b482
2026-02-06T08:21:39Z,U3_strjarulz,account.adf95f5e5797423d8b99670ee25151f7
2026-02-06T08:21:39Z,Win_Dme1,account.38128363e6384fa1acc23cdcb4b5b29a
2026-02-06T08:21:39Z,KGBFZLG,account.2e70f6e0386c4380b913270b25acd524
2026-02-06T08:21:39Z,Clear-the-past,account.29cad79c7aa346c0ae79ecca273c02c7
2026-02-06T08:21:39Z,laoxiang98k6666,account.157a05361bd0475aa4c7ff407a8700d3
2026-02-06T08:21:39Z,Nevin_159,account.66fd0d7fe4d245059f51e245befd0398
2026-02-06T08:21:39Z,Win_AJ1e,account.9545aa1dd6c149d9a61c4b8816544857
2026-02-06T08:21:39Z,SiYu-_-AiChiTang,account.cd788c2b47324c948e26892e404e1f3e
2026-02-06T08:21:39Z,XDLM__TYRANT,account.d2a67e9e8a9b4f728b8aed91e9a372d5
2026-02-06T08:21:39Z,HellTopsales,account.fb41c1aec3a04de090a0c050143f3c36
2026-02-06T08:21:39Z,JDcainiao,account.206c9d8272fb4d83b2b7cb13589143a0
2026-02-06T08:21:39Z,algd4455,account.d96907df026e4543af5b5475c0d4c598
2026-02-06T08:21:39Z,M-MMMMMMMMMMMMy,account.44cc8b90b64944a0923a6c7adc2c6d20
2026-02-06T08:21:39Z,throughout-Lo,account.735887a08dad4953868958554e5bfadd
2026-02-06T08:21:39Z,ikun-qds,account.31d7e291eece4be08fae8ad8790a5d13
2026-02-06T08:21:39Z,YC-junge-,account.90543642bee84662ba4561fb4fd88981
2026-02-06T08:21:39Z,wo-de-JB-24-cm,account.fd9e554b6e5c4e968a1cc20ecbf5bdf7
2026-02-06T08:21:39Z,JS_079-,account.04514dccf74448e792aaa72a44e19af4
2026-02-06T08:21:39Z,shenLOVExin,account.bb2f138d07b74ac8a902b4b8563ef353
2026-02-06T08:21:39Z,Hddbb_-,account.d6f2781c64c649d6b9317adef4acd7f3
2026-02-06T08:21:39Z,3256_,account.47c2940e8ad649e28bf6b8369ea18f1b
2026-02-06T08:21:39Z,1susu_-,account.aae98b4eb56b457bb4496263bba864f5
2026-02-06T08:21:39Z,GuaBiMeiDeMaMa,account.e1cbd805be3f40caadf2c7c2d88480fd
2026-02-06T08:21:39Z,JS-YeGe,account.011d219213bb45fa946236eb7185f215
2026-02-06T08:21:39Z,Rist1993,account.4d8f6b0b8bfe4d0fb81b38a4bde1f319
2026-02-06T08:21:39Z,China---Hang326-,account.ff8ae2ec26094d44bdafe79d81b2a4f2
2026-02-06T08:21:39Z,DMGYT123,account.21110724e4b1442db6f210c1d9e2ad1e
2026-02-06T08:21:39Z,MMDNR,account.b064e0ca1fd64cd28139c61094959e18
2026-02-06T08:21:39Z,RD_X1aofe1,account.a48ea491b6054ff98ba0d7bc82baa7c5
2026-02-06T08:21:39Z,Bohemian_MH,account.2e2fde3a91b8401dbb5fc2547636884c
2026-02-06T08:21:39Z,RUSH-xiaoLE,account.0a28aef7533b4b53ab8c9bb89b1acd91
2026-02-06T08:21:39Z,Yumeria_ningke,account.71f357cde11a4de286edec5ee7f80094
2026-02-06T08:21:39Z,Zwwmm_-,account.6f28730aca1e44cfbd4ca9027bf9e37c
2026-02-06T08:21:39Z,Kieqiao,account.0c16a1092a364dd1bcb6afb69a390321
2026-02-06T08:21:39Z,BaiDuRenMuTou,account.6abf0f861f9b4fb2aee72c382c6dfc22
2026-02-06T08:21:39Z,f2_4am986932,account.6edda766308d4d29badac76c0f47625c
2026-02-06T08:21:39Z,Fz1n_-,account.b379a41084204fc5a3634dce0df49e34
2026-02-06T08:21:39Z,Blaxc_-Ap4lxe,account.4c0659566f274ce6a727cf02bbc1405b
2026-02-06T08:21:39Z,Norimak_Arale,account.33327b7dc2b742cbbaebe1d05fbbb4c5
2026-02-06T08:21:39Z,Rabbit_molly,account.09ae733850694a48a4741008f0a99507
2026-02-06T08:21:39Z,weiikyu,account.311371205c1f416a8f47dc310ddb1311
2026-02-06T08:21:39Z,GIMICHI_,account.97aafde0debb44e0a004bc8e1606b8e2
2026-02-06T08:08:44Z,LiangRX-UP,account.2e9f91c04e5844bcb08318996bdcb2e6
2026-02-06T08:08:44Z,PJ-SHI,account.f73ce2959d50463a8c88e9ec2d0638e0
2026-02-06T08:08:44Z,MMMDLLLUU,account.4fd957fb9a59450f999b163fa073fd9c
2026-02-06T08:08:44Z,cuiyin,account.15ef92bc86794dd4a5cae6d8830d17b5
2026-02-06T08:08:44Z,h_w0625,account.d5735ad7f27b4bf2af25046976762cea
2026-02-06T08:08:44Z,Longgege666520,account.dc0926b7676045d69c0ccc8c73824428
2026-02-06T08:08:44Z,AdaRKennan,account.16d5c0ad5a6043e08309f41a7374fd9a
2026-02-06T08:08:44Z,badshot-_-,account.8c6911ccfcfe42efbfaccd176de25778
2026-02-06T08:08:44Z,DBG_Numina,account.3127115b2cb64db6977f621270887d39
2026-02-06T08:08:44Z,7777777P_,account.82716e30174941598db528c2c65768e9
2026-02-06T08:08:44Z,PJ-Jinhui,account.0b59c47fd01a4d84b23cd10ad2c07946
2026-02-06T08:08:44Z,Red_TaylorSwift_,account.84d748da7cee46bc85a09bd3ce76b352
2026-02-06T08:08:44Z,poopshot-_-,account.b8afe662efb3460084a8770fd5fa19e4
2026-02-06T08:08:44Z,TvTort7,account.2434b3df42bb41bf95a6bfce9718bbd0
2026-02-06T08:08:44Z,poyeoni-3-,account.9cfa535e18634858852e657c6a749064
2026-02-06T08:08:44Z,AKG_toys,account.0d388f617cd64ca18eb54674d8828588
2026-02-06T08:08:44Z,Red_TaylorSwift-,account.1493dae428a44d12bfe2881fd2b3aa65
2026-02-06T08:08:44Z,park_taesu_6,account.b05c103b5102417b9cdbec08d1bf56c5
2026-02-06T08:08:44Z,o6l2-,account.e310a5d4d9e349bbbe686e3d86fc4c4f
2026-02-06T08:08:44Z,LYanBaBy_-,account.19d212f6d82845ecb2b875fd2af9c35a
2026-02-06T08:08:44Z,103Zm,account.536187903a954a4792854202e522eb6d
2026-02-06T08:08:44Z,sthpes_001,account.a32cd4945a4742298053d7230146042c
2026-02-06T08:08:44Z,you_are_pi,account.94735d6dfba546fbb17f5ad2e632363e
2026-02-06T08:08:44Z,Roar_QiangSheng,account.2fe67fcacb6b483189e5f1a321ab258c
2026-02-06T08:08:44Z,Qiu-Gan-Wob-_-,account.0f2da2597302404c97f81a9570243c3d
2026-02-06T08:08:44Z,CallSunTony,account.ef8a55fdbbc14355bf1d02d67212e793
2026-02-06T08:08:44Z,juiro2,account.92d607e953874472b83b85ceaeee5391
2026-02-06T08:08:44Z,N1Zai9oJia0SM_,account.a326717545314f47b163890b24161c53
2026-02-06T08:08:44Z,ZHANG951357,account.c89b7af440d14f28beb340228c47aabc
2026-02-06T08:08:44Z,V_VS1mple,account.a9e9af56b66a47d39041389de5c6e3e2
2026-02-06T08:08:44Z,AH_Aixleft,account.50a3b486a9b24d1b8600d7caee49f506
2026-02-06T08:08:44Z,PJ-tui,account.4704844e09f14eaabb1339293bca09b0
2026-02-06T08:08:44Z,Zz_YaTnT,account.dc3d119d8b00463886b4564a33dc3508
2026-02-06T08:08:44Z,youdianxiao6,account.a7b4facbda644303aac4b1be0e33e0c1
2026-02-06T08:08:44Z,17000,account.54fcb94ef9cb4d8fbdc469239020135e
2026-02-06T08:08:44Z,KB-ChuanZhang,account.8a94dbe9d49847888bfa12269a392abe
2026-02-06T08:08:44Z,AI-HeiQiu,account.b95bfb6162484a2780afcb419963b5d0
2026-02-06T08:08:44Z,AVG_Y,account.5081a5c4333b48e9aed49d5056a743b1
2026-02-06T08:08:44Z,HuNanYouNiDaJiu,account.7fea75a8f2814a89a6c8c2bfb7fe843b
2026-02-06T08:08:44Z,koonta89,account.a7527ad3c0e34f91822ca56bd0fdd74c
2026-02-06T08:08:44Z,0vwwv_,account.7262572a08c1441582b76495f8c98b16
2026-02-06T08:08:44Z,Bellissa42,account.3d563a8dcd3047649af125b8fd123dc0
2026-02-06T08:08:44Z,Chai_Xxiu,account.5e07a39e1f9d4af4b7c38c0fbcce112a
2026-02-06T08:08:44Z,AFTV_SKLOD,account.4695dccafdfb43c8866a81aaa8fc43bc
2026-02-06T08:08:44Z,MOY-MY,account.fe566b3099864c14a7fca17979cb1664
2026-02-06T08:08:44Z,2021-04-29_,account.13e8ddedf9074e27b954bcc85b16b769
2026-02-06T08:08:44Z,XXXXleHSN,account.d793e5c67a7b44cd9c8c39bbe81b158d
2026-02-06T07:36:14Z,RushAB640,account.1173fd4694bc4088864dbeccfb2637b1
2026-02-06T07:36:14Z,MWMWMMWMWMWMWMWM,account.2f2c4d2ac0904537a7def214cb72f147
2026-02-06T07:36:14Z,Passerby-_-T,account.10f25e45a44c4ece863d92f521490494
2026-02-06T07:36:14Z,nzjy309880,account.3ea01eba36c0408c9b7c32e33c82876b
2026-02-06T07:36:14Z,Wsnend1e,account.af4cef0632ac4222beb9db72a75818d5
2026-02-06T07:36:14Z,Yolo-7087,account.993d96af09a24b50ac395f26276e6344
2026-02-06T07:36:14Z,Yolo-7088,account.5f5426f027044a6f90b618a282c1a734
2026-02-06T07:36:14Z,Whxn1y_,account.42d51ffe41884c0cbec26506fe9029d6
2026-02-06T07:36:14Z,DaiDaiDai9527A,account.277e6863236a404e93be947094e9551e
2026-02-06T07:36:14Z,shaoqiong,account.3f24915c966f46f3898805cee4ed1f49
2026-02-06T07:36:14Z,TP12356,account.e6f6fa54b9f140a39691d53cfa97bc42
2026-02-06T07:36:14Z,55K-Naimi,account.e59ce535637446af9aee0160a58b6d39
2026-02-06T07:36:14Z,Jay_cygg,account.6d816a9243484c7fbf3512bd7eb0278e
2026-02-06T07:36:14Z,SKJ125,account.d1c37658c51246f69dc2136ad7cd319a
2026-02-06T07:36:14Z,MoA_KimLife,account.cf6a2addbd404d238d8992ee9b6b0985
2026-02-06T07:36:14Z,AOA94,account.8a24bc569cd545008b22687ad66ec231
2026-02-06T07:36:14Z,MoA_AK,account.bac0fbb4a30041648c8537a52c857362
2026-02-06T07:36:14Z,uncle_DanGe-_-,account.9e49cf69f97c41ff8305e232ec3adffd
2026-02-06T07:36:14Z,55K-Prada,account.3d9728f29f514737a8eddf4e534deab0
2026-02-06T07:36:14Z,K0oi_,account.01da2331cda84fb6970c4fb69bd4c6c1
2026-02-06T07:36:14Z,yaoyao-yl,account.08a2931d4629428d9c4f77ab61638814
2026-02-06T07:36:14Z,oioioiO_O,account.e8cc9da8982a4a078d72747bbe731aeb
2026-02-06T07:36:14Z,L1L1ya,account.20b4d0680f0f46bd8e73b18d74d2dd1a
2026-02-06T07:36:14Z,JoJo_01-,account.019f4013fbdb4d0baf9c35712dc336a1
2026-02-06T07:36:14Z,LOTSOCaoMeiX,account.b58b3017d883477f80747c642e972acc
2026-02-06T07:36:14Z,BABA_CHIJI666,account.9fb834a0bd6142e994208b3046235bc5
2026-02-06T07:36:14Z,Wanghei_,account.61a79fd3d3ad48cb9bdcac06a42ae67b
2026-02-06T07:36:14Z,asdfsang,account.98a33c3a41894ea1912a4d1bb8b6b537
2026-02-06T07:36:14Z,0307buggbgmm,account.966411fca0374d2ca771b6dda00ab6e8
2026-02-06T07:36:14Z,1m80-_-,account.0b0163222c8440c39a681722cf89b459
2026-02-06T07:36:14Z,ZhouZhou_xy,account.6a9ecad29d1547f4bdfdb281405e012c
2026-02-06T07:36:14Z,XiaoYangMie_812,account.89e981d928f84586bfca81d9c0f8acb6
2026-02-06T07:36:14Z,tang19821,account.b0ac7b0b68e949c2bb60088208cd6edb
2026-02-06T07:36:14Z,PanzerFaust-__-,account.6dbf808f352c4e17a7d77a853fd25d19
2026-02-06T07:36:14Z,Gameplay_JoKer,account.63feae9f25ab456294a34ff822169944
2026-02-06T07:36:14Z,Respiration_5,account.6118293e65a0447eb8f7924448c6b5dc
2026-02-06T07:36:14Z,GX_8_16,account.8b96ab92965c43298d44be2ae4bc6a94
2026-02-06T07:36:14Z,55K-Ayou,account.fd72572c44c7451e818d8f9ccd6cb21c
2026-02-06T07:36:14Z,jyjy722,account.952a62447aa34198aea46787743d4336
2026-02-06T07:36:14Z,IM_3-GE,account.7df6e285870f4e2598f98e91451b42cf
2026-02-06T07:36:14Z,7TxU_,account.341b99aa6c9849178e57b5f99afef79a
2026-02-06T07:36:14Z,HuYa841795,account.43542d1ae4a34c6d965d5deb9b5c3ddf
2026-02-06T07:36:14Z,y9ak9290709,account.3ce44c7f58cb404a80c913855f73654d
2026-02-06T07:36:14Z,HAHAHAWXF,account.259ef54b03124f4a9faffe07f6606db5
2026-02-06T07:36:14Z,FierceMan_XUXian,account.9ac794cbf7ec41d49f6d20fdd78b7746
2026-02-06T07:36:14Z,Cityoffreedom,account.d6a03fb769bc4b11b04a8150b2b83c7e
2026-02-06T07:36:14Z,niubi123qym,account.ae413edc8c064ef7882f7eee2192d265
2026-02-06T07:36:14Z,ovo_361,account.6ba117dec5054dcaa265cbcfef0ae74a
2026-02-06T07:36:14Z,Duf5-_,account.1b6d2f0b188a44d7a295fd1e9998c549
2026-02-06T07:36:14Z,Huzzah-colt,account.4073047b1d1e4830a5ed6c28a09ed448
2026-02-06T07:31:39Z,youyouzhiquan,account.69687f7dd589430b8b0638dee0ca34f3
2026-02-06T07:31:39Z,Bi-8--bo,account.97c395b7d5cf4087a6fde00ffc871e12
2026-02-06T07:31:39Z,YX_XiYang,account.02893689740c45b3866b29d802a9fe15
2026-02-06T07:31:39Z,Thien_xNoBix,account.04d8c19a2c1a46cda905008e9f18a563
2026-02-06T07:31:39Z,MF_xxxL,account.9e32e2eca4154f6aaf6aefaccac7a31b
2026-02-06T07:31:39Z,WenLaoYe8,account.8efe2c05aac7490895acae1b80a3d55d
2026-02-06T07:31:39Z,YuYuYu_YoYo,account.816f3710e1de4ed09d9f2ff197d104ee
2026-02-06T07:31:39Z,h-159753,account.328f91959a014de08e627cffcfa7824d
2026-02-06T07:31:39Z,Rong-Y-Y,account.414675c377dd4e629e5495a8abc8e943
2026-02-06T07:31:39Z,MaLaGu_o,account.8eb3f23497f641ab8933f2e79b7424d0
2026-02-06T07:31:39Z,Leave_ma99,account.254b6923287f48da88c2f2bea912ab55
2026-02-06T07:31:39Z,0581xx-_,account.d4ceee867f16422ba800e9ef537fc69b
2026-02-06T07:31:39Z,TopS-G_TheMZz_-,account.ad8b5754ac244a629eeca3fe313b09c5
2026-02-06T07:31:39Z,SvenMing_,account.51ef1aef6607427288275e6baad7018a
2026-02-06T07:31:39Z,NANJINGTTES,account.09da65b8913c454d97ffde45f2c177a1
2026-02-06T07:31:39Z,znb_class,account.3709f60c3b354c09ae13be41409dbc60
2026-02-06T07:31:39Z,Doi_SamaMist_kk,account.60b98699745647019de7fba5ee2061f4
2026-02-06T07:31:39Z,ThichTh4mDu,account.cf06d2e01ce3499abc4562f48348c665
2026-02-06T07:31:39Z,XLYZ-Jack,account.f4004953e83048779a8b4bcfd3892dd6
2026-02-06T07:31:39Z,ESMSSj,account.afa14310b522446d8ba76d521d6cf1c6
2026-02-06T07:31:39Z,Qi_Qi_Meo,account.2bc6f4aaa10245b2b3c9b79d4b999ba7
2026-02-06T07:31:39Z,kenaxi,account.ea3b4407dcef4a2ead3c8d5ceef5b221
2026-02-06T07:31:39Z,lc2q,account.d3dd5d6ee9f549e381df6409d68afd56
2026-02-06T07:31:39Z,Ssmg_OMFB,account.335139fb20e44da39f479374fc1feea9
2026-02-06T07:31:39Z,yjicky,account.e13c6d1a882b467887bdef2d05306489
2026-02-06T07:31:39Z,PanDa-529-,account.17478f5363124c40ad505f68585b2ee9
2026-02-06T07:31:39Z,H1z1_vx30,account.246645f9bcdd4ef899648ea9a38abe72
2026-02-06T07:31:39Z,Kiezua,account.4a27e624ba744b55a01c5c16508bbbde
2026-02-06T07:31:39Z,Wonderful-DDD,account.a47e3a7181a34703baf9e5d02667efbd
2026-02-06T07:31:39Z,ORclub_LiuNiAn,account.a4c150da17c744bea37c14e0f092dd4c
2026-02-06T07:31:39Z,ciqing221,account.64bc58c8813a4ab6a340c5e48c163db8
2026-02-06T07:31:39Z,DY-maiG,account.acd2024459d140e7b77ea767b3dc46bd
2026-02-06T07:31:39Z,MaoJuDDDD_,account.1f114bafcd2948b0961b59ad8124e4e0
2026-02-06T07:31:39Z,GBBS-Feng,account.c2b53d241c254c668a9dbf29483692ab
2026-02-06T07:31:39Z,ZSY521--,account.08f475266eb24b15a1f0670ffa384e96
2026-02-06T07:31:39Z,ii-0731,account.78f9e4043e63402b9b53e70cb554a512
2026-02-06T07:31:39Z,HiTungLamNe,account.0b451a80622a43f599824bc9554d77f9
2026-02-06T07:31:39Z,Doi_Godlike_Zy,account.00011525510549c784e277ae37abb7e0
2026-02-06T07:31:39Z,0521xx-_,account.061e7d21e56241f1a6c8cc9232831937
2026-02-06T07:31:39Z,Nai-Ping-77-99,account.d385c331ed2f4645aff851b318e83922
2026-02-06T07:31:39Z,H1z1_DouYinKe1e,account.7d6bed2003fd4f63a2d6d3d0b83563d4
2026-02-06T07:31:39Z,Dy_Langz,account.95d25c77c4d94d80b6c5b9b9a6d121b0
2026-02-06T07:31:39Z,x-o-s_can,account.ded3297480174594b7d213ab3e49f6d4
2026-02-06T07:31:39Z,Haruka-3-,account.bee137d9838f479393646be826e5b244
2026-02-06T07:31:39Z,Bi8bo_-Xxxxxz,account.7844b5816bca4edbb4e796b73c1fbf26
2026-02-06T07:31:39Z,Thienl3aorxxx-,account.dbb06069b15542fea5829805ca9d7813
2026-02-06T07:31:39Z,QAQ_078,account.a704b2a75a0142c987712b97e51dd702
2026-02-06T07:31:39Z,R_maple-,account.074971aad53e4a3fb1fd0c7436931967
2026-02-06T07:31:39Z,OnlyHan1,account.eb0bc886da864a069f36589b288c0e26
2026-02-06T07:31:39Z,jeire12345,account.375d922bf6ca494c82113f16c038eced
2026-02-06T07:31:39Z,mm--1990,account.1b48e2f6ac464059b3badec97fc0dd60
2026-02-06T07:31:39Z,TumiBe,account.adff1d8e5cb44536b9a394f0d399e747
2026-02-06T07:31:39Z,BaiEvan,account.d148c2926a4e41d89fef7df5a2c1fcb3
2026-02-06T07:31:39Z,Afairy-NanNan,account.f3573e97b8a84d7d9ee0dd89ccbc4852
2026-02-06T07:31:39Z,Lu-Lu_Na,account.5c02ceec616941959180842bcf221d6b
2026-02-06T07:05:52Z,ay-lijia,account.382f3c6071b24f82b1b0a1fbe1bbf971
2026-02-06T07:05:52Z,NoobSting,account.6398d74c790942958bd4f3fa7c727fe0
2026-02-06T07:05:52Z,PvL_LeOhahahihi,account.813e50bfb80e4113a8a27ae071f3cd93
2026-02-06T07:05:52Z,PhongHN_CB650R,account.399c90c29ade4192a92233fc3ad48f66
2026-02-06T07:05:52Z,BMKT_Opla,account.f72d78f4315c4e6e9e2fbe9c472b567b
2026-02-06T07:05:52Z,kajinaoto,account.130afc051af54e5b8e6a4e7f2b3edd4d
2026-02-06T07:05:52Z,chen_mo34,account.27028ec5689a4572a54457f79533afce
2026-02-06T07:05:52Z,s1mm_o,account.1e596ac05afe431ab92d9c6c24ffdfd8
2026-02-06T07:05:52Z,GRTD_supersixxx,account.7b0adfe6494744798b685af20790c9a4
2026-02-06T07:05:52Z,chu-quan48,account.b4727550e86c4084a62eb83acd6d6528
2026-02-06T07:05:52Z,love__ccc,account.03af91721f9e4618b3718b31d40b56bf
2026-02-06T07:05:52Z,OhYesPleaseDaddy,account.6ccca7fa6ffd41ffa4a7c91c57d82722
2026-02-06T07:05:52Z,xB3NZHKx,account.e6ee6cd5c6cd4c1a9af724dffe52a542
2026-02-06T07:05:52Z,JSFa-0228,account.36f66dd879ed4b6c8c82cfc2ac4c2433
2026-02-06T07:05:52Z,BaByNate_Su,account.2cc5653f4cc74efda8764ae68889bf60
2026-02-06T07:05:52Z,lojisiti,account.fe5bbdadd473454c9251c712c1deaba4
2026-02-06T07:05:52Z,Hi-im-ITABOO,account.0797b602aae24b6faf4330465bfb7cb0
2026-02-06T07:05:52Z,Llorente14,account.4757956cd145455ca08849a22dddaf05
2026-02-06T07:05:52Z,WYZWYH,account.e181381f1db04730a168b010cea55317
2026-02-06T07:05:52Z,Venom-JN09,account.2d9c30a6ded1420a93ded27cb68b4651
2026-02-06T07:05:52Z,UnparalleledMan1,account.6d5227e01dcb4854a632a8dba568ec7d
2026-02-06T07:05:52Z,XDKSSS,account.379468f02f874ac6bcc92b812845ea27
2026-02-06T07:05:52Z,PNT17TB-ENDGAME,account.eaf25e820afc4d8799b77402b3374a2e
2026-02-06T07:05:52Z,MidNightSuN-_-,account.3f69ca25f6214322adf917c728e12bff
2026-02-06T07:05:52Z,TunnSiuuNhannnn,account.c33ede91f1fb446d84b776fc2dadee86
2026-02-06T07:05:52Z,quytrangtien83,account.3c7b9642366340faaf8c993cfaeb0cd9
2026-02-06T07:05:52Z,hoathanhque-,account.8f2828cbfdcd47648c4f6ce3532b4ec9
2026-02-06T07:05:52Z,CqWz-FanGege,account.5f9dd234cda5410b8fccde4dda5e58d1
2026-02-06T07:05:52Z,THN_HungVoDich,account.0e6160383d0841e39fc435b24c8ac6bb
2026-02-06T07:05:52Z,PvT--BoYkA,account.d8b653fce41d42688a5ccff1bd9b69aa
2026-02-06T07:05:52Z,Divine_Haha,account.e91e1f1f1dc24ef9857968baa0f7d3a8
2026-02-06T07:05:52Z,Adonids948,account.75dcb10641c1478a8a4276ee0d32b4ee
2026-02-06T07:05:52Z,ChuQuanNetZoo,account.127516fb9c68475eb2e5eeae505c8eb0
2026-02-06T07:05:52Z,ZM0726,account.78ffbb0fc6b8470cbf12bad304a3313e
2026-02-06T07:05:52Z,HR0816,account.01721052cdd048e5b3cae9b39ece1c81
2026-02-06T07:05:52Z,WXTYGYXY,account.bcc5e0fda1e84708915dc9842c12d101
2026-02-06T07:05:52Z,pro_shippers,account.dfd345a4c1d3462b833c333ab2a2a1ca
2026-02-06T07:05:52Z,wj_niuniu,account.ee2848f8a45e41bbaeb0893345aad1c0
2026-02-06T07:05:52Z,GNGKGDFGD,account.d3a90033ff834d299c84736e95f98e21
2026-02-06T07:05:52Z,BanNokBoy,account.01727b2a6be74c469b03b17485f723d6
2026-02-06T07:05:52Z,Koi-5XY,account.39d2265cbc07473aa1594972726a28b8
2026-02-06T07:05:52Z,Tara-Fengkuang,account.47b81fc9c70a4a88a34d6db5f6b953f1
2026-02-06T07:05:52Z,zy-zl520,account.24ba3088367d4ca6af90d564797e6ead
2026-02-06T07:05:52Z,NiChengBaBa_,account.7a7078eda3334f639db5f31512907215
2026-02-06T07:05:52Z,ihciuhsiakAlnwT,account.cac705cf5c724aaa9cf94844dae0123c
2026-02-06T07:05:52Z,lolandboy,account.9d4cf5e9b20f404c9552dda0d637c04b
2026-02-06T07:05:52Z,Em0ti0nKiller,account.20dc384a8971470795a6c8c44d73698b
2026-02-06T07:05:52Z,EV4X99999,account.28e21b2943384b6eab1f6597826cc2e0
2026-02-06T07:05:52Z,WG-SQJ-,account.e368619a8b7c46ddb6fa1de0bcdfabda
2026-02-06T07:05:52Z,BoMayLaDuc2066,account.fcded34c827a47949be8fae2aa901a11
2026-02-06T07:05:52Z,BamenW,account.3fde742af1814808aa598db483131ba7
2026-02-06T07:05:52Z,Svx9wLEvv,account.30c92486384e4a46be04d6423065a9d6
2026-02-06T07:05:52Z,AWM_duoshuai,account.5b02ade47a934a01862b6910076a58a9
2026-02-06T07:05:52Z,ZHXSKZQJ,account.8bfe09e82a9a4006b6e8e99363eab5c4
2026-02-06T07:05:52Z,18G1CuongLe,account.bfab87433e7046a8bf85a7fe5740be65
2026-02-06T07:05:52Z,Siro-Chuoi,account.3ea0871943b443e1af187db0ea7c4c31
2026-02-06T06:36:29Z,Thorn-zzZ,account.83e900cc532141b98e0288d117662050
2026-02-06T06:36:29Z,Yz_87s-,account.3b9323d9414d460ca4337482f81baaf7
2026-02-06T06:36:29Z,Chawaelong-_-,account.b534d1575719437ea7da23fac3d61534
2026-02-06T06:36:29Z,jiaowoliziwei,account.f7d301ce52394a5c9dc5cfc3eee20751
2026-02-06T06:36:29Z,VIE_Lee_BN,account.7bd72a4f88804f3d8ed6df99ae5810d2
2026-02-06T06:36:29Z,GoDp888,account.bccb93a0e70145b0808ba05ab63f1102
2026-02-06T06:36:29Z,deservehy,account.0ed133d6d36e4f238ed4df5ff2a964ee
2026-02-06T06:36:29Z,ChenYEW,account.66fdb0809f5446c2959d737e641a6dfa
2026-02-06T06:36:29Z,goulandongchisi,account.2384ac8edfec4da9bad944f9f02f0fc2
2026-02-06T06:36:29Z,AnhLongDenChoi,account.5cc9e348e5934495a35fa14feac106bd
2026-02-06T06:36:29Z,Panda_97Baozi,account.eb44fb08d94046158a1d1526fb832551
2026-02-06T06:36:29Z,DzyNoob,account.6c1ab85ad6ec4e13823cb7129defd49c
2026-02-06T06:36:29Z,I314-_,account.6cf71661d79645fb8fa23f6a4f6752f5
2026-02-06T06:36:29Z,VietDucKa,account.a0687848de6c45ddb8afed3773db58c9
2026-02-06T06:36:29Z,RenYeShiGods,account.97375f2f165d4450be18d72e8921d753
2026-02-06T06:36:29Z,V-50-Mo-Wo-D-JJ,account.06e3581bdbf441299ffca6a418a37626
2026-02-06T06:36:29Z,ALL-NTK,account.532cf577991e4c1195c04547a43d690d
2026-02-06T06:36:29Z,bang_mot_nang,account.dec772aba59547bcb506bbb4de8c0d9c
2026-02-06T06:36:29Z,Vn_HaPhucAnh,account.3883ba8652584501b6df92e5c64e05b9
2026-02-06T06:36:29Z,CALLMEKING1997,account.739ff280b0c242be8c1a35a34b75ffe5
2026-02-06T06:36:29Z,Kalamay-Z,account.2a994d660b654293b1f46cfdb87fc037
2026-02-06T06:36:29Z,STeeLzzzzzz,account.e4a0bbf28e6f419999fe9d57f10ef652
2026-02-06T06:36:29Z,luuchibao84,account.b2ac7e306be04eed859d1f4be928449a
2026-02-06T06:36:29Z,W0nd3rful_7,account.698a115c51774764a8658fcbf7389526
2026-02-06T06:36:29Z,KARENAIDKK,account.7114f216c435400ba021992e82c985a3
2026-02-06T06:36:29Z,1ya0_o,account.52778d5dfcd0464d88fd0227930a7408
2026-02-06T06:36:29Z,douyin_kb,account.be39f5268f07448b9956abf2325f7a3b
2026-02-06T06:36:29Z,X_thuangaming,account.5e4f9d30918f4fa5889c1e14fd1dae57
2026-02-06T06:36:29Z,IsOat77,account.abd3588cfab94053a93561231fe41a1f
2026-02-06T06:36:29Z,xZarbon,account.7f09b72e0c4f4c3caa475f7384ac462d
2026-02-06T06:36:29Z,VN_A-Long_,account.7f3b9980501744fab54cfcc1b6e1fbc5
2026-02-06T06:36:29Z,top1lode,account.27d5aa14e9074ff2b18c4a98da64d3fc
2026-02-06T06:36:29Z,Zhangwlhyl-668,account.12ead180a0b44dfdbe028202ef73c0d7
2026-02-06T06:36:29Z,chenggdnf,account.da32c456b74d4c8099238f5625e11249
2026-02-06T06:36:29Z,LivehouseVV,account.6e159c9b9a76420bbcfb4fbae74479b9
2026-02-06T06:36:29Z,Max_messenger-o-,account.8ff6e8e5d3324ab7a8eb846567c90f33
2026-02-06T06:36:29Z,eTikk_Dotcom,account.e55056b2846545149dcd878a7828001d
2026-02-06T06:36:29Z,Thuantroll,account.acc244a92dc9415aa069848a13961770
2026-02-06T06:36:29Z,V50-kanxiaoniuzi,account.d0e33cc3159e42c1be9c0bad8cbfa833
2026-02-06T06:36:29Z,XSSXccmH,account.6c77e05302d24d05b09754fd00f27914
2026-02-06T06:36:29Z,Blair0610,account.62393881e02a46d29bbe96ab9d8cbfca
2026-02-06T06:36:29Z,SV_DuyTan1,account.187e9088404a4021b2735c8044e8a765
2026-02-06T06:36:29Z,z9xiad,account.8d50575125804101836a5a5c40e2c212
2026-02-06T06:36:29Z,Jeremy_y_y_y_y_y,account.9ee5ef8a771448c5a8b82574872d1191
2026-02-06T06:36:29Z,AnhDinhToiChoi,account.8f6af1df93ea4c9681df91ce8a414f0b
2026-02-06T06:36:29Z,Edga_,account.0c4a888bb6b04e4a89fce1e454c15323
2026-02-06T06:36:29Z,r0vse,account.ee8d653e9a114b0d999526f4fc7aa8b7
2026-02-06T06:36:29Z,Bilibili__ui,account.a1d72cc2414446dfb0982c9633f2ef72
2026-02-06T06:36:29Z,TQK_PhanDuc,account.a6c95f0a2483413b8734f7a4ea7d6da6
2026-02-06T06:36:29Z,locom-otive,account.82b47f3a66604336b4a4744ae2f3965a
2026-02-06T06:31:27Z,VULTURE231,account.559b0cb86c89467c8895fe7eb58bbf06
2026-02-06T06:31:27Z,AKA__ZJ,account.6ed80ea9c155488a8f047762ae612ab1
2026-02-06T06:31:27Z,Peelow007,account.f332ff7eeb40458bb618b337076e91e1
2026-02-06T06:31:27Z,norisaraiiexe_,account.6135cd8b01b941e293373d372461b71f
2026-02-06T06:31:27Z,VIE_MinhTam,account.52bf47fa4fe84c058f41ac3d53178f90
2026-02-06T06:31:27Z,r7xpomissu-_,account.b565d5e49b0445a99c5dfa4c6fcc668f
2026-02-06T06:31:27Z,Lao-Wang-158,account.b63d9ec1235547788b8282ed5c9c579b
2026-02-06T06:31:27Z,NBAKOBE2017,account.e4f3e5ab4e8441c7b660e57bd961df29
2026-02-06T06:31:27Z,Theboxs-,account.8ef013d5078f45fd8a7843928d5750f6
2026-02-06T06:31:27Z,CrazyXBhaha,account.23f1d29581d24ba8b9d60f8cd46f10fc
2026-02-06T06:31:27Z,Ext1nct_null,account.4f093ed13d3644c09fdb941e8bde6fcc
2026-02-06T06:31:27Z,HypoDing-Csn,account.d512e31976a643a3a5bf7c9a4e063fc3
2026-02-06T06:31:27Z,a_LuanGoodBoy_a,account.9d0de668597a4044ae288117b77ef99d
2026-02-06T06:31:27Z,LootSurvivor,account.3f531179a29e4f2f92f7a27cf00afc8b
2026-02-06T06:31:27Z,Del3teAll,account.d2fb1900f03344dbad9d73a4b8713f80
2026-02-06T06:31:27Z,Emotlona,account.5e12e6d7cbe14d8f835f1b4a574070f7
2026-02-06T06:31:27Z,t1ss0suyy,account.6b25f45998964e0a89f813a0688e50cb
2026-02-06T06:31:27Z,PUBG-XY-ZHANG,account.85953cc92d6d443180ab3ddfbd746589
2026-02-06T06:31:27Z,WCAN1998,account.bc18faeae31a40b793cdd5c934b24cb4
2026-02-06T06:31:27Z,SHUJIANXIN666,account.7425c16a770341a79e945236c256bff9
2026-02-06T06:31:27Z,wangxiansheng03,account.72766c063ea54743b6d55d2860c2735e
2026-02-06T06:31:27Z,FelixLucky7_,account.8f8df663cb494d7fb9771e79f0350ace
2026-02-06T06:31:27Z,cnmgugoumen,account.c4233bea06084c668734e6300fb6a6d8
2026-02-06T06:31:27Z,sungthan,account.8897410edb7244bb8c972462ea10081b
2026-02-06T06:31:27Z,AbCd_0928,account.f319f828c6854eeb9033301e21395893
2026-02-06T06:31:27Z,o5i1,account.fe484169a9c24ab986b2a5bec26805d6
2026-02-06T06:31:27Z,hyz222222,account.aefa6aecc22549c8951aca2ea3b83ab8
2026-02-06T06:31:27Z,RNG_PR3ET,account.90e1bfc7f55149819418572d9ea326da
2026-02-06T06:31:27Z,NongOO,account.67baa68ba1c949ec8f8e5d31d2324fb6
2026-02-06T06:31:27Z,Gabe-oo4,account.9e37d5c17a374759a3e944c79ccb7a5d
2026-02-06T06:31:27Z,Wailof,account.501ea4dd2c884ba19a4bcec99804f49d
2026-02-06T06:31:27Z,Tang_B0-Hu_,account.5b56b50141654b279e643b6eb0261e78
2026-02-06T06:31:27Z,Vampire-jeff,account.d07790ff0e1c4028a941aba7ed78fe4e
2026-02-06T06:31:27Z,KAI_GUA_DE_SIMA,account.65f96d5fda264be4ad2c04ba49c2c6d7
2026-02-06T06:31:27Z,ttaann-8my,account.db426c89b90644278141af5f47ea8b7d
2026-02-06T06:31:27Z,eyualan,account.f95a5a263a6240f6be011876e26a2fa9
2026-02-06T06:31:27Z,MaestroPRIME,account.9d376b7e96584df1b0d849a8574158ec
2026-02-06T06:31:27Z,ThaoDz_Provip123,account.1fd29ca3382b49889127ee485b0623f4
2026-02-06T06:31:27Z,ko_co_bac,account.794b976f86c24becadef339111d4a1d0
2026-02-06T06:31:27Z,lloc7571,account.dc6ab58b21b44f18b1c094cf7bd7eba7
2026-02-06T06:31:27Z,fkn3ak,account.6d00d3ca37ea4d60bb5ff31db4c112c0
2026-02-06T06:31:27Z,NguyenMinhTien,account.e2e1aedc69e0459e9a8392c2dd389d79
2026-02-06T06:31:27Z,MasterXiaoZhang,account.c26f6f42ab0044a1af4de8e86b519462
2026-02-06T06:31:27Z,YesMaeMaDi,account.bbd72c6e5e874f3f92ce2080fcbb8d7f
2026-02-06T06:31:27Z,zhuifeng36999,account.e0ef5a94d7b7400b8556ab368f4446db
2026-02-06T06:31:27Z,Star_ziheng,account.7d8e3c1993b1490bba936e816cf7ad6e
2026-02-06T06:31:27Z,bobo666616,account.83137d330c0e4a9789a234c82a3ee404
2026-02-06T06:31:27Z,VIE_VietDungg,account.20a6629696aa4d8888e7fb3506460b3d
2026-02-06T06:25:36Z,ShaYuZzzzz_,account.355beee3037244968d8bf96eaee7ec2c
2026-02-06T06:25:36Z,FANCHENyijiangNa,account.ecf41ad77b9149a5869bf918bfc6d628
2026-02-06T06:25:36Z,Zi94,account.b1cb4cb5e4c3490e9f487ecac730f527
2026-02-06T06:25:36Z,Long_Gee_,account.a238fb4b419e4ca49ab0ed56fd07fc44
2026-02-06T06:25:36Z,0908-Kb_-,account.470e7849969b43d58bac84bf75443bb8
2026-02-06T06:25:36Z,KevinWWB_LUCAS,account.3d065cdb9f35455a887b1a6985637d89
2026-02-06T06:25:36Z,ROG_i,account.302dc86ca49043a6b73e24fb02e4f2ac
2026-02-06T06:25:36Z,Kenny_Vu,account.55805b7352fe4099a29f5d6c54e0132a
2026-02-06T06:25:36Z,4AMAnjingQaQ,account.4793b678a49b4645b2f392e878530cda
2026-02-06T06:25:36Z,ML_KeyNest,account.57f90d9363c74dc58de3af6425e1a028
2026-02-06T06:25:36Z,TuDou_0v0,account.784496034dba45218576535a67bd125b
2026-02-06T06:25:36Z,ChoiMayLuonMay,account.e2e1394689974c3ea3f8ce8d23a71a87
2026-02-06T06:25:36Z,NILO-butai,account.c1d3221cd8e04174a7a9bbe080d08095
2026-02-06T06:25:36Z,FakerBOOM4396,account.a9b60449cc774d179abe7a9f9c2a4fd4
2026-02-06T06:25:36Z,ID-xinxinxinxin3,account.8c668122bca54678ac6ae082b4c07777
2026-02-06T06:25:36Z,0508-Hd_-,account.0e9b2c0434ab4f0a99d7655f0de3203d
2026-02-06T06:25:36Z,NaiDragunov,account.fe1c18e29cc748c689fc439cf3e0ea67
2026-02-06T06:25:36Z,yiyongqibb,account.a98658aa48854a4aafaa14a48e39e4b4
2026-02-06T06:25:36Z,Dawnnn3kzxc_,account.e101e2fbadf344b78c4cd0f0f0b224d0
2026-02-06T06:25:36Z,ObmaTV,account.40b87834a0a74be6833b8a01738dd9c5
2026-02-06T06:25:36Z,NDHai,account.40c3e5150f1742ea8375b462cc469d50
2026-02-06T06:25:36Z,0206-TH-_,account.eb4391281ec847b08a3adbbf08bd51ae
2026-02-06T06:25:36Z,cocoLoveLiu,account.1bdc2dfceb9749d9aa4403f6f40ba6f5
2026-02-06T06:25:36Z,VN-NVQA,account.92cfe207668f407bbed81420893f6485
2026-02-06T06:25:36Z,ALD----ZHONGDENG,account.18162822a2794a00887067773c733360
2026-02-06T06:25:36Z,HY-BinhNguyen-_-,account.c9f90c5436e144afa723a03249af1c15
2026-02-06T06:25:36Z,thangmaydu,account.f28657095c65429d915296989ce93130
2026-02-06T06:25:36Z,bz1o,account.802b44ccb5694a90b0c34211ed8e0994
2026-02-06T06:25:36Z,18_NiuBiL,account.6752a2ae347049bb86b6b90d5492f4b4
2026-02-06T06:25:36Z,6_-shen,account.a433f11e22624841b7603a48b99ea8f8
2026-02-06T06:25:36Z,Sofiaa_-,account.0bf31ab356334871b4317823f8c4cc94
2026-02-06T06:25:36Z,W00DDY_TH,account.ddeb834b867142b1bfba8d446885afbb
2026-02-06T06:25:36Z,ThuongDa523,account.fcaae6d6c2e9415789dba995d806501b
2026-02-06T06:25:36Z,Jiu17-,account.84586c12a3f34de1868e9670b7d507bd
2026-02-06T06:25:36Z,qiuaqiu_7_20,account.85efa0ad4a25426b9e51d69e248552ea
2026-02-06T06:25:36Z,Xnan_1,account.5ad1d9f3ea9c4312997139f21b3d0445
2026-02-06T06:25:36Z,S_1xw,account.298941fd7ec54b8786cdbd8102947930
2026-02-06T06:25:36Z,92_TaoSir,account.a46f75cda05e4dfe8cbcc5114690a038
2026-02-06T06:25:36Z,CHN-YuYanGeGe,account.f6cff3ba10ef4a2face9e99824d4bd52
2026-02-06T06:25:36Z,Santiago000,account.f3b49fd675a4472f9ff4e5ec6591e449
2026-02-06T06:25:36Z,1Tero,account.546cdcb9ff2043cbab82f9b95a96ee02
2026-02-06T06:25:36Z,x1aotangyuan,account.8ae3b09f1d4f4875b16832bbf3c2c4ab
2026-02-06T06:25:36Z,TaoChiken-ThaTao,account.113974d4aba34737887398fd08125452
2026-02-06T06:25:36Z,BoGameChoiBo,account.c05ecf698f1d40ceb0b926bc690edba5
2026-02-06T05:55:11Z,NRG_nandhuYT,account.69d68d212dd54301ab375fedd9ceeb5e
2026-02-06T05:55:11Z,SHONE_WALTER,account.fec65119bebe4a7989e47ce5484f59e1
2026-02-06T05:55:11Z,Wild_Card3,account.fe3222f61e61443fb4d1174f470cdd02
2026-02-06T05:55:11Z,JHOOL627,account.2c27c59aeaa34cd7a3ad336a73a16801
2026-02-06T05:55:11Z,xiaoyissz,account.0d89cef56de449379979300f8df9d55d
2026-02-06T05:55:11Z,ABID3308l,account.c75218b5c1d1449f8554d11909cc8dd3
2026-02-06T05:55:11Z,DoomBot_,account.6cbf4ec5c2034a1e973e9e26a0bdd4b2
2026-02-06T05:55:11Z,GuaiRen-T,account.df35078a53e043bfbaab167273dd441e
2026-02-06T05:55:11Z,LuCkyKa1_-,account.0dbbc31ab5a24100abbed28ccd2e217a
2026-02-06T05:55:11Z,DDDDDDD882,account.03f0909e4db3487db02f7c5ef1cc4d88
2026-02-06T05:55:11Z,7502_,account.3c462800cc0442e89a5c1af5fda79810
2026-02-06T05:55:11Z,LB-QAQ,account.6031f551fbf244a5b7b193bc0554b502
2026-02-06T05:55:11Z,XAIROO,account.41c12ce58ec141518915bb6fda95c2a0
2026-02-06T05:55:11Z,NSND_BNC_Hihi,account.d0ae2f2acb1e47a09910b45646f83a0f
2026-02-06T05:55:11Z,XuyenVaoTai,account.d8bc367b94734e51a789c68b3a5dcfe4
2026-02-06T05:55:11Z,ADG213814,account.e4b792ab8fa44960ae71ca421dafc980
2026-02-06T05:55:11Z,Vanz_237,account.e3bb584389f749ec8b547030dff9ab98
2026-02-06T05:55:11Z,Hazrat_Yusuf,account.1383475fcd8647d5849a2288979e6e01
2026-02-06T05:55:11Z,ACE_70,account.e88e1d05651e4003b33898fdeb47ddf4
2026-02-06T05:55:11Z,Wolf_K__JJ,account.b7fc8a4b9ee34e8ba4d7c0d27f8cdd3f
2026-02-06T05:55:11Z,HebiKawaii,account.30fde5153ea04578b9994a2a5aa27871
2026-02-06T05:55:11Z,AixNovember,account.40a14ef097a64cd1b7c0e4da5cd0a137
2026-02-06T05:55:11Z,woyea1zuj1ao,account.5b3214b0948f4333987ee563a0ef495e
2026-02-06T05:55:11Z,Tiger080,account.d98fc72f976e46bdb47387b91c18e82c
2026-02-06T05:55:11Z,nanfang888000,account.643a3903f7af407faa8d75cf7b3e64ac
2026-02-06T05:55:11Z,Andy-1998-2-9,account.1b4defd956cb45ec830a7c15a001ec6f
2026-02-06T05:55:11Z,98Nico-,account.6000dd5438aa47d5b21db0d3f8624fcb
2026-02-06T05:55:11Z,BIGM123,account.ca4bc0a3b8774b6d9d6da81b0208ea19
2026-02-06T05:55:11Z,ChienSi-TrinhSat,account.d2659291d370439681c48ab9dd100605
2026-02-06T05:55:11Z,TOPU25,account.2331e8b7a1f94b64b8599b4ffb846740
2026-02-06T05:55:11Z,MicroSoft-Paint,account.ce24f51b3e0144b1834e2dcd012e5274
2026-02-06T05:55:11Z,penny-pu0-0,account.aee33377772e46efaed880a3274cf525
2026-02-06T05:55:11Z,jackokkk,account.d8f9cbdfdf5341baac0b7d92dffd0969
2026-02-06T05:55:11Z,AIoe--001,account.3c0fdd2088a041e091592e290fb0e304
2026-02-06T05:55:11Z,ACE_O3,account.a67824b8de4b4494941a056486f8319b
2026-02-06T05:55:11Z,godabao113,account.f4ebe4701dad415eb8788f5915f3b665
2026-02-06T05:55:11Z,Ji_Yeonnnnnn,account.8ccfbbd4b18e40129c11ad23d7db1f6e
2026-02-06T05:55:11Z,NB_Fananhtu,account.2416de92c07b4887955000065c88061c
2026-02-06T05:55:11Z,VN_Ryon2k,account.9ad2f21d170746bb903fd5b731bb7ca2
2026-02-06T05:55:11Z,KON_001,account.8d7c72fdfcbe443483a2b61b61f75351
2026-02-06T05:55:11Z,1ozG_-,account.96a69165b69147b4b9dc1b3ab17e5b89
2026-02-06T05:55:11Z,Wxiao_-,account.18e039c310424048b25b088225e7680d
2026-02-06T05:55:11Z,BST-TrungToc,account.4289cb99b920407fb5f7240323078c15
2026-02-06T05:55:11Z,AixPirin,account.54cf1a3e99264929a0b1c7a4142cd9da
2026-02-06T05:55:11Z,nhanvienquanhat,account.9d9dfc68062a4d78b1f1c6f1d654a712
2026-02-06T05:55:11Z,4i5o_-,account.a3715e3b77ec42eda8d9802df2e00106
2026-02-06T05:55:11Z,NoSkilYT,account.1c153c9feaee455fa0a8e570fb3e7c73
2026-02-06T05:55:11Z,lili_1103,account.2286071c996c41a0af188cd585f4b220
2026-02-06T05:55:11Z,BoBoJ1-_o,account.57ccebc5e2cf4c38a755aa3eb7db6d69
2026-02-06T05:55:11Z,Khanezzar,account.6ba273f5f0f241f3be051a936d453db4
2026-02-06T05:55:11Z,Wolf_K_LH,account.246fce04c93a405895890442981c69fa
2026-02-06T05:55:11Z,Wlof_K_PGG,account.636b692ab3b948a19ed8c3a19c081a28
2026-02-06T05:55:11Z,HZclub_Qiqi,account.c54de4c8f607493297f4f2161192cbb5
2026-02-06T05:55:11Z,Liu__29v1,account.0cc8f3fa525f4c87a0c23ec5fc61a8b7
2026-02-06T05:48:50Z,80811110202,account.c385d42aeca84ad887abde2fa4b99585
2026-02-06T05:48:50Z,Curry77777,account.7729b6548749421da5f9d3378007d4ab
2026-02-06T05:48:50Z,GNMD_Fang,account.886805b72f8442c89892f3694f2d1b0f
2026-02-06T05:48:50Z,5icaI,account.b022284fdf094e60b6bc0d59983eb5bf
2026-02-06T05:48:50Z,YouGuysRock,account.6d0942ef9fe7485289181eee82829771
2026-02-06T05:48:50Z,Pure_TB,account.bc3cfa29735a48d38142908f9385a0d8
2026-02-06T05:48:50Z,ZhuCaiB_-,account.ebdb209f132742b7825ae22870ea4fb4
2026-02-06T05:48:50Z,TL_zhubi-00-,account.ef5ef1c0fb4c4083ad643fc01eba883f
2026-02-06T05:48:50Z,Starrism-ZZP,account.71735ecb9b81454298fe9290831772b5
2026-02-06T05:48:50Z,ALe_Soulmate,account.5de9940dc42948198c2086216ec3a8c6
2026-02-06T05:48:50Z,Crazy_HB888,account.deec40fa9a9c4076a4df54b136ae5b8a
2026-02-06T05:48:50Z,Brother-DL,account.ea515207321b4f85a6cbaa0b4387e457
2026-02-06T05:48:50Z,Its-Sunny,account.3668267e24ce42f98c79ee9ee234a597
2026-02-06T05:48:50Z,Ares-721,account.b3bed6aa86a943a3bf5424304253fb1a
2026-02-06T05:48:50Z,67_SAVY_BAO_THU,account.bc874766483147daa49fb451fab13000
2026-02-06T05:48:50Z,Weishiyiwan0v0,account.18bbc8d123e4460baa759e5f969b307c
2026-02-06T05:48:50Z,yyw0cbc,account.ec1f2399fe48454fb456b0b1c6e5cf6a
2026-02-06T05:48:50Z,IG-white_xx200,account.def45841dd01493884ae7e90be26e96b
2026-02-06T05:48:50Z,AongAngZa5678,account.937bf3252cf64752bf0a350c16a20c6e
2026-02-06T05:48:50Z,EmpGong,account.8be35e99708640afbd1223d36999096c
2026-02-06T05:48:50Z,TooPigeon,account.2844fc0c0e1a446380a69c3bae137f8e
2026-02-06T05:48:50Z,Halema41,account.7e3bdfa146884b06a4c3167fb3c09505
2026-02-06T05:48:50Z,SX-qianxian,account.472552e3ce0545a4b381a0a23d6d37c5
2026-02-06T05:48:50Z,cnmyyyyy,account.abbf467c29ae467cad1e4f6e7644c8d8
2026-02-06T05:48:50Z,xluo__9527,account.176d304fda724f66934e4b015d8fa23e
2026-02-06T05:48:50Z,XXXAKM,account.88f144c595964e3cbc6fe7ae4878dea9
2026-02-06T05:48:50Z,WoCioo,account.4511f6f9870040cf921da748ceaaacd7
2026-02-06T05:48:50Z,Karik_Khoa,account.9ba15aeeb1b04c498dc1264244f09c72
2026-02-06T05:48:50Z,212wow,account.2e3955811c65414c87ae1b8692ef1601
2026-02-06T05:48:50Z,Hbs1998,account.2a6df07193934bf18710b399c4394c65
2026-02-06T05:48:50Z,wu_yan666,account.81ec67cba3e94203b8a674016f7cf502
2026-02-06T05:48:50Z,SUNJIANDAGE,account.2913c73512a0490a8bf2135123ea9a04
2026-02-06T05:48:50Z,MKL_857x,account.b96b203c251345a89e01c61b715616df
2026-02-06T05:48:50Z,Daxingxing-_,account.72c88d0f99c54268baa9b30c50374bf6
2026-02-06T05:48:50Z,4TK-Thomas_zzzZ,account.54a0e71642f54c36bc7081eed1248b97
2026-02-06T05:48:50Z,PLA-SniperW,account.304ef396d4a94ddb99828da0547b9ec0
2026-02-06T05:48:50Z,D6G_QWEZXC,account.fc45418b733b43bdbeaa2efd915efd8d
2026-02-06T05:48:50Z,bufunianshao1-,account.f532b88cd65f4cbca6d77d70f7b31b47
2026-02-06T05:48:50Z,AAAA-Wqy,account.39834dbd8d3543fc926da2f6e381ed40
2026-02-06T05:48:50Z,AXu_soulmate,account.20fe06164ea142df8f43a860969a5d00
2026-02-06T05:48:50Z,1997-Gaming,account.43aa56b3d81f4e619393a332a0f84096
2026-02-06T05:48:50Z,H1z1_XIAOYaoGG,account.7cb5e9b447e14fd7ac73393e08254e91
2026-02-06T05:48:50Z,NPD_LLENN,account.6baa998de93346d485f2b8197da55863
2026-02-06T05:48:50Z,1993-Gaming,account.31270d67b76f4a03ae1a797e2d68d162
2026-02-06T05:48:50Z,SaIG0nd0,account.73ea6366d3644619b454304b18f122b7
2026-02-06T05:48:50Z,MaDouTV-HeiSiMei,account.972bb8d4cbe3449d922413f69a34ffce
2026-02-06T05:48:50Z,SRPZ_7sKy,account.25769fa85f6d4a68895ad1b5aa52c9cd
2026-02-06T05:48:50Z,MiTom_2Trung,account.23b6086d5a4644e6bb029f5e8021ec97
2026-02-06T05:48:50Z,PhoBo_TaiGau,account.77d84adeeed04255a686c93b8f6b2aba
2026-02-06T05:48:50Z,x1nbei,account.4754324c59f246b69ecaad11660a5fc5
2026-02-06T05:11:46Z,tybphy9zhq16,account.aff607503d404d09a8c18d9b9fb43bd1
2026-02-06T05:11:46Z,SuiWu-anDe-LuWei,account.41894cb5256e4c6db7d33cfa7033f41f
2026-02-06T05:11:46Z,Chau-Oi-Cuu-Tao,account.1e3054795e204540b213a53e95b8aaa7
2026-02-06T05:11:46Z,aPOLOBOY,account.13bf9fb1051c462abf6ed97207e09f66
2026-02-06T05:11:46Z,Lcxsawer,account.c2b411da0db24326a9f77ed310fa0bb6
2026-02-06T05:11:46Z,8tuwslvazw,account.0a86fd2eadeb45438220aadf3735aede
2026-02-06T05:11:46Z,M_JZDD,account.fe995d91f39d4d2fa92f64a725f5dea6
2026-02-06T05:11:46Z,YUA-YUNHE,account.fd913df6c4d5486693ccaa146d153536
2026-02-06T05:11:46Z,50-HP,account.a0350f004ea6425585d5d7a45a881c38
2026-02-06T05:11:46Z,jackchow13,account.c27caf1d5d8846cf992ddd3663729588
2026-02-06T05:11:46Z,K0nnichiwaa,account.b24b869fe10142ca9444f893e8431150
2026-02-06T05:11:46Z,one-Augenstern,account.e1bd926e90d446ac90137ca2be4eef74
2026-02-06T05:11:46Z,wad520wad,account.03501699311342a9b39bebe1dafed145
2026-02-06T05:11:46Z,Aqi-777z,account.8b62ba26cb0446d7b93073807ee78e9f
2026-02-06T05:11:46Z,Yuhht,account.a31cb02450a941cea54b4d857f3e9bc7
2026-02-06T05:11:46Z,Aloust7,account.7c66d17d8a184fc792ab9afa12032a35
2026-02-06T05:11:46Z,komnbvcxz6,account.776f8c28eb20439caf5f15d7eb556e57
2026-02-06T05:11:46Z,771181140,account.287ccfc751414d3fb1f3d22d1efa145e
2026-02-06T05:11:46Z,LetMe6000,account.32c8ca287b9b41ab8808ba67c7dfa829
2026-02-06T05:11:46Z,xqiabao,account.872e820fc81044c0b12298ee3ac58f7b
2026-02-06T05:11:46Z,qwqwqlin,account.d8cbaa4055ae4c1097e92148feb59056
2026-02-06T05:11:46Z,Destin_yunduan,account.81d1ed31fb0840fe9ee8dde356938e8e
2026-02-06T05:11:46Z,my-Forever-Aui,account.417d44f076be4a5d9afd3ba5cb83c29f
2026-02-06T05:11:46Z,LinhS2Anh2k9,account.fc1ca11d124640d8ae990a69bfb4adb2
2026-02-06T05:11:46Z,gluttonyblood,account.3d0f3da4373d4a518578d16684c69ab4
2026-02-06T05:11:46Z,TTV-DatPhanEcom,account.2d7f6fda287243a5aa7441957b4348c3
2026-02-06T05:11:46Z,SangSHCiTi,account.3c88bc343e27444d81bba6bafabf2327
2026-02-06T05:11:46Z,Bonnie147,account.641c0bee91da45c398075dfe940b8551
2026-02-06T05:11:46Z,sIsA------SaSi,account.14bf00cdd9f64fc5bf184b8b34fd145a
2026-02-06T05:11:46Z,NONAME_RD7623,account.8ccc9d74e6d34d26aca53a304415b265
2026-02-06T05:11:46Z,longhaki,account.961b8a3c5f2d4722b3dbaa9ae53b1ccd
2026-02-06T05:11:46Z,leenguyen1604,account.2ae0256cd0b749dd92b5d675987bd568
2026-02-06T05:11:46Z,4O4-ERROR,account.76f8f9da9f15487d8e6465436098e64a
2026-02-06T05:11:46Z,49_Khai,account.1840a1bde8ed436fa619cc29049073ef
2026-02-06T05:11:46Z,xiaobing13qw,account.c2b41c239e7e4e9e92399c5a2624949f
2026-02-06T05:11:46Z,Novas_UwU,account.8a6945ffee6e46eab327a2c459016384
2026-02-06T05:11:46Z,HeddaQBryce,account.30664d48e3e247aa9721e4e45b289de6
2026-02-06T05:11:46Z,Maishaobing18,account.f4a1188a1029400f8434d64fce85cd4c
2026-02-06T05:11:46Z,xHaiSake,account.7908e93e05f14d15b2b3cb2b521345e2
2026-02-06T05:11:46Z,Destin_yunnai,account.a55b409b38a442c0a5f01f9d9f1a0471
2026-02-06T05:11:46Z,OI-337,account.05cb13f39b4341b19483a8d6ae142eaf
2026-02-06T05:11:46Z,HP_Bun_Rieu_Cua,account.fece213ef7a24337a3c1a42efcfad9aa
2026-02-06T05:11:46Z,1Gem_,account.622beff6bf8344118c5aca3ec1332c2b
2026-02-06T05:11:46Z,a9-ad_,account.ce1db1d92f2041afa77f9d497a3e3f81
2026-02-06T05:11:46Z,Destin_KING_O_O,account.17837a37ca9e45d2936a9bcee244123d
2026-02-06T05:11:46Z,KietGoVap,account.be830d58a9fb42efa4e8933a4b7e1938
2026-02-06T05:11:46Z,TeeSmall473,account.a1836c6c00a3471b87ccf74d53a17f89
2026-02-06T05:11:46Z,Youta_ootd,account.3003d5fc3494421ab90b23b8a03adeb1
2026-02-06T05:11:46Z,HanWhatXiao,account.8cbb9ea729a9460ea2326f39dabdf6c0
2026-02-06T05:11:46Z,Z-fovik-xu,account.8c65ce0c0b6040c89deb411b36fea1cd
2026-02-06T05:11:46Z,Jakank-JAY,account.01d2546880874702911ce0e672ebb85e
2026-02-06T05:11:46Z,DouyuTV_dalaoga,account.6fd02859b03e43d5ba3dcec34060ca56
2026-02-06T05:11:46Z,YongFuTang,account.ccce20c06b4249ada8b842412366de80
2026-02-06T04:38:29Z,Dan4roll,account.b0a3fb184da84a65a29c14f4d8519033
2026-02-06T04:38:29Z,Syluodi_98k,account.d22cc4b02d9f43b586f9b33d400f11aa
2026-02-06T04:38:29Z,xiaofengya_--,account.07ce5a3997af4751a8ee9cccad1ab078
2026-02-06T04:38:29Z,SL202411,account.ff007ba93c124409a8aaf95fe16eaf78
2026-02-06T04:38:29Z,Shiloh_Tan,account.dcd13e43f72c4bd293be2e95d05ebd80
2026-02-06T04:38:29Z,MAJINGGAJETEU,account.0ffcf73938a141b98740fcfff7752ff8
2026-02-06T04:38:29Z,l_mo_mo_l,account.d02ab0634f9747d483cb3386b9f3804c
2026-02-06T04:38:29Z,Koooooooooooo_20,account.6b9f2a276f5743248a07ebe56d7d4d5d
2026-02-06T04:38:29Z,CHN-LaiGeGe,account.f2a3fe768a464d9cb6d7b7aacfb88ce8
2026-02-06T04:38:29Z,iAno-_,account.d8a7bcedfa0b44e68d8b01b9e9854608
2026-02-06T04:38:29Z,Mr-anan_,account.31fbf28cb8bb42829bb6d5e1d8c87ff5
2026-02-06T04:38:29Z,MESSI-10N,account.ea4b0927c18a4b49a8c5b5f467e9900f
2026-02-06T04:38:29Z,Raniyah-,account.c0eda8bd34ca403d9c572a3f9870f844
2026-02-06T04:38:29Z,GodlikeYao_,account.097c8401be43469cbf698e986e55dc76
2026-02-06T04:38:29Z,Daytime_Dabai,account.3f9ae9ed3ec446b2aecd54125857fc8f
2026-02-06T04:38:29Z,T7YK,account.fdd3dd939de2409282ee0ad0146727e7
2026-02-06T04:38:29Z,DVQyB0S27eMZJ,account.bb31772afdf64339a081b65b1e22a5f8
2026-02-06T04:38:29Z,MrrrChen,account.bd2496f6426b4ba3b8229419ee57d5f5
2026-02-06T04:38:29Z,DJ-OO,account.22c1abb20e2748eaafec54029ff8c50c
2026-02-06T04:38:29Z,Yex1nb0b0,account.e5fbc515cfa2428796160fa9b756b236
2026-02-06T04:38:29Z,lyqqqqqqq,account.e2c544606fcd44489cc824de443de17e
2026-02-06T04:38:29Z,TianwoJiJi_-,account.2fe0d24376ed4abd905e5472b9a7a92f
2026-02-06T04:38:29Z,Black_whitei,account.cc39cb276013443183a448f55897d09e
2026-02-06T04:38:29Z,09ni,account.3432b3f45c9c47cda3e77dd8757e871c
2026-02-06T04:38:29Z,1iJh_-,account.bc31daad4c674ed5b9376bc32c7ecb99
2026-02-06T04:38:29Z,vitingralgoiem,account.c617868c72f5410a92225427c761e9b6
2026-02-06T04:38:29Z,ZZYYXXJJ18CM,account.a732c110d7cd45f9af32efc7003701a8
2026-02-06T04:38:29Z,TianWoJiMao,account.04802f5c2f2a48c6959fcae939e41c6e
2026-02-06T04:38:29Z,KZ-SSS-Nb-AEL,account.ad6e0deddafb4c00a407bd2c437c4e51
2026-02-06T04:38:29Z,HUAWEIYE007,account.ec2c84f6ce124aebb167ce06ba4a8cc1
2026-02-06T04:38:29Z,1iXL_-,account.f1e1fa3da74a4126bd70ec7f3945cb32
2026-02-06T04:38:29Z,foshuai6666,account.500624a2ecc143379a509f7f5b847c7e
2026-02-06T04:38:29Z,YYiNuo5,account.c8ce2505b8c24ca686855cf60d1d2528
2026-02-06T04:38:29Z,Ships--,account.73e4f88085684697a4c5002666b142e9
2026-02-06T04:38:29Z,Mgvgnx584,account.5a6ea86e1d774eeb90ba23cca85c3ecd
2026-02-06T04:38:29Z,sun-kuai,account.745768ae68654300b85de46528861691
2026-02-06T04:38:29Z,ZX35925,account.ee75b5f16dff4a5781691a3d1463f6b8
2026-02-06T04:38:29Z,W1ckeRr,account.303f254136484122b73239301b7248af
2026-02-06T04:38:29Z,Dyin_QcRr,account.3227bc80d5bd4939b8d5ff115d6c36af
2026-02-06T04:38:29Z,kv8d8qh92,account.82083499ef3340e09f4234989c7a5ab3
2026-02-06T04:38:29Z,Anyang-hua,account.76fbff3c3a594648976a08f994af63df
2026-02-06T04:38:29Z,Baby520uu,account.640fce5135eb4c9d8c0f0fb2d961c1f9
2026-02-06T04:38:29Z,Ailver-croS,account.405c6796c4254b3a8b3ba670a9b51c9c
2026-02-06T04:38:29Z,Zzz_Fortunate,account.cf8a153f795d4ebcb6dfac6e3d183eaa
2026-02-06T04:38:29Z,9isf_-,account.5d9f87003d7d4fc895d4283f3428b46b
2026-02-06T04:38:29Z,Mln1_-,account.8313641f1d354dbd8d49e9e21dd1db44
2026-02-06T04:38:29Z,91_HaoHao,account.f32cdc87a8d64c47b32eb0177aa9dc7c
2026-02-06T04:38:29Z,ChouliumangBig,account.176a652b1e5f46c6a10a2301ac20f1c9
2026-02-06T04:38:29Z,DABAO792,account.d112bfa4260c4594bb20bf934308c74d
2026-02-06T04:29:34Z,Paper--Airplane,account.630f68b1e5dc4a59870f7415a685c004
2026-02-06T04:29:34Z,IM-Cruel-person,account.1e39043b6606423ab1126ec218226ffa
2026-02-06T04:29:34Z,monglia-Angcn,account.13eec306571b4c71b025fe9dfeef3510
2026-02-06T04:29:34Z,GP_1985,account.fc376e7d2f4746dc8faf66d75533c0f4
2026-02-06T04:29:34Z,ytghghjkk,account.f40612c25a5a444fa54e9f575807f4c7
2026-02-06T04:29:34Z,xiongxiaojian12,account.6b94e22e857e4b329ebcd65454c92691
2026-02-06T04:29:34Z,haosh1duomo,account.112b72563bdc4699a85c8f8edd453d26
2026-02-06T04:29:34Z,Rahim_youyang,account.302d0ea733b04cc3a9eb3d5eea9aa944
2026-02-06T04:29:34Z,21_Power,account.d37b936bd626453f83467c298dfbc9ca
2026-02-06T04:29:34Z,OWO_Snake,account.605e1a0803f8416a892971efa57dfea2
2026-02-06T04:29:34Z,b1e1ki0,account.5ba94a4c72f84654ba3c84eb3b2273c3
2026-02-06T04:29:34Z,HM_Smeraldo,account.6f3338019b594ecf89740cb2fd97cc9c
2026-02-06T04:29:34Z,kz_cainiao,account.5bedfc010c6f40989d7c1ffc3d0707ed
2026-02-06T04:29:34Z,31zhangzhigang,account.c16ccf623bb44681addcc3d48e5e7cf4
2026-02-06T04:29:34Z,stanger--jun,account.4107f272809a44eda1ae50d10a5396bd
2026-02-06T04:29:34Z,4amxxxxiaoyuan,account.35210d775de64034a414d1fad4cf7f7a
2026-02-06T04:29:34Z,LS961117,account.75b9ecc0d7874ae7930cce56aa561f43
2026-02-06T04:29:34Z,xiaoq99521,account.a2a92ddd20a546a187e80a08cfe78b70
2026-02-06T04:29:34Z,SavageShot,account.c39cdb9b868344f091724bcd61f01f33
2026-02-06T04:29:34Z,FUxiaokeng,account.3eb0c797ac0b426197c4c11d1edf8bad
2026-02-06T04:29:34Z,UT-M10011,account.cbcbb4d1550c412a95774e72c58659fb
2026-02-06T04:29:34Z,Fearless_HR,account.eb36cdc5de94448cac21847ef93c9b72
2026-02-06T04:29:34Z,Z6wPBQEkELvXT,account.80cc445af99f4beb9ec280a80c04339a
2026-02-06T04:29:34Z,Soho-qingdiao,account.af7db4199518473e882cddde63313ff5
2026-02-06T04:29:34Z,1O11-_-,account.bc7841b6d82d4b0fa89a0c02e7a21bd3
2026-02-06T04:29:34Z,JIAOWO-JK,account.e9d155a5b8034762925f309eb5e5e52a
2026-02-06T04:29:34Z,Bichon3LVgabang,account.ce7f48f0f1e64dca94d9c386ae8c3315
2026-02-06T04:29:34Z,Fen9z1Ya,account.ee2ff54f1420444d8902838f26cb3734
2026-02-06T04:29:34Z,Reaper_Zheng,account.27ccfd93eb134b21bbcab1340ab2109c
2026-02-06T04:29:34Z,Kathrine_97,account.7fe6a7db281c45ad859a572df07d7b27
2026-02-06T04:29:34Z,ImSuperMennnnn_-,account.bfa02eeb8d4f40c3b5b982b08e10b2ee
2026-02-06T04:29:34Z,BeryR_91DAshen,account.c0799aa04dc2492d96b804773af48048
2026-02-06T04:29:34Z,Laoli-ACEAwesome,account.0c4ad7e465fe4ab99aad4ec6e531f016
2026-02-06T04:29:34Z,Yiiuyumi_,account.0805ff8cce7844c0985912f51427832e
2026-02-06T04:29:34Z,GSD-KAKAER,account.7b5fd1de8c1045549a30ad44869eb8aa
2026-02-06T04:29:34Z,90_WD,account.43653caea3bc4c32b32749298a08e630
2026-02-06T04:29:34Z,Q-Ni-Pi-Yan-_-,account.3ffc8ea4f7e443b68598864b8241ed91
2026-02-06T04:29:34Z,CSGOVIII,account.107bb86ea8cf4e3fba7658c369e98fd3
2026-02-06T04:29:34Z,Fearless_1229,account.0bc8edd290324f2ead1eaced94600d8d
2026-02-06T04:29:34Z,yoreusimihae,account.34ca7a5af47846a58477e7c415f8e7ea
2026-02-06T04:29:34Z,M_HaNaZuo,account.1a8f37bb7fee472ba334109eb8b911b3
2026-02-06T04:29:34Z,HEIHAOder,account.d2c3502fd8774b6bb2af70f381e25485
2026-02-10T06:51:13Z,LiOuO-_-,account.84aa83841bc34cec8004e4c57f25934b
2026-02-10T06:51:13Z,01zzZ-,account.1ef0802b16284f34bdddf8ce4284e019
2026-02-10T06:51:13Z,X1angNe1She-_,account.5cd9b1c5b9f8465191cbc50581fe31d4
2026-02-10T06:51:13Z,LI-HANGLONG,account.777972d722af48779c9c0700955fc360
2026-02-10T06:51:13Z,PCL_-gongjin,account.80a5ca5e49b2418aaca3ab85aaa2574c
2026-02-10T06:51:13Z,TWIS-AWenxixi,account.1f067c988d134c8bbeca8561e5f99f50
2026-02-10T06:51:13Z,FacebookDaddyEJ,account.6596f814199242f89b482ccf66f041fa
2026-02-10T06:51:13Z,DNW_Heart,account.3d0a02f8f6584f499521a1234d73824b
2026-02-10T06:51:13Z,kingbaop,account.7efde1e6ec2449c5bff959723507d624
2026-02-10T06:51:13Z,XingKaiYuan-xx,account.421fa2971ed34fc195831df9e1e00c5f
2026-02-10T06:51:13Z,rYwwx03716,account.55b749fc859f4105a264dd5be2c4ff3c
2026-02-10T06:51:13Z,G0-T0-He11-,account.d08eeafbf8ee4f67a7bb52a74109c8c8
2026-02-10T06:51:13Z,VLK_JueLianGe,account.280c45ebf6fa41d1b4476421942ec669
2026-02-10T06:51:13Z,chae_eun00,account.0af46fbc47614bc09e3fa86b820fec89
2026-02-10T06:41:48Z,TAETAEDOR,account.2f37115a32304acaad740e95cb83cef2
2026-02-10T06:41:48Z,PrinCe-BZ,account.9c8b760a97e64cca8899b3fb641d6a73
2026-02-10T06:41:48Z,N-S686-,account.8517dde088c64d96884d58ee9b9fb2ee
2026-02-10T06:41:48Z,MengNan_xiaoban,account.e46ffebc9a2c491c8cad995066978ca3
2026-02-10T06:41:48Z,GueSeo_S,account.1faa70ad79024a3d859efffd5c3fe9d8
2026-02-10T06:41:48Z,ix4-n,account.ce0d3d25f19a466893304acf49ab884b
2026-02-10T06:41:48Z,gosusxngxe,account.074e7a94cf524ae181ee45de4b097b90
2026-02-10T06:41:48Z,McHotDog_27,account.475a3abc74fc425dbb1956a8849d5b02
2026-02-10T06:41:48Z,HJ-926,account.144d31f58f494c219ebbc79c1a3c45e3
2026-02-10T06:41:48Z,SecRet_GunKang,account.518af8bea8c94ef39d301234df5296f8
2026-02-10T06:41:48Z,shit-poo,account.62742fb3276843869ad1fce564e0cb08
2026-02-10T06:41:48Z,LinYi_WangGG,account.a2ae503374884adf8c8fda95a3749bb7
2026-02-10T06:41:48Z,laoliu202508,account.5402c49a8c5c40519240acdb305ae824
2026-02-07T15:08:37Z,Reaper_Ghost-,account.13c263d4169f4f31b0a6487ff6c24434
2026-02-07T15:08:37Z,V_ni_100_kk_bibi,account.4c67f24681254cf9bae902aa92db9544
2026-02-07T15:08:37Z,guagouqiongbi,account.d6dbf381d22e4e0ba1af135415ad62fc
2026-02-07T15:08:37Z,521XT,account.432538965d0f4e5d8016bcd483476968
2026-02-07T15:08:37Z,Gun-Dao-Rou,account.d202a0f88a9b475589a9915acf5784c6
2026-02-07T15:08:37Z,tsukihikari_,account.3e8d5afb71f743d9ba9c44c4ebc470a7
2026-02-07T15:08:37Z,Santokick-,account.2cac257bd095456e9d02381b2cc214ee
2026-02-07T15:08:37Z,oo1oog_,account.09e43c1a80f04109aec53050a18682ad
2026-02-07T15:08:37Z,MaenxGu,account.494827555edb4eec8f4584d52395ff37
2026-02-07T15:08:37Z,Explosive_Jin-_-,account.3bb689737e654e7a8ee4ae753e43fc30
2026-02-07T15:08:37Z,Famous_team_UMP9,account.a20b3b48d224410db9ca1f164d439472
2026-02-07T15:08:37Z,QishangJulia,account.6f719b8834964302bb25d7f790261778
2026-02-07T15:08:37Z,12_TianTao,account.cf9abe5b29a44df08a947531c17cfa44
2026-02-07T15:08:37Z,Kcoole,account.bfd313fd2eb44603a47912bb5f5b9e8e
2026-02-07T15:08:37Z,sakurakono,account.0548ef0c0a834f97a7d819cc4f417692
2026-02-07T15:08:37Z,SSSKK996,account.23043a5e3ac5481aa840ee25a8716bea
2026-02-07T15:08:37Z,Nagasakick-,account.9f4b1757dbb54c6b9a046f86f2483828
2026-02-07T15:08:37Z,sonmina0831,account.ca9431b40af24f1d8d9ffb3fb9d7e086
2026-02-07T15:08:37Z,Burial_Sir,account.37ce08ce5c57465aa96cdf017534efd3
2026-02-07T15:08:37Z,SEXYBA,account.a154f80d63d54996b962e93c3a8f5ad8
2026-02-07T15:08:37Z,EolParkSa,account.cf307191d6c54616a6b7d7001ce7be1d
2026-02-07T15:08:37Z,iiiiLcy,account.577e20cae6274aa596df01e429183254
2026-02-07T15:08:37Z,ilike98k,account.108aea91be654d1bab2e53e0412fa780
2026-02-07T15:08:37Z,Minxiang1111,account.fa402c1d043043ca8dfd6071cce1a28d
2026-02-07T15:08:37Z,HuangDa_-,account.7e3ec4d7554441589cfe7c4fd60c85fa
2026-02-07T15:08:37Z,STEVES---LC,account.1cfbf932160c4f12870d485032222ae4
2026-02-07T15:08:37Z,Hoopapa_,account.9b9dcf620d504d8e90be65656609e4a2
2026-02-07T15:08:37Z,OM_Tra1tor,account.5061bb38a08b47c9bcc50711ce97da70
2026-02-07T15:08:37Z,S2_hanZzang,account.15ef7cc69ac34d2099b5f5b6dafa47bc
2026-02-07T15:08:37Z,zhaogeyeye,account.e4468ad3aee842a1a08f3189fbf2f238
2026-02-07T15:08:37Z,D-o-o-d,account.53fb2e15a4ba478083821c0704b8d5e5
2026-02-07T15:08:37Z,bulgar1_-,account.d6d3019d40e4411880beb1cffbd36a5a
2026-02-07T15:08:37Z,rhdghgod,account.76b38384e38141ef882a41601d3916fb
2026-02-07T15:08:37Z,Wang-Xiaojian,account.25bd1e919c904350944327c620d49b39
2026-02-07T15:08:37Z,Qibaobao--,account.7b2b3ed414ed4c0e8dc60661a642fadb
2026-02-07T15:08:37Z,Reaper_6PGod,account.1e177d3b1bbe475790c3d69ccde04728
2026-02-07T15:08:37Z,pkb94s,account.a332cb59fbd143889114ec3ef05e5789
2026-02-07T15:08:37Z,Lunadia_-,account.45373600225f42f2af5a3410835f1e1a
2026-02-07T15:08:37Z,S2_Rang2_-,account.d5ad8cdb596c44858109e0f1831aff98
2026-02-07T15:08:37Z,BEN_MMMMMMMMMMMM,account.82ebededc129424aab2bc487b5459f9b
2026-02-07T15:08:37Z,liilllllillil,account.793479daa19b4d95b3c80a9e1a0c6281
2026-02-07T14:48:22Z,cache-__-,account.7bcab56feced4cf8b5b2054f0fe43fb0
2026-02-07T14:48:22Z,sxtol_YT,account.53a17b1b35c54f569507eaebea48c5cc
2026-02-07T14:48:22Z,KR_KUMAO__O,account.1038597a10ae469a8b22d76526e4a7c7
2026-02-07T14:48:22Z,Bagirakcalguksu,account.1c0cbb821c064bbaa284d6f84c7009c3
2026-02-07T14:48:22Z,Camelii9,account.68f6236ad1ad4be991dfe986542a11ec
2026-02-07T14:48:22Z,birin_nae,account.a364ec75fa9b4f1482fe09dc6fc12725
2026-02-07T14:48:22Z,meimaobingok,account.ae6be3d390004444af9185bbbaa66774
2026-02-07T14:48:22Z,arr_F,account.f4b5217351f544c086f535de23495a4b
2026-02-07T14:48:22Z,LYGSunSky,account.a59e80b7938148e8a4de3e26adcc7f14
2026-02-07T14:48:22Z,killy789,account.4ff1b22ddd1d4aea95c03e9aad7086d4
2026-02-07T14:48:22Z,UPTempo_Jyhe,account.13a6121d941049c9b7409b6d915e7ab7
2026-02-07T14:48:22Z,niM-gnuS,account.e414a7cbcc494b2aa7c56940b4360784
2026-02-07T14:48:22Z,2azure_-,account.06fb15e2013f47a6951b22098680d5db
2026-02-07T14:48:22Z,KingBingZong,account.8b63a8161ae24c14bcce44f93401e2c6
2026-02-07T14:48:22Z,Zau1zau1_0728,account.bd4483794022485e9c89ade6796f3138
2026-02-07T14:48:22Z,IBAEKSTYLE,account.540da726191a4b6f99e75a1501ead98f
2026-02-07T14:48:22Z,MaSteR_MiNo,account.4c7be67df01b4818932c60209b09db44
2026-02-07T14:48:22Z,xxxiyoung_C5,account.3cb66bcd2c3149fd8c7cc94067eff185
2026-02-07T14:48:22Z,MVPsuper_PengYan,account.21c94089e9ce452ea62f30933a57b6dc
2026-02-07T14:48:22Z,zcxsxc,account.f96be0722da54a85ba5de5bd1cd837fa
2026-02-07T14:48:22Z,JJsung_,account.cf2544b3d49e445185e778671b243361
2026-02-07T14:48:22Z,PerfectBabyWYX,account.ba2d63d7a8e546e0b8ff2b6582d0daa6
2026-02-07T14:48:22Z,GnG_5tanjuseyo,account.41acfe4b08d04eca879e63e3e6dccf92
2026-02-07T14:48:22Z,nobodycareme_,account.8a956fc62fb74d5cab3d774b6f4f5271
2026-02-07T14:48:22Z,SSG_918,account.af35d261e88748c7a9d3f7b755974557
2026-02-07T14:48:22Z,zhangksrong,account.0eb03f8c88794edea19cb0ccfb804c2f
2026-02-07T14:48:22Z,Chelsy_-,account.3c21fb51cd904406a6aa1966ee22748e
2026-02-07T14:48:22Z,Lychee_0910,account.cbbed5b6b72c4cccaea4bf5bfc7ef270
2026-02-07T14:48:22Z,5959VASCO,account.47f69ac5a357425ba7b25f2c2d6a09cb
2026-02-07T14:48:22Z,Subme11rge,account.defc8355384c4d79b91916aa0d39b637
2026-02-07T14:48:22Z,cuzz_o,account.fb6fbe6a8d5d42cc9ca9009269747011
2026-02-07T14:48:22Z,Zore-np,account.a5ba70dd46a64d1ea45eb5623087acf9
2026-02-07T14:48:22Z,HenY_96s,account.bf9312dc5d2044c899a8eb2e33e02650
2026-02-07T14:48:22Z,AimBotWho,account.e8a05de2c24b4d53a341b9e6e0549e95
2026-02-07T14:48:22Z,GnG_BIN,account.d2337328e9b640d1bb3ac75b957831d7
2026-02-07T14:48:22Z,PSJ_KAWAI,account.2a50b16bcedf4063bcf0991665eeb4d3
2026-02-07T14:48:22Z,130_Y,account.716dad7c761b43e6be741a86bb5900da
2026-02-07T14:48:22Z,FantasticND,account.63c1213500ca4b449f8f3eddae7995fc
2026-02-07T14:24:42Z,having0_v,account.de9a7a7f8c53405a8725d3243d47858d
2026-02-07T14:24:42Z,YK_Kamusari,account.e1cd7166eda947acb6eb566735089de8
2026-02-07T14:24:42Z,T1wd_-,account.7b2446d3ad2e467ca796d69780a30bb5
2026-02-07T14:24:42Z,Aim19-,account.665c699da6e74486b92ea9cf7222f328
2026-02-07T14:24:42Z,SeRenDipitY_TZ,account.7069cc2400454e7699497ff20494149d
2026-02-07T14:24:42Z,HakatorySTR,account.301dceace5154ffda7f088b553b0d279
2026-02-07T14:24:42Z,RanMOvOM,account.8c91d098121d49d19fe40f69b8abddcb
2026-02-07T14:24:42Z,sunsmine,account.2cc1268b952e4f06a654a6d284763ec5
2026-02-07T14:24:42Z,M99IN,account.b50e569c5bc34b6e871f3cc315cd74bc
2026-02-07T14:24:42Z,BabyBear_Nian,account.ae4acf4d9abe43b5a6e86fb084808013
2026-02-07T14:24:42Z,DDF_smallfanszzZ,account.5b938eb34d6440a380cc233c924ce778
2026-02-07T14:24:42Z,GTX-Nian,account.10b64e7f9e484e3abde825b1a2def4a3
2026-02-07T14:24:42Z,rz___666,account.e89c0644c8dd46a7a38aa494ffbb497e
2026-02-07T14:24:42Z,XS-xiaocainiao1,account.e9d697cef0af4bf6900ccf5016f241ff
2026-02-07T14:24:42Z,FORCE_JUN,account.b9c0e49bd8374e19bf9a92dbb97a1a45
2026-02-07T14:24:42Z,Monica785467,account.de895e398200409bb0b6a96f95902350
2026-02-07T14:24:42Z,DDF_KKBond,account.31e4978b45ac4619b01fa717b3835c3e
2026-02-07T14:24:42Z,WsNd_oervo,account.6ff04bd7be50485a944e22e54a08dd88
2026-02-07T14:24:42Z,FORCE_SE06,account.c3f314375cc64aa2a2bc55348962633b
2026-02-07T14:24:42Z,Boss--Help,account.181526e1c2d1415f9eb086bd65cbccfb
2026-02-07T14:24:42Z,Prosing,account.d4213c77aa8c4e01b72cd43fb7cccfca
2026-02-07T14:24:42Z,67O89,account.d39f0bd7fcaf403d87e3519952d15b0c
2026-02-07T14:24:42Z,Saoest10,account.92d33998968c423b9aa057c04925ea6a
2026-02-07T14:24:42Z,Rclub_Luuu,account.5ada53391e274a7c9006575485d9dc5d
2026-02-07T14:24:42Z,BiLi_93051,account.1fc3cc36a6584673a1d1d1292f1fc5fe
2026-02-07T14:24:42Z,CHN-_-2017,account.2ea8f850aeb44dd18f312de65efe9fe0
2026-02-07T14:24:42Z,5357-_,account.c0b76db50e4f4f09a62c57d636e0661c
2026-02-07T14:24:42Z,Lavasia1218,account.27a7fef1d82e46d3be8e4e39df8771bb
2026-02-07T14:24:42Z,mo_obing,account.9acefe2d7dea4b8eaf0461137369f049
2026-02-07T14:24:42Z,EDC_MRV,account.60d608bbb1a344bf97117ce0ee9b2c8d
2026-02-07T14:24:42Z,DDF_DR-i-nk,account.8c28a6bf8e844325a87d3b30b3a1af6c
2026-02-07T14:24:42Z,i_1987,account.5feed72dcad74abdbcefa03f3e94b1e9
2026-02-07T14:24:42Z,0O0_00O,account.7b2e4ac276e6487ea28ca8f5304d6b97
2026-02-07T14:24:42Z,raming0_v,account.c4934d6b2d7d4728bfa97d9518415b53
2026-02-07T14:24:42Z,LetersAlive,account.5eca50ccc4a84bef8771dea20a57df70
2026-02-07T14:24:42Z,i1uyuu,account.379905d004d64aa5a84c4b4a20ac206b
2026-02-07T13:50:23Z,CDmetro_SSVGG,account.a491a416da7d4a8a92c98f7c3fc72664
2026-02-07T13:50:23Z,IR0_O,account.9e9c3b5671bb42bf8476e5ec51ce2c2a
2026-02-07T13:50:23Z,ZOT_na_SiBal,account.b4c3858b353f42e99f955e07552c8a37
2026-02-07T13:50:23Z,137Cy1,account.22a8b011f6ad49e7a799eb02bfd1f93a
2026-02-07T13:50:23Z,3ooh_-,account.1c9b35e659b24536894fc7e1fb0bc454
2026-02-07T13:50:23Z,China__Wen_,account.470b5c5591e8469ca7319427494eebec
2026-02-07T13:50:23Z,FTD_1aCathy,account.ff891b190b814740954347e610d36602
2026-02-07T13:50:23Z,KaiZi_LAian,account.0ae2b39d5ac045728701c50e28157fde
2026-02-07T13:50:23Z,PeRo_Ahxleft,account.d605a63eeba346cabf9e62df6e4c5009
2026-02-07T13:50:23Z,HeSimaGuer,account.9942ee35b6af415fab5300d0888f5e5b
2026-02-07T13:50:23Z,baechubari,account.0e9d053a26b6447b8447dd11089520fd
2026-02-07T13:50:23Z,Curer-,account.72deffa9be8a4f0a8ddbe3ff1c14b17d
2026-02-07T13:50:23Z,rmaksEofuwldms,account.2f9990f2e61c490bacd59d79290d698e
2026-02-07T13:50:23Z,YDIOneTop,account.8ef6edb61e824859960e4920168e8cbb
2026-02-07T13:50:23Z,TYR4NT-_-,account.24402dc304e746b19727e56372462968
2026-02-07T13:50:23Z,LiYi-IKUN,account.ed6ab6757121444b9ccbe90c12d2bc47
2026-02-07T13:50:23Z,Ca1_Niao_CJDL,account.ad8ef5705c9b4e9b81f3c36b37a90bbc
2026-02-07T13:50:23Z,yulmu_-,account.6949eccfac1c47dfb621e5b06833163c
2026-02-07T13:50:23Z,M1ng_Nu,account.74980345656c462289a1acc1f6ea3b0a
2026-02-07T13:50:23Z,Best-0479,account.ff74aed3688e4ef7b839b77c5dc439e5
2026-02-07T13:50:23Z,Kovvak,account.817964659c6b47b38f4a47adf6a6381d
2026-02-07T13:50:23Z,xuage31,account.a9c676c00a284cc7899ba97b3ee0ca32
2026-02-07T13:50:23Z,Nar_ping,account.d8e5273e63c349b2ae0cce7948d69964
2026-02-07T13:50:23Z,x2-Tettoman,account.cc371626f0b14896af5573444627b262
2026-02-07T13:50:23Z,voqds,account.9fcd66aa3d27469599b8a7f6c8f3fed7
2026-02-07T13:50:23Z,CDmetro_MangGe_-,account.f5a774572c6741c58718b488ea769263
2026-02-07T13:50:23Z,PhoenixMarco-_-,account.54dbcd14745247509d29da09987f899e
2026-02-07T13:50:23Z,c_2un,account.1a49ed3524d34af688e7e3357f500169
2026-02-07T13:50:23Z,Atum-Sheng,account.8e2f5b083f904886b0cb5bb9e5073201
2026-02-07T13:50:23Z,Madlife_Mi,account.636d5eb11872427b89c3df0bf540b9f3
2026-02-07T13:50:23Z,suzukitten,account.8458082a3ade43b9b811037e889c19a2
2026-02-07T13:50:23Z,AVGAVGAVG,account.df719d6e3c13450a90d4d99fc605bfd8
2026-02-07T13:50:23Z,push_ah,account.de2485ed728c413fa0e6d9f62389bd56
2026-02-07T13:50:23Z,KoR_CarCun,account.446fb0c76ecf47a6af86c58cfc927a84
2026-02-07T13:50:23Z,19-71100973,account.921513dcde8a49c0a08523cbb601e6f6
2026-02-07T13:50:23Z,dlgkwns01,account.5041a98469cc4f2986ae38abe6433717
2026-02-07T13:50:23Z,XiaTian-xo-xo,account.2077033e5a7e485db4f9b31f576fb6c7
2026-02-07T13:50:23Z,CDmetro_133737,account.988a86c6865846b99244ff67f1fa83bc
2026-02-07T13:50:23Z,fkqlsdhr,account.c4a0e1122dc04e6e9f1276d956d895dc
2026-02-07T13:50:23Z,Stride-0919_fly,account.7350fc3056064859ac672cc6900e3a89
2026-02-07T13:50:23Z,cjzmmmmmmmmm,account.67324f9611ea4283b4bf5b54a48fca46
2026-02-07T12:48:55Z,LuoyangK1,account.29ec751f76954318b786a4715d31395c
2026-02-07T12:48:55Z,Gc-_tkd,account.ab058d38c80f409695707bca803e6240
2026-02-07T12:48:55Z,Hello_Serein,account.ecbac5463a6443279c362e97f1c3c63a
2026-02-07T12:48:55Z,Wokatory,account.95ded0d32f6047d0a622e4637a250d54
2026-02-07T12:48:55Z,wookL,account.ef1a092b10fc47c9b12aefea0006ed93
2026-02-07T12:48:55Z,MansionTS,account.68d5b7c52b494ed1ad2d26575d2475ae
2026-02-07T12:48:55Z,Dongtanggo,account.54342c0d3ece4b58abf4d33e2c909290
2026-02-07T12:48:55Z,HYUJE-__-,account.f0caee4b8bd24fd68f6cf3ed23f0f594
2026-02-07T12:48:55Z,TiGer-Fanyoo,account.a145163e3d3d4d749e1fac28472b7fa5
2026-02-07T12:48:55Z,Guts_DF_5B,account.4509fc14f5c54fd4b8b0f157a418cadc
2026-02-07T12:48:55Z,heug-u-mallang,account.952c888f0e0746c8a30fff21d4b7bd96
2026-02-07T12:48:55Z,Barrett-o-,account.95d061d8bad44309ac45a1955f7e4037
2026-02-07T12:48:55Z,TiGer-NanxxXXL,account.106093de2efd46c09aad7163a62d2de7
2026-02-07T12:48:55Z,Geumjjok_i,account.21b1bd150eb04ac9bab5ab74e6fe021f
2026-02-07T12:48:55Z,big_baby2020,account.3fb26792440c4bfe899f185de499c180
2026-02-07T12:48:55Z,GUTS_DF_5A,account.d60bd02260204d149b51149ce2f90b84
2026-02-07T12:48:55Z,Salgu_sexy,account.28134142b31d4ebc9d7ed3558f56e2d0
2026-02-07T12:48:55Z,a_laogong_,account.6f4c50dcd7784ca3a8b309113a494cd0
2026-02-07T12:48:55Z,Azrael_Qingchen,account.a3c7dbd3ed35449abddb646bf854ceb3
2026-02-07T12:48:55Z,DSMGHC,account.226ccb1188bc4a678d7335efbe1c0034
2026-02-07T12:48:55Z,RARUNG-__-,account.874b5456c92c41818d9f85b02f7f56ab
2026-02-07T12:48:55Z,leejk0427,account.8a050fd8a63940ccbd7d787e688e31fb
2026-02-07T12:48:55Z,pura_11,account.d6fa942946a744fa8dd7d5ed98364b50
2026-02-07T12:48:55Z,TO-XLiu,account.c1faa5b651af45159092ca89006416a9
2026-02-07T12:48:55Z,MaxsArke_Lei,account.99cba6a6e9324aa5a8283c51bf2f625c
2026-02-07T12:48:55Z,WenqingOVO,account.52ff36ee8157485f8d30b791329addec
2026-02-07T12:48:55Z,HOLCANO,account.2143ff341d6546c7a2e2e9f0f6893882
2026-02-07T12:48:55Z,Nokia_N90_ToT_Hg,account.fb49356180d24708b574b80f6f6feafc
2026-02-07T12:48:55Z,masterunited,account.67bc6999f1f74a929f3c7375928939be
2026-02-07T12:48:55Z,Smile_Cd1982,account.e2e1310f8bde4e0384f5fb1e74d90dc5
2026-02-07T12:48:55Z,DHyeok-,account.56374c6f51b44685bd04fc48e2f3318d
2026-02-07T12:48:55Z,Alley_chian,account.39acf3d89ff049f3bf714f03d7e660ec
2026-02-07T12:48:55Z,Nokia_N98_ToT_CN,account.e2c467c5f08c4d20bbde69a1c65aa22a
2026-02-07T12:48:55Z,NoKia_N92_ToT_xX,account.b64032ef75694e849ce2ad519c03a235
2026-02-07T12:48:55Z,PKS_-hxxX_-,account.95d2369b38e44946a04c2cc4fe6710d7
2026-02-07T12:48:55Z,01gosu,account.3b6a91637fa340f49395bd155922ea2e
2026-02-07T12:48:55Z,Guts_DF__5C,account.995890f56e9942a3a22ed0c89ef7a8a8
2026-02-07T12:41:33Z,TsAiLong,account.94b34de62d10480f92c78199c5dd64f7
2026-02-07T12:41:33Z,ZY-8688N,account.58c9b2ecee43405d9f0c022125df55ae
2026-02-07T12:41:33Z,lknucklsynd1cat,account.f353a774ebe5427f9e8c73123eaa4c80
2026-02-07T12:41:33Z,seoultukbyulshi,account.c21542aa5a2e4fc883789fda7b71d9c9
2026-02-07T12:41:33Z,x4p_Line,account.c843e02a2aac4824992eac67d2618daa
2026-02-07T12:41:33Z,Mindoohong123,account.79875c7692ef499cbb93c6b03ad71636
2026-02-07T12:41:33Z,ZY-Mx826,account.d62f518f2e954678b89a0721bc462573
2026-02-07T12:41:33Z,P1uVia_,account.62f1ef996f3e4ac1a112633cb4ee9f2b
2026-02-07T12:41:33Z,JJin_Mandoooo,account.dd64de1f18724e2abe359afa822496b2
2026-02-07T12:41:33Z,Puffkorea,account.fced18bdadf042cd8fd01c6a592d5656
2026-02-07T12:41:33Z,MX-kangkang,account.52d97791c3b5431c92a71c43030a1473
2026-02-07T12:41:33Z,Lyjs126,account.367fb0bc2fa0463b8d153166cf66138d
2026-02-07T12:41:33Z,PeaceAndLovesnow,account.40cab4e0370b407393e06039772955e6
2026-02-07T12:41:33Z,x4p_5haMMa,account.c33153e302984ff189be8cd685555841
2026-02-07T12:41:33Z,CP_Boracay_yaya,account.48cd133fef8e40239909374428eab929
2026-02-07T12:41:33Z,Pabo__-,account.2d722f5cd0e741acbbaccdad9031ab57
2026-02-07T12:41:33Z,KoreanXDD-_,account.b0d4b9261836484f96a9477a95ab7112
2026-02-07T12:41:33Z,xiaochou627_,account.93f29f930af143448f3b211638453667
2026-02-07T12:41:33Z,BZ-1027X,account.873e9c94e1764ea59842c6d3a52c884d
2026-02-07T12:41:33Z,GEN_Mingki,account.3e74d01a07a54e1787ff3a740b2197ab
2026-02-07T12:41:33Z,Mx_XiuDxiu,account.0be9cfdae5fe48e7b7537929e6ae2415
2026-02-07T12:41:33Z,YOURMOMCEX,account.edcdc654fb4049ca985349dee7f362b6
2026-02-07T12:41:33Z,4AM_Creampan,account.0dc313e8a1db45a5a91315c7a1171c4e
2026-02-07T12:41:33Z,meorukiller,account.0f4dc0974c084b0f85480ee59502e7dc
2026-02-07T12:41:33Z,Ha2kkyu,account.ca92dbbbe33a4bbab5c27677e8389e8b
2026-02-07T12:41:33Z,anamura_________,account.7206f94b38cd4b7aa13097252af0fdb5
2026-02-07T12:41:33Z,2s_IHan,account.a3aaccdef68847c3831240761a226652
2026-02-07T12:41:33Z,NiYouYiDianDai-,account.176d357b992647bbbb2161de7e31bb6b
2026-02-07T12:41:33Z,Lw_Ygg,account.070b129ede8a457bba915310c01cf7d0
2026-02-07T12:41:33Z,Buxdxzxr,account.f7ae27f88a9e420fadbe5fb7194525b1
2026-02-07T12:41:33Z,PeaceAndLoveTian,account.04ab9535e946477795e5db4c6a6e93bf
2026-02-07T12:41:33Z,ZY--M6752D,account.a66325a5c6c24c31afb1c0baadd0091f
2026-02-07T12:41:33Z,GimhaeAssassin,account.ee32c2adfecb497db7937159624d3197
2026-02-07T12:41:33Z,LxxxxxxDD,account.7997a9fd58de464eab134f0b181b00f8
2026-02-07T12:23:10Z,NX-XW,account.93bc5c26b0b0490797f357defe7addc9
2026-02-07T12:23:10Z,Babylon_ll,account.267df2e67f4f434f9048d4b8d0d5a313
2026-02-07T12:23:10Z,Sneke-yf,account.97ca8f39ba4d4a75a5434bfeb34844b0
2026-02-07T12:23:10Z,wxwjun,account.c390983f0f2747b2be3ab4adc8de1a8e
2026-02-07T12:23:10Z,2R-FF,account.821c0b526c754ebda0af185943617aed
2026-02-07T12:23:10Z,SL_goper,account.0dd2a798624842879c875db2340f1d9e
2026-02-07T12:23:10Z,Babylon_m,account.8ed23012727d4ddc90018335f6d84779
2026-02-07T12:23:10Z,rvv5px11u,account.acdeef067a17460696f5effd20c3bcf3
2026-02-07T12:23:10Z,aFaLeo_-,account.acc03c0425f146c4b4b198bee3744559
2026-02-07T12:23:10Z,Qingwa_8,account.666a6d7b4a5e4801bc58732a66f09aa3
2026-02-07T12:23:10Z,SeokJoon98,account.fb85ef93a7a545d592bb2ce364af903a
2026-02-07T12:23:10Z,PU8G-M4AI-S_QAQ,account.cfcf90ba04394ab49354a0b668c17a7d
2026-02-07T12:23:10Z,Z_zhaopipi,account.30eeebdae4534b1dab59adb555628c91
2026-02-07T12:23:10Z,Team_GND,account.664fa499618e44b3a26cf240475f86f2
2026-02-07T12:23:10Z,c2n9,account.3c0710246b0444e7876bd7163991612d
2026-02-07T12:23:10Z,o_o_husky,account.0423dd5d4a4f4d8094be2af18941a9d3
2026-02-07T12:23:10Z,ayofuxx,account.830952ac1ea741d3b96662ee9090919d
2026-02-07T12:23:10Z,wanadone_vape,account.e4f1f5fe9a114de38fc7db637af0f741
2026-02-07T12:23:10Z,Aholic_mYY,account.eab91cf7c8254de19af6f033567d21dc
2026-02-07T12:23:10Z,xino_23,account.947868ab9c7048259da70cb08a056634
2026-02-07T12:23:10Z,YonG_GunG,account.4bee3651852a4d97b94e396bb96befa9
2026-02-07T12:23:10Z,HG98-,account.21c0526ef96c49088fc35ad68b0b61b7
2026-02-07T12:23:10Z,Dale7_-,account.2eb22f861dca4272af8084445e66b44d
2026-02-07T12:23:10Z,xoxo4,account.99f0c103ebdc478cbf2bb78a6c2c4126
2026-02-07T12:23:10Z,ManDu_Ra_C,account.e97d3de65653465494a64c5fde4ccea2
2026-02-07T12:23:10Z,YHZ_YHZ,account.b2117281b79745ecac5b1283e8ff7207
2026-02-07T12:23:10Z,INX__Inonix-_-7,account.ca6555c9d07044a490ef1883dbc30a8d
2026-02-07T12:23:10Z,FaZe_Rose_-,account.ba75610d1cb74a9bb89ddb366b85120a
2026-02-07T12:23:10Z,lovepec,account.1cca07a6a26143a7a77f66688426ec2f
2026-02-07T12:23:10Z,Alt_june,account.4a0581fdbda44180a8f6ddddc54762e5
2026-02-07T12:23:10Z,OM_PrxYy,account.37ad16337d0c43eca9633a21cc4dbd6f
2026-02-07T12:23:10Z,OM_Pez,account.c8f11ea0bc454c8984306944c5e18e34
2026-02-07T12:23:10Z,Hye_seon,account.ece553feae144605a8a16ba094bce664
2026-02-07T12:23:10Z,ttu_ttae,account.04e284d483e24a2492795cc2ab94dbe7
2026-02-07T12:23:10Z,Saroka_baek2,account.5d78f39760874749a84d91e4ad1a65e1
2026-02-07T12:23:10Z,FaZeFuzZFace_-,account.67b27f798980445aad8bfef29d7b0c47
2026-02-07T12:23:10Z,Hypfg,account.ccfacb11b50545a89309c070129b4a10
2026-02-07T12:23:10Z,gkstkdwls05,account.2c4f366dbccc49259a44465510458946
2026-02-07T05:17:07Z,UncleFan-_-,account.877672305dc048dc8af81b299e661cd6
2026-02-07T05:17:07Z,Rabbt321,account.3196f6abc29c4cd19b45c274dd3f9bca
2026-02-07T05:17:07Z,MuZhixun_1,account.bd0fe8760b084068926baa2a988b8d85
2026-02-07T05:17:07Z,P0YANG-V,account.62bdc575b8ce4631bd8fe5134a14e92a
2026-02-07T05:17:07Z,piro_lucky,account.f76403c89ba84b409de44a9223ead4ac
2026-02-07T05:17:07Z,IAM_YUSHU,account.7bd8e027efbf4fa6b5a65ebbe20969ee
2026-02-07T05:17:07Z,ZergJaedong,account.bb8016f860444db5b329e923b6151ee0
2026-02-07T05:17:07Z,Dragon-Nsw,account.5fcd8ed1198b4695a236dd1c7eb2575b
2026-02-07T05:17:07Z,maxjunbin,account.46e9fee147b940a585ad7485e59b3115
2026-02-07T05:17:07Z,wang2207,account.f84b97cfe2394ace90bdfe5ec81d7964
2026-02-07T05:17:07Z,Bogapzze1,account.265aae94d3bd4376bf1afe641476f8f3
2026-02-07T05:17:07Z,nikki77777777,account.c8767a315bd8429a8e2e722b0ffbc070
2026-02-07T05:17:07Z,Deepsea-Sunburst,account.e6f7577dbe8f4a8d85b06ba89006e8ce
2026-02-07T05:17:07Z,RX_Atlas,account.abe16be0b99243b680559656eceead49
2026-02-07T05:17:07Z,Liu-Nao-Nao-,account.2f388767c34c4cd086853e126f8cd2f9
2026-02-07T05:17:07Z,555pk,account.8b3cf0bf1d7b4807a31147319ff8367d
2026-02-07T05:17:07Z,Xiao_Wei_Lu,account.3b4270c973a64e46a5596da0db8d78cd
2026-02-07T05:17:07Z,tlqkf215,account.b1029dfb6c52466aa6e07c9951329b06
2026-02-07T05:17:07Z,azy35,account.a3da5104c32140d9867ab92d678b503e
2026-02-07T05:17:07Z,lyr--201018--lyr,account.6fb60ad8a2a84819ad6fa2a79da1a550
2026-02-07T05:17:07Z,HUYOURUN3,account.e79b90943f1c419f9fde8ffeb675f771
2026-02-07T05:17:07Z,LOVE___WQ,account.61f0a1ade4454855a49a5915543bd40d
2026-02-07T05:17:07Z,QJwudi9527,account.ccf4c7bd24c54d1f8254ef23691009cd
2026-02-07T05:17:07Z,9751_-,account.9a0594b4f47f4c5ea6e2b0c7d5154afe
2026-02-07T05:17:07Z,hyun1021,account.7844625afd6f49e28b3b601025d77536
2026-02-07T05:17:07Z,FeuchterFurz40,account.4c74bfd6dfa243d0b46f0879f80ffa0d
2026-02-07T05:17:07Z,Tianxiweiweiwei,account.900d4787156d4c9a80a05db8d5b2d115
2026-02-07T05:17:07Z,GouZa_003,account.4e6de44dfcca4d04875d2fd5def2dde4
2026-02-07T05:17:07Z,LynkCo_03-Fye,account.685656a8f0834533bfa7a0814fb7b91b
2026-02-07T05:17:07Z,FG_niub1-_-,account.176f93ef9e97404c93f24c81557d0bd4
2026-02-07T05:17:07Z,IAM_FMVP,account.a8e992dd813c4c07981bfa3005f04d7a
2026-02-07T05:17:07Z,Tattoo-ick,account.826505b57c084c3b91a1642af44ef1d8
2026-02-07T05:17:07Z,9357_-,account.c3afdfe23e9c41bb96ecabdc8034b0ac
2026-02-07T05:17:07Z,Tao-2230,account.1e85e1017592433fbc8e031be8c20cc7
2026-02-07T05:17:07Z,lovenoodlef,account.80dae21bf066420288c780fe68f8198b
2026-02-07T05:17:07Z,ZxCvBbNnMnVBc,account.7fa51ff2d8354aeea8864d9bfcb560b7
2026-02-07T05:17:07Z,HappyNewYear-__-,account.e49dd361981a421fbdc5b3c935b344c0
2026-02-07T05:17:07Z,Huery_c,account.1bdc33ca823c476cb122cf4a5229e976
2026-02-07T05:17:07Z,guodi3gehao,account.b0e44ef1f243449cac374c852c4cefd3
2026-02-07T05:17:07Z,Bojka119,account.5f9abdcc505a4d9dbe8f6634bde76e03
2026-02-07T04:47:15Z,FengChen-JueNIan,account.6e6f8a9956f3413c8bcbc5f140b06763
2026-02-07T04:47:15Z,Blessed-BaBa,account.3adfd9b35219467a8304e3aa991d2d12
2026-02-07T04:47:15Z,LSP-MSI,account.6d65ca1f192c432ea79da4bde3a0a471
2026-02-07T04:47:15Z,A-zyk-shuai,account.7b8a14ea8306434aacfeb0e122564f19
2026-02-07T04:47:15Z,Thhklol,account.a920cbd666f141dca79830eb97836ce4
2026-02-07T04:47:15Z,CQTV_XSY,account.35e7d9b374c848348399a7104f91747e
2026-02-07T04:47:15Z,S0NW_-,account.576be54436804b098dce3bef9beb116d
2026-02-07T04:47:15Z,4HY_Muzi,account.321d077f36f5425ca42c605f56f1cbcc
2026-02-07T04:47:15Z,Fzdmx-666,account.6aed396b98ae46bc8a7e7241547d4120
2026-02-07T04:47:15Z,shaxinguanyin-,account.2cee29cc54644860b0704bf453ca39ff
2026-02-07T04:47:15Z,help-looker,account.c21fd0b5c2204cd4840a87a1c33b9d8a
2026-02-07T04:47:15Z,Persuasion_WW,account.31127fcbf3334cc3b581b618b31682ca
2026-02-07T04:47:15Z,Nuvora_,account.d5ad2d884e6b4f8eabba538a28825023
2026-02-07T04:47:15Z,novice_kmta,account.086bfd7e8d6f4586856f90fdd08bd5fd
2026-02-07T04:47:15Z,71ie,account.b8507297b3574ca482eb0bcd0ca77f16
2026-02-07T04:47:15Z,fendou98k1,account.241f624e205344f2a15b7fe8c354ba26
2026-02-07T04:47:15Z,wangkelianglb,account.7b09524a25c9489c8cfbff5463e7c90c
2026-02-07T04:47:15Z,Freedom1189,account.be4ed22ed9664d2993b67b4b4e4233ef
2026-02-07T04:47:15Z,LazyboyLucklove,account.96dbf827938c4f6b8fe00989da6e5c69
2026-02-07T04:47:15Z,Hakuna-Matata-_-,account.9bd7f055b163429da4e3520747437041
2026-02-07T04:47:15Z,Predator_XZZ,account.483f4eefb60f4f35bf85e71c749ee3c9
2026-02-07T04:47:15Z,sir_1998,account.9a4c3074c5a04a89b734d83aba9ea2f2
2026-02-07T04:47:15Z,Zz_Berylking,account.bbe8dbe309c34c11940430ef3e575153
2026-02-07T04:47:15Z,suzhii_,account.88272d9096674ab99d66ba13a9360c51
2026-02-07T04:47:15Z,Fyb1998,account.a417cfc3175a4e4eb06e60ed2d8290c3
2026-02-07T04:47:15Z,xiaren--1,account.70ef8456e39a4ec0bd58fb6217b66060
2026-02-07T04:47:15Z,hyf_dagongzhu,account.268f9a485adf418c9d63bb239fe40dbd
2026-02-07T04:47:15Z,Ztao11_,account.bde5d0ece87b40ba9e0fe36e2ae2677a
2026-02-07T04:47:15Z,UrDaddy_JueFei,account.095de051e62d4472aa3533b775a16e4f
2026-02-07T04:47:15Z,LL-Y-Y-Y,account.80488baa94084589a63dd307b82b8bc7
2026-02-07T04:47:15Z,Elaine-Yolo,account.5ca93b238cad4a9a975bfd8039226446
2026-02-07T04:47:15Z,He1Ye1,account.9abc575a17614f31a840878cf87f1cb9
2026-02-07T04:47:15Z,The-uboy,account.b74e9a731e0d47a596a621264712bb95
2026-02-07T04:47:15Z,George_WWW,account.d374d3668f984de088a28a36893f0b9b
2026-02-07T04:47:15Z,MMB-YOAMG,account.c68086e430d24df18486d50c23cafed1
2026-02-07T04:47:15Z,2023-08-23,account.23a5f47ab8664fd9ab6ec9c6562772e7
2026-02-07T04:47:15Z,S-xuanshou1_a,account.18acedfdf59147c09423b13f79ea87a2
2026-02-07T04:47:15Z,Starryskyrobber,account.12402417ae1247d58364f66023caffab
2026-02-07T04:17:29Z,Z-ChinaNo1-Sheng,account.ff9131ed90224c8ebdb8a578e9222c7c
2026-02-07T04:17:29Z,ahzhendeshuai111,account.b75fcf5ce26c4056a2e2d42ac21729db
2026-02-07T04:17:29Z,Th0masss,account.ee926580d9e74fc298d229c9354cc3ef
2026-02-07T04:17:29Z,Evolver_Yang,account.70b837d0841f4af09a2c4e8ac4d8f9ee
2026-02-07T04:17:29Z,helloxiaochen,account.1bfc8241c964431e919a9ef333e68008
2026-02-07T04:17:29Z,xihuannide,account.2ffa0e7f88144c4c8f15820a156fd791
2026-02-07T04:17:29Z,Xiaodidiwudiya,account.7b122ceb0cfa4c72aaa41fa65c3f190f
2026-02-07T04:17:29Z,PingGeGe_-,account.c611055909894732856af238b4311dc1
2026-02-07T04:17:29Z,Douyin-aji,account.d40cdad868ca43999afb05bf3ae4b10b
2026-02-07T04:17:29Z,San-_-Wu,account.e555816174b449b2ad722d29a4fdc9d5
2026-02-07T04:17:29Z,Team_Lyu,account.395c6de693cc411f8a47ad1f9d9ef4f5
2026-02-07T04:17:29Z,LuEu_r,account.697fac2aee9742c88223127eb5a70ea4
2026-02-07T04:17:29Z,China-_-Johnny-R,account.6963b2aa3bf844c982b240159458bae5
2026-02-07T04:17:29Z,Smily8688,account.8990d8ed717340c9b6d2d667b0f63a9a
2026-02-07T04:17:29Z,lxnelx,account.3ca2baf9788c4d799f3d4ca33616c8f2
2026-02-07T04:17:29Z,ARINE_-,account.bcaa0762aa2f4d10a47ad96f194161f3
2026-02-07T04:17:29Z,Wsnbb-HH1,account.0625f15d9bd04716a086ff622bf67926
2026-02-07T04:17:29Z,x2132348,account.9ed8fef8f96b40efa83f0f746718a5e1
2026-02-07T04:17:29Z,tmahdlf,account.a254b52cd3d14ed6a071fb660e09b5ed
2026-02-07T04:17:29Z,Lanel_ultraman,account.1cd1d773a7ea44a4b42b27932b0f4120
2026-02-07T04:17:29Z,ZHEN_Aurora,account.3388b22d2c5a457cbfec5f704b4568b3
2026-02-07T04:17:29Z,xuning123456,account.c539a24b3db04223835d66ad428a49ff
2026-02-07T04:17:29Z,HX_8898,account.3787b49fcb324dd986502650c6f3f814
2026-02-07T04:17:29Z,T1_CH0R1M,account.cf0c46d3c6ca4ceab30bcd250a7f5cfd
2026-02-07T04:17:29Z,daldalbubu,account.0a9d84793a4a4578903c963626ce6339
2026-02-07T04:17:29Z,AideN0420,account.3fe9118f6a8b4bcab42848e6d2867440
2026-02-07T04:17:29Z,GEM-Yalo,account.8e2d0f8cb87f44f58ef17bb4c068d45f
2026-02-07T04:17:29Z,Huimin_JJLi,account.138310c726764a61a5a63fa8805801f3
2026-02-07T04:17:29Z,na1z-,account.6602eed09df64764be25864316e603e1
2026-02-07T04:17:29Z,MING-S-,account.a1623bbef7604dc48bd452e760ca45e7
2026-02-07T04:17:29Z,UKkiki_-,account.b26c4ae7e2034483836936411f07e0d3
2026-02-07T04:17:29Z,cruisin11,account.0f955498125f47bda9dabcc2a2d955b6
2026-02-07T04:17:29Z,0827_X,account.63abbd0e5f6942dc85db96939f1c6a0b
2026-02-07T04:17:29Z,LW1hao,account.951e062d209b4786a4b28633e2848237
2026-02-07T04:17:29Z,Yhy_zpw,account.dbea96d755634762904c82f86846da09
2026-02-07T04:17:29Z,jhyuigyuhb,account.518ea30303f54f2aaef17dd131512fc3
2026-02-07T04:17:29Z,OBL1VN,account.b879f764b72a4f40999a9b5d72e33de1
2026-02-07T04:17:29Z,Abdull1122_,account.d20f5455fdc140159a92c0a191bfb4c1
2026-02-07T04:17:29Z,Europe_s,account.d7312935a1054766a6f382de837fa657
2026-02-07T04:17:29Z,YY51215Conan,account.5a3e41794a7941fabfc7f0f97a087396
2026-02-07T04:17:29Z,Flas1,account.19c866014ef54f5682b95ea10f371949
2026-02-07T04:17:29Z,anJZ999,account.b183f675ae29422d86002d9a37b7e17b
2026-02-07T04:17:29Z,wang851221,account.3cbfdc3293c143dda87fa7ee619c7a2e
2026-02-07T03:51:24Z,XGKK_se7n,account.f7087c44fafc4e9fb06c53398986a35a
2026-02-07T03:51:24Z,Im_ZZZZZZZZZZZZZ,account.8db126cb567449d2a3aac94b506c0927
2026-02-07T03:51:24Z,Sanmm1,account.162ca25b563a49218172a24b6d554b32
2026-02-07T03:51:24Z,777778_-,account.6ca6ebcb210d476faa6aa8f58fc80556
2026-02-07T03:51:24Z,330595455,account.169b49fa3ba94c2b8ba3bf88efcb0bbf
2026-02-07T03:51:24Z,Jason_Ff,account.db659ed945e742e2b4fcd1facafa7cec
2026-02-07T03:51:24Z,MadStar_RAL,account.9cf924e092d348c4adc900e15a7e469e
2026-02-07T03:51:24Z,CaiJi_Big_God,account.9defabbf151c45fc8d3b2ff340dc5994
2026-02-07T03:51:24Z,MAMBAfocous,account.e8cdae89d6614ed79490f59addd8403e
2026-02-07T03:51:24Z,M-777L,account.2d1954fc72384ba2b3e13ef9064fdf04
2026-02-07T03:51:24Z,Clown_7888,account.13b9f2956917495ca3eaaae9db7bdef2
2026-02-07T03:51:24Z,MrCHzhang,account.c99602579ac647428c915b7b2769770e
2026-02-07T03:51:24Z,baoliwuye,account.d907a76e941d41c2bb6c29012e7c63a9
2026-02-07T03:51:24Z,Ami_QQ,account.7b01f0fe633b4247a9464931a82d8a7e
2026-02-07T03:51:24Z,daXM_LC,account.e2cfe96f9a154c178ff5bf267f2e644e
2026-02-07T03:51:24Z,Yinj1ao_,account.3f19a3f4efb640ed8a7ee4973bfdf889
2026-02-07T03:51:24Z,kimchalsoon,account.e8e8223b1a8f4d42b258f58fed4866ea
2026-02-07T03:51:24Z,Brooke6888,account.ce8c0a77e0fb4376a0a9022c7219199a
2026-02-07T03:51:24Z,Zhaoyu-smile,account.b90c02ed662540fe935b0244187c8163
2026-02-07T03:51:24Z,Cx330__DD,account.5677c3ba36c3435e9ed3ea301f274411
2026-02-07T03:51:24Z,dongbeixinge,account.9f22a7e457084bc5a55397e7b933930b
2026-02-07T03:51:24Z,Ami_r,account.acee2f23f09549468034ff77f340c427
2026-02-07T03:51:24Z,Derive--77,account.809493129ea84ae1b7147237d79de79c
2026-02-07T03:51:24Z,MRmaidong,account.79f71c0be3404eaaa8e8e9eb264e9238
2026-02-07T03:51:24Z,Gibaek_2,account.10d36715bcbb4124b860e651cd805880
2026-02-07T03:51:24Z,nibaabashiwo,account.d682aa7d3d9b484f8789356576d5157d
2026-02-07T03:51:24Z,bc1023,account.999e8485454a44c9a373eb12d2023228
2026-02-07T03:51:24Z,Swallow110,account.2b63d7e9c0a64a569cea609c3c97471d
2026-02-07T03:51:24Z,GM_Jerry,account.e24c517f21db4899b3901187684328d4
2026-02-07T03:51:24Z,Ti_duu,account.d638bc8cd9cd482ca938fe600eaf0b8f
2026-02-07T03:51:24Z,Hu-Min-Da-Ge,account.a3b3855a9e9041f2a9d0fd7a4bd5809d
2026-02-07T03:51:24Z,z6kk26b7rv,account.8db04f9d1bdc444ca6227bc6dac0bd0b
2026-02-07T03:51:24Z,XX245618,account.eb3e02fdb0e746fa992cafc0c32b6bb0
2026-02-07T03:51:24Z,MadStar_Baeng,account.588ddfef26724012864663da52acbd08
2026-02-07T03:51:24Z,MMT-laocaile,account.d7411b8f45684a92875bdc51075b8794
2026-02-07T03:51:24Z,BY-YJVW,account.b0625453330f42ac9eadb333ec10b813
2026-02-07T03:51:24Z,Double_GUN_,account.0bc63925f12d45a082ccc7a21aa64087
2026-02-07T03:33:18Z,99-_-LJ,account.5a7f19a4470c4188af07e03895b17ce9
2026-02-07T03:33:18Z,Ace_haiGG,account.c98db884e24d42f8a4f290c549305033
2026-02-07T03:33:18Z,T07c_-,account.581c073bbeff4cb181c487d9941545f1
2026-02-07T03:33:18Z,Sweet007_,account.174c29bf452b451885e3c1115c7719e0
2026-02-07T03:33:18Z,CL_Wolverine,account.adaaad606a1b4448869f035c1effa885
2026-02-07T03:33:18Z,iDOU_7Z858,account.318667133930430eaba27402f17dfd8d
2026-02-07T03:33:18Z,SuPer_XDDD,account.b1d35fe366624931b7e773241eafc191
2026-02-07T03:33:18Z,YAIHAN,account.4e081f65a3b949d68c8c2684f0cffdc3
2026-02-07T03:33:18Z,Qw1ko_DaBai,account.0fcc8aaf70d6421da28e04a99a81cfd6
2026-02-07T03:33:18Z,YaoGafield,account.7fcd23aa11334d28a186ab1252d82a00
2026-02-07T03:33:18Z,zhouzhou-727,account.4e43efdb68f840b18fafc07be0f720fb
2026-02-07T03:33:18Z,FGbiving,account.552921e007c44c4f8429df4a44f5bab3
2026-02-07T03:33:18Z,touhaowanjia-12,account.e292854e220a43e783396066d4697818
2026-02-07T03:33:18Z,SXE_0328,account.19944d13d45847808dc99100bc7b00a4
2026-02-07T03:33:18Z,Ninebrothers-Vip,account.e2d5b0885ab541739b2756fc2a2905e2
2026-02-07T03:33:18Z,iMcccc_,account.f24eff38c6bf4b6bb1f9783e8a3eeeab
2026-02-07T03:33:18Z,luukhmuu,account.5b8d413171314417926e90a679fb9ae6
2026-02-07T03:33:18Z,ChaoBA_DShan,account.dc8e535f78ad4ac695640609aee5535f
2026-02-07T03:33:18Z,CiAzhouXingxing,account.02a9884ef5c644ceb4c9cabe77603f45
2026-02-07T03:33:18Z,SXE_1230,account.6df9b2f4bb254d3fa9643757e14ee841
2026-02-07T03:33:18Z,super_little_bee,account.29fee06b46b847d48f5a183e49c9aba8
2026-02-07T03:33:18Z,GM-JIANGGE,account.f4bb57c8801142308473643da901e778
2026-02-07T03:33:18Z,alimaomao825,account.9d8e3a5aae39454a8b610b9acd50ca31
2026-02-07T03:33:18Z,ARedDDDD_,account.c319f7585f634478b35f93d08d275621
2026-02-07T03:33:18Z,PalikaChen,account.ad037f63fc28485a9ce101f74c965854
2026-02-07T03:33:18Z,WangPengFeiii,account.633f5f686b924362bb2008df984fd13b
2026-02-07T03:33:18Z,ZHOUMOUREN9988,account.6839c10224f74ddb828182f62b3e3412
2026-02-07T03:33:18Z,LiGg--,account.736ee3706f0b420fa03956db59bcedc3
2026-02-07T03:33:18Z,Ace_JiaGG,account.78b12d8d7cbe47df962ed637a03bcebf
2026-02-07T03:33:18Z,LBC_Luobo,account.f19bb321b59a4fe5b2cc81cf146ac895
2026-02-07T03:33:18Z,Zhuxia_Yi_An,account.9cc5cee0256e42d19ad85cd92ea3386c
2026-02-07T03:33:18Z,oeiT,account.0b019d2e99564b4daf34237ea01f08cd
2026-02-07T03:33:18Z,71yuu_,account.3ee18e598fb24c99bf0a5db0ec82c09b
2026-02-07T03:33:18Z,NLclub_TaoZizi,account.9ddb584f88834269b61145389d62ac1f
2026-02-07T03:33:18Z,B1aig_,account.a1d93b30d3f54a81a680c8275452b916
2026-02-07T03:33:18Z,0o0o_-9x,account.779a082f198e4249812370dda2babf78
2026-02-07T03:33:18Z,Yek1delan,account.a278c04dee8e42c4a73c8c6297d03ccc
2026-02-07T03:33:18Z,GM-FengGe,account.365409d0b68e4b33967f2570ce391b29
2026-02-07T03:33:18Z,Vector_QQAWM,account.78b3bcedff0c4246a8f3021ca83c51cc
2026-02-07T03:10:57Z,zuibicaozuoning,account.39418b3ff64142b68c645531e2a73bab
2026-02-07T03:10:57Z,DreamboatiR,account.c004cfbc65b7404e9102e4e06bad4681
2026-02-07T03:10:57Z,CHenZHou-fei,account.ee85ead3f1d34356ae3205aba16a276d
2026-02-07T03:10:57Z,BEARTHECONQUEROR,account.ac9d34309393422c922d70ae204fef2b
2026-02-07T03:10:57Z,VICTORY-HURRY,account.0824273ada6245f1b695e7338f3c68b2
2026-02-07T03:10:57Z,MarryMeMarryMe,account.48bc5241ee404625b75eb556bb8b32fd
2026-02-07T03:10:57Z,Oi9xx_-,account.0398727f164744e39286fa4fa6e2a779
2026-02-07T03:10:57Z,4Swordsmen_Vinny,account.534aa4d46fd34576bc23cdcf35cd484b
2026-02-07T03:10:57Z,Iam_HayaoTakashi,account.997d4af338a2491c9fd1b2042b5b33a8
2026-02-07T03:10:57Z,Pig-i7,account.7ddebffd6dc341b6a322693c98ea32d9
2026-02-07T03:10:57Z,AizYaoo,account.0fe9b0a1e1844d778520be5f25b5bb53
2026-02-07T03:10:57Z,lanhua198,account.92a1b2edb22e47f593b279c9f6958732
2026-02-07T03:10:57Z,Fiufiufiuf-iu,account.01f1f61864724d97b5f8b3e6de07d971
2026-02-07T03:10:57Z,dengzhiwen25,account.ffedaba8cce947adadd3518d26cc50c9
2026-02-07T03:10:57Z,iron-pc30,account.71ab202c1e5149f197b735ad7a0e7be3
2026-02-07T03:10:57Z,Xyx-ak47,account.dd662852f6b5469ea589d7f7601f9c89
2026-02-07T03:10:57Z,EggKing001,account.8a5fd93e58ad4964abc890fd57551bc7
2026-02-07T03:10:57Z,shaguangzhinagou,account.a8a98e3ace66441eaf4c710541f709f7
2026-02-07T03:10:57Z,Iam_HaoDei,account.617cae098ea24a07b9d72f89b26f8591
2026-02-07T03:10:57Z,607,account.08fb405ef2754517a3b1cc4911b51ae7
2026-02-07T03:10:57Z,TAO123MA4,account.1e5f7c6265b64630bcc9e10df3339de9
2026-02-07T03:10:57Z,China_Justin_No1,account.ef5537c1e266456d86f2520c4daf8873
2026-02-07T03:10:57Z,AWY_LAMERChen,account.297ff44e4d18434583ead2d5ab71ce7d
2026-02-07T03:10:57Z,Lee-XTPP,account.e20296ec1a7c42d481757d98fb116b4d
2026-02-07T03:10:57Z,AEdward-boy,account.fe234c069b1b471d8e4c8d34157bbc34
2026-02-07T03:10:57Z,mul__kimchi,account.0617b21cf80841a596860090a6dd92e9
2026-02-07T03:10:57Z,Mad_sangui,account.9394c44d8e9c43faa9baa62e3b048ac0
2026-02-07T03:10:57Z,SOYImylove,account.297d2439ee8e4599bca7515a80b83cc5
2026-02-07T03:10:57Z,PUBG-HQY,account.8b443abb7a5d4f77aaf07a97406ec6f4
2026-02-07T03:10:57Z,DaMoWang_DGG,account.597a0c673614458a90d958e1de8c1a17
2026-02-07T03:10:57Z,Soulmate222,account.10115abdc73a44d89571fdb05353693d
2026-02-07T03:10:57Z,Ls8927,account.24a42913a484462b85f6b72f178624b5
2026-02-07T03:10:57Z,66FCCK66,account.6e99283d10f5482f9e689c1477fb30ff
2026-02-07T03:10:57Z,627926_,account.9308064ba49a4b198c468a93b51d3fee
2026-02-07T03:10:57Z,DL000,account.8517a74fac2f470487c39ce946a7eaf5
2026-02-07T03:10:57Z,BN_4Ji,account.9286964b9d7e4ad39b443e3fd72be868
2026-02-07T03:10:57Z,TW_Teeeeeeee,account.6b2decd09d9f42b8a1ca4273ebbe2618
2026-02-07T03:10:57Z,17_Bangbang,account.80dff7a4fe654a049e73efad6cc161a3
2026-02-07T03:10:57Z,Deathce0,account.0b667d4ceb4b4d4a9beef4b7a1c37f34
2026-02-07T03:10:57Z,4SM_MK12King,account.5a2133f8566845cda7f062a1404edd48
2026-02-07T03:10:57Z,KeyktS,account.5b1707cf121b4f4facb8aba5634378d6
2026-02-07T03:10:57Z,YangZhou-ACAI,account.8e78d29faa0747e9b14b64865f5cb5d0
2026-02-07T02:42:32Z,44MA,account.1ed5d0d6f5474dfaa8b49ca8c6279840
2026-02-07T02:42:32Z,Estrus--s,account.774ab07ec2784229a134e170028c9222
2026-02-07T02:42:32Z,Shufusila,account.01851da921ba4771ba265c956033b783
2026-02-07T02:42:32Z,son_pig_,account.05fcc4b08a7944d180f5393f8f41c573
2026-02-07T02:42:32Z,7-_gay,account.57292cb74156452584e3c04bccba84f0
2026-02-07T02:42:32Z,Ariston-----,account.cd09228f509842fe8f9eefec05f6d201
2026-02-07T02:42:32Z,BaNTazuiSAO,account.68ad6582efe84f83bb5206e7dd8a6535
2026-02-07T02:42:32Z,MMwe1_,account.75c0e09e8c8943aea539fb68f2fcb5a5
2026-02-07T02:42:32Z,Ylc-bibibi,account.cbcdd47b516347be92de8b7681d63d15
2026-02-07T02:42:32Z,17_Flechaz0,account.5ed370dfe6724f909c7148c946253c8b
2026-02-07T02:42:32Z,HuYanZu926,account.48ccac31d65e406893a7f4490249d9e8
2026-02-07T02:42:32Z,HuaHai2008,account.3f838231ddae47229755e5b1b17d396f
2026-02-07T02:42:32Z,04NB_QvQ,account.8592efef35d94f2683452ae624231030
2026-02-07T02:42:32Z,Hanlicy_-,account.6ebed477e5a540fa8e730326c4686bd3
2026-02-07T02:42:32Z,wa1b1babu,account.b530a6c31e15424d9f4b5f097677a435
2026-02-07T02:42:32Z,l2yyyyyy,account.47cfaaa488fa47688f443aab5d2d03a9
2026-02-07T02:42:32Z,LanD1ao_-,account.3e9ea6b91a18426f8c7945cf0b430feb
2026-02-07T02:42:32Z,Kiotiosion,account.04f45ae0ab6d47a2b2a34d8e4e014392
2026-02-07T02:42:32Z,4u-1st-DarkLight,account.3d7d48bb78ff42b595966ce21813660c
2026-02-07T02:42:32Z,17Amao,account.8327684f161043949491d16710992057
2026-02-07T02:42:32Z,4AM--YangYang--,account.6c1bdf8f87ba4baf8223c4d0cd77319c
2026-02-07T02:42:32Z,DabBAioGE,account.21142ef15c4549c99b37a364a48e2fdd
2026-02-07T02:42:32Z,JINK1M,account.a64d3d27d59143edb1641e0e5b6d84ae
2026-02-07T02:42:32Z,Mr-0996,account.abecfd8b817245d3994db3e227f808d0
2026-02-07T02:42:32Z,Sun_fengGe,account.0ffe8b953f524c34896b365dd9329ede
2026-02-07T02:42:32Z,zyq19911130,account.bd315b89499b41238ae19a444e4ecf42
2026-02-06T15:55:29Z,HRJ_AixLeft,account.f3eba1a0085d456daa00f6d606b3c4da
2026-02-06T15:55:29Z,GaoemperorDDDD_,account.e04293ea9cdf4da1a350c1b145fb8e80
2026-02-06T15:55:29Z,T_Zkuto,account.fd2b2f14ceb241d7a978b0b0b570221c
2026-02-06T15:55:29Z,BBBBBBBBNNBBBBBB,account.62984b4e9b904341b9bde0bf438239be
2026-02-06T15:55:29Z,NaGaRAJotBoBAh,account.f684ddc194124826b055357003250a2c
2026-02-06T15:55:29Z,JoYuRie,account.26782f6b35bc48129b71ed60db7ef9a7
2026-02-06T15:55:29Z,PandaTV-487561,account.5d3dbd3ae41d468aab124c6340a6460d
2026-02-06T15:55:29Z,FORCE_MALAMUTE,account.97a217a6439a4620aaa06b4942adc1c2
2026-02-06T15:55:29Z,BIBIChu_,account.4f208d4109874d888a4fa42c46146df8
2026-02-06T15:55:29Z,my9ming,account.24344de454a342fe89200b5dd14318ee
2026-02-06T15:55:29Z,soosookkangjoayo,account.16ec37ad00714d939d8d36798d4f5a92
2026-02-06T15:55:29Z,CarlssonLeon,account.844dd41153ed47e2b5ab0fdfea128b45
2026-02-06T15:55:29Z,lxs1119,account.d8fdfb7eea9d458fbcdc40aa01de63f5
2026-02-06T15:55:29Z,MMB1ePaoDDDD_,account.1786d4fb3a2142d99cae2c005390b1e3
2026-02-06T15:55:29Z,xxxlllxxxlllxxx,account.45e0fffdf89e4ad59eaf92bffa775053
2026-02-06T15:55:29Z,KR_Playgame,account.8a90a0509fc946db9fde5e9cd6a13768
2026-02-06T15:55:29Z,Re4Pxxr,account.3fc275325dee426ab24366ecce6eda97
2026-02-06T15:55:29Z,KSA_J,account.1bbb94513cf94077b1af495d87bdf87f
2026-02-06T15:55:29Z,MuSyong,account.e9b07cf1ef62468780c30c97f348a753
2026-02-06T15:55:29Z,Mz_Gaksittal-_-v,account.f5a573c3039944e3a809b29d3bd536ee
2026-02-06T15:55:29Z,skgorwoddl,account.e5b92cd2d77d4aac8b733dbfb5e6c79e
2026-02-06T15:55:29Z,JPopDemonHunters,account.4bc0bef57aba4c4bbd297c1127bb857f
2026-02-06T15:55:29Z,Levi--S,account.20f16440bb79495f86354dc011966b86
2026-02-06T15:55:29Z,Tong1Dao_,account.dd110840f5f04ba5adf9482a6ef85413
2026-02-06T15:55:29Z,zhongguo987556,account.e1c9fe7f18a54bf5bb5cd9ebba931227
2026-02-06T15:55:29Z,Fury_0313,account.da6037579239445ca33beff3b7d9cbb2
2026-02-06T15:55:29Z,DDO-RIEONE,account.c3aa5b46ba1747feb596c15d3f0f5379
2026-02-06T15:55:29Z,seexxxyboyzz,account.44eb662f93d84f08b519c9644163627d
2026-02-06T15:55:29Z,OMGxxn,account.ff6d94e1b8b54874afe2dae35a26fb1f
2026-02-06T15:55:29Z,Awen-95ki,account.0f0e91d0c6964db5b5431d8c66d23d3c
2026-02-06T15:55:29Z,GEM_Senn,account.b269814b73124a38b276d6f16cf6a0a7
2026-02-06T15:55:29Z,5uoom,account.9d95c72c7b774eb18244278ae33f9980
2026-02-06T15:55:29Z,znjemdlsepdu,account.964daf8117f84a52adf97a4ce6ba42a6
2026-02-06T15:55:29Z,dongyiqiongqiong,account.d24a7e97dd7b437c9e8014498dab257f
2026-02-06T15:55:29Z,marandoenda,account.762add96485f4f049b83986583317429
2026-02-06T15:55:29Z,ImtypicalKorean,account.1328c4489a0d4fb29293e6a5c765e8a4
2026-02-06T15:55:29Z,Jasper59,account.03d9f3f64ffc4d04ab7fcb84fecb5993
2026-02-06T15:55:29Z,I7-BALU,account.9f5e38e874794b7dbf0be9929d2d8933
2026-02-06T15:55:29Z,190cm01084946302,account.b012dfdeb08a4cd18579ec10b8444e29
2026-02-06T15:34:01Z,Nun_Nal_Mot_Egim,account.4b95997af32b4e77972b9b86a3526c08
2026-02-06T15:34:01Z,2heart,account.945ab022c6974dd7ac92bbb11c5f6aee
2026-02-06T15:34:01Z,lastm4n,account.e2cba08eeca6437cb24c81811635d43c
2026-02-06T15:34:01Z,PEG_98,account.08e8c5d8538d44308488de48737000dc
2026-02-06T15:34:01Z,IiI96_-,account.5f7615dbe56546999daf20333e574193
2026-02-06T15:34:01Z,whtpdyd74,account.cc9cd1888cbf409f81bc03befce70d4b
2026-02-06T15:34:01Z,AFTV_LDY,account.34443c51a8774f738486bb6fae5c52d6
2026-02-06T15:34:01Z,Trick_ster_02,account.031974a3bf474e9ab3848e7188f05810
2026-02-06T15:34:01Z,aij6185,account.c704037425a14d1e83713feb01e9e8dd
2026-02-06T15:34:01Z,SOOP_WNGUS,account.5778e95ddbfe40ca81ab7fb292a79fab
2026-02-06T15:34:01Z,MG-TIGER-D,account.0ed0c25febf340b1986b3f960453cd41
2026-02-06T15:34:01Z,hanna2set4,account.30b171c7a19043138c9d36688a8b3c84
2026-02-06T15:34:01Z,CCCA_0101,account.f4dcf235577b4e609a50f840634a0ff3
2026-02-06T15:34:01Z,2cut,account.d3871fb5157b418f8f1b05298cae95af
2026-02-06T15:34:01Z,strong0427,account.45dcd522c4ce435c88a828a7bc299ac5
2026-02-06T15:34:01Z,Maengoo-_-,account.86812999902445459d2cee01389abe82
2026-02-06T15:34:01Z,Tibet1376-CR7,account.817ce941d43b4572b6c34a2cd846992d
2026-02-06T15:34:01Z,ZhaoShanHe___,account.d8099f0cb8434b6d866f49091d4b6865
2026-02-06T15:34:01Z,DHDHS2,account.3a7d112d500d438383984a3581120371
2026-02-06T15:34:01Z,Bucheon_M,account.61cb30d16fda4300b5ceb7a500e95071
2026-02-06T15:34:01Z,Minusone---M762,account.50308674c6de4118ac3664ee8e0cd287
2026-02-06T15:34:01Z,KkosohicheoZgine,account.379b4a7e4d6a4786b7d4f1bb9f22f448
2026-02-06T15:34:01Z,XGKK_Skymirror,account.619fa3f5de01432fb31e6116a59e2777
2026-02-06T15:34:01Z,1_2_3_______S2,account.273827796dc844b1adcddf7821220ccc
2026-02-06T15:34:01Z,JinXiuuuu-,account.714a054a612b48c1b1dd1f52b53cdbd1
2026-02-06T15:34:01Z,GR22NE,account.4bbff54aa73c44658d4ddc33038f441d
2026-02-06T15:34:01Z,1o7m,account.28feddeca85446018b28199dea402935
2026-02-06T15:34:01Z,KINGJIHUNING,account.bbfc88caee8a45a897536d2fa619e78f
2026-02-06T15:34:01Z,2Byoungga,account.d9612729d33a4a8f983cfc592137fd50
2026-02-06T15:34:01Z,1HP1Cut,account.f0fb3e3fb008411fa5c08971dd6a0790
2026-02-06T15:34:01Z,NAGAJJOBBABA,account.ec1c2ecb7a1448c6876c7c31bcda3c5f
2026-02-06T15:34:01Z,18DURUWA_LSJ,account.93ab440369814d0c9d9c1982f369fa03
2026-02-06T15:18:31Z,BBus_Crew,account.ef5cc6c48ab04f48923601bed8cad34d
2026-02-06T15:18:31Z,4ChiNeseC4nTwIn,account.1371e86772184cddbaf869276256da2f
2026-02-06T15:18:31Z,13652440,account.d300c38bf3ec49c89fc268a21cf11d42
2026-02-06T15:18:31Z,mnuya,account.e7092989945a4e309099a3646c0b97eb
2026-02-06T15:18:31Z,BBus_A-10-Ne,account.3ebb5af455bd4d7f8eb02256f94135b7
2026-02-06T15:18:31Z,BBus_OlEl,account.97084da6d76a4a95b1045df994d2e140
2026-02-06T15:18:31Z,Meliodas012,account.403b9bbf86af4f40a8f04d1f05508022
2026-02-06T15:18:31Z,00zzzzzz00,account.9399a1556af14fe6a8d0dc9a6b76a505
2026-02-06T15:18:31Z,JUST-SO-SO-Mi,account.75eef10416224f719c8544f6711f65d4
2026-02-06T15:18:31Z,yanyan118,account.74c4deeedd794047ba8ff945c4ffe682
2026-02-06T15:18:31Z,kimkinggod123,account.2c5a4e5603a542b8b90cae6fa812101c
2026-02-06T15:18:31Z,Effort98,account.2f953bacdeab469a94752ac5e462e197
2026-02-06T15:18:31Z,NICKKOREA-,account.193ac6291a6842c8a59cc87c8050bed6
2026-02-06T15:18:31Z,CGC_-BaQu,account.b9d8ea22417b4fe98be7164a63a8082d
2026-02-06T15:18:31Z,IlyND,account.4e765bf27e0d4f428ed8378708f04b05
2026-02-06T15:18:31Z,R4ChE-_,account.0afb62d078ea4d7abe815a3afc7adc89
2026-02-06T15:18:31Z,VenTus53,account.f9ed054aefc2444383525262276af750
2026-02-06T15:18:31Z,PANZERFAUST_plz,account.5bc704c431284c6a93613ac0935b5d0c
2026-02-06T15:18:31Z,firstlovesxx,account.270eb81831de4014a510ec26c104fdb5
2026-02-06T15:18:31Z,fearless-xiong,account.1986a532cf0746a09b2a9ff23685751c
2026-02-06T15:18:31Z,ManGoBa_-,account.7503c7ee9db84ba09485415b2b9df433
2026-02-06T15:18:31Z,X10N9D1-_-,account.29010bba63d5428780be10436729c523
2026-02-06T15:18:31Z,BongChoon,account.f5e9a3c31f9c45a79f2ee806d4d4937e
2026-02-06T15:18:31Z,YoLo_OnOng,account.a49e0b82140c416d9e58a654bc103927
2026-02-06T15:18:31Z,zhiye-zhizhang,account.186cedf09f8f463086b38a56b7e3e2df
2026-02-06T15:18:31Z,xhir-3-,account.e762c9ea1af34eb0a0ff1336d7c20034
2026-02-06T15:18:31Z,search_get,account.ff5c9b48222e4ff78578a8e1d649c83a
2026-02-06T15:18:31Z,Yuki__0,account.c4d240b2d3944994b308f5b0158dd797
2026-02-06T15:18:31Z,Endo_Graphy,account.d67ca58806f3410699a9d3063736e56e
2026-02-06T15:18:31Z,7-HaoXuanShou,account.74315a40eb284fda8569f84afeaa5953
2026-02-06T15:18:31Z,Monopolize-rxl,account.c6a82335cc0d41958156850208060cf0
2026-02-06T15:18:31Z,YeWenRouGG,account.ed6e03eef6154abab6f8325116d560fe
2026-02-06T15:18:31Z,9kabbang,account.fd7eec28e21241ef866c922fc10f2f90
2026-02-06T15:18:31Z,flxsha,account.8817c8d31fb54cddb832a59b8581301c
2026-02-06T15:18:31Z,Alan-cccc,account.39d1c990f65a4d88ba722e02bfbe5940
2026-02-06T14:47:53Z,JJONGRAY,account.4225a52db28f4899934522cc8d73de5a
2026-02-06T14:47:53Z,so9rry-lo,account.06171126e4b24d259ace45a93079d850
2026-02-06T14:47:53Z,CEP_SSom,account.c24408452e6b4858bd156c3ff42d198f
2026-02-06T14:47:53Z,5927x,account.947b61dc68244675a266fd291878c1d1
2026-02-06T14:47:53Z,CEP_SQUAT,account.3e784c4f81104c92b1085b11f65c3060
2026-02-06T14:47:53Z,mar1n__-,account.d850d05d837c4d6fadcaf8e3ab4a3b2b
2026-02-06T14:47:53Z,Dam1n-3-,account.9e46fb8e05fe4efc84c19e039f9c28d2
2026-02-06T14:47:53Z,szz-_Jaehwan,account.a283b31217f34a7b89fb27af4503bb1e
2026-02-06T14:47:53Z,xxMumallaengi,account.ab0ad31004b046d4bcb615d32822ba8a
2026-02-06T14:47:53Z,DSN_Olaf,account.764d3476123f4d16a309f860d9a7b851
2026-02-06T14:47:53Z,brrragrrrra-,account.dd343f79b3a148c88e40de47c736a3fa
2026-02-06T14:47:53Z,85zz_,account.2acbf103a4e3476888e12bad180e18b5
2026-02-06T14:47:53Z,CEP_Chan,account.118eff999b6b44ebbe469346ee61a206
2026-02-06T14:47:53Z,CEP_JXNO,account.0d24776cb12c436c845257658a4f36fe
2026-02-06T14:47:53Z,SceneryF,account.2b46b040f15c4020b6ff62b07923b122
2026-02-06T14:47:53Z,SsomQvQ_-,account.fe2801e859fc44038ee2884799309d6b
2026-02-06T14:47:53Z,SsonQvQ_-,account.bdf40aa54a1649d6be69118a703ea148
2026-02-06T14:47:53Z,2bnt,account.de564f2bebee402189ce84672f7aea1e
2026-02-06T14:47:53Z,LeafQvQ_-,account.97ee6521102b4003b3fc696e059bb039
2026-02-06T14:47:53Z,M_angomi,account.6976af724eee46f3859bea47ce608a7c
2026-02-06T14:47:53Z,5927L,account.96b6d92aefcb4ea6ba0fad0363daafaf
2026-02-06T14:47:53Z,beawuuu,account.47e6fc244f7d4c91941892a06df19956
2026-02-06T14:47:53Z,LiuGeHeTaoBWL,account.35dbb232a46f4d548e38364b1e390abc
2026-02-06T14:47:53Z,5927o,account.b34ca60c32524db1a804cd2b77bfdbc3
2026-02-06T14:47:53Z,Angttun,account.a9c8342b3cd34f78984fcfab87e68715
2026-02-06T14:47:53Z,Gen_Seoulute,account.cf081669a4e1429db69156cecf9b78b1
2026-02-06T14:47:53Z,Mildsun,account.504b6df76b944081ac925840d7b13efb
2026-02-06T14:47:53Z,elementclient-32,account.0c9903f2c4c04177ad2ff2b73fea1235
2026-02-06T14:09:51Z,lanminghua214,account.a961de99fa614ff8ab08d7bb2f8642dd
2026-02-06T14:09:51Z,GOMHYANG,account.7a206e76370a4d0eb1d8b6651d1ffd4b
2026-02-06T14:09:51Z,PP_923,account.bd63bf0ca4e94b1393e934f012cce7ac
2026-02-06T14:09:51Z,puppy_b,account.16c7bd46a56b44b3952ac1c40cf83c45
2026-02-06T14:09:51Z,BaBaNB-X_x,account.9c07052bbcb849b08b4ddd40ea0844c8
2026-02-06T14:09:51Z,9l-com,account.9fd5556946ae4b1cab39301ec71b3531
2026-02-06T14:09:51Z,MMMMMMMM2z,account.1fdb6c039aa443b1baae9fa45dfbbd1b
2026-02-06T14:09:51Z,PDX_Kmmm,account.5c1de7bde05e4ba1bafcad3c0d1b05e1
2026-02-06T14:09:51Z,Bxvi,account.03cc962e47bb4ad195df0fa37bf19cd2
2026-02-06T14:09:51Z,jiaobaba763,account.718f6ef3eabf451c8ae571614fc70bb0
2026-02-06T14:09:51Z,Vw20_-,account.5b2679bb3547400fba9ce1781d3641e5
2026-02-06T14:09:51Z,Baaaaaaaaaaaang,account.4ad03542cff74fa89c7d1b1349a67a40
2026-02-06T14:09:51Z,XiongLao3deJJ28m,account.51bd5d76caf544d0b877642a01ef521a
2026-02-06T14:09:51Z,Rui_GG_Nb,account.764a800ce36e4133a6103301842b1c82
2026-02-06T14:09:51Z,XLteam,account.73cfe4b292fc46e3bd08776f75417ceb
2026-02-06T14:09:51Z,ATM--WOCAO,account.5b75be5a56e44424927827328f39fff7
2026-02-06T14:09:51Z,ATM-wk5270,account.b8add041ed8e4f6da34d9ce821d5564b
2026-02-06T14:09:51Z,msi-Gaming_HeNAN,account.21008d7401f340b4beb5d0b9e9a630f2
2026-02-06T14:09:51Z,L1ANGZAIo_O,account.53145d44c3c74ee492c0183473b83eac
2026-02-06T14:09:51Z,Xi4cHaOOO,account.a9a8f25068ca4d128d7c5cbf03601253
2026-02-06T14:09:51Z,50566,account.eabd9fc0e80d4b09b67e1ad43f552bfb
2026-02-06T14:09:51Z,io13i,account.66098124a9274db4aa416ce8be93c937
2026-02-06T14:09:51Z,Hi_Michelin,account.50b02f23693e4ad78be3ba18cff1fb9b
2026-02-06T14:09:51Z,juewu888,account.6df07abf4ae54a19bcb2a239e51ee7a5
2026-02-06T14:09:51Z,Xl_HaiHet,account.55a877f91a0045509dce1f75a4ffba33
2026-02-06T14:09:51Z,NiuNiuChaoYing0,account.8bd0bd4365274e7f960c6c9fa316d650
2026-02-06T14:09:51Z,DDU_RAI,account.042bbb08a280432891df1a0868d19ba4
2026-02-06T14:09:51Z,J_xin__,account.19225765ab334b0f8bc9975f08061c5c
2026-02-06T14:09:51Z,liusu-M4A1,account.53712027081642c1bb9c62dfe49bc6f6
2026-02-06T14:09:51Z,zhou452769094,account.bf7cad64f1c7441ab6a522fd21819e20
2026-02-06T14:09:51Z,XOOLLLL,account.e949f24b922242f4b9be9867d01d69ba
2026-02-06T14:09:51Z,NiceToMeToLuNa,account.75cb31de796d44b493239ea16d696cf0
2026-02-06T14:09:51Z,Weirdo-0826,account.33289a9c0af04d3fbf013a4401fa3f7f
2026-02-06T14:09:51Z,C0127-,account.0bfae0db1c1440178a4acae0f93ddb89
2026-02-06T14:09:51Z,SuR1_-,account.72f15a14045f466b9aa2d13de9862a6b
2026-02-06T14:09:51Z,Z-Yun_-,account.ef2ba77cceef49849672e09777099bd2
2026-02-06T14:09:51Z,Jun_GG_Nb,account.397dc702f7a74bcb8cb5b2c967b8d865
2026-02-06T14:09:51Z,Xiaoming0816,account.dc55cd864e2e46a380e52bf0e27510f8
2026-02-06T14:09:51Z,MowoxiaoMiMi,account.8ef98a094b9143d6930a1c354dbada9d
2026-02-06T14:09:51Z,DaydayUp-X_x,account.97b6debe425747ad928503b37ad6ee4d
2026-02-06T14:09:51Z,narehodo_25,account.e27107c7735c4af19c0b7441c4d518a6
2026-02-06T03:30:26Z,9o8o_,account.e05377c60af24cdc80efc36205ce8bf6
2026-02-06T03:30:26Z,lin_-gougou,account.fb3d452a4b1448c6832adfeaebef1b25
2026-02-06T03:30:26Z,baddiedi,account.ce398edcae43443db858301493ef4634
2026-02-06T03:30:26Z,yz-6054,account.fb86795d568e4fa0b0ac93a14d69f6ff
2026-02-06T03:30:26Z,7baiR_,account.79d820402b82439ba68c8e4a0a87e8fd
2026-02-06T03:30:26Z,LZw1973,account.cac007d8daed44cda30eedaffd3da5ae
2026-02-06T03:30:26Z,evan-gy,account.011748a7ef4643c0b0e51481148a452d
2026-02-06T03:30:26Z,JD_MingJue,account.8808080657094ccf9f04186254441777
2026-02-06T03:30:26Z,CN-DZZ,account.6dd296a67d5e437d8001d09be5c40d74
2026-02-06T03:30:26Z,Longlong66560,account.072449fd35284f019169a041ed204791
2026-02-06T03:30:26Z,WuDiBaQiDNanRen,account.666702f7436e4e4bafde4be427ffd2c8
2026-02-06T03:30:26Z,atao777,account.0b7cea1511b94b2f84b646f6acf46f04
2026-02-06T03:30:26Z,Luban__,account.1142a2fbfa9f48c99437c8a1ec544e02
2026-02-06T03:30:26Z,i0101,account.87acf9bc55694845a90288683e98bd0f
2026-02-06T03:30:26Z,awaw1_,account.17dab56d66ac4b3292e8060285deba51
2026-02-06T03:30:26Z,Gua-Bi-Cnmb,account.2d7d4819199d4d60a4f38bcef9ca313c
2026-02-06T03:30:26Z,SecRet_My2ong,account.be659bd73f3e4ed9af872a509ce30756
2026-02-06T03:30:26Z,ALFTER666,account.e2ac2b0a85784e8fac0d1a3fa888e196
2026-02-06T03:30:26Z,OwO_xixi888888,account.7616ce423e874cf5a379988436ffa080
2026-02-06T03:30:26Z,Honxy_,account.39ed2c23608e45f4bf3ddccac01c41c4
2026-02-06T03:30:26Z,JJangoo-_-,account.135c5f1f23144fcb82957bf502bf1ec5
2026-02-06T03:30:26Z,Aze319,account.33d22bbf782c4a0380f2525a1c87709c
2026-02-06T03:30:26Z,95_Ader,account.b9148927440e47bc9e64836cf58dc8a5
2026-02-06T03:30:26Z,Xiaorim,account.83fdd3495cba4fe3ae9be2de3f5f734a
2026-02-06T03:30:26Z,Rose_cool,account.e07bd5c223f74aab8438fc588b3460bb
2026-02-06T03:30:26Z,shenx119,account.10941c0b1ef146ed943fdbd24db945af
2026-02-06T03:30:26Z,Whisper_518PSY,account.4fa07e1652d0480fb2dda74c79e32247
2026-02-06T03:30:26Z,FTDFssaaqq,account.89f63b1587674a41a5cba38b9623e4ec
2026-02-06T03:30:26Z,NEO_Cheolsu,account.ceb5039846d345e39036c88d201aab23
2026-02-06T03:30:26Z,HenJueSe11_,account.c0c750ab9d7c4c6eb7d72eca36fb805a
2026-02-06T03:30:26Z,YouMotherBoOmWg,account.26d22b6044e849669f8061890ca83d1e
2026-02-06T03:30:26Z,LiuXianSheng-999,account.7941005086ee4876971810ebe7995f31
2026-02-06T03:30:26Z,DT-FT,account.ca6ffd25af414efbb656bc63b7704d45
2026-02-06T03:30:26Z,AFTV_Junturman,account.d8a25a9daf534eb88f0123bd30ff203b
2026-02-06T02:56:51Z,Ha1Nan_Azzz,account.95dbe5401a834d58b6697577f783b410
2026-02-06T02:56:51Z,BiggestEggs,account.0fb35d9844414bc984269d079eec6703
2026-02-06T02:56:51Z,KIF_Noondnog,account.793352280c2449e7999176709e092a6e
2026-02-06T02:56:51Z,Au---ok,account.cad2f8453d7e4a9ebdea0b30aac4a21f
2026-02-06T02:56:51Z,Tikj-1998,account.8cb29e2ab01c4191847e742eca232895
2026-02-06T02:56:51Z,Ha1Nan_Sc3itch,account.94f95da123004f17bea1bbf6e0d53a08
2026-02-06T02:56:51Z,shi_nnooju,account.4a08a7abdbfc44a390fdbdee276bc68f
2026-02-06T02:56:51Z,wudidetanke666,account.f745c46bc1ea4f8eab9d81e498978595
2026-02-06T02:56:51Z,Ae_hn,account.22ca68160ed9431c9a2d322293b19343
2026-02-06T02:56:51Z,ONE-TIT,account.cb328a2869da432291a2ca990a7f5645
2026-02-06T02:56:51Z,rash_linshu,account.e791ca8527944b17bef6d21226c36d9f
2026-02-06T02:56:51Z,ChinaMatcha,account.e9cda7b039634096ba592837ab7233cb
2026-02-06T02:56:51Z,ww-hua,account.cbe690b7599a46e58d636145c72b070d
2026-02-06T02:56:51Z,Ha1Nan_TentAcIon,account.ed29c71fab7f49bda8a70c52ac160a18
2026-02-06T02:56:51Z,SSIPGEN-3-,account.ccc971c33aab40448c67ba78da350baf
2026-02-06T02:56:51Z,JIANBiGun_n,account.e4382bef3ac94439b82c63f110dffa55
2026-02-06T02:56:51Z,v0_0iii,account.2d14e1a700cb43c9987fd4b0cb7df152
2026-02-06T02:56:51Z,M13-72001988,account.1a62e241a2294c8a867c4f2a8b7c4b07
2026-02-06T02:56:51Z,ChuJ_-,account.d2dce9bbc8004768a795e92e5a90a056
2026-02-06T02:56:51Z,Killinmsq,account.ab7881c4de8a4996aa9d0866d9b5f007
2026-02-06T02:56:51Z,MinGyu0321,account.8e1218ad621743b8b73f595afd1cccfb
2026-02-06T02:56:51Z,XlizzAy,account.f83f2768e733452990e7093c088e3159
2026-02-06T02:56:51Z,miyungey,account.9728f48dc17f46588a727b7ba1781c80
2026-02-06T02:56:51Z,Chaser_M416,account.b355aaace1ab4f729478c32b32872526
2026-02-06T02:56:51Z,CR7-Zw1221,account.3907fe1bf2034709874dd21708076d98
2026-02-06T02:56:51Z,TQ_XN,account.39dd1df01e1a41a09625548f2bd98a67
2026-02-06T02:56:51Z,chzzk_DIA,account.7c3bfb922cd24ad2bcc671b02103184a
2026-02-06T02:56:51Z,koreanbhc1111,account.725f62fab997482da9d8dba536291f08
2026-02-06T02:56:51Z,HRT-AK-001,account.d9b5bf025e9e49119b2708d458e9f435
2026-02-06T02:56:51Z,yuchuang-NO-1,account.8ac75ba12ee24d6c886f4fd72be8511b
2026-02-06T02:56:51Z,AK-22,account.9573de6f4da94532bf2fddfdefbf6f1e
2026-02-06T02:56:51Z,Fakermi,account.f33ca2fe61e2446fa094513720fc2a7e
2026-02-06T02:56:51Z,gsfjiaowodage,account.30423a43dda74a36a6280e2fb7db43c9
2026-02-06T02:56:51Z,KIF_LuckysevenHQ,account.ec83911d1ecc4d1295ce91a7d09a8072
2026-02-06T02:56:51Z,DaKuCha-DeJin,account.41b184df5ff34921ba2cd6cfb1038ca7
2026-02-06T02:56:51Z,lin_fan_piaoyang,account.c76f1098afb14e8392e2c95952d47c09
2026-02-06T02:56:51Z,BestXmm,account.a9dbeffa547b473b980883e1c9963f1a
2026-02-06T02:56:51Z,Captain-Han-,account.96382a8e02534c588846ce38a8a26427
2026-02-06T02:56:51Z,MsTer_AZuGe,account.10678375957b49fca0f4ae4b6aa62e73
2026-02-06T02:47:38Z,XF_BOSS,account.1a59aba416084a9699263d1d58e1f57f
2026-02-06T02:47:38Z,Da_GeGe88888,account.2cce52bbf24c49a8816ceb60fceca82d
2026-02-06T02:47:38Z,BOSS_MmmMmm,account.2cd0c8a917844ba0a549bf3a07ea1a9f
2026-02-06T02:47:38Z,kxg_aisansan,account.421c1874dbff43ffbee024b7d5b14a90
2026-02-06T02:47:38Z,hua_080910,account.ba8e8b925e5643a2a9dad4465d50a1a9
2026-02-06T02:47:38Z,KeLe_zH,account.ed11c894e3014d0ba46ea2922a9a8011
2026-02-06T02:47:38Z,Pandora_P-p,account.33c6a1561788474fb384ae6077eb9769
2026-02-06T02:47:38Z,iuk_RICO-,account.418f75d5179c437d973001a751138b24
2026-02-06T02:47:38Z,Ljt_7kio,account.3f31f21cba1d4b41b9c208a5ce1c2c70
2026-02-06T02:47:38Z,XLD-CJB,account.73bdc3b3acc2483cb72ab804323ed8b9
2026-02-06T02:47:38Z,DikiDiki_Zz,account.d187b8db15ed4cefa95f42ed03c49cf5
2026-02-06T02:47:38Z,Roo_god,account.c2b68c93a80c4eff86fba4d801b513b7
2026-02-06T02:47:38Z,Hi4t_9E,account.b6c2b454b59241cab83840c2ab137c1c
2026-02-06T02:47:38Z,boredomFALSE,account.143f58d707f34e68874d56012a3a6cf5
2026-02-06T02:47:38Z,CNTL_LongzzZ,account.f2bff2044d6d4991b1cbd149178f5cf7
2026-02-06T02:47:38Z,Yccc_o,account.3c9c39c0d328406db6cb9f72836b53fb
2026-02-06T02:47:38Z,sailllllllllll,account.f55888442a1c44e8853be9c07e63f032
2026-02-06T02:47:38Z,shuge857,account.176ec8a8443e48a6b5e3d4e281cdae84
2026-02-06T02:47:38Z,Hunter-9i5,account.e205dd0ce7a24382b958b2bc23ba0a4a
2026-02-06T02:47:38Z,Guagou_quanJiaSi,account.ecbfc22abda249daa3076bf9174101fe
2026-02-06T02:47:38Z,CQ--FU-,account.481c42d0891b47bcbf6b556df9e70dea
2026-02-06T02:47:38Z,HongHao-1990,account.136f9b12be414b34b963ff8c93845c9e
2026-02-06T02:47:38Z,Saozhu0072,account.52587e278b68471bba5bbeb462ab6431
2026-02-06T02:47:38Z,stoneliuming,account.793f675019ec43c58a1b3391eeae5230
2026-02-06T02:47:38Z,Aka-MiraclecXxX,account.9193ac79e96443639f33556d2a27896d
2026-02-06T02:47:38Z,Tzzyde,account.921d2748b9964a77ad4e09cb06c32ddc
2026-02-06T02:47:38Z,Sy-weiwei520,account.13f6d97f2b154fd189422b0f8e1d4d91
2026-02-06T02:47:38Z,BOSS_YiXin,account.140ff011182645458a8e33c2d09d7fc9
2026-02-06T02:47:38Z,Rush_LLA,account.48bd9e6f1034442c9f24130e0188d8d7
2026-02-06T02:47:38Z,peiran1z,account.a93288484f6444b1b2a29ad806926330
2026-02-06T02:47:38Z,Y1Feng_-,account.cc63712341f6444e985ae0456b7b204d
2026-02-10T07:38:51Z,WhiteQcQ,account.e65448e770204079b520f4f3c48ecc9b
2026-02-10T07:38:51Z,Xs111111,account.3ffb8e898e414f728c983d42e1deb43e
2026-02-10T07:38:51Z,Daynite_-,account.00314aa55c0e402aa07f620940133880
2026-02-10T07:38:51Z,bonjook2,account.14ec2a60cc834fe3bf0cd73d1ad84060
2026-02-10T07:38:51Z,Hamtori_-,account.4cf24c69cf394cfe9409a13ba340d577
2026-02-10T07:38:51Z,Mr_NiuNiuGod,account.c940fd52df464ce6b5c34083e87e2d4d
2026-02-10T07:38:51Z,BaWangLongDDDD_-,account.bbddbd2714e247b094b84dc021fc521f
2026-02-10T07:38:51Z,szz-_Pro400,account.95a798640f864854b7f3b168a880ea7d
2026-02-10T07:38:51Z,Arcane_Tz,account.90028ce7773547dfaf2e328b309a7a1b
2026-02-10T07:38:51Z,yZXA6GfZ7,account.db9195e477fd4e20ad624cb08657958a
2026-02-10T07:38:51Z,HxEeeeeeee,account.a42b4dc9cd7543258b5aee06cb03f327
2026-02-10T07:38:51Z,NB---XiaoLang,account.ccc190c80d1b406b90e1cbd63f84377b
2026-02-10T07:38:51Z,Peachy_-,account.b934214ec4964deaa6082f65be190f84
2026-02-10T07:38:51Z,DouYin_-LiZiYe,account.1fe62802ec2e4beb91ac7158eb836b53
2026-02-10T07:38:51Z,tilthemornin,account.16073815f0b046788da5ab9db884c1f1
2026-02-10T07:38:51Z,XD_FROG,account.55f1b3def1d945c394ad34c27e16dcd7
2026-02-10T07:38:51Z,Komorebi1s,account.715e81b5927b4ae8bc7d0ca83ed57f41
2026-02-10T07:38:51Z,SolunaNyx_-,account.a391ca4029f749a5b7808c61e9144b9f
2026-02-10T07:13:26Z,Qiangshang_99,account.df838e2a1d074ecb9bd3ba1162b1fa9c
2026-02-10T07:13:26Z,zizonhawk-,account.a0c60aad6c2e4b03a52e6847864908a7
