createdAt,name,playerId
2026-02-11T16:14:01Z,xiaofeioge,account.d2f093c1381c460eae22a83d56054136
2026-02-11T16:14:01Z,Del1cacy_-2,account.7e2c0c321fc04ceba6b6f59db8435fd2
2026-02-11T16:14:01Z,Reason_Xin,account.9339a02080b541049b209d5ef9e965ef
2026-02-11T16:14:01Z,ZG-damingxing8,account.4aa4d5045a4b4927be2c48c8c977d7ba
2026-02-11T16:14:01Z,wwy_yy,account.90fea23909ee49eeb0ef56a0f2330c70
2026-02-11T16:14:01Z,DOJU_0216,account.6e996b7843a34e3497a12c1a51448802
2026-02-11T16:14:01Z,cheeseb0b,account.748d561d51604831b40873ac3a01be1e
2026-02-11T16:14:01Z,My_Madness_,account.484ec72b71654928b16615d2be6a4f69
2026-02-11T16:14:01Z,WWWW19999,account.d11f8faff6a643709ce6b15ecc034a85
2026-02-11T16:14:01Z,yunseong___,account.1165c80e82a84674b7e8462bc98a3c5e
2026-02-11T16:14:01Z,bokhee_e,account.8a895da4f3314842b1d8a38fe493b571
2026-02-11T16:14:01Z,DUBC_GGAFen,account.5dd261b59c6b4f3e9470d4b3c5cc90c5
2026-02-11T15:57:37Z,ZYQ19951997,account.e74555bd6c1a47e7a803f9c08639b9cf
2026-02-11T15:57:37Z,N9-_N9,account.50990e96145047c0a11366390fe9d020
2026-02-11T15:57:37Z,LN-linghai,account.675e833ab5e447e9bb70a057469e2b17
2026-02-11T15:57:37Z,Tianba_DDong,account.79b0d90e25494244a4721304461261ef
2026-02-11T15:57:37Z,150037,account.6e332311e03c4bcd8cca782b681aeb7c
2026-02-11T15:57:37Z,GNG_QingYue,account.2eb5b5f6ce83451b9f8b7695b0801644
2026-02-11T15:57:37Z,Z-WLIGHT,account.1ab4d7cf4dbc41838291d6d7dc326652
2026-02-11T15:57:37Z,miumiu0299-,account.ce57288dfb9b4de7ad0922726bf00d94
2026-02-11T15:57:37Z,heee123456-789,account.1c520b973d144c2aa570015c06bfa789
2026-02-11T15:57:37Z,HeiNeiKu,account.c093c1f960454479a2373babd375eaf2
2026-02-11T15:57:37Z,JUEDI-AW,account.2035e068b85f44329a2daf389654db03
2026-02-11T15:57:37Z,ouu_o,account.c2bcde5ab82c4f9e9e7f93252bcab3e4
2026-02-11T15:57:37Z,MuYo_-,account.394258d052af4f1e8caaac189de2f47e
2026-02-11T15:57:37Z,linghunzhiz1,account.d4992742c01e4064ac3bf777418fb017
2026-02-11T15:57:37Z,tainanle1314,account.ca4d12dc340446b085d805e53e799676
2026-02-11T15:57:37Z,Kyq1n,account.0844964a9939430a8af9f68cb75ff2f5
2026-02-11T15:57:37Z,Alone023,account.7d9fc487cb964cb08f06c3bc7c0065be
2026-02-11T15:57:37Z,majia009,account.dd21bbab10454f2bae868aacb27a75ee
2026-02-11T15:57:37Z,754646,account.a9bf64d3b46e463fb0a811100027bdb8
2026-02-11T15:57:37Z,EXO-XIAO,account.5206733f3281434d88fada5d41cf0619
2026-02-11T15:57:37Z,TTTTATATTT,account.03f4cb21a9bb4db3b3e3850e6a696118
2026-02-11T15:57:37Z,3077-ZzJqwq,account.6c0c09b994b046229676837b2e412bcd
2026-02-11T15:57:37Z,l0223-_-,account.f0a03828af5244659f56993142cbbba0
2026-02-11T15:57:37Z,Wxs2000-7-6,account.4764404e8e3c4daebe043e49d961dbd2
2026-02-11T15:57:37Z,KkeMovie,account.12174cfe86d14990982e9c11f6680a43
2026-02-11T15:57:37Z,xiaodingd113,account.61bd4a707dc44487a9868cac91fab73a
2026-02-11T15:57:37Z,mlsdad_,account.a0e45fd938c142caacbcf61070753caa
2026-02-11T15:57:37Z,NTX_FEAR,account.0d8f965b16e84db497c177ef7772fe16
2026-02-11T15:57:37Z,CCHD_3,account.ba12a14da6744a3f9e371119bf8f4f01
2026-02-11T15:57:37Z,8us1,account.98bd380febe94153b60024e2c8e6b292
2026-02-11T15:57:37Z,iVen7_-,account.4e72a6ac5e844d408f0e4a05a3097d3f
2026-02-11T15:57:37Z,Nicole-uu,account.ef64038daea2456c9b0dfe0e61df4e14
2026-02-11T15:57:37Z,MIH-Sun,account.93859d03d47a47e8a66eacb199cfe653
2026-02-11T15:57:37Z,pxcur-none,account.10bc1d01dec1497183df4f35f0d6c309
2026-02-11T15:57:37Z,auj1al6t,account.1d323678cd554b038759e88cde637307
2026-02-11T15:57:37Z,guoba0423,account.4fbfa034c5f74eea9cd8a45de9dbfac1
2026-02-11T15:57:37Z,LaoNanhai_110,account.b017e060711e44afa822578b2e41fa5d
2026-02-11T15:57:37Z,5i9o,account.b2086bb46fc144408a9bfc94b187af4a
2026-02-11T15:57:37Z,5am_66090,account.fa5cacba39dd4b17aa0e6ef41f314dd8
2026-02-11T15:57:37Z,1muy,account.8f5c676b09ed44b982c31c86abd88767
2026-02-11T15:57:37Z,625_Reuben,account.5c478152e267418098e3592b19e4e027
2026-02-11T15:57:37Z,ssbuxiangchiji,account.8969cf97a6b24a3cb9ee0bee037ab8ae
2026-02-11T15:57:37Z,KILLERBO33,account.53cb0c647c624511a2aaa358d7e255f0
2026-02-11T15:57:37Z,iiioAo,account.19ef815fb483425db5d8a835b94271c3
2026-02-11T15:57:37Z,Hey_RealLin,account.407a1043b2fd4ae3a43880707a9897cc
2026-02-11T15:57:37Z,SuWei__-,account.6de6103662b441bda7a48253359ea607
2026-02-11T15:57:37Z,593713,account.0030d89bc1e04893a116e48b23a8ec3b
2026-02-11T15:57:37Z,Luck_XinYu,account.4001ae65583246c182d4b46088c42fef
2026-02-11T15:57:37Z,AA_cola,account.0e263517462440cfac996af35a4c7838
2026-02-11T15:57:37Z,woailiyanbo,account.15e8974cc278404b80536f718219931e
2026-02-11T15:57:37Z,abcgangangan,account.b01c4bf22acf47a79898ae53fe485651
2026-02-11T15:57:37Z,Yu7io_,account.fd7ce167e8194411a7c2e17037c6059e
2026-02-11T15:57:37Z,niuniuniuNo1,account.5421465876e840ffa69d5ae583f4b0c8
2026-02-11T15:57:37Z,zyils,account.fd3af6d56dde439397e24ff53f40e2e8
2026-02-11T15:57:37Z,Blame--01,account.77add499f05f4008920e45ab8de27dc3
2026-02-11T15:57:37Z,ioo_05,account.b7dad3cdeda1424f835a682a7990fdce
2026-02-11T15:57:37Z,CS_c-s,account.a476717c0a4242ddac77ff285d884648
2026-02-11T15:57:37Z,colinko65,account.ffa6af34ced84e2da8eb69c7782379f3
2026-02-11T15:57:37Z,Sam0019,account.b3d1e9f3a3e64eaf9addbc122d692777
2026-02-11T15:57:37Z,JZhen9,account.f524bb670bce484b89b2caa6f11118a7
2026-02-11T15:57:37Z,6qahmm,account.fc7ca002659d4171943604f1e4382bb8
2026-02-11T15:57:37Z,Q--zeng,account.d2c151f77b354e32a9483e068974a266
2026-02-11T15:57:37Z,GNG_SuiFeng1127,account.63bf34003c264c3fae206d1fcc87d956
2026-02-11T15:57:37Z,lik999999,account.35bb14e0da834557b29aab16944bf4c3
2026-02-11T15:57:37Z,Axiaoxing211,account.0ef6e7d044714114b4988768cbf38b50
2026-02-11T15:57:37Z,Figure_HuZi,account.c4b957eb7c3b4e8294bd3cf8f0482603
2026-02-11T15:57:37Z,lietian_yunduan,account.f804b88db67046f7914712a33a36ebf3
2026-02-11T15:57:37Z,9446_-Re4pxr,account.e2b72597e61640e1bab42d77b53aa8d2
2026-02-11T15:57:37Z,mlqy1213,account.8d2eb02e367444deba91cd9612537279
2026-02-11T15:57:37Z,kfuxhni2o,account.5f8248d5475c4103bfa85cd81837e757
2026-02-11T15:57:37Z,T0_0T-T_T,account.980edb5431c94661bd94cb4cf38ec6d7
2026-02-11T15:57:37Z,91Gamers_xbt,account.f4f20fda989a47388cd6f3b7270b4273
2026-02-11T15:51:42Z,AG_mqfb95,account.b704fb2f351d414c9a817e38e176fbcf
2026-02-11T15:51:42Z,LY-a9,account.8f35880668e84a538ff61915321ca155
2026-02-11T15:51:42Z,casoulc,account.7b3ef61bd7ad40d2b32da80873d1a70a
2026-02-11T15:51:42Z,bi4d,account.74d1a44d65de47cd9f3c10ee7c9c57b0
2026-02-11T15:51:42Z,bbxiong-doubi,account.14eac451dfe8413fb944877fed5ae882
2026-02-11T15:51:42Z,MaDou_Hui,account.cd9d3bf1c6d74071a4278a657dee8586
2026-02-11T15:51:42Z,YANXIAOJIN_,account.0a838a7983504b6e9900a495b1372424
2026-02-11T15:51:42Z,BIG-XIU30CM,account.eaaacaa1d99c4d95a0e54920eeefa158
2026-02-11T15:51:42Z,GotYouBaby,account.c60d5736ac454055a20d02219183848e
2026-02-11T15:51:42Z,77-sleeping,account.eb0e79906fd7449483edc1420d57af47
2026-02-11T15:51:42Z,1998_YY74871,account.22b142853df04a9495fc33ab37d13163
2026-02-11T15:51:42Z,UzumakiYoonHo,account.5cc52f1d58144a77a25f940393876eda
2026-02-11T15:51:42Z,Li_BaoYu,account.c03a895c92584ab882546ff8f58d42d1
2026-02-11T15:51:42Z,940930_,account.373233a9a8ce40e7971e861fc81714ed
2026-02-11T15:51:42Z,shinds0618,account.b95a42a84bb647c6bca0cefe10c8dbec
2026-02-11T15:51:42Z,Tuo_kuzi,account.02da60c89d144054935704c08f9f3119
2026-02-11T15:51:42Z,m1ikl,account.0a6c58203e2d48d0aa7f9f084ec2b58c
2026-02-11T15:51:42Z,1Hxx_J1a,account.1fa2be86a9c340068b710eb843ca62ba
2026-02-11T15:51:42Z,Gnound,account.0f0bf15e3d2b4204a6b7d1c2b4513784
2026-02-11T15:51:42Z,junzzang7948,account.985d67f78aae44fbb7b56650c5df6c35
2026-02-11T15:51:42Z,Orange-Chengzier,account.140a3eb6e6d44cb9bcfc4333b6ae5f5b
2026-02-11T15:51:42Z,Chenxin--29,account.368bdfef8ce94079851c60e2d51f146c
2026-02-11T15:51:42Z,china_Dandan__,account.e7730ed4a7e8497d81bb6691db3b8944
2026-02-11T15:51:42Z,T5GWZz760T,account.67b4e6a1bab64754b6912c263f5b50fa
2026-02-11T15:51:42Z,Haha-baobei,account.754ce2993258464f9b33a3991615aa43
2026-02-11T15:51:42Z,zefw6386,account.87d86295e5c849db84703a1eb4992c01
2026-02-11T15:51:42Z,01881,account.1fe380a689954ccea4d6654b62229324
2026-02-11T15:51:42Z,ACEKILLER-FJS,account.8db44e77402f4e04bfefdc1564b861a9
2026-02-11T15:51:42Z,Dorry__,account.d558f421bd6b4716a63aeeee0e9ac15f
2026-02-11T15:51:42Z,HCypher,account.2fbc42c6abd941b9bc0103addcb5ee0d
2026-02-11T15:51:42Z,T1Ia,account.bda02060696844489d5625e48aab8c75
2026-02-11T15:51:42Z,TEAMLK007,account.891994d970e04b53b475b5efed56c402
2026-02-11T15:51:42Z,All_dayy,account.a5212e116b3f49c0be22988869df87e6
2026-02-11T15:51:42Z,HEIMA_9A,account.35aae3d76a394fd79ad5208f164e9ef4
2026-02-11T15:51:42Z,886TuT,account.e540389429b64ae4a57ea2a294bfcb3f
2026-02-11T15:51:42Z,x1aoyu_77,account.bd115e33fefb44278a4a34909a9b626c
2026-02-11T15:51:42Z,kiki_-11,account.be790ce576384ccf8d0ef7ed400b52fb
2026-02-11T15:51:42Z,MX-moses,account.a2cbc31c0b984905b8bef0b1012785fb
2026-02-11T15:51:42Z,Xx_0927bb,account.b2cab004a45647dfbd66fcef6202c9fe
2026-02-11T15:51:42Z,Xy_xBob04,account.dfd365e7b7fc410e81d807f7b116e436
2026-02-11T15:51:42Z,Z-c-c-c-Z,account.2c8879554ad44b02a7f92ef6d5fb430d
2026-02-11T15:51:42Z,QMZ_ZF,account.230f386cd35a4f7d869edc91d48cc2fd
2026-02-11T15:51:42Z,Qiyueyue_,account.dc9bc5b3b4d342b5b2fa64d91d5079f4
2026-02-11T15:51:42Z,SUOLUN123,account.e244539b941f4613bd2e213cdd5c76c6
2026-02-11T15:51:42Z,Panda01025,account.0a1b94d026ae4e1e8edd9fc9f681fe5a
2026-02-11T15:51:42Z,XingGui656,account.77df4acb3a9a42688ce85fe9fdad3036
2026-02-11T15:51:42Z,Vwo50W,account.2d734f25dfda4e5bb8585f9a053d56bb
2026-02-11T15:51:42Z,Zeroqi_,account.fa6574b7876c42908ea2f869b51a92c8
2026-02-11T15:51:42Z,mA_YcQZkpfZjj,account.cd0ab2bacf47424aac61753c124c2f8c
2026-02-11T15:51:42Z,is_Nny,account.9942f127ae794726b975dab19d91b489
2026-02-11T15:51:42Z,Panamera_sf,account.d45fa399e9724cffaf5eaf2d7c58f649
2026-02-11T15:51:42Z,Soul_UltramanNB1,account.a5377d4b545546e5b5e19993c5310fa3
2026-02-11T15:51:42Z,UNG_A_YA,account.c6f238acff09464894ca53b3b0689072
2026-02-11T15:51:42Z,dyin-77,account.b506b91f7cb1444b92e076957e3cfb62
2026-02-11T15:51:42Z,Lurinoxi,account.bb59aa8d61044641a74d0c83a02cb53b
2026-02-11T15:51:42Z,lao_k---,account.5d5ac68acd9545c58c3957b497c05265
2026-02-11T15:51:42Z,Soul_ShunJie,account.b171ec88ec9749c0bfa068ecb3725cd5
2026-02-11T15:51:42Z,jowrf,account.b0917beaaca04f74b9652df00c45f954
2026-02-11T15:51:42Z,SO3G,account.e1f5ed71836c46d698f2336403cce9a5
2026-02-11T15:51:42Z,Lin_ovo7,account.68153461fb1d444b9255503fa7aa6041
2026-02-11T15:51:42Z,NokB,account.f819f193243a4e6384d1be17572e2157
2026-02-11T15:51:42Z,NY0000001,account.84af905279204632b5ac14cabe7c1e74
2026-02-11T15:51:42Z,AUG_LaoChen,account.b0178453dc544b19a914e44c2de479f2
2026-02-11T15:51:42Z,SQBROvO,account.9e8b62ce33054145b19df92acfaab9c6
2026-02-11T15:51:42Z,xeex_,account.569f639525fa41bfbe1e4d77f91b082b
2026-02-11T15:51:42Z,Crewb1,account.626a7eadc45741bfb095490f2e3d558f
2026-02-11T15:51:42Z,KKAKTTUGI,account.c07d961ddf654d9e97504101982e73ca
2026-02-11T15:51:42Z,B1eLaiZhanBian-_,account.f2d53682247b45978cf74f387da6eb26
2026-02-11T15:51:42Z,3x7dengyu28,account.c22be748ccf84d9f8c6687d3bd59792c
2026-02-11T15:44:31Z,Demonersa,account.18c66899121f4508b2f93fe2bee8326f
2026-02-11T15:44:31Z,XIAOHEIGAME,account.5f62718cc5f44d8a87eff03659c58e9f
2026-02-11T15:44:31Z,Ahishenb,account.2c5f142263c849f3a035b652989df5e3
2026-02-11T15:44:31Z,Tian_W_TouTou,account.5f568f1f4ca9491f9b1badb97fe29090
2026-02-11T15:44:31Z,MyXinU,account.398efd5c55af4af88ceaac9c143cdc1a
2026-02-11T15:44:31Z,S1Gui_,account.5cf94616485f42a2b2e271708ba6af77
2026-02-11T15:44:31Z,8oBoBo,account.c07c2e4428874d5ebe9e3901640856ea
2026-02-11T15:44:31Z,MaFia_WhiskySR,account.697bc22689bf43288cf6a9a9fb904d25
2026-02-11T15:44:31Z,3lanc-_-,account.fa06366cdee44c07a27e3dd1f333b2ab
2026-02-11T15:44:31Z,Zzzcccciii,account.2781be25a36c4734aa8cadb9364f77a7
2026-02-11T15:44:31Z,SY-TMAC,account.98269de5f70844d1acb9e49361828edb
2026-02-11T15:44:31Z,Tozzti,account.cbf9cb79cee440e3a52d9d0b4032f550
2026-02-11T15:44:31Z,Ewey__,account.33a070f3bad2409f8af97a1d9bc3dc98
2026-02-11T15:44:31Z,Lchen012-_,account.f636d08109314887b63afa5f14dc3198
2026-02-11T15:44:31Z,iBiiw,account.542a156eebea48c5860cd1dc74735b76
2026-02-11T15:44:31Z,ZaoKang,account.a720f496b5464891b5eba4874ebf217e
2026-02-11T15:44:31Z,Ae98Gggg,account.66803af88cbe4df7a80387da9c99c69f
2026-02-11T15:44:31Z,BaGaJuL_Gay__,account.7593d24bba3c4a40845ffa35a8934c7f
2026-02-11T15:44:31Z,momosana_,account.a9f0ebfd3dc74c8fb8890deb6cf4104f
2026-02-11T15:44:31Z,Tian_W_Niuniu,account.143b058673cc41b79f0ba34295847c54
2026-02-11T15:44:31Z,WoShi_YingZei,account.d9673515c0d843a4af1379a2dd90b324
2026-02-11T15:44:31Z,Klaus_1st,account.76a50da77232483b82fb1ba43f625076
2026-02-11T15:44:31Z,Lnnnnn_-,account.61fbd5fb822f4943837e8c13ceafa0f5
2026-02-11T15:44:31Z,dunedune_-,account.e31d3efb7337439ab2bdaf43cd783814
2026-02-11T15:44:31Z,qinyangqiangshen,account.600a4ecaaf3e415ca85d95bc87f665d4
2026-02-11T15:44:31Z,Yin-Xiang-Ren,account.8f88fc01e9ee4aeca31a870f90e38837
2026-02-11T15:44:31Z,iDu1-_,account.cfcce6ae6796491a990e0b84a405363a
2026-02-11T15:44:31Z,Angkanjingirl,account.422b5576fe7d4972b504e4b367eb2cd5
2026-02-11T15:44:31Z,NaGeNanRenSSS,account.d3c7252fd3f449ad98ddfdda35ccd0c8
2026-02-11T15:44:31Z,zhangyang6789,account.be79a4c67ca144cba9e7229ab1285d74
2026-02-11T15:44:31Z,6SPECIALFACE,account.6d4862af81d540b68d65a3952ad5e743
2026-02-11T15:44:31Z,Sun-755,account.36efed5e1433478f87e27e171c4821c0
2026-02-11T15:44:31Z,iLnnnnn_-,account.5de5d5bc1c364231a88fe29f369d03b3
2026-02-11T15:44:31Z,Anwoshinidaoge,account.1c36c4026e81472b810cf7db7e01c70b
2026-02-11T15:44:31Z,5Oi3,account.4d5496cb3d744e988fd54b2ab0f8eed2
2026-02-11T15:44:31Z,YoLo_I1,account.48ccc1ed800641289c5a8b511196a29d
2026-02-11T15:44:31Z,SanLun189,account.54f279e4da3b4ed2a5a53350b42c24a1
2026-02-11T15:44:31Z,Tycoon_King,account.796c7deafd5946fc85aeb884fda7ea5e
2026-02-11T15:44:31Z,Clacky__,account.9cdeb46026b4497db55cb5d85f663dd2
2026-02-11T15:44:31Z,RBG-SQDBH,account.7aa60c3a15d441d197d87b7b062d2c97
2026-02-11T15:44:31Z,kkpac23,account.ae99d10a24214b878609fed41e24ea47
2026-02-11T15:44:31Z,HotGreen_Teas0o1,account.54cf47d383c046e5888c767463b59f81
2026-02-11T15:44:31Z,M1Fl,account.bad7c6402e194b0dac331dd06f88e607
2026-02-11T15:44:31Z,baerin2123,account.034b297645d646bcbb8e397f037ea359
2026-02-11T15:44:31Z,Boiru_T_T,account.814169cc7be54469b1ed05e5bdfe53ef
2026-02-11T15:44:31Z,1w9bhd5wab19,account.a6007dc8e2ce46218a9d72faf5da805c
2026-02-11T15:44:31Z,ei_ze,account.2cdeb806f7b84ca48158e1a5585ea5eb
2026-02-11T15:44:31Z,Only_Control,account.4aa9a54b72ee454da81e7d6dc6e096f5
2026-02-11T15:44:31Z,20041105,account.21c24665c3394ebb9693549037204fc9
2026-02-11T15:44:31Z,Dr-zihe,account.e391c95a9ee34befbfb26c1101c2fdac
2026-02-11T15:44:31Z,Hwaxy__,account.e442bb608063478e92abbe18397edd6d
2026-02-11T15:44:31Z,VIPletian1213,account.0eed8ed1ecd94e2fa27b0094a005a4ae
2026-02-11T15:44:31Z,asd19998,account.727e0871da58428c9deeb325d43cb154
2026-02-11T15:44:31Z,Amazing9985,account.b8275e74c4e348cfad82e26eadd121fc
2026-02-11T15:44:31Z,KOEALL,account.2a4b271f16b14ac096244ff58a31bf5f
2026-02-11T15:44:31Z,A-Z-DengSanLun,account.3a4501c734f84b368ddc7244aeda6406
2026-02-11T15:44:31Z,Vwvvvvwvvvw_,account.5eef4a6792624c268102243ab584a185
2026-02-11T15:44:31Z,fq2saiz2kfma,account.1cbd4c510fd9427abc4f26145f3164e9
2026-02-11T15:44:31Z,Judyy__,account.33f3d17f8e774b0fba5d254ea605617d
2026-02-11T15:44:31Z,wobuhuitiaosannn,account.58bf47ec9be94c82a7ac087e117f7417
2026-02-11T15:44:31Z,BBzx_CC,account.3e732318fb594233824845f2117fa70e
2026-02-11T15:44:31Z,B1eFanB1ng1e,account.40124eb8d5d147de9f88fd1b47440f3d
2026-02-11T15:44:31Z,tpc321123,account.37a61ea7dd67408db8ffd3ec4fe1bde5
2026-02-11T15:44:31Z,NONAME_OwO_,account.3d857863bc6e49a49af8c03777b53bc4
2026-02-11T15:17:26Z,0946_XH,account.5371f8b6e1034910aed0bed40d829dae
2026-02-11T15:17:26Z,ddh610180,account.fef2bb5357a34ec690678bd47873b978
2026-02-11T15:17:26Z,FractalEdge,account.e1820073ce1f4c3abbe1b2dbd31fa7b6
2026-02-11T15:17:26Z,AKA-Big-BOOS,account.7e3e9b50ce2842ad9f314b903a8770d8
2026-02-11T15:17:26Z,We888068,account.37e48b9be01a497b976315323760f00c
2026-02-11T15:17:26Z,yuege-shapotian,account.f4bac61b9f994b5d8bb1617e91d48628
2026-02-11T15:17:26Z,PaNifeng-,account.83b329a4b0064b908feb2d96ba1dcc85
2026-02-11T15:17:26Z,yycc-yycc,account.ce4efd5fffaf4afd8a02da9d3cef86e0
2026-02-11T15:17:26Z,waji-ge,account.b034e3e01b6a4516805bd38470f724b3
2026-02-11T15:17:26Z,21hfor48,account.6f7c0cb889f44bceb2e7ea3456f88dcf
2026-02-11T15:17:26Z,hwkp7nkf,account.57480f4906fd43ee8c0e9d49b97ff176
2026-02-11T15:17:26Z,Efrirezi993,account.a8e97a25d31e493f9407d235af376f8b
2026-02-11T15:17:26Z,Qs_Zhang3,account.a5628feee625400c9d99b5787cbeba2e
2026-02-11T15:17:26Z,Niu-SiFan,account.5bf4aae3e0db45a488bdddb49397715f
2026-02-11T15:17:26Z,Qs_8XTaYe,account.bece193c04d1496ea0b10ba1ca14d303
2026-02-11T15:17:26Z,ye__phrodite,account.dfdcf5f4fbf34526a640fed3060347d1
2026-02-11T15:17:26Z,Spotr-R,account.2756a50d56a0425190b6b7b0ac073928
2026-02-11T15:17:26Z,X_X-0101,account.6e4c81f7deb34ec9b75e3130e49e0f1a
2026-02-11T15:17:26Z,zz77_i,account.0626fc6de2324f61b4aca5fde34dd3c5
2026-02-11T15:17:26Z,uiovoll-,account.0d1a5d68c6024c95bf1159af63a4d787
2026-02-11T15:17:26Z,dxkkxbi,account.652fad8c0fad47b788cc8853a148364c
2026-02-11T15:17:26Z,weipeiyuan123,account.55540e57a59c43db8efdfed8d10a8bfd
2026-02-11T15:17:26Z,BBJJDB,account.abc09655f580442b9ea5ca88846afe8f
2026-02-11T15:17:26Z,zg9BzNEQ,account.ef82562708f944a099367223005bee5f
2026-02-11T15:17:26Z,voli-_-,account.94ff07da6fd6423ebee87e8e05c0982a
2026-02-11T15:17:26Z,500NUP,account.60491d1c9b724af0af924291c92a1c07
2026-02-11T15:17:26Z,59JASPER,account.db385dee0c2b4645894e6047ce0c5046
2026-02-11T15:17:26Z,Em0tion_man,account.d0948ad63a094ea3ad9059b90708b7c9
2026-02-11T15:17:26Z,Ming16888888,account.28a877fe08fe49478d218d98a0320b1c
2026-02-11T15:17:26Z,WVVWVWVWVVWVWVWW,account.0ef5053b457a4380b366df155f00c145
2026-02-11T15:17:26Z,abbb1ng,account.8c22f9474d574f179a1d834769f0079c
2026-02-11T15:17:26Z,AnGel_Quu,account.7ec91d0890c341cf957ccc09da881d1d
2026-02-11T15:17:26Z,JO_Sparrow,account.fafb66e3f4be41879450b1624c44fcc7
2026-02-11T15:17:26Z,1i33_,account.19822ec97aab4dceb0156f5afd64e448
2026-02-11T15:17:26Z,DLL_Ayu,account.d15d64c2213d4872987f961abcdbd508
2026-02-11T15:17:26Z,KxxBxxxSx,account.dbffd5b350ce41d5b7da1d41150aec31
2026-02-11T15:17:26Z,IlIIllIIIlIllIlI,account.2a26ff9715c74e338eaf9161fe3ac0f7
2026-02-11T15:17:26Z,Victor__Long,account.3329bb117fc747eeb6302a1fcf827eda
2026-02-11T15:17:26Z,1mkkya-,account.2a2831c0179c4b4da72449ed5993a5dc
2026-02-11T15:17:26Z,17TBBN,account.4fbc41f6c2ac4d7f9fe0edb78dbd3d95
2026-02-11T15:17:26Z,Cestbon_P,account.4f1ffa37ef0f4c97aadd721725753bfc
2026-02-11T15:17:26Z,Qs_L1ang,account.a4b8aa68b49d4c778154b86bcac0ff94
2026-02-11T15:17:26Z,FupoJ1aw0-,account.101637727d844adf89e7ef49bea04de4
2026-02-11T15:17:26Z,TenTwentyEight,account.5055a6a2d93b4b50bf585f357bdc4aa2
2026-02-11T15:17:26Z,1mi9_-,account.acd748541d6a4ef4981f7135c3da8ab3
2026-02-11T15:17:26Z,LaooUEon,account.a2141c856d2043aba60857b133cca2ae
2026-02-11T15:17:26Z,Shine--LB,account.7631146c68724f64bd7e0365c6cab448
2026-02-11T15:17:26Z,1yoyo--,account.3a9bc2d13b0b4f269ddf5ee07c6b35fe
2026-02-11T15:17:26Z,JXXDX_-YA,account.49709ed0c4104339bc4b588178f22cf4
2026-02-11T15:17:26Z,SHY_D1E,account.28d118981b1c4e8f8202119578e23c2f
2026-02-11T15:17:26Z,NEQF8c8wzI,account.f89b623fb576473ea970261c5a211b76
2026-02-11T15:17:26Z,JUEMAN,account.9dfcae31a54247c388143ba37929bf6a
2026-02-11T15:17:26Z,Jackie_zm,account.e49112d143044395b23f352256c26e2c
2026-02-11T15:17:26Z,HENGSIYU12,account.83683fe1b6a54a72a32dbe97c1e4f124
2026-02-11T15:17:26Z,X-Uji,account.9af8cbec51cc47d8898bb1f3c1355db1
2026-02-11T15:17:26Z,CCTV--Meng,account.ccb7a28555db48be899c356f604ea84b
2026-02-11T15:17:26Z,D_zbb,account.d8f7a51c7c904bf9b20a541e26a65f88
2026-02-11T15:17:26Z,YOU-NE-_-X,account.9526c9a960fe4a8eb6e27bd88faaabc9
2026-02-11T15:17:26Z,tankpyo,account.29c353c4e293407e9b311a4a960508c7
2026-02-11T15:17:26Z,NC-yanglei,account.c9fdc787cb28417a8f4fec616d0e516e
2026-02-11T15:17:26Z,Y_JIA_RUN,account.7cca6dbd764445cd8dfbffb23e714e90
2026-02-11T15:17:26Z,Hy20n_-,account.f1ab3ab3679b4a4489a99db04239cdfb
2026-02-11T15:17:26Z,lemon001341,account.09f02919c8d2426a88301b3fabb85bdd
2026-02-11T15:17:26Z,Bluelover123,account.afb504b7696f46739cb3968ab2f1a4f1
2026-02-11T15:17:26Z,Hyuk_ddo,account.00db41e657c84d0c9f18dd7e51ae348b
2026-02-11T15:17:26Z,YoutubeOriginal,account.b71655c228e64e7b8e0f393af9b12783
2026-02-11T15:17:26Z,MichinYB,account.c275c1473c984973af18834c21409ed3
2026-02-11T15:17:26Z,kong-sikk,account.a90e3ce3e6174592b9979f9704d34f96
2026-02-11T15:17:26Z,skppp44,account.dc3fa0a794d4470eb386ee4ffff9f5aa
2026-02-11T15:17:26Z,losrhxxx,account.8b35e69660624a11b0403d856a3dab77
2026-02-11T15:17:26Z,55yux,account.2bc38c54873542df8238556e87795701
2026-02-11T15:17:26Z,NC_tudtou,account.37bb1c911eab49b19c71e4e0bda9c0a2
2026-02-11T15:17:26Z,V50_kangkangB,account.234974f2f1df4eec9f40588d7cec1fcb
2026-02-11T15:17:26Z,SnoopDogg-_,account.88f2f429fb0243aaa1d7024d6eba8f38
2026-02-11T15:17:26Z,O_Ogg-_-,account.ceb64ff79f0c4a5c8d8e4d392c31167f
2026-02-11T15:17:26Z,T1jiudu,account.346334b8d770421a822bc5ec1a1ee70c
2026-02-11T15:17:26Z,PeRo_JaHaoo,account.8c89ca363b06446bb0012f4f1abe7798
2026-02-11T15:17:26Z,Kimi9799,account.8f78dd49188c448188780417662ffdfe
2026-02-11T15:17:26Z,banana189,account.324ef27c44ed4e06a031d66649e75f2d
2026-02-11T15:17:26Z,KIM-SHU,account.941dc3c43dbf4109a03010251a898d48
2026-02-11T15:17:26Z,jejucat,account.74137c295c9c4caeb192ce0ff182aa85
2026-02-11T15:17:26Z,a_yoee,account.3cd80e8c4ea345a4b41b8aaf4b9a80f0
2026-02-11T15:17:26Z,liujunjielioarui,account.c77b7778218d45d997c80eeeb00f85d3
2026-02-11T15:17:26Z,Dovkey1,account.75ce7a50d91c4cf1afa0bfb96f80f0cd
2026-02-11T15:17:26Z,PFKK_,account.d90a51f9631c4a198b8ceb7123712cd3
2026-02-11T15:17:26Z,Poison_QiQi,account.40c3f0f023b14cd89d02e6d023d46cdc
2026-02-11T15:17:26Z,Superman___ACE,account.b498bf72661947b8adb79a8115d285c1
2026-02-11T15:17:26Z,AKM-M24-LU416,account.9b74eb168b8848bf8956d6fe32e2b8b3
2026-02-11T15:17:26Z,mintmarasmoothie,account.1d5df0a60db64824af2b331c924192eb
2026-02-11T15:11:52Z,Ma1Ran,account.25db47441eb947bb8e653c72ac597400
2026-02-11T15:11:52Z,YIR_oo2,account.e12a846b4a834b8aaaaa0466c44b9a46
2026-02-11T15:11:52Z,sj-_-06,account.c590389f084041879175a1b9a8fcebaf
2026-02-11T15:11:52Z,bc1023,account.999e8485454a44c9a373eb12d2023228
2026-02-11T15:11:52Z,bakahetao,account.0233f56db98d4a10bf6c885d0be3efea
2026-02-11T15:11:52Z,1aoyao,account.77da467bc32044fe8b7070dd049156d9
2026-02-11T15:11:52Z,invmo,account.fb90c60b31dc4109ac920021c3f8bd4e
2026-02-11T15:11:52Z,Winge_-,account.b79729980ee7441da3b4a68044e3df87
2026-02-11T15:11:52Z,V88-kankan-xiong,account.c93faa1663424c72a1b759bf68397d4b
2026-02-11T15:11:52Z,Gaaabigshow,account.e0284d616d9f4941aa731145264fba47
2026-02-11T15:11:52Z,AGE-ChenShuai,account.27c9155373724c6ba87b4829ee29dd7e
2026-02-11T15:11:52Z,sa_ba_jie,account.046b8a02e63b48e4a1741259946ed6c1
2026-02-11T15:11:52Z,AI-GMM,account.4f8d2fe6222844d79067b3ec208f52ba
2026-02-11T15:11:52Z,m2_4am54712630,account.b6227c022fc349759fe9b9bbbd4be0cc
2026-02-11T15:11:52Z,Pu-penggege,account.61bb4278285d4ec483db3a9c5aa11b40
2026-02-11T15:11:52Z,lmj9876,account.e102650b361445f2807a4f31ecc66e04
2026-02-11T15:11:52Z,yrMBxOP9j,account.cafc02b62deb4ee29930000aa6e51644
2026-02-11T15:11:52Z,OHOHOH-Respect,account.c8c6306d011e400d8402c8be0042f7df
2026-02-11T15:11:52Z,Gaia5,account.f6b86e2b3a53406aa1370a09efa26c57
2026-02-11T15:11:52Z,BEARGIRLS,account.105d012ac7284eb0ad82f4fde4713b80
2026-02-11T15:11:52Z,9sia_,account.9d066c38fb7c4f1eb65b915f827fc042
2026-02-11T15:11:52Z,Gsunjd,account.d03ba4b67ff945e1bd0f12b8b7ec6a0f
2026-02-11T15:11:52Z,AKM_999998,account.570fe2c7e7be46f79ed0d8feb3dcff1c
2026-02-11T15:11:52Z,SKZ_MASTER,account.e161baa0aeff48a5b389c616b060299a
2026-02-11T15:11:52Z,Diver_nudi,account.e21d809a13434c699fb920a3e98a7800
2026-02-11T15:11:52Z,MVP-JJ,account.a3257191d75e4a0fb17c2fcbc95c9cbe
2026-02-11T15:11:52Z,SF-Xfang,account.26026aadde184c4dbb3e8b22ef8d979e
2026-02-11T15:11:52Z,suchao0320,account.c80d5ee6469a4b328c6343207e7bd62a
2026-02-11T15:11:52Z,chenerlei-chiji,account.569b1da2c38f468b9610cf2f51e00e7e
2026-02-11T15:11:52Z,KunKun_ADQ,account.3d9e9ee400e4453eae3fb7425dabda50
2026-02-11T15:11:52Z,Tokgo-_c,account.985f9d7e34e6429ca271f178ae645404
2026-02-11T15:11:52Z,Koi_Ziran,account.692ae1ac11684048a33b7c33f9d5b24e
2026-02-11T15:11:52Z,009632,account.dec4de054d9a497a8221fe76e512a4ac
2026-02-11T15:11:52Z,PaoPaoTang-er,account.647bad1c6ea94a45a0dc4452c5fbd227
2026-02-11T15:11:52Z,OIUS002,account.1b8285dbd6934f3997a9544d68a0f7f1
2026-02-11T15:11:52Z,01368,account.d5a7718f15ed4fd99d489901c2b496c9
2026-02-11T15:11:52Z,255703,account.dddb9645284f47289eb3101575859159
2026-02-11T15:11:52Z,SeolYoona_S2,account.cd3b9b27358d4e709a453516b2d892f9
2026-02-11T15:11:52Z,Dear__Daniel,account.326f12a235f142f7b436a55ed6f1ab9f
2026-02-11T15:11:52Z,Mei-7169,account.48e89e64a15f46fda3b09ce6dce7c452
2026-02-11T15:11:52Z,Aholic7758,account.df83bcf2e0e74e058dea60c907a70f65
2026-02-11T15:11:52Z,V50GNKDJJ,account.419dfeda55db440bbabc5d1083e172f2
2026-02-11T15:11:52Z,Echo-jiu9,account.edeaabfb4c554b2094a36f20285d2bc0
2026-02-11T15:11:52Z,MiJsy,account.57717f6e1f6840aea978a397f375d5a8
2026-02-11T15:11:52Z,Bald_man1,account.c8fd8f69972b495585d2ab2a8e66ee4a
2026-02-11T15:11:52Z,X-KYUNG,account.8d05123523c8429a876189545404f8e0
2026-02-11T15:11:52Z,hetaobaka,account.eff66f9aaf4f4161a8fda955402e3754
2026-02-11T15:11:52Z,Wewefable,account.18b33b8f1f594cbdbf23f854fb9931d2
2026-02-11T15:11:52Z,5y3u,account.f4fcc3a89bbf4a0baadb178daa755c35
2026-02-11T15:11:52Z,Hope_Bliss99,account.f68ce2c0cf78465cbc2bc805becf664a
2026-02-11T15:11:52Z,Rilakkuma654,account.2a7a52abd4e54df89a0efcecdf9ddb93
2026-02-11T15:11:52Z,Glasses_man-o-o-,account.09e68209d5df49ac9176b81e265d53ac
2026-02-11T15:11:52Z,ilen_-,account.028bf081070b4d56b7bfed88d780e379
2026-02-11T15:11:52Z,1kve_-,account.aae96027d1f64b22bf4f92c5bd14105e
2026-02-11T15:11:52Z,kxv3n924xfj,account.5edd58d742af4d9894ac3e5dd942aa00
2026-02-11T15:11:52Z,xticky,account.6236fc6d2bfc435e9486828410454518
2026-02-11T15:11:52Z,ChengZiyaOvO,account.8f49a2d30fe745e799063c359db77985
2026-02-11T15:11:52Z,iXChen_,account.8425b6838f924710996a82f385ef1323
2026-02-11T15:11:52Z,iHeBi,account.1361ab9139e242f886ef85e9c580ede2
2026-02-11T15:11:52Z,79xx_,account.c5cab11f36bc4c3a92c810008b22247f
2026-02-11T15:11:52Z,ganjang_ch1cken,account.cd6995c0bfc147d9851f52181e5d5200
2026-02-11T15:11:52Z,Yik-QiYue,account.e9f2a5d4cbf644538da4e6ac4791240a
2026-02-11T15:11:52Z,D__Sunshine,account.fa3b4f8508cf4b32a07de02e18182c8f
2026-02-11T15:11:52Z,QuanBAO912,account.bdcf8e49ae194274adbe2f81cdbc80a8
2026-02-11T15:11:52Z,X_0440,account.b9abfa2243ad43d8a7b72d6afce065d9
2026-02-11T15:11:52Z,Box_TTNT,account.6dfb51449dd148f5b365bf033852c8cb
2026-02-11T15:11:52Z,Silent-947,account.b5b611ab6ee34ef28245363ad3c4473d
2026-02-11T15:11:52Z,XIAOXIONG081,account.568b3af3c23c4541ac0c2e490014af73
2026-02-11T15:11:52Z,vincentq-,account.c4ef4d00b577421ea82e95754047cb46
2026-02-11T15:11:52Z,sexy_psy1104,account.55a2f4c4303b4096b7ebdb217fff5a8d
2026-02-11T15:11:52Z,1Hym-,account.2774ff831f6743a29d8d5d79173b73ce
2026-02-11T15:11:52Z,M0ngde,account.862b4b7c97c749ecb8d6b4eb8e84a96a
2026-02-11T15:11:52Z,Z-99llaaOo,account.630f232f9ead46ecbbcf81c752f8345f
2026-02-11T15:11:52Z,yi_du___,account.c5770bc0242d4835a975e82fd0ee3954
2026-02-11T15:11:52Z,SasiOverlxrddd_,account.cdcbb2090cff41ceaaead0ca00c5475b
2026-02-11T15:11:52Z,javon007,account.758d823cbd0e4885b029a21603cabdd4
2026-02-11T15:11:52Z,11xxo,account.f1afc86db1fc489cac821f48463348c7
2026-02-11T15:11:52Z,Nests_LynxAmr,account.ab9ddf30294441739829e19bddfb1662
2026-02-11T15:11:52Z,HHHHHHHHHHHHH_73,account.955770e26ad44aa98c20ade338d34e4a
2026-02-11T15:01:03Z,He5Y,account.877cce30f8b54f34b14eec690a76b2e8
2026-02-11T15:01:03Z,Clown-people,account.694c0d6d356f4584808bbb3b6b19535b
2026-02-11T15:01:03Z,5luu,account.1f62ff40368d467a8de6887b87e3afd6
2026-02-11T15:01:03Z,2iah9w0b,account.d048e32f126c4008b21fa2880cbf16ff
2026-02-11T15:01:03Z,jzq100,account.13d59e4a01964159be79dcb3563266f3
2026-02-11T15:01:03Z,Pc_zneel,account.f7575c8265b6476c8d5654eb482a2f98
2026-02-11T15:01:03Z,MAGPIEHAM,account.2ffefb04368a47bca12472c0d131be3a
2026-02-11T15:01:03Z,itwgbeh2pxjm,account.c145dd74f3f04cc1bb1d7de03743d441
2026-02-11T15:01:03Z,Achieve_IN,account.c3735079a8fe489b8b70b98c425f86ec
2026-02-11T15:01:03Z,AugReaper,account.f9dfb9a29b9c4bf184ba887705cbcb1b
2026-02-11T15:01:03Z,DGWDDF145,account.3f41dd6faee9407b837fcf71ce976a18
2026-02-11T15:01:03Z,1iubaobei_,account.c9a09d349ed24464931a2dc76b442d8f
2026-02-11T15:01:03Z,Yuz_rin,account.dff5aba3afde4d7c84e24af1791c3d73
2026-02-11T15:01:03Z,suwei_6,account.02344533039a4b7180ee615aa63224fe
2026-02-11T15:01:03Z,PIGDOUFUzz,account.0441e19c3c1047859f723a0e7372f1aa
2026-02-11T15:01:03Z,miemie2026,account.6132ac70bfd2448d93dee20a007ff297
2026-02-11T15:01:03Z,HHHH_HHHH,account.eccb67d689154a179504ea1fe8536605
2026-02-11T15:01:03Z,Sinwunix,account.e71daa4c5aef46919a892cb8d878bf8c
2026-02-11T15:01:03Z,Mpower-BIW,account.9be7a18cb5794e748cbceed0215fc178
2026-02-11T15:01:03Z,RY_Binggan,account.158567fe6a2345f9b08aa6dcc2dd44fc
2026-02-11T15:01:03Z,0004i,account.bfc317782f9c479dbe7e58852053060f
2026-02-11T15:01:03Z,SOOP_WolHaeRan,account.c55ce8852ac9489381f6e106f483f10e
2026-02-11T15:01:03Z,shannipi,account.0ef46173dd1242f8ae0575d4f6fd50f8
2026-02-11T15:01:03Z,AnMoka,account.fbf16f474c4842c6a4d41ae7d1348f8b
2026-02-11T15:01:03Z,Morii_-Sept,account.d1807fe43eb44ae5977f9050c4e8a7f4
2026-02-11T15:01:03Z,Xck3,account.f960778896e3409ba0a6f4ff6ebe3884
2026-02-11T15:01:03Z,SC_GodLzzZ,account.a235288c50a34ab7a4e4146182070c66
2026-02-11T15:01:03Z,LwithL_,account.d0ce906ba8074dfc86310b904c50f6ef
2026-02-11T15:01:03Z,pink_bo2,account.727a9638baec4d6d84ef2dcde8da2eb0
2026-02-11T15:01:03Z,XiAoYuBiBi-_,account.beda923bb37f4eb9ba074ca1189d83c2
2026-02-11T15:01:03Z,God_sharpedge,account.b97cd1c2ab6b4d738d8c20bb97019bc9
2026-02-11T15:01:03Z,d2cong,account.08ca935104594b29a84cd071999ea828
2026-02-11T15:01:03Z,Tidexxxxx,account.16242134b8e8475d81f434294f8be342
2026-02-11T15:01:03Z,LIANG-Ryo,account.401c517306eb4c67becb54f5c2296196
2026-02-11T15:01:03Z,seeyuobay,account.05ff574899ba49f7931d3eb86835810d
2026-02-11T15:01:03Z,SOOP_MUKE,account.2232156b1eae4a278cee36f615934280
2026-02-11T15:01:03Z,Vonnic_zzzzz,account.b68eec49313f400e932436ebe1307a46
2026-02-11T15:01:03Z,XSYSXG,account.63b50c39bff34870a9b9afeeaa01ce42
2026-02-11T15:01:03Z,KOR_Rubel,account.1019f3a51b56480cbb44543186ca26b9
2026-02-11T15:01:03Z,hohohoho0211,account.0f26983b69584e33b5b73491cdd08ac4
2026-02-11T15:01:03Z,Yzhgod123,account.b651592cb12c4e4883d210bce75d9b3e
2026-02-11T15:01:03Z,KimJanMang_-,account.3a1e99d7470e48a384356a988f08e77c
2026-02-11T15:01:03Z,0604_--,account.1cad08dee73746f4bd86eb72ba8ee9f3
2026-02-11T15:01:03Z,K1ngs_XiaoLiu,account.1db4f8c33ed448fe873c3d0b7f8cb0fc
2026-02-11T15:01:03Z,biebukaix1in_-,account.5b8bb45048514d83b9ce173b9587a5b4
2026-02-11T15:01:03Z,BanToLove,account.694ad8b547dc49b3bfdf52ce4153580f
2026-02-11T15:01:03Z,TianmedaJ1,account.2483598215d9430ea4246e9fcf486a08
2026-02-11T15:01:03Z,Sitabelian,account.2dd8df0d04b54c579b87583228f1eb0d
2026-02-11T15:01:03Z,OneSevenzz,account.5899602f4b6a408f987ef656131dfc15
2026-02-11T15:01:03Z,adad112233--,account.8e2563f189094522994260262386d452
2026-02-11T15:01:03Z,amFriendly,account.5b205ff23c024d4bae19fb7c56cf4948
2026-02-11T15:01:03Z,Coisini65,account.1d97e8d4af9b4f49bcc94186b3cf5267
2026-02-11T15:01:03Z,AAA-JCliGe,account.44af91f13113477da7f4ca5adac878cb
2026-02-11T15:01:03Z,Achieve_RIAN,account.539c2c1e63514d499dad03866793a7c8
2026-02-11T15:01:03Z,1st_Berothy_S2,account.6af8ad6f6b7644fb8e062313bf00d6b9
2026-02-11T15:01:03Z,Hyoenilise,account.1c0ebc80bf054cd091787de722b4a167
2026-02-11T15:01:03Z,GUN_HyeDal,account.54beea442bcb44238329c7c4362ebfc1
2026-02-11T15:01:03Z,qq342233817,account.ceda975a2fe44e22a7efc181b707cd64
2026-02-11T15:01:03Z,yanppi_,account.ca7af8450ba8463e8060a8ed1f033bea
2026-02-11T15:01:03Z,1Guts_-,account.61a22ce2b7e84cfe8fc7cc4011032ef5
2026-02-11T15:01:03Z,Joeeeeeeh2,account.e97ba5f6f6e2483b9452a5649fb970c1
2026-02-11T15:01:03Z,abe-e,account.12a334e7bd744203b8b52554df661bd5
2026-02-11T15:01:03Z,SC_Linye_Cc,account.8df0412bfe0a4aa89863058e0a731f31
2026-02-11T15:01:03Z,tkawnddldksldpdy,account.9d8ed29b2b1a454698aa12b36d7c5196
2026-02-11T15:01:03Z,KZ8888_,account.4aac73aaf4814cb1af0a15c762147156
2026-02-11T15:01:03Z,T1anwojj_,account.799933270ea64b6ead7ca29a049acd3d
2026-02-11T15:01:03Z,Xy_oo4,account.8290ee91166a434694a3cfcfbcc121cf
2026-02-11T15:01:03Z,GdBjGyn,account.0705f9fe7b234870be1f15f162e0a280
2026-02-11T15:01:03Z,0002i,account.43f44d68a2024c29bdfea0efcf579ace
2026-02-11T15:01:03Z,T1an_wo_Da_JB_,account.0a12b12a34e1444da666264b64ed2584
2026-02-11T15:01:03Z,GiveMeFive-_,account.3c1572892f8848d9b09ed3f516c0c7f7
2026-02-11T15:01:03Z,k9viqaepf,account.2395c19009cf4b8ea6f7dfc93764e6ff
2026-02-11T15:01:03Z,Miss_Ta_BoBing,account.f964a4b3b9a6471c808f47cda8627ce6
2026-02-11T15:01:03Z,MarkMaryHan,account.353141fe54b94999907e1001c2843d32
2026-02-11T15:01:03Z,xin-0_,account.b09dba0168004311ac1eb4d5e2c5078f
2026-02-11T15:01:03Z,gaozhuang-1,account.0d247c747ce54464bda10d0838903f13
2026-02-11T14:42:44Z,yoyoyoyi_,account.b36b38faa30048f9b6e2c5d7d7ba53b0
2026-02-11T14:42:44Z,11-MAX,account.d1e35eb61c22428884da5b743d07a859
2026-02-11T14:42:44Z,OTEL-KIM,account.11003ea6f2f0483599fc8d3db5a9a851
2026-02-11T14:42:44Z,wdfd888,account.41a4beafb59d4858a2a5268971581bf0
2026-02-11T14:42:44Z,1inqiu,account.9a436eaa4cdd44f9b72fee07ad6f092f
2026-02-11T14:42:44Z,young123cheng,account.e347681d392e4b158bfaf861cf6abc14
2026-02-11T14:42:44Z,VN300-GaoYiCi,account.ad9af850c3ce415aaf71c7ba8389f270
2026-02-11T14:42:44Z,MG_JOT,account.733f2f6263254130a1b2ba4b872e1aa5
2026-02-11T14:42:44Z,Give_Arose-,account.17910f7f93c1495f81f098b47a0cac8c
2026-02-11T14:42:44Z,psgw23,account.164b62ea5f6e4a8da94feae8331d5a14
2026-02-11T14:42:44Z,7oKmonkey,account.818db7bc51a9496dae3bbce2828bbcf8
2026-02-11T14:42:44Z,yipzkup4,account.9a43d0b1cf2a4ff3bffc6b3d5e8f4753
2026-02-11T14:42:44Z,ooood-_-boooo,account.a14d7e3138754de08a474f301148bcc7
2026-02-11T14:42:44Z,God_0907,account.81fce6492b4c4d24a19a0d7eac2ac226
2026-02-11T14:42:44Z,YONDINE,account.8b6a85915f304527bd93a06b1a31f065
2026-02-11T14:42:44Z,MyLight_Selene,account.a381545c58a0471182ba38096adaa182
2026-02-11T14:42:44Z,Lao_____Gui,account.392f4a663abb4ba2b86d2d8eb3e76cf2
2026-02-11T14:42:44Z,Airmeipubg,account.365b5cab505e4281996519e2095ec7f5
2026-02-11T14:42:44Z,Chanshiyu-47,account.d1f37901062e4a508536d529bd0f5bc7
2026-02-11T14:42:44Z,YoHo-X,account.7b9ae439488b4ddfaa325cdbc63a1049
2026-02-11T14:42:44Z,L1kx1,account.65aacdb939a8483a813375c407f76b8a
2026-02-11T14:42:44Z,Bommbomm_bang,account.011f5c8d9c2e47d4ae3849ea1a596361
2026-02-11T14:42:44Z,EAST_15KK,account.89c9033d0f3a45ada19acdfa6f96d046
2026-02-11T14:42:44Z,SLA_AxinB,account.979c78082a984595b1c2de4dfd0f6c03
2026-02-11T14:42:44Z,wuge_90433,account.75f5889c02014dec8ab9a2893f549ae7
2026-02-11T14:42:44Z,100_GOOD,account.99160e8d00864dfcbbf3bef40f2ccbda
2026-02-11T14:42:44Z,OTAKU77K,account.255ad459c6cc4c52973955ca18b7ba18
2026-02-11T14:42:44Z,1xmi-_,account.9030bcb6a67a42fa82fe7b824f524943
2026-02-11T14:42:44Z,miao_A,account.adf7234e6e94492c8b3ed2f9807c4c15
2026-02-11T14:42:44Z,Surprise__piapia,account.8e3ca90be2674be7b537be7b96808fae
2026-02-11T14:42:44Z,XuUa-_,account.51f83f7707334761bf5029b5a138902e
2026-02-11T14:42:44Z,aBelial,account.b73a2a8d07c0404d87f0c516ee08f712
2026-02-11T14:42:44Z,KsKwon,account.c2c6f4d706dd4ee78bfc55e24da2372f
2026-02-11T14:42:44Z,Tonglian,account.46a58f91a4dd4a22a6ab061baa8218e1
2026-02-11T14:42:44Z,Caster_94,account.5855a43032b345f2a26f2ec36b5e9489
2026-02-11T14:42:44Z,wvki3wk6hs,account.b1e865a895b74429ae73d314c0ae4f1f
2026-02-11T14:42:44Z,LY-DJBxiaoshuai,account.ab3be3ede6204b0081fd4c40344604a1
2026-02-11T14:42:44Z,CCTV_Tutou,account.78ca4e2f404e48b1a8750ff716033dae
2026-02-11T14:42:44Z,Im224_,account.d851d51b2fc64e2b8eeec58ce385bcd6
2026-02-11T14:42:44Z,9527_-XG,account.6753255a14d941839ebfb13c6af2f005
2026-02-11T14:42:44Z,Laoma-1888,account.6c8e1f25668043f2b6bd8599f83555ae
2026-02-11T14:42:44Z,KS-TVdwq,account.685842dd11f6453ca6044b3521df9de7
2026-02-11T14:42:44Z,Jeongman-__-,account.0ca4c5baaae9499f89440d27ba697a34
2026-02-11T14:42:44Z,1Yueu,account.53008362b1a348b898a0d9493bc3205a
2026-02-11T14:42:44Z,Exclusive-TT,account.1607bd3ae5ce4401b9531e8c4add2765
2026-02-11T14:42:44Z,SOOP_NewNyeon_-,account.ce108560a33c46aca0e7ad38adcc8a2a
2026-02-11T14:42:44Z,Ycta_,account.fe5a38f25e2042e5ad578308c64f3b59
2026-02-11T14:42:44Z,X1aoYu-------,account.92112621ceb142818d3d81e3ca44d2b9
2026-02-11T14:42:44Z,Eng1ishTeacher,account.8a3b1fb8764940a88b6dc10ab2a9cead
2026-02-11T14:42:44Z,Ribby-HEjin-DaY,account.afcd21d45efb4daeb41e1399c14de438
2026-02-11T14:42:44Z,9257MCCHen,account.495071d78a2e4c559889dd37860d655e
2026-02-11T14:42:44Z,enlwlrlwkddls,account.691eb69d28c6472c8310270fbc17efb7
2026-02-11T14:42:44Z,JennyYAbraham,account.ce7831dd0a804d6d9dbd29ba78b16c7a
2026-02-11T14:42:44Z,a1yy9t563rag,account.433a3a5bc83d4883a565471b8db53b9e
2026-02-11T14:42:44Z,HJQ_77,account.b470c722783445e8b2c2a5607ab87a69
2026-02-11T14:42:44Z,A_XiGuaTaiLanG,account.fc395b33e3d7419395df97ec1345f346
2026-02-11T14:42:44Z,ML_LightRain,account.f6ea0e4df24943aebf40d246d4d31783
2026-02-11T14:42:44Z,8660c,account.661f09766f6c4dc2946fae29bad058aa
2026-02-11T14:42:44Z,SnowBigMiao,account.bc50e3d47a2545009787212f2d632b63
2026-02-11T14:42:44Z,Cy1ng11_-,account.71c303491cc646daa4c17c8cd178499d
2026-02-11T14:42:44Z,CHUJIAJUN1224,account.595ad85122174aec936f48441256f168
2026-02-11T14:42:44Z,zhangdashuai_96,account.15000c4e02614361ae7c40c6401b58cf
2026-02-11T14:42:44Z,WuHai-MLXG,account.0005b80239c64be58b4910d8a2f06483
2026-02-11T14:42:44Z,JunWeiChen,account.f550cc1b124f4de8b49acda1122e76eb
2026-02-11T14:42:44Z,INHYOOO,account.e3106a9bbd09457592f08e0f6c8f7655
2026-02-11T14:42:44Z,Cuua-_,account.4ce0075ea1be4b72a6ed2ca05225c8fc
2026-02-11T14:42:44Z,wode-verybig,account.fd851845d6a249309344018653ca9707
2026-02-11T14:42:44Z,LadI_0,account.1ccd3be67e2d4163b2647db1ef72675b
2026-02-11T14:42:44Z,ChenYY97,account.82f628011a324555951c11b31962a2f3
2026-02-11T14:42:44Z,BabyShark-DoDoDo,account.24b268387dc548a5beedc6323c388bc5
2026-02-11T14:42:44Z,YyO3O___,account.75e814853549421d9cd967958eb10867
2026-02-11T14:42:44Z,MG_HYUCK,account.b2011697c8624ddabba2fe6766f44f28
2026-02-11T14:42:44Z,Sethought,account.250615ac4e674d42a7ef5e95c5562953
2026-02-11T14:19:44Z,Khan-Cong-1208,account.ce35f09d1aa44f319144b2c3e3521c58
2026-02-11T14:19:44Z,Xie_MeiMeng002,account.0c1e33ad058f4b82aa3d4a0dd6b1c90b
2026-02-11T14:19:44Z,onneyeah,account.b4b1a0ae045a47079187b5fb0e7bffdc
2026-02-11T14:19:44Z,lx19971106,account.23f3324d0e794d54823385ee3f795d69
2026-02-11T14:19:44Z,Xie_aoMeng001,account.9f601ff5f8914b818e3b332094a6edec
2026-02-11T14:19:44Z,TTo_Hxn,account.888032b5af9d4a09be827d5801452bbd
2026-02-11T14:19:44Z,Gang_Juwon,account.5d17c6a4ec9c4ba98b3552ee912a1aa0
2026-02-11T14:19:44Z,618s_,account.1b3c2a2be006457db489bc1d378a018a
2026-02-11T14:19:44Z,iloveyouhyx,account.f162dec360344dbe92a0004636b3a268
2026-02-11T14:19:44Z,PanDa_3393,account.6c7a6c1b71cb47cbb02d3bc98b53a968
2026-02-11T14:19:44Z,Aebs-_,account.f134391826b64cbf8088f07e679808b9
2026-02-11T14:19:44Z,Weisui-L,account.23f1cb4d1a3f4c70bd4d68cb5df70409
2026-02-11T14:19:44Z,bxgr9168n5op,account.9ae1a9459a75419a9e1a0758dd4bc312
2026-02-11T14:19:44Z,Ye_XingRan-_16,account.aade417bc369433eb8c9a8644fbae1a3
2026-02-11T14:19:44Z,GameRotation,account.a00a2468d6844f358b942b49844b8b54
2026-02-11T14:19:44Z,55oi_,account.730d401a0e48484fa12221359aecdfd2
2026-02-11T14:19:44Z,rlagnel,account.bb6af3481f764b09814ca41de89912a5
2026-02-11T14:19:44Z,TOP-one-King,account.e5c387d2f8234998905d411640e94918
2026-02-11T14:19:44Z,ODZYSA9UP,account.5d403cbe14824da696331410d25bcf04
2026-02-11T14:19:44Z,SAK_EE,account.051142ed25d64733ba6cd32cfc39eb26
2026-02-11T14:19:44Z,CHN_YunX,account.40277a493acf44dbaf6a641fa85b6afc
2026-02-11T14:19:44Z,AudiRS7-916,account.9e24cf8ec81d4d91b645700c9f940509
2026-02-11T14:19:44Z,oksoon28,account.6659f0e10d194d79a76c755ee0c55215
2026-02-11T14:19:44Z,qqljx96,account.45fc02ba21c846f89fb7204897af7a71
2026-02-11T14:19:44Z,Baby--0407,account.55438ff913e4400f99441545d35131e6
2026-02-11T14:19:44Z,Chen-sheng_36919,account.e68e1417e6a54fd5825b947341c88559
2026-02-11T14:19:44Z,c-ai778,account.81398f6a67044e57863213f8f3b264fd
2026-02-11T14:19:44Z,6bj95i,account.e46b55eaa4074a679a4893c687b5497a
2026-02-11T14:19:44Z,Disturb-mumu,account.0a4f75053b8c4aed837aab79376a8057
2026-02-11T14:19:44Z,MuShiNi-OAO,account.0ad45ef29d2a43d6a807a03d984cd759
2026-02-11T14:19:44Z,loby__ro_naga,account.ce335f88a4164c49a626444678960d90
2026-02-11T14:19:44Z,02oi_,account.188222a4b089470d9e45e6d5984441c7
2026-02-11T14:19:44Z,1998520sw,account.755dbb30a7ff4c79bc71689015f2f760
2026-02-11T14:19:44Z,i9-xai,account.e2831948acd14f4cb887ec3c7620d5d8
2026-02-11T14:19:44Z,G1Azzi,account.65db7e3f10314f1f822b4716ad6ccffe
2026-02-11T14:19:44Z,XU0306,account.071dfb20f0ec4ec294d8edd0f9d0ec51
2026-02-11T14:19:44Z,RASH_FR_,account.ccadb40431c543ee8fb9b1b4968cb355
2026-02-11T14:19:44Z,C12H12N2O3,account.5c40589a6964431f936cd0bcec20ab58
2026-02-11T14:19:44Z,moon_nim98,account.ee8c738585b44aa1af31995de041dc2c
2026-02-11T14:19:44Z,9yes_-,account.56204bc81d8d412f8cac0491faa9f057
2026-02-11T14:19:44Z,NiaoGe_B,account.c38f5910491e455db8188e986d5e2fbc
2026-02-11T14:19:44Z,mmm555mm,account.8ebc1d17ae7b4418a7187c3d29dce4d0
2026-02-11T14:19:44Z,1ecl,account.1563ae393f24423097d26fc38b20134f
2026-02-11T14:19:44Z,Vx_Zywo01,account.7f625b990c554e929d1973c8a2f02647
2026-02-11T14:19:44Z,x_x_XiaoXi_x_x,account.83aaab8af1fe4548abda65a41277f088
2026-02-11T14:19:44Z,2404-X,account.5ccb7f6e2a124844ac4175e594bca5f4
2026-02-11T14:19:44Z,REVIVE_Mato,account.1e462b415a5b4a99975af6cc1525ebf0
2026-02-11T14:19:44Z,DDOBALL,account.411e01c6e489412da2b51a32114c68ea
2026-02-11T14:19:44Z,Struggle-Stri007,account.923951911c054571ac3f0a2568e8c5be
2026-02-11T14:19:44Z,baby_36D_,account.4716ae04eee6412681cd3282262e0b94
2026-02-11T14:19:44Z,Chodae_Nam_Du,account.097d64428ac84432a6c23197a36d1e0c
2026-02-11T14:19:44Z,JUN_ONG_2,account.0613c4a7c4cc4111bc7c94444f12cbef
2026-02-11T14:19:44Z,818s_,account.13a4b194f4b94f768ecfe1f362b0c5ac
2026-02-11T14:19:44Z,Lunar_nyang,account.33839dd495374a68921704429e9abdaf
2026-02-11T14:19:44Z,MVS_TAK,account.a08ec1ba90554c7c8b2dfbfb8a859188
2026-02-11T14:19:44Z,IKUN-HN9527,account.cdade44b10964e02b4bfe1f9caf9b089
2026-02-11T14:19:44Z,shaniayan,account.0bd3458d6de04914a6faabe12d2dee1c
2026-02-11T14:19:44Z,Jwh526,account.4303c8a46fb04411b953501547f58931
2026-02-11T14:19:44Z,CHUUUUO,account.f34b2d8fc18c46d6bd948cf8e1648467
2026-02-11T14:19:44Z,fanxiaotang88,account.48303b58940b4af1934fb2011f3f8abd
2026-02-11T14:19:44Z,QFkezhun,account.b3864e5c06a94e968fe347edb5f16233
2026-02-11T14:19:44Z,wfgur,account.fa0e81cf928a4614ab5ac592123ebfbd
2026-02-11T14:19:44Z,Zjzzzz_1,account.374e9e832fbe47d8ad0ee85afed92439
2026-02-11T14:19:44Z,DDK-WGH,account.58b943efebf44baa905ffc5549df6a78
2026-02-11T14:19:44Z,Pero773,account.f947c730f59a4a76a754101e0e027255
2026-02-11T14:19:44Z,BBO_RORO-,account.be7ac62684684f24a5b90851fc205a80
2026-02-11T14:19:44Z,QAQMIANQAQ,account.ef62667da3ce4d5f8b8a4c95757ba067
2026-02-11T14:19:44Z,Osal11221,account.f28798aa7ca04f32ad2e6b0f57e7a17e
2026-02-11T14:19:44Z,ai_-cao_-B,account.56bdf692ecc44cfaaad2906bde865057
2026-02-11T14:19:44Z,DOONANAi,account.a04df1f5d44f450bbdb2ec44df8c0657
2026-02-11T14:19:44Z,WHJDAAIAK,account.bf4de9e082b646aa8178fb87d3d12d23
2026-02-11T14:19:44Z,V_Vint,account.f4a526a876b64476a912fa7571d1a0d1
2026-02-11T14:19:44Z,O829-_,account.79b181ce72d749e1a2cd6d8067287a17
2026-02-11T14:19:44Z,iG_Pedri,account.526e49982cb142528f7a0b89e4c37934
2026-02-11T14:19:44Z,CHN_LJJJ,account.d79f168b3c164ba988595fa6a409e45d
2026-02-11T14:19:44Z,SHUYAO1,account.d88f1fe6948f4cb4838d3eac2ad55d80
2026-02-11T14:19:44Z,CHN_Even,account.046a9f3e4de64b79915ca71f16c5717d
2026-02-11T14:19:44Z,RASH_iGk,account.a09877e37ecc4ec2b36bea1541c9c1cb
2026-02-11T14:19:44Z,2415-z,account.9848cd4d2cb24cd6bca13472152b3edb
2026-02-11T12:14:15Z,Carl-TB,account.70ab66b407cd4763beef26b5117fb1cb
2026-02-11T12:14:15Z,DDOBBO-,account.0b0f95c7c3164c34b903057a2c6dd4f9
2026-02-11T12:14:15Z,loveparkgayeon,account.b518205c73254a71b9554a2555654d05
2026-02-11T12:14:15Z,Skey_XiaoTian,account.441bc8cef16a483bb0e97fa5e9a64aef
2026-02-11T12:14:15Z,Victor_WXD,account.2079047fe44a4b9780daba2ad0974fd6
2026-02-11T12:14:15Z,YuQi1688,account.95eed1052f974c42bad9fedb209ef715
2026-02-11T12:14:15Z,Fate_ZJL,account.762ab08dce514b8caf64cf0a7fdc07dc
2026-02-11T12:14:15Z,DG6974_,account.0b07a9d51e9848c9a47a29422ed071c0
2026-02-11T12:14:15Z,V50-Rua-Da-MiMi,account.c5b605c11e104cff820394337872d028
2026-02-11T12:14:15Z,TouDanShou007,account.e40646f3f27e460397b9984ffca105cc
2026-02-11T12:14:15Z,Hnn_yk,account.4179ae51d36347f8989909a0b96fea67
2026-02-11T12:14:15Z,Alpaka_sim,account.a68c4684789447dcb7a9f9d2176ba93c
2026-02-11T12:14:15Z,KIROKR,account.6c6520febe5e46cda2c4f727122e749a
2026-02-11T12:14:15Z,Kang--__--,account.8a10876c9f7f4814863d42867e2a33cc
2026-02-11T12:14:15Z,TTzw668,account.80411d030bcb4b9cb3801be8b588aa0b
2026-02-11T12:14:15Z,wjddml0409,account.e42170b8c9e740b8ad6cb6a946122251
2026-02-11T12:14:15Z,SSakDaCut_Wendy,account.e22ca35cd79d4e46b52a2df66861bc8d
2026-02-11T12:14:15Z,NTK_MangNaNy,account.e74c08b7513a4e59b0d5a31e6cedd10e
2026-02-11T12:14:15Z,82O7_-,account.fcf71fba6ea2415db5a6a180ad7b6ac3
2026-02-11T12:14:15Z,REVIVE_M16,account.2c9f729221d74d25baca8bed8abdc9ac
2026-02-11T12:14:15Z,Bainily__,account.dec0a1343f9b4634bc27eb426b169287
2026-02-11T12:14:15Z,RAHEE-_,account.8d184af04c864f3ea777061145b6fd7c
2026-02-11T12:14:15Z,E_dwin__I2wGu,account.ff11f4efbee54cdba58f2e237607ac10
2026-02-11T12:14:15Z,zuraki,account.b728794805ba404fbbc4a9e4b5960014
2026-02-11T12:14:15Z,Kio6s_-,account.165927f4f11449638df861d620fb623e
2026-02-11T12:14:15Z,Orrrrrrrrrr-_,account.e07eb1c7675047e88761d5096af4b90e
2026-02-11T12:14:15Z,PHE_INONIX,account.9a79c5c8f780475c8bf8230a00ffc3fd
2026-02-11T12:14:15Z,Azheng6667,account.4431f5667f664787b3fb9433aeecff73
2026-02-11T12:14:15Z,CfanNide1ao_,account.327d2c388d2a45cd8aa3f80a83b15f18
2026-02-11T12:14:15Z,VIVA-Sky,account.faaec6cd311f48658305f5dd6065bdbf
2026-02-11T12:14:15Z,Midorino_o,account.a2490689dc4e47fcb4f2eaac1bd48bcf
2026-02-11T12:14:15Z,Berzatto,account.d8ddbf87851b4bd7bd8b87b7c4c8ee4f
2026-02-11T12:14:15Z,G_Zard,account.18a6a30660a14f43b0c79f33466662b2
2026-02-11T12:14:15Z,Alone-M4sixteen,account.69ed16843a6b44dba1dfc3427fc89a58
2026-02-11T12:14:15Z,wh4tth2,account.a99660e59713480ebe10b25fd5e85908
2026-02-11T12:14:15Z,Yuer_zlx,account.08335cc9981d4d3d96789723c4e3896f
2026-02-11T12:14:15Z,Hwisub_i,account.2790cc10f16a40e6a45c03199d2f1cc1
2026-02-11T12:14:15Z,Skey_haimeng,account.85df54fb1cb64c31b8d3ea4948b9fdea
2026-02-11T12:14:15Z,0FVvsqWm3qFyu,account.c084731340c149e0acc3487e795774c8
2026-02-11T12:14:15Z,Spieler--,account.55215218a56f4e98a26995eac4e1bedd
2026-02-11T12:14:15Z,VoCoCo_,account.cb533ab7ed1c432fb45674f57966c423
2026-02-11T12:14:15Z,Daboluo_Hhhhh,account.028a13bf3afa4e2fbccd1999dcba69e3
2026-02-11T11:46:10Z,L-D-s-b666666,account.1395075e62fc44e39e7ee5c0c45f29e4
2026-02-11T11:46:10Z,5bullet-,account.00a8bbccd02c4a61b57f197ce23c7cf5
2026-02-11T11:46:10Z,ppxzzh1pt,account.3209ceb318714613b521c5ad20368460
2026-02-11T11:46:10Z,godseungman,account.17d33f7d8bed499e837ebdc2dcec3331
2026-02-11T11:46:10Z,LoveMyKurumi,account.f7e5d3b6beea4cc8ac9d022ac2ae4ab5
2026-02-11T11:46:10Z,KaiGuaSiMa-HeHe,account.ba74e5dfa5bb453d8e07aa2fe22bdab2
2026-02-11T11:46:10Z,xiao0-_-0yang,account.edea2de770934aea9b3b1e54e69d02c8
2026-02-11T11:46:10Z,iced_CocacoLa-,account.ced3ac77aa034345b793cf4b9d76b7a4
2026-02-11T11:46:10Z,ygq5hl559hlt,account.ad107a1f1a874baeaec551a05f0180f4
2026-02-11T11:46:10Z,NyoNiii,account.d04ee6d086a94aeea549d77539f9489d
2026-02-11T11:46:10Z,HateTPP,account.82a5cba490aa408c8dc907b7bb85d2eb
2026-02-11T11:46:10Z,moshengyixing,account.d4b36ec7c6e74e16bb90756062e2da43
2026-02-11T11:46:10Z,IITI__ITII,account.6149c885d9804ffea688b4bd49870aad
2026-02-11T11:46:10Z,Uhmamooshi-,account.92fba20c49cc48cd84327c751b4936c3
2026-02-11T11:46:10Z,KWANGJU58IN6974,account.0133dc8b65f046cabc8d14a92cb2fbc5
2026-02-11T11:46:10Z,suhan2199,account.841a6de8e8654f3eb8e729401a922a29
2026-02-11T11:46:10Z,Dozxr,account.8640b995ea204789abedfebb8e3a0f1c
2026-02-11T11:46:10Z,DarkWings-xiaobu,account.b9f65de8dda54f539db7cf7be813c8b5
2026-02-11T11:46:10Z,niugua,account.0662eaa289744de8b4c46d3a61cb7a55
2026-02-11T11:46:10Z,YooHa_-,account.774619eb4a5d4e2bab1b2f284a9a307b
2026-02-11T11:46:10Z,iced_ShuangYy-,account.a8030d378e994846bc310988c9823b96
2026-02-11T11:46:10Z,HoppapIayer,account.8bbda81aa49b4156a1b9968aaad012e5
2026-02-11T11:46:10Z,Ben--ZZ,account.094d875721a34aadafd4a77d3c6dd1c5
2026-02-11T11:46:10Z,008811,account.ff37968056b64e7282cdefb9c37f9c2b
2026-02-11T11:46:10Z,wei-liang-bin-97,account.e89b57c1c93b4505a3eccbce544ae7ef
2026-02-11T11:46:10Z,Fierceman-Zxxxz1,account.d1919037e8034e80b701ce7c1ce2e8df
2026-02-11T11:46:10Z,No_Penties,account.0993a83978ca4eadbe80dcf932d344f6
2026-02-11T11:46:10Z,xuhyeonnn,account.0ab7e3ea49a84070bdb5fc5f11f90d17
2026-02-11T11:46:10Z,SuperManZhiyi_,account.f64efa7761f74a848ed25a3fa158a828
2026-02-11T11:46:10Z,wudaxiabs,account.fd7e2723539e40438306fb1dec43bd63
2026-02-11T11:46:10Z,zzzzz-nn,account.9a1d28e147ae4ee1834f91ee03f15af4
2026-02-11T11:46:10Z,zhangwei321,account.b5631d9baaa842fe9f004141ebbd19a1
2026-02-11T11:46:10Z,lIIlIIIlIlIlII,account.3edddf02de394458b9a99016f4aa8d38
2026-02-11T11:46:10Z,DNF_PARKSALUTE,account.17b069e04fba406b872d195efcea096f
2026-02-11T11:46:10Z,Fierceman-333,account.a8fe2d837be94c1b9058efaee1fb2ab0
2026-02-11T11:46:10Z,OG_sdevenjin,account.8188e4c995ad49b9af745a0a94881609
2026-02-11T11:46:10Z,G4ETTO_,account.d026a6996a754fec8d6f6ef79c3a25f0
2026-02-11T11:46:10Z,Xy_AZ,account.e96c4acca26a47899acffd683cf35cc1
2026-02-11T11:46:10Z,iced_XingMu-,account.de95b2f639504601876b504178a0fae5
2026-02-11T11:35:18Z,HollanD_diudiu,account.a0b5d27b6bb243148ba615dc3085dbc1
2026-02-11T11:35:18Z,2tap_Eun,account.80238b9a47454a0bb5ffe5ac769085b0
2026-02-11T11:35:18Z,JudinHuang,account.c7c04f0a8a5749eba9d4d0cedeadcff7
2026-02-11T11:35:18Z,WM_MST,account.b723aeff17cc42bc84937a4a821e0123
2026-02-11T11:35:18Z,DONGGE-7777,account.4b0237bf798f4d91af7f2c0a8c8c977c
2026-02-11T11:35:18Z,Blessed_Anjing,account.2750e9e19a7c4c228321d654eacb62e2
2026-02-11T11:35:18Z,biedababa-11,account.43f37847a6aa4eea94c87c6ff59b8d45
2026-02-11T11:35:18Z,59RJ-,account.bff883c0713a4ffb82967633de674d08
2026-02-11T11:35:18Z,WM_MEDUSA,account.1f404628c70048faa2af9feceef0f4f2
2026-02-11T11:35:18Z,chenli123242,account.4cb817a0a038494f9360ee219bdfc414
2026-02-11T11:35:18Z,KINGDOM55555,account.8807d68f99af4d00bd2f37955f9fad63
2026-02-11T11:35:18Z,WM_CHEOLI,account.b39b31e218434adea705c1d79c7cc3f4
2026-02-11T11:35:18Z,Hot-gunman,account.871fbd33aecf45d28ddd70d567814c70
2026-02-11T11:35:18Z,tom-hardmen,account.c6dde8b3716b43fdb04144700acfadb5
2026-02-11T11:35:18Z,mariboro7,account.0c198ca609d0488bbf2f3b43466da578
2026-02-11T11:35:18Z,nzm141630Z,account.40bf2a9eca4e4f23b3deef5febdc8306
2026-02-11T11:35:18Z,xing7777xingge,account.c8084f253c4642a8b5bb4a06fd7ee00a
2026-02-11T11:35:18Z,habibiq,account.57de46f281a44645867af4541b8464ef
2026-02-11T11:35:18Z,CRGkHRysTaLNi,account.123ee307a1164dc5b0d05294500538af
2026-02-11T11:35:18Z,zizonrabbit-,account.a8232622598140398ff00317ecdbb768
2026-02-11T11:35:18Z,levenoo,account.8ac9a410972d4800bf51e76b46ac56b7
2026-02-11T11:35:18Z,WM_MIN,account.57327a1ad2994470b31287c28469cf89
2026-02-11T11:35:18Z,EyDa-_-,account.b2d7a59c255f465b8b2db4c2457d471f
2026-02-11T11:35:18Z,myheart_diudiu,account.94b8cdaafa47407680824b816480b3f0
2026-02-10T21:24:34Z,RG_PENGYUYAN,account.5efb4d8bf8854c5c824ed0f1de7b971e
2026-02-10T21:24:34Z,VINNY-WUYANG,account.a3c2877cde854513a118598b0ea32c87
2026-02-10T21:24:34Z,nap8848-_,account.4a5ce4266d4e4a7292e4d544168085bc
2026-02-10T21:24:34Z,ManbaOuT11--,account.2bad3d288262482789296c6806bad5a7
2026-02-10T21:24:34Z,FidBacks,account.4942ec3fe78f472f82c09813ad523088
2026-02-10T21:24:34Z,wink_-c,account.a12830494cbb4125a79f172b0276cb80
2026-02-10T21:24:34Z,ob360pa84i,account.0cb64b377ce743228a893a1b47ff79d3
2026-02-10T21:24:34Z,G--Kawa1--,account.09b85c313f1c466eb4ae65f8c9ec718f
2026-02-10T21:24:34Z,ch_mys,account.84660eaeb3604900b6835fe2b17849ee
2026-02-10T21:24:34Z,1UaoeqKsO,account.65caa8c2cd51468185078fb5b4ecfa4d
2026-02-10T21:24:34Z,000ooo000ooooooo,account.5f6b411a6eb64d1196c01c538e302c6e
2026-02-10T21:24:34Z,Gorgeousl_,account.d35bc5aba1044884872705fd3e018444
2026-02-10T21:24:34Z,i99u_,account.b73e9c9418004e5d8b9f26bbdb70fdd9
2026-02-10T21:24:34Z,shenqing_diyiren,account.9a0855969cc946a98d5bb42fd418a27c
2026-02-10T21:24:34Z,zzzzzzzzzzzzz799,account.a011ef801f7d426c9178ffe59432951b
2026-02-10T21:24:34Z,X1aoL1_7,account.0c5d21aa5c984dfda9bb5b14b3e5a8c9
2026-02-10T21:24:34Z,XHHHAH,account.9f896e6d3d2e42c69bdfa9e4c5c3cf5a
2026-02-10T21:24:34Z,PLMEs_ukuqm05t,account.f2bd3fa3055d46379b0ed12d8f5cd37a
2026-02-10T21:24:34Z,Boya-zzZ,account.0f91e17ef7454b05b6e53c81c5ecf419
2026-02-10T21:24:34Z,Yang19981015,account.b30f5b1d227d4d509a02bf061ac489d1
2026-02-10T21:24:34Z,Onetusui123,account.95b3b68dbd3848b3adaeafb760260404
2026-02-10T21:24:34Z,saolei1897,account.3020829f705642f4a2cd5941ef58e3ae
2026-02-10T21:24:34Z,ngon8ydn,account.0d2383e7b19946358b252171b01e50f3
2026-02-10T21:24:34Z,xuefeijidexiaoji,account.ec610e794e9e469db681ba360aed0cf5
2026-02-10T21:24:34Z,xi51bblvvet,account.bc69a9209d8f4ddbb6ab258bf00bbaf1
2026-02-10T21:24:34Z,x1aoha1j1e,account.0ac4127a2d334ff3813bc5fc87d7379f
2026-02-10T21:24:34Z,I-m-your-Father,account.b4d190de76804b328b74a037da8e4f2f
2026-02-10T21:24:34Z,Ju_Nang,account.ea6b0e14038c4a9d9a2b52ad67a35400
2026-02-10T21:24:34Z,You_know_I-_0,account.465763d28f2e47f5b8930170af7a6a92
2026-02-10T21:24:34Z,wenjiuhui77,account.512369f5c03d473ab7531e238aeea0e4
2026-02-10T21:24:34Z,wbm4qy,account.34a9c91f4b8942aeb01a9e0854090f98
2026-02-10T21:24:34Z,TT021213,account.4823ffc14c0b4e43b83df43f145eb929
2026-02-10T21:24:34Z,Zack8036,account.520a952750fa48f6be82150b1ce81411
2026-02-10T21:24:34Z,BINBIN-0510,account.db2e52d540584da59c9410c1597e3012
2026-02-10T21:24:34Z,noiol67354,account.4cf293821b8542e286fe6b7094826160
2026-02-10T21:24:34Z,Nigori-N17,account.6720ea099d0647b0ae9e7b7bd5e87e0e
2026-02-10T21:24:34Z,DRe_02,account.0ece52314b6a4ff4a791d57b4ebf11d3
2026-02-10T21:24:34Z,rainb478ows,account.828904c0ad8c40f9ae5af51bcd0f9e25
2026-02-10T21:24:34Z,DouYu_15813570,account.db3868cd19c24c908b89661358fed065
2026-02-10T21:24:34Z,HoneyTeemo,account.0d64a486d843470b846562fd3aa0aa8f
2026-02-10T21:24:34Z,MAMAHAHA9999,account.7e83316fde42456583391203035c7e70
2026-02-10T21:24:34Z,JieGe-JianNeiKu,account.9daf167c5f9646a6b3ef90467ec17c06
2026-02-10T21:24:34Z,1nt_GuoKe,account.e77a2953befe401b867aa3cb8c3dec4b
2026-02-10T21:24:34Z,eM5vLN7ox,account.44464897ea294241a5d11032e51ec5bb
2026-02-10T21:24:34Z,XGltoc3qFaYeD,account.59f54f786fd343d18101b19eb8b32120
2026-02-10T21:24:34Z,Nobodycares0929,account.23954e1e22d944eba68991484ec3f622
2026-02-10T21:24:34Z,Blak_-,account.8f8eb1ded7fc49dbb4521f6499d50f6b
2026-02-10T21:24:34Z,Akuesfjh123,account.1c9066bb0cc84b54a37ecddc17c31ac9
2026-02-10T21:24:34Z,1574456141,account.de70183966324a7aa26cf5e6db51a940
2026-02-10T21:24:34Z,Gpt64P90RrYQH,account.c57541592877437b892e1c7181650312
2026-02-10T21:24:34Z,wanyanhdd,account.645783090ae74987a379bade721b539c
2026-02-10T21:24:34Z,CoolAye_No1,account.2e1557ea607e47e8baea6b0f4eee77e8
2026-02-10T21:24:34Z,Huya_tx22222,account.4c24c24ea6ff4c90a254718a819831b2
2026-02-10T21:24:34Z,lo117g,account.0a21a53c7ff54e6b95a6ac994639b698
2026-02-10T21:24:34Z,ttot-i,account.25a7960daf3541fc820d850706b60606
2026-02-10T21:24:34Z,NanMu-66688,account.59269ca6817348a5b820257e51d348c2
2026-02-10T21:24:34Z,ly4nurw,account.ad98aaef89c14eaf97f18d791215c562
2026-02-10T21:24:34Z,xchaoge1v4,account.3a3ea8cb6dbc4cd8af01517c4b1a3831
2026-02-10T21:24:34Z,Mii-tang,account.3c1058faddd64f88b0fedfc67e79c343
2026-02-10T21:24:34Z,aqi2yingying,account.d3f423e48cbf4be7948cd07e95b8f32b
2026-02-10T21:24:34Z,3ven1,account.743619dabc614b41902266b1de40888f
2026-02-10T21:24:34Z,hzcd2b,account.580e80020e7e4d40b8da9513e0b7303b
2026-02-10T21:24:34Z,woainiliqinxiang,account.6e656e1afd984b4c9b225d1a81f25135
2026-02-10T21:24:34Z,TuT_-Adu,account.0fd5ae3ecd7e48a48fa4b8463ff8e99f
2026-02-10T21:24:34Z,qxii_-,account.908e9256a8fc4c0098535f79c0e85404
2026-02-10T21:24:34Z,M117DCFWSVF,account.714063eb8779456a9c00af88ce895ab9
2026-02-10T21:24:34Z,heesosik,account.dd77ba30502849309ef209e318766bd9
2026-02-10T21:24:34Z,1mvbtbx6aw,account.321206e937d44fcba743d6c7e5ecb812
2026-02-10T21:24:34Z,LaFen_GE,account.6c6733a0a2b14306921733a1b252948a
2026-02-10T21:24:34Z,xucjyyds,account.3d3cc29909b84278b15e1c3dd7b74471
2026-02-10T21:24:34Z,AsamiKondou,account.4eebd4de2eca441ab3e9c0b3c3b7ec51
2026-02-10T21:24:34Z,AK3806523232,account.95263c4f9dcd4dfab828acf495008ae3
2026-02-10T21:24:34Z,taiyang999YT,account.16252875d0894839a79fce2e9cb5435b
2026-02-10T21:24:34Z,SaoWangNB6666,account.b66f6dd0ec5445be901512f4a3cdc2fe
2026-02-10T21:24:34Z,qcDQQWFQOIfrR,account.dd12b87445c64f3181884403c993320a
2026-02-10T21:24:34Z,GL-Millanc,account.cc49f15c04de48cdbbb2de3f6e5e7f85
2026-02-10T21:24:34Z,Derrtha,account.21baf128473c40cfbcb9dd084c9f862c
2026-02-10T21:24:34Z,dpklvm,account.0050b8f56d48426f8983cf650fde8466
2026-02-10T21:24:34Z,Tadki,account.2c5bcc3db6444e49af0ea6107cca3f90
2026-02-10T21:24:34Z,woshixuejinghui,account.38a96e8d6565446c9ecb56a16f41b6bd
2026-02-10T21:24:34Z,PREE-yadange,account.d381bdf9b9d14185b56ad2cfdbf44073
2026-02-10T21:24:34Z,SweetPo_,account.b5d850075a28441e9975a0868eaadea1
2026-02-10T21:24:34Z,pailei666,account.56a1de877bca4c779e5dd83b8135a4d3
2026-02-10T21:24:34Z,ANHUIhefei,account.d19c530068e64f2493f1fbe7c6c5c1e9
2026-02-10T21:24:34Z,liudazhuang180,account.58334d4eb9f046e49cb5a468eb80af7f
2026-02-10T21:24:34Z,Zz810-,account.a34fc892362647769f9758bae0df4865
2026-02-10T21:24:34Z,BIue__Moon,account.e2253ac350fd4f01a3b1a30de1dd779e
2026-02-10T21:10:08Z,AK8-Nose_-,account.fc6d89befb9447e7b8c684b499b550ec
2026-02-10T21:10:08Z,XiaoZi-H1,account.d6fef9677c314df88545ab58d3097b0d
2026-02-10T21:10:08Z,llWithBai,account.7f7516d532044036a9b57854822bd34b
2026-02-10T21:10:08Z,XiaoMa_aa,account.503056b785a1484b9158c9681d82d1c3
2026-02-10T21:10:08Z,XIATIANAYI,account.b25b0d0bea09480eabaa67ec895a0f74
2026-02-10T21:10:08Z,1314i_-,account.a6b983be6dfd4eb1acc3f13b5e9419a9
2026-02-10T21:10:08Z,QINXIAOXINYIYI,account.94c270a37b054f15abf4a762e65d7580
2026-02-10T21:10:08Z,hqz622,account.724dd19dd7964ed68210b082da856e8d
2026-02-10T21:10:08Z,UncleDell-1,account.9088f2d373144151a4d5b1744a2a2910
2026-02-10T21:10:08Z,XLang_-,account.c416b0e82f42476f9f47f7306229a317
2026-02-10T21:10:08Z,AUSUNA_,account.a9cdff64714a49fd90807fcd1215838b
2026-02-10T21:10:08Z,TianGbudeHouS,account.1c456bd4f99e4692bf3c9f0586e387f6
2026-02-10T21:10:08Z,qaswikujyhjkg,account.cd554e8380dd4a9f870ba33017dc4ad0
2026-02-10T21:10:08Z,4der-Mcc,account.42000137b2c442acb7354fffa1a82e3c
2026-02-10T21:10:08Z,Nil-li,account.0d68b2d54c2444fc92a77949f27bbc4a
2026-02-10T21:10:08Z,beihaiwuyanzuQAQ,account.221b5853eafa458887d29b676be80927
2026-02-10T21:10:08Z,SHIQI-VS-17,account.fcd6fc30a92a45aa8a7238b37264581d
2026-02-10T21:10:08Z,Bizui0,account.4195de2638a042d68202f87f6d613649
2026-02-10T21:10:08Z,Aixbr-,account.3ffa7809f49c44be9aedfab275b70634
2026-02-10T21:10:08Z,TZW-0H2,account.b21b0367223843be83db53758f78f59d
2026-02-10T21:10:08Z,ihwus94856,account.7e242b605940458686af1ee2bee188f8
2026-02-10T21:10:08Z,ZiQian511,account.d4a2d56a4d894a56a394093cd56b769f
2026-02-10T21:10:08Z,O982_-,account.7e600a07b9c049258ee3a0df5484c8ed
2026-02-10T21:10:08Z,L1ngKai-,account.cbf8d70cbe6f4425a12c9467ac02a5a9
2026-02-10T21:10:08Z,KOR_HAEHAE,account.bb054359b77c482cab86bd1739426529
2026-02-10T21:10:08Z,NB-nimazhale,account.d904d2b8e05d4692a590a9ff64f39051
2026-02-10T21:10:08Z,WHFTD,account.7f7cf96620be4747a864cbb576120bec
2026-02-10T21:10:08Z,jiaxingxiaobi2,account.014ab6fc66244c76896c911cff8acfa3
2026-02-10T21:10:08Z,JJAKAIA,account.a24e03efcae043a1b9dd1c31f73d8b53
2026-02-10T21:10:08Z,7iehy1jjnz4b,account.13c2e0358e9b42ae90fee1d0bae02c04
2026-02-10T21:10:08Z,Hzz_0,account.ee1580f810ca449fa386dbd6f01f0a1c
2026-02-10T21:10:08Z,Mei_Zaiiovo,account.0a46f2bbc40142229f8c9f807ced4a63
2026-02-10T21:10:08Z,renbaba007,account.89d45c9a0b6641b69c8c9974f30899fd
2026-02-10T21:10:08Z,kaiwanxiao111,account.2a50a22f73ba442fae14b1c5be3ae6c3
2026-02-10T21:10:08Z,xiaoxiaobu1023,account.c5198dce96ba40cc8aafecd38f7c6b22
2026-02-10T21:10:08Z,ChiHaoTiii,account.2605bddc2bcb46008b03168bbb11ec3f
2026-02-10T21:10:08Z,xiaowu1008611,account.12893931ab264cfa9677fd57f6acec81
2026-02-10T21:10:08Z,216y_,account.690921a198904d3bacbdee35ca2df497
2026-02-10T21:10:08Z,ChenRiChu,account.c754c35536044c45b2fcef5efaa91213
2026-02-10T21:10:08Z,19-7988,account.9f56a240b8f74bbb9cc850084563fb91
2026-02-10T21:10:08Z,b7tfbl8zd,account.a86b4fa0a7d44631b416f37c20f3a022
2026-02-10T21:10:08Z,Ex_Tian,account.d1ce7a7b7953471a98f9684a4768706b
2026-02-10T21:10:08Z,Ruo_7baby,account.99ca2bb110ee4c7c92f5b41e9c7cf6c7
2026-02-10T21:10:08Z,Xyy-523,account.22edf424f59f44f88807fb27b07507a2
2026-02-10T21:10:08Z,d1vdH8ExLXQ0n,account.3267f440d16f4aaaa5c03637f2178164
2026-02-10T21:10:08Z,XUBAI_2000,account.99e3ad277a384d8aa8d94d86d18a23d1
2026-02-10T21:10:08Z,dizhongzhidi-004,account.083435ee4ec04df59ab3ac48927c9ff9
2026-02-10T21:10:08Z,paojiechuanda,account.2eac48725edd49488377991b84528b91
2026-02-10T21:10:08Z,Hhl313,account.871368bbde264aae8132e2a6e1670c36
2026-02-10T21:10:08Z,Pdd048593,account.0ba331d6bf5b408ebe5b135af26e3458
2026-02-10T21:10:08Z,LShDmAi7Xrk,account.726f7d1024584f0bb1a3493a8f63d1d7
2026-02-10T21:10:08Z,Yuan-baihe,account.2b2ae8ef65c649ff98a87e7b7a75e57d
2026-02-10T21:10:08Z,ZCPL9275,account.0c13c89a6f7b46a08591687591fe588d
2026-02-10T21:10:08Z,3416331522,account.1ceb9fd48d084984a32c994b5b362e10
2026-02-10T21:10:08Z,Madan-Baby,account.5cc681dcb4e1412a90ea86654e0902a5
2026-02-10T21:10:08Z,QJXZ113,account.4c696318473b49139f0451f73755aeea
2026-02-10T21:10:08Z,Yuan-HeBao,account.cbd1a44cac73489cb369fe271e773d9d
2026-02-10T21:10:08Z,KIMGUNYONG,account.7fc25bcfc61c46cd9bd2ace5acb2e5f5
2026-02-10T21:10:08Z,sir-pubg,account.4b461e36f1564d408eb5b761b4021275
2026-02-10T21:10:08Z,JJ18d,account.37fc5d4330c04a0e8a2c324d03722b2a
2026-02-10T21:10:08Z,Cherry_xiwei-_-,account.3fe47ce5dd20429a9fca8039126404ad
2026-02-10T21:10:08Z,ZHUO---NB,account.0cf9063a6fd64459b1759bdc127af9d8
2026-02-10T21:10:08Z,YanHan-123,account.188a43b5b7f94cea8875effbb6872b3d
2026-02-10T21:10:08Z,HP4AM_AMn,account.3a4da6178eaf4f74be73d4375ca5a92d
2026-02-10T21:10:08Z,Faner_es,account.78784937e74147489de710985c16b72e
2026-02-10T21:10:08Z,haoyunlai88881,account.24d8c522755e491ea1c9b052f4447d49
2026-02-10T21:10:08Z,Aodyi_-,account.2343c299041e44a392b152cd6a4b6965
2026-02-10T21:10:08Z,HalaSha0_,account.10e8d61332a043b2a8ed047968b45207
2026-02-10T21:10:08Z,Baby-lveseenit,account.9e94d92a410449e89cb08cc6b506c864
2026-02-10T21:10:08Z,Luo_Qiu-de,account.017ce68e7c6c4ccd9fc7a2af4fe33d18
2026-02-10T21:10:08Z,jiaowoxiaojinba,account.fe82fee3c5834c0c81e530e1a2a7441b
2026-02-10T21:10:08Z,wowYYDS101,account.8c001823609146fe9751a9e798731251
2026-02-10T21:10:08Z,Lxz3-,account.da21c9de2d9a4ba8b60dfc618e351473
2026-02-10T21:10:08Z,China--boy2012,account.e09fd302476f468aad05e20f38c1ad33
2026-02-10T21:10:08Z,ksnxgyz,account.941f830b907e4fa58ad2ee08eaa380a4
2026-02-10T21:10:08Z,sleepyiiii,account.3e171a07786b4c39b84d2db4b464a892
2026-02-10T21:10:08Z,free1k,account.4b5db486f9dd459f834803258ad53d40
2026-02-10T21:10:08Z,pjlovekyt,account.f4773c422a3e48249b8f08c4448f0a38
2026-02-10T21:10:08Z,yugepaopao,account.a7ca2471118343fdb33a0f25e9015839
2026-02-10T21:10:08Z,YINBILIULIU,account.6f428c85e18f463ea8cee1a8cf01d0f9
2026-02-10T21:10:08Z,Yoo_6,account.6d120f99083240ba856f89ccf3656ddc
2026-02-10T21:10:08Z,CQ_XiaoMeng,account.ec99b7769749436a94576fe6fe76b7db
2026-02-10T21:10:08Z,xGDYZTJF,account.046c90765da748d0a721cc871fa312fe
2026-02-10T21:10:08Z,LS_longday,account.86b931ff77a14fff941261d8a471cea8
2026-02-10T21:10:08Z,LEZ06,account.7913500ebaed4adb8f2af744c6a5ae2c
2026-02-10T21:10:08Z,Jxs7-,account.216c8d001395445e8d064282d2010460
2026-02-10T21:10:08Z,zuiyueddd,account.48474cb2487b41639b1916ecd2d7d6ee
2026-02-10T21:10:08Z,xuqian-tzw,account.d6ac073311de4375b68aa3696c993303
2026-02-10T21:10:08Z,2U35-,account.2ec21530ac944820bc01571143c9148e
2026-02-10T21:10:08Z,KP_Orange,account.8ad7352fa2f14400b50828d4e693c594
2026-02-10T21:10:08Z,1mm1_,account.6d3ca3bed80243aeb5b47ef579ec8602
2026-02-10T21:10:08Z,XiyiYang,account.569ff9a485894817ab85ad93209c3ee1
2026-02-10T21:05:56Z,vipxiaowu007,account.6a91daac6069477ebedccb0eb8847e48
2026-02-10T21:05:56Z,darq9z1w2,account.9b0836c7e676456cbe19c5f18afe50d6
2026-02-10T21:05:56Z,Z9sSa688,account.588aa5cd75594042be3eed9256ecde95
2026-02-10T21:05:56Z,with_freed0m,account.d1b87c63fac04e5b9901fd1d60ce2ed0
2026-02-10T21:05:56Z,shichongliangzi,account.a00bd8af2efb4de98d7b78e0528b33d1
2026-02-10T21:05:56Z,ytqb2wgmz6,account.403c22a8cdad429b8256c26f2879451b
2026-02-10T21:05:56Z,YYBAAA,account.e5f4edf8c9084fc9b1406281bc7bbf65
2026-02-10T21:05:56Z,js_Huya452604,account.fbecafd105f34ceab40bd2a491788ecd
2026-02-10T21:05:56Z,Laimachong,account.eb0dd1221dff49c9ab1955fe3fecd105
2026-02-10T21:05:56Z,Brandy5,account.56d7ab321e344470a7dd10a07b6af233
2026-02-10T21:05:56Z,Gom_taeing,account.39c709292456474397130b6e9e2bb77b
2026-02-10T21:05:56Z,xheq,account.eb3014e8f7e545bdac201e2fc9646dc8
2026-02-10T21:05:56Z,IlllIlll-,account.37702037970841ffaf0e164452082b51
2026-02-10T21:05:56Z,dcLVzxq,account.6b0dc776e9fd40618949f8e50c0388cb
2026-02-10T21:05:56Z,XtTrYh-0502,account.d6e4b68f4cea49c29b3c4a1e4001172f
2026-02-10T21:05:56Z,ZHEHNG12300,account.2df941ad46a6496f87eeaeb7a45b8dc5
2026-02-10T21:05:56Z,KSHMRI,account.d8f7b5148ca4411d90a00cb1c4477940
2026-02-10T21:05:56Z,4561231212112,account.b9be4b8716cc496286cadc7509cb611b
2026-02-10T21:05:56Z,IoN-cY_8,account.bafd98fbd7ee4da7b86e8220fb02d2f7
2026-02-10T21:05:56Z,lucky-o3o,account.1129c0e99bfd4994944ad83d19fb412a
2026-02-10T21:05:56Z,HeromanV,account.b193705089004b49be427c4083459f07
2026-02-10T21:05:56Z,L1W2C3,account.11b42ad49344413f94e18fda88a04b3c
2026-02-10T21:05:56Z,ysl200106,account.d19584635b4b431792ba55a890186e9b
2026-02-10T21:05:56Z,AG_eydj580yl2,account.016292cf82d542f6a2124f4dcf8ed1e2
2026-02-10T21:05:56Z,ChuZhou_GongShao,account.3b0b99644f4e438397e418b1c5a663f3
2026-02-10T21:05:56Z,Super-Biaojuji,account.b61a2146ab804248bd8348a9c7fc6bee
2026-02-10T21:05:56Z,3bjqtmj,account.bd3e975b6a5242d39acf5968838d4f6f
2026-02-10T21:05:56Z,9000M___baotou,account.7eed9bc5a3734dff8db15514ce00d3d8
2026-02-10T21:05:56Z,1rb1xn655p,account.b6702b9b07f945f7b3eee0ba289bc151
2026-02-10T21:05:56Z,Gi_Mo_JJi74,account.eb4f36a2e74741ea93083a21b2210958
2026-02-10T21:05:56Z,Andyou_Peter,account.7be6654c667b4233a23bdda9287863bc
2026-02-10T21:05:56Z,0205_i,account.4f48658225d74ade9ae7e8ff80038447
2026-02-10T21:05:56Z,Yi_VeryStrong,account.5745fa11d1e3411faa987956e382842c
2026-02-10T21:05:56Z,babeouoi,account.4a04f201dcc745d2b4be27d6fc5a3035
2026-02-10T21:05:56Z,CCTV-XUETU,account.039ecf733c884bafa001cd69c84b83f2
2026-02-10T21:05:56Z,i199o_,account.f4b34cc6db564cf8883226c39bd3e0e7
2026-02-10T21:05:56Z,anwy0824,account.cd20d551f96e45cfaa772caa1e02b40f
2026-02-10T21:05:56Z,XEQNqFMXBh5IN,account.07b36035342d44dab4997466cf95dca0
2026-02-10T21:05:56Z,huahua_gong_zi,account.fea2a77e2ec8401e83e178ca9e591a8e
2026-02-10T21:05:56Z,lkjhgfdsayb,account.d95e6761a82a4e37829e2e848eaf631e
2026-02-10T21:05:56Z,TOUL101,account.b4ea64da21ab4beea4550b0a11bbeee0
2026-02-10T21:05:56Z,Eternity--legend,account.314d246d92e14da0885904caa7a68ce9
2026-02-10T21:05:56Z,BUG1276384652,account.329116103d52450086d317bbdaff23ad
2026-02-10T21:05:56Z,MDZP1U,account.367c5e133fa24d32a35634a80e4b6aee
2026-02-10T21:05:56Z,daik-007,account.00a5bb4bd93347fd9c3186bc6168ba36
2026-02-10T21:05:56Z,C-Kezm,account.ab476bd2927c4e70b4b7dc29a16fa599
2026-02-10T21:05:56Z,P_4Jin,account.6a41962c5c6049938c85d59c1163fdc2
2026-02-10T21:05:56Z,Eternity--DX,account.6a95dc4bfcc54fe8aa0744a9435785bc
2026-02-10T21:05:56Z,Ye_john,account.c962dcf996824ec6b87af7974a07d69d
2026-02-10T21:05:56Z,KriS__King,account.24728c036f054083b9de336b909f02d5
2026-02-10T21:05:56Z,vbgAsUQj4h5,account.bde6792a8b3c4aef8cf518d99c6902d4
2026-02-10T21:05:56Z,AG-Hming,account.93da3351db3e4e1d8d3743dcb20b0e76
2026-02-10T21:05:56Z,NiZaiBiuNiMa,account.d2eb7ff741ec4afcbc848f0ea036a706
2026-02-10T21:05:56Z,HuYa_0330179,account.d5b35841ef194adba94b6c3247529ceb
2026-02-10T21:05:56Z,1voo_,account.e2c7b2cb3d314425afd7eeae4e57fb65
2026-02-10T21:05:56Z,LUCKLYKING911,account.da7accc7d2894d4b982c3e1f25e108d5
2026-02-10T21:05:56Z,qweqewzxd,account.a014ca15d42c42c9a189801e2605750f
2026-02-10T21:05:56Z,9351j,account.358e3e6965ea47deaf76ff2fa2c50c78
2026-02-10T21:05:56Z,XSYDZ88888,account.425358dbe5a04f2c8f838c2cbebac58f
2026-02-10T21:05:56Z,cd_7570,account.5a63e8d026d9405885e7cc1c69d6a4d3
2026-02-10T21:05:56Z,LXJ2025,account.539b8166745c4d47abc1f82dcbe3a0f8
2026-02-10T21:05:56Z,crr2217,account.d1d19833ebe44711aacb7f032d57fa31
2026-02-10T21:05:56Z,GUUQI1,account.0655222144814b169d32fd7897ea4016
2026-02-10T21:05:56Z,dashuige_hai,account.fc3244bd6ef646988785ab400dfabac0
2026-02-10T21:05:56Z,shishiwode18CM,account.b446b675fd7a4c22a7936bde95449f14
2026-02-10T21:05:56Z,imrQXt5UE,account.8c46ce62fa3141669d703f24bf214841
2026-02-10T21:05:56Z,ChongQing--YYL,account.bf14fe49e5c24b39b4d3aaa0ce5aef5b
2026-02-10T21:05:56Z,shuaib308860y,account.5fb5d050fc5b45eba2ca8ce0abaa2915
2026-02-10T21:05:56Z,RICOslattt,account.df65e8fcd29e4ecd82a3e4e5f350dd99
2026-02-10T21:05:56Z,ValarDohaerisRW,account.e46ce9b95f05438f8b463545fac760bc
2026-02-10T21:05:56Z,8o8_c,account.26e1095a416d4eb2a7c8eb0f686b3f44
2026-02-10T21:05:56Z,nowge6lk,account.fb680a7e619c4847947eca3566ee05bc
2026-02-10T21:05:56Z,Aaaaaaaaa-chen,account.cc03d6ad9e134e18b6bb880aeee8518e
2026-02-10T21:05:56Z,HX-Sunshine-Girl,account.cc829975302c4d95a7ea1a9ffb5adee9
2026-02-10T21:05:56Z,DouDouBieShuiLe,account.be7690ca2436460780bbfd6675060343
2026-02-10T21:05:56Z,DSAKFHJSAD,account.3d880e9e218c428a844fca795eb93993
2026-02-10T21:05:56Z,viper_xyh,account.590b87da71344b26bfe1772ac4c0e200
2026-02-10T21:05:56Z,Billiards-ball,account.2cc153e7b91443548370b34e9c5f7558
2026-02-10T21:05:56Z,Ccc_Alan,account.5d5c08def1064b79ba9eef0e03f93eb9
2026-02-10T21:05:56Z,WUGUI1584683768,account.1a8abdcad67f40978a943fe79f71eccb
2026-02-10T21:05:56Z,Dalmini,account.7aefb7ac89ff4d68aa7d3afd98fdcad2
2026-02-10T21:05:56Z,b_lu_ha,account.c216b6bd5ff74163b0c461a468a212c0
2026-02-10T21:05:56Z,chickentwo,account.f25e6169105d4c3b8ee5e0545cd93759
2026-02-10T21:05:56Z,rqd68krn8d,account.dba13db50bc74c02b5f540be4a5559c5
2026-02-10T21:05:56Z,poison----98K,account.627983f961d948ae8495c2e262e64247
2026-02-10T21:05:56Z,BGojEMm6rj1,account.45cbfe27d4ad4934a87b357a7956f204
2026-02-10T21:05:56Z,HuYa15440707,account.ec4e06ee5e9148c5a55f8958139c9159
2026-02-10T20:50:03Z,iu6h,account.3d698798dd6c4e42992b13a425be666a
2026-02-10T20:50:03Z,allyeojwoO_O,account.77f051923d72488e8fe6e9cb764d1d02
2026-02-10T20:50:03Z,CC-DHHY888,account.3bae00ec94a8440db65cf2b17ca41d30
2026-02-10T20:50:03Z,yIk77--,account.c23d8f6d863947648f2743962018a24e
2026-02-10T20:50:03Z,ok-ooko,account.08d42f3004284245b87268d0edea2c4f
2026-02-10T20:50:03Z,gjfzzx-app,account.10812809214647e6bb1d081c3c308c04
2026-02-10T20:50:03Z,1en9bb-,account.8deeaab15079436e928454fec31e7bd8
2026-02-10T20:50:03Z,Douyin_yunbian,account.344aaa1c18f440998c1a2051aea1c9d7
2026-02-10T20:50:03Z,o5oo-,account.6853998e975f42ac9921e8faf3530fdf
2026-02-10T20:50:03Z,B1eA1o-_o,account.4a87d7197ff24a318ec512bb5c0262b1
2026-02-10T20:50:03Z,weifeibi,account.58b05c09254e47c197cfa72bceefedc9
2026-02-10T20:50:03Z,B1ttersweet_-,account.85055fb79ee54a9788d3c85d1d7e5198
2026-02-10T20:50:03Z,WA_god3,account.f52413ed0026425dbbfe0d1f17fd15f1
2026-02-10T20:50:03Z,884mjrwye,account.21cf382b19294fd19736a2746b303dcd
2026-02-10T20:50:03Z,B-S-G-T,account.fe9cc72f5c364e29abadb0d9b2536d14
2026-02-10T20:50:03Z,LGE-oh89384bm6,account.73f045cda64946dfae266e80a5a5bee2
2026-02-10T20:50:03Z,I_m1ss-U,account.84f4433192954ff3a3c5a914588a0825
2026-02-10T20:50:03Z,Y_-Ari,account.6e3fd7e5188942998d055382772690fc
2026-02-10T20:50:03Z,cnzww1,account.68594dd5c1644d2aa4314655b2e2f804
2026-02-10T20:50:03Z,1Xx1bb,account.e4b11aed03d34dc6a2543c4862806136
2026-02-10T20:50:03Z,Monody_dayi,account.efa36fc5aeba4d7bacb56b0eb11344dc
2026-02-10T20:50:03Z,V_88_KanKan_B,account.74dcc9b0f2a34e9e901870f63d4b2f25
2026-02-10T20:50:03Z,Koi44_-,account.3dcf279ce87642dfaae25fa15e09e4c2
2026-02-10T20:50:03Z,oiny-,account.62dab932e13349ca97663ead197c0fc1
2026-02-10T20:50:03Z,binbinyao,account.e12945d8726e4c598a5b157a13557f9d
2026-02-10T20:50:03Z,XiaoJiubb_,account.0b7ef9a2558a43938d1bab7e138e8458
2026-02-10T20:50:03Z,iv777626,account.9a0856c91d244aa4b792b9f6f031dedb
2026-02-10T20:50:03Z,T1anWo_-X1aoXue,account.1deb6441868d414f8a2b4e7de76e9fe2
2026-02-10T20:50:03Z,zzwU0nWqHzP6r,account.6c24157b2ea54ad690331f887696699f
2026-02-10T20:50:03Z,7xiio-_,account.ca1743611ee64c4b9ba60d2a079e3d48
2026-02-10T20:50:03Z,18799_,account.7f9ce6bf9e3e4fa2b5757e33a1436700
2026-02-10T20:50:03Z,aA626-_,account.40578468e0244351a70481bc13feefd2
2026-02-10T20:50:03Z,Dyhy_-,account.a3be7148a55440aab0233ef319baed3d
2026-02-10T20:50:03Z,9ovol,account.1b943fcaf11c4be392a5120edb20a139
2026-02-10T20:50:03Z,Therebecca,account.32f2f21026ae4aefa8d9af835b3d94cf
2026-02-10T20:50:03Z,Binn1_,account.d24cab2904df4debb9aaea79257adc65
2026-02-10T20:50:03Z,kmpkmpkmp,account.f2b235fdf5204937916b55a6c42a2634
2026-02-10T20:50:03Z,07SaoB1,account.9a9fe17ce1304c91b97cc5d1bb5cf7f6
2026-02-10T20:50:03Z,uuuuya_,account.b45da6c4ccfe4b8998ba2766ca25dcce
2026-02-10T20:50:03Z,x1aoxueren_,account.73c0d8046f0f434c970e6fee96df9ede
2026-02-10T20:50:03Z,DouY1n-Wuyue,account.afd9ff9ea0824e18b9de75e3b84dc497
2026-02-10T20:50:03Z,XXX-_-1995,account.d716073593144281a915bc942ec8f163
2026-02-10T20:50:03Z,ix1aoY-_-,account.f67d45e2e110488dac3a1382b27930f5
2026-02-10T20:50:03Z,K-230605,account.5b49a1d0120e472db72050e7493cb25c
2026-02-10T20:50:03Z,1ou1-,account.ca981bbc713c4f76b16f523782afbbc1
2026-02-10T20:50:03Z,nizhenben2,account.e615c1732afd4581a5d1e53004b8ff48
2026-02-10T20:50:03Z,DaGeDeNRen,account.08e16c69da774f02978aa3ec1bdebc06
2026-02-10T20:50:03Z,IHDIFUHGDUSY,account.3d52bcda61d44d62a2d853db26d7d279
2026-02-10T20:50:03Z,TatZzi_HamZi,account.af97e0693fd048d68ea4494593a36902
2026-02-10T20:50:03Z,Yo_S8,account.cf1a14645e0649f1aac6b70f3d45e259
2026-02-10T20:50:03Z,iDanhuang_798,account.f7e11cd806434f8cbaf7f5a51618dc63
2026-02-10T20:50:03Z,u2Az,account.3daaccc6d82248e1b276897c6cccbfa5
2026-02-10T20:50:03Z,7T-T7,account.14dfb567b23a4046a5672e98444ea052
2026-02-10T20:50:03Z,17_qwe1234,account.32c5d0c161674aabb1bdf2e0f2a05754
2026-02-10T20:50:03Z,Li-Guoooooo,account.854bd957c0fb4ad4b7c4746c739311bf
2026-02-10T20:50:03Z,oll-to-him-,account.d7049d5671814d72970e5ecfb311fb94
2026-02-10T20:50:03Z,lvziq1ao,account.0859bdd6301b4056b53f7a81e092e81d
2026-02-10T20:50:03Z,i1S6_-,account.a27b56984df1447ca303ce65d66eaa15
2026-02-10T20:50:03Z,zhghjbkhugb15-_,account.95dc1ace6a4a44dab489bf356f98c534
2026-02-10T20:50:03Z,KTMDUKE1290SUPER,account.fbb4ee2f1569498c854bec8b1de9ea45
2026-02-10T20:50:03Z,99_Lcy,account.09fb460d36f54756846acdf814c19c7c
2026-02-10T20:50:03Z,BingKuai2314,account.a6fcaba9103b4a8d9043e707efd3ba0b
2026-02-10T20:50:03Z,ZY-GBUP,account.7bec8a5a6d494ff0b05552bc9af10113
2026-02-10T20:50:03Z,isensen-_,account.bae2c7d97f0b45a4b98a5c955a384b13
2026-02-10T20:50:03Z,8397_-,account.20d54b5a0ffd4e5fb7862f933589df5f
2026-02-10T20:50:03Z,oll-to-she-,account.d414fe09c4e744c1bca98a732c5fa120
2026-02-10T20:50:03Z,o4dd,account.ba8cd579c3604aaf970094c155edf270
2026-02-10T20:50:03Z,5am2314806,account.de59bc86e3c34617933128c364fe9626
2026-02-10T20:50:03Z,1iXiaoxi-,account.7c24feaa103f4238ab75f41828b9b5e3
2026-02-10T20:50:03Z,Luu7k,account.c6bb59da29fe41e2a4eb844e5f267f76
2026-02-10T20:50:03Z,Y1kt-,account.09aa4ddd408f4b3581862a8664876ab6
2026-02-10T20:50:03Z,Bukual1e,account.75fd59b589004f6db6ce0dd1e18d0a4b
2026-02-10T20:50:03Z,LXia-Baby,account.9aa483f2d502455792870587f5dfb4ba
2026-02-10T20:50:03Z,YuCity_,account.551388aa6896452a80c2ed3fa623ff1d
2026-02-10T20:50:03Z,z_eroTwo,account.972370189e114d259e54dbc1c998fa4c
2026-02-10T20:50:03Z,Pen-T1,account.f9c4d66d41f24446a0d478acddd4d4d3
2026-02-10T20:50:03Z,A1hen-_,account.9ecf7786de8d43c6a277e810e227f4e5
2026-02-10T20:50:03Z,YanYanoioi,account.7dde1609b69441acb58be11ce2191e1b
2026-02-10T20:50:03Z,1xxw-_,account.8194b8c005d84847a95bb809afe29ecf
2026-02-10T20:50:03Z,TNT088,account.ee21ac07b2bd4957800abdb8fdb209ef
2026-02-10T20:50:03Z,1ik3,account.de6472290b0f4ba6aca18a3dc784d2b5
2026-02-10T20:50:03Z,GCP0,account.946298a691aa4d55927231d7bb8db81d
2026-02-10T20:50:03Z,i_Yu_Tian,account.7d1c4119b45147a4b21e8681d69d5acd
2026-02-10T20:50:03Z,bibg-,account.f0660aef68c54a788aaa032b9eecfbc1
2026-02-10T20:50:03Z,ix1aoT-_-,account.bf8f0f44781a4b6d91eb6c51b1898036
2026-02-10T20:23:28Z,kl-dxy,account.a61f8207c0474b938fc81beea5b668a9
2026-02-10T20:23:28Z,Flipped0527,account.c342262c53684e47bf92d88a6ccea925
2026-02-10T20:23:28Z,Jueiw-,account.6691308aa8094e6aa575258d83fa61e5
2026-02-10T20:23:28Z,luodixgg9999,account.7a6c6b13a2254b03b55accc61e0cd320
2026-02-10T20:23:28Z,WY-Reviw,account.acb8c90ee8f04d9b8a20d889d8ca8d6f
2026-02-10T20:23:28Z,A_bulingbuling,account.17c9b1c124fe4eafa0df047316fe85e5
2026-02-10T20:23:28Z,WEIXIANCUN,account.b891618a061e45c8aaddf3b2f3f0ffd8
2026-02-10T20:23:28Z,LLnB886,account.ea5f1f25f76e4a3a9b0ad42a46b49cf4
2026-02-10T20:23:28Z,1s8tewnq,account.f1d58f9f07414b6ca73dbf8ab22a5f80
2026-02-10T20:23:28Z,qasx11,account.46abd98bc27547399eafea582fd34856
2026-02-10T20:23:28Z,ZIKY120905,account.52fc24a06458422888d243cd72661875
2026-02-10T20:23:28Z,xc00010,account.00db773d685c455da735d23070d0280b
2026-02-10T20:23:28Z,xhsf8981,account.ca56d7a94186442aa99b33cf48c9306b
2026-02-10T20:23:28Z,983799191,account.cbdbd870ca2c48dc80400917267700ae
2026-02-10T20:23:28Z,naisba,account.67a7caaa382a4607ae4ce2566b26c029
2026-02-10T20:23:28Z,AndrewNIUBI,account.d5fb240e35794991b540eb4c364a5248
2026-02-10T20:23:28Z,Wovo_Yue,account.22f3a6920a684eff881eb459d3f83a62
2026-02-10T20:23:28Z,YU_Domain,account.129fb881f904455480f211a6f7c94eff
2026-02-10T20:23:28Z,TNT_SiSi,account.72d8a3d4fe284f7eb1944e3643dea381
2026-02-10T20:23:28Z,Dexcxn,account.0d3c666d2446460b8fde29948b51b2a2
2026-02-10T20:23:28Z,Aphrodite3,account.62d0f0dcfb5346cfb2ff43688592f5fc
2026-02-10T20:23:28Z,KTV-18629588910,account.ec37a5580789442bac6bbaee4495f9c2
2026-02-10T20:23:28Z,Aany_AK,account.dba199038f29499d8dfdaa6f2dbda8a9
2026-02-10T20:23:28Z,cjdd08,account.7aa3887415cf49829458291107ec3e1b
2026-02-10T20:23:28Z,EDG-nlwwd,account.513b1ec0c7894bdfb8de835526fae2a0
2026-02-10T20:23:28Z,DouYin_YanZu_-,account.484116bb58604af4b337e54254f14dfc
2026-02-10T20:23:28Z,tangyuanyuan456,account.65646c9872be4be4832e043008bea258
2026-02-10T20:23:28Z,qiaotun69,account.6bd1e1dd0bb24509b9d90ca288f4dc96
2026-02-10T20:23:28Z,aishibo-,account.9ab85eb842ee45799014686cdad11a4a
2026-02-10T20:23:28Z,N1o_Zoro,account.e85b4aabfaeb4ea9a3cfb9a5cc564baa
2026-02-10T20:23:28Z,wbfxdtc-001,account.a56c60bd7e914d14a97a9cae25872cd8
2026-02-10T20:23:28Z,VincentVic,account.68878f28e75842d9b06376008daa1ce2
2026-02-10T20:23:28Z,fs079,account.4d2981a154364dfd829e5e979c3f2275
2026-02-10T20:23:28Z,lbz18cm-,account.069b31ecaf6c4d7a9adaf4b340110a62
2026-02-10T20:23:28Z,Despais8023,account.5ac8126060104ed88ff4a68845b3aba6
2026-02-10T20:23:28Z,82nbmvl4es,account.6ba55b6c0c2246cba42f888f8d6e831b
2026-02-10T20:23:28Z,wrftdgete,account.d06e1dce9025411babe0e4b881d55b2f
2026-02-10T20:23:28Z,gunhogoo,account.87cb2fd39ef3438ebab94e40b21fc931
2026-02-10T20:23:28Z,CNlui,account.2556f16b8fae4ff3a20f307dfc34d296
2026-02-10T20:23:28Z,yeji55,account.38377db192f3430b832173136dd0abe3
2026-02-10T20:23:28Z,WANGHAO--------,account.83c85913d0a24565beea788800985b16
2026-02-10T20:23:28Z,lIllIIllIlIl1,account.9355ec8c8bdd4690b8081f4d4c1451ed
2026-02-10T20:23:28Z,Mak1over9,account.7c598d1b694c456e9411f87a0cc97bb3
2026-02-10T20:23:28Z,ddbuaixiao,account.6925d302ceba40b0b402e8f0a2251bf3
2026-02-10T20:23:28Z,maybebush1wo,account.11f6e0d5cc384ae4a3a6f91e48175512
2026-02-10T20:23:28Z,rafe2002,account.b4204343b228448c8180a7f370cc7f50
2026-02-10T20:23:28Z,songjia2023,account.919a30f61709463382ea19d22bb5a644
2026-02-10T20:23:28Z,yaloyike456,account.fbff75a7acc949a196d00dae2590f4e9
2026-02-10T20:23:28Z,4svJGqeEDyxBQ,account.f7089a42a1e84e57a388b6213068c0e5
2026-02-10T20:23:28Z,14M-RFT01,account.f180e07e5d1c42ffa55c7a31ef1fc909
2026-02-10T20:23:28Z,FCGVHBNJMK,account.41677d473ab34c9185fa4dafde378316
2026-02-10T20:23:28Z,HuYa_TV-wang,account.d463d4c659794ab880e1882dcdf3c7f1
2026-02-10T20:23:28Z,1ose_,account.463645cbb0aa4004a8371c8321a07658
2026-02-10T20:23:28Z,ZQY-ZZM,account.4231911c1e424cb88ef56ebed795eb6f
2026-02-10T20:23:28Z,hz_Raun,account.ff63b6b02f8d4539b0abc01b71d13e2f
2026-02-10T20:23:28Z,YTtian123,account.87a9a3ab01b04568bb1ad18c7169530e
2026-02-10T20:23:28Z,Jay_Zhou-X_X,account.481d4c4712ee48a5880c6294aa4c17f4
2026-02-10T20:23:28Z,YeZongSeng,account.19b8ecaa822941b5a45c38106c913383
2026-02-10T20:23:28Z,Lao6-6666669,account.0b13b53744a649b28a51ac89712d91a7
2026-02-10T20:23:28Z,TTF114,account.27c64640154140d0830dbcf091ea6070
2026-02-10T20:23:28Z,God_YuDuu_Man,account.9961b25e2140421cb49e59bb6ed2559a
2026-02-10T20:23:28Z,TFE_007,account.2ef78c02a1304d3b92948ae014237368
2026-02-10T20:23:28Z,9I_vIp,account.64b22c93db4b4fe1bc839dd1f59d15d3
2026-02-10T20:23:28Z,Cui-Jiada,account.7bfdafbd2915454d82aba949a79d7656
2026-02-10T20:23:28Z,xfn1-345,account.8296ab2d2eea4d82ba912e41a080b857
2026-02-10T20:23:28Z,ss22111,account.d8f966f7c7cb43bab2d1a5f196d409a5
2026-02-10T20:23:28Z,cjh8975,account.37b9ffde589a4e2a83c725925828ece3
2026-02-10T20:23:28Z,luoq123321,account.33e10242fb0747c3836a271673bbd7cd
2026-02-10T20:23:28Z,gnatbtjmx,account.f278d50ff2624c1183c4e4271a432d71
2026-02-10T20:23:28Z,S686-22,account.45d27636379440b7a0e98af79c96421e
2026-02-10T20:23:28Z,COOL-MAN--Z,account.8ebbf1e6975f4cc4aa14c4abd4d77b27
2026-02-10T20:23:28Z,7oJ8,account.7380c215d4c44930831df59f6339182b
2026-02-10T20:23:28Z,yekanhthk,account.4f910a9a69ca4071a0973d3c8411e66f
2026-02-10T20:23:28Z,Zzt071011,account.63e5ede008f7458db3fee0427c84a62d
2026-02-10T20:23:28Z,Yangzuzhang,account.8e7b52ce66134ca8b916032eb9c6808f
2026-02-10T20:23:28Z,maruilaopo,account.a3cbd6ee08bc43888deb563ed76e1892
2026-02-10T20:23:28Z,LEIYUN0304,account.14368f8ecd8b40a79d213e48fe3ed6ed
2026-02-10T20:23:28Z,MDS--NB,account.406bd3be35d7479f89573ee5c5a78023
2026-02-10T20:23:28Z,TMDB-007,account.563b4c666c664dbd94f20930c383813c
2026-02-10T20:23:28Z,SBXIGUA,account.42ecbea118d44d949da3b95d893c850d
2026-02-10T20:23:28Z,tttyyyyooo,account.69c78cbed47d4cafaab904a6e9afd60c
2026-02-10T20:23:28Z,luXIAOyou--YA,account.1654665a4aac488da07bdd452c002d39
2026-02-10T20:23:28Z,hyk0606,account.084e745443ee42b9b7beb3f2c0792988
2026-02-10T20:23:28Z,SixNineNine,account.403aeea5537348a88273b017af9e2438
2026-02-10T20:23:28Z,a2-_45,account.8c4e8063083248aa8a6b11efa9a0f9a1
2026-02-10T20:14:32Z,93Bili78630702,account.0cb6aee4ba46450787ed9930619e2c58
2026-02-10T20:14:32Z,LEE_FLEX,account.a87ed8c11a044ffaaf4fd4cd86127f5e
2026-02-10T20:14:32Z,wwchaowww,account.3f2d8d59735b47efaa1fa978842785e6
2026-02-10T20:14:32Z,Ns95_-,account.6a57b28bcf8d4fbb8f274e8aafd6a6cc
2026-02-10T20:14:32Z,iee8tjmj,account.245a617b1d7f4dc098aa406a9bd9cb6c
2026-02-10T20:14:32Z,n1iata7se,account.5ed59f30041340d5abdb83f7cabbcc69
2026-02-10T20:14:32Z,2inzz,account.380cc7f3a5f841a6af0812c40af4053c
2026-02-10T20:14:32Z,Baby-_-Ha,account.81e1a08b805f4aebb93f9c8695357d90
2026-02-10T20:14:32Z,91-Mr-jun,account.3e468d1a163f43cc874635330f094864
2026-02-10T20:14:32Z,boss_345,account.0b23f5c04051417d8eb94049ed8b670e
2026-02-10T20:14:32Z,AAFFF888,account.06e5bb4906984d93af682490fc85c1fd
2026-02-10T20:14:32Z,lKun-YYds,account.46d313eee7e64e1698cb204aa116bb5f
2026-02-10T20:14:32Z,yxh2424566,account.4f31e02fa4ab4d21b36e06b600f7fd60
2026-02-10T20:14:32Z,MMMMMMMB--B,account.d61e4f47b8d04e9580febda40cf83331
2026-02-10T20:14:32Z,luoxxwan,account.e55d3b833f294cb88f0fb9914667927f
2026-02-10T20:14:32Z,tk_HuYa_287258,account.51b75b6f38e244b4afd14e9f19c1a321
2026-02-10T20:14:32Z,CHAG-576,account.8179c0f03de84271b1d7d3d51d882715
2026-02-10T20:14:32Z,nidezhenggege,account.031a94901ca6442391003b8791229f16
2026-02-10T20:14:32Z,0621h_-,account.e10f4f8456b342e3b648f9ba5a6d78c6
2026-02-10T20:14:32Z,PanKing-nan,account.ae680c61f308402681238c05b3761fca
2026-02-10T20:14:32Z,zgabm,account.182fc338f825420e8759fc579f6a6199
2026-02-10T20:14:32Z,hemingying11642,account.a8a45feda5264b1fbddd98b876cf0688
2026-02-10T20:14:32Z,1DONDONDON1,account.286ee8ab0b6c4a27995661d2fc8cc3c2
2026-02-10T20:14:32Z,BEYOUNDyuan,account.482c669e1e724b0daa35d607cf20f6a7
2026-02-10T20:14:32Z,AA2025221,account.396006be0dd84d579f60aa4df380bffb
2026-02-10T20:14:32Z,9omz,account.d1874b9a43cd44f2b4c2e3c839290e3f
2026-02-10T20:14:32Z,dntg120,account.4d6fb24645ca4b6b834a2b7d4d918675
2026-02-10T20:14:32Z,TOP-ZHIJIAN,account.4788955cd2b3479db579e4838e5fec0b
2026-02-10T20:14:32Z,cbacbawwwwwwww,account.8051b2ee65404478964f76557948be62
2026-02-10T20:14:32Z,Tiann0v0,account.6b04e009b1eb4320b1acacb85faec4cf
2026-02-10T20:14:32Z,yuuytyr,account.640b63124f1d4f5c986a10d35cba0105
2026-02-10T20:14:32Z,ZengFuGe,account.7a35c616cff44b06a4f1596e75c14b9e
2026-02-10T20:14:32Z,XFFF131313,account.6a6321727f63425594f55068c95190f1
2026-02-10T20:14:32Z,M0M0N1DEXIONG,account.0891d18a36a540fe817756b77b3b34ac
2026-02-10T20:14:32Z,kan-ni-M__DE-BI,account.1b9edc8db2b54d72a59a83ef5d9ff244
2026-02-10T20:14:32Z,Qvbcfks835,account.d26aa7ad71cc49eb8032a6b9bb448a7d
2026-02-10T20:14:32Z,mxifakpeb,account.e0f4f718d4114369a7b283b540241f03
2026-02-10T20:14:32Z,sxnrmas,account.8ec8bf5c349a40029d2909b394fb177c
2026-02-10T20:14:32Z,T9zWdyu5,account.6f62e7dc1a344dada69d138a1e1921dc
2026-02-10T20:14:32Z,th4krpg11y,account.f96331fa42f4422ba26bcb5735b5aadc
2026-02-10T20:14:32Z,Amanwithastory88,account.bd2b6bf95caa440399d6bc781c183434
2026-02-10T20:14:32Z,paniniOvO,account.65d8b68d384c4b60ab38a7bf69c59bec
2026-02-10T20:14:32Z,PamelaaPope,account.d4a6a5ec99914cbf9f13bc5da58dc5cd
2026-02-10T20:14:32Z,cattjam,account.334a68f6e49c467a8978e57b763ce61a
2026-02-10T20:14:32Z,ZLQAQLL,account.757e0e20050e47deb9ea1639eb2284ae
2026-02-10T20:14:32Z,XTT-Wan-La,account.b6817a651ff744a0bf34c88544313309
2026-02-10T20:14:32Z,DY-xiaokalami,account.da1a95a7f0794920a617eb1125f5129f
2026-02-10T20:14:32Z,CAOZHANGQI1,account.cbb7143affba403f8afbe854391e1410
2026-02-10T20:14:32Z,yuzzuwaer005,account.324637c0cb1d4a128697b81ce7b64655
2026-02-10T20:14:32Z,sibbi66,account.1286abed4884486da8715d490ad78230
2026-02-10T20:14:32Z,TRACERGOD,account.6b65bc18b2f54ab6b22d75094ac4335f
2026-02-10T20:14:32Z,huntae2114,account.94e27a45771b4f96be6a28cc5ab76822
2026-02-10T20:14:32Z,Aholic_6uu,account.adf06e607b5e40e9ad42980f73642587
2026-02-10T20:14:32Z,dy__gx,account.501de4bee4384ade8adc963eefe8cafe
2026-02-10T20:14:32Z,yuzzuwaer,account.54db5a89487b4bca9e5a6301c448385f
2026-02-10T20:14:32Z,xm-rm112,account.a23470b007664dc38ffbd6942a0729ac
2026-02-10T20:14:32Z,Zhi_23333,account.2448920f58cf406eb8191d5a4d2cfa19
2026-02-10T20:14:32Z,Jji_Ya_OvO,account.2e3210391ca14c9daa51ac637ebbe4a8
2026-02-10T20:14:32Z,DAJIASHIWODEER,account.6424c011d9dd438fb94e4f2e32ae32bf
2026-02-10T20:14:32Z,ZYY0931,account.d3a13bdf84d4430db891febfb66c04e1
2026-02-10T20:14:32Z,JACKTzheng,account.b3268bedb7a44c90972dde1ab5a44c48
2026-02-10T20:14:32Z,Recall_19,account.9a499ad34277486b834cb2e9cce7798b
2026-02-10T20:14:32Z,HZW_JJ_Xiao,account.887172743c4a46619cb2b0fbe5061937
2026-02-10T20:14:32Z,my-akak47,account.f1f13e10bbab4b83a492fa549915c3b6
2026-02-10T20:14:32Z,sjzl038,account.a947166bbb0d4516838cb06b1906c1ae
2026-02-10T20:14:32Z,RANGER1233321,account.60c29a4e88d145dbaffaf10efc2feb22
2026-02-10T20:14:32Z,26y3mbmx,account.2a440504ec3b4f7b86d8ad2bd465456b
2026-02-10T20:14:32Z,Weirbo520,account.cfc83dd544074185ba8c1beac81ed35c
2026-02-10T20:14:32Z,YUGASDFKLHJASBF,account.f61763bcddca47fcb9aba1101e7969cc
2026-02-10T20:14:32Z,HRB_Feng,account.bceef05b33ca45d0b375303a57d9c920
2026-02-10T20:14:32Z,tnte3e,account.d5dc494966034498a134ccd6b1ace913
2026-02-10T20:14:32Z,Qiioo_,account.b4866fbcbe044e978cf83bd289946021
2026-02-10T20:14:32Z,CxcxcxcxcXx_,account.41ecc1bffe1c46b596325d2cab36e067
2026-02-10T20:14:32Z,V50-Geini-YiPao,account.9e925a61d393487a97709b9199425f90
2026-02-10T20:14:32Z,mierbaoza,account.79ca8f45e1af4582834bc78627f38f14
2026-02-10T20:14:32Z,LP_QuanZiLong,account.21a169f763ab4a6f878c3c90a2c7b309
2026-02-10T20:14:32Z,p6xligs,account.cedd15874de949af921a8a20b6c820e5
2026-02-10T20:14:32Z,w6n7fq,account.80e3f58d262d47109a017a52211d48eb
2026-02-10T20:14:32Z,BacK_Dim,account.6125998cca714830b04f29b852c53cc5
2026-02-10T20:14:32Z,MMMMMMMMM-b,account.8ad681b6b19b4c9093b8cde88bf0d929
2026-02-10T20:14:32Z,Ofkxgja729,account.97030b6107ba45319e1f51a7db76dd2b
2026-02-10T20:09:03Z,cwmkga,account.9c4c1620925e45c9a78690ee21a9c247
2026-02-10T20:09:03Z,whpwhpcxl,account.ae377b597edf4fc292f5d27dcba7b497
2026-02-10T20:09:03Z,Shaco_1,account.596a04d8296a43a79adb6350156a06b8
2026-02-10T20:09:03Z,wdnmdwjh666,account.0ef42daaae2b4bb3954dd9b002f5002d
2026-02-10T20:09:03Z,eeedddcc,account.5ebc5c31498446218c109e5b2f250aeb
2026-02-10T20:09:03Z,Screw-Love,account.d2a69debf1d145bd8e94b953782af8fc
2026-02-10T20:09:03Z,shalouovo,account.7fb2d929a0a441f6a7e6ad90a82802ef
2026-02-10T20:09:03Z,OuoouuO,account.6d49ddf7414b47329dac0df9ac53267c
2026-02-10T20:09:03Z,FIRtrees33,account.036eccb603284bc7a5b006e51af8d5a8
2026-02-10T20:09:03Z,r26E1k2,account.0fb284cbdc04416d87e61e241066f0e3
2026-02-10T20:09:03Z,CS3beX4qw4X7O6,account.2b22937b9d794ba8823236f901451ce5
2026-02-10T20:09:03Z,Sonkxiuxiu,account.35321a1c77ab45a69ab01aa9494d2038
2026-02-10T20:09:03Z,Jie__002,account.6644e8f5ebb04609974d4820e9be4145
2026-02-10T20:09:03Z,oiYu-_,account.286e83ba344040a6b7ea966699b04fbb
2026-02-10T20:09:03Z,yxp77000,account.08b1fdd470354e81803802d5ed4437f0
2026-02-10T20:09:03Z,Steam_kingI,account.eb2e2ecb624a4d4483346cadf6578f0d
2026-02-10T20:09:03Z,fksmxxh,account.abe24362507a4aca93a94a56cfd9bd09
2026-02-10T20:09:03Z,1_fusheng,account.d0f10b4043634e408f2afa3292391901
2026-02-10T20:09:03Z,asywyg,account.c4a5c9f65ef74c219b00cf6cc51ae1fa
2026-02-10T20:09:03Z,0o081,account.7195adb7f5264f398f62f13e728aa5b1
2026-02-10T20:09:03Z,o0-qianduoduo-0o,account.0748074ac2c14727940fc0eddd76636b
2026-02-10T20:09:03Z,renzhiwudi888,account.5d95196695b24431ac9cc1d878791485
2026-02-10T20:09:03Z,zwj580425,account.24070cef575e4322a7eaf84c17df9fe4
2026-02-10T20:09:03Z,0o8i,account.f24b7a90186a42d68cc7e1035c67b6c5
2026-02-10T20:09:03Z,Bd47zdgimi2,account.07039483831d4c50bf1696575451f6a9
2026-02-10T20:09:03Z,Eziz_Alfre,account.772356dc07c14643b48f39296e1d9d2c
2026-02-10T20:09:03Z,ttrrxxyy,account.1d954802952e41a9812d386559c0eb1b
2026-02-10T20:09:03Z,JFB_MISS_ZP,account.c030558442dc48189c29183b8486f030
2026-02-10T20:09:03Z,xiaoyu-wang-,account.580b6500e5114428b7f115d63a4897ce
2026-02-10T20:09:03Z,2ouzi,account.c03ca90bcc6e4161a7baf9367c42b87f
2026-02-10T20:09:03Z,zft33u,account.82aeebf6701648bdb7355724bdcdfbd0
2026-02-10T20:09:03Z,Yoke5-xxxxx,account.85a38c6c8ed1499e9f51132907d8773f
2026-02-10T20:09:03Z,081-isme,account.8f8dd474b834440394f8b297fb0d8b90
2026-02-10T20:09:03Z,Kshui-tang_jiba0,account.a40a11e827614a7fa06d5f2f57ab3969
2026-02-10T20:09:03Z,King-Cloude,account.8cdf7411826c48f2bcc1f99444a417ba
2026-02-10T20:09:03Z,Southwest-star,account.b29be656f4574cca9f62da9af6e26940
2026-02-10T20:09:03Z,KunKun-o3o,account.b5afae97960a4db8b7ede31411ee6299
2026-02-10T20:09:03Z,7s-xxwd,account.adf26a2e23b94e4099ccd35492140739
2026-02-10T20:09:03Z,999D-_,account.8ee3e8bcd5e64d4fab9636c1c9cf21b3
2026-02-10T20:09:03Z,TG-Corn,account.ef41df87183f433fbbf4f30d3784adfb
2026-02-10T20:09:03Z,wanjiu2003,account.f45d9c0e4062480490f65cb978b58a37
2026-02-10T20:09:03Z,5625_,account.04b14efd0ba74d2185453e4e48b55a17
2026-02-10T20:09:03Z,GHUAIM,account.114d1dcc806849de9e584e74738865a7
2026-02-10T20:09:03Z,19TeaBaron,account.f32ad6aaeab24fed9821b54978cc3607
2026-02-10T20:09:03Z,TN7_BABY77,account.809c1f84f4054704b0a3ef644fb0c8b8
2026-02-10T20:09:03Z,5am_2764958,account.beb1f528982f4a158d7f9ff32e8998cd
2026-02-10T20:09:03Z,A_Yolo_,account.a01770205a784fffa24402222a9b71df
2026-02-10T20:09:03Z,nihaishuibuhui,account.b43ba93bd715428e873bbf5ba9bc8933
2026-02-10T20:09:03Z,Houzi-_,account.6495df1da773458a84cda1e0b9805226
2026-02-10T20:09:03Z,dRR9kawaL,account.e1ad3f14986940cbafcddbdd617be291
2026-02-10T20:09:03Z,XuanJiangTUT,account.b51d65d79d334af3acc301d2a2845d3c
2026-02-10T20:09:03Z,Laadd-,account.c42daeec9b9c4ced8a893c35eb8de072
2026-02-10T20:09:03Z,wudixiaowen777,account.14de8ea02cde4cc8bd2822abf22f257c
2026-02-10T20:09:03Z,NO-Bi-Bi-O,account.466126ce56b64115aa211f0c141e4123
2026-02-10T20:09:03Z,KoKoou,account.92938e0ef24146dfa0105af6b0543a20
2026-02-10T20:09:03Z,Tc-nbsl,account.91b1dd9d4a55443da140a710f4f3054e
2026-02-10T20:09:03Z,PANG-010-0,account.524111339d5a4e21bcf2e1ac34a5180f
2026-02-10T20:09:03Z,XStong,account.146bd9f27ba0432fae02331f8e903516
2026-02-10T20:09:03Z,Breczr,account.85fd147789da41558d77bbbe587c1773
2026-02-10T20:09:03Z,dmKM8mJhnQT1R,account.3df5e9e546b14fb3a772a41587865884
2026-02-10T20:09:03Z,999K-_,account.c9b4476b5ff049308f52d2ac4d8265f2
2026-02-10T20:09:03Z,LAOBING-buxiu,account.ab0cc2dd23d644459b235e2d215bdd99
2026-02-10T20:09:03Z,JP_JP_JP_,account.56bcae62755c422d8b69f94b41c31c4b
2026-02-10T20:09:03Z,xiao_Y-G,account.2742ded50b7d4906b5a1c04cc767c864
2026-02-10T20:09:03Z,RuiYang-MyBaby,account.d0cc74e6591f4373b36a6395bccec6ce
2026-02-10T20:09:03Z,ZZZzzz158888,account.443d23d5ba03496088e2b07b730b724d
2026-02-10T20:09:03Z,TR-Byuside,account.c3b01b1e97df46188de6dcec5503632d
2026-02-10T20:09:03Z,Thesmellofearth,account.57b2d04c33994fa98cfc009f52a83989
2026-02-10T20:09:03Z,uuov-,account.699d838607c948da960e01d150126aa3
2026-02-10T20:09:03Z,SpenceXiang,account.e99f46bd5a0f4ef098059d4def8bea05
2026-02-10T20:09:03Z,DLT_K_k,account.685fd7c51a9f4de286587a664246324e
2026-02-10T20:09:03Z,JFB_DYMN_Yuer,account.0f9e37fdf0fe45559f4acb2d5ea622d4
2026-02-10T20:09:03Z,Cityofhero,account.eb2537ecc94f49e1924cfed58fc10bf6
2026-02-10T20:09:03Z,NaioweBwoio5,account.799456032e3445f6b5e71500d34f7426
2026-02-10T20:09:03Z,DFDTDTYG,account.98833bfb70b24eddbf2c3efe51be63b5
2026-02-10T20:09:03Z,MO-Bi-Bi-O,account.bc70648f6bd641329653db24a83390bd
2026-02-10T20:09:03Z,x1Qtvow,account.db4207a6b8254406a3352f9adc87eb48
2026-02-10T20:09:03Z,gsnxuim,account.8177ea4f44294b6bbd50ef90f047a9ea
2026-02-10T20:09:03Z,ZXIONGGUO,account.13f39582b0b849fea4f809dc8ae09001
2026-02-10T20:09:03Z,XIAOGUAISHOU0123,account.43979d54fd704699ad9ae8676995430a
2026-02-10T20:09:03Z,GB-Coldmood,account.67e5e0d30b684c8e80f1997a2f952287
2026-02-10T20:09:03Z,Sweet-ChinMusic,account.c9283a481c7a4f97bd0f1a3ec7427d90
2026-02-10T20:09:03Z,Value-P,account.41ea7c7ee335431b8eac1466068942ba
2026-02-10T20:09:03Z,oxveii,account.02aad8f4c66c4f98a1728028f7bb2f36
2026-02-10T20:09:03Z,NingtFireflies,account.cab4aeab03d44d8d9263d66c8bd00e23
2026-02-10T20:09:03Z,91Madou-ikun,account.018004c71d6a4f32aaa5c8094cd572c1
2026-02-10T19:43:15Z,Dax1a-_,account.a4c16e00ecf547869fe16551688ce49c
2026-02-10T19:43:15Z,dxsz9f,account.c482b2ea792e4d099c2d74ba285b5f6f
2026-02-10T19:43:15Z,Jamminyoon,account.38f9a5d992bd4bd9b06598af2f4727d2
2026-02-10T19:43:15Z,survivor_salam,account.2852ae98a3a54afca0a182d84a558ddc
2026-02-10T19:43:15Z,0909-c,account.aa2d5d00c82a4da79af024b98f45be2a
2026-02-10T19:43:15Z,Kittiyi-,account.5b66434b031048589d336f0ebce99012
2026-02-10T19:43:15Z,Godnub11,account.617ec22251ca46bbabd9bbce4c5938fd
2026-02-10T19:43:15Z,YJnanyi,account.0926de5f73a2454daadad5a915cbf739
2026-02-10T19:43:15Z,haixing-_o,account.fa39ff46cb604dd0a0d78ff1d8fee497
2026-02-10T19:43:15Z,Lcberg-Ash,account.0ad9f8422481439897ec97b5e7b93554
2026-02-10T19:43:15Z,jungin,account.374e991641074d51bf48f8687459e7c4
2026-02-10T19:43:15Z,a1shaofu-,account.7427d903eec64bdcb9a47398973e192b
2026-02-10T19:43:15Z,7yii1,account.209498b53c704a979017cc3dc8ec71e8
2026-02-10T19:43:15Z,Robbery_Xx,account.2218c2fba54546b7842d189c2d4ec40c
2026-02-10T19:43:15Z,9isf_-,account.5d9f87003d7d4fc895d4283f3428b46b
2026-02-10T19:43:15Z,YY-Duidui,account.5a69d7b2502348b58d6de9cc1f72abca
2026-02-10T19:43:15Z,WSC-Savior,account.cf476274a4c347a8b491ee080e92deb4
2026-02-10T19:43:15Z,Yiinxi,account.375c09893f474ca1abb12c6a0c187ccc
2026-02-10T19:43:15Z,Biea1le-_,account.5ede808f04fb41c085364e3cd1f953c7
2026-02-10T19:43:15Z,L1xy-_,account.203af282afab45b7ac006272da20ab88
2026-02-10T19:43:15Z,hhaarruu___,account.ed87b97fde0946798d790cd9d22d4032
2026-02-10T19:43:15Z,k1yosumi-,account.6431c3ecdc18475e9dc0a3c9e9391f94
2026-02-10T19:43:15Z,Alsfat_Avits,account.d5c7984613bf4b4ca272e7741405c0f4
2026-02-10T19:43:15Z,Cola613y,account.903bf8f30dfe4b72917a7665b655235d
2026-02-10T19:43:15Z,iwanbbo,account.886e074480d640d4a2fe31618ae82c87
2026-02-10T19:43:15Z,Hu1Tou-_,account.6f8599ae623b41de85e45a6f9f7e2d7e
2026-02-10T19:43:15Z,PARK_1135,account.7a1e745d99d8409f8d8bd1017631444f
2026-02-10T19:43:15Z,M1s1ta-_-,account.c88e113bdfb64e2a817caa4918c2d69e
2026-02-10T19:43:15Z,7mXz,account.f5241f7983754fabb2b5f3dcdc818c13
2026-02-10T19:43:15Z,cutekawaiimin,account.897ea24a36a84611847eee3ee408068b
2026-02-10T19:43:15Z,minheon_2980,account.a4376e6cdba745898bc9d858079ff093
2026-02-10T19:43:15Z,Caonm6666,account.b990319e8849424aadd100c4b31f9fae
2026-02-10T19:43:15Z,ZLI6_-,account.496471532be04b139af1b4920a5da83f
2026-02-10T19:43:15Z,Aaxin_521-,account.0a1cea443b454b198cae7e7876f2cffb
2026-02-10T19:43:15Z,xinsuixiaog0u,account.c11b16c7756e4198bc305f1a54513831
2026-02-10T19:43:15Z,linsu-0726,account.199e33f62a19446e9f0ec0c25c1a2ad5
2026-02-10T19:43:15Z,Dontzdkuzima,account.13416c15e4534f19a3428384f207b826
2026-02-10T19:43:15Z,Starraiy,account.657c3767b1324e2c970afa60dfa59c7a
2026-02-10T19:43:15Z,Yw_6n,account.08b6c1362e7848c1a8c28569a660666e
2026-02-10T19:43:15Z,1By_Spark1e-,account.06ef8b19b7874c1d86db743e501b34db
2026-02-10T19:43:15Z,JLPsir,account.e6db687571cb4b7697e3409e69266def
2026-02-10T19:43:15Z,FANSHIFUU,account.dcb987a71e404fa38406e14b379a37c7
2026-02-10T19:43:15Z,r31hxe,account.318901119f634e9ba715d32cc2fe3707
2026-02-10T19:43:15Z,duftlaglgkfrpdy-,account.cac6baecfdf547da88a92ccbf8d74be0
2026-02-10T19:43:15Z,Forever-M10,account.dfeea3cb42374bdb9724b93bee60b670
2026-02-10T19:43:15Z,H1Z1F1,account.04f694479a094c99b65d00eb77ddf25d
2026-02-10T19:43:15Z,W0sh1y1le,account.e0b8f4b1904d497296bcbc6f62d3206d
2026-02-10T19:43:15Z,MycomplexX,account.10895d33f03b4d48a4015340e65cd396
2026-02-10T19:43:15Z,bibibiui,account.7243ee2636054820b91f5cfc2ac28487
2026-02-10T19:43:15Z,jwlshiwoer,account.3cfdeb8b207c44a48155c84b8324e229
2026-02-10T19:43:15Z,Exc8_,account.226f8ce4c004415c86af78f83cf3a6b4
2026-02-10T19:43:15Z,Cc-Htt,account.4ba0974b5ce4409fae4a9f748f70a82f
2026-02-10T19:43:15Z,Minkatory,account.ede3c001b22a40fd89e345fd85de4dff
2026-02-10T19:43:15Z,i1uvy,account.4a62c72ccb134016ae43e9ff9fe14fbd
2026-02-10T19:43:15Z,Piano-_,account.5bc3c43aaa684006b63dbdbf637cf94a
2026-02-10T19:43:15Z,Divingiq,account.d98f93d220a34a4aab9c5fd7e9250c58
2026-02-10T19:43:15Z,23-71108801,account.db01eabb9db74c45ae6130e631ffa7bd
2026-02-10T19:43:15Z,HBSK_ranbgb6,account.3110a67e3e9e479692e892e8ab47aadb
2026-02-10T19:43:15Z,Jin2berry-_-,account.f0ab76046f5244d0a5c7a76c0e41996b
2026-02-10T19:43:15Z,Xcg_-0,account.21842fe6922f4fb8b043068f5b5a53bb
2026-02-10T19:43:15Z,527_0624,account.2e1fb20ce9464eb4ab7acdf53986173f
2026-02-10T19:43:15Z,H9x6,account.8b65ede562944b909015e3da799ce9f3
2026-02-10T19:43:15Z,Laoxu-_-jiujin96,account.43f13d30443142c7b9b0ed444d5e61a4
2026-02-10T19:43:15Z,Mucio-,account.c1b7d62b485148078e71529113aadea5
2026-02-10T19:43:15Z,WCJxixi,account.6caa3018adc54d12acbe8890ea1d4904
2026-02-10T19:43:15Z,DG9NamTat-,account.88c80d0170d04ccdb98cecd509852103
2026-02-10T19:43:15Z,UKIKI_HARU,account.1326bc49aa754aa599a36a5a615ff144
2026-02-10T19:43:15Z,leejeongbin-_-,account.4fcce4fd8f0c46f59c85b757add19f34
2026-02-10T19:43:15Z,joheesu,account.7e299d5c81734095a85bdb811d76c541
2026-02-10T19:43:15Z,hlf-Z,account.27e1812a6b2644f39964b0ed9881351c
2026-02-10T19:43:15Z,Hai_-1,account.f3d017638925454eb9f00f15d8cfba38
2026-02-10T19:43:15Z,3woii,account.8ecfc1bc709a4f1891f0a9d8b5fefe63
2026-02-10T19:43:15Z,Mn_0351,account.08a60ae62d7149a3ac87c81282265ce7
2026-02-10T19:43:15Z,DOUYU--1165924,account.10cc29d1979c436e8999133255302750
2026-02-10T19:43:15Z,Torture____,account.076a7ba9539d4f4ea5b9d72e24c4dc11
2026-02-10T19:43:15Z,P1st-,account.3d451128a9ca4a85894e2ed7b916dde4
2026-02-10T19:43:15Z,Qixidebaba,account.06f4ba00853d45608326e0dce07b264a
2026-02-10T19:43:15Z,DrNi_,account.6862ccd6e1a1403babde41d8807a9964
2026-02-10T19:43:15Z,Douyu31439,account.3b565f01f2eb4d9a82dac26969591d4f
2026-02-10T19:43:15Z,Meituan-China,account.2e4d010fce2a43e9b66953cc767ffdf7
2026-02-10T19:43:15Z,cutekawaiiyoung,account.86d184499a93406a9cb5c0255e6c206f
2026-02-10T19:34:00Z,moaa520,account.9db73564f7c24cfcbe05fbb76eaee786
2026-02-10T19:34:00Z,Villain_Cut,account.f1d2a529cb504dbbb509717f08572bd1
2026-02-10T19:34:00Z,YYDS-SBNMA,account.b377a4835fbe4a1487b256119254bf0f
2026-02-10T19:34:00Z,heimizi,account.f0780eb55b1a46088406190ddb20eb06
2026-02-10T19:34:00Z,sunchu321,account.2dbf13c6e0ea4c42957731d4cd448622
2026-02-10T19:34:00Z,A-g-o-n-y0_0,account.8b2dcd7781fd4865b32247e9460614b6
2026-02-10T19:34:00Z,CNZoYo,account.f95bc8284cf5467795fce936f69e7efc
2026-02-10T19:34:00Z,Tuzoo,account.ba2d5f5fb48d41eeb11c8f6e4f1d6d9c
2026-02-10T19:34:00Z,Yuuuuuuuuuuuuuii,account.2a27c12909204806a1771b8f178fc5f3
2026-02-10T19:34:00Z,Gjlop,account.80710724d510478dad28fe8bb36a53e3
2026-02-10T19:34:00Z,1Dyb_,account.f172bef08d8a4460aeba1dd0e236a83b
2026-02-10T19:34:00Z,BBPB,account.8b3c12bae8bf407197cd184036ff5c64
2026-02-10T19:34:00Z,M762-PLY,account.9bb6eb250479495c8aad095e8e8d2e62
2026-02-10T19:34:00Z,C_6556,account.7da47664bc344da49a1d9ff2ea7b4204
2026-02-10T19:34:00Z,Xiangcegg,account.552cb01401dc40d49a0e8199ebe56706
2026-02-10T19:34:00Z,Chen061009,account.6af61bbf685d48399405eb6ddd02430f
2026-02-10T19:34:00Z,Lxt_762,account.a3cdd6c146bc44cf8df3c601422c7225
2026-02-10T19:34:00Z,WTV_Cerberus,account.c7df87a803e84e448279fabffef7c41e
2026-02-10T19:34:00Z,Arz-pingA,account.4453fb3563584a4dab30663a2d1b5dc8
2026-02-10T19:34:00Z,111shu,account.4d211b1be3954a788db3f4841da03c7e
2026-02-10T19:34:00Z,wxysjl,account.aab9482cd4854fd187becd33334bd55d
2026-02-10T19:34:00Z,DMAsima22,account.570d3cafa30e4079860059c0ada38ca0
2026-02-10T19:34:00Z,ChinaV-Kkang,account.30a4e82e460e46bfaef658e2378ef71f
2026-02-10T19:34:00Z,aaaaw13232,account.20c44613505d4dcface5bcc1d0916360
2026-02-10T19:34:00Z,909090111A,account.e46d30c341a44d1ba325033e48769dc9
2026-02-10T19:34:00Z,Y1nshU_03,account.e6155890d64e4bb3b293b1a94a5bb325
2026-02-10T19:34:00Z,iiiCasset,account.b5ed00b49da849029d4f49564771fb58
2026-02-10T19:34:00Z,zeno12341,account.6fd3f8cfe63e43bfa34376e7fd99a336
2026-02-10T19:34:00Z,WTV_SigorJabSon,account.73523a3af31e44edb4680ff3921e9ae1
2026-02-10T19:34:00Z,AnhuiJishuai,account.794d3122e1f243178ef34f77a91f8e58
2026-02-10T19:34:00Z,EPG_Siuuuuuo,account.9f310fa53b88469ab412c3a593aeaaf0
2026-02-10T19:34:00Z,Cnm-66678,account.f3e5e8f660594bd19d19e551db1ad04a
2026-02-10T19:34:00Z,TWELVE-EAZY,account.518ecd9be7eb4b3e85fcac6d919d8373
2026-02-10T19:34:00Z,DINGDAO521,account.8084d1a3b52c4a5e8adafd2bd0e2dd3a
2026-02-10T19:34:00Z,jiziandxuegao,account.f1e5b43964a64b16be0326ffc4fc4042
2026-02-10T19:34:00Z,He1bA1-_,account.218f2e93a2bf4d1b916ea9680efe05c6
2026-02-10T19:34:00Z,Simbater,account.b9b357c5ca634df5802b10cad138f825
2026-02-10T19:34:00Z,TTTTTTTTTTTTTTsi,account.2256713a67754aa89cd8dfa8ec6b8ceb
2026-02-10T19:34:00Z,xiaoxinnvren_-,account.a03b71bdb6814babb36093c3b2d3a353
2026-02-10T19:34:00Z,kor-hero98,account.a86d3ac32b964f859cc79ee1a4c93bb6
2026-02-10T19:34:00Z,kg-snm0-o-0,account.7c4f2bbfcc854d4fa35d8a2d7e6e945f
2026-02-10T19:34:00Z,ChinaV-dadiao,account.ec84e203ffb94c32ad447da2f4122336
2026-02-10T19:34:00Z,gkky7853783,account.84b59f2a64e34b3c8c0c58f36bdbf847
2026-02-10T19:34:00Z,Venstent,account.4a8c76367624465f80e06ba8925ffbb8
2026-02-10T19:34:00Z,QAZ385835,account.d608221ea4e74a93846e86058a909682
2026-02-10T19:34:00Z,IN--1996,account.e23127965a28405dabb30efb1d54ddd6
2026-02-10T19:34:00Z,0000687,account.cc8ef56fdf194e328bd95d34067370fe
2026-02-10T19:34:00Z,MXN9_9_XS_FRXX,account.03469ccd3c304b86b93d029dcbeef18d
2026-02-10T19:34:00Z,OMG-KuiKuiQAQ,account.95a4fefeaf3f4e1abd0c122de642b5c8
2026-02-10T19:34:00Z,wulalawuhu,account.fc7593d75e6342faae5669a515790501
2026-02-10T19:34:00Z,kehongjiang,account.aa6929509d2248de8c0a9ec2992f52ba
2026-02-10T19:34:00Z,lzt199800,account.c461b77305cc4ebb9d5ca797b8636634
2026-02-10T19:34:00Z,Heartthoughts,account.0f4fde05fd1d4ec29c5ddf836604462f
2026-02-10T19:34:00Z,GG0_VARY--v,account.226559879469434a8b2b1ea6583c4338
2026-02-10T19:34:00Z,iok_pp,account.a8026fc4d07242d1974f547744548e5e
2026-02-10T19:34:00Z,Hongkshen,account.dc0be678698f4f358f626b6beaebbc96
2026-02-10T19:34:00Z,Fmghfnt478,account.bf4ce205ed9643ea805d1799ec47b8d6
2026-02-10T19:34:00Z,baby_-_Bus,account.ad0a4f6176cb4920985a35b4b68358f7
2026-02-10T19:34:00Z,Tangle_Shumi_S2,account.cbdede61d3fc45d2a5eead9f8f003b79
2026-02-10T19:34:00Z,W0Sh1Me1Nv_,account.71ce8490eafc4fb79db844c3c797d3aa
2026-02-10T19:34:00Z,t5le,account.289919abdae045b78ebd99f5421385d4
2026-02-10T19:34:00Z,Lieme-299,account.67f7169a50b344a19d1889709623b202
2026-02-10T19:34:00Z,soop_jusin,account.235f92ebe4804276b98df02bff2ec409
2026-02-10T19:34:00Z,WalkDarkly,account.e368bb9fe4a64261a289f0c28b2e9cc9
2026-02-10T19:34:00Z,Welcome_Frost,account.1f2e586ecdbb490a97e95c2f6cc15384
2026-02-10T19:34:00Z,SNzYbKJ,account.5941ffcbd5964166852c6f29bdf52758
2026-02-10T19:34:00Z,BBeomHaang,account.26cba906fe5249709495f531a5a05393
2026-02-10T19:34:00Z,Aix1008,account.87201fda5bd443bcbff50d5227b27506
2026-02-10T19:34:00Z,7WX5Gfw7v,account.c8780d5c9f4040728fff2ff40a5e51c7
2026-02-10T19:34:00Z,001_-Ss,account.5b62ccd7b6aa49509bbce7a8fe31d144
2026-02-10T19:34:00Z,ddnb_-,account.0045ec43facc427a88f444cad112ee6a
2026-02-10T19:34:00Z,AV-GOGOGO,account.7fd474f0a7854116a2b97857efc39cfc
2026-02-10T19:34:00Z,UU-Lucky927,account.d6b09ac8d6c34811a3c01bfc9a742b51
2026-02-10T19:34:00Z,yul2____,account.a82c8bafbd7442ce947d076edbf74b76
2026-02-10T19:34:00Z,ohyeahbabyone,account.1423e72cd30347d0885c3bc6373adf0b
2026-02-10T19:34:00Z,kissztq,account.9eb28987788148e7904e0ecd570f8b4c
2026-02-10T19:34:00Z,Dobby-YJ,account.988894033d52464288fc098fda58b04d
2026-02-10T19:34:00Z,Maryo-_-S2,account.2fe6f24090274f8983e4d9d7209276e7
2026-02-10T19:34:00Z,G7cNV43os2,account.f8913a9dc31541939b34376c860c3cde
2026-02-10T19:34:00Z,8888G-coin,account.69eb5a84cf304ba8a5f7c7edbc8f5e4b
2026-02-10T19:34:00Z,Machoman-GG,account.dbb4b52d708b401b8a1c7261bb553d6c
2026-02-10T19:34:00Z,401x3die,account.8890e4cd36f3460cb2d10173e62fe0e8
2026-02-10T19:34:00Z,lengmo888888,account.4a79118229244e578af8d801c899b929
2026-02-10T19:10:21Z,EX_MyuMxx,account.055bddfaf2bc4a1db96dfea3acf656f3
2026-02-10T19:10:21Z,CN_Som3Body,account.9bf1c378891944f6bbf58272d84041c9
2026-02-10T19:10:21Z,V5Okankan_13,account.9cbc5cc05f9c4c869c8b84b86777ccd6
2026-02-10T19:10:21Z,TTK_Yumiran,account.dcc6ca0985e54ebd8ccadc3327c1b43b
2026-02-10T19:10:21Z,Aurora-MrH,account.cc53d6adaa43450e8b8b79c8adde22e5
2026-02-10T19:10:21Z,lillililllllllll,account.ff438ab0e8024f25a76bd8ddab166e1f
2026-02-10T19:10:21Z,M24vlfdy,account.0cbe1d4566044eff970e2bc92d20b1c2
2026-02-10T19:10:21Z,babyJoJo_-,account.6719ec2e86604dfa83bcffac1f87f1c8
2026-02-10T19:10:21Z,waraer,account.33fccb1f017747f7a4bfe78bbb1a1e6c
2026-02-10T19:10:21Z,Halo-RS6,account.fe5b4bc68b0a455cbe1a9fdf385be589
2026-02-10T19:10:21Z,CNLD_LaoAk,account.424a727bda054273a113fd2ff721aa02
2026-02-10T19:10:21Z,Sonyvely,account.be57606133d94a4da3ef80051b0d6c66
2026-02-10T19:10:21Z,dyL_0223,account.69ac29ac436649e1a5a05328e4ccf033
2026-02-10T19:10:21Z,b2suzz,account.7043f7dea3fe45b0ae212bd8d9aa89fc
2026-02-10T19:10:21Z,Namdxil,account.bceceae945804166867190fd5c0607df
2026-02-10T19:10:21Z,M4KES0MEN01SE,account.3f77693343ac4821ad63ed54defb893f
2026-02-10T19:10:21Z,GuInGuJig,account.667ca9975c204ed89a22c39b402f13d1
2026-02-10T19:10:21Z,Nar_ping,account.d8e5273e63c349b2ae0cce7948d69964
2026-02-10T19:10:21Z,N1KO_POPO,account.054f08d5c3264ff4bd3589117effea1c
2026-02-10T19:10:21Z,WXB-83,account.7e12a298e6b842a98245b6257f88831f
2026-02-10T19:10:21Z,Xcag-02,account.b839766802aa4977bb4907f8f3dcf476
2026-02-10T19:10:21Z,ALCY0NES,account.f027d4c6d9314eea93ce670bd88c0702
2026-02-10T18:41:52Z,Ak1ro_-,account.86b73a25009a4c33b0b7cfb0a382e694
2026-02-10T18:41:52Z,xiaobochaoshuaI,account.ab4845e50b7745ef8e6e3c1cef6a1695
2026-02-10T18:41:52Z,Haoxxx_-,account.29f137ca432e4511820caa9b1d92d723
2026-02-10T18:41:52Z,jisungKSA,account.900ded4b51524553a7e1622d1d124407
2026-02-10T18:41:52Z,RushBBBBBBBBBBO,account.c646d957036f4426b608238417bc8721
2026-02-10T18:41:52Z,Douyin_Lucas,account.f3bd3b980b7340c5aa7942b0d165d120
2026-02-10T18:41:52Z,Star_H-X,account.cfdef8d36ac84485855277e68095aa86
2026-02-10T18:41:52Z,Wa2ve,account.b589d0f54f294415891f01f6c04ecb3b
2026-02-10T18:41:52Z,HanJiuYe_0_o,account.b3a2059d260a4a0d962661888d404d42
2026-02-10T18:41:52Z,77up-_-,account.35f148f3b5614cc4b5a4f8745a71ecd6
2026-02-10T18:41:52Z,HeeYeon_0,account.8da07e6d4ab348eb98f5aa33b9279753
2026-02-10T18:41:52Z,187cm_101kg,account.6a73c31a80174c5b92395fcc77c00f4a
2026-02-10T18:41:52Z,XiaoFengxin-,account.f10206a822934722b732a770a516fea1
2026-02-10T18:41:52Z,TIAN_NI_DE_B,account.55e96f0334944e6aa12a6655a7650162
2026-02-10T18:41:52Z,AKM_SeeYouAgain,account.602f04107a334a22b3a21b84e61aa540
2026-02-10T18:09:27Z,TuMour-Six,account.888011d4db1b476b8618a4c4c68d3085
2026-02-10T18:09:27Z,Lyp_Yangls,account.f9041fd954fc4d28b23309a76ac5309f
2026-02-10T18:09:27Z,Seohan_222,account.8b379e99943b42e8a6f1d610a35eac81
2026-02-10T18:09:27Z,meooooooooow_,account.c499832402ca4a0c825270b731114a7e
2026-02-10T18:09:27Z,i377_,account.a379060b07044c8b8e0ca1338f13bcd7
2026-02-10T18:09:27Z,Gradoe,account.8319eb68a235423c8fb48f119fcca5a8
2026-02-10T18:09:27Z,noeyh_is,account.78721c2e8f3e4260af31670b420356df
2026-02-10T18:09:27Z,LPRM_M4cs,account.97eb280caa5644c3a20f3ee146008fc8
2026-02-10T18:09:27Z,ATui_-,account.ad9c12f0188c4d0896479088a0e258f3
2026-02-10T18:09:27Z,ark0675,account.2bd0952d67044f8a81f8ee5e77733825
2026-02-10T18:09:27Z,Tony5210,account.e703d5afd41f4aef9522f41089d4a27a
2026-02-10T18:09:27Z,Z_1314_-,account.1307c18e2d434177822cce8538166145
2026-02-10T18:09:27Z,I-703,account.ac2ff3893f24436783f069707b79a19b
2026-02-10T18:09:27Z,GOD_songjibin,account.fc23b6b348f34ae6af80214976e4538a
2026-02-10T18:09:27Z,pocher33,account.d73625b8fbba42dea93d89bd6539407f
2026-02-10T18:09:27Z,i4am-,account.c78084a2bd50402083092016019d1780
2026-02-10T18:09:27Z,FROZEN_Drift,account.d4b4a2e4e7664be7927cde14e1cc75a8
2026-02-10T17:39:20Z,B--0o0--B,account.ca22c083f22d4d8ba98733e34cdca299
2026-02-10T17:39:20Z,SGhyunwoo,account.56c8841ff44a420dbe18625add27ac35
2026-02-10T17:39:20Z,Jikatory,account.0a0a87b01c674b388c18a431e666eed4
2026-02-10T17:39:20Z,chlghtjd0923,account.60a441f6935a49aebf75067e054fdbe5
2026-02-10T17:39:20Z,daliandddaaa,account.0a33a0aa6fb441adafdf0fac50c9860b
2026-02-10T17:39:20Z,AK47WSL,account.b46343ad166c46bab83ce80096f80138
2026-02-10T17:39:20Z,Threekey-K,account.d7c7cfcbecac4439bdae350ed042af95
2026-02-10T17:39:20Z,l_0-l_l-0_l,account.9db24c53224b406782f4a5038309f186
2026-02-10T17:39:20Z,PeeK-_-BOO,account.7778498061c74d989031dc7cecf504b1
2026-02-10T17:39:20Z,WuHuSiHai_iPhone,account.799af93f289c45aa8f4615c1a8a5312f
2026-02-10T17:39:20Z,AixLeft-ZNB,account.bb48cf52d7934b6fb8527209a2814b73
2026-02-10T17:39:20Z,vvlsxng,account.ec06577864034db393a84b63b746258d
2026-02-10T17:39:20Z,s2okkkkkk,account.43f373c109fa40a28bc53c9d8db2492d
2026-02-10T12:39:05Z,Mr--_--He,account.d32ec70c2c4d4111bea92404b5abf9d5
2026-02-10T12:39:05Z,Down6stack,account.62c68557720b46f0ac3e6c2d509d13ce
2026-02-10T12:39:05Z,96in_-,account.ec6dd9f48d7b4100b0de542aabca26ef
2026-02-10T12:39:05Z,Y_chen_xd,account.fb7d2257e9774a4db1b1e1a5f51d9894
2026-02-10T12:39:05Z,26_GangWayGalio,account.5c9f5c7861924728b7f1538dd0f0d1ce
2026-02-10T12:39:05Z,ohSanda,account.c336c4a647cd46a3b725a16c8ff24ef0
2026-02-10T12:39:05Z,B_I_B_1_T_A_N,account.6dc4aa1ae10a4f32bbc24d26605dc6b6
2026-02-10T12:39:05Z,MulYaLeeNo,account.2afc8b5e80d546a5a0dfa4b4b52d464c
2026-02-10T12:39:05Z,ChinaQIAGE98K,account.50e2f110ebf84fb0858fab392c5b9abc
2026-02-10T12:39:05Z,Emin-kz-Aman,account.c561c7fc3d034709b7d3ee2f8ec70287
2026-02-10T12:39:05Z,KOR_TiKi,account.e8b88f92ddef4caea36ee5d9e91270c7
2026-02-10T12:39:05Z,yYVQn2MqYa113,account.637ceaa124684fc5912872861469d11c
2026-02-10T12:39:05Z,LN_AI,account.25d3160b1c7544a99b8e412ba8d06174
2026-02-10T12:39:05Z,99_579x,account.b24a497d56d84c1d9f2f4f1bdcfdf6df
2026-02-10T12:39:05Z,GLONG00,account.786d7fb243b64d39bc2b2b750edffe41
2026-02-10T12:39:05Z,AngelIsHere,account.b704ade1f4374dcb94a0a401570951e5
2026-02-10T12:39:05Z,LN_MX,account.f00c67782fc54f37942c6e7f43d9de47
2026-02-10T12:39:05Z,Salgu_sexy,account.28134142b31d4ebc9d7ed3558f56e2d0
2026-02-10T12:39:05Z,ZiweiX,account.6167a0e84aa2466b995b3a4054946a67
2026-02-10T12:39:05Z,Anyuan_-,account.571be2445e9043cf905d0984dc9d8aa8
2026-02-10T12:39:05Z,MoriyaAkane-,account.a9254bd90d8e4ed6856a98533855b279
2026-02-10T12:39:05Z,hhaas12,account.89436c86b6924caface3f728229ebff2
2026-02-10T12:39:05Z,LN_Navi,account.708d6668c22149e7bcd6314d82a0dc22
2026-02-10T12:39:05Z,BaiGe_001,account.d4d3918bb32d47689a16298136ef6552
2026-02-10T12:39:05Z,KGR_Blacksk,account.6d9d8962d2cf42828c184b3a688df638
2026-02-10T12:39:05Z,vitalroad,account.3d5eed30915a4cfaa7ce12a7dd1a1ef0
2026-02-10T12:39:05Z,u_unn,account.6b75631adf2c4435a17167f4cdf221d4
2026-02-10T12:39:05Z,B_MYUNG,account.ef3022b7807c49eb97b9391536ac2443
2026-02-10T12:39:05Z,xxlu_u,account.b837bd68ddb54eaab8c3cf85bd580ebe
2026-02-10T12:39:05Z,AKA-nuoshen,account.1eff9501235045b5b44e28ef1d979eab
2026-02-10T12:27:25Z,xmalr,account.4659dee8396f482fb3beb786dce82f7c
2026-02-10T12:27:25Z,X_-yyy,account.c7ce4cb48fce4998b2530ee076695e4c
2026-02-10T12:27:25Z,Godlikesos,account.8b6d050cab8549608d1f02ae66d3a1c1
2026-02-10T12:27:25Z,zuikuangyin,account.da30bca54a5b463bb71c260e172ae7d6
2026-02-10T12:27:25Z,FuxxingUchan2,account.fc73e872be0f4481a89c6101a0473214
2026-02-10T12:27:25Z,x9rq,account.e8af789f95fc4b6798863846f5444890
2026-02-10T12:27:25Z,kime418_2,account.57c597fdd6cb4fd2ba60cee896e8c17a
2026-02-10T12:27:25Z,PrG_Kio,account.ebeffa5fabf64da0886ad9d3c423bfd7
2026-02-10T12:27:25Z,dkdladbwl,account.f596fe9e96a04e368b0bc6bcbfe5f2cd
2026-02-10T12:27:25Z,RNGTALON,account.0428dd1e420f4383b8098dda624ebc94
2026-02-10T12:27:25Z,hojeking,account.49af57e1e1bb45c49f185ef8f7a79a8d
2026-02-10T12:27:25Z,SSakdacutzz,account.6be83faccc4c49bdae4599c60095b247
2026-02-10T12:27:25Z,Bring7068,account.078ebff7fc4148468a461a2f33ffd83a
2026-02-10T12:27:25Z,milkerzero,account.6ec380edacf24b80997a023002c16e31
2026-02-10T12:27:25Z,meix_-,account.6a151504fffd48608411115ccfaa3c2e
2026-02-10T12:27:25Z,CM_7000,account.eda555c463c64c6b9259c8eb7c44797c
2026-02-10T12:27:25Z,kime418,account.1f6d8397f7ff4a84bcb8d3258fbc87ec
2026-02-10T12:27:25Z,inu_93,account.16ab749ca99e40c1bf5264ab98b4d511
2026-02-10T12:27:25Z,Jiaonimane-,account.aae4a1a946f94e34952343eed83d2923
2026-02-10T12:27:25Z,Z_-zzh,account.97d53aae641e4200b6494856e37abcbc
2026-02-10T12:27:25Z,gaeddol-,account.615668409b944cfcad27f238ae0c449b
2026-02-10T12:27:25Z,ahing-__-,account.d3f7e021b52f40fca39eda9f94ece2b7
2026-02-10T12:27:25Z,LIFAN0_0,account.c32bb9f7b5e241bfafe7ae1754e41d0d
2026-02-10T12:27:25Z,wilubabudheer98,account.f89c9d4fb3d04d42a0708e63c4b97073
2026-02-10T12:27:25Z,chxi_-,account.4f9b93ab1fbc4ae1bd63c0ad7e649542
2026-02-10T12:27:25Z,HDEX_-,account.6ac5bb963e9d4a64aeff882e43260384
2026-02-10T12:27:25Z,Mr-Zhang0701,account.31d2ad3eec2f4f53b14deb1cf2265f4d
2026-02-10T12:27:25Z,Gari_-,account.805a47575bd3414d9fa90c26acd5de97
2026-02-10T12:27:25Z,Loog1king,account.339c4520a409488d8f2b9b2558f3d1cd
2026-02-10T12:27:25Z,Qi7Babyz,account.71ed46580f174d8a9cbb59d0caf21379
2026-02-10T12:27:25Z,zd19960123,account.5004c3e5bc0b431a8f7cbec86393b449
2026-02-10T12:27:25Z,CaoggJumpu_,account.46aa9f15f823425f8b0c7097ea0486c3
2026-02-10T12:27:25Z,Wari_-,account.554122495aaa42028af51e06a56b5501
2026-02-10T12:27:25Z,Dhd111,account.76e796755254474bb67251a78222d57b
2026-02-10T12:27:25Z,ni2bia_,account.712c7af498ad4b23ac7a1fccd1745336
2026-02-10T12:27:25Z,GL_Beloved-Huan,account.d64a3281c5c2459aa78550a92ddf6d1f
2026-02-10T12:27:25Z,Cyan-80,account.3affecb5e64a48d8a4ec5f83d449d17d
2026-02-10T12:27:25Z,FBI-FURY,account.6b05439592994fe1b0a1ad8d46514c0d
2026-02-10T12:27:25Z,X_-xxx,account.3d128dae199b4db0a8b238b61c5bb926
2026-02-10T12:27:25Z,mount1kr,account.d623684e562b491f9d5dcfdee40251b2
2026-02-10T12:27:25Z,gorwoddlahftkf,account.814eedd666ea439c8d77b01e34da7745
2026-02-10T12:27:25Z,S--RAZER,account.f06de7d50ffb464cbca5578eb6f694bd
2026-02-10T12:27:25Z,Q_-qqq,account.630a12296aa64af48f837115c25879fa
2026-02-10T12:27:25Z,Temushou,account.3936ea383633469ab3fc5b453921566c
2026-02-10T12:27:25Z,kim-_-jess,account.e167c60f36334b67b4d4c35911d7885a
2026-02-10T12:04:54Z,Manrbaby,account.182f47ab4023481bb77a57cdbb121f7b
2026-02-10T12:04:54Z,DaJ8_BinBoss-,account.3c65cc00369d4447829ae57188c9fc27
2026-02-10T12:04:54Z,CHERRY__95,account.f11a219efda04573929451f0e44da73c
2026-02-10T12:04:54Z,LuEu_r,account.697fac2aee9742c88223127eb5a70ea4
2026-02-10T12:04:54Z,NE0FiX,account.2f6c131bbeec4760911b1f6d566a25d9
2026-02-10T12:04:54Z,Pwyy_335811,account.8af9a58c37b543cd847e8149bd54cbac
2026-02-10T12:04:54Z,Ryan_Reybolds,account.7d2b9d49ed564b3b8f12386ce44d55c5
2026-02-10T12:04:54Z,DaWang-2200,account.65af24a3554c40e1b3d24eb47d8c855c
2026-02-10T12:04:54Z,Kor_SeoJunHyeok,account.363d79faf958485b84047c4723ca11e8
2026-02-10T12:04:54Z,CHOIWONS2OK,account.bdeeafd996ab49a0865779b0d9f755b8
2026-02-10T12:04:54Z,BeNwayDNW,account.5d9de609066c4dc783a9e7fce6840583
2026-02-10T12:04:54Z,Canbaobao1,account.dbb32c2c8150499b93faece1d452dcf3
2026-02-10T12:04:54Z,GAESIBBGOSU,account.dc8c15d9c3574e90a08ff09cce0c81b5
2026-02-10T12:04:54Z,SeokXvX,account.80c6a83216924e149867d7192e181a33
2026-02-10T12:04:54Z,to-otkk,account.89efa033df4f4348a8a33bcea0eb3cd3
2026-02-10T12:04:54Z,Bie_kan_WO__1,account.662e33b8d0b4433189af2071a120ca8c
2026-02-10T12:04:54Z,wanniansheng,account.318b42c704f14e2db646eb378da674aa
2026-02-10T12:04:54Z,KR_050505,account.a1696edf94e745a1922140e6e1fe8319
2026-02-10T12:04:54Z,Mtai-003,account.16d4b6ff7b2243448f50f605669f39ba
2026-02-10T12:04:54Z,Bokiki_-,account.b07ab077d66447e98735f2b9c5fc1535
2026-02-10T12:04:54Z,MII-XXXXXXXX,account.6e377ede2491414b9823025281134234
2026-02-10T12:04:54Z,R3dSky-_,account.cb68feea98d0409baa3f0a9d76504c29
2026-02-10T12:04:54Z,TK-Axuan,account.82b70d4c2a774893bc7e7af59ee93939
2026-02-10T12:04:54Z,X1aO_T0u-,account.95a8854ea4a6487ba7fbff9d88755f31
2026-02-10T12:04:54Z,BVDBBDVDDD-_-,account.9075610ccc7a4529b019c0ccd82121f5
2026-02-10T12:04:54Z,kxmusxrl,account.65dac2f39b704006b9dc14bc3f70416c
2026-02-10T12:04:54Z,dungday32,account.64829914d4f94f848f22b9f7041be4ed
2026-02-10T12:04:54Z,TC_NanGeGe_Biu,account.9379eb81e1624d2a94ac65898e2e1d19
2026-02-10T12:04:54Z,Justkill_-,account.82d6ad7913e94756b6fd37b1f8e35356
2026-02-10T12:04:54Z,sexy_boy7469,account.ac18e39f44524fd6927181a2f193640e
2026-02-10T12:04:54Z,DaJ8_PBoss-,account.17b3a9b121e14fe5a1a89d0c2eaf4028
2026-02-10T12:04:54Z,S2_yung,account.9fc16315697f4433bdaebd2c6eaf8594
2026-02-10T12:04:54Z,EphemeralEch,account.667e27dc0d544041a486b1a4763248d5
2026-02-10T11:40:24Z,ILBOT_,account.b964e08a9b6f4b848ccd57e22dce6f94
2026-02-10T11:40:24Z,YyyZP-997_,account.1d34ddedaf214635b1fd44f066f2cf4c
2026-02-10T11:40:24Z,Pohang_Kalburim,account.92014cdadfed4319a908ae8ba2a548ba
2026-02-10T11:40:24Z,shouhusmile,account.f7f87e90c281423a8ea7fb185a39c0a3
2026-02-10T11:40:24Z,Mash04,account.cbc91e6292ac4abebde4e5c7b810a5c0
2026-02-10T11:40:24Z,Matthew_Herbert,account.c4424ce744664843a8f3f5ecde30fdcf
2026-02-10T11:40:24Z,CYW_Badguy,account.978d88a08f0e40b0979918f615547635
2026-02-10T11:40:24Z,fhQkddl,account.6b6b8d56bb084f689db74bc7541083d2
2026-02-10T11:40:24Z,Sun____Shine89,account.bb765236030e48679385f463bc2ce039
2026-02-10T11:40:24Z,rz___666,account.e89c0644c8dd46a7a38aa494ffbb497e
2026-02-10T11:40:24Z,LiAng_WeiYi,account.3018cb8979274eaca953fd72eaaecd7d
2026-02-10T11:40:24Z,Sooyeon_-,account.a4da962e71244b85987f542fa9274850
2026-02-10T11:40:24Z,WWWWVWVWWWWWWWWW,account.0397c58ba7b2481091da32ec453226fc
2026-02-10T11:40:24Z,joseb28510,account.8c9ba736163944719294df6fb00a5a7f
2026-02-10T11:40:24Z,BH-junge,account.fb9dc9d00fa240bdb88cc0971bc3d894
2026-02-10T11:40:24Z,hye-0-ing,account.f893eb4073624eefb334c879a7236b53
2026-02-10T11:40:24Z,xuanxuanxxxx,account.b594d4e4fb274c218497ee6176fbae5f
2026-02-10T11:40:24Z,GangnamUnion,account.9e8c8e3134cb4635b65d1aa1de095052
2026-02-10T11:40:24Z,BH_FIREFOX,account.fde288a1efaa431cb404fd737f88adc6
2026-02-10T11:40:24Z,Anonym0us04,account.6d94d5f3500d4558af86e6e18f68b2b4
2026-02-10T11:40:24Z,iIlIIlilIIliiIIl,account.9d2e24035bce43358ff349c4298b5691
2026-02-10T11:40:24Z,ps777888999,account.2d6a5e28c76b457c8b3a490112694c81
2026-02-10T11:40:24Z,Minxbbang,account.0ab1bda73e1b4cd7ad54cd159cd4ba87
2026-02-10T11:40:24Z,17_Fionnguala,account.8f6309a04b04481eac6ea35fd87c9891
2026-02-10T11:40:24Z,dxxdlife,account.05e50a8696434a979864cf6726c704a7
2026-02-10T11:40:24Z,supernova_lee,account.1776ad74ff5d461383568494ae4d2d79
2026-02-10T11:40:24Z,KARINA--_--,account.b745cba043de4ebf864d02ce65887877
2026-02-10T11:40:24Z,3nni,account.4117225b309242c1a30d76d7e49e90cc
2026-02-10T11:40:24Z,R_O_X_Y-__-,account.7a2175846b1442e4af0f2652bc7a2c94
2026-02-10T11:40:24Z,Winter_true,account.b331c94a11a94b508f3b05261698c601
2026-02-10T11:40:24Z,EDC_MRV,account.60d608bbb1a344bf97117ce0ee9b2c8d
2026-02-10T11:40:24Z,SOS--TV,account.5ee464a2f69f42598a4152ddc57c8d22
2026-02-10T11:40:24Z,7_Year_,account.ee66db05b0754d44b1ca10620e01f2e2
2026-02-10T11:40:24Z,iroeo,account.54c1d1273c1146cab3d8b06ad0dfc4dc
2026-02-10T11:40:24Z,xihongshi951,account.a8b1ac8319ae40369818123af6b47670
2026-02-10T11:40:24Z,HJ_JAMMAMBO_DA,account.c12d9fd5dcb84b2b8d013e1315c289ed
2026-02-10T11:40:24Z,youjeong,account.a52adc28c12649b5a0ecf2f4390dbed7
2026-02-10T11:40:24Z,customellow,account.e196296cbc7a480083f66362b713a6ad
2026-02-10T11:40:24Z,DoYouKnowchi,account.66ff12f19ae44efe8c2df8e4f6928cf8
2026-02-10T11:40:24Z,sword-124,account.0baf254737c248f096d1cfd59ef50035
2026-02-10T11:21:36Z,03325,account.a9442334be9d4bb58100058271161c2e
2026-02-10T11:21:36Z,PaldoNergurio_ov,account.7b4ff6826400415594318ccb4530c187
2026-02-10T11:21:36Z,HaoNanIKUN,account.e9d3dbd47fd64bc78f499eddf507a686
2026-02-10T11:21:36Z,rvGVfTRtMtu,account.2e60f23eb02e421db781265a7e3da207
2026-02-10T11:21:36Z,QUSWKFAOD_KR,account.dcc7b1f649c94f0482ac814516f69e00
2026-02-10T11:21:36Z,Cielo_-,account.7818d0a3915a48fb9ce324938f1c3d1f
2026-02-10T11:21:36Z,7iHH-_,account.2da09212c47d4eeaa4f101d8f56fbecc
2026-02-10T11:21:36Z,ji_Mins,account.4ffa0cb871014ba4b2a38d39234fe5ef
2026-02-10T11:21:36Z,A-xiansheng1v1,account.89f873ab178e4a15aed50d2cbdef58fb
2026-02-10T11:21:36Z,SeungHater,account.191927b060a3429eaf5ca5d344fbec66
2026-02-10T11:21:36Z,cutehihwan,account.2d9273e0939b4c5389d3fc59d8e92b99
2026-02-10T11:21:36Z,FRWDP10,account.7175d2cbe7bd4d3d91fcbb0e5aa7991e
2026-02-10T11:21:36Z,XiongMaoTV_LM,account.5f9f68d042ca49a48a85bc169e3523fb
2026-02-10T11:21:36Z,Loop_1009,account.bcaa90ac8c494b7faef45686315335c0
2026-02-10T11:21:36Z,bbYANG-,account.08334d984fa14e7aa1015c641466700d
2026-02-10T11:21:36Z,IIDDIIDD,account.17eba0ce2cb2499a98266d63e31f72e4
2026-02-10T11:21:36Z,ZhaNiJJ,account.033e466b2f494002bdb8dfe8b949ce3b
2026-02-10T11:21:36Z,4AM_or2,account.780463cfc9de41329e4237fed8c08ead
2026-02-10T11:21:36Z,Ww00_00wW,account.3473c0df0914412d90faa671bebc7abd
2026-02-10T11:21:36Z,BEAET,account.a3baf4140f5145419a7fe57b637782fb
2026-02-10T11:21:36Z,BIYOONGSIN__CUT,account.5233b1092a8b40a1aad76f21110991a7
2026-02-10T11:21:36Z,IKJOverse,account.ed0866061e9b492db7eb6a974451b6e3
2026-02-10T11:21:36Z,IrmaRVeblen,account.ebc7f7b51b49479e93ea6fdeeedd7ad7
2026-02-10T11:21:36Z,2008_09_16,account.0adcdfa473b34bbebb3218d2eb396d62
2026-02-10T11:21:36Z,Xl3v,account.e29bd0500ae3494bbdd7ac88aa65e2b5
2026-02-10T11:21:36Z,chan-_-kr,account.18f419ded6994e77b902d0e8ad304848
2026-02-10T11:21:36Z,GiGaGeniE_to_ot,account.04b8e43ba0b148f3a78d60c7e91499fa
2026-02-10T11:21:36Z,XiaoxxxLu,account.4ab8cfda3987413582d35a569ae9c7bb
2026-02-10T11:21:36Z,JOOOOKBALKING_,account.18ef36537e1d40e9866090b4c6502f8a
2026-02-10T11:21:36Z,DemoSnova,account.8e3169c3589d4728a9690fc598ae9781
2026-02-10T11:21:36Z,Ari_o_Ov,account.a8c6b0c3d35c4c8b94ce045d5ac3f69e
2026-02-10T11:21:36Z,Mollyxuan,account.bc6df72ef2a1494cb0902514bfd85981
2026-02-10T11:21:36Z,YiGeDaMangGuo_,account.feaaacd33a80498fa41f1611db2a86cd
2026-02-10T10:58:39Z,PeRo_LynxiaoFung,account.68eaed0b40be4ab99807812f20f918fc
2026-02-10T10:58:39Z,YENAN-WQL,account.57363026e4d44c9bafe7ecf583baab85
2026-02-10T10:58:39Z,organipard327,account.bbdc5a08b80146b98d5769a4b1b86674
2026-02-10T10:58:39Z,candy-915,account.00a77ed019da422db949adaaa66da33d
2026-02-10T10:58:39Z,podomalraengE,account.1cb1c5a06a124c37b4e2da9aca27122a
2026-02-10T10:58:39Z,V50_GeiNiKKDJ8,account.dc2b61e63fb54332a0d32c306c4819b0
2026-02-10T10:58:39Z,Y1nG_-3,account.06a9bb6e01bf41e8a321a13831605a44
2026-02-10T10:58:39Z,bot-0013,account.19fcee5aecfd4c3cbcc280031945dfb4
2026-02-10T10:58:39Z,SanXiao-,account.f9ef89e1c6244800829ba212a7ec44c0
2026-02-10T10:58:39Z,Lani_kor,account.7c1895f89396459d9c4b7f2e25357dd2
2026-02-10T10:58:39Z,marsGJweirdo,account.ed015414bedb4f3d80bfa3b80a315600
2026-02-10T10:58:39Z,Hambard,account.5c20611555254b8fba70834893e73a84
2026-02-10T10:58:39Z,aiyeyi,account.61ac6894a8a64f72ac124d202ec35ddf
2026-02-10T10:58:39Z,VAXEE-XE_V2,account.5b6b45dc874a4e4fa408c40fff19dfae
2026-02-10T10:58:39Z,Nokia_N98_ToT_CN,account.e2c467c5f08c4d20bbde69a1c65aa22a
2026-02-10T10:58:39Z,Nokia_N90_ToT_Hg,account.fb49356180d24708b574b80f6f6feafc
2026-02-10T10:58:39Z,nonstupid,account.89e52635483e41ab8e578c89a3613754
2026-02-10T10:58:39Z,seoNgx_x,account.3c22d0459b854c4b9abd61f011c32b8b
2026-02-10T10:58:39Z,HVN_Holverine,account.429da22fcb6e46b09a07de03baac7812
2026-02-10T10:58:39Z,Lucus_gj,account.3496b0e714f348f89b6ff6ef1409a202
2026-02-10T10:58:39Z,4AM_JinRongXiao,account.178efc0e830340ce8f52117a5e16c9db
2026-02-10T10:58:39Z,Soninrak_,account.1d221ee777a244aba246c19a653d6f15
2026-02-10T10:58:39Z,NoKia_N92_ToT_xX,account.b64032ef75694e849ce2ad519c03a235
2026-02-10T10:58:39Z,Robot_DaMa1KAi,account.e00ea1ffeb994286a0cf7a5915ce44fb
2026-02-10T10:58:39Z,byeori0v0,account.fda0676ce35648fba8edd3753b27f4e5
2026-02-10T10:58:39Z,KR_NARASHI,account.8b3c31723508417e90e6b826f3c93455
2026-02-10T10:58:39Z,SQ_J1eE,account.ff4896b976424a2d9f9ff84cb1f97f8e
2026-02-10T10:29:50Z,yidunmengcao,account.f3b828b8cd1d499aba8181adfb06bb79
2026-02-10T10:29:50Z,nhxhxjun,account.8510c2dc01284f1c9858a236b1942871
2026-02-10T10:29:50Z,SeungJunovo,account.ca87e08e1ba04c0d91a9c9c3ee8a2bcd
2026-02-10T10:29:50Z,Moonlight-977,account.b569a4b475c74ccdba09328f154bdefb
2026-02-10T10:29:50Z,Xu--Shao--Ye,account.b17d470bfd9f439ab5147be7397d5a24
2026-02-10T10:29:50Z,lovetilda-_-,account.62874fe5362a4877bfb6bd3f08ff0afe
2026-02-10T10:29:50Z,God-LeeNB,account.e6ee773eaa0e4ba48a7aabe9ef4ef60a
2026-02-10T10:29:50Z,tilthemornin,account.16073815f0b046788da5ab9db884c1f1
2026-02-10T10:29:50Z,Ya__chiBer,account.381b2a095d0240fd8d4269ea837fc687
2026-02-10T10:29:50Z,bzy2025,account.92d0ce117b7b4ba8b0c298186caf68e5
2026-02-10T10:29:50Z,poohseul-_-,account.b2736ee1edaa4214b4f0370be0ff24b1
2026-02-10T10:29:50Z,Syouth_JJ,account.1e7f97e1b7a942a79358a48b5652b060
2026-02-10T10:29:50Z,mangcarong,account.6607e081690a4b438b510a4866c551fe
2026-02-10T10:29:50Z,Esport_GBK,account.749a99d10b9c4370b5cac618535c1fbe
2026-02-10T10:29:50Z,Bug_God666,account.b9dad3fbabd348c692f4058aea533290
2026-02-10T10:29:50Z,uxtkcg,account.1ffa9e94e9ac485489559a038de566ee
2026-02-10T10:29:50Z,DEMPSIROL,account.ae3cae500c284d7284e0a7a22c77ee1f
2026-02-10T10:29:50Z,W_MyWorld3,account.cd942243d4da4236a9133c160fcd54b4
2026-02-10T10:29:50Z,TeamKSA_XuN,account.d934d6f9fd364ebe866f96a074bc76d1
2026-02-10T10:29:50Z,me1shui1_-,account.a8a6017e4e1b47bbb61ee986405dad16
2026-02-10T10:29:50Z,85858587,account.63a9d3b57c3a4d1a9d0dccd87ee8f26e
2026-02-10T10:29:50Z,FAN_NONG,account.63c6010938f64452a4a15bd294716ad9
2026-02-10T10:29:50Z,Ezshlvly,account.c5d570479e964dba95853dd7da908cbf
2026-02-10T10:29:50Z,85zz_,account.2acbf103a4e3476888e12bad180e18b5
2026-02-10T10:29:50Z,Nadiwanana,account.16b0b94fc42446bdb8980638ed6a4762
2026-02-10T10:29:50Z,Nx-liu-gG,account.7a57d87f07084de8b477c12be87b4138
2026-02-10T10:29:50Z,cxmo_,account.0f0a0e03527c467e9b5cdadce6d6ffd7
2026-02-10T10:29:50Z,GentLeman_8in,account.e606372566f64b98ab37b01222d18dc5
2026-02-10T10:29:50Z,Panzerfaust-ZPJ,account.f7466f95e99743c09b3d066b7f25a676
2026-02-10T10:03:33Z,AG316,account.66a02b0985454ae99711f4e107243538
2026-02-10T10:03:33Z,Iknard,account.87c699d5f69c492c905e66c9433614eb
2026-02-10T10:03:33Z,QinAiDeZhuu,account.bb44129f01dc4c3881f75bcde01d0214
2026-02-10T10:03:33Z,layomi__,account.b5bb00338a1044ce9895caf15c44aa9f
2026-02-10T10:03:33Z,RONALDO_Mu,account.c4411df9906f495e8735f17a0ee61fba
2026-02-10T10:03:33Z,China_AN_JC_pd,account.688078b836004a609a190aed63a8c8ef
2026-02-10T10:03:33Z,DaLaoYu-Lao9,account.54d3980701d64bf1a21dfd9e0e1f87e7
2026-02-10T10:03:33Z,NBhyy1,account.261e081611c14a20825d8d6d925c87c7
2026-02-10T10:03:33Z,guainvhai,account.828eb1f7693942d2ae1ea0697255c4c8
2026-02-10T10:03:33Z,aala_,account.b377328c983946ec8e1e6b3cc25fe243
2026-02-10T10:03:33Z,yaxin3344,account.940e15f8b95a4908a0b258c9b907fe48
2026-02-10T10:03:33Z,WoHeNNAnHonG,account.bfbb49370eab479c9a8de380b05a0d2d
2026-02-10T10:03:33Z,beom0303,account.4c02284a309e46d28dad2cae6c26f39f
2026-02-10T10:03:33Z,CarryV5,account.ddc2d4e47ae747a1892e77174836a415
2026-02-10T10:03:33Z,be1p,account.f90fe0cc04a94fe1aa158309b5612426
2026-02-10T10:03:33Z,JunHo1206,account.caff1a5f7c274ce387a978901b2d4e79
2026-02-10T10:03:33Z,a-feng66,account.5586b455f5ac43d2ba5201f1f840ad6c
2026-02-10T10:03:33Z,Hei_Hu_i_Fu,account.2125ce12d5e341fbb897f01d76c33930
2026-02-10T10:03:33Z,JxZzzBa_-,account.62869a5cd5b849b8838adaac60d147a2
2026-02-10T10:03:33Z,ShewAn-,account.cab417ebd9ac4e3099d360802c10ff4b
2026-02-10T10:03:33Z,ka1x1nTop1,account.2067f863a2594b4f97b5c9e3b4f04a33
2026-02-10T10:03:33Z,Noob_1229,account.9d90582ce2ec4b7c8ca4671891d7a8ef
2026-02-10T10:03:33Z,xiao7mao,account.d295d7282a2a48c8a2aaeb5c6bd7c04b
2026-02-10T10:03:33Z,XingKaiYuan-xx,account.421fa2971ed34fc195831df9e1e00c5f
2026-02-10T10:03:33Z,QinAiDeTuTu,account.fcaa983a7ebb4efea439202db6175bd1
2026-02-10T10:03:33Z,hyunwx_,account.d56f42e8e7604155932d63e15cd72da7
2026-02-10T10:03:33Z,ZE_OneTap,account.7383ecd2009c492d9385d7326f6f9adb
2026-02-10T10:03:33Z,ulostme,account.ce728e89968d4fbd8fea40d23603d99a
2026-02-10T10:03:33Z,NeiNeiiy,account.9f48c459c0b14a2c9c4a83b433580c86
2026-02-10T06:58:54Z,fffr6hh6,account.7bfd3ce1c87645a19c54f7ddc7e1dd14
2026-02-10T06:58:54Z,warrior-MH,account.2c4363ca931a45c385c9c2a3d6a376d4
2026-02-10T06:58:54Z,Cr7i_-,account.17a0453df90e401cbd498f120dbad58b
2026-02-10T06:58:54Z,VLK_JueLianGe,account.280c45ebf6fa41d1b4476421942ec669
2026-02-10T06:58:54Z,X1aoMi-ovo,account.9592a4a407964845b48996bc5aab862e
2026-02-10T06:58:54Z,WonsGi_,account.e33a62c11c83453c9a047ba819a8139c
2026-02-10T06:58:54Z,Pepsi--colin,account.4b6e0aa4a3ad45eab8116e00ada13fc0
2026-02-10T06:58:54Z,DaMei1_-,account.998c4ba9071242bdb8ee547272f1184d
2026-02-10T06:58:54Z,DODU_-,account.a361f1008c3a4e59806ba50dcc23446d
2026-02-10T06:58:54Z,Richard-Qiu,account.962f072badfb40ca896d432a41fe7b44
2026-02-10T06:58:54Z,838x,account.9f328373d301446b84eb92088814cbe6
2026-02-10T06:58:54Z,0925xx-_,account.fdf66c2901d9400aabdd09bef265d9f1
2026-02-10T06:58:54Z,RedDevil_XiaoFG,account.d04ef12a03f4426a94caf87904a19150
2026-02-10T06:58:54Z,jonhasome1,account.894a9f68848145c68f9e4fc4b977af85
2026-02-10T06:58:54Z,Mer0na1,account.a154d065696c48f7986f97c50127e8ff
2026-02-10T06:58:54Z,TeamLT_777,account.f22b448cc2d64f14a543bf4b9a9984ff
2026-02-10T06:58:54Z,Brother-SFeng,account.554111a2964e4a33bd27ffa2360cb441
2026-02-10T06:58:54Z,CZS--AICC--1990,account.4cb0384f7cf84101a1da53f6d2c242a9
2026-02-10T06:58:54Z,ELLE__Jisoo,account.dfa37eab9807419ba4c383019c91007b
2026-02-10T06:58:54Z,WPCn1eun2,account.e1c453fcead441eabe7e74a62fbaee51
2026-02-10T06:58:54Z,chiputaobutuptp,account.209fd5471b1540568b0583724c957ca3
2026-02-10T06:58:54Z,Richard-Miao,account.bb70b4bfead34b75a5d8dc6d509e7fa1
2026-02-10T06:58:54Z,Marry03ovo,account.3d25b7b4f32b4f7fad315348426effe8
2026-02-10T06:58:54Z,ImWanShao,account.3c32d9ace6654ec5ae9162e97749832f
2026-02-10T06:58:54Z,DouYin_-LiZiYe,account.1fe62802ec2e4beb91ac7158eb836b53
2026-02-10T06:58:54Z,CC_luobozzZ,account.e1037fc276ba42ccaed717beef64e799
2026-02-10T06:58:54Z,CC_daluobo,account.a01eb4ac1182422da96a84e6bdb1166e
2026-02-10T06:58:54Z,Mute_BeAR,account.246d20ce346647708b8070fe0a10f5c9
2026-02-10T06:58:54Z,shot_trust,account.f93ea554ff834a2eabb95fd2f36a3a4e
2026-02-10T06:58:54Z,BaWangLongDDDD_-,account.bbddbd2714e247b094b84dc021fc521f
2026-02-10T06:58:54Z,siyulau1,account.668736ec252e4b08a2935e1d39bbeaca
2026-02-10T05:50:10Z,K1_Call,account.2845056bc8ae4c8081d0f291c97dbe51
2026-02-10T05:50:10Z,17_Llcy,account.2675b2a6eaf04e25abba09a55c50e33b
2026-02-10T05:50:10Z,Prioitylist,account.24910bd043094afbb014b7f8855ec9ad
2026-02-10T05:50:10Z,Einsv,account.adf2a92310d7418f9bce55bdc5a1c77d
2026-02-10T05:50:10Z,GzZunYi_xYong,account.f967b0d6e34f4ff89b242fa0eeca89c7
2026-02-10T05:50:10Z,A-firepower,account.c41648142397422e90f3f963e332f02c
2026-02-10T05:50:10Z,iDYABI,account.44ca437a8f3d4eaeb588fd2e8b183a33
2026-02-10T05:50:10Z,sdjuiaijufui,account.36c7d9ac73594d1e88230ed86024b1e9
2026-02-10T05:50:10Z,AFTV_L0KI,account.ed57a02d3ea74643bf541ed1103936b1
2026-02-10T05:50:10Z,ShelleyCake1,account.1a6145193ee24ce4a57d1798286631d8
2026-02-10T05:50:10Z,Beryl_ShanG,account.26b7e23d9815432d9b61308049ec6e55
2026-02-10T05:50:10Z,Super_TuZiGe,account.b29020d8f0374da0946bc25b0a284d00
2026-02-10T05:50:10Z,ichen_822,account.267dd521419f47ffa949782f3f47a2f2
2026-02-10T05:50:10Z,long_ge_ge_ya,account.4156cf1500af45219d2bdb2f3c241c4b
2026-02-10T05:50:10Z,hellosooya0210,account.d9254cb16b3c45549d4c8fdc49eb1b6d
2026-02-10T05:50:10Z,A211211-769,account.bd8030bc9fdd4efbb66bf1d66f8c44d1
2026-02-10T05:50:10Z,Mikasa-3-,account.6fa6b9bf1fcb49c882f613cb1d2082e5
2026-02-10T05:50:10Z,TlqkfTMfprlrpdla,account.9bc61b0032584778bc35547581745a77
2026-02-10T05:50:10Z,JungHi,account.cfb5f6efd9274855a18498ff2b07c5b4
2026-02-10T05:50:10Z,Listenstrive,account.ffb17690e4064320bb5cdd67bbee080c
2026-02-10T05:50:10Z,DENG_0206,account.e5953579fafc4bbea1629796ef5234b9
2026-02-10T05:50:10Z,mgkhdfugsdiu,account.c29c78380a824097b855247c1e785d85
2026-02-10T05:50:10Z,lblbsnd,account.650a254d18844d75bffc95c9e3c76232
2026-02-10T05:50:10Z,Shooting-7,account.de89c75bbea04b6c8076e498f399b58b
2026-02-10T05:50:10Z,ZJJ-LaoFan,account.a5f4fcffd2104eebb0a2544bae6a2e6b
2026-02-10T05:50:10Z,CoCo_VeRry_-,account.b00370f24d27432888b016d8de7590a0
2026-02-10T05:50:10Z,2-_Naggo,account.4615ab9f965f4112ac3ce15b8679edd8
2026-02-10T05:50:10Z,Listentiming,account.718a559befc24941891e1eea9d970a43
2026-02-10T05:50:10Z,LMY_MingY,account.135f11d544e14fe8987a0f1ead1e8b8f
2026-02-10T05:50:10Z,Hexinjiayuan-Lh,account.9cf4b9645810474b8c9367c7b4f00457
2026-02-10T05:29:06Z,IKUN_DXX,account.7c5c0a1b724045ef8f76f39876165948
2026-02-10T05:29:06Z,4TK-Thomas_zzzZ,account.54a0e71642f54c36bc7081eed1248b97
2026-02-10T05:29:06Z,Amosade,account.a0a0489d37e84d23a45e544ed922e31a
2026-02-10T05:29:06Z,JINAR-_-,account.a37818152e764d689183671d65f29af0
2026-02-10T05:29:06Z,YaNg7z1_-,account.dc83a3efcb60465a873a4d96b2f0a2a9
2026-02-10T05:29:06Z,AMUSE_DARU,account.11c72ce61d484bd286a5aaa73ef0187d
2026-02-10T05:29:06Z,QiGe7_-,account.8fb68006a6834c3ebd21e834a956fd3a
2026-02-10T05:29:06Z,MATT-ZZZANG,account.a98feabe1e4c443ba9ea1008097fbb68
2026-02-10T05:29:06Z,Markkshine,account.898d5476417e4f5e94d68c5fca66750d
2026-02-10T05:29:06Z,BSABI,account.a29383ca8c5e4a3e9a15cf0f38cec786
2026-02-10T05:29:06Z,GGoBuGi07,account.a06ef70abb754c9d813373b07d0d2f26
2026-02-10T05:29:06Z,SecRet_Y0ng,account.33ca7fa846dd45499c7d8bb84b7498ac
2026-02-10T05:29:06Z,twitch_KaBeC,account.4a5e7df78d594dc697ac64dcb12c808b
2026-02-10T05:29:06Z,XEUN02,account.f95b2584475b423192463bbffb502074
2026-02-10T05:29:06Z,Ncgaoguo,account.1c979b16056e4b7a87fd4893ae9279a8
2026-02-10T05:29:06Z,ZJR_48461_,account.400e5d2590514db38fbe690738cbca91
2026-02-10T05:29:06Z,ShanQuQ-___-,account.f71ae40b681e4513a73954741600c80c
2026-02-10T05:29:06Z,what8HongGilDong,account.4527138f5e0846cbaefe3e43769cef17
2026-02-10T05:29:06Z,Loki-_X,account.2d489e027f18406c9b7fbdcf5aee5752
2026-02-10T05:29:06Z,InattentiveADHD,account.8d324855fabe4ed28f9621aed901bda0
2026-02-10T05:29:06Z,Aimi_5150-,account.9e71106c016d4d77b3f2833fe2048a6d
2026-02-09T21:10:26Z,Yahiko-_,account.981e751ff61f4530892294da023bdb1c
2026-02-09T21:10:26Z,Ronin_AL,account.53ce90b2edef4d2a94f94ccfa489790d
2026-02-09T21:10:26Z,Lonely-chicken,account.4706b27d7e9843b3a9661cb23e2be658
2026-02-09T21:10:26Z,StarSky135,account.882e97f6d9784aa6a78aec071e11c399
2026-02-09T21:10:26Z,juncheng68888,account.7b31afcb46e84b77932cfff70a0c4c3b
2026-02-09T21:10:26Z,Xkoztvlb692,account.f5d001a6d0f942cab914da59b63f3eab
2026-02-09T21:10:26Z,Im120dPi,account.7ffb6e877d4f4eeb8124cd33d2f82793
2026-02-09T21:10:26Z,Spring-wenwen,account.f55cc9bb23f54daf867baba9c1c2fd10
2026-02-09T21:10:26Z,BXDD_567QAQ,account.07b819f103ea498d92b5671704ebf4a9
2026-02-09T21:10:26Z,longbaobaouo,account.8d8844a844ff43efa00bc5ea953243e0
2026-02-09T21:10:26Z,luhaiboyyds,account.ab21ce1114cd4a7aba0460f6f111fb2d
2026-02-09T21:10:26Z,baobaodududalei1,account.71e6bd01bb3740dd98402e3fd877b8e5
2026-02-09T21:10:26Z,MM-_-FS,account.d268ba62e24445d0b1dee715f5d5eff4
2026-02-09T21:10:26Z,H-bigbear,account.1f685af930cf4a7da717379f9edd0920
2026-02-09T21:10:26Z,NoobMaster67,account.c8c3ad38ac7e4935884df83ffdb2267c
2026-02-09T21:10:26Z,BXDD_369QAQ,account.9232f8f338c844338c36d0cd0bc8c807
2026-02-09T21:10:26Z,mzlv6h3at,account.3bda952a3bd948158f7166edd5303978
2026-02-09T21:10:26Z,XT-paobing,account.81cb1a37085047049c1ec7605ba21a24
2026-02-09T21:10:26Z,vip_1314159,account.ab02b81f25e44077a212d559cfe4b0b5
2026-02-09T21:10:26Z,Iipdl4lm30,account.66774377d64e40e6a8091d7ac0a8bdd5
2026-02-09T21:10:26Z,Xx11-h,account.a21f1d1d2c214ff7bb1aab402f233b83
2026-02-09T21:10:26Z,JJS-lengfeng,account.7fcccffc7eb843c0a84404faa4e1aaf6
2026-02-09T21:10:26Z,Ans0077,account.6c33e3e5182f487ca04b8fbddcd63342
2026-02-09T21:10:26Z,6K0aU1hhUaPDx,account.e81c2e8efded465abb0eb6af3c41115f
2026-02-09T21:10:26Z,MIMI-LaoMao,account.9ff8d914158942bb9592f13f385ae99b
2026-02-09T21:10:26Z,hanstaa-3-,account.0752d0e645f149029d011369f4f81a2a
2026-02-09T21:10:26Z,nFrZiENxL,account.b777a684a250410faceb3323d0bda10d
2026-02-09T21:10:26Z,YYOYYI-,account.9ec4433d935748db8e1b055641ecae08
2026-02-09T21:10:26Z,YY9080,account.aea6f9b5afbd4d39a4ac6188b020dbae
2026-02-09T21:10:26Z,Zzwf8844,account.ad7740b007dd4c6dbc2edf27dce0ded8
2026-02-09T21:10:26Z,Rc-1123,account.4a01a2e9225140b3a38231d3ce9e5f61
2026-02-09T21:10:26Z,nh853Y86,account.d4f4c3db6be34274a0ca91e8c4f87718
2026-02-09T21:10:26Z,zb5212,account.63cf9552bea94ebcb66bd5eda5e93607
2026-02-09T21:10:26Z,CrazySinged,account.ffb05858016241918771caeed4aa1742
2026-02-09T21:10:26Z,VulpiX_3zzz,account.f40760f07ad4420e8ac6a6e5aa84e166
2026-02-09T21:10:26Z,Le_gggggg,account.475c38ab6e9648d1a5519cdbac33d26d
2026-02-09T21:10:26Z,S9AKn2EyJSyqi,account.cf9e41717c79434ebe71ca9654b3eb8a
2026-02-09T21:10:26Z,Lgnjwhyl315,account.5a3b676dba3b42c18ee6fd47fefb122a
2026-02-09T21:10:26Z,8wFA2Kt,account.8e24bbb3c8e745668908a24a023f43f3
2026-02-09T21:10:26Z,zwbsa,account.e5070bc809744ebcb5b7deae4b094e1b
2026-02-09T21:10:26Z,09z2,account.18020368c8674824ba42b9b6421cdc23
2026-02-09T21:10:26Z,XING_DING,account.3888b0c13c7b4b02b69c62eafa0b9edc
2026-02-09T21:10:26Z,yongshaoak,account.601b676184f94157907caba106ff0528
2026-02-09T21:10:26Z,God_b-o-y,account.f9cea836078443beaec9e8ffdc968bf7
2026-02-09T21:10:26Z,Mercedes_DLS,account.5582edb3ffb547ff8c68f61e09c94b29
2026-02-09T21:10:26Z,Gaoshanxue,account.4299a33c4cc84481a4697fbd3849bb1c
2026-02-09T21:10:26Z,4AM-yaorouchuan,account.9e859f58919f47d6ab8dc46dd39b69de
2026-02-09T21:10:26Z,YuanYuan_-_-,account.ec4e7c700e9747299e64ba8d691d75c7
2026-02-09T21:10:26Z,LYB-731--,account.2d6764404c034501b5ca444d0a229199
2026-02-09T21:10:26Z,wjh7878,account.c686a649c31a438f9215e54e94168464
2026-02-09T21:10:26Z,WangSir6_-,account.332a0fa1c08f4047b6c8f59b15a493ca
2026-02-09T21:10:26Z,deng-qing-wei,account.5cd11e6082934f1cba839ff10e899dec
2026-02-09T21:10:26Z,huanglaodie666,account.0f91316d11c44983817bfb2315647e28
2026-02-09T21:10:26Z,15dianle,account.ac97ac0eaca24302b6333adda59530d6
2026-02-09T21:10:26Z,jibo772,account.af70ab9dd2764ee7828f0c4c359a1be5
2026-02-09T21:10:26Z,Up2You_MasteWong,account.ce3103243b0c489d9bda80b2a3a5032f
2026-02-09T21:10:26Z,mMOwIntLOC,account.a6316561e73941fda62137f332cd6662
2026-02-09T21:10:26Z,qingyu_521,account.fc5d53e988f14130ad8a7a4ad30742db
2026-02-09T21:10:26Z,cvvvdada,account.bd5b50c4cfed400db0704d3eeecf3bce
2026-02-09T21:10:26Z,mayun776,account.aa24c78241234949a7ea93d733663957
2026-02-09T21:10:26Z,Arjen_ZJ_D,account.c29d64b1cd6b4471a78f57ef4d8d39f3
2026-02-09T21:10:26Z,K888_88,account.d6a6e47409924830b4a0c73247e8ce5e
2026-02-09T21:10:26Z,Yoomvely-,account.0c459a5cf0a4482b84c1777124729625
2026-02-09T21:10:26Z,Fzhmdy265,account.187b3c2ebdb84081847317ac4084da14
2026-02-09T21:10:26Z,QQ634,account.13f6f7318a2a45a9b956a84a86faa9c5
2026-02-09T21:10:26Z,19kv,account.0b7f1752bd924ad2b5a94df0b5a79603
2026-02-09T21:10:26Z,UNItAIdeN,account.6cac3ed0750a43be8eac79909e47539d
2026-02-09T21:10:26Z,Ccyk1199,account.31d04313b5e04310a650728b65bb0787
2026-02-09T21:10:26Z,Lazy_-M,account.4a40ddf1083d49a8805271cf5dc2b823
2026-02-09T21:10:26Z,Geotgc_19974,account.b31ce6c30a0a4a37b0cba011a463c8ee
2026-02-09T21:10:26Z,Kirs-zz,account.61ee7ad35f314ed1819dc48db3e4363f
2026-02-09T21:10:26Z,Keaizhanan,account.5b308ebb38e04b0aa51e9bcbe915fc2d
2026-02-09T21:10:26Z,gang506hlAHQ,account.3910e69316224b2a81e7172a6b3af98d
2026-02-09T21:10:26Z,La_V_en_rose,account.d15e4e712c534ad5bcd72fcf8d5f5822
2026-02-09T21:10:26Z,XTEgegr______,account.872546977c224d5aa2ebcc82f5b74e4b
2026-02-09T21:10:26Z,daxiongcoke,account.a2a60c67df0a49648cf8b7330c4e5d77
2026-02-09T21:10:26Z,xxxx66880,account.a3d6f705f655450b89b9fff58c16c935
2026-02-09T21:10:26Z,JX_gsx,account.637b2715753240498b4659d684dbc611
2026-02-09T21:10:26Z,Kor-Fist_,account.92590bb300a04515ab6f7863df3cbe6b
2026-02-09T21:10:26Z,Mike_Jor_QAQ,account.51a09059d4484d2db5168014f8186049
2026-02-09T21:10:26Z,YuJ1nM1n,account.d7f6a72a2b604acf83e4f73225573844
2026-02-09T21:10:26Z,DontWorryQAQ,account.2a38a6dcb8c04909a6592c25095c6e78
2026-02-09T21:10:26Z,doyuq88,account.19d286bc03c04f55a11170f3c2f8d084
2026-02-09T21:00:41Z,00000OO0O0O0O0O0,account.74008a28fd2c49fc8fe387280cd048f1
2026-02-09T21:00:41Z,MeiDe_PiBao,account.2abdf9db4dd44d09ad70bd1b5b0d6096
2026-02-09T21:00:41Z,LCL200411,account.cb0f197f6406465bbee5e7154e790c9d
2026-02-09T21:00:41Z,ShiJieHeping_Han,account.35390640223e4720a86714f3cfcd8a30
2026-02-09T21:00:41Z,A--LIAR,account.dc5bba4b115d4e31aad1bb511769ac30
2026-02-09T21:00:41Z,With_small_dick,account.e741b625be8749ba9fc4451c92ed1313
2026-02-09T21:00:41Z,Nlyi7,account.f03b16bd39de427a9359bdd37cdccfed
2026-02-09T21:00:41Z,ChenFeng-M416,account.4d8a9e6f92794e21861090dfdc759fa2
2026-02-09T21:00:41Z,TSL-MXD,account.704ee845e79d4d6797905173cb842403
2026-02-09T21:00:41Z,Szn_19cm,account.2aee8821c19a4dc5a6953be48142a967
2026-02-09T21:00:41Z,Luckygirl-Xiaoyu,account.18cf9101632549b0bc39923b1a423393
2026-02-09T21:00:41Z,Dovis-girl,account.11c1bf1d1a514b2ea99929a906aa975b
2026-02-09T21:00:41Z,HzzzyyyyyGod,account.5564c2ed57ca4176a6502410d5b7e0bc
2026-02-09T21:00:41Z,M1ZheXu_,account.2ae9f3183aa14394862740570dfb5ead
2026-02-09T21:00:41Z,XPFLDK,account.7700e82c80d14708965b4994e9d48b45
2026-02-09T21:00:41Z,bilibiliWoZd,account.4ee44f2ee07a4d05ba2a15927e21b79a
2026-02-09T21:00:41Z,RPG-1949,account.fb62d87eef414adbb0d2e0e2968e1994
2026-02-09T21:00:41Z,4amjujideying,account.e56e7714ff86499987cf3aa064c87f5c
2026-02-09T21:00:41Z,lmy---12345,account.30bf464afc22459d95fdb9d7cf25f0cc
2026-02-09T21:00:41Z,7y4hkp8,account.7a911300af354c4fa21e406da71d14da
2026-02-09T21:00:41Z,ROXY-MlGURDlA,account.a3adc57fe49f4b6ea8dd3d497b70f4c4
2026-02-09T21:00:41Z,JiuLi_1012,account.8a330f258a5a4056acde11fb1ae062f5
2026-02-09T21:00:41Z,LHPeng7,account.1a70e162848a4488a7162b63f0b59184
2026-02-09T21:00:41Z,Miao7-,account.2cb341c8c65941868a05b102b03aba4a
2026-02-09T21:00:41Z,GHLquq,account.cc3f4cb27f1546329c3cf7794db217a7
2026-02-09T21:00:41Z,HSNXGB,account.7fd75656607743b6b86ed05290f9b629
2026-02-09T21:00:41Z,Jay_qilixiangH,account.debce95aa02649fa8efdeebcad771bf7
2026-02-09T21:00:41Z,ReaL-7Qing,account.4a2d790559f048fb8dae468343343d0a
2026-02-09T21:00:41Z,niuB5-,account.2754a68330ae427989d4d75db15c2e29
2026-02-09T21:00:41Z,Zxxh4,account.3ee077bb4b0a4a55a8c691c0036f8d5e
2026-02-09T21:00:41Z,ACE_TwTang,account.fe03deee29a64af68acd5744028f0776
2026-02-09T21:00:41Z,9ibb_A,account.ff27f9b0d7784e92b8b98c8ecc2326d0
2026-02-09T21:00:41Z,4amstayQVQ,account.c603c482070e4c12a6cba5aff84c7de6
2026-02-09T21:00:41Z,7Nai_-,account.65a3f005f1084333a2dff2d1bf78ff72
2026-02-09T21:00:41Z,Afzcusu708,account.b8b5eac8d1634da1867e50437a4e7635
2026-02-09T21:00:41Z,Awatermelon-xuan,account.bad5bf8f8757448984abf21ab0a38b45
2026-02-09T21:00:41Z,f47li9,account.93953946fc14438ea6f52ecd675bebb0
2026-02-09T21:00:41Z,jammanbo1,account.1b8b018650484cf6b03fcbcd819e024d
2026-02-09T21:00:41Z,Taoxw520,account.2a9fe84609e3463fa80ab30697de2741
2026-02-09T21:00:41Z,YoLo_NoLzA,account.b5d0fa5406ba4507916ddf44787e18ef
2026-02-09T21:00:41Z,Kun2-,account.0a15dcef694f4fca9aa7dfabbade3bd8
2026-02-09T21:00:41Z,DouYuTv_5434833,account.cff2648bae1e43a29c33a7c59c99967e
2026-02-09T21:00:41Z,ikuzo_-,account.bf5fe51be1dc4d7792acab4d1f18f92a
2026-02-09T21:00:41Z,18xx-_-,account.ac67c5946b0c438293570484d875a830
2026-02-09T21:00:41Z,LzQDokiDoki,account.28fefc7943a441439ccad2d12805fc89
2026-02-09T21:00:41Z,rudgns1206,account.6b10be9c8b7f497a922a1a548d071be3
2026-02-09T21:00:41Z,Yoon-_-Aga1n,account.d462e8bde7d84fe589f9ff68df44446c
2026-02-09T21:00:41Z,Jay_geqianH,account.cc4502e6ea144933b68d3264877a7918
2026-02-09T21:00:41Z,JY0304_,account.d20f934b9efb4744bc4867e0f981dd18
2026-02-09T21:00:41Z,Giu6x6oo,account.c5db98853c78486099bfef787835d961
2026-02-09T21:00:41Z,Huya581579,account.f15c9b4cc56d4144aad135be475eda0e
2026-02-09T21:00:41Z,RoastPotato11,account.e782652279a347fc92802429dd6c3bea
2026-02-09T21:00:41Z,Ymzz-_,account.234ac31c8fb544e98b9ed125ef9e033f
2026-02-09T21:00:41Z,sc981_OH,account.87e855b82aa74e5daf059c07da64eb53
2026-02-09T21:00:41Z,iioiissxd,account.61bf0fe5ee9d4fe0a28ca55f4e4ec166
2026-02-09T21:00:41Z,MaMyi15,account.9ccaa16315e0402ea0021e972bb1bdc6
2026-02-09T21:00:41Z,8l1hwphm,account.fe821606ac68469b99db795565a586ba
2026-02-09T21:00:41Z,787855415,account.b983e45be61a4c0d9b7eedb1889b9946
2026-02-09T21:00:41Z,Blood_Shot_0_0,account.3f716124bf9a4207a58a3d42edde1e69
2026-02-09T21:00:41Z,W_WWWWW,account.45e79f0d4b3d41ea9c765a289b88fa71
2026-02-09T21:00:41Z,zhang-xxy,account.ea4da1fdcab140c6bc8c1fcf1201388d
2026-02-09T21:00:41Z,Laoy1_-,account.da78e90213564932a04dd46c50cfc075
2026-02-09T21:00:41Z,JJDH4,account.f4fbbf1a2a2b421ea1dcc8084b3b1839
2026-02-09T21:00:41Z,Hades_lsc,account.bd5cba86445d4262a2bc27d40f5a0b79
2026-02-09T21:00:41Z,LikA-Arrebol,account.6ad08c83bb474a9da14adab2e37c9f46
2026-02-09T21:00:41Z,ClarapLucy,account.1d66610069594c0097562467b6332b27
2026-02-09T21:00:41Z,WANGGE__Drn,account.f7fe62c52eda4468bda0480c64e1e9d6
2026-02-09T21:00:41Z,ArthurDEMarcia,account.4db00bc683df4bbeb50265858f6bd71f
2026-02-09T21:00:41Z,unknwon77,account.2e9c52d520614f439df01efa6bfd8523
2026-02-09T21:00:41Z,chen-666QVQ,account.a0536b68f8fa4db4971b73031631c2fa
2026-02-09T21:00:41Z,WOSHIDAOZHANG6,account.194eb8177c4f4e0e8354a734439487b7
2026-02-09T21:00:41Z,Douyu_9785347,account.9648708c1cc1464ba5312ccf499ec3a4
2026-02-09T21:00:41Z,niba666666666666,account.5e8175754e8e41eb8999126857c251cc
2026-02-09T21:00:41Z,ZQH132621,account.77fefea687ae405786bdc13731ed1217
2026-02-09T21:00:41Z,icooo6,account.08a939153e124e94b54bdabb1e3d9b7a
2026-02-09T21:00:41Z,RPG-1933,account.b18711c4f4ea42bd9d2e18533e6ce8ea
2026-02-09T20:33:33Z,Linwindi,account.c370f68bb6614187a739fc585af6b487
2026-02-09T20:33:33Z,jinhongyee,account.7972d464c64343e99cd803e96a5485e0
2026-02-09T20:33:33Z,dfTjwagu930,account.ecb9f75b50c448d5bb5a101ba1c27951
2026-02-09T20:33:33Z,Last-xD,account.f1ac57c9074b4f8e801af6b8c1414a15
2026-02-09T20:33:33Z,WULIAOYAYEWAN,account.08c1511eaa504069a02f8f54c90dd775
2026-02-09T20:33:33Z,Xiao_Xi_OuO,account.9f1957f4f32c4915887990a3d2d50ce4
2026-02-09T20:33:33Z,9it6uvh8,account.df25bb860d934455aab3dc600d3c6bde
2026-02-09T20:33:33Z,lefouciyisi,account.eb2b14387a4b439a8d6c2cc27acbda55
2026-02-09T20:33:33Z,Isaac_17246300,account.2bfb417b0a7e4665aa00338283daac71
2026-02-09T20:33:33Z,zi559,account.53654008b03a4f90820c489dd5cb5c97
2026-02-09T20:33:33Z,wbgj12545663,account.e45973bde0a4423da2fac28bbde73e7f
2026-02-09T20:33:33Z,dafaf_9814,account.5a604ed9f2bb459e8c6b802bc0c88c74
2026-02-09T20:33:33Z,Tiosor,account.ed5a5039bbc846ca8e72a310debe49ee
2026-02-09T20:33:33Z,dongyakuaibo,account.7b76844c6b3c448b860b9d9457cedcdc
2026-02-09T20:33:33Z,MZY--yYyY,account.3507c9d44d044386ab72742e43055665
2026-02-09T20:33:33Z,AaA00794,account.5326dacc6d89407eb9040733dfaff387
2026-02-09T20:33:33Z,YXF92000,account.2f29adb56dc44d1f82bf241ed89ec48b
2026-02-09T20:33:33Z,LUOlUo6611,account.2dec3c78a9f6437c83269acbccb92da5
2026-02-09T20:33:33Z,Vioia-li,account.3690cc34b41a4581835df86e79e89cc8
2026-02-09T20:33:33Z,juiseung,account.8e1b1d8f212148e8b3a63b2877c815dc
2026-02-09T20:33:33Z,aa107180,account.cf8b523e0e114fac9fd7a0a35eecae64
2026-02-09T20:33:33Z,ZBLFiee,account.ed202a9ae1e142a58791b700695ed03c
2026-02-09T20:33:33Z,BiuSanGe,account.da3ee928a9704829b515bdac170333cd
2026-02-09T20:33:33Z,bsdsdss,account.eb552f8abe2847e1b18f9843cd2c58c9
2026-02-09T20:33:33Z,Bichon_B,account.b287c7e31c73463fa2aa0a09174d8fae
2026-02-09T20:33:33Z,jibbongi111,account.22976b9278b443a580693d203d9a4d18
2026-02-09T20:33:33Z,wsnbbzwd595,account.9c463b4bfd974aa79299562743aaf6b0
2026-02-09T20:33:33Z,yeyumeng66,account.bcffd45e8cd4483d95c13768edcf256a
2026-02-09T20:33:33Z,NozToD,account.2dabfa52a4ea4988b6f81d52d6819f2e
2026-02-09T20:33:33Z,Best-Singer,account.4be7e2816243447aacc7b296d5cdbc60
2026-02-09T20:33:33Z,MVP88868,account.0075ef044e6b4b058ed1da9284c0e9a3
2026-02-09T20:33:33Z,lyh510,account.f9f182e005ea4dd991b19cbf95e38854
2026-02-09T20:33:33Z,jKFSI,account.964dd64397d5447fb9ae479e773b67c6
2026-02-09T20:33:33Z,Pinkfin_Tuna,account.f1bd9ded06ee4f279066c670e9cb6de9
2026-02-09T20:33:33Z,AMG1_Y,account.8f437ab9c6ab4160847d451e5eba9c2e
2026-02-09T20:33:33Z,Bili_994330,account.83be9873831048aaa62c25b2856a351a
2026-02-09T20:33:33Z,shed34,account.ece94e405f984b18b551f82419eb26ae
2026-02-09T20:33:33Z,lkadjkhk,account.f94a5d801131401bb5bfa0d269645016
2026-02-09T20:33:33Z,OqcrPL4i,account.f8cd61b1acee42b4a745a0fb06b18eda
2026-02-09T20:33:33Z,SSXXOOXX,account.a7d6a8cc84f04336885624727a8e0c79
2026-02-09T20:33:33Z,XiaotongDaWang33,account.8bdd7b0a5f984e92a49b9f1eeb6a6a95
2026-02-09T20:33:33Z,laohuniubi1,account.d7e8f33d1aa64d4899d256e49d276736
2026-02-09T20:33:33Z,Jzb-CaoMei,account.9dd32c9ba4e44214b073c592a46ec807
2026-02-09T20:33:33Z,yang714221391,account.0bbc1389fbd84b60a0c7e039f889c7ec
2026-02-09T20:33:33Z,CuteyShir,account.b54b433c5362419f981ba308373527b2
2026-02-09T20:33:33Z,WCY-SHCQ,account.1ce54ada73c94c339ebd5c759529523e
2026-02-09T20:33:33Z,54785W,account.587fc5ab70b1493bb9caac6795faef94
2026-02-09T20:33:33Z,Huya-zm8sk,account.6805a13619184be9bb9a48c133f0f2fe
2026-02-09T20:33:33Z,G_qi_qiang,account.d592cdf89c5f474595712e09f35a33a3
2026-02-09T20:33:33Z,Nefertari-Past,account.b19db489843f48de9c8efea4404bbd3c
2026-02-09T20:33:33Z,liuma666laoliu,account.7197f493ba7741b68f1096265070fc67
2026-02-09T20:33:33Z,CQ699-ATV-Club,account.8fbc24bd21964068b8261092175aa8ba
2026-02-09T20:33:33Z,zgg2001,account.c9975689e1db4306ae9edfab30be40fe
2026-02-09T20:33:33Z,RASH-CBD,account.2534c8ec636048db9cb9f74b1726eeec
2026-02-09T20:33:33Z,LiK-Ya,account.ee32329883754b2698b77619a084c2f5
2026-02-09T20:33:33Z,eunyeong_1111,account.32b08e5d853a46128958000188d8be65
2026-02-09T20:33:33Z,0ERS9oOx,account.703ba2fad1584ba99ac930f6004536f0
2026-02-09T20:33:33Z,AK7-_4,account.480d659c700d4299b88615884625a07d
2026-02-09T20:33:33Z,ymsdbd1314,account.c3c735e1bd3d4009a432db2b8af5388b
2026-02-09T20:33:33Z,Caterchipillar,account.eed2052b323b44a68b23ab8a2d66d136
2026-02-09T20:33:33Z,f13u5vfyq8,account.7d671d3d402644c4b62ffe5bd9561fc5
2026-02-09T20:33:33Z,Ximowang-,account.ada5c13ca1914274b32ffce0cbfbebbe
2026-02-09T20:33:33Z,Lucky_Girl_K_K_,account.6ef0d8e0c5044817a1485fca401d13af
2026-02-09T20:33:33Z,Kouv-TT,account.01a8050a7e7843c0bf61453459965a67
2026-02-09T20:33:33Z,810770765,account.58bf6b75cf7542dfba11cc1816a3ba54
2026-02-09T20:33:33Z,pipeisBduiyou,account.b5518e0291fd44a084efe475225a8b5c
2026-02-09T20:33:33Z,524670540,account.17c2871fb2fd421c8149c832da3bb79c
2026-02-09T20:33:33Z,DNR_SeonS2,account.69aa76e4db924e01bf4864adc187eb7a
2026-02-09T20:33:33Z,Genics-AR,account.da2a46100495444a8fa5faa10623059c
2026-02-09T20:33:33Z,GACEME,account.fadaad0785cb4cec84722ea931d568cb
2026-02-09T20:33:33Z,MANTA_RAY_KING,account.871fc668669146cdba6df20f364a90e4
2026-02-09T20:33:33Z,xbw628,account.1332b4f96150426ea28594effb6a3070
2026-02-09T20:33:33Z,Gens0ky0,account.a6dcf60889264ab59698b259210d7059
2026-02-09T20:33:33Z,Aacl-0521,account.925ce12e892b4ed78831f6a9ef4407e0
2026-02-09T20:33:33Z,rpd9v44y6t,account.17e40133821a4dfdb6bc5fc9b1f0ebf9
2026-02-09T20:33:33Z,wangshisuif_326,account.a68e906c49254e63b11794bc5c5cb633
2026-02-09T20:33:33Z,453lgti6,account.c9d564dc31414bddb8fe79ba26ae9963
2026-02-09T20:30:14Z,TnT_Oldsky,account.b0f23defa2224951b39a5525ec82fea3
2026-02-09T20:30:14Z,MiaClover,account.561d37146a924588be5d7c6652f30782
2026-02-09T20:30:14Z,Dote2,account.b706d6a41126480bae765a4b6284b4a8
2026-02-09T20:30:14Z,jdjv7p,account.550f984e5c8a459abc7e56e18f505a80
2026-02-09T20:30:14Z,Uncle_Lee9,account.edbb5fcb4be04eb7bea5f5a50c9d22d8
2026-02-09T20:30:14Z,binxiao_,account.1bfdf3f8d7df4ee8a09c772a817b2eb9
2026-02-09T20:30:14Z,TeBied_aWei,account.e1fe1354417c449bad0da9877f2aa74a
2026-02-09T20:30:14Z,w-w-1-2-3w,account.4f72eff40f7f476e84d0600c1c8bb76b
2026-02-09T20:30:14Z,5565642,account.0e438cfea630430f833266876c8091c4
2026-02-09T20:30:14Z,Fxiuanb120,account.e3ce3d050df24b29bc652a049e2efd9c
2026-02-09T20:30:14Z,Spede_Yu,account.27fd5371a834442aabbe8650c003902a
2026-02-09T20:30:14Z,AWM---laosan,account.052a35876146492e84f865a30e7534f9
2026-02-09T20:30:14Z,zmzmalcls,account.20e422b1d1744ba4866dd2f211439b69
2026-02-09T20:30:14Z,MTIMEC,account.ef0789ab9b6847be9e18423c2fe5113d
2026-02-09T20:30:14Z,Tianba-gongzi,account.f09f83fe9f4b408e839f02d798f2dbae
2026-02-09T20:30:14Z,Xxliudehua,account.b13ad91203004b7088e958ab45d53fa8
2026-02-09T20:30:14Z,lijunjie4z,account.30ca6664c8a8411d803dcd63d8f46f75
2026-02-09T20:30:14Z,Q_2025,account.e8fded23e92b479da9a2ab455df94439
2026-02-09T20:30:14Z,langyiye2586,account.f13e0643411a4e08a084703920cb70b2
2026-02-09T20:30:14Z,ShaGvv1,account.e717db5aa7da4225a15ec5ec868aae6a
2026-02-09T20:30:14Z,gXI2Ed39in,account.810720943bbc422faf73cc9e35292800
2026-02-09T20:30:14Z,Camellia_930,account.a9e8bbe454604244a9718e751a569296
2026-02-09T20:30:14Z,ZS520rj,account.d0d48530c11b4f75b7b2e3bd9db5be93
2026-02-09T20:30:14Z,mamama1234z,account.da1e90577af041e08cbed1441484466c
2026-02-09T20:30:14Z,Arisong_01,account.a6da532d527146069975a44e9f2d88f0
2026-02-09T20:30:14Z,SmI1e-Face,account.9da42c7a0d4942bb9b4fd41172db5cfe
2026-02-09T20:30:14Z,Dalbong__e,account.6c3f013ac3f4461c886e2eb80ef42c39
2026-02-09T20:30:14Z,Dream_Mxrs,account.b7213775a8c540c5bb8f67ec2cce605d
2026-02-09T20:30:14Z,MilliaHG,account.bd0aa16517e0461a9b109d501d892f1c
2026-02-09T20:30:14Z,3n6kfci3ue,account.596be73d8b2143969a7db782cc329342
2026-02-09T20:30:14Z,Augenstern-Lzh,account.16259717b08c435d8cdfb82266657456
2026-02-09T20:30:14Z,piaopiaole9999,account.b3b60b6f1f4f4d92bdfee1ad8313854b
2026-02-09T20:30:14Z,Lingbaibai97,account.3807b1147aff4d25b5750c984a6e0a07
2026-02-09T20:30:14Z,Aiiiig,account.fd7ebf1ba75d4f6190c16ae65eb45f00
2026-02-09T20:30:14Z,Krimna,account.3c0d935803e84cd1b73e5ffba4cb36ae
2026-02-09T20:30:14Z,Traverse_actor,account.ec8b19b2a24a414db887f16c0228b1f4
2026-02-09T20:30:14Z,ZGWBBB,account.94102d10ac1c4d09ab28b04995673c5b
2026-02-09T20:30:14Z,000xg,account.4a0ed41da0404392a7f71df0ad061b41
2026-02-09T20:30:14Z,dalao-99wo,account.1247dbf1978e47a1afe57a56a7578d54
2026-02-09T20:30:14Z,Reacher-22,account.885b8137bf4d49a3b170babb0bba6fe6
2026-02-09T20:30:14Z,Majesty_zZ,account.258d3f42858e4859a63e425cc11d7de4
2026-02-09T20:30:14Z,dafengchui102,account.9779a5798d564c2db4d71949bd770588
2026-02-09T20:30:14Z,hta9999,account.dbb9176e0fbc4fd78c69e5989d8e19af
2026-02-09T20:30:14Z,6m7yx8z3j,account.5620f7dca1e4477588336c4857093e5c
2026-02-09T20:30:14Z,Yintc-,account.de8615aec28f4f2ea52471db06b96c77
2026-02-09T20:30:14Z,PanDa-DEchili,account.9a2917d9804c4cc2ad24ae5d6e5ae581
2026-02-09T20:30:14Z,super-666-,account.f441d03a56b04226a71983234e4453df
2026-02-09T20:30:14Z,Ha_appy,account.3a0197eab2a542e19a7262f0c55957d4
2026-02-09T20:30:14Z,LenSian,account.8b07ec6cf78649a383845d1749736b0f
2026-02-09T20:30:14Z,Tianba-zyx,account.fa48fcda4da34215bf016c1d27f47e79
2026-02-09T20:30:14Z,soma-king,account.250e62d627d843b78f6035d1f01172fc
2026-02-09T20:30:14Z,HEEMOUE,account.1c6605c0cc564b6badfb7e4449dd3d38
2026-02-09T20:30:14Z,1ManSquadSSoHard,account.a238860997f04101af31bca2f9be0438
2026-02-09T20:30:14Z,Uzi98kweishen,account.d093fa1137034a22bf228cd05b4f6286
2026-02-09T20:30:14Z,MAKE-0007,account.0c7659077059454da386310d0250679f
2026-02-09T20:30:14Z,a-zdasqinxiansen,account.1d5fe89f8e4441889a8fbbeb75a7bc86
2026-02-09T20:30:14Z,TrAi1L,account.866c159933b94a39b218331a5ca0916b
2026-02-09T20:30:14Z,91_ZJT,account.8d5992afb7964c5ca2eafbc446710036
2026-02-09T20:30:14Z,123456sahdgasgd,account.27e3aa3bc7ce49cf97ce0537743a545c
2026-02-09T20:30:14Z,BMW_M8_YC,account.0463781b949247068325a933f12a5713
2026-02-09T20:30:14Z,MZ189_,account.c460f09302014ef2b054eb7047f8a525
2026-02-09T20:30:14Z,xbTAT,account.6ce8469d5661435c98423de4e1f767b5
2026-02-09T20:30:14Z,cesuo_lyb,account.826bdf1f235a4f789bda99070c55ded3
2026-02-09T20:30:14Z,Gridizer589,account.6bd87ccdc66745d4ace3281246650bb2
2026-02-09T20:30:14Z,BIGTANK_SONG,account.2f8560bfa54a4f9aa6d7ff4f768e4dee
2026-02-09T20:30:14Z,guihuotang,account.f75f46ce38ea4631b67aa1c7f8e547bd
2026-02-09T20:30:14Z,i454b,account.a13ed5c18ff24aadaa1ac566a7264fbe
2026-02-09T20:30:14Z,axiao-999,account.fcefd5913893478c94741a05032a7c6e
2026-02-09T20:30:14Z,OOx77,account.cea8c76aa8a547ac856e7821e3340e83
2026-02-09T20:30:14Z,RRRRRRR-1997,account.7699bc4ce47c4f51a73d67abf0ada5cc
2026-02-09T20:30:14Z,Captain-nEko-,account.28bf49e70a9a4094a01d51e918fa741b
2026-02-09T20:30:14Z,Amireux_Can,account.2f16458cc16640449610d30ca22db63e
2026-02-09T20:30:14Z,huanghaohang3,account.1cfe14c717774d1ca3b647089e3eb459
2026-02-09T20:30:14Z,Emsn001,account.875ce8c9b2874a089458bdcc98237535
2026-02-09T20:30:14Z,Nickkilee,account.8ff1a7c0af9041c882c90660245dbbb6
2026-02-09T20:30:14Z,QvdbaNRP,account.0fca1af673194cf293d16f376edb10cd
2026-02-09T20:30:14Z,Azrae--123321,account.61ae68a9e52a41f3ac0845a42a436f68
2026-02-09T20:30:14Z,4am_5928213,account.98c499032550413bb0b5377ebe798997
2026-02-09T20:30:14Z,Ace-Xayah,account.30d87a4b82f349639292db2681b7b602
2026-02-09T20:30:14Z,Lr_7r_77r,account.682361bf8b0144ad89d66956b7f740fb
2026-02-09T20:30:14Z,hualin230,account.eca73851eccb43f79da1d5cc84b04257
2026-02-09T20:30:14Z,2q3h356,account.c0f28f35e322433e83e559293ee66fdd
2026-02-09T20:30:14Z,Mary-Dan,account.97b90bcd69c94e99b141fc61eca57b37
2026-02-09T20:30:14Z,MaRyujin,account.7dbee023d2bf4daaa009273f3738f09d
2026-02-09T20:30:14Z,ST-_-04o2,account.23918de3a6ce4ab8b054aebdfa353c04
2026-02-09T20:30:14Z,sabirb,account.abd3d1c65f2145d6883bd31ba1865c07
2026-02-09T20:30:14Z,ksmxbja,account.87fd82e19d854ea8b1272075869033b5
2026-02-09T20:30:14Z,Alphacan-,account.8124573210af482991f69281e53edfed
2026-02-09T20:30:14Z,heibaizhijian610,account.c8bb4b9bca5540bf83fe171f6717b0de
2026-02-09T20:03:05Z,Ma_Xxin,account.3bfe787be16c4aaeb15ffc92a52659e7
2026-02-09T20:03:05Z,Mine_Fei,account.ee06afbc4bd6478382c048aad475712d
2026-02-09T20:03:05Z,GL-Everlasting,account.efa8d8aa267441b8ada85de0060ac34f
2026-02-09T20:03:05Z,mimayige0,account.a8599534d9ea44da947c410767b94a3c
2026-02-09T20:03:05Z,yueshen2908,account.8210aa6428784f9c832b51fa067eb583
2026-02-09T20:03:05Z,xiaoxieliang,account.c69e5388dbf34c3d86919feb13390c1b
2026-02-09T20:03:05Z,1-coc,account.4cdff4450e3345aa868092a1f771e012
2026-02-09T20:03:05Z,mkanajaj,account.b2344b8e8b2d4aa3a81c61f18aa831e6
2026-02-09T20:03:05Z,4AM_gadeuzi,account.d295bcb330fe4dd095eaf1c0dd3d1598
2026-02-09T20:03:05Z,V500geinikanfuji,account.de25e51b96ce4c169837ad29b4104dd9
2026-02-09T20:03:05Z,SGH-1999,account.2af09b51e25d44cba22fc77a8c71ce18
2026-02-09T20:03:05Z,G_moonZzz,account.c354ca2d70f14904b77d6b8692ac4573
2026-02-09T20:03:05Z,Das1wo_-,account.779c6c6de5fe4e94b6963a3dba7d2186
2026-02-09T20:03:05Z,XQ_wozhi,account.ef55b2dd30fb4d9db237610ec9f83d0d
2026-02-09T20:03:05Z,Nkizc,account.7ae21e0b28894311a2dbcea80fe2671c
2026-02-09T20:03:05Z,stmegege,account.3a10cafaebe04bff9aebefbccbc1bc6b
2026-02-09T20:03:05Z,mba911,account.d929b6b878a443478a7078dce90a1b6b
2026-02-09T20:03:05Z,Iam_waiting,account.11cb875bfb8744d78352d7b4cb3b581b
2026-02-09T20:03:05Z,AUG-O-Geng,account.e6bf7045fe86490cb6ffa9f34ef533bc
2026-02-09T20:03:05Z,J1ame3harden-_,account.50111bd8c69a4bc6a7cc2ef2fa0dd420
2026-02-09T20:03:05Z,Fe1wub1ejiao,account.499a658f186a49febd050baaba099056
2026-02-09T20:03:05Z,IGtheshey,account.ab309791aa9e4065857fa8bcf11db9f6
2026-02-09T20:03:05Z,1Mi1Mi-e,account.7bd48e4f4e6140dd848912ba4123d518
2026-02-09T20:03:05Z,SSS_vsx6517le5,account.4c50bf33e4c24218846389bdd1f532b7
2026-02-09T20:03:05Z,HU-JIEFU,account.fc1535cafea441ab95158e5ec1c732ca
2026-02-09T20:03:05Z,Bluev9,account.8153356852fd494db4f36e7967759ff1
2026-02-09T20:03:05Z,MINYU99,account.c59f586126744250bfd5ec71ab47b130
2026-02-09T20:03:05Z,joehape,account.21db84bdcbf14ee990e19ee81422421f
2026-02-09T20:03:05Z,iiilililllliiil,account.686a02601b9446faaa0b2edc56f46ddd
2026-02-09T20:03:05Z,jBrqFEwieBFLz,account.0f9268f0ad0345f096d3b8811a50c0a3
2026-02-09T20:03:05Z,i624,account.fa6891bb82cf424990d3b721a685ff36
2026-02-09T20:03:05Z,Cola_-l,account.ad50f89dc4dc4c7f96df74b0232894dd
2026-02-09T20:03:05Z,MiaPuu,account.e88e9679e31047d68a859a261e53148a
2026-02-09T20:03:05Z,0wxf4rodnr,account.a2a8bdb8a01247fe84a70a49d2176737
2026-02-09T20:03:05Z,Good_bye_-,account.ffea171adf7e4a2a80aa24eae8e50d86
2026-02-09T20:03:05Z,9Yu1-_,account.98b430c3b3d14eadbe181c8cf98d62cd
2026-02-09T20:03:05Z,blue0cean7777777,account.dfcd73f71072431a89578dc42f00bdc0
2026-02-09T20:03:05Z,LG-Kaixin,account.457fe2c8742b47f19a9334f8811893d4
2026-02-09T20:03:05Z,iJYByB-_,account.2f44c3d4a0a748caa8b7412f4efcf37e
2026-02-09T20:03:05Z,nongganxuanbian,account.ab0db2c2324c43e8a328a5476cf49ad1
2026-02-09T20:03:05Z,v50-Gei-Wo-C,account.6798b6e8f079412d8103b8c0c39a5b68
2026-02-09T20:03:05Z,dsadd212,account.54a5271f6f1b47298322b6d14d57afc5
2026-02-09T20:03:05Z,q7uijuh0k2,account.3e62f05dcbec4a33b46f0ba74c236d43
2026-02-09T20:03:05Z,D1tKiv,account.9868e011252f43ca979b976d16200408
2026-02-09T20:03:05Z,JKGJFKFGJ,account.8c3d073199f24e65a9980e2ea32e14c1
2026-02-09T20:03:05Z,9IOI_-,account.7ee54dbd4cee43ebb24d2ef900d24d12
2026-02-09T20:03:05Z,YingBangBang_399,account.10993713872845fca4a32ec07fbe4b8d
2026-02-09T20:03:05Z,Douyin-7_years,account.e543ebfd38154971a88171adf3ee4185
2026-02-09T20:03:05Z,xRn8a4X,account.f4e726963c084c3bbb785a54e972c7f5
2026-02-09T20:03:05Z,dameinv-_-_-,account.396555438ab84decbc4ce9163f506066
2026-02-09T20:03:05Z,Gxxi7t_-,account.b10b06f3bbe04e299f04e1a984c6c2b3
2026-02-09T20:03:05Z,1ok1ok,account.7bd36914a95f442bb174728e3e50686f
2026-02-09T20:03:05Z,ja4i0uq3c,account.dc3775d1603e40199c19bf070352d39f
2026-02-09T20:03:05Z,HAKE-949_,account.afa9eed636ec4f8fb4e092eca3fee5a5
2026-02-09T20:03:05Z,XlaoChe,account.1f3eec1488564f3092106c9325017216
2026-02-09T20:03:05Z,b1nb1noba,account.02a5957c0b594a04b8e2ccfe534239ea
2026-02-09T20:03:05Z,x1ny1-_-,account.30d233e26ddd4c7797190ebcdbe9e9eb
2026-02-09T20:03:05Z,Mmmmmmmmz2Z,account.7aeda7e30a6640eab3923cb0d096b8e2
2026-02-09T20:03:05Z,BOYO789,account.2a5778c3547141d2a5cc455a54c8541d
2026-02-09T20:03:05Z,seventimes7s,account.f73531fc9e124839925f8bdcad5e1b1a
2026-02-09T20:03:05Z,iAyar,account.57d90cd9123745fb8b1ba9d8439f0d7a
2026-02-09T20:03:05Z,Hello-_-Girls,account.5bbfb79252874c1f8502986ae08bc8be
2026-02-09T20:03:05Z,PaTt_-,account.d3dc0f0bc04b44549cbaa90c884e9cf8
2026-02-09T20:03:05Z,MicA1_-,account.ecc56eb605234f15b18f0fd864020d88
2026-02-09T20:03:05Z,user5277,account.ea1c7d756c834bc5b508e0f56c9faf3c
2026-02-09T20:03:05Z,Aini-CaiCai-0104,account.8a7253492bc248418bdb6a48f726ac44
2026-02-09T20:03:05Z,iibd_,account.bc7732b8798f4ea0b99117c0022489c2
2026-02-09T20:03:05Z,K-DAlge,account.3d4655567ec146b58d854bcd536a3483
2026-02-09T20:03:05Z,hhhhhhtm,account.a564a0e7fff24d91b50dc0d6f301707a
2026-02-09T20:03:05Z,ryu1xra_j,account.1cb5ffb08b874934b2cce5f268467a09
2026-02-09T20:03:05Z,DSGCFG11,account.c6f91d38d01a473a9c91151f582c7dc3
2026-02-09T20:03:05Z,4AM_nz74333wp1,account.2942619ba51b46eaa05550cc76428276
2026-02-09T20:03:05Z,Hnlx_Chujian,account.800d02598e7b436383df342419995156
2026-02-09T20:03:05Z,ruiHbW4GGhGcV,account.28d2d9598a5741ce827641933b1cb141
2026-02-09T19:55:59Z,qjwyqg121,account.88b8b95c72904c1abb71474392cd7934
2026-02-09T19:55:59Z,lSD_GOSEGU,account.c831464e15e04960adb1b44f1d21d771
2026-02-09T19:55:59Z,FK24BANmistake,account.cfd3dd67799c4498a4f55b35fd3f56d5
2026-02-09T19:55:59Z,chengzhihao-_3,account.90a2791d207042cfa44b80a135e50679
2026-02-09T19:55:59Z,CN_MaiKeXi8888,account.944b09dfa5174c0a97c8e9483b88cae9
2026-02-09T19:55:59Z,Cong_-Yang,account.6ae4f2c0ac144959864fa9d54cceed8b
2026-02-09T19:55:59Z,i7iou_,account.c9dc8da78bfa4085ad34e480e747d250
2026-02-09T19:55:59Z,Z4o7,account.ccad7c971e294951be906705b83b9bba
2026-02-09T19:55:59Z,Naizimeimei,account.741b8ed84ff04856bdb06aa53ac29adc
2026-02-09T19:55:59Z,iiy8,account.e81608aeca06430a944003128416c55f
2026-02-09T19:55:59Z,Meidu1shou,account.2f161d300f3e420b9fda4dce1d6e6b99
2026-02-09T19:55:59Z,Bxxi-,account.a4b5f5a4c574476da0c038f4cbb5abde
2026-02-09T19:55:59Z,DouYin_ShuiYue,account.5f047a0b3e0e48cda17d7be67aebad27
2026-02-09T19:55:59Z,xuuo3o_,account.a0ec188e67f7462aa301e26c675a2cac
2026-02-09T19:55:59Z,Hm_Aoliaommp,account.bb560bba19e34b66b0972354b4b4c96a
2026-02-09T19:55:59Z,Roxxiv,account.b74d14e2e59740b3afec01db36f9274c
2026-02-09T19:55:59Z,i7ingbb,account.3a888faddb6e4a559d6df7eeca9ce9ab
2026-02-09T19:55:59Z,L-weiwei-_-,account.26cda035014f4d749f9a693e53f9adf8
2026-02-09T19:55:59Z,5inmgu_,account.d64193dc5a4f4d97a45218174af84322
2026-02-09T19:55:59Z,Wingg_-,account.4ea85c3dd8ff4287912ab69c277c284d
2026-02-09T19:55:59Z,uYuhsftH,account.50ec33f75a844251acce6a03babeaf78
2026-02-09T19:55:59Z,i9YC-_,account.eaa6bb48f92243c5810c297af1fc562b
2026-02-09T19:55:59Z,x8ii8x,account.62d933f6afe844e8a6ca662fda25aecf
2026-02-09T19:55:59Z,abbychen,account.82c8eda2b1c7457488ae958d094d4639
2026-02-09T19:55:59Z,HHYCQLA,account.4dcfedc1097744b78f79993cc585d897
2026-02-09T19:55:59Z,Calm_yy,account.703591b552744b838349765f4d7be5b3
2026-02-09T19:55:59Z,i2Fs-,account.f219a61b78814b6f8749f4834db07afd
2026-02-09T19:55:59Z,L1xiaoYao-,account.94a499b65ac14afe8a1e2569daf6312d
2026-02-09T19:55:59Z,SM99z-_,account.0c54d2c932be42b89a17360cddd15d56
2026-02-09T19:55:59Z,A-zure-_,account.38977cabe254403da067f2f5607c0a9e
2026-02-09T19:55:59Z,Echo-xiao-,account.7ebbbac9404c47579be1f0c3016e927c
2026-02-09T19:55:59Z,jnac4xozzo,account.4633f35dbfcf46f89bff5a07a10c3eff
2026-02-09T19:55:59Z,ALisa_Mia,account.d947f832850345269ce16eb4290c78f8
2026-02-09T19:55:59Z,Gez_1,account.e3ef6d227bd64eb79d7f60942b4b1dd2
2026-02-09T19:55:59Z,Laozhukunle,account.75f97b71a5f74255ad0daf8053eea2eb
2026-02-09T19:55:59Z,Blo_Td,account.6403dfd4c5b14617af65ad941287e849
2026-02-09T19:55:59Z,BaaMi_,account.5e98c5716e9e4f17bcaf4b3101812901
2026-02-09T19:55:59Z,dy-XiaoBen,account.485d7b9158c844058314159930f89dda
2026-02-09T19:55:59Z,Express_cola,account.013498b03d9c4eefb38caad633dc0c42
2026-02-09T19:55:59Z,cd82049,account.936a0d0bfd094a3b8c5db3eed28ec088
2026-02-09T19:55:59Z,91_qiwei,account.f588abdf88cd45f0bac7f9991a68e51f
2026-02-09T19:55:59Z,Ha0y,account.175fd861346a4ceca4f16ae2bfbeb57d
2026-02-09T19:55:59Z,Aleksib5,account.7d25dfa363b148c185b5b16e6c712adf
2026-02-09T19:55:59Z,V50_aiTianbi,account.bada78c4a0214a329bdc636ee1e6e1df
2026-02-09T19:55:59Z,MengJia07,account.cc254c69f37d4aad88684c30c4d70cde
2026-02-09T19:55:59Z,X1aozhou-,account.b93f5fcb53a6451cb2cbb540c9407d71
2026-02-09T19:55:59Z,OMGDaL,account.56f3eadac44e47eb8e879401d1748f8c
2026-02-09T19:55:59Z,Niuxb_,account.f788269b8e7a4d359812417002dca5ef
2026-02-09T19:55:59Z,Oxxb_,account.b0387b4fc46f416586bb6ba0f286bb4e
2026-02-09T19:55:59Z,y1nma1,account.0042ada2161748b3b39263a27a8a3d79
2026-02-09T19:55:59Z,1lad,account.8887544307894231827f2ec37f590e78
2026-02-09T19:55:59Z,Xp97_OVO,account.0833cbd4803a4376a7646053823c7147
2026-02-09T19:55:59Z,4Der-jiapeng,account.60d805ac1ee94354849949262a0ca2d3
2026-02-09T19:55:59Z,7zZap,account.7ec1d756f91d4e48900471a292ed1f94
2026-02-09T19:55:59Z,Zy_qp777,account.bd0c6dcf2ac0456fa3c11ff7edc3026b
2026-02-09T19:55:59Z,kktu1,account.81a658b5b3dc4baf90f5d51ed4d15fd8
2026-02-09T19:55:59Z,Super--Ekin,account.5d68241d92d643c0837be1015e7c1361
2026-02-09T19:55:59Z,Roadmuingmuing,account.caab78dd6c024da197d099b1a8c490c7
2026-02-09T19:55:59Z,XiaoXxxGIN,account.602e67111fca4165af677f4b96d87ff7
2026-02-09T19:55:59Z,13iu-,account.0ce8c1dc50d34505b8f4f810f33be08e
2026-02-09T19:55:59Z,DouYin_bianlougo,account.57395e6867f64157ad7a1be9e341a8a6
2026-02-09T19:55:59Z,Tao1a_,account.8244035848054272aee7cef6d44fcf51
2026-02-09T19:55:59Z,gyy8888888,account.57aec9cbdefa4ee5904888526c15a9d4
2026-02-09T19:55:59Z,Nann7,account.343f5f4ec4ad495f8257b52fe93ea255
2026-02-09T19:55:59Z,JPQbi7899,account.f36760420b46437188ecdda25d4523cb
2026-02-09T19:55:59Z,1st_chaeriPet,account.b60575d23dbd409398e9bb948ae89da9
2026-02-09T19:55:59Z,DouYin-aoye,account.b337584b55ea4dc1b9616f5cea40d255
2026-02-09T19:55:59Z,Fairy--ling,account.6a3a1a97cbd04985883009b0c4dea039
2026-02-09T19:55:59Z,gao1meinv,account.82848920d1c949f48f173d9adc8f7839
2026-02-09T19:55:59Z,iuun-_,account.e406fda5e7b44d4bbccdbe1321933fd9
2026-02-09T19:55:59Z,GouziTaFaTher,account.04dc4d52d73d42348573e1855059a28e
2026-02-09T19:55:59Z,CN-xihuan,account.2d6433f6333e4178bf04103365e47a06
2026-02-09T19:55:59Z,Me1youMe1gu1,account.2378bcc59d7a4d6bae1aaffbf3c6a564
2026-02-09T19:55:59Z,i7_yu,account.7c51cfb6012f4bdfa626c7008b5f96d4
2026-02-09T19:55:59Z,L1nShaoYe_2,account.f74591f2e71e49acaf6c6c87422e301e
2026-02-09T19:55:59Z,Darius-9G,account.9141a3c3ac474567b0e1b51e25a18dfe
2026-02-09T19:55:59Z,AAABCFF,account.1fa50e56922c4f798a0bab38e2922585
2026-02-09T19:55:59Z,7soole,account.874f7201c4e54de1b01186d852410160
2026-02-09T19:44:10Z,Ground_Siege,account.e1418652cb0849c78e2273362a7e3e2c
2026-02-09T19:44:10Z,i44bb,account.78d00523a631401fa0e8c714307ef790
2026-02-09T19:44:10Z,Gropr,account.58906d42c5394ee2a183833315455f12
2026-02-09T19:44:10Z,1Yu_zZ,account.6caa23f258ef47afb2d945bae703a40a
2026-02-09T19:44:10Z,77ibb-_,account.b8b56f849e9246e891a9b7603c396122
2026-02-09T19:44:10Z,MaNiuB11-_-,account.1effa189d6b640be9c82994f954bd9f7
2026-02-09T19:44:10Z,23667,account.3f464291728e4c7e8f0f25bee732efb5
2026-02-09T19:44:10Z,3Hpz3,account.bc578a4c1903471c9ca5c87f4aeaeb8f
2026-02-09T19:44:10Z,3strus_-,account.3887221e119d4c0190c6ab1f1771c195
2026-02-09T19:44:10Z,lyy6600,account.11971d41f910451caec0aa62be4805e3
2026-02-09T19:44:10Z,luiu_Xy,account.022ea3e4d4c34d42beb04ce1b8fe886f
2026-02-09T19:44:10Z,HeellooHui,account.bff8d7baf7544b3cb2c4584ff6621463
2026-02-09T19:44:10Z,Hs_taizi,account.cf9588339e8a470b92a45668eeb8e055
2026-02-09T19:44:10Z,DENGyanyuyuyu,account.b0da9129c7f74b5f906ab304c65bbcd3
2026-02-09T19:44:10Z,PGS-RY-5033,account.0f97fc3af192462391d42fa1816fa7b7
2026-02-09T19:44:10Z,Wei1d-_,account.b61cf4430e8844069878e3add5567321
2026-02-09T19:44:10Z,Ser6650,account.e4da2e9867364b259caa6933fb8b2c5d
2026-02-09T19:44:10Z,a982nd5u5m,account.fec4c4acff394deaa65b30851d145688
2026-02-09T19:44:10Z,qiangni5,account.c4ade102f9c242e998acc4feea1c97ab
2026-02-09T19:44:10Z,PaoFu_-Cat,account.b4236a21f5da47518a841298a8bb8fe4
2026-02-09T19:44:10Z,DouShiZhuTou_,account.26e8ca0fac2745cc97cbc67fc128049b
2026-02-09T19:44:10Z,Ruffboy,account.d60a63fa645a4ed387d7a46528d33896
2026-02-09T19:44:10Z,MingGuanganzi,account.a4fbb9546c39470db212aa9d8f5c0817
2026-02-09T19:44:10Z,NIiAn_n,account.d3c83318bbf34d9cb2e4652a5ff43f89
2026-02-09T19:44:10Z,010-001,account.8df281c804624b658edb73cbb2e93498
2026-02-09T19:44:10Z,Morroi--,account.2c0a96406dfd46219668e540114c47b5
2026-02-09T19:44:10Z,icku-,account.97d152188bcb4be1b1e60fd06dbb436a
2026-02-09T19:44:10Z,gua963123,account.e3b44cc588ff4c5f8dd818d5131b34a4
2026-02-09T19:44:10Z,TiAmo3Y7H,account.3b1a8ee94cbd4a9d98893aa12ba26459
2026-02-09T19:44:10Z,Viper44444444,account.029cdef6721543feb8593fd8ae97d94e
2026-02-09T19:44:10Z,DongGe-yyds,account.26fc11de241f42c389acd78a1ec7d76b
2026-02-09T19:44:10Z,iX03-_,account.e84ba1fa63ad44b784e2c38d05ffeeed
2026-02-09T19:44:10Z,Mar_KonGk,account.06bdc98f3357447cabf4deb0ee1f9e88
2026-02-09T19:44:10Z,Lo_boo,account.04de98b4207d4aeebf40d1e45d3c0dde
2026-02-09T19:44:10Z,07-PERE001,account.8be6da3b52754f9db8cc60c5e5c4c90e
2026-02-09T19:44:10Z,QQdawang_OvO,account.cc86c2838e644d8dbb75825962c7eca4
2026-02-09T19:44:10Z,icko-,account.d67b6edb57e64701ae9f529c973f5dbf
2026-02-09T19:44:10Z,cortis-evan,account.f9557423636c45f498e61685d085ad01
2026-02-09T19:44:10Z,DA_WAN_JIN,account.11d0a3bdda1746d89445819b82c164d2
2026-02-09T19:44:10Z,1oo3_,account.c7b0a8c36e144eb19abe9d72649384b7
2026-02-09T19:44:10Z,Ynnovo,account.4cd54f5cf51940b4a9440453f1decd6d
2026-02-09T19:44:10Z,7yzy-,account.e1da0c0f279c42a98f60eedda10daf91
2026-02-09T19:44:10Z,dogie65y,account.2f23623150da4ba1845d29a3448b0246
2026-02-09T19:44:10Z,HuiLiYiO_Q,account.8d98da72c512465aa0b679feb87326fe
2026-02-09T19:44:10Z,Buz1bi,account.9d58f1e5ad354418913d6ed0947dd2ee
2026-02-09T19:44:10Z,LPJ--666-,account.ea0e633992e6480283ad5b33f174c0ea
2026-02-09T19:44:10Z,0217_21,account.090fb496db9d4f1aa348b9488b636a8d
2026-02-09T19:44:10Z,u1si--_--,account.4a30aa6996214e0bb300f3fe72c544cd
2026-02-09T19:44:10Z,GameGunGak,account.eb701df87bbf485991daa836bb155dfe
2026-02-09T19:44:10Z,JJ11A_,account.62076107fb9d48c09b8f4e637b4c2b4f
2026-02-09T19:44:10Z,Goodluckzerobill,account.d88b273551a74cec9d279e6796aea982
2026-02-09T19:44:10Z,91Hcc,account.f0141aed768d4ecfadd7e083545df3c9
2026-02-09T19:44:10Z,CarrionQvQ,account.56ebfa1262d249268fc5095a9210aad7
2026-02-09T19:44:10Z,17iiu_,account.c692b198e8bb4b7b8359adffb6681f95
2026-02-09T19:44:10Z,O7_OT,account.f1ed7db26ccf447bbd2a48469234c13e
2026-02-09T19:44:10Z,ARLAN-CR7-219,account.e86bcd3639504e91b8ebc8a19ba2e7d9
2026-02-09T19:44:10Z,H1oi,account.7c236926fe444e1cae476ffaa93407ae
2026-02-09T19:44:10Z,fov7s,account.20d08231042e43539be971c65e64804a
2026-02-09T19:44:10Z,MMMMMMMG3_DiDan,account.88320bdb80e44e17982204bfe3d1f67a
2026-02-09T19:44:10Z,Jerry-Jiiiiiiiii,account.325679f0b56a4df196d6ce6b714e4f67
2026-02-09T19:44:10Z,honghyungyu,account.dff4ba8319324c9781aaf0521a8111b7
2026-02-09T19:44:10Z,Zo0z-,account.a9ba86bfbaaa43279bab88f2b600ac89
2026-02-09T19:44:10Z,LRTQsdse4m,account.5daccdc21055496a9ad315f9ef9636db
2026-02-09T19:44:10Z,zhaoubuzhu,account.10b957e3551548148c10bae3dbe06fd7
2026-02-09T19:44:10Z,lsabella-777,account.89052c656b164a2f950d8f9072e71a9e
2026-02-09T19:44:10Z,Kxy_wuxx,account.da55432583304924b54f6f913b20641f
2026-02-09T19:44:10Z,OooDon_,account.757aa4aae97346babb3967520727024c
2026-02-09T19:44:10Z,Sanspeur_-,account.d2cb327c3dc64b609eb7ba77e0f4dbdc
2026-02-09T19:44:10Z,fanx1nsh1_,account.fa69be6464e54c3ca3875ca563f208ea
2026-02-09T19:44:10Z,8o0ooo0-,account.f1801e4c3a0c4c328674dda2c1e6c9c6
2026-02-09T19:44:10Z,V88-MoMoXiaoSaoB,account.9ac881009c524461a2b6979019851fb3
2026-02-09T19:44:10Z,TangBiuBiuZzz,account.3edc4db145c94d8a9960bd32468c1be4
2026-02-09T19:44:10Z,ZZDAQIN520,account.e92f181708854044bd3c74e1bee0b26f
2026-02-09T19:44:10Z,LLL1994-,account.a3424a5a4ac04dc28373fec224cb0178
2026-02-09T19:44:10Z,Fall_O1,account.41ef4b5d535941b298fd8c4d479ecc61
2026-02-09T19:44:10Z,iuoxo,account.55a1516d157245359576d023d1bcff45
2026-02-09T19:44:10Z,x1yhu-,account.33dfee0ee8f94215952ae8a2e01fc949
2026-02-09T19:44:10Z,anjfqhkTlqejrdk,account.49cbc0c131b84983802673cd051d473d
2026-02-09T19:44:10Z,DiGa_-1,account.41bc14bb17a542f89366b3d19cdd7121
2026-02-09T19:44:10Z,KTG_FLASH,account.ed2278770e024536b27ece195d5da964
2026-02-09T19:44:10Z,Wen-BIBI,account.a8e25142bac246c7ab1dab818475cd6e
2026-02-09T19:44:10Z,PGS-JUN-54808,account.cbf8f1b01643485293ddfdf13a8c9937
2026-02-09T11:25:37Z,503__WenShaO,account.b9325ea00384490495645ebe7fc53beb
2026-02-09T11:25:37Z,Qingwa_8,account.666a6d7b4a5e4801bc58732a66f09aa3
2026-02-09T11:25:37Z,kkopsiri,account.173d64013fc548af90d416e98f7a1ecd
2026-02-09T11:25:37Z,OldMan-BingMao,account.537016d0244a420cb0cb690c4c5dcc02
2026-02-09T11:25:37Z,X_1002,account.ed1c487e2cd1455f9a16fe522fd2d449
2026-02-09T11:25:37Z,Identity__,account.068c5315ddba4a499e103f51fbecbf1e
2026-02-09T11:25:37Z,Dy59,account.31b5168c611343dfad6f6c2f1a3f4983
2026-02-09T11:25:37Z,DwgL-1r92,account.f836868df50046e397687e2bcbe0a4e2
2026-02-09T11:25:37Z,IGB_MMing,account.0fe55543d62247e29d89378cdb0d5b4b
2026-02-09T11:25:37Z,Intro-ming,account.14f7a204086b4540a0cc5616ff80833e
2026-02-09T11:25:37Z,Serany__,account.842e8aae3e734d1aaf19819b60505c84
2026-02-09T11:25:37Z,YaIo-_-,account.881c6c9973b2408abc20d14182a8ecf9
2026-02-09T11:25:37Z,rangae20,account.605c6df8d00c4bf4a8796abf7057818e
2026-02-09T11:25:37Z,SiRi_Battery,account.817d520169dc40ed9ecfe650fbe4e6d3
2026-02-09T11:25:37Z,Intro-King,account.8b80fc9a410d4cea987095d98c81826f
2026-02-09T11:25:37Z,002y__,account.a48aac1eca5c41cebb60a4250be48649
2026-02-09T11:25:37Z,dAshuAi80KG,account.23ec9e461a8e4eb488ee9736a28dd1f9
2026-02-09T11:25:37Z,Ming_____-,account.88493a7c449a4ba19f2cfa6b5d9a6037
2026-02-09T11:25:37Z,March93,account.d0b74327dfa54d86b7a1eabe4305f4bb
2026-02-09T11:25:37Z,JinTonic_-,account.5466485ec7714345b1e136fc38ee454e
2026-02-09T11:25:37Z,1908473,account.2b8f087594ba444a8a72f008a8b034df
2026-02-09T11:25:37Z,NTX_Ain,account.b226b34725474fa5b6677dcfbb427b03
2026-02-09T11:25:37Z,XGKK_ZuoY1,account.b501ad8644364b568d8efc69e2b02658
2026-02-09T11:25:37Z,WSNBB-BGB,account.60edf29f594e41a8bbb81c4f1d79031b
2026-02-09T11:25:37Z,0i17_,account.e777d7d5cedb461fa7c6a82dcc6c83f9
2026-02-09T11:25:37Z,Ismaele--_,account.9eb7deda07e746b1b00f6de0538c8cad
2026-02-09T11:25:37Z,Chamyisul__,account.7958b9a426dd42ad9e4e49a82880a8af
2026-02-09T11:25:37Z,rorang00,account.68d54a28212044fd8c1f77c72971e5cc
2026-02-09T11:25:37Z,Mvp_Jingege,account.63465ab871444153bdf388569963369d
2026-02-09T11:25:37Z,TTxj668,account.edfaabe45fcd436d81de56affcb4fc92
2026-02-09T11:25:37Z,Boluo-JB656-21L,account.3c6ff96a99da4b48a46822107af3a8f3
2026-02-09T11:25:37Z,99s1,account.f14123a137bd483c9791b67538c92986
2026-02-09T11:25:37Z,Intro-Aing,account.a5d51aedc5f64cad9bd8706b4c5d13eb
2026-02-09T11:25:37Z,ymo_o,account.38c225bb17de409d843f8dbe4b79d0b8
2026-02-09T11:25:37Z,XGKK_Skymirror,account.619fa3f5de01432fb31e6116a59e2777
2026-02-09T11:14:49Z,OldBaby_Uncle,account.40c5f68dd7c24e5f944a2f7702393793
2026-02-09T11:14:49Z,T1_GURAKING,account.e2e73b0c2d2c493bae2e1a8db056ec44
2026-02-09T11:14:49Z,Mars-wendo,account.50160fb53bf9438592052626b72e1e6f
2026-02-09T11:14:49Z,HE--KIM,account.7138178361744f1bb7ce11d58035eb69
2026-02-09T11:14:49Z,Honggi-,account.e7444cb4645b4972b1fe180caefe2014
2026-02-09T11:14:49Z,ZiYouRen-Chen,account.039667373c5143eba7a8fe5f3f987b75
2026-02-09T11:14:49Z,0O0_00O,account.7b2e4ac276e6487ea28ca8f5304d6b97
2026-02-09T11:14:49Z,III1S-,account.d51b3f045cc44db9aedfdfc15c2ab7a8
2026-02-09T11:14:49Z,dagedgg,account.93ddacd6a02641ce849f28cd08630b99
2026-02-09T11:14:49Z,Hiio_-,account.b5169782d4ea442491c3e0def2ea824d
2026-02-09T11:14:49Z,Mr_JiangDaShaoYe,account.dbb5243f00f943158cb1ae8d835c13cb
2026-02-09T11:14:49Z,1Koi_QZ,account.fcc86b033bd94deeb3e5192ffa45cb4f
2026-02-09T11:14:49Z,www085900,account.a53b9548b6194f1b8c6441ab452d7539
2026-02-09T11:14:49Z,PayAway,account.ad955f26e3af4350b27446dbd0ea40d2
2026-02-09T11:14:49Z,Jefir-,account.c220381d111e4d64bf58a8600afc9a14
2026-02-09T11:14:49Z,GOU_Protein,account.aacf4cc7f8f3438eb9e480884f912a49
2026-02-09T11:14:49Z,Flint0823,account.b5aed5587fe44f5487fa31c84dd6c989
2026-02-09T11:14:49Z,TANGLEJONGJONG,account.5d0e84d88348447bb4e4a5c17da18ad9
2026-02-09T11:14:49Z,sunsmine,account.2cc1268b952e4f06a654a6d284763ec5
2026-02-09T11:14:49Z,Heart-J1n-,account.7ab7c8199e09411d9ba0160a79bf8150
2026-02-09T11:14:49Z,TM-DD,account.cbe27370719c42c3973ec91bab6d765e
2026-02-09T11:14:49Z,YuGeOvO,account.9ad97ddd58634b1bad0e3a77b088be7b
2026-02-09T11:14:49Z,rxxsxn,account.be2cef4a02714bef88bc258ad6f37eca
2026-02-09T11:14:49Z,Jwtia-,account.8720ce32cb8f4700bb1924ec57bc5f31
2026-02-09T11:14:49Z,Se0K--,account.326187e605aa44dbacd4f624630593e8
2026-02-09T11:14:49Z,LeeJaeMyung13,account.cb3c524b742f446fbebc67d900d9c42f
2026-02-09T11:14:49Z,Deceive1109,account.36eb7dfbf69e4786a4994a464ad4626e
2026-02-09T11:14:49Z,DouyuTV-4393804,account.d73efbe4e37248618cb38803f177fb75
2026-02-09T11:14:49Z,NighetHole,account.0f88c31efd09421d834faa2edbffde44
2026-02-09T11:14:49Z,jeminmansae,account.3ac84699fc8647e38a6caa05cfe6243d
2026-02-09T11:14:49Z,s5e5tb56t7,account.ca7f54f73d60489794df4e937c0ad083
2026-02-09T11:14:49Z,Prosing,account.d4213c77aa8c4e01b72cd43fb7cccfca
2026-02-09T11:14:49Z,ad1245642,account.b168a5a66be04252a4becabd11e2ca14
2026-02-09T11:14:49Z,13652440,account.d300c38bf3ec49c89fc268a21cf11d42
2026-02-09T11:14:49Z,90Koi-,account.7b03953a2ab1493e846350d4d151ec28
2026-02-09T10:55:19Z,Strike9_,account.b0f0e4c6b0f14be6a169b2cd9847984a
2026-02-09T10:55:19Z,Dorotheros,account.680e3afa67fb49ceb2cf493c89584b3d
2026-02-09T10:55:19Z,pov1d0n,account.10549ebca24642499f5f87ad44d660c6
2026-02-09T10:55:19Z,LYGSunSky,account.a59e80b7938148e8a4de3e26adcc7f14
2026-02-09T10:55:19Z,T2rrry,account.09c1b535b96d4c77850f3f970c55c0e4
2026-02-09T10:55:19Z,PEngJIn_,account.d4eb6e4200fc448fad948c81e50e1387
2026-02-09T10:55:19Z,metamong____,account.e8e466e7630f43c1bdfc59cd8ce8adb0
2026-02-09T10:55:19Z,0913TTTT,account.ef1937d29645430fbb4d7b3072b4a38b
2026-02-09T10:55:19Z,SW-Miraitowa,account.e745bcba800f4ac49673bca58e28f0c7
2026-02-09T10:55:19Z,CHN-DYangGeGe,account.4150365f7ba14db2abe4046ea55e8836
2026-02-09T10:55:19Z,saoLV666,account.4fc68f465a2140898ba0825396222b87
2026-02-09T10:55:19Z,PerfectBabyWYX,account.ba2d63d7a8e546e0b8ff2b6582d0daa6
2026-02-09T10:55:19Z,Jeogtoma00,account.caa8431904cc4a028e5428253a330735
2026-02-09T10:55:19Z,xoongx_,account.9594ba0fac314a81b4c5071e5c947bf0
2026-02-09T10:55:19Z,VicTory-jiaye,account.2f855a91921843a29e7fc98df933d764
2026-02-09T10:55:19Z,Mystery-Feng,account.8176749a44cc4072b944811d77360034
2026-02-09T10:55:19Z,G_COOOOOOOOOOOOW,account.83d39765dca646af97665d1f8984b774
2026-02-09T10:55:19Z,ZhanShenShuai_-,account.c1d17bceaa9245b093005f01a082c609
2026-02-09T10:55:19Z,Yubi99,account.1bae777ee11142d2baf5f4288d1c5bf0
2026-02-09T10:55:19Z,JiuHaoQiu_-,account.d26c5e01f479411fab938d694f418083
2026-02-09T10:55:19Z,Storm_Gemzi,account.d52f41ea85af402daa4900bfa858ae50
2026-02-09T10:55:19Z,CY_Dabai,account.7d5b8000e8ad420ea2a5201d928295cd
2026-02-09T10:55:19Z,NO1-LEADER,account.bbbf9eb6d3ae4826bba30e227321867a
2026-02-09T10:55:19Z,A_ananlong,account.5ebcb8f518b44dd9a28a349d4ca17aac
2026-02-09T10:55:19Z,xixixixixiiiiixx,account.b55c384d83f94404a263152da6a64940
2026-02-09T10:55:19Z,ToPx2c,account.409dad7be3dc4b4fae717b3ed5311d6c
2026-02-09T10:55:19Z,Alt_Tony,account.451e0a486d5545f1aeb72317b04bc040
2026-02-09T10:55:19Z,0111_v,account.26a4ef60bc204b4fac0dfbf81cf6198b
2026-02-09T10:55:19Z,yese----,account.8ea2a44d233b489e8516aec9d20ca36f
2026-02-09T10:55:19Z,BibimBap_-,account.7391c4df5cc44425bf88fe10aa0d35e3
2026-02-09T10:55:19Z,Tse_9959,account.725f79b6e894483e9e25a2abb276d104
2026-02-09T10:42:22Z,GoPud1ng,account.9221e380e7ec4c4fa58e1fb0614ee1dc
2026-02-09T10:42:22Z,Yolo-CaITuI_-,account.a83c0489308141ab9b042e1f7ba5b01f
2026-02-09T10:42:22Z,EDGZMJK,account.741c3dfbd164421cb9256f529c6d7c8d
2026-02-09T10:42:22Z,edxrfhndfx,account.ef6654525e9a4b1fbcf6610f15edadda
2026-02-09T10:42:22Z,Becky-TTXX,account.44bc3138d81947bbb52459eb675c82e6
2026-02-09T10:42:22Z,Lz_DaQGE,account.5bcf749119ef44c6a8599deb1026c710
2026-02-09T10:42:22Z,lazyfeel-_-,account.1a567c253d7c4b81aa17521b520976f6
2026-02-09T10:42:22Z,CcError1_,account.f5819ed785cb4099893caef687a628ec
2026-02-09T10:42:22Z,Deacom_1989,account.84071afeb61e4e1a8ac1c3c3cf61a947
2026-02-09T10:42:22Z,Xia_jia0v0,account.aefe0604ce9d46309175a347681303e4
2026-02-09T10:42:22Z,xiaoyi981219,account.20deb3b758d4483c85b32dbdde728353
2026-02-09T10:42:22Z,Giveyourbra,account.404d7071af2d44c2a90b977d6d7ac9ad
2026-02-09T10:42:22Z,jhbmln5,account.fe344b16c9984159bd45e501025e6fcd
2026-02-09T10:42:22Z,2CN_Bloo,account.1cec5e31e80b456cbb6139ec67c89812
2026-02-09T10:42:22Z,Luvvvber,account.baccca93043b470092b5a41a40b4ed8a
2026-02-09T10:42:22Z,2CN_rabbit_S2_,account.8792c54140a44129a3fe013ba1610b1b
2026-02-09T10:42:22Z,Hi_Hi_Hi-_-,account.db8273d75fcf404596f240e8ee150d16
2026-02-09T10:42:22Z,xhan6,account.607628769fed42f0a9e27fa02cacd2c9
2026-02-09T10:42:22Z,Nibiej1,account.f2366b154c2f450585aab655d830302a
2026-02-09T10:42:22Z,absalute-__-,account.c65e5c24b83244529ff4bd47dc10d323
2026-02-09T10:42:22Z,Bumper-_-,account.b8eedeecede84a999c1be0cc3bd8e037
2026-02-09T10:42:22Z,0142_,account.0f8299b9227b493085b2e23fa4e49460
2026-02-09T10:42:22Z,simoosimooya,account.b1a90abc7974488ab05d5b6ececa6f98
2026-02-09T10:42:22Z,cksdid10,account.2364c47e9d004cd0b9867f47259ac197
2026-02-09T10:42:22Z,LHM_Erge,account.f814be36f38c4e5ca0efbb9e3624043f
2026-02-09T10:18:44Z,Ghost_-o,account.4f6db135539e447e999cfdff4dc597ac
2026-02-09T10:18:44Z,bin_3214,account.2f25f7094ab44060a1a5f732d50b6d40
2026-02-09T10:18:44Z,Rifle-Jeong,account.1ae26c31c98744aaa0b502749984b523
2026-02-09T10:18:44Z,ZZINDDA_HYI,account.dc6f90a14cf34f9db3b4be767dd99127
2026-02-09T10:18:44Z,Flirt_19,account.fb43be29d2f2400ab2f9f3511cc1bfe9
2026-02-09T10:18:44Z,CNTL_huaer123321,account.a7e691fc917f494ea150e911956ac6f9
2026-02-09T10:18:44Z,ZeNa_AUG,account.08c37cffdfdd434687570cad69c9cc54
2026-02-09T10:18:44Z,11268712893,account.987aeaae7a9d45be94c5ee90afd2b8c0
2026-02-09T10:18:44Z,FXXK-AND-KILL,account.c2dddb8dc40b4232873ebe24bc9d6298
2026-02-09T10:18:44Z,YB_Hua,account.cf8852c735334b24b8fe3431aa41af67
2026-02-09T10:18:44Z,Xu-Xiao-Sao666,account.1bbfbaca99514b83ac0ac749cb0ddc18
2026-02-09T10:18:44Z,M4A-xiaowen,account.c090784945d0412d8f15fd6521c3e262
2026-02-09T10:18:44Z,I-am-iKun-007,account.6192a5b5b1c947d0ab158c5c04afda0b
2026-02-09T10:18:44Z,asdfjk12,account.f8745c7656f54f389672a103270cfd2b
2026-02-09T10:18:44Z,Joo_dragon00,account.83be19d4bf4e48efa2d8988e7bb0245b
2026-02-09T10:18:44Z,HeSimaGuer,account.9942ee35b6af415fab5300d0888f5e5b
2026-02-09T10:18:44Z,CC_dabaicai,account.b408250a3efa425ebf3736870a728a9d
2026-02-09T10:18:44Z,jogga53,account.5cdf70889f9d442b80a079c5540935c7
2026-02-09T10:18:44Z,JDWT-NXNL,account.e3499a18722d4f698d638d305a664d81
2026-02-09T09:54:56Z,Dynemic_MMA,account.e1fbcedae82944cba966424193a9a449
2026-02-09T09:54:56Z,RuiKe-Zzzz,account.00bbffa0ac9345f087d91e8a22005d07
2026-02-09T09:54:56Z,ZxxGUNxx,account.0f1db0006cd04a3791db647cf676c19f
2026-02-09T09:54:56Z,KaiXin-17,account.a23b22448be8410e8a4948945affea87
2026-02-09T09:54:56Z,400-8208820,account.d21e5cbb608d4d7c81e39bdc34490e62
2026-02-09T09:54:56Z,CuTe_CanNa,account.101f317d71b54f44978b23d91f95a60a
2026-02-09T09:54:56Z,Hollllllly_shit,account.2a3415c1e9394c9eb10922b2d0c272e9
2026-02-09T09:54:56Z,wogannibangbang,account.396be2f5a43e45668f04d5b2a1fedb04
2026-02-09T09:54:56Z,HalGerGaeUn,account.c741ef38b34c46a2a6a3a1a30b1b20ce
2026-02-09T09:54:56Z,VFX_LEeJIN,account.3fc6f4f2e7684b5bad7db128d516f4ae
2026-02-09T09:54:56Z,LinMan_00,account.9bdb383fa32f4236ae45bf1c0c92e6d0
2026-02-09T09:54:56Z,1uBaby_,account.74aae4584d70419186461b180e498a24
2026-02-09T09:54:56Z,XinXiao899,account.b1590bd4367b48feabce33d9ecc6d85b
2026-02-09T09:54:56Z,XuckyouChina,account.5f74108f0dd64543b07c5986ad35123c
2026-02-09T09:54:56Z,HD-qhd_,account.ea1fb5084ec44dd783bf9baf6b257059
2026-02-09T09:54:56Z,7m1y,account.2ca48122e87541e791427fb8145fdad6
2026-02-09T09:54:56Z,ring-123,account.6708c3d4149b4d18b3ed3ae184a78c48
2026-02-09T09:54:56Z,K1zL_-,account.8cf840dc26e345c3879b38192f49ea5a
2026-02-09T09:54:56Z,yy255144-,account.6921dfcc274740588090509a990eec12
2026-02-09T09:54:56Z,aotemmmm,account.6f0ee6c5f42c439499aa901afdf88c41
2026-02-09T09:54:56Z,089x,account.a2688faeb0874c4390b303ab5a279e4f
2026-02-09T09:54:56Z,GMO_Long,account.eeaf97172e3345a1ab99b70bc97c71ee
2026-02-11T21:15:23Z,xizinpingbo,account.0ce98316e02449dab5caf27ad8bb22f8
2026-02-11T21:15:23Z,YS-YS-9587,account.522c7e256abc4ea887299a15ae5d23b9
2026-02-11T21:15:23Z,DIDADO9,account.d41f3e896ba3490e9701c3ad607ac7c5
2026-02-11T21:15:23Z,05o1ys_-,account.4f7ae4a349ec4b4889d3eaa890dd5e83
2026-02-11T21:15:23Z,Yy38090,account.897e2426f989462c9274a3c20f712a44
2026-02-11T21:15:23Z,AA1238,account.c6a947e05fd74ca1be375ad56a484262
2026-02-11T21:15:23Z,Tom_Jerry00,account.34b5e618d16c43fc80a7d3757265efa6
2026-02-11T21:15:23Z,EmInHaiTTai_,account.cf87769e522a41a59afb08e41e6eeba2
2026-02-11T21:15:23Z,KNJxxno,account.1cca3cb4985f44a8884e655d69fa2698
2026-02-11T21:15:23Z,Zuri66_-,account.c6450bcd406c47ee9e1784aaa9f32d8a
2026-02-11T21:15:23Z,MMC-7788,account.5c47b37725494b96ae92de7f66bdc1c7
2026-02-11T21:15:23Z,XiXiBaBa1225,account.36b05600fa934abb91c6067c80545b4e
2026-02-11T21:15:23Z,K7V3z8b,account.796cdb80cec94193816644b71d21f01d
2026-02-11T21:15:23Z,China-Cheng-Feng,account.32e7f9a9d4424aa291e8e9fe732aca8d
2026-02-11T21:15:23Z,zzugirl,account.3d989568824247b1a4c98bcfc2248168
2026-02-11T21:15:23Z,BATTLE-Mus,account.89ce1526d63e4f0395f5abdadf1fdd24
2026-02-11T21:15:23Z,YanZ1a,account.2d2efa1fae45404badbe919ab1906f56
2026-02-11T21:15:23Z,challenge_xb,account.b44497d80258423a8d9a6df2e096c814
2026-02-11T21:15:23Z,I-Eva,account.f27e8259e6a244c2a48e36d7014e462d
2026-02-11T21:15:23Z,SuperMiling_,account.270864ed6e4a42aab8602f46b3ef411d
2026-02-11T21:15:23Z,kiri4160,account.d9181f70e1834bbeb26790b1ba1865e9
2026-02-11T21:15:23Z,qin99315,account.d2851086ecfe4b34b6f12864590da942
2026-02-11T21:15:23Z,EmInShayyyu_,account.d6fb7a6834fe4e8b9d5889dc53229573
2026-02-11T21:15:23Z,YY---95789376---,account.01fe3c22f10f441bbd83d37e4da2107f
2026-02-11T21:15:23Z,BaoYu_oi,account.9f15a11dbd914c28a63e349e32f06329
2026-02-11T21:15:23Z,Shanx6,account.51e53a27976e4ceeb1200f1d8b1016bb
2026-02-11T21:15:23Z,QAIN-jin-002,account.052a092a778c429ebfcc6747ec0aa004
2026-02-11T21:15:23Z,KR_hayo,account.0a5ac349b73d4900a8d0f8f1564cbe9f
2026-02-11T21:15:23Z,ueuk,account.033b464026c8454e9e9f6c52a957c40c
2026-02-11T21:15:23Z,STAY_-7,account.7b3f51f9a7b14711bbbba24e49745ed2
2026-02-11T21:15:23Z,GuDanArongY,account.349adc95ec7b40ca920b4ff63bbe9df2
2026-02-11T21:15:23Z,Yunno-_-,account.00e5ac76cb6345869f5f6b61554c09cb
2026-02-11T21:15:23Z,anzhe0922,account.c09727f07be541e2843fec2c2e1a2ddb
2026-02-11T21:15:23Z,0630i_,account.5b6c475d3c4945fe8d9e337d413f9eac
2026-02-11T21:15:23Z,55_Lee,account.91d2e418333c449dbdf40394df691bfd
2026-02-11T21:15:23Z,Lonerdami,account.c91e2242fac14b35af47231a30f6c3cf
2026-02-11T21:15:23Z,toyoileun,account.5705a03256a74889bc57e0974e8f2833
2026-02-11T21:15:23Z,Ruibrs,account.2a3815f33c144354805e2b58308957fd
2026-02-11T21:15:23Z,ChenX1nRuYi,account.c3518930668e49d592266c0ee0a6d827
2026-02-11T20:59:57Z,CocoisPig_,account.f2c3684ffb5e44b3abed6c4e66cdcd3d
2026-02-11T20:59:57Z,dzzzzz923,account.cb7ab8479d594e3d8546a1a915544c20
2026-02-11T20:59:57Z,WarmReign,account.1cc4b7131bfe4f719be0212e147ae2e2
2026-02-11T20:59:57Z,bubu-y,account.243add64d52a4965b01a5ad3dfe5f71d
2026-02-11T20:59:57Z,Barkin_C,account.e3f83e6213b7482e95178fa082766b37
2026-02-11T20:59:57Z,SevEn77-Ev7,account.ea53f02d1b5d4a9e8202162b1687ab1d
2026-02-11T20:59:57Z,WHT-Deitr,account.3f01871a08284a08bda78ff053f68711
2026-02-11T20:59:57Z,China---Xccc,account.0f7c0cdc56b34694806eee91ab22c2d0
2026-02-11T20:59:57Z,GuiZhou-K01,account.b107089418ce4047a40d97bc1db03f3d
2026-02-11T20:59:57Z,Cr7_gwy,account.893e6bc6ad9348689a78107cab486c50
2026-02-11T20:59:57Z,WELL-YANG-,account.40231b15ce374f64a44973e17e6a3abd
2026-02-11T20:59:57Z,SQ_Pengyuyan_,account.025bfa76194b48c09a4aa82f2b5b834f
2026-02-11T20:59:57Z,ACHATTAMUK,account.85f12818721f44d8ae382545048c2e4e
2026-02-11T20:59:57Z,Kinbcy,account.d7f6839880f540f0aff7ddec524eeb7d
2026-02-11T20:59:57Z,Bzd_Hxx,account.df5937f01ede44809f4efa1ecbddce37
2026-02-11T20:59:57Z,YiYiBae_,account.7d9907e9c5d3464790502226220b8e7d
2026-02-11T20:59:57Z,UFO-2016,account.35f3bf342f124ab7a7117bf2830607c8
2026-02-11T20:59:57Z,wojiaoxiaoheidou,account.f0bdadd1aa734606849008f71d74af6f
2026-02-11T20:59:57Z,A-718-,account.c27eac23a15a4837949c1895456da68c
2026-02-11T20:59:57Z,X1aoBao_-Y,account.51a170cf62934e5e8b4e826d60065942
2026-02-11T20:59:57Z,ddoddodddd,account.5060a276815347258ec4db50bd30875f
2026-02-11T20:59:57Z,1S8Q,account.1c9459bec0404803b083f62111c22eb2
2026-02-11T20:59:57Z,SuperShuaiGG,account.e01e38e2bb894964bda2f58e53e4b336
2026-02-11T20:59:57Z,2Pm_Xiao9,account.8255c4c784a04d1598dc31000e6b4b17
2026-02-11T20:59:57Z,JJ-haodaa,account.23a9359712044829a884dd67b18f90e3
2026-02-11T20:59:57Z,rkdeodhks113,account.5a38b32138f049c589d6640c8d18052d
2026-02-11T20:59:57Z,Ai7xz_,account.ebab305e3ba34e25a1cc3f7c932ac5ed
2026-02-11T20:59:57Z,YeXing7Ba,account.e2050192671c40519bf3d1e7ae81e19a
2026-02-11T20:59:57Z,Sorrymaker29,account.0e897678cde44acaab1a8b4c6fc261fb
2026-02-11T20:55:27Z,x4p_eek,account.fe2c8504fe0242c7a8b5d3933068d7ce
2026-02-11T20:55:27Z,Triumph_scramble,account.17ff0f662ec04874bf72a7377a10c9d9
2026-02-11T20:55:27Z,wontothesik,account.597afdf4760943f0ba24cba4cd8dece7
2026-02-11T20:55:27Z,LittleBoy_Xiner,account.1183e0ca7de44696b798d3974b847dec
2026-02-11T20:55:27Z,DJ-vikey,account.b372218bf6644143b9dd41662d0248d9
2026-02-11T20:55:27Z,yoyoyo-123,account.2e5a8a69ff744343a1b6b10486ae2b52
2026-02-11T20:55:27Z,Min-Jae__,account.295900defa15471fa7125bd96cd34735
2026-02-11T20:55:27Z,9960345,account.c34e210928c84b0da02a8251f33d3602
2026-02-11T20:55:27Z,Bang0-,account.e85d9ded4e6341b9943281df54278f48
2026-02-11T20:55:27Z,mjae081224,account.e267cf258cd349f9aa7a780523f634ed
2026-02-11T20:55:27Z,XiYouDJ_Msz,account.a0774adaadeb436d81104a7fbc527dfe
2026-02-11T20:55:27Z,iiol6,account.8fe54ded18ab41eabdb8901ea73704b0
2026-02-11T20:55:27Z,Heyanqqqq,account.056476ddc26f4b3ab31acb8afb5a377f
2026-02-11T20:55:27Z,BaiziGee,account.831e36a4f57946f5ad8f9ff9dcf6358f
2026-02-11T20:55:27Z,mallankkau,account.94aa0265e20841d5b27cf5eabc7a4854
2026-02-11T20:55:27Z,Yanshi_314,account.30d8b863fda44b328b595de9742edb93
2026-02-11T20:55:27Z,1Dko_-,account.fbc2b61653a64b2ab11d176ee3bf1c1e
2026-02-11T20:55:27Z,hjy03-,account.79cf508bda58477d984dcd3e7dea5ae3
2026-02-11T20:55:27Z,hwanghj,account.791786ae052e4ac0825e7952d60b40f3
2026-02-11T20:55:27Z,mitrwf3emss,account.f851da8fa29345cb85a76af3031d7665
2026-02-11T20:55:27Z,770-880,account.54125fea04944d91b1b23bea391771ac
2026-02-11T20:55:27Z,Seventcipity9,account.a509ad09380d4091ab14182b100672a0
2026-02-11T20:55:27Z,Q1anNan1ou,account.99efc204e52949d595a28d4b171f152c
2026-02-11T20:55:27Z,yeojun0212,account.b3ba4f9963c944b98653657e471a2e6a
2026-02-11T20:55:27Z,bbngb,account.67c77a2c08e6446497aadf7c9e03d935
2026-02-11T20:55:27Z,Lucky-Coffee-,account.cfc7444902764b519370b1c0762e4b0f
2026-02-11T20:55:27Z,PUBFG-Mr-Sdy-01,account.d4b5af05a17d4de58d51b9e6f48941ec
2026-02-11T20:55:27Z,5A-Jun,account.178b247d2cbf4bd589a919c3e704952d
2026-02-11T20:55:27Z,Nvbaojun_-,account.dce2662d1a14432ea3c6b706d087bc45
2026-02-11T20:55:27Z,10feet-1ben,account.bbd3ac9415604af88bd59e909a099a41
2026-02-11T20:55:27Z,Y_CJin,account.da6650b17d994a9f963bb080fb789164
2026-02-11T20:55:27Z,GeGe_BieMow,account.4822d71b82fc484cab6d741b0892e33e
2026-02-11T20:55:27Z,P1P1__shushuba,account.ccc6f670906b45d7aee35af35a944d1f
2026-02-11T20:55:27Z,Tiao-san-,account.f982d0e3123b42a7bca18898f744b723
2026-02-11T20:29:48Z,Suvee-_-,account.88bf519b18c3443e9c3c42ce37f32f44
2026-02-11T20:29:48Z,09300_,account.dc58314f1a334c68af5d4a0eafaf2b39
2026-02-11T20:29:48Z,Fei-Dai-Q,account.10d3398b8f184162b54eac2f0fb9d47c
2026-02-11T20:29:48Z,duckse0n,account.878d3ce405434a4cb7ecfd64c38a8b75
2026-02-11T20:29:48Z,don9z,account.28d7e13b10914946b92e2b7f0254fb60
2026-02-11T20:29:48Z,Yanghuniu_66,account.d84bf91c7df24fefbae2cfa86ebb5045
2026-02-11T20:29:48Z,robot993,account.97c1590a3f9f44f3b30bf7f6b9b4f6c3
2026-02-11T20:29:48Z,zl762,account.e22f17412dbe4158871c157148eb1b4c
2026-02-11T20:29:48Z,www258cm,account.f7f8f5361bf448249c7e5a7f36a25a6f
2026-02-11T20:29:48Z,zonnaganghannom,account.3aa041ba2a0e4298a67a1e162acc739a
2026-02-11T20:29:48Z,haruzzing,account.c360387248f14668b66e3e5c3816033b
2026-02-11T20:29:48Z,MuYaoXiaoMoWang,account.314deabc375f4bb0b44b03caf8c964a8
2026-02-11T20:29:48Z,50541_,account.7a8b87891d2545ea92e4182849307ac4
2026-02-11T20:29:48Z,YangYuBa-,account.832022723dd349b69a5ad66ca5433d1f
2026-02-11T20:29:48Z,4unn_,account.0799a1e4d5554dbdb64acae4548f3a8f
2026-02-11T20:29:48Z,Gangsu-_-,account.2de64e36518b460cb7b7bcf579fbea60
2026-02-11T20:29:48Z,Tikz-1015,account.04daa03ae17c489cb774acd95b44076a
2026-02-11T20:29:48Z,Hu_Ya--15398627,account.227f41b31fd34b77b08eb1cc91186485
2026-02-11T20:29:48Z,A1Make_-,account.2c6ace760b57467c8acb204c195485c3
2026-02-11T20:29:48Z,QQ-x29r9602x932x,account.e5014c7378c945e8a95123d730a46673
2026-02-11T20:29:48Z,1banYiban,account.cb20c23220c6482abade6b48dcfb9c55
2026-02-11T20:29:48Z,wT09527,account.1751d114140b45b6bfe17366d090dae3
2026-02-11T20:29:48Z,NB-PONG,account.2a720cfa8a974433b34a792de15caf0a
2026-02-11T20:29:48Z,Fearless918,account.8a797b71c94b4de9ab7184bc8b11800f
2026-02-11T20:29:48Z,9iibb_,account.3048f4c5a674435fb42cd9f52406b8c8
2026-02-11T20:29:48Z,LIVEO_1234,account.78234c554362486d830eaac366405aac
2026-02-11T20:29:48Z,memory-_Liu,account.095b46fb516b4528bbb6966fce689045
2026-02-11T20:29:48Z,Kittyen_0309,account.f35e28b9691a4045ae6f52ea62069236
2026-02-11T20:29:48Z,BaoTu_-KuIlINan,account.70879ee80e6f43d994b9361ba70dba25
2026-02-11T20:29:48Z,oooooSiQinooooo,account.7414f67e05744319beaee135d73b2b0d
2026-02-11T20:29:48Z,AixiaoIu_-,account.10cd282c1bcb4885b2b0cf2f0d4ab35a
2026-02-11T20:29:48Z,KivaT1_,account.d8953aa896e0442794586fbc003d939d
2026-02-11T20:29:48Z,sad__xx,account.bc2561b4bc2a4a55bd7d27e187e78da8
2026-02-11T20:29:48Z,G-Diu,account.bedb2d5f51f0469685ce1a5aae6fd585
2026-02-11T20:29:48Z,ssaammbbaa,account.38e568eab02c4e4cb2fee3e3a82dbf37
2026-02-11T20:29:48Z,4o7o_-,account.92aeb2945c074ccba184a849a1390818
2026-02-11T20:29:48Z,a1nn-,account.1f2a2fcee97640fab67d1c6cfed0c89c
2026-02-11T20:29:48Z,Lnvincible_HA0,account.997622bc42c3456ca9538cf268cd3910
2026-02-11T20:21:18Z,xishiqiang,account.5980564b385444d093cfbd1a017f1086
2026-02-11T20:21:18Z,Gamer-Line,account.7717df522e4e45be9008864fea4a64cb
2026-02-11T20:21:18Z,DJ-841020,account.a3c8dd2b57444acd8f8bdf775160180d
2026-02-11T20:21:18Z,XuJ1nHuan_-,account.b34358f9bfa54bb098d536b3542291e3
2026-02-11T20:21:18Z,y6un,account.c06e88efd12946b39de133a9ea99f17a
2026-02-11T20:21:18Z,99Yii,account.a1dcc93bfc9345278f60ff9e56284d88
2026-02-11T20:21:18Z,juzhangz,account.88b6a35f5d8241ac9bde9a524eca4312
2026-02-11T20:21:18Z,0_6uop,account.1ae7fe22269d42e2aee1d78066ab3fc2
2026-02-11T20:21:18Z,KR_GGukBab,account.1f2ce32ffd3e4e54a2b34b982b10802b
2026-02-11T20:21:18Z,xyweuandw,account.0d9320a15e98438981d01ab9ed45ccf2
2026-02-11T20:21:18Z,ie8jl77d,account.3fc4419d6eb640cd9395e3c180f2a13e
2026-02-11T20:21:18Z,rpio,account.c571bbf0163d4c17ad2068676919acfb
2026-02-11T20:21:18Z,rkdwlsektksvk,account.2510062b33034d14bc491d32091305cb
2026-02-11T20:21:18Z,DARIO-DR,account.f91a5f0850084322a1b90ca0fda27994
2026-02-11T20:21:18Z,king-98k_ak47,account.bc90e1286570493b895d3186ba3eba9e
2026-02-11T20:21:18Z,9niubbbbbbb,account.22d1bbce75d24a8a96a51ec892970b06
2026-02-11T20:21:18Z,Copy_Cat_o_o,account.4587b85ffe6641ada1dccdf93a8b678a
2026-02-11T20:21:18Z,Autism-Rascal,account.0a89198acf8f41dc996b9f0ab544aaa0
2026-02-11T20:21:18Z,Ak_anguoguo,account.a74bf7da9e3549388c51d1d384db877d
2026-02-11T20:21:18Z,M---z188,account.e191afcc2a4d442389870e6bca6ca9d9
2026-02-11T20:21:18Z,ANAR-0814-HUAT,account.f8f4b65bdb4c4a36bd6824a0251f81fa
2026-02-11T20:21:18Z,Airorne_TroopsL,account.180fc826eb9942e99a42869ab4cae51e
2026-02-11T20:21:18Z,AgoniHii,account.5ce3747f942a4318ad2ee0e0069db244
2026-02-11T20:21:18Z,juzhangs,account.65d28fed3020457284b22f0ef847ae6d
2026-02-11T20:21:18Z,GiveMe5_-Oreo,account.b1fdfe6c0b2448bcb94ea35e89bf25d4
2026-02-11T20:21:18Z,CC-chuchuan,account.c9f5e0f57e7c4f9caaa70afd9e5dcfd8
2026-02-11T20:21:18Z,Mobster_24K-X,account.d3946267db0443579a30b7a55c999a5c
2026-02-11T20:21:18Z,Zachmanm,account.67c03b77d23e4a77a333c7862bee45fe
2026-02-11T20:21:18Z,jaycn0372,account.1349b1438bc04ac983d7aa6949ccb58e
2026-02-11T20:21:18Z,DDHDDHTV,account.79505d88aba149f39746c327b5122e85
2026-02-11T20:07:24Z,Cocolutte-1996,account.a9cb41be77ec4fd1b5da1648dd5c901d
2026-02-11T20:07:24Z,Theone_DaMing,account.d0b83819b3fa432996373257c190dfec
2026-02-11T20:07:24Z,CICIbiubiu,account.f5131f7e1a864acd8a52355752b5eb05
2026-02-11T20:07:24Z,Innermost_Soul,account.df796f90699d424798b9572503391e5c
2026-02-11T20:07:24Z,Nian_Jiu_6666,account.a8a18d3587e74403a54da1f86c36d8fd
2026-02-11T20:07:24Z,DOUYOUCARRY0,account.b3c124a516754c32bd1082a72a71e1d6
2026-02-11T20:07:24Z,Xxxbella,account.f366e185169e42408c73dc0c9906b814
2026-02-11T20:07:24Z,JIJI-__-18CM,account.2fc0c1ee571e43a5a479daa635f5f1ca
2026-02-11T20:07:24Z,sheng_66,account.54e06ef153c54883ab34ee24fda2bf1d
2026-02-11T20:07:24Z,LYB-LKB,account.693c8bf77ee44d9593dc33ea0d0fb6e5
2026-02-11T20:07:24Z,RED-fire,account.23d45fe3fd694aa1997c8bf473742b27
2026-02-11T20:07:24Z,CQTV-0928,account.ba62566708dd4ba6a9c4aa0a08f77a27
2026-02-11T20:07:24Z,TuLaoDa_LangLang,account.b1084dde8fa1453a8ad93e267e197b69
2026-02-11T20:07:24Z,shuhun99,account.7dae1a0ef58e42f89268acff6d0ab13f
2026-02-11T20:07:24Z,DAG_XOOX,account.d0c3e6e22d784524ab4e40570fe10466
2026-02-11T20:07:24Z,jiangkunhui,account.ea3e9ab5d8624059a79f6f672f28d80b
2026-02-11T20:07:24Z,Moongchi-cat,account.8ea31467fdbb4e9ca1b95460e8ed1f02
2026-02-11T20:07:24Z,IHuaLaHuaLaYou,account.900e44d439be458cb2ffc880f7e14437
2026-02-11T20:07:24Z,lllilllillllil,account.72bef38815b5464b81dcaa1816e5776f
2026-02-11T20:07:24Z,LoveHyojin_,account.3a921e88f1c54b02a53fc902dd5a7a17
2026-02-11T20:07:24Z,PaSsIon05,account.87906c5ae83b4d6b8023121d0d10f0c6
2026-02-11T20:07:24Z,xiaoheixiong884a,account.37521a56879142ecab78a9593017a332
2026-02-11T20:07:24Z,MWMWMMWMWMWMWMWM,account.2f2c4d2ac0904537a7def214cb72f147
2026-02-11T20:07:24Z,FReedomde-CC,account.2d474e2026004afa8aaade950981a6f4
2026-02-11T20:07:24Z,sidEhdqjffp-,account.18760c6d55324e9abf163d6df2f213d3
2026-02-11T20:07:24Z,LiGGGGGGGGGGGGGB,account.62d3225e32804ea3b5afd42c838b029b
2026-02-11T20:07:24Z,Mythomann_,account.173467b60d194c879694f175c42c707f
2026-02-11T20:07:24Z,TuLaoDa-Bigboss,account.0a1fbde225b74ff69d01decf75f07a86
2026-02-11T20:03:59Z,990920_-,account.9cb1c0d493fc475d9059512d9f581ae3
2026-02-11T20:03:59Z,PeurMe_,account.40af0b5070f44cfc8d25d459bd632ddd
2026-02-11T20:03:59Z,6298_,account.2d1b94dc39d74bf4a37c993895144f1b
2026-02-11T20:03:59Z,Jiveland,account.3cd8c3b01bc242deb07140d1b7e2d14a
2026-02-11T20:03:59Z,A2MY01,account.42cefbc7109f42f89151641ace14c285
2026-02-11T20:03:59Z,JiaoWoZzzGe-,account.9a6ee548cd33453cb0e590f1e7d2736b
2026-02-11T20:03:59Z,XST_EiMismoSoL,account.61800b5e933247b7834d0dfc6891e972
2026-02-11T20:03:59Z,Max1900,account.804dbe1154b14f839ff0691250344c80
2026-02-11T20:03:59Z,YC--9996,account.b2a4d0195f9948b5908ff19432f93709
2026-02-11T20:03:59Z,AAAA-O_O,account.08708036ac1047779353dacf2e522918
2026-02-11T20:03:59Z,Zs_5219,account.20ec2cf468b449a39cd5391b5624c653
2026-02-11T20:03:59Z,Ka3axstanecYT,account.149f1c4323c947ff8b0f139d06ac5676
2026-02-11T20:03:59Z,LB_baobao,account.91c14085ffc34959bcdf1190fa5134b6
2026-02-11T20:03:59Z,Monstar7_0,account.ddf17a0a9fe349f1bec8cf792adb8d40
2026-02-11T20:03:59Z,Kavin_leng,account.6c7ef151b1694e578562205d17195c49
2026-02-11T20:03:59Z,0i27Y_-,account.d2fbfa5045584624a7ca8b32f8ba7705
2026-02-11T20:03:59Z,MrSu_-_,account.49ce866038704212b438436093c88690
2026-02-11T20:03:59Z,7918_-,account.c6af1d355ac64cebae5b9a0e4d12648e
2026-02-11T20:03:59Z,diaoyulao_zhang,account.e6fa0214acb6401f978bb1803b4e0c3d
2026-02-11T20:03:59Z,Yu1i_,account.ef9c62d9e54544a69a54d3f5048b86f8
2026-02-11T20:03:59Z,XST_Cong,account.f23a866b7c5c4f9697a3b6621edf0b21
2026-02-11T20:03:59Z,xixi_N0_xixi,account.1eb0b8dd7f9d49368a224754fd23c008
2026-02-11T20:03:59Z,Stear-DG,account.ba00eb04dbe34a2987f50a425da4f9bd
2026-02-11T20:03:59Z,XST_laoWang,account.f864cd12f4df43d69e6ab8843d5d7dc6
2026-02-11T20:03:59Z,SHAKH-,account.a39642086c474678b435dd12022b56e9
2026-02-11T20:03:59Z,Devil_Mylovo,account.da6344b043824c73b213f7b79df61bdd
2026-02-11T20:03:59Z,1bUbuuuuu,account.1fbfe2329edb43dcbbabab1eb5427642
2026-02-11T20:03:59Z,Merzavec_,account.57f5490c2fb04dfbae4fb3e21ab19d92
2026-02-11T20:03:59Z,Tuuooii,account.6a923d4d6c9e46588fb41a0187025555
2026-02-11T20:03:59Z,111DAMIRKZ,account.d94a5525cf5c4f5da5c7eedd97a342cf
2026-02-11T20:03:59Z,Z-YeMin,account.3810f294ccc14ffe85fa7b884461f0d6
2026-02-11T20:03:59Z,SuperbabyXx-,account.5a1bdd29da194114a91fae13eec1d415
2026-02-11T20:03:59Z,3AM-WG-Tao,account.6ecae650139d405a848373e827287ef1
2026-02-11T20:03:59Z,XST_Qing-Ge,account.b5901b6192da4a57b11496de1a1ce0e5
2026-02-11T19:38:54Z,RackGeun,account.34e7599f9f7c4481ab9486249b6203c7
2026-02-11T19:38:54Z,yxn_sxn,account.f4e049cf2a6042249b80a980f21f217d
2026-02-11T19:38:54Z,Aura_Ferrari,account.965236ed60a64323ba5fb5379b7aa8fd
2026-02-11T19:38:54Z,baegopa45amg,account.ff979610d7354f89812a0877db7b5777
2026-02-11T19:38:54Z,4AM-xiaolong66,account.9376a83b3cd747c0be4971789e69208b
2026-02-11T19:38:54Z,97091Z,account.d973bd21a6c843d89dad7ed8d50e3387
2026-02-11T19:24:39Z,Amo-XiaoPang,account.740a25ae0eeb457fa10a493d48f02456
2026-02-11T19:24:39Z,JX-Sigma-Man,account.2da29ad41fe64c1e8d8266501e9f35d4
2026-02-11T19:24:39Z,IamKEL-,account.81cfbe0f87d8484e90433bfc62c35f36
2026-02-11T19:24:39Z,YTingTing_,account.95634d707bb449d8be0827d9332cb089
2026-02-11T19:24:39Z,iom7-_,account.26e59cfa29f74fc19e378bf3925ceee2
2026-02-11T19:24:39Z,Sh1y1oo,account.5d752e6f65da42b38150ceed1d26fead
2026-02-11T19:24:39Z,SixGe--,account.e840929229aa49cd8e30ebb988018049
2026-02-11T19:24:39Z,3892_-,account.19b5f3fc1d5f449ca5ff880b46b1c9d6
2026-02-11T19:24:39Z,gzs_aka,account.d34c1fa57dbc457ca5d8c76559275550
2026-02-11T19:24:39Z,91TV-GuoChan,account.36b20cd81e3e443bb04b9c0bc8435271
2026-02-11T19:24:39Z,KY0009,account.8cc7939728fd4256807fc3e4e56181e9
2026-02-11T19:24:39Z,iol7-_,account.5ec80cb580514bcc82ee696470d53780
2026-02-11T19:24:39Z,NeYo-JackaL,account.6eb0490763f548caab16bc39ee83e1b9
2026-02-11T19:24:39Z,suitu007,account.7cc92d43a78340d483b9c240d4b40e36
2026-02-11T19:24:39Z,ioj7-_,account.0843f24ce2784e90a92d90c934104f4a
2026-02-11T19:24:39Z,4551-__-,account.7e4032680f514639b83ebcd79e95b3f1
2026-02-11T19:24:39Z,Nihtcrawler_xx,account.f8343b3dfc744ff1ac49379dc53af82b
2026-02-11T19:24:39Z,x1ng_-,account.28e86c06d1c34f4da733f5b79c6b855c
2026-02-11T19:24:39Z,a_Repine,account.62b72a89d86c41ff8da951bfb2eb632b
2026-02-11T19:24:39Z,Amo-PangHu,account.d000abc73a2246d09a154927dcec34ae
2026-02-11T19:24:39Z,WWADASDA,account.2c7f4c119cd54682893ca172e2f2af39
2026-02-11T19:24:39Z,163cm47kg_75B,account.9b64357f201d42088f68b3f327817957
2026-02-11T19:24:39Z,Pen9_-,account.2a987aaa31e44d0fb78999d70637c46b
2026-02-11T19:24:39Z,yB-Rocks-Ev4,account.5a72acb22bea440cbd524b129e992bd7
2026-02-11T19:24:39Z,Kim-Hyeongseok,account.f327e8f1cc73454f8359923069143f02
2026-02-11T19:24:39Z,NO_0172,account.fc527f5491464668a491a19c8cc0b9ab
2026-02-11T19:24:39Z,Badboy-Boyke,account.ab1d3a4756b64a3cb7fac369ee876a0b
2026-02-11T19:24:39Z,lliililliilllu,account.ca0f2025ffe64de5b1ab1cf7dee962da
2026-02-11T19:24:39Z,KimS_n-_-,account.f408e8059ce24720820867fa73f2b8ef
2026-02-11T19:24:39Z,RongZui,account.5d3a087f5cb645bd9984886703634c7a
2026-02-11T19:16:54Z,HeY1J1eYou,account.44d8a873e8414529ba3ee137644c6c42
2026-02-11T19:16:54Z,Youyuan-_,account.f15c66a1c5ee4b00a6c00ad8123842e1
2026-02-11T19:16:54Z,il39,account.2e4e2ab0d02d40a4ac5acc3981d76471
2026-02-11T19:16:54Z,ADG_moming,account.32bb2a50c9b24ef4a7129ace918d67fb
2026-02-11T19:16:54Z,Liwu99_-,account.3d5c588545864ef4ae400b1c6664f47f
2026-02-11T19:16:54Z,HouGe-LYB-HNB,account.8a6ad352a1b2448a9c5d9881a8e9de45
2026-02-11T19:16:54Z,u1ro,account.4bc60c15dc7e4403863ca42fb361865a
2026-02-11T19:16:54Z,ASDFGHJKC,account.aca47c086cf34d6386a1bd006965562d
2026-02-11T19:16:54Z,Boss_1376_-,account.8b989f6b90d64df7b4f5bd06db394f3c
2026-02-11T19:16:54Z,OuYangNanNing,account.9868a8f0c77b4e20839c4381fab5151d
2026-02-11T19:16:54Z,Uouu-CJ,account.c2b2dec681af4bf2928697578ceedabf
2026-02-11T19:16:54Z,Top_Jaylor,account.7f956cf5372d413684f71b7a5bd9dca5
2026-02-11T19:16:54Z,DJB_JMZ,account.09d8eeee6dfa428c8dcb69d9bd47ef2c
2026-02-11T19:16:54Z,PHJ_DH,account.791b51059cfa4718a85a478b51a1484d
2026-02-11T19:16:54Z,GT-MengNan-HH,account.4d5fa87a153545ebad2643016feab880
2026-02-11T19:16:54Z,TsAo9u_haodd,account.dbaf45855f8444238c197555ef19276f
2026-02-11T19:16:54Z,WtaM-_,account.54ffa202abd24b90b1b89e33d403cd1e
2026-02-11T19:16:54Z,1116_oO,account.faf9f7fcb2cc495f8a7c610811bd3af0
2026-02-11T19:04:46Z,y1nTiankuaiLe-,account.658ea2f2360245d7947ee039c746e332
2026-02-11T19:04:46Z,ZH_-6888,account.6b3c9efc5a3f4fb1923134e910c55e42
2026-02-11T19:04:46Z,i8023-_-,account.28968cce67b44c67b013c565e112546f
2026-02-11T19:04:46Z,Emma_LX,account.b0c36361ff2d4f22a23a7da765d01ad2
2026-02-11T19:04:46Z,rolonoa_mafi,account.4151eaa9c9b8449a9d920fe158528099
2026-02-11T19:04:46Z,Mo3o_,account.53f30a68e7b4432aa9a9e281c4149b98
2026-02-11T19:04:46Z,Emma_LG,account.733e165216ba48b8afefd67bd0ec4860
2026-02-11T19:04:46Z,9614_-SulRembaN,account.41f2c4a1bfaa4f5ab8905569447cd43b
2026-02-11T19:04:46Z,Emma_AW,account.524a57b5419e45a58b85d76d6ae75852
2026-02-11T19:04:46Z,i0310-_-,account.8bf696d58e594d0abc22772f966433bb
2026-02-11T18:57:18Z,contery4941,account.a82e758907334f668699d9a63f42fa34
2026-02-11T18:57:18Z,hanguorenaichish,account.0a9b2af1d6d74aebbbf21d2272c49c0c
2026-02-11T18:57:18Z,HF_AShouLeiGe,account.926479d12d5e4ae78033c13a4a13e5bb
2026-02-11T18:57:18Z,K7uc,account.6337ff34f9064bbe871b6cc53377ce21
2026-02-11T18:57:18Z,DouYin-BoBoGe,account.e6b8cfc8bb7c45aa92ee75eda537b1de
2026-02-11T18:57:18Z,Lineage_stun,account.1bf5ccf676234a29a1ba14e2e0d42c3a
2026-02-11T18:57:18Z,AnJar_Xero,account.ec22a008a3bf45caa98cff7a5a595702
2026-02-11T18:57:18Z,LanSeReDaiYu,account.7b6d1d06f358481ba73b5d7742efa2b8
2026-02-11T18:57:18Z,HF_Atianyyds,account.3f5e5704b5ff4d56b85f70010be9ceac
2026-02-11T18:57:18Z,Camille-LF-P,account.6fdd72efa00643aca0bbe02e35e91790
2026-02-11T18:57:18Z,Rosalie_BB,account.5c5ec650783d403e9f5a41c97f452a3d
2026-02-11T18:57:18Z,llllllIIIlllllIl,account.30371167eedf422a8060c29d53fede30
2026-02-11T18:47:41Z,Tte610R,account.cabec75841d94054acc065995c6fa953
2026-02-11T18:47:41Z,K2CU_,account.00c957b13a7e4b92b9c968c8bc9a448d
2026-02-11T18:47:41Z,SUSHAOXIAOJIEJIE,account.a5aad204e80a44c081421ca15a1c70d4
2026-02-11T18:32:15Z,Mxxxxxxxxxxx-_,account.f726af20d4c24fe5bc83cddf7f84ee75
2026-02-11T17:46:43Z,Giraud-Be,account.447a94dbfea4447a8791160fb27206b8
2026-02-11T17:46:43Z,pp-zhengxiang,account.5b4c44999dee4d9d92b63091ee677aa2
2026-02-11T17:46:43Z,TomSholby-,account.cf29c9af86644e0b86365465812a4d04
2026-02-11T17:46:43Z,S2_React_00,account.a88611c9278f4d999eede6e3c8561c0b
2026-02-11T17:46:43Z,i2017-Gun,account.e7803dc46da74dd2a74941464069cbb4
2026-02-11T17:46:43Z,bieL1-,account.1f1031b411924834842e651c8394088a
2026-02-11T17:46:43Z,BOX_allforyou,account.6f3d30eb72534e169f38327c369da969
2026-02-11T17:46:43Z,JINONE_-,account.87a60c2d8ea84caca0bafe15394f2e60
2026-02-11T17:46:43Z,JiaShuaiJie,account.d3b02db696a2466ab81967076304c93c
2026-02-11T17:46:43Z,nmwmn-_-,account.5296dadca0cd4661b6f75720980dedb8
2026-02-11T17:46:43Z,T1_InHo03,account.4172c3899f5a47009bb64a0cb0cce1b0
2026-02-11T17:46:43Z,KGB_M249,account.089f46d7104f4c77a3992e5c7e1798c9
2026-02-11T17:46:43Z,afreecaTV_JuDDA,account.7f44fa1ee8084772894198ba09095447
2026-02-11T17:35:36Z,ZhanWeiLieHuo,account.3665c5b315c046229b2ad711678f0725
2026-02-11T17:35:36Z,TDFF_And,account.c426c01f89b649c9a191768956f2e0c1
2026-02-11T17:35:36Z,TDFF_OBO,account.fae039796f2a4360b7dbe33b04df5f55
2026-02-11T17:35:36Z,TDFF_912,account.a747a16eda3d41908925ae8a42114513
2026-02-11T17:35:36Z,NO_reverse,account.1b16b65033de441c8b0deace32f29fd6
2026-02-11T17:35:36Z,dwyir,account.751a1bce78594c78bc800ecfe5d9efef
2026-02-11T17:35:36Z,Mordenman,account.eaaf4e04004a41d5ac58b253ae752786
2026-02-11T17:35:36Z,SocialmanDy,account.d1117d0b28f1419b8c208d615f559488
2026-02-11T17:35:36Z,jundd25,account.a5c94afe5be943fdad918f66b4c459b2
2026-02-11T17:35:36Z,Youbin_-,account.3e96180ee270428d8fc4a9eb93312711
2026-02-11T17:35:36Z,Trillion__,account.0623dd6ebecd44419b4922baeebac70a
2026-02-11T17:35:36Z,X99R,account.4577877f0af844e1bbd2dffd823706d8
2026-02-11T17:35:36Z,AsraHEE,account.ab8229db416d4cb2b983d63285c0affe
2026-02-11T17:35:36Z,SocialmanAy,account.372aa63ab08a4efd8f3dac13a47f9f23
2026-02-11T17:35:36Z,Nareun-_-,account.c1cfdb00d0e6445f8d9e128c6b364617
2026-02-11T17:35:36Z,XeongXoe,account.b54b1673786d454f963e69ce9c4b1b5d
2026-02-11T17:35:36Z,ii9mwzn62e,account.b5d7709f612d4311ae8b27fe5d09d472
2026-02-11T16:57:13Z,hani__7,account.2fb3e086d95240a18111814fd378d30e
2026-02-11T16:57:13Z,Jxeh_-,account.0eefdb37f4184f3f8fd97d373f82c8dd
2026-02-11T16:57:13Z,6619x,account.a42e894b1a014584a4e1540477a0110d
2026-02-11T16:57:13Z,LiangBaba1011,account.92bfae0205e641b88e4a05266172b17f
2026-02-11T16:57:13Z,Hello--PiPi,account.bedc6bc7f5624cfc9ce541320371941d
2026-02-11T16:57:13Z,Yy83982-xiaowen,account.9c63103a14b244949e1b0dfd6c2844c8
2026-02-11T16:57:13Z,JCC587,account.0ab354400ec5441e9f29205655b50f9c
2026-02-11T16:57:13Z,KPSMKD,account.5237ec555b8d47a2924332d40abb0e29
2026-02-11T16:57:13Z,biao-2728,account.53625610c5c243718ca4416052facc78
2026-02-11T16:01:49Z,Taacooo,account.a166137afc17478e9fd93401c7149534
2026-02-11T16:01:49Z,Py3on_,account.5fdbb7f6d9294cba8a46d187dd7afd0b
2026-02-11T16:01:49Z,o116-_-,account.ab0645533d98468289bc056303c85909
2026-02-11T16:01:49Z,4AM_CaiBIwANg,account.d4c63b4763d04178bd21359f78e02b3e
2026-02-11T16:01:49Z,DNX_KJ,account.f859a683f6c54d00bec8e9fb781df94e
2026-02-11T16:01:49Z,Axstump,account.c6e3614189c7448fa08369a24d701e1e
2026-02-11T16:01:49Z,CoOol12,account.2e81dafaf4f34b7b8fdd4d8ffea8d4b5
2026-02-11T16:01:49Z,Iamhomerice,account.680979d6b0e143deab7a5c3dbfe87d3a
2026-02-11T16:01:49Z,9BuNi_,account.6963c904e8344a14bb2f961a2b26d3f7
2026-02-11T16:01:49Z,EIJIsex,account.7e00b0158a5148a9b8fd0150b1f6736a
2026-02-11T16:01:49Z,Seok-Juu,account.c8321cdc411445b2929840429790dd01
2026-02-11T16:01:49Z,ICOS11,account.07bca0bd81ff4e67b5a8195596fb513e
2026-02-11T16:01:49Z,l7biubiu,account.12670ba3fee44d659ac5f279c1afa450
2026-02-11T16:01:49Z,LH-EdisonChen,account.5b77b01d2e364746b3bc2c977a2638ba
2026-02-11T16:01:49Z,plumIran20,account.63cdc667cb5f4dadb99ad7edf5f3f24c
2026-02-11T16:01:49Z,FreedomLuoHe,account.b547cd049cd84c1ea6379680132cf842
2026-02-11T16:01:49Z,Samoyed0313,account.8620cd1bf0044572a865129ce1a9feeb
2026-02-11T16:01:49Z,SexyJYP,account.60d699eff8bb48c3b5a375e950511781
2026-02-11T16:01:49Z,GmI_mriacademy,account.cc0bb6bac5c6413a8a2bcb5a08306c1f
2026-02-11T16:01:49Z,BlackTcc,account.86ebaa2d4df9484eb933cb849aeb46cc
2026-02-11T16:01:49Z,Fu-So-zzz,account.811f2528d88d4c0d9fbe7dbf3330b100
2026-02-11T16:01:49Z,explayqwer-_-,account.168a912ef779449b94a86d4512fee993
2026-02-11T16:01:49Z,qq01012345678,account.8a82b55aea134036b1fc5000dea9a11a
2026-02-11T15:31:39Z,PUPGBBS,account.e045baa1903b46ad853042cf4ad60a52
2026-02-11T15:31:39Z,Give_Me_Duck_,account.b4b710cdeb2c4abfa12c744b3f7998bf
2026-02-11T15:31:39Z,MegatronBumblebe,account.4b0142fbd050492e81cc2de51d4db183
2026-02-11T15:31:39Z,Aoli_911,account.6106c0ea33834e169125bea3054a2e3c
2026-02-11T15:31:39Z,BHyunJoong,account.6f2d4595cd8e4c978a77ce2129e2714c
2026-02-11T15:31:39Z,wan-c-v8973,account.3e871cbf81244f639205f31109787d25
2026-02-11T15:31:39Z,undertaker_8989,account.cc5c02b8d7ad44dba3080d0c68b9fe4c
2026-02-11T15:31:39Z,Onedayday_i,account.1ecb898c11804860a52a20910f9f66af
2026-02-11T15:31:39Z,lpk850908,account.b4004356b4594b7dab6f99335bc35796
2026-02-11T15:31:39Z,GEN_IN0NIX,account.822275512235465291292a715d36fbf0
2026-02-11T15:31:39Z,0hnus,account.a65f63ee8c2e41a1846170c4d94c2a68
2026-02-11T15:31:39Z,MegatronIrony,account.e1207fd58f394b4e8d8e51092425bd8c
2026-02-11T15:31:39Z,MegatronWetBall,account.e54d45f2cd37452683f2dc96419aa6f3
2026-02-11T15:31:39Z,yanmuzhe,account.8abf672d675d46c299437665bc51bede
2026-02-11T15:31:39Z,KUWENG_,account.a52716edf09c4c85a999ea06e27d19a1
2026-02-11T15:31:39Z,gzzyka,account.177e65befd164170a1d63e0057647758
2026-02-11T15:31:39Z,Ssak_Ssak_BacBan,account.d807b84ea42c40a6b2c28ead4f434fc9
2026-02-11T15:26:12Z,ShaYuZzzzz_,account.355beee3037244968d8bf96eaee7ec2c
2026-02-11T15:26:12Z,5iiQB,account.38985e9af7604578b0fdd529f5450bf8
2026-02-11T15:26:12Z,B1ST_Yroo1-Xm,account.fda75a98be1346a38768ddf5d157ad93
2026-02-11T15:26:12Z,JInXI_18,account.8d7ecd5a7fc6440abd0382994c3e84eb
2026-02-11T15:26:12Z,ESANI,account.b69ce98aa34b4054a5913fbf68654a6a
2026-02-11T15:26:12Z,E2__KIAN,account.928a89022514496887939b3bae79c8b3
2026-02-11T15:26:12Z,BurbaloniLulilo,account.10afde34011d432e8784e0c7a5218c9b
2026-02-11T15:26:12Z,mxaonge,account.88615b8e8aae422bb240ab5e0d832d56
2026-02-11T15:26:12Z,biao-ge-ge-,account.64b13c6ea9cd4b9f8b88d53b5b80dd6c
2026-02-11T15:26:12Z,GIANZI_1208,account.db3f63b9bc6949fb99760395807cd4b6
2026-02-11T15:26:12Z,NW_Panda,account.42379ed4df484b01a0715c861753e0ba
2026-02-11T15:26:12Z,B1ST_CaKee-Xm,account.6ce453dcc38b452ca658eeb0386225ab
2026-02-11T15:26:12Z,SZDL_JJDY,account.de418aa7694b4db1ba2d03b94a657379
2026-02-11T15:26:12Z,DaShusiGg,account.cde80e521b2b4694990a8a210b82e02c
2026-02-11T15:26:12Z,ChineSeMan009,account.06e0f8745ac24510985c1286049a45e2
2026-02-11T15:26:12Z,NANGBACLE-,account.0c8b37beb3834399b85c211851aa24a1
2026-02-11T15:26:12Z,xL4mAK,account.ed3a97faecb1447fb411ea9a53ccfd8e
2026-02-11T15:26:12Z,BBABBI_1,account.cf29273b2bc34bcf961be81be599232c
2026-02-11T15:26:12Z,taehyeonKSA,account.871b47818dcf4cd8a9e43d449b63fcc6
2026-02-11T15:26:12Z,XiYangHong_Ch1ef,account.966680fced1c4a1ebf75d74730737d0c
2026-02-11T15:26:12Z,Frontier09,account.ee2461d7cbae43dca6153a4be0ff1b7c
2026-02-11T15:26:12Z,SOOP_SeokMinjae,account.cf79ef4d0acb44f8b37bcf5c476fb4e4
2026-02-11T15:26:12Z,Godiiimaaaa,account.647be8c394054c91b871e966db266133
2026-02-09T18:36:46Z,jinkyu14,account.957a322c3ea64e308b5f03e5105bfe29
2026-02-09T18:36:46Z,622813,account.b6bb2f8a57be428bbd8b59faf1ed6038
2026-02-09T18:36:46Z,0517v,account.1dda734c8d1f4fc1b60bf7d890c9e524
2026-02-09T18:36:46Z,F_rui_,account.d44cd810e49d4b409a69a525227801cf
2026-02-09T18:36:46Z,H1z1_b1eKtou,account.46570e188b2d46e585dd41c330b92f04
2026-02-09T18:36:46Z,UTG1,account.4b09136757fd49c0b829974e70ec38fd
2026-02-09T18:36:46Z,WkdwkfgoSANGPRO,account.14e0a88da68342c4ab01ad783d7dcd2d
2026-02-09T18:36:46Z,No_face--,account.00f997d6193f4c45a5b276413f121feb
2026-02-09T18:36:46Z,Bexela,account.8521658a354e4d728acdbfadc6d8374b
2026-02-09T18:36:46Z,14K_Marlboro-Red,account.4222fcc93bce44a98aca768bf3047c6f
2026-02-09T18:36:46Z,l--Katrina--l,account.20c30e44779f44bdb68b7e9059a1c2a7
2026-02-09T18:36:46Z,liiililiiiliiili,account.bd3150a9e6164d508b46a3e61b08dea3
2026-02-09T18:36:46Z,codeSex,account.bbcbd1bc46a64061b8b991f9f2e4ec47
2026-02-09T18:36:46Z,Jupaa_,account.bc645da1a83742f7b6947868e3ae7a47
2026-02-09T18:36:46Z,Yxzzi,account.9319cb50d202437b82f8f670aff61498
2026-02-09T18:36:46Z,hyukkeu01,account.d47485cbc98542809b4a2daaa56e8fdb
2026-02-09T18:36:46Z,0311v,account.a2dc1da88b0444738f8bbe9e2c812d06
2026-02-09T18:36:46Z,Babylon_xo,account.080292a5a243433cbf72f5e473f202c6
2026-02-09T18:36:46Z,xiongyouzi,account.c3931915022044b49929540cb9acc6ca
2026-02-09T18:36:46Z,player6206,account.7e7198da84f84a6e958402d7366a9254
2026-02-09T18:36:46Z,JINGXIG_CR777,account.e6ad9ac49c6b481eae669d36d0660f5a
2026-02-09T18:36:46Z,XL-Justice,account.fb4e90c4a04b4aa780557bd9600b84b1
2026-02-09T18:36:46Z,ehlrpTsi,account.615af465cc494fba994afc2eb4e1b0c9
2026-02-09T18:36:46Z,HN-XOXO,account.b87c0997796e4ea68ec5fe145b7b794e
2026-02-09T18:36:46Z,Mr_WangGege_Oll,account.5c162c5abd394bde9bf91dd1cbc8a54d
2026-02-09T18:36:46Z,TeamSentier,account.db16c28fe7ef4eb4a07f9d5808dbd2c0
2026-02-09T18:36:46Z,HJ_Dang,account.ae878efb56e24eeaaf0022d90a8d5e3b
2026-02-09T18:36:46Z,YY-610219--XMCN,account.b93b600ae4374db4b2b4ad9b9b029cda
2026-02-09T18:36:46Z,Jindogae1_19,account.099c7e21348647789dd1840adbbe2b15
2026-02-09T18:36:46Z,Xt1an-_-,account.1b957f4e433e4fa9a8aa127356188c41
2026-02-09T18:00:49Z,CNC_xleft,account.36c32941b4844138a04c3d8452b6ec82
2026-02-09T18:00:49Z,iiliiilllililiii,account.78db37345986499fafa246236a1b2dad
2026-02-09T18:00:49Z,MoodKiss_,account.edb2a8d8af7149d58b2081942fac8bf2
2026-02-09T18:00:49Z,TMD_He_He,account.807e0e785288404b85bc73d83d0846d8
2026-02-09T18:00:49Z,kimkinggod123,account.2c5a4e5603a542b8b90cae6fa812101c
2026-02-09T18:00:49Z,TMD_B1u_B1u,account.562e28302eee4105ba7de1af707da1dd
2026-02-09T18:00:49Z,YGKPLUS_Hansol,account.61decad063ba46cb8eaaa0aff28a3e6c
2026-02-09T18:00:49Z,RAINSTORMBOW,account.4da1fd3477c4423eb3f7618b2da99065
2026-02-09T18:00:49Z,TKL_QQya,account.2be79cadd95543d783f798066e13138c
2026-02-09T18:00:49Z,Hello-Xy_xX,account.4ea21a57a45e423e9094403796e5ae06
2026-02-09T18:00:49Z,XPrrrrr,account.c4924ce9a7314f91bdf78e9d32d36090
2026-02-09T18:00:49Z,010529_,account.f8d649994c0c443f8b468f2c253494c6
2026-02-09T18:00:49Z,jetaime-f,account.8fbf845a6afa418385cb2dba8a4f4f3a
2026-02-09T18:00:49Z,biefanwol,account.eed97535414844bfaf4f4249d3d0096b
2026-02-09T18:00:49Z,Xiao_choi,account.41eba567c57c459782f27cb64db30d88
2026-02-09T18:00:49Z,Shakya-_-,account.88f70728623e4042aec6e2ca0eb74df4
2026-02-09T18:00:49Z,fenx1n,account.a383188ed1394170ae86ad5fa0c25406
2026-02-09T18:00:49Z,LanRen-9527,account.d034720b02cb4cf4825d4b201b51b7a5
2026-02-09T18:00:49Z,6uuo-_,account.6486b671ddd6463690b02eaa32b74938
2026-02-09T18:00:49Z,Jeff0001,account.9c27e32807804f11b6ff834943b4c5cb
2026-02-09T18:00:49Z,Great_Devil_Act,account.90f2e14ee117453b89f9ecabb75d085a
2026-02-09T18:00:49Z,9AHRH,account.a9b6008bf0194c808e0db514283520fa
2026-02-09T17:54:37Z,Iixx9_-,account.197c50e8061a49ad9a390fe131597742
2026-02-09T17:54:37Z,Zlro_BG,account.b316ab83a83e4b9e9d2640810ebfa79e
2026-02-09T17:54:37Z,BananaKorea,account.6e2df37f3de8485b8c17635334d81e07
2026-02-09T17:54:37Z,DUCATI-4569,account.097b70007e9943ef8812f2065428425f
2026-02-09T17:54:37Z,AIW_Husk,account.e7c0e6e90fa84db88a89a86487584eda
2026-02-09T17:54:37Z,EX_1136,account.d3aa203def7e4954980df01b95a17ec8
2026-02-09T17:54:37Z,1DouZ-_,account.69e93ffb772c435f904cc74aad6d85d9
2026-02-09T17:54:37Z,ChAoBi_Ex,account.b8367505ef9f45e2bc3b324689330428
2026-02-09T17:54:37Z,BigBowleiJk636L8,account.74a0bc2892824d2b9353bff4f3e2c599
2026-02-09T17:54:37Z,MoWoHeiLan,account.eb42bbd1f020463c8de5b5e1c8ab2077
2026-02-09T17:54:37Z,Suck-o-,account.f7a2ef4b92ff40f49479d5019112cf01
2026-02-09T17:54:37Z,1JiuQ-_,account.ab84a09103584d19b7d21faf3cc698ab
2026-02-09T17:54:37Z,EX_Rexx,account.6335b9d6cc8a4f7dbee401348d7497ed
2026-02-09T17:54:37Z,751561561531,account.b90b0a4a09634904ae515150e1e02fdc
2026-02-09T17:54:37Z,ZHUANGAOHUDY,account.25859a0d54eb4406bbf860f2bdd64efc
2026-02-09T17:54:37Z,Serenityyds,account.2a8f4f4c1c024d6ea1faefdf07c851c6
2026-02-09T17:54:37Z,DIE_Longg,account.efeab8302968423dbe6e6b73588ccdae
2026-02-09T17:54:37Z,GSW_xTong,account.109ea0c02d434ec9bfd80360236033c3
2026-02-09T17:54:37Z,NTK_MAKZIMA,account.8d184af04c864f3ea777061145b6fd7c
2026-02-09T17:54:37Z,SaGoYa_Jun2ee,account.f9e3795e16cd4d71bdaeea20e7bb56d8
2026-02-09T17:54:37Z,DoBalHaJiMa,account.28ef7c7c98394b63aad28bfcc6b31770
2026-02-09T17:54:37Z,PW__MM,account.d5fc6445de064c878ae835bc5b9b2b47
2026-02-09T17:54:37Z,Widzialem,account.152b91f4487f42809b5518610bd5f4ae
2026-02-09T17:54:37Z,67O89,account.d39f0bd7fcaf403d87e3519952d15b0c
2026-02-09T17:54:37Z,parkchan_XX,account.a44bf3e6b6ef475a96c2afbae5e6aa02
2026-02-09T17:54:37Z,6m9d,account.1a76878f679d4009ac2dc0f310a920f6
2026-02-09T17:54:37Z,opaaopaa,account.e4a4ff729bb1481f8be433c0ade7c92d
2026-02-09T17:54:37Z,JIANNNNNNNNNN__,account.13973482ca23419ab2c3e72846857586
2026-02-09T17:54:37Z,tao0cool,account.bf77a68a011c4860925004789983c528
2026-02-09T17:54:37Z,TaoQiang_,account.8fb6ca50f3c14b03be5fae65a854266d
2026-02-09T17:54:37Z,i1uyuu,account.379905d004d64aa5a84c4b4a20ac206b
2026-02-09T17:04:46Z,Yy----pangzi,account.dc296c62c0fc4eccb15556c840daa57d
2026-02-09T17:04:46Z,su1vvv,account.2b683ab435ac488185468abf18c0f1ef
2026-02-09T17:04:46Z,Comic_Hxx,account.1a45ccad1b144d10b289a06d5ca2ffb4
2026-02-09T17:04:46Z,1se1,account.ecf09599da6146ffa2387c5d81a78f0b
2026-02-09T17:04:46Z,JJaeKing,account.a42e31318c5648dca31edc6deb0cfeee
2026-02-09T17:04:46Z,Aika_-Yamagishi,account.7bce07dd31e74a6dbc05456c5dad669f
2026-02-09T17:04:46Z,ACSG_Stxxch,account.7e291d5a527c4ebf8671e8351d7bca4b
2026-02-09T17:04:46Z,Babylon_m,account.8ed23012727d4ddc90018335f6d84779
2026-02-09T17:04:46Z,Babylon_ll,account.267df2e67f4f434f9048d4b8d0d5a313
2026-02-09T17:04:46Z,DYtigerokk,account.30bb504dc9df4e4b89e1a22789af6201
2026-02-09T17:04:46Z,ACSG_MH,account.c1ba8dc0c4a143b2897ac0efb6eeb38a
2026-02-09T17:04:46Z,I-Don-T-Care-,account.cd593b5da5604054a7c2340af0c30a86
2026-02-09T17:04:46Z,Mermer21-_-,account.c042a27e5cbf4339b779c4f53ab16344
2026-02-09T17:04:46Z,CHN-10JQKA,account.253724c8d1fc4b838c440166dd7e25f1
2026-02-09T17:04:46Z,YangKeA1_-08,account.c10db626b2c64052a47bb7214bb8b3c7
2026-02-09T17:04:46Z,Finoa_Z,account.591925229f854c838de3a04931528ec0
2026-02-09T17:04:46Z,Wann_-,account.6132a793b6ee4b8ab249b8404255402b
2026-02-09T17:04:46Z,shanel__,account.530da0732aff46ccb4647964b33ebfdf
2026-02-09T17:04:46Z,YHY_717,account.fafb962da7bf4ae098c9663849ff37f1
2026-02-09T17:04:46Z,zhangjielong_888,account.7de64d3131304f8fab9a4c86daba0da2
2026-02-09T17:04:46Z,YangMm-_,account.d09c191dc38a4a62a315593e2e953d2c
2026-02-09T17:04:46Z,Fanduidui_QAQ,account.b7faa182367c4ce0a67c6f8590e87c7d
2026-02-09T16:43:07Z,Hyun_JeJudo,account.4b7d1724ac8f4fe4bade22a10ff4f82c
2026-02-09T16:43:07Z,SupCKzZ,account.e3c1525ff7034467b58308d2c23aa745
2026-02-09T16:43:07Z,Bearoi,account.c9892bef8e464b93a9b5e95ac0d2659d
2026-02-09T16:43:07Z,CHOC0-PIE,account.aeeb2f000eb94718b82a49bcc7a73cd8
2026-02-09T16:43:07Z,Masterm_,account.ed7f14fc9e09433db7306e71ba3161aa
2026-02-09T16:43:07Z,flowersea-v-,account.47481dc505d34c609d3f82c6311612bf
2026-02-09T16:43:07Z,DouYin_ShouNiu,account.26714e2ad420458c90cd5d71afe0ae6c
2026-02-09T16:43:07Z,ArtSensation,account.2cdb6e27a75049639825d397fe367129
2026-02-09T16:43:07Z,H-Dsw,account.952f4b4a1ec344b29672afe93b4abe56
2026-02-09T16:43:07Z,Endlove_,account.99efd63097cb4172818936de7dab64ae
2026-02-09T16:43:07Z,0201_YyL,account.12c83675d22f42fcb129c0835cc1c045
2026-02-09T16:43:07Z,33cc_oi,account.02f7bc4294a24198a37f7d5bb5b5cbfd
2026-02-09T16:43:07Z,GJinHyang,account.23092dfa60704411a4c5af752489a052
2026-02-09T16:43:07Z,CRlSTlANORONALDO,account.33d95420657d4be698b5539ee91167e4
2026-02-09T16:43:07Z,MaSteR_MiNo,account.4c7be67df01b4818932c60209b09db44
2026-02-09T16:43:07Z,GMinHyang,account.560ad71c952b4afba23ec376ffe6b150
2026-02-09T16:43:07Z,D0BBY-1S-FREE,account.e174a69b33604b89b29b13aea4444750
2026-02-09T16:35:40Z,AzeXi_69,account.53c621f202b04459a9b2231b2e8e4921
2026-02-09T16:35:40Z,XueBar666,account.ef01a570a67f46a28156c6726b6d5ca3
2026-02-09T16:35:40Z,iceh_-,account.0f880f11e33a4243a8c574314c4408a8
2026-02-09T16:35:40Z,GPT_RealSorry,account.2b196fa57eb84f2699303919753016b3
2026-02-09T16:35:40Z,EryIny,account.56bbd61cd2f94277b3a43ce3135a6167
2026-02-09T16:35:40Z,l3yeol,account.5132e39bbf344b5289dcb42061d4bde6
2026-02-09T16:35:40Z,HanTenderness,account.404bab8dd6bf49b494c98b0a0c8d6aa9
2026-02-09T16:35:40Z,Li_Mu_Qiu2,account.3df84e915fb146a9939a79c1b79bc83a
2026-02-09T16:35:40Z,Eroo-_-,account.4e642dc36c4542ed8f7258d362e79a93
2026-02-09T16:35:40Z,Wukong_xf,account.2c2a77dbb39c4118a6db3c806ac3310d
2026-02-09T16:35:40Z,eR-Yueee,account.80436af208cc41f99762118a5f63a871
2026-02-09T16:35:40Z,07cc_--,account.ae262e0b978c4c068fdcab6a3d139f87
2026-02-09T16:35:40Z,PeRo_Waiiiii7,account.c3571ec4400049b4b9f12c78423f92f4
2026-02-09T16:35:40Z,xryce-,account.dc35ad9652ca4ca68d3f53ae2034c123
2026-02-09T16:35:40Z,Insanexzol,account.402d92d4c59f457eb008020ff4ef0efc
2026-02-09T16:35:40Z,ni4ese,account.3343bb76949844ab80d55d4dfc2da894
2026-02-09T16:35:40Z,Groottt-,account.2d5157548e904069a8d0f3dee7d2400f
2026-02-09T16:35:40Z,HanBaby512,account.4ebe8b551d1043f5b151a1e2d44a3893
2026-02-09T16:35:40Z,CHINACamei,account.9657355186d344b8b8992985bf69cb02
2026-02-09T16:04:45Z,Hvyhlxr833,account.25597403c86d4f0b99d87383baed0414
2026-02-09T16:04:45Z,PEdd_-,account.8cae2268c3324783a92e7994c54085be
2026-02-09T16:04:45Z,TuanAnhh-_-,account.fd6c52d46ccd4d5590b3e3cbe24d2dad
2026-02-09T16:04:45Z,MiG_21-4228,account.0574afdfc2a646768818ec7b72efbcb8
2026-02-09T16:04:45Z,partnerdxy,account.381b051e3c064cb9a82d2311f677ffac
2026-02-09T16:04:45Z,DatBlack0909,account.3e1d2e4fedf343f6a1cf929684f47549
2026-02-09T16:04:45Z,ZY-teihanhan,account.de8e30c327c94670895c76602c17e00a
2026-02-09T16:04:45Z,waetasg,account.370d9982160c46c89a332be6a4531682
2026-02-09T16:04:45Z,Arbine,account.aafcb8b055ab496dbee6800bf37f0e03
2026-02-09T16:04:45Z,DatClutch,account.e265c5537d394802959707a497b6158e
2026-02-09T16:04:45Z,ZZM-1988,account.70fff9c1f18f4ce2ab8b9d52399b6249
2026-02-09T16:04:45Z,YHAIZYN,account.b5c6983272914763b4bd6f8af57d652e
2026-02-09T16:04:45Z,WessleyKInner,account.ffc549cc9f6a4a76a61dc5eee7e764b9
2026-02-09T16:04:45Z,CchongBeloved,account.97034467a35f46308bb33577d1b764ae
2026-02-09T16:04:45Z,Roc91,account.ba14f4273c754e18b1a670fb70c40185
2026-02-09T15:45:56Z,WhatShoudIDoMore,account.c68ba66cee5044a59758f684ff3d39cc
2026-02-09T15:45:56Z,i7mm-Tv,account.62aae11af9924508adefe8451ef2acc2
2026-02-09T15:45:56Z,cksdnwnlrdlsp,account.dcbec8d3bb6f4b9787199b939d14dcfb
2026-02-09T15:45:56Z,KimC-,account.0924f35355584bf8a2919fe454151681
2026-02-09T15:45:56Z,V1_Winter,account.5b7f0c7660d54a33b4c5926ca4114631
2026-02-09T15:45:56Z,i36C-_-,account.2771bcab08974ac2b17817df3e191932
2026-02-09T15:45:56Z,iuk_QiaNnvYov,account.e9013dcfbf994bb4a13f5614a6730da8
2026-02-09T15:45:56Z,b1eBukua1le_-,account.322cc61b46c34a7593588e04b9e6655b
2026-02-09T15:45:56Z,XIJxnp1ng,account.397d93ee88e94b62b572534e9ba2d753
2026-02-09T15:45:56Z,JoneHand,account.bc561045dcb048f3a461d0b824497c44
2026-02-09T15:45:56Z,Flow3r-__-,account.23323ba38996411b8379bc0ddd3dfda5
2026-02-09T15:45:56Z,ytghghjkk,account.f40612c25a5a444fa54e9f575807f4c7
2026-02-09T15:45:56Z,Gzass,account.ce6f811b990243cbb3d03991e430b3dd
2026-02-09T15:45:56Z,Le_laser-__-,account.0cd979c233e94e8fb3341dcfa1b3f8bf
2026-02-09T15:45:56Z,byungchan2hyung,account.345cdb2235e24ea88c2151959e64113e
2026-02-09T15:45:56Z,lFTY_rkSgnoL,account.6e88bab091ad4c26bd16993438410f7d
2026-02-09T15:45:56Z,Linran-19,account.8433af5807624488871ab16e244a7d62
2026-02-09T15:45:56Z,hodong0319,account.b086ce400c9049f4972d5b9d13955aad
2026-02-09T15:45:56Z,Ynan-,account.4dda5849d26e49e08fb4fc117afcd450
2026-02-09T15:45:56Z,VEX_Forward,account.adcef670042e411c9f131e91345b4e8d
2026-02-09T15:45:56Z,Cart-__-,account.3b100d824dc14ffea382401c1e5924cc
2026-02-09T15:45:56Z,TeamFW_DoSa,account.494ce63404624363b16bdb31e041120c
2026-02-09T15:38:33Z,JiuAiKaiZenMeZhe,account.b151123b1fcf41538423e3c87c7bed95
2026-02-09T15:38:33Z,Xigua-Mz,account.4bd0c882b8b84bc8844fab38ea3e68f0
2026-02-09T15:38:33Z,RNT_COCO2,account.7768c12478bf4d39afe2872fe8b50f56
2026-02-09T15:38:33Z,dorxmfksp,account.b0fe7765bc5d4c9c95557d26237535b2
2026-02-09T15:38:33Z,LALAONI,account.162711f187864af38fc8edabbcc2fa11
2026-02-09T15:38:33Z,BSYD_GOUST,account.8ca14b301f244648894449bb416a8a20
2026-02-09T15:38:33Z,Min__0706,account.24850c99dcb34b6084448a7f97ef6d87
2026-02-09T15:38:33Z,CHN_xwudd,account.1c5442dd2f454f9ab885afba2edba525
2026-02-09T15:38:33Z,Haan_xx,account.2cf7ee558f6449edaa0f9d0f809ab803
2026-02-09T15:38:33Z,SAMDAsiuuu,account.c746ed3c72794503bf2b4006b0734a02
2026-02-09T15:38:33Z,Sodam_m,account.56bc7518db084c738462af490e3fc8cf
2026-02-09T15:38:33Z,WoonParkE,account.12cca04b88b241e6adf1e5b330f015cb
2026-02-09T15:38:33Z,zhangbang12,account.e81c6d394b9243f9bfac76da1f6868b5
2026-02-09T15:38:33Z,x_9m0,account.4cfc3d7436f24b39a84df0dde22582c7
2026-02-09T15:38:33Z,Packet-lossing,account.89a14f516cd04df89f4b337d6299be5b
2026-02-09T15:38:33Z,doobidoo_bob,account.0f95f0bd4ccc4b9eb1388171f0995fbf
2026-02-09T15:38:33Z,Lockpicking_110,account.974240a972de40c2a7dfa338b347eff1
2026-02-09T15:38:33Z,k1ny-,account.f17eb410b1754cdbbce4fab537c038ed
2026-02-09T15:38:33Z,8iao,account.c2e112f81c4d4eb9928328f34d1cfff7
2026-02-09T15:38:33Z,KIM_SEONGYUN,account.3f9095c198144f14bdf3e3624df6e2e9
2026-02-09T15:38:33Z,BIGTAIJI,account.fa90df4ad15e4da0b4c6e123eb069b10
2026-02-09T15:38:33Z,1833_-,account.79331c932a2642cd9274e184aa77e184
2026-02-09T15:38:33Z,1v1top1,account.8eabf1c136d3449898d198a7d15e94ba
2026-02-09T15:38:33Z,Code_1117,account.230499ac1fd24becb888ce2b28c52b93
2026-02-09T15:38:33Z,Garam2yo,account.2adf24401a6647c8a8dd173bad631e12
2026-02-09T15:38:33Z,taeyong__ss,account.e846501de8184d8b989a272c48c6d9d2
2026-02-09T15:38:33Z,30_-30-,account.652ea5f9b73e40b09adcecca1d7a66ba
2026-02-09T15:34:16Z,A-QYue,account.8d6cfc706c5440a38f5c76d724dab2f8
2026-02-09T15:34:16Z,promise3338,account.d54b589501694ebb9b04d1be3bcaa91c
2026-02-09T15:34:16Z,TBQ-10,account.a649764188bd4456a7c000040a3e923e
2026-02-09T15:34:16Z,MUNCHOROK,account.e747adb7ef094ec8a036dcad0e3e4dde
2026-02-09T15:34:16Z,ViCoyuAn666,account.a75edf3be7e54fd48eaf890b266f8c3d
2026-02-09T15:34:16Z,MaNiJJomChiNa,account.49a8432cccb64ce8927a5d42e96504ab
2026-02-09T15:34:16Z,Best-0479,account.ff74aed3688e4ef7b839b77c5dc439e5
2026-02-09T15:34:16Z,A_wer_,account.3170e43421484604904cccba2c3abe2a
2026-02-09T15:34:16Z,MOLGGORABOM,account.a206aa21f858448785a75a5c2b5110f0
2026-02-09T15:34:16Z,4Koio,account.db7108311b244c6da4d1a41e6dc471a2
2026-02-09T15:34:16Z,BAEKJlHEON,account.67f97d594068428a80a9e7a6f9131784
2026-02-09T15:34:16Z,BBOBBOHAEJO-_-,account.459a72d9267c44269c355e305f5d2581
2026-02-09T15:34:16Z,Wodiaonimahi,account.550b6a25501f403b9533116dc5d83f47
2026-02-09T15:34:16Z,20KIDD,account.1a4640fced4f42948d61e3dc235c3cc7
2026-02-09T15:34:16Z,QQQQQOQQQQQQQQOQ,account.6cd827cbd7494120ad85eb835af4289c
2026-02-09T15:34:16Z,FamigLisTimoLO,account.df2ac154e2cb4c6da1ad34c419c13228
2026-02-09T15:34:16Z,Ajbxin_1,account.1bce7159a6634cb6ad3e5d64ddfb7d62
2026-02-09T15:34:16Z,AmorCallMeRed,account.ae341e5ed4c248508c3719df1d0b5175
2026-02-09T15:34:16Z,YaziOne,account.4f57780359a64b1c86fe725ad196a793
2026-02-09T15:34:16Z,Crazy_3014,account.2b726e1a91144e6a947c12a933d0ee96
2026-02-09T15:34:16Z,x4p_Syor,account.94931e408534432b9ceacbde4d4aca3d
2026-02-09T15:34:16Z,x4p_Pearl,account.1bb3b892cade4f8a8dec69a8e54115d0
2026-02-09T15:34:16Z,Lonelt_HHH,account.9495a68ed4d341adb3d4fb43fc661dd9
2026-02-09T15:34:16Z,Cmp_oYe,account.c1c99f9c9b4d4fecbff03b810cae5f70
2026-02-09T15:34:16Z,x4p_SixthFeet66,account.1e80f419c1fe468e83cff713699c6169
2026-02-09T15:34:16Z,Raon_le,account.22369bcf6e2041c29af2707f4fb04e82
2026-02-09T15:34:16Z,NEO_BULLDOG,account.e893e328e29441db82d6fa1a827f4c09
2026-02-09T15:03:45Z,RX_RuiXuan-,account.465bfa5428884de6a861ef7879afc5cc
2026-02-09T15:03:45Z,Kangaroo98,account.4f1ce81c91624629a654d7724ad1162e
2026-02-09T15:03:45Z,SAEROMI-,account.45b9839baf5a4c6b9580e1424c5ef78f
2026-02-09T15:03:45Z,bongjun__,account.9854676c4cd54197b4ca5b0f61c26dc1
2026-02-09T15:03:45Z,idioteque__,account.588fc724cf6147a0acc9d442f44e164e
2026-02-09T15:03:45Z,i662-,account.9f9cb8ab2d284f379868f5a393e5a04f
2026-02-09T15:03:45Z,Cats_Friends,account.dcadec6c029f4cae9ed42e1f8941644a
2026-02-09T15:03:45Z,Thorn01,account.0aaff8c09750405a97817ec4a1f7adea
2026-02-09T15:03:45Z,KR_Apsolt,account.01dbe270160248c2ad63bb2a4eea2df4
2026-02-09T15:03:45Z,HoDean,account.9c3d126a6f024b38974adc3bc24f36b6
2026-02-09T15:03:45Z,FRanKkilleR7,account.bf1d68892c234952988f061b43de430a
2026-02-09T15:03:45Z,TAG_n1ummaxxx,account.ce61d7d7f4d94054913473b340e5e635
2026-02-09T15:03:45Z,824Heon,account.ae2b7c15aeac4f858b630b36c3e5abb9
2026-02-09T15:03:45Z,YoLo_raVeN,account.437ba35b74e5474c9d3d21d37749222f
2026-02-09T15:03:45Z,RapperDiss,account.965b5cd79e9446bb91caca239ae0f5ae
2026-02-09T15:03:45Z,cream502,account.ed81c7135a0d4b04b7abe318cf3cd2e0
2026-02-09T15:03:45Z,PPX_LuXian,account.55655ccc9c654c97a53308bb885b082f
2026-02-09T15:03:45Z,YoLo_HongGun,account.0a39b475aea24859aa4d7cc7deee3c60
2026-02-09T15:03:45Z,KLAMANCY_-,account.4500603b0e6542589443c8e677fa9ae4
2026-02-09T15:03:45Z,qpalzmsk,account.0061810d7ebc472384edec29bf4ed776
2026-02-09T15:03:45Z,tlqkfwnrdj771,account.76ba358e6fc14e7884c164c6fe61eca3
2026-02-09T15:03:45Z,Sa1YaRen99,account.c12356249bc241f8b284f3bc872f059a
2026-02-09T15:03:45Z,sconwu,account.537208b675c44245a5b649b2383e233f
2026-02-09T15:03:45Z,DaS1GouNanRen,account.571f9ca70b5f434c8147ba5455eb3782
2026-02-09T15:03:45Z,SKAND3R,account.59a8a59b48d4415f8f41db9fa4a866d2
2026-02-09T15:03:45Z,BAETZ23,account.aa61f47bff17467f80a58df2ef6b58ad
2026-02-09T15:03:45Z,MoinoOo,account.260b330f351a483189f4754bd0d1d999
2026-02-09T15:03:45Z,KRAFTON,account.7f9fe8254329421a89a7ff6eb7bbefe7
2026-02-09T15:03:45Z,NYURI-,account.a2d66aec76b84be78565b48e013d5eec
2026-02-09T15:03:45Z,K_JIHUN-_-,account.4488cdc24a5041768688ae861525d89c
2026-02-09T15:03:45Z,38DDDDDDDDDDD_-,account.d1267ae6ed6445d0877715ce7d6e25a9
2026-02-09T14:48:24Z,N1dtaste_-,account.5b09a976fc6840d98eb3f771999fec0c
2026-02-09T14:48:24Z,ChenFuyuwo-_,account.9eb3db93a2e54e70bb0375e08742cc20
2026-02-09T14:48:24Z,SAS_GomdoL,account.7ba2cced800f47bbabe80750ab61fdd8
2026-02-09T14:48:24Z,zoonif,account.bf16c63baa6e4941a17d57066f60edd9
2026-02-09T14:48:24Z,zhuibangdeXZ,account.bdb8efdd610646499d76668f1ab2ff08
2026-02-09T14:48:24Z,KKyuLddD,account.c3d5b6b7360841b8a95ae470cb668379
2026-02-09T14:48:24Z,MK_0528,account.bc5f2e7463d2474f98216b11e3193391
2026-02-09T14:48:24Z,WQIXDZ,account.974a0559e800442baffca24fe5f27f0c
2026-02-09T14:48:24Z,SxenNom,account.ca29b073b40b44ab88ecf7ac7b87cae3
2026-02-09T14:48:24Z,99zk_,account.e7b38fd844f147cf93be4e50dce06955
2026-02-09T14:48:24Z,5677_-,account.299bfb83342d4fbe866db9a3fea7351f
2026-02-09T14:48:24Z,yulmu_-,account.6949eccfac1c47dfb621e5b06833163c
2026-02-09T14:48:24Z,novice_kmta,account.086bfd7e8d6f4586856f90fdd08bd5fd
2026-02-09T14:48:24Z,7066_-,account.88016feccbf542ec9be445acc60e13f0
2026-02-09T14:48:24Z,G-ThreeMole,account.f4ca1896e2bf4dd2b67aa7accd52c943
2026-02-09T14:48:24Z,0734-_-6,account.4097100eb19d462fae051a2f331bc4bc
2026-02-09T14:48:24Z,qkffhckfrpdy,account.e089c512a5404aab871ecf7c0447503d
2026-02-09T14:48:24Z,Sit_down_kixx,account.fc4e82897ff941c9ab78e7f0f13bdcd5
2026-02-09T14:48:24Z,KaiDmAS_M_sQJ,account.2617f4d65fa844f799a095e699383db4
2026-02-09T14:48:24Z,5threethree,account.df0f1013224d43b0968204f568cd44c9
2026-02-09T14:48:24Z,96ou_,account.9f10211889f04657aaf716e989b1d581
2026-02-09T14:48:24Z,Roku_-,account.1229707a5acf483d83868ce790453d09
2026-02-09T14:48:24Z,Wzl0_0,account.309cfb75fe264702b55da3a5f85d2d30
2026-02-09T14:48:24Z,GGi_Baek,account.63aa0ce70369492b88f30f93ed0be69a
2026-02-09T14:48:24Z,qweasd6790,account.32e86732c71843cda4f02e970fa345e5
2026-02-09T14:48:24Z,D19I,account.50b8f541fdb647a6b8fbac72095461f0
2026-02-09T14:48:24Z,AUG_PLZ-_-,account.4da39471ca27467587f294e9796fda6f
2026-02-09T14:41:54Z,ktbj1870,account.ee9dd7ebb91c4ea48b6f2c04c4ac9310
2026-02-09T14:41:54Z,S2YouX_X,account.5723487734f74148bbf69c5db43d989d
2026-02-09T14:41:54Z,Joe_994,account.9d27cf869f314ce998a537d283685c1e
2026-02-09T14:41:54Z,kiss-my-a1s-,account.4c042cbfc3ce444e8ba43321d0e498bb
2026-02-09T14:41:54Z,RushAqing,account.e775c7506ba343178f5cee2218953546
2026-02-09T14:41:54Z,LanZhan-_,account.16e7ef88e6cb46ca8d9e2a78ef71e702
2026-02-09T14:41:54Z,S2_ISEO_S2,account.648cea3f11be45a38744547f70eabfab
2026-02-09T14:41:54Z,ooowom,account.766f77a3ebc04b90bc4353eca0425a23
2026-02-09T14:41:54Z,6Rex,account.7530d77a4fc84392b2ff3071345d6adb
2026-02-09T14:41:54Z,MoYanQiuFangGuo,account.feeba05264fd4025879dc4c77607363a
2026-02-09T14:41:54Z,Orz_da-si-xi,account.cd6d507945314b75bd413b85d477a062
2026-02-09T14:41:54Z,T_GL_T_N,account.cbcb6def8ad0487c81fa580fd217b4cd
2026-02-09T14:41:54Z,Yoke_ii,account.fd05b59ce6094fd681fed1d1a0ed3f66
2026-02-09T14:41:54Z,Austin-kinglx,account.38f8881f5aba454fa7d199ca201a7dbf
2026-02-09T14:41:54Z,T1s-91TvZhang_-,account.68fd59ba02c94143a2975f2f62101263
2026-02-09T14:41:54Z,Tiger-CChao,account.427c2cd78b584de8bbc7529b432f43d1
2026-02-09T14:41:54Z,DailyVSS,account.02db299e0bb94d048152d5b12aed2ccc
2026-02-09T14:41:54Z,io_gg,account.d2862abe2773400584c64e45b4d78f40
2026-02-09T14:41:54Z,Suiyue_-,account.8bd47d814b89410782491428c41e70f2
2026-02-09T14:41:54Z,GEGE------LELE,account.5ceb383d0cde4683a1598c220cb0b925
2026-02-09T14:41:54Z,LuckyDad_89,account.cf957e26d15c43b6ac456c35804694b9
2026-02-11T18:10:58Z,94isu_-,account.73dcd29ba1134e14b3f890a18baf6846
2026-02-11T18:10:58Z,Seungkitty-_-,account.57f6e05f5cbe4e8b92b3fbbab7423ba9
2026-02-11T18:10:58Z,Anaconda7k,account.0d940f4cc54441f3b21b71277f91e329
2026-02-11T18:10:58Z,TNT-KaiGG,account.1382dad0663c4af2959d44ed939bbe83
2026-02-11T18:10:58Z,J-040107,account.5d972e8954f041289606b859fc24afa2
2026-02-11T18:10:58Z,GoYanee,account.fb7a8ff96cec4e89b7c853e1924e832f
2026-02-11T18:10:58Z,2doudou5,account.d1fc2b0bcaef44f1b08d58948a994d9d
2026-02-11T18:10:58Z,sg180-dc180,account.a781aa07ab4c42649fcc1c079873acdd
2026-02-11T18:10:58Z,xiaoshuaiboy,account.3e7aabc531944f379e56cccdcf3187fb
2026-02-11T18:10:58Z,YpA_xinGG_-,account.caa58921627540e687a2dbd5fb8902b9
2026-02-11T18:10:58Z,Yfan-_,account.6d1424a64a0841c385243b0fd0ef3057
2026-02-11T18:10:58Z,Secondgunfpss,account.e158d57e702945ae8ea7a52c4940eee6
2026-02-11T18:10:58Z,ruoxuan1747,account.c1ca27a50ce4489fa6a56895224a91ed
2026-02-11T18:10:58Z,Lrhb-_,account.895c11e21ef740bbad634c20f13c12b8
2026-02-11T18:10:58Z,H_neeeee,account.86f6aade450b4c0bb282ee4914be9036
2026-02-11T18:10:58Z,RNIHMP,account.1aac1b4d55b94ea8ac2503f09c7a1b46
2026-02-11T18:10:58Z,NoDieSuShi,account.9dec8fa4aa0f4e50bd716ad9165c7788
2026-02-11T18:10:58Z,Mike_HYang,account.e7008a0acbf342aea777bd47b287e47e
2026-02-11T18:10:58Z,Fury_BING,account.41d08ac73e5144ffbd3c3614a8648a13
2026-02-11T18:10:58Z,careless-wuxing,account.68692779d169414c9996dce043e26791
2026-02-11T18:10:58Z,NoDieSuXun,account.e31c2f3c508e4408a359307846a59311
2026-02-11T18:10:58Z,PLAmis_long,account.dd040730a73a428085ddfef5f4e5f35c
2026-02-11T18:10:58Z,Ddagal,account.a8028f414bdb4290b42e5c290b1e364d
2026-02-11T18:10:58Z,QH_8shen-,account.ef98c6d139c246339c8438cef158a91d
2026-02-11T18:10:58Z,N9zNB,account.d7d7617e9bbd45f487f4b11970fec883
2026-02-11T18:10:58Z,JuNengChi_,account.847c5bd7a06945bc8069a682e623f98a
2026-02-11T18:10:58Z,MSNniupi,account.d7959654b7b341c0b47c3b643f1278e2
2026-02-11T18:10:58Z,QH_xiaoge,account.5717913a07144325911e32999fbb519e
2026-02-11T18:10:58Z,TjySir,account.ce0fbc72001c455888227cf21e3b17c0
2026-02-11T18:02:33Z,seukkuppi,account.27e8f616b17348069a5c803c3846f1e9
2026-02-11T18:02:33Z,NBD_C_KBazi,account.45f31cf96bb04b848933560098e66550
2026-02-11T18:02:33Z,smalldickchinese,account.de073df36fb64445a806cb8ca5c7b900
2026-02-11T18:02:33Z,EraKang,account.be639ca4d9724d8fb96cf9ac6b536be5
2026-02-11T18:02:33Z,BabyMmo_o,account.cf6d628029cc4acfa74d211701951f82
2026-02-11T18:02:33Z,Sprrr1ng,account.8f2a76e33a334e54925f32d7f2939167
2026-02-11T18:02:33Z,YuSenGe-,account.7395e224488b480c84855921bb24d06a
2026-02-11T17:35:21Z,Batt86,account.e8909223ec124ece9f5b289918e1764c
2026-02-11T17:35:21Z,Articaine_Y,account.0bb85d03602847bf9619340b4447c0e5
2026-02-11T17:35:21Z,yuninho11,account.b581fb5231f546f6bbb23644e1c3ab9f
2026-02-11T17:35:21Z,Heroicness,account.7b9664b3ee964639ad339d8dcf935f19
2026-02-11T17:35:21Z,maanzae,account.3246d976c39744488aaadfe20125af92
2026-02-11T17:35:21Z,blk453--hm,account.41cbd541ff054d06a13cf2ad7df7c6bb
2026-02-11T17:35:21Z,chuiqiu54,account.27c230bf1b8040bcbefd1fa035e5c20e
2026-02-11T17:35:21Z,rudansrh,account.ee6ea86d12d3412d9eb04fde09a7e666
2026-02-11T17:35:21Z,uronin_-,account.d74b6f6f38d7462e9e07ecbbf350595c
2026-02-11T17:35:21Z,jiushecr,account.0dfaa45b2e12491f8aa301e42eff3054
2026-02-11T17:35:21Z,achengo-0,account.f88abed5458342b1abdbc2c7c54668b3
2026-02-11T17:35:21Z,1ST-Deicide,account.5cd3862e4f144c229bfbba00e49586e9
2026-02-11T17:35:21Z,zoroo_p,account.2f917a681aad4b1490451c0c9bd7ca25
2026-02-11T17:35:21Z,Crazy-ChaoGeGe,account.6b0b9bc491004f3a84f3f24d6dbb5df6
2026-02-11T17:35:21Z,i7oooooooooo,account.c091dfe6c827460283edd4142a5f7393
2026-02-11T17:35:21Z,Rsese,account.44a7012ea55a436ca6f00b3c5de41259
2026-02-11T17:35:21Z,ALT_FH_BeysenKZ,account.be18d3924e344e6e87c211cecf2ec8cf
2026-02-11T17:35:21Z,yeongduchu,account.968aa9ec4aae4db8a6124f6bc7500a49
2026-02-11T17:35:21Z,WXJJ__,account.bcba2d3a9bba442b858e5ae0a1528daa
2026-02-11T17:35:21Z,QAQ_794_-,account.a71b7dd14e434b3a8555bda4d10cb185
2026-02-11T17:35:21Z,Kimen_-,account.5fe8947f8e9f4090b033a4fa7f7b3a54
2026-02-11T17:35:21Z,i095__,account.d599e1a720604daba390b2ccf9073ec7
2026-02-11T17:35:21Z,TT007,account.3fc8d2c4f69647ad8712adcfb1c569ac
2026-02-11T17:35:21Z,Y_hucheng,account.e617fef7a46341308f960669773a9e12
2026-02-11T17:35:21Z,YouKonwHowMuch,account.217eeb38e19442359d77b8f58fafc61a
2026-02-11T17:35:21Z,In2chu_,account.8196fb4eae974cdc87ca7ad614f425e8
2026-02-11T17:35:21Z,ShuZhen-_,account.605bacbdca5e47999d6b93e21aa5a204
2026-02-11T17:35:21Z,BPK_BABO,account.e5a9f0ff16dc4ff8967aae7969440d55
2026-02-11T16:41:44Z,J1eFuhaoxiang-_,account.3d5eeef6fc7543a58d4f0d9bbd1eeae2
2026-02-11T16:41:44Z,seohyun0917_,account.1b0f936948fe42e3937678cc725dbfc0
2026-02-11T16:41:44Z,TG_Haru,account.8909fa42403d402484efb9bbef01bc88
2026-02-11T16:41:44Z,Pie_Coke,account.353d1c1761c84b7c86562acabbb58431
2026-02-11T16:41:44Z,DDasiDDusi,account.182e1e6bb876402db670bea222baa15c
2026-02-11T16:41:44Z,MGL_812,account.3c2663263c064eacb759f972d40767ca
2026-02-11T16:41:44Z,Super_Haims,account.e429f258023f4d5b879e5f5557da19df
2026-02-11T16:41:44Z,b-bong9,account.1668098ce19c44af889c6af39f18e20c
2026-02-11T16:41:44Z,BH-QuZhang,account.0d482d8c97584758b7a0bf4b75fa93c0
2026-02-11T16:41:44Z,xc-666-1,account.2871526ecdb346278abddbb175508abe
2026-02-11T16:41:44Z,DaTou718,account.ecedeb020ea944e88f01264fcb542365
2026-02-11T16:16:54Z,Crow-YaoHui-----,account.525f12de9cb24c26bb8a4e070c2711fc
2026-02-11T16:16:54Z,emonmnmnmn,account.66627480ce194d53ab6b017ea2b8d9c5
2026-02-11T16:16:54Z,Bear0198,account.04f345bda529432cacff910a4d488845
2026-02-11T16:16:54Z,le_stella,account.4e4bef887bc0432b828ed092fe414ba1
2026-02-11T16:16:54Z,TDFF_NAGI,account.7540a3e08a4a4b91ba6c1e0935c37b6b
2026-02-11T16:16:54Z,nurungji-08,account.f85581af3d9443d392c0cfe4e4da8c5b
2026-02-11T16:16:54Z,636298,account.5d744e0ff19e4a99b4f1b9bd8bcffb90
2026-02-11T16:16:54Z,HONOR_01,account.cd180366d6884beb83528dcb9532ceea
2026-02-11T16:16:54Z,BERYL-M762_9527,account.4e94034a22704903bc8ec53aa791f069
2026-02-11T16:16:54Z,orajhdng,account.4d75802033124141a111f9746c527d25
2026-02-11T16:16:54Z,wj0451,account.8ac4e0fcc1654f7094ef31111ffc85fb
2026-02-11T16:16:54Z,SuperDaFei,account.39ffd4e3b218438da9e15cf14f9b17ef
2026-02-11T16:16:54Z,CHN-XXiongGeGe,account.be2cb291625141ba9b510e801987ee75
2026-02-11T16:16:54Z,laozidaoniba,account.8a43cc266a904ef98f1cc7519e646988
2026-02-11T16:16:54Z,CalmXueChun,account.c6f5310871bb4d6c998976b2bb18693a
2026-02-11T16:16:54Z,Freaky_Coc,account.8467b60e78bb44919189f2de4d5d2ea2
2026-02-11T16:16:54Z,Meliodas012,account.403b9bbf86af4f40a8f04d1f05508022
2026-02-11T16:16:54Z,kQ3dQLwyGThct,account.ab2240b5e86145698fabf6cbd5b2b179
2026-02-11T16:16:54Z,eagleLW,account.76ba61afdeb749cfbe86ca85c6921af5
2026-02-11T16:16:54Z,CHN-DJiGeGe,account.7cc103baf46341908c63189d3d1ed653
2026-02-11T16:16:54Z,DGQ_1981,account.de26b6d78bf84abfa7724b7828e54044
2026-02-11T16:16:54Z,woailuoyuhao,account.2160a2e5f51943228b066120890ab4d1
2026-02-11T16:16:54Z,HOVXL,account.90fdfed1ee514b899d93e0d88b7d2dcb
2026-02-11T16:16:54Z,Amoxici11in-_,account.dc219825947947219498c2f1a75f7ed8
2026-02-11T16:16:54Z,WS_127,account.d59311b780674de6a87897ec91e507f6
2026-02-11T16:16:54Z,bingre__,account.3384be9a259948abbce0d88e24cd1b0a
2026-02-11T16:16:54Z,Zo_oO,account.13b6159c7b154100ac43dd13b73a438a
2026-02-11T16:16:54Z,GoCo-_Y,account.d613ee526c7b4e2a806735bde695bf1c
2026-02-11T16:16:54Z,Healar_,account.7956388669194af29d5bc3f4fc2b819c
2026-02-11T16:16:54Z,TuKira__-,account.4ed87e1737a54c6ebcec6d778310b361
2026-02-11T16:16:54Z,hxxin_o,account.57e331a5d5644e88a3bea6f162a4d2e7
2026-02-11T16:16:54Z,Crow-Ye_Lang,account.dc5f555d8e0e41f4a89c5f929eb30d0e
2026-02-11T15:45:30Z,Ageless-youth,account.815afc06e1194d4dafa778a3ce1bd913
2026-02-11T15:45:30Z,Maya_Anxin,account.920e76c65e494cd7a93a4a8bfb9600cc
2026-02-11T15:45:30Z,llllIllIlIIlIIl,account.2c9c5160d50a4f46a5ae00141be65c9b
2026-02-11T15:45:30Z,Sri-_K,account.5ca2ea1ea1a84eee8c474bcd87d6402b
2026-02-11T15:45:30Z,TaoGangYiGe,account.05d5202dd9954432b71878c9d492b71a
2026-02-11T15:45:30Z,XiiiiiHuan,account.5480e63ca2e84fa8bca513fe46e06a4c
2026-02-11T15:45:30Z,XianHaiyin-,account.472a72fdbfea43eda119655df0c8312d
2026-02-11T15:45:30Z,No98-,account.207c9419d22c499c85a859306a0d8496
2026-02-11T15:45:30Z,Onyx_Young2,account.e735b408477b4a81ac7598c1f1cc1321
2026-02-11T15:45:30Z,OKJI_YAM_,account.7874e6fcb09a446c9e0362d73cb0980d
2026-02-11T15:45:30Z,oakzzi_bangbang2,account.6a793c79bbb248159037916d28e515ad
2026-02-11T15:45:30Z,EY_chae_,account.8dd668b8650e40b5b475ab79f0ce9ab4
2026-02-11T15:45:30Z,China_Ln_,account.326af9ce52df4da48bfad325c708a433
2026-02-11T15:45:30Z,HuanXiiiii,account.3804643bc43a4312bbf5624e0340dbcc
2026-02-11T15:45:30Z,LiaoHaHaHa,account.5c4d874b002d4b6d94991c55775d1c6f
2026-02-11T15:45:30Z,YMC6110,account.9554785bfa354427b4003a1a87d97ac5
2026-02-11T15:45:30Z,Starry-Shark,account.361fdbabc1924387869d11607614babe
2026-02-11T15:45:30Z,DryMarTini_PuSir,account.70269b767cf04267ac6151cf01a682af
2026-02-11T15:45:30Z,1xxs_,account.dbf0f7291f5c4f32b3c1756e84267bdc
2026-02-11T15:45:30Z,Snnnnnnnnn-,account.8be0d257cf8749babd20cfe40ea2862f
2026-02-11T15:45:30Z,black_daju,account.05ffcae33bd64f2d9194704920358836
2026-02-11T15:45:30Z,Ai5bIEz7,account.72740de5f1d1446698e4b3c1bf7bdb60
2026-02-11T15:45:30Z,DryMarTini_XxSIr,account.d27b9e1e5dcb4a518a7ff48ae16e43a4
2026-02-11T15:45:30Z,GGshuoMM008,account.eebfb66028ed41d7a39b8820626cf1b1
2026-02-11T15:45:30Z,WJ_PT,account.38b55d0933f04a99aac88b9cabf10b63
2026-02-11T15:45:30Z,H-Snakely-2001,account.534a54fdd4524f5a973211e9dbec9bba
2026-02-11T15:45:30Z,CGC_-Xavi,account.343eedd5797c4641b3fc29ee4b0ef5f5
2026-02-11T15:45:30Z,CCG-Xaoqi,account.79c38bb1fc684131a950bdc37a901d2e
2026-02-11T15:45:30Z,YuRunHao,account.7558bc82b0ee42d9ad118bbb6beecef0
2026-02-11T15:45:30Z,DryMarTini_I7Sir,account.60dff9d9ada94854955a9b5da50259a0
2026-02-11T15:45:30Z,Aw_Miss,account.6548af9f49d645ee92f42b5b7078200a
2026-02-11T15:45:30Z,HelloMenGT,account.6f2297e5e0cc4084b44821364b38b5d4
2026-02-11T15:45:30Z,lucclaire2020,account.f89096e1ea5a4a6a853ac18f4950ca4b
2026-02-11T15:45:30Z,BBANGBBANG_AH_,account.ce7b30a3ca4844b5b96aa6a6f8d42b2b
2026-02-11T15:45:30Z,Sri-_S,account.8c40062654ae420ab5499bcadab68825
2026-02-11T15:45:30Z,CGC_-beedoollkee,account.eba8399937db4c709d15ab8c8f5be773
2026-02-11T15:45:30Z,LNG_zunzuN-_1,account.2d27cb9d716a4d459b9ddb328e5ed327
2026-02-11T15:45:30Z,wwek4lxfph,account.7fbfb3ab9c2249d2afb82d77d42ac307
2026-02-11T15:45:30Z,Orgeous-,account.df666aeb1c5742d18bd6b02f9c5fa070
2026-02-11T15:45:30Z,SKT---QQ,account.6e22aed27b1c4598bdefd325012392d1
2026-02-11T15:20:23Z,Master_Demons,account.5efb1d2730ac4cb9ba28a6d4dba942e4
2026-02-11T15:20:23Z,cwyyds2,account.fa038098f47c49eeacb336c11c209be4
2026-02-11T15:20:23Z,A-0672,account.037dd2763228479b9718fe8e20941cde
2026-02-11T15:20:23Z,Koi-Statue,account.d99f3d1841ca4cb98363fff956acab42
2026-02-11T15:20:23Z,xxiaobaixie,account.283d410957a44b13ba83b624d8b44a3d
2026-02-11T15:20:23Z,tkillers,account.4949a7cd48734b0cab0ea2469c624beb
2026-02-11T15:20:23Z,Grace-YaoYao,account.da8e4400e3014d7c954d4bb71118e7f8
2026-02-11T15:20:23Z,A-0715,account.d40df2c94f1e4e93b060d2bdb06a2356
2026-02-11T15:20:23Z,LYB_____GOOD,account.a0b9fa3811614a8088fab8c47d98623d
2026-02-11T15:20:23Z,HZclub_KuKu,account.c47360f644684416b4d2a455dcad53c9
2026-02-11T15:20:23Z,Koi-bakedbeans,account.e0d0f0343fb4480c9ed879da96859a42
2026-02-11T15:20:23Z,wnwn15,account.98efa46bb51c4427b44c44ed62fb4d48
2026-02-11T15:20:23Z,ZD_Orange,account.de77b3e27af548a3b6811b1dbbf98196
2026-02-11T15:20:23Z,VOTOMS5970,account.48b846aa108b4f519e57e5562cb1e2b1
2026-02-11T15:20:23Z,XiaoQi-ying,account.dea18775cef64310b1bf2efd09acf578
2026-02-11T15:20:23Z,TieuTotSkrrr100,account.86654b5ecce6406f8ede2b887e1491d1
2026-02-11T15:20:23Z,GuaGouSiMaQAQ,account.60a8a85eaa534d74bf9959b0972dd3f2
2026-02-11T15:20:23Z,Yy711319ChinaJz,account.87ead4d66b364505bf110e0f53687fa4
2026-02-11T15:20:23Z,BieLianX1_,account.f945830965b049eda9175dc257b2a0e3
2026-02-11T15:20:23Z,tqdani,account.e7fa3e8c18ce40daac824136c07d9099
2026-02-11T15:20:23Z,HEER-LANGYANGYAN,account.336798808f6c461daf18f949988c80fa
2026-02-11T15:20:23Z,iam-north-korean,account.3bf962003c0042d2886a22a3c6aa520c
2026-02-11T15:20:23Z,00217_,account.bd7ea52deca146a99289adccc6c3c604
2026-02-11T15:20:23Z,412u,account.246c97c298ac423aaa9486261442dc79
2026-02-11T15:20:23Z,DaiGuooooo,account.90c52ba03640465ab2e85e124546506d
2026-02-11T15:20:23Z,LILINSENSS,account.496612a8257641f4bbefd3028801fc10
2026-02-11T15:20:23Z,innonix-_-7,account.8c082c1d67364181a890c9161b312e0d
2026-02-11T15:20:23Z,1020_0,account.d60222dbf99f490eb6496e19789c8cec
2026-02-11T15:20:23Z,ennmmm-233,account.863723978e004c90bd319e5a6c9b4549
2026-02-11T15:20:23Z,PanMan-chen,account.181644709dbe4169a041b44d327d0e8f
2026-02-11T15:20:23Z,CaTuTui,account.70ddbd6e55934846a65f9a349f847804
2026-02-11T15:20:23Z,XiLeSqzR,account.a30d2e65c65f4c76883cc5941faa4a0e
2026-02-11T15:20:23Z,AmgL-Mongolia,account.4fc3b065ad48400c81180ade236e54e2
2026-02-11T15:20:23Z,Arvin__Xu,account.ee88cd5679fb48789835617ffdb2dcb3
2026-02-11T15:20:23Z,Xxc-1806,account.6c04a8d86c7c4eeca33bad6ffd8c3b75
2026-02-11T15:20:23Z,DaJi_NING,account.4d427ee97e034f84acef630110ca310d
2026-02-11T15:20:23Z,9471-_Zhuang,account.4274bfdccdb046aaadc19f301d2fcee9
2026-02-11T15:20:23Z,BUPG-JunKai,account.61fbb06330a14ecc871ce168e22f9115
2026-02-11T15:20:23Z,Rayxiaoxiao,account.bb84de2d175d4bbe95b4541d6cafa63b
2026-02-11T15:20:23Z,Player_Natural_1,account.a74d71c8f21a484ab984b3235ed4af8d
2026-02-11T15:20:23Z,12_50,account.df89c9ce5e27491a85498969b11f4471
2026-02-11T15:20:23Z,Survive__G,account.f2a13229b44a45d5ba2fca8dab09733e
2026-02-11T15:20:23Z,ZINZZAROK-_-,account.058ba4d5351d4b13a35881d6dad1484e
2026-02-11T15:20:23Z,DA-JI-JIE,account.0bc744d77a2b4bb3a3dfe658abf99cb8
2026-02-11T15:20:23Z,Ls_chengguanxiii,account.6fc88d73c3af44fa9340e5a687f4422f
2026-02-11T15:20:23Z,areyouok0003,account.537dd91801eb444b908d426348c7f2cc
2026-02-11T15:20:23Z,Deepsea_Coke,account.4ab765845c8642b0ba33720ae9609cbb
2026-02-11T15:20:23Z,LYB_____KING,account.5d231bb39fab49ed8510b2ee79d8ecfa
2026-02-11T14:58:45Z,XD-TaoGege,account.f2a31b2ca8a64c1c83054395d2c9b12f
2026-02-11T14:58:45Z,huya-luyan,account.0494d82559a441b086660f5affbdfd65
2026-02-11T14:58:45Z,Freedom_SSS_Wolf,account.64572d3d1091449a8019e97a5dbd9875
2026-02-11T14:58:45Z,V50_K-K_HeiSi,account.10d1114a0a4146809d65836e4f9ce229
2026-02-11T14:58:45Z,Fly-0307,account.c507bb3f6b654a2a84c468d501b165c1
2026-02-11T14:58:45Z,GOD-Laii,account.dca7c095669a4f1c8d4af0a7773ef162
2026-02-11T14:58:45Z,Mask1sGod,account.abad1bd2c74c4c3c8f6a8a315184948a
2026-02-11T14:58:45Z,Black--zxy,account.00b22af5e91f4b42a92b3b54f01719be
2026-02-11T14:58:45Z,XikL4291,account.b3b851b2d93d400184d5ee568f1a9429
2026-02-11T14:58:45Z,ASShenJiang,account.883358ebb5df447bb3a966abef8ca4b9
2026-02-11T14:58:45Z,YYDS--jiwei,account.aea7a13c368e41c491cb30b3028327a0
2026-02-11T14:58:45Z,Killy3a4n,account.966f66a02d964ebc8ae2792068949c29
2026-02-11T14:58:45Z,GouJiaoSha-_,account.8807bd09d173450b80be659ec24d1537
2026-02-11T14:58:45Z,XD-JiaGege,account.b2e0203715454bd4a2d6627770a6272f
2026-02-11T14:58:45Z,i02-05,account.2f19ee3e556d482895d4d7eb9f59eeeb
2026-02-11T14:58:45Z,Samuel0120,account.2eb3e0f573494ba7b87579977188e27e
2026-02-11T14:58:45Z,Orz561,account.b8d0e84855aa469392629b97275a84fd
2026-02-11T14:58:45Z,ChesterADarwin,account.9418eb7da73647759ca9ad372241556c
2026-02-11T14:58:45Z,ZhiZhiManMan-,account.cbbeb02c41ba48ba8ddff919af626812
2026-02-11T14:58:45Z,angel-last,account.7a15e908b9a0405cbc4ceb98b5ab7d59
2026-02-11T14:58:45Z,Folksong_,account.595043eb3f924b8dad1deed027ccdc80
2026-02-11T14:58:45Z,Wisdom-wolf777,account.1213a54e92324c0d8ed325d60e4c43ea
2026-02-11T14:58:45Z,JiaJiaBoLu_Jia,account.d1815059643e4366a435dc704f67b1ed
2026-02-11T14:58:45Z,Lululemon-_-Xu,account.8429f79f34fb4b039c9b1f421d977b33
2026-02-11T14:58:45Z,Dance_SCV,account.7c7204b9c22349c69bb3f3d7ec98392a
2026-02-11T14:58:45Z,AecaAeca_,account.25716caba975485db08f12cbb5024c2b
2026-02-11T14:58:45Z,SoYuon9,account.81801eec588740faabe4d9213a0534bd
2026-02-11T14:58:45Z,yn1keu_,account.b5224110a6364e14b809a025aa3dd509
2026-02-11T14:58:45Z,Gq_vvvv,account.92017ecd4fc24a58a60dc7296fadefe1
2026-02-11T14:58:45Z,0427Sunlaoshi,account.e5c06ff6bc774fb8a7372ccf7f88857c
2026-02-11T14:58:45Z,mishitexian,account.025483f3c7b947779db49249699e2053
2026-02-11T14:58:45Z,7Viiii-Eta,account.211ff11e8b734378ada97208b11d70b4
2026-02-11T14:58:45Z,LXK_77,account.b869983d99f4407cbf2ecf8d2f5abbea
2026-02-11T14:58:45Z,RoseMarryMe_,account.2497df4d0f3f436f9fec62eb706576b6
2026-02-11T14:58:45Z,l8cmDaDiao,account.7686d426813f4f098020a629b8ea2777
2026-02-11T14:58:45Z,Z_XF_47,account.78ac01e57bd543d49389f647b9743b0f
2026-02-11T14:58:45Z,V50_K-K_NaiZi,account.af4ed778f8ba4b29bcd0c164be4740ca
2026-02-11T14:58:45Z,V50_K-K_DaTui,account.1a697618bcb746a4a3f0b90c473d3f68
2026-02-11T14:58:45Z,Diave-1260,account.ce404d32c7f3452ba43c31f27a00cd1b
2026-02-11T14:58:45Z,NN-king,account.fa037159397a4da9bdeb3754113de7b1
2026-02-11T14:58:45Z,Mumaniu13,account.d40ed0e9a1054f5388bd1774be390794
2026-02-11T14:58:45Z,Nange-Anpai,account.d5e75047c96a46f29bf91929dbfa7d6b
2026-02-11T14:58:45Z,TAEIGO,account.5f58496155ff456ba5505979cb7e9c9d
2026-02-11T14:58:45Z,Zuic-_,account.1b95f22c4afd4fdcb36caa153a907b7a
2026-02-11T14:58:45Z,Silnet-109,account.e523df84d7f94a23a67c512789698c3d
2026-02-11T14:58:45Z,SiGui-Yy,account.73cd08283a5c4b0093f8d2e6a91dabb0
2026-02-11T14:58:45Z,10_Timing,account.7215de6679bc4cfe99b2ea47e324a905
2026-02-11T14:58:45Z,AgeingCurve_-,account.c313a67a8e5a43dfb8b568319d88ac44
2026-02-11T14:39:02Z,Leecheeky,account.956645470090474cbf07f205ae3642f0
2026-02-11T14:39:02Z,pa99991,account.5a6eea651e1f460cabb540d5f825e2f9
2026-02-11T14:39:02Z,Crazooooy_zhang,account.cb55444782b44eee9268c2570a4de9ef
2026-02-11T14:39:02Z,long-0601,account.c55018e2079e48a09e444f61932eafad
2026-02-11T14:39:02Z,kancho_0_,account.273f30252af144929c9ffe8b5b7923df
2026-02-11T14:39:02Z,88888zhy,account.c88f8620904f483bba262d9d2d3ed980
2026-02-11T14:39:02Z,Guaishou_Zz666,account.7cb5205916164649a9bd7fc80b3fa381
2026-02-11T14:39:02Z,QiShiHenJieYi_,account.97004ad380e44c8f82752ffe620020a9
2026-02-11T14:39:02Z,JagdpzE100,account.6b3215af01104bb6a087f8d2c88f055a
2026-02-11T14:39:02Z,LinFeng-o59l,account.a65f37b07ef54b74b2e1179f4272d4f0
2026-02-11T14:39:02Z,SAS0_99,account.b816dd35069f46118ae0e1e2a0eeddcd
2026-02-11T14:39:02Z,Why_Dee,account.e75de5dfe4ab4e3ba3e9656b80ad9ec5
2026-02-11T14:39:02Z,BenDanSun_Jing_Y,account.fb7baec721364e3f9f673012ab531ce3
2026-02-11T14:39:02Z,Predator-vip,account.d701d304a895454f8f89934641a6203a
2026-02-11T14:39:02Z,tryangle,account.697e8339188e43c086ea3bd4a314be32
2026-02-11T14:39:02Z,mango080211,account.b9df41e5a5ff4a93bdd1e4ac2dffa974
2026-02-11T14:39:02Z,iun11_,account.2a568704cefc412097247daa357758f7
2026-02-11T14:39:02Z,86oi_,account.ea3f4f37a92f41018106c07bb46fcccf
2026-02-11T14:39:02Z,she13457,account.151099027012447c99a0eed6fa0b6386
2026-02-11T14:39:02Z,AHTC6666HDR,account.112e3c255ff64e26bdfbfbbbe5a4f256
2026-02-11T14:39:02Z,KR_Len,account.22b8b0a071b2411494ede8fa144b4b70
2026-02-11T14:39:02Z,Hoems-0413,account.1dcfeb0b108b41c6bf9ed3ab019ea51f
2026-02-11T14:39:02Z,siddltmskdlvj,account.afa2d66ac74944f88e2f3473ddcdc592
2026-02-11T14:39:02Z,jeasoon,account.852a2db0cd1c428f9ef61fcbec189058
2026-02-11T14:39:02Z,Winter_SN0W2,account.d6b480f8758f49098c9f9b24a82f0f5c
2026-02-11T14:39:02Z,GunKing_Zzy,account.44d3276238314447ac3522c97577944a
2026-02-11T14:39:02Z,16-72002204,account.5559ce2b7936470cac5fe21c158698d4
2026-02-11T14:39:02Z,luodichijiqqxu,account.6fbdd7d8c3bc4224a320a56fad797a48
2026-02-11T14:39:02Z,Bro__A-Wen,account.1e25d32b0b944631ab6dfba53a10e9c1
2026-02-11T14:39:02Z,annHuman,account.0cfd40b1153044f29fa500eb036a6b49
2026-02-11T14:39:02Z,DianaJack,account.3c8ced9166f344999cb680f67728968b
2026-02-11T14:39:02Z,DK_steelo,account.2193e3ae21ae4e53bd43bbf1898726dc
2026-02-11T14:39:02Z,Jenim-AkilJan,account.c5e98501dc484458930ab387d0542c03
2026-02-11T14:39:02Z,lhb1987,account.c6efd41dad8740f1b9f201383a7adfe1
2026-02-11T14:39:02Z,Keaide_QingQing,account.cdee0d2e363a43cc8367d72b7d22f6b5
2026-02-11T14:39:02Z,YONGMEIMEI,account.b0309d871cc34602a53217c7afdf1269
2026-02-11T14:39:02Z,LuRenWang_Han,account.eb85f9eec84449a0bd4cf2dc88e7dc66
2026-02-11T14:39:02Z,wvvwwvwwvwwv,account.3c8c867ce01a4b11872cdf9b4cb2eb3a
2026-02-11T14:39:02Z,Mzil_-,account.1bc32d5008af4bf1b43325247f754148
2026-02-11T14:39:02Z,dhtngp111811,account.ada5638ce98d4720bab6afcbcd76d92d
2026-02-11T14:39:02Z,kkimjaewon,account.89c16185e37d40d2b317cdc1e1b5b368
2026-02-11T14:39:02Z,Crazooooy_chen,account.baf4b981c81947fdba3e2394fcf6d822
2026-02-11T14:08:54Z,Mr-XiaoYi-1201,account.c0c3f581a3504133ba56dacf98901cc1
2026-02-11T14:08:54Z,YEYEYEDi,account.201d8255009443a4b07afd8d080e8a8c
2026-02-11T14:08:54Z,r7s21o,account.18ebd3de54f049d2b257637fabb0f31e
2026-02-11T14:08:54Z,TangNa000,account.fdfb1d6138a44d9696fc69d616b34480
2026-02-11T14:08:54Z,min_05225,account.6788060947ce49bf984188e66d82b887
2026-02-11T14:08:54Z,315N,account.ca48268a6d7d4e30975d2e907198b729
2026-02-11T14:08:54Z,JoJu-0-,account.41ecdf2d43f342eaa8ea5f9e5c1f6138
2026-02-11T14:08:54Z,Lyin37,account.24239e4956a041d99e2ea4aa3233ba0c
2026-02-11T14:08:54Z,Y_summer1861,account.f99b2d9e40b04531aba61042a5f201c0
2026-02-11T14:08:54Z,sj2remix,account.fc3cd6a1dda14d439ba0c665f549ad0d
2026-02-11T14:08:54Z,A-Ketty-xixi,account.a2136162016c4e608836fdbdd437e62c
2026-02-11T14:08:54Z,Yamato_Ahmed,account.f07f025961e540a487cd402492e35396
2026-02-11T14:08:54Z,chao-ba-ba_,account.22cbbd866a034853876ef68d8ebb0634
2026-02-11T14:08:54Z,heixiu_ge,account.859737a54225471fb5f976c0ab623da3
2026-02-11T14:08:54Z,XuXuAiMoZha,account.2815d66c29e6477d9ee0ab8d418fe1fe
2026-02-11T14:08:54Z,Koyz_,account.e9b4e5faa3de408f8d98f33cab0c60a4
2026-02-11T14:08:54Z,Annongsini,account.e2c19a981c3b4a18a26439af25ecfdd7
2026-02-11T14:08:54Z,1li3_,account.55bef8b077c24257b3129386473f0da2
2026-02-11T14:08:54Z,PeRo-17RR,account.fc333d98f8314430bf0bc4f4f61dde26
2026-02-11T14:08:54Z,GonDamN,account.35543cdf220d4354a62c9f3d2af90705
2026-02-11T14:08:54Z,91sdsds,account.6b55072ed14f472aab2fe9150af5ea6b
2026-02-11T14:08:54Z,QU4RT2,account.ac389f6e34bd4831b8573be030b293ba
2026-02-11T14:08:54Z,afkajg,account.814bad9d34f44eb8a72d220b76bfe76c
2026-02-11T14:08:54Z,Lsgks_555,account.ff45ac510ac54374ae788858f8d7d548
2026-02-11T14:08:54Z,Maple--_--rain,account.0a2cb52e84514d93b28a5f55d2f0bfbd
2026-02-11T14:08:54Z,Chrisgogogo9527,account.37bb5b00c22f4ba4b312248080daee41
2026-02-11T14:08:54Z,haoqibaobao__,account.3f008c37c7194722a51a22c97d1f6a0e
2026-02-11T14:08:54Z,SIBAOWUSHIJIN,account.6f7963dd19c64ab4a4d16487fc2f021d
2026-02-11T14:08:54Z,DBG_Numina,account.3127115b2cb64db6977f621270887d39
2026-02-11T14:08:54Z,wxX00_,account.4c5247c384074a008967c2a2e3c7124a
2026-02-11T14:08:54Z,Cestlavie-_-,account.bb7f679ec5f64b718339727c57aad1e6
2026-02-11T14:08:54Z,95_SanGe,account.53ca106aed22480cbb4b290fd50e7fe3
2026-02-11T14:08:54Z,I0-0I,account.319c9174268d4c3ca0946a1341925341
2026-02-11T14:08:54Z,CLSDB7,account.2d9562f3f7724af28233152693225b87
2026-02-11T14:08:54Z,1li4_,account.619c024816744f659c7feaa94e145237
2026-02-11T14:08:54Z,BBangYangGang,account.35eedb9009c54d8d957a26a670544fbc
2026-02-11T14:08:54Z,GunControlKing,account.5a1fb1717ffe44e2a4b62b3db4640f7f
2026-02-11T14:08:54Z,pandaTV_warrior,account.3c8994fe27554ad4b54b6c5ec592d569
2026-02-11T14:08:54Z,ZC----2018,account.79026f05569349ce81f3ff7684acae01
2026-02-11T14:08:54Z,Yaangban_kim,account.4385b503621f446e94d92bcb24b22e57
2026-02-11T14:08:54Z,sjw777,account.45fe6c340d094510b9f720759f435207
2026-02-11T14:08:54Z,zzk19891225,account.5b2ee22e2d6b47beb19b87e1858fc97e
2026-02-11T14:08:54Z,ndayejiushiw,account.9a65ee8926b44b89a0ff46acb39f578a
2026-02-11T14:08:54Z,hoyuneom,account.c578cb95b13f4b19a043099571b07923
2026-02-11T14:08:54Z,Maple-rain,account.ea7f08dfd02942e3bfcb6f356db36987
2026-02-11T14:08:54Z,dk7137-,account.cd9cbf6ae3aa4cecaf23af73242b33a1
2026-02-11T13:44:50Z,LSP_Lionkkk,account.647dc688f49742aab46aff32542b53eb
2026-02-11T13:44:50Z,Timi_Zai,account.368c7884281741a2996b58ea93fb4359
2026-02-11T13:44:50Z,Itsme_Hoody,account.e5ec0661245c4578943b79dcd73b472e
2026-02-11T13:44:50Z,NB-ZhanDui-N0003,account.907b9a86770d4c0fbff4110372f55899
2026-02-11T13:44:50Z,xouoan,account.38d96946214248c8a143661c3a6ee2ce
2026-02-11T13:44:50Z,tlqkfwrkxxp,account.b743b55ba0344aa582d55a6a96cf4b35
2026-02-11T13:44:50Z,JasonRuii,account.b7ae19bab8834f1f8fe8d4cdb297603e
2026-02-11T13:44:50Z,0217-T,account.79ba60bba05c4c94ba920334343189cd
2026-02-11T13:44:50Z,Zzz_tai,account.edc4957ee5db498495b54bff4f254e0a
2026-02-11T13:44:50Z,Delete-o-o-,account.d650eb39434a4452bc330c15c65413b2
2026-02-11T13:44:50Z,Seven_XX0O,account.b041d330c82f47bb8f67f6a6d22c0b02
2026-02-11T13:44:50Z,LuckyAxel,account.56d15f28377a48768b890543fc0efeba
2026-02-11T13:44:50Z,DH-eleven,account.ea87299e6bf14b3eb4d9707aff7dfa2c
2026-02-11T13:44:50Z,XICHUANXIAOZI,account.9bea92eb736847228f79e8dce7bf8be0
2026-02-11T13:44:50Z,chengwenyu123,account.efe046c4919d4efda944d1a462956c78
2026-02-11T13:44:50Z,NaNice_,account.536e282e3d5149d7bdac6957c23b0449
2026-02-11T13:44:50Z,182CM-75kg-24CM,account.513cf4a4c7bb4d9fb14d2a873d2184a5
2026-02-11T13:44:50Z,NB-ZhanDui-O1,account.e3e8dc2c662a4311a0d082aaf84c004a
2026-02-11T13:44:50Z,juanjuan-220524,account.0a69f439b3e9421cad19bc0f309d3440
2026-02-11T13:44:50Z,K1os_-,account.e4dbadf58f33424d9d9a6c7599cab810
2026-02-11T13:44:50Z,L_JinChan,account.27d5407429f54afaa262a06e719ff570
2026-02-11T13:44:50Z,NEWHAPPY______,account.7d1100194ccd45c0932c6a0bfcc47592
2026-02-11T13:44:50Z,LUOYANG_______,account.db0537ac2a97421693dca63615cd2a5d
2026-02-11T13:44:50Z,lswleo,account.d8a99b7b2d694003a0639fa48d320978
2026-02-11T13:44:50Z,Nakoruru_419,account.eeb2fbf99b6f449f9cfd691375db881d
2026-02-11T13:44:50Z,DDoYuu,account.17a85a33927c4081a92f8605f2b21a72
2026-02-11T13:44:50Z,Marc-Guiu,account.74fb6c5bc18242ec9bb791bab808f73b
2026-02-11T13:44:50Z,KunzZ_zzZ,account.5b53dbae48bf4c8cb5f0e269cb609d05
2026-02-11T13:44:50Z,PreFErenceL--,account.166b1e55ac5247109f557935332d057a
2026-02-11T13:44:50Z,SeoLyeong-,account.b0bae218be2445c79c5150645fd3b333
2026-02-11T13:44:50Z,DuolaCmeng--,account.71a0e2f426f14bf599cd062fa027e04d
2026-02-11T13:44:50Z,Zai-7,account.181b190157a34dabb4a73d7c430cd607
2026-02-11T13:44:50Z,Yoyo_sky,account.528cff0ac66046e29eff5715098d50cc
2026-02-11T13:44:50Z,GTY_MO,account.e23578837faf4e9088f13f76fa235536
2026-02-11T13:44:50Z,Seven_ooxx,account.5db45fbc44b646ed9e5bbedd0e2de22b
2026-02-11T13:44:50Z,77ouQ,account.36a3989bfd7d48c4b7020a411df4fd5d
2026-02-11T13:44:50Z,cp798,account.7853361a0c744f7bbf334afa2c052139
2026-02-11T13:44:50Z,SILVER_WLRMa,account.4db03d67b9564f519a747380fbceab53
2026-02-11T13:44:50Z,Zzzj_99,account.d830df98206f43c9a3608344a78646fd
2026-02-11T13:44:50Z,Dj-wang-_-,account.4e4d6fab32b445c09e7bfebc59152422
2026-02-11T13:44:50Z,D10KJW,account.b2326e58da1b41b293416be130fb6149
2026-02-11T13:44:50Z,Sa0BIGun_-,account.6f3d45964eec406aaeb92ecf19ec94d0
2026-02-11T13:44:50Z,Tianninaitouzi-,account.cecff91410e74ca8be2953538cea570f
2026-02-11T13:44:50Z,fantasy12138,account.fe51bb45beda4103b62e164ea08847d3
2026-02-11T13:44:50Z,Eatsmall_Chicken,account.4b9d298c47a64f82b0acc0484232cd14
2026-02-11T13:44:50Z,Seven_XOOX,account.22e3431b334d40679c810afe889f6cc3
2026-02-11T13:44:50Z,ShangTang_PrPr,account.2b55bdf9871f476db87502e9ea5f6cb4
2026-02-11T13:44:50Z,Roes-1,account.d8cba4bf579e487096053c8f954512d4
2026-02-11T13:44:50Z,DandanMan11,account.058e28dbe9a2462a911f0a097f093e54
2026-02-11T13:44:50Z,B1eTouWo_-,account.b1776d09d73e4bee940beba576053911
2026-02-11T13:44:50Z,9GeGe_-,account.1e12ecc3ba6b46d4b7a68bc7c4b09680
2026-02-11T13:44:50Z,LYB-Hao95,account.323c7ddb5cd943459e84665b881d9b5f
2026-02-11T13:44:50Z,xinsuixixi,account.0a73ac70f6af47f0952e39c83650b1e7
2026-02-11T13:44:50Z,Mbai18cm,account.4b1af1837b1049d395836faa665055c8
2026-02-11T13:44:50Z,CC_Q-A-Q,account.f6cd9743c69046688db0c39bfe78b7b7
2026-02-11T13:44:50Z,0433_-00-,account.8def89f993364a9994a88a2531754bd9
2026-02-11T08:01:25Z,kbm0710,account.febc43f363374b17918d3958bf73ff96
2026-02-11T08:01:25Z,PUBG-bigboy,account.51b7249e05f94692bf14811ca7d4c343
2026-02-11T08:01:25Z,XXXXXXXX_XY,account.f97c3ef8c9434b019b7dcfc42fc5b0d7
2026-02-11T08:01:25Z,CQ_TimeMaster,account.bbdc0aeeae6846289d8d0ba0a4520a0b
2026-02-11T08:01:25Z,kreisel-sun,account.44db8dfa606f4779a3472427df28b9d7
2026-02-11T08:01:25Z,JIUZHOU_666,account.1ba072ea862c4c139ea4ab787b54a3e8
2026-02-11T08:01:25Z,DEKOF,account.64c34345722b46ea902056f396233d89
2026-02-11T08:01:25Z,zhanglimin,account.4d682e5b11b240cc94a39f6b472cd73d
2026-02-11T08:01:25Z,MimOuO,account.d304539f235d4aadb56241e91b49dba5
2026-02-11T08:01:25Z,wasabb2,account.952948bf9ee64960942591b1e1df6065
2026-02-11T08:01:25Z,ZhaoBaBa238,account.8571ced159934f3aa75ef00c2b09cc76
2026-02-11T08:01:25Z,wfsc2018,account.2df2a645d15a4c349b1abbfe6408f890
2026-02-11T08:01:25Z,Ak-JinGangBabi,account.6e07c2ff765a42ebb8381567234f79c8
2026-02-11T08:01:25Z,Lucky-JIA-,account.7a0bc28414b84d36a4e64f8919b92804
2026-02-11T08:01:25Z,DSGIIllIIll,account.74824e35079847adba1bdfc241104386
2026-02-11T08:01:25Z,Map_Ru1o,account.a35ce703f33c4cd59b82c58641514514
2026-02-11T08:01:25Z,28oLiu,account.dc9754612cd342ed964cc07bf4f948d0
2026-02-11T08:01:25Z,Poison-Fairy,account.6b3da86ed67c42a6a00d83b75f664ed8
2026-02-11T08:01:25Z,Pero-xiaoboli,account.8c130bd7b4c04fbb96b0ce1c4f066e2c
2026-02-11T08:01:25Z,AiHu__,account.5c490aa5d7eb47279c85cca418bc3e15
2026-02-11T08:01:25Z,Ks_BangChui,account.7f16968bae584d57ac18039ce97eda38
2026-02-11T08:01:25Z,Devil-WangX,account.40137910854247ceacf824ecfe020cf9
2026-02-11T08:01:25Z,sky10114,account.24e5cb2fb86b4f12a172f8080e637fbf
2026-02-11T08:01:25Z,8Goo_-,account.83a0e64fff10436a9a2d1e6c1ab96838
2026-02-11T08:01:25Z,AKAYG7,account.af329f63f7414ee8b2991ea925a63c25
2026-02-11T08:01:25Z,iGmk_Coco,account.68dc65d2151446669e2fdfdd4d48c256
2026-02-11T08:01:25Z,Medical-Staff-86,account.8e73aa3ce5be449a95beb8d665915e71
2026-02-11T08:01:25Z,A1uut,account.e819a7415b57440bbd3eeef799dcc3a9
2026-02-11T08:01:25Z,Shoxie_God,account.5e7e581dd38f4007a6a6e25c8586684e
2026-02-11T08:01:25Z,Leesuyu,account.bb061fa663134e49ab915641737426dc
2026-02-11T08:01:25Z,CaiXuKun_WRUD,account.a673d68af4604ebaa0413ee2ae8b7fa7
2026-02-11T08:01:25Z,QingCan_,account.1ebdce2ee1d74fe6b018c55b05f6afd4
2026-02-11T08:01:25Z,yao-meng666,account.f1ebf223ece94ddea7c853226ca909b8
2026-02-11T08:01:25Z,wangdan6666,account.a8c40a546165409ca48b4fcdb65d9627
2026-02-11T08:01:25Z,Huai_Nan_Wang,account.e7e6fd57a3ab4603bde71123a84c6088
2026-02-11T08:01:25Z,Oi9oo_-,account.473fc1f05d4148c4bbede916813b57a3
2026-02-11T08:01:25Z,7iem-,account.25d05018ec9948d4b2bc41b24c07e472
2026-02-11T08:01:25Z,Lucky-K1SMET_,account.280a6b3c5f9a42edbb5678a4709a2f82
2026-02-11T08:01:25Z,DF_crazy686,account.5184f4895717431c86d89f7c65cc5a0a
2026-02-11T08:01:25Z,Gh_Lead,account.43873a6768d84f5b9a35947c5d51930c
2026-02-11T08:01:25Z,Solitude_Ann,account.c6c52aea736b4b9b9bc6821a1b96ef7b
2026-02-11T08:01:25Z,YH-ZOUGG,account.cb6ebf35b17740ae9a2c2ac340c26a1f
2026-02-11T08:01:25Z,SONG_D_GEUN,account.fd824aab3afc43aaaaa20320982c2af5
2026-02-11T08:01:25Z,ag--qige,account.fab1d967bbd049c98cbb0a751d9abd82
2026-02-11T08:01:25Z,Map_Yfupu,account.dab70677f56443a098fd4a43524665da
2026-02-11T08:01:25Z,in9x_,account.ed40b1d2a2af46e1b585c70d772de6e7
2026-02-11T08:01:25Z,a4riu5kf6,account.55f217c4c074467080882b790268fb7c
2026-02-11T08:01:25Z,GHOST--JJ,account.d497c530f0844aba9958a276c902d3b5
2026-02-11T08:01:25Z,FC-tugou,account.65fed127295540b294ab0d48433ce1db
2026-02-11T08:01:25Z,lizi0618,account.3de9e03d419e4a448685552893f360bc
2026-02-11T08:01:25Z,7msss,account.fbd9097723134e6c8fe475b713205f33
2026-02-11T08:01:25Z,Submerge-Coke,account.dc27999b5aca4f67ab064719ddeabf32
2026-02-11T07:56:29Z,HuiTaiLangOba,account.aba9a1c7798f41b2a31a8180c9a0fc7e
2026-02-11T07:56:29Z,WeirdPerson_,account.bab752f9f2e94539b78066744d4ba425
2026-02-11T07:56:29Z,XrH9_-,account.46eb5f93d10a4f22aab4fee1b99f454b
2026-02-11T07:56:29Z,COWARDS-NEMESIS,account.7f860b680d184f97a6971de09735c3bf
2026-02-11T07:56:29Z,kz_cainiao,account.5bedfc010c6f40989d7c1ffc3d0707ed
2026-02-11T07:56:29Z,Abdu_Honda,account.46c0f5978388494cb5c3f7d8e790f6b4
2026-02-11T07:56:29Z,Rowe_Lsc,account.52d60228c6814ebc970e77bb8f7c3caa
2026-02-11T07:56:29Z,123HhHZzZHhH123,account.c6c6b69080634798bbcc266ebdaf5842
2026-02-11T07:56:29Z,NBA_YaoMing-_-,account.7d68dab993b54b05910bc0732fe834af
2026-02-11T07:56:29Z,Ssw1y,account.7b915e8c97be4baeb5fcef9dc02ae2bd
2026-02-11T07:56:29Z,QioTmm,account.ac2fe4c5a5fa44ae8ff00aae9800fd57
2026-02-11T07:56:29Z,NBA_JorDan-_-,account.a551f9fcfcdc4226a9bc718ce2fcd562
2026-02-11T07:56:29Z,bo868,account.8c56dbee40c54730a60aa3c7e966c930
2026-02-11T07:56:29Z,heyday31,account.307acb684b9f4fea932135cb45757e78
2026-02-11T07:56:29Z,7USyX,account.3aa086fcc3bc4cf8a1c462bd9ec0951c
2026-02-11T07:56:29Z,Mr_MassacreX,account.ab5c72d0aaba4c4caa6c0b7da22bc274
2026-02-11T07:56:29Z,Vanessa_84,account.efcff3bbd5d54ff78f727cd43d21a429
2026-02-11T07:56:29Z,KinG_WuLa_WuLA,account.969132b92525411cbea2d5749121132f
2026-02-11T07:56:29Z,xi_ju_zhi_wang,account.8c962013c37445da9ad7fb77cc0888f4
2026-02-11T07:56:29Z,niu123,account.c067710d6b224d17ad27126b55afc3b9
2026-02-11T07:56:29Z,Lacayd,account.ad39fbafb8db47bfb533b2ce92ecec4f
2026-02-11T07:56:29Z,PJ--JinYe,account.2e534d0be0514f419402ed3798bef871
2026-02-11T07:56:29Z,RASH_YM,account.175bdf06b91144edb321d9f6705e0435
2026-02-11T07:56:29Z,Stephen_Koo,account.3f2f0e5d3e0345e389af5ee5928fd6eb
2026-02-11T07:56:29Z,NingChaic,account.70ce13321cbf4efa9a0418ac2d0cee68
2026-02-11T07:56:29Z,SheHui-FengZong,account.e52988701820449496469071780d8cae
2026-02-11T07:56:29Z,Faith-Xiao_5,account.f2af3353c5454a63a08f8e7182e4a85b
2026-02-11T07:56:29Z,JB5M_,account.390c5068d8ce473a8a57d4b756281671
2026-02-11T07:56:29Z,Space_Cannon,account.5dec8a2d576443d9823377fbf1699263
2026-02-11T07:56:29Z,Ash9_-,account.c04d52ab08844a5e969dc463677d68bc
2026-02-11T07:56:29Z,Pioneer_Chen,account.34352f95442b40cfa7d81ee2bfb02d1f
2026-02-11T07:56:29Z,47xzppemesk,account.f33355261c72446cb03876c5b5f84b64
2026-02-11T07:56:29Z,Himitss,account.a7ba4e13c2944510b5acb7cce886c17f
2026-02-11T07:56:29Z,Laoyi__NB,account.cec6a8a30e274453a6de2b3ed849d8eb
2026-02-11T07:56:29Z,BOXING-ZYH,account.59e0d821c9b2491c907ab07f8b30cd1c
2026-02-11T07:56:29Z,starrli,account.3cb6ee10e11c4ab2a6cea55e46d8f0c1
2026-02-11T07:56:29Z,COWARDS-SAVIOUR,account.9485648b091d4b439cc307447e2544af
2026-02-11T07:56:29Z,Hibiscus-ovo,account.81b0268dfb234871a4e78182f5105949
2026-02-11T07:56:29Z,NizhuzhongLL,account.f2dacb6ee1d04fd49bf7b274a39922e8
2026-02-11T07:56:29Z,zw-ali,account.a5fc54a5c27440f79946ae868d453dc0
2026-02-11T07:56:29Z,LX-xiaoge,account.7c8ae0dfe3224f3c8248e79c66add6f2
2026-02-11T07:56:29Z,liaoyuan86,account.202bc1328ca3473b8d8ab5cbb51aea3b
2026-02-11T07:56:29Z,Teamwork--pa,account.003cb6fdb75f46f68a971834af3acdd9
2026-02-11T07:56:29Z,AWM--878,account.1423b631ff7444b0809a454484ec975a
2026-02-11T07:56:29Z,DPGCHAOGE,account.52444bbfbfbf49cb9ef0485ffd8eac0f
2026-02-11T07:56:29Z,11111-F,account.de4270f771134da29e07a67ed54ffbdd
2026-02-11T07:56:29Z,AWM--388,account.5ccfe27f4a0845f0be03dff7323a5178
2026-02-11T07:56:29Z,HB-XY-AWM,account.223d76bd0e094dc1b22543d8ceab927c
2026-02-11T07:56:29Z,Boos-one1,account.56be21cfd97448349fe10729bfbec8af
2026-02-11T07:44:54Z,heochoonbong,account.906136f7ae4b4759b03672806c897f65
2026-02-11T07:44:54Z,Champi_fight,account.3f4b9615eb7a4d1284c41886306eb06b
2026-02-11T07:44:54Z,Basim-_-,account.2ae92201ddd847fbb64f8e771089ed90
2026-02-11T07:44:54Z,yichoonbong,account.c78442f8791a46df890bc1a8278158ce
2026-02-11T07:44:54Z,Daholie,account.f4c5774d7a4a421299bd2a465aa5c57e
2026-02-11T07:44:54Z,GodY_x,account.1b632b0f2dd24fc18fae6b557ed5ed88
2026-02-11T07:44:54Z,S-YT520,account.c20059c3b7a44cbea0862d7ccbd64eb8
2026-02-11T07:44:54Z,modidi_Iney,account.ca73e3e61d664b239eec132b1329841e
2026-02-11T07:44:54Z,YUM-GAO,account.91d9c92584ba45a2a4aa76ba5a38c481
2026-02-11T07:44:54Z,PinSi-JiuDuiYou,account.5bf441b5454f492c94b0da85a34fdfd6
2026-02-11T07:44:54Z,TianBing-D,account.e7d8b961b3144c72a8ce99164e9bb463
2026-02-11T07:44:54Z,B1eJ1ao0-O,account.0c0857a1c6ff44458db67f53a938065a
2026-02-11T07:44:54Z,usu8,account.afdab4299c1e4b60a0653f2859cd2fd8
2026-02-11T07:44:54Z,Feng-_Ge_4002,account.fcd106dd337c43788a1b4b97a089ea15
2026-02-11T07:44:54Z,RGN-wh1t3zZ,account.37898ae60ee4420ba29309275b0e3cfb
2026-02-11T07:44:54Z,waiguolaodebaba,account.8aeb5ac33cbf452f83563e974da9d56f
2026-02-11T07:44:54Z,LSGZTMD,account.5239fb7a5941425db026240e9f7a2652
2026-02-11T07:44:54Z,i_8888-,account.70e07d76fe8242b6b415bf61e03fa444
2026-02-11T07:44:54Z,TaobabaAz,account.59c7c0ea466d4a9f91e097930e372ac0
2026-02-11T07:44:54Z,YUM-LAU,account.0301ac4da86a4792bb9d9f15ba760788
2026-02-11T07:44:54Z,YtDy-_,account.903fd322fd0d404784af7fcf577be4f2
2026-02-11T07:44:54Z,LuoDluo8888,account.7a18985303214d1f882093116607bfa2
2026-02-11T07:44:54Z,yangchoonbong,account.03c5662eaf8644cbbb1f48976ed20ce8
2026-02-11T07:44:54Z,Mks_duG8i,account.6bac9c7870b04ba1b2e499e3cbdea95a
2026-02-11T07:44:54Z,AnYi-0309,account.ed15ab72a0544a77a0a57f554791c8f8
2026-02-11T07:44:54Z,ChengDu_MaLban,account.61a68d1393b94e4aaa3c610ff4af6cae
2026-02-11T07:44:54Z,ZRK12306,account.3062a8991a564b78adbca25aed7fd4d0
2026-02-11T07:44:54Z,RoManTIc-_QingY,account.2cea092e13f94f708649f16fef7a364d
2026-02-11T07:44:54Z,5AM_78737,account.3f7238dbefb14ac7b0caa101d64ecbe8
2026-02-11T07:44:54Z,bailan-yy123813,account.54a93596e5dc4165b8471f15448bf055
2026-02-11T07:44:54Z,Weirdo_R,account.8baa985ec0614c97827514b961111bed
2026-02-11T07:44:54Z,RoManTlc-_dazui,account.2311d3589da04f7a8034a0ef80ba492c
2026-02-11T07:44:54Z,shanq-iu,account.5a7ff71e18894a4d809df2fc0e9ca7e8
2026-02-11T07:44:54Z,Caprice_R,account.1770e1900f7f4e32b91b2c1fe03fdfea
2026-02-11T07:44:54Z,panduola9419,account.fd962aab942b46dd8649bc64e36f5bdc
2026-02-11T07:44:54Z,buyaochunduiyou,account.25aa671005ec4b2ab59afb82acf697ae
2026-02-11T07:44:54Z,OMGSymphony,account.6e9430e0eb494f48aaff0c1125b17267
2026-02-11T07:44:54Z,gimchoonbong,account.25a63b023b784e1da20004f6e770e3e5
2026-02-11T07:44:54Z,i661o_o,account.702075161bac4a268925d726bcc32e4d
2026-02-11T07:44:54Z,RoManTIc-_CCTV5,account.8ed195895c2f485dabdb983ef9542691
2026-02-11T07:44:54Z,Virus9973,account.a4ad5bdd5f5946b8a85c66d85f551586
2026-02-11T07:44:54Z,xiaoxianggzhu,account.13dda12cd8b74edb920ee289032ea4c9
2026-02-11T07:44:54Z,qnmdgm,account.1e6211ab701f4603bfa2f10ea0d24f69
2026-02-11T07:44:54Z,DE-LA-NUAGE,account.9012f413fb954053aa9f4af3400c21f5
2026-02-11T07:44:54Z,lYH99GDQ,account.59ee14444f23429db032d13bef58035a
2026-02-11T07:44:54Z,JingDao,account.bae4b8596b4b49b6a05de39f882b86ee
2026-02-11T07:44:54Z,XG_OMGT,account.4f2fc77a8dc445379f799c48018931b3
2026-02-11T07:44:54Z,Recollection957,account.87e53e08a2ce49279b9c3450a1294dad
2026-02-11T07:44:54Z,V60-kan-kan-BiBi,account.d9cc20808b074c399463e7b553f7caa9
2026-02-11T07:44:54Z,DAGHKH,account.857e407eddce4c09bcf62359fe976842
2026-02-11T07:44:54Z,Mwang_-,account.7c0e8078834c4e8f914d791d641707f5
2026-02-11T07:44:54Z,HeiMiaoo,account.8af8cc7aedae4fbfaa3a0dbdc8682444
2026-02-11T07:44:54Z,Clowns_XXX,account.96cddb2a89184250b9db310a4b504b5b
2026-02-11T07:10:41Z,W-Am13,account.aeeadb09cc7044f9bb8fe0d616a749e3
2026-02-11T07:10:41Z,55nb_,account.e71f2fdb27d04aec88897139763fb661
2026-02-11T07:10:41Z,DAOGUANZHIDADADE,account.a1b76131eb4d4d20b5b20c63518b6019
2026-02-11T07:10:41Z,MyName_16,account.140f2e5ba6734e5999f711552db9d2eb
2026-02-11T07:10:41Z,SpiderXMorii,account.43a41ff586584b53b88fe1e52dfc4aa4
2026-02-11T07:10:41Z,DouYin-CANCAN,account.c6d50eaea32e49c9b93213a84699e547
2026-02-11T07:10:41Z,dilidilili-huan,account.381e37e4605149199cfb424b436a170a
2026-02-11T07:10:41Z,LoXin-_-,account.3e6d3e859f15486bb9f055501cf9efd3
2026-02-11T07:10:41Z,farmernak,account.ba86236888e94bf9bbb7525281437d05
2026-02-11T07:10:41Z,LangDui_P,account.6c83b4caaba14fe2b626077d2b990da0
2026-02-11T07:10:41Z,K-yunhai,account.fe9d21fc6b65419cba02593639a55990
2026-02-11T07:10:41Z,Ballistic_6ty,account.6f755e8b6a694157ae0212c1d7265c14
2026-02-11T07:10:41Z,Aheingshan,account.3ceae97900354e2fb16e204dca3b90e5
2026-02-11T07:10:41Z,Twilight-leaf,account.df11072bc73f4a3b967321cb3d849cd4
2026-02-11T07:10:41Z,70iB,account.cd74608a2f4e42b4b6b3a66a1f3dbfce
2026-02-11T07:10:41Z,LYB-xinxinL,account.3413971a451c402aa581c2e31202cc9d
2026-02-11T07:10:41Z,JJxiA-_-,account.f8f47ad30953492b9b226f7ec8757f28
2026-02-11T07:10:41Z,iTTMM-_-,account.051f9a495b0d45a985ff77b0e77ca3ba
2026-02-11T07:10:41Z,Threat_XG1,account.51fd7158de894cf190ca57fc191a112c
2026-02-11T07:10:41Z,Dragon-DANCING,account.8f0731a575db4c519c50a99b6b7b6684
2026-02-11T07:10:41Z,rawttm,account.f1b0af08e7c747e280738b9f31aab4e8
2026-02-11T07:10:41Z,UP_DaDaDaDa,account.e8a702948b5d43ca8caaf25f8f3b7206
2026-02-11T07:10:41Z,i_0817_,account.2df69379fa044191a67f64f4089d08ae
2026-02-11T07:10:41Z,gdaix,account.4162fbb2a85b4cfb834a5637fa78c435
2026-02-11T07:10:41Z,MJ-LLLLLLL,account.c662575e4f1b43c68e0bc3b23985b731
2026-02-11T07:10:41Z,Smallb1rd,account.836eaa72323a4a88ab74706c73f4e8c8
2026-02-11T07:10:41Z,S_T_4_R,account.b285d5b460b74a95a31bf379c403288a
2026-02-11T07:10:41Z,Physco1993,account.9daa22f83dbd440bb642c610cd5e7338
2026-02-11T07:10:41Z,Cwenkai,account.df2b92c889b14ac7a0e44d6eb8fd0530
2026-02-11T07:10:41Z,HAI-haiyyds,account.59c88c96974c43789294fb881e4a6ec6
2026-02-11T07:10:41Z,17_DAYDAYUP,account.b1ed0d1d88d54468847f019a299eb9a4
2026-02-11T07:10:41Z,S1eeeepy-_-,account.443007b127544c4dbd4b33c57090714c
2026-02-11T07:10:41Z,PeRo_LeoMessii,account.19bf8985aba940cc8160eb0a7b1e8d1f
2026-02-11T07:10:41Z,Boss-guozy-wudi,account.57ef18bf12164bf59258715b102e533e
2026-02-11T07:10:41Z,Biubiubiubigpa,account.80932d4fb817461d9867d83548fe285f
2026-02-11T07:10:41Z,GGokhyeonmyeong,account.ff63e742e6c44deb9676cfd3f56dfc0d
2026-02-11T07:10:41Z,Seraphic_A,account.7ef5b8c629394c099ab8342e9b741938
2026-02-11T07:10:41Z,Nov_0o0,account.020c2b13a9694736acdf803fa8baf4cd
2026-02-11T07:10:41Z,My-Leung,account.980d97e8440f4addbd9bb53e6d217eb6
2026-02-11T07:10:41Z,ThAtSaMLee,account.caa76f98baf04b63a3e08ad249c83239
2026-02-11T07:10:41Z,Twilight-YuYu,account.3808ec3acf474596b3b56aec8dda991d
2026-02-11T07:10:41Z,weili--,account.f91411ca3bf6458dbdc0999939c31bfe
2026-02-11T07:10:41Z,6ymyk77ma,account.c49c7da8c23e49dd8a8d5dfac8426d28
2026-02-11T07:10:41Z,Punisher_Nuo,account.7f90b609a7954aa793d9563feee3611e
2026-02-11T07:10:41Z,MartinWu0209,account.8b27ded9c85847f4996c927acb7b1b1d
2026-02-11T07:10:41Z,12332117,account.e30d660c13e34cefa732e424549e0df7
2026-02-11T07:10:41Z,Deep-Memory-X,account.65ccf91f6094410c8c5d19caf7bd0160
2026-02-11T07:10:41Z,AHBcy,account.89741a76f4b64f22b4d83131b3859b64
2026-02-11T07:10:41Z,SCRS511,account.e4dd261f98ab46d8857ac64c7a303de6
2026-02-11T07:10:41Z,YENMMWETBJC,account.ac221a9982364f6da4c0d68b132de36d
2026-02-11T07:10:41Z,Sma11whisper_,account.0d9a21049b70499da9f205a12b4c9856
2026-02-11T07:10:41Z,7xui,account.31847b3ebb224aacb88b782ef250638f
2026-02-11T07:10:41Z,Coimi-_-,account.40db7a80afe6451f860cff898ecdc838
2026-02-11T07:10:41Z,MDfucker1121,account.25ad15532aa842b5bfce849b539a15d5
2026-02-11T07:10:41Z,M4A1-Ovdoes,account.fc6da0076be4424998caee0156e34781
2026-02-11T06:55:18Z,zl19900523,account.f071885392824f7a923162f852a92b39
2026-02-11T06:55:18Z,Tu1ip-Long,account.2c59641113ee46dc9385ae1d3397520b
2026-02-11T06:55:18Z,GZM_happy,account.2bd184eb343d469ebc333c654f6219cb
2026-02-11T06:55:18Z,Only_KMAX,account.fbdad0fd059740bc9680c06f15d4f956
2026-02-11T06:55:18Z,R0NGmomo,account.09fb50e983ac47f799cd412c198ca1cd
2026-02-11T06:55:18Z,ttT10,account.d882649bf8d94a169d4df054487501fd
2026-02-11T06:55:18Z,KangPingyeye,account.ac17bd20b93942fb892a4f9bba24dc59
2026-02-11T06:55:18Z,sorrymaker-ai,account.de1e9f69973548e49b42fc56cd6c5646
2026-02-11T06:55:18Z,Lhx7758,account.30366f622a1e4ef6aa5a56b74f7f25b1
2026-02-11T06:55:18Z,oo9o-_,account.05863e891fc44ceea181612d475c51a0
2026-02-11T06:55:18Z,76C5T-,account.5a8a6274f2d24bc99a9227118ab3d57b
2026-02-11T06:55:18Z,IFTY-2WZ17,account.bdf1e197dc4f469d8b3272c50714bbb2
2026-02-11T06:55:18Z,FY_NO1_MACHO_MAN,account.ee1c91fb00144890aa3d41088ca6cd20
2026-02-11T06:55:18Z,showdaker,account.4df8301f630f4bc583cfb090c4d61d46
2026-02-11T06:55:18Z,DaYu-GeiGei,account.ec2349e109c549b8a853b4191a7129ba
2026-02-11T06:55:18Z,RONGNONO,account.21f87c62c7284cfa827a2389a9feae36
2026-02-11T06:55:18Z,United_Shouz1,account.661d82f81c774f539deffb69c3b1a0db
2026-02-11T06:55:18Z,WangHanRui-1908,account.0b98095e26204dcab8e3bac1520fa48c
2026-02-11T06:55:18Z,mogu__779,account.0c72120ac8904bb79aa30a374eae1a25
2026-02-11T06:55:18Z,Ynnnn1,account.d8ac69a84e3042bb85c3fa09d4362f3f
2026-02-11T06:55:18Z,l_Masami,account.4c8ba9c21b304ed1ba56002f420f51c2
2026-02-11T06:55:18Z,CallMeThePanda,account.23e90c114cd04626beb296f516665dca
2026-02-11T06:55:18Z,FTBD_miaorenfeng,account.eae0f33c9e18417f819f553c3beda461
2026-02-11T06:55:18Z,XIUXIU-5920,account.ad2f501eff6843b7bb907eaaedb803e4
2026-02-11T06:55:18Z,T_Ascend,account.18b2493a557b4addb9b1a3fa3823b203
2026-02-11T06:55:18Z,B1ebibi1a,account.d894464f369045eaae27b041cc9732df
2026-02-11T06:55:18Z,XmHmLY_YDS,account.fb5450a26b1b4946afe524b15b9a08de
2026-02-11T06:55:18Z,WANGBING88888,account.c58a84204ffa48cfaa1175ff8da612fe
2026-02-11T06:55:18Z,LI-TIM0,account.6007792dadf94074b9bc9909d6315662
2026-02-11T06:55:18Z,Shadowioi5,account.9cc9dae29f554c45a38301948fd82e8e
2026-02-11T06:55:18Z,Coisinimen,account.6421bc3dc32b4057be2b8e630a5a5259
2026-02-11T06:55:18Z,Cute100_JJ21COM,account.a5e96467291c46a094f205d00c39479d
2026-02-11T06:55:18Z,A59516LI,account.52d618fe39924e708540c2a455c98e82
2026-02-11T06:55:18Z,Lk_O111,account.93cda34f74cd4f2d9a1f897954e01682
2026-02-11T06:55:18Z,GBL-S,account.0dea88533bcd47a5962c873be71483b1
2026-02-11T06:55:18Z,Evil_Suimeng_-,account.a0c5a4bb8d9c47eb8ca89d28a1223f42
2026-02-11T06:55:18Z,dundunBoos,account.75dddb9120c74ea6a68efa663396ca86
2026-02-11T06:55:18Z,China-DuoDuo0414,account.49f6df38b9fc43098a08e91a5beee654
2026-02-11T06:55:18Z,NOSCOPE-----666,account.803b19bd4094415785b9f55810fb75ff
2026-02-11T06:55:18Z,United_pangz1,account.19d7bbfc207c454594d53b762eaeb97f
2026-02-11T06:55:18Z,FaWm0zo,account.5385da87547a43098ee8fe2d9b3f7a5b
2026-02-11T06:55:18Z,ShenShi_x,account.69830c513ef84941a56d1f1f38d72ff7
2026-02-11T06:55:18Z,C_messi101010,account.e3df68b5f1694a428d115e960da92d49
2026-02-11T06:55:18Z,9527_aShen,account.a52c8be25da040f19024c260f68bbbae
2026-02-11T06:55:18Z,YANG-BAYBAY-KILL,account.77f539862cc94a88b903bc95cd448db2
2026-02-11T06:55:18Z,Despair_21cm,account.d90dd7d3dd2e4ea4afa94433f55f6653
2026-02-11T06:55:18Z,TOOTVG,account.3c8ae101cac74af98074e8dcb1d50a99
2026-02-11T06:55:18Z,i0523_,account.e8d7e6588caf4ec6b89b5fb0dfff8a93
2026-02-11T06:55:18Z,FFzz1994,account.4971fad94fb24f7a9838f82b7422e756
2026-02-11T06:55:18Z,yinhangfangdi1,account.dfa23777bce54a75a83f8649cc30d3f5
2026-02-11T06:55:18Z,NX-Haoge,account.395f52db2395421eab634a328b97507f
2026-02-11T06:55:18Z,KK-PiaoGe_,account.aeba77440abf44b69e1d265c74cfdc18
2026-02-11T06:55:18Z,Release--1997,account.04ff946a1ade4446ad3367e7b98e0f2c
2026-02-11T06:28:03Z,wo-shi-liangmin,account.b94c1f8a56624a7aa7f44b247b2d9d40
2026-02-11T06:28:03Z,BBBRabbit,account.f1c4fc19edfb4df4b53ed383a803ccd4
2026-02-11T06:28:03Z,xiaoill,account.556699be9cc7430286867d759636beff
2026-02-11T06:28:03Z,SAOBAO540924091,account.1b8810d63a6443f288e39f1af1197fec
2026-02-11T06:28:03Z,Harui-,account.867941ffc6ba4a5991f44ec6ffbb7226
2026-02-11T06:28:03Z,Ba0King,account.72b44f002784497eae3a822fbb60689a
2026-02-11T06:28:03Z,Lucky_qianggege,account.5c3069bdc19249d7a85112e39829cb5a
2026-02-11T06:28:03Z,QS-saoge,account.722cca5bc2d441d98cfd89664d32d97f
2026-02-11T06:28:03Z,mhgfdsdfdf007,account.88bfaecf03f342a58c414f3551ac95cd
2026-02-11T06:28:03Z,zzhcxv,account.642495f3e01b4ef0b9c8e192d9ace0af
2026-02-11T06:28:03Z,Douyin__Yhua,account.0f9bc5dbca05489a933fcd4f72df33f6
2026-02-11T06:28:03Z,zdg51166741,account.d9ac0e82c518439b8bef28b57ab87470
2026-02-11T06:28:03Z,kingwww1123,account.3e52f265f2bb4fde911110eeceaa435d
2026-02-11T06:28:03Z,Glory_Echo,account.bfa05506d81a437d93de60e45808110b
2026-02-11T06:28:03Z,miaoyuwang111,account.4eec41cce0f54167a14a56a6652150dc
2026-02-11T06:28:03Z,668268,account.00d1d14835404cd9a8c7c1259a41ac14
2026-02-11T06:28:03Z,XIAOXIAOSU1233,account.e54079bb1cd44242a1a69d65794d93a9
2026-02-11T06:28:03Z,LOVE_OF_TANK,account.8002f2ae0cf543289fab178c4aa24be6
2026-02-11T06:28:03Z,sp_fo_ji_H_ji_op,account.b9d84e35091d416097b08b8a91727f0a
2026-02-11T06:28:03Z,PhantomReaper_1,account.e3ef26d79ad24cc5be58e437648decc9
2026-02-11T06:28:03Z,wuan6666,account.702cb68edb444c05b48e43c2b8dd8fc9
2026-02-11T06:28:03Z,TBxueyulangzi,account.ebc6160fba214c04bb96626f6d64eb33
2026-02-11T06:28:03Z,1mMaizi,account.1321ee1564aa4205860d244e9be78c3b
2026-02-11T06:28:03Z,DouyinTv_WSND,account.a32b96fa0f6e460093dd84a5dd38328f
2026-02-11T06:28:03Z,DouYin__Djie,account.8e10c81cfd9a4635999e6df241a9a05f
2026-02-11T06:28:03Z,The_Ze6o,account.b73f04b6fab94a6a95b82fef85d8527a
2026-02-11T06:28:03Z,LIASUN111,account.9867ca7b20f94a0aa8141f2c7ebc84a7
2026-02-11T06:28:03Z,Yalo-coisni,account.55abfde1a1f0400195e7df06d9483ff8
2026-02-11T06:28:03Z,0614i,account.16f27ccbdc954b56a1a659811476375a
2026-02-11T06:28:03Z,BaalMa,account.017ff28bab99455ba77141845c0175d4
2026-02-11T06:28:03Z,gsy11737157,account.a7e48be3509a49eba6cdbf82f550a9a6
2026-02-11T06:28:03Z,Dreay666,account.27d53071dd1b460b968ed34deb7820ed
2026-02-11T06:28:03Z,0221i-_,account.bb6606eb3d984d9098b43e61f03d8078
2026-02-11T06:28:03Z,wiTelp,account.e6293417cf28432fa2c5aa15a968b225
2026-02-11T06:28:03Z,Jlkdsfj,account.3cbcc6f96d99458a91dbe39708fb64ae
2026-02-11T06:28:03Z,LuckyBlackTea,account.1c299ad1e77e4805a0c909f8ed8d7ad0
2026-02-11T06:28:03Z,zhou79,account.6446b26c82684bd680fb50374a9ae9e6
2026-02-11T06:28:03Z,C1tt_,account.6e6035283cec4552a4e2e348172fe82e
2026-02-11T06:28:03Z,bingbingbing1996,account.c9e0370937a344848f4b27aefb54f6cc
2026-02-11T06:28:03Z,S1uu_,account.f3ef4706b668450ab08e7b8a482f281e
2026-02-11T06:28:03Z,mllpp,account.a74c9c598ba04390acb9a6ba7bc122ae
2026-02-11T06:28:03Z,MDTV--_--Jiaer,account.a34affbb8a904c0cb631a9ccaf222821
2026-02-11T06:28:03Z,Lucky_Sark,account.3fd8a3382f1046ba84c5243c386b0e85
2026-02-11T06:28:03Z,WANGDASHUAIWEI,account.7aa70ecefdf0446aaa54d0b49361aab2
2026-02-11T06:28:03Z,Winged_Victory_,account.1b47f0005910429f9e7c4e192ad531e3
2026-02-11T06:28:03Z,korea_turtle2,account.bd9bf0c9ed284941aa3ef4af44869ad2
2026-02-11T06:28:03Z,Moon_dae0101,account.a5545bd6810e4818a5df4ab97618c232
2026-02-11T06:28:03Z,BBBRabbiy,account.c121cda20cb347bb92c6b4fbf570f0ae
2026-02-11T06:28:03Z,zhanzhan707,account.f9fc80dfa283423bafef64726d3dca2f
2026-02-11T06:21:22Z,CN-Lgq,account.f7e58cd418184becbfd897357f8f82c7
2026-02-11T06:21:22Z,95430-,account.f8d527e8f81f4684ad9d9e1cad4995c0
2026-02-11T06:21:22Z,Fas776,account.ea0ac2043ab24c938226282c885b75e9
2026-02-11T06:21:22Z,GY-ZYPvv,account.3fbf6bb86e084253a998149538629f44
2026-02-11T06:21:22Z,ssssioi,account.e63b26714b8e42db86ab6a6934465d98
2026-02-11T06:21:22Z,ChinaNo1_s1mple,account.2952139e8b954562b7d13856e6f3b3f7
2026-02-11T06:21:22Z,Anishixiaochou,account.623e24e1207b47fca82e93dc1bea756b
2026-02-11T06:21:22Z,AixHaii,account.896d4d9d23dd42c883f73b7da08c482c
2026-02-11T06:21:22Z,GGAGogo888,account.bf08e4a325ba4894a5d88f9c008bf439
2026-02-11T06:21:22Z,Asdasdazd_,account.0ee0db4cf13049f59e48690909d7e47e
2026-02-11T06:21:22Z,huaixin001,account.462f44f0f25e41a2bd4fd9f82e3ed9f1
2026-02-11T06:21:22Z,G-Mengyi,account.60a0e050a4b64ba1b4ada92f41c1e2fc
2026-02-11T06:21:22Z,Tianci-7444,account.4b15314a8d7d446bb257444f17ea057b
2026-02-11T06:21:22Z,lililllilllllill,account.3870a93293b54bd9920eb214b217e1e2
2026-02-11T06:21:22Z,infes9595,account.f8e183a4f63e44e08e0df0a138e2ac83
2026-02-11T06:21:22Z,Better_Cxm,account.7ef1c7fddb124377b259dd80b9a3f410
2026-02-11T06:21:22Z,SothenLoverDiana,account.611974b95dcd4e2889bcbd65c06ee708
2026-02-11T06:21:22Z,lilillliliillill,account.e4ee9a2fc4b04031973a586bbf2fe21c
2026-02-11T06:21:22Z,M0NESY-S,account.290317ff00854c329cce0a0688f3224a
2026-02-11T06:21:22Z,nnx1ang-,account.6cd6dba9a94d4aedacd8b56b9b5193d9
2026-02-11T06:21:22Z,DAOWOHAOMEIYOUMA,account.11d96bf66a574e4e9b226418f7920a6e
2026-02-11T06:21:22Z,ChinaNo1_zyw00,account.526f8294b6c84e93af53af31042fe222
2026-02-11T06:21:22Z,River_Cai,account.45b4c5dcdcc744e0b1b328a7d02b2024
2026-02-11T06:21:22Z,FlyxiangL,account.3bb05d0edb5c41e2848b6b5462409868
2026-02-11T06:21:22Z,Mr_LinFeng-,account.6dc46456e42a435abe45465db2e141ed
2026-02-11T06:21:22Z,XiGua3Kuai9mao8-,account.484a21298a484dc784067817f3d9a179
2026-02-11T06:21:22Z,ZHJ888333,account.ea46a5cbb63c465db8f018fd348ea7b3
2026-02-11T06:21:22Z,Ksharp-C,account.b963ab70305b42f6b5a0e38b018fcd1c
2026-02-11T06:21:22Z,MengNa-_,account.d0c1a0069c804e65a6e71c90fd545b3d
2026-02-11T06:21:22Z,Mently-7438,account.df26e0d1346f4e37832ea0ea3d76273a
2026-02-11T06:21:22Z,AngusNancheng,account.e0c9692e354243dab23ca847ba47d724
2026-02-11T06:21:22Z,Svip-GGwd,account.484aa0a7757e4ede9ef6ce58be4ea512
2026-02-11T06:21:22Z,Vanishing-Point,account.498a6c5780d34fe8894ed46153cf5b4a
2026-02-11T06:21:22Z,Flymusic,account.c6a856b96f6147f392681e0a7f91654e
2026-02-11T06:21:22Z,TianGuaOvO,account.f956105966754fa1a2ea28692c089a66
2026-02-11T06:21:22Z,AixHaHaa,account.6675d16721244a53960c99eff21ffbf7
2026-02-11T06:21:22Z,C7ao_-,account.fd9e28ee9cc241688859600fbd355a13
2026-02-11T06:21:22Z,PERO-xiaFeng,account.b139873a2d184594a960b67b431f5693
2026-02-11T06:21:22Z,L1uX1ng-_,account.50c17a324c2846d0bd2656ca6badfcb4
2026-02-11T06:21:22Z,wyrxj,account.7226aac9ce554141af766f6d609a5416
2026-02-11T06:21:22Z,i68k,account.b234def65c3649cf8fc0d77a169fe921
2026-02-11T06:21:22Z,i2651,account.6b519fd340b84197968d602bcfd863ea
2026-02-11T06:21:22Z,Nehca,account.9e0e59f130204640856bd2ec8bcf062b
2026-02-11T06:21:22Z,Rose_JGbaby,account.628e7f25cde1451691294e630aaf2d26
2026-02-11T06:21:22Z,rooneso12qq,account.c70e3b2f91224966bb5545ba56d1bb0b
2026-02-11T06:21:22Z,M24--fengzi,account.7094823ebadc4fbfa2bb06bd490f7b98
2026-02-11T06:21:22Z,lililliiliillill,account.12913d6c91ac4b8688b6a996ce0f10e8
2026-02-11T06:21:22Z,EAST-HuaG,account.56f5e0e655884584af56636b62a6cd56
2026-02-11T06:21:22Z,JunShuYing_69,account.eb21fd6362ed48a9bab1b259cb7af8aa
2026-02-11T06:21:22Z,ChinaNo1_1bzaaa,account.7e486ed5f8d442229d086e8e0a781831
2026-02-11T05:54:27Z,3354-_,account.cb03d1849f364ecb827db99fc47f70b8
2026-02-11T05:54:27Z,09520_-,account.5b1b279a862f48849845a4816a7b3078
2026-02-11T05:54:27Z,IM--LAOWANG,account.261962e57e2b4716ad9305691d64bca5
2026-02-11T05:54:27Z,ManbaMaFOrever,account.bf064441bc1840188cdcd1b889c747ba
2026-02-11T05:54:27Z,xmxxroot,account.66c5f78d80ad4058b4ef4c2f5e719268
2026-02-11T05:54:27Z,1emo_G,account.830843b4c3804f99a65e5c87b80b0da8
2026-02-11T05:54:27Z,D-JJ-C-N-M,account.8e6dbbcca6a34ded8cf9ebf4f40438a5
2026-02-11T05:54:27Z,ddjwuqu,account.6e53919e186845a995235292387c4777
2026-02-11T05:54:27Z,FxxxccKk,account.40cbb1544b6b42aca4804afdbbfdbd8c
2026-02-11T05:54:27Z,Hunaonao-111,account.ebdf62d365e9440bb753afc2a2c87018
2026-02-11T05:54:27Z,Daizi_Qing,account.040279f585cd414d8f6f43eb3de86633
2026-02-11T05:54:27Z,Happy-_hua,account.1d811447899646dc9f56dc50697760c5
2026-02-11T05:54:27Z,Mr-RightZero,account.b68630bb33dc428cb5faf6bec6ebbd52
2026-02-11T05:54:27Z,SC-YxxZc,account.7326a4ac24204806b24da74c76640977
2026-02-11T05:54:27Z,GZ-KL-7,account.eb22769818754b9a8b311b8e5be0bab2
2026-02-11T05:54:27Z,HL_zSr,account.723c601220314459bf3d40b71b7ad8b7
2026-02-11T05:54:27Z,honey-1986,account.15e66942614e46d8ab84b88b1a9f8785
2026-02-11T05:54:27Z,Haopeiyuan,account.1760b1a4519241f68b06ea3d0443d639
2026-02-11T05:54:27Z,Romeo-X_X,account.9047e61aaa3241e3beb6cf3eab8204e1
2026-02-11T05:54:27Z,YoungZzz6,account.e7dcd8b598a4415a8fa46b5cf4be7203
2026-02-11T05:54:27Z,Baoyeee,account.45d154fb66174d7aba4949fca3fc04cc
2026-02-11T05:54:27Z,Hunaonao_111,account.0cdb76cf94554afba501583c102ac05d
2026-02-11T05:54:27Z,Conque-Dark,account.1ebb946c258c4b6f963464da8c7d5fd0
2026-02-11T05:54:27Z,aluka98k,account.7551ba1e8a31485fb776d21b95ba3a5e
2026-02-11T05:54:27Z,1piaochang,account.49c275c23cfd4529bfe7d59bbddcbbfb
2026-02-11T05:54:27Z,H-Y-lunlun,account.46963f22a7be4057890d3522119a32c7
2026-02-11T05:54:27Z,IAWIA0711,account.cfcea8e48b4d4a0eb3968be00dae2db4
2026-02-11T05:54:27Z,JIAO199615,account.62248b162cd4475d9f78953bbf210ad3
2026-02-11T05:54:27Z,SeungHGoD,account.402818321e3243499d655f96a517de1c
2026-02-11T05:54:27Z,Yason-chen,account.1617e21fdbbb42618482f7f4eb78ba17
2026-02-11T05:54:27Z,Best-South,account.6983621e41994d2e9532cce278fc7d14
2026-02-11T05:54:27Z,90521_-,account.81c2ad7667d14ea681b29867e2dfeb25
2026-02-11T05:54:27Z,Happy-_kai,account.483545decd364d3b900eec4e07c8061a
2026-02-11T05:54:27Z,Lolanto0917,account.872c1aa78ce8467e9e4ff7297479aa6d
2026-02-11T05:54:27Z,ANDYLIUHMC123,account.4c818e48a80d4de8adb1d193a46b15a8
2026-02-11T05:54:27Z,wbhzmp,account.10166560659d4be2a7c4830350a64f95
2026-02-11T05:54:27Z,OuOajjy,account.da507c93004f474b94c97198ab03d8f5
2026-02-11T05:54:27Z,WFD_mengnan_003,account.f53eb4c1d64f427d813573feab01ea2c
2026-02-11T05:54:27Z,89520_-,account.ebc71b31ff42451d83d547b6e904b072
2026-02-11T05:54:27Z,Best-East,account.d43f474455ca497a8cfd378810dfa72f
2026-02-11T05:54:27Z,TanK-xxxx,account.44e6f07230b4440692febb23e15f28bb
2026-02-11T05:54:27Z,MemoryVS,account.d43f610f81ef45c5933ec1c79f82f38b
2026-02-11T05:54:27Z,qiqiliang999,account.eabf842aa7f14ae88169d8d0471e4a73
2026-02-11T05:54:27Z,B1ueYan,account.ea0ffb4eeb6a40acba871961dbb261c9
2026-02-11T05:54:27Z,wangyao950,account.20b071a378a8443fbe3602df1e82d7ac
2026-02-11T05:54:27Z,zyn948,account.24a1d84509944f46ae4fc8689e37bc38
2026-02-11T05:54:27Z,4vempMHfD,account.e7451abf1ae140e5977798297a5eef1e
2026-02-11T05:54:27Z,ShenNanx1ng,account.45a58fe95f934202a59989079cc2d720
2026-02-11T05:54:27Z,tebiete,account.63b6283cd7f3454ba2c345396b02b696
2026-02-11T05:54:27Z,CCTV_1693,account.ca86a3b74661491b9ed7005f03bbf199
2026-02-11T05:54:27Z,HuYa_godVvvz,account.7b07d795627648c0a302b69ed9634b46
2026-02-11T05:54:27Z,DaM762-M4A1,account.7c8f79b27c774ffda166a1be04cb3a96
2026-02-11T05:54:27Z,WeakCat7A7,account.191fb858ad1e46829fe706bf26cf1423
2026-02-11T05:54:27Z,TE_MOLEX_JST,account.9d6e7c4da39e498d8ef1e4154b5b13e5
2026-02-11T05:54:27Z,kjldjklas,account.f92f8114415c4672b3c248540a68f80a
2026-02-11T05:51:13Z,SoEasy_SoGood,account.23b97d2b2dec417f81968a04ac203fb6
2026-02-11T05:51:13Z,gyyyx123,account.7f54bca9f209471a9ea4ff3148313956
2026-02-11T05:51:13Z,1o5c,account.ff699ced6197434d8a341f2849e80ea1
2026-02-11T05:51:13Z,mo2yii,account.94d98e2a22cd45e1810c14f63e508694
2026-02-11T05:51:13Z,KimTaezzz,account.6fb95b74353545dbae5330c3ba4e3f1d
2026-02-11T05:51:13Z,LamYou__BaBa,account.b0875efe00a04455a34997aee70238a3
2026-02-11T05:51:13Z,PRC_CQ-Lc,account.59ab89a0d3514d2b9d0afb71b624b0f2
2026-02-11T05:51:13Z,ggaaiioo,account.b1ff6f7fdf1e4d83a486a0a2f39ea214
2026-02-11T05:51:13Z,LaoZhangON3,account.4a6219222b794307bfd8f2c977ae9853
2026-02-11T05:51:13Z,Nnine-6,account.34ca5c3363744e84a20840ac304b4c1d
2026-02-11T05:51:13Z,KR_Hyox2,account.39cad1dfd81d4c748e5be4fa6401c471
2026-02-11T05:51:13Z,TellMe_geRuiSi,account.591bedf3f1ab4827879797fab9b6363a
2026-02-11T05:51:13Z,2SHOOT5U4HEART,account.29cb8e0cc81b4016b747a70f930c77d9
2026-02-11T05:51:13Z,MuNianYi_-,account.24faa853b1aa49febd59d30508ce1f4c
2026-02-11T05:51:13Z,LiuGe1206,account.0ec035f69ba744c2b7fe45af3994e0f6
2026-02-11T05:51:13Z,Zhang_ziMing,account.9f0236e6745c4aeaa047ddd8aee7de6d
2026-02-11T05:51:13Z,FielReaper,account.6a2fc88115e64f36a9e34cc4c266931e
2026-02-11T05:51:13Z,anonymou_s_,account.1f0505c133b244a4af208798cc1248db
2026-02-11T05:51:13Z,GL-xiaoshi,account.7ae47a41d5d0491480a4a68e7c2cb5b0
2026-02-11T05:51:13Z,Snappy2010,account.9f7bfe19713f4826818613998bec9136
2026-02-11T05:51:13Z,Dadajun5,account.710937685812498e94dcaa2e32ded35f
2026-02-11T05:51:13Z,DR-JunXi,account.d2caf7650dd94455967c992b1c316527
2026-02-11T05:51:13Z,Rustle-_,account.f506bc72189c4686b6f07a9b668b390e
2026-02-11T05:51:13Z,Z_z-iXuLinLIN,account.2630523a733c43b1aa739eaf1dfae58f
2026-02-11T05:51:13Z,TT-a_a,account.3bd4ed3812db4b2781012b787cf152ea
2026-02-11T05:51:13Z,TiMe_RaceBabyCyo,account.81c6bbfa377b4bbc8fa6e8ed06231e87
2026-02-11T05:51:13Z,7uuuz,account.e513413634bc4443bfc0b407360f1029
2026-02-11T05:51:13Z,zpYhm999,account.caa9a89f404149efa1c2998d9e0a01ca
2026-02-11T05:51:13Z,PRC_CQ-Zyx,account.9c59cc58c6024d708d434c954251417f
2026-02-11T05:51:13Z,guyejiongniubi,account.847f11aa718a407eb8ba7ccec6162fd6
2026-02-11T05:51:13Z,Aku-xiao,account.7d898e2b5bdf4b24b4966c5daa7dd416
2026-02-11T05:51:13Z,i01i--,account.7e450283b1bb4ff2846c08fb77e1c8d4
2026-02-11T05:51:13Z,SBeens,account.18e28202801a423581594e1c4550cbc3
2026-02-11T05:51:13Z,nossi--,account.2066082b2e6144efa138efb423896dbb
2026-02-11T05:51:13Z,SoFar_SoGood_,account.06aed5eb1edf488f9babdc735a53cfcb
2026-02-11T05:51:13Z,JiaJianFa-_,account.227d5a64cd4440caa41e7ceb29467f3e
2026-02-11T05:51:13Z,DDD-zhg,account.c2ae9e6884694797b28e33eab1fe54c3
2026-02-11T05:51:13Z,CHN-DogKing,account.f25f9074931741a2aff9597384949176
2026-02-11T05:51:13Z,ErYueSanShiHeNi,account.22824521cd004c9bb08cf2e04722750d
2026-02-11T05:51:13Z,Sssmm_-,account.6514b91ace4a481b8c2b1f5bd28e439d
2026-02-11T05:51:13Z,pyp3598,account.a035534671d24330a8f6cce5feb352ba
2026-02-11T05:51:13Z,vviw5hsz,account.e1bb50d684414d638702e0e1e7b5030b
2026-02-11T05:51:13Z,Xiao_-Ze,account.ac7c066104f24d649893f9c531548d52
2026-02-11T05:51:13Z,YPY-9527,account.2eb95e8c14ac4b0cb7fd3bf8e567d0e9
2026-02-11T05:51:13Z,Ys-ys-98k,account.1e2b0274c9714b7a8957f5bd6e19ecb8
2026-02-11T05:51:13Z,yuxincui,account.2bbe8c68dd1a4fd890c4861d04609d7b
2026-02-11T05:51:13Z,moxiaoai666,account.20667838a55b4fce99ed332dcb2c02f5
2026-02-11T05:51:13Z,3bong_-_,account.2bf31d3ae5fe46a7a99e1f618883931d
2026-02-11T05:51:13Z,LMQfff,account.fadf41f395ff43dba301284850301c6d
2026-02-11T05:51:13Z,XHXJYTLA,account.6a00b97cae9f4779b9476e0f0784c78f
2026-02-11T05:51:13Z,Fuhrer-VB,account.a76a629859c14c0ab745074593786e93
2026-02-11T05:51:13Z,xingzai-yyds,account.9fe84784c80c4630bb18ee74cea8fa6a
2026-02-11T05:51:13Z,GD_577,account.273fc0616a3245019c24c17a4801c9f5
2026-02-11T05:51:13Z,hugediaozhenda,account.b6d960aa61e1419a8d5e23c8919410b5
2026-02-11T05:47:42Z,KANGRIHWAN,account.e1ac8b1731064fc88dc2d40a3d8c36f9
2026-02-11T05:47:42Z,HUangSKS_,account.41c000c0fe7444d69c447474353ded1c
2026-02-11T05:47:42Z,Nzyyzs,account.1f3de51ae3434a249b194c29abaaae13
2026-02-11T05:47:42Z,Panda041255,account.acb62267230c439199fd7615556907f9
2026-02-11T05:47:42Z,Zi-XuanJadeQxxnX,account.4d9c09cca9204c03b2f234edb9bfc039
2026-02-11T05:47:42Z,woo_jeongjun,account.542f463c9d4a4e89b3004eef6fac4a8a
2026-02-11T05:47:42Z,BEN_MMMMMMMMMMMM,account.82ebededc129424aab2bc487b5459f9b
2026-02-11T05:47:42Z,PeRo_He_1203,account.49974d334e8f4e31b6cc0c19d4f228db
2026-02-11T05:47:42Z,Redamancy_737,account.40bcd472c8934ea59d823b221654f753
2026-02-11T05:47:42Z,7xw1,account.e5e84491a0f6488e9407f8bc7a4459d5
2026-02-11T05:47:42Z,CaIm_JLC,account.62a87d4dd8dc4d7382ec3a632784864a
2026-02-11T05:47:42Z,HaoWasai-40,account.c1e1e3b421a145a490d63a7c95c6bae5
2026-02-11T05:47:42Z,GUMIGG,account.8fbe5ff7a01849d398206d2c27a569bc
2026-02-11T05:47:42Z,iZuo_89757,account.ec9f36dde1d14e49948a16d1477c3e36
2026-02-11T05:47:42Z,Special_XXD,account.d5a681cae9dd455d98eeb181123e17aa
2026-02-11T05:47:42Z,Hui_Ge1,account.72ffee5ca6134d4f86748c034cfd7fe7
2026-02-11T05:47:42Z,LMS_Epic,account.dedaf24cdb1740bc949783e17fe2b168
2026-02-11T05:47:42Z,WuQiYou007,account.b8f2ef6a948b4c7e865e424d722b4794
2026-02-11T05:47:42Z,Loosx,account.7764173cdabe4f66bc92f4f16322fca0
2026-02-11T05:47:42Z,BBBBBBBBNNBBBBBB,account.62984b4e9b904341b9bde0bf438239be
2026-02-11T05:47:42Z,ROG-RTX5090-GAME,account.ccc15b3c5dd0445da46f04fded5d91af
2026-02-11T05:47:42Z,Tan7i_oO,account.d9d8d27d265f4ebd9a64228ea729fb5b
2026-02-11T05:47:42Z,0328-_v,account.d152a9177341403dabb4d8fa8b69f27c
2026-02-11T05:47:42Z,xiaoameng0712,account.3f9daeca9f704bc58c61059d679af13a
2026-02-11T05:47:42Z,Ixiao-,account.0978c9cc28d749a58ceea878117ed85e
2026-02-11T05:47:42Z,97815,account.a1db4cec17de444fbf77fee3a505c8a9
2026-02-11T05:47:42Z,S2XiaoYuXDHxxxYA,account.eca3af4f63d04366861122b3515eefc2
2026-02-11T05:47:42Z,RogAstral,account.bed4d10a86724b60bee633aeb46b1e9f
2026-02-11T05:47:42Z,lzswulan001,account.6e0a29181c3e4fdb88adfa2f314e9ef0
2026-02-11T05:47:42Z,wandukong33,account.223c542dc22a44c9bcf28c93b6bdd01f
2026-02-11T05:47:42Z,H8G66,account.fc405db07dea473ba9c8453d3ce45092
2026-02-11T05:47:42Z,Supper-God-zzzZ,account.b60df02f083040dc85372ae7bce7b9c0
2026-02-11T05:47:42Z,kokang10,account.e9a0572c75cb41628c4abb986f004821
2026-02-11T05:47:42Z,xinBabyiNanbb,account.3004b251d8d048d6ba0a4efb78756c89
2026-02-11T05:47:42Z,YY-IA,account.f415006731d74c70bf93dafcd5870b6f
2026-02-11T05:47:42Z,liop13,account.b6e21456b8dc431382148b4986ef1e41
2026-02-11T05:47:42Z,77zx-_,account.e922f8ae44c34445ac1d893d13cfe132
2026-02-11T05:47:42Z,Seniii_,account.0e829f7841134b28af99d0b8ff27cc82
2026-02-11T05:47:42Z,17Amao,account.8327684f161043949491d16710992057
2026-02-11T05:47:42Z,A-plsg,account.e32f230e335a4e169470952b1c3b86b7
2026-02-11T05:47:42Z,GEN_P0,account.17a218d0ec8d4b5ab7e1139d55b4565e
2026-02-11T05:47:42Z,InfactI-_mhappy,account.af06b9188f2f49519491e3b1dd384ee5
2026-02-11T05:47:42Z,gwzhongdajiang88,account.11f435768713451888fe34b2cde76bf8
2026-02-11T05:47:42Z,QishangJulia,account.6f719b8834964302bb25d7f790261778
2026-02-11T05:47:42Z,XXXxx_Zooooo,account.9da7eec6380b4ebcb4cf9e0d2f1c9c12
2026-02-11T05:47:42Z,X1aotuzhu,account.afe8238bbf6f45ec9b39068fa61b40e3
2026-02-11T05:47:42Z,SinEumSorry,account.c7f93b6a2b5143aeb4b8c50ebed58dde
2026-02-11T05:47:42Z,iXooo0,account.f3ee85f8e0964430ba68cade733221c3
2026-02-11T05:47:42Z,Danshoujiebrass,account.4d7b131bff88471983691799aef21b27
2026-02-11T05:18:14Z,A009641,account.35ed1a52d47e47e4a188a62b5a01cd64
2026-02-11T05:18:14Z,Ctocobetob-15,account.334e13b30a1c4785839a778bd957a7c8
2026-02-11T05:18:14Z,Bryant-_---_,account.6792605f8ead45aebc7dbee2c5eccf9a
2026-02-11T05:18:14Z,COOL_BBOSONG09,account.ee31ae39ed974a1fb6996f016fadd138
2026-02-11T05:18:14Z,0ii99,account.508565085f574955963c441ce7016c9c
2026-02-11T05:18:14Z,Outlaws_heart,account.4148e022a55344dcac691d3650428c23
2026-02-11T05:18:14Z,jh_0306,account.84c9c7341131473d94ec3319e1bd2ef2
2026-02-11T05:18:14Z,0iii9,account.35e0aa5b566f4ffaa7fa5ebaeec05c8e
2026-02-11T05:18:14Z,L0-28,account.e4aa35c910c34f018d0a039e004de635
2026-02-11T05:18:14Z,M762_wanglimo,account.f1ee45f6b2e34f6188c72aa6accfd156
2026-02-11T05:18:14Z,Dashing_male,account.0d9d57d7f99948fca5cb9f88178ceb08
2026-02-11T05:18:14Z,Luckcat_choi,account.26b58d26f9424f3b849a269e2c95dc47
2026-02-11T05:18:14Z,Luzzi_-,account.a4c71a23f1414c478d8cd29b4f5f5622
2026-02-11T05:18:14Z,DAPU398,account.7d08dbaebca2423eb634e53dd9d116c9
2026-02-11T05:18:14Z,akm41993,account.dee4a72ccfd9469396a53d9510f98f06
2026-02-11T05:18:14Z,bao21_,account.66cbc87279b34bc4af9e6f93ed13c7fb
2026-02-11T05:18:14Z,ChinaDragon_Th,account.fd327740f5a747ceaaf22fe1c279aaac
2026-02-11T05:18:14Z,DSN_POTATO,account.c046142eece540eea9dd316f62d4fefe
2026-02-11T05:18:14Z,ice-dj,account.c7390bce112242c6bb2e6ff334dfc384
2026-02-11T05:18:14Z,yangxiaoxin123,account.44cbfea88112416da3bc976477b1db6b
2026-02-11T05:18:14Z,52cu,account.1a1eb9db5e7446f3872613ba9ff1aa48
2026-02-11T05:18:14Z,jackywan1,account.11398a69f723476dbed74e0453cfd321
2026-02-11T05:18:14Z,KR_Danika,account.1dc972805ebe45188ce04683f0747f8e
2026-02-11T05:18:14Z,ChinaDragon_XD,account.a96eb1f999314f11892e5f4c6c0c9346
2026-02-11T05:18:14Z,4arT-BorDer-Cc,account.8312c5e7f6264e68a976a3ff14e8ee1f
2026-02-11T05:18:14Z,JYDL_1,account.8684dc51083044d19f1d63ff386e70f0
2026-02-11T05:18:14Z,YSC950626,account.1e91207a9c854baf81b4969901059761
2026-02-11T05:18:14Z,NB88888--1,account.400ad44b116f4d4ea747f91c31118fb9
2026-02-11T05:18:14Z,ChinaDragon_Ty,account.93cdf2d8f959428d9bb5723d29765615
2026-02-11T05:18:14Z,zhao-da-shuai,account.4387bdbf5d8a4f848fa30374b173e1d7
2026-02-11T05:18:14Z,Rome_Xiatian,account.aace4398e39f4243af8a177895c7399d
2026-02-11T05:18:14Z,wxpzka,account.e1ef62b0446e463aba4493e0d42e80b2
2026-02-11T05:18:14Z,DSN_Judy,account.1607271346794dffa01a23f38fc82892
2026-02-11T05:18:14Z,kk-402,account.71426754953045dfa03ac45a3ecd01bc
2026-02-11T05:18:14Z,iBo7_,account.ea1efb7e99594380a3e9d414d57676cc
2026-02-11T05:18:14Z,PLA162484,account.42b0b7380fe84163a31442327ea464d4
2026-02-11T05:18:14Z,3001Mtututu,account.980233944a00432bab55a804fc58f588
2026-02-11T05:18:14Z,Reckless3,account.383d975c2df54e7bbafcd3a701095dc7
2026-02-11T05:18:14Z,Week_3,account.d30cbf0df7ab4988a716d602b7926736
2026-02-11T05:18:14Z,Alcral911,account.89dda33f0b69466f94c5535719c4a86d
2026-02-11T05:18:14Z,ChinaDragon_LUYU,account.5d935f2dc7314850be5c6a03315a6cb7
2026-02-11T05:18:14Z,DSN_Nick,account.c8f96a3e9cea422f91eee2a6ed828225
2026-02-11T05:18:14Z,DarkSoul_011025,account.46fc43c368634daba80a4347c57006e0
2026-02-11T05:18:14Z,edison--110,account.c09d714ce25f4ad1b110431225ac5189
2026-02-11T05:18:14Z,3066Mtututu,account.50383dfaea9e48b69aaf4eeed0467dd3
2026-02-11T05:02:47Z,DreaMer_RamBo,account.07ae7b6fd43f4705aa2186ecbbe4ba54
2026-02-11T05:02:47Z,madjong_1,account.658cddce6e0c49149e935a5ab19cf412
2026-02-11T05:02:47Z,Ax6Y,account.e8f4acfc86904fb89960f4a0e8a274d0
2026-02-11T05:02:47Z,AVG_Foreveri1,account.4cb5555a3b7a4b048cfa687ced8eba54
2026-02-11T05:02:47Z,PiJriW_,account.fb368d9a46614db382ee033df1705519
2026-02-11T05:02:47Z,ShowMaker08,account.592e4cabe51341e58e08339220213cf2
2026-02-11T05:02:47Z,Angry_BadChild,account.bf7121fb05e349eab9d7358c4b0c8c08
2026-02-11T05:02:47Z,Vivi_forest,account.63ee904a415b4f858196d47a718cdbe2
2026-02-11T05:02:47Z,PFT_Superme,account.4aa688ac1f524c9e981b36d254037461
2026-02-11T05:02:47Z,caronyyy,account.3fdfb3c2a61a45bda61ec37eda743cf5
2026-02-11T05:02:47Z,PUBGDCM,account.fcfd6f6f9ac64c9fadb1144a0b8b5069
2026-02-11T05:02:47Z,Angry_uuKurushi,account.084b50677ec34cb88293db23d715efd6
2026-02-11T05:02:47Z,Yzz-0514,account.6f3f6b7ce47046b2a94ce0a36420c590
2026-02-11T05:02:47Z,s88alrr,account.038ce9630d2642e6b54118919df89950
2026-02-11T05:02:47Z,Lateautumn_s,account.9db88f2ebc63418dac0873b097167ce6
2026-02-11T05:02:47Z,yy012354,account.82b0b6d1cb354461a91177e8969341f7
2026-02-11T05:02:47Z,sky_SD0,account.f4e881872a6c4365afe3c53d0074d394
2026-02-11T05:02:47Z,KSGAO,account.e15b04c25bdc475e8c5864040a3d2c91
2026-02-11T05:02:47Z,THREE_jrSOME,account.c4715f4f0ba14500aa9e41b4e538614e
2026-02-11T05:02:47Z,LPA-0001,account.78dbea4335e542d598464ed8a368a546
2026-02-11T05:02:47Z,Kirovreporting1,account.9b554d4156c34f2ebe115c0baaba3ac3
2026-02-11T05:02:47Z,gycwl08,account.73a2c688cb3a40edb78619b1d6030c91
2026-02-11T05:02:47Z,DAIYICHUAN98K,account.ea3251234c764afdba7ddb75288cb97f
2026-02-11T05:02:47Z,DCG_yexxx,account.8ee6331cdd6740cc822e5ed53b9fb475
2026-02-11T05:02:47Z,KiNG--0O7,account.03eced7ed46c44f08620e22a2b52e35a
2026-02-11T05:02:47Z,CaiBi_Number01,account.4d2b7ed5f0e848d89f248856f34c31c9
2026-02-11T05:02:47Z,Mars-27K,account.69ea6605557e4cdfb8ef2e87381e8f30
2026-02-11T05:02:47Z,GX64601111,account.b000be2c3a284fb89c62a646e2226b58
2026-02-11T05:02:47Z,GDY9827,account.d3c721932bbc4da296fd8c5b03c25dc4
2026-02-11T05:02:47Z,Python-_00,account.f8fe57cdfc584cf6b9e67662d2397cfd
2026-02-11T05:02:47Z,Good_Day_Soju_,account.261ed726c92046e5a24f8b7c6147a41c
2026-02-11T05:02:47Z,M0r1n_-,account.d77b5eb2294348d6a49861fbe6f0f2c5
2026-02-11T05:02:47Z,yizhiganjiuwanle,account.8ac4c53e18c04e7596919f1c19ec356d
2026-02-11T05:02:47Z,Mositima110,account.784eaa42ec7b4ef39a439b4fdbbb17f0
2026-02-11T05:02:47Z,Qia0-,account.a04d85cf6e3f4d3da58babafdb87b9fd
2026-02-11T05:02:47Z,m31zd5h4xb1,account.60ef8b1d82af4a5485d99a6779a17e4b
2026-02-11T05:02:47Z,Aonlng,account.e13168289cf14f73a756c70607f55dd1
2026-02-11T05:02:47Z,hyzheeee,account.dad9148bfe2042ce969d8573621e513c
2026-02-11T05:02:47Z,Pitiless_200,account.ca9d673c668b44929141cccb4d3e5119
2026-02-11T05:02:47Z,ZZR-zhangshu666,account.c566fea8796c43d488693648129f8bbd
2026-02-11T05:02:47Z,Li7-D,account.0a4823769d54435c93581114ed6f6bf5
2026-02-11T05:02:47Z,Xuan-An_,account.c0f5d818cf4c4b3bb53954d61c053c13
2026-02-11T05:02:47Z,Z-J-Y58C3,account.7bbdc2b881f943bb8a260626de6ed48e
2026-02-11T05:02:47Z,Tiger___-,account.e463c9dd37864709affc712e8dd276ca
2026-02-11T05:02:47Z,FQjie,account.0dfa4f925bcd4ac681194f4b3979b755
2026-02-11T05:02:47Z,lllillllililll,account.d59a81377327407eb407b572d4c2ec2e
2026-02-11T05:02:47Z,Angry_DaYeeeeeee,account.0f87066ce9c94c8488307bcf7d26e461
2026-02-11T04:40:52Z,stewaredssmywife,account.eef9fb4a1d244bc992c9e5f99042cce8
2026-02-11T04:40:52Z,Nonamemake,account.90ca4c7d30e24347825ee842c442759c
2026-02-11T04:40:52Z,KALEyongyuan0K,account.5e38cf2fd8d54d66a9febd40ec4a329c
2026-02-11T04:40:52Z,Ty_teng,account.975592718d7243e3bc3cd24d4ddb21cd
2026-02-11T04:40:52Z,RS-1903_-,account.782fee6eee13481faf01c9940c9bfd60
2026-02-11T04:40:52Z,FrankNOONE0-,account.3505718e51de4d7b84e07d264ee45f16
2026-02-11T04:40:52Z,gongtan__yushen,account.3696a58822e344f5ba152cb5ec975ff3
2026-02-11T04:40:52Z,shlimye,account.05acba1a82084854a1fff87a74673e11
2026-02-11T04:40:52Z,Sn-YoYang930,account.65359ba7831f4f168ce5eb7c9aad7b26
2026-02-11T04:40:52Z,lajiaojiang2004,account.a7cf9908273845abaea98527da424e22
2026-02-11T04:40:52Z,sea-5h,account.3f67a4ea430a4bb3be745c330f2dfd5b
2026-02-11T04:40:52Z,maodou48,account.11e6d52c1c11413a928b842d3b71adb3
2026-02-11T04:40:52Z,ASCC080_AY,account.eca2e5e3e0384aa8b54f06f0596bb92f
2026-02-11T04:40:52Z,Airctos,account.51b85f4c0af14943984a7f712c0de04a
2026-02-11T04:40:52Z,lIIIIIGIIIIIl,account.eae81bcc356f4076b5dafd2e1992a277
2026-02-11T04:40:52Z,Splil,account.fac22da0f9f94bea9f25da24c665f1c0
2026-02-11T04:40:52Z,686WangZai686,account.fabe0c8c2df644ce8efec8b1b9e8b418
2026-02-11T04:40:52Z,jg42295T,account.4f71b8eebcd44d378cb36e96fa28687f
2026-02-11T04:40:52Z,shuyang6-6-6,account.b105356b984c4ab0ab336814ad18eb11
2026-02-11T04:40:52Z,BIEGAOWOAAA,account.3fe7e388003e4b11ab7d0337fbd8ac1c
2026-02-11T04:40:52Z,PERO-KKHH,account.c4494e67165a424e87dee4d986c3f451
2026-02-11T04:40:52Z,Goodluck_YunFei,account.e5309c9908b64047af62509a7bc407ad
2026-02-11T04:40:52Z,GAO_TATT0O,account.d779d1a0b9594f3b8ed6666afaf24196
2026-02-11T04:40:52Z,usa_shipping,account.1f261e9247604447b6b3e02d2f006bda
2026-02-11T04:40:52Z,Vaughan3_3,account.717939a4c425435291349c43113e0cdf
2026-02-11T04:40:52Z,dibiaoNo1,account.7236de81db764005b31f32c97abde342
2026-02-11T04:40:52Z,XiHuanHaisi_,account.71838caa274e49618a90492fd9b0fc35
2026-02-11T04:40:52Z,Tornado-Lt,account.a718efc88fbe444298c48543a08714ad
2026-02-11T04:40:52Z,PRC_Aladomi,account.e7d32fe759454fec9d41dc9178e91e24
2026-02-11T04:40:52Z,nishizhenyuji,account.c0e9f046a6344e3487c6a00225cdcdcf
2026-02-11T04:40:52Z,xiaoRyxz,account.dabf2c9645344197811e9f9889b16e7e
2026-02-11T04:40:52Z,juewu888,account.6df07abf4ae54a19bcb2a239e51ee7a5
2026-02-11T04:40:52Z,FeiZXD233,account.27e3c2fefac14200804ad26e8dcb978f
2026-02-11T04:40:52Z,Hscyzz,account.cafcc0ae8fea4a5685cf4963256a13d1
2026-02-11T04:40:52Z,parkhoasshole,account.37fd206b706243719f2a2538ff21c656
2026-02-11T04:40:52Z,wonilaozai,account.9ea5a34c3b0548fb8154cf6597af874e
2026-02-11T04:40:52Z,Yeti-0225,account.21aa11d627ab425a8a798ac60b52477f
2026-02-11T04:40:52Z,JinNenNiang999,account.dc2b57780b194483bf6b4d87b081d57d
2026-02-11T04:40:52Z,AK-iiiiiiii,account.f7c9d2bb5a6243df9865df8b040e3bdf
2026-02-11T04:40:52Z,GoodlivzzZ,account.c5c1cd484c7b42b9b52f5b5a32136f06
2026-02-11T04:40:52Z,Joyuri_0,account.b93b21a826064b8b999b30667e2bb5b1
2026-02-11T04:40:52Z,QuNiMaDe---98K,account.b104ea880ab14f0a9c95bee2704f8e5b
2026-02-11T04:40:52Z,mengxiang_dashu,account.f870280adfed4253920ab45acd316a99
2026-02-11T04:40:52Z,D-T-bin-gege-,account.54b2a935237e46b89576d1ad359b652a
2026-02-11T04:40:52Z,Gungod_0831,account.97173f882e1e4d72b5756634d9415834
2026-02-11T04:40:52Z,Mo_Hanh,account.51b041949c2547b3983cf3e59ed0ae5d
2026-02-11T04:40:52Z,JIJIRI_G00ngsang,account.336a4751ec104142b60d344ae5babe32
2026-02-11T04:40:52Z,CAT--390D,account.9bac5a2c447847ab87b14ee61d0b5bb2
2026-02-11T04:40:52Z,110530,account.1ca312dd6c834281a9dc7909027ce9f6
2026-02-11T04:14:53Z,NghiaBaosThu158,account.c2a32989e1f9482fbcd8c9138eab1007
2026-02-11T04:14:53Z,Srxy7,account.5c815318a7d94664b0cddf54d86f385a
2026-02-11T04:14:53Z,DiaoDiao0326,account.102e0af84dff45a09dc4041ff0e3cf51
2026-02-11T04:14:53Z,BUPG-Layman,account.c6c92aa8492f4436a77c9d6bd30b4b78
2026-02-11T04:14:53Z,X1aoyangS-en,account.b012f975da8042b69c8e26ad0b6fd608
2026-02-11T04:14:53Z,Starswordsman,account.35507831c5a64b179cc8323f0a982f3b
2026-02-11T04:14:53Z,MengN-BuBai,account.b26f104b38474d3bb659dd90264cafc5
2026-02-11T04:14:53Z,legend_lee,account.aca69d4727224085b62add28ace1b2ef
2026-02-11T04:14:53Z,hgk-k,account.ebe0fb6c8b0f45f1a9a4664c1784541c
2026-02-11T04:14:53Z,MengF--LS,account.d80248270a21482fa6a20999de1e0347
2026-02-11T04:14:53Z,SweeTheart-GD,account.2dbe737c8ead495696b747da5c08947b
2026-02-11T04:14:53Z,Dahuanze,account.b10a2761662b40a982c158ff2672709e
2026-02-11T04:14:53Z,Orient_Citize,account.8c263b81fb564803bb667c7245dc2f0e
2026-02-11T04:14:53Z,659436541798,account.ca193a29afff4030986f623a76f35de7
2026-02-11T04:14:53Z,Fugue0_o,account.1b3ed783cb114af49c85d5fc5797f339
2026-02-11T04:14:53Z,RNGUzi097-xMXW,account.31286e98d62949cbaf8c591bf57d5c7a
2026-02-11T04:14:53Z,Cd_-kaigege,account.840335b43d2b4f3fbab26e140741c546
2026-02-11T04:14:53Z,Do_Xiao_C,account.b20faa14b57546cda4baa6ef94c90025
2026-02-11T04:14:53Z,a1233213aksdak,account.fbaad8870c0643079447ceeaf4132bb6
2026-02-11T04:14:53Z,Ec0c3,account.0af69113a60c4efc98cfbb6ec0ba5cfa
2026-02-11T04:14:53Z,6x6ooo,account.99938b82ba894ef4a29b408133bfb0aa
2026-02-11T04:14:53Z,OMGlaoshi,account.a814829d0fb24d33939a9b45b6019467
2026-02-11T04:14:53Z,7-6-5-4,account.50ed5bf32adc4e799f37198933794c38
2026-02-11T04:14:53Z,WhyNot777zzZ_-,account.fc5873babf954e78ab16a016dbb21c44
2026-02-11T04:14:53Z,Wx-iuk,account.622917f56fa34e4d846f97ba6ba06d1f
2026-02-11T04:14:53Z,QWERASD1277,account.2e925e37124c47b1bb13cfa6b2644593
2026-02-11T04:14:53Z,3932002,account.15d9fda6e09a4b4c928dca58c84ce2e6
2026-02-11T04:14:53Z,progunmans,account.0da98c2b0d67401d8fcd127963986eee
2026-02-11T04:14:53Z,77_Mama-,account.2ad0c00cfd934b56ad7e9e5f9468e65f
2026-02-11T04:14:53Z,Qiuei,account.51372aa778b8471c9bc9c3ae3f7b8be8
2026-02-11T04:14:53Z,fo9cfwsu,account.0e0841d0bd3d48b8b9ffe1c2224e144c
2026-02-11T04:14:53Z,xujian1191,account.9e75d8356a31459fa8325fa824e58db5
2026-02-11T04:14:53Z,NO1-lost,account.7f47451ff458415c9659ceeb8f338047
2026-02-11T04:14:53Z,Code_Hexa,account.268d97bb2d054c79851d59a6081b726b
2026-02-11T04:14:53Z,VOGE99,account.4c05009a00fd4b1f87572d30308b9b9b
2026-02-11T04:14:53Z,17_Betrayal,account.f757f078d2a644679f359daf7de83c33
2026-02-11T04:14:53Z,rwkazj558u,account.ca8cd427b1df42eb90677dde8e976647
2026-02-11T04:14:53Z,Joker_Funday,account.9b6c5213351e4b0394f33569d5fa99a4
2026-02-11T04:14:53Z,Joker_KevinI,account.781ef94d59d24714a19cfa5bd6c9a362
2026-02-11T04:14:53Z,dosesssssss,account.7d885cb3d18a4ffaad10646853a3eb92
2026-02-11T04:14:53Z,ShuaiShuaiWow,account.29e3a227037d48c38840e7ed14157e85
2026-02-11T04:14:53Z,0_1Seohoi,account.af39d4d8df914ec28a1e13f1cd8be219
2026-02-11T04:14:53Z,Super_neuro,account.bb7df65f5c5a470aaaa4b37cb316f218
2026-02-11T04:14:53Z,shdlssptksidRns,account.0765e4284a9d4b9487defdd03ac6908b
2026-02-11T04:14:53Z,minmin_-_,account.ecdb09069f5143fbbcc4400aad5f1fff
2026-02-11T04:14:53Z,minmin_--_,account.e6494fa2fc87452e842c66ca53ee5c78
2026-02-11T04:14:53Z,qiuziyu,account.0fc5229ae5ab4e36ae8038680a048224
2026-02-11T04:14:53Z,McLuFee,account.7a6d296e229840909963bbed47da260c
2026-02-11T04:14:53Z,Xie-Cheng-sir,account.4c6e2353840743d6a2fbcb13b44eb49d
2026-02-11T03:53:31Z,Gxiio_,account.cfff065ef28341a4b8573f1fa285c50e
2026-02-11T03:53:31Z,zhongguoxiexie,account.9de1a2611c394027aca1dd21b1d6b893
2026-02-11T03:53:31Z,Bs_DDDevilll,account.8efc2ec93e1f45f896234fa5dcb3d055
2026-02-11T03:53:31Z,v081fxtn,account.abd04acf037a4c95ab3e181a309f7fac
2026-02-11T03:53:31Z,1000M-BaotouMK14,account.0d7c41523c9b4aa282504a7d25f0336b
2026-02-11T03:53:31Z,TC1_AiShui,account.4a93b0ac15e44686aa48e3b5f54b3946
2026-02-11T03:53:31Z,Cq-cening,account.b0a8ac754d68401a9739123017e227fc
2026-02-11T03:53:31Z,RESETXForm,account.1aa73c87469d410bb8ae9f40837ffa2b
2026-02-11T03:53:31Z,xiaotaoge8203,account.974bf8222ab74582abdcca5fe324724b
2026-02-11T03:53:31Z,2CN_Valent1ne-_-,account.451afc79c9504ba9ab3d19f938c2ae21
2026-02-11T03:53:31Z,VolunteerArmy-,account.cf61d642ff1f437f8c2dd1fd11d1fd70
2026-02-11T03:53:31Z,8olo_-,account.29d0aa7a2b8840909c1cf034a89c3f3f
2026-02-11T03:53:31Z,Dark--koro1,account.dcc9de6ae3834009ba13b34553ef1310
2026-02-11T03:53:31Z,AiLuck,account.a71f1dec63e94d63959d6b900e26757d
2026-02-11T03:53:31Z,aRaPaT--0211,account.8660a916734c453cb61bc3e5522e0e39
2026-02-11T03:53:31Z,PUBG_TGYY,account.badfdd1a52554e808f90f9b0cd1a9c9a
2026-02-11T03:53:31Z,Iam_11B,account.fe0cef6a71c04d26ba0ab277489d7c20
2026-02-11T03:53:31Z,9C1x-,account.379e0635905347958fa1e3a6c6349c01
2026-02-11T03:53:31Z,yujl0524,account.90e469eb48b84cc8bb791b0d29800583
2026-02-11T03:53:31Z,BaFangLaiCai_-Ah,account.3add85f733744c838ccd45f6d510487e
2026-02-11T03:53:31Z,W-xiaoyun,account.50fc7bcd0dbc43d28c495ceca8b6c294
2026-02-11T03:53:31Z,CimatronE-11,account.dd3ae4109fb84a6a93a926679dc53f13
2026-02-11T03:53:31Z,EDG_youdi,account.fe3d9ae67dd0406787fc89393811e8da
2026-02-11T03:53:31Z,TYXS9,account.0b5a82b5fe024ce8848cf25e9ac032c6
2026-02-11T03:53:31Z,Northey,account.e5daca4c9c0349f187ea18ed46cdb967
2026-02-11T03:53:31Z,I-already-do,account.4e7eef66f54b47188366502f17819583
2026-02-11T03:53:31Z,wath3344520,account.13537ed41951455aa2e7dd6db07d7fb8
2026-02-11T03:53:31Z,skcc_1002,account.4659b0fa5ff04394be657f15a3622aea
2026-02-11T03:53:31Z,czh119110,account.485ade30d8ff4b548923e9888a08b0da
2026-02-11T03:53:31Z,killua5c,account.2da61a81ac8848eb91f3914e119fe19e
2026-02-11T03:53:31Z,LN--NAN,account.3bd490d7eb704caca9cabe48da2f2213
2026-02-11T03:53:31Z,Zo_xm,account.5dd5fcd2df4242e495904980c48900cd
2026-02-11T03:53:31Z,yoon_G_,account.eb152154344a4f6aacb88f8d79450296
2026-02-11T03:53:31Z,Mr-Bai-M4a1,account.527f15e81e1c4332af3d15d7fee64585
2026-02-11T03:53:31Z,ariianagrande,account.32c3b456519b4e2ab1578ed8f9e71feb
2026-02-11T03:53:31Z,Ambition__ace,account.3e22efcc6bbf413bba17881764c090c7
2026-02-11T03:53:31Z,Wlichade,account.b2c04c2cf6ad49278f5ba75404d70fcb
2026-02-11T03:53:31Z,Mimi_rat,account.1a19119094204a6cb41c9bd4d3a79bad
2026-02-11T03:53:31Z,QQkongEND,account.756639d85fa9418581bc1599d205a24e
2026-02-11T03:53:31Z,jjs5548,account.8c3e652136754451a6bfec05831b565d
2026-02-11T03:53:31Z,D3athAu,account.dc0a41f9df4d4ab49cb87908322bfdae
2026-02-11T03:53:31Z,NoMercyFPS,account.50536112bbea427db6717a082e6a8308
2026-02-11T03:53:31Z,DouyuTV_534571,account.52684bc7eb7a4c5ea16b2c95efe8924f
2026-02-11T03:53:31Z,fengjixuchui7788,account.bffd4947802c45aca52c655d45f5d54b
2026-02-11T03:53:31Z,4AM_Avicii,account.98bab942ce07442ab8e1e60413eff568
2026-02-11T03:53:31Z,17_WeiLai_UP,account.c149453521754725b3f91f110e93db38
2026-02-11T03:53:31Z,71ove_-,account.d9f2647e544b4211b6a5fe2a79848b59
2026-02-11T03:53:31Z,BaoGe0066,account.45303afe0d42445d94423da87677437e
2026-02-11T03:53:31Z,DA3860,account.fd0bda9578ed406fa74733090ed483ee
2026-02-11T03:53:31Z,Qz-MoneyDuoDuo,account.9ced71b8dd234333a2e924343b3fe25f
2026-02-11T03:37:52Z,ChuHyoung2,account.49c7e985fbbf4bad9869164449cf5c08
2026-02-11T03:37:52Z,T1_Alphaca,account.45607fa3b0214db0b801d0973e720258
2026-02-11T03:37:52Z,XXxxXXoXXxxo,account.7a66e88b69d8438b8e03d75c06c20eb0
2026-02-11T03:37:52Z,D21H-,account.d267810269364423b26ddca88daf5395
2026-02-11T03:37:52Z,d8245vp6um,account.5fd9a88177374118ace021ba18d93cc2
2026-02-11T03:37:52Z,Go654321,account.c880653051b546c3a9b9b304b47a17b3
2026-02-11T03:37:52Z,Anyxzz,account.56f56c47e1034cd1ba9fede21928511a
2026-02-11T03:37:52Z,11ik-,account.f407f3ddd8d24ee68dfedcc1cde797a7
2026-02-11T03:37:52Z,TIGGYMAN1,account.1103c789b4c24852935999c98ae38db3
2026-02-11T03:37:52Z,YGG_kele7777,account.3c3db63e4d2b4b65867510d5c49b1ddf
2026-02-11T03:37:52Z,QQaiui,account.73dbfd75119e43418797297223c45990
2026-02-11T03:37:52Z,Moon_0w0_,account.a6aec06fc105421e9100bb4a398f4ab1
2026-02-11T03:37:52Z,1asper,account.e0a925cdb8a044fb872ac3ce02b8dac4
2026-02-11T03:37:52Z,MonDay-MuBaaaaa,account.ac2fb74e24764d8687799dcd3c3afa98
2026-02-11T03:37:52Z,KKulDDiKill,account.10aa45d4cd254ec19aa49a3fe671f01e
2026-02-11T03:37:52Z,By--Tiger,account.e8b18b91000640218b1e34e61440f6b3
2026-02-11T03:37:52Z,ECHOxlsla,account.1ebe219af01f487a8ee063a386b30473
2026-02-11T03:37:52Z,HongHao-1990,account.136f9b12be414b34b963ff8c93845c9e
2026-02-11T03:37:52Z,LiThinkThink,account.86cf21ccc26048a0bc642afa54fa2adc
2026-02-11T03:37:52Z,artrookie3,account.5ed57769a2de4afb858d8b77ff3dff2b
2026-02-11T03:37:52Z,hellosemar,account.1ac5b03e33f94737b7ef8bf3c4712b37
2026-02-11T03:37:52Z,IlQqiSl,account.03fb33fe69ee46fb80474a22053dce9f
2026-02-11T03:37:52Z,KVARTSKFELIA,account.21294026af3b44dd926adb036e82af89
2026-02-11T03:37:52Z,Fellowvillager,account.7dcc24ced16f4630805c4d753d8eec07
2026-02-11T03:37:52Z,name_wk_cool,account.5f4d43912fad4a0db029918e8f4c24f3
2026-02-11T03:37:52Z,Lenxery,account.27f621689ef2461abc8289eab857287c
2026-02-11T03:37:52Z,Mowo-_,account.254ad201e7ed46ae9232b39384d37b15
2026-02-11T03:37:52Z,Bear_Cave,account.f6d989bb80ca402e9b68b794344a645c
2026-02-11T03:37:52Z,QGwabgxiaoer,account.1ee781a6e8554cadbff4b61d48cd9b4c
2026-02-11T03:37:52Z,counsel_NG,account.921dfb77d134417d882176f162dc1967
2026-02-11T03:37:52Z,hhjjssb,account.81889e9840aa459bbfbd3cb6ce9e26c4
2026-02-11T03:37:52Z,L1berty-_,account.d3e96f2ea8564205ad54cfde13476b0b
2026-02-11T03:37:52Z,Fly-moran,account.b1195037b34a405984c0a47eff9d3e39
2026-02-11T03:37:52Z,KePaXiaoNanHAI-X,account.6eb7b3d22a5e497da4c7d9090cfe5c7b
2026-02-11T03:37:52Z,suq1ng,account.4a681f79ca6947a2a55c8b7caa495f85
2026-02-11T03:37:52Z,F4--shixing,account.8f51992446e348f99fd1873d38de0697
2026-02-11T03:37:52Z,RiaHnwOw,account.b6e68ab452294701ab995fb87d002e9e
2026-02-11T03:37:52Z,BlackEight_Xmg,account.2bed804bab2146b2b70916108ffde3bd
2026-02-11T03:37:52Z,NZBZ-DS,account.81ea5cad39164e9dbcac53cfb627ba7f
2026-02-11T03:37:52Z,Hi_Claire,account.2edc1d8db1c148479da47c85554974b1
2026-02-11T03:37:52Z,Ai1Fan,account.34ba3969421b4b45ba71a79e79773565
2026-02-11T03:37:52Z,NNTNNQ,account.2dfd5f42b8e741d3b5925b05f0696a95
2026-02-11T03:37:52Z,GS-LaoZ,account.a97d44eb03174e14834724f91f12216c
2026-02-11T03:37:52Z,JINXIANG_221,account.e1179755ea9f4238b2ea7739289d2042
2026-02-11T03:37:52Z,Aldong_,account.9a7eb8044b0d4d169179f70277f335b1
2026-02-11T03:37:52Z,V-50-DaiNiChiJi,account.55fdc3bc384b4ca598cd80df148b4005
2026-02-11T03:37:52Z,i-_PeiPei,account.a6e7f587bea647b9a2ef7cfffbdb12aa
2026-02-10T13:02:30Z,POLO0501,account.6ab2e4660aba4f9bb4446d8ce9eaafd3
2026-02-10T13:02:30Z,OMG-WULAI,account.970a7f42152f4372beb69ce5a215f00b
2026-02-10T13:02:30Z,feijiaershao,account.8b74e077ad6f434a84245aab388c80bc
2026-02-10T13:02:30Z,X_sssc,account.decdcfd9ab1d40449ac23b5a71027c5f
2026-02-10T13:02:30Z,Anh_Trai_Ma,account.a238434565ed4deb8048b97e444bd5e6
2026-02-10T13:02:30Z,StephenZone,account.1bf45fa6716f4af8aeaf70caf1515296
2026-02-10T13:02:30Z,MK-sishen,account.c70619793f634dcea775adfa60e16504
2026-02-10T13:02:30Z,MQ_chan,account.ea9cb42ec374447e92aea15eae68cc2d
2026-02-10T13:02:30Z,karrigannnnnnnnn,account.b3574a1b675445f2b3dd22a92cad5541
2026-02-10T13:02:30Z,Ztvfuo411,account.7e8d4a3d115549f0b540672ce640e89c
2026-02-10T13:02:30Z,Dongge23,account.7a730046240746c8bc4936210154b13d
2026-02-10T13:02:30Z,xiaojie20020326,account.ff2d47f541b44a09984f5c7dc5a4d6df
2026-02-10T13:02:30Z,huange94666,account.7d1d9ffc423146309b6dd2d91651c027
2026-02-10T13:02:30Z,PanMan_Luna,account.469fa4d410144799b5d39f6baa046f97
2026-02-10T13:02:30Z,y9zeunr7y,account.18be70ff9f8449a185fccb26cf62e91d
2026-02-10T13:02:30Z,QT_Bing,account.df4cd77afe144e0388c37dafe259bbfa
2026-02-10T13:02:30Z,XxxTent_Co,account.19bb91d78e7e442681175565892068d8
2026-02-10T13:02:30Z,Only_OldRed,account.2649749e008840c29990afc7f5a9daf6
2026-02-10T13:02:30Z,yczgrmws,account.1869ce222ad848f195d7363329008da2
2026-02-10T13:02:30Z,Only_Mz,account.0a855456b94f4b6482cf14c47be8a11d
2026-02-10T13:02:30Z,SHEJiYAn,account.51b34bd6254e4649adbbb303cbb72ac4
2026-02-10T13:02:30Z,ID--M249,account.0f04ba001df44ab491ed9021dd0cf036
2026-02-10T13:02:30Z,II8oII8oII8oII8o,account.e7279bf500bb47be823abbb5c1abaad4
2026-02-10T13:02:30Z,X1aoLonnG_,account.7275975f897a49aeb79e5fca4c261b68
2026-02-10T13:02:30Z,BXK-666,account.6013e6af2a5b4d59bb16d54d25a21de2
2026-02-10T13:02:30Z,i9oZz,account.bde9563b5fb346489dcdfc99ddab3e9f
2026-02-10T13:02:30Z,Poseidon_711,account.06fabcbf224c447cbc7a9cc598db75d3
2026-02-10T13:02:30Z,OMGBJ,account.cd932ead9c494fbc8e09575dc4d27f3e
2026-02-10T13:02:30Z,B-A-xiao,account.982da867ffb14a8ea23c87a37d28892c
2026-02-10T13:02:30Z,No_-07,account.7bbbf228889f4f26884cee27c8fccca5
2026-02-10T13:02:30Z,1seven,account.a0ee787a343841b8b96fe78562820693
2026-02-10T13:02:30Z,Gust_OuO,account.9a0cca53a14d4cf1b05e7f41872406d7
2026-02-10T13:02:30Z,i18c,account.f63afe6abf8040bd944cd8dd213b8263
2026-02-10T13:02:30Z,PaiDaBin_-,account.492796f2b5654a3998c7272742eae0fa
2026-02-10T13:02:30Z,Daisy-92G,account.80071bc2468c4ecdbc60d916215eba40
2026-02-10T13:02:30Z,Only_FoxxyGG_-,account.1d76ce4a22004f9285de6058f8c488da
2026-02-10T13:02:30Z,lsjt929,account.ab98a3cd546846c098e5b4c317c73970
2026-02-10T13:02:30Z,W-0610,account.50270f15e79e4ec0bb45213201a3572c
2026-02-10T13:02:30Z,Tun3ha0,account.4e0a6a9060224096a3a9c3deeafd3e04
2026-02-10T13:02:30Z,91-DaHeiMang,account.448fe670165547ab92a6c59481fb5cee
2026-02-10T13:02:30Z,1996n_-,account.a413519d965a4f1abe40e131a91ba06a
2026-02-10T13:02:30Z,ZJP-666-,account.a3f68f644e634576a5fec994a6c44ff5
2026-02-10T13:02:30Z,changyuanyinshua,account.d49262dc5cc94e29a770c8309711ab8e
2026-02-10T13:02:30Z,ACSG_HeadJack,account.3e17bc69034f49a78b40c9500f0d505d
2026-02-10T13:02:30Z,xiaok-02,account.ebd4554cee4547b3b31dfdec0a3c549b
2026-02-10T13:02:30Z,Wei_-y1,account.0a88625ca84a40b1957a153bb87a4357
2026-02-10T13:02:30Z,4AMxiaomahua,account.9362ec3c0502410481943d346b2609b7
2026-02-10T13:02:30Z,Solitude-one,account.90340d8d5dd0427fb92958161c4c8226
2026-02-10T13:02:30Z,jj521sa,account.b929c80bb4654685b7f8b5ebaed22352
2026-02-10T13:02:30Z,Pero-Lwa,account.0ff58be3bfe940b7a69c959eb9ad850a
2026-02-10T13:02:30Z,TS_Donk7,account.eee3bb5a127f4d21be58e493acb26cab
2026-02-10T13:02:30Z,PanYuFei--,account.1eb99679b041437eab1a1e581a358be9
2026-02-10T13:02:30Z,AHGWYBQ,account.f4d544ff5be7490bbec8a1906b824b29
2026-02-10T13:02:30Z,H1_PaiDaBin_-,account.65b9e2ade5d04d67b5273ac83026e55e
2026-02-10T13:02:30Z,DouYin_QI874,account.8e777fcbd144464c9c84e7a3cf8aea2b
2026-02-10T13:02:30Z,98k-bozai666,account.b2b26632002b41849dd3af028da3680f
2026-02-10T12:40:06Z,AAA-00755AS,account.9c76746fa68a4ea5a28236405684f4de
2026-02-10T12:40:06Z,zhn66677,account.8e91f64acc0b491fb44d5451a8046ee2
2026-02-10T12:40:06Z,LuYang-XinXin,account.2d309a5bf99f458db26bafec49aceaf9
2026-02-10T12:40:06Z,RD_B1eGouJiao,account.b65e78ce6f204cd4b9f211218ed2614a
2026-02-10T12:40:06Z,MumZo,account.1ca72dc7e47c4673a5bb3bc1e49279e2
2026-02-10T12:40:06Z,oRan9e_27,account.819b00c6145e452bbea0b8261300fa91
2026-02-10T12:40:06Z,26June,account.5883e1768eb244d9bd03a767fcc9bfa8
2026-02-10T12:40:06Z,Bw_bmzx,account.33f8521e7f384d3ab977511f81aad775
2026-02-10T12:40:06Z,ciyou911,account.a62b1e06224145f4b168cf057ddbf19d
2026-02-10T12:40:06Z,BaiYeHuaFeng,account.12dbf1029a934e88b3ecadc580915c3d
2026-02-10T12:40:06Z,eunyoung9,account.07cd0948137948a7ac43b4c7347346db
2026-02-10T12:40:06Z,jiwon_top,account.24ad0bc271d744cfa26d26591548337e
2026-02-10T12:40:06Z,FOCUSTONIG,account.2fea7e8f270a496b94aed40510e3cbdc
2026-02-10T12:40:06Z,xiaochenaaaabv,account.46ba8fcbc1414a409f906b727bd381c4
2026-02-10T12:40:06Z,Charles_kelu,account.e03e4246f2054650b884a707d41806e7
2026-02-10T12:40:06Z,M-olly111,account.093e5936efa34b6686c37fd65fb97c1f
2026-02-10T12:40:06Z,sbxxxLu_,account.841a6e67ba8947bfb04c6bca761073f4
2026-02-10T12:40:06Z,XiaoKeAiWeiYa0,account.1bef5a94a4a54d34810b14ed561be3dd
2026-02-10T12:40:06Z,Dear_-GUAN93,account.9aa9474b607244ffa41d5565b24098fe
2026-02-10T12:40:06Z,TingFengYeLuoLe,account.d900b118e3e640b18b151f1eb554fa31
2026-02-10T12:40:06Z,Lucky4th,account.8244cb1a967141f4a9f4a0311736e0a3
2026-02-10T12:40:06Z,fuuck521,account.2277d198740b4f8c97ef87465583e891
2026-02-10T12:40:06Z,SYL19111,account.9288a12ab4284926b0d3812121d6cdf5
2026-02-10T12:40:06Z,CiTYBuCity-----,account.fb6c907d555d4ff7acc9f4912074adef
2026-02-10T12:40:06Z,iPhone13Su7,account.19bd1e8bb8bb440f8c9ac9dbb26c29d6
2026-02-10T12:40:06Z,goutoulaoda,account.9d448626b1a0440f878f6d01992071c4
2026-02-10T12:40:06Z,Zzou__z,account.92cff6ea092c4dcfba1a96dc5e90e693
2026-02-10T12:40:06Z,Blessed_Child,account.378510b2be43409fb3792ea4c61082a6
2026-02-10T12:40:06Z,LooTchild,account.5529dedc08fb4fb68b04d771f57ed2bf
2026-02-10T12:40:06Z,Mikasa_Qiuqiu,account.082124c806524d2db591001a2b5ab000
2026-02-10T12:40:06Z,CN-Hunter_,account.e3d8e6ac126d4d3f81374d63924cdf08
2026-02-10T12:40:06Z,Mr-_-Beast,account.dda9dd2f5a254a0d92cf0d30bb00f024
2026-02-10T12:40:06Z,Memoryi0605,account.37b0a84683134c98905f8264bd005843
2026-02-10T12:40:06Z,PUBG_Top-One,account.de28fb1aa2e147a3be113585fd40e5cf
2026-02-10T12:40:06Z,LZjyhl,account.777db538c4f541719fad361d0cd83ab0
2026-02-10T12:40:06Z,LaoGuCheng,account.c368b058f4f943f5912f1df66235a79c
2026-02-10T12:40:06Z,Arionse,account.0ccc7bff5fab42d0987824b9bfe2aaab
2026-02-10T12:40:06Z,KennyMason-,account.202908217d0b4834acfbf3f8b8d0b11a
2026-02-10T12:40:06Z,Pannch,account.da6401ad175d4dd5babc1e39052d1863
2026-02-10T12:40:06Z,Ku_7Q,account.0825bfd8e2124247892ab620a6df5271
2026-02-10T12:40:06Z,fan_xiaohei,account.fce8a53deedf4cbb98de30a3e99d4da6
2026-02-10T12:40:06Z,yl7Qp1y,account.26e87d8adb5c42b0b05b7b636ba95a60
2026-02-10T12:40:06Z,ye0328,account.bb8350f2131b4000afbd3f95a50d1bc1
2026-02-10T12:40:06Z,zsGpi,account.9096a68e43164c7a9cd0df65f7ac6bf4
2026-02-10T12:40:06Z,Bang-hyeOK,account.402db0b0306c4c9a99c34b49d5e5d64e
2026-02-10T12:40:06Z,bnenzjtslgki,account.c4154ad90aa1411785041922390196bf
2026-02-10T12:40:06Z,Eden-Aurora,account.8388d5d865f54f859806439849e037b2
2026-02-10T12:40:06Z,Rgod_77,account.566aaa08914a4d6d87bfc55d6e9918f3
2026-02-10T12:40:06Z,Kang_Ba_G,account.ea990a054e1748aaa5077a6733403284
2026-02-10T12:40:06Z,LGmyth-,account.0f06e77a29574feebab5e14e8a0b30b4
2026-02-10T12:40:06Z,LGTXXL,account.71ffc744452a4792986330d825fc9340
2026-02-10T12:40:06Z,yamicozm,account.450cffb42f0e4a49bfc0cf4bb5f46135
2026-02-10T12:40:06Z,4HM-DaXiaoGe,account.c0e9ddf84ddc40f2959e50188ae04b5f
2026-02-10T12:40:06Z,xiaoAsdsghd,account.eca6022ed1834a96970ddf3431ea7c39
2026-02-10T12:40:06Z,KUN-NICE,account.c4aad2f9dfef457bb4b489b51323dcad
2026-02-10T12:36:52Z,YaoX1nYunYo-,account.25144d059dc04903ad6f5eaca2bbf447
2026-02-10T12:36:52Z,JiawenGavin,account.100355561c4146f6b739d8cc0210b33b
2026-02-10T12:36:52Z,8309_-c,account.375f5667128e418c9ec87d2fe3eb352e
2026-02-10T12:36:52Z,MG-KweKwe_,account.3e85c5548cf2415cae51538cb95e2f9d
2026-02-10T12:36:52Z,mmmmmmmm-Tg,account.490b212d8ee94eceb1d74948079195a7
2026-02-10T12:36:52Z,XIA_TIAN-001,account.4d8146f33325492bb4fa1dbd1d27cc1d
2026-02-10T12:36:52Z,Jmxd-3,account.1ffaec14b9fd4fa7849f434a89ba8e1b
2026-02-10T12:36:52Z,WW-Tokyo_,account.7d686bd397f746778cafb1024ffa84fa
2026-02-10T12:36:52Z,BuYaoWaWaJ1ao_,account.b1227af10eb44a78900b63a9aaf2bf23
2026-02-10T12:36:52Z,qwe8187,account.e838a601c1ff436a962ba6c3d5d22911
2026-02-10T12:36:52Z,Exercise-71,account.e1da7c3a14dc43bdaa76c2bdde975503
2026-02-10T12:36:52Z,Ke-Xun312,account.ec2e0d1bb74d4dfe887cf366c47992e0
2026-02-10T12:36:52Z,Dadadabiaoguo,account.2300707b3e0d40fbb4f7441e5c5159e1
2026-02-10T12:36:52Z,PLUTO-1930,account.88bc888ca07e427795d6c27b76680164
2026-02-10T12:36:52Z,Kavine-_-7,account.76976bb867714954b1f879812cd9471c
2026-02-10T12:36:52Z,134i,account.743c761992e34d7cbc19d120dfe9194b
2026-02-10T12:36:52Z,Huagege00817,account.51493d0b8197471dab156b65861d0ccb
2026-02-10T12:36:52Z,Bib88o,account.cf028d860e674050b96e2ca9b4293cb7
2026-02-10T12:36:52Z,LNG_H-_-Gggggggg,account.63ed09c5e4134595a0559161fc2cac89
2026-02-10T12:36:52Z,ddalddal2wiaw1,account.60aac57c8e8c41c8b41d4132996af92d
2026-02-10T12:36:52Z,SenSweet,account.0e938bc3a03b48a6a7db67a680fb88cd
2026-02-10T12:36:52Z,Ansen_Pro,account.4b7148d6854441ceb4a47922dda8d25a
2026-02-10T12:36:52Z,SangHwaDDI,account.986c6d883c08427db8dcbdc8f3dd3926
2026-02-10T12:36:52Z,Oioi-LY,account.779bbdeaa0a245adbb36d87087e99258
2026-02-10T12:36:52Z,TOP_nono_-,account.f48433c3f0484820945ddca7fda798b5
2026-02-10T12:36:52Z,Ordos-ErBao,account.02ffdf5862104d4cbc4c23261c116bca
2026-02-10T12:36:52Z,lzAmc,account.6a5bf47945694474a46f4ec6a07407da
2026-02-10T12:36:52Z,Kyma_Heaven,account.392ff2ae3d564cbfb73b6661306efe9c
2026-02-10T12:36:52Z,Alexandia,account.9ca0b29ca9ab4eb9b366686e5ccffc4b
2026-02-10T12:36:52Z,DaDuYang,account.3c519bd3dea04a359963266b2b017a7a
2026-02-10T12:36:52Z,Storm-a1,account.44d7225b42c34af8ab158169e102d7e8
2026-02-10T12:36:52Z,Ba1Fu_Gg,account.4368021e73b14337b2b5b9b5b1f3cf29
2026-02-10T12:36:52Z,JINGCP_CS,account.5f075bd65ea545f7b8ae6652fd9f2fd2
2026-02-10T12:36:52Z,Huashao_omo,account.e353dc258cd64cada97febee1664dbe4
2026-02-10T12:36:52Z,Pandora_X-z,account.c4939c3417b548b2a0ca12e4d7d85ac1
2026-02-10T12:36:52Z,Autism-YY,account.186b8d823f7a4e34823426642293ca4c
2026-02-10T12:36:52Z,Aicr_,account.36253a9c291b400e829a8768c75c4e32
2026-02-10T12:36:52Z,DB-wangjuliang,account.4fad1c4de65d4c30a5c26b0d93e3e6f8
2026-02-10T12:36:52Z,Trjcgm765,account.0cd3666cc08249da97f2e3038b0799c5
2026-02-10T12:36:52Z,wang-bo-6666,account.0590b0c1aa76459cbd476c358ce9952c
2026-02-10T12:36:52Z,weiheng888888,account.c907a14fc4004f429c2fb32ab4b93d86
2026-02-10T12:36:52Z,luRenWang_left,account.efa9550a0db94dd4bed4d4844607e727
2026-02-10T12:36:52Z,HF_Dnn1,account.f1c4d3cfcc274515a726b4b8300cf51c
2026-02-10T12:36:52Z,Skkupi_,account.54d487827e4f4c3da3fc375a35929467
2026-02-10T12:36:52Z,Pandora_C-c,account.c8902bb4c6494dd09e8b4f83f5ce07cf
2026-02-10T12:36:52Z,Blank_Period,account.e07e5d2cfdc544abb69ff3e3816b0329
2026-02-10T12:36:52Z,falali488GTB,account.2c88146b81e84394abbbd210ca3351b4
2026-02-10T12:36:52Z,WDGBD567,account.e4a17e9893d246ab8edd16d8fdf1c1ef
2026-02-10T12:36:52Z,Zouwenchao,account.72463366e2ee4738accae9ebd0f2a9fe
2026-02-10T12:36:52Z,k-ak-m24,account.82183e9a51bb4b5287b7025ca810537d
2026-02-10T12:36:52Z,sfdfasdgf,account.4a32ce238ec24b059b398896816664d9
2026-02-10T12:36:52Z,ElectricianW,account.59a4522a879b465fa06ee7020907bfbe
2026-02-10T12:36:52Z,ZeRo_O-Oooooo,account.1a84df1b4e0548a48e0264d556928e74
2026-02-10T12:36:52Z,4sz7,account.853a0403b7334ccbbf8f9b8df98e6739
2026-02-10T12:36:52Z,EdisonXwl_,account.81bb9900267f4e0baed006a94626087c
2026-02-10T12:36:52Z,Mmmmmmmmmmmmm24K,account.a046111bba7c4c61961348adc1aab344
2026-02-10T12:36:52Z,ZeRo_Fipped_Tc,account.abd555f8c8b844a9a40d4ff67498aee8
2026-02-10T12:36:52Z,V-I-50-KFC,account.95d21334df1a42569e972ea2cd1cb210
2026-02-10T12:36:52Z,JAPAN_NO_999,account.0c380262bd2a49a99b32d58a75ae2fc0
2026-02-10T12:20:30Z,Mr-XuSuChuan,account.b3a3d46c7fc54edea92b3f7b63abed62
2026-02-10T12:20:30Z,Reo__Zero,account.847da3031883458a8b93ba1fa02a50d1
2026-02-10T12:20:30Z,Jocobi_,account.70bff72754434700a0a7d541e2823c8d
2026-02-10T12:20:30Z,jiajiangVG,account.284aa0423c1443c6a33b4049eaa5194e
2026-02-10T12:20:30Z,332945394,account.19c8ec8a38ab4509a500eb232fde8caa
2026-02-10T12:20:30Z,KR_HoonYIA,account.de0c5c611eb84633a1f1b0e64092a9dc
2026-02-10T12:20:30Z,Tonystart_k,account.bf2fbc20c17e4c0c9b68c20f465dc0c7
2026-02-10T12:20:30Z,2hou_u,account.7dee3b36fba6441b98eeb6c3b2e233ba
2026-02-10T12:20:30Z,Y1FAni,account.bb4b11d8f9dd48f39644338cec94fb86
2026-02-10T12:20:30Z,HUYA---laolei,account.26292c00fda24d129b9f71064472f450
2026-02-10T12:20:30Z,SF7OVERLXRD,account.f2d41e969f8d4d518911c5be05004d1a
2026-02-10T12:20:30Z,misshrl,account.eed72f64912b46709d629f302e158374
2026-02-10T12:20:30Z,XxY_T-Uncle,account.0dc344a7b62d4e6188aaaff5b5e5ca12
2026-02-10T12:20:30Z,JiaoWo-Qiang-Ge,account.b3297a02ae47478391ab29c63ef73d81
2026-02-10T12:20:30Z,Light-kig,account.f45c2fd39ee440b29be23af9af88192b
2026-02-10T12:20:30Z,KATO_5267,account.8e5efc7b90f14b9e944e23a0fbf60bb9
2026-02-10T12:20:30Z,Ix7i-_,account.8508478e32fb4e99b368e19ccf9e935d
2026-02-10T12:20:30Z,1xX6-_,account.8198170ab9f44f2a91007a3450cbd979
2026-02-10T12:20:30Z,GY-Yyc,account.66b866b92bd74622897a8c18675c575f
2026-02-10T12:20:30Z,Luv-Wendy,account.5e58b6531fe54e52b8e2aa539c124964
2026-02-10T12:20:30Z,Po3_9,account.9a967edbfb2f420e8cd1434422126a97
2026-02-10T12:20:30Z,AixNovember,account.40a14ef097a64cd1b7c0e4da5cd0a137
2026-02-10T12:20:30Z,TaMe_Explosion,account.b0ea28f9d17f4e029dd39b0f4bd8826a
2026-02-10T12:20:30Z,ix7v_-,account.25625b61ced3469cad4df0afff6aefe8
2026-02-10T12:20:30Z,HuYa25706,account.ef1d5198ce3d4ea2adb29257e1359af7
2026-02-10T12:20:30Z,sunfenfkuaidi007,account.264afe15263e42b4aebb39b294ce2bc2
2026-02-10T12:20:30Z,Red--Romance_AU,account.6e701412b8da4b55b7702f20ac6e10a6
2026-02-10T12:20:30Z,AnJar_HaHa397,account.27a8a554af9a4a28b33ae65a140b8292
2026-02-10T12:20:30Z,DOUYIN_HuoHuo,account.171905142bcf4015bb02ae204383b26d
2026-02-10T12:20:30Z,Zhushuaige888,account.eb784406607d4b3d8da0b20d10d80a25
2026-02-10T12:20:30Z,JacKmin69,account.ebbc1379af994b1d96cae90fa4250c5a
2026-02-10T12:20:30Z,GoldlnTheSea_Lc,account.e1c0754d558b4eab9e4811df6b43b07b
2026-02-10T12:20:30Z,Mellamo-Luis,account.bf4dd728a3054f9a896d09a3155b4f93
2026-02-10T12:20:30Z,17_Halo,account.8023b41216de437ca922f22fb84a8fdc
2026-02-10T12:20:30Z,big-winner_,account.6e39c960b0c64070b1493d275565be26
2026-02-10T12:20:30Z,ROKEL_Y,account.d9405a6cb12c49f1b6a4a20be2f309b2
2026-02-10T12:20:30Z,Juneokey,account.bcdf7296ced047aa813cc728452c294f
2026-02-10T12:20:30Z,Kissnnii,account.90220de7f36f45dea5e302e59b7589a6
2026-02-10T12:20:30Z,silentgarbage,account.7b1a4244ffb647a3af2ac051196374a9
2026-02-10T12:20:30Z,mmmmmmmmmmmm77_-,account.bf939f3f046340f49eb9efaa34394712
2026-02-10T12:20:30Z,XJWBT04,account.95f8be22e6f04542b9ad2541c95947f6
2026-02-10T12:20:30Z,AixPirin,account.54cf1a3e99264929a0b1c7a4142cd9da
2026-02-10T12:20:30Z,Rainy_Tyrant,account.c67508ae4dd046d5a3c48c5024e05169
2026-02-10T12:20:30Z,HHHGO,account.4760027b1b1f46fab64500b96a0995d8
2026-02-10T12:20:30Z,wkkeiupgu,account.ec7aef626ad440b7904e5e62b8857e60
2026-02-10T12:20:30Z,Youarebusy,account.ff91f6f022e14379bcb07d350198c227
2026-02-10T12:20:30Z,4AM----LYM,account.7753a395245842a396563cf76adf01fe
2026-02-10T12:20:30Z,NiuBiLity_0871,account.316a737b2c0a405897e45b15d06da442
2026-02-10T12:20:30Z,BAOzaizai-,account.903c96a3dc3d4877ba5fcde2a660752c
2026-02-10T12:20:30Z,Liquid_Yue_,account.b35f5d684f3d4d348b3fa771ccf2b781
2026-02-10T12:20:30Z,Memorial_f,account.5e70116e60bd4a7e85b7e6e6a7e15796
2026-02-10T12:20:30Z,CLOVER-JT,account.49717ac4a12040568e1b49f70ee7e689
2026-02-09T12:54:14Z,Jinoo0oo,account.2f5410320bcf4f8a85a10ad942c5b903
2026-02-09T12:54:14Z,LEEHE1,account.ff51945683a04bdd93e16736730f051b
2026-02-09T12:54:14Z,wzq1322400171,account.5e84b1452a2b4056bbe540507bdcf159
2026-02-09T12:54:14Z,onexiaojing,account.9185e8305dd94587ab37c0bcaae973a2
2026-02-09T12:54:14Z,Melon_is_good,account.d30f6e1b6e2e4bf494ccce77034d7c4f
2026-02-09T12:54:14Z,5h2U4,account.1c826453b49f46b485f488455ba709ff
2026-02-09T12:54:14Z,MVP_MIRUKI,account.7d33dec75aa44d42b3dfd2ea671f031b
2026-02-09T12:54:14Z,DAEkatory,account.7fbae629d76249ce85b2ebacddfdcf64
2026-02-09T12:54:14Z,y1zio_,account.f78f8cff867b452380ec0d7bfbf9bc05
2026-02-09T12:54:14Z,DODOHAN_IF,account.5b7ddc945eb745919e12d1e9e2aebe44
2026-02-09T12:54:14Z,TechManOvO,account.7e5eec18a92a4ec99c579ecf5d52f29c
2026-02-09T12:54:14Z,tuiyoulaonianren,account.a0f227dbe68840519f230d3b5ec6294f
2026-02-09T12:54:14Z,QX_YangGeGe,account.1f8a8fa2d01c48d6a4d969c749031bd2
2026-02-09T12:54:14Z,KaiGuaSiMaaaaaa-,account.79dd0409271447b197542fbcb5797537
2026-02-09T12:54:14Z,Puff-Baby_-,account.65b2acf303124fad922efebabb990c1e
2026-02-09T12:54:14Z,pop2dragon,account.c28bf8ee152c483c97978f03cb459974
2026-02-09T12:54:14Z,Akzonobel_Zuo,account.b0a698b54559499f98871862229934f9
2026-02-09T12:54:14Z,Scrin_n,account.1a8e7288ca1640dab2be5ec8f2b27814
2026-02-09T12:54:14Z,N1Ha0Sha0_-,account.b84106df0284416b9d224eb85124d633
2026-02-09T12:54:14Z,dajijishuaige,account.e2b49e90107943d49ba8eb5ced4a08bc
2026-02-09T12:54:14Z,ganjiganji_,account.3b989ee9ef694844a9749d2956a62c59
2026-02-09T12:54:14Z,1i_baby,account.58475777f9ba43dea70b3826994b4cc6
2026-02-09T12:54:14Z,i6Jo_,account.f7c4997209304649aa05249b39c71264
2026-02-09T12:54:14Z,A-JIE-8023,account.f32a87bc9fdd44768e718de88d48399a
2026-02-09T12:54:14Z,LKBOSS,account.3979429d52e44b528c45fd63182ff02f
2026-02-09T12:54:14Z,x81ei0z0v7,account.f77241f8291a43178db8c7a8aba87a7c
2026-02-09T12:54:14Z,hspk2858,account.4db31c445016455ab82ea7c516d83f74
2026-02-09T12:54:14Z,Tame_girl,account.d77fcb5a7e6840a797608005ddacb451
2026-02-09T12:54:14Z,94o6-_-,account.a26fc1459f454602b77c4f08a961675d
2026-02-09T12:54:14Z,199504182314,account.07c607ac468241f7a8dbc9e124f5b2cd
2026-02-09T12:54:14Z,wenliga,account.55eb3fa44bac4d408c7e8d6b103fc1f0
2026-02-09T12:54:14Z,GG-BOND248,account.8a34526941584c738e77ef39f304155a
2026-02-09T12:54:14Z,WUWE11997,account.03ea7c795fc54ba7a6e081670088a1d9
2026-02-09T12:54:14Z,SHIQI-CM,account.b0daef241d1e4e29bcd143ef8c8e9d90
2026-02-09T12:54:14Z,Hn-wohaihaikou,account.d2564450e2194f879984eee87d349259
2026-02-09T12:54:14Z,TLEHamyXD_X,account.01e5254a592d463bb9e373dfd75bfe16
2026-02-09T12:54:14Z,RunCnB,account.24d7cd7dbe5043ef9da15ed0cae5b449
2026-02-09T12:54:14Z,YMCA-,account.d40da340bb9341538c284bb9781b6090
2026-02-09T12:54:14Z,sanghun1007,account.dadbee61456542478d95970abe4ce17b
2026-02-09T12:54:14Z,ORIGOGI_IGOGIRO,account.e7363d267f61472885125449331fb937
2026-02-09T12:54:14Z,KDbaobao-_-,account.e1f0eac18a85457ba0260ca7a0f53e79
2026-02-09T12:54:14Z,hinggu-,account.6c74a907b7d74d38a9e3db93e274a599
2026-02-09T12:54:14Z,dajiba_guaishou,account.9f4fbdeca85545d596512e3960122ded
2026-02-09T12:54:14Z,MMMMMiilu,account.6c76f7801889481d9eef8941f81f6e1e
2026-02-09T12:54:14Z,l3abvnnmb,account.d482006702f34fb1ae703ca197b70f2b
2026-02-09T12:54:14Z,Shen-----Dian,account.2ffe5b849d5e4376ac2ed260b18b512d
2026-02-09T12:54:14Z,seungju-_-,account.405f4d871e414e2184d0f96a02d5034f
2026-02-09T12:54:14Z,Miracle_Bean02,account.ca86715117ba463dace81a1bf6bbae35
2026-02-09T12:54:14Z,hakuji_33,account.234eb9c42baf464bb09e4874601ac83c
2026-02-09T12:54:14Z,MMMMMissss,account.59223fa7b3da48f0a6998a76434f00f2
2026-02-09T12:54:14Z,2uuy_,account.bb250d2bea4c48d39f69ce2cb6baf2b7
2026-02-09T12:54:14Z,LL_FF_BB,account.d9be2810f6c7469c8e3a15a4f329a5c7
2026-02-09T12:54:14Z,i5jo_,account.08b44d4546924fb2ac4d4605eb59bb8e
2026-02-09T12:54:14Z,LINGO1874,account.47ceb12bd23d4b779e6300e9be620a74
2026-02-09T12:54:14Z,Redamancyc_c,account.b648139cbe5e4b12afd385badef0957e
2026-02-09T12:54:14Z,Azz_daniu,account.95da9375775c4196ba5883d4a6221bfa
2026-02-09T12:54:14Z,QaQsssssssss,account.0dca9f16cb474d04b037f791f32bc050
2026-02-09T12:54:14Z,China-awang,account.9f5eb8d203c84849b53a45b5269c1c45
2026-02-09T12:54:14Z,ForedoommeD,account.68c0f9a0229f4a739ba8698af1cdb13d
2026-02-09T12:54:14Z,Fyoro,account.bb1dd467231846318149365621c983ac
2026-02-09T12:54:14Z,dz-1015,account.31edd4597c9340dfb8f53bd896aa187d
2026-02-09T12:54:14Z,YeHe_-,account.fef78406c6a54e778e8a17b0cfc55dc8
2026-02-09T12:54:14Z,ke1312,account.8f121cda8bd142e2b604e2f5868a2093
2026-02-09T12:54:14Z,Buchouyang,account.29df5fef776a477d945aa833c065b42f
2026-02-09T12:54:14Z,jssvhj,account.013aae27c1db469fb8d5a0e65b172b4d
2026-02-09T12:54:14Z,Meticul,account.64dd7822fce94ef585eb4a8753dc4ba9
2026-02-09T12:54:14Z,geiwoziyou_,account.b26240a10f5241c39dc30bb23bcda889
2026-02-09T12:54:14Z,BaconMcFly,account.12a22fd998b04482986f8ad824d2023f
2026-02-09T12:54:14Z,DALIMENGNAN,account.35b0aa37628d42849e632904bf069590
2026-02-09T12:54:14Z,9iDuo_-,account.dc3dcdc28cd748b38d6c597e9f5f9c96
2026-02-09T12:54:14Z,X1ner-_,account.6c30e7e4f12347a4bcc30b749e0bc855
2026-02-09T12:54:14Z,Pop-Maoqi,account.4e393b0b41e147cbb70152af1aad91ff
2026-02-09T12:54:14Z,QX_QiangGe,account.b74c2e213ec446a3a68efa7509884fdc
2026-02-09T12:54:14Z,xibeifeng123,account.bdf0383d78ba463d87d603e11c1e5826
2026-02-09T12:54:14Z,The-sungoesdown,account.8d8cbfc11d2a466abdd3c8108a4de091
2026-02-09T12:54:14Z,Meowvw-v-,account.adf4c596a1374b97a468e5d0ed02318e
2026-02-09T12:54:14Z,JCK13191,account.ae294a5afbf6495daf2fe7dfb0f8e9e8
2026-02-09T12:54:14Z,woshilitianze,account.1edfda8c262b457a8611e69d496eba24
2026-02-09T12:54:14Z,Q1ao-,account.e1c52ad452ee443ea56af6d2f44cca29
2026-02-09T12:54:14Z,wowow_man,account.6b508856833d4030abc0a8dac2d3399e
2026-02-09T12:54:14Z,7ois-,account.670527399fbd4b629a91bdbfbe0a4a44
2026-02-09T12:54:14Z,mdg---666,account.60cfaa9cfffe4e9c945aa208c94a63e7
2026-02-09T12:54:14Z,idlF_,account.524847d551df496eb547402b50e384fa
2026-02-09T12:54:14Z,DDuChiXD_X,account.9a0027264a5147af87a6fadd9fa8bf13
2026-02-09T12:54:14Z,kimwehun,account.3563508d0da547a29544ccbc0b374521
2026-02-09T12:54:14Z,ervikmq123,account.0230979c48ce4095817720a16244bc3d
2026-02-09T12:54:14Z,Big_Demon_King,account.ab25e1f9fc47433e8e760b3f0329f06e
2026-02-09T12:54:14Z,2nns,account.c813fc3b51204f48ab493a08ba3adfe7
2026-02-09T12:54:14Z,2xz0,account.f114f7431f7d42cf9111d6d92e2c88d1
2026-02-09T12:49:41Z,WoW_AG,account.872c884506544865853ebb2e45d1b88f
2026-02-09T12:49:41Z,Astrictfather,account.4513d184f55747eb9e69ff11f54251c9
2026-02-09T12:49:41Z,DouYouTV-SuMing,account.aaf12106e9a347519c24c9f854a2e439
2026-02-09T12:49:41Z,Tz-NiuDefa,account.193d30a496214c29a59edbc1e506e282
2026-02-09T12:49:41Z,YuHuizzzzzz,account.ac30ab8b652f44f2aeb495afff70e979
2026-02-09T12:49:41Z,Ta_1103-_,account.ac9537dfc47f43afb4740eb51dee2328
2026-02-09T12:49:41Z,WonYoung3108,account.bdf6c670b1da4e14bcea6e88726f9f5a
2026-02-09T12:49:41Z,maomao_aidaye,account.c4433bcdc2604131a13ea411fec961d9
2026-02-09T12:49:41Z,HoracehTyler,account.b1dd841e199a407cb12a7f414c57346c
2026-02-09T12:49:41Z,Inseong_0King,account.b007bf99ce7843aa8cfd3669316c458d
2026-02-09T12:49:41Z,tiannidlanB,account.6872fbc139d9435b982d3d5f613f3fcf
2026-02-09T12:49:41Z,CHN-Le-Spring,account.5b6fa40bb0104940b14ef69389a93ed7
2026-02-09T12:49:41Z,ACE20031212,account.1898e62a54584564a6afa7e5437e6ffc
2026-02-09T12:49:41Z,Tong_Zihan,account.ca04a6d2f5d64646a84583512f7e3d94
2026-02-09T12:49:41Z,bbazik_,account.bf25d8a7f0664cc0bbd99cf183240dbb
2026-02-09T12:49:41Z,nn37,account.6ad0c15f6dd445f1aee6359e4bd23c66
2026-02-09T12:49:41Z,GouJ1aoDuo_-,account.7bd2f12d3a9842e4ba51cf84dceca4c4
2026-02-09T12:49:41Z,HF-Bennyge,account.c6a296d55e7641ee9aa3f35aeede3383
2026-02-09T12:49:41Z,ATM-1970,account.f20bc1c06e264915b24b95783321d295
2026-02-09T12:49:41Z,Kusan3,account.b8b07e9ba9794f3ab8c62de20694067d
2026-02-09T12:49:41Z,TJwuzhijiao,account.064827b9e47044348ceb940cbfcb95f1
2026-02-09T12:49:41Z,Apso1,account.1e77b900e70d46b083e68edf21cc44ec
2026-02-09T12:49:41Z,JiubanXiaoMi_,account.f9651aa1c80642a78bdd8565bacf71b4
2026-02-09T12:49:41Z,CHN-Jun-Summer,account.2249f80c9af045cc9335f30d964c6d30
2026-02-09T12:49:41Z,Stacey-DX,account.2c5624beb3ae4eeea9060d4372549cd1
2026-02-09T12:49:41Z,BoundlessGain,account.c7738ee30e454f7c82119eaa2aacd062
2026-02-09T12:49:41Z,JWAHAJI,account.d3c07b52cdf945cb8d90bad0228698b4
2026-02-09T12:49:41Z,nangny_07,account.efde32ad8ca041b8bec7338d6eef250b
2026-02-09T12:49:41Z,BailaConmigo,account.5dcb5d6b91244ea1b8f8aa03a131cac1
2026-02-09T12:49:41Z,No-advice_chen,account.5be82c1d8a9b4d05831e59d02db6b261
2026-02-09T12:49:41Z,SN_KG70,account.ce06d98d721e40d0ae4297a80ebf21d5
2026-02-09T12:49:41Z,zzubby,account.3cef489d897341a2b431fdb0292095a1
2026-02-09T12:49:41Z,XuCiNing,account.225312e153474b459d6eb1e2e5525e02
2026-02-09T12:49:41Z,AoF_ii,account.e97be4cd83e042d38c41a8faf895f312
2026-02-09T12:49:41Z,dontDDatzzi,account.790cf72095e84dfd8e6850df727af2f9
2026-02-09T12:49:41Z,al-cc9,account.a969f8a2fc614da29acae0af18177fd3
2026-02-09T12:49:41Z,vaiesis,account.4ed8b105ba604dc2bebdbdd01b78e04f
2026-02-09T12:49:41Z,ZakeNion,account.b42b2438a7ca407abdea712f34b41850
2026-02-09T12:49:41Z,Victory-Ash,account.1b857a6720b94f49a388e7c5d7b14095
2026-02-09T12:49:41Z,SMR_MVP,account.02be0117f2174e4fa6c8e8a8d7cffc99
2026-02-09T12:49:41Z,Tiananmen_Squ4re,account.cd858f21ed7c494b9a05a4f2dece4450
2026-02-09T12:49:41Z,SMR_DMASIMA,account.152a95e5190845bcabcab024ca7abbd4
2026-02-09T12:49:41Z,Verybbongdda2,account.c5b855dae39e499183335315bef22a46
2026-02-09T12:49:41Z,PATIECE,account.85db3b3df6c24b7f9c2350a38108df6b
2026-02-09T12:49:41Z,Gi1k_,account.856849eb40d74aeb951d9570dc550be9
2026-02-09T12:49:41Z,MoM00,account.c13b7813f1af4c96b9ba82b43f1cae4b
2026-02-09T12:49:41Z,ReiNiLeWen4,account.c38baf694fd24b03a8e09f6ad79bdcaa
2026-02-09T12:49:41Z,x1ngHui-,account.1b61d4ceedc74047aa53360a5db1e3e2
2026-02-09T12:49:41Z,zobopsake,account.803b6cf85b604a42b7e761c7b0102164
2026-02-09T12:49:41Z,50518,account.395828a9676b466581d07d79d4d4e450
2026-02-09T12:49:41Z,SaLeve,account.c9ebbca2e68d42eebb58ca72c6df7aff
2026-02-09T12:49:41Z,Ayimmmmmm,account.068c1853c90546919251ccd36dd898e0
2026-02-09T12:49:41Z,GY3OL_-,account.a55ac8b338454f70b0af5e96a1f2faa2
2026-02-09T12:49:41Z,9412x,account.00055925a77b47ad8b57a68931b3a3df
2026-02-09T12:49:41Z,takyla_cz,account.6719d6a74d7348aeb334bc989b5b6997
2026-02-09T12:49:41Z,NAVIENgd,account.aa87462d17564798be6c0e1d65efe675
2026-02-09T12:49:41Z,2zoy,account.d8376b00666d4a498e8f15e7394f0fb0
2026-02-09T12:49:41Z,0723lxx,account.7b4ff99adcd248aab6ceabb98c55136f
2026-02-09T12:49:41Z,Adoncia,account.66e35dd88fe342d790f582538774af47
2026-02-09T12:49:41Z,FengTian_HzQuQ,account.fc0ffc591c3049e181bc127d479dfdc7
2026-02-09T12:49:41Z,SRG_Silent,account.4ce8b2fcfc5247b78604e4cb9a212dc8
2026-02-09T12:49:41Z,zcc-0-,account.f9e6719a80334ffe85df41cf5ea7c9f4
2026-02-09T12:49:41Z,QiMakiller,account.b929f913d56646b38d52862b78d6d80e
2026-02-09T12:49:41Z,SSAGOU,account.11c9a54b547c405086f078757220ec32
2026-02-09T12:49:41Z,NNeemoL,account.c03a869c80134dec8cafa92d5c33f896
2026-02-09T12:49:41Z,FengTian_RzZzz,account.36ff9c6aa7944850b7dcd9f08a4d2990
2026-02-09T12:49:41Z,TBRyw,account.15ad8d6349e243ada0112990ee3613f6
2026-02-09T12:49:41Z,cengjingshiweiyi,account.aae9b9611dc84e248d3969138390a599
2026-02-09T12:49:41Z,SanrenDeRen,account.790a00bb6d0e4d79b245163aca804509
2026-02-09T12:49:41Z,huyachaokeai,account.f6221632bccc4d6e8b43287099a97b4a
2026-02-09T12:49:41Z,bbarak_,account.3edb9da7a6984670af0ce651dd5d29f2
2026-02-09T12:49:41Z,WeavingnDucking,account.d3764392df914c0ab3017881ed79a747
2026-02-09T12:49:41Z,Sakerul,account.a93620fafd1e4ed3ab0ea0b9d0a4de9f
2026-02-09T12:49:41Z,epzh148,account.22664429284149c9af29ac5d949eeb40
2026-02-09T12:49:41Z,QiQi-iio,account.a65d1b4aa03c4627af57102cec821fd3
2026-02-09T12:49:41Z,HZQ4950,account.d2f42d5411de4b43996ea51747227e94
2026-02-09T12:49:41Z,CNAELEC,account.186f6bd16138481b9f53808bc3a5b40e
2026-02-09T12:49:41Z,Bili908313724,account.eadc75666cb248cf853581da24933857
2026-02-09T12:49:41Z,stupefy7777,account.67c6edc58c9448628511f131af66330d
2026-02-09T12:49:41Z,HANUYEOT1,account.0605319b15a1485886b082c89d798ce6
2026-02-09T12:49:41Z,ILOVEGISELLE,account.6615290b8651482db52d5daec5503c3d
2026-02-09T12:49:41Z,Asronished,account.1a777c3d99054877a78b99fc581d179c
2026-02-09T12:49:41Z,Syanj_1,account.99a86f96ff3a445a84a539e388c69f45
2026-02-09T12:49:41Z,9E2i-,account.59bdf3af6652457fa06a7fd2c31141ae
2026-02-09T12:49:41Z,PDG-woshinengdie,account.039aba98c126416a92add030c4dea34b
2026-02-09T12:45:34Z,lovelygirl-j,account.bda38dc12abc45149a2180f04852e422
2026-02-09T12:45:34Z,frizmleech,account.5397e81eaf504010a11472f4c02559a3
2026-02-09T12:45:34Z,WQ020219,account.d5de67ca9a1646578ce7650175250edd
2026-02-09T12:45:34Z,ATL999,account.22492405027a45bb96a7db458d3df701
2026-02-09T12:45:34Z,MXOXOW,account.fe23ff124586433bbf60a1db87a4d2ae
2026-02-09T12:45:34Z,KRGGG-,account.c49ec3319a8745daa53fbcc105851948
2026-02-09T12:45:34Z,Rekindle96_-,account.9eb1ddb296b6401ea2143eee432ff83a
2026-02-09T12:45:34Z,Naju_JP,account.e5c9621f886a45d2962e065bdd36522e
2026-02-09T12:45:34Z,zzzzzchanzzz,account.cc531d21eae74e59861ccba9e9cd0eb5
2026-02-09T12:45:34Z,tuolaG1,account.c85ebadf5c2f48e4b4a23a0e34057b2b
2026-02-09T12:45:34Z,RoseClam,account.1307a393b69b405ba7fd90d328ad0e15
2026-02-09T12:45:34Z,typhoon-_-2,account.a538c2f80b66468b87ea3b4170efb671
2026-02-09T12:45:34Z,Memo-B666,account.69f7aacec1bd485485cfe00ec2e0a2c9
2026-02-09T12:45:34Z,YvY1,account.a9aae5daca37441782d6a51fc130c388
2026-02-09T12:45:34Z,ZxXxXxZ_,account.f5e01c5f804d4877bdafef028544448c
2026-02-09T12:45:34Z,Noca_p,account.d637345af37147589196f391a983cede
2026-02-09T12:45:34Z,shuji765,account.a8b3f2ae65164d63aff030beef931557
2026-02-09T12:45:34Z,Sunflower-o3o,account.b1321842a6e342e6adbf2b1854e5f0e5
2026-02-09T12:45:34Z,JoButter,account.1bfc44ac679940b494fd7f393c25cdc4
2026-02-09T12:45:34Z,SCX7,account.3223b69985e34faf9ef5fd30eb6a7b01
2026-02-09T12:45:34Z,woshuodehuang,account.bdf507740809495186337b1477b44641
2026-02-09T12:45:34Z,1506-_,account.334b4351396c4b16b8b3fa8211c6b970
2026-02-09T12:45:34Z,gx9unfoidv,account.5bd8dd3e8d924cdb8c717c2518d9baba
2026-02-09T12:45:34Z,p_j_y12,account.7ffd9b9d04154e579cdd1f63e501e7fb
2026-02-09T12:45:34Z,Kelpie-_-,account.d2168ad4c1354113ac51ec150dccee66
2026-02-09T12:45:34Z,FUGBOM33,account.6cf02966c1554ed4891cd62cb7347746
2026-02-09T12:45:34Z,Lan-gou--,account.797c95a1f34f4290b61dc48bfa7d9eb8
2026-02-09T12:45:34Z,TzSQv4XOPGBIM,account.7ee8896b91894c50b43739ea2294ba02
2026-02-09T12:45:34Z,haook1,account.25b33ec42044447791969507ccdeb420
2026-02-09T12:45:34Z,CaiGouZuHe-WB,account.1c193199cb234d8c86d8c0bd10b75aa7
2026-02-09T12:45:34Z,ON_THE_BLACK,account.2efff45b49ec420bab229d5d85afbb65
2026-02-09T12:45:34Z,Weixxun,account.3df2a0f026e040b797aaf701326f4654
2026-02-09T12:45:34Z,Hagg-_,account.ca1d00d1460648baac07a0b0463f292c
2026-02-09T12:45:34Z,0827_Z,account.8bc78033e4154a8da8d831aa88b3dc1d
2026-02-09T12:45:34Z,mh47203n6o,account.e75a62a29f90430ca32b9cef3e3b43e8
2026-02-09T12:45:34Z,1gyeol_daddy,account.458e400fa14b4e8eab48395e24a62ada
2026-02-09T12:45:34Z,Lots-of-fun,account.c7b2e708bdc74345bc941b2dfea1c09d
2026-02-09T12:45:34Z,LSK_Min,account.cc0773594f1f4018860a4ae280df2ced
2026-02-09T12:45:34Z,Lobiloga,account.53d28e3cab6240d286aa92170d85f51e
2026-02-09T12:45:34Z,Break_through11,account.3d5a3605df6d4217bb4d560f0791b594
2026-02-09T12:45:34Z,xiaob_250,account.42fd9e2641c74a9b9b85b8831feba58c
2026-02-09T12:45:34Z,Hzzr-_,account.03bf0e25a5c8494a813f7f8b0f6388aa
2026-02-09T12:45:34Z,Kinghuning,account.8c3cc6a0dafa4355b52fe7e3f1b6e997
2026-02-09T12:45:34Z,MoengMan,account.e7dc2bf8b92549d99f50bc2101569f98
2026-02-09T12:45:34Z,zhi-zzzzzzzz,account.1bfc0f02ecc343829fde44fb8cbe96a8
2026-02-09T12:45:34Z,A1Xy-_,account.c1d27796cd6b4c3cb3e60e7191a20a21
2026-02-09T12:45:34Z,MengTaoTaoA_,account.b68ff74a74f8428d9ab9427a56307269
2026-02-09T12:45:34Z,HyeJins-_-,account.8c27f5fedeff4f6db2cce83e7633146b
2026-02-09T12:45:34Z,Fowfjwcq731,account.04425a000ef94f3bb4a9ceea410e4cce
2026-02-09T12:45:34Z,sanox-_,account.74709d802fda494aa3c576ef3ce9666d
2026-02-09T12:45:34Z,1a7ga9ikjv,account.b672a78ceb144f60afc2e7e276668912
2026-02-09T12:45:34Z,AChenRunning,account.6580634353d24bab93a9e89b187b6d2f
2026-02-09T12:45:34Z,RASH_tepaiyuan,account.ddb40bbe765f43cdab6c60b7842603aa
2026-02-09T12:45:34Z,ChicSG,account.d2a943cf60e2497ca2fc493b1788ab73
2026-02-09T12:45:34Z,Yuou-_,account.0d85ae0a72a344c5b3ea5ad2e8ca310c
2026-02-09T12:45:34Z,PaiNan_Chicorita,account.a89ca4343efa4c20998287064d3bf4be
2026-02-09T12:45:34Z,888M24,account.9a45e04c6bf84e71bb405551a75634fd
2026-02-09T12:45:34Z,1zy0v0,account.14368272c3e3443fa54d7cfb63b890d2
2026-02-09T12:45:34Z,TZY_kexi,account.54f1e965cff8470da5d621a6d8d69962
2026-02-09T12:45:34Z,EneNgUa1_-,account.26fef692d03244a48e98f9b5ffdafd95
2026-02-09T12:45:34Z,Lonelytrampiii,account.8c37122cbf1445dba24b26a82dabeb63
2026-02-09T12:45:34Z,SaoJiYeYe,account.3f08f5ce3c014e9ba65d3ac583a41d3d
2026-02-09T12:45:34Z,inqualen,account.53de10a645d0496e86ffb4969229fc58
2026-02-09T12:45:34Z,boxer_007,account.6b6eb832dbbd4158b048676f8013791a
2026-02-09T12:45:34Z,lifeismyung,account.4ebfc4304969413b98ccf71889467eb0
2026-02-09T12:45:34Z,uuu9363,account.cde20e2271ff445b9c6d6012ebef745f
2026-02-09T12:45:34Z,NooB_CUTez,account.0a5f1c660c394c71b8336edfcceef061
2026-02-09T12:45:34Z,Mangk_-,account.a141792f690f42e89758ff1982c1ffbe
2026-02-09T12:45:34Z,MaxFight,account.6ef23aa266744117b422b8de5cbfea28
2026-02-09T12:45:34Z,SsssMeng1,account.126199bfae584992829befb47bd5945d
2026-02-09T12:45:34Z,SMZX_D1ngzhenDD,account.5dbe8de2c5ff4913b5d965c41dc84a98
2026-02-09T12:45:34Z,1Morlli_-,account.77bada2eb0e74af68b50de8fbc228947
2026-02-09T12:37:27Z,1uln,account.f85094f9bb794a8cb82605bd8044b2ad
2026-02-09T12:37:27Z,vven9958,account.2c98e65309ae457e9a7f861003f0f19d
2026-02-09T12:37:27Z,A-bad-1emon,account.aa4d22f5891b4139a0beadd65f32465f
2026-02-09T12:37:27Z,Aiya_--,account.959b26e0e5094f158d214bc349a3cf53
2026-02-09T12:37:27Z,Bubble_Homing,account.61dbf8202a7b442c87b9d70b2d979f89
2026-02-09T12:37:27Z,Stark77,account.f1549c00aace4402ac05d08225bfdca2
2026-02-09T12:37:27Z,A_OhBa,account.b351d3663c874798847468a2b5ac43e1
2026-02-09T12:37:27Z,FFH334SUN,account.952bf7704d42433d9d2a79cd593413e9
2026-02-09T12:37:27Z,e2e01,account.52da871aea4b4caaba5562e7b6c0c745
2026-02-09T12:37:27Z,iiuuuuovo,account.8b9ad80c676a4093b28a6cc70135c473
2026-02-09T12:37:27Z,xionganyjc,account.fe736a5d5c1545c0a18678e483a7bfe8
2026-02-09T12:37:27Z,Tnpy666,account.c034733dfa3e4eff901ec4a6efb53288
2026-02-09T12:37:27Z,biubiubiuAced,account.3b05ca7abb7d486e9466ee58c94882b2
2026-02-09T12:37:27Z,HY-nei3219hm4,account.0e765968c07e4642b4434aa002acd290
2026-02-09T12:37:27Z,Jarv1sw,account.4f46298a1e464bf58fc01b2c0c0e0d19
2026-02-09T12:37:27Z,wangnengwei520,account.08ef65b91d824a0fb946c025819dff3a
2026-02-09T12:37:27Z,NiUbiada666,account.c2320b7120b848389b32f2ba315114d4
2026-02-09T12:37:27Z,PARKHAEWON-_-,account.a5ec569186e840869472eef3ab6c3128
2026-02-09T12:37:27Z,krystal-0926,account.3ebebbab8745448b8ab3b09edee55b4e
2026-02-09T12:37:27Z,824h_,account.76c3138c1a5a4395a53e164e3b6e8c90
2026-02-09T12:37:27Z,I0320_-,account.945f630700f24943af9469603dbed324
2026-02-09T12:37:27Z,Deep-alley-cat,account.1f87bea125a642e7bcae11dd484e4603
2026-02-09T12:37:27Z,Gorillajuho,account.6c3702abbce14037a62da1a3b57b567d
2026-02-09T12:37:27Z,skskskskUP,account.e694e6c86a5b4479aa17ed845e50f6e0
2026-02-09T12:37:27Z,18Ocm18cm,account.45129353f12647588b80306c061162a3
2026-02-09T12:37:27Z,Bug_NP,account.86ecc72c860c43218e56ea73f764bcd7
2026-02-09T12:37:27Z,gouwangbenwang,account.048eb3e7a0304d62a3d7d2bb03055503
2026-02-09T12:37:27Z,Ta1z1_-,account.fad50f0585c94803b28325487a8eaadb
2026-02-09T12:37:27Z,Giao00oo00o,account.430eae5e8ac843838bdd8741e9cf1267
2026-02-09T12:37:27Z,Dggon,account.31adabef635740d6900c1f68a0adc34c
2026-02-09T12:37:27Z,A-bad-Dagui,account.1a58476972fc45ffbc250f17ceeb69cf
2026-02-09T12:37:27Z,Dslvo8y91,account.32afdc56201345d69de419a124c8530e
2026-02-09T12:37:27Z,r061007,account.761c6c087d7f4353bd3d8c94dac8dad7
2026-02-09T12:37:27Z,72X109_-,account.6669f2e23dad4392ae7c7b923ce10197
2026-02-09T12:37:27Z,wunop93328,account.cc421bbae4464193843e500d9fd9b901
2026-02-09T12:37:27Z,yolo--cy,account.7d02f63e914d47c690f3e40baa4a74b1
2026-02-09T12:37:27Z,SuperBadMan666,account.352d57198e4244f288ac0a31e8efce51
2026-02-09T12:37:27Z,Titanic_Niao,account.917782e4653548219ba6a32b8250687d
2026-02-09T12:37:27Z,Wzwaveman,account.c8a8588e2f8f460dabe2af7f45169574
2026-02-09T12:37:27Z,haohuai5252,account.a53c0c23cd2c45d49bfb26062e2c7e62
2026-02-09T12:37:27Z,didididi1didi,account.f4ee4377279a4354b1db78dac8c9e17f
2026-02-09T12:37:27Z,666-xiag,account.cfee441031b74781819f36e003e31949
2026-02-09T12:37:27Z,Gozbpes565,account.1bb796a89b00476294e0c4ba0b73cbcb
2026-02-09T12:37:27Z,Small_fat--,account.e76e4da649364fcea1181751f635b402
2026-02-09T12:37:27Z,AI-SF90,account.bb0071c9e5064362a329f09438f29c22
2026-02-09T12:37:27Z,13M_K,account.be4da6f812af458fa96ad7f87d5a4da0
2026-02-09T12:37:27Z,HiBillBoss,account.e56570bc32874b1081d12277de28bfd2
2026-02-09T12:37:27Z,Haggies-,account.d4b1ecbb70b54b22a655cf9a5992469c
2026-02-09T12:37:27Z,lllmmmlllmmmlll,account.fb3df304cfae4e5fa96d788fbde2773b
2026-02-09T12:37:27Z,BBQ_strawberry,account.1ecc475d85dc43d890d4bc9e5c1adb07
2026-02-09T12:37:27Z,Deep--alley-dog,account.bfb89a19b7254b6fba78e0cdc86e7732
2026-02-09T12:37:27Z,pass3955,account.3af44e918a564a8993976e8afc0c84e8
2026-02-09T12:37:27Z,BINBIN927,account.060ac88caf684d7f8289d6382c16a2dc
2026-02-09T12:37:27Z,t1de8eely3,account.5fe372a14c7846389959cc393773f0f5
2026-02-09T12:37:27Z,RoK-_-7,account.1691c105e4fc42c4908c25aa98c7813b
2026-02-09T12:37:27Z,Bubble_Ribbit,account.2cca5679039444b793e4294b96cfdd72
2026-02-09T12:37:27Z,Aaz-Xianyu,account.2cd59733a5894d59b768bf5047062a4b
2026-02-09T12:37:27Z,Ktsss_-,account.36db398fd16342e3833557a6a542afe2
2026-02-09T12:37:27Z,Dongfangzhichu,account.0bac036d9e3244b2afc18e0a84264c61
2026-02-09T12:37:27Z,JongHakzz,account.7135722dac9749b38d2ac0a9461eac15
2026-02-09T12:37:27Z,xiaoshou1992,account.f2fcfc95e83043bb8577386630451022
2026-02-09T12:37:27Z,L1iowoi,account.35257b393ed4425c8fc08ae1c5f3f6ec
2026-02-09T12:37:27Z,XiaoHangHonesty,account.7e0210aaaae446ca9d5c4eac94670dcd
2026-02-09T12:37:27Z,vic_zz_a,account.618a43a0bb534baabc2f152a07635526
2026-02-09T12:37:27Z,TLG_1986,account.3926fef0c534497ba176b731cf447bc6
2026-02-09T12:37:27Z,TAEK5938,account.a2ed3d37894443e087dfad68e4af7edf
2026-02-09T12:37:27Z,z1w4miifrv,account.51bc7e2a376f42d4b5d60a92ad8c9410
2026-02-09T12:37:27Z,T1_CHEOLXEC,account.07339249a1bd46c486d9f3259439dc9f
2026-02-09T12:37:27Z,TOTOTH,account.3ca3296d171e418a98291404eaefe2de
2026-02-09T12:37:27Z,9408c,account.a965789d64d44be2a781e324d90dea08
2026-02-09T12:37:27Z,0214hyeon,account.9697dadf2d734afdbc14d6f365d275d5
2026-02-09T12:37:27Z,QingXin_Xm,account.d7765415be804d9ba28c5c47de8996fd
2026-02-09T12:37:27Z,98yx_,account.09f11fca890246318fb2f8a81becf6f0
2026-02-09T12:37:27Z,tWoram_-,account.6d24c9879b9844c887b7d032882e819e
2026-02-09T12:37:27Z,ASH_HSS,account.32dcac10925f4065a58733a5bbce0a0a
2026-02-09T12:37:27Z,uui7_-,account.1d66255f83574f0ebf798ded82d0ab87
2026-02-09T12:37:27Z,TLG-AningTop,account.3211a8742927471483b9956671fd59d8
2026-02-09T12:31:40Z,SuoopDogg,account.27493618b1ac41ad99dfd7facdd9005e
2026-02-09T12:31:40Z,sexy_pig0726,account.901132804cc14dddbf357ec903a7e958
2026-02-09T12:31:40Z,A1xiaofeng,account.f45813918a2944868e8e77f49c5f9756
2026-02-09T12:31:40Z,Glory_qiange,account.6f90b94eac254722927120e35f87c1b0
2026-02-09T12:31:40Z,Yeonbora-_-,account.0d08ee6667c44f7cb7cc84e31e369ba8
2026-02-09T12:31:40Z,SaoGuaDaDui,account.0e4bd737bd6c4646814263b0f703739e
2026-02-09T12:31:40Z,xiang1_de-chou1,account.51bcaddc57ae4551992b50cce7fe8457
2026-02-09T12:31:40Z,CG-veryniubi,account.c5c8f69a8c16426e8f217d8722a406f7
2026-02-09T12:31:40Z,Yige_dajiji,account.063d412345f5428e88ac726e77dc8538
2026-02-09T12:31:40Z,yamadone6969,account.a80a6c0c003a4e9094dda948a1a16b21
2026-02-09T12:31:40Z,BuBa--,account.51eef27030224ed0ae61c03d9b56f293
2026-02-09T12:31:40Z,CherieZizi,account.ba2ff1d63cbd4d09973621585f29af8b
2026-02-09T12:31:40Z,z0510,account.96485c502c1d409c841d1f86059d5af2
2026-02-09T12:31:40Z,SaKuar-7,account.aa09b5a51600429cb2286672c38dc8e2
2026-02-09T12:31:40Z,H7cMrnWG9aQWQ,account.e2c9833bff7f4155a57e4612621157ec
2026-02-09T12:31:40Z,lamfmd,account.6c04c6990d7c46feb0efe181957bccf6
2026-02-09T12:31:40Z,SakuraBlossom,account.c20171f6fd9e413f85356e4030c7f54b
2026-02-09T12:31:40Z,Miu-Wendy,account.8dd932fd7dae4340bad52b673b2a45e4
2026-02-09T12:31:40Z,1uwc_-,account.cf393346006a42f1a6decc5e02cdd9e5
2026-02-09T12:31:40Z,Broforever,account.0f0939476fa74a7d9e46ce95cec79cc2
2026-02-09T12:31:40Z,PLINSE,account.eec3e949537e4c3295a7ec94395cd9b3
2026-02-09T12:31:40Z,Devil-_o,account.cd0ca1cbef9c496ab6484cf7d3a44fb7
2026-02-09T12:31:40Z,davie_love,account.602d83f7fd85422f836a6ff716b8e095
2026-02-09T12:31:40Z,PuKuKaKu,account.0db215277f594e3586756c719feb9f88
2026-02-09T12:31:40Z,DOUYU_handezhu,account.3901effb040546a9b900c049ecf3ce0b
2026-02-09T12:31:40Z,BrogYi-,account.3270fe53d8d148bb81c67d10ded4898b
2026-02-09T12:31:40Z,88888zy,account.1488343c916745ab8b5aebade95bb52b
2026-02-09T12:31:40Z,susujianjian,account.7f1ff499df484e018cbcd09f9ab2b4be
2026-02-09T12:31:40Z,Longxiahaochiiii,account.3e5ef3a8ab0e4829850a4d7ef0f9bec3
2026-02-09T12:31:40Z,4T_zhazha,account.d6169c3b403a431398d30ca98ea46957
2026-02-09T12:31:40Z,4T_mickeymouse,account.3bebf5a5858647c3aefd4109fb52ce81
2026-02-09T12:31:40Z,SNL_dvd,account.1f6b0531b5d54d1ca63d7541be6d98a2
2026-02-09T12:31:40Z,1a1a_-,account.b6d0ee17635844b092df1839fe9eb31e
2026-02-09T12:31:40Z,PUBG-feiyangyang,account.d111649b4f1f4409b65c81d8cbc9231c
2026-02-09T12:31:40Z,amesind,account.ecb0d1e8c2f24abf908d63ee1ea2812a
2026-02-09T12:31:40Z,shiyue_16,account.bc460033135940df92fe7eaca690798d
2026-02-09T12:31:40Z,weidadexungege,account.e9bb7df90518446dae27fc16af0f8ba8
2026-02-09T12:31:40Z,Hunk-z,account.721a1baa1d46487d8e35a34c5be49c1c
2026-02-09T12:31:40Z,A-A-SC,account.823ff9564d1c44c8ad624006fa56bed7
2026-02-09T12:31:40Z,Fkd_ZD,account.ae3d45bcbb984dd7aa881be916592599
2026-02-09T12:31:40Z,kk7u,account.2c178b8f29504e6ea94e3048995c283d
2026-02-09T12:31:40Z,I_L0V2_You,account.b4fde926a23d4745a6a07cee0abc13f2
2026-02-09T12:31:40Z,030618zfy,account.f9a4b7c35e974a10813b974d0b792bfd
2026-02-09T12:31:40Z,LoveXuanxuan-0,account.80f5cef61f0d4817ad40bc07e787a184
2026-02-09T12:31:40Z,Gimozzi_kr,account.89cc62b7af1147bcb02a252a8da83b5f
2026-02-09T12:31:40Z,17_Liangz,account.b903c74f21514a1d8486fd66303799a1
2026-02-09T12:31:40Z,Tooou_u,account.2e109fde1d9a418d9c73084558afbf7a
2026-02-09T12:31:40Z,H-y1N,account.f3ad936343a24561ba5662e4a1065f4b
2026-02-09T12:31:40Z,ifyosgd6cx,account.371b6be16d604e4c814880e287af553d
2026-02-09T12:31:40Z,OMG_Wolfs,account.9308f60724ba41b3b8e9bb179f67f7e6
2026-02-09T12:31:40Z,Kim1jih,account.dabbd4da91ba4f57a597b85c73dafe81
2026-02-09T12:31:40Z,PangHu-StarStar,account.81c7c9676b524277b2dac3a59f766d39
2026-02-09T12:31:40Z,Tc_Brrr,account.e0de8e7b114745a4b0b57cceae5f1e2d
2026-02-09T12:31:40Z,Thames_-,account.cc3d123bc79f457f95adaca97ef948ce
2026-02-09T12:31:40Z,i7Xun_,account.4a52eaf2703d4626ab91ee7a90588117
2026-02-09T12:31:40Z,91TV-18cm-Mpower,account.38cd65651b374499a2ff8317b64ca6f8
2026-02-09T12:31:40Z,Dimples_xia,account.3b52358823f5408db48109aa9a42ae1d
2026-02-09T12:31:40Z,Nine-seas,account.b4d4ac6543dd4ea28a310a597ac02c30
2026-02-09T12:31:40Z,Fxxfather,account.44e2f664eb754f9e8fb2199be2307f89
2026-02-09T12:31:40Z,HWIHWI96,account.55d460065e264adbbcfddfacc88b9fc1
2026-02-09T12:31:40Z,Hero-999-,account.99a16394671c4bf6989a01bcff772067
2026-02-09T12:31:40Z,bigsosage7474,account.0693c36395b04e4aa91e86dfc8c04a81
2026-02-09T12:31:40Z,MaRin_bill,account.0204c1ab27214071826bc411943568dc
2026-02-09T12:31:40Z,Aicci-_,account.99d6b45825ab48bfacbf69194a381f21
2026-02-09T12:31:40Z,1Rtz,account.d94d65765f154e2f8adaf090c79af37b
2026-02-09T12:31:40Z,gingzeze,account.37d10b253cfa48b39f3c42dcd7353acb
2026-02-09T12:31:40Z,HWL49521,account.5f4799da15334c84be5d2974f18f130e
2026-02-09T12:31:40Z,Glory_DongYu,account.34906756487640ff85653b9b54b6262b
2026-02-09T12:31:40Z,SEGURI_AY0,account.60e6d7f1ad384d6ab9341c364a528d9c
2026-02-09T12:31:40Z,ShanLiang-Tian,account.6cf88e92127b4016b9daf570677178a0
2026-02-09T12:31:40Z,188cm-78kg-19cm,account.764fabb8e83a4e0d86d796fffebc5fd5
2026-02-09T12:31:40Z,wolf_2016,account.6d42a9c99c944ec6a85dd92d7ddb7e4a
2026-02-09T12:31:40Z,4AM--ATENTA,account.451d081fcaf7463aba294ac860164fd2
2026-02-09T12:31:40Z,ADP-PengShao,account.ee376c3faf0e4dd7a17eaea802dcca7e
2026-02-09T12:31:40Z,K1ngG_-,account.6501fcca424c41b6a2e4b5f53a0a6a8d
2026-02-09T12:31:40Z,Fashion_across,account.54ae54c5245f40df9cdfc8ae93bc071f
2026-02-09T12:31:40Z,qkrrjscjswo123,account.98de4794be424a3aaff47f0f52f79f01
2026-02-09T12:31:40Z,jijji9ij,account.b5fcb041596b42279967921d50f4ede8
2026-02-09T12:31:40Z,Allendaa,account.cfc56f43bdff40ecb9a48bbae584327e
2026-02-09T12:31:40Z,Camellics_,account.bdb17faaacf34ab18098757be8558ad1
2026-02-09T12:31:40Z,AGealShanks,account.e25985ec68774ceab0a04838b5968fee
2026-02-09T12:31:40Z,Celibacy_Y,account.79dded13915b4dff82decb133a0d98da
2026-02-09T12:31:40Z,4T_2401,account.b84e0f8bf64348818c4cab834a39ecba
2026-02-09T12:31:40Z,qingcaihelongxia,account.9206cd6566b846ee8c6c4c81fa58a2eb
2026-02-09T12:31:40Z,DZ-rks-wxp,account.ea09d321779449418931641b6b0c3507
2026-02-09T12:31:40Z,LaoYang-X,account.8f5aa2321304461b9667c08ec51751aa
2026-02-09T12:31:40Z,V50geinikan_J8,account.14cebee85cb44c29adf165fc5f624f5c
2026-02-09T12:31:40Z,2dyu,account.96d34ac9456f4acd824d827cfb5cf9de
2026-02-09T12:31:40Z,CatMint4u,account.be72f0eabce74369a6627c6ecb9b9758
2026-02-09T12:31:40Z,Gomitti,account.8752c189cfbb479b855bee8ab35f9566
2026-02-09T12:31:40Z,Invasion_ACE,account.71e1a8325193416a82d41158dea12bc0
2026-02-09T12:31:40Z,CA9C59E,account.e3fdfb07b8a04cc5820fe271a4c04b87
2026-02-09T12:31:40Z,Ilch2,account.04167932268b420ca4bd0d58437c2738
2026-02-09T12:18:00Z,Joker-Y-1,account.45d9effad22042319b3e1f61b8d229ee
2026-02-09T12:18:00Z,dhl1191559013,account.d4d5001e70cf45ae852701adcf254638
2026-02-09T12:18:00Z,BuleDongFuck,account.f6a62e0c26914603b5c34b728fd95ffc
2026-02-09T12:18:00Z,DakaZzz-,account.506d600d3b4f42a7ade298950ff31962
2026-02-09T12:18:00Z,fucking1strong,account.d034843274b94b0fb75d12c4830331af
2026-02-09T12:18:00Z,forsak3n799,account.67c250f86ac9470bb066d4da24c1a7c5
2026-02-09T12:18:00Z,TAKA_TKKI,account.331c17ea223647af9f412fb677d8a6e5
2026-02-09T12:18:00Z,qo_op__QBY,account.0723370ad9704969b84cf46f7fc33aca
2026-02-09T12:18:00Z,sedness4,account.2a76ac8859a543f9916d12d633dbb5c8
2026-02-09T12:18:00Z,Ghost_Boboo,account.01210119f77f42ccb302c21af42def5f
2026-02-09T12:18:00Z,menzigou,account.15cfd869a3864dbeb668e6f739b2d656
2026-02-09T12:18:00Z,JINXIANG_,account.942956d1bbf2460490790988fb833646
2026-02-09T12:18:00Z,Re__shuai,account.9db157ffb57148dc8dc2e7aae2a422be
2026-02-09T12:18:00Z,Licy89,account.2c60f303f5194aefbb8cab0cc65faff1
2026-02-09T12:18:00Z,NiMaMa7867,account.e8ed7d5dddc7449d90bac16cfc5aeced
2026-02-09T12:18:00Z,Ruey_Yu_baby,account.d71dc32004fe451ea4061eb61f0e810d
2026-02-09T12:18:00Z,Soulmate_LHSM,account.470a244860c94a75aee6349292d60bd3
2026-02-09T12:18:00Z,NAMOAMITUOFO1919,account.3dba13ca81b24c0f9f5d2f452c785947
2026-02-09T12:18:00Z,Loexian-0926,account.22417d8ac3124d0ab6932e7114b90bc8
2026-02-09T12:18:00Z,lzxSB66,account.566e90f3ea154472a9f8d0e61f5f8c89
2026-02-09T12:18:00Z,haoj1ume1da1e,account.da7a47a390204b1a8ee0c664395b871a
2026-02-09T12:18:00Z,Aholic9712,account.615c519d3cb54b49b8cda8a3d10273e3
2026-02-09T12:18:00Z,aozhiligei,account.ebb71fee9e21461ab610586b286e5a65
2026-02-09T12:18:00Z,Panzer-Faust-_-,account.f1bdffba94cb420f8d72dbe3575fc37b
2026-02-09T12:18:00Z,AxliET_,account.506a69c6fa264c388342616a77038e35
2026-02-09T12:18:00Z,jksdfbniys,account.ac5b9d84a20d4aa1bb563d6a22498775
2026-02-09T12:18:00Z,Arturiapdlg,account.d1dbfb5322d64d56899403512f1b6206
2026-02-09T12:18:00Z,n1gecb,account.d6014c32c58a464a94827449fb0df275
2026-02-09T12:18:00Z,gon1227,account.b33e998f45b546fc9ef6d28ef09c7bf7
2026-02-09T12:18:00Z,BulBangMang_E,account.75574990366a4b82b6e2d3db7681aba6
2026-02-09T12:18:00Z,parkjimin0709,account.2dd51557bdc64478a3dff53a328c37d5
2026-02-09T12:18:00Z,fdjiens,account.91af52c19b2f4570af4a3d321c11af3f
2026-02-09T12:18:00Z,hwanbari_,account.d4aafb56564149029e2533be7f2d90d8
2026-02-09T12:18:00Z,Ra-mae,account.e47e0b870238420a8e8efbcdb7ec69a0
2026-02-09T12:18:00Z,luoye_suixin,account.3a37f8631204458183e80503e0a305d8
2026-02-09T12:18:00Z,2006_KAI,account.c066c6a14932425d81f2652b80d1f9f6
2026-02-09T12:18:00Z,GenTamenBaoLeAAA,account.d122b594b88448ceb7de2f3636b2e2f2
2026-02-09T12:18:00Z,X-88888-,account.bc0250be618d431ca4e262c1c1e20618
2026-02-09T12:18:00Z,MuZiLiiiiii,account.f5357cbebfe349c5b8280868dd74048d
2026-02-09T12:18:00Z,DDoock100e,account.faedaf15b987440d847bd894d574c898
2026-02-09T12:18:00Z,X-ray-jh,account.81b29e6f08164c54af4071e3c225ce2d
2026-02-09T12:18:00Z,Fearo_o,account.170d244811d945ff83d97c716d0f5fc0
2026-02-09T12:18:00Z,017ONS,account.1ba3e129dce449a6a91eca2dc055f645
2026-02-09T12:18:00Z,Hunter-XiaoMu,account.3dc6e810622c417b9906765cf00bf0e8
2026-02-09T12:18:00Z,KAKAONI,account.2f12c01dd68a483da0af097ab98d5b5d
2026-02-09T12:18:00Z,Ghost_Baoshen,account.c7d7b0b89d894fcf9c39eafb09cca8bb
2026-02-09T12:18:00Z,DDORAI-__-,account.d8848662fa724946bbafb24c5daf0135
2026-02-09T12:18:00Z,Nywo_,account.2d9be2bd9e5b4d1781642f5a2da67a06
2026-02-09T12:18:00Z,TT_TTKinG,account.dd79e2e0adc649c79c3c5152d1126c53
2026-02-09T12:18:00Z,nvwry35305,account.5ae1a7cafd9d4268a17da163397c1dc4
2026-02-09T12:18:00Z,7s_hole,account.3288702f6381496c9af850f622275be2
2026-02-09T12:18:00Z,MADOORYUN,account.96eaf442f6374488973e6a26e7f5b033
2026-02-09T12:18:00Z,My_Happoness,account.897987395caa44369bb9940fc6e1e140
2026-02-09T12:18:00Z,ounb_,account.ea4a13ec21884c0bb70657583e3c7495
2026-02-09T12:18:00Z,PUBG_YWL,account.77874adce8b147f1925757078877539f
2026-02-09T12:18:00Z,Gi-LyonG,account.9b620b26257445c3a1d103819c3192b2
2026-02-09T12:18:00Z,BAEKZ-,account.1b436491b4554217a885de6ce008fc08
2026-02-09T12:18:00Z,advsary,account.071ab6b4023a48398f118ea2869a1f64
2026-02-09T12:18:00Z,JIEZEN899,account.8cd0fc5c2a9a4bbcbaeb0f8320aff32a
2026-02-09T12:18:00Z,PENPLE-___-,account.9c94d82bb6f34ed38a015feb57e61938
2026-02-09T12:12:19Z,que798,account.20c9f8aef13a4a6cbdfa5accee6e6d0f
2026-02-09T12:12:19Z,TORNADO-_-JYO,account.c798da4c048f4537a30c448eea61c1a8
2026-02-09T12:12:19Z,Xxx_Seol,account.49505ba73e7343bcb5d07c94bee039a7
2026-02-09T12:12:19Z,always-0_0-,account.9c4c66adfc2c4adeb20c02a5b08235a5
2026-02-09T12:12:19Z,NTX_AP3X-_-,account.c6b9c06b59734f1c9a55d4577d56fc62
2026-02-09T12:12:19Z,BN_arena-_-,account.0c3e2b2312c74788828107c163f2675d
2026-02-09T12:12:19Z,POL__HS,account.3dfc20be1fb5488296b0ff408744a31f
2026-02-09T12:12:19Z,TZY_LL,account.228d672fbff34a3d8da1e66b3da29746
2026-02-09T12:12:19Z,CHH9370,account.8770e4b325b04f50819a2254abcf6a89
2026-02-09T12:12:19Z,SAKURA-0907,account.326427eb703948128d5d65453ec920a9
2026-02-09T12:12:19Z,Weeeeeeat,account.be4f4dd96ea94780ba3860953b56c983
2026-02-09T12:12:19Z,nuomi_ozz,account.884651bb155641f5ad95cb7df93459f8
2026-02-09T12:12:19Z,whmdebb,account.aea8db23d9a94b579654854f1bdc1131
2026-02-09T12:12:19Z,lwy778899,account.609e9ca2587e4d8991729768cb1e50bd
2026-02-09T12:12:19Z,AA_Kkangmini,account.869a11714dd1477b9e02f1667ddd6e62
2026-02-09T12:12:19Z,de__wb,account.74485561a1ca472aa5212814c4cd7688
2026-02-09T12:12:19Z,Saju0001,account.8cd825842cb34108b88640ee8a1a7081
2026-02-09T12:12:19Z,vitalzy,account.ea6ee8864fcd46d888ec92c01e179c36
2026-02-09T12:12:19Z,zuochen778,account.e29148c4de2a4ff1a1b522ea30066c27
2026-02-09T12:12:19Z,Deeplove_Moment,account.f60c0fc9cea64972af05999aa99710b6
2026-02-09T12:12:19Z,iamm1d,account.46d0f2e91dc24f0b83058f7adf3b76f7
2026-02-09T12:12:19Z,I_shot_it,account.360d411134264037be8458157cf2b0b7
2026-02-09T12:12:19Z,kjy6650,account.cc66399db6dd4854ad05fa621003e54e
2026-02-09T12:12:19Z,Xxx_Neul,account.e6154a0d1f3b47ddb7054b64b341ccf2
2026-02-09T12:12:19Z,Ezeirdcw,account.4aae1712f6514958a873d4311244ee65
2026-02-09T12:12:19Z,TUNA0201,account.736784d5001348f0a873585cd8252ea6
2026-02-09T12:12:19Z,GOTOHEL_,account.afce0c50984748f0b70018e14e6171d7
2026-02-09T12:12:19Z,taegwang-9159,account.4b117934ffd944ecb96ac0fbaf1cf22b
2026-02-09T12:12:19Z,modapi836,account.7c0fe4a7cb514b41916c2ea37d722132
2026-02-09T12:12:19Z,O4O1O6,account.c156f17f5ec6438e935443303aeba8a9
2026-02-09T12:12:19Z,free_sinmyeongho,account.a1d3514c32274ee99beedd61a49a5f59
2026-02-09T12:12:19Z,2030828,account.999b4667d99e4432ac8e76faf3480678
2026-02-09T12:12:19Z,lamSorry,account.e70c8f1fdbc5415f9eeba9a5771e9909
2026-02-09T12:12:19Z,WAKAJAKA,account.a455fe9169ad42ca8f11c754f2835fb7
2026-02-09T12:12:19Z,LYB-zizai,account.47835a0dde3d403a9034edcfebc540af
2026-02-09T12:12:19Z,PhantomSik,account.c2925217c83845b4a9f17e0da9423489
2026-02-09T12:12:19Z,UwUHeadshot,account.5fc55db566bc46a2820aa2d912d10810
2026-02-09T12:12:19Z,aakiyou,account.bb73f6f4510345ccb12a26a7ac9cc186
2026-02-09T12:12:19Z,baerin0718,account.060e0f7316784860b139ce60be9afccb
2026-02-09T12:12:19Z,kungege2,account.e7f5403f450a47399b72dca5fa380ada
2026-02-09T12:12:19Z,A1-Nuo,account.411ace97fa3841959b1174b05c9862e0
2026-02-09T12:12:19Z,1st_Lunker,account.bda23d9be8bb48948d79b9ea60c74776
2026-02-09T12:12:19Z,BN_hwanzzang-_-,account.aba5863ec077411ea700adb1ab99f5da
2026-02-09T12:12:19Z,Yaco_o,account.0edc07abb31140b9a7c05c5b82f02130
2026-02-09T12:12:19Z,ousomeone,account.bfc599235f374fa2a73120b3c7e8ab16
2026-02-09T12:12:19Z,Ga_Ryeong2,account.c28bc9f7552244cb803feea97c2c6b4d
2026-02-09T12:12:19Z,BN_honeyrain-_-,account.346e881d62004eabaf4850e2770df1dd
2026-02-09T12:12:19Z,KARINNA_6,account.2996113e61954317a38b9709b76cace7
2026-02-09T12:12:19Z,jodinng,account.549526ccab8b44a8b81a444fce8c0b6d
2026-02-09T12:12:19Z,GLD-Caiwei,account.b4a288601fdf4fbf841b842ae2b2146b
2026-02-09T12:12:19Z,x_-xeno,account.f99d1afd421d444481a9688355dfbeb0
2026-02-09T12:12:19Z,Mikasa__33,account.55e6501e97d645b896c3aa1f622cb628
2026-02-09T12:12:19Z,beach1215,account.df34d699d2644460bf1c0b414e057c87
2026-02-09T12:12:19Z,AA_bombee,account.772ac109c4114076a3fdf5a13bb211c1
2026-02-09T12:12:19Z,miuuu-----------,account.defe7aca25a243d5aabc72c36729f1a4
2026-02-09T12:12:19Z,freezermaker,account.86cef9c456cb4ab686e0487482d892ee
2026-02-09T12:12:19Z,leegh1597,account.f4449f9087ac4167bf82905839682d3e
2026-02-09T12:12:19Z,Xrbit,account.321708bb22f04514940c35b4557817f2
2026-02-09T12:12:19Z,Doo_ManChoon,account.5c8ebe24c68c495d8896c3518edb4684
2026-02-09T12:12:19Z,KR_27inch,account.e19afebacdaa4b0dae3da50350a596c5
2026-02-09T12:12:19Z,Bongsan__0,account.644ae21f9e154894bc93cce441f07d77
2026-02-09T12:12:19Z,BUFF---,account.2fa4f016d0014b2bb1ba418ad316d236
2026-02-09T12:12:19Z,SikhyeCost,account.d36e77df81a94dddbd4101a7cfd668be
2026-02-09T12:12:19Z,HerasEdge,account.5b6fc5e5e23c47049c58648f740edbaa
2026-02-09T12:12:19Z,W_W_SI_MA-E,account.0bc605efb82e4947af7af83bf4345eb2
2026-02-09T12:12:19Z,Coldandscary,account.d46fba544a844646bc8cbc1013aca693
2026-02-09T12:12:19Z,WWboubou,account.987453fa5169487cb4638db3c15212ca
2026-02-09T12:12:19Z,SOOP_JaeDoRi,account.0d474ace68f54866871390b37a57bf4e
2026-02-09T12:07:10Z,KR_2007,account.d248362d6a8f4908ad498424c7c8c82b
2026-02-09T12:07:10Z,zry3154,account.583581bc498448a7b9966f897734954b
2026-02-09T12:07:10Z,Pray4Un_,account.8f8ceba62b6d4d5892c5323ed74353b7
2026-02-09T12:07:10Z,nssnsnns,account.e4a6487db8cc477390ed7d8233c42c83
2026-02-09T12:07:10Z,YQanQi,account.b3ce7d10189f4b05ad1336264605f680
2026-02-09T12:07:10Z,YOUNGBaBaxxX,account.5601744bbdfa407eac23631536b0019a
2026-02-09T12:07:10Z,LokiZZzzrou,account.a705448a14584ba9a52aa5a2c90d800d
2026-02-09T12:07:10Z,ssowanna,account.787e339e586d40758d50564bcbed37e2
2026-02-09T12:07:10Z,Gu_-Zziii,account.d9de759d463c46cdbe1305b2c76c0791
2026-02-09T12:07:10Z,WILSON009-,account.e07a8d7109f14f9e8de66c4205408cfb
2026-02-09T12:07:10Z,SAD_BUG,account.24b8dda4d2be47809ed7d9e87bb9e222
2026-02-09T12:07:10Z,Q91GK162Mz,account.2bddf243da364584948c491412b2a312
2026-02-09T12:07:10Z,22nb-_-,account.aaee317215b44b17967322928f391146
2026-02-09T12:07:10Z,rehiring-_-,account.12cee566a2b64180951389e007789971
2026-02-09T12:07:10Z,dll1133,account.7cc4003e73c34e37b23e535dacd921a1
2026-02-09T12:07:10Z,ZZzzrou,account.637e23682f0f46db93b239756b34a291
2026-02-09T12:07:10Z,4AM_Simon0v0,account.90dccbd2e6d748f994428aacd1005734
2026-02-09T12:07:10Z,lzq-0530,account.609f0329ec7b411b8b14ad918d0af573
2026-02-09T12:07:10Z,HeartKoom-3-,account.d8350d36ddd946e095c2ea454a362515
2026-02-09T12:07:10Z,S_pr1te,account.cf62db1393dc4c0a84a0681560b0aa76
2026-02-09T12:07:10Z,4AM-SUNL,account.fa80fb365368408399fcd71671871eee
2026-02-09T12:07:10Z,woheta-,account.49c3a73096494a1990327ff74002d13c
2026-02-09T12:07:10Z,LhuLting_,account.fe79549bb72d42309e186cf0460b4894
2026-02-09T12:07:10Z,PK-xinshou,account.7f6a698dca044391aed4cb3067ac7e21
2026-02-09T12:07:10Z,TI1YQ9R,account.f51b352733214645b771a8f8f84d6a58
2026-02-09T12:07:10Z,young_sik,account.d432fa3aa9834e8d99e3547e9f7a7833
2026-02-09T12:07:10Z,Changgecool,account.d9ddbbf8a2d24eedaa0f3748c4c7c976
2026-02-09T12:07:10Z,jjrkm3qvj5,account.0cd26688424d4889b8197f25db931c35
2026-02-09T12:07:10Z,TALENT-QY,account.c568a8df5a0f456897443861f96cda8a
2026-02-09T12:07:10Z,1777N,account.07d41aaa2b774e62ad64a05c5b32317b
2026-02-09T12:07:10Z,Dont-EEat,account.8a0979c567b746bfa0f389aaf175451b
2026-02-09T12:07:10Z,bborok-,account.32471ca63f2b43b8b363b78de125e301
2026-02-09T12:07:10Z,1cugr0xl,account.572e805e732443f5942c625e3efbfb91
2026-02-09T12:07:10Z,POGOD-ROY,account.58cc3aed1c484a7ab6834b983b12df6e
2026-02-09T12:07:10Z,Zamasuvll_,account.f74426d339b347d28f4aeac83aaa21a6
2026-02-09T12:07:10Z,DeviI_xX,account.16ffa753bfb049c59b575ed63175de31
2026-02-09T12:07:10Z,Bad-__-Girl,account.df768c0947694158bf4af20c41525213
2026-02-09T12:07:10Z,Genshinking-9527,account.60b67d93e8904e998440f6306cd7e738
2026-02-09T12:07:10Z,Young_123qwe,account.fc1782b3e7b64269adcd263a68ed295f
2026-02-09T12:07:10Z,noxchang,account.85c410d8866d49dc890364cca803e0b6
2026-02-09T12:07:10Z,4RNWEWP,account.2f5528f5638748c4824a26fef11645c0
2026-02-09T12:07:10Z,oCi6C8P,account.4cf8a905d179478a98d781bb1d58f087
2026-02-09T12:07:10Z,Endless-summer77,account.4b74767bf7e74677b62f9304f77959a2
2026-02-09T12:07:10Z,ix1ao7,account.3af476c26fb5424caac84b03da6b3ac6
2026-02-09T12:07:10Z,AH1663588,account.84d36a9d72cc4d86bae33ad22e8085ff
2026-02-09T12:07:10Z,K1ng-Sushi,account.75011b8d36624bba80cefd79ecdd8675
2026-02-09T12:07:10Z,Doosik_1107,account.47e1bf1d58d6478688b6105f4f0bd977
2026-02-09T12:07:10Z,Zhu_qqqq,account.c864049ad98d43e0a9530031571bcf73
2026-02-09T12:07:10Z,MinYi_-,account.aacab2a336ab424087e889a3b27fbb19
2026-02-09T12:07:10Z,xxBreeboo-xx,account.e8511555a7b54059934a9ab322fa33cd
2026-02-09T12:07:10Z,s6mck10onr,account.4ec185a9de164caa90e1493c9b52880e
2026-02-09T12:07:10Z,qiaoqioaiiii,account.d9ebbca2c15f4efdbd7594da6bb004ca
2026-02-09T12:07:10Z,yoon_aaaaaa,account.d0447b1fde684aa0b27a7d7c9fe34ec5
2026-02-09T12:07:10Z,7EWJJ7W,account.7fed8a0217134ac593a67d8aa2732156
2026-02-09T12:07:10Z,L1p-55555,account.b9182b54fe34485bbfb5c09f56398c75
2026-02-09T12:07:10Z,Ahri_Lori,account.54c797fdeca142988ff8594827ab7b7f
2026-02-09T12:07:10Z,keullemang-0-og,account.422163b5769047fca8b822f11abc35bb
2026-02-09T12:07:10Z,AF_1Monday,account.761d193bf747426cb90800ffc32e086b
2026-02-09T12:07:10Z,RJqingxing,account.86f129dca3d34476abcfcbf364477d1d
2026-02-09T12:07:10Z,MR-OI2BTnT,account.a109bb9cfb084489925da2ec74621441
2026-02-09T12:07:10Z,di99999999GG,account.b2dd1aa63ca24e6d9398a9a40d1a628d
2026-02-09T12:07:10Z,baozhaobiaoqing,account.b488b51cdb7f4eeab8b2930fc4b7ae20
2026-02-09T12:07:10Z,G_odog,account.58d1eef523fb472b9bc41b207280cd7e
2026-02-09T12:07:10Z,savethecarry3,account.47dce735dbf24b34ac966cee3eb7d667
2026-02-09T12:07:10Z,ssssseoseoeo,account.c4fe23633abc493d820f6d7ea919ac7b
2026-02-09T12:07:10Z,snq27v9g,account.ed8c0f8e4af64d6794f616411ee726f5
2026-02-09T12:02:17Z,BELLAUUU-888,account.38848054747648a5a4437d0511800954
2026-02-09T12:02:17Z,blacknickop,account.724782052dae4793b53c5fd48a96e0ee
2026-02-09T12:02:17Z,tae_wook_,account.c97475d87723475d93d927af311f54f0
2026-02-09T12:02:17Z,zunxo_,account.da0f8100c07144bea233b46b5d981a77
2026-02-09T12:02:17Z,QxQy_WeiRenMinFW,account.fb5ca112d6204c09a136da44a5b087a5
2026-02-09T12:02:17Z,Lyb_doc,account.0e4a09c662b44ca9875e5e9ce8df07e6
2026-02-09T12:02:17Z,D_G_9_8,account.509f64ce77314487b5b40ccd2107ea28
2026-02-09T12:02:17Z,7-Danaodai,account.c25457cf988e470cbb8b46668a8e0c29
2026-02-09T12:02:17Z,Hwan63,account.658f38d4b3ca47e7aa47ea386ad2ae17
2026-02-09T12:02:17Z,sojunakji,account.c7d3db95a3514f56bdd4ece05f335e9d
2026-02-09T12:02:17Z,5AM_KOKO,account.05580cdac88d41c5ab4d81cc81ae8ff2
2026-02-09T12:02:17Z,ThreeLungPark,account.b10ad050ada34e47b653f6499644a90e
2026-02-09T12:02:17Z,bbaagc,account.feb174e457564e86862edf24e7c55aff
2026-02-09T12:02:17Z,BuYaoAiwo-No1,account.2e63dfa7816448aab717467b7c585b9b
2026-02-09T12:02:17Z,WxzV587,account.4b6a00677cda4089ab0de9b5fe2e97a5
2026-02-09T12:02:17Z,7ouuuu,account.c4114d647c2e41b5be964bd8f820e306
2026-02-09T12:02:17Z,w2a6eqs,account.4d6941931bec49b0a864399b0e1a9776
2026-02-09T12:02:17Z,Doody-,account.1f80ca2ac5a243e08080c5bf04c2897c
2026-02-09T12:02:17Z,nannio_,account.499b5a42c96b474596913e3c43207b14
2026-02-09T12:02:17Z,SD-MMM,account.0a8f5c252c1a493bbeaa475940390377
2026-02-09T12:02:17Z,RASH-JJl8,account.3ce1e20daed549a5b1c9d9133f3bf18d
2026-02-09T12:02:17Z,ET693,account.e24f3af991b54e7e8b07884ac9c401c8
2026-02-09T12:02:17Z,glgldhgl,account.2f23ef9f33ce4e5999167cdd0403eaa5
2026-02-09T12:02:17Z,YGqtEiIu7ABLU,account.3ccac3a257444adc86bf5e6765a8a72e
2026-02-09T12:02:17Z,Rod_i,account.4e9609efdea142848a93ef896feac19c
2026-02-09T12:02:17Z,42O1,account.65badb3f162140bfb269429573cf47ec
2026-02-09T12:02:17Z,Sw1t_,account.f45729d5ab294ad6a5ea129d3b3211a4
2026-02-09T12:02:17Z,GlMlN,account.008072831f7a408d8ce60fc71006eadd
2026-02-09T12:02:17Z,Seunghyun0_0,account.e8363a8515a64504b200a589504092c8
2026-02-09T12:02:17Z,Zaijian-Pangmao,account.a766d9a07f2b4f22b3ed0c9a7bd50c48
2026-02-09T12:02:17Z,H_Gyeong_rye,account.fe24a898899c4b36bc01b2c718a74bd7
2026-02-09T12:02:17Z,HanTaobb,account.e96e6241275741b98db0df1c48d85b73
2026-02-09T12:02:17Z,Vsuofayu,account.9dbf63252a28428aa8985ab1d05018ae
2026-02-09T12:02:17Z,AY-XG,account.d03c28c950e447b39e12b51dd789418d
2026-02-09T12:02:17Z,wan4653,account.0d987bd0101046cd8d821fca8582e12d
2026-02-09T12:02:17Z,jookjeonhotguy,account.5a4e1cfe275c45918602eecbaa4f0c01
2026-02-09T12:02:17Z,elevenandu11,account.5758cf8b458e466b9fb2972755eaead5
2026-02-09T12:02:17Z,Gyujeong-_-,account.6643fdb4739248ec96cfb39071835d4f
2026-02-09T12:02:17Z,Pola_t_t,account.56c5b39d916f482fb2c804de640704b3
2026-02-09T12:02:17Z,HanBaoW___,account.9c67844f214047bba42d5c1d372f9c44
2026-02-09T12:02:17Z,Devie-_,account.e28078c0faf54200a9ed066c9c46bf75
2026-02-09T12:02:17Z,Qingzhibu97,account.9981a80adc3547bd91eaac00d2023823
2026-02-09T12:02:17Z,ZZOLBO___,account.23769d4a2987400d9ed61af7475551b6
2026-02-09T12:02:17Z,pyeong-su,account.988e858bc45345298b88a3d793ed3b6d
2026-02-09T12:02:17Z,NikolaKovacNIKO,account.eac029bacf0a42d29a3ad871e685a921
2026-02-09T12:02:17Z,AyuXL,account.094f41b276c2486783078ef9f8dbf553
2026-02-09T12:02:17Z,xueda1_8,account.eedead874f484091b144c3f1ce122aeb
2026-02-09T12:02:17Z,WoDeBuDaoWeng,account.cb681fa692f144bf9c813aa94e3b0a96
2026-02-09T12:02:17Z,LoveIsooooooover,account.ee39ea7729834616acee76f2cda26bf8
2026-02-09T12:02:17Z,NUBJIMA,account.bdd532c5e3c5417d97242bd3f9a63f18
